slice_file,color_hex,blob_count,perimeter_px,perimeter_um,slice_area_um2,slice_thickness_um
z_0001_229.000000.png,#780dd6,1,71.698485,1.558663,0.070140,0.045000
z_0001_229.000000.png,#8695bd,1,328.048773,7.131495,0.320917,0.045000
z_0001_229.000000.png,#f79d79,2,368.232539,8.005055,0.360227,0.045000
z_0001_229.000000.png,#ffb0ba,1,314.333044,6.833327,0.307500,0.045000
z_0002_230.010067.png,#780dd6,1,74.526912,1.620150,0.072907,0.045000
z_0002_230.010067.png,#8695bd,1,332.391919,7.225911,0.325166,0.045000
z_0002_230.010067.png,#f79d79,2,356.333044,7.746371,0.348587,0.045000
z_0002_230.010067.png,#ffb0ba,1,323.989899,7.043259,0.316947,0.045000
z_0003_231.020134.png,#780dd6,1,78.526912,1.707107,0.076820,0.045000
z_0003_231.020134.png,#8695bd,1,342.048773,7.435843,0.334613,0.045000
z_0003_231.020134.png,#f79d79,2,341.019336,7.413464,0.333606,0.045000
z_0003_231.020134.png,#ffb0ba,1,327.019336,7.109116,0.319910,0.045000
z_0004_232.030201.png,#780dd6,1,82.769553,1.799338,0.080970,0.045000
z_0004_232.030201.png,#8695bd,2,355.119841,7.719997,0.347400,0.045000
z_0004_232.030201.png,#a3afd4,2,282.066017,6.131870,0.275934,0.045000
z_0004_232.030201.png,#f79d79,2,322.291414,7.006335,0.315285,0.045000
z_0004_232.030201.png,#ffb0ba,1,338.090404,7.349791,0.330741,0.045000
z_0005_233.040268.png,#780dd6,1,87.254834,1.896844,0.085358,0.045000
z_0005_233.040268.png,#8695bd,1,344.291414,7.484596,0.336807,0.045000
z_0005_233.040268.png,#a3afd4,2,232.651804,5.057648,0.227594,0.045000
z_0005_233.040268.png,#f79d79,2,304.735065,6.624675,0.298110,0.045000
z_0005_233.040268.png,#ffb0ba,1,350.918831,7.628670,0.343290,0.045000
z_0006_234.050336.png,#780dd6,1,88.183766,1.917038,0.086267,0.045000
z_0006_234.050336.png,#8695bd,1,349.362482,7.594837,0.341768,0.045000
z_0006_234.050336.png,#a3afd4,1,239.965512,5.216642,0.234749,0.045000
z_0006_234.050336.png,#f79d79,3,289.421356,6.291769,0.283130,0.045000
z_0006_234.050336.png,#ffb0ba,1,361.847763,7.866256,0.353982,0.045000
z_0007_235.060403.png,#780dd6,1,88.183766,1.917038,0.086267,0.045000
z_0007_235.060403.png,#8695bd,1,350.333044,7.615936,0.342717,0.045000
z_0007_235.060403.png,#a3afd4,1,252.409163,5.487156,0.246922,0.045000
z_0007_235.060403.png,#f79d79,3,177.338095,3.855176,0.173483,0.045000
z_0007_235.060403.png,#ffb0ba,1,384.575685,8.360341,0.376215,0.045000
z_0008_236.070470.png,#780dd6,1,97.840620,2.126970,0.095714,0.045000
z_0008_236.070470.png,#8695bd,1,346.333044,7.528979,0.338804,0.045000
z_0008_236.070470.png,#a3afd4,1,269.722871,5.863541,0.263859,0.045000
z_0008_236.070470.png,#f79d79,1,144.953319,3.151159,0.141802,0.045000
z_0008_236.070470.png,#ffb0ba,1,404.475180,8.792939,0.395682,0.045000
z_0009_237.080537.png,#780dd6,1,95.012193,2.065482,0.092947,0.045000
z_0009_237.080537.png,#8695bd,1,341.847763,7.431473,0.334416,0.045000
z_0009_237.080537.png,#a3afd4,1,259.722871,5.646149,0.254077,0.045000
z_0009_237.080537.png,#f79d79,1,144.367532,3.138425,0.141229,0.045000
z_0009_237.080537.png,#ffb0ba,1,413.889394,8.997596,0.404892,0.045000
z_0010_238.090604.png,#780dd6,1,96.083261,2.088767,0.093994,0.045000
z_0010_238.090604.png,#8695bd,1,336.676190,7.319048,0.329357,0.045000
z_0010_238.090604.png,#a3afd4,1,242.651804,5.275039,0.237377,0.045000
z_0010_238.090604.png,#f79d79,1,147.681241,3.210462,0.144471,0.045000
z_0010_238.090604.png,#ffb0ba,1,426.031529,9.261555,0.416770,0.045000
z_0011_239.100671.png,#780dd6,1,93.597980,2.034739,0.091563,0.045000
z_0011_239.100671.png,#8695bd,1,332.433550,7.226816,0.325207,0.045000
z_0011_239.100671.png,#a3afd4,1,243.137085,5.285589,0.237851,0.045000
z_0011_239.100671.png,#f79d79,1,150.267027,3.266675,0.147000,0.045000
z_0011_239.100671.png,#ffb0ba,2,451.487373,9.814943,0.441672,0.045000
z_0012_240.110738.png,#780dd6,1,96.426407,2.096226,0.094330,0.045000
z_0012_240.110738.png,#8695bd,1,321.563492,6.990511,0.314573,0.045000
z_0012_240.110738.png,#a3afd4,1,233.279221,5.071287,0.228208,0.045000
z_0012_240.110738.png,#f79d79,1,149.438600,3.248665,0.146190,0.045000
z_0012_240.110738.png,#ffb0ba,3,474.457936,10.314303,0.464144,0.045000
z_0013_241.120805.png,#780dd6,1,100.325902,2.180998,0.098145,0.045000
z_0013_241.120805.png,#8695bd,1,316.391919,6.878085,0.309514,0.045000
z_0013_241.120805.png,#a3afd4,1,229.379726,4.986516,0.224393,0.045000
z_0013_241.120805.png,#f79d79,1,149.923882,3.259215,0.146665,0.045000
z_0013_241.120805.png,#ffb0ba,2,492.357431,10.703422,0.481654,0.045000
z_0014_242.130872.png,#780dd6,1,102.568542,2.229751,0.100339,0.045000
z_0014_242.130872.png,#8695bd,1,310.391919,6.747650,0.303644,0.045000
z_0014_242.130872.png,#a3afd4,1,220.651804,4.796778,0.215855,0.045000
z_0014_242.130872.png,#f79d79,1,150.852814,3.279409,0.147573,0.045000
z_0014_242.130872.png,#ffb0ba,2,481.872150,10.475482,0.471397,0.045000
z_0015_243.140940.png,#780dd6,1,101.982756,2.217016,0.099766,0.045000
z_0015_243.140940.png,#8695bd,1,307.220346,6.678703,0.300542,0.045000
z_0015_243.140940.png,#961a3f,1,201.923882,4.389650,0.197534,0.045000
z_0015_243.140940.png,#a3afd4,1,216.551299,4.707637,0.211844,0.045000
z_0015_243.140940.png,#f79d79,1,153.781746,3.343081,0.150439,0.045000
z_0015_243.140940.png,#ffb0ba,2,479.872150,10.432003,0.469440,0.045000
z_0016_244.151007.png,#780dd6,1,102.568542,2.229751,0.100339,0.045000
z_0016_244.151007.png,#8695bd,1,303.220346,6.591747,0.296629,0.045000
z_0016_244.151007.png,#961a3f,1,202.509668,4.402384,0.198107,0.045000
z_0016_244.151007.png,#a3afd4,1,206.752309,4.494615,0.202258,0.045000
z_0016_244.151007.png,#f79d79,1,147.296465,3.202097,0.144094,0.045000
z_0016_244.151007.png,#ffb0ba,2,463.002092,10.065263,0.452937,0.045000
z_0017_245.161074.png,#780dd6,1,105.396970,2.291238,0.103106,0.045000
z_0017_245.161074.png,#8695bd,1,305.563492,6.642685,0.298921,0.045000
z_0017_245.161074.png,#961a3f,1,194.509668,4.228471,0.190281,0.045000
z_0017_245.161074.png,#a3afd4,1,194.024387,4.217921,0.189806,0.045000
z_0017_245.161074.png,#f79d79,1,147.053824,3.196822,0.143857,0.045000
z_0017_245.161074.png,#ffb0ba,2,467.345238,10.159679,0.457186,0.045000
z_0018_246.171141.png,#780dd6,1,104.568542,2.273229,0.102295,0.045000
z_0018_246.171141.png,#8695bd,1,297.320851,6.463497,0.290857,0.045000
z_0018_246.171141.png,#961a3f,1,192.852814,4.192452,0.188660,0.045000
z_0018_246.171141.png,#a3afd4,1,188.367532,4.094946,0.184273,0.045000
z_0018_246.171141.png,#f79d79,1,145.154329,3.155529,0.141999,0.045000
z_0018_246.171141.png,#ffb0ba,2,474.374675,10.312493,0.464062,0.045000
z_0019_247.181208.png,#780dd6,2,127.982756,2.782234,0.125201,0.045000
z_0019_247.181208.png,#8695bd,1,287.421356,6.248290,0.281173,0.045000
z_0019_247.181208.png,#961a3f,1,178.710678,3.885015,0.174826,0.045000
z_0019_247.181208.png,#a3afd4,1,183.438600,3.987796,0.179451,0.045000
z_0019_247.181208.png,#f79d79,1,148.811183,3.235026,0.145576,0.045000
z_0019_247.181208.png,#ffb0ba,2,462.031529,10.044164,0.451987,0.045000
z_0020_248.191275.png,#780dd6,1,115.396970,2.508630,0.112888,0.045000
z_0020_248.191275.png,#8695bd,1,288.977705,6.282124,0.282696,0.045000
z_0020_248.191275.png,#961a3f,1,172.811183,3.756765,0.169054,0.045000
z_0020_248.191275.png,#a3afd4,1,170.124892,3.698367,0.166427,0.045000
z_0020_248.191275.png,#f79d79,1,138.953319,3.020724,0.135933,0.045000
z_0020_248.191275.png,#ffb0ba,2,455.931024,9.911544,0.446019,0.045000
z_0021_249.201342.png,#780dd6,1,117.539105,2.555198,0.114984,0.045000
z_0021_249.201342.png,#8695bd,1,286.634560,6.231186,0.280403,0.045000
z_0021_249.201342.png,#961a3f,2,207.923882,4.520084,0.203404,0.045000
z_0021_249.201342.png,#a3afd4,1,166.710678,3.624145,0.163087,0.045000
z_0021_249.201342.png,#f79d79,1,129.296465,2.810793,0.126486,0.045000
z_0021_249.201342.png,#ffb0ba,2,487.144228,10.590092,0.476554,0.045000
z_0022_250.211409.png,#780dd6,1,117.882251,2.562658,0.115320,0.045000
z_0022_250.211409.png,#8695bd,1,293.462987,6.379630,0.287083,0.045000
z_0022_250.211409.png,#961a3f,1,209.681241,4.558288,0.205123,0.045000
z_0022_250.211409.png,#a3afd4,1,175.923882,3.824432,0.172099,0.045000
z_0022_250.211409.png,#f79d79,1,125.639610,2.731296,0.122908,0.045000
z_0022_250.211409.png,#ffb0ba,2,514.457936,11.183868,0.503274,0.045000
z_0023_251.221477.png,#780dd6,1,119.053824,2.588127,0.116466,0.045000
z_0023_251.221477.png,#8695bd,1,294.391919,6.399824,0.287992,0.045000
z_0023_251.221477.png,#961a3f,1,186.710678,4.058928,0.182652,0.045000
z_0023_251.221477.png,#a3afd4,1,201.480231,4.380005,0.197100,0.045000
z_0023_251.221477.png,#f79d79,1,125.053824,2.718561,0.122335,0.045000
z_0023_251.221477.png,#ffb0ba,2,497.629509,10.818033,0.486811,0.045000
z_0024_252.231544.png,#780dd6,1,125.053824,2.718561,0.122335,0.045000
z_0024_252.231544.png,#8695bd,1,297.806133,6.474046,0.291332,0.045000
z_0024_252.231544.png,#961a3f,1,177.882251,3.867005,0.174015,0.045000
z_0024_252.231544.png,#a3afd4,1,180.166522,3.916664,0.176250,0.045000
z_0024_252.231544.png,#f79d79,1,121.982756,2.651799,0.119331,0.045000
z_0024_252.231544.png,#ffb0ba,2,500.315801,10.876430,0.489439,0.045000
z_0025_253.241611.png,#780dd6,1,124.468037,2.705827,0.121762,0.045000
z_0025_253.241611.png,#8695bd,1,298.391919,6.486781,0.291905,0.045000
z_0025_253.241611.png,#961a3f,1,171.154329,3.720746,0.167434,0.045000
z_0025_253.241611.png,#a3afd4,2,213.965512,4.651424,0.209314,0.045000
z_0025_253.241611.png,#f79d79,1,116.811183,2.539374,0.114272,0.045000
z_0025_253.241611.png,#ffb0ba,2,473.244733,10.287929,0.462957,0.045000
z_0026_254.251678.png,#780dd6,1,118.225397,2.570117,0.115655,0.045000
z_0026_254.251678.png,#8695bd,1,302.048773,6.566278,0.295482,0.045000
z_0026_254.251678.png,#961a3f,2,189.681241,4.123505,0.185558,0.045000
z_0026_254.251678.png,#a3afd4,1,232.450793,5.053278,0.227398,0.045000
z_0026_254.251678.png,#f79d79,1,114.811183,2.495895,0.112315,0.045000
z_0026_254.251678.png,#ffb0ba,2,445.102597,9.676143,0.435426,0.045000
z_0027_255.261745.png,#74ff8a,2,121.396970,2.639065,0.118758,0.045000
z_0027_255.261745.png,#780dd6,1,112.325902,2.441867,0.109884,0.045000
z_0027_255.261745.png,#8695bd,1,311.220346,6.765660,0.304455,0.045000
z_0027_255.261745.png,#961a3f,1,173.923882,3.780954,0.170143,0.045000
z_0027_255.261745.png,#a3afd4,1,232.350288,5.051093,0.227299,0.045000
z_0027_255.261745.png,#f79d79,1,113.639610,2.470426,0.111169,0.045000
z_0027_255.261745.png,#ffb0ba,2,433.688384,9.428008,0.424260,0.045000
z_0028_256.271812.png,#74ff8a,2,121.396970,2.639065,0.118758,0.045000
z_0028_256.271812.png,#780dd6,1,112.325902,2.441867,0.109884,0.045000
z_0028_256.271812.png,#8695bd,1,311.220346,6.765660,0.304455,0.045000
z_0028_256.271812.png,#961a3f,1,173.923882,3.780954,0.170143,0.045000
z_0028_256.271812.png,#a3afd4,1,232.350288,5.051093,0.227299,0.045000
z_0028_256.271812.png,#f79d79,1,113.639610,2.470426,0.111169,0.045000
z_0028_256.271812.png,#ffb0ba,2,433.688384,9.428008,0.424260,0.045000
z_0029_257.281879.png,#74ff8a,2,180.468037,3.923218,0.176545,0.045000
z_0029_257.281879.png,#780dd6,1,116.568542,2.534099,0.114034,0.045000
z_0029_257.281879.png,#8695bd,1,325.320851,7.072192,0.318249,0.045000
z_0029_257.281879.png,#961a3f,1,234.793939,5.104216,0.229690,0.045000
z_0029_257.281879.png,#a3afd4,1,258.007143,5.608851,0.252398,0.045000
z_0029_257.281879.png,#f79d79,1,108.225397,2.352726,0.105873,0.045000
z_0029_257.281879.png,#ffb0ba,2,388.190909,8.438933,0.379752,0.045000
z_0030_258.291946.png,#74ff8a,2,208.610173,4.535004,0.204075,0.045000
z_0030_258.291946.png,#780dd6,1,119.396970,2.595586,0.116801,0.045000
z_0030_258.291946.png,#8695bd,1,333.906638,7.258840,0.326648,0.045000
z_0030_258.291946.png,#961a3f,1,237.137085,5.155154,0.231982,0.045000
z_0030_258.291946.png,#a3afd4,2,250.107648,5.437123,0.244671,0.045000
z_0030_258.291946.png,#f79d79,1,106.568542,2.316707,0.104252,0.045000
z_0030_258.291946.png,#ffb0ba,2,382.776695,8.321233,0.374455,0.045000
z_0031_259.302013.png,#74ff8a,2,235.823376,5.126595,0.230697,0.045000
z_0031_259.302013.png,#780dd6,1,119.396970,2.595586,0.116801,0.045000
z_0031_259.302013.png,#8695bd,1,337.563492,7.338337,0.330225,0.045000
z_0031_259.302013.png,#961a3f,1,239.379726,5.203907,0.234176,0.045000
z_0031_259.302013.png,#a3afd4,2,242.551299,5.272854,0.237278,0.045000
z_0031_259.302013.png,#f79d79,1,106.911688,2.324167,0.104588,0.045000
z_0031_259.302013.png,#ffb0ba,2,377.605122,8.208807,0.369396,0.045000
z_0032_260.312081.png,#74ff8a,2,244.166522,5.307968,0.238859,0.045000
z_0032_260.312081.png,#780dd6,1,122.225397,2.657074,0.119568,0.045000
z_0032_260.312081.png,#806a16,1,70.769553,1.538469,0.069231,0.045000
z_0032_260.312081.png,#8695bd,1,334.391919,7.269390,0.327123,0.045000
z_0032_260.312081.png,#961a3f,1,251.722871,5.472236,0.246251,0.045000
z_0032_260.312081.png,#a3afd4,1,190.610173,4.143699,0.186466,0.045000
z_0032_260.312081.png,#f79d79,1,106.568542,2.316707,0.104252,0.045000
z_0032_260.312081.png,#ffb0ba,2,372.534055,8.098566,0.364435,0.045000
z_0033_261.322148.png,#74ff8a,2,252.651804,5.492431,0.247159,0.045000
z_0033_261.322148.png,#780dd6,1,125.639610,2.731296,0.122908,0.045000
z_0033_261.322148.png,#806a16,1,81.597980,1.773869,0.079824,0.045000
z_0033_261.322148.png,#8695bd,1,351.462987,7.640500,0.343822,0.045000
z_0033_261.322148.png,#961a3f,1,239.237590,5.200817,0.234037,0.045000
z_0033_261.322148.png,#a3afd4,1,189.438600,4.118230,0.185320,0.045000
z_0033_261.322148.png,#f79d79,1,106.811183,2.321982,0.104489,0.045000
z_0033_261.322148.png,#ffb0ba,2,371.948268,8.085832,0.363862,0.045000
z_0034_262.332215.png,#74ff8a,2,260.066017,5.653609,0.254412,0.045000
z_0034_262.332215.png,#780dd6,1,124.568542,2.708012,0.121861,0.045000
z_0034_262.332215.png,#806a16,1,105.053824,2.283779,0.102770,0.045000
z_0034_262.332215.png,#8695bd,1,347.119841,7.546084,0.339574,0.045000
z_0034_262.332215.png,#961a3f,1,239.379726,5.203907,0.234176,0.045000
z_0034_262.332215.png,#a3afd4,1,182.367532,3.964512,0.178403,0.045000
z_0034_262.332215.png,#f79d79,1,106.568542,2.316707,0.104252,0.045000
z_0034_262.332215.png,#ffb0ba,1,287.078210,6.240831,0.280837,0.045000
z_0035_263.342282.png,#74ff8a,2,269.722871,5.863541,0.263859,0.045000
z_0035_263.342282.png,#780dd6,1,123.740115,2.690003,0.121050,0.045000
z_0035_263.342282.png,#806a16,1,122.710678,2.667623,0.120043,0.045000
z_0035_263.342282.png,#8695bd,1,329.462987,7.162239,0.322301,0.045000
z_0035_263.342282.png,#961a3f,1,227.622366,4.948312,0.222674,0.045000
z_0035_263.342282.png,#a3afd4,2,191.781746,4.169168,0.187613,0.045000
z_0035_263.342282.png,#f79d79,1,106.225397,2.309248,0.103916,0.045000
z_0035_263.342282.png,#ffb0ba,1,272.936075,5.933393,0.267003,0.045000
z_0036_264.352349.png,#74ff8a,2,288.208153,6.265395,0.281943,0.045000
z_0036_264.352349.png,#780dd6,1,125.740115,2.733481,0.123007,0.045000
z_0036_264.352349.png,#806a16,1,138.710678,3.015450,0.135695,0.045000
z_0036_264.352349.png,#8695bd,1,323.362482,7.029619,0.316333,0.045000
z_0036_264.352349.png,#961a3f,1,228.450793,4.966322,0.223484,0.045000
z_0036_264.352349.png,#a3afd4,2,207.480231,4.510440,0.202970,0.045000
z_0036_264.352349.png,#f79d79,1,106.710678,2.319797,0.104391,0.045000
z_0036_264.352349.png,#ffb0ba,1,266.693434,5.797683,0.260896,0.045000
z_0037_265.362416.png,#2b8f76,2,85.497475,1.858641,0.083639,0.045000
z_0037_265.362416.png,#74ff8a,1,306.693434,6.667249,0.300026,0.045000
z_0037_265.362416.png,#780dd6,1,127.982756,2.782234,0.125201,0.045000
z_0037_265.362416.png,#806a16,1,150.710678,3.276319,0.147434,0.045000
z_0037_265.362416.png,#8695bd,1,323.462987,7.031804,0.316431,0.045000
z_0037_265.362416.png,#961a3f,1,226.208153,4.917569,0.221291,0.045000
z_0037_265.362416.png,#a3afd4,2,211.338095,4.594306,0.206744,0.045000
z_0037_265.362416.png,#f79d79,1,110.225397,2.396204,0.107829,0.045000
z_0037_265.362416.png,#ffb0ba,1,266.693434,5.797683,0.260896,0.045000
z_0038_266.372483.png,#2b8f76,1,128.124892,2.785324,0.125340,0.045000
z_0038_266.372483.png,#74ff8a,1,304.107648,6.611036,0.297497,0.045000
z_0038_266.372483.png,#780dd6,1,124.811183,2.713287,0.122098,0.045000
z_0038_266.372483.png,#806a16,2,164.124892,3.567932,0.160557,0.045000
z_0038_266.372483.png,#8695bd,1,316.391919,6.878085,0.309514,0.045000
z_0038_266.372483.png,#961a3f,2,198.894444,4.323792,0.194571,0.045000
z_0038_266.372483.png,#a3afd4,1,209.338095,4.550828,0.204787,0.045000
z_0038_266.372483.png,#f79d79,1,113.396970,2.465152,0.110932,0.045000
z_0038_266.372483.png,#ffb0ba,1,264.450793,5.748930,0.258702,0.045000
z_0039_267.382550.png,#2b8f76,1,147.539105,3.207372,0.144332,0.045000
z_0039_267.382550.png,#74ff8a,1,302.350288,6.572832,0.295777,0.045000
z_0039_267.382550.png,#780dd6,1,123.882251,2.693092,0.121189,0.045000
z_0039_267.382550.png,#806a16,1,196.610173,4.274134,0.192336,0.045000
z_0039_267.382550.png,#8695bd,2,344.534055,7.489871,0.337044,0.045000
z_0039_267.382550.png,#961a3f,1,108.225397,2.352726,0.105873,0.045000
z_0039_267.382550.png,#a3afd4,1,204.509668,4.445862,0.200064,0.045000
z_0039_267.382550.png,#f79d79,1,119.740115,2.603046,0.117137,0.045000
z_0039_267.382550.png,#ffb0ba,1,262.107648,5.697992,0.256410,0.045000
z_0040_268.392617.png,#2b8f76,1,147.539105,3.207372,0.144332,0.045000
z_0040_268.392617.png,#74ff8a,1,302.350288,6.572832,0.295777,0.045000
z_0040_268.392617.png,#780dd6,1,123.882251,2.693092,0.121189,0.045000
z_0040_268.392617.png,#806a16,1,196.610173,4.274134,0.192336,0.045000
z_0040_268.392617.png,#8695bd,2,344.534055,7.489871,0.337044,0.045000
z_0040_268.392617.png,#961a3f,1,108.225397,2.352726,0.105873,0.045000
z_0040_268.392617.png,#a3afd4,1,204.509668,4.445862,0.200064,0.045000
z_0040_268.392617.png,#f79d79,1,119.740115,2.603046,0.117137,0.045000
z_0040_268.392617.png,#ffb0ba,1,262.107648,5.697992,0.256410,0.045000
z_0041_269.402685.png,#2b8f76,1,148.710678,3.232841,0.145478,0.045000
z_0041_269.402685.png,#74ff8a,1,298.107648,6.480601,0.291627,0.045000
z_0041_269.402685.png,#780dd6,1,121.396970,2.639065,0.118758,0.045000
z_0041_269.402685.png,#806a16,1,206.166522,4.481881,0.201685,0.045000
z_0041_269.402685.png,#8695bd,2,351.705627,7.645775,0.344060,0.045000
z_0041_269.402685.png,#961a3f,1,107.154329,2.329442,0.104825,0.045000
z_0041_269.402685.png,#a3afd4,1,204.267027,4.440588,0.199826,0.045000
z_0041_269.402685.png,#f79d79,1,122.568542,2.664534,0.119904,0.045000
z_0041_269.402685.png,#ffb0ba,1,262.450793,5.705452,0.256745,0.045000
z_0042_270.412752.png,#2b8f76,1,149.781746,3.256125,0.146526,0.045000
z_0042_270.412752.png,#74ff8a,1,295.764502,6.429663,0.289335,0.045000
z_0042_270.412752.png,#780dd6,1,126.468037,2.749305,0.123719,0.045000
z_0042_270.412752.png,#8695bd,2,355.605122,7.730546,0.347875,0.045000
z_0042_270.412752.png,#961a3f,1,104.911688,2.280689,0.102631,0.045000
z_0042_270.412752.png,#a3afd4,1,199.781746,4.343081,0.195439,0.045000
z_0042_270.412752.png,#f79d79,1,125.396970,2.726021,0.122671,0.045000
z_0042_270.412752.png,#ffb0ba,1,262.693434,5.710727,0.256983,0.045000
z_0043_271.422819.png,#2b8f76,1,154.953319,3.368550,0.151585,0.045000
z_0043_271.422819.png,#74ff8a,1,296.249783,6.440213,0.289810,0.045000
z_0043_271.422819.png,#780dd6,1,123.639610,2.687818,0.120952,0.045000
z_0043_271.422819.png,#8695bd,2,353.705627,7.689253,0.346016,0.045000
z_0043_271.422819.png,#961a3f,1,103.840620,2.257405,0.101583,0.045000
z_0043_271.422819.png,#a3afd4,1,203.681241,4.427853,0.199253,0.045000
z_0043_271.422819.png,#f79d79,1,126.710678,2.754580,0.123956,0.045000
z_0043_271.422819.png,#ffb0ba,1,255.622366,5.557008,0.250065,0.045000
z_0044_272.432886.png,#2b8f76,1,158.610173,3.448047,0.155162,0.045000
z_0044_272.432886.png,#74ff8a,1,254.107648,5.524079,0.248584,0.045000
z_0044_272.432886.png,#780dd6,1,123.639610,2.687818,0.120952,0.045000
z_0044_272.432886.png,#8695bd,3,364.433550,7.922468,0.356511,0.045000
z_0044_272.432886.png,#961a3f,1,107.497475,2.336902,0.105161,0.045000
z_0044_272.432886.png,#a3afd4,1,200.852814,4.366366,0.196486,0.045000
z_0044_272.432886.png,#f79d79,1,130.367532,2.834077,0.127533,0.045000
z_0044_272.432886.png,#ffb0ba,1,250.793939,5.452042,0.245342,0.045000
z_0045_273.442953.png,#2b8f76,1,160.610173,3.491526,0.157119,0.045000
z_0045_273.442953.png,#74ff8a,1,252.936075,5.498610,0.247437,0.045000
z_0045_273.442953.png,#780dd6,1,122.225397,2.657074,0.119568,0.045000
z_0045_273.442953.png,#8695bd,3,354.918831,7.715627,0.347203,0.045000
z_0045_273.442953.png,#961a3f,1,115.639610,2.513905,0.113126,0.045000
z_0045_273.442953.png,#a3afd4,1,195.781746,4.256125,0.191526,0.045000
z_0045_273.442953.png,#f79d79,1,131.053824,2.848996,0.128205,0.045000
z_0045_273.442953.png,#ffb0ba,1,252.450793,5.488061,0.246963,0.045000
z_0046_274.453020.png,#2b8f76,1,164.267027,3.571022,0.160696,0.045000
z_0046_274.453020.png,#74ff8a,2,330.534055,7.185523,0.323349,0.045000
z_0046_274.453020.png,#780dd6,1,117.396970,2.552108,0.114845,0.045000
z_0046_274.453020.png,#8695bd,2,343.119841,7.459127,0.335661,0.045000
z_0046_274.453020.png,#961a3f,1,138.710678,3.015450,0.135695,0.045000
z_0046_274.453020.png,#a3afd4,1,187.095454,4.067292,0.183028,0.045000
z_0046_274.453020.png,#f79d79,1,171.580736,3.730016,0.167851,0.045000
z_0046_274.453020.png,#ffb0ba,1,253.722871,5.515715,0.248207,0.045000
z_0047_275.463087.png,#2b8f76,1,169.923882,3.693997,0.166230,0.045000
z_0047_275.463087.png,#74ff8a,2,364.475180,7.923373,0.356552,0.045000
z_0047_275.463087.png,#780dd6,1,112.568542,2.447142,0.110121,0.045000
z_0047_275.463087.png,#8695bd,2,344.634560,7.492056,0.337143,0.045000
z_0047_275.463087.png,#93a0c7,1,2.828427,0.061488,0.002767,0.045000
z_0047_275.463087.png,#961a3f,1,148.610173,3.230656,0.145380,0.045000
z_0047_275.463087.png,#a3afd4,1,178.994949,3.891195,0.175104,0.045000
z_0047_275.463087.png,#f79d79,1,163.923882,3.563563,0.160360,0.045000
z_0047_275.463087.png,#ffb0ba,4,399.261977,8.679608,0.390582,0.045000
z_0048_276.473154.png,#2b8f76,1,168.509668,3.663254,0.164846,0.045000
z_0048_276.473154.png,#74ff8a,2,366.374675,7.964667,0.358410,0.045000
z_0048_276.473154.png,#780dd6,1,113.154329,2.459877,0.110694,0.045000
z_0048_276.473154.png,#8695bd,2,345.220346,7.504790,0.337716,0.045000
z_0048_276.473154.png,#93a0c7,1,2.828427,0.061488,0.002767,0.045000
z_0048_276.473154.png,#961a3f,1,149.195959,3.243390,0.145953,0.045000
z_0048_276.473154.png,#a3afd4,1,178.994949,3.891195,0.175104,0.045000
z_0048_276.473154.png,#f79d79,1,163.338095,3.550828,0.159787,0.045000
z_0048_276.473154.png,#ffb0ba,4,400.333044,8.702892,0.391630,0.045000
z_0049_277.483221.png,#2b8f76,1,175.237590,3.809513,0.171428,0.045000
z_0049_277.483221.png,#74ff8a,3,452.215295,9.830767,0.442385,0.045000
z_0049_277.483221.png,#780dd6,1,107.740115,2.342176,0.105398,0.045000
z_0049_277.483221.png,#8695bd,2,364.433550,7.922468,0.356511,0.045000
z_0049_277.483221.png,#961a3f,2,160.852814,3.496800,0.157356,0.045000
z_0049_277.483221.png,#a3afd4,1,210.208153,4.569742,0.205638,0.045000
z_0049_277.483221.png,#f79d79,2,174.994949,3.804238,0.171191,0.045000
z_0049_277.483221.png,#ffb0ba,4,528.801082,11.495676,0.517305,0.045000
z_0050_278.493289.png,#2b8f76,1,181.823376,3.952682,0.177871,0.045000
z_0050_278.493289.png,#74ff8a,2,512.700577,11.145665,0.501555,0.045000
z_0050_278.493289.png,#780dd6,1,106.325902,2.311433,0.104014,0.045000
z_0050_278.493289.png,#8695bd,2,372.918831,8.106931,0.364812,0.045000
z_0050_278.493289.png,#961a3f,2,167.195959,3.634695,0.163561,0.045000
z_0050_278.493289.png,#a3afd4,1,212.208153,4.613221,0.207595,0.045000
z_0050_278.493289.png,#f79d79,2,185.480231,4.032179,0.181448,0.045000
z_0050_278.493289.png,#ffb0ba,4,569.771645,12.386340,0.557385,0.045000
z_0051_279.503356.png,#2b8f76,1,185.823376,4.039639,0.181784,0.045000
z_0051_279.503356.png,#74ff8a,3,603.813275,13.126376,0.590687,0.045000
z_0051_279.503356.png,#780dd6,1,104.911688,2.280689,0.102631,0.045000
z_0051_279.503356.png,#8695bd,2,377.261977,8.201347,0.369061,0.045000
z_0051_279.503356.png,#961a3f,1,148.124892,3.220106,0.144905,0.045000
z_0051_279.503356.png,#a3afd4,1,211.865007,4.605761,0.207259,0.045000
z_0051_279.503356.png,#f79d79,1,126.367532,2.747120,0.123620,0.045000
z_0051_279.503356.png,#ffb0ba,3,605.227489,13.157119,0.592070,0.045000
z_0052_280.513423.png,#2b8f76,1,186.166522,4.047098,0.182119,0.045000
z_0052_280.513423.png,#74ff8a,3,658.097546,14.306468,0.643791,0.045000
z_0052_280.513423.png,#780dd6,1,104.568542,2.273229,0.102295,0.045000
z_0052_280.513423.png,#8695bd,2,383.060967,8.327412,0.374734,0.045000
z_0052_280.513423.png,#961a3f,1,159.438600,3.466057,0.155973,0.045000
z_0052_280.513423.png,#a3afd4,1,211.865007,4.605761,0.207259,0.045000
z_0052_280.513423.png,#f79d79,1,130.953319,2.846811,0.128107,0.045000
z_0052_280.513423.png,#ffb0ba,3,632.541197,13.750896,0.618790,0.045000
z_0053_281.523490.png,#2b8f76,1,190.752309,4.146789,0.186606,0.045000
z_0053_281.523490.png,#74ff8a,4,729.695526,15.862946,0.713833,0.045000
z_0053_281.523490.png,#780dd6,1,101.982756,2.217016,0.099766,0.045000
z_0053_281.523490.png,#8695bd,2,414.374675,9.008145,0.405367,0.045000
z_0053_281.523490.png,#961a3f,1,175.338095,3.811698,0.171526,0.045000
z_0053_281.523490.png,#a3afd4,1,203.622366,4.426573,0.199196,0.045000
z_0053_281.523490.png,#f79d79,2,171.338095,3.724741,0.167613,0.045000
z_0053_281.523490.png,#ffb0ba,5,711.269119,15.462372,0.695807,0.045000
z_0054_282.533557.png,#2b8f76,1,193.580736,4.208277,0.189372,0.045000
z_0054_282.533557.png,#74ff8a,4,862.163564,18.742686,0.843421,0.045000
z_0054_282.533557.png,#780dd6,1,99.497475,2.162989,0.097334,0.045000
z_0054_282.533557.png,#8695bd,2,454.759451,9.886075,0.444873,0.045000
z_0054_282.533557.png,#961a3f,1,197.237590,4.287774,0.192950,0.045000
z_0054_282.533557.png,#9b33b5,1,54.627417,1.187553,0.053440,0.045000
z_0054_282.533557.png,#a3afd4,1,202.450793,4.401104,0.198050,0.045000
z_0054_282.533557.png,#f79d79,2,184.066017,4.001435,0.180065,0.045000
z_0054_282.533557.png,#ffb0ba,7,759.452886,16.509845,0.742943,0.045000
z_0055_283.543624.png,#2b8f76,1,194.752309,4.233746,0.190519,0.045000
z_0055_283.543624.png,#74ff8a,5,858.364574,18.660099,0.839704,0.045000
z_0055_283.543624.png,#780dd6,1,103.396970,2.247760,0.101149,0.045000
z_0055_283.543624.png,#8695bd,2,466.658946,10.144760,0.456514,0.045000
z_0055_283.543624.png,#961a3f,1,239.078210,5.197352,0.233881,0.045000
z_0055_283.543624.png,#9b33b5,1,76.769553,1.668903,0.075101,0.045000
z_0055_283.543624.png,#a3afd4,1,202.208153,4.395829,0.197812,0.045000
z_0055_283.543624.png,#f79d79,2,222.450793,4.835887,0.217615,0.045000
z_0055_283.543624.png,#ffb0ba,7,846.565584,18.403600,0.828162,0.045000
z_0056_284.553691.png,#2b8f76,1,194.409163,4.226286,0.190183,0.045000
z_0056_284.553691.png,#74ff8a,3,883.335137,19.202938,0.864132,0.045000
z_0056_284.553691.png,#780dd6,1,102.568542,2.229751,0.100339,0.045000
z_0056_284.553691.png,#8695bd,2,467.830519,10.170229,0.457660,0.045000
z_0056_284.553691.png,#961a3f,1,237.078210,5.153874,0.231924,0.045000
z_0056_284.553691.png,#9b33b5,1,91.840620,1.996535,0.089844,0.045000
z_0056_284.553691.png,#a3afd4,1,201.379726,4.377820,0.197002,0.045000
z_0056_284.553691.png,#f79d79,1,259.764502,5.647054,0.254117,0.045000
z_0056_284.553691.png,#ffb0ba,6,949.920923,20.650455,0.929270,0.045000
z_0057_285.563758.png,#2b8f76,1,194.166522,4.221011,0.189946,0.045000
z_0057_285.563758.png,#74ff8a,3,876.406204,19.052309,0.857354,0.045000
z_0057_285.563758.png,#780dd6,1,103.497475,2.249945,0.101248,0.045000
z_0057_285.563758.png,#8695bd,2,465.487373,10.119291,0.455368,0.045000
z_0057_285.563758.png,#961a3f,1,236.835570,5.148599,0.231687,0.045000
z_0057_285.563758.png,#9b33b5,1,107.497475,2.336902,0.105161,0.045000
z_0057_285.563758.png,#a3afd4,1,201.137085,4.372545,0.196765,0.045000
z_0057_285.563758.png,#f79d79,1,269.663997,5.862261,0.263802,0.045000
z_0057_285.563758.png,#ffb0ba,7,1136.974747,24.716842,1.112258,0.045000
z_0058_286.573826.png,#2b8f76,1,191.338095,4.159524,0.187179,0.045000
z_0058_286.573826.png,#74ff8a,2,860.808225,18.713222,0.842095,0.045000
z_0058_286.573826.png,#780dd6,1,104.083261,2.262680,0.101821,0.045000
z_0058_286.573826.png,#8695bd,2,443.587878,9.643215,0.433945,0.045000
z_0058_286.573826.png,#961a3f,1,234.835570,5.105121,0.229730,0.045000
z_0058_286.573826.png,#9b33b5,1,177.982756,3.869190,0.174114,0.045000
z_0058_286.573826.png,#a3afd4,1,201.137085,4.372545,0.196765,0.045000
z_0058_286.573826.png,#f79d79,1,277.320851,6.028714,0.271292,0.045000
z_0058_286.573826.png,#ffb0ba,5,1300.957503,28.281685,1.272676,0.045000
z_0059_287.583893.png,#2b8f76,1,189.338095,4.116046,0.185222,0.045000
z_0059_287.583893.png,#74ff8a,3,850.021428,18.478727,0.831543,0.045000
z_0059_287.583893.png,#780dd6,1,104.911688,2.280689,0.102631,0.045000
z_0059_287.583893.png,#8695bd,2,447.931024,9.737631,0.438193,0.045000
z_0059_287.583893.png,#961a3f,1,237.078210,5.153874,0.231924,0.045000
z_0059_287.583893.png,#9b33b5,1,193.053824,4.196822,0.188857,0.045000
z_0059_287.583893.png,#a3afd4,1,198.066017,4.305783,0.193760,0.045000
z_0059_287.583893.png,#f79d79,1,277.906638,6.041449,0.271865,0.045000
z_0059_287.583893.png,#ffb0ba,4,1367.928066,29.737567,1.338190,0.045000
z_0060_288.593960.png,#2b8f76,1,185.095454,4.023814,0.181072,0.045000
z_0060_288.593960.png,#74ff8a,4,860.364574,18.703578,0.841661,0.045000
z_0060_288.593960.png,#780dd6,1,106.568542,2.316707,0.104252,0.045000
z_0060_288.593960.png,#8695bd,2,447.688384,9.732356,0.437956,0.045000
z_0060_288.593960.png,#961a3f,1,234.249783,5.092387,0.229157,0.045000
z_0060_288.593960.png,#9b33b5,1,263.722871,5.733106,0.257990,0.045000
z_0060_288.593960.png,#a3afd4,1,197.480231,4.293048,0.193187,0.045000
z_0060_288.593960.png,#f79d79,1,285.078210,6.197352,0.278881,0.045000
z_0060_288.593960.png,#ffb0ba,4,1421.768686,30.908015,1.390861,0.045000
z_0061_289.604027.png,#2b8f76,1,180.024387,3.913574,0.176111,0.045000
z_0061_289.604027.png,#74ff8a,3,822.222438,17.874401,0.804348,0.045000
z_0061_289.604027.png,#780dd6,1,107.154329,2.329442,0.104825,0.045000
z_0061_289.604027.png,#8695bd,2,446.416306,9.704702,0.436712,0.045000
z_0061_289.604027.png,#961a3f,1,238.350288,5.181528,0.233169,0.045000
z_0061_289.604027.png,#9b33b5,1,280.551299,6.098941,0.274452,0.045000
z_0061_289.604027.png,#a3afd4,1,199.237590,4.331252,0.194906,0.045000
z_0061_289.604027.png,#f79d79,2,289.220346,6.287399,0.282933,0.045000
z_0061_289.604027.png,#ffb0ba,4,1449.668181,31.514526,1.418154,0.045000
z_0062_290.614094.png,#2b8f76,1,172.953319,3.759855,0.169193,0.045000
z_0062_290.614094.png,#74ff8a,3,782.423448,17.009205,0.765414,0.045000
z_0062_290.614094.png,#780dd6,1,105.254834,2.288149,0.102967,0.045000
z_0062_290.614094.png,#8695bd,2,444.960461,9.673054,0.435287,0.045000
z_0062_290.614094.png,#961a3f,2,223.622366,4.861356,0.218761,0.045000
z_0062_290.614094.png,#9b33b5,1,277.823376,6.039639,0.271784,0.045000
z_0062_290.614094.png,#a3afd4,1,202.066017,4.392740,0.197673,0.045000
z_0062_290.614094.png,#eb4934,1,28.142136,0.611786,0.027530,0.045000
z_0062_290.614094.png,#f79d79,1,289.320851,6.289584,0.283031,0.045000
z_0062_290.614094.png,#ffb0ba,7,1412.295598,30.702078,1.381594,0.045000
z_0063_291.624161.png,#2b8f76,1,168.953319,3.672898,0.165280,0.045000
z_0063_291.624161.png,#74ff8a,3,755.695526,16.428164,0.739267,0.045000
z_0063_291.624161.png,#780dd6,1,102.183766,2.221386,0.099962,0.045000
z_0063_291.624161.png,#8695bd,2,456.516811,9.924278,0.446593,0.045000
z_0063_291.624161.png,#961a3f,1,132.468037,2.879740,0.129588,0.045000
z_0063_291.624161.png,#9b33b5,1,284.994949,6.195542,0.278799,0.045000
z_0063_291.624161.png,#a3afd4,1,205.823376,4.474421,0.201349,0.045000
z_0063_291.624161.png,#eb4934,1,72.183766,1.569212,0.070615,0.045000
z_0063_291.624161.png,#f79d79,1,294.877200,6.410374,0.288467,0.045000
z_0063_291.624161.png,#ffb0ba,6,1338.111832,29.089388,1.309022,0.045000
z_0064_292.634228.png,#2b8f76,1,161.195959,3.504260,0.157692,0.045000
z_0064_292.634228.png,#60bccc,1,29.556349,0.642529,0.028914,0.045000
z_0064_292.634228.png,#74ff8a,4,714.967604,15.542774,0.699425,0.045000
z_0064_292.634228.png,#780dd6,1,103.012193,2.239396,0.100773,0.045000
z_0064_292.634228.png,#8695bd,3,482.416306,10.487311,0.471929,0.045000
z_0064_292.634228.png,#9486bd,2,76.526912,1.663629,0.074863,0.045000
z_0064_292.634228.png,#961a3f,1,135.781746,2.951777,0.132830,0.045000
z_0064_292.634228.png,#9b33b5,1,300.651804,6.535909,0.294116,0.045000
z_0064_292.634228.png,#a3afd4,1,211.480231,4.597396,0.206883,0.045000
z_0064_292.634228.png,#eb4934,1,85.497475,1.858641,0.083639,0.045000
z_0064_292.634228.png,#f79d79,1,290.391919,6.312868,0.284079,0.045000
z_0064_292.634228.png,#ffb0ba,7,1287.099639,27.980427,1.259119,0.045000
z_0065_293.644295.png,#2b8f76,1,156.953319,3.412029,0.153541,0.045000
z_0065_293.644295.png,#60bccc,2,81.355339,1.768594,0.079587,0.045000
z_0065_293.644295.png,#74ff8a,6,623.712770,13.558973,0.610154,0.045000
z_0065_293.644295.png,#780dd6,1,100.426407,2.183183,0.098243,0.045000
z_0065_293.644295.png,#8695bd,3,489.102597,10.632665,0.478470,0.045000
z_0065_293.644295.png,#9486bd,1,137.539105,2.989981,0.134549,0.045000
z_0065_293.644295.png,#961a3f,1,132.124892,2.872280,0.129253,0.045000
z_0065_293.644295.png,#9b33b5,1,312.308658,6.789319,0.305519,0.045000
z_0065_293.644295.png,#a3afd4,1,215.379726,4.682168,0.210698,0.045000
z_0065_293.644295.png,#b086bd,1,68.284271,1.484441,0.066800,0.045000
z_0065_293.644295.png,#eb4934,1,96.325902,2.094041,0.094232,0.045000
z_0065_293.644295.png,#f79d79,1,287.806133,6.256655,0.281549,0.045000
z_0065_293.644295.png,#ffb0ba,7,1239.785930,26.951868,1.212834,0.045000
z_0066_294.654362.png,#2b8f76,1,149.882251,3.258310,0.146624,0.045000
z_0066_294.654362.png,#60bccc,2,111.840620,2.431318,0.109409,0.045000
z_0066_294.654362.png,#74ff8a,5,520.943218,11.324853,0.509618,0.045000
z_0066_294.654362.png,#780dd6,1,99.840620,2.170448,0.097670,0.045000
z_0066_294.654362.png,#8695bd,3,497.345238,10.811853,0.486533,0.045000
z_0066_294.654362.png,#9486bd,1,160.267027,3.484066,0.156783,0.045000
z_0066_294.654362.png,#961a3f,1,131.882251,2.867005,0.129015,0.045000
z_0066_294.654362.png,#9b33b5,1,323.965512,7.042729,0.316923,0.045000
z_0066_294.654362.png,#a3afd4,1,214.551299,4.664159,0.209887,0.045000
z_0066_294.654362.png,#b086bd,1,90.769553,1.973251,0.088796,0.045000
z_0066_294.654362.png,#eb4934,1,103.740115,2.255220,0.101485,0.045000
z_0066_294.654362.png,#f79d79,1,275.421356,5.987421,0.269434,0.045000
z_0066_294.654362.png,#ffb0ba,7,1203.543289,26.163985,1.177379,0.045000
z_0067_295.664430.png,#2b8f76,1,141.639610,3.079122,0.138560,0.045000
z_0067_295.664430.png,#60bccc,2,137.154329,2.981616,0.134173,0.045000
z_0067_295.664430.png,#74ff8a,4,449.487373,9.771465,0.439716,0.045000
z_0067_295.664430.png,#780dd6,1,99.254834,2.157714,0.097097,0.045000
z_0067_295.664430.png,#8695bd,3,501.688384,10.906269,0.490782,0.045000
z_0067_295.664430.png,#9486bd,1,167.095454,3.632510,0.163463,0.045000
z_0067_295.664430.png,#961a3f,1,130.367532,2.834077,0.127533,0.045000
z_0067_295.664430.png,#9b33b5,1,340.450793,7.401104,0.333050,0.045000
z_0067_295.664430.png,#a3afd4,1,216.793939,4.712912,0.212081,0.045000
z_0067_295.664430.png,#b086bd,1,146.083261,3.175723,0.142908,0.045000
z_0067_295.664430.png,#eb4934,1,111.982756,2.434408,0.109548,0.045000
z_0067_295.664430.png,#f79d79,1,251.279221,5.462592,0.245817,0.045000
z_0067_295.664430.png,#ff8308,1,30.970563,0.673273,0.030297,0.045000
z_0067_295.664430.png,#ffb0ba,7,1155.501659,25.119601,1.130382,0.045000
z_0068_296.674497.png,#2b8f76,2,154.710678,3.363276,0.151347,0.045000
z_0068_296.674497.png,#60bccc,2,173.539105,3.772589,0.169767,0.045000
z_0068_296.674497.png,#74ff8a,4,419.688384,9.123661,0.410565,0.045000
z_0068_296.674497.png,#780dd6,1,98.911688,2.150254,0.096761,0.045000
z_0068_296.674497.png,#8695bd,3,535.244733,11.635755,0.523609,0.045000
z_0068_296.674497.png,#9486bd,1,178.166522,3.873185,0.174293,0.045000
z_0068_296.674497.png,#961a3f,1,131.539105,2.859546,0.128680,0.045000
z_0068_296.674497.png,#9b33b5,2,306.107648,6.654514,0.299453,0.045000
z_0068_296.674497.png,#a3afd4,1,219.622366,4.774399,0.214848,0.045000
z_0068_296.674497.png,#b086bd,1,147.396970,3.204282,0.144193,0.045000
z_0068_296.674497.png,#eb4934,1,116.325902,2.528824,0.113797,0.045000
z_0068_296.674497.png,#f79d79,1,236.793939,5.147694,0.231646,0.045000
z_0068_296.674497.png,#ff8308,1,74.183766,1.612691,0.072571,0.045000
z_0068_296.674497.png,#ffb0ba,7,1135.058008,24.675174,1.110383,0.045000
z_0069_297.684564.png,#2b8f76,2,186.752309,4.059833,0.182692,0.045000
z_0069_297.684564.png,#60bccc,2,197.438600,4.292143,0.193146,0.045000
z_0069_297.684564.png,#74ff8a,4,386.960461,8.412184,0.378548,0.045000
z_0069_297.684564.png,#780dd6,1,100.669048,2.188458,0.098481,0.045000
z_0069_297.684564.png,#806a16,1,280.793939,6.104216,0.274690,0.045000
z_0069_297.684564.png,#8695bd,5,580.541197,12.620461,0.567921,0.045000
z_0069_297.684564.png,#9486bd,1,218.551299,4.751115,0.213800,0.045000
z_0069_297.684564.png,#961a3f,1,127.053824,2.762040,0.124292,0.045000
z_0069_297.684564.png,#9b33b5,3,272.693434,5.928118,0.266765,0.045000
z_0069_297.684564.png,#a3afd4,1,227.279221,4.940853,0.222338,0.045000
z_0069_297.684564.png,#b086bd,2,191.681241,4.166983,0.187514,0.045000
z_0069_297.684564.png,#b54c73,2,60.870058,1.323262,0.059547,0.045000
z_0069_297.684564.png,#eb4934,1,117.154329,2.546833,0.114607,0.045000
z_0069_297.684564.png,#f79d79,1,233.036580,5.066013,0.227971,0.045000
z_0069_297.684564.png,#ff8308,1,111.882251,2.432223,0.109450,0.045000
z_0069_297.684564.png,#ffb0ba,8,1109.785930,24.125781,1.085660,0.045000
z_0070_298.694631.png,#2b8f76,2,189.338095,4.116046,0.185222,0.045000
z_0070_298.694631.png,#60bccc,3,238.894444,5.193357,0.233701,0.045000
z_0070_298.694631.png,#74ff8a,4,344.090404,7.480226,0.336610,0.045000
z_0070_298.694631.png,#780dd6,1,103.497475,2.249945,0.101248,0.045000
z_0070_298.694631.png,#806a16,1,283.379726,6.160429,0.277219,0.045000
z_0070_298.694631.png,#8695bd,4,574.783838,12.495301,0.562289,0.045000
z_0070_298.694631.png,#9486bd,1,220.651804,4.796778,0.215855,0.045000
z_0070_298.694631.png,#961a3f,1,126.811183,2.756765,0.124054,0.045000
z_0070_298.694631.png,#9b33b5,2,250.651804,5.448952,0.245203,0.045000
z_0070_298.694631.png,#a3afd4,1,229.622366,4.991791,0.224631,0.045000
z_0070_298.694631.png,#b086bd,1,210.509668,4.576297,0.205933,0.045000
z_0070_298.694631.png,#b54c73,2,158.267027,3.440588,0.154826,0.045000
z_0070_298.694631.png,#eb4934,1,121.396970,2.639065,0.118758,0.045000
z_0070_298.694631.png,#f79d79,1,191.923882,4.172258,0.187752,0.045000
z_0070_298.694631.png,#ff8308,1,130.710678,2.841536,0.127869,0.045000
z_0070_298.694631.png,#ffb0ba,11,1080.288455,23.484532,1.056804,0.045000
z_0071_299.704698.png,#15c1d4,2,23.313708,0.506820,0.022807,0.045000
z_0071_299.704698.png,#2b8f76,2,195.095454,4.241206,0.190854,0.045000
z_0071_299.704698.png,#60bccc,4,324.291414,7.049813,0.317242,0.045000
z_0071_299.704698.png,#74ff8a,4,330.877200,7.192983,0.323684,0.045000
z_0071_299.704698.png,#780dd6,1,105.254834,2.288149,0.102967,0.045000
z_0071_299.704698.png,#806a16,2,314.835570,6.844252,0.307991,0.045000
z_0071_299.704698.png,#8695bd,4,597.854906,12.996846,0.584858,0.045000
z_0071_299.704698.png,#9486bd,1,215.480231,4.684353,0.210796,0.045000
z_0071_299.704698.png,#94d4b5,1,25.556349,0.555573,0.025001,0.045000
z_0071_299.704698.png,#961a3f,1,134.468037,2.923218,0.131545,0.045000
z_0071_299.704698.png,#9b33b5,1,145.882251,3.171353,0.142711,0.045000
z_0071_299.704698.png,#a3afd4,1,231.379726,5.029994,0.226350,0.045000
z_0071_299.704698.png,#b086bd,1,202.509668,4.402384,0.198107,0.045000
z_0071_299.704698.png,#b54c73,2,250.350288,5.442398,0.244908,0.045000
z_0071_299.704698.png,#c9a236,1,50.142136,1.090046,0.049052,0.045000
z_0071_299.704698.png,#eb4934,1,119.396970,2.595586,0.116801,0.045000
z_0071_299.704698.png,#f79d79,1,195.580736,4.251755,0.191329,0.045000
z_0071_299.704698.png,#ff8308,1,150.024387,3.261400,0.146763,0.045000
z_0071_299.704698.png,#ffb0ba,9,998.832611,21.713752,0.977119,0.045000
z_0072_300.714765.png,#15c1d4,1,90.183766,1.960517,0.088223,0.045000
z_0072_300.714765.png,#2b8f76,2,208.066017,4.523174,0.203543,0.045000
z_0072_300.714765.png,#60bccc,2,337.119841,7.328692,0.329791,0.045000
z_0072_300.714765.png,#74ff8a,4,324.291414,7.049813,0.317242,0.045000
z_0072_300.714765.png,#780dd6,1,107.254834,2.331627,0.104923,0.045000
z_0072_300.714765.png,#806a16,1,288.107648,6.263210,0.281844,0.045000
z_0072_300.714765.png,#8695bd,4,616.097546,13.393425,0.602704,0.045000
z_0072_300.714765.png,#9486bd,1,219.580736,4.773494,0.214807,0.045000
z_0072_300.714765.png,#94d4b5,1,46.627417,1.013639,0.045614,0.045000
z_0072_300.714765.png,#961a3f,2,196.852814,4.279409,0.192573,0.045000
z_0072_300.714765.png,#9b33b5,1,148.468037,3.227566,0.145240,0.045000
z_0072_300.714765.png,#a3afd4,1,229.965512,4.999250,0.224966,0.045000
z_0072_300.714765.png,#b086bd,1,195.095454,4.241206,0.190854,0.045000
z_0072_300.714765.png,#b54c73,2,241.663997,5.253565,0.236410,0.045000
z_0072_300.714765.png,#eb4934,1,119.639610,2.600861,0.117039,0.045000
z_0072_300.714765.png,#f79d79,1,196.267027,4.266675,0.192000,0.045000
z_0072_300.714765.png,#ff8308,1,169.338095,3.681263,0.165657,0.045000
z_0072_300.714765.png,#ffb0ba,9,1031.945310,22.433594,1.009512,0.045000
z_0073_301.724832.png,#15c1d4,1,95.112698,2.067667,0.093045,0.045000
z_0073_301.724832.png,#2b8f76,2,216.409163,4.704547,0.211705,0.045000
z_0073_301.724832.png,#60bccc,2,345.705627,7.515340,0.338190,0.045000
z_0073_301.724832.png,#74ff8a,5,273.178716,5.938668,0.267240,0.045000
z_0073_301.724832.png,#780dd6,1,110.669048,2.405849,0.108263,0.045000
z_0073_301.724832.png,#806a16,1,280.107648,6.089297,0.274018,0.045000
z_0073_301.724832.png,#8695bd,4,638.683333,13.884420,0.624799,0.045000
z_0073_301.724832.png,#9486bd,1,224.409163,4.878460,0.219531,0.045000
z_0073_301.724832.png,#94d4b5,1,57.698485,1.254315,0.056444,0.045000
z_0073_301.724832.png,#961a3f,3,290.450793,6.314148,0.284137,0.045000
z_0073_301.724832.png,#9b33b5,1,141.396970,3.073847,0.138323,0.045000
z_0073_301.724832.png,#a3afd4,1,227.480231,4.945222,0.222535,0.045000
z_0073_301.724832.png,#b086bd,2,175.781746,3.821342,0.171960,0.045000
z_0073_301.724832.png,#b54c73,1,238.492424,5.184618,0.233308,0.045000
z_0073_301.724832.png,#eb4934,1,108.083261,2.349636,0.105734,0.045000
z_0073_301.724832.png,#f79d79,1,182.610173,3.969786,0.178640,0.045000
z_0073_301.724832.png,#ff8308,1,185.580736,4.034364,0.181546,0.045000
z_0073_301.724832.png,#ffb0ba,11,1034.572727,22.490711,1.012082,0.045000
z_0074_302.734899.png,#15c1d4,1,109.941125,2.390024,0.107551,0.045000
z_0074_302.734899.png,#2b8f76,2,223.338095,4.855176,0.218483,0.045000
z_0074_302.734899.png,#60bccc,2,369.847763,8.040169,0.361808,0.045000
z_0074_302.734899.png,#74ff8a,5,264.592929,5.752020,0.258841,0.045000
z_0074_302.734899.png,#780dd6,1,114.669048,2.492805,0.112176,0.045000
z_0074_302.734899.png,#806a16,1,274.450793,5.966322,0.268484,0.045000
z_0074_302.734899.png,#8695bd,4,654.239682,14.222602,0.640017,0.045000
z_0074_302.734899.png,#9486bd,1,228.651804,4.970691,0.223681,0.045000
z_0074_302.734899.png,#94d4b5,1,68.183766,1.482256,0.066702,0.045000
z_0074_302.734899.png,#961a3f,2,320.350288,6.964137,0.313386,0.045000
z_0074_302.734899.png,#9b33b5,1,131.982756,2.869190,0.129114,0.045000
z_0074_302.734899.png,#a3afd4,1,223.965512,4.868815,0.219097,0.045000
z_0074_302.734899.png,#b086bd,2,113.740115,2.472611,0.111268,0.045000
z_0074_302.734899.png,#b54c73,1,291.462987,6.336152,0.285127,0.045000
z_0074_302.734899.png,#eb4934,1,88.183766,1.917038,0.086267,0.045000
z_0074_302.734899.png,#f79d79,1,165.781746,3.603951,0.162178,0.045000
z_0074_302.734899.png,#ff8308,1,231.379726,5.029994,0.226350,0.045000
z_0074_302.734899.png,#ffb0ba,9,1023.945310,22.259681,1.001686,0.045000
z_0075_303.744966.png,#15c1d4,1,109.941125,2.390024,0.107551,0.045000
z_0075_303.744966.png,#2b8f76,2,223.338095,4.855176,0.218483,0.045000
z_0075_303.744966.png,#60bccc,2,369.847763,8.040169,0.361808,0.045000
z_0075_303.744966.png,#74ff8a,5,266.249783,5.788039,0.260462,0.045000
z_0075_303.744966.png,#780dd6,1,113.840620,2.474796,0.111366,0.045000
z_0075_303.744966.png,#806a16,1,275.865007,5.997065,0.269868,0.045000
z_0075_303.744966.png,#8695bd,4,656.239682,14.266080,0.641974,0.045000
z_0075_303.744966.png,#9486bd,1,228.066017,4.957957,0.223108,0.045000
z_0075_303.744966.png,#94d4b5,1,68.183766,1.482256,0.066702,0.045000
z_0075_303.744966.png,#961a3f,2,320.350288,6.964137,0.313386,0.045000
z_0075_303.744966.png,#9b33b5,1,130.568542,2.838447,0.127730,0.045000
z_0075_303.744966.png,#a3afd4,1,223.137085,4.850806,0.218286,0.045000
z_0075_303.744966.png,#b086bd,2,104.911688,2.280689,0.102631,0.045000
z_0075_303.744966.png,#b54c73,1,291.705627,6.341427,0.285364,0.045000
z_0075_303.744966.png,#eb4934,1,87.597980,1.904304,0.085694,0.045000
z_0075_303.744966.png,#f79d79,1,166.610173,3.621960,0.162988,0.045000
z_0075_303.744966.png,#ff8308,1,230.793939,5.017260,0.225777,0.045000
z_0075_303.744966.png,#ffb0ba,9,1023.116882,22.241671,1.000875,0.045000
z_0076_304.755034.png,#15c1d4,1,143.840620,3.126970,0.140714,0.045000
z_0076_304.755034.png,#2b8f76,4,343.119841,7.459127,0.335661,0.045000
z_0076_304.755034.png,#60bccc,2,377.605122,8.208807,0.369396,0.045000
z_0076_304.755034.png,#74ff8a,4,257.279221,5.593027,0.251686,0.045000
z_0076_304.755034.png,#780dd6,1,125.740115,2.733481,0.123007,0.045000
z_0076_304.755034.png,#806a16,1,284.693434,6.188988,0.278504,0.045000
z_0076_304.755034.png,#8695bd,6,789.979797,17.173474,0.772806,0.045000
z_0076_304.755034.png,#9486bd,1,233.379726,5.073472,0.228306,0.045000
z_0076_304.755034.png,#94d4b5,1,85.497475,1.858641,0.083639,0.045000
z_0076_304.755034.png,#961a3f,2,346.977705,7.542994,0.339435,0.045000
z_0076_304.755034.png,#9b33b5,1,125.740115,2.733481,0.123007,0.045000
z_0076_304.755034.png,#a3afd4,1,221.965512,4.825337,0.217140,0.045000
z_0076_304.755034.png,#b086bd,1,59.455844,1.292518,0.058163,0.045000
z_0076_304.755034.png,#b54c73,3,439.889394,9.562813,0.430327,0.045000
z_0076_304.755034.png,#eb4934,1,75.355339,1.638160,0.073717,0.045000
z_0076_304.755034.png,#f79d79,1,165.781746,3.603951,0.162178,0.045000
z_0076_304.755034.png,#ff8308,1,361.161472,7.851336,0.353310,0.045000
z_0076_304.755034.png,#ffb0ba,12,1323.969696,28.781950,1.295188,0.045000
z_0077_305.765101.png,#15c1d4,1,153.154329,3.329442,0.149825,0.045000
z_0077_305.765101.png,#2b8f76,2,493.102597,10.719622,0.482383,0.045000
z_0077_305.765101.png,#2c6944,1,93.012193,2.022004,0.090990,0.045000
z_0077_305.765101.png,#60bccc,3,440.232539,9.570273,0.430662,0.045000
z_0077_305.765101.png,#74ff8a,4,268.693434,5.841162,0.262852,0.045000
z_0077_305.765101.png,#780dd6,1,132.225397,2.874465,0.129351,0.045000
z_0077_305.765101.png,#806a16,1,284.693434,6.188988,0.278504,0.045000
z_0077_305.765101.png,#8695bd,5,843.636652,18.339927,0.825297,0.045000
z_0077_305.765101.png,#9486bd,1,238.936075,5.194262,0.233742,0.045000
z_0077_305.765101.png,#94d4b5,1,91.740115,1.994350,0.089746,0.045000
z_0077_305.765101.png,#961a3f,2,388.977705,8.456037,0.380522,0.045000
z_0077_305.765101.png,#9b33b5,1,118.669048,2.579762,0.116089,0.045000
z_0077_305.765101.png,#a3afd4,1,218.793939,4.756390,0.214038,0.045000
z_0077_305.765101.png,#b086bd,1,56.970563,1.238490,0.055732,0.045000
z_0077_305.765101.png,#b54c73,4,524.073160,11.392895,0.512680,0.045000
z_0077_305.765101.png,#c4b897,1,29.556349,0.642529,0.028914,0.045000
z_0077_305.765101.png,#eb4934,1,69.112698,1.502450,0.067610,0.045000
z_0077_305.765101.png,#f79d79,1,181.095454,3.936858,0.177159,0.045000
z_0077_305.765101.png,#ff8308,3,413.203102,8.982676,0.404220,0.045000
z_0077_305.765101.png,#ffb0ba,12,1442.881384,31.366987,1.411514,0.045000
z_0078_306.775168.png,#15c1d4,1,155.254834,3.375105,0.151880,0.045000
z_0078_306.775168.png,#2b8f76,2,518.031529,11.261555,0.506770,0.045000
z_0078_306.775168.png,#2c6944,1,204.166522,4.438403,0.199728,0.045000
z_0078_306.775168.png,#60bccc,3,531.830519,11.561533,0.520269,0.045000
z_0078_306.775168.png,#74ff8a,4,279.906638,6.084927,0.273822,0.045000
z_0078_306.775168.png,#780dd6,1,132.225397,2.874465,0.129351,0.045000
z_0078_306.775168.png,#806a16,1,271.764502,5.907924,0.265857,0.045000
z_0078_306.775168.png,#8695bd,5,880.607214,19.143635,0.861464,0.045000
z_0078_306.775168.png,#9486bd,1,245.279221,5.332157,0.239947,0.045000
z_0078_306.775168.png,#94d4b5,1,98.811183,2.148069,0.096663,0.045000
z_0078_306.775168.png,#961a3f,2,399.847763,8.692343,0.391155,0.045000
z_0078_306.775168.png,#9b33b5,1,119.154329,2.590311,0.116564,0.045000
z_0078_306.775168.png,#a3afd4,1,217.622366,4.730921,0.212891,0.045000
z_0078_306.775168.png,#b086bd,1,49.798990,1.082587,0.048716,0.045000
z_0078_306.775168.png,#b54c73,3,612.558441,13.316488,0.599242,0.045000
z_0078_306.775168.png,#c4b897,1,44.384776,0.964886,0.043420,0.045000
z_0078_306.775168.png,#c9a236,1,183.781746,3.995255,0.179786,0.045000
z_0078_306.775168.png,#eb4934,1,57.798990,1.256500,0.056542,0.045000
z_0078_306.775168.png,#f79d79,2,170.024387,3.696182,0.166328,0.045000
z_0078_306.775168.png,#ff8308,1,429.345238,9.333592,0.420012,0.045000
z_0078_306.775168.png,#ffb0ba,13,1469.366666,31.942754,1.437424,0.045000
z_0079_307.785235.png,#15c1d4,1,162.225397,3.526639,0.158699,0.045000
z_0079_307.785235.png,#2b8f76,2,530.457936,11.531694,0.518926,0.045000
z_0079_307.785235.png,#2c6944,1,329.605122,7.165329,0.322440,0.045000
z_0079_307.785235.png,#60bccc,3,573.587878,12.469302,0.561119,0.045000
z_0079_307.785235.png,#74ff8a,4,281.421356,6.117856,0.275304,0.045000
z_0079_307.785235.png,#780dd6,1,137.882251,2.997440,0.134885,0.045000
z_0079_307.785235.png,#806a16,1,269.279221,5.853896,0.263425,0.045000
z_0079_307.785235.png,#8695bd,4,883.577777,19.208213,0.864370,0.045000
z_0079_307.785235.png,#9486bd,1,253.865007,5.518805,0.248346,0.045000
z_0079_307.785235.png,#94d4b5,1,109.982756,2.390929,0.107592,0.045000
z_0079_307.785235.png,#961a3f,2,421.060967,9.153499,0.411907,0.045000
z_0079_307.785235.png,#9b33b5,1,117.254834,2.549018,0.114706,0.045000
z_0079_307.785235.png,#a3afd4,2,253.563492,5.512250,0.248051,0.045000
z_0079_307.785235.png,#b086bd,1,64.870058,1.410219,0.063460,0.045000
z_0079_307.785235.png,#b54c73,3,676.457936,14.705607,0.661752,0.045000
z_0079_307.785235.png,#c4b897,1,52.870058,1.149349,0.051721,0.045000
z_0079_307.785235.png,#c9a236,1,173.781746,3.777864,0.170004,0.045000
z_0079_307.785235.png,#eb4934,1,59.455844,1.292518,0.058163,0.045000
z_0079_307.785235.png,#f79d79,2,163.923882,3.563563,0.160360,0.045000
z_0079_307.785235.png,#ff8308,1,411.688384,8.949747,0.402739,0.045000
z_0079_307.785235.png,#ffb0ba,15,1467.349422,31.898900,1.435451,0.045000
z_0080_308.795302.png,#15c1d4,2,158.468037,3.444957,0.155023,0.045000
z_0080_308.795302.png,#2b8f76,2,462.960461,10.064358,0.452896,0.045000
z_0080_308.795302.png,#2c6944,1,361.161472,7.851336,0.353310,0.045000
z_0080_308.795302.png,#60bccc,5,599.002092,13.021785,0.585980,0.045000
z_0080_308.795302.png,#74ff8a,4,289.279221,6.288679,0.282991,0.045000
z_0080_308.795302.png,#780dd6,1,139.882251,3.040918,0.136841,0.045000
z_0080_308.795302.png,#806a16,1,266.350288,5.790224,0.260560,0.045000
z_0080_308.795302.png,#8695bd,4,915.962554,19.912229,0.896050,0.045000
z_0080_308.795302.png,#9486bd,1,247.137085,5.372545,0.241765,0.045000
z_0080_308.795302.png,#94d4b5,1,115.982756,2.521364,0.113461,0.045000
z_0080_308.795302.png,#961a3f,2,431.161472,9.373075,0.421788,0.045000
z_0080_308.795302.png,#9b33b5,1,113.254834,2.462062,0.110793,0.045000
z_0080_308.795302.png,#a3afd4,2,266.592929,5.795498,0.260797,0.045000
z_0080_308.795302.png,#b086bd,1,65.941125,1.433503,0.064508,0.045000
z_0080_308.795302.png,#b54c73,3,697.730014,15.168044,0.682562,0.045000
z_0080_308.795302.png,#c4b897,1,58.627417,1.274509,0.057353,0.045000
z_0080_308.795302.png,#c9a236,1,154.953319,3.368550,0.151585,0.045000
z_0080_308.795302.png,#eb4934,1,45.798990,0.995630,0.044803,0.045000
z_0080_308.795302.png,#eb7434,1,25.313708,0.550298,0.024763,0.045000
z_0080_308.795302.png,#f79d79,2,161.338095,3.507350,0.157831,0.045000
z_0080_308.795302.png,#ff8308,1,421.587878,9.164954,0.412423,0.045000
z_0080_308.795302.png,#ffb0ba,13,1383.550432,30.077183,1.353473,0.045000
z_0081_309.805369.png,#15c1d4,2,135.053824,2.935953,0.132118,0.045000
z_0081_309.805369.png,#2b8f76,2,366.090404,7.958487,0.358132,0.045000
z_0081_309.805369.png,#2c6944,1,421.002092,9.152219,0.411850,0.045000
z_0081_309.805369.png,#60bccc,6,555.830519,12.083272,0.543747,0.045000
z_0081_309.805369.png,#74ff8a,4,300.007143,6.521894,0.293485,0.045000
z_0081_309.805369.png,#780dd6,2,161.195959,3.504260,0.157692,0.045000
z_0081_309.805369.png,#806a16,1,263.279221,5.723461,0.257556,0.045000
z_0081_309.805369.png,#8695bd,5,991.075252,21.545114,0.969530,0.045000
z_0081_309.805369.png,#9486bd,1,243.137085,5.285589,0.237851,0.045000
z_0081_309.805369.png,#94d4b5,1,125.053824,2.718561,0.122335,0.045000
z_0081_309.805369.png,#961a3f,2,445.404112,9.682698,0.435721,0.045000
z_0081_309.805369.png,#9b33b5,1,114.083261,2.480071,0.111603,0.045000
z_0081_309.805369.png,#a3afd4,2,292.634560,6.361621,0.286273,0.045000
z_0081_309.805369.png,#b086bd,1,67.698485,1.471706,0.066227,0.045000
z_0081_309.805369.png,#b54c73,3,722.256926,15.701238,0.706556,0.045000
z_0081_309.805369.png,#c4b897,1,64.284271,1.397484,0.062887,0.045000
z_0081_309.805369.png,#c9a236,1,144.124892,3.133150,0.140992,0.045000
z_0081_309.805369.png,#eb4934,1,36.384776,0.790973,0.035594,0.045000
z_0081_309.805369.png,#eb7434,2,77.355339,1.681638,0.075674,0.045000
z_0081_309.805369.png,#f79d79,2,155.681241,3.384375,0.152297,0.045000
z_0081_309.805369.png,#ff8308,1,425.144228,9.242266,0.415902,0.045000
z_0081_309.805369.png,#ffb0ba,12,1286.780879,27.973497,1.258807,0.045000
z_0082_310.815436.png,#15c1d4,2,120.225397,2.613596,0.117612,0.045000
z_0082_310.815436.png,#2b8f76,3,292.835570,6.365991,0.286470,0.045000
z_0082_310.815436.png,#2c6944,2,465.972655,10.129840,0.455843,0.045000
z_0082_310.815436.png,#60bccc,3,529.487373,11.510595,0.517977,0.045000
z_0082_310.815436.png,#74ff8a,4,307.521861,6.685258,0.300837,0.045000
z_0082_310.815436.png,#780dd6,2,198.066017,4.305783,0.193760,0.045000
z_0082_310.815436.png,#806a16,1,251.521861,5.467867,0.246054,0.045000
z_0082_310.815436.png,#8695bd,4,970.974747,21.108147,0.949867,0.045000
z_0082_310.815436.png,#9486bd,1,242.308658,5.267580,0.237041,0.045000
z_0082_310.815436.png,#94d4b5,2,187.580736,4.077842,0.183503,0.045000
z_0082_310.815436.png,#961a3f,3,415.404112,9.030524,0.406374,0.045000
z_0082_310.815436.png,#9b33b5,1,110.911688,2.411124,0.108501,0.045000
z_0082_310.815436.png,#a3afd4,2,311.605122,6.774024,0.304831,0.045000
z_0082_310.815436.png,#b086bd,1,69.355339,1.507725,0.067848,0.045000
z_0082_310.815436.png,#b54c73,4,727.671140,15.818938,0.711852,0.045000
z_0082_310.815436.png,#c4b897,1,70.769553,1.538469,0.069231,0.045000
z_0082_310.815436.png,#c9a236,1,135.639610,2.948687,0.132691,0.045000
z_0082_310.815436.png,#eb4934,1,36.041631,0.783514,0.035258,0.045000
z_0082_310.815436.png,#eb7434,2,125.882251,2.736571,0.123146,0.045000
z_0082_310.815436.png,#f79d79,2,150.953319,3.281594,0.147672,0.045000
z_0082_310.815436.png,#ff8308,1,442.700577,9.623926,0.433077,0.045000
z_0082_310.815436.png,#ffb0ba,11,1176.856998,25.583848,1.151273,0.045000
z_0083_311.825503.png,#15c1d4,2,104.568542,2.273229,0.102295,0.045000
z_0083_311.825503.png,#2b8f76,2,233.036580,5.066013,0.227971,0.045000
z_0083_311.825503.png,#2c6944,3,574.541197,12.490026,0.562051,0.045000
z_0083_311.825503.png,#60bccc,3,521.043723,11.327037,0.509717,0.045000
z_0083_311.825503.png,#74ff8a,4,309.521861,6.728736,0.302793,0.045000
z_0083_311.825503.png,#780dd6,2,212.894444,4.628140,0.208266,0.045000
z_0083_311.825503.png,#806a16,1,234.208153,5.091482,0.229117,0.045000
z_0083_311.825503.png,#8695bd,6,1019.217388,22.156900,0.997060,0.045000
z_0083_311.825503.png,#9486bd,1,244.894444,5.323792,0.239571,0.045000
z_0083_311.825503.png,#94d4b5,4,209.480231,4.553918,0.204926,0.045000
z_0083_311.825503.png,#961a3f,4,371.806133,8.082742,0.363723,0.045000
z_0083_311.825503.png,#9b33b5,1,112.669048,2.449327,0.110220,0.045000
z_0083_311.825503.png,#a3afd4,2,313.220346,6.809138,0.306411,0.045000
z_0083_311.825503.png,#b086bd,1,71.941125,1.563938,0.070377,0.045000
z_0083_311.825503.png,#b54c73,5,636.700577,13.841317,0.622859,0.045000
z_0083_311.825503.png,#c4b897,1,78.426407,1.704922,0.076721,0.045000
z_0083_311.825503.png,#c9a236,1,131.639610,2.861731,0.128778,0.045000
z_0083_311.825503.png,#eb4934,1,33.556349,0.729486,0.032827,0.045000
z_0083_311.825503.png,#eb7434,2,159.781746,3.473516,0.156308,0.045000
z_0083_311.825503.png,#f79d79,2,146.024387,3.174443,0.142850,0.045000
z_0083_311.825503.png,#ff8308,1,446.215295,9.700333,0.436515,0.045000
z_0083_311.825503.png,#ffb0ba,8,1024.874242,22.279875,1.002594,0.045000
z_0084_312.835570.png,#15c1d4,2,82.769553,1.799338,0.080970,0.045000
z_0084_312.835570.png,#2b8f76,2,181.296465,3.941227,0.177355,0.045000
z_0084_312.835570.png,#2c6944,3,644.867099,14.018850,0.630848,0.045000
z_0084_312.835570.png,#60bccc,3,513.629509,11.165859,0.502464,0.045000
z_0084_312.835570.png,#74ff8a,4,318.492424,6.923748,0.311569,0.045000
z_0084_312.835570.png,#780dd6,3,309.948268,6.738006,0.303210,0.045000
z_0084_312.835570.png,#806a16,1,217.722871,4.733106,0.212990,0.045000
z_0084_312.835570.png,#8695bd,6,1110.271211,24.136331,1.086135,0.045000
z_0084_312.835570.png,#9486bd,1,244.793939,5.321607,0.239472,0.045000
z_0084_312.835570.png,#94d4b5,3,184.066017,4.001435,0.180065,0.045000
z_0084_312.835570.png,#961a3f,3,384.333044,8.355066,0.375978,0.045000
z_0084_312.835570.png,#9b33b5,1,110.325902,2.398389,0.107928,0.045000
z_0084_312.835570.png,#a3afd4,2,313.563492,6.816598,0.306747,0.045000
z_0084_312.835570.png,#b086bd,1,74.526912,1.620150,0.072907,0.045000
z_0084_312.835570.png,#b54c73,6,599.872150,13.040699,0.586831,0.045000
z_0084_312.835570.png,#c9a236,1,119.740115,2.603046,0.117137,0.045000
z_0084_312.835570.png,#e8a9bc,1,71.012193,1.543743,0.069468,0.045000
z_0084_312.835570.png,#eb4934,1,26.727922,0.581042,0.026147,0.045000
z_0084_312.835570.png,#eb7434,2,207.681241,4.514810,0.203166,0.045000
z_0084_312.835570.png,#f79d79,2,142.710678,3.102406,0.139608,0.045000
z_0084_312.835570.png,#ff8308,2,508.842712,11.061798,0.497781,0.045000
z_0084_312.835570.png,#ffb0ba,10,1066.531096,23.185459,1.043346,0.045000
z_0085_313.845638.png,#15c1d4,3,133.053824,2.892474,0.130161,0.045000
z_0085_313.845638.png,#2b8f76,3,285.279221,6.201722,0.279077,0.045000
z_0085_313.845638.png,#2c6944,3,712.666089,15.492741,0.697173,0.045000
z_0085_313.845638.png,#60bccc,3,516.842712,11.235711,0.505607,0.045000
z_0085_313.845638.png,#74ff8a,4,328.977705,7.151689,0.321826,0.045000
z_0085_313.845638.png,#780dd6,3,394.918831,8.585192,0.386334,0.045000
z_0085_313.845638.png,#806a16,2,226.208153,4.917569,0.221291,0.045000
z_0085_313.845638.png,#8695bd,6,1149.685425,24.993161,1.124692,0.045000
z_0085_313.845638.png,#9486bd,1,245.622366,5.339617,0.240283,0.045000
z_0085_313.845638.png,#94d4b5,2,182.066017,3.957957,0.178108,0.045000
z_0085_313.845638.png,#961a3f,3,321.462987,6.988326,0.314475,0.045000
z_0085_313.845638.png,#9b33b5,1,104.669048,2.275414,0.102394,0.045000
z_0085_313.845638.png,#a3afd4,3,339.119841,7.372170,0.331748,0.045000
z_0085_313.845638.png,#b086bd,1,69.455844,1.509910,0.067946,0.045000
z_0085_313.845638.png,#b54c73,3,553.386868,12.030149,0.541357,0.045000
z_0085_313.845638.png,#c9a236,1,116.325902,2.528824,0.113797,0.045000
z_0085_313.845638.png,#e8a9bc,2,140.468037,3.053653,0.137414,0.045000
z_0085_313.845638.png,#eb4934,1,24.142136,0.524829,0.023617,0.045000
z_0085_313.845638.png,#eb7434,3,298.592929,6.491151,0.292102,0.045000
z_0085_313.845638.png,#f79d79,2,145.053824,3.153344,0.141900,0.045000
z_0085_313.845638.png,#ff8308,3,516.600072,11.230436,0.505370,0.045000
z_0085_313.845638.png,#ffb0ba,9,1067.803174,23.213112,1.044590,0.045000
z_0086_314.855705.png,#15c1d4,3,170.710678,3.711102,0.167000,0.045000
z_0086_314.855705.png,#2b8f76,4,411.462987,8.944848,0.402518,0.045000
z_0086_314.855705.png,#2c6944,2,730.565584,15.881861,0.714684,0.045000
z_0086_314.855705.png,#60bccc,6,505.730014,10.994131,0.494736,0.045000
z_0086_314.855705.png,#74ff8a,5,337.220346,7.330877,0.329889,0.045000
z_0086_314.855705.png,#780dd6,3,448.232539,9.744186,0.438488,0.045000
z_0086_314.855705.png,#806a16,2,236.107648,5.132775,0.230975,0.045000
z_0086_314.855705.png,#8695bd,6,1188.312842,25.832888,1.162480,0.045000
z_0086_314.855705.png,#9486bd,1,249.865007,5.431848,0.244433,0.045000
z_0086_314.855705.png,#94d4b5,2,201.722871,4.385280,0.197338,0.045000
z_0086_314.855705.png,#961a3f,3,312.877200,6.801678,0.306076,0.045000
z_0086_314.855705.png,#9b33b5,1,103.497475,2.249945,0.101248,0.045000
z_0086_314.855705.png,#a3afd4,3,322.534055,7.011610,0.315522,0.045000
z_0086_314.855705.png,#b086bd,1,63.698485,1.384750,0.062314,0.045000
z_0086_314.855705.png,#b54c73,3,510.274170,11.092917,0.499181,0.045000
z_0086_314.855705.png,#c9a236,1,112.325902,2.441867,0.109884,0.045000
z_0086_314.855705.png,#e8a9bc,2,188.509668,4.098036,0.184412,0.045000
z_0086_314.855705.png,#eb4934,1,26.970563,0.586317,0.026384,0.045000
z_0086_314.855705.png,#eb7434,3,344.391919,7.486781,0.336905,0.045000
z_0086_314.855705.png,#f79d79,2,144.124892,3.133150,0.140992,0.045000
z_0086_314.855705.png,#ff8308,2,550.298557,11.963012,0.538336,0.045000
z_0086_314.855705.png,#ffb0ba,7,673.570635,14.642840,0.658928,0.045000
z_0087_315.865772.png,#15c1d4,3,203.580736,4.425668,0.199155,0.045000
z_0087_315.865772.png,#2b8f76,2,425.605122,9.252285,0.416353,0.045000
z_0087_315.865772.png,#2c6944,2,767.293506,16.680294,0.750613,0.045000
z_0087_315.865772.png,#60bccc,4,426.617316,9.274289,0.417343,0.045000
z_0087_315.865772.png,#74ff8a,5,325.462987,7.075282,0.318388,0.045000
z_0087_315.865772.png,#780dd6,2,503.345238,10.942288,0.492403,0.045000
z_0087_315.865772.png,#806a16,2,253.521861,5.511345,0.248011,0.045000
z_0087_315.865772.png,#8695bd,5,1264.697618,27.493426,1.237204,0.045000
z_0087_315.865772.png,#881a96,2,130.811183,2.843721,0.127967,0.045000
z_0087_315.865772.png,#9486bd,1,249.865007,5.431848,0.244433,0.045000
z_0087_315.865772.png,#94d4b5,1,219.865007,4.779674,0.215085,0.045000
z_0087_315.865772.png,#961a3f,3,324.877200,7.062548,0.317815,0.045000
z_0087_315.865772.png,#9b33b5,1,103.497475,2.249945,0.101248,0.045000
z_0087_315.865772.png,#a3afd4,3,308.190909,6.699802,0.301491,0.045000
z_0087_315.865772.png,#b086bd,1,56.627417,1.231031,0.055396,0.045000
z_0087_315.865772.png,#b54c73,5,550.558441,11.968662,0.538590,0.045000
z_0087_315.865772.png,#c9a236,1,111.497475,2.423858,0.109074,0.045000
z_0087_315.865772.png,#e8a9bc,2,214.894444,4.671618,0.210223,0.045000
z_0087_315.865772.png,#eb4934,1,30.142136,0.655264,0.029487,0.045000
z_0087_315.865772.png,#eb7434,3,389.989899,8.478041,0.381512,0.045000
z_0087_315.865772.png,#f79d79,2,142.710678,3.102406,0.139608,0.045000
z_0087_315.865772.png,#ff8308,2,542.399062,11.791284,0.530608,0.045000
z_0087_315.865772.png,#ffb0ba,5,624.499567,13.576078,0.610923,0.045000
z_0088_316.875839.png,#15c1d4,3,246.308658,5.354536,0.240954,0.045000
z_0088_316.875839.png,#2b8f76,2,414.877200,9.019070,0.405858,0.045000
z_0088_316.875839.png,#2c6944,2,794.163564,17.264425,0.776899,0.045000
z_0088_316.875839.png,#60bccc,4,386.232539,8.396360,0.377836,0.045000
z_0088_316.875839.png,#74ff8a,5,322.391919,7.008520,0.315383,0.045000
z_0088_316.875839.png,#780dd6,2,519.830519,11.300663,0.508530,0.045000
z_0088_316.875839.png,#806a16,2,275.178716,5.982146,0.269197,0.045000
z_0088_316.875839.png,#8695bd,7,1289.768686,28.038450,1.261730,0.045000
z_0088_316.875839.png,#881a96,2,206.610173,4.491526,0.202119,0.045000
z_0088_316.875839.png,#9486bd,1,252.793939,5.495520,0.247298,0.045000
z_0088_316.875839.png,#94d4b5,2,209.823376,4.561378,0.205262,0.045000
z_0088_316.875839.png,#961a3f,3,319.220346,6.939573,0.312281,0.045000
z_0088_316.875839.png,#9b33b5,1,98.083261,2.132245,0.095951,0.045000
z_0088_316.875839.png,#a3afd4,3,306.291414,6.658509,0.299633,0.045000
z_0088_316.875839.png,#b086bd,1,51.798990,1.126065,0.050673,0.045000
z_0088_316.875839.png,#b54c73,5,512.759451,11.146945,0.501613,0.045000
z_0088_316.875839.png,#c4b897,1,22.727922,0.494085,0.022234,0.045000
z_0088_316.875839.png,#c9a236,1,106.911688,2.324167,0.104588,0.045000
z_0088_316.875839.png,#e8a9bc,2,281.078210,6.110396,0.274968,0.045000
z_0088_316.875839.png,#eb4934,1,30.485281,0.662724,0.029823,0.045000
z_0088_316.875839.png,#eb7434,3,437.688384,9.514965,0.428173,0.045000
z_0088_316.875839.png,#f79d79,2,148.024387,3.217921,0.144806,0.045000
z_0088_316.875839.png,#ff8308,2,513.913780,11.172039,0.502742,0.045000
z_0088_316.875839.png,#ffb0ba,6,525.286363,11.419269,0.513867,0.045000
z_0089_317.885906.png,#15c1d4,5,320.391919,6.965042,0.313427,0.045000
z_0089_317.885906.png,#2b8f76,2,412.918831,8.976496,0.403942,0.045000
z_0089_317.885906.png,#2c6944,2,823.477272,17.901680,0.805576,0.045000
z_0089_317.885906.png,#60bccc,4,373.161472,8.112206,0.365049,0.045000
z_0089_317.885906.png,#74ff8a,5,308.693434,6.710727,0.301983,0.045000
z_0089_317.885906.png,#780dd6,2,573.286363,12.462747,0.560824,0.045000
z_0089_317.885906.png,#806a16,2,283.178716,6.156059,0.277023,0.045000
z_0089_317.885906.png,#8695bd,9,1297.040764,28.196538,1.268844,0.045000
z_0089_317.885906.png,#881a96,2,238.509668,5.184993,0.233325,0.045000
z_0089_317.885906.png,#9486bd,1,252.551299,5.490246,0.247061,0.045000
z_0089_317.885906.png,#94d4b5,1,192.994949,4.195542,0.188799,0.045000
z_0089_317.885906.png,#961a3f,3,324.149278,7.046723,0.317103,0.045000
z_0089_317.885906.png,#9b33b5,1,97.497475,2.119510,0.095378,0.045000
z_0089_317.885906.png,#a3afd4,3,304.877200,6.627765,0.298249,0.045000
z_0089_317.885906.png,#b086bd,1,48.384776,1.051843,0.047333,0.045000
z_0089_317.885906.png,#b54c73,5,471.203102,10.243546,0.460960,0.045000
z_0089_317.885906.png,#c4b897,1,31.556349,0.686008,0.030870,0.045000
z_0089_317.885906.png,#c9a236,1,102.669048,2.231936,0.100437,0.045000
z_0089_317.885906.png,#e8a9bc,2,307.948268,6.694528,0.301254,0.045000
z_0089_317.885906.png,#eb4934,1,32.727922,0.711477,0.032016,0.045000
z_0089_317.885906.png,#eb7434,2,456.516811,9.924278,0.446593,0.045000
z_0089_317.885906.png,#f79d79,2,146.367532,3.181903,0.143186,0.045000
z_0089_317.885906.png,#ff8308,2,520.399062,11.313023,0.509086,0.045000
z_0089_317.885906.png,#ffb0ba,5,474.315801,10.311213,0.464005,0.045000
z_0090_318.895973.png,#15c1d4,5,366.534055,7.968132,0.358566,0.045000
z_0090_318.895973.png,#2b8f76,4,373.362482,8.116576,0.365246,0.045000
z_0090_318.895973.png,#2c6944,2,843.862048,18.344827,0.825517,0.045000
z_0090_318.895973.png,#60bccc,4,355.605122,7.730546,0.347875,0.045000
z_0090_318.895973.png,#74ff8a,5,309.078210,6.719092,0.302359,0.045000
z_0090_318.895973.png,#780dd6,2,593.428499,12.900620,0.580528,0.045000
z_0090_318.895973.png,#806a16,2,285.421356,6.204812,0.279217,0.045000
z_0090_318.895973.png,#8695bd,8,1281.141269,27.850897,1.253290,0.045000
z_0090_318.895973.png,#881a96,2,249.237590,5.418208,0.243819,0.045000
z_0090_318.895973.png,#9486bd,1,255.722871,5.559193,0.250164,0.045000
z_0090_318.895973.png,#94d4b5,1,185.681241,4.036549,0.181645,0.045000
z_0090_318.895973.png,#961a3f,3,318.835570,6.931208,0.311904,0.045000
z_0090_318.895973.png,#9b33b5,1,93.840620,2.040013,0.091801,0.045000
z_0090_318.895973.png,#a3afd4,3,298.735065,6.494241,0.292241,0.045000
z_0090_318.895973.png,#b086bd,1,49.798990,1.082587,0.048716,0.045000
z_0090_318.895973.png,#b54c73,5,433.646753,9.427103,0.424220,0.045000
z_0090_318.895973.png,#c4b897,1,36.970563,0.803708,0.036167,0.045000
z_0090_318.895973.png,#c9a236,1,94.183766,2.047473,0.092136,0.045000
z_0090_318.895973.png,#e8a9bc,2,329.404112,7.160959,0.322243,0.045000
z_0090_318.895973.png,#eb4934,1,28.727922,0.624520,0.028103,0.045000
z_0090_318.895973.png,#eb7434,2,480.315801,10.441648,0.469874,0.045000
z_0090_318.895973.png,#f79d79,2,149.781746,3.256125,0.146526,0.045000
z_0090_318.895973.png,#ff8308,2,527.854906,11.475107,0.516380,0.045000
z_0090_318.895973.png,#ffb0ba,4,433.688384,9.428008,0.424260,0.045000
z_0091_319.906040.png,#15c1d4,6,455.002092,9.891350,0.445111,0.045000
z_0091_319.906040.png,#2b8f76,5,300.835570,6.539904,0.294296,0.045000
z_0091_319.906040.png,#2c6944,2,867.903679,18.867471,0.849036,0.045000
z_0091_319.906040.png,#60bccc,4,351.948268,7.651049,0.344297,0.045000
z_0091_319.906040.png,#74ff8a,5,312.249783,6.788039,0.305462,0.045000
z_0091_319.906040.png,#780dd6,2,611.570635,13.295014,0.598276,0.045000
z_0091_319.906040.png,#806a16,2,279.521861,6.076562,0.273445,0.045000
z_0091_319.906040.png,#8695bd,7,1245.584920,27.077933,1.218507,0.045000
z_0091_319.906040.png,#881a96,3,278.350288,6.051093,0.272299,0.045000
z_0091_319.906040.png,#9486bd,1,255.722871,5.559193,0.250164,0.045000
z_0091_319.906040.png,#94d4b5,2,135.296465,2.941227,0.132355,0.045000
z_0091_319.906040.png,#961a3f,3,327.078210,7.110396,0.319968,0.045000
z_0091_319.906040.png,#9b33b5,1,93.840620,2.040013,0.091801,0.045000
z_0091_319.906040.png,#a3afd4,3,294.977705,6.412559,0.288565,0.045000
z_0091_319.906040.png,#b086bd,1,47.798990,1.039108,0.046760,0.045000
z_0091_319.906040.png,#b54c73,5,410.776695,8.929928,0.401847,0.045000
z_0091_319.906040.png,#c9a236,1,83.355339,1.812073,0.081543,0.045000
z_0091_319.906040.png,#e8a9bc,2,348.918831,7.585192,0.341334,0.045000
z_0091_319.906040.png,#eb4934,1,38.727922,0.841911,0.037886,0.045000
z_0091_319.906040.png,#eb7434,2,521.570635,11.338492,0.510232,0.045000
z_0091_319.906040.png,#f79d79,2,171.095454,3.719466,0.167376,0.045000
z_0091_319.906040.png,#ff8308,2,524.298557,11.397795,0.512901,0.045000
z_0091_319.906040.png,#ffb0ba,4,431.788889,9.386715,0.422402,0.045000
z_0092_320.916107.png,#15c1d4,8,638.340187,13.876961,0.624463,0.045000
z_0092_320.916107.png,#2b8f76,4,237.137085,5.155154,0.231982,0.045000
z_0092_320.916107.png,#2c6944,2,896.631601,19.491991,0.877140,0.045000
z_0092_320.916107.png,#60bccc,5,428.717821,9.319953,0.419398,0.045000
z_0092_320.916107.png,#74ff8a,5,317.663997,6.905739,0.310758,0.045000
z_0092_320.916107.png,#780dd6,3,611.428499,13.291924,0.598137,0.045000
z_0092_320.916107.png,#806a16,2,268.835570,5.844252,0.262991,0.045000
z_0092_320.916107.png,#8695bd,7,1156.129076,25.133241,1.130996,0.045000
z_0092_320.916107.png,#881a96,3,210.166522,4.568837,0.205598,0.045000
z_0092_320.916107.png,#9486bd,1,255.480231,5.553918,0.249926,0.045000
z_0092_320.916107.png,#94d4b5,2,125.982756,2.738756,0.123244,0.045000
z_0092_320.916107.png,#961a3f,4,348.977705,7.586472,0.341391,0.045000
z_0092_320.916107.png,#9b33b5,2,113.982756,2.477886,0.111505,0.045000
z_0092_320.916107.png,#a3afd4,3,312.048773,6.783669,0.305265,0.045000
z_0092_320.916107.png,#b086bd,1,45.556349,0.990355,0.044566,0.045000
z_0092_320.916107.png,#b54c73,5,452.475180,9.836417,0.442639,0.045000
z_0092_320.916107.png,#c9a236,1,74.284271,1.614875,0.072669,0.045000
z_0092_320.916107.png,#e8a9bc,3,380.232539,8.265925,0.371967,0.045000
z_0092_320.916107.png,#eb4934,2,94.183766,2.047473,0.092136,0.045000
z_0092_320.916107.png,#eb7434,3,519.671140,11.297199,0.508374,0.045000
z_0092_320.916107.png,#f79d79,2,184.267027,4.005805,0.180261,0.045000
z_0092_320.916107.png,#ff8308,2,537.269119,11.679763,0.525589,0.045000
z_0092_320.916107.png,#ffb0ba,4,426.232539,9.265925,0.416967,0.045000
z_0093_321.926174.png,#15c1d4,6,710.825469,15.452728,0.695373,0.045000
z_0093_321.926174.png,#2b8f76,4,200.894444,4.367271,0.196527,0.045000
z_0093_321.926174.png,#2c6944,2,943.460028,20.510001,0.922950,0.045000
z_0093_321.926174.png,#60bccc,4,482.617316,10.491681,0.472126,0.045000
z_0093_321.926174.png,#74ff8a,5,309.421356,6.726551,0.302695,0.045000
z_0093_321.926174.png,#780dd6,4,568.315801,12.354691,0.555961,0.045000
z_0093_321.926174.png,#806a16,2,257.421356,5.596116,0.251825,0.045000
z_0093_321.926174.png,#8695bd,8,1135.099639,24.676079,1.110424,0.045000
z_0093_321.926174.png,#881a96,2,110.225397,2.396204,0.107829,0.045000
z_0093_321.926174.png,#9486bd,1,255.137085,5.546458,0.249591,0.045000
z_0093_321.926174.png,#94d4b5,2,173.923882,3.780954,0.170143,0.045000
z_0093_321.926174.png,#961a3f,4,317.078210,6.893005,0.310185,0.045000
z_0093_321.926174.png,#9b33b5,2,124.468037,2.705827,0.121762,0.045000
z_0093_321.926174.png,#a3afd4,2,311.806133,6.778394,0.305028,0.045000
z_0093_321.926174.png,#b086bd,1,49.798990,1.082587,0.048716,0.045000
z_0093_321.926174.png,#b54c73,4,458.516811,9.967757,0.448549,0.045000
z_0093_321.926174.png,#c4b897,1,43.798990,0.952152,0.042847,0.045000
z_0093_321.926174.png,#c9a236,1,62.526912,1.359281,0.061168,0.045000
z_0093_321.926174.png,#e8a9bc,2,376.717821,8.189518,0.368528,0.045000
z_0093_321.926174.png,#eb4934,2,101.941125,2.216111,0.099725,0.045000
z_0093_321.926174.png,#eb7434,3,551.813275,11.995941,0.539817,0.045000
z_0093_321.926174.png,#f79d79,2,204.066017,4.436218,0.199630,0.045000
z_0093_321.926174.png,#ff8308,2,548.724963,11.928804,0.536796,0.045000
z_0093_321.926174.png,#ffb0ba,4,410.918831,8.933018,0.401986,0.045000
z_0094_322.936242.png,#15c1d4,6,711.026479,15.457097,0.695569,0.045000
z_0094_322.936242.png,#2b8f76,3,146.468037,3.184088,0.143284,0.045000
z_0094_322.936242.png,#2c6944,3,984.271211,21.397200,0.962874,0.045000
z_0094_322.936242.png,#60bccc,5,514.132034,11.176783,0.502955,0.045000
z_0094_322.936242.png,#74ff8a,5,302.693434,6.580292,0.296113,0.045000
z_0094_322.936242.png,#780dd6,3,507.830519,11.039794,0.496791,0.045000
z_0094_322.936242.png,#806a16,2,242.450793,5.270669,0.237180,0.045000
z_0094_322.936242.png,#8695bd,7,997.075252,21.675549,0.975400,0.045000
z_0094_322.936242.png,#881a96,2,104.669048,2.275414,0.102394,0.045000
z_0094_322.936242.png,#9486bd,2,326.492424,7.097661,0.319395,0.045000
z_0094_322.936242.png,#94d4b5,2,191.923882,4.172258,0.187752,0.045000
z_0094_322.936242.png,#961a3f,4,312.492424,6.793314,0.305699,0.045000
z_0094_322.936242.png,#9b33b5,2,135.639610,2.948687,0.132691,0.045000
z_0094_322.936242.png,#a3afd4,2,305.462987,6.640500,0.298822,0.045000
z_0094_322.936242.png,#b086bd,1,48.970563,1.064577,0.047906,0.045000
z_0094_322.936242.png,#b54c73,4,448.516811,9.750365,0.438766,0.045000
z_0094_322.936242.png,#c4b897,2,223.580736,4.860451,0.218720,0.045000
z_0094_322.936242.png,#c9a236,1,63.355339,1.377290,0.061978,0.045000
z_0094_322.936242.png,#e8a9bc,2,370.818326,8.061268,0.362757,0.045000
z_0094_322.936242.png,#eb4934,2,104.083261,2.262680,0.101821,0.045000
z_0094_322.936242.png,#eb7434,3,549.771645,11.951557,0.537820,0.045000
z_0094_322.936242.png,#f79d79,1,202.894444,4.410749,0.198484,0.045000
z_0094_322.936242.png,#ff8308,2,578.867099,12.584067,0.566283,0.045000
z_0094_322.936242.png,#ffb0ba,4,402.291414,8.745466,0.393546,0.045000
z_0095_323.946309.png,#15c1d4,5,732.340187,15.920439,0.716420,0.045000
z_0095_323.946309.png,#2b8f76,3,153.781746,3.343081,0.150439,0.045000
z_0095_323.946309.png,#2c6944,4,1115.082395,24.240922,1.090841,0.045000
z_0095_323.946309.png,#60bccc,5,499.931024,10.868066,0.489063,0.045000
z_0095_323.946309.png,#74ff8a,5,302.350288,6.572832,0.295777,0.045000
z_0095_323.946309.png,#780dd6,3,512.759451,11.146945,0.501613,0.045000
z_0095_323.946309.png,#806a16,2,221.036580,4.805143,0.216231,0.045000
z_0095_323.946309.png,#8695bd,8,960.104689,20.871841,0.939233,0.045000
z_0095_323.946309.png,#881a96,2,111.840620,2.431318,0.109409,0.045000
z_0095_323.946309.png,#9486bd,2,356.835570,7.757295,0.349078,0.045000
z_0095_323.946309.png,#94d4b5,2,201.237590,4.374730,0.196863,0.045000
z_0095_323.946309.png,#961a3f,4,310.149278,6.742376,0.303407,0.045000
z_0095_323.946309.png,#9b33b5,2,148.225397,3.222291,0.145003,0.045000
z_0095_323.946309.png,#a3afd4,2,306.391919,6.660694,0.299731,0.045000
z_0095_323.946309.png,#b086bd,1,66.870058,1.453697,0.065416,0.045000
z_0095_323.946309.png,#b54c73,4,448.031529,9.739816,0.438292,0.045000
z_0095_323.946309.png,#c4b897,2,225.095454,4.893379,0.220202,0.045000
z_0095_323.946309.png,#c9a236,1,62.041631,1.348731,0.060693,0.045000
z_0095_323.946309.png,#e8a9bc,3,399.989899,8.695433,0.391294,0.045000
z_0095_323.946309.png,#eb4934,2,79.355339,1.725116,0.077630,0.045000
z_0095_323.946309.png,#eb7434,3,532.901587,11.584817,0.521317,0.045000
z_0095_323.946309.png,#f79d79,1,202.409163,4.400199,0.198009,0.045000
z_0095_323.946309.png,#ff8308,2,595.251875,12.940258,0.582312,0.045000
z_0095_323.946309.png,#ffb0ba,4,405.605122,8.817503,0.396788,0.045000
z_0096_324.956376.png,#15c1d4,6,785.695526,17.080338,0.768615,0.045000
z_0096_324.956376.png,#2b8f76,3,166.267027,3.614501,0.162653,0.045000
z_0096_324.956376.png,#2c6944,5,1180.094588,25.654230,1.154440,0.045000
z_0096_324.956376.png,#60bccc,5,441.889394,9.606291,0.432283,0.045000
z_0096_324.956376.png,#74ff8a,5,302.835570,6.583382,0.296252,0.045000
z_0096_324.956376.png,#780dd6,3,526.416306,11.443833,0.514972,0.045000
z_0096_324.956376.png,#806a16,2,205.237590,4.461687,0.200776,0.045000
z_0096_324.956376.png,#8695bd,7,972.004184,21.130526,0.950874,0.045000
z_0096_324.956376.png,#881a96,3,129.740115,2.820437,0.126920,0.045000
z_0096_324.956376.png,#9486bd,3,452.960461,9.846967,0.443113,0.045000
z_0096_324.956376.png,#94d4b5,2,209.137085,4.546458,0.204591,0.045000
z_0096_324.956376.png,#961a3f,4,317.220346,6.896094,0.310324,0.045000
z_0096_324.956376.png,#9b33b5,2,160.710678,3.493710,0.157217,0.045000
z_0096_324.956376.png,#a3afd4,2,302.634560,6.579012,0.296056,0.045000
z_0096_324.956376.png,#b086bd,1,88.284271,1.919223,0.086365,0.045000
z_0096_324.956376.png,#b54c73,4,415.646753,9.035799,0.406611,0.045000
z_0096_324.956376.png,#c4b897,2,223.438600,4.857361,0.218581,0.045000
z_0096_324.956376.png,#c9a236,1,61.698485,1.341271,0.060357,0.045000
z_0096_324.956376.png,#e8a9bc,4,357.605122,7.774024,0.349831,0.045000
z_0096_324.956376.png,#eb4934,2,94.568542,2.055838,0.092513,0.045000
z_0096_324.956376.png,#eb7434,3,525.043723,11.413994,0.513630,0.045000
z_0096_324.956376.png,#f79d79,1,197.580736,4.295233,0.193286,0.045000
z_0096_324.956376.png,#ff8308,2,584.523953,12.707042,0.571817,0.045000
z_0096_324.956376.png,#ffb0ba,4,633.227489,13.765815,0.619462,0.045000
z_0097_325.966443.png,#15c1d4,6,841.193001,18.286804,0.822906,0.045000
z_0097_325.966443.png,#2b8f76,3,171.338095,3.724741,0.167613,0.045000
z_0097_325.966443.png,#2c6944,5,1112.153462,24.177249,1.087976,0.045000
z_0097_325.966443.png,#60bccc,5,441.788889,9.604106,0.432185,0.045000
z_0097_325.966443.png,#74ff8a,5,298.936075,6.498610,0.292437,0.045000
z_0097_325.966443.png,#780dd6,3,563.529004,12.250631,0.551278,0.045000
z_0097_325.966443.png,#806a16,2,196.166522,4.264490,0.191902,0.045000
z_0097_325.966443.png,#8695bd,6,975.560533,21.207838,0.954353,0.045000
z_0097_325.966443.png,#881a96,2,110.225397,2.396204,0.107829,0.045000
z_0097_325.966443.png,#9486bd,4,573.570635,12.468927,0.561102,0.045000
z_0097_325.966443.png,#94d4b5,2,218.208153,4.743655,0.213464,0.045000
z_0097_325.966443.png,#961a3f,4,328.877200,7.149504,0.321728,0.045000
z_0097_325.966443.png,#9b33b5,2,166.710678,3.624145,0.163087,0.045000
z_0097_325.966443.png,#a3afd4,2,303.220346,6.591747,0.296629,0.045000
z_0097_325.966443.png,#b086bd,2,149.882251,3.258310,0.146624,0.045000
z_0097_325.966443.png,#b54c73,4,405.303607,8.810948,0.396493,0.045000
z_0097_325.966443.png,#c4b897,2,232.752309,5.059833,0.227692,0.045000
z_0097_325.966443.png,#c9a236,1,60.284271,1.310528,0.058974,0.045000
z_0097_325.966443.png,#e8a9bc,4,282.693434,6.145509,0.276548,0.045000
z_0097_325.966443.png,#eb4934,2,97.154329,2.112051,0.095042,0.045000
z_0097_325.966443.png,#eb7434,3,512.457936,11.140390,0.501318,0.045000
z_0097_325.966443.png,#f79d79,1,200.651804,4.361996,0.196290,0.045000
z_0097_325.966443.png,#ff8308,2,587.595021,12.773805,0.574821,0.045000
z_0097_325.966443.png,#ffb0ba,5,629.470129,13.684133,0.615786,0.045000
z_0098_326.976510.png,#15c1d4,7,852.264069,18.527480,0.833737,0.045000
z_0098_326.976510.png,#2b8f76,3,175.580736,3.816973,0.171764,0.045000
z_0098_326.976510.png,#2c6944,4,520.014285,11.304658,0.508710,0.045000
z_0098_326.976510.png,#60bccc,6,422.859956,9.192608,0.413667,0.045000
z_0098_326.976510.png,#74ff8a,5,296.936075,6.455132,0.290481,0.045000
z_0098_326.976510.png,#780dd6,4,583.872150,12.692873,0.571179,0.045000
z_0098_326.976510.png,#806a16,2,186.651804,4.057648,0.182594,0.045000
z_0098_326.976510.png,#8695bd,5,954.974747,20.760321,0.934214,0.045000
z_0098_326.976510.png,#881a96,2,129.053824,2.805518,0.126248,0.045000
z_0098_326.976510.png,#9486bd,3,636.541197,13.837852,0.622703,0.045000
z_0098_326.976510.png,#94d4b5,2,222.894444,4.845531,0.218049,0.045000
z_0098_326.976510.png,#961a3f,4,334.534055,7.272479,0.327262,0.045000
z_0098_326.976510.png,#9b33b5,2,162.710678,3.537189,0.159173,0.045000
z_0098_326.976510.png,#a3afd4,2,306.634560,6.665969,0.299969,0.045000
z_0098_326.976510.png,#b086bd,1,148.710678,3.232841,0.145478,0.045000
z_0098_326.976510.png,#b54c73,5,386.575685,8.403819,0.378172,0.045000
z_0098_326.976510.png,#c4b897,3,225.580736,4.903929,0.220677,0.045000
z_0098_326.976510.png,#c9a236,1,58.041631,1.261775,0.056780,0.045000
z_0098_326.976510.png,#e8a9bc,4,228.551299,4.968506,0.223583,0.045000
z_0098_326.976510.png,#eb4934,2,119.396970,2.595586,0.116801,0.045000
z_0098_326.976510.png,#eb7434,4,464.759451,10.103466,0.454656,0.045000
z_0098_326.976510.png,#f79d79,2,199.338095,4.333437,0.195005,0.045000
z_0098_326.976510.png,#ff8308,2,592.038672,12.870406,0.579168,0.045000
z_0098_326.976510.png,#ffb0ba,5,590.600072,12.839132,0.577761,0.045000
z_0099_327.986577.png,#15c1d4,8,804.565584,17.490556,0.787075,0.045000
z_0099_327.986577.png,#2b8f76,3,175.681241,3.819157,0.171862,0.045000
z_0099_327.986577.png,#2c6944,5,518.742207,11.277005,0.507465,0.045000
z_0099_327.986577.png,#60bccc,6,409.889394,8.910639,0.400979,0.045000
z_0099_327.986577.png,#74ff8a,5,289.622366,6.296138,0.283326,0.045000
z_0099_327.986577.png,#780dd6,4,653.269119,14.201503,0.639068,0.045000
z_0099_327.986577.png,#806a16,2,182.994949,3.978151,0.179017,0.045000
z_0099_327.986577.png,#8695bd,6,914.548340,19.881486,0.894667,0.045000
z_0099_327.986577.png,#881a96,3,199.237590,4.331252,0.194906,0.045000
z_0099_327.986577.png,#9486bd,3,665.511760,14.467647,0.651044,0.045000
z_0099_327.986577.png,#94d4b5,4,337.705627,7.341427,0.330364,0.045000
z_0099_327.986577.png,#961a3f,4,346.190909,7.525889,0.338665,0.045000
z_0099_327.986577.png,#9b33b5,2,156.468037,3.401479,0.153067,0.045000
z_0099_327.986577.png,#a3afd4,3,357.605122,7.774024,0.349831,0.045000
z_0099_327.986577.png,#b086bd,1,149.781746,3.256125,0.146526,0.045000
z_0099_327.986577.png,#b54c73,4,368.433550,8.009425,0.360424,0.045000
z_0099_327.986577.png,#c4b897,3,212.953319,4.629420,0.208324,0.045000
z_0099_327.986577.png,#c9a236,1,57.112698,1.241580,0.055871,0.045000
z_0099_327.986577.png,#e8a9bc,2,106.769553,2.321077,0.104448,0.045000
z_0099_327.986577.png,#eb4934,1,105.982756,2.303973,0.103679,0.045000
z_0099_327.986577.png,#eb7434,6,473.244733,10.287929,0.462957,0.045000
z_0099_327.986577.png,#f79d79,2,192.166522,4.177533,0.187989,0.045000
z_0099_327.986577.png,#ff8308,2,572.523953,12.446173,0.560078,0.045000
z_0099_327.986577.png,#ffb0ba,6,598.984848,13.021410,0.585963,0.045000
z_0100_328.996644.png,#15c1d4,8,777.151370,16.894595,0.760257,0.045000
z_0100_328.996644.png,#2b8f76,3,174.509668,3.793688,0.170716,0.045000
z_0100_328.996644.png,#2c6944,5,540.399062,11.747806,0.528651,0.045000
z_0100_328.996644.png,#60bccc,5,398.232539,8.657229,0.389575,0.045000
z_0100_328.996644.png,#74ff8a,4,262.894444,5.715097,0.257179,0.045000
z_0100_328.996644.png,#780dd6,4,673.997041,14.652110,0.659345,0.045000
z_0100_328.996644.png,#806a16,2,180.509668,3.924123,0.176586,0.045000
z_0100_328.996644.png,#8695bd,6,869.193001,18.895500,0.850298,0.045000
z_0100_328.996644.png,#881a96,3,242.936075,5.281219,0.237655,0.045000
z_0100_328.996644.png,#9486bd,4,679.511760,14.771995,0.664740,0.045000
z_0100_328.996644.png,#94d4b5,3,403.989899,8.782389,0.395208,0.045000
z_0100_328.996644.png,#961a3f,4,388.676190,8.449482,0.380227,0.045000
z_0100_328.996644.png,#9b33b5,2,141.296465,3.071662,0.138225,0.045000
z_0100_328.996644.png,#a3afd4,3,379.989899,8.260650,0.371729,0.045000
z_0100_328.996644.png,#b086bd,1,162.610173,3.535004,0.159075,0.045000
z_0100_328.996644.png,#b54c73,5,357.220346,7.765660,0.349455,0.045000
z_0100_328.996644.png,#c4b897,3,209.539105,4.555198,0.204984,0.045000
z_0100_328.996644.png,#c9a236,1,57.455844,1.249040,0.056207,0.045000
z_0100_328.996644.png,#e8a9bc,2,83.698485,1.819532,0.081879,0.045000
z_0100_328.996644.png,#eb4934,1,101.154329,2.199007,0.098955,0.045000
z_0100_328.996644.png,#eb7434,6,527.286363,11.462747,0.515824,0.045000
z_0100_328.996644.png,#f79d79,2,181.095454,3.936858,0.177159,0.045000
z_0100_328.996644.png,#ff8308,2,559.068109,12.153655,0.546914,0.045000
z_0100_328.996644.png,#ffb0ba,5,556.114790,12.089452,0.544025,0.045000
z_0101_330.006711.png,#15c1d4,7,769.979797,16.738691,0.753241,0.045000
z_0101_330.006711.png,#2b8f76,3,167.923882,3.650519,0.164273,0.045000
z_0101_330.006711.png,#2c6944,5,558.641702,12.144385,0.546497,0.045000
z_0101_330.006711.png,#60bccc,3,282.249783,6.135865,0.276114,0.045000
z_0101_330.006711.png,#74ff8a,4,274.450793,5.966322,0.268484,0.045000
z_0101_330.006711.png,#780dd6,4,698.482323,15.184398,0.683298,0.045000
z_0101_330.006711.png,#806a16,2,181.438600,3.944317,0.177494,0.045000
z_0101_330.006711.png,#8695bd,5,845.636652,18.383405,0.827253,0.045000
z_0101_330.006711.png,#881a96,3,289.220346,6.287399,0.282933,0.045000
z_0101_330.006711.png,#9486bd,4,661.854906,14.388150,0.647467,0.045000
z_0101_330.006711.png,#94d4b5,3,440.617316,9.578637,0.431039,0.045000
z_0101_330.006711.png,#961a3f,4,387.847763,8.431473,0.379416,0.045000
z_0101_330.006711.png,#9b33b5,2,135.195959,2.939043,0.132257,0.045000
z_0101_330.006711.png,#a3afd4,5,419.504617,9.119666,0.410385,0.045000
z_0101_330.006711.png,#b086bd,2,148.710678,3.232841,0.145478,0.045000
z_0101_330.006711.png,#b54c73,4,298.450793,6.488061,0.291963,0.045000
z_0101_330.006711.png,#c4b897,3,182.124892,3.959237,0.178166,0.045000
z_0101_330.006711.png,#c9a236,1,58.041631,1.261775,0.056780,0.045000
z_0101_330.006711.png,#e8a9bc,2,66.284271,1.440962,0.064843,0.045000
z_0101_330.006711.png,#eb4934,1,100.568542,2.186273,0.098382,0.045000
z_0101_330.006711.png,#eb7434,5,533.286363,11.593182,0.521693,0.045000
z_0101_330.006711.png,#f79d79,2,181.095454,3.936858,0.177159,0.045000
z_0101_330.006711.png,#ff8308,3,606.180808,13.177844,0.593003,0.045000
z_0101_330.006711.png,#ffb0ba,5,536.801082,11.669589,0.525131,0.045000
z_0102_331.016779.png,#15c1d4,6,728.967604,15.847122,0.713120,0.045000
z_0102_331.016779.png,#2b8f76,3,162.610173,3.535004,0.159075,0.045000
z_0102_331.016779.png,#2c6944,6,586.198052,12.743436,0.573455,0.045000
z_0102_331.016779.png,#60bccc,3,222.308658,4.832797,0.217476,0.045000
z_0102_331.016779.png,#74ff8a,4,273.622366,5.948312,0.267674,0.045000
z_0102_331.016779.png,#780dd6,4,713.411255,15.508940,0.697902,0.045000
z_0102_331.016779.png,#806a16,2,180.710678,3.928493,0.176782,0.045000
z_0102_331.016779.png,#8695bd,5,830.607214,18.056679,0.812551,0.045000
z_0102_331.016779.png,#881a96,3,329.019336,7.152594,0.321867,0.045000
z_0102_331.016779.png,#9486bd,4,667.068109,14.501481,0.652567,0.045000
z_0102_331.016779.png,#94d4b5,3,465.002092,10.108741,0.454893,0.045000
z_0102_331.016779.png,#961a3f,5,374.634560,8.144230,0.366490,0.045000
z_0102_331.016779.png,#9b33b5,2,133.296465,2.897749,0.130399,0.045000
z_0102_331.016779.png,#a3afd4,5,427.504617,9.293579,0.418211,0.045000
z_0102_331.016779.png,#b086bd,2,125.296465,2.723836,0.122573,0.045000
z_0102_331.016779.png,#b54c73,4,292.793939,6.365086,0.286429,0.045000
z_0102_331.016779.png,#c4b897,3,179.053824,3.892474,0.175161,0.045000
z_0102_331.016779.png,#c9a236,1,55.798990,1.213022,0.054586,0.045000
z_0102_331.016779.png,#e8a9bc,2,102.183766,2.221386,0.099962,0.045000
z_0102_331.016779.png,#eb4934,1,104.911688,2.280689,0.102631,0.045000
z_0102_331.016779.png,#eb7434,5,563.612265,12.252441,0.551360,0.045000
z_0102_331.016779.png,#f79d79,1,176.752309,3.842441,0.172910,0.045000
z_0102_331.016779.png,#ff8308,3,575.896536,12.519490,0.563377,0.045000
z_0102_331.016779.png,#ffb0ba,5,529.629509,11.513685,0.518116,0.045000
z_0103_332.026846.png,#15c1d4,5,737.796031,16.039044,0.721757,0.045000
z_0103_332.026846.png,#2b8f76,3,173.195959,3.765130,0.169431,0.045000
z_0103_332.026846.png,#2c6944,5,580.340187,12.616091,0.567724,0.045000
z_0103_332.026846.png,#60bccc,3,213.823376,4.648334,0.209175,0.045000
z_0103_332.026846.png,#74ff8a,4,271.137085,5.894284,0.265243,0.045000
z_0103_332.026846.png,#780dd6,4,740.239682,16.092167,0.724148,0.045000
z_0103_332.026846.png,#806a16,2,185.095454,4.023814,0.181072,0.045000
z_0103_332.026846.png,#8695bd,6,857.477272,18.640810,0.838836,0.045000
z_0103_332.026846.png,#881a96,3,360.960461,7.846967,0.353113,0.045000
z_0103_332.026846.png,#9486bd,4,691.109740,15.024125,0.676086,0.045000
z_0103_332.026846.png,#94d4b5,2,499.830519,10.865881,0.488965,0.045000
z_0103_332.026846.png,#961a3f,5,370.634560,8.057273,0.362577,0.045000
z_0103_332.026846.png,#9b33b5,2,132.710678,2.885015,0.129826,0.045000
z_0103_332.026846.png,#a3afd4,5,428.090404,9.306313,0.418784,0.045000
z_0103_332.026846.png,#b086bd,2,121.154329,2.633790,0.118521,0.045000
z_0103_332.026846.png,#b54c73,4,287.865007,6.257935,0.281607,0.045000
z_0103_332.026846.png,#c4b897,3,151.882251,3.301788,0.148580,0.045000
z_0103_332.026846.png,#c9a236,1,52.627417,1.144074,0.051483,0.045000
z_0103_332.026846.png,#e8a9bc,2,130.911688,2.845906,0.128066,0.045000
z_0103_332.026846.png,#eb4934,1,101.497475,2.206467,0.099291,0.045000
z_0103_332.026846.png,#eb7434,4,613.452886,13.335932,0.600117,0.045000
z_0103_332.026846.png,#f79d79,2,166.024387,3.609226,0.162415,0.045000
z_0103_332.026846.png,#ff8308,3,575.997041,12.521675,0.563475,0.045000
z_0103_332.026846.png,#ffb0ba,5,521.185858,11.330127,0.509856,0.045000
z_0104_333.036913.png,#15c1d4,5,719.068109,15.631915,0.703436,0.045000
z_0104_333.036913.png,#2b8f76,4,190.267027,4.136240,0.186131,0.045000
z_0104_333.036913.png,#2c6944,7,576.055916,12.522955,0.563533,0.045000
z_0104_333.036913.png,#60bccc,3,157.882251,3.432223,0.154450,0.045000
z_0104_333.036913.png,#74ff8a,4,264.793939,5.756390,0.259038,0.045000
z_0104_333.036913.png,#780dd6,4,765.695526,16.645555,0.749050,0.045000
z_0104_333.036913.png,#806a16,2,187.681241,4.080027,0.183601,0.045000
z_0104_333.036913.png,#8695bd,6,855.862048,18.605697,0.837256,0.045000
z_0104_333.036913.png,#881a96,2,375.102597,8.154404,0.366948,0.045000
z_0104_333.036913.png,#9486bd,4,701.494516,15.249881,0.686245,0.045000
z_0104_333.036913.png,#94d4b5,2,517.587878,11.251910,0.506336,0.045000
z_0104_333.036913.png,#961a3f,6,444.333044,9.659414,0.434674,0.045000
z_0104_333.036913.png,#9b33b5,2,127.982756,2.782234,0.125201,0.045000
z_0104_333.036913.png,#a3afd4,5,436.333044,9.485501,0.426848,0.045000
z_0104_333.036913.png,#b086bd,2,113.154329,2.459877,0.110694,0.045000
z_0104_333.036913.png,#b54c73,4,284.350288,6.181528,0.278169,0.045000
z_0104_333.036913.png,#c4b897,3,151.053824,3.283779,0.147770,0.045000
z_0104_333.036913.png,#c9a236,1,49.455844,1.075127,0.048381,0.045000
z_0104_333.036913.png,#e8a9bc,1,149.882251,3.258310,0.146624,0.045000
z_0104_333.036913.png,#eb4934,1,101.840620,2.213927,0.099627,0.045000
z_0104_333.036913.png,#eb7434,4,589.310750,12.811103,0.576500,0.045000
z_0104_333.036913.png,#f79d79,2,152.953319,3.325072,0.149628,0.045000
z_0104_333.036913.png,#ff8308,3,576.239682,12.526950,0.563713,0.045000
z_0104_333.036913.png,#ffb0ba,5,505.043723,10.979211,0.494065,0.045000
z_0105_334.046980.png,#15c1d4,6,698.624458,15.187488,0.683437,0.045000
z_0105_334.046980.png,#2b8f76,4,187.580736,4.077842,0.183503,0.045000
z_0105_334.046980.png,#2c6944,7,556.499567,12.097817,0.544402,0.045000
z_0105_334.046980.png,#60bccc,3,139.396970,3.030369,0.136367,0.045000
z_0105_334.046980.png,#74ff8a,4,262.450793,5.705452,0.256745,0.045000
z_0105_334.046980.png,#780dd6,5,821.494516,17.858576,0.803636,0.045000
z_0105_334.046980.png,#806a16,2,190.509668,4.141515,0.186368,0.045000
z_0105_334.046980.png,#8695bd,6,823.619408,17.904770,0.805715,0.045000
z_0105_334.046980.png,#881a96,2,401.830519,8.735446,0.393095,0.045000
z_0105_334.046980.png,#9486bd,3,680.423448,14.791814,0.665632,0.045000
z_0105_334.046980.png,#94d4b5,2,528.901587,11.497861,0.517404,0.045000
z_0105_334.046980.png,#961a3f,6,527.002092,11.456567,0.515546,0.045000
z_0105_334.046980.png,#9b33b5,2,132.710678,2.885015,0.129826,0.045000
z_0105_334.046980.png,#a3afd4,5,465.060967,10.110021,0.454951,0.045000
z_0105_334.046980.png,#b086bd,2,103.254834,2.244670,0.101010,0.045000
z_0105_334.046980.png,#b54c73,4,277.178716,6.025624,0.271153,0.045000
z_0105_334.046980.png,#c4b897,2,117.154329,2.546833,0.114607,0.045000
z_0105_334.046980.png,#c9a236,1,45.455844,0.988171,0.044468,0.045000
z_0105_334.046980.png,#e8a9bc,2,449.362482,9.768750,0.439594,0.045000
z_0105_334.046980.png,#eb4934,1,85.012193,1.848091,0.083164,0.045000
z_0105_334.046980.png,#eb7434,6,574.724963,12.494021,0.562231,0.045000
z_0105_334.046980.png,#f79d79,2,145.882251,3.171353,0.142711,0.045000
z_0105_334.046980.png,#ff8308,3,592.038672,12.870406,0.579168,0.045000
z_0105_334.046980.png,#ffb0ba,5,477.587878,10.382345,0.467206,0.045000
z_0106_335.057047.png,#15c1d4,6,698.624458,15.187488,0.683437,0.045000
z_0106_335.057047.png,#2b8f76,4,186.994949,4.065108,0.182930,0.045000
z_0106_335.057047.png,#2c6944,7,554.842712,12.061798,0.542781,0.045000
z_0106_335.057047.png,#60bccc,3,141.396970,3.073847,0.138323,0.045000
z_0106_335.057047.png,#74ff8a,4,259.865007,5.649239,0.254216,0.045000
z_0106_335.057047.png,#780dd6,5,816.766594,17.755796,0.799011,0.045000
z_0106_335.057047.png,#806a16,2,190.267027,4.136240,0.186131,0.045000
z_0106_335.057047.png,#8695bd,6,821.276262,17.853832,0.803422,0.045000
z_0106_335.057047.png,#881a96,2,406.073160,8.827677,0.397245,0.045000
z_0106_335.057047.png,#9486bd,3,675.352380,14.681573,0.660671,0.045000
z_0106_335.057047.png,#94d4b5,2,529.730014,11.515870,0.518214,0.045000
z_0106_335.057047.png,#961a3f,6,519.002092,11.282654,0.507719,0.045000
z_0106_335.057047.png,#9b33b5,2,133.882251,2.910484,0.130972,0.045000
z_0106_335.057047.png,#a3afd4,5,464.575685,10.099471,0.454476,0.045000
z_0106_335.057047.png,#b086bd,2,102.669048,2.231936,0.100437,0.045000
z_0106_335.057047.png,#b54c73,4,277.865007,6.040544,0.271824,0.045000
z_0106_335.057047.png,#c4b897,2,117.982756,2.564843,0.115418,0.045000
z_0106_335.057047.png,#c9a236,1,44.627417,0.970161,0.043657,0.045000
z_0106_335.057047.png,#e8a9bc,2,448.291414,9.745466,0.438546,0.045000
z_0106_335.057047.png,#eb4934,1,85.597980,1.860826,0.083737,0.045000
z_0106_335.057047.png,#eb7434,5,571.653896,12.427259,0.559227,0.045000
z_0106_335.057047.png,#f79d79,2,145.882251,3.171353,0.142711,0.045000
z_0106_335.057047.png,#ff8308,3,590.381818,12.834387,0.577547,0.045000
z_0106_335.057047.png,#ffb0ba,6,508.457936,11.053433,0.497405,0.045000
z_0107_336.067114.png,#15c1d4,5,560.499567,12.184773,0.548315,0.045000
z_0107_336.067114.png,#2b8f76,4,172.409163,3.748025,0.168661,0.045000
z_0107_336.067114.png,#2c6944,11,831.335137,18.072503,0.813263,0.045000
z_0107_336.067114.png,#60bccc,2,107.154329,2.329442,0.104825,0.045000
z_0107_336.067114.png,#74ff8a,3,213.580736,4.643059,0.208938,0.045000
z_0107_336.067114.png,#780dd6,6,850.849855,18.496736,0.832353,0.045000
z_0107_336.067114.png,#806a16,3,227.722871,4.950497,0.222772,0.045000
z_0107_336.067114.png,#8695bd,4,765.335137,16.637720,0.748697,0.045000
z_0107_336.067114.png,#881a96,2,485.612265,10.556788,0.475055,0.045000
z_0107_336.067114.png,#9486bd,3,693.536147,15.076873,0.678459,0.045000
z_0107_336.067114.png,#94d4b5,4,560.014285,12.174224,0.547840,0.045000
z_0107_336.067114.png,#961a3f,6,604.156421,13.133835,0.591023,0.045000
z_0107_336.067114.png,#9b33b5,2,138.953319,3.020724,0.135933,0.045000
z_0107_336.067114.png,#a3afd4,5,488.374675,10.616841,0.477758,0.045000
z_0107_336.067114.png,#b086bd,2,91.254834,1.983801,0.089271,0.045000
z_0107_336.067114.png,#b54c73,7,343.663997,7.470956,0.336193,0.045000
z_0107_336.067114.png,#c4b897,2,165.396970,3.595586,0.161801,0.045000
z_0107_336.067114.png,#c9a236,1,54.284271,1.180093,0.053104,0.045000
z_0107_336.067114.png,#e8a9bc,2,466.190909,10.134585,0.456056,0.045000
z_0107_336.067114.png,#eb4934,1,79.698485,1.732576,0.077966,0.045000
z_0107_336.067114.png,#eb7434,6,487.972655,10.608101,0.477365,0.045000
z_0107_336.067114.png,#f79d79,2,139.296465,3.028184,0.136268,0.045000
z_0107_336.067114.png,#ff8308,3,603.009235,13.108896,0.589900,0.045000
z_0107_336.067114.png,#ffb0ba,6,464.031529,10.087642,0.453944,0.045000
z_0108_337.077181.png,#15c1d4,6,556.499567,12.097817,0.544402,0.045000
z_0108_337.077181.png,#2b8f76,4,179.580736,3.903929,0.175677,0.045000
z_0108_337.077181.png,#2c6944,11,714.867099,15.540589,0.699327,0.045000
z_0108_337.077181.png,#60bccc,3,236.308658,5.137145,0.231172,0.045000
z_0108_337.077181.png,#74ff8a,3,221.480231,4.814788,0.216665,0.045000
z_0108_337.077181.png,#780dd6,5,818.867099,17.801459,0.801066,0.045000
z_0108_337.077181.png,#806a16,3,294.592929,6.404194,0.288189,0.045000
z_0108_337.077181.png,#8695bd,4,758.506709,16.489276,0.742017,0.045000
z_0108_337.077181.png,#881a96,2,513.612265,11.165484,0.502447,0.045000
z_0108_337.077181.png,#9486bd,3,677.636652,14.731232,0.662905,0.045000
z_0108_337.077181.png,#94d4b5,4,619.913780,13.476387,0.606437,0.045000
z_0108_337.077181.png,#961a3f,7,678.884343,14.758355,0.664126,0.045000
z_0108_337.077181.png,#9b33b5,2,141.882251,3.084397,0.138798,0.045000
z_0108_337.077181.png,#a3afd4,6,468.031529,10.174598,0.457857,0.045000
z_0108_337.077181.png,#b086bd,2,92.911688,2.019819,0.090892,0.045000
z_0108_337.077181.png,#b54c73,8,447.788889,9.734541,0.438054,0.045000
z_0108_337.077181.png,#c4b897,2,176.811183,3.843721,0.172967,0.045000
z_0108_337.077181.png,#c9a236,1,54.870058,1.192827,0.053677,0.045000
z_0108_337.077181.png,#e8a9bc,2,478.232539,10.396360,0.467836,0.045000
z_0108_337.077181.png,#eb4934,1,81.941125,1.781329,0.080160,0.045000
z_0108_337.077181.png,#eb7434,6,502.842712,10.931363,0.491911,0.045000
z_0108_337.077181.png,#f79d79,2,132.367532,2.877555,0.129490,0.045000
z_0108_337.077181.png,#ff8308,3,582.281313,12.658289,0.569623,0.045000
z_0108_337.077181.png,#ffb0ba,5,468.516811,10.185148,0.458332,0.045000
z_0109_338.087248.png,#15c1d4,6,565.185858,12.286649,0.552899,0.045000
z_0109_338.087248.png,#2b8f76,4,189.923882,4.128780,0.185795,0.045000
z_0109_338.087248.png,#2c6944,12,726.423448,15.791814,0.710632,0.045000
z_0109_338.087248.png,#60bccc,3,232.551299,5.055463,0.227496,0.045000
z_0109_338.087248.png,#74ff8a,3,210.066017,4.566653,0.205499,0.045000
z_0109_338.087248.png,#780dd6,5,722.683333,15.710507,0.706973,0.045000
z_0109_338.087248.png,#806a16,3,360.634560,7.839882,0.352795,0.045000
z_0109_338.087248.png,#8695bd,4,739.352380,16.072878,0.723280,0.045000
z_0109_338.087248.png,#881a96,3,445.487373,9.684508,0.435803,0.045000
z_0109_338.087248.png,#9486bd,5,736.991991,16.021565,0.720970,0.045000
z_0109_338.087248.png,#94d4b5,5,629.913780,13.693778,0.616220,0.045000
z_0109_338.087248.png,#961a3f,7,730.925974,15.889695,0.715036,0.045000
z_0109_338.087248.png,#9b33b5,2,141.639610,3.079122,0.138560,0.045000
z_0109_338.087248.png,#a3afd4,6,478.274170,10.397265,0.467877,0.045000
z_0109_338.087248.png,#b086bd,2,96.911688,2.106776,0.094805,0.045000
z_0109_338.087248.png,#b54c73,7,501.002092,10.891350,0.490111,0.045000
z_0109_338.087248.png,#c4b897,2,184.124892,4.002715,0.180122,0.045000
z_0109_338.087248.png,#c9a236,1,59.112698,1.285059,0.057828,0.045000
z_0109_338.087248.png,#e8a9bc,2,491.404112,10.682698,0.480721,0.045000
z_0109_338.087248.png,#eb4934,1,74.769553,1.625425,0.073144,0.045000
z_0109_338.087248.png,#eb7434,6,499.529004,10.859326,0.488670,0.045000
z_0109_338.087248.png,#f79d79,2,129.781746,2.821342,0.126960,0.045000
z_0109_338.087248.png,#ff8308,3,538.239682,11.700863,0.526539,0.045000
z_0109_338.087248.png,#ffb0ba,5,474.031529,10.305033,0.463726,0.045000
z_0110_339.097315.png,#15c1d4,5,579.085353,12.588812,0.566497,0.045000
z_0110_339.097315.png,#2b8f76,4,199.480231,4.336527,0.195144,0.045000
z_0110_339.097315.png,#2c6944,11,694.624458,15.100532,0.679524,0.045000
z_0110_339.097315.png,#60bccc,3,236.894444,5.149879,0.231745,0.045000
z_0110_339.097315.png,#74ff8a,3,206.409163,4.487156,0.201922,0.045000
z_0110_339.097315.png,#780dd6,5,679.712770,14.776365,0.664936,0.045000
z_0110_339.097315.png,#806a16,3,385.462987,8.379630,0.377083,0.045000
z_0110_339.097315.png,#8695bd,4,729.938167,15.868221,0.714070,0.045000
z_0110_339.097315.png,#881a96,2,406.901587,8.845687,0.398056,0.045000
z_0110_339.097315.png,#9486bd,5,756.991991,16.456348,0.740536,0.045000
z_0110_339.097315.png,#94d4b5,5,678.097546,14.741251,0.663356,0.045000
z_0110_339.097315.png,#961a3f,6,769.452886,16.727237,0.752726,0.045000
z_0110_339.097315.png,#9b33b5,2,157.296465,3.419488,0.153877,0.045000
z_0110_339.097315.png,#a3afd4,7,524.315801,11.398170,0.512918,0.045000
z_0110_339.097315.png,#b086bd,2,92.083261,2.001810,0.090081,0.045000
z_0110_339.097315.png,#b54c73,7,566.499567,12.315208,0.554184,0.045000
z_0110_339.097315.png,#c4b897,2,239.923882,5.215737,0.234708,0.045000
z_0110_339.097315.png,#c9a236,1,58.627417,1.274509,0.057353,0.045000
z_0110_339.097315.png,#e8a9bc,2,499.747258,10.864071,0.488883,0.045000
z_0110_339.097315.png,#eb4934,1,73.597980,1.599956,0.071998,0.045000
z_0110_339.097315.png,#eb7434,4,408.960461,8.890445,0.400070,0.045000
z_0110_339.097315.png,#f79d79,2,130.367532,2.834077,0.127533,0.045000
z_0110_339.097315.png,#ff8308,3,536.925974,11.672304,0.525254,0.045000
z_0110_339.097315.png,#ffb0ba,6,471.445743,10.248820,0.461197,0.045000
z_0111_340.107383.png,#15c1d4,5,591.470129,12.858046,0.578612,0.045000
z_0111_340.107383.png,#2b8f76,4,205.923882,4.476606,0.201447,0.045000
z_0111_340.107383.png,#2c6944,10,666.624458,14.491836,0.652133,0.045000
z_0111_340.107383.png,#60bccc,3,258.450793,5.618496,0.252832,0.045000
z_0111_340.107383.png,#74ff8a,3,198.409163,4.313243,0.194096,0.045000
z_0111_340.107383.png,#780dd6,5,635.813275,13.822028,0.621991,0.045000
z_0111_340.107383.png,#806a16,3,456.960461,9.933923,0.447027,0.045000
z_0111_340.107383.png,#8695bd,4,718.867099,15.627546,0.703240,0.045000
z_0111_340.107383.png,#881a96,2,376.516811,8.185148,0.368332,0.045000
z_0111_340.107383.png,#9486bd,5,786.891486,17.106337,0.769785,0.045000
z_0111_340.107383.png,#94d4b5,5,723.168614,15.721057,0.707448,0.045000
z_0111_340.107383.png,#961a3f,6,810.666089,17.623176,0.793043,0.045000
z_0111_340.107383.png,#9b33b5,2,168.367532,3.660164,0.164707,0.045000
z_0111_340.107383.png,#a3afd4,6,533.386868,11.595367,0.521792,0.045000
z_0111_340.107383.png,#b086bd,2,88.669048,1.927588,0.086741,0.045000
z_0111_340.107383.png,#b54c73,6,572.641702,12.448733,0.560193,0.045000
z_0111_340.107383.png,#c4b897,2,233.438600,5.074752,0.228364,0.045000
z_0111_340.107383.png,#c9a236,1,53.213203,1.156809,0.052056,0.045000
z_0111_340.107383.png,#e8a9bc,2,502.232539,10.918099,0.491314,0.045000
z_0111_340.107383.png,#eb4934,1,70.769553,1.538469,0.069231,0.045000
z_0111_340.107383.png,#eb7434,4,439.303607,9.550078,0.429754,0.045000
z_0111_340.107383.png,#f79d79,2,129.781746,2.821342,0.126960,0.045000
z_0111_340.107383.png,#ff8308,3,506.742207,11.016135,0.495726,0.045000
z_0111_340.107383.png,#ffb0ba,5,448.416306,9.748181,0.438668,0.045000
z_0112_341.117450.png,#15c1d4,5,590.641702,12.840037,0.577802,0.045000
z_0112_341.117450.png,#2b8f76,4,205.338095,4.463872,0.200874,0.045000
z_0112_341.117450.png,#2c6944,10,673.109740,14.632820,0.658477,0.045000
z_0112_341.117450.png,#60bccc,3,259.865007,5.649239,0.254216,0.045000
z_0112_341.117450.png,#74ff8a,3,198.166522,4.307968,0.193859,0.045000
z_0112_341.117450.png,#780dd6,5,637.470129,13.858046,0.623612,0.045000
z_0112_341.117450.png,#806a16,3,456.475180,9.923373,0.446552,0.045000
z_0112_341.117450.png,#8695bd,4,719.452886,15.640280,0.703813,0.045000
z_0112_341.117450.png,#881a96,2,376.516811,8.185148,0.368332,0.045000
z_0112_341.117450.png,#9486bd,5,786.991991,17.108522,0.769883,0.045000
z_0112_341.117450.png,#94d4b5,5,724.239682,15.744341,0.708495,0.045000
z_0112_341.117450.png,#961a3f,6,808.080303,17.566963,0.790513,0.045000
z_0112_341.117450.png,#9b33b5,2,170.610173,3.708917,0.166901,0.045000
z_0112_341.117450.png,#a3afd4,6,537.043723,11.674864,0.525369,0.045000
z_0112_341.117450.png,#b086bd,2,88.669048,1.927588,0.086741,0.045000
z_0112_341.117450.png,#b54c73,6,573.813275,12.474202,0.561339,0.045000
z_0112_341.117450.png,#c4b897,2,232.852814,5.062018,0.227791,0.045000
z_0112_341.117450.png,#c9a236,1,54.627417,1.187553,0.053440,0.045000
z_0112_341.117450.png,#e8a9bc,2,502.232539,10.918099,0.491314,0.045000
z_0112_341.117450.png,#eb4934,1,70.769553,1.538469,0.069231,0.045000
z_0112_341.117450.png,#eb7434,4,438.717821,9.537344,0.429180,0.045000
z_0112_341.117450.png,#f79d79,2,131.438600,2.857361,0.128581,0.045000
z_0112_341.117450.png,#ff8308,3,505.913780,10.998126,0.494916,0.045000
z_0112_341.117450.png,#ffb0ba,5,446.759451,9.712162,0.437047,0.045000
z_0113_342.127517.png,#15c1d4,6,809.068109,17.588437,0.791480,0.045000
z_0113_342.127517.png,#2b8f76,5,268.350288,5.833702,0.262517,0.045000
z_0113_342.127517.png,#2c6944,9,629.126984,13.676674,0.615450,0.045000
z_0113_342.127517.png,#60bccc,3,327.764502,7.125315,0.320639,0.045000
z_0113_342.127517.png,#74ff8a,3,180.367532,3.921033,0.176446,0.045000
z_0113_342.127517.png,#780dd6,5,501.587878,10.904084,0.490684,0.045000
z_0113_342.127517.png,#806a16,3,551.872150,11.997221,0.539875,0.045000
z_0113_342.127517.png,#8695bd,5,780.180808,16.960452,0.763220,0.045000
z_0113_342.127517.png,#881a96,2,356.717821,7.754735,0.348963,0.045000
z_0113_342.127517.png,#9486bd,4,677.352380,14.725052,0.662627,0.045000
z_0113_342.127517.png,#94d4b5,4,667.754401,14.516400,0.653238,0.045000
z_0113_342.127517.png,#961a3f,5,797.737157,17.342112,0.780395,0.045000
z_0113_342.127517.png,#9b33b5,2,219.237590,4.766035,0.214472,0.045000
z_0113_342.127517.png,#a3afd4,6,677.529004,14.728891,0.662800,0.045000
z_0113_342.127517.png,#b086bd,1,32.142136,0.698742,0.031443,0.045000
z_0113_342.127517.png,#b54c73,7,629.511760,13.685038,0.615827,0.045000
z_0113_342.127517.png,#c4b897,2,229.580736,4.990886,0.224590,0.045000
z_0113_342.127517.png,#c9a236,1,55.798990,1.213022,0.054586,0.045000
z_0113_342.127517.png,#e8a9bc,2,516.859956,11.236086,0.505624,0.045000
z_0113_342.127517.png,#eb4934,1,42.727922,0.928868,0.041799,0.045000
z_0113_342.127517.png,#eb7434,3,594.215295,12.917724,0.581298,0.045000
z_0113_342.127517.png,#f79d79,2,141.882251,3.084397,0.138798,0.045000
z_0113_342.127517.png,#ff8308,4,578.399062,12.573893,0.565825,0.045000
z_0113_342.127517.png,#ffb0ba,6,426.818326,9.278659,0.417540,0.045000
z_0114_343.137584.png,#15c1d4,6,809.896536,17.606446,0.792290,0.045000
z_0114_343.137584.png,#2b8f76,5,268.350288,5.833702,0.262517,0.045000
z_0114_343.137584.png,#2c6944,9,635.854906,13.822933,0.622032,0.045000
z_0114_343.137584.png,#60bccc,3,325.764502,7.081837,0.318683,0.045000
z_0114_343.137584.png,#74ff8a,3,182.024387,3.957052,0.178067,0.045000
z_0114_343.137584.png,#780dd6,5,497.345238,10.811853,0.486533,0.045000
z_0114_343.137584.png,#806a16,3,551.629509,11.991946,0.539638,0.045000
z_0114_343.137584.png,#8695bd,5,781.109740,16.980647,0.764129,0.045000
z_0114_343.137584.png,#881a96,2,359.203102,7.808763,0.351394,0.045000
z_0114_343.137584.png,#9486bd,4,675.938167,14.694308,0.661244,0.045000
z_0114_343.137584.png,#94d4b5,4,674.582828,14.664844,0.659918,0.045000
z_0114_343.137584.png,#961a3f,5,795.151370,17.285899,0.777865,0.045000
z_0114_343.137584.png,#9b33b5,2,221.237590,4.809513,0.216428,0.045000
z_0114_343.137584.png,#a3afd4,6,672.114790,14.611191,0.657504,0.045000
z_0114_343.137584.png,#b086bd,1,31.313708,0.680733,0.030633,0.045000
z_0114_343.137584.png,#b54c73,7,631.269119,13.723242,0.617546,0.045000
z_0114_343.137584.png,#c4b897,2,229.580736,4.990886,0.224590,0.045000
z_0114_343.137584.png,#c9a236,1,55.798990,1.213022,0.054586,0.045000
z_0114_343.137584.png,#e8a9bc,2,518.274170,11.266830,0.507007,0.045000
z_0114_343.137584.png,#eb4934,1,42.727922,0.928868,0.041799,0.045000
z_0114_343.137584.png,#eb7434,3,592.215295,12.874246,0.579341,0.045000
z_0114_343.137584.png,#f79d79,2,142.710678,3.102406,0.139608,0.045000
z_0114_343.137584.png,#ff8308,4,574.641702,12.492211,0.562149,0.045000
z_0114_343.137584.png,#ffb0ba,6,427.646753,9.296669,0.418350,0.045000
z_0115_344.147651.png,#15c1d4,6,810.967604,17.629731,0.793338,0.045000
z_0115_344.147651.png,#2b8f76,5,288.450793,6.270669,0.282180,0.045000
z_0115_344.147651.png,#2c6944,9,662.097546,14.393425,0.647704,0.045000
z_0115_344.147651.png,#60bccc,3,354.735065,7.711632,0.347023,0.045000
z_0115_344.147651.png,#74ff8a,3,174.953319,3.803333,0.171150,0.045000
z_0115_344.147651.png,#780dd6,5,470.759451,10.233901,0.460526,0.045000
z_0115_344.147651.png,#806a16,3,567.185858,12.330127,0.554856,0.045000
z_0115_344.147651.png,#8695bd,6,777.352380,16.898965,0.760453,0.045000
z_0115_344.147651.png,#881a96,2,363.504617,7.902274,0.355602,0.045000
z_0115_344.147651.png,#9486bd,4,680.180808,14.786539,0.665394,0.045000
z_0115_344.147651.png,#94d4b5,4,620.156421,13.481661,0.606675,0.045000
z_0115_344.147651.png,#961a3f,5,801.536147,17.424699,0.784111,0.045000
z_0115_344.147651.png,#9b33b5,2,205.923882,4.476606,0.201447,0.045000
z_0115_344.147651.png,#a3afd4,7,710.499567,15.445643,0.695054,0.045000
z_0115_344.147651.png,#b086bd,1,32.970563,0.716751,0.032254,0.045000
z_0115_344.147651.png,#b54c73,7,683.553391,14.859856,0.668694,0.045000
z_0115_344.147651.png,#c4b897,2,233.237590,5.070382,0.228167,0.045000
z_0115_344.147651.png,#c9a236,2,101.154329,2.199007,0.098955,0.045000
z_0115_344.147651.png,#e8a9bc,3,485.002092,10.543524,0.474459,0.045000
z_0115_344.147651.png,#eb4934,1,39.556349,0.859921,0.038696,0.045000
z_0115_344.147651.png,#eb7434,3,598.943218,13.020505,0.585923,0.045000
z_0115_344.147651.png,#f79d79,2,140.225397,3.048378,0.137177,0.045000
z_0115_344.147651.png,#ff8308,4,544.600072,11.839132,0.532761,0.045000
z_0115_344.147651.png,#ffb0ba,7,436.818326,9.496051,0.427322,0.045000
z_0116_345.157718.png,#15c1d4,6,816.867099,17.757980,0.799109,0.045000
z_0116_345.157718.png,#2b8f76,5,290.693434,6.319422,0.284374,0.045000
z_0116_345.157718.png,#2c6944,9,671.754401,14.603357,0.657151,0.045000
z_0116_345.157718.png,#60bccc,3,353.320851,7.680888,0.345640,0.045000
z_0116_345.157718.png,#74ff8a,3,174.124892,3.785324,0.170340,0.045000
z_0116_345.157718.png,#780dd6,5,475.830519,10.344142,0.465486,0.045000
z_0116_345.157718.png,#806a16,3,566.943218,12.324853,0.554618,0.045000
z_0116_345.157718.png,#8695bd,6,775.251875,16.853302,0.758399,0.045000
z_0116_345.157718.png,#881a96,2,365.161472,7.938293,0.357223,0.045000
z_0116_345.157718.png,#9486bd,5,694.423448,15.096162,0.679327,0.045000
z_0116_345.157718.png,#94d4b5,4,623.227489,13.548424,0.609679,0.045000
z_0116_345.157718.png,#961a3f,5,797.394011,17.334652,0.780059,0.045000
z_0116_345.157718.png,#9b33b5,2,206.509668,4.489341,0.202020,0.045000
z_0116_345.157718.png,#a3afd4,7,707.428499,15.378880,0.692050,0.045000
z_0116_345.157718.png,#b086bd,1,32.970563,0.716751,0.032254,0.045000
z_0116_345.157718.png,#b54c73,7,688.724963,14.972282,0.673753,0.045000
z_0116_345.157718.png,#c4b897,2,233.823376,5.083117,0.228740,0.045000
z_0116_345.157718.png,#c9a236,2,98.083261,2.132245,0.095951,0.045000
z_0116_345.157718.png,#e8a9bc,3,489.244733,10.635755,0.478609,0.045000
z_0116_345.157718.png,#eb4934,1,40.384776,0.877930,0.039507,0.045000
z_0116_345.157718.png,#eb7434,3,600.943218,13.063983,0.587879,0.045000
z_0116_345.157718.png,#f79d79,2,139.639610,3.035644,0.136604,0.045000
z_0116_345.157718.png,#ff8308,4,542.943218,11.803113,0.531140,0.045000
z_0116_345.157718.png,#ffb0ba,7,440.475180,9.575547,0.430900,0.045000
z_0117_346.167785.png,#15c1d4,6,691.126984,15.024500,0.676102,0.045000
z_0117_346.167785.png,#2b8f76,4,285.521861,6.206997,0.279315,0.045000
z_0117_346.167785.png,#2c6944,10,811.435642,17.639905,0.793796,0.045000
z_0117_346.167785.png,#60bccc,3,350.391919,7.617216,0.342775,0.045000
z_0117_346.167785.png,#74ff8a,3,159.781746,3.473516,0.156308,0.045000
z_0117_346.167785.png,#780dd6,5,430.475180,9.358156,0.421117,0.045000
z_0117_346.167785.png,#806a16,2,621.712770,13.515495,0.608197,0.045000
z_0117_346.167785.png,#8695bd,5,726.381818,15.790909,0.710591,0.045000
z_0117_346.167785.png,#881a96,2,351.605122,7.643590,0.343962,0.045000
z_0117_346.167785.png,#9486bd,5,689.796031,14.995566,0.674800,0.045000
z_0117_346.167785.png,#94d4b5,4,416.232539,9.048533,0.407184,0.045000
z_0117_346.167785.png,#961a3f,5,786.465079,17.097067,0.769368,0.045000
z_0117_346.167785.png,#9b33b5,2,181.338095,3.942133,0.177396,0.045000
z_0117_346.167785.png,#a3afd4,8,728.055916,15.827303,0.712229,0.045000
z_0117_346.167785.png,#b086bd,1,34.041631,0.740035,0.033302,0.045000
z_0117_346.167785.png,#b54c73,5,609.955411,13.259900,0.596696,0.045000
z_0117_346.167785.png,#c4b897,2,237.681241,5.166983,0.232514,0.045000
z_0117_346.167785.png,#c9a236,1,59.355339,1.290333,0.058065,0.045000
z_0117_346.167785.png,#e8a9bc,3,415.889394,9.041074,0.406848,0.045000
z_0117_346.167785.png,#eb4934,1,36.727922,0.798433,0.035929,0.045000
z_0117_346.167785.png,#eb7434,3,656.340187,14.268265,0.642072,0.045000
z_0117_346.167785.png,#f79d79,2,147.296465,3.202097,0.144094,0.045000
z_0117_346.167785.png,#ff8308,2,132.325902,2.876650,0.129449,0.045000
z_0117_346.167785.png,#ffb0ba,7,509.931024,11.085457,0.498846,0.045000
z_0118_347.177852.png,#15c1d4,7,685.612265,14.904614,0.670708,0.045000
z_0118_347.177852.png,#2b8f76,5,288.936075,6.281219,0.282655,0.045000
z_0118_347.177852.png,#2c6944,12,996.146320,21.655355,0.974491,0.045000
z_0118_347.177852.png,#60bccc,5,496.416306,10.791659,0.485625,0.045000
z_0118_347.177852.png,#74ff8a,3,161.781746,3.516994,0.158265,0.045000
z_0118_347.177852.png,#780dd6,5,413.303607,8.984861,0.404319,0.045000
z_0118_347.177852.png,#806a16,3,623.026479,13.544054,0.609482,0.045000
z_0118_347.177852.png,#8695bd,5,723.452886,15.727237,0.707726,0.045000
z_0118_347.177852.png,#881a96,3,302.007143,6.565373,0.295442,0.045000
z_0118_347.177852.png,#9486bd,4,675.269119,14.679763,0.660589,0.045000
z_0118_347.177852.png,#94d4b5,3,250.350288,5.442398,0.244908,0.045000
z_0118_347.177852.png,#961a3f,6,704.766594,15.321013,0.689446,0.045000
z_0118_347.177852.png,#9b33b5,3,155.781746,3.386560,0.152395,0.045000
z_0118_347.177852.png,#a3afd4,8,596.658946,12.970847,0.583688,0.045000
z_0118_347.177852.png,#b086bd,1,32.970563,0.716751,0.032254,0.045000
z_0118_347.177852.png,#b54c73,5,563.327994,12.246261,0.551082,0.045000
z_0118_347.177852.png,#c4b897,3,325.036580,7.066013,0.317971,0.045000
z_0118_347.177852.png,#c9a236,1,59.355339,1.290333,0.058065,0.045000
z_0118_347.177852.png,#e8a9bc,4,420.374675,9.138580,0.411236,0.045000
z_0118_347.177852.png,#eb4934,1,44.384776,0.964886,0.043420,0.045000
z_0118_347.177852.png,#eb7434,5,644.884343,14.019225,0.630865,0.045000
z_0118_347.177852.png,#f79d79,2,152.953319,3.325072,0.149628,0.045000
z_0118_347.177852.png,#ff8308,2,138.811183,3.017634,0.135794,0.045000
z_0118_347.177852.png,#ffb0ba,8,617.671140,13.427633,0.604244,0.045000
z_0119_348.187919.png,#15c1d4,7,688.440692,14.966102,0.673475,0.045000
z_0119_348.187919.png,#2b8f76,5,288.936075,6.281219,0.282655,0.045000
z_0119_348.187919.png,#2c6944,12,990.832611,21.539839,0.969293,0.045000
z_0119_348.187919.png,#60bccc,6,491.002092,10.673959,0.480328,0.045000
z_0119_348.187919.png,#74ff8a,3,161.781746,3.516994,0.158265,0.045000
z_0119_348.187919.png,#780dd6,5,413.303607,8.984861,0.404319,0.045000
z_0119_348.187919.png,#806a16,3,623.854906,13.562063,0.610293,0.045000
z_0119_348.187919.png,#8695bd,5,722.624458,15.709227,0.706915,0.045000
z_0119_348.187919.png,#881a96,3,303.078210,6.588657,0.296490,0.045000
z_0119_348.187919.png,#9486bd,4,678.683333,14.753985,0.663929,0.045000
z_0119_348.187919.png,#94d4b5,3,249.279221,5.419113,0.243860,0.045000
z_0119_348.187919.png,#961a3f,6,705.595021,15.339022,0.690256,0.045000
z_0119_348.187919.png,#9b33b5,3,155.781746,3.386560,0.152395,0.045000
z_0119_348.187919.png,#a3afd4,8,599.144228,13.024875,0.586119,0.045000
z_0119_348.187919.png,#b086bd,1,32.970563,0.716751,0.032254,0.045000
z_0119_348.187919.png,#b54c73,5,563.913780,12.258995,0.551655,0.045000
z_0119_348.187919.png,#c4b897,3,323.036580,7.022534,0.316014,0.045000
z_0119_348.187919.png,#c9a236,1,60.183766,1.308343,0.058875,0.045000
z_0119_348.187919.png,#e8a9bc,4,420.374675,9.138580,0.411236,0.045000
z_0119_348.187919.png,#eb4934,1,44.384776,0.964886,0.043420,0.045000
z_0119_348.187919.png,#eb7434,5,644.198052,14.004305,0.630194,0.045000
z_0119_348.187919.png,#f79d79,2,155.539105,3.381285,0.152158,0.045000
z_0119_348.187919.png,#ff8308,2,144.468037,3.140610,0.141327,0.045000
z_0119_348.187919.png,#ffb0ba,8,618.014285,13.435093,0.604579,0.045000
z_0120_349.197987.png,#15c1d4,7,676.298557,14.702143,0.661596,0.045000
z_0120_349.197987.png,#2b8f76,5,297.906638,6.476231,0.291430,0.045000
z_0120_349.197987.png,#2c6944,12,1139.442784,24.770495,1.114672,0.045000
z_0120_349.197987.png,#60bccc,5,523.529004,11.381065,0.512148,0.045000
z_0120_349.197987.png,#74ff8a,3,167.438600,3.639970,0.163799,0.045000
z_0120_349.197987.png,#780dd6,5,399.889394,8.693248,0.391196,0.045000
z_0120_349.197987.png,#806a16,3,609.369624,13.247166,0.596122,0.045000
z_0120_349.197987.png,#8695bd,5,721.109740,15.676299,0.705433,0.045000
z_0120_349.197987.png,#881a96,3,244.107648,5.306688,0.238801,0.045000
z_0120_349.197987.png,#9486bd,5,785.595021,17.078153,0.768517,0.045000
z_0120_349.197987.png,#94d4b5,2,156.509668,3.402384,0.153107,0.045000
z_0120_349.197987.png,#961a3f,6,686.967604,14.934078,0.672034,0.045000
z_0120_349.197987.png,#9b33b5,3,133.882251,2.910484,0.130972,0.045000
z_0120_349.197987.png,#a3afd4,9,587.286363,12.767095,0.574519,0.045000
z_0120_349.197987.png,#b086bd,1,32.384776,0.704017,0.031681,0.045000
z_0120_349.197987.png,#b54c73,5,478.416306,10.400354,0.468016,0.045000
z_0120_349.197987.png,#c4b897,3,360.835570,7.844252,0.352991,0.045000
z_0120_349.197987.png,#c9a236,1,58.183766,1.264864,0.056919,0.045000
z_0120_349.197987.png,#e8a9bc,5,443.345238,9.637940,0.433707,0.045000
z_0120_349.197987.png,#eb4934,1,52.041631,1.131340,0.050910,0.045000
z_0120_349.197987.png,#eb7434,4,629.754401,13.690313,0.616064,0.045000
z_0120_349.197987.png,#f79d79,2,155.882251,3.388745,0.152494,0.045000
z_0120_349.197987.png,#ff8308,2,148.225397,3.222291,0.145003,0.045000
z_0120_349.197987.png,#ffb0ba,7,665.997041,14.478197,0.651519,0.045000
z_0121_350.208054.png,#15c1d4,7,662.641702,14.405254,0.648236,0.045000
z_0121_350.208054.png,#2b8f76,5,278.450793,6.053278,0.272398,0.045000
z_0121_350.208054.png,#2c6944,12,1225.283405,26.636596,1.198647,0.045000
z_0121_350.208054.png,#60bccc,6,579.327994,12.594087,0.566734,0.045000
z_0121_350.208054.png,#74ff8a,3,171.580736,3.730016,0.167851,0.045000
z_0121_350.208054.png,#780dd6,5,390.717821,8.493866,0.382224,0.045000
z_0121_350.208054.png,#806a16,3,514.114790,11.176408,0.502938,0.045000
z_0121_350.208054.png,#8695bd,5,719.210245,15.635005,0.703575,0.045000
z_0121_350.208054.png,#881a96,2,160.953319,3.498985,0.157454,0.045000
z_0121_350.208054.png,#9486bd,5,816.080303,17.740876,0.798339,0.045000
z_0121_350.208054.png,#94d4b5,1,94.426407,2.052748,0.092374,0.045000
z_0121_350.208054.png,#961a3f,6,673.896536,14.649925,0.659247,0.045000
z_0121_350.208054.png,#9b33b5,3,109.497475,2.380380,0.107117,0.045000
z_0121_350.208054.png,#a3afd4,8,549.002092,11.934828,0.537067,0.045000
z_0121_350.208054.png,#b086bd,1,31.556349,0.686008,0.030870,0.045000
z_0121_350.208054.png,#b54c73,4,463.445743,10.074907,0.453371,0.045000
z_0121_350.208054.png,#c4b897,3,432.534055,9.402914,0.423131,0.045000
z_0121_350.208054.png,#c9a236,1,54.284271,1.180093,0.053104,0.045000
z_0121_350.208054.png,#e8a9bc,6,476.073160,10.349417,0.465724,0.045000
z_0121_350.208054.png,#eb4934,1,57.455844,1.249040,0.056207,0.045000
z_0121_350.208054.png,#eb7434,4,630.925974,13.715782,0.617210,0.045000
z_0121_350.208054.png,#f79d79,2,152.124892,3.307063,0.148818,0.045000
z_0121_350.208054.png,#ff8308,2,151.982756,3.303973,0.148679,0.045000
z_0121_350.208054.png,#ffb0ba,7,640.825469,13.930988,0.626894,0.045000
z_0122_351.218121.png,#15c1d4,7,649.470129,14.118916,0.635351,0.045000
z_0122_351.218121.png,#2b8f76,5,281.178716,6.112581,0.275066,0.045000
z_0122_351.218121.png,#2c6944,12,1191.141269,25.894375,1.165247,0.045000
z_0122_351.218121.png,#60bccc,5,657.653896,14.296824,0.643357,0.045000
z_0122_351.218121.png,#74ff8a,3,184.409163,4.008895,0.180400,0.045000
z_0122_351.218121.png,#780dd6,5,372.333044,8.094197,0.364239,0.045000
z_0122_351.218121.png,#806a16,3,474.073160,10.305938,0.463767,0.045000
z_0122_351.218121.png,#8695bd,5,725.553391,15.772900,0.709780,0.045000
z_0122_351.218121.png,#881a96,2,166.124892,3.611411,0.162513,0.045000
z_0122_351.218121.png,#9486bd,6,895.577777,19.469082,0.876109,0.045000
z_0122_351.218121.png,#94d4b5,1,97.254834,2.114236,0.095141,0.045000
z_0122_351.218121.png,#961a3f,8,558.014285,12.130745,0.545884,0.045000
z_0122_351.218121.png,#9b33b5,3,119.396970,2.595586,0.116801,0.045000
z_0122_351.218121.png,#a3afd4,9,580.658946,12.623021,0.568036,0.045000
z_0122_351.218121.png,#b086bd,1,32.142136,0.698742,0.031443,0.045000
z_0122_351.218121.png,#b54c73,4,459.203102,9.982676,0.449220,0.045000
z_0122_351.218121.png,#c4b897,3,457.948268,9.955397,0.447993,0.045000
z_0122_351.218121.png,#c9a236,1,51.213203,1.113331,0.050100,0.045000
z_0122_351.218121.png,#e8a9bc,6,490.558441,10.664314,0.479894,0.045000
z_0122_351.218121.png,#eb4934,1,63.112698,1.372015,0.061741,0.045000
z_0122_351.218121.png,#eb7434,5,707.938167,15.389960,0.692548,0.045000
z_0122_351.218121.png,#f79d79,2,152.710678,3.319797,0.149391,0.045000
z_0122_351.218121.png,#ff8308,2,156.124892,3.394019,0.152731,0.045000
z_0122_351.218121.png,#ffb0ba,8,633.997041,13.782544,0.620214,0.045000
z_0123_352.228188.png,#15c1d4,9,710.239682,15.439993,0.694800,0.045000
z_0123_352.228188.png,#2b8f76,5,285.421356,6.204812,0.279217,0.045000
z_0123_352.228188.png,#2c6944,12,1211.626550,26.339708,1.185287,0.045000
z_0123_352.228188.png,#60bccc,6,789.737157,17.168199,0.772569,0.045000
z_0123_352.228188.png,#74ff8a,3,202.066017,4.392740,0.197673,0.045000
z_0123_352.228188.png,#780dd6,4,341.948268,7.433658,0.334515,0.045000
z_0123_352.228188.png,#806a16,3,454.374675,9.877710,0.444497,0.045000
z_0123_352.228188.png,#8695bd,5,727.553391,15.816378,0.711737,0.045000
z_0123_352.228188.png,#881a96,2,163.882251,3.562658,0.160320,0.045000
z_0123_352.228188.png,#9486bd,6,1003.175757,21.808169,0.981368,0.045000
z_0123_352.228188.png,#94d4b5,1,102.183766,2.221386,0.099962,0.045000
z_0123_352.228188.png,#961a3f,7,510.315801,11.093822,0.499222,0.045000
z_0123_352.228188.png,#9b33b5,3,148.610173,3.230656,0.145380,0.045000
z_0123_352.228188.png,#a3afd4,8,596.658946,12.970847,0.583688,0.045000
z_0123_352.228188.png,#b086bd,1,34.142136,0.742220,0.033400,0.045000
z_0123_352.228188.png,#b54c73,4,432.232539,9.396360,0.422836,0.045000
z_0123_352.228188.png,#c4b897,3,425.119841,9.241736,0.415878,0.045000
z_0123_352.228188.png,#c9a236,1,53.455844,1.162084,0.052294,0.045000
z_0123_352.228188.png,#e8a9bc,6,507.972655,11.042884,0.496930,0.045000
z_0123_352.228188.png,#eb4934,1,64.284271,1.397484,0.062887,0.045000
z_0123_352.228188.png,#eb7434,5,725.553391,15.772900,0.709780,0.045000
z_0123_352.228188.png,#f79d79,2,156.124892,3.394019,0.152731,0.045000
z_0123_352.228188.png,#ff8308,2,158.710678,3.450232,0.155260,0.045000
z_0123_352.228188.png,#ffb0ba,7,566.055916,12.305563,0.553750,0.045000
z_0124_353.238255.png,#15c1d4,8,761.636652,16.557319,0.745079,0.045000
z_0124_353.238255.png,#2b8f76,4,221.965512,4.825337,0.217140,0.045000
z_0124_353.238255.png,#2c6944,11,1189.099639,25.849992,1.163250,0.045000
z_0124_353.238255.png,#60bccc,4,894.950360,19.455443,0.875495,0.045000
z_0124_353.238255.png,#74ff8a,3,227.965512,4.955772,0.223010,0.045000
z_0124_353.238255.png,#780dd6,4,328.634560,7.144230,0.321490,0.045000
z_0124_353.238255.png,#806a16,3,391.605122,8.513155,0.383092,0.045000
z_0124_353.238255.png,#8695bd,4,723.452886,15.727237,0.707726,0.045000
z_0124_353.238255.png,#881a96,2,165.781746,3.603951,0.162178,0.045000
z_0124_353.238255.png,#9486bd,6,1066.430591,23.183274,1.043247,0.045000
z_0124_353.238255.png,#94d4b5,1,106.669048,2.318892,0.104350,0.045000
z_0124_353.238255.png,#961a3f,7,472.516811,10.272105,0.462245,0.045000
z_0124_353.238255.png,#9b33b5,3,174.367532,3.790599,0.170577,0.045000
z_0124_353.238255.png,#a3afd4,8,621.830519,13.518055,0.608312,0.045000
z_0124_353.238255.png,#b086bd,1,30.142136,0.655264,0.029487,0.045000
z_0124_353.238255.png,#b54c73,4,429.989899,9.347606,0.420642,0.045000
z_0124_353.238255.png,#c4b897,3,398.835570,8.670338,0.390165,0.045000
z_0124_353.238255.png,#c9a236,1,59.112698,1.285059,0.057828,0.045000
z_0124_353.238255.png,#d4ce15,1,30.142136,0.655264,0.029487,0.045000
z_0124_353.238255.png,#e8a9bc,6,535.386868,11.638845,0.523748,0.045000
z_0124_353.238255.png,#eb4934,1,65.698485,1.428228,0.064270,0.045000
z_0124_353.238255.png,#eb7434,5,792.666089,17.231871,0.775434,0.045000
z_0124_353.238255.png,#f79d79,2,158.953319,3.455507,0.155498,0.045000
z_0124_353.238255.png,#ff8308,2,156.468037,3.401479,0.153067,0.045000
z_0124_353.238255.png,#ffb0ba,7,542.842712,11.800929,0.531042,0.045000
z_0125_354.248322.png,#15c1d4,8,738.523953,16.054869,0.722469,0.045000
z_0125_354.248322.png,#2b8f76,4,219.865007,4.779674,0.215085,0.045000
z_0125_354.248322.png,#2c6944,10,1228.212337,26.700268,1.201512,0.045000
z_0125_354.248322.png,#60bccc,4,909.778787,19.777800,0.890001,0.045000
z_0125_354.248322.png,#74ff8a,2,269.279221,5.853896,0.263425,0.045000
z_0125_354.248322.png,#780dd6,4,323.119841,7.024344,0.316095,0.045000
z_0125_354.248322.png,#806a16,3,368.190909,8.004150,0.360187,0.045000
z_0125_354.248322.png,#8695bd,4,720.281313,15.658289,0.704623,0.045000
z_0125_354.248322.png,#881a96,2,168.225397,3.657074,0.164568,0.045000
z_0125_354.248322.png,#93a0c7,1,2.828427,0.061488,0.002767,0.045000
z_0125_354.248322.png,#9486bd,8,1085.359523,23.594772,1.061765,0.045000
z_0125_354.248322.png,#94d4b5,1,113.497475,2.467336,0.111030,0.045000
z_0125_354.248322.png,#961a3f,7,482.759451,10.494771,0.472265,0.045000
z_0125_354.248322.png,#9b33b5,3,188.166522,4.090577,0.184076,0.045000
z_0125_354.248322.png,#a3afd4,7,613.529004,13.337587,0.600191,0.045000
z_0125_354.248322.png,#b086bd,1,32.970563,0.716751,0.032254,0.045000
z_0125_354.248322.png,#b54c73,5,457.102597,9.937013,0.447166,0.045000
z_0125_354.248322.png,#c4b897,3,387.521861,8.424388,0.379097,0.045000
z_0125_354.248322.png,#c9a236,1,56.284271,1.223571,0.055061,0.045000
z_0125_354.248322.png,#d4ce15,1,31.556349,0.686008,0.030870,0.045000
z_0125_354.248322.png,#e8a9bc,6,564.499567,12.271730,0.552228,0.045000
z_0125_354.248322.png,#eb4934,1,66.526912,1.446237,0.065081,0.045000
z_0125_354.248322.png,#eb7434,5,790.666089,17.188393,0.773478,0.045000
z_0125_354.248322.png,#f79d79,2,158.124892,3.437498,0.154687,0.045000
z_0125_354.248322.png,#ff8308,3,238.894444,5.193357,0.233701,0.045000
z_0125_354.248322.png,#ffb0ba,7,518.114790,11.263365,0.506851,0.045000
z_0126_355.258389.png,#15c1d4,8,705.896536,15.345577,0.690551,0.045000
z_0126_355.258389.png,#2b8f76,3,223.379726,4.856081,0.218524,0.045000
z_0126_355.258389.png,#2c6944,11,1357.065151,29.501416,1.327564,0.045000
z_0126_355.258389.png,#60bccc,3,921.577777,20.034300,0.901543,0.045000
z_0126_355.258389.png,#74ff8a,3,279.279221,6.071287,0.273208,0.045000
z_0126_355.258389.png,#780dd6,4,310.877200,6.758200,0.304119,0.045000
z_0126_355.258389.png,#806a16,3,318.977705,6.934298,0.312043,0.045000
z_0126_355.258389.png,#8695bd,5,687.210245,14.939353,0.672271,0.045000
z_0126_355.258389.png,#881a96,2,161.396970,3.508630,0.157888,0.045000
z_0126_355.258389.png,#9486bd,8,1099.602164,23.904395,1.075698,0.045000
z_0126_355.258389.png,#961a3f,7,483.102597,10.502230,0.472600,0.045000
z_0126_355.258389.png,#9b33b5,3,187.923882,4.085302,0.183839,0.045000
z_0126_355.258389.png,#a3afd4,5,626.499567,13.619556,0.612880,0.045000
z_0126_355.258389.png,#b086bd,1,32.384776,0.704017,0.031681,0.045000
z_0126_355.258389.png,#b54c73,4,435.203102,9.460937,0.425742,0.045000
z_0126_355.258389.png,#c4b897,4,428.190909,9.308498,0.418882,0.045000
z_0126_355.258389.png,#c9a236,1,52.627417,1.144074,0.051483,0.045000
z_0126_355.258389.png,#d4ce15,1,47.698485,1.036924,0.046662,0.045000
z_0126_355.258389.png,#e8a9bc,5,611.369624,13.290644,0.598079,0.045000
z_0126_355.258389.png,#eb4934,1,69.355339,1.507725,0.067848,0.045000
z_0126_355.258389.png,#eb7434,5,777.452886,16.901150,0.760552,0.045000
z_0126_355.258389.png,#f79d79,2,162.367532,3.529729,0.158838,0.045000
z_0126_355.258389.png,#ff8308,3,214.994949,4.673803,0.210321,0.045000
z_0126_355.258389.png,#ffb0ba,7,477.587878,10.382345,0.467206,0.045000
z_0127_356.268456.png,#15c1d4,7,740.523953,16.098347,0.724426,0.045000
z_0127_356.268456.png,#2b8f76,3,213.379726,4.638690,0.208741,0.045000
z_0127_356.268456.png,#2c6944,12,1434.077344,31.175594,1.402902,0.045000
z_0127_356.268456.png,#60bccc,2,901.193001,19.591152,0.881602,0.045000
z_0127_356.268456.png,#74ff8a,4,277.036580,6.022534,0.271014,0.045000
z_0127_356.268456.png,#780dd6,4,300.977705,6.542994,0.294435,0.045000
z_0127_356.268456.png,#806a16,3,305.806133,6.647959,0.299158,0.045000
z_0127_356.268456.png,#8695bd,5,665.411255,14.465462,0.650946,0.045000
z_0127_356.268456.png,#881a96,2,117.154329,2.546833,0.114607,0.045000
z_0127_356.268456.png,#9486bd,7,1097.217388,23.852552,1.073365,0.045000
z_0127_356.268456.png,#961a3f,7,488.558441,10.620836,0.477938,0.045000
z_0127_356.268456.png,#9b33b5,3,186.166522,4.047098,0.182119,0.045000
z_0127_356.268456.png,#a3afd4,7,630.943218,13.716157,0.617227,0.045000
z_0127_356.268456.png,#b086bd,1,33.556349,0.729486,0.032827,0.045000
z_0127_356.268456.png,#b54c73,4,458.031529,9.957207,0.448074,0.045000
z_0127_356.268456.png,#c4b897,4,456.776695,9.929928,0.446847,0.045000
z_0127_356.268456.png,#c9a236,1,53.455844,1.162084,0.052294,0.045000
z_0127_356.268456.png,#d4ce15,1,77.112698,1.676363,0.075436,0.045000
z_0127_356.268456.png,#e8a9bc,5,616.783838,13.408344,0.603375,0.045000
z_0127_356.268456.png,#eb4934,1,70.769553,1.538469,0.069231,0.045000
z_0127_356.268456.png,#eb7434,6,792.565584,17.229687,0.775336,0.045000
z_0127_356.268456.png,#f79d79,2,157.195959,3.417303,0.153779,0.045000
z_0127_356.268456.png,#ff8308,3,201.095454,4.371640,0.196724,0.045000
z_0127_356.268456.png,#ffb0ba,7,449.445743,9.770560,0.439675,0.045000
z_0128_357.278523.png,#15c1d4,6,737.452886,16.031584,0.721421,0.045000
z_0128_357.278523.png,#2b8f76,3,204.793939,4.452042,0.200342,0.045000
z_0128_357.278523.png,#2c6944,11,1438.520995,31.272196,1.407249,0.045000
z_0128_357.278523.png,#60bccc,2,851.636652,18.513840,0.833123,0.045000
z_0128_357.278523.png,#74ff8a,3,278.308658,6.050188,0.272258,0.045000
z_0128_357.278523.png,#780dd6,4,297.078210,6.458222,0.290620,0.045000
z_0128_357.278523.png,#806a16,3,298.977705,6.499515,0.292478,0.045000
z_0128_357.278523.png,#8695bd,7,537.529004,11.685413,0.525844,0.045000
z_0128_357.278523.png,#881a96,2,108.083261,2.349636,0.105734,0.045000
z_0128_357.278523.png,#9486bd,7,1098.874242,23.888570,1.074986,0.045000
z_0128_357.278523.png,#961a3f,7,492.073160,10.697243,0.481376,0.045000
z_0128_357.278523.png,#9b33b5,4,199.237590,4.331252,0.194906,0.045000
z_0128_357.278523.png,#a3afd4,6,566.416306,12.313398,0.554103,0.045000
z_0128_357.278523.png,#b086bd,1,37.556349,0.816442,0.036740,0.045000
z_0128_357.278523.png,#b54c73,3,507.244733,11.027059,0.496218,0.045000
z_0128_357.278523.png,#c4b897,4,440.433550,9.574642,0.430859,0.045000
z_0128_357.278523.png,#c9a236,1,53.455844,1.162084,0.052294,0.045000
z_0128_357.278523.png,#d4ce15,1,77.355339,1.681638,0.075674,0.045000
z_0128_357.278523.png,#e8a9bc,7,733.009235,15.934983,0.717074,0.045000
z_0128_357.278523.png,#eb4934,1,73.597980,1.599956,0.071998,0.045000
z_0128_357.278523.png,#eb7434,8,798.322943,17.354847,0.780968,0.045000
z_0128_357.278523.png,#f79d79,2,150.367532,3.268859,0.147099,0.045000
z_0128_357.278523.png,#ff8308,3,246.894444,5.367271,0.241527,0.045000
z_0128_357.278523.png,#ffb0ba,6,432.617316,9.404724,0.423213,0.045000
z_0129_358.288591.png,#15c1d4,6,637.754401,13.864226,0.623890,0.045000
z_0129_358.288591.png,#2b8f76,2,182.994949,3.978151,0.179017,0.045000
z_0129_358.288591.png,#2c6944,12,1459.692568,31.732447,1.427960,0.045000
z_0129_358.288591.png,#60bccc,4,805.879292,17.519115,0.788360,0.045000
z_0129_358.288591.png,#74ff8a,3,291.036580,6.326882,0.284710,0.045000
z_0129_358.288591.png,#780dd6,5,325.462987,7.075282,0.318388,0.045000
z_0129_358.288591.png,#806a16,4,315.462987,6.857891,0.308605,0.045000
z_0129_358.288591.png,#8695bd,5,475.102597,10.328317,0.464774,0.045000
z_0129_358.288591.png,#881a96,2,95.740115,2.081307,0.093659,0.045000
z_0129_358.288591.png,#9486bd,6,736.340187,16.007395,0.720333,0.045000
z_0129_358.288591.png,#961a3f,7,493.445743,10.727081,0.482719,0.045000
z_0129_358.288591.png,#9b33b5,4,252.835570,5.496425,0.247339,0.045000
z_0129_358.288591.png,#a3afd4,7,505.688384,10.993226,0.494695,0.045000
z_0129_358.288591.png,#b086bd,1,36.727922,0.798433,0.035929,0.045000
z_0129_358.288591.png,#b54c73,3,526.759451,11.451292,0.515308,0.045000
z_0129_358.288591.png,#c4b897,2,431.161472,9.373075,0.421788,0.045000
z_0129_358.288591.png,#c9a236,1,52.526912,1.141889,0.051385,0.045000
z_0129_358.288591.png,#d4ce15,1,74.769553,1.625425,0.073144,0.045000
z_0129_358.288591.png,#e8a9bc,6,806.364574,17.529665,0.788835,0.045000
z_0129_358.288591.png,#eb4934,1,74.183766,1.612691,0.072571,0.045000
z_0129_358.288591.png,#eb7434,7,888.205194,19.308809,0.868896,0.045000
z_0129_358.288591.png,#f79d79,2,144.124892,3.133150,0.140992,0.045000
z_0129_358.288591.png,#ff8308,3,216.024387,4.696182,0.211328,0.045000
z_0129_358.288591.png,#ffb0ba,6,466.274170,10.136395,0.456138,0.045000
z_0130_359.298658.png,#15c1d4,6,643.269119,13.984111,0.629285,0.045000
z_0130_359.298658.png,#2b8f76,2,180.994949,3.934673,0.177060,0.045000
z_0130_359.298658.png,#2c6944,10,1458.035713,31.696429,1.426339,0.045000
z_0130_359.298658.png,#60bccc,5,747.553391,16.251161,0.731302,0.045000
z_0130_359.298658.png,#74ff8a,3,288.107648,6.263210,0.281844,0.045000
z_0130_359.298658.png,#780dd6,4,290.249783,6.309778,0.283940,0.045000
z_0130_359.298658.png,#806a16,5,338.190909,7.351976,0.330839,0.045000
z_0130_359.298658.png,#8695bd,5,455.788889,9.908454,0.445880,0.045000
z_0130_359.298658.png,#881a96,2,91.497475,1.989076,0.089508,0.045000
z_0130_359.298658.png,#9486bd,7,806.908730,17.541494,0.789367,0.045000
z_0130_359.298658.png,#961a3f,7,511.730014,11.124566,0.500605,0.045000
z_0130_359.298658.png,#9b33b5,4,285.563492,6.207902,0.279356,0.045000
z_0130_359.298658.png,#a3afd4,5,368.676190,8.014700,0.360661,0.045000
z_0130_359.298658.png,#b086bd,1,36.384776,0.790973,0.035594,0.045000
z_0130_359.298658.png,#b54c73,3,535.345238,11.637940,0.523707,0.045000
z_0130_359.298658.png,#c4b897,2,396.776695,8.625580,0.388151,0.045000
z_0130_359.298658.png,#c9a236,1,52.284271,1.136615,0.051148,0.045000
z_0130_359.298658.png,#d4ce15,1,55.112698,1.198102,0.053915,0.045000
z_0130_359.298658.png,#e8a9bc,6,953.317893,20.724302,0.932594,0.045000
z_0130_359.298658.png,#eb4934,1,74.426407,1.617965,0.072808,0.045000
z_0130_359.298658.png,#eb7434,8,884.104689,19.219667,0.864885,0.045000
z_0130_359.298658.png,#f79d79,2,139.639610,3.035644,0.136604,0.045000
z_0130_359.298658.png,#ff8308,2,190.367532,4.138425,0.186229,0.045000
z_0130_359.298658.png,#ffb0ba,6,480.859956,10.453477,0.470406,0.045000
z_0131_360.308725.png,#15c1d4,6,629.026479,13.674489,0.615352,0.045000
z_0131_360.308725.png,#2b8f76,2,177.338095,3.855176,0.173483,0.045000
z_0131_360.308725.png,#2c6944,11,1494.278354,32.484312,1.461794,0.045000
z_0131_360.308725.png,#60bccc,5,595.712770,12.950278,0.582762,0.045000
z_0131_360.308725.png,#74ff8a,4,282.208153,6.134960,0.276073,0.045000
z_0131_360.308725.png,#780dd6,5,318.391919,6.921563,0.311470,0.045000
z_0131_360.308725.png,#806a16,5,367.747258,7.994506,0.359753,0.045000
z_0131_360.308725.png,#8695bd,5,447.203102,9.721807,0.437481,0.045000
z_0131_360.308725.png,#881a96,2,91.740115,1.994350,0.089746,0.045000
z_0131_360.308725.png,#9486bd,7,796.666089,17.318828,0.779347,0.045000
z_0131_360.308725.png,#961a3f,8,538.901587,11.715252,0.527186,0.045000
z_0131_360.308725.png,#9b33b5,4,304.391919,6.617216,0.297775,0.045000
z_0131_360.308725.png,#a3afd4,6,417.303607,9.071818,0.408232,0.045000
z_0131_360.308725.png,#b086bd,1,37.213203,0.808983,0.036404,0.045000
z_0131_360.308725.png,#b54c73,4,569.144228,12.372701,0.556772,0.045000
z_0131_360.308725.png,#c4b897,2,365.948268,7.955397,0.357993,0.045000
z_0131_360.308725.png,#c9a236,2,105.396970,2.291238,0.103106,0.045000
z_0131_360.308725.png,#d4ce15,1,57.355339,1.246855,0.056108,0.045000
z_0131_360.308725.png,#e8a9bc,6,994.087445,21.610597,0.972477,0.045000
z_0131_360.308725.png,#eb4934,1,73.597980,1.599956,0.071998,0.045000
z_0131_360.308725.png,#eb7434,9,866.891486,18.845467,0.848046,0.045000
z_0131_360.308725.png,#f79d79,2,136.811183,2.974156,0.133837,0.045000
z_0131_360.308725.png,#ff8308,2,196.024387,4.261400,0.191763,0.045000
z_0131_360.308725.png,#ffb0ba,5,510.901587,11.106556,0.499795,0.045000
z_0132_361.318792.png,#15c1d4,6,631.511760,13.728517,0.617783,0.045000
z_0132_361.318792.png,#2b8f76,2,175.580736,3.816973,0.171764,0.045000
z_0132_361.318792.png,#2c6944,11,1460.479364,31.749551,1.428730,0.045000
z_0132_361.318792.png,#60bccc,4,460.516811,10.011235,0.450506,0.045000
z_0132_361.318792.png,#74ff8a,4,273.036580,5.935578,0.267101,0.045000
z_0132_361.318792.png,#780dd6,5,333.119841,7.241736,0.325878,0.045000
z_0132_361.318792.png,#806a16,5,385.546248,8.381440,0.377165,0.045000
z_0132_361.318792.png,#8695bd,5,441.060967,9.588282,0.431473,0.045000
z_0132_361.318792.png,#881a96,2,99.982756,2.173538,0.097809,0.045000
z_0132_361.318792.png,#9486bd,7,797.251875,17.331563,0.779920,0.045000
z_0132_361.318792.png,#961a3f,8,564.457936,12.270825,0.552187,0.045000
z_0132_361.318792.png,#9b33b5,4,327.362482,7.116576,0.320246,0.045000
z_0132_361.318792.png,#a3afd4,6,508.173665,11.047254,0.497126,0.045000
z_0132_361.318792.png,#b086bd,1,36.970563,0.803708,0.036167,0.045000
z_0132_361.318792.png,#b54c73,3,605.872150,13.171134,0.592701,0.045000
z_0132_361.318792.png,#c4b897,2,316.391919,6.878085,0.309514,0.045000
z_0132_361.318792.png,#c9a236,2,129.539105,2.816068,0.126723,0.045000
z_0132_361.318792.png,#d4ce15,1,59.112698,1.285059,0.057828,0.045000
z_0132_361.318792.png,#e8a9bc,6,962.531096,20.924589,0.941607,0.045000
z_0132_361.318792.png,#eb4934,1,72.426407,1.574487,0.070852,0.045000
z_0132_361.318792.png,#eb7434,10,863.435642,18.770340,0.844665,0.045000
z_0132_361.318792.png,#f79d79,2,142.468037,3.097131,0.139371,0.045000
z_0132_361.318792.png,#ff8308,2,201.681241,4.384375,0.197297,0.045000
z_0132_361.318792.png,#ffb0ba,6,512.315801,11.137300,0.501179,0.045000
z_0133_362.328859.png,#15c1d4,7,849.293506,18.462902,0.830831,0.045000
z_0133_362.328859.png,#2b8f76,2,171.338095,3.724741,0.167613,0.045000
z_0133_362.328859.png,#2c6944,11,1423.508801,30.945844,1.392563,0.045000
z_0133_362.328859.png,#60bccc,5,415.060967,9.023064,0.406038,0.045000
z_0133_362.328859.png,#74ff8a,4,271.764502,5.907924,0.265857,0.045000
z_0133_362.328859.png,#780dd6,6,379.261977,8.244826,0.371017,0.045000
z_0133_362.328859.png,#806a16,5,408.274170,8.875525,0.399399,0.045000
z_0133_362.328859.png,#8695bd,5,449.587878,9.773650,0.439814,0.045000
z_0133_362.328859.png,#881a96,2,102.568542,2.229751,0.100339,0.045000
z_0133_362.328859.png,#9486bd,7,828.707720,18.015385,0.810692,0.045000
z_0133_362.328859.png,#961a3f,7,563.185858,12.243171,0.550943,0.045000
z_0133_362.328859.png,#9b33b5,4,345.747258,7.516245,0.338231,0.045000
z_0133_362.328859.png,#a3afd4,6,529.529004,11.511500,0.518018,0.045000
z_0133_362.328859.png,#b086bd,1,39.798990,0.865195,0.038934,0.045000
z_0133_362.328859.png,#b54c73,4,616.700577,13.406534,0.603294,0.045000
z_0133_362.328859.png,#c4b897,2,298.735065,6.494241,0.292241,0.045000
z_0133_362.328859.png,#c9a236,2,142.267027,3.092761,0.139174,0.045000
z_0133_362.328859.png,#d4ce15,1,66.769553,1.451512,0.065318,0.045000
z_0133_362.328859.png,#e8a9bc,6,957.560533,20.816533,0.936744,0.045000
z_0133_362.328859.png,#eb4934,1,72.669048,1.579762,0.071089,0.045000
z_0133_362.328859.png,#eb7434,10,824.950360,17.933703,0.807017,0.045000
z_0133_362.328859.png,#f79d79,2,140.367532,3.051468,0.137316,0.045000
z_0133_362.328859.png,#ff8308,2,202.852814,4.409844,0.198443,0.045000
z_0133_362.328859.png,#ffb0ba,6,544.842712,11.844407,0.532998,0.045000
z_0134_363.338926.png,#15c1d4,7,845.536147,18.381221,0.827155,0.045000
z_0134_363.338926.png,#2b8f76,2,169.580736,3.686538,0.165894,0.045000
z_0134_363.338926.png,#2c6944,10,1354.295598,29.441209,1.324854,0.045000
z_0134_363.338926.png,#60bccc,4,362.190909,7.873715,0.354317,0.045000
z_0134_363.338926.png,#74ff8a,3,199.095454,4.328162,0.194767,0.045000
z_0134_363.338926.png,#780dd6,5,372.232539,8.092012,0.364141,0.045000
z_0134_363.338926.png,#806a16,6,456.215295,9.917724,0.446298,0.045000
z_0134_363.338926.png,#8695bd,5,480.073160,10.436373,0.469637,0.045000
z_0134_363.338926.png,#881a96,2,108.568542,2.360186,0.106208,0.045000
z_0134_363.338926.png,#9486bd,8,1000.933116,21.759416,0.979174,0.045000
z_0134_363.338926.png,#961a3f,6,590.114790,12.828582,0.577286,0.045000
z_0134_363.338926.png,#9b33b5,4,413.244733,8.983581,0.404261,0.045000
z_0134_363.338926.png,#a3afd4,6,537.286363,11.680138,0.525606,0.045000
z_0134_363.338926.png,#b086bd,1,41.213203,0.895939,0.040317,0.045000
z_0134_363.338926.png,#b54c73,5,636.884343,13.845312,0.623039,0.045000
z_0134_363.338926.png,#c4b897,2,294.977705,6.412559,0.288565,0.045000
z_0134_363.338926.png,#c9a236,4,250.936075,5.455132,0.245481,0.045000
z_0134_363.338926.png,#d4ce15,1,58.284271,1.267049,0.057017,0.045000
z_0134_363.338926.png,#e8a9bc,7,979.803174,21.300069,0.958503,0.045000
z_0134_363.338926.png,#eb4934,1,71.497475,1.554293,0.069943,0.045000
z_0134_363.338926.png,#eb7434,9,789.636652,17.166014,0.772471,0.045000
z_0134_363.338926.png,#f79d79,2,133.053824,2.892474,0.130161,0.045000
z_0134_363.338926.png,#ff8308,3,233.480231,5.075657,0.228405,0.045000
z_0134_363.338926.png,#ffb0ba,5,548.399062,11.921719,0.536477,0.045000
z_0135_364.348993.png,#15c1d4,6,844.121933,18.350477,0.825771,0.045000
z_0135_364.348993.png,#2b8f76,2,167.338095,3.637785,0.163700,0.045000
z_0135_364.348993.png,#2c6944,11,1313.910822,28.563279,1.285348,0.045000
z_0135_364.348993.png,#60bccc,4,303.178716,6.590842,0.296588,0.045000
z_0135_364.348993.png,#74ff8a,3,193.237590,4.200817,0.189037,0.045000
z_0135_364.348993.png,#780dd6,5,438.173665,9.525514,0.428648,0.045000
z_0135_364.348993.png,#806a16,6,463.144228,10.068353,0.453076,0.045000
z_0135_364.348993.png,#8695bd,5,470.416306,10.226441,0.460190,0.045000
z_0135_364.348993.png,#881a96,2,115.740115,2.516089,0.113224,0.045000
z_0135_364.348993.png,#9486bd,8,911.879292,19.823463,0.892056,0.045000
z_0135_364.348993.png,#961a3f,6,563.144228,12.242266,0.550902,0.045000
z_0135_364.348993.png,#9b33b5,4,429.487373,9.336682,0.420151,0.045000
z_0135_364.348993.png,#a3afd4,7,550.842712,11.974842,0.538868,0.045000
z_0135_364.348993.png,#b086bd,2,64.526912,1.402759,0.063124,0.045000
z_0135_364.348993.png,#b54c73,7,689.511760,14.989386,0.674522,0.045000
z_0135_364.348993.png,#c4b897,2,285.906638,6.215362,0.279691,0.045000
z_0135_364.348993.png,#c9a236,4,341.261977,7.418739,0.333843,0.045000
z_0135_364.348993.png,#d4ce15,1,54.041631,1.174818,0.052867,0.045000
z_0135_364.348993.png,#e8a9bc,7,1045.200144,22.721742,1.022478,0.045000
z_0135_364.348993.png,#eb4934,1,75.012193,1.630700,0.073381,0.045000
z_0135_364.348993.png,#eb7434,10,760.666089,16.536219,0.744130,0.045000
z_0135_364.348993.png,#f79d79,2,135.053824,2.935953,0.132118,0.045000
z_0135_364.348993.png,#ff8308,5,318.693434,6.928118,0.311765,0.045000
z_0135_364.348993.png,#ffb0ba,5,606.340187,13.181308,0.593159,0.045000
z_0136_365.359060.png,#15c1d4,8,811.452886,17.640280,0.793813,0.045000
z_0136_365.359060.png,#2b8f76,2,157.781746,3.430038,0.154352,0.045000
z_0136_365.359060.png,#2c6944,12,1238.472222,26.923309,1.211549,0.045000
z_0136_365.359060.png,#60bccc,3,243.379726,5.290864,0.238089,0.045000
z_0136_365.359060.png,#74ff8a,3,189.480231,4.119135,0.185361,0.045000
z_0136_365.359060.png,#780dd6,5,455.345238,9.898810,0.445446,0.045000
z_0136_365.359060.png,#806a16,8,598.198052,13.004305,0.585194,0.045000
z_0136_365.359060.png,#8695bd,5,455.203102,9.895720,0.445307,0.045000
z_0136_365.359060.png,#881a96,2,119.396970,2.595586,0.116801,0.045000
z_0136_365.359060.png,#9486bd,7,838.423448,18.226597,0.820197,0.045000
z_0136_365.359060.png,#961a3f,6,496.416306,10.791659,0.485625,0.045000
z_0136_365.359060.png,#9b33b5,5,442.901587,9.628295,0.433273,0.045000
z_0136_365.359060.png,#a3afd4,7,573.671140,12.471112,0.561200,0.045000
z_0136_365.359060.png,#b086bd,2,78.526912,1.707107,0.076820,0.045000
z_0136_365.359060.png,#b54c73,4,703.026479,15.283184,0.687743,0.045000
z_0136_365.359060.png,#c4b897,2,275.421356,5.987421,0.269434,0.045000
z_0136_365.359060.png,#c9a236,2,304.350288,6.616311,0.297734,0.045000
z_0136_365.359060.png,#d4ce15,1,50.627417,1.100596,0.049527,0.045000
z_0136_365.359060.png,#e8a9bc,7,1060.413347,23.052464,1.037361,0.045000
z_0136_365.359060.png,#eb4934,1,77.012193,1.674178,0.075338,0.045000
z_0136_365.359060.png,#eb7434,10,784.465079,17.053589,0.767411,0.045000
z_0136_365.359060.png,#f79d79,2,136.225397,2.961422,0.133264,0.045000
z_0136_365.359060.png,#ff8308,5,441.303607,9.593557,0.431710,0.045000
z_0136_365.359060.png,#ffb0ba,6,591.269119,12.853677,0.578415,0.045000
z_0137_366.369128.png,#15c1d4,5,763.369624,16.594992,0.746775,0.045000
z_0137_366.369128.png,#2b8f76,2,157.195959,3.417303,0.153779,0.045000
z_0137_366.369128.png,#2c6944,10,1123.945310,24.433594,1.099512,0.045000
z_0137_366.369128.png,#60bccc,2,202.166522,4.394924,0.197772,0.045000
z_0137_366.369128.png,#74ff8a,3,183.580736,3.990886,0.179590,0.045000
z_0137_366.369128.png,#780dd6,5,467.931024,10.172414,0.457759,0.045000
z_0137_366.369128.png,#806a16,5,629.813275,13.691593,0.616122,0.045000
z_0137_366.369128.png,#8695bd,5,462.617316,10.056898,0.452560,0.045000
z_0137_366.369128.png,#881a96,2,117.982756,2.564843,0.115418,0.045000
z_0137_366.369128.png,#9486bd,6,879.394011,19.117261,0.860277,0.045000
z_0137_366.369128.png,#961a3f,6,476.416306,10.356876,0.466059,0.045000
z_0137_366.369128.png,#9b33b5,6,494.014285,10.739441,0.483275,0.045000
z_0137_366.369128.png,#a3afd4,7,587.470129,12.771090,0.574699,0.045000
z_0137_366.369128.png,#b086bd,2,94.083261,2.045288,0.092038,0.045000
z_0137_366.369128.png,#b54c73,4,697.511760,15.163299,0.682348,0.045000
z_0137_366.369128.png,#c4b897,2,265.663997,5.775304,0.259889,0.045000
z_0137_366.369128.png,#c9a236,2,270.166522,5.873185,0.264293,0.045000
z_0137_366.369128.png,#d4ce15,1,48.041631,1.044383,0.046997,0.045000
z_0137_366.369128.png,#e8a9bc,8,1013.158513,22.025185,0.991133,0.045000
z_0137_366.369128.png,#eb4934,1,77.012193,1.674178,0.075338,0.045000
z_0137_366.369128.png,#eb7434,11,852.607214,18.534939,0.834072,0.045000
z_0137_366.369128.png,#f79d79,2,139.296465,3.028184,0.136268,0.045000
z_0137_366.369128.png,#ff8308,4,450.374675,9.790754,0.440584,0.045000
z_0137_366.369128.png,#ffb0ba,6,531.671140,11.558068,0.520113,0.045000
z_0138_367.379195.png,#15c1d4,5,761.126984,16.546239,0.744581,0.045000
z_0138_367.379195.png,#2b8f76,2,157.195959,3.417303,0.153779,0.045000
z_0138_367.379195.png,#2c6944,10,1123.359523,24.420859,1.098939,0.045000
z_0138_367.379195.png,#60bccc,2,202.752309,4.407659,0.198345,0.045000
z_0138_367.379195.png,#74ff8a,3,181.580736,3.947407,0.177633,0.045000
z_0138_367.379195.png,#780dd6,5,470.274170,10.223352,0.460051,0.045000
z_0138_367.379195.png,#806a16,5,630.984848,13.717062,0.617268,0.045000
z_0138_367.379195.png,#8695bd,5,460.859956,10.018695,0.450841,0.045000
z_0138_367.379195.png,#881a96,2,118.568542,2.577577,0.115991,0.045000
z_0138_367.379195.png,#9486bd,6,880.322943,19.137455,0.861185,0.045000
z_0138_367.379195.png,#961a3f,6,476.173665,10.351601,0.465822,0.045000
z_0138_367.379195.png,#9b33b5,6,490.943218,10.672679,0.480271,0.045000
z_0138_367.379195.png,#a3afd4,7,589.470129,12.814568,0.576656,0.045000
z_0138_367.379195.png,#b086bd,2,94.669048,2.058023,0.092611,0.045000
z_0138_367.379195.png,#b54c73,4,692.541197,15.055243,0.677486,0.045000
z_0138_367.379195.png,#c4b897,2,265.078210,5.762570,0.259316,0.045000
z_0138_367.379195.png,#c9a236,2,265.923882,5.780954,0.260143,0.045000
z_0138_367.379195.png,#d4ce15,1,48.041631,1.044383,0.046997,0.045000
z_0138_367.379195.png,#e8a9bc,8,1009.886435,21.954053,0.987932,0.045000
z_0138_367.379195.png,#eb4934,1,76.183766,1.656169,0.074528,0.045000
z_0138_367.379195.png,#eb7434,11,852.264069,18.527480,0.833737,0.045000
z_0138_367.379195.png,#f79d79,2,139.296465,3.028184,0.136268,0.045000
z_0138_367.379195.png,#ff8308,4,450.132034,9.785479,0.440347,0.045000
z_0138_367.379195.png,#ffb0ba,6,532.156421,11.568618,0.520588,0.045000
z_0139_368.389262.png,#15c1d4,5,808.683333,17.580072,0.791103,0.045000
z_0139_368.389262.png,#2b8f76,2,154.024387,3.348356,0.150676,0.045000
z_0139_368.389262.png,#2c6944,10,956.648845,20.796714,0.935852,0.045000
z_0139_368.389262.png,#60bccc,2,132.710678,2.885015,0.129826,0.045000
z_0139_368.389262.png,#74ff8a,3,139.882251,3.040918,0.136841,0.045000
z_0139_368.389262.png,#780dd6,6,517.771645,11.255905,0.506516,0.045000
z_0139_368.389262.png,#806a16,6,680.742207,14.798744,0.665943,0.045000
z_0139_368.389262.png,#8695bd,6,540.901587,11.758730,0.529143,0.045000
z_0139_368.389262.png,#881a96,2,122.468037,2.662349,0.119806,0.045000
z_0139_368.389262.png,#9486bd,6,820.967604,17.847122,0.803120,0.045000
z_0139_368.389262.png,#961a3f,6,406.960461,8.846967,0.398113,0.045000
z_0139_368.389262.png,#9b33b5,6,632.381818,13.747431,0.618634,0.045000
z_0139_368.389262.png,#a3afd4,9,742.908730,16.150190,0.726759,0.045000
z_0139_368.389262.png,#b086bd,2,123.053824,2.675083,0.120379,0.045000
z_0139_368.389262.png,#b54c73,4,675.511760,14.685038,0.660827,0.045000
z_0139_368.389262.png,#c4b897,2,240.977705,5.238646,0.235739,0.045000
z_0139_368.389262.png,#c9a236,1,151.296465,3.289054,0.148007,0.045000
z_0139_368.389262.png,#d4ce15,1,44.041631,0.957427,0.043084,0.045000
z_0139_368.389262.png,#e8a9bc,9,1039.501659,22.597862,1.016904,0.045000
z_0139_368.389262.png,#eb4934,1,72.769553,1.581947,0.071188,0.045000
z_0139_368.389262.png,#eb7434,10,819.335137,17.811633,0.801524,0.045000
z_0139_368.389262.png,#f79d79,2,138.468037,3.010175,0.135458,0.045000
z_0139_368.389262.png,#ff8308,3,449.060967,9.762195,0.439299,0.045000
z_0139_368.389262.png,#ffb0ba,5,487.244733,10.592277,0.476652,0.045000
z_0140_369.399329.png,#15c1d4,6,883.109740,19.198038,0.863912,0.045000
z_0140_369.399329.png,#2b8f76,2,154.024387,3.348356,0.150676,0.045000
z_0140_369.399329.png,#2c6944,8,887.920923,19.302629,0.868618,0.045000
z_0140_369.399329.png,#60bccc,2,134.124892,2.915759,0.131209,0.045000
z_0140_369.399329.png,#74ff8a,2,78.769553,1.712382,0.077057,0.045000
z_0140_369.399329.png,#780dd6,6,623.997041,13.565153,0.610432,0.045000
z_0140_369.399329.png,#806a16,8,653.168614,14.199318,0.638969,0.045000
z_0140_369.399329.png,#8695bd,6,578.357431,12.572988,0.565784,0.045000
z_0140_369.399329.png,#881a96,2,125.882251,2.736571,0.123146,0.045000
z_0140_369.399329.png,#93a0c7,1,2.828427,0.061488,0.002767,0.045000
z_0140_369.399329.png,#9486bd,5,727.126984,15.807108,0.711320,0.045000
z_0140_369.399329.png,#961a3f,6,374.333044,8.137675,0.366195,0.045000
z_0140_369.399329.png,#9b33b5,6,644.624458,14.013575,0.630611,0.045000
z_0140_369.399329.png,#a3afd4,9,829.234631,18.026840,0.811208,0.045000
z_0140_369.399329.png,#b086bd,2,118.811183,2.582852,0.116228,0.045000
z_0140_369.399329.png,#b54c73,6,727.896536,15.823838,0.712073,0.045000
z_0140_369.399329.png,#c4b897,1,190.693434,4.145509,0.186548,0.045000
z_0140_369.399329.png,#c9a236,1,151.195959,3.286869,0.147909,0.045000
z_0140_369.399329.png,#d4ce15,1,43.798990,0.952152,0.042847,0.045000
z_0140_369.399329.png,#e8a9bc,9,1092.572727,23.751581,1.068821,0.045000
z_0140_369.399329.png,#eb4934,1,70.284271,1.527919,0.068756,0.045000
z_0140_369.399329.png,#eb7434,13,932.832611,20.278970,0.912554,0.045000
z_0140_369.399329.png,#f79d79,2,143.882251,3.127875,0.140754,0.045000
z_0140_369.399329.png,#ff8308,3,447.646753,9.731451,0.437915,0.045000
z_0140_369.399329.png,#ffb0ba,3,375.161472,8.155684,0.367006,0.045000
z_0141_370.409396.png,#15c1d4,6,874.908730,19.019755,0.855889,0.045000
z_0141_370.409396.png,#2b8f76,2,144.468037,3.140610,0.141327,0.045000
z_0141_370.409396.png,#2c6944,8,867.536147,18.859481,0.848677,0.045000
z_0141_370.409396.png,#60bccc,2,131.781746,2.864821,0.128917,0.045000
z_0141_370.409396.png,#74ff8a,1,51.455844,1.118605,0.050337,0.045000
z_0141_370.409396.png,#780dd6,5,663.210245,14.417614,0.648793,0.045000
z_0141_370.409396.png,#806a16,9,602.399062,13.095632,0.589303,0.045000
z_0141_370.409396.png,#8695bd,6,619.813275,13.474202,0.606339,0.045000
z_0141_370.409396.png,#881a96,2,130.468037,2.836262,0.127632,0.045000
z_0141_370.409396.png,#9486bd,5,687.185858,14.938823,0.672247,0.045000
z_0141_370.409396.png,#961a3f,6,347.119841,7.546084,0.339574,0.045000
z_0141_370.409396.png,#9b33b5,7,676.766594,14.712317,0.662054,0.045000
z_0141_370.409396.png,#a3afd4,10,960.388960,20.878021,0.939511,0.045000
z_0141_370.409396.png,#b086bd,2,109.982756,2.390929,0.107592,0.045000
z_0141_370.409396.png,#b54c73,5,667.612265,14.513310,0.653099,0.045000
z_0141_370.409396.png,#c4b897,1,178.409163,3.878460,0.174531,0.045000
z_0141_370.409396.png,#c9a236,1,153.882251,3.345266,0.150537,0.045000
z_0141_370.409396.png,#d4ce15,1,49.455844,1.075127,0.048381,0.045000
z_0141_370.409396.png,#e8a9bc,11,1131.016377,24.587313,1.106429,0.045000
z_0141_370.409396.png,#eb4934,2,115.497475,2.510815,0.112987,0.045000
z_0141_370.409396.png,#eb7434,13,990.732106,21.537654,0.969194,0.045000
z_0141_370.409396.png,#f79d79,2,147.639610,3.209557,0.144430,0.045000
z_0141_370.409396.png,#ff8308,3,425.303607,9.245731,0.416058,0.045000
z_0141_370.409396.png,#ffb0ba,3,386.717821,8.406909,0.378311,0.045000
z_0142_371.419463.png,#15c1d4,9,933.477272,20.292984,0.913184,0.045000
z_0142_371.419463.png,#2b8f76,3,195.195959,4.243390,0.190953,0.045000
z_0142_371.419463.png,#2c6944,10,856.607214,18.621896,0.837985,0.045000
z_0142_371.419463.png,#60bccc,2,132.024387,2.870095,0.129154,0.045000
z_0142_371.419463.png,#74ff8a,1,52.384776,1.138799,0.051246,0.045000
z_0142_371.419463.png,#780dd6,5,661.068109,14.371046,0.646697,0.045000
z_0142_371.419463.png,#806a16,8,562.801082,12.234806,0.550566,0.045000
z_0142_371.419463.png,#8695bd,6,669.854906,14.562063,0.655293,0.045000
z_0142_371.419463.png,#881a96,2,133.639610,2.905209,0.130734,0.045000
z_0142_371.419463.png,#9486bd,6,713.470129,15.510220,0.697960,0.045000
z_0142_371.419463.png,#961a3f,5,282.450793,6.140235,0.276311,0.045000
z_0142_371.419463.png,#9b33b5,6,696.381818,15.138735,0.681243,0.045000
z_0142_371.419463.png,#a3afd4,12,1149.584920,24.990977,1.124594,0.045000
z_0142_371.419463.png,#b086bd,2,105.982756,2.303973,0.103679,0.045000
z_0142_371.419463.png,#b54c73,5,658.683333,14.319203,0.644364,0.045000
z_0142_371.419463.png,#c4b897,2,146.367532,3.181903,0.143186,0.045000
z_0142_371.419463.png,#c9a236,1,158.367532,3.442772,0.154925,0.045000
z_0142_371.419463.png,#d4ce15,1,54.284271,1.180093,0.053104,0.045000
z_0142_371.419463.png,#e8a9bc,9,1102.915872,23.976432,1.078939,0.045000
z_0142_371.419463.png,#eb4934,2,129.639610,2.818252,0.126821,0.045000
z_0142_371.419463.png,#eb7434,13,1020.589971,22.186738,0.998403,0.045000
z_0142_371.419463.png,#f79d79,2,147.882251,3.214832,0.144667,0.045000
z_0142_371.419463.png,#ff8308,3,336.776695,7.321233,0.329455,0.045000
z_0142_371.419463.png,#ffb0ba,3,384.475180,8.358156,0.376117,0.045000
z_0143_372.429530.png,#15c1d4,9,913.335137,19.855112,0.893480,0.045000
z_0143_372.429530.png,#2b8f76,3,205.923882,4.476606,0.201447,0.045000
z_0143_372.429530.png,#2c6944,10,834.080303,18.132180,0.815948,0.045000
z_0143_372.429530.png,#60bccc,2,132.610173,2.882830,0.129727,0.045000
z_0143_372.429530.png,#74ff8a,1,56.870058,1.236306,0.055634,0.045000
z_0143_372.429530.png,#780dd6,6,813.193001,17.678109,0.795515,0.045000
z_0143_372.429530.png,#806a16,8,578.600072,12.578262,0.566022,0.045000
z_0143_372.429530.png,#8695bd,5,699.210245,15.200223,0.684010,0.045000
z_0143_372.429530.png,#881a96,3,185.923882,4.041824,0.181882,0.045000
z_0143_372.429530.png,#9486bd,6,678.600072,14.752175,0.663848,0.045000
z_0143_372.429530.png,#961a3f,5,282.107648,6.132775,0.275975,0.045000
z_0143_372.429530.png,#9b33b5,6,662.683333,14.406159,0.648277,0.045000
z_0143_372.429530.png,#a3afd4,12,1340.822510,29.148315,1.311674,0.045000
z_0143_372.429530.png,#b086bd,2,97.982756,2.130060,0.095853,0.045000
z_0143_372.429530.png,#b54c73,4,637.754401,13.864226,0.623890,0.045000
z_0143_372.429530.png,#c4b897,2,108.325902,2.354911,0.105971,0.045000
z_0143_372.429530.png,#c9a236,1,159.882251,3.475701,0.156407,0.045000
z_0143_372.429530.png,#d4ce15,1,121.740115,2.646524,0.119094,0.045000
z_0143_372.429530.png,#e8a9bc,9,1012.874242,22.019005,0.990855,0.045000
z_0143_372.429530.png,#eb4934,3,203.480231,4.423483,0.199057,0.045000
z_0143_372.429530.png,#eb7434,13,1046.673232,22.753766,1.023919,0.045000
z_0143_372.429530.png,#f79d79,2,151.296465,3.289054,0.148007,0.045000
z_0143_372.429530.png,#ff8308,3,291.806133,6.343612,0.285463,0.045000
z_0143_372.429530.png,#ffb0ba,4,415.303607,9.028339,0.406275,0.045000
z_0144_373.439597.png,#15c1d4,8,962.790981,20.930239,0.941861,0.045000
z_0144_373.439597.png,#2b8f76,3,212.409163,4.617590,0.207792,0.045000
z_0144_373.439597.png,#2c6944,10,784.038672,17.044319,0.766994,0.045000
z_0144_373.439597.png,#60bccc,3,174.752309,3.798963,0.170953,0.045000
z_0144_373.439597.png,#74ff8a,1,55.455844,1.205562,0.054250,0.045000
z_0144_373.439597.png,#780dd6,7,801.193001,17.417239,0.783776,0.045000
z_0144_373.439597.png,#806a16,9,658.884343,14.323573,0.644561,0.045000
z_0144_373.439597.png,#8695bd,6,705.653896,15.340302,0.690314,0.045000
z_0144_373.439597.png,#881a96,2,263.036580,5.718187,0.257318,0.045000
z_0144_373.439597.png,#9486bd,6,638.114790,13.872061,0.624243,0.045000
z_0144_373.439597.png,#961a3f,7,341.663997,7.427478,0.334237,0.045000
z_0144_373.439597.png,#9b33b5,5,610.198052,13.265175,0.596933,0.045000
z_0144_373.439597.png,#a3afd4,11,1497.734198,32.559439,1.465175,0.045000
z_0144_373.439597.png,#b086bd,2,87.497475,1.902119,0.085595,0.045000
z_0144_373.439597.png,#b54c73,5,663.553391,14.425074,0.649128,0.045000
z_0144_373.439597.png,#c4b897,2,88.911688,1.932863,0.086979,0.045000
z_0144_373.439597.png,#c9a236,1,159.296465,3.462967,0.155833,0.045000
z_0144_373.439597.png,#d4ce15,1,125.053824,2.718561,0.122335,0.045000
z_0144_373.439597.png,#e8a9bc,8,933.560533,20.294794,0.913266,0.045000
z_0144_373.439597.png,#eb4934,3,215.480231,4.684353,0.210796,0.045000
z_0144_373.439597.png,#eb7434,13,1043.317893,22.680824,1.020637,0.045000
z_0144_373.439597.png,#f79d79,2,154.811183,3.365461,0.151446,0.045000
z_0144_373.439597.png,#ff8308,2,234.350288,5.094571,0.229256,0.045000
z_0144_373.439597.png,#ffb0ba,4,442.859956,9.627390,0.433233,0.045000
z_0145_374.449664.png,#15c1d4,6,1025.075252,22.284245,1.002791,0.045000
z_0145_374.449664.png,#2b8f76,3,223.722871,4.863541,0.218859,0.045000
z_0145_374.449664.png,#2c6944,10,742.340187,16.137830,0.726202,0.045000
z_0145_374.449664.png,#60bccc,3,192.651804,4.188083,0.188464,0.045000
z_0145_374.449664.png,#74ff8a,1,43.798990,0.952152,0.042847,0.045000
z_0145_374.449664.png,#780dd6,6,765.595021,16.643370,0.748952,0.045000
z_0145_374.449664.png,#806a16,10,706.198052,15.352132,0.690846,0.045000
z_0145_374.449664.png,#8695bd,6,716.624458,15.578793,0.701046,0.045000
z_0145_374.449664.png,#881a96,2,282.350288,6.138050,0.276212,0.045000
z_0145_374.449664.png,#9486bd,7,582.700577,12.667404,0.570033,0.045000
z_0145_374.449664.png,#961a3f,6,348.007143,7.565373,0.340442,0.045000
z_0145_374.449664.png,#9b33b5,5,566.357431,12.312118,0.554045,0.045000
z_0145_374.449664.png,#a3afd4,10,1525.633693,33.165950,1.492468,0.045000
z_0145_374.449664.png,#b086bd,2,83.497475,1.815162,0.081682,0.045000
z_0145_374.449664.png,#b54c73,4,633.754401,13.777270,0.619977,0.045000
z_0145_374.449664.png,#c4b897,2,88.083261,1.914854,0.086168,0.045000
z_0145_374.449664.png,#c9a236,1,158.811183,3.452417,0.155359,0.045000
z_0145_374.449664.png,#d4ce15,1,131.053824,2.848996,0.128205,0.045000
z_0145_374.449664.png,#e8a9bc,8,910.690476,19.797619,0.890893,0.045000
z_0145_374.449664.png,#eb4934,2,223.480231,4.858266,0.218622,0.045000
z_0145_374.449664.png,#eb7434,14,1089.300649,23.680449,1.065620,0.045000
z_0145_374.449664.png,#f79d79,2,146.468037,3.184088,0.143284,0.045000
z_0145_374.449664.png,#ff8308,3,236.208153,5.134960,0.231073,0.045000
z_0145_374.449664.png,#ffb0ba,4,518.943218,11.281374,0.507662,0.045000
z_0146_375.459732.png,#15c1d4,6,1006.205194,21.874026,0.984331,0.045000
z_0146_375.459732.png,#2b8f76,3,230.308658,5.006710,0.225302,0.045000
z_0146_375.459732.png,#2c6944,9,673.671140,14.645025,0.659026,0.045000
z_0146_375.459732.png,#60bccc,3,209.137085,4.546458,0.204591,0.045000
z_0146_375.459732.png,#74ff8a,1,39.798990,0.865195,0.038934,0.045000
z_0146_375.459732.png,#780dd6,8,701.997041,15.260805,0.686736,0.045000
z_0146_375.459732.png,#806a16,10,790.523953,17.185303,0.773339,0.045000
z_0146_375.459732.png,#8695bd,5,698.967604,15.194948,0.683773,0.045000
z_0146_375.459732.png,#881a96,2,301.663997,6.557913,0.295106,0.045000
z_0146_375.459732.png,#9486bd,7,582.215295,12.656854,0.569558,0.045000
z_0146_375.459732.png,#961a3f,6,371.362482,8.073097,0.363289,0.045000
z_0146_375.459732.png,#9b33b5,5,498.617316,10.839507,0.487778,0.045000
z_0146_375.459732.png,#a3afd4,11,1625.231673,35.331123,1.589901,0.045000
z_0146_375.459732.png,#b086bd,2,79.597980,1.730391,0.077868,0.045000
z_0146_375.459732.png,#b54c73,4,629.227489,13.678858,0.615549,0.045000
z_0146_375.459732.png,#c4b897,3,146.367532,3.181903,0.143186,0.045000
z_0146_375.459732.png,#c9a236,1,157.639610,3.426948,0.154213,0.045000
z_0146_375.459732.png,#d4ce15,1,138.124892,3.002715,0.135122,0.045000
z_0146_375.459732.png,#e8a9bc,9,957.560533,20.816533,0.936744,0.045000
z_0146_375.459732.png,#eb4934,2,229.965512,4.999250,0.224966,0.045000
z_0146_375.459732.png,#eb7434,13,1134.312842,24.658975,1.109654,0.045000
z_0146_375.459732.png,#f79d79,2,148.710678,3.232841,0.145478,0.045000
z_0146_375.459732.png,#ff8308,3,189.237590,4.113861,0.185124,0.045000
z_0146_375.459732.png,#ffb0ba,4,553.913780,12.041604,0.541872,0.045000
z_0147_376.469799.png,#15c1d4,7,1023.134126,22.242046,1.000892,0.045000
z_0147_376.469799.png,#2b8f76,3,238.450793,5.183713,0.233267,0.045000
z_0147_376.469799.png,#2c6944,11,753.068109,16.371046,0.736697,0.045000
z_0147_376.469799.png,#60bccc,3,217.965512,4.738381,0.213227,0.045000
z_0147_376.469799.png,#74ff8a,1,37.213203,0.808983,0.036404,0.045000
z_0147_376.469799.png,#780dd6,6,547.286363,11.897530,0.535389,0.045000
z_0147_376.469799.png,#806a16,10,898.264069,19.527480,0.878737,0.045000
z_0147_376.469799.png,#8695bd,5,663.511760,14.424169,0.649088,0.045000
z_0147_376.469799.png,#881a96,2,320.877200,6.975591,0.313902,0.045000
z_0147_376.469799.png,#9486bd,7,516.759451,11.233901,0.505526,0.045000
z_0147_376.469799.png,#961a3f,5,334.634560,7.274664,0.327360,0.045000
z_0147_376.469799.png,#9b33b5,5,504.960461,10.977401,0.493983,0.045000
z_0147_376.469799.png,#a3afd4,14,1702.427632,37.009296,1.665418,0.045000
z_0147_376.469799.png,#b086bd,2,78.426407,1.704922,0.076721,0.045000
z_0147_376.469799.png,#b54c73,5,669.754401,14.559878,0.655195,0.045000
z_0147_376.469799.png,#c4b897,3,159.923882,3.476606,0.156447,0.045000
z_0147_376.469799.png,#c9a236,1,160.710678,3.493710,0.157217,0.045000
z_0147_376.469799.png,#d4ce15,1,155.438600,3.379100,0.152060,0.045000
z_0147_376.469799.png,#e8a9bc,9,920.690476,20.015010,0.900675,0.045000
z_0147_376.469799.png,#eb4934,2,207.823376,4.517899,0.203305,0.045000
z_0147_376.469799.png,#eb7434,15,1263.366666,27.464493,1.235902,0.045000
z_0147_376.469799.png,#f79d79,2,133.154329,2.894659,0.130260,0.045000
z_0147_376.469799.png,#ff8308,3,166.024387,3.609226,0.162415,0.045000
z_0147_376.469799.png,#ffb0ba,6,630.925974,13.715782,0.617210,0.045000
z_0148_377.479866.png,#15c1d4,6,1121.460028,24.379566,1.097080,0.045000
z_0148_377.479866.png,#2b8f76,3,243.965512,5.303598,0.238662,0.045000
z_0148_377.479866.png,#2c6944,10,838.707720,18.232777,0.820475,0.045000
z_0148_377.479866.png,#60bccc,3,225.965512,4.912294,0.221053,0.045000
z_0148_377.479866.png,#74ff8a,1,33.798990,0.734761,0.033064,0.045000
z_0148_377.479866.png,#780dd6,5,523.487373,11.380160,0.512107,0.045000
z_0148_377.479866.png,#806a16,10,992.790981,21.582413,0.971209,0.045000
z_0148_377.479866.png,#8695bd,6,606.097546,13.176034,0.592922,0.045000
z_0148_377.479866.png,#881a96,2,337.261977,7.331782,0.329930,0.045000
z_0148_377.479866.png,#9486bd,6,483.445743,10.509690,0.472936,0.045000
z_0148_377.479866.png,#961a3f,5,313.906638,6.824057,0.307083,0.045000
z_0148_377.479866.png,#9b33b5,5,482.818326,10.496051,0.472322,0.045000
z_0148_377.479866.png,#a3afd4,14,1793.096680,38.980363,1.754116,0.045000
z_0148_377.479866.png,#b086bd,2,78.426407,1.704922,0.076721,0.045000
z_0148_377.479866.png,#b54c73,5,735.452886,15.988106,0.719465,0.045000
z_0148_377.479866.png,#c4b897,3,177.781746,3.864821,0.173917,0.045000
z_0148_377.479866.png,#c9a236,1,160.953319,3.498985,0.157454,0.045000
z_0148_377.479866.png,#d4ce15,1,106.083261,2.306158,0.103777,0.045000
z_0148_377.479866.png,#e8a9bc,9,838.063059,18.218762,0.819844,0.045000
z_0148_377.479866.png,#eb4934,3,171.681241,3.732201,0.167949,0.045000
z_0148_377.479866.png,#eb7434,14,1328.964646,28.890536,1.300074,0.045000
z_0148_377.479866.png,#f79d79,2,136.124892,2.959237,0.133166,0.045000
z_0148_377.479866.png,#ff8308,3,142.852814,3.105496,0.139747,0.045000
z_0148_377.479866.png,#ffb0ba,5,742.465079,16.140545,0.726325,0.045000
z_0149_378.489933.png,#15c1d4,6,1131.058008,24.588218,1.106470,0.045000
z_0149_378.489933.png,#2b8f76,3,250.450793,5.444582,0.245006,0.045000
z_0149_378.489933.png,#2c6944,10,808.121933,17.567868,0.790554,0.045000
z_0149_378.489933.png,#60bccc,3,235.865007,5.127500,0.230738,0.045000
z_0149_378.489933.png,#74ff8a,1,23.556349,0.512095,0.023044,0.045000
z_0149_378.489933.png,#780dd6,5,535.487373,11.641030,0.523846,0.045000
z_0149_378.489933.png,#806a16,8,706.080303,15.349572,0.690731,0.045000
z_0149_378.489933.png,#8695bd,7,458.617316,9.969942,0.448647,0.045000
z_0149_378.489933.png,#881a96,5,336.433550,7.313773,0.329120,0.045000
z_0149_378.489933.png,#9486bd,7,563.872150,12.258090,0.551614,0.045000
z_0149_378.489933.png,#961a3f,4,291.279221,6.332157,0.284947,0.045000
z_0149_378.489933.png,#9b33b5,5,476.333044,10.355066,0.465978,0.045000
z_0149_378.489933.png,#a3afd4,18,1694.486507,36.836663,1.657650,0.045000
z_0149_378.489933.png,#b086bd,1,73.355339,1.594681,0.071761,0.045000
z_0149_378.489933.png,#b54c73,9,927.134126,20.155090,0.906979,0.045000
z_0149_378.489933.png,#c4b897,3,189.580736,4.121320,0.185459,0.045000
z_0149_378.489933.png,#c9a236,1,160.124892,3.480976,0.156644,0.045000
z_0149_378.489933.png,#d4ce15,1,97.840620,2.126970,0.095714,0.045000
z_0149_378.489933.png,#e8a9bc,8,777.778787,16.908235,0.760871,0.045000
z_0149_378.489933.png,#eb4934,3,141.296465,3.071662,0.138225,0.045000
z_0149_378.489933.png,#eb7434,14,1487.917964,32.346043,1.455572,0.045000
z_0149_378.489933.png,#f79d79,2,135.053824,2.935953,0.132118,0.045000
z_0149_378.489933.png,#ff8308,2,118.468037,2.575392,0.115893,0.045000
z_0149_378.489933.png,#ffb0ba,8,802.222438,17.439618,0.784783,0.045000
z_0150_379.500000.png,#0a7851,1,52.870058,1.149349,0.051721,0.045000
z_0150_379.500000.png,#15c1d4,5,1132.815367,24.626421,1.108189,0.045000
z_0150_379.500000.png,#2b8f76,3,244.208153,5.308873,0.238899,0.045000
z_0150_379.500000.png,#2c6944,11,785.979797,17.086517,0.768893,0.045000
z_0150_379.500000.png,#60bccc,3,244.007143,5.304503,0.238703,0.045000
z_0150_379.500000.png,#780dd6,5,530.759451,11.538249,0.519221,0.045000
z_0150_379.500000.png,#806a16,7,662.281313,14.397420,0.647884,0.045000
z_0150_379.500000.png,#8695bd,4,427.546248,9.294484,0.418252,0.045000
z_0150_379.500000.png,#881a96,3,304.048773,6.609756,0.297439,0.045000
z_0150_379.500000.png,#9486bd,8,529.386868,11.508410,0.517878,0.045000
z_0150_379.500000.png,#961a3f,4,281.137085,6.111676,0.275025,0.045000
z_0150_379.500000.png,#9b33b5,4,479.102597,10.415274,0.468687,0.045000
z_0150_379.500000.png,#a3afd4,18,1602.888527,34.845403,1.568043,0.045000
z_0150_379.500000.png,#b086bd,1,63.355339,1.377290,0.061978,0.045000
z_0150_379.500000.png,#b54c73,6,946.648845,20.579323,0.926070,0.045000
z_0150_379.500000.png,#c4b897,4,274.936075,5.976871,0.268959,0.045000
z_0150_379.500000.png,#c9a236,1,161.195959,3.504260,0.157692,0.045000
z_0150_379.500000.png,#d4ce15,1,87.597980,1.904304,0.085694,0.045000
z_0150_379.500000.png,#e8a9bc,8,743.595021,16.165109,0.727430,0.045000
z_0150_379.500000.png,#eb4934,2,91.840620,1.996535,0.089844,0.045000
z_0150_379.500000.png,#eb7434,17,1726.469263,37.531940,1.688937,0.045000
z_0150_379.500000.png,#f79d79,2,140.811183,3.061113,0.137750,0.045000
z_0150_379.500000.png,#ff8308,2,131.539105,2.859546,0.128680,0.045000
z_0150_379.500000.png,#ffb0ba,6,484.073160,10.523330,0.473550,0.045000
z_0151_380.510067.png,#0a7851,1,56.284271,1.223571,0.055061,0.045000
z_0151_380.510067.png,#15c1d4,4,1060.045815,23.044474,1.037001,0.045000
z_0151_380.510067.png,#2b8f76,3,245.279221,5.332157,0.239947,0.045000
z_0151_380.510067.png,#2c6944,13,820.849855,17.844562,0.803005,0.045000
z_0151_380.510067.png,#60bccc,3,250.007143,5.434938,0.244572,0.045000
z_0151_380.510067.png,#780dd6,4,508.759451,11.059988,0.497699,0.045000
z_0151_380.510067.png,#806a16,9,758.808225,16.495831,0.742312,0.045000
z_0151_380.510067.png,#8695bd,4,448.274170,9.745091,0.438529,0.045000
z_0151_380.510067.png,#881a96,3,365.362482,7.942663,0.357420,0.045000
z_0151_380.510067.png,#9486bd,6,486.416306,10.574268,0.475842,0.045000
z_0151_380.510067.png,#961a3f,5,311.137085,6.763850,0.304373,0.045000
z_0151_380.510067.png,#9b33b5,4,460.901587,10.019600,0.450882,0.045000
z_0151_380.510067.png,#a3afd4,14,1321.810317,28.735007,1.293075,0.045000
z_0151_380.510067.png,#b086bd,2,86.769553,1.886295,0.084883,0.045000
z_0151_380.510067.png,#b54c73,6,954.766594,20.755796,0.934011,0.045000
z_0151_380.510067.png,#c4b897,3,294.149278,6.394550,0.287755,0.045000
z_0151_380.510067.png,#c9a236,2,563.712770,12.254625,0.551458,0.045000
z_0151_380.510067.png,#d4ce15,1,80.526912,1.750585,0.078776,0.045000
z_0151_380.510067.png,#e8a9bc,8,736.666089,16.014480,0.720652,0.045000
z_0151_380.510067.png,#eb4934,2,77.840620,1.692187,0.076148,0.045000
z_0151_380.510067.png,#eb7434,16,1950.452019,42.401131,1.908051,0.045000
z_0151_380.510067.png,#f79d79,2,147.053824,3.196822,0.143857,0.045000
z_0151_380.510067.png,#ff8308,2,139.882251,3.040918,0.136841,0.045000
z_0151_380.510067.png,#ffb0ba,5,372.475180,8.097287,0.364378,0.045000
z_0152_381.520134.png,#0a7851,1,60.041631,1.305253,0.058736,0.045000
z_0152_381.520134.png,#15c1d4,5,1026.631601,22.318078,1.004314,0.045000
z_0152_381.520134.png,#2b8f76,3,243.279221,5.288679,0.237991,0.045000
z_0152_381.520134.png,#2c6944,11,789.678282,17.166919,0.772511,0.045000
z_0152_381.520134.png,#60bccc,3,295.220346,6.417834,0.288803,0.045000
z_0152_381.520134.png,#780dd6,5,502.374675,10.921189,0.491453,0.045000
z_0152_381.520134.png,#806a16,9,767.778787,16.690843,0.751088,0.045000
z_0152_381.520134.png,#8695bd,5,549.529004,11.946283,0.537583,0.045000
z_0152_381.520134.png,#881a96,3,392.048773,8.522799,0.383526,0.045000
z_0152_381.520134.png,#9486bd,5,424.090404,9.219357,0.414871,0.045000
z_0152_381.520134.png,#961a3f,5,331.178716,7.199537,0.323979,0.045000
z_0152_381.520134.png,#9b33b5,4,435.102597,9.458752,0.425644,0.045000
z_0152_381.520134.png,#a3afd4,13,1274.312842,27.702453,1.246610,0.045000
z_0152_381.520134.png,#b086bd,2,108.669048,2.362371,0.106307,0.045000
z_0152_381.520134.png,#b54c73,8,1033.536147,22.468177,1.011068,0.045000
z_0152_381.520134.png,#c4b897,2,297.663997,6.470956,0.291193,0.045000
z_0152_381.520134.png,#c9a236,2,522.014285,11.348137,0.510666,0.045000
z_0152_381.520134.png,#d4ce15,1,69.698485,1.515184,0.068183,0.045000
z_0152_381.520134.png,#e8a9bc,7,704.180808,15.308278,0.688873,0.045000
z_0152_381.520134.png,#eb4934,2,76.183766,1.656169,0.074528,0.045000
z_0152_381.520134.png,#eb7434,16,2042.576911,44.403846,1.998173,0.045000
z_0152_381.520134.png,#f79d79,2,154.468037,3.358001,0.151110,0.045000
z_0152_381.520134.png,#ff8308,2,152.367532,3.312338,0.149055,0.045000
z_0152_381.520134.png,#ffb0ba,5,380.475180,8.271200,0.372204,0.045000
z_0153_382.530201.png,#0a7851,2,101.254834,2.201192,0.099054,0.045000
z_0153_382.530201.png,#15c1d4,4,975.418398,21.204748,0.954214,0.045000
z_0153_382.530201.png,#2b8f76,3,255.178716,5.547363,0.249631,0.045000
z_0153_382.530201.png,#2c6944,10,716.766594,15.581882,0.701185,0.045000
z_0153_382.530201.png,#60bccc,3,307.806133,6.691438,0.301115,0.045000
z_0153_382.530201.png,#780dd6,5,489.889394,10.649769,0.479240,0.045000
z_0153_382.530201.png,#806a16,10,910.246825,19.787974,0.890459,0.045000
z_0153_382.530201.png,#8695bd,8,706.038672,15.348667,0.690690,0.045000
z_0153_382.530201.png,#881a96,4,417.261977,9.070913,0.408191,0.045000
z_0153_382.530201.png,#9486bd,5,400.676190,8.710352,0.391966,0.045000
z_0153_382.530201.png,#961a3f,6,507.688384,11.036704,0.496652,0.045000
z_0153_382.530201.png,#9b33b5,3,409.203102,8.895720,0.400307,0.045000
z_0153_382.530201.png,#a3afd4,11,1164.170706,25.308059,1.138863,0.045000
z_0153_382.530201.png,#b086bd,2,122.568542,2.664534,0.119904,0.045000
z_0153_382.530201.png,#b54c73,9,1127.820418,24.517835,1.103303,0.045000
z_0153_382.530201.png,#c4b897,4,279.663997,6.079652,0.273584,0.045000
z_0153_382.530201.png,#c9a236,4,452.416306,9.835137,0.442581,0.045000
z_0153_382.530201.png,#d4ce15,1,75.355339,1.638160,0.073717,0.045000
z_0153_382.530201.png,#e8a9bc,8,628.198052,13.656479,0.614542,0.045000
z_0153_382.530201.png,#eb4934,2,77.254834,1.679453,0.075575,0.045000
z_0153_382.530201.png,#eb7434,17,2137.062192,46.457874,2.090604,0.045000
z_0153_382.530201.png,#f79d79,2,157.639610,3.426948,0.154213,0.045000
z_0153_382.530201.png,#ff8308,2,165.195959,3.591217,0.161605,0.045000
z_0153_382.530201.png,#ffb0ba,5,376.090404,8.175878,0.367915,0.045000
z_0154_383.540268.png,#0a7851,2,119.740115,2.603046,0.117137,0.045000
z_0154_383.540268.png,#15c1d4,4,939.418398,20.422139,0.918996,0.045000
z_0154_383.540268.png,#2b8f76,4,256.149278,5.568463,0.250581,0.045000
z_0154_383.540268.png,#2c6944,8,628.783838,13.669214,0.615115,0.045000
z_0154_383.540268.png,#60bccc,3,336.090404,7.306313,0.328784,0.045000
z_0154_383.540268.png,#780dd6,6,506.073160,11.001590,0.495072,0.045000
z_0154_383.540268.png,#806a16,10,904.690476,19.667184,0.885023,0.045000
z_0154_383.540268.png,#8695bd,6,836.121933,18.176564,0.817945,0.045000
z_0154_383.540268.png,#881a96,5,478.374675,10.399449,0.467975,0.045000
z_0154_383.540268.png,#9486bd,5,365.362482,7.942663,0.357420,0.045000
z_0154_383.540268.png,#961a3f,6,478.617316,10.404724,0.468213,0.045000
z_0154_383.540268.png,#9b33b5,3,389.060967,8.457847,0.380603,0.045000
z_0154_383.540268.png,#a3afd4,12,1057.300649,22.984797,1.034316,0.045000
z_0154_383.540268.png,#b086bd,2,173.639610,3.774774,0.169865,0.045000
z_0154_383.540268.png,#b54c73,8,1163.560533,25.294794,1.138266,0.045000
z_0154_383.540268.png,#c4b897,3,271.279221,5.897374,0.265382,0.045000
z_0154_383.540268.png,#c9a236,3,363.989899,7.912824,0.356077,0.045000
z_0154_383.540268.png,#d4ce15,2,114.083261,2.480071,0.111603,0.045000
z_0154_383.540268.png,#e8a9bc,8,608.641702,13.231341,0.595410,0.045000
z_0154_383.540268.png,#eb4934,2,75.941125,1.650894,0.074290,0.045000
z_0154_383.540268.png,#eb7434,16,2334.927199,50.759287,2.284168,0.045000
z_0154_383.540268.png,#f79d79,2,162.468037,3.531914,0.158936,0.045000
z_0154_383.540268.png,#ff8308,2,183.095454,3.980336,0.179115,0.045000
z_0154_383.540268.png,#ffb0ba,5,387.504617,8.424013,0.379081,0.045000
z_0155_384.550336.png,#0a7851,3,146.225397,3.178813,0.143047,0.045000
z_0155_384.550336.png,#15c1d4,4,896.548340,19.490181,0.877058,0.045000
z_0155_384.550336.png,#2b8f76,4,202.551299,4.403289,0.198148,0.045000
z_0155_384.550336.png,#2c6944,8,605.026479,13.152750,0.591874,0.045000
z_0155_384.550336.png,#60bccc,3,347.747258,7.559723,0.340188,0.045000
z_0155_384.550336.png,#780dd6,5,513.386868,11.160584,0.502226,0.045000
z_0155_384.550336.png,#806a16,9,853.376767,18.551669,0.834825,0.045000
z_0155_384.550336.png,#8695bd,5,919.803174,19.995721,0.899807,0.045000
z_0155_384.550336.png,#881a96,4,589.671140,12.818938,0.576852,0.045000
z_0155_384.550336.png,#9486bd,4,308.149278,6.698897,0.301450,0.045000
z_0155_384.550336.png,#94d4b5,1,114.568542,2.490620,0.112078,0.045000
z_0155_384.550336.png,#961a3f,5,472.960461,10.281749,0.462679,0.045000
z_0155_384.550336.png,#9b33b5,2,352.918831,7.672148,0.345247,0.045000
z_0155_384.550336.png,#a3afd4,11,1039.986940,22.608412,1.017379,0.045000
z_0155_384.550336.png,#b086bd,2,202.610173,4.404569,0.198206,0.045000
z_0155_384.550336.png,#b54c73,8,1231.844805,26.779235,1.205066,0.045000
z_0155_384.550336.png,#c4b897,3,173.681241,3.775679,0.169906,0.045000
z_0155_384.550336.png,#c9a236,2,343.504617,7.467492,0.336037,0.045000
z_0155_384.550336.png,#d4ce15,2,148.710678,3.232841,0.145478,0.045000
z_0155_384.550336.png,#e8a9bc,7,570.742207,12.407439,0.558335,0.045000
z_0155_384.550336.png,#eb4934,2,77.112698,1.676363,0.075436,0.045000
z_0155_384.550336.png,#eb7434,15,2405.856131,52.301220,2.353555,0.045000
z_0155_384.550336.png,#f79d79,2,168.953319,3.672898,0.165280,0.045000
z_0155_384.550336.png,#ff8308,2,187.195959,4.069477,0.183126,0.045000
z_0155_384.550336.png,#ffb0ba,5,407.889394,8.867161,0.399022,0.045000
z_0156_385.560403.png,#0a7851,3,146.225397,3.178813,0.143047,0.045000
z_0156_385.560403.png,#15c1d4,4,896.548340,19.490181,0.877058,0.045000
z_0156_385.560403.png,#2b8f76,4,202.551299,4.403289,0.198148,0.045000
z_0156_385.560403.png,#2c6944,8,605.026479,13.152750,0.591874,0.045000
z_0156_385.560403.png,#60bccc,3,347.747258,7.559723,0.340188,0.045000
z_0156_385.560403.png,#780dd6,5,513.386868,11.160584,0.502226,0.045000
z_0156_385.560403.png,#806a16,9,853.376767,18.551669,0.834825,0.045000
z_0156_385.560403.png,#8695bd,5,919.803174,19.995721,0.899807,0.045000
z_0156_385.560403.png,#881a96,4,589.671140,12.818938,0.576852,0.045000
z_0156_385.560403.png,#9486bd,4,308.149278,6.698897,0.301450,0.045000
z_0156_385.560403.png,#94d4b5,1,114.568542,2.490620,0.112078,0.045000
z_0156_385.560403.png,#961a3f,5,472.960461,10.281749,0.462679,0.045000
z_0156_385.560403.png,#9b33b5,2,352.918831,7.672148,0.345247,0.045000
z_0156_385.560403.png,#a3afd4,11,1039.986940,22.608412,1.017379,0.045000
z_0156_385.560403.png,#b086bd,2,202.610173,4.404569,0.198206,0.045000
z_0156_385.560403.png,#b54c73,8,1231.844805,26.779235,1.205066,0.045000
z_0156_385.560403.png,#c4b897,3,173.681241,3.775679,0.169906,0.045000
z_0156_385.560403.png,#c9a236,2,343.504617,7.467492,0.336037,0.045000
z_0156_385.560403.png,#d4ce15,2,148.710678,3.232841,0.145478,0.045000
z_0156_385.560403.png,#e8a9bc,7,570.742207,12.407439,0.558335,0.045000
z_0156_385.560403.png,#eb4934,2,77.112698,1.676363,0.075436,0.045000
z_0156_385.560403.png,#eb7434,15,2405.856131,52.301220,2.353555,0.045000
z_0156_385.560403.png,#f79d79,2,168.953319,3.672898,0.165280,0.045000
z_0156_385.560403.png,#ff8308,2,187.195959,4.069477,0.183126,0.045000
z_0156_385.560403.png,#ffb0ba,5,407.889394,8.867161,0.399022,0.045000
z_0157_386.570470.png,#0a7851,1,42.627417,0.926683,0.041701,0.045000
z_0157_386.570470.png,#15c1d4,4,852.506709,18.532755,0.833974,0.045000
z_0157_386.570470.png,#2b8f76,4,189.237590,4.113861,0.185124,0.045000
z_0157_386.570470.png,#2c6944,8,494.215295,10.743811,0.483471,0.045000
z_0157_386.570470.png,#60bccc,3,336.676190,7.319048,0.329357,0.045000
z_0157_386.570470.png,#780dd6,3,483.244733,10.505320,0.472739,0.045000
z_0157_386.570470.png,#806a16,10,1000.045815,21.740126,0.978306,0.045000
z_0157_386.570470.png,#8695bd,6,1031.986940,22.434499,1.009552,0.045000
z_0157_386.570470.png,#881a96,3,691.452886,15.031584,0.676421,0.045000
z_0157_386.570470.png,#9486bd,4,214.066017,4.653609,0.209412,0.045000
z_0157_386.570470.png,#94d4b5,3,178.610173,3.882830,0.174727,0.045000
z_0157_386.570470.png,#961a3f,6,424.960461,9.238271,0.415722,0.045000
z_0157_386.570470.png,#9b33b5,2,296.634560,6.448577,0.290186,0.045000
z_0157_386.570470.png,#a3afd4,10,938.589971,20.404130,0.918186,0.045000
z_0157_386.570470.png,#b086bd,2,256.308658,5.571927,0.250737,0.045000
z_0157_386.570470.png,#b54c73,8,1424.680374,30.971312,1.393709,0.045000
z_0157_386.570470.png,#c4b897,2,91.254834,1.983801,0.089271,0.045000
z_0157_386.570470.png,#c9a236,2,303.948268,6.607571,0.297341,0.045000
z_0157_386.570470.png,#d4ce15,2,189.681241,4.123505,0.185558,0.045000
z_0157_386.570470.png,#e8a9bc,6,520.558441,11.316488,0.509242,0.045000
z_0157_386.570470.png,#eb4934,2,76.769553,1.668903,0.075101,0.045000
z_0157_386.570470.png,#eb7434,15,2503.637877,54.426910,2.449211,0.045000
z_0157_386.570470.png,#f79d79,2,187.237590,4.070382,0.183167,0.045000
z_0157_386.570470.png,#ff8308,2,197.338095,4.289959,0.193048,0.045000
z_0157_386.570470.png,#ffb0ba,4,404.190909,8.786759,0.395404,0.045000
z_0158_387.580537.png,#0a7851,2,172.610173,3.752395,0.168858,0.045000
z_0158_387.580537.png,#15c1d4,4,818.465079,17.792719,0.800672,0.045000
z_0158_387.580537.png,#2b8f76,4,178.267027,3.875370,0.174392,0.045000
z_0158_387.580537.png,#2c6944,8,405.788889,8.821498,0.396967,0.045000
z_0158_387.580537.png,#60bccc,3,301.220346,6.548268,0.294672,0.045000
z_0158_387.580537.png,#780dd6,3,464.416306,10.096007,0.454320,0.045000
z_0158_387.580537.png,#806a16,10,973.359523,21.159990,0.952200,0.045000
z_0158_387.580537.png,#8695bd,6,1007.986940,21.912760,0.986074,0.045000
z_0158_387.580537.png,#881a96,3,683.695526,14.862946,0.668833,0.045000
z_0158_387.580537.png,#9486bd,3,177.438600,3.857361,0.173581,0.045000
z_0158_387.580537.png,#94d4b5,2,204.610173,4.448047,0.200162,0.045000
z_0158_387.580537.png,#961a3f,5,357.261977,7.766565,0.349495,0.045000
z_0158_387.580537.png,#9b33b5,3,262.208153,5.700177,0.256508,0.045000
z_0158_387.580537.png,#a3afd4,10,911.577777,19.816908,0.891761,0.045000
z_0158_387.580537.png,#b086bd,2,296.249783,6.440213,0.289810,0.045000
z_0158_387.580537.png,#b54c73,8,1438.923015,31.280935,1.407642,0.045000
z_0158_387.580537.png,#c4b897,2,65.355339,1.420768,0.063935,0.045000
z_0158_387.580537.png,#c9a236,2,290.048773,6.305408,0.283743,0.045000
z_0158_387.580537.png,#d4ce15,2,201.095454,4.371640,0.196724,0.045000
z_0158_387.580537.png,#e8a9bc,7,545.529004,11.859326,0.533670,0.045000
z_0158_387.580537.png,#eb4934,2,81.012193,1.761135,0.079251,0.045000
z_0158_387.580537.png,#eb7434,12,2448.868325,53.236268,2.395632,0.045000
z_0158_387.580537.png,#f79d79,2,190.166522,4.134055,0.186032,0.045000
z_0158_387.580537.png,#ff8308,2,204.267027,4.440588,0.199826,0.045000
z_0158_387.580537.png,#ffb0ba,4,395.504617,8.597926,0.386907,0.045000
z_0159_388.590604.png,#0a7851,2,174.267027,3.788414,0.170479,0.045000
z_0159_388.590604.png,#15c1d4,4,825.778787,17.951713,0.807827,0.045000
z_0159_388.590604.png,#2b8f76,3,164.367532,3.573207,0.160794,0.045000
z_0159_388.590604.png,#2c6944,8,404.374675,8.790754,0.395584,0.045000
z_0159_388.590604.png,#60bccc,3,310.048773,6.740191,0.303309,0.045000
z_0159_388.590604.png,#780dd6,3,465.002092,10.108741,0.454893,0.045000
z_0159_388.590604.png,#806a16,10,977.359523,21.246946,0.956113,0.045000
z_0159_388.590604.png,#8695bd,6,1006.572727,21.882016,0.984691,0.045000
z_0159_388.590604.png,#881a96,3,685.595021,14.904240,0.670691,0.045000
z_0159_388.590604.png,#9486bd,3,177.438600,3.857361,0.173581,0.045000
z_0159_388.590604.png,#94d4b5,2,203.781746,4.430038,0.199352,0.045000
z_0159_388.590604.png,#961a3f,5,356.433550,7.748555,0.348685,0.045000
z_0159_388.590604.png,#9b33b5,3,261.865007,5.692718,0.256172,0.045000
z_0159_388.590604.png,#a3afd4,10,912.163564,19.829643,0.892334,0.045000
z_0159_388.590604.png,#b086bd,2,295.178716,6.416929,0.288762,0.045000
z_0159_388.590604.png,#b54c73,8,1442.822510,31.365707,1.411457,0.045000
z_0159_388.590604.png,#c4b897,2,66.769553,1.451512,0.065318,0.045000
z_0159_388.590604.png,#c9a236,2,293.220346,6.374355,0.286846,0.045000
z_0159_388.590604.png,#d4ce15,2,202.610173,4.404569,0.198206,0.045000
z_0159_388.590604.png,#e8a9bc,7,540.357431,11.746901,0.528611,0.045000
z_0159_388.590604.png,#eb4934,2,81.012193,1.761135,0.079251,0.045000
z_0159_388.590604.png,#eb7434,12,2452.868325,53.323224,2.399545,0.045000
z_0159_388.590604.png,#f79d79,2,190.166522,4.134055,0.186032,0.045000
z_0159_388.590604.png,#ff8308,2,203.681241,4.427853,0.199253,0.045000
z_0159_388.590604.png,#ffb0ba,4,394.090404,8.567183,0.385523,0.045000
z_0160_389.600671.png,#0a7851,2,151.195959,3.286869,0.147909,0.045000
z_0160_389.600671.png,#15c1d4,4,886.406204,19.269700,0.867137,0.045000
z_0160_389.600671.png,#2b8f76,3,204.894444,4.454227,0.200440,0.045000
z_0160_389.600671.png,#2c6944,5,258.551299,5.620680,0.252931,0.045000
z_0160_389.600671.png,#60bccc,3,258.107648,5.611036,0.252497,0.045000
z_0160_389.600671.png,#780dd6,3,402.190909,8.743281,0.393448,0.045000
z_0160_389.600671.png,#806a16,6,924.832611,20.105057,0.904728,0.045000
z_0160_389.600671.png,#8695bd,7,1016.146320,22.090137,0.994056,0.045000
z_0160_389.600671.png,#881a96,4,493.286363,10.723617,0.482563,0.045000
z_0160_389.600671.png,#9486bd,3,177.438600,3.857361,0.173581,0.045000
z_0160_389.600671.png,#94d4b5,3,203.681241,4.427853,0.199253,0.045000
z_0160_389.600671.png,#961a3f,5,359.705627,7.819688,0.351886,0.045000
z_0160_389.600671.png,#9b33b5,3,186.610173,4.056743,0.182553,0.045000
z_0160_389.600671.png,#a3afd4,11,742.222438,16.135270,0.726087,0.045000
z_0160_389.600671.png,#b086bd,4,511.529004,11.120196,0.500409,0.045000
z_0160_389.600671.png,#b54c73,8,1246.999133,27.108677,1.219890,0.045000
z_0160_389.600671.png,#c4b897,1,40.384776,0.877930,0.039507,0.045000
z_0160_389.600671.png,#c9a236,2,325.563492,7.077467,0.318486,0.045000
z_0160_389.600671.png,#d4ce15,3,202.651804,4.405474,0.198246,0.045000
z_0160_389.600671.png,#e8a9bc,5,499.931024,10.868066,0.489063,0.045000
z_0160_389.600671.png,#eb4934,3,118.811183,2.582852,0.116228,0.045000
z_0160_389.600671.png,#eb7434,12,2192.275395,47.658161,2.144617,0.045000
z_0160_389.600671.png,#f79d79,2,195.237590,4.244295,0.190993,0.045000
z_0160_389.600671.png,#ff8308,1,90.083261,1.958332,0.088125,0.045000
z_0160_389.600671.png,#ffb0ba,5,491.185858,10.677953,0.480508,0.045000
z_0161_390.610738.png,#0a7851,2,151.195959,3.286869,0.147909,0.045000
z_0161_390.610738.png,#15c1d4,4,886.406204,19.269700,0.867137,0.045000
z_0161_390.610738.png,#2b8f76,3,204.894444,4.454227,0.200440,0.045000
z_0161_390.610738.png,#2c6944,5,258.551299,5.620680,0.252931,0.045000
z_0161_390.610738.png,#60bccc,3,258.107648,5.611036,0.252497,0.045000
z_0161_390.610738.png,#780dd6,3,402.190909,8.743281,0.393448,0.045000
z_0161_390.610738.png,#806a16,6,924.832611,20.105057,0.904728,0.045000
z_0161_390.610738.png,#8695bd,7,1016.146320,22.090137,0.994056,0.045000
z_0161_390.610738.png,#881a96,4,493.286363,10.723617,0.482563,0.045000
z_0161_390.610738.png,#9486bd,3,177.438600,3.857361,0.173581,0.045000
z_0161_390.610738.png,#94d4b5,3,203.681241,4.427853,0.199253,0.045000
z_0161_390.610738.png,#961a3f,5,359.705627,7.819688,0.351886,0.045000
z_0161_390.610738.png,#9b33b5,3,186.610173,4.056743,0.182553,0.045000
z_0161_390.610738.png,#a3afd4,11,742.222438,16.135270,0.726087,0.045000
z_0161_390.610738.png,#b086bd,4,511.529004,11.120196,0.500409,0.045000
z_0161_390.610738.png,#b54c73,8,1246.999133,27.108677,1.219890,0.045000
z_0161_390.610738.png,#c4b897,1,40.384776,0.877930,0.039507,0.045000
z_0161_390.610738.png,#c9a236,2,325.563492,7.077467,0.318486,0.045000
z_0161_390.610738.png,#d4ce15,3,202.651804,4.405474,0.198246,0.045000
z_0161_390.610738.png,#e8a9bc,5,499.931024,10.868066,0.489063,0.045000
z_0161_390.610738.png,#eb4934,3,118.811183,2.582852,0.116228,0.045000
z_0161_390.610738.png,#eb7434,12,2192.275395,47.658161,2.144617,0.045000
z_0161_390.610738.png,#f79d79,2,195.237590,4.244295,0.190993,0.045000
z_0161_390.610738.png,#ff8308,1,90.083261,1.958332,0.088125,0.045000
z_0161_390.610738.png,#ffb0ba,5,491.185858,10.677953,0.480508,0.045000
z_0162_391.620805.png,#0a7851,4,248.208153,5.395829,0.242812,0.045000
z_0162_391.620805.png,#15c1d4,3,889.234631,19.331188,0.869903,0.045000
z_0162_391.620805.png,#2b8f76,3,224.551299,4.881550,0.219670,0.045000
z_0162_391.620805.png,#2c6944,6,279.622366,6.078747,0.273544,0.045000
z_0162_391.620805.png,#60bccc,3,252.693434,5.493336,0.247200,0.045000
z_0162_391.620805.png,#780dd6,3,379.605122,8.252285,0.371353,0.045000
z_0162_391.620805.png,#806a16,5,865.376767,18.812538,0.846564,0.045000
z_0162_391.620805.png,#8695bd,6,957.276262,20.810354,0.936466,0.045000
z_0162_391.620805.png,#881a96,4,479.872150,10.432003,0.469440,0.045000
z_0162_391.620805.png,#9486bd,3,193.823376,4.213552,0.189610,0.045000
z_0162_391.620805.png,#94d4b5,3,240.793939,5.234651,0.235559,0.045000
z_0162_391.620805.png,#961a3f,5,354.776695,7.712537,0.347064,0.045000
z_0162_391.620805.png,#9b33b5,3,171.195959,3.721651,0.167474,0.045000
z_0162_391.620805.png,#a3afd4,10,689.796031,14.995566,0.674800,0.045000
z_0162_391.620805.png,#b086bd,3,467.487373,10.162769,0.457325,0.045000
z_0162_391.620805.png,#b54c73,9,1182.655988,25.709913,1.156946,0.045000
z_0162_391.620805.png,#c4b897,1,41.213203,0.895939,0.040317,0.045000
z_0162_391.620805.png,#c9a236,3,377.261977,8.201347,0.369061,0.045000
z_0162_391.620805.png,#d4ce15,3,160.610173,3.491526,0.157119,0.045000
z_0162_391.620805.png,#e8a9bc,5,505.244733,10.983581,0.494261,0.045000
z_0162_391.620805.png,#eb4934,3,128.468037,2.792783,0.125675,0.045000
z_0162_391.620805.png,#eb7434,10,2156.819551,46.887382,2.109932,0.045000
z_0162_391.620805.png,#f79d79,2,194.894444,4.236836,0.190658,0.045000
z_0162_391.620805.png,#ff8308,2,91.497475,1.989076,0.089508,0.045000
z_0162_391.620805.png,#ffb0ba,4,488.600072,10.621741,0.477978,0.045000
z_0163_392.630872.png,#0a7851,3,312.634560,6.796403,0.305838,0.045000
z_0163_392.630872.png,#15c1d4,2,827.678282,17.993006,0.809685,0.045000
z_0163_392.630872.png,#2b8f76,3,261.078210,5.675613,0.255403,0.045000
z_0163_392.630872.png,#2c6944,6,312.492424,6.793314,0.305699,0.045000
z_0163_392.630872.png,#60bccc,3,224.551299,4.881550,0.219670,0.045000
z_0163_392.630872.png,#780dd6,3,369.747258,8.037984,0.361709,0.045000
z_0163_392.630872.png,#806a16,7,933.903679,20.302254,0.913601,0.045000
z_0163_392.630872.png,#8695bd,7,950.690476,20.667184,0.930023,0.045000
z_0163_392.630872.png,#881a96,4,428.274170,9.310308,0.418964,0.045000
z_0163_392.630872.png,#9486bd,3,187.923882,4.085302,0.183839,0.045000
z_0163_392.630872.png,#94d4b5,3,261.178716,5.677798,0.255501,0.045000
z_0163_392.630872.png,#961a3f,5,355.261977,7.723086,0.347539,0.045000
z_0163_392.630872.png,#9b33b5,3,157.195959,3.417303,0.153779,0.045000
z_0163_392.630872.png,#a3afd4,10,660.825469,14.365771,0.646460,0.045000
z_0163_392.630872.png,#b086bd,4,509.185858,11.069258,0.498117,0.045000
z_0163_392.630872.png,#b54c73,13,1036.815367,22.539465,1.014276,0.045000
z_0163_392.630872.png,#c4b897,1,40.627417,0.883205,0.039744,0.045000
z_0163_392.630872.png,#c9a236,3,418.333044,9.094197,0.409239,0.045000
z_0163_392.630872.png,#d4ce15,3,148.267027,3.223196,0.145044,0.045000
z_0163_392.630872.png,#e8a9bc,4,521.529004,11.337587,0.510191,0.045000
z_0163_392.630872.png,#eb4934,3,133.639610,2.905209,0.130734,0.045000
z_0163_392.630872.png,#eb7434,11,2184.174890,47.482063,2.136693,0.045000
z_0163_392.630872.png,#f79d79,2,199.965512,4.347076,0.195618,0.045000
z_0163_392.630872.png,#ff8308,2,80.769553,1.755860,0.079014,0.045000
z_0163_392.630872.png,#ffb0ba,3,492.457936,10.705607,0.481752,0.045000
z_0164_393.640940.png,#0a7851,3,332.090404,7.219357,0.324871,0.045000
z_0164_393.640940.png,#15c1d4,2,782.423448,17.009205,0.765414,0.045000
z_0164_393.640940.png,#2b8f76,3,298.391919,6.486781,0.291905,0.045000
z_0164_393.640940.png,#2c6944,6,350.190909,7.612846,0.342578,0.045000
z_0164_393.640940.png,#60bccc,3,217.137085,4.720371,0.212417,0.045000
z_0164_393.640940.png,#780dd6,3,312.534055,6.794219,0.305740,0.045000
z_0164_393.640940.png,#806a16,5,952.974747,20.716842,0.932258,0.045000
z_0164_393.640940.png,#8695bd,6,894.648845,19.448888,0.875200,0.045000
z_0164_393.640940.png,#881a96,4,407.889394,8.867161,0.399022,0.045000
z_0164_393.640940.png,#9486bd,3,187.923882,4.085302,0.183839,0.045000
z_0164_393.640940.png,#94d4b5,3,291.220346,6.330877,0.284889,0.045000
z_0164_393.640940.png,#961a3f,5,354.433550,7.705077,0.346728,0.045000
z_0164_393.640940.png,#9b33b5,3,142.610173,3.100221,0.139510,0.045000
z_0164_393.640940.png,#a3afd4,10,585.913780,12.737256,0.573177,0.045000
z_0164_393.640940.png,#b086bd,4,496.600072,10.795654,0.485804,0.045000
z_0164_393.640940.png,#b54c73,10,749.494516,16.293359,0.733201,0.045000
z_0164_393.640940.png,#c4b897,1,40.870058,0.888480,0.039982,0.045000
z_0164_393.640940.png,#c9a236,4,421.646753,9.166234,0.412481,0.045000
z_0164_393.640940.png,#d4ce15,3,131.539105,2.859546,0.128680,0.045000
z_0164_393.640940.png,#e8a9bc,3,500.256926,10.875151,0.489382,0.045000
z_0164_393.640940.png,#eb4934,3,138.468037,3.010175,0.135458,0.045000
z_0164_393.640940.png,#eb7434,13,2147.245958,46.679260,2.100567,0.045000
z_0164_393.640940.png,#f79d79,2,201.379726,4.377820,0.197002,0.045000
z_0164_393.640940.png,#ff8308,3,245.622366,5.339617,0.240283,0.045000
z_0164_393.640940.png,#ffb0ba,3,482.315801,10.485126,0.471831,0.045000
z_0165_394.651007.png,#0a7851,3,330.090404,7.175878,0.322915,0.045000
z_0165_394.651007.png,#15c1d4,2,781.352380,16.985921,0.764366,0.045000
z_0165_394.651007.png,#2b8f76,3,295.220346,6.417834,0.288803,0.045000
z_0165_394.651007.png,#2c6944,6,352.190909,7.656324,0.344535,0.045000
z_0165_394.651007.png,#60bccc,3,216.551299,4.707637,0.211844,0.045000
z_0165_394.651007.png,#780dd6,3,310.534055,6.750740,0.303783,0.045000
z_0165_394.651007.png,#806a16,5,953.560533,20.729577,0.932831,0.045000
z_0165_394.651007.png,#8695bd,6,894.749350,19.451073,0.875298,0.045000
z_0165_394.651007.png,#881a96,4,408.475180,8.879895,0.399595,0.045000
z_0165_394.651007.png,#9486bd,3,187.681241,4.080027,0.183601,0.045000
z_0165_394.651007.png,#94d4b5,3,294.634560,6.405099,0.288229,0.045000
z_0165_394.651007.png,#961a3f,5,354.776695,7.712537,0.347064,0.045000
z_0165_394.651007.png,#9b33b5,3,142.610173,3.100221,0.139510,0.045000
z_0165_394.651007.png,#a3afd4,10,585.671140,12.731981,0.572939,0.045000
z_0165_394.651007.png,#b086bd,4,495.185858,10.764910,0.484421,0.045000
z_0165_394.651007.png,#b54c73,10,748.908730,16.280625,0.732628,0.045000
z_0165_394.651007.png,#c4b897,1,41.698485,0.906489,0.040792,0.045000
z_0165_394.651007.png,#c9a236,4,425.546248,9.251005,0.416295,0.045000
z_0165_394.651007.png,#d4ce15,3,132.710678,2.885015,0.129826,0.045000
z_0165_394.651007.png,#e8a9bc,3,503.913780,10.954647,0.492959,0.045000
z_0165_394.651007.png,#eb4934,3,138.468037,3.010175,0.135458,0.045000
z_0165_394.651007.png,#eb7434,13,2149.245958,46.722738,2.102523,0.045000
z_0165_394.651007.png,#f79d79,2,201.137085,4.372545,0.196765,0.045000
z_0165_394.651007.png,#ff8308,3,246.208153,5.352351,0.240856,0.045000
z_0165_394.651007.png,#ffb0ba,3,485.386868,10.551888,0.474835,0.045000
z_0166_395.661074.png,#0a7851,4,356.575685,7.751645,0.348824,0.045000
z_0166_395.661074.png,#15c1d4,2,691.695526,15.036859,0.676659,0.045000
z_0166_395.661074.png,#2b8f76,3,314.291414,6.832422,0.307459,0.045000
z_0166_395.661074.png,#2c6944,6,385.889394,8.388900,0.377500,0.045000
z_0166_395.661074.png,#60bccc,3,183.923882,3.998345,0.179926,0.045000
z_0166_395.661074.png,#780dd6,3,259.421356,5.639595,0.253782,0.045000
z_0166_395.661074.png,#806a16,5,931.134126,20.242046,0.910892,0.045000
z_0166_395.661074.png,#8695bd,5,856.222438,18.613531,0.837609,0.045000
z_0166_395.661074.png,#881a96,4,378.433550,8.226816,0.370207,0.045000
z_0166_395.661074.png,#9486bd,3,199.923882,4.346171,0.195578,0.045000
z_0166_395.661074.png,#94d4b5,3,260.492424,5.662879,0.254830,0.045000
z_0166_395.661074.png,#961a3f,4,285.078210,6.197352,0.278881,0.045000
z_0166_395.661074.png,#9b33b5,1,65.455844,1.422953,0.064033,0.045000
z_0166_395.661074.png,#a3afd4,7,319.563492,6.947032,0.312616,0.045000
z_0166_395.661074.png,#b086bd,5,498.700577,10.841317,0.487859,0.045000
z_0166_395.661074.png,#b54c73,4,471.931024,10.259370,0.461672,0.045000
z_0166_395.661074.png,#c4b897,1,41.455844,0.901214,0.040555,0.045000
z_0166_395.661074.png,#c9a236,4,413.203102,8.982676,0.404220,0.045000
z_0166_395.661074.png,#d4ce15,5,317.906638,6.911014,0.310996,0.045000
z_0166_395.661074.png,#e8a9bc,2,393.445743,8.553168,0.384893,0.045000
z_0166_395.661074.png,#eb4934,4,201.923882,4.389650,0.197534,0.045000
z_0166_395.661074.png,#eb7434,12,2175.228714,47.287581,2.127941,0.045000
z_0166_395.661074.png,#f79d79,2,183.722871,3.993975,0.179729,0.045000
z_0166_395.661074.png,#ff8308,2,189.338095,4.116046,0.185222,0.045000
z_0166_395.661074.png,#ffb0ba,3,483.203102,10.504415,0.472699,0.045000
z_0167_396.671141.png,#0a7851,3,358.333044,7.789849,0.350543,0.045000
z_0167_396.671141.png,#15c1d4,2,664.139177,14.437808,0.649701,0.045000
z_0167_396.671141.png,#2b8f76,3,335.462987,7.292674,0.328170,0.045000
z_0167_396.671141.png,#2c6944,6,509.227489,11.070163,0.498157,0.045000
z_0167_396.671141.png,#60bccc,3,175.923882,3.824432,0.172099,0.045000
z_0167_396.671141.png,#780dd6,2,197.923882,4.302693,0.193621,0.045000
z_0167_396.671141.png,#806a16,5,922.406204,20.052309,0.902354,0.045000
z_0167_396.671141.png,#8695bd,6,836.322943,18.180934,0.818142,0.045000
z_0167_396.671141.png,#881a96,4,305.906638,6.650144,0.299256,0.045000
z_0167_396.671141.png,#9486bd,3,230.308658,5.006710,0.225302,0.045000
z_0167_396.671141.png,#94d4b5,3,278.391919,6.051998,0.272340,0.045000
z_0167_396.671141.png,#961a3f,4,282.391919,6.138955,0.276253,0.045000
z_0167_396.671141.png,#9b33b5,1,64.041631,1.392209,0.062649,0.045000
z_0167_396.671141.png,#a3afd4,6,262.007143,5.695807,0.256311,0.045000
z_0167_396.671141.png,#b086bd,5,538.641702,11.709602,0.526932,0.045000
z_0167_396.671141.png,#b54c73,4,452.031529,9.826772,0.442205,0.045000
z_0167_396.671141.png,#c4b897,1,32.970563,0.716751,0.032254,0.045000
z_0167_396.671141.png,#c9a236,4,412.717821,8.972127,0.403746,0.045000
z_0167_396.671141.png,#d4ce15,5,347.847763,7.561908,0.340286,0.045000
z_0167_396.671141.png,#e8a9bc,2,373.688384,8.123661,0.365565,0.045000
z_0167_396.671141.png,#eb4934,4,205.095454,4.458597,0.200637,0.045000
z_0167_396.671141.png,#eb7434,11,2153.187084,46.808415,2.106379,0.045000
z_0167_396.671141.png,#f79d79,2,209.379726,4.551733,0.204828,0.045000
z_0167_396.671141.png,#ff8308,3,117.639610,2.557383,0.115082,0.045000
z_0167_396.671141.png,#ffb0ba,5,601.771645,13.081992,0.588690,0.045000
z_0168_397.681208.png,#0a7851,3,402.274170,8.745091,0.393529,0.045000
z_0168_397.681208.png,#15c1d4,2,637.310750,13.854582,0.623456,0.045000
z_0168_397.681208.png,#2b8f76,3,336.977705,7.325602,0.329652,0.045000
z_0168_397.681208.png,#2c6944,7,585.712770,12.732886,0.572980,0.045000
z_0168_397.681208.png,#60bccc,3,180.166522,3.916664,0.176250,0.045000
z_0168_397.681208.png,#780dd6,2,219.580736,4.773494,0.214807,0.045000
z_0168_397.681208.png,#806a16,6,852.080303,18.523485,0.833557,0.045000
z_0168_397.681208.png,#8695bd,6,795.653896,17.296824,0.778357,0.045000
z_0168_397.681208.png,#881a96,3,286.249783,6.222821,0.280027,0.045000
z_0168_397.681208.png,#9486bd,3,247.865007,5.388370,0.242477,0.045000
z_0168_397.681208.png,#94d4b5,3,271.663997,5.905739,0.265758,0.045000
z_0168_397.681208.png,#961a3f,5,332.475180,7.227721,0.325247,0.045000
z_0168_397.681208.png,#9b33b5,1,65.112698,1.415493,0.063697,0.045000
z_0168_397.681208.png,#a3afd4,5,223.480231,4.858266,0.218622,0.045000
z_0168_397.681208.png,#b086bd,4,291.421356,6.335247,0.285086,0.045000
z_0168_397.681208.png,#b54c73,4,456.374675,9.921189,0.446453,0.045000
z_0168_397.681208.png,#c4b897,1,30.970563,0.673273,0.030297,0.045000
z_0168_397.681208.png,#c9a236,4,419.788889,9.125845,0.410663,0.045000
z_0168_397.681208.png,#d4ce15,5,385.646753,8.383625,0.377263,0.045000
z_0168_397.681208.png,#e8a9bc,2,341.303607,7.419644,0.333884,0.045000
z_0168_397.681208.png,#eb4934,4,216.894444,4.715097,0.212179,0.045000
z_0168_397.681208.png,#eb7434,11,2135.329219,46.420200,2.088909,0.045000
z_0168_397.681208.png,#f79d79,2,223.036580,4.848621,0.218188,0.045000
z_0168_397.681208.png,#ff8308,2,92.083261,2.001810,0.090081,0.045000
z_0168_397.681208.png,#ffb0ba,5,633.612265,13.774180,0.619838,0.045000
z_0169_398.691275.png,#0a7851,2,453.730014,9.863696,0.443866,0.045000
z_0169_398.691275.png,#15c1d4,2,607.653896,13.209867,0.594444,0.045000
z_0169_398.691275.png,#2b8f76,3,343.705627,7.471861,0.336234,0.045000
z_0169_398.691275.png,#2c6944,4,625.269119,13.592807,0.611676,0.045000
z_0169_398.691275.png,#60bccc,3,163.681241,3.558288,0.160123,0.045000
z_0169_398.691275.png,#780dd6,2,231.823376,5.039639,0.226784,0.045000
z_0169_398.691275.png,#806a16,6,772.097546,16.784729,0.755313,0.045000
z_0169_398.691275.png,#8695bd,6,740.925974,16.107086,0.724819,0.045000
z_0169_398.691275.png,#881a96,3,276.107648,6.002340,0.270105,0.045000
z_0169_398.691275.png,#9486bd,3,244.894444,5.323792,0.239571,0.045000
z_0169_398.691275.png,#94d4b5,3,261.521861,5.685258,0.255837,0.045000
z_0169_398.691275.png,#961a3f,4,357.788889,7.778019,0.350011,0.045000
z_0169_398.691275.png,#9b33b5,1,66.284271,1.440962,0.064843,0.045000
z_0169_398.691275.png,#a3afd4,5,222.208153,4.830612,0.217378,0.045000
z_0169_398.691275.png,#b086bd,5,365.119841,7.937388,0.357182,0.045000
z_0169_398.691275.png,#b54c73,3,441.303607,9.593557,0.431710,0.045000
z_0169_398.691275.png,#c4b897,1,29.556349,0.642529,0.028914,0.045000
z_0169_398.691275.png,#c9a236,4,429.445743,9.335777,0.420110,0.045000
z_0169_398.691275.png,#d4ce15,6,430.617316,9.361246,0.421256,0.045000
z_0169_398.691275.png,#e8a9bc,2,307.019336,6.674333,0.300345,0.045000
z_0169_398.691275.png,#eb4934,4,213.480231,4.640875,0.208839,0.045000
z_0169_398.691275.png,#eb7434,11,2107.973880,45.825519,2.062148,0.045000
z_0169_398.691275.png,#f79d79,2,222.450793,4.835887,0.217615,0.045000
z_0169_398.691275.png,#ff8308,2,81.840620,1.779144,0.080061,0.045000
z_0169_398.691275.png,#ffb0ba,5,654.582828,14.230061,0.640353,0.045000
z_0170_399.701342.png,#0a7851,2,481.244733,10.461842,0.470783,0.045000
z_0170_399.701342.png,#15c1d4,2,559.168614,12.155839,0.547013,0.045000
z_0170_399.701342.png,#2b8f76,4,373.747258,8.124940,0.365622,0.045000
z_0170_399.701342.png,#2c6944,5,519.529004,11.294109,0.508235,0.045000
z_0170_399.701342.png,#60bccc,3,147.438600,3.205187,0.144233,0.045000
z_0170_399.701342.png,#780dd6,2,245.137085,5.329067,0.239808,0.045000
z_0170_399.701342.png,#806a16,6,740.984848,16.108366,0.724876,0.045000
z_0170_399.701342.png,#8695bd,6,737.511760,16.032864,0.721479,0.045000
z_0170_399.701342.png,#881a96,3,259.036580,5.631230,0.253405,0.045000
z_0170_399.701342.png,#9486bd,3,288.936075,6.281219,0.282655,0.045000
z_0170_399.701342.png,#94d4b5,3,245.379726,5.334342,0.240045,0.045000
z_0170_399.701342.png,#961a3f,4,355.303607,7.723991,0.347580,0.045000
z_0170_399.701342.png,#9b33b5,1,63.941125,1.390024,0.062551,0.045000
z_0170_399.701342.png,#a3afd4,5,225.379726,4.899559,0.220480,0.045000
z_0170_399.701342.png,#b086bd,6,567.487373,12.336682,0.555151,0.045000
z_0170_399.701342.png,#b54c73,4,392.575685,8.534254,0.384041,0.045000
z_0170_399.701342.png,#c4b897,1,28.970563,0.629795,0.028341,0.045000
z_0170_399.701342.png,#c9a236,4,421.203102,9.156589,0.412047,0.045000
z_0170_399.701342.png,#d4ce15,5,455.972655,9.912449,0.446060,0.045000
z_0170_399.701342.png,#e8a9bc,2,291.019336,6.326507,0.284693,0.045000
z_0170_399.701342.png,#eb4934,4,205.722871,4.472236,0.201251,0.045000
z_0170_399.701342.png,#eb7434,12,2039.790114,44.343263,1.995447,0.045000
z_0170_399.701342.png,#f79d79,2,224.208153,4.874090,0.219334,0.045000
z_0170_399.701342.png,#ff8308,2,72.426407,1.574487,0.070852,0.045000
z_0170_399.701342.png,#ffb0ba,5,732.624458,15.926619,0.716698,0.045000
z_0171_400.711409.png,#0a7851,2,512.801082,11.147850,0.501653,0.045000
z_0171_400.711409.png,#15c1d4,2,535.026479,11.631010,0.523395,0.045000
z_0171_400.711409.png,#2b8f76,4,399.060967,8.675238,0.390386,0.045000
z_0171_400.711409.png,#2c6944,6,525.144228,11.416179,0.513728,0.045000
z_0171_400.711409.png,#60bccc,4,196.208153,4.265395,0.191943,0.045000
z_0171_400.711409.png,#780dd6,2,247.279221,5.375635,0.241904,0.045000
z_0171_400.711409.png,#806a16,6,744.683333,16.188768,0.728495,0.045000
z_0171_400.711409.png,#8695bd,5,753.754401,16.385965,0.737368,0.045000
z_0171_400.711409.png,#881a96,3,255.036580,5.544273,0.249492,0.045000
z_0171_400.711409.png,#9486bd,3,321.421356,6.987421,0.314434,0.045000
z_0171_400.711409.png,#94d4b5,3,219.480231,4.771309,0.214709,0.045000
z_0171_400.711409.png,#961a3f,5,421.002092,9.152219,0.411850,0.045000
z_0171_400.711409.png,#9b33b5,1,59.941125,1.303068,0.058638,0.045000
z_0171_400.711409.png,#a3afd4,5,223.865007,4.866631,0.218998,0.045000
z_0171_400.711409.png,#b086bd,5,475.546248,10.337962,0.465208,0.045000
z_0171_400.711409.png,#b54c73,3,315.605122,6.860981,0.308744,0.045000
z_0171_400.711409.png,#c4b897,1,34.384776,0.747495,0.033637,0.045000
z_0171_400.711409.png,#c9a236,4,431.587878,9.382345,0.422206,0.045000
z_0171_400.711409.png,#d4ce15,6,528.198052,11.482566,0.516715,0.045000
z_0171_400.711409.png,#e8a9bc,3,232.450793,5.053278,0.227398,0.045000
z_0171_400.711409.png,#eb4934,4,215.823376,4.691813,0.211132,0.045000
z_0171_400.711409.png,#eb7434,13,1992.819551,43.322164,1.949497,0.045000
z_0171_400.711409.png,#f79d79,2,221.036580,4.805143,0.216231,0.045000
z_0171_400.711409.png,#ff8308,2,70.769553,1.538469,0.069231,0.045000
z_0171_400.711409.png,#ffb0ba,5,746.766594,16.234056,0.730533,0.045000
z_0172_401.721477.png,#0a7851,3,495.872150,10.779829,0.485092,0.045000
z_0172_401.721477.png,#15c1d4,2,495.428499,10.770185,0.484658,0.045000
z_0172_401.721477.png,#2b8f76,4,402.333044,8.746371,0.393587,0.045000
z_0172_401.721477.png,#2c6944,6,412.617316,8.969942,0.403647,0.045000
z_0172_401.721477.png,#60bccc,3,255.663997,5.557913,0.250106,0.045000
z_0172_401.721477.png,#780dd6,2,255.078210,5.545178,0.249533,0.045000
z_0172_401.721477.png,#806a16,6,773.854906,16.822933,0.757032,0.045000
z_0172_401.721477.png,#8695bd,6,748.825469,16.278815,0.732547,0.045000
z_0172_401.721477.png,#881a96,2,208.994949,4.543368,0.204452,0.045000
z_0172_401.721477.png,#9486bd,3,343.806133,7.474046,0.336332,0.045000
z_0172_401.721477.png,#94d4b5,3,197.338095,4.289959,0.193048,0.045000
z_0172_401.721477.png,#961a3f,5,441.002092,9.587002,0.431415,0.045000
z_0172_401.721477.png,#9b33b5,1,45.213203,0.982896,0.044230,0.045000
z_0172_401.721477.png,#a3afd4,5,240.693434,5.232466,0.235461,0.045000
z_0172_401.721477.png,#b086bd,5,449.261977,9.766565,0.439495,0.045000
z_0172_401.721477.png,#b54c73,3,269.563492,5.860076,0.263703,0.045000
z_0172_401.721477.png,#c4b897,2,81.698485,1.776054,0.079922,0.045000
z_0172_401.721477.png,#c9a236,4,455.386868,9.899715,0.445487,0.045000
z_0172_401.721477.png,#d4ce15,8,567.168614,12.329752,0.554839,0.045000
z_0172_401.721477.png,#e8a9bc,3,156.953319,3.412029,0.153541,0.045000
z_0172_401.721477.png,#eb4934,5,204.752309,4.451137,0.200301,0.045000
z_0172_401.721477.png,#eb7434,12,2037.204328,44.287051,1.992917,0.045000
z_0172_401.721477.png,#f79d79,2,213.965512,4.651424,0.209314,0.045000
z_0172_401.721477.png,#ff8308,2,65.941125,1.433503,0.064508,0.045000
z_0172_401.721477.png,#ffb0ba,5,741.210245,16.113266,0.725097,0.045000
z_0173_402.731544.png,#0a7851,3,439.244733,9.548799,0.429696,0.045000
z_0173_402.731544.png,#15c1d4,3,432.173665,9.395080,0.422779,0.045000
z_0173_402.731544.png,#2b8f76,7,527.587878,11.469302,0.516119,0.045000
z_0173_402.731544.png,#2c6944,4,325.705627,7.080557,0.318625,0.045000
z_0173_402.731544.png,#60bccc,3,274.007143,5.956677,0.268050,0.045000
z_0173_402.731544.png,#780dd6,3,234.107648,5.089297,0.229018,0.045000
z_0173_402.731544.png,#806a16,6,767.068109,16.675394,0.750393,0.045000
z_0173_402.731544.png,#8695bd,7,770.381818,16.747431,0.753634,0.045000
z_0173_402.731544.png,#881a96,2,208.166522,4.525359,0.203641,0.045000
z_0173_402.731544.png,#9486bd,4,388.877200,8.453852,0.380423,0.045000
z_0173_402.731544.png,#94d4b5,1,187.580736,4.077842,0.183503,0.045000
z_0173_402.731544.png,#961a3f,5,451.730014,9.820218,0.441910,0.045000
z_0173_402.731544.png,#a3afd4,5,252.936075,5.498610,0.247437,0.045000
z_0173_402.731544.png,#b086bd,5,442.776695,9.625580,0.433151,0.045000
z_0173_402.731544.png,#b54c73,3,229.865007,4.997065,0.224868,0.045000
z_0173_402.731544.png,#c4b897,2,98.769553,2.147164,0.096622,0.045000
z_0173_402.731544.png,#c9a236,4,496.842712,10.800929,0.486042,0.045000
z_0173_402.731544.png,#d4ce15,8,562.198052,12.221697,0.549976,0.045000
z_0173_402.731544.png,#e8a9bc,2,91.254834,1.983801,0.089271,0.045000
z_0173_402.731544.png,#eb4934,4,186.994949,4.065108,0.182930,0.045000
z_0173_402.731544.png,#eb7434,12,2008.476406,43.662531,1.964814,0.045000
z_0173_402.731544.png,#f79d79,2,207.722871,4.515715,0.203207,0.045000
z_0173_402.731544.png,#ff8308,2,63.941125,1.390024,0.062551,0.045000
z_0173_402.731544.png,#ffb0ba,5,740.038672,16.087797,0.723951,0.045000
z_0174_403.741611.png,#0a7851,3,381.404112,8.291394,0.373113,0.045000
z_0174_403.741611.png,#15c1d4,4,374.676190,8.145135,0.366531,0.045000
z_0174_403.741611.png,#2b8f76,6,602.399062,13.095632,0.589303,0.045000
z_0174_403.741611.png,#2c6944,4,309.806133,6.734916,0.303071,0.045000
z_0174_403.741611.png,#60bccc,3,282.492424,6.141140,0.276351,0.045000
z_0174_403.741611.png,#780dd6,3,188.752309,4.103311,0.184649,0.045000
z_0174_403.741611.png,#806a16,6,802.281313,17.440898,0.784840,0.045000
z_0174_403.741611.png,#8695bd,5,771.796031,16.778175,0.755018,0.045000
z_0174_403.741611.png,#881a96,2,211.580736,4.599581,0.206981,0.045000
z_0174_403.741611.png,#9486bd,4,459.889394,9.997596,0.449892,0.045000
z_0174_403.741611.png,#94d4b5,1,172.752309,3.755485,0.168997,0.045000
z_0174_403.741611.png,#961a3f,6,533.327994,11.594087,0.521734,0.045000
z_0174_403.741611.png,#a3afd4,5,250.936075,5.455132,0.245481,0.045000
z_0174_403.741611.png,#b086bd,5,435.019336,9.456942,0.425562,0.045000
z_0174_403.741611.png,#b54c73,3,170.066017,3.697087,0.166369,0.045000
z_0174_403.741611.png,#c4b897,2,125.497475,2.728206,0.122769,0.045000
z_0174_403.741611.png,#c9a236,3,537.671140,11.688503,0.525983,0.045000
z_0174_403.741611.png,#d4ce15,7,539.671140,11.731981,0.527939,0.045000
z_0174_403.741611.png,#e8a9bc,2,62.769553,1.364555,0.061405,0.045000
z_0174_403.741611.png,#eb4934,4,191.237590,4.157339,0.187080,0.045000
z_0174_403.741611.png,#eb7434,11,1957.505843,42.554475,1.914951,0.045000
z_0174_403.741611.png,#f79d79,2,157.195959,3.417303,0.153779,0.045000
z_0174_403.741611.png,#ff8308,2,63.698485,1.384750,0.062314,0.045000
z_0174_403.741611.png,#ffb0ba,4,455.303607,9.897905,0.445406,0.045000
z_0175_404.751678.png,#0a7851,4,325.705627,7.080557,0.318625,0.045000
z_0175_404.751678.png,#15c1d4,2,291.421356,6.335247,0.285086,0.045000
z_0175_404.751678.png,#2b8f76,4,522.315801,11.354691,0.510961,0.045000
z_0175_404.751678.png,#2c6944,3,274.835570,5.974686,0.268861,0.045000
z_0175_404.751678.png,#60bccc,3,290.735065,6.320327,0.284415,0.045000
z_0175_404.751678.png,#780dd6,3,145.539105,3.163894,0.142375,0.045000
z_0175_404.751678.png,#806a16,6,808.666089,17.579698,0.791086,0.045000
z_0175_404.751678.png,#8695bd,4,740.198052,16.091262,0.724107,0.045000
z_0175_404.751678.png,#881a96,2,217.681241,4.732201,0.212949,0.045000
z_0175_404.751678.png,#9486bd,3,463.646753,10.079277,0.453567,0.045000
z_0175_404.751678.png,#94d4b5,1,161.923882,3.520084,0.158404,0.045000
z_0175_404.751678.png,#961a3f,5,580.925974,12.628826,0.568297,0.045000
z_0175_404.751678.png,#a3afd4,4,286.835570,6.235556,0.280600,0.045000
z_0175_404.751678.png,#b086bd,5,438.190909,9.525889,0.428665,0.045000
z_0175_404.751678.png,#b54c73,3,154.509668,3.358906,0.151151,0.045000
z_0175_404.751678.png,#c4b897,3,132.911688,2.889385,0.130022,0.045000
z_0175_404.751678.png,#c9a236,4,513.185858,11.156214,0.502030,0.045000
z_0175_404.751678.png,#d4ce15,7,533.529004,11.598457,0.521931,0.045000
z_0175_404.751678.png,#e8a9bc,1,45.556349,0.990355,0.044566,0.045000
z_0175_404.751678.png,#eb4934,4,196.994949,4.282499,0.192712,0.045000
z_0175_404.751678.png,#eb7434,12,1896.594155,41.230308,1.855364,0.045000
z_0175_404.751678.png,#f79d79,1,143.296465,3.115141,0.140181,0.045000
z_0175_404.751678.png,#ff8308,2,63.112698,1.372015,0.061741,0.045000
z_0175_404.751678.png,#ffb0ba,4,450.617316,9.796029,0.440821,0.045000
z_0176_405.761745.png,#0a7851,2,280.107648,6.089297,0.274018,0.045000
z_0176_405.761745.png,#15c1d4,3,234.066017,5.088392,0.228978,0.045000
z_0176_405.761745.png,#2b8f76,5,576.499567,12.532599,0.563967,0.045000
z_0176_405.761745.png,#2c6944,2,229.036580,4.979056,0.224058,0.045000
z_0176_405.761745.png,#60bccc,2,329.362482,7.160054,0.322202,0.045000
z_0176_405.761745.png,#780dd6,3,132.225397,2.874465,0.129351,0.045000
z_0176_405.761745.png,#806a16,6,829.636652,18.035579,0.811601,0.045000
z_0176_405.761745.png,#8695bd,4,719.854906,15.649020,0.704206,0.045000
z_0176_405.761745.png,#881a96,2,223.237590,4.852991,0.218385,0.045000
z_0176_405.761745.png,#9486bd,6,607.043723,13.196603,0.593847,0.045000
z_0176_405.761745.png,#94d4b5,1,155.923882,3.389650,0.152534,0.045000
z_0176_405.761745.png,#961a3f,5,628.624458,13.665749,0.614959,0.045000
z_0176_405.761745.png,#a3afd4,5,309.462987,6.727456,0.302736,0.045000
z_0176_405.761745.png,#b086bd,5,430.918831,9.367801,0.421551,0.045000
z_0176_405.761745.png,#b54c73,3,136.953319,2.977246,0.133976,0.045000
z_0176_405.761745.png,#c4b897,2,108.325902,2.354911,0.105971,0.045000
z_0176_405.761745.png,#c9a236,4,493.428499,10.726706,0.482702,0.045000
z_0176_405.761745.png,#d4ce15,7,491.345238,10.681418,0.480664,0.045000
z_0176_405.761745.png,#e8a9bc,1,47.213203,1.026374,0.046187,0.045000
z_0176_405.761745.png,#eb4934,4,227.137085,4.937763,0.222199,0.045000
z_0176_405.761745.png,#eb7434,12,1810.611399,39.361117,1.771250,0.045000
z_0176_405.761745.png,#f79d79,1,148.953319,3.238116,0.145715,0.045000
z_0176_405.761745.png,#ff8308,2,61.941125,1.346546,0.060595,0.045000
z_0176_405.761745.png,#ffb0ba,5,1236.378859,26.877801,1.209501,0.045000
z_0177_406.771812.png,#0a7851,3,164.509668,3.576297,0.160933,0.045000
z_0177_406.771812.png,#15c1d4,2,136.811183,2.974156,0.133837,0.045000
z_0177_406.771812.png,#2b8f76,6,634.097546,13.784729,0.620313,0.045000
z_0177_406.771812.png,#2c6944,2,199.722871,4.341802,0.195381,0.045000
z_0177_406.771812.png,#60bccc,4,447.587878,9.730171,0.437858,0.045000
z_0177_406.771812.png,#780dd6,3,114.568542,2.490620,0.112078,0.045000
z_0177_406.771812.png,#806a16,8,840.749350,18.277160,0.822472,0.045000
z_0177_406.771812.png,#8695bd,3,724.239682,15.744341,0.708495,0.045000
z_0177_406.771812.png,#881a96,2,215.237590,4.679078,0.210559,0.045000
z_0177_406.771812.png,#9486bd,2,601.629509,13.078902,0.588551,0.045000
z_0177_406.771812.png,#94d4b5,1,144.367532,3.138425,0.141229,0.045000
z_0177_406.771812.png,#961a3f,6,715.879292,15.562593,0.700317,0.045000
z_0177_406.771812.png,#a3afd4,5,322.190909,7.004150,0.315187,0.045000
z_0177_406.771812.png,#b086bd,4,426.190909,9.265020,0.416926,0.045000
z_0177_406.771812.png,#b54c73,3,133.195959,2.895564,0.130300,0.045000
z_0177_406.771812.png,#c4b897,2,109.154329,2.372920,0.106781,0.045000
z_0177_406.771812.png,#c9a236,5,462.943218,10.063983,0.452879,0.045000
z_0177_406.771812.png,#d4ce15,8,512.457936,11.140390,0.501318,0.045000
z_0177_406.771812.png,#e8a9bc,1,52.041631,1.131340,0.050910,0.045000
z_0177_406.771812.png,#eb4934,5,277.421356,6.030899,0.271390,0.045000
z_0177_406.771812.png,#eb7434,11,1735.356565,37.725143,1.697631,0.045000
z_0177_406.771812.png,#f79d79,1,139.539105,3.033459,0.136506,0.045000
z_0177_406.771812.png,#ff8308,2,69.254834,1.505540,0.067749,0.045000
z_0177_406.771812.png,#ffb0ba,6,1200.739249,26.103027,1.174636,0.045000
z_0178_407.781879.png,#0a7851,1,73.112698,1.589406,0.071523,0.045000
z_0178_407.781879.png,#15c1d4,1,103.012193,2.239396,0.100773,0.045000
z_0178_407.781879.png,#2b8f76,6,639.068109,13.892785,0.625175,0.045000
z_0178_407.781879.png,#2c6944,2,170.166522,3.699272,0.166467,0.045000
z_0178_407.781879.png,#60bccc,3,510.014285,11.087267,0.498927,0.045000
z_0178_407.781879.png,#780dd6,3,97.497475,2.119510,0.095378,0.045000
z_0178_407.781879.png,#806a16,8,843.920923,18.346107,0.825575,0.045000
z_0178_407.781879.png,#8695bd,3,670.340187,14.572613,0.655768,0.045000
z_0178_407.781879.png,#881a96,3,235.379726,5.116951,0.230263,0.045000
z_0178_407.781879.png,#9486bd,3,608.742207,13.233526,0.595509,0.045000
z_0178_407.781879.png,#94d4b5,1,133.639610,2.905209,0.130734,0.045000
z_0178_407.781879.png,#961a3f,6,798.749350,17.364116,0.781385,0.045000
z_0178_407.781879.png,#a3afd4,5,342.190909,7.438933,0.334752,0.045000
z_0178_407.781879.png,#b086bd,4,414.190909,9.004150,0.405187,0.045000
z_0178_407.781879.png,#b54c73,3,135.195959,2.939043,0.132257,0.045000
z_0178_407.781879.png,#c4b897,1,45.213203,0.982896,0.044230,0.045000
z_0178_407.781879.png,#c9a236,4,414.759451,9.016510,0.405743,0.045000
z_0178_407.781879.png,#d4ce15,9,579.470129,12.597177,0.566873,0.045000
z_0178_407.781879.png,#e8a9bc,1,53.213203,1.156809,0.052056,0.045000
z_0178_407.781879.png,#eb4934,4,285.563492,6.207902,0.279356,0.045000
z_0178_407.781879.png,#eb7434,11,1727.841846,37.561779,1.690280,0.045000
z_0178_407.781879.png,#f79d79,1,146.367532,3.181903,0.143186,0.045000
z_0178_407.781879.png,#ff8308,2,65.941125,1.433503,0.064508,0.045000
z_0178_407.781879.png,#ffb0ba,6,1042.915872,22.672084,1.020244,0.045000
z_0179_408.791946.png,#0a7851,1,53.455844,1.162084,0.052294,0.045000
z_0179_408.791946.png,#15c1d4,2,72.769553,1.581947,0.071188,0.045000
z_0179_408.791946.png,#2b8f76,8,622.984848,13.543149,0.609442,0.045000
z_0179_408.791946.png,#2c6944,2,162.024387,3.522269,0.158502,0.045000
z_0179_408.791946.png,#60bccc,3,528.399062,11.486936,0.516912,0.045000
z_0179_408.791946.png,#780dd6,3,91.254834,1.983801,0.089271,0.045000
z_0179_408.791946.png,#806a16,8,854.648845,18.579323,0.836070,0.045000
z_0179_408.791946.png,#8695bd,4,675.553391,14.685943,0.660867,0.045000
z_0179_408.791946.png,#881a96,3,247.137085,5.372545,0.241765,0.045000
z_0179_408.791946.png,#9486bd,3,619.470129,13.466742,0.606003,0.045000
z_0179_408.791946.png,#94d4b5,1,121.982756,2.651799,0.119331,0.045000
z_0179_408.791946.png,#961a3f,5,831.276262,18.071223,0.813205,0.045000
z_0179_408.791946.png,#a3afd4,5,286.735065,6.233371,0.280502,0.045000
z_0179_408.791946.png,#b086bd,4,415.261977,9.027434,0.406235,0.045000
z_0179_408.791946.png,#b54c73,3,139.539105,3.033459,0.136506,0.045000
z_0179_408.791946.png,#c4b897,1,40.970563,0.890664,0.040080,0.045000
z_0179_408.791946.png,#c9a236,4,408.274170,8.875525,0.399399,0.045000
z_0179_408.791946.png,#d4ce15,8,530.943218,11.542244,0.519401,0.045000
z_0179_408.791946.png,#e8a9bc,1,51.213203,1.113331,0.050100,0.045000
z_0179_408.791946.png,#eb4934,4,273.521861,5.946127,0.267576,0.045000
z_0179_408.791946.png,#eb7434,15,1660.486507,36.097533,1.624389,0.045000
z_0179_408.791946.png,#f79d79,1,153.195959,3.330347,0.149866,0.045000
z_0179_408.791946.png,#ff8308,2,65.355339,1.420768,0.063935,0.045000
z_0179_408.791946.png,#ffb0ba,8,1099.785930,23.908390,1.075878,0.045000
z_0180_409.802013.png,#0a7851,1,28.384776,0.617060,0.027768,0.045000
z_0180_409.802013.png,#2b8f76,7,495.043723,10.761820,0.484282,0.045000
z_0180_409.802013.png,#2c6944,3,148.953319,3.238116,0.145715,0.045000
z_0180_409.802013.png,#60bccc,3,519.470129,11.292829,0.508177,0.045000
z_0180_409.802013.png,#780dd6,3,88.669048,1.927588,0.086741,0.045000
z_0180_409.802013.png,#806a16,8,896.104689,19.480537,0.876624,0.045000
z_0180_409.802013.png,#8695bd,4,625.310750,13.593712,0.611717,0.045000
z_0180_409.802013.png,#881a96,3,249.823376,5.430943,0.244392,0.045000
z_0180_409.802013.png,#9486bd,3,542.558441,11.794749,0.530764,0.045000
z_0180_409.802013.png,#94d4b5,1,109.154329,2.372920,0.106781,0.045000
z_0180_409.802013.png,#961a3f,6,855.719913,18.602607,0.837117,0.045000
z_0180_409.802013.png,#a3afd4,4,263.078210,5.719092,0.257359,0.045000
z_0180_409.802013.png,#b086bd,8,494.274170,10.745091,0.483529,0.045000
z_0180_409.802013.png,#b54c73,3,143.781746,3.125690,0.140656,0.045000
z_0180_409.802013.png,#c4b897,1,38.041631,0.826992,0.037215,0.045000
z_0180_409.802013.png,#c9a236,4,397.788889,8.647585,0.389141,0.045000
z_0180_409.802013.png,#d4ce15,8,555.671140,12.079807,0.543591,0.045000
z_0180_409.802013.png,#e8a9bc,1,49.213203,1.069852,0.048143,0.045000
z_0180_409.802013.png,#eb4934,4,279.521861,6.076562,0.273445,0.045000
z_0180_409.802013.png,#eb7434,14,1286.396103,27.965133,1.258431,0.045000
z_0180_409.802013.png,#f79d79,1,153.539105,3.337807,0.150201,0.045000
z_0180_409.802013.png,#ff8308,2,67.012193,1.456787,0.065555,0.045000
z_0180_409.802013.png,#ffb0ba,7,1029.602164,22.382656,1.007220,0.045000
z_0181_410.812081.png,#2b8f76,6,455.830519,9.909359,0.445921,0.045000
z_0181_410.812081.png,#2c6944,3,119.639610,2.600861,0.117039,0.045000
z_0181_410.812081.png,#60bccc,3,491.227489,10.678858,0.480549,0.045000
z_0181_410.812081.png,#780dd6,3,80.911688,1.758950,0.079153,0.045000
z_0181_410.812081.png,#806a16,8,891.518903,19.380846,0.872138,0.045000
z_0181_410.812081.png,#8695bd,3,548.156421,11.916444,0.536240,0.045000
z_0181_410.812081.png,#881a96,3,263.865007,5.736196,0.258129,0.045000
z_0181_410.812081.png,#9486bd,3,539.144228,11.720527,0.527424,0.045000
z_0181_410.812081.png,#94d4b5,2,69.597980,1.513000,0.068085,0.045000
z_0181_410.812081.png,#961a3f,6,848.589971,18.447608,0.830142,0.045000
z_0181_410.812081.png,#a3afd4,3,232.450793,5.053278,0.227398,0.045000
z_0181_410.812081.png,#b086bd,7,575.144228,12.503135,0.562641,0.045000
z_0181_410.812081.png,#b54c73,3,138.710678,3.015450,0.135695,0.045000
z_0181_410.812081.png,#c4b897,1,38.384776,0.834452,0.037550,0.045000
z_0181_410.812081.png,#c9a236,4,396.717821,8.624300,0.388094,0.045000
z_0181_410.812081.png,#d4ce15,10,542.943218,11.803113,0.531140,0.045000
z_0181_410.812081.png,#e8a9bc,1,49.698485,1.080402,0.048618,0.045000
z_0181_410.812081.png,#eb4934,4,287.663997,6.253565,0.281410,0.045000
z_0181_410.812081.png,#eb7434,12,1179.584920,25.643150,1.153942,0.045000
z_0181_410.812081.png,#f79d79,1,160.610173,3.491526,0.157119,0.045000
z_0181_410.812081.png,#ff8308,2,68.769553,1.494990,0.067275,0.045000
z_0181_410.812081.png,#ffb0ba,8,930.104689,20.219667,0.909885,0.045000
z_0182_411.822148.png,#2b8f76,5,457.345238,9.942288,0.447403,0.045000
z_0182_411.822148.png,#2c6944,2,63.112698,1.372015,0.061741,0.045000
z_0182_411.822148.png,#60bccc,4,481.286363,10.462747,0.470824,0.045000
z_0182_411.822148.png,#780dd6,3,86.911688,1.889385,0.085022,0.045000
z_0182_411.822148.png,#806a16,8,883.376767,19.203843,0.864173,0.045000
z_0182_411.822148.png,#8695bd,4,517.144228,11.242266,0.505902,0.045000
z_0182_411.822148.png,#881a96,3,270.107648,5.871905,0.264236,0.045000
z_0182_411.822148.png,#9486bd,3,507.345238,11.029244,0.496316,0.045000
z_0182_411.822148.png,#961a3f,6,847.418398,18.422139,0.828996,0.045000
z_0182_411.822148.png,#a3afd4,3,237.521861,5.163519,0.232358,0.045000
z_0182_411.822148.png,#b086bd,6,554.416306,12.052528,0.542364,0.045000
z_0182_411.822148.png,#b54c73,3,144.124892,3.133150,0.140992,0.045000
z_0182_411.822148.png,#c4b897,1,36.970563,0.803708,0.036167,0.045000
z_0182_411.822148.png,#c9a236,4,400.960461,8.716532,0.392244,0.045000
z_0182_411.822148.png,#d4ce15,9,536.457936,11.662129,0.524796,0.045000
z_0182_411.822148.png,#e8a9bc,1,47.455844,1.031649,0.046424,0.045000
z_0182_411.822148.png,#eb4934,5,331.019336,7.196073,0.323823,0.045000
z_0182_411.822148.png,#eb7434,9,1170.413347,25.443768,1.144970,0.045000
z_0182_411.822148.png,#f79d79,1,169.438600,3.683448,0.165755,0.045000
z_0182_411.822148.png,#ff8308,2,69.941125,1.520459,0.068421,0.045000
z_0182_411.822148.png,#ffb0ba,7,820.406204,17.834917,0.802571,0.045000
z_0183_412.832215.png,#2b8f76,4,407.303607,8.854426,0.398449,0.045000
z_0183_412.832215.png,#2c6944,2,48.627417,1.057118,0.047570,0.045000
z_0183_412.832215.png,#60bccc,3,467.629509,10.165859,0.457464,0.045000
z_0183_412.832215.png,#780dd6,3,105.254834,2.288149,0.102967,0.045000
z_0183_412.832215.png,#806a16,8,857.134126,18.633351,0.838501,0.045000
z_0183_412.832215.png,#8695bd,4,477.445743,10.379255,0.467066,0.045000
z_0183_412.832215.png,#881a96,3,266.936075,5.802958,0.261133,0.045000
z_0183_412.832215.png,#9486bd,5,554.457936,12.053433,0.542405,0.045000
z_0183_412.832215.png,#961a3f,5,915.016377,19.891660,0.895125,0.045000
z_0183_412.832215.png,#a3afd4,3,234.450793,5.096756,0.229354,0.045000
z_0183_412.832215.png,#b086bd,4,530.617316,11.535159,0.519082,0.045000
z_0183_412.832215.png,#b54c73,3,139.681241,3.036549,0.136645,0.045000
z_0183_412.832215.png,#c4b897,1,39.213203,0.852461,0.038361,0.045000
z_0183_412.832215.png,#c9a236,4,406.859956,8.844782,0.398015,0.045000
z_0183_412.832215.png,#d4ce15,9,484.901587,10.541339,0.474360,0.045000
z_0183_412.832215.png,#e8a9bc,1,48.870058,1.062393,0.047808,0.045000
z_0183_412.832215.png,#eb4934,5,362.918831,7.889540,0.355029,0.045000
z_0183_412.832215.png,#eb7434,9,1113.785930,24.212738,1.089573,0.045000
z_0183_412.832215.png,#f79d79,1,171.923882,3.737476,0.168186,0.045000
z_0183_412.832215.png,#ff8308,2,72.526912,1.576672,0.070950,0.045000
z_0183_412.832215.png,#ffb0ba,7,753.293506,16.375946,0.736918,0.045000
z_0184_413.842282.png,#2b8f76,4,413.060967,8.979586,0.404081,0.045000
z_0184_413.842282.png,#2c6944,1,24.384776,0.530104,0.023855,0.045000
z_0184_413.842282.png,#60bccc,2,406.558441,8.838227,0.397720,0.045000
z_0184_413.842282.png,#780dd6,3,139.882251,3.040918,0.136841,0.045000
z_0184_413.842282.png,#806a16,7,760.322943,16.528760,0.743794,0.045000
z_0184_413.842282.png,#8695bd,3,452.960461,9.846967,0.443113,0.045000
z_0184_413.842282.png,#881a96,3,273.178716,5.938668,0.267240,0.045000
z_0184_413.842282.png,#9486bd,4,585.972655,12.738536,0.573234,0.045000
z_0184_413.842282.png,#961a3f,6,879.702669,19.123971,0.860579,0.045000
z_0184_413.842282.png,#a3afd4,3,233.622366,5.078747,0.228544,0.045000
z_0184_413.842282.png,#b086bd,3,531.587878,11.556258,0.520032,0.045000
z_0184_413.842282.png,#b54c73,3,134.468037,2.923218,0.131545,0.045000
z_0184_413.842282.png,#c4b897,1,38.627417,0.839726,0.037788,0.045000
z_0184_413.842282.png,#c9a236,4,419.345238,9.116201,0.410229,0.045000
z_0184_413.842282.png,#cc2f2f,1,2.828427,0.061488,0.002767,0.045000
z_0184_413.842282.png,#d4ce15,8,484.801082,10.539154,0.474262,0.045000
z_0184_413.842282.png,#e8a9bc,1,48.627417,1.057118,0.047570,0.045000
z_0184_413.842282.png,#eb4934,5,390.575685,8.490776,0.382085,0.045000
z_0184_413.842282.png,#eb7434,7,984.004184,21.391395,0.962613,0.045000
z_0184_413.842282.png,#f79d79,1,178.509668,3.880645,0.174629,0.045000
z_0184_413.842282.png,#ff8308,2,68.769553,1.494990,0.067275,0.045000
z_0184_413.842282.png,#ffb0ba,6,660.038672,14.348667,0.645690,0.045000
z_0185_414.852349.png,#2b8f76,3,397.747258,8.646680,0.389101,0.045000
z_0185_414.852349.png,#60bccc,1,397.386868,8.638845,0.388748,0.045000
z_0185_414.852349.png,#780dd6,3,159.681241,3.471331,0.156210,0.045000
z_0185_414.852349.png,#806a16,6,708.139177,15.394330,0.692745,0.045000
z_0185_414.852349.png,#8695bd,3,447.404112,9.726176,0.437678,0.045000
z_0185_414.852349.png,#881a96,3,302.391919,6.573737,0.295818,0.045000
z_0185_414.852349.png,#9486bd,3,601.629509,13.078902,0.588551,0.045000
z_0185_414.852349.png,#961a3f,7,848.388960,18.443238,0.829946,0.045000
z_0185_414.852349.png,#a3afd4,3,232.308658,5.050188,0.227258,0.045000
z_0185_414.852349.png,#b086bd,4,490.617316,10.665594,0.479952,0.045000
z_0185_414.852349.png,#b54c73,3,137.296465,2.984706,0.134312,0.045000
z_0185_414.852349.png,#c4b897,1,31.556349,0.686008,0.030870,0.045000
z_0185_414.852349.png,#c9a236,4,434.173665,9.438558,0.424735,0.045000
z_0185_414.852349.png,#cc2f2f,1,34.970563,0.760230,0.034210,0.045000
z_0185_414.852349.png,#d4ce15,9,478.901587,10.410904,0.468491,0.045000
z_0185_414.852349.png,#e8a9bc,1,49.455844,1.075127,0.048381,0.045000
z_0185_414.852349.png,#eb4934,5,429.102597,9.328317,0.419774,0.045000
z_0185_414.852349.png,#eb7434,7,929.335137,20.202938,0.909132,0.045000
z_0185_414.852349.png,#f79d79,1,183.681241,3.993070,0.179688,0.045000
z_0185_414.852349.png,#ff8308,2,62.526912,1.359281,0.061168,0.045000
z_0185_414.852349.png,#ffb0ba,6,626.340187,13.616091,0.612724,0.045000
z_0186_415.862416.png,#2b8f76,3,393.605122,8.556633,0.385048,0.045000
z_0186_415.862416.png,#60bccc,1,394.114790,8.567713,0.385547,0.045000
z_0186_415.862416.png,#780dd6,3,162.610173,3.535004,0.159075,0.045000
z_0186_415.862416.png,#806a16,6,669.754401,14.559878,0.655195,0.045000
z_0186_415.862416.png,#8695bd,3,436.575685,9.490776,0.427085,0.045000
z_0186_415.862416.png,#881a96,3,315.462987,6.857891,0.308605,0.045000
z_0186_415.862416.png,#9486bd,3,627.043723,13.631385,0.613412,0.045000
z_0186_415.862416.png,#961a3f,6,763.962554,16.607882,0.747355,0.045000
z_0186_415.862416.png,#a3afd4,3,237.722871,5.167889,0.232555,0.045000
z_0186_415.862416.png,#b086bd,4,433.161472,9.416554,0.423745,0.045000
z_0186_415.862416.png,#b54c73,3,141.195959,3.069477,0.138126,0.045000
z_0186_415.862416.png,#c4b897,1,28.485281,0.619245,0.027866,0.045000
z_0186_415.862416.png,#c9a236,4,424.859956,9.236086,0.415624,0.045000
z_0186_415.862416.png,#cc2f2f,1,42.627417,0.926683,0.041701,0.045000
z_0186_415.862416.png,#d4ce15,9,501.144228,10.894440,0.490250,0.045000
z_0186_415.862416.png,#e8a9bc,1,50.284271,1.093136,0.049191,0.045000
z_0186_415.862416.png,#eb4934,5,461.730014,10.037609,0.451692,0.045000
z_0186_415.862416.png,#eb7434,8,909.577777,19.773430,0.889804,0.045000
z_0186_415.862416.png,#f79d79,1,185.095454,4.023814,0.181072,0.045000
z_0186_415.862416.png,#ff8308,2,65.355339,1.420768,0.063935,0.045000
z_0186_415.862416.png,#ffb0ba,5,590.783838,12.843127,0.577941,0.045000
z_0187_416.872483.png,#2b8f76,4,399.747258,8.690158,0.391057,0.045000
z_0187_416.872483.png,#60bccc,1,405.043723,8.805298,0.396238,0.045000
z_0187_416.872483.png,#780dd6,3,171.681241,3.732201,0.167949,0.045000
z_0187_416.872483.png,#806a16,6,618.399062,13.443458,0.604956,0.045000
z_0187_416.872483.png,#8695bd,3,432.333044,9.398544,0.422935,0.045000
z_0187_416.872483.png,#881a96,3,312.877200,6.801678,0.306076,0.045000
z_0187_416.872483.png,#9486bd,4,676.457936,14.705607,0.661752,0.045000
z_0187_416.872483.png,#961a3f,7,716.749350,15.581508,0.701168,0.045000
z_0187_416.872483.png,#a3afd4,4,280.350288,6.094571,0.274256,0.045000
z_0187_416.872483.png,#b086bd,3,369.563492,8.033989,0.361530,0.045000
z_0187_416.872483.png,#b54c73,3,146.124892,3.176628,0.142948,0.045000
z_0187_416.872483.png,#c4b897,1,24.142136,0.524829,0.023617,0.045000
z_0187_416.872483.png,#c9a236,4,434.374675,9.442928,0.424932,0.045000
z_0187_416.872483.png,#cc2f2f,1,46.041631,1.000905,0.045041,0.045000
z_0187_416.872483.png,#d4ce15,8,477.972655,10.390710,0.467582,0.045000
z_0187_416.872483.png,#e8a9bc,1,54.284271,1.180093,0.053104,0.045000
z_0187_416.872483.png,#eb4934,5,465.730014,10.124566,0.455605,0.045000
z_0187_416.872483.png,#eb7434,8,859.920923,18.693933,0.841227,0.045000
z_0187_416.872483.png,#f79d79,1,187.095454,4.067292,0.183028,0.045000
z_0187_416.872483.png,#ff8308,2,69.112698,1.502450,0.067610,0.045000
z_0187_416.872483.png,#ffb0ba,5,561.227489,12.200598,0.549027,0.045000
z_0188_417.882550.png,#2b8f76,5,757.452886,16.466367,0.740987,0.045000
z_0188_417.882550.png,#60bccc,2,403.629509,8.774555,0.394855,0.045000
z_0188_417.882550.png,#780dd6,3,207.237590,4.505165,0.202732,0.045000
z_0188_417.882550.png,#806a16,6,545.671140,11.862416,0.533809,0.045000
z_0188_417.882550.png,#8695bd,3,422.333044,9.181153,0.413152,0.045000
z_0188_417.882550.png,#881a96,2,358.374675,7.790754,0.350584,0.045000
z_0188_417.882550.png,#9486bd,3,710.759451,15.451292,0.695308,0.045000
z_0188_417.882550.png,#961a3f,6,619.109740,13.458907,0.605651,0.045000
z_0188_417.882550.png,#a3afd4,4,271.178716,5.895189,0.265284,0.045000
z_0188_417.882550.png,#b086bd,4,357.078210,7.762570,0.349316,0.045000
z_0188_417.882550.png,#b54c73,3,139.882251,3.040918,0.136841,0.045000
z_0188_417.882550.png,#c4b897,1,24.727922,0.537564,0.024190,0.045000
z_0188_417.882550.png,#c9a236,4,409.303607,8.897905,0.400406,0.045000
z_0188_417.882550.png,#cc2f2f,2,76.183766,1.656169,0.074528,0.045000
z_0188_417.882550.png,#d4ce15,9,968.531096,21.055024,0.947476,0.045000
z_0188_417.882550.png,#e8a9bc,1,55.698485,1.210837,0.054488,0.045000
z_0188_417.882550.png,#eb4934,7,517.043723,11.240081,0.505804,0.045000
z_0188_417.882550.png,#eb7434,8,816.364574,17.747056,0.798618,0.045000
z_0188_417.882550.png,#f79d79,1,188.267027,4.092761,0.184174,0.045000
z_0188_417.882550.png,#ff8308,2,65.112698,1.415493,0.063697,0.045000
z_0188_417.882550.png,#ffb0ba,5,512.114790,11.132930,0.500982,0.045000
z_0189_418.892617.png,#2b8f76,5,739.896536,16.084707,0.723812,0.045000
z_0189_418.892617.png,#60bccc,2,318.090404,6.915009,0.311175,0.045000
z_0189_418.892617.png,#780dd6,3,226.894444,4.932488,0.221962,0.045000
z_0189_418.892617.png,#806a16,6,487.244733,10.592277,0.476652,0.045000
z_0189_418.892617.png,#8695bd,3,420.333044,9.137675,0.411195,0.045000
z_0189_418.892617.png,#881a96,2,306.190909,6.656324,0.299535,0.045000
z_0189_418.892617.png,#9486bd,4,617.587878,13.425823,0.604162,0.045000
z_0189_418.892617.png,#961a3f,6,544.683333,11.840942,0.532842,0.045000
z_0189_418.892617.png,#a3afd4,4,257.622366,5.600486,0.252022,0.045000
z_0189_418.892617.png,#b086bd,3,402.877200,8.758200,0.394119,0.045000
z_0189_418.892617.png,#b54c73,3,135.882251,2.953962,0.132928,0.045000
z_0189_418.892617.png,#c4b897,1,23.556349,0.512095,0.023044,0.045000
z_0189_418.892617.png,#c9a236,4,403.889394,8.780204,0.395109,0.045000
z_0189_418.892617.png,#cc2f2f,2,82.426407,1.791878,0.080635,0.045000
z_0189_418.892617.png,#d4ce15,9,1148.312842,24.963323,1.123350,0.045000
z_0189_418.892617.png,#e8a9bc,1,54.041631,1.174818,0.052867,0.045000
z_0189_418.892617.png,#eb4934,7,616.440692,13.400885,0.603040,0.045000
z_0189_418.892617.png,#eb7434,8,862.406204,18.747961,0.843658,0.045000
z_0189_418.892617.png,#f79d79,1,187.438600,4.074752,0.183364,0.045000
z_0189_418.892617.png,#ff8308,1,56.183766,1.221386,0.054962,0.045000
z_0189_418.892617.png,#ffb0ba,6,439.688384,9.558443,0.430130,0.045000
z_0190_419.902685.png,#2b8f76,5,719.997041,15.652110,0.704345,0.045000
z_0190_419.902685.png,#60bccc,2,296.977705,6.456037,0.290522,0.045000
z_0190_419.902685.png,#780dd6,2,217.965512,4.738381,0.213227,0.045000
z_0190_419.902685.png,#806a16,5,399.989899,8.695433,0.391294,0.045000
z_0190_419.902685.png,#8695bd,3,421.060967,9.153499,0.411907,0.045000
z_0190_419.902685.png,#881a96,2,273.178716,5.938668,0.267240,0.045000
z_0190_419.902685.png,#9486bd,4,608.759451,13.233901,0.595526,0.045000
z_0190_419.902685.png,#961a3f,5,389.445743,8.466212,0.380980,0.045000
z_0190_419.902685.png,#a3afd4,4,251.622366,5.470051,0.246152,0.045000
z_0190_419.902685.png,#b086bd,3,386.776695,8.408189,0.378369,0.045000
z_0190_419.902685.png,#b54c73,3,131.154329,2.851181,0.128303,0.045000
z_0190_419.902685.png,#c4b897,1,24.970563,0.542838,0.024428,0.045000
z_0190_419.902685.png,#c9a236,5,450.859956,9.801303,0.441059,0.045000
z_0190_419.902685.png,#cc2f2f,2,83.597980,1.817347,0.081781,0.045000
z_0190_419.902685.png,#d4ce15,8,1151.182900,25.025715,1.126157,0.045000
z_0190_419.902685.png,#e8a9bc,1,55.455844,1.205562,0.054250,0.045000
z_0190_419.902685.png,#eb4934,8,702.381818,15.269170,0.687113,0.045000
z_0190_419.902685.png,#eb7434,8,878.305699,19.093602,0.859212,0.045000
z_0190_419.902685.png,#f79d79,1,189.438600,4.118230,0.185320,0.045000
z_0190_419.902685.png,#ff8308,2,156.166522,3.394924,0.152772,0.045000
z_0190_419.902685.png,#ffb0ba,4,370.132034,8.046349,0.362086,0.045000
z_0191_420.912752.png,#2b8f76,5,745.695526,16.210772,0.729485,0.045000
z_0191_420.912752.png,#60bccc,2,276.149278,6.003245,0.270146,0.045000
z_0191_420.912752.png,#780dd6,3,209.965512,4.564468,0.205401,0.045000
z_0191_420.912752.png,#806a16,5,326.735065,7.102936,0.319632,0.045000
z_0191_420.912752.png,#8695bd,3,434.132034,9.437653,0.424694,0.045000
z_0191_420.912752.png,#881a96,2,246.450793,5.357626,0.241093,0.045000
z_0191_420.912752.png,#9486bd,6,553.203102,12.026154,0.541177,0.045000
z_0191_420.912752.png,#961a3f,4,327.261977,7.114391,0.320148,0.045000
z_0191_420.912752.png,#a3afd4,4,245.965512,5.347076,0.240618,0.045000
z_0191_420.912752.png,#b086bd,3,389.948268,8.477136,0.381471,0.045000
z_0191_420.912752.png,#b54c73,3,137.539105,2.989981,0.134549,0.045000
z_0191_420.912752.png,#c4b897,1,25.313708,0.550298,0.024763,0.045000
z_0191_420.912752.png,#c9a236,6,449.060967,9.762195,0.439299,0.045000
z_0191_420.912752.png,#cc2f2f,2,84.669048,1.840631,0.082828,0.045000
z_0191_420.912752.png,#d4ce15,9,1236.295598,26.875991,1.209420,0.045000
z_0191_420.912752.png,#e8a9bc,1,58.526912,1.272324,0.057255,0.045000
z_0191_420.912752.png,#eb4934,5,762.121933,16.567868,0.745554,0.045000
z_0191_420.912752.png,#eb7434,7,855.920923,18.606977,0.837314,0.045000
z_0191_420.912752.png,#f79d79,1,192.367532,4.181903,0.188186,0.045000
z_0191_420.912752.png,#ffb0ba,5,346.818326,7.539529,0.339279,0.045000
z_0192_421.922819.png,#2b8f76,5,745.210245,16.200223,0.729010,0.045000
z_0192_421.922819.png,#60bccc,2,246.107648,5.350166,0.240757,0.045000
z_0192_421.922819.png,#780dd6,2,162.852814,3.540279,0.159313,0.045000
z_0192_421.922819.png,#806a16,3,246.894444,5.367271,0.241527,0.045000
z_0192_421.922819.png,#8695bd,3,433.203102,9.417459,0.423786,0.045000
z_0192_421.922819.png,#881a96,2,225.965512,4.912294,0.221053,0.045000
z_0192_421.922819.png,#9486bd,3,382.634560,8.318143,0.374316,0.045000
z_0192_421.922819.png,#961a3f,5,293.078210,6.371265,0.286707,0.045000
z_0192_421.922819.png,#a3afd4,4,237.722871,5.167889,0.232555,0.045000
z_0192_421.922819.png,#b086bd,3,387.705627,8.428383,0.379277,0.045000
z_0192_421.922819.png,#b54c73,4,182.752309,3.972876,0.178779,0.045000
z_0192_421.922819.png,#c4b897,1,29.313708,0.637255,0.028676,0.045000
z_0192_421.922819.png,#c9a236,5,504.315801,10.963387,0.493352,0.045000
z_0192_421.922819.png,#cc2f2f,2,83.840620,1.822622,0.082018,0.045000
z_0192_421.922819.png,#d4ce15,8,1303.851947,28.344608,1.275507,0.045000
z_0192_421.922819.png,#e8a9bc,1,61.355339,1.333812,0.060022,0.045000
z_0192_421.922819.png,#eb4934,7,859.477272,18.684289,0.840793,0.045000
z_0192_421.922819.png,#eb7434,7,848.607214,18.447983,0.830159,0.045000
z_0192_421.922819.png,#f79d79,1,191.438600,4.161709,0.187277,0.045000
z_0192_421.922819.png,#ffb0ba,4,329.504617,7.163144,0.322341,0.045000
z_0193_422.932886.png,#2b8f76,4,756.766594,16.451448,0.740315,0.045000
z_0193_422.932886.png,#60bccc,2,226.551299,4.925028,0.221626,0.045000
z_0193_422.932886.png,#780dd6,2,104.568542,2.273229,0.102295,0.045000
z_0193_422.932886.png,#806a16,3,248.651804,5.405474,0.243246,0.045000
z_0193_422.932886.png,#8695bd,2,439.203102,9.547894,0.429655,0.045000
z_0193_422.932886.png,#881a96,2,198.409163,4.313243,0.194096,0.045000
z_0193_422.932886.png,#9486bd,3,382.634560,8.318143,0.374316,0.045000
z_0193_422.932886.png,#961a3f,4,211.480231,4.597396,0.206883,0.045000
z_0193_422.932886.png,#a3afd4,4,245.379726,5.334342,0.240045,0.045000
z_0193_422.932886.png,#b086bd,3,387.948268,8.433658,0.379515,0.045000
z_0193_422.932886.png,#b54c73,4,221.923882,4.824432,0.217099,0.045000
z_0193_422.932886.png,#c4b897,1,32.970563,0.716751,0.032254,0.045000
z_0193_422.932886.png,#c9a236,4,517.730014,11.255000,0.506475,0.045000
z_0193_422.932886.png,#cc2f2f,2,79.597980,1.730391,0.077868,0.045000
z_0193_422.932886.png,#d4ce15,6,1216.111832,26.437214,1.189675,0.045000
z_0193_422.932886.png,#e8a9bc,1,68.769553,1.494990,0.067275,0.045000
z_0193_422.932886.png,#eb4934,8,824.707720,17.928429,0.806779,0.045000
z_0193_422.932886.png,#eb7434,7,832.163564,18.090512,0.814073,0.045000
z_0193_422.932886.png,#f79d79,1,188.852814,4.105496,0.184747,0.045000
z_0193_422.932886.png,#ff8308,1,101.982756,2.217016,0.099766,0.045000
z_0193_422.932886.png,#ffb0ba,5,323.705627,7.037079,0.316669,0.045000
z_0194_423.942953.png,#2b8f76,4,733.695526,15.949903,0.717746,0.045000
z_0194_423.942953.png,#60bccc,2,201.823376,4.387465,0.197436,0.045000
z_0194_423.942953.png,#780dd6,1,43.213203,0.939417,0.042274,0.045000
z_0194_423.942953.png,#806a16,3,249.722871,5.428758,0.244294,0.045000
z_0194_423.942953.png,#8695bd,2,409.747258,8.907549,0.400840,0.045000
z_0194_423.942953.png,#881a96,1,177.438600,3.857361,0.173581,0.045000
z_0194_423.942953.png,#9486bd,3,400.291414,8.701987,0.391589,0.045000
z_0194_423.942953.png,#961a3f,4,202.752309,4.407659,0.198345,0.045000
z_0194_423.942953.png,#a3afd4,4,249.036580,5.413839,0.243623,0.045000
z_0194_423.942953.png,#b086bd,5,454.918831,9.889540,0.445029,0.045000
z_0194_423.942953.png,#b54c73,4,239.580736,5.208277,0.234372,0.045000
z_0194_423.942953.png,#c4b897,1,34.970563,0.760230,0.034210,0.045000
z_0194_423.942953.png,#c9a236,3,507.730014,11.037609,0.496692,0.045000
z_0194_423.942953.png,#cc2f2f,3,104.325902,2.267954,0.102058,0.045000
z_0194_423.942953.png,#d4ce15,5,1242.011327,27.000246,1.215011,0.045000
z_0194_423.942953.png,#e8a9bc,1,72.183766,1.569212,0.070615,0.045000
z_0194_423.942953.png,#eb4934,8,873.134126,18.981177,0.854153,0.045000
z_0194_423.942953.png,#eb7434,7,810.707720,17.624081,0.793084,0.045000
z_0194_423.942953.png,#f79d79,1,189.681241,4.123505,0.185558,0.045000
z_0194_423.942953.png,#ff8308,1,116.710678,2.537189,0.114173,0.045000
z_0194_423.942953.png,#ffb0ba,5,304.735065,6.624675,0.298110,0.045000
z_0195_424.953020.png,#2b8f76,4,727.938167,15.824743,0.712113,0.045000
z_0195_424.953020.png,#60bccc,1,139.539105,3.033459,0.136506,0.045000
z_0195_424.953020.png,#780dd6,1,44.627417,0.970161,0.043657,0.045000
z_0195_424.953020.png,#806a16,3,249.480231,5.423483,0.244057,0.045000
z_0195_424.953020.png,#8695bd,2,381.019336,8.283029,0.372736,0.045000
z_0195_424.953020.png,#881a96,1,178.024387,3.870095,0.174154,0.045000
z_0195_424.953020.png,#9486bd,3,410.776695,8.929928,0.401847,0.045000
z_0195_424.953020.png,#961a3f,4,205.722871,4.472236,0.201251,0.045000
z_0195_424.953020.png,#a3afd4,4,242.693434,5.275944,0.237417,0.045000
z_0195_424.953020.png,#b086bd,4,496.132034,10.785479,0.485347,0.045000
z_0195_424.953020.png,#b54c73,4,256.166522,5.568837,0.250598,0.045000
z_0195_424.953020.png,#c4b897,1,38.970563,0.847186,0.038123,0.045000
z_0195_424.953020.png,#c9a236,3,502.215295,10.917724,0.491298,0.045000
z_0195_424.953020.png,#cc2f2f,2,88.911688,1.932863,0.086979,0.045000
z_0195_424.953020.png,#d4ce15,6,1261.810317,27.430659,1.234380,0.045000
z_0195_424.953020.png,#e8a9bc,1,74.769553,1.625425,0.073144,0.045000
z_0195_424.953020.png,#eb4934,7,897.862048,19.518740,0.878343,0.045000
z_0195_424.953020.png,#eb7434,7,806.707720,17.537124,0.789171,0.045000
z_0195_424.953020.png,#f79d79,1,187.681241,4.080027,0.183601,0.045000
z_0195_424.953020.png,#ff8308,1,117.195959,2.547738,0.114648,0.045000
z_0195_424.953020.png,#ffb0ba,6,305.663997,6.644869,0.299019,0.045000
z_0196_425.963087.png,#2b8f76,4,750.607214,16.317548,0.734290,0.045000
z_0196_425.963087.png,#60bccc,1,142.468037,3.097131,0.139371,0.045000
z_0196_425.963087.png,#780dd6,1,48.870058,1.062393,0.047808,0.045000
z_0196_425.963087.png,#806a16,3,251.137085,5.459502,0.245678,0.045000
z_0196_425.963087.png,#8695bd,2,371.362482,8.073097,0.363289,0.045000
z_0196_425.963087.png,#881a96,1,177.438600,3.857361,0.173581,0.045000
z_0196_425.963087.png,#9486bd,3,422.190909,9.178063,0.413013,0.045000
z_0196_425.963087.png,#961a3f,4,205.580736,4.469146,0.201112,0.045000
z_0196_425.963087.png,#a3afd4,4,205.580736,4.469146,0.201112,0.045000
z_0196_425.963087.png,#b086bd,3,564.516811,12.272105,0.552245,0.045000
z_0196_425.963087.png,#b54c73,4,282.450793,6.140235,0.276311,0.045000
z_0196_425.963087.png,#c4b897,1,44.970563,0.977621,0.043993,0.045000
z_0196_425.963087.png,#c9a236,3,490.315801,10.659039,0.479657,0.045000
z_0196_425.963087.png,#cc2f2f,2,103.497475,2.249945,0.101248,0.045000
z_0196_425.963087.png,#d4ce15,6,1291.851947,28.083738,1.263768,0.045000
z_0196_425.963087.png,#e8a9bc,1,81.254834,1.766409,0.079488,0.045000
z_0196_425.963087.png,#eb4934,7,957.945310,20.824898,0.937120,0.045000
z_0196_425.963087.png,#eb7434,7,796.021428,17.304814,0.778717,0.045000
z_0196_425.963087.png,#f79d79,1,186.267027,4.049283,0.182218,0.045000
z_0196_425.963087.png,#ff8308,1,110.953319,2.412029,0.108541,0.045000
z_0196_425.963087.png,#ffb0ba,6,297.906638,6.476231,0.291430,0.045000
z_0197_426.973154.png,#2b8f76,4,783.920923,17.041759,0.766879,0.045000
z_0197_426.973154.png,#60bccc,1,145.053824,3.153344,0.141900,0.045000
z_0197_426.973154.png,#780dd6,1,52.041631,1.131340,0.050910,0.045000
z_0197_426.973154.png,#806a16,3,247.965512,5.390555,0.242575,0.045000
z_0197_426.973154.png,#8695bd,2,359.462987,7.814413,0.351649,0.045000
z_0197_426.973154.png,#881a96,1,178.852814,3.888105,0.174965,0.045000
z_0197_426.973154.png,#9486bd,3,443.019336,9.630855,0.433388,0.045000
z_0197_426.973154.png,#961a3f,4,213.580736,4.643059,0.208938,0.045000
z_0197_426.973154.png,#a3afd4,3,164.124892,3.567932,0.160557,0.045000
z_0197_426.973154.png,#b086bd,3,601.730014,13.081087,0.588649,0.045000
z_0197_426.973154.png,#b54c73,4,340.634560,7.405099,0.333229,0.045000
z_0197_426.973154.png,#c4b897,1,49.798990,1.082587,0.048716,0.045000
z_0197_426.973154.png,#c9a236,4,492.073160,10.697243,0.481376,0.045000
z_0197_426.973154.png,#cc2f2f,2,113.740115,2.472611,0.111268,0.045000
z_0197_426.973154.png,#d4ce15,5,1319.751442,28.690249,1.291061,0.045000
z_0197_426.973154.png,#e8a9bc,1,86.669048,1.884110,0.084785,0.045000
z_0197_426.973154.png,#eb4934,7,1025.685425,22.297509,1.003388,0.045000
z_0197_426.973154.png,#eb7434,7,756.423448,16.443988,0.739979,0.045000
z_0197_426.973154.png,#f79d79,1,188.994949,4.108586,0.184886,0.045000
z_0197_426.973154.png,#ff8308,2,105.154329,2.285964,0.102868,0.045000
z_0197_426.973154.png,#ffb0ba,5,261.137085,5.676893,0.255460,0.045000
z_0198_427.983221.png,#2b8f76,5,849.477272,18.466897,0.831010,0.045000
z_0198_427.983221.png,#60bccc,1,154.124892,3.350541,0.150774,0.045000
z_0198_427.983221.png,#780dd6,1,45.798990,0.995630,0.044803,0.045000
z_0198_427.983221.png,#806a16,3,249.965512,5.434033,0.244531,0.045000
z_0198_427.983221.png,#8695bd,2,356.291414,7.745466,0.348546,0.045000
z_0198_427.983221.png,#881a96,1,176.367532,3.834077,0.172533,0.045000
z_0198_427.983221.png,#9486bd,3,450.918831,9.802583,0.441116,0.045000
z_0198_427.983221.png,#961a3f,4,231.379726,5.029994,0.226350,0.045000
z_0198_427.983221.png,#a3afd4,3,149.639610,3.253035,0.146387,0.045000
z_0198_427.983221.png,#b086bd,1,573.972655,12.477666,0.561495,0.045000
z_0198_427.983221.png,#b54c73,4,351.847763,7.648864,0.344199,0.045000
z_0198_427.983221.png,#c4b897,1,56.870058,1.236306,0.055634,0.045000
z_0198_427.983221.png,#c9a236,4,521.529004,11.337587,0.510191,0.045000
z_0198_427.983221.png,#cc2f2f,2,119.154329,2.590311,0.116564,0.045000
z_0198_427.983221.png,#d4ce15,5,1261.366666,27.421014,1.233946,0.045000
z_0198_427.983221.png,#e8a9bc,1,89.597980,1.947782,0.087650,0.045000
z_0198_427.983221.png,#eb4934,8,1103.182900,23.982237,1.079201,0.045000
z_0198_427.983221.png,#eb7434,5,702.139177,15.263895,0.686875,0.045000
z_0198_427.983221.png,#f79d79,1,187.580736,4.077842,0.183503,0.045000
z_0198_427.983221.png,#ff8308,1,54.284271,1.180093,0.053104,0.045000
z_0198_427.983221.png,#ffb0ba,6,323.462987,7.031804,0.316431,0.045000
z_0199_428.993289.png,#2b8f76,5,928.790981,20.191108,0.908600,0.045000
z_0199_428.993289.png,#60bccc,2,172.852814,3.757670,0.169095,0.045000
z_0199_428.993289.png,#780dd6,1,48.627417,1.057118,0.047570,0.045000
z_0199_428.993289.png,#806a16,3,249.036580,5.413839,0.243623,0.045000
z_0199_428.993289.png,#8695bd,3,343.220346,7.461312,0.335759,0.045000
z_0199_428.993289.png,#881a96,1,176.024387,3.826617,0.172198,0.045000
z_0199_428.993289.png,#9486bd,3,462.090404,10.045444,0.452045,0.045000
z_0199_428.993289.png,#961a3f,4,239.379726,5.203907,0.234176,0.045000
z_0199_428.993289.png,#a3afd4,3,157.539105,3.424763,0.154114,0.045000
z_0199_428.993289.png,#b086bd,3,606.156421,13.177313,0.592979,0.045000
z_0199_428.993289.png,#b54c73,5,359.948268,7.824962,0.352123,0.045000
z_0199_428.993289.png,#c4b897,1,58.284271,1.267049,0.057017,0.045000
z_0199_428.993289.png,#c9a236,6,491.972655,10.695058,0.481278,0.045000
z_0199_428.993289.png,#cc2f2f,2,131.154329,2.851181,0.128303,0.045000
z_0199_428.993289.png,#d4ce15,5,1251.266161,27.201438,1.224065,0.045000
z_0199_428.993289.png,#e8a9bc,1,94.183766,2.047473,0.092136,0.045000
z_0199_428.993289.png,#eb4934,7,1166.337229,25.355157,1.140982,0.045000
z_0199_428.993289.png,#eb7434,6,714.624458,15.535314,0.699089,0.045000
z_0199_428.993289.png,#f79d79,1,187.681241,4.080027,0.183601,0.045000
z_0199_428.993289.png,#ff8308,1,80.183766,1.743125,0.078441,0.045000
z_0199_428.993289.png,#ffb0ba,5,373.404112,8.117481,0.365287,0.045000
z_0200_430.003356.png,#2b8f76,3,917.376767,19.942973,0.897434,0.045000
z_0200_430.003356.png,#60bccc,2,170.166522,3.699272,0.166467,0.045000
z_0200_430.003356.png,#780dd6,1,48.627417,1.057118,0.047570,0.045000
z_0200_430.003356.png,#806a16,3,239.965512,5.216642,0.234749,0.045000
z_0200_430.003356.png,#8695bd,2,324.249783,7.048908,0.317201,0.045000
z_0200_430.003356.png,#881a96,1,176.953319,3.846811,0.173107,0.045000
z_0200_430.003356.png,#9486bd,3,492.960461,10.716532,0.482244,0.045000
z_0200_430.003356.png,#961a3f,4,252.793939,5.495520,0.247298,0.045000
z_0200_430.003356.png,#a3afd4,3,155.195959,3.373825,0.151822,0.045000
z_0200_430.003356.png,#b086bd,4,492.558441,10.707792,0.481851,0.045000
z_0200_430.003356.png,#b54c73,5,464.960461,10.107836,0.454853,0.045000
z_0200_430.003356.png,#c4b897,1,57.698485,1.254315,0.056444,0.045000
z_0200_430.003356.png,#c9a236,6,358.048773,7.783669,0.350265,0.045000
z_0200_430.003356.png,#cc2f2f,2,144.468037,3.140610,0.141327,0.045000
z_0200_430.003356.png,#d4ce15,7,1214.094588,26.393361,1.187701,0.045000
z_0200_430.003356.png,#e8a9bc,1,98.426407,2.139704,0.096287,0.045000
z_0200_430.003356.png,#eb4934,8,1182.035713,25.696429,1.156339,0.045000
z_0200_430.003356.png,#eb7434,5,706.423448,15.357031,0.691066,0.045000
z_0200_430.003356.png,#f79d79,1,184.509668,4.011080,0.180499,0.045000
z_0200_430.003356.png,#ff8308,1,83.355339,1.812073,0.081543,0.045000
z_0200_430.003356.png,#ffb0ba,5,395.203102,8.591372,0.386612,0.045000
z_0201_431.013423.png,#2b8f76,2,916.063059,19.914414,0.896149,0.045000
z_0201_431.013423.png,#60bccc,2,154.610173,3.361091,0.151249,0.045000
z_0201_431.013423.png,#780dd6,1,47.213203,1.026374,0.046187,0.045000
z_0201_431.013423.png,#806a16,3,239.722871,5.211367,0.234512,0.045000
z_0201_431.013423.png,#8695bd,2,318.492424,6.923748,0.311569,0.045000
z_0201_431.013423.png,#881a96,1,173.781746,3.777864,0.170004,0.045000
z_0201_431.013423.png,#9486bd,3,518.617316,11.274289,0.507343,0.045000
z_0201_431.013423.png,#961a3f,4,263.521861,5.728736,0.257793,0.045000
z_0201_431.013423.png,#a3afd4,3,159.681241,3.471331,0.156210,0.045000
z_0201_431.013423.png,#b086bd,2,377.303607,8.202252,0.369101,0.045000
z_0201_431.013423.png,#b54c73,5,513.002092,11.152219,0.501850,0.045000
z_0201_431.013423.png,#c4b897,1,58.870058,1.279784,0.057590,0.045000
z_0201_431.013423.png,#c9a236,3,170.610173,3.708917,0.166901,0.045000
z_0201_431.013423.png,#cc2f2f,3,187.681241,4.080027,0.183601,0.045000
z_0201_431.013423.png,#d4ce15,7,1136.253967,24.701173,1.111553,0.045000
z_0201_431.013423.png,#e8a9bc,2,127.396970,2.769499,0.124627,0.045000
z_0201_431.013423.png,#eb4934,10,1208.035713,26.261646,1.181774,0.045000
z_0201_431.013423.png,#eb7434,6,788.021428,17.130901,0.770891,0.045000
z_0201_431.013423.png,#f79d79,1,184.509668,4.011080,0.180499,0.045000
z_0201_431.013423.png,#ff8308,1,78.769553,1.712382,0.077057,0.045000
z_0201_431.013423.png,#ffb0ba,4,257.036580,5.587752,0.251449,0.045000
z_0202_432.023490.png,#2b8f76,2,883.678282,19.210397,0.864468,0.045000
z_0202_432.023490.png,#4e5fb6,1,25.313708,0.550298,0.024763,0.045000
z_0202_432.023490.png,#60bccc,2,155.681241,3.384375,0.152297,0.045000
z_0202_432.023490.png,#780dd6,1,48.384776,1.051843,0.047333,0.045000
z_0202_432.023490.png,#806a16,3,244.208153,5.308873,0.238899,0.045000
z_0202_432.023490.png,#8695bd,2,320.835570,6.974686,0.313861,0.045000
z_0202_432.023490.png,#881a96,1,172.953319,3.759855,0.169193,0.045000
z_0202_432.023490.png,#9486bd,3,522.859956,11.366521,0.511493,0.045000
z_0202_432.023490.png,#961a3f,4,264.450793,5.748930,0.258702,0.045000
z_0202_432.023490.png,#a3afd4,3,157.681241,3.427853,0.154253,0.045000
z_0202_432.023490.png,#b086bd,2,357.989899,7.782389,0.350208,0.045000
z_0202_432.023490.png,#b54c73,5,549.972655,11.955927,0.538017,0.045000
z_0202_432.023490.png,#c4b897,1,69.941125,1.520459,0.068421,0.045000
z_0202_432.023490.png,#c9a236,3,173.095454,3.762945,0.169333,0.045000
z_0202_432.023490.png,#cc2f2f,2,209.480231,4.553918,0.204926,0.045000
z_0202_432.023490.png,#d4ce15,7,1092.271211,23.745026,1.068526,0.045000
z_0202_432.023490.png,#e8a9bc,1,138.024387,3.000530,0.135024,0.045000
z_0202_432.023490.png,#eb4934,11,1192.337229,25.920375,1.166417,0.045000
z_0202_432.023490.png,#eb7434,6,931.460028,20.249131,0.911211,0.045000
z_0202_432.023490.png,#f79d79,1,182.610173,3.969786,0.178640,0.045000
z_0202_432.023490.png,#ff8308,1,84.526912,1.837542,0.082689,0.045000
z_0202_432.023490.png,#ffb0ba,4,264.592929,5.752020,0.258841,0.045000
z_0203_433.033557.png,#2b8f76,2,855.536147,18.598612,0.836938,0.045000
z_0203_433.033557.png,#60bccc,2,159.923882,3.476606,0.156447,0.045000
z_0203_433.033557.png,#780dd6,1,47.455844,1.031649,0.046424,0.045000
z_0203_433.033557.png,#806a16,3,238.308658,5.180623,0.233128,0.045000
z_0203_433.033557.png,#8695bd,3,311.764502,6.777489,0.304987,0.045000
z_0203_433.033557.png,#881a96,1,170.225397,3.700552,0.166525,0.045000
z_0203_433.033557.png,#9486bd,3,536.859956,11.670869,0.525189,0.045000
z_0203_433.033557.png,#961a3f,4,227.722871,4.950497,0.222772,0.045000
z_0203_433.033557.png,#a3afd4,3,159.438600,3.466057,0.155973,0.045000
z_0203_433.033557.png,#b086bd,2,347.504617,7.554448,0.339950,0.045000
z_0203_433.033557.png,#b54c73,5,593.570635,12.903709,0.580667,0.045000
z_0203_433.033557.png,#c4b897,1,71.941125,1.563938,0.070377,0.045000
z_0203_433.033557.png,#c9a236,3,176.024387,3.826617,0.172198,0.045000
z_0203_433.033557.png,#cc2f2f,2,208.308658,4.528449,0.203780,0.045000
z_0203_433.033557.png,#d4ce15,7,973.359523,21.159990,0.952200,0.045000
z_0203_433.033557.png,#e8a9bc,1,137.438600,2.987796,0.134451,0.045000
z_0203_433.033557.png,#eb4934,11,1185.266161,25.766656,1.159500,0.045000
z_0203_433.033557.png,#eb7434,5,952.087445,20.697553,0.931390,0.045000
z_0203_433.033557.png,#f79d79,1,182.852814,3.975061,0.178878,0.045000
z_0203_433.033557.png,#ff8308,1,89.840620,1.953057,0.087888,0.045000
z_0203_433.033557.png,#ffb0ba,4,269.563492,5.860076,0.263703,0.045000
z_0204_434.043624.png,#2b8f76,2,807.737157,17.559503,0.790178,0.045000
z_0204_434.043624.png,#60bccc,2,151.195959,3.286869,0.147909,0.045000
z_0204_434.043624.png,#780dd6,1,43.798990,0.952152,0.042847,0.045000
z_0204_434.043624.png,#806a16,3,235.722871,5.124410,0.230598,0.045000
z_0204_434.043624.png,#8695bd,3,288.835570,6.279034,0.282557,0.045000
z_0204_434.043624.png,#881a96,1,172.124892,3.741845,0.168383,0.045000
z_0204_434.043624.png,#9486bd,3,550.173665,11.960297,0.538213,0.045000
z_0204_434.043624.png,#961a3f,4,222.450793,4.835887,0.217615,0.045000
z_0204_434.043624.png,#a3afd4,3,163.438600,3.553013,0.159886,0.045000
z_0204_434.043624.png,#b086bd,2,329.948268,7.172788,0.322775,0.045000
z_0204_434.043624.png,#b54c73,5,642.097546,13.958642,0.628139,0.045000
z_0204_434.043624.png,#c4b897,1,84.669048,1.840631,0.082828,0.045000
z_0204_434.043624.png,#c9a236,2,188.124892,4.089672,0.184035,0.045000
z_0204_434.043624.png,#cc2f2f,2,216.793939,4.712912,0.212081,0.045000
z_0204_434.043624.png,#d4ce15,7,923.661038,20.079588,0.903581,0.045000
z_0204_434.043624.png,#e8a9bc,1,137.539105,2.989981,0.134549,0.045000
z_0204_434.043624.png,#eb4934,10,1241.449927,26.988042,1.214462,0.045000
z_0204_434.043624.png,#eb7434,3,981.643794,21.340082,0.960304,0.045000
z_0204_434.043624.png,#f79d79,1,182.267027,3.962327,0.178305,0.045000
z_0204_434.043624.png,#ff8308,1,100.911688,2.193732,0.098718,0.045000
z_0204_434.043624.png,#ffb0ba,5,278.149278,6.046723,0.272103,0.045000
z_0205_435.053691.png,#2b8f76,2,782.766594,17.016665,0.765750,0.045000
z_0205_435.053691.png,#60bccc,2,146.124892,3.176628,0.142948,0.045000
z_0205_435.053691.png,#780dd6,1,43.213203,0.939417,0.042274,0.045000
z_0205_435.053691.png,#806a16,3,227.823376,4.952682,0.222871,0.045000
z_0205_435.053691.png,#8695bd,3,276.249783,6.005430,0.270244,0.045000
z_0205_435.053691.png,#881a96,1,168.953319,3.672898,0.165280,0.045000
z_0205_435.053691.png,#9486bd,3,555.487373,12.075812,0.543412,0.045000
z_0205_435.053691.png,#961a3f,4,219.279221,4.766940,0.214512,0.045000
z_0205_435.053691.png,#a3afd4,3,163.195959,3.547738,0.159648,0.045000
z_0205_435.053691.png,#b086bd,2,312.735065,6.798588,0.305936,0.045000
z_0205_435.053691.png,#b54c73,4,646.239682,14.048689,0.632191,0.045000
z_0205_435.053691.png,#c4b897,1,84.911688,1.845906,0.083066,0.045000
z_0205_435.053691.png,#c9a236,2,184.367532,4.007990,0.180360,0.045000
z_0205_435.053691.png,#cc2f2f,3,232.693434,5.058553,0.227635,0.045000
z_0205_435.053691.png,#d4ce15,6,832.506709,18.097972,0.814409,0.045000
z_0205_435.053691.png,#e8a9bc,1,140.710678,3.058928,0.137652,0.045000
z_0205_435.053691.png,#eb4934,8,1294.722005,28.146131,1.266576,0.045000
z_0205_435.053691.png,#eb7434,3,953.643794,20.731387,0.932912,0.045000
z_0205_435.053691.png,#f79d79,1,184.752309,4.016355,0.180736,0.045000
z_0205_435.053691.png,#ff8308,1,107.497475,2.336902,0.105161,0.045000
z_0205_435.053691.png,#ffb0ba,5,317.220346,6.896094,0.310324,0.045000
z_0206_436.063758.png,#2b8f76,2,765.068109,16.631915,0.748436,0.045000
z_0206_436.063758.png,#60bccc,2,137.639610,2.992165,0.134647,0.045000
z_0206_436.063758.png,#780dd6,1,46.627417,1.013639,0.045614,0.045000
z_0206_436.063758.png,#806a16,3,228.308658,4.963232,0.223345,0.045000
z_0206_436.063758.png,#8695bd,3,272.977705,5.934298,0.267043,0.045000
z_0206_436.063758.png,#881a96,1,126.325902,2.746215,0.123580,0.045000
z_0206_436.063758.png,#9486bd,3,577.487373,12.554073,0.564933,0.045000
z_0206_436.063758.png,#961a3f,4,211.036580,4.587752,0.206449,0.045000
z_0206_436.063758.png,#a3afd4,3,164.267027,3.571022,0.160696,0.045000
z_0206_436.063758.png,#b086bd,2,321.220346,6.983051,0.314237,0.045000
z_0206_436.063758.png,#b54c73,4,680.624458,14.796184,0.665828,0.045000
z_0206_436.063758.png,#c4b897,2,81.840620,1.779144,0.080061,0.045000
z_0206_436.063758.png,#c9a236,2,179.438600,3.900839,0.175538,0.045000
z_0206_436.063758.png,#cc2f2f,3,215.865007,4.692718,0.211172,0.045000
z_0206_436.063758.png,#d4ce15,8,897.276262,19.506006,0.877770,0.045000
z_0206_436.063758.png,#e8a9bc,1,140.367532,3.051468,0.137316,0.045000
z_0206_436.063758.png,#eb4934,8,1245.727056,27.081023,1.218646,0.045000
z_0206_436.063758.png,#eb7434,3,932.572727,20.273320,0.912299,0.045000
z_0206_436.063758.png,#f79d79,1,181.823376,3.952682,0.177871,0.045000
z_0206_436.063758.png,#ff8308,1,118.225397,2.570117,0.115655,0.045000
z_0206_436.063758.png,#ffb0ba,5,504.215295,10.961202,0.493254,0.045000
z_0207_437.073826.png,#2b8f76,2,799.695526,17.384685,0.782311,0.045000
z_0207_437.073826.png,#60bccc,2,128.468037,2.792783,0.125675,0.045000
z_0207_437.073826.png,#780dd6,1,48.627417,1.057118,0.047570,0.045000
z_0207_437.073826.png,#806a16,3,225.965512,4.912294,0.221053,0.045000
z_0207_437.073826.png,#8695bd,4,282.007143,6.130590,0.275877,0.045000
z_0207_437.073826.png,#881a96,1,122.325902,2.659259,0.119667,0.045000
z_0207_437.073826.png,#9486bd,4,640.399062,13.921719,0.626477,0.045000
z_0207_437.073826.png,#961a3f,4,206.308658,4.484971,0.201824,0.045000
z_0207_437.073826.png,#a3afd4,3,169.438600,3.683448,0.165755,0.045000
z_0207_437.073826.png,#b086bd,3,398.132034,8.655044,0.389477,0.045000
z_0207_437.073826.png,#b54c73,5,727.837662,15.822558,0.712015,0.045000
z_0207_437.073826.png,#c4b897,1,58.526912,1.272324,0.057255,0.045000
z_0207_437.073826.png,#c9a236,2,170.852814,3.714192,0.167139,0.045000
z_0207_437.073826.png,#cc2f2f,3,207.965512,4.520989,0.203445,0.045000
z_0207_437.073826.png,#d4ce15,7,914.163564,19.873121,0.894290,0.045000
z_0207_437.073826.png,#e8a9bc,1,144.953319,3.151159,0.141802,0.045000
z_0207_437.073826.png,#eb4934,8,1275.952452,27.738097,1.248214,0.045000
z_0207_437.073826.png,#eb7434,4,910.187950,19.786695,0.890401,0.045000
z_0207_437.073826.png,#f79d79,1,182.308658,3.963232,0.178345,0.045000
z_0207_437.073826.png,#ff8308,1,121.296465,2.636880,0.118660,0.045000
z_0207_437.073826.png,#ffb0ba,5,511.629509,11.122381,0.500507,0.045000
z_0208_438.083893.png,#2b8f76,2,783.452886,17.031584,0.766421,0.045000
z_0208_438.083893.png,#4e5fb6,1,54.284271,1.180093,0.053104,0.045000
z_0208_438.083893.png,#60bccc,2,112.811183,2.452417,0.110359,0.045000
z_0208_438.083893.png,#780dd6,1,52.870058,1.149349,0.051721,0.045000
z_0208_438.083893.png,#806a16,3,225.480231,4.901744,0.220578,0.045000
z_0208_438.083893.png,#8695bd,3,201.823376,4.387465,0.197436,0.045000
z_0208_438.083893.png,#881a96,1,116.568542,2.534099,0.114034,0.045000
z_0208_438.083893.png,#9486bd,3,664.582828,14.447453,0.650135,0.045000
z_0208_438.083893.png,#961a3f,4,202.651804,4.405474,0.198246,0.045000
z_0208_438.083893.png,#a3afd4,4,139.882251,3.040918,0.136841,0.045000
z_0208_438.083893.png,#b086bd,3,322.190909,7.004150,0.315187,0.045000
z_0208_438.083893.png,#b54c73,5,744.707720,16.189298,0.728518,0.045000
z_0208_438.083893.png,#c4b897,1,36.627417,0.796248,0.035831,0.045000
z_0208_438.083893.png,#c9a236,2,160.367532,3.486251,0.156881,0.045000
z_0208_438.083893.png,#cc2f2f,3,209.379726,4.551733,0.204828,0.045000
z_0208_438.083893.png,#d4ce15,6,931.820418,20.256966,0.911563,0.045000
z_0208_438.083893.png,#e8a9bc,1,146.124892,3.176628,0.142948,0.045000
z_0208_438.083893.png,#eb4934,8,1228.111832,26.698083,1.201414,0.045000
z_0208_438.083893.png,#eb7434,4,859.134126,18.676829,0.840457,0.045000
z_0208_438.083893.png,#f79d79,1,184.894444,4.019444,0.180875,0.045000
z_0208_438.083893.png,#ff8308,1,128.953319,2.803333,0.126150,0.045000
z_0208_438.083893.png,#ffb0ba,5,527.771645,11.473297,0.516298,0.045000
z_0209_439.093960.png,#2b8f76,2,725.796031,15.778175,0.710018,0.045000
z_0209_439.093960.png,#4e5fb6,2,193.923882,4.215737,0.189708,0.045000
z_0209_439.093960.png,#60bccc,2,99.012193,2.152439,0.096860,0.045000
z_0209_439.093960.png,#780dd6,1,54.870058,1.192827,0.053677,0.045000
z_0209_439.093960.png,#806a16,3,227.965512,4.955772,0.223010,0.045000
z_0209_439.093960.png,#8695bd,2,163.781746,3.560473,0.160221,0.045000
z_0209_439.093960.png,#881a96,1,118.083261,2.567027,0.115516,0.045000
z_0209_439.093960.png,#9486bd,2,694.340187,15.094352,0.679246,0.045000
z_0209_439.093960.png,#961a3f,4,209.237590,4.548643,0.204689,0.045000
z_0209_439.093960.png,#a3afd4,4,144.953319,3.151159,0.141802,0.045000
z_0209_439.093960.png,#b086bd,3,292.149278,6.351071,0.285798,0.045000
z_0209_439.093960.png,#b54c73,5,710.121933,15.437433,0.694684,0.045000
z_0209_439.093960.png,#c9a236,2,142.124892,3.089672,0.139035,0.045000
z_0209_439.093960.png,#cc2f2f,3,203.379726,4.421298,0.198958,0.045000
z_0209_439.093960.png,#d4ce15,6,915.193001,19.895500,0.895298,0.045000
z_0209_439.093960.png,#e8a9bc,1,148.610173,3.230656,0.145380,0.045000
z_0209_439.093960.png,#eb4934,10,1156.271211,25.136331,1.131135,0.045000
z_0209_439.093960.png,#eb7434,4,810.264069,17.614436,0.792650,0.045000
z_0209_439.093960.png,#f79d79,1,187.480231,4.075657,0.183405,0.045000
z_0209_439.093960.png,#ff8308,1,123.154329,2.677268,0.120477,0.045000
z_0209_439.093960.png,#ffb0ba,5,529.487373,11.510595,0.517977,0.045000
z_0210_440.104027.png,#2b8f76,2,697.411255,15.161114,0.682250,0.045000
z_0210_440.104027.png,#4e5fb6,2,209.237590,4.548643,0.204689,0.045000
z_0210_440.104027.png,#60bccc,2,110.083261,2.393114,0.107690,0.045000
z_0210_440.104027.png,#780dd6,1,56.526912,1.228846,0.055298,0.045000
z_0210_440.104027.png,#806a16,3,228.066017,4.957957,0.223108,0.045000
z_0210_440.104027.png,#8695bd,2,163.781746,3.560473,0.160221,0.045000
z_0210_440.104027.png,#881a96,1,121.597980,2.643434,0.118955,0.045000
z_0210_440.104027.png,#9486bd,2,682.541197,14.837852,0.667703,0.045000
z_0210_440.104027.png,#961a3f,5,231.722871,5.037454,0.226685,0.045000
z_0210_440.104027.png,#a3afd4,4,145.296465,3.158619,0.142138,0.045000
z_0210_440.104027.png,#b086bd,3,267.663997,5.818783,0.261845,0.045000
z_0210_440.104027.png,#b54c73,5,698.666089,15.188393,0.683478,0.045000
z_0210_440.104027.png,#c9a236,2,140.468037,3.053653,0.137414,0.045000
z_0210_440.104027.png,#cc2f2f,3,205.480231,4.466962,0.201013,0.045000
z_0210_440.104027.png,#d4ce15,6,906.364574,19.703578,0.886661,0.045000
z_0210_440.104027.png,#e8a9bc,1,148.852814,3.235931,0.145617,0.045000
z_0210_440.104027.png,#eb4934,10,1129.785930,24.560564,1.105225,0.045000
z_0210_440.104027.png,#eb7434,5,749.251875,16.288084,0.732964,0.045000
z_0210_440.104027.png,#f79d79,1,190.894444,4.149879,0.186745,0.045000
z_0210_440.104027.png,#ff8308,1,122.225397,2.657074,0.119568,0.045000
z_0210_440.104027.png,#ffb0ba,5,557.286363,12.114921,0.545171,0.045000
z_0211_441.114094.png,#2b8f76,2,690.239682,15.005210,0.675234,0.045000
z_0211_441.114094.png,#4e5fb6,4,331.320851,7.202627,0.324118,0.045000
z_0211_441.114094.png,#60bccc,2,121.740115,2.646524,0.119094,0.045000
z_0211_441.114094.png,#74ff8a,1,329.404112,7.160959,0.322243,0.045000
z_0211_441.114094.png,#780dd6,1,54.870058,1.192827,0.053677,0.045000
z_0211_441.114094.png,#806a16,3,224.894444,4.889010,0.220005,0.045000
z_0211_441.114094.png,#8695bd,2,153.882251,3.345266,0.150537,0.045000
z_0211_441.114094.png,#881a96,1,129.740115,2.820437,0.126920,0.045000
z_0211_441.114094.png,#9486bd,2,672.641702,14.622646,0.658019,0.045000
z_0211_441.114094.png,#961a3f,5,278.835570,6.061643,0.272774,0.045000
z_0211_441.114094.png,#a3afd4,4,149.781746,3.256125,0.146526,0.045000
z_0211_441.114094.png,#b086bd,3,231.379726,5.029994,0.226350,0.045000
z_0211_441.114094.png,#b54c73,5,670.523953,14.576608,0.655947,0.045000
z_0211_441.114094.png,#c9a236,2,140.225397,3.048378,0.137177,0.045000
z_0211_441.114094.png,#cc2f2f,3,209.137085,4.546458,0.204591,0.045000
z_0211_441.114094.png,#d4ce15,7,901.435642,19.596427,0.881839,0.045000
z_0211_441.114094.png,#e8a9bc,1,150.610173,3.274134,0.147336,0.045000
z_0211_441.114094.png,#eb4934,10,1131.099639,24.589123,1.106511,0.045000
z_0211_441.114094.png,#eb7434,5,700.038672,15.218232,0.684820,0.045000
z_0211_441.114094.png,#f79d79,1,190.066017,4.131870,0.185934,0.045000
z_0211_441.114094.png,#ff8308,1,111.396970,2.421673,0.108975,0.045000
z_0211_441.114094.png,#ffb0ba,5,558.700577,12.145665,0.546555,0.045000
z_0212_442.124161.png,#2b8f76,2,673.896536,14.649925,0.659247,0.045000
z_0212_442.124161.png,#4e5fb6,3,397.019336,8.630855,0.388388,0.045000
z_0212_442.124161.png,#60bccc,2,126.568542,2.751490,0.123817,0.045000
z_0212_442.124161.png,#74ff8a,1,328.132034,7.133305,0.320999,0.045000
z_0212_442.124161.png,#780dd6,1,61.698485,1.341271,0.060357,0.045000
z_0212_442.124161.png,#806a16,3,228.308658,4.963232,0.223345,0.045000
z_0212_442.124161.png,#8695bd,2,151.639610,3.296513,0.148343,0.045000
z_0212_442.124161.png,#881a96,1,126.568542,2.751490,0.123817,0.045000
z_0212_442.124161.png,#9486bd,3,659.085353,14.327942,0.644757,0.045000
z_0212_442.124161.png,#961a3f,5,299.563492,6.512250,0.293051,0.045000
z_0212_442.124161.png,#a3afd4,4,152.024387,3.304878,0.148720,0.045000
z_0212_442.124161.png,#b086bd,3,217.137085,4.720371,0.212417,0.045000
z_0212_442.124161.png,#b54c73,4,575.026479,12.500576,0.562526,0.045000
z_0212_442.124161.png,#c9a236,2,136.811183,2.974156,0.133837,0.045000
z_0212_442.124161.png,#cc2f2f,3,210.308658,4.571927,0.205737,0.045000
z_0212_442.124161.png,#d4ce15,7,865.678282,18.819093,0.846859,0.045000
z_0212_442.124161.png,#e8a9bc,1,150.024387,3.261400,0.146763,0.045000
z_0212_442.124161.png,#eb4934,9,1112.815367,24.191638,1.088624,0.045000
z_0212_442.124161.png,#eb7434,5,631.955411,13.738161,0.618217,0.045000
z_0212_442.124161.png,#f79d79,1,191.237590,4.157339,0.187080,0.045000
z_0212_442.124161.png,#ff8308,1,108.568542,2.360186,0.106208,0.045000
z_0212_442.124161.png,#ffb0ba,6,583.913780,12.693778,0.571220,0.045000
z_0213_443.134228.png,#2b8f76,2,655.653896,14.253346,0.641401,0.045000
z_0213_443.134228.png,#4e5fb6,2,394.391919,8.573737,0.385818,0.045000
z_0213_443.134228.png,#60bccc,2,137.396970,2.986891,0.134410,0.045000
z_0213_443.134228.png,#74ff8a,1,327.546248,7.120571,0.320426,0.045000
z_0213_443.134228.png,#780dd6,1,60.284271,1.310528,0.058974,0.045000
z_0213_443.134228.png,#806a16,3,233.965512,5.086207,0.228879,0.045000
z_0213_443.134228.png,#8695bd,2,150.710678,3.276319,0.147434,0.045000
z_0213_443.134228.png,#881a96,1,121.639610,2.644339,0.118995,0.045000
z_0213_443.134228.png,#9486bd,3,641.913780,13.954647,0.627959,0.045000
z_0213_443.134228.png,#961a3f,5,312.492424,6.793314,0.305699,0.045000
z_0213_443.134228.png,#a3afd4,4,158.267027,3.440588,0.154826,0.045000
z_0213_443.134228.png,#b086bd,3,197.580736,4.295233,0.193286,0.045000
z_0213_443.134228.png,#b54c73,4,473.386868,10.291019,0.463096,0.045000
z_0213_443.134228.png,#c9a236,2,131.053824,2.848996,0.128205,0.045000
z_0213_443.134228.png,#cc2f2f,3,220.551299,4.794593,0.215757,0.045000
z_0213_443.134228.png,#d4ce15,7,841.335137,18.289894,0.823045,0.045000
z_0213_443.134228.png,#e8a9bc,1,150.610173,3.274134,0.147336,0.045000
z_0213_443.134228.png,#eb4934,9,1052.874242,22.888570,1.029986,0.045000
z_0213_443.134228.png,#eb7434,5,478.759451,10.407814,0.468352,0.045000
z_0213_443.134228.png,#f79d79,1,192.651804,4.188083,0.188464,0.045000
z_0213_443.134228.png,#ff8308,1,103.740115,2.255220,0.101485,0.045000
z_0213_443.134228.png,#ffb0ba,6,564.783838,12.277910,0.552506,0.045000
z_0214_444.144295.png,#2b8f76,2,620.683333,13.493116,0.607190,0.045000
z_0214_444.144295.png,#60bccc,2,137.296465,2.984706,0.134312,0.045000
z_0214_444.144295.png,#74ff8a,1,332.232539,7.222447,0.325010,0.045000
z_0214_444.144295.png,#780dd6,1,51.213203,1.113331,0.050100,0.045000
z_0214_444.144295.png,#806a16,3,242.450793,5.270669,0.237180,0.045000
z_0214_444.144295.png,#8695bd,2,148.468037,3.227566,0.145240,0.045000
z_0214_444.144295.png,#881a96,1,114.468037,2.488436,0.111980,0.045000
z_0214_444.144295.png,#9486bd,3,637.913780,13.867691,0.624046,0.045000
z_0214_444.144295.png,#961a3f,5,297.663997,6.470956,0.291193,0.045000
z_0214_444.144295.png,#a3afd4,4,160.509668,3.489341,0.157020,0.045000
z_0214_444.144295.png,#b086bd,3,177.438600,3.857361,0.173581,0.045000
z_0214_444.144295.png,#b54c73,4,425.345238,9.246636,0.416099,0.045000
z_0214_444.144295.png,#c4b897,1,85.154329,1.851181,0.083303,0.045000
z_0214_444.144295.png,#c9a236,2,126.468037,2.749305,0.123719,0.045000
z_0214_444.144295.png,#cc2f2f,3,241.379726,5.247385,0.236132,0.045000
z_0214_444.144295.png,#d4ce15,7,822.406204,17.878396,0.804528,0.045000
z_0214_444.144295.png,#e8a9bc,1,152.024387,3.304878,0.148720,0.045000
z_0214_444.144295.png,#eb4934,9,975.134126,21.198568,0.953936,0.045000
z_0214_444.144295.png,#eb7434,3,401.646753,8.731451,0.392915,0.045000
z_0214_444.144295.png,#f79d79,1,194.994949,4.239021,0.190756,0.045000
z_0214_444.144295.png,#ff8308,1,95.982756,2.086582,0.093896,0.045000
z_0214_444.144295.png,#ffb0ba,5,488.114790,10.611191,0.477504,0.045000
z_0215_445.154362.png,#2b8f76,4,615.126984,13.372326,0.601755,0.045000
z_0215_445.154362.png,#4e5fb6,1,180.267027,3.918848,0.176348,0.045000
z_0215_445.154362.png,#60bccc,2,138.610173,3.013265,0.135597,0.045000
z_0215_445.154362.png,#74ff8a,1,331.060967,7.196978,0.323864,0.045000
z_0215_445.154362.png,#780dd6,1,42.384776,0.921408,0.041463,0.045000
z_0215_445.154362.png,#806a16,3,248.936075,5.411654,0.243524,0.045000
z_0215_445.154362.png,#8695bd,2,151.882251,3.301788,0.148580,0.045000
z_0215_445.154362.png,#881a96,1,107.053824,2.327257,0.104727,0.045000
z_0215_445.154362.png,#9486bd,3,635.570635,13.816753,0.621754,0.045000
z_0215_445.154362.png,#961a3f,4,284.936075,6.194262,0.278742,0.045000
z_0215_445.154362.png,#a3afd4,4,162.024387,3.522269,0.158502,0.045000
z_0215_445.154362.png,#b086bd,3,156.953319,3.412029,0.153541,0.045000
z_0215_445.154362.png,#b54c73,4,424.416306,9.226441,0.415190,0.045000
z_0215_445.154362.png,#c4b897,1,80.669048,1.753675,0.078915,0.045000
z_0215_445.154362.png,#c9a236,2,122.225397,2.657074,0.119568,0.045000
z_0215_445.154362.png,#cc2f2f,3,265.622366,5.774399,0.259848,0.045000
z_0215_445.154362.png,#d4ce15,10,805.092496,17.502011,0.787590,0.045000
z_0215_445.154362.png,#e8a9bc,1,153.095454,3.328162,0.149767,0.045000
z_0215_445.154362.png,#eb4934,10,926.104689,20.132711,0.905972,0.045000
z_0215_445.154362.png,#eb7434,3,356.190909,7.743281,0.348448,0.045000
z_0215_445.154362.png,#f79d79,1,194.994949,4.239021,0.190756,0.045000
z_0215_445.154362.png,#ff8308,1,84.911688,1.845906,0.083066,0.045000
z_0215_445.154362.png,#ffb0ba,5,440.274170,9.571178,0.430703,0.045000
z_0216_446.164430.png,#2b8f76,5,574.499567,12.489121,0.562010,0.045000
z_0216_446.164430.png,#4e5fb6,2,200.066017,4.349261,0.195717,0.045000
z_0216_446.164430.png,#60bccc,2,138.953319,3.020724,0.135933,0.045000
z_0216_446.164430.png,#74ff8a,1,335.161472,7.286119,0.327875,0.045000
z_0216_446.164430.png,#780dd6,1,42.041631,0.913948,0.041128,0.045000
z_0216_446.164430.png,#806a16,3,254.007143,5.521894,0.248485,0.045000
z_0216_446.164430.png,#8695bd,2,154.124892,3.350541,0.150774,0.045000
z_0216_446.164430.png,#881a96,1,108.325902,2.354911,0.105971,0.045000
z_0216_446.164430.png,#9486bd,3,636.256926,13.831672,0.622425,0.045000
z_0216_446.164430.png,#961a3f,4,294.835570,6.409469,0.288426,0.045000
z_0216_446.164430.png,#a3afd4,4,170.024387,3.696182,0.166328,0.045000
z_0216_446.164430.png,#b086bd,2,120.468037,2.618870,0.117849,0.045000
z_0216_446.164430.png,#b54c73,3,373.546248,8.120571,0.365426,0.045000
z_0216_446.164430.png,#c4b897,1,65.597980,1.426043,0.064172,0.045000
z_0216_446.164430.png,#c9a236,2,132.468037,2.879740,0.129588,0.045000
z_0216_446.164430.png,#cc2f2f,3,308.107648,6.697992,0.301410,0.045000
z_0216_446.164430.png,#d4ce15,7,770.180808,16.743061,0.753438,0.045000
z_0216_446.164430.png,#e8a9bc,1,155.438600,3.379100,0.152060,0.045000
z_0216_446.164430.png,#eb4934,8,883.335137,19.202938,0.864132,0.045000
z_0216_446.164430.png,#eb7434,3,332.877200,7.236461,0.325641,0.045000
z_0216_446.164430.png,#f79d79,1,194.752309,4.233746,0.190519,0.045000
z_0216_446.164430.png,#ff8308,1,79.254834,1.722931,0.077532,0.045000
z_0216_446.164430.png,#ffb0ba,5,435.345238,9.464027,0.425881,0.045000
z_0217_447.174497.png,#2b8f76,5,574.256926,12.483846,0.561773,0.045000
z_0217_447.174497.png,#4e5fb6,2,196.994949,4.282499,0.192712,0.045000
z_0217_447.174497.png,#60bccc,2,138.953319,3.020724,0.135933,0.045000
z_0217_447.174497.png,#74ff8a,1,335.161472,7.286119,0.327875,0.045000
z_0217_447.174497.png,#780dd6,1,42.627417,0.926683,0.041701,0.045000
z_0217_447.174497.png,#806a16,3,254.007143,5.521894,0.248485,0.045000
z_0217_447.174497.png,#8695bd,2,150.468037,3.271044,0.147197,0.045000
z_0217_447.174497.png,#881a96,1,108.911688,2.367645,0.106544,0.045000
z_0217_447.174497.png,#9486bd,3,635.913780,13.824213,0.622090,0.045000
z_0217_447.174497.png,#961a3f,4,296.249783,6.440213,0.289810,0.045000
z_0217_447.174497.png,#a3afd4,4,168.610173,3.665439,0.164945,0.045000
z_0217_447.174497.png,#b086bd,2,120.468037,2.618870,0.117849,0.045000
z_0217_447.174497.png,#b54c73,3,373.889394,8.128030,0.365761,0.045000
z_0217_447.174497.png,#c4b897,1,65.840620,1.431318,0.064409,0.045000
z_0217_447.174497.png,#c9a236,2,131.882251,2.867005,0.129015,0.045000
z_0217_447.174497.png,#cc2f2f,3,304.450793,6.618496,0.297832,0.045000
z_0217_447.174497.png,#d4ce15,7,775.251875,16.853302,0.758399,0.045000
z_0217_447.174497.png,#e8a9bc,1,153.681241,3.340897,0.150340,0.045000
z_0217_447.174497.png,#eb4934,8,883.092496,19.197663,0.863895,0.045000
z_0217_447.174497.png,#eb7434,3,331.462987,7.205717,0.324257,0.045000
z_0217_447.174497.png,#f79d79,1,193.095454,4.197727,0.188898,0.045000
z_0217_447.174497.png,#ff8308,1,78.426407,1.704922,0.076721,0.045000
z_0217_447.174497.png,#ffb0ba,5,436.516811,9.489496,0.427027,0.045000
z_0218_448.184564.png,#2b8f76,3,502.457936,10.922999,0.491535,0.045000
z_0218_448.184564.png,#4e5fb6,2,123.882251,2.693092,0.121189,0.045000
z_0218_448.184564.png,#60bccc,2,142.124892,3.089672,0.139035,0.045000
z_0218_448.184564.png,#74ff8a,1,336.918831,7.324322,0.329595,0.045000
z_0218_448.184564.png,#806a16,2,241.764502,5.255750,0.236509,0.045000
z_0218_448.184564.png,#8695bd,2,155.539105,3.381285,0.152158,0.045000
z_0218_448.184564.png,#881a96,1,136.468037,2.966696,0.133501,0.045000
z_0218_448.184564.png,#9486bd,3,630.156421,13.699053,0.616457,0.045000
z_0218_448.184564.png,#961a3f,4,306.107648,6.654514,0.299453,0.045000
z_0218_448.184564.png,#a3afd4,3,145.396970,3.160804,0.142236,0.045000
z_0218_448.184564.png,#b086bd,2,107.154329,2.329442,0.104825,0.045000
z_0218_448.184564.png,#b54c73,2,190.994949,4.152064,0.186843,0.045000
z_0218_448.184564.png,#c4b897,1,53.213203,1.156809,0.052056,0.045000
z_0218_448.184564.png,#c9a236,2,142.367532,3.094946,0.139273,0.045000
z_0218_448.184564.png,#cc2f2f,2,167.539105,3.642154,0.163897,0.045000
z_0218_448.184564.png,#d4ce15,6,787.352380,17.116356,0.770236,0.045000
z_0218_448.184564.png,#e8a9bc,1,152.267027,3.310153,0.148957,0.045000
z_0218_448.184564.png,#eb4934,10,753.009235,16.369766,0.736639,0.045000
z_0218_448.184564.png,#eb7434,3,233.480231,5.075657,0.228405,0.045000
z_0218_448.184564.png,#f79d79,1,189.438600,4.118230,0.185320,0.045000
z_0218_448.184564.png,#ff8308,1,55.798990,1.213022,0.054586,0.045000
z_0218_448.184564.png,#ffb0ba,5,531.144228,11.546614,0.519598,0.045000
z_0219_449.194631.png,#2b8f76,3,471.244733,10.244451,0.461000,0.045000
z_0219_449.194631.png,#4e5fb6,1,108.468037,2.358001,0.106110,0.045000
z_0219_449.194631.png,#60bccc,2,144.367532,3.138425,0.141229,0.045000
z_0219_449.194631.png,#74ff8a,2,352.374675,7.660319,0.344714,0.045000
z_0219_449.194631.png,#806a16,2,244.936075,5.324697,0.239611,0.045000
z_0219_449.194631.png,#8695bd,2,160.367532,3.486251,0.156881,0.045000
z_0219_449.194631.png,#881a96,1,149.539105,3.250850,0.146288,0.045000
z_0219_449.194631.png,#9486bd,3,634.156421,13.786009,0.620370,0.045000
z_0219_449.194631.png,#961a3f,4,292.208153,6.352351,0.285856,0.045000
z_0219_449.194631.png,#a3afd4,3,151.539105,3.294328,0.148245,0.045000
z_0219_449.194631.png,#b086bd,2,107.740115,2.342176,0.105398,0.045000
z_0219_449.194631.png,#b54c73,2,180.852814,3.931583,0.176921,0.045000
z_0219_449.194631.png,#c4b897,1,56.627417,1.231031,0.055396,0.045000
z_0219_449.194631.png,#c9a236,2,140.225397,3.048378,0.137177,0.045000
z_0219_449.194631.png,#cc2f2f,2,203.580736,4.425668,0.199155,0.045000
z_0219_449.194631.png,#d4ce15,6,756.724963,16.450543,0.740274,0.045000
z_0219_449.194631.png,#e8a9bc,1,149.438600,3.248665,0.146190,0.045000
z_0219_449.194631.png,#eb4934,8,688.724963,14.972282,0.673753,0.045000
z_0219_449.194631.png,#eb7434,2,191.781746,4.169168,0.187613,0.045000
z_0219_449.194631.png,#f79d79,1,188.610173,4.100221,0.184510,0.045000
z_0219_449.194631.png,#ff8308,1,45.556349,0.990355,0.044566,0.045000
z_0219_449.194631.png,#ffb0ba,5,558.457936,12.140390,0.546318,0.045000
z_0220_450.204698.png,#2b8f76,4,412.575685,8.969037,0.403607,0.045000
z_0220_450.204698.png,#4e5fb6,1,98.911688,2.150254,0.096761,0.045000
z_0220_450.204698.png,#60bccc,2,151.195959,3.286869,0.147909,0.045000
z_0220_450.204698.png,#74ff8a,1,368.717821,8.015605,0.360702,0.045000
z_0220_450.204698.png,#806a16,2,241.137085,5.242111,0.235895,0.045000
z_0220_450.204698.png,#8695bd,2,168.166522,3.655794,0.164511,0.045000
z_0220_450.204698.png,#881a96,2,208.308658,4.528449,0.203780,0.045000
z_0220_450.204698.png,#9486bd,3,665.813275,14.474202,0.651339,0.045000
z_0220_450.204698.png,#961a3f,5,359.178716,7.808233,0.351370,0.045000
z_0220_450.204698.png,#a3afd4,2,142.710678,3.102406,0.139608,0.045000
z_0220_450.204698.png,#b086bd,2,106.568542,2.316707,0.104252,0.045000
z_0220_450.204698.png,#b54c73,2,164.953319,3.585942,0.161367,0.045000
z_0220_450.204698.png,#c4b897,1,59.941125,1.303068,0.058638,0.045000
z_0220_450.204698.png,#c9a236,2,140.610173,3.056743,0.137553,0.045000
z_0220_450.204698.png,#cc2f2f,3,384.575685,8.360341,0.376215,0.045000
z_0220_450.204698.png,#d4ce15,5,639.712770,13.906799,0.625806,0.045000
z_0220_450.204698.png,#e8a9bc,1,146.610173,3.187178,0.143423,0.045000
z_0220_450.204698.png,#eb4934,7,679.854906,14.779454,0.665075,0.045000
z_0220_450.204698.png,#eb7434,3,249.036580,5.413839,0.243623,0.045000
z_0220_450.204698.png,#f79d79,1,186.852814,4.062018,0.182791,0.045000
z_0220_450.204698.png,#ff8308,1,31.798990,0.691282,0.031108,0.045000
z_0220_450.204698.png,#ffb0ba,5,571.730014,12.428913,0.559301,0.045000
z_0221_451.214765.png,#2b8f76,4,414.818326,9.017790,0.405801,0.045000
z_0221_451.214765.png,#4e5fb6,1,98.083261,2.132245,0.095951,0.045000
z_0221_451.214765.png,#60bccc,2,151.195959,3.286869,0.147909,0.045000
z_0221_451.214765.png,#74ff8a,1,370.132034,8.046349,0.362086,0.045000
z_0221_451.214765.png,#806a16,2,241.379726,5.247385,0.236132,0.045000
z_0221_451.214765.png,#8695bd,3,186.994949,4.065108,0.182930,0.045000
z_0221_451.214765.png,#86b5eb,1,14.485281,0.314897,0.014170,0.045000
z_0221_451.214765.png,#881a96,2,206.308658,4.484971,0.201824,0.045000
z_0221_451.214765.png,#9486bd,3,664.399062,14.443458,0.649956,0.045000
z_0221_451.214765.png,#961a3f,5,360.007143,7.826242,0.352181,0.045000
z_0221_451.214765.png,#a3afd4,2,143.882251,3.127875,0.140754,0.045000
z_0221_451.214765.png,#b086bd,2,106.568542,2.316707,0.104252,0.045000
z_0221_451.214765.png,#b54c73,2,165.539105,3.598676,0.161940,0.045000
z_0221_451.214765.png,#c4b897,1,59.941125,1.303068,0.058638,0.045000
z_0221_451.214765.png,#c9a236,2,140.367532,3.051468,0.137316,0.045000
z_0221_451.214765.png,#cc2f2f,3,385.161472,8.373075,0.376788,0.045000
z_0221_451.214765.png,#d4ce15,5,642.440692,13.966102,0.628475,0.045000
z_0221_451.214765.png,#e8a9bc,1,145.195959,3.156434,0.142040,0.045000
z_0221_451.214765.png,#eb4934,7,681.854906,14.822933,0.667032,0.045000
z_0221_451.214765.png,#eb7434,3,251.279221,5.462592,0.245817,0.045000
z_0221_451.214765.png,#f79d79,1,186.852814,4.062018,0.182791,0.045000
z_0221_451.214765.png,#ff8308,1,31.798990,0.691282,0.031108,0.045000
z_0221_451.214765.png,#ffb0ba,5,576.315801,12.528604,0.563787,0.045000
z_0222_452.224832.png,#2b8f76,2,365.019336,7.935203,0.357084,0.045000
z_0222_452.224832.png,#4e5fb6,2,184.166522,4.003620,0.180163,0.045000
z_0222_452.224832.png,#60bccc,2,148.367532,3.225381,0.145142,0.045000
z_0222_452.224832.png,#74ff8a,1,399.002092,8.673959,0.390328,0.045000
z_0222_452.224832.png,#806a16,2,234.450793,5.096756,0.229354,0.045000
z_0222_452.224832.png,#8695bd,3,217.622366,4.730921,0.212891,0.045000
z_0222_452.224832.png,#881a96,1,213.663997,4.644869,0.209019,0.045000
z_0222_452.224832.png,#9486bd,3,652.256926,14.179498,0.638077,0.045000
z_0222_452.224832.png,#961a3f,5,282.793939,6.147694,0.276646,0.045000
z_0222_452.224832.png,#a3afd4,2,163.539105,3.555198,0.159984,0.045000
z_0222_452.224832.png,#b086bd,2,105.740115,2.298698,0.103441,0.045000
z_0222_452.224832.png,#b54c73,2,164.024387,3.565748,0.160459,0.045000
z_0222_452.224832.png,#c4b897,1,61.941125,1.346546,0.060595,0.045000
z_0222_452.224832.png,#c9a236,2,144.024387,3.130965,0.140893,0.045000
z_0222_452.224832.png,#cc2f2f,4,455.345238,9.898810,0.445446,0.045000
z_0222_452.224832.png,#d4ce15,6,589.913780,12.824213,0.577090,0.045000
z_0222_452.224832.png,#e8a9bc,1,138.367532,3.007990,0.135360,0.045000
z_0222_452.224832.png,#eb4934,6,707.896536,15.389055,0.692507,0.045000
z_0222_452.224832.png,#eb7434,3,285.379726,6.203907,0.279176,0.045000
z_0222_452.224832.png,#f79d79,1,183.681241,3.993070,0.179688,0.045000
z_0222_452.224832.png,#ff8308,1,28.384776,0.617060,0.027768,0.045000
z_0222_452.224832.png,#ffb0ba,5,599.872150,13.040699,0.586831,0.045000
z_0223_453.234899.png,#2b8f76,2,359.119841,7.806953,0.351313,0.045000
z_0223_453.234899.png,#4e5fb6,3,211.781746,4.603951,0.207178,0.045000
z_0223_453.234899.png,#60bccc,2,156.124892,3.394019,0.152731,0.045000
z_0223_453.234899.png,#74ff8a,1,402.416306,8.748181,0.393668,0.045000
z_0223_453.234899.png,#806a16,2,235.279221,5.114766,0.230164,0.045000
z_0223_453.234899.png,#8695bd,3,227.622366,4.948312,0.222674,0.045000
z_0223_453.234899.png,#881a96,1,227.320851,4.941758,0.222379,0.045000
z_0223_453.234899.png,#9486bd,3,674.198052,14.656479,0.659542,0.045000
z_0223_453.234899.png,#961a3f,5,294.693434,6.406379,0.288287,0.045000
z_0223_453.234899.png,#a3afd4,2,170.267027,3.701457,0.166566,0.045000
z_0223_453.234899.png,#b086bd,2,110.225397,2.396204,0.107829,0.045000
z_0223_453.234899.png,#b54c73,2,156.367532,3.399294,0.152968,0.045000
z_0223_453.234899.png,#c4b897,1,65.112698,1.415493,0.063697,0.045000
z_0223_453.234899.png,#c9a236,2,146.953319,3.194637,0.143759,0.045000
z_0223_453.234899.png,#cc2f2f,3,485.730014,10.559348,0.475171,0.045000
z_0223_453.234899.png,#d4ce15,7,475.203102,10.330502,0.464873,0.045000
z_0223_453.234899.png,#e8a9bc,1,140.710678,3.058928,0.137652,0.045000
z_0223_453.234899.png,#eb4934,6,722.867099,15.714502,0.707153,0.045000
z_0223_453.234899.png,#eb7434,3,350.391919,7.617216,0.342775,0.045000
z_0223_453.234899.png,#f79d79,1,179.681241,3.906114,0.175775,0.045000
z_0223_453.234899.png,#ff8308,1,27.798990,0.604326,0.027195,0.045000
z_0223_453.234899.png,#ffb0ba,4,631.185858,13.721432,0.617464,0.045000
z_0224_454.244966.png,#00701e,1,42.284271,0.919223,0.041365,0.045000
z_0224_454.244966.png,#2b8f76,2,360.534055,7.837697,0.352696,0.045000
z_0224_454.244966.png,#4e5fb6,3,149.639610,3.253035,0.146387,0.045000
z_0224_454.244966.png,#60bccc,2,165.095454,3.589032,0.161506,0.045000
z_0224_454.244966.png,#74ff8a,3,407.345238,8.855331,0.398490,0.045000
z_0224_454.244966.png,#806a16,2,231.622366,5.035269,0.226587,0.045000
z_0224_454.244966.png,#8695bd,3,242.693434,5.275944,0.237417,0.045000
z_0224_454.244966.png,#881a96,2,224.350288,4.877180,0.219473,0.045000
z_0224_454.244966.png,#9486bd,3,664.984848,14.456192,0.650529,0.045000
z_0224_454.244966.png,#961a3f,5,293.279221,6.375635,0.286904,0.045000
z_0224_454.244966.png,#a3afd4,2,166.610173,3.621960,0.162988,0.045000
z_0224_454.244966.png,#b086bd,2,107.396970,2.334717,0.105062,0.045000
z_0224_454.244966.png,#b54c73,2,146.710678,3.189363,0.143521,0.045000
z_0224_454.244966.png,#c4b897,1,62.526912,1.359281,0.061168,0.045000
z_0224_454.244966.png,#c9a236,2,145.539105,3.163894,0.142375,0.045000
z_0224_454.244966.png,#cc2f2f,4,541.043723,11.761820,0.529282,0.045000
z_0224_454.244966.png,#d4ce15,5,360.776695,7.842972,0.352934,0.045000
z_0224_454.244966.png,#e8a9bc,1,135.639610,2.948687,0.132691,0.045000
z_0224_454.244966.png,#eb4934,6,768.950360,16.716312,0.752234,0.045000
z_0224_454.244966.png,#eb7434,2,387.119841,8.415649,0.378704,0.045000
z_0224_454.244966.png,#f79d79,1,179.338095,3.898654,0.175439,0.045000
z_0224_454.244966.png,#ff8308,1,25.899495,0.563032,0.025336,0.045000
z_0224_454.244966.png,#ffb0ba,4,646.984848,14.064888,0.632920,0.045000
z_0225_455.255034.png,#00701e,1,63.941125,1.390024,0.062551,0.045000
z_0225_455.255034.png,#2b8f76,2,368.575685,8.012515,0.360563,0.045000
z_0225_455.255034.png,#4e5fb6,3,87.597980,1.904304,0.085694,0.045000
z_0225_455.255034.png,#60bccc,2,166.267027,3.614501,0.162653,0.045000
z_0225_455.255034.png,#74ff8a,1,356.173665,7.742906,0.348431,0.045000
z_0225_455.255034.png,#806a16,2,240.107648,5.219731,0.234888,0.045000
z_0225_455.255034.png,#8695bd,4,301.663997,6.557913,0.295106,0.045000
z_0225_455.255034.png,#881a96,2,218.793939,4.756390,0.214038,0.045000
z_0225_455.255034.png,#9486bd,4,603.671140,13.123286,0.590548,0.045000
z_0225_455.255034.png,#961a3f,4,342.492424,7.445487,0.335047,0.045000
z_0225_455.255034.png,#a3afd4,2,152.852814,3.322887,0.149530,0.045000
z_0225_455.255034.png,#b086bd,2,109.396970,2.378195,0.107019,0.045000
z_0225_455.255034.png,#b54c73,2,137.296465,2.984706,0.134312,0.045000
z_0225_455.255034.png,#c4b897,1,59.941125,1.303068,0.058638,0.045000
z_0225_455.255034.png,#c9a236,2,142.367532,3.094946,0.139273,0.045000
z_0225_455.255034.png,#cc2f2f,7,609.813275,13.256810,0.596556,0.045000
z_0225_455.255034.png,#d4ce15,4,299.563492,6.512250,0.293051,0.045000
z_0225_455.255034.png,#e8a9bc,1,137.053824,2.979431,0.134074,0.045000
z_0225_455.255034.png,#eb4934,6,837.962554,18.216577,0.819746,0.045000
z_0225_455.255034.png,#eb7434,2,378.592929,8.230281,0.370363,0.045000
z_0225_455.255034.png,#f79d79,1,178.752309,3.885920,0.174866,0.045000
z_0225_455.255034.png,#ff8308,1,25.899495,0.563032,0.025336,0.045000
z_0225_455.255034.png,#ffb0ba,4,658.742207,14.320483,0.644422,0.045000
z_0226_456.265101.png,#00701e,1,77.840620,1.692187,0.076148,0.045000
z_0226_456.265101.png,#2b8f76,2,375.303607,8.158774,0.367145,0.045000
z_0226_456.265101.png,#4e5fb6,2,59.455844,1.292518,0.058163,0.045000
z_0226_456.265101.png,#60bccc,2,172.752309,3.755485,0.168997,0.045000
z_0226_456.265101.png,#74ff8a,1,349.546248,7.598831,0.341947,0.045000
z_0226_456.265101.png,#806a16,2,248.793939,5.408564,0.243385,0.045000
z_0226_456.265101.png,#8695bd,4,326.391919,7.095476,0.319296,0.045000
z_0226_456.265101.png,#881a96,2,215.379726,4.682168,0.210698,0.045000
z_0226_456.265101.png,#9486bd,4,536.600072,11.665219,0.524935,0.045000
z_0226_456.265101.png,#961a3f,4,292.793939,6.365086,0.286429,0.045000
z_0226_456.265101.png,#a3afd4,3,134.468037,2.923218,0.131545,0.045000
z_0226_456.265101.png,#b086bd,2,106.225397,2.309248,0.103916,0.045000
z_0226_456.265101.png,#b54c73,3,219.036580,4.761665,0.214275,0.045000
z_0226_456.265101.png,#c4b897,1,59.112698,1.285059,0.057828,0.045000
z_0226_456.265101.png,#c9a236,2,138.367532,3.007990,0.135360,0.045000
z_0226_456.265101.png,#cc2f2f,7,538.943218,11.716157,0.527227,0.045000
z_0226_456.265101.png,#d4ce15,3,251.764502,5.473141,0.246291,0.045000
z_0226_456.265101.png,#e8a9bc,1,133.497475,2.902119,0.130595,0.045000
z_0226_456.265101.png,#eb4934,6,792.790981,17.234587,0.775556,0.045000
z_0226_456.265101.png,#eb7434,2,390.977705,8.499515,0.382478,0.045000
z_0226_456.265101.png,#f79d79,1,176.852814,3.844626,0.173008,0.045000
z_0226_456.265101.png,#ff8308,1,54.627417,1.187553,0.053440,0.045000
z_0226_456.265101.png,#ffb0ba,4,660.742207,14.363961,0.646378,0.045000
z_0227_457.275168.png,#00701e,1,84.669048,1.840631,0.082828,0.045000
z_0227_457.275168.png,#2b8f76,2,385.445743,8.379255,0.377066,0.045000
z_0227_457.275168.png,#4e5fb6,2,52.870058,1.149349,0.051721,0.045000
z_0227_457.275168.png,#60bccc,2,185.237590,4.026904,0.181211,0.045000
z_0227_457.275168.png,#74ff8a,1,349.060967,7.588282,0.341473,0.045000
z_0227_457.275168.png,#806a16,2,299.705627,6.515340,0.293190,0.045000
z_0227_457.275168.png,#8695bd,4,339.362482,7.377445,0.331985,0.045000
z_0227_457.275168.png,#881a96,2,228.793939,4.973781,0.223820,0.045000
z_0227_457.275168.png,#9486bd,4,479.587878,10.425823,0.469162,0.045000
z_0227_457.275168.png,#961a3f,4,270.651804,5.883735,0.264768,0.045000
z_0227_457.275168.png,#a3afd4,2,83.112698,1.806798,0.081306,0.045000
z_0227_457.275168.png,#b086bd,2,107.396970,2.334717,0.105062,0.045000
z_0227_457.275168.png,#b54c73,2,197.137085,4.285589,0.192851,0.045000
z_0227_457.275168.png,#c4b897,1,54.041631,1.174818,0.052867,0.045000
z_0227_457.275168.png,#c9a236,2,136.367532,2.964512,0.133403,0.045000
z_0227_457.275168.png,#cc2f2f,6,495.771645,10.777644,0.484994,0.045000
z_0227_457.275168.png,#d4ce15,3,246.450793,5.357626,0.241093,0.045000
z_0227_457.275168.png,#e8a9bc,1,133.012193,2.891569,0.130121,0.045000
z_0227_457.275168.png,#eb4934,6,775.962554,16.868751,0.759094,0.045000
z_0227_457.275168.png,#eb7434,2,394.048773,8.566278,0.385482,0.045000
z_0227_457.275168.png,#f79d79,1,177.338095,3.855176,0.173483,0.045000
z_0227_457.275168.png,#ff8308,1,60.041631,1.305253,0.058736,0.045000
z_0227_457.275168.png,#ffb0ba,4,644.499567,14.010860,0.630489,0.045000
z_0228_458.285235.png,#00701e,1,87.497475,1.902119,0.085595,0.045000
z_0228_458.285235.png,#2b8f76,3,418.274170,9.092917,0.409181,0.045000
z_0228_458.285235.png,#4e5fb6,2,50.870058,1.105871,0.049764,0.045000
z_0228_458.285235.png,#60bccc,2,192.894444,4.193357,0.188701,0.045000
z_0228_458.285235.png,#74ff8a,1,342.475180,7.445113,0.335030,0.045000
z_0228_458.285235.png,#806a16,2,327.504617,7.119666,0.320385,0.045000
z_0228_458.285235.png,#8695bd,4,347.462987,7.553543,0.339909,0.045000
z_0228_458.285235.png,#881a96,2,233.521861,5.076562,0.228445,0.045000
z_0228_458.285235.png,#9486bd,4,442.031529,9.609381,0.432422,0.045000
z_0228_458.285235.png,#961a3f,4,278.450793,6.053278,0.272398,0.045000
z_0228_458.285235.png,#a3afd4,1,53.455844,1.162084,0.052294,0.045000
z_0228_458.285235.png,#b086bd,2,109.396970,2.378195,0.107019,0.045000
z_0228_458.285235.png,#b54c73,1,145.195959,3.156434,0.142040,0.045000
z_0228_458.285235.png,#c4b897,1,51.455844,1.118605,0.050337,0.045000
z_0228_458.285235.png,#c9a236,2,132.710678,2.885015,0.129826,0.045000
z_0228_458.285235.png,#cc2f2f,5,458.073160,9.958112,0.448115,0.045000
z_0228_458.285235.png,#d4ce15,3,241.865007,5.257935,0.236607,0.045000
z_0228_458.285235.png,#e8a9bc,1,135.497475,2.945597,0.132552,0.045000
z_0228_458.285235.png,#eb4934,9,968.815367,21.061204,0.947754,0.045000
z_0228_458.285235.png,#eb7434,2,390.007143,8.478416,0.381529,0.045000
z_0228_458.285235.png,#f79d79,1,177.338095,3.855176,0.173483,0.045000
z_0228_458.285235.png,#ff8308,1,56.284271,1.223571,0.055061,0.045000
z_0228_458.285235.png,#ffb0ba,4,658.884343,14.323573,0.644561,0.045000
z_0229_459.295302.png,#00701e,1,91.740115,1.994350,0.089746,0.045000
z_0229_459.295302.png,#2b8f76,3,423.445743,9.205342,0.414240,0.045000
z_0229_459.295302.png,#4e5fb6,2,48.284271,1.049658,0.047235,0.045000
z_0229_459.295302.png,#60bccc,2,191.237590,4.157339,0.187080,0.045000
z_0229_459.295302.png,#74ff8a,1,340.475180,7.401634,0.333074,0.045000
z_0229_459.295302.png,#806a16,2,327.261977,7.114391,0.320148,0.045000
z_0229_459.295302.png,#8695bd,4,346.291414,7.528074,0.338763,0.045000
z_0229_459.295302.png,#881a96,2,231.279221,5.027809,0.226251,0.045000
z_0229_459.295302.png,#9486bd,4,444.960461,9.673054,0.435287,0.045000
z_0229_459.295302.png,#961a3f,4,280.450793,6.096756,0.274354,0.045000
z_0229_459.295302.png,#a3afd4,1,54.284271,1.180093,0.053104,0.045000
z_0229_459.295302.png,#b086bd,2,108.811183,2.365461,0.106446,0.045000
z_0229_459.295302.png,#b54c73,1,145.195959,3.156434,0.142040,0.045000
z_0229_459.295302.png,#c4b897,1,51.455844,1.118605,0.050337,0.045000
z_0229_459.295302.png,#c9a236,2,129.639610,2.818252,0.126821,0.045000
z_0229_459.295302.png,#cc2f2f,5,455.244733,9.896625,0.445348,0.045000
z_0229_459.295302.png,#d4ce15,3,242.450793,5.270669,0.237180,0.045000
z_0229_459.295302.png,#e8a9bc,1,135.497475,2.945597,0.132552,0.045000
z_0229_459.295302.png,#eb4934,9,973.058008,21.153435,0.951905,0.045000
z_0229_459.295302.png,#eb7434,2,392.249783,8.527169,0.383723,0.045000
z_0229_459.295302.png,#f79d79,1,177.338095,3.855176,0.173483,0.045000
z_0229_459.295302.png,#ff8308,1,56.284271,1.223571,0.055061,0.045000
z_0229_459.295302.png,#ffb0ba,4,657.813275,14.300289,0.643513,0.045000
z_0230_460.305369.png,#00701e,1,59.355339,1.290333,0.058065,0.045000
z_0230_460.305369.png,#2b8f76,4,660.239682,14.353037,0.645887,0.045000
z_0230_460.305369.png,#4e5fb6,2,54.627417,1.187553,0.053440,0.045000
z_0230_460.305369.png,#60bccc,3,342.634560,7.448577,0.335186,0.045000
z_0230_460.305369.png,#74ff8a,2,376.676190,8.188613,0.368488,0.045000
z_0230_460.305369.png,#806a16,5,501.144228,10.894440,0.490250,0.045000
z_0230_460.305369.png,#8695bd,3,371.504617,8.076187,0.363428,0.045000
z_0230_460.305369.png,#86b5eb,2,91.355339,1.985986,0.089369,0.045000
z_0230_460.305369.png,#881a96,2,232.936075,5.063828,0.227872,0.045000
z_0230_460.305369.png,#9486bd,4,369.504617,8.032709,0.361472,0.045000
z_0230_460.305369.png,#961a3f,4,269.379726,5.856081,0.263524,0.045000
z_0230_460.305369.png,#a3afd4,1,45.213203,0.982896,0.044230,0.045000
z_0230_460.305369.png,#b086bd,2,94.669048,2.058023,0.092611,0.045000
z_0230_460.305369.png,#b54c73,2,159.438600,3.466057,0.155973,0.045000
z_0230_460.305369.png,#c4b897,1,37.213203,0.808983,0.036404,0.045000
z_0230_460.305369.png,#c9a236,2,98.911688,2.150254,0.096761,0.045000
z_0230_460.305369.png,#cc2f2f,4,355.747258,7.733636,0.348014,0.045000
z_0230_460.305369.png,#d4ce15,3,216.793939,4.712912,0.212081,0.045000
z_0230_460.305369.png,#e8a9bc,1,124.911688,2.715471,0.122196,0.045000
z_0230_460.305369.png,#eb4934,5,674.239682,14.657384,0.659582,0.045000
z_0230_460.305369.png,#eb7434,2,407.421356,8.856986,0.398564,0.045000
z_0230_460.305369.png,#f79d79,2,231.036580,5.022534,0.226014,0.045000
z_0230_460.305369.png,#ffb0ba,4,329.320851,7.159149,0.322162,0.045000
z_0231_461.315436.png,#00701e,1,61.698485,1.341271,0.060357,0.045000
z_0231_461.315436.png,#2b8f76,7,848.305699,18.441428,0.829864,0.045000
z_0231_461.315436.png,#4e5fb6,2,56.870058,1.236306,0.055634,0.045000
z_0231_461.315436.png,#60bccc,5,388.333044,8.442023,0.379891,0.045000
z_0231_461.315436.png,#74ff8a,1,310.048773,6.740191,0.303309,0.045000
z_0231_461.315436.png,#806a16,5,532.215295,11.569898,0.520645,0.045000
z_0231_461.315436.png,#8695bd,3,372.818326,8.104746,0.364714,0.045000
z_0231_461.315436.png,#86b5eb,1,69.112698,1.502450,0.067610,0.045000
z_0231_461.315436.png,#881a96,2,250.007143,5.434938,0.244572,0.045000
z_0231_461.315436.png,#9486bd,5,365.362482,7.942663,0.357420,0.045000
z_0231_461.315436.png,#961a3f,3,250.166522,5.438403,0.244728,0.045000
z_0231_461.315436.png,#a3afd4,1,44.384776,0.964886,0.043420,0.045000
z_0231_461.315436.png,#b086bd,2,87.597980,1.904304,0.085694,0.045000
z_0231_461.315436.png,#b54c73,1,126.953319,2.759855,0.124193,0.045000
z_0231_461.315436.png,#c4b897,1,32.041631,0.696557,0.031345,0.045000
z_0231_461.315436.png,#c9a236,2,92.426407,2.009270,0.090417,0.045000
z_0231_461.315436.png,#cc2f2f,4,348.918831,7.585192,0.341334,0.045000
z_0231_461.315436.png,#d4ce15,3,195.580736,4.251755,0.191329,0.045000
z_0231_461.315436.png,#e8a9bc,1,122.568542,2.664534,0.119904,0.045000
z_0231_461.315436.png,#eb4934,5,725.695526,15.775990,0.709920,0.045000
z_0231_461.315436.png,#eb7434,2,399.906638,8.693623,0.391213,0.045000
z_0231_461.315436.png,#f79d79,2,239.137085,5.198632,0.233938,0.045000
z_0231_461.315436.png,#ffb0ba,3,311.906638,6.780579,0.305126,0.045000
z_0232_462.325503.png,#00701e,1,61.355339,1.333812,0.060022,0.045000
z_0232_462.325503.png,#2b8f76,5,910.347330,19.790159,0.890557,0.045000
z_0232_462.325503.png,#4e5fb6,3,82.183766,1.786604,0.080397,0.045000
z_0232_462.325503.png,#60bccc,4,399.060967,8.675238,0.390386,0.045000
z_0232_462.325503.png,#74ff8a,1,291.078210,6.327787,0.284750,0.045000
z_0232_462.325503.png,#806a16,5,559.085353,12.154029,0.546931,0.045000
z_0232_462.325503.png,#8695bd,3,360.818326,7.843877,0.352974,0.045000
z_0232_462.325503.png,#86b5eb,1,65.112698,1.415493,0.063697,0.045000
z_0232_462.325503.png,#881a96,2,282.048773,6.131495,0.275917,0.045000
z_0232_462.325503.png,#9486bd,7,309.806133,6.734916,0.303071,0.045000
z_0232_462.325503.png,#961a3f,2,216.267027,4.701457,0.211566,0.045000
z_0232_462.325503.png,#a3afd4,1,40.142136,0.872655,0.039269,0.045000
z_0232_462.325503.png,#b086bd,2,66.870058,1.453697,0.065416,0.045000
z_0232_462.325503.png,#b54c73,1,119.882251,2.606136,0.117276,0.045000
z_0232_462.325503.png,#c4b897,1,21.899495,0.476076,0.021423,0.045000
z_0232_462.325503.png,#c9a236,2,88.426407,1.922313,0.086504,0.045000
z_0232_462.325503.png,#cc2f2f,4,345.605122,7.513155,0.338092,0.045000
z_0232_462.325503.png,#d4ce15,3,141.639610,3.079122,0.138560,0.045000
z_0232_462.325503.png,#e8a9bc,1,116.669048,2.536284,0.114133,0.045000
z_0232_462.325503.png,#eb4934,7,732.624458,15.926619,0.716698,0.045000
z_0232_462.325503.png,#eb7434,2,398.735065,8.668154,0.390067,0.045000
z_0232_462.325503.png,#f79d79,2,251.279221,5.462592,0.245817,0.045000
z_0232_462.325503.png,#ffb0ba,3,325.563492,7.077467,0.318486,0.045000
z_0233_463.335570.png,#00701e,1,59.597980,1.295608,0.058302,0.045000
z_0233_463.335570.png,#2b8f76,7,981.359523,21.333903,0.960026,0.045000
z_0233_463.335570.png,#4e5fb6,3,115.053824,2.501170,0.112553,0.045000
z_0233_463.335570.png,#60bccc,4,385.646753,8.383625,0.377263,0.045000
z_0233_463.335570.png,#74ff8a,1,258.107648,5.611036,0.252497,0.045000
z_0233_463.335570.png,#806a16,6,590.641702,12.840037,0.577802,0.045000
z_0233_463.335570.png,#8695bd,3,353.646753,7.687973,0.345959,0.045000
z_0233_463.335570.png,#86b5eb,1,56.526912,1.228846,0.055298,0.045000
z_0233_463.335570.png,#881a96,2,289.320851,6.289584,0.283031,0.045000
z_0233_463.335570.png,#9486bd,4,262.007143,5.695807,0.256311,0.045000
z_0233_463.335570.png,#961a3f,2,212.852814,4.627235,0.208226,0.045000
z_0233_463.335570.png,#a3afd4,1,35.798990,0.778239,0.035021,0.045000
z_0233_463.335570.png,#b086bd,1,43.798990,0.952152,0.042847,0.045000
z_0233_463.335570.png,#b54c73,1,112.568542,2.447142,0.110121,0.045000
z_0233_463.335570.png,#c9a236,2,89.254834,1.940322,0.087315,0.045000
z_0233_463.335570.png,#cc2f2f,4,342.391919,7.443303,0.334949,0.045000
z_0233_463.335570.png,#d4ce15,2,131.396970,2.856456,0.128541,0.045000
z_0233_463.335570.png,#e8a9bc,1,118.811183,2.582852,0.116228,0.045000
z_0233_463.335570.png,#eb4934,8,601.369624,13.073253,0.588296,0.045000
z_0233_463.335570.png,#eb7434,2,392.249783,8.527169,0.383723,0.045000
z_0233_463.335570.png,#f79d79,3,304.048773,6.609756,0.297439,0.045000
z_0233_463.335570.png,#ffb0ba,4,352.634560,7.665969,0.344969,0.045000
z_0234_464.345638.png,#00701e,1,56.526912,1.228846,0.055298,0.045000
z_0234_464.345638.png,#2b8f76,6,997.785930,21.690998,0.976095,0.045000
z_0234_464.345638.png,#4e5fb6,3,132.811183,2.887200,0.129924,0.045000
z_0234_464.345638.png,#60bccc,5,403.060967,8.762195,0.394299,0.045000
z_0234_464.345638.png,#74ff8a,1,245.379726,5.334342,0.240045,0.045000
z_0234_464.345638.png,#806a16,5,616.440692,13.400885,0.603040,0.045000
z_0234_464.345638.png,#8695bd,3,342.190909,7.438933,0.334752,0.045000
z_0234_464.345638.png,#86b5eb,1,48.870058,1.062393,0.047808,0.045000
z_0234_464.345638.png,#881a96,2,303.705627,6.602296,0.297103,0.045000
z_0234_464.345638.png,#9486bd,4,276.936075,6.020349,0.270916,0.045000
z_0234_464.345638.png,#961a3f,2,209.095454,4.545553,0.204550,0.045000
z_0234_464.345638.png,#a3afd4,1,24.727922,0.537564,0.024190,0.045000
z_0234_464.345638.png,#b086bd,1,40.384776,0.877930,0.039507,0.045000
z_0234_464.345638.png,#b54c73,1,109.154329,2.372920,0.106781,0.045000
z_0234_464.345638.png,#c9a236,2,83.597980,1.817347,0.081781,0.045000
z_0234_464.345638.png,#cc2f2f,4,366.776695,7.973406,0.358803,0.045000
z_0234_464.345638.png,#d4ce15,2,131.982756,2.869190,0.129114,0.045000
z_0234_464.345638.png,#e8a9bc,1,112.325902,2.441867,0.109884,0.045000
z_0234_464.345638.png,#eb4934,6,455.445743,9.900994,0.445545,0.045000
z_0234_464.345638.png,#eb7434,1,56.870058,1.236306,0.055634,0.045000
z_0234_464.345638.png,#f79d79,3,337.362482,7.333967,0.330029,0.045000
z_0234_464.345638.png,#ffb0ba,3,351.078210,7.632135,0.343446,0.045000
z_0235_465.355705.png,#00701e,1,55.112698,1.198102,0.053915,0.045000
z_0235_465.355705.png,#2b8f76,7,1033.685425,22.471422,1.011214,0.045000
z_0235_465.355705.png,#4e5fb6,3,153.438600,3.335622,0.150103,0.045000
z_0235_465.355705.png,#60bccc,5,437.203102,9.504415,0.427699,0.045000
z_0235_465.355705.png,#74ff8a,1,237.137085,5.155154,0.231982,0.045000
z_0235_465.355705.png,#806a16,5,655.168614,14.242796,0.640926,0.045000
z_0235_465.355705.png,#8695bd,3,322.291414,7.006335,0.315285,0.045000
z_0235_465.355705.png,#86b5eb,1,42.041631,0.913948,0.041128,0.045000
z_0235_465.355705.png,#881a96,2,304.676190,6.623395,0.298053,0.045000
z_0235_465.355705.png,#9486bd,4,294.735065,6.407284,0.288328,0.045000
z_0235_465.355705.png,#961a3f,2,203.539105,4.424763,0.199114,0.045000
z_0235_465.355705.png,#b086bd,1,40.384776,0.877930,0.039507,0.045000
z_0235_465.355705.png,#b54c73,1,108.568542,2.360186,0.106208,0.045000
z_0235_465.355705.png,#c9a236,2,82.769553,1.799338,0.080970,0.045000
z_0235_465.355705.png,#cc2f2f,5,407.646753,8.861886,0.398785,0.045000
z_0235_465.355705.png,#d4ce15,2,115.154329,2.503355,0.112651,0.045000
z_0235_465.355705.png,#e8a9bc,1,108.083261,2.349636,0.105734,0.045000
z_0235_465.355705.png,#eb4934,5,411.161472,8.938293,0.402223,0.045000
z_0235_465.355705.png,#eb7434,1,59.941125,1.303068,0.058638,0.045000
z_0235_465.355705.png,#f79d79,2,347.847763,7.561908,0.340286,0.045000
z_0235_465.355705.png,#ffb0ba,3,358.835570,7.800773,0.351035,0.045000
z_0236_466.365772.png,#00701e,1,53.455844,1.162084,0.052294,0.045000
z_0236_466.365772.png,#2b8f76,8,891.803174,19.387026,0.872416,0.045000
z_0236_466.365772.png,#4e5fb6,3,194.894444,4.236836,0.190658,0.045000
z_0236_466.365772.png,#60bccc,4,430.818326,9.365616,0.421453,0.045000
z_0236_466.365772.png,#74ff8a,2,215.137085,4.676893,0.210460,0.045000
z_0236_466.365772.png,#806a16,4,679.997041,14.782544,0.665214,0.045000
z_0236_466.365772.png,#8695bd,3,320.291414,6.962857,0.313329,0.045000
z_0236_466.365772.png,#86b5eb,1,36.384776,0.790973,0.035594,0.045000
z_0236_466.365772.png,#881a96,2,305.261977,6.636130,0.298626,0.045000
z_0236_466.365772.png,#9486bd,4,303.078210,6.588657,0.296490,0.045000
z_0236_466.365772.png,#961a3f,2,207.438600,4.509535,0.202929,0.045000
z_0236_466.365772.png,#b086bd,1,44.627417,0.970161,0.043657,0.045000
z_0236_466.365772.png,#b54c73,1,103.497475,2.249945,0.101248,0.045000
z_0236_466.365772.png,#c9a236,2,78.284271,1.701832,0.076582,0.045000
z_0236_466.365772.png,#cc2f2f,6,431.404112,9.378350,0.422026,0.045000
z_0236_466.365772.png,#d4ce15,1,111.154329,2.416398,0.108738,0.045000
z_0236_466.365772.png,#e8a9bc,1,106.083261,2.306158,0.103777,0.045000
z_0236_466.365772.png,#eb4934,5,421.646753,9.166234,0.412481,0.045000
z_0236_466.365772.png,#eb7434,1,67.941125,1.476981,0.066464,0.045000
z_0236_466.365772.png,#f79d79,3,339.119841,7.372170,0.331748,0.045000
z_0236_466.365772.png,#ffb0ba,3,363.220346,7.896094,0.355324,0.045000
z_0237_467.375839.png,#00701e,1,57.455844,1.249040,0.056207,0.045000
z_0237_467.375839.png,#2b8f76,7,1013.768686,22.038450,0.991730,0.045000
z_0237_467.375839.png,#4e5fb6,3,262.735065,5.711632,0.257023,0.045000
z_0237_467.375839.png,#60bccc,3,424.232539,9.222447,0.415010,0.045000
z_0237_467.375839.png,#74ff8a,1,211.137085,4.589937,0.206547,0.045000
z_0237_467.375839.png,#806a16,5,644.884343,14.019225,0.630865,0.045000
z_0237_467.375839.png,#8695bd,3,331.362482,7.203532,0.324159,0.045000
z_0237_467.375839.png,#86b5eb,1,35.798990,0.778239,0.035021,0.045000
z_0237_467.375839.png,#881a96,1,127.195959,2.765130,0.124431,0.045000
z_0237_467.375839.png,#9486bd,4,313.563492,6.816598,0.306747,0.045000
z_0237_467.375839.png,#961a3f,1,214.610173,4.665439,0.209945,0.045000
z_0237_467.375839.png,#b086bd,1,46.041631,1.000905,0.045041,0.045000
z_0237_467.375839.png,#b54c73,1,100.083261,2.175723,0.097908,0.045000
z_0237_467.375839.png,#c9a236,2,72.870058,1.584132,0.071286,0.045000
z_0237_467.375839.png,#cc2f2f,6,427.060967,9.283934,0.417777,0.045000
z_0237_467.375839.png,#d4ce15,1,109.982756,2.390929,0.107592,0.045000
z_0237_467.375839.png,#e8a9bc,1,107.254834,2.331627,0.104923,0.045000
z_0237_467.375839.png,#eb4934,5,426.031529,9.261555,0.416770,0.045000
z_0237_467.375839.png,#eb7434,2,346.592929,7.534629,0.339058,0.045000
z_0237_467.375839.png,#f79d79,3,321.563492,6.990511,0.314573,0.045000
z_0237_467.375839.png,#ffb0ba,3,353.078210,7.675613,0.345403,0.045000
z_0238_468.385906.png,#00701e,1,56.041631,1.218296,0.054823,0.045000
z_0238_468.385906.png,#2b8f76,6,1111.224530,24.157055,1.087067,0.045000
z_0238_468.385906.png,#4e5fb6,1,265.764502,5.777489,0.259987,0.045000
z_0238_468.385906.png,#60bccc,3,434.575685,9.447298,0.425128,0.045000
z_0238_468.385906.png,#74ff8a,1,212.551299,4.620680,0.207931,0.045000
z_0238_468.385906.png,#806a16,6,591.227489,12.852771,0.578375,0.045000
z_0238_468.385906.png,#8695bd,5,438.575685,9.534254,0.429041,0.045000
z_0238_468.385906.png,#86b5eb,1,39.798990,0.865195,0.038934,0.045000
z_0238_468.385906.png,#881a96,1,117.296465,2.549923,0.114747,0.045000
z_0238_468.385906.png,#9486bd,4,323.563492,7.033989,0.316530,0.045000
z_0238_468.385906.png,#961a3f,1,206.610173,4.491526,0.202119,0.045000
z_0238_468.385906.png,#b086bd,2,89.740115,1.950872,0.087789,0.045000
z_0238_468.385906.png,#b54c73,1,100.325902,2.180998,0.098145,0.045000
z_0238_468.385906.png,#c9a236,2,76.769553,1.668903,0.075101,0.045000
z_0238_468.385906.png,#cc2f2f,4,363.806133,7.908829,0.355897,0.045000
z_0238_468.385906.png,#d4ce15,1,109.154329,2.372920,0.106781,0.045000
z_0238_468.385906.png,#e8a9bc,1,101.012193,2.195917,0.098816,0.045000
z_0238_468.385906.png,#eb4934,6,450.759451,9.799119,0.440960,0.045000
z_0238_468.385906.png,#eb7434,2,301.764502,6.560098,0.295204,0.045000
z_0238_468.385906.png,#f79d79,3,292.007143,6.347981,0.285659,0.045000
z_0238_468.385906.png,#ffb0ba,4,463.889394,10.084552,0.453805,0.045000
z_0239_469.395973.png,#00701e,1,51.798990,1.126065,0.050673,0.045000
z_0239_469.395973.png,#2b8f76,7,1170.295598,25.441209,1.144854,0.045000
z_0239_469.395973.png,#4e5fb6,1,253.279221,5.506070,0.247773,0.045000
z_0239_469.395973.png,#60bccc,3,441.404112,9.595742,0.431808,0.045000
z_0239_469.395973.png,#74ff8a,1,221.137085,4.807328,0.216330,0.045000
z_0239_469.395973.png,#806a16,6,501.872150,10.910264,0.490962,0.045000
z_0239_469.395973.png,#8695bd,4,491.203102,10.678328,0.480525,0.045000
z_0239_469.395973.png,#86b5eb,1,44.970563,0.977621,0.043993,0.045000
z_0239_469.395973.png,#881a96,2,141.438600,3.074752,0.138364,0.045000
z_0239_469.395973.png,#9486bd,4,338.634560,7.361621,0.331273,0.045000
z_0239_469.395973.png,#961a3f,1,197.923882,4.302693,0.193621,0.045000
z_0239_469.395973.png,#b086bd,2,134.610173,2.926308,0.131684,0.045000
z_0239_469.395973.png,#b54c73,1,98.911688,2.150254,0.096761,0.045000
z_0239_469.395973.png,#c9a236,2,85.254834,1.853366,0.083401,0.045000
z_0239_469.395973.png,#cc2f2f,4,318.835570,6.931208,0.311904,0.045000
z_0239_469.395973.png,#d4ce15,1,109.740115,2.385655,0.107354,0.045000
z_0239_469.395973.png,#e8a9bc,1,102.669048,2.231936,0.100437,0.045000
z_0239_469.395973.png,#eb4934,6,487.144228,10.590092,0.476554,0.045000
z_0239_469.395973.png,#eb7434,2,272.450793,5.922843,0.266528,0.045000
z_0239_469.395973.png,#f79d79,3,273.279221,5.940853,0.267338,0.045000
z_0239_469.395973.png,#ffb0ba,4,426.776695,9.277754,0.417499,0.045000
z_0240_470.406040.png,#00701e,1,54.041631,1.174818,0.052867,0.045000
z_0240_470.406040.png,#2b8f76,6,1248.780879,27.147410,1.221633,0.045000
z_0240_470.406040.png,#4e5fb6,1,251.722871,5.472236,0.246251,0.045000
z_0240_470.406040.png,#60bccc,3,451.546248,9.816223,0.441730,0.045000
z_0240_470.406040.png,#74ff8a,1,215.237590,4.679078,0.210559,0.045000
z_0240_470.406040.png,#806a16,6,407.788889,8.864976,0.398924,0.045000
z_0240_470.406040.png,#8695bd,3,514.173665,11.177688,0.502996,0.045000
z_0240_470.406040.png,#86b5eb,1,51.455844,1.118605,0.050337,0.045000
z_0240_470.406040.png,#881a96,2,136.024387,2.957052,0.133067,0.045000
z_0240_470.406040.png,#9486bd,4,342.735065,7.450762,0.335284,0.045000
z_0240_470.406040.png,#961a3f,1,185.338095,4.029089,0.181309,0.045000
z_0240_470.406040.png,#b086bd,2,154.953319,3.368550,0.151585,0.045000
z_0240_470.406040.png,#b54c73,1,97.497475,2.119510,0.095378,0.045000
z_0240_470.406040.png,#c9a236,2,94.426407,2.052748,0.092374,0.045000
z_0240_470.406040.png,#cc2f2f,5,357.847763,7.779299,0.350068,0.045000
z_0240_470.406040.png,#d4ce15,1,113.740115,2.472611,0.111268,0.045000
z_0240_470.406040.png,#e8a9bc,1,103.740115,2.255220,0.101485,0.045000
z_0240_470.406040.png,#eb4934,6,513.913780,11.172039,0.502742,0.045000
z_0240_470.406040.png,#eb7434,2,248.208153,5.395829,0.242812,0.045000
z_0240_470.406040.png,#f79d79,2,245.722871,5.341802,0.240381,0.045000
z_0240_470.406040.png,#ffb0ba,4,388.534055,8.446392,0.380088,0.045000
z_0241_471.416107.png,#00701e,1,55.112698,1.198102,0.053915,0.045000
z_0241_471.416107.png,#2b8f76,7,1204.739249,26.189984,1.178549,0.045000
z_0241_471.416107.png,#4e5fb6,3,188.124892,4.089672,0.184035,0.045000
z_0241_471.416107.png,#60bccc,3,472.859956,10.279564,0.462580,0.045000
z_0241_471.416107.png,#74ff8a,1,220.208153,4.787134,0.215421,0.045000
z_0241_471.416107.png,#806a16,5,295.806133,6.430568,0.289376,0.045000
z_0241_471.416107.png,#8695bd,3,525.144228,11.416179,0.513728,0.045000
z_0241_471.416107.png,#86b5eb,1,59.455844,1.292518,0.058163,0.045000
z_0241_471.416107.png,#881a96,2,155.438600,3.379100,0.152060,0.045000
z_0241_471.416107.png,#9486bd,4,348.391919,7.573737,0.340818,0.045000
z_0241_471.416107.png,#961a3f,1,174.610173,3.795873,0.170814,0.045000
z_0241_471.416107.png,#b086bd,2,172.752309,3.755485,0.168997,0.045000
z_0241_471.416107.png,#b54c73,1,94.911688,2.063298,0.092848,0.045000
z_0241_471.416107.png,#c9a236,2,99.254834,2.157714,0.097097,0.045000
z_0241_471.416107.png,#cc2f2f,6,377.261977,8.201347,0.369061,0.045000
z_0241_471.416107.png,#d4ce15,1,119.396970,2.595586,0.116801,0.045000
z_0241_471.416107.png,#e8a9bc,1,107.154329,2.329442,0.104825,0.045000
z_0241_471.416107.png,#eb4934,6,537.813275,11.691593,0.526122,0.045000
z_0241_471.416107.png,#eb7434,2,220.509668,4.793688,0.215716,0.045000
z_0241_471.416107.png,#f79d79,4,247.036580,5.370360,0.241666,0.045000
z_0241_471.416107.png,#ffb0ba,3,363.462987,7.901369,0.355562,0.045000
z_0242_472.426174.png,#00701e,1,55.698485,1.210837,0.054488,0.045000
z_0242_472.426174.png,#2b8f76,6,1193.969696,25.955863,1.168014,0.045000
z_0242_472.426174.png,#4e5fb6,1,17.656854,0.383845,0.017273,0.045000
z_0242_472.426174.png,#60bccc,5,588.884343,12.801834,0.576083,0.045000
z_0242_472.426174.png,#74ff8a,1,223.137085,4.850806,0.218286,0.045000
z_0242_472.426174.png,#806a16,4,259.178716,5.634320,0.253544,0.045000
z_0242_472.426174.png,#8695bd,3,528.901587,11.497861,0.517404,0.045000
z_0242_472.426174.png,#86b5eb,2,92.183766,2.003995,0.090180,0.045000
z_0242_472.426174.png,#881a96,2,183.823376,3.996160,0.179827,0.045000
z_0242_472.426174.png,#9486bd,4,353.320851,7.680888,0.345640,0.045000
z_0242_472.426174.png,#b086bd,2,190.994949,4.152064,0.186843,0.045000
z_0242_472.426174.png,#b54c73,1,91.840620,1.996535,0.089844,0.045000
z_0242_472.426174.png,#c9a236,1,50.041631,1.087862,0.048954,0.045000
z_0242_472.426174.png,#cc2f2f,6,497.830519,10.822403,0.487008,0.045000
z_0242_472.426174.png,#d4ce15,1,126.225397,2.744030,0.123481,0.045000
z_0242_472.426174.png,#e8a9bc,1,112.568542,2.447142,0.110121,0.045000
z_0242_472.426174.png,#eb4934,6,567.854906,12.344672,0.555510,0.045000
z_0242_472.426174.png,#eb7434,2,196.367532,4.268859,0.192099,0.045000
z_0242_472.426174.png,#f79d79,3,261.379726,5.682168,0.255698,0.045000
z_0242_472.426174.png,#ffb0ba,3,355.906638,7.737101,0.348170,0.045000
z_0243_473.436242.png,#00701e,1,56.526912,1.228846,0.055298,0.045000
z_0243_473.436242.png,#2b8f76,7,1204.981890,26.195258,1.178787,0.045000
z_0243_473.436242.png,#60bccc,5,547.470129,11.901525,0.535569,0.045000
z_0243_473.436242.png,#74ff8a,1,223.622366,4.861356,0.218761,0.045000
z_0243_473.436242.png,#806a16,4,251.764502,5.473141,0.246291,0.045000
z_0243_473.436242.png,#8695bd,3,529.144228,11.503135,0.517641,0.045000
z_0243_473.436242.png,#86b5eb,2,155.882251,3.388745,0.152494,0.045000
z_0243_473.436242.png,#881a96,2,207.521861,4.511345,0.203011,0.045000
z_0243_473.436242.png,#9486bd,4,347.705627,7.558818,0.340147,0.045000
z_0243_473.436242.png,#b086bd,1,184.024387,4.000530,0.180024,0.045000
z_0243_473.436242.png,#b54c73,1,90.426407,1.965791,0.088461,0.045000
z_0243_473.436242.png,#c9a236,1,54.627417,1.187553,0.053440,0.045000
z_0243_473.436242.png,#cc2f2f,6,580.742207,12.624831,0.568117,0.045000
z_0243_473.436242.png,#d4ce15,1,135.639610,2.948687,0.132691,0.045000
z_0243_473.436242.png,#e8a9bc,1,144.710678,3.145884,0.141565,0.045000
z_0243_473.436242.png,#eb4934,7,729.293506,15.854207,0.713439,0.045000
z_0243_473.436242.png,#eb7434,2,187.438600,4.074752,0.183364,0.045000
z_0243_473.436242.png,#f79d79,3,259.237590,5.635600,0.253602,0.045000
z_0243_473.436242.png,#ffb0ba,3,371.220346,8.070008,0.363150,0.045000
z_0244_474.446309.png,#00701e,1,57.355339,1.246855,0.056108,0.045000
z_0244_474.446309.png,#2b8f76,10,1298.923015,28.237457,1.270686,0.045000
z_0244_474.446309.png,#60bccc,5,485.587878,10.556258,0.475032,0.045000
z_0244_474.446309.png,#74ff8a,1,230.107648,5.002340,0.225105,0.045000
z_0244_474.446309.png,#806a16,4,239.379726,5.203907,0.234176,0.045000
z_0244_474.446309.png,#8695bd,3,436.333044,9.485501,0.426848,0.045000
z_0244_474.446309.png,#86b5eb,2,178.610173,3.882830,0.174727,0.045000
z_0244_474.446309.png,#881a96,3,411.889394,8.954117,0.402935,0.045000
z_0244_474.446309.png,#9486bd,4,332.291414,7.223726,0.325068,0.045000
z_0244_474.446309.png,#b086bd,1,181.095454,3.936858,0.177159,0.045000
z_0244_474.446309.png,#b54c73,1,93.597980,2.034739,0.091563,0.045000
z_0244_474.446309.png,#c9a236,1,54.041631,1.174818,0.052867,0.045000
z_0244_474.446309.png,#cc2f2f,3,230.793939,5.017260,0.225777,0.045000
z_0244_474.446309.png,#d4ce15,2,141.154329,3.068572,0.138086,0.045000
z_0244_474.446309.png,#e8a9bc,2,225.036580,4.892100,0.220144,0.045000
z_0244_474.446309.png,#eb4934,8,571.369624,12.421079,0.558949,0.045000
z_0244_474.446309.png,#eb7434,2,156.024387,3.391834,0.152633,0.045000
z_0244_474.446309.png,#f79d79,3,254.066017,5.523174,0.248543,0.045000
z_0244_474.446309.png,#ffb0ba,3,398.877200,8.671243,0.390206,0.045000
z_0245_475.456376.png,#00701e,1,59.597980,1.295608,0.058302,0.045000
z_0245_475.456376.png,#2b8f76,8,1256.195093,27.308589,1.228887,0.045000
z_0245_475.456376.png,#60bccc,5,431.445743,9.379255,0.422066,0.045000
z_0245_475.456376.png,#74ff8a,1,225.178716,4.895189,0.220284,0.045000
z_0245_475.456376.png,#806a16,5,258.450793,5.618496,0.252832,0.045000
z_0245_475.456376.png,#8695bd,3,431.161472,9.373075,0.421788,0.045000
z_0245_475.456376.png,#86b5eb,3,168.610173,3.665439,0.164945,0.045000
z_0245_475.456376.png,#881a96,3,429.102597,9.328317,0.419774,0.045000
z_0245_475.456376.png,#9486bd,4,328.433550,7.139860,0.321294,0.045000
z_0245_475.456376.png,#b086bd,1,172.610173,3.752395,0.168858,0.045000
z_0245_475.456376.png,#b54c73,1,93.597980,2.034739,0.091563,0.045000
z_0245_475.456376.png,#c9a236,1,52.284271,1.136615,0.051148,0.045000
z_0245_475.456376.png,#cc2f2f,3,232.450793,5.053278,0.227398,0.045000
z_0245_475.456376.png,#d4ce15,2,142.225397,3.091856,0.139134,0.045000
z_0245_475.456376.png,#e8a9bc,2,248.007143,5.391460,0.242616,0.045000
z_0245_475.456376.png,#eb4934,8,434.031529,9.435468,0.424596,0.045000
z_0245_475.456376.png,#eb7434,2,144.710678,3.145884,0.141565,0.045000
z_0245_475.456376.png,#f79d79,3,258.793939,5.625955,0.253168,0.045000
z_0245_475.456376.png,#ffb0ba,4,400.776695,8.712537,0.392064,0.045000
z_0246_476.466443.png,#00701e,1,60.426407,1.313618,0.059113,0.045000
z_0246_476.466443.png,#2b8f76,9,1240.923015,26.976587,1.213946,0.045000
z_0246_476.466443.png,#60bccc,4,357.605122,7.774024,0.349831,0.045000
z_0246_476.466443.png,#74ff8a,1,227.663997,4.949217,0.222715,0.045000
z_0246_476.466443.png,#806a16,6,318.534055,6.924653,0.311609,0.045000
z_0246_476.466443.png,#8695bd,5,377.948268,8.216267,0.369732,0.045000
z_0246_476.466443.png,#86b5eb,2,135.639610,2.948687,0.132691,0.045000
z_0246_476.466443.png,#881a96,3,444.073160,9.653764,0.434419,0.045000
z_0246_476.466443.png,#9486bd,4,324.291414,7.049813,0.317242,0.045000
z_0246_476.466443.png,#b086bd,1,162.367532,3.529729,0.158838,0.045000
z_0246_476.466443.png,#b54c73,1,96.183766,2.090951,0.094093,0.045000
z_0246_476.466443.png,#c9a236,1,47.798990,1.039108,0.046760,0.045000
z_0246_476.466443.png,#cc2f2f,3,235.379726,5.116951,0.230263,0.045000
z_0246_476.466443.png,#d4ce15,2,144.225397,3.135335,0.141090,0.045000
z_0246_476.466443.png,#e8a9bc,1,256.249783,5.570647,0.250679,0.045000
z_0246_476.466443.png,#eb4934,6,394.717821,8.580822,0.386137,0.045000
z_0246_476.466443.png,#eb7434,3,97.012193,2.108961,0.094903,0.045000
z_0246_476.466443.png,#f79d79,3,253.865007,5.518805,0.248346,0.045000
z_0246_476.466443.png,#ffb0ba,3,421.889394,9.171509,0.412718,0.045000
z_0247_477.476510.png,#00701e,1,64.183766,1.395299,0.062788,0.045000
z_0247_477.476510.png,#2b8f76,7,1228.680374,26.710443,1.201970,0.045000
z_0247_477.476510.png,#60bccc,4,344.433550,7.487686,0.336946,0.045000
z_0247_477.476510.png,#74ff8a,1,229.663997,4.992696,0.224671,0.045000
z_0247_477.476510.png,#806a16,5,359.261977,7.810043,0.351452,0.045000
z_0247_477.476510.png,#8695bd,3,343.563492,7.468772,0.336095,0.045000
z_0247_477.476510.png,#86b5eb,3,158.468037,3.444957,0.155023,0.045000
z_0247_477.476510.png,#881a96,2,450.901587,9.802208,0.441099,0.045000
z_0247_477.476510.png,#9486bd,4,313.806133,6.821872,0.306984,0.045000
z_0247_477.476510.png,#b086bd,1,149.882251,3.258310,0.146624,0.045000
z_0247_477.476510.png,#b54c73,1,97.254834,2.114236,0.095141,0.045000
z_0247_477.476510.png,#c9a236,1,42.384776,0.921408,0.041463,0.045000
z_0247_477.476510.png,#cc2f2f,3,233.379726,5.073472,0.228306,0.045000
z_0247_477.476510.png,#d4ce15,2,149.781746,3.256125,0.146526,0.045000
z_0247_477.476510.png,#e8a9bc,1,256.007143,5.565373,0.250442,0.045000
z_0247_477.476510.png,#eb4934,6,370.475180,8.053808,0.362421,0.045000
z_0247_477.476510.png,#eb7434,1,54.284271,1.180093,0.053104,0.045000
z_0247_477.476510.png,#f79d79,3,253.965512,5.520989,0.248445,0.045000
z_0247_477.476510.png,#ffb0ba,2,404.717821,8.798213,0.395920,0.045000
z_0248_478.486577.png,#00701e,1,97.497475,2.119510,0.095378,0.045000
z_0248_478.486577.png,#2b8f76,6,924.732106,20.102872,0.904629,0.045000
z_0248_478.486577.png,#60bccc,4,298.735065,6.494241,0.292241,0.045000
z_0248_478.486577.png,#74ff8a,1,226.350288,4.920658,0.221430,0.045000
z_0248_478.486577.png,#806a16,4,360.333044,7.833327,0.352500,0.045000
z_0248_478.486577.png,#8695bd,3,342.048773,7.435843,0.334613,0.045000
z_0248_478.486577.png,#86b5eb,3,190.752309,4.146789,0.186606,0.045000
z_0248_478.486577.png,#881a96,2,437.872150,9.518960,0.428353,0.045000
z_0248_478.486577.png,#9486bd,3,298.877200,6.497330,0.292380,0.045000
z_0248_478.486577.png,#b086bd,2,110.083261,2.393114,0.107690,0.045000
z_0248_478.486577.png,#b54c73,1,99.840620,2.170448,0.097670,0.045000
z_0248_478.486577.png,#c9a236,1,37.798990,0.821717,0.036977,0.045000
z_0248_478.486577.png,#cc2f2f,4,279.806133,6.082742,0.273723,0.045000
z_0248_478.486577.png,#d4ce15,2,148.367532,3.225381,0.145142,0.045000
z_0248_478.486577.png,#e8a9bc,1,262.835570,5.713817,0.257122,0.045000
z_0248_478.486577.png,#eb4934,6,360.090404,7.828052,0.352262,0.045000
z_0248_478.486577.png,#eb7434,1,53.455844,1.162084,0.052294,0.045000
z_0248_478.486577.png,#f79d79,3,264.107648,5.741471,0.258366,0.045000
z_0248_478.486577.png,#ffb0ba,2,392.031529,8.522425,0.383509,0.045000
z_0249_479.496644.png,#00701e,1,113.497475,2.467336,0.111030,0.045000
z_0249_479.496644.png,#2b8f76,5,861.234631,18.722492,0.842512,0.045000
z_0249_479.496644.png,#60bccc,2,229.722871,4.993975,0.224729,0.045000
z_0249_479.496644.png,#74ff8a,1,222.793939,4.843347,0.217951,0.045000
z_0249_479.496644.png,#806a16,4,354.291414,7.701987,0.346589,0.045000
z_0249_479.496644.png,#8695bd,3,346.676190,7.536439,0.339140,0.045000
z_0249_479.496644.png,#86b5eb,3,203.965512,4.434033,0.199531,0.045000
z_0249_479.496644.png,#881a96,3,449.043723,9.761820,0.439282,0.045000
z_0249_479.496644.png,#9486bd,3,296.149278,6.438028,0.289711,0.045000
z_0249_479.496644.png,#b086bd,2,82.526912,1.794063,0.080733,0.045000
z_0249_479.496644.png,#b54c73,1,98.426407,2.139704,0.096287,0.045000
z_0249_479.496644.png,#c9a236,1,33.798990,0.734761,0.033064,0.045000
z_0249_479.496644.png,#cc2f2f,4,294.149278,6.394550,0.287755,0.045000
z_0249_479.496644.png,#d4ce15,2,147.539105,3.207372,0.144332,0.045000
z_0249_479.496644.png,#e8a9bc,1,266.350288,5.790224,0.260560,0.045000
z_0249_479.496644.png,#eb4934,5,341.362482,7.420924,0.333942,0.045000
z_0249_479.496644.png,#eb7434,1,52.384776,1.138799,0.051246,0.045000
z_0249_479.496644.png,#f79d79,3,285.178716,6.199537,0.278979,0.045000
z_0249_479.496644.png,#ffb0ba,2,371.646753,8.079277,0.363567,0.045000
z_0250_480.506711.png,#00701e,1,111.740115,2.429133,0.109311,0.045000
z_0250_480.506711.png,#2b8f76,5,919.376767,19.986451,0.899390,0.045000
z_0250_480.506711.png,#60bccc,2,155.539105,3.381285,0.152158,0.045000
z_0250_480.506711.png,#74ff8a,1,213.722871,4.646149,0.209077,0.045000
z_0250_480.506711.png,#806a16,3,327.764502,7.125315,0.320639,0.045000
z_0250_480.506711.png,#8695bd,3,355.747258,7.733636,0.348014,0.045000
z_0250_480.506711.png,#86b5eb,1,167.053824,3.631605,0.163422,0.045000
z_0250_480.506711.png,#881a96,3,452.801082,9.843502,0.442958,0.045000
z_0250_480.506711.png,#9486bd,1,78.769553,1.712382,0.077057,0.045000
z_0250_480.506711.png,#b086bd,1,37.798990,0.821717,0.036977,0.045000
z_0250_480.506711.png,#b54c73,1,103.740115,2.255220,0.101485,0.045000
z_0250_480.506711.png,#cc2f2f,4,272.107648,5.915384,0.266192,0.045000
z_0250_480.506711.png,#d4ce15,2,159.296465,3.462967,0.155833,0.045000
z_0250_480.506711.png,#e8a9bc,1,274.835570,5.974686,0.268861,0.045000
z_0250_480.506711.png,#eb4934,5,367.019336,7.978681,0.359041,0.045000
z_0250_480.506711.png,#eb7434,1,47.798990,1.039108,0.046760,0.045000
z_0250_480.506711.png,#f79d79,3,360.090404,7.828052,0.352262,0.045000
z_0250_480.506711.png,#ffb0ba,2,331.362482,7.203532,0.324159,0.045000
z_0251_481.516779.png,#00701e,1,103.840620,2.257405,0.101583,0.045000
z_0251_481.516779.png,#2b8f76,7,945.962554,20.564403,0.925398,0.045000
z_0251_481.516779.png,#60bccc,1,113.396970,2.465152,0.110932,0.045000
z_0251_481.516779.png,#74ff8a,1,198.166522,4.307968,0.193859,0.045000
z_0251_481.516779.png,#806a16,3,234.509668,5.098036,0.229412,0.045000
z_0251_481.516779.png,#8695bd,5,412.859956,8.975216,0.403885,0.045000
z_0251_481.516779.png,#86b5eb,1,148.083261,3.219201,0.144864,0.045000
z_0251_481.516779.png,#881a96,3,440.901587,9.584817,0.431317,0.045000
z_0251_481.516779.png,#9486bd,1,75.012193,1.630700,0.073381,0.045000
z_0251_481.516779.png,#b086bd,1,32.727922,0.711477,0.032016,0.045000
z_0251_481.516779.png,#b54c73,1,104.911688,2.280689,0.102631,0.045000
z_0251_481.516779.png,#cc2f2f,5,401.948268,8.738006,0.393210,0.045000
z_0251_481.516779.png,#d4ce15,2,166.852814,3.627235,0.163226,0.045000
z_0251_481.516779.png,#e8a9bc,2,262.107648,5.697992,0.256410,0.045000
z_0251_481.516779.png,#eb4934,5,378.048773,8.218452,0.369830,0.045000
z_0251_481.516779.png,#eb7434,1,42.384776,0.921408,0.041463,0.045000
z_0251_481.516779.png,#f79d79,2,374.333044,8.137675,0.366195,0.045000
z_0251_481.516779.png,#ffb0ba,2,321.261977,6.983956,0.314278,0.045000
z_0252_482.526846.png,#00701e,1,97.254834,2.114236,0.095141,0.045000
z_0252_482.526846.png,#2b8f76,6,1086.957503,23.629511,1.063328,0.045000
z_0252_482.526846.png,#60bccc,1,113.154329,2.459877,0.110694,0.045000
z_0252_482.526846.png,#74ff8a,1,186.509668,4.054558,0.182455,0.045000
z_0252_482.526846.png,#806a16,3,211.923882,4.607041,0.207317,0.045000
z_0252_482.526846.png,#8695bd,5,449.788889,9.778019,0.440011,0.045000
z_0252_482.526846.png,#86b5eb,1,151.740115,3.298698,0.148441,0.045000
z_0252_482.526846.png,#881a96,3,421.889394,9.171509,0.412718,0.045000
z_0252_482.526846.png,#9486bd,1,70.183766,1.525734,0.068658,0.045000
z_0252_482.526846.png,#b086bd,1,23.071068,0.501545,0.022570,0.045000
z_0252_482.526846.png,#b54c73,1,107.154329,2.329442,0.104825,0.045000
z_0252_482.526846.png,#cc2f2f,3,300.007143,6.521894,0.293485,0.045000
z_0252_482.526846.png,#d4ce15,2,167.781746,3.647429,0.164134,0.045000
z_0252_482.526846.png,#e8a9bc,2,240.793939,5.234651,0.235559,0.045000
z_0252_482.526846.png,#eb4934,7,378.776695,8.234276,0.370542,0.045000
z_0252_482.526846.png,#eb7434,1,10.242641,0.222666,0.010020,0.045000
z_0252_482.526846.png,#f79d79,2,379.161472,8.242641,0.370919,0.045000
z_0252_482.526846.png,#ffb0ba,2,305.362482,6.638315,0.298724,0.045000
z_0253_483.536913.png,#00701e,1,95.497475,2.076032,0.093421,0.045000
z_0253_483.536913.png,#2b8f76,6,1064.330086,23.137611,1.041192,0.045000
z_0253_483.536913.png,#60bccc,1,113.639610,2.470426,0.111169,0.045000
z_0253_483.536913.png,#74ff8a,1,185.338095,4.029089,0.181309,0.045000
z_0253_483.536913.png,#806a16,3,188.024387,4.087487,0.183937,0.045000
z_0253_483.536913.png,#8695bd,5,484.073160,10.523330,0.473550,0.045000
z_0253_483.536913.png,#86b5eb,1,139.982756,3.043103,0.136940,0.045000
z_0253_483.536913.png,#881a96,4,481.730014,10.472392,0.471258,0.045000
z_0253_483.536913.png,#9486bd,1,70.769553,1.538469,0.069231,0.045000
z_0253_483.536913.png,#b54c73,1,109.982756,2.390929,0.107592,0.045000
z_0253_483.536913.png,#cc2f2f,4,447.345238,9.724896,0.437620,0.045000
z_0253_483.536913.png,#d4ce15,2,182.509668,3.967601,0.178542,0.045000
z_0253_483.536913.png,#e8a9bc,2,220.651804,4.796778,0.215855,0.045000
z_0253_483.536913.png,#eb4934,5,262.350288,5.703267,0.256647,0.045000
z_0253_483.536913.png,#f79d79,2,392.374675,8.529884,0.383845,0.045000
z_0253_483.536913.png,#ffb0ba,2,287.362482,6.247010,0.281115,0.045000
z_0254_484.546980.png,#00701e,1,55.698485,1.210837,0.054488,0.045000
z_0254_484.546980.png,#2b8f76,5,1018.773737,22.147255,0.996626,0.045000
z_0254_484.546980.png,#60bccc,1,111.396970,2.421673,0.108975,0.045000
z_0254_484.546980.png,#74ff8a,1,189.137085,4.111676,0.185025,0.045000
z_0254_484.546980.png,#806a16,3,111.154329,2.416398,0.108738,0.045000
z_0254_484.546980.png,#8695bd,6,527.043723,11.457472,0.515586,0.045000
z_0254_484.546980.png,#86b5eb,1,139.296465,3.028184,0.136268,0.045000
z_0254_484.546980.png,#881a96,4,498.700577,10.841317,0.487859,0.045000
z_0254_484.546980.png,#9486bd,1,66.284271,1.440962,0.064843,0.045000
z_0254_484.546980.png,#b54c73,1,111.639610,2.426948,0.109213,0.045000
z_0254_484.546980.png,#cc2f2f,6,456.658946,9.927368,0.446732,0.045000
z_0254_484.546980.png,#d4ce15,2,179.580736,3.903929,0.175677,0.045000
z_0254_484.546980.png,#e8a9bc,2,201.438600,4.379100,0.197060,0.045000
z_0254_484.546980.png,#eb4934,5,258.894444,5.628140,0.253266,0.045000
z_0254_484.546980.png,#f79d79,2,394.374675,8.573363,0.385801,0.045000
z_0254_484.546980.png,#ffb0ba,2,270.977705,5.890820,0.265087,0.045000
z_0255_485.557047.png,#00701e,1,47.698485,1.036924,0.046662,0.045000
z_0255_485.557047.png,#2b8f76,6,995.317893,21.637345,0.973681,0.045000
z_0255_485.557047.png,#60bccc,1,109.053824,2.370735,0.106683,0.045000
z_0255_485.557047.png,#74ff8a,1,178.166522,3.873185,0.174293,0.045000
z_0255_485.557047.png,#806a16,2,96.911688,2.106776,0.094805,0.045000
z_0255_485.557047.png,#8695bd,7,620.055916,13.479476,0.606576,0.045000
z_0255_485.557047.png,#86b5eb,2,89.254834,1.940322,0.087315,0.045000
z_0255_485.557047.png,#881a96,4,489.830519,10.648490,0.479182,0.045000
z_0255_485.557047.png,#9486bd,1,62.870058,1.366740,0.061503,0.045000
z_0255_485.557047.png,#b54c73,1,115.882251,2.519179,0.113363,0.045000
z_0255_485.557047.png,#cc2f2f,6,433.445743,9.422734,0.424023,0.045000
z_0255_485.557047.png,#d4ce15,2,184.651804,4.014170,0.180638,0.045000
z_0255_485.557047.png,#e8a9bc,2,192.509668,4.184993,0.188325,0.045000
z_0255_485.557047.png,#eb4934,5,238.066017,5.175348,0.232891,0.045000
z_0255_485.557047.png,#f79d79,3,390.960461,8.499140,0.382461,0.045000
z_0255_485.557047.png,#ffb0ba,2,253.663997,5.514435,0.248150,0.045000
z_0256_486.567114.png,#00701e,1,72.526912,1.576672,0.070950,0.045000
z_0256_486.567114.png,#2b8f76,8,944.063059,20.523110,0.923540,0.045000
z_0256_486.567114.png,#60bccc,1,88.083261,1.914854,0.086168,0.045000
z_0256_486.567114.png,#8695bd,8,762.808225,16.582787,0.746225,0.045000
z_0256_486.567114.png,#881a96,3,420.433550,9.139860,0.411294,0.045000
z_0256_486.567114.png,#9486bd,1,48.041631,1.044383,0.046997,0.045000
z_0256_486.567114.png,#b54c73,1,144.124892,3.133150,0.140992,0.045000
z_0256_486.567114.png,#cc2f2f,4,272.107648,5.915384,0.266192,0.045000
z_0256_486.567114.png,#d4ce15,1,95.396970,2.073847,0.093323,0.045000
z_0256_486.567114.png,#e8a9bc,1,122.811183,2.669808,0.120141,0.045000
z_0256_486.567114.png,#eb4934,2,55.455844,1.205562,0.054250,0.045000
z_0256_486.567114.png,#f79d79,3,281.563492,6.120945,0.275443,0.045000
z_0256_486.567114.png,#ffb0ba,2,185.095454,4.023814,0.181072,0.045000
z_0257_487.577181.png,#00701e,3,202.166522,4.394924,0.197772,0.045000
z_0257_487.577181.png,#2b8f76,9,1089.158513,23.677359,1.065481,0.045000
z_0257_487.577181.png,#60bccc,1,50.041631,1.087862,0.048954,0.045000
z_0257_487.577181.png,#8695bd,7,1084.513852,23.576388,1.060937,0.045000
z_0257_487.577181.png,#881a96,4,551.872150,11.997221,0.539875,0.045000
z_0257_487.577181.png,#9486bd,1,43.213203,0.939417,0.042274,0.045000
z_0257_487.577181.png,#b54c73,1,145.195959,3.156434,0.142040,0.045000
z_0257_487.577181.png,#cc2f2f,5,406.090404,8.828052,0.397262,0.045000
z_0257_487.577181.png,#d4ce15,1,71.840620,1.561753,0.070279,0.045000
z_0257_487.577181.png,#e8a9bc,1,129.154329,2.807703,0.126347,0.045000
z_0257_487.577181.png,#eb4934,1,141.982756,3.086582,0.138896,0.045000
z_0257_487.577181.png,#f79d79,2,301.362482,6.551358,0.294811,0.045000
z_0257_487.577181.png,#ffb0ba,1,170.509668,3.706732,0.166803,0.045000
z_0258_488.587248.png,#00701e,4,222.166522,4.829707,0.217337,0.045000
z_0258_488.587248.png,#2b8f76,7,1036.045815,22.522735,1.013523,0.045000
z_0258_488.587248.png,#60bccc,1,48.870058,1.062393,0.047808,0.045000
z_0258_488.587248.png,#8695bd,7,1116.655988,24.275130,1.092381,0.045000
z_0258_488.587248.png,#881a96,4,559.629509,12.165859,0.547464,0.045000
z_0258_488.587248.png,#b54c73,1,148.024387,3.217921,0.144806,0.045000
z_0258_488.587248.png,#cc2f2f,5,379.605122,8.252285,0.371353,0.045000
z_0258_488.587248.png,#d4ce15,1,66.183766,1.438778,0.064745,0.045000
z_0258_488.587248.png,#e8a9bc,2,85.840620,1.866100,0.083975,0.045000
z_0258_488.587248.png,#eb4934,1,145.053824,3.153344,0.141900,0.045000
z_0258_488.587248.png,#f79d79,2,309.261977,6.723086,0.302539,0.045000
z_0258_488.587248.png,#ffb0ba,1,159.438600,3.466057,0.155973,0.045000
z_0259_489.597315.png,#00701e,4,222.994949,4.847716,0.218147,0.045000
z_0259_489.597315.png,#2b8f76,7,1052.187950,22.873651,1.029314,0.045000
z_0259_489.597315.png,#60bccc,1,57.455844,1.249040,0.056207,0.045000
z_0259_489.597315.png,#8695bd,5,1086.413347,23.617681,1.062796,0.045000
z_0259_489.597315.png,#881a96,5,584.499567,12.706512,0.571793,0.045000
z_0259_489.597315.png,#b54c73,1,146.124892,3.176628,0.142948,0.045000
z_0259_489.597315.png,#cc2f2f,6,418.818326,9.104746,0.409714,0.045000
z_0259_489.597315.png,#d4ce15,2,114.124892,2.480976,0.111644,0.045000
z_0259_489.597315.png,#e8a9bc,1,62.870058,1.366740,0.061503,0.045000
z_0259_489.597315.png,#eb4934,2,129.396970,2.812978,0.126584,0.045000
z_0259_489.597315.png,#f79d79,2,320.090404,6.958487,0.313132,0.045000
z_0259_489.597315.png,#ffb0ba,1,149.781746,3.256125,0.146526,0.045000
z_0260_490.607383.png,#00701e,4,219.237590,4.766035,0.214472,0.045000
z_0260_490.607383.png,#2b8f76,7,1087.158513,23.633881,1.063525,0.045000
z_0260_490.607383.png,#60bccc,1,65.941125,1.433503,0.064508,0.045000
z_0260_490.607383.png,#8695bd,5,1118.597113,24.317329,1.094280,0.045000
z_0260_490.607383.png,#881a96,4,587.570635,12.773275,0.574797,0.045000
z_0260_490.607383.png,#9486bd,1,15.656854,0.340366,0.015316,0.045000
z_0260_490.607383.png,#b54c73,1,145.053824,3.153344,0.141900,0.045000
z_0260_490.607383.png,#cc2f2f,7,360.333044,7.833327,0.352500,0.045000
z_0260_490.607383.png,#d4ce15,2,128.710678,2.798058,0.125913,0.045000
z_0260_490.607383.png,#e8a9bc,1,62.384776,1.356191,0.061029,0.045000
z_0260_490.607383.png,#eb4934,2,102.325902,2.224476,0.100101,0.045000
z_0260_490.607383.png,#f79d79,2,336.918831,7.324322,0.329595,0.045000
z_0260_490.607383.png,#ffb0ba,1,144.367532,3.138425,0.141229,0.045000
z_0261_491.617450.png,#00701e,3,240.308658,5.224101,0.235085,0.045000
z_0261_491.617450.png,#2b8f76,6,1034.489465,22.488901,1.012001,0.045000
z_0261_491.617450.png,#60bccc,1,81.597980,1.773869,0.079824,0.045000
z_0261_491.617450.png,#8695bd,4,1071.442784,23.292234,1.048151,0.045000
z_0261_491.617450.png,#881a96,4,584.298557,12.702143,0.571596,0.045000
z_0261_491.617450.png,#b54c73,1,143.396970,3.117325,0.140280,0.045000
z_0261_491.617450.png,#cc2f2f,1,83.597980,1.817347,0.081781,0.045000
z_0261_491.617450.png,#d4ce15,2,149.882251,3.258310,0.146624,0.045000
z_0261_491.617450.png,#e8a9bc,1,34.970563,0.760230,0.034210,0.045000
z_0261_491.617450.png,#eb4934,2,70.769553,1.538469,0.069231,0.045000
z_0261_491.617450.png,#f79d79,2,263.036580,5.718187,0.257318,0.045000
z_0261_491.617450.png,#ffb0ba,1,133.539105,2.903024,0.130636,0.045000
z_0262_492.627517.png,#00701e,3,239.137085,5.198632,0.233938,0.045000
z_0262_492.627517.png,#2b8f76,6,1034.246825,22.483627,1.011763,0.045000
z_0262_492.627517.png,#60bccc,1,81.597980,1.773869,0.079824,0.045000
z_0262_492.627517.png,#8695bd,5,1075.200144,23.373916,1.051826,0.045000
z_0262_492.627517.png,#881a96,4,584.055916,12.696868,0.571359,0.045000
z_0262_492.627517.png,#b54c73,1,142.568542,3.099316,0.139469,0.045000
z_0262_492.627517.png,#cc2f2f,1,83.012193,1.804613,0.081208,0.045000
z_0262_492.627517.png,#d4ce15,2,149.639610,3.253035,0.146387,0.045000
z_0262_492.627517.png,#e8a9bc,1,37.556349,0.816442,0.036740,0.045000
z_0262_492.627517.png,#eb4934,2,74.769553,1.625425,0.073144,0.045000
z_0262_492.627517.png,#f79d79,2,261.622366,5.687443,0.255935,0.045000
z_0262_492.627517.png,#ffb0ba,1,133.539105,2.903024,0.130636,0.045000
z_0263_493.637584.png,#00701e,3,247.036580,5.370360,0.241666,0.045000
z_0263_493.637584.png,#15c1d4,1,55.112698,1.198102,0.053915,0.045000
z_0263_493.637584.png,#2b8f76,4,963.435642,20.944253,0.942491,0.045000
z_0263_493.637584.png,#60bccc,1,121.396970,2.639065,0.118758,0.045000
z_0263_493.637584.png,#8695bd,5,988.974747,21.499451,0.967475,0.045000
z_0263_493.637584.png,#881a96,4,578.884343,12.584442,0.566300,0.045000
z_0263_493.637584.png,#b54c73,1,154.225397,3.352726,0.150873,0.045000
z_0263_493.637584.png,#cc2f2f,1,75.941125,1.650894,0.074290,0.045000
z_0263_493.637584.png,#d4ce15,2,158.124892,3.437498,0.154687,0.045000
z_0263_493.637584.png,#eb4934,2,46.041631,1.000905,0.045041,0.045000
z_0263_493.637584.png,#f79d79,2,263.036580,5.718187,0.257318,0.045000
z_0263_493.637584.png,#ffb0ba,1,121.296465,2.636880,0.118660,0.045000
z_0264_494.647651.png,#00701e,3,263.865007,5.736196,0.258129,0.045000
z_0264_494.647651.png,#15c1d4,1,52.284271,1.136615,0.051148,0.045000
z_0264_494.647651.png,#2b8f76,4,933.477272,20.292984,0.913184,0.045000
z_0264_494.647651.png,#60bccc,1,120.568542,2.621055,0.117947,0.045000
z_0264_494.647651.png,#8695bd,4,969.317893,21.072128,0.948246,0.045000
z_0264_494.647651.png,#881a96,4,570.742207,12.407439,0.558335,0.045000
z_0264_494.647651.png,#b54c73,2,132.568542,2.881925,0.129687,0.045000
z_0264_494.647651.png,#cc2f2f,1,67.112698,1.458972,0.065654,0.045000
z_0264_494.647651.png,#d4ce15,2,156.367532,3.399294,0.152968,0.045000
z_0264_494.647651.png,#eb4934,1,24.727922,0.537564,0.024190,0.045000
z_0264_494.647651.png,#f79d79,2,265.137085,5.763850,0.259373,0.045000
z_0264_494.647651.png,#ffb0ba,1,114.953319,2.498985,0.112454,0.045000
z_0265_495.657718.png,#00701e,3,263.865007,5.736196,0.258129,0.045000
z_0265_495.657718.png,#15c1d4,1,52.284271,1.136615,0.051148,0.045000
z_0265_495.657718.png,#2b8f76,4,929.920923,20.215672,0.909705,0.045000
z_0265_495.657718.png,#60bccc,1,120.568542,2.621055,0.117947,0.045000
z_0265_495.657718.png,#8695bd,4,967.903679,21.041384,0.946862,0.045000
z_0265_495.657718.png,#881a96,4,569.570635,12.381970,0.557189,0.045000
z_0265_495.657718.png,#b54c73,2,132.811183,2.887200,0.129924,0.045000
z_0265_495.657718.png,#cc2f2f,1,67.112698,1.458972,0.065654,0.045000
z_0265_495.657718.png,#d4ce15,2,156.367532,3.399294,0.152968,0.045000
z_0265_495.657718.png,#eb4934,1,24.727922,0.537564,0.024190,0.045000
z_0265_495.657718.png,#f79d79,2,265.137085,5.763850,0.259373,0.045000
z_0265_495.657718.png,#ffb0ba,1,115.539105,2.511720,0.113027,0.045000
z_0266_496.667785.png,#00701e,3,422.516811,9.185148,0.413332,0.045000
z_0266_496.667785.png,#15c1d4,1,54.870058,1.192827,0.053677,0.045000
z_0266_496.667785.png,#2b8f76,6,1063.460028,23.118696,1.040341,0.045000
z_0266_496.667785.png,#60bccc,1,89.597980,1.947782,0.087650,0.045000
z_0266_496.667785.png,#8695bd,4,814.950360,17.716312,0.797234,0.045000
z_0266_496.667785.png,#881a96,4,474.374675,10.312493,0.464062,0.045000
z_0266_496.667785.png,#b54c73,1,105.254834,2.288149,0.102967,0.045000
z_0266_496.667785.png,#cc2f2f,3,162.024387,3.522269,0.158502,0.045000
z_0266_496.667785.png,#d4ce15,3,199.095454,4.328162,0.194767,0.045000
z_0266_496.667785.png,#f79d79,2,277.279221,6.027809,0.271251,0.045000
z_0266_496.667785.png,#ffb0ba,1,88.669048,1.927588,0.086741,0.045000
z_0267_497.677852.png,#00701e,3,421.345238,9.159679,0.412186,0.045000
z_0267_497.677852.png,#15c1d4,1,54.870058,1.192827,0.053677,0.045000
z_0267_497.677852.png,#2b8f76,7,1090.430591,23.705013,1.066726,0.045000
z_0267_497.677852.png,#60bccc,1,89.597980,1.947782,0.087650,0.045000
z_0267_497.677852.png,#8695bd,4,812.264069,17.657915,0.794606,0.045000
z_0267_497.677852.png,#881a96,4,475.546248,10.337962,0.465208,0.045000
z_0267_497.677852.png,#b54c73,1,104.669048,2.275414,0.102394,0.045000
z_0267_497.677852.png,#cc2f2f,3,158.953319,3.455507,0.155498,0.045000
z_0267_497.677852.png,#d4ce15,3,198.267027,4.310153,0.193957,0.045000
z_0267_497.677852.png,#f79d79,2,278.693434,6.058553,0.272635,0.045000
z_0267_497.677852.png,#ffb0ba,1,88.426407,1.922313,0.086504,0.045000
z_0268_498.687919.png,#00701e,4,422.859956,9.192608,0.413667,0.045000
z_0268_498.687919.png,#15c1d4,1,58.870058,1.279784,0.057590,0.045000
z_0268_498.687919.png,#2b8f76,7,1128.531096,24.533285,1.103998,0.045000
z_0268_498.687919.png,#60bccc,1,87.012193,1.891569,0.085121,0.045000
z_0268_498.687919.png,#8695bd,5,775.251875,16.853302,0.758399,0.045000
z_0268_498.687919.png,#881a96,4,438.475180,9.532069,0.428943,0.045000
z_0268_498.687919.png,#b54c73,1,104.426407,2.270139,0.102156,0.045000
z_0268_498.687919.png,#cc2f2f,3,173.681241,3.775679,0.169906,0.045000
z_0268_498.687919.png,#d4ce15,1,168.024387,3.652704,0.164372,0.045000
z_0268_498.687919.png,#f79d79,2,304.977705,6.629950,0.298348,0.045000
z_0268_498.687919.png,#ffb0ba,1,64.284271,1.397484,0.062887,0.045000
z_0269_499.697987.png,#00701e,3,418.274170,9.092917,0.409181,0.045000
z_0269_499.697987.png,#15c1d4,1,63.355339,1.377290,0.061978,0.045000
z_0269_499.697987.png,#2b8f76,5,1109.116882,24.111237,1.085006,0.045000
z_0269_499.697987.png,#60bccc,1,83.355339,1.812073,0.081543,0.045000
z_0269_499.697987.png,#8695bd,6,735.352380,15.985921,0.719366,0.045000
z_0269_499.697987.png,#881a96,4,411.646753,8.948842,0.402698,0.045000
z_0269_499.697987.png,#b54c73,2,188.610173,4.100221,0.184510,0.045000
z_0269_499.697987.png,#cc2f2f,2,91.012193,1.978526,0.089034,0.045000
z_0269_499.697987.png,#d4ce15,1,158.124892,3.437498,0.154687,0.045000
z_0269_499.697987.png,#f79d79,2,320.249783,6.961952,0.313288,0.045000
z_0269_499.697987.png,#ffb0ba,1,33.313708,0.724211,0.032589,0.045000
z_0270_500.708054.png,#00701e,3,403.646753,8.774929,0.394872,0.045000
z_0270_500.708054.png,#15c1d4,1,63.941125,1.390024,0.062551,0.045000
z_0270_500.708054.png,#2b8f76,5,1087.016377,23.630791,1.063386,0.045000
z_0270_500.708054.png,#60bccc,1,80.183766,1.743125,0.078441,0.045000
z_0270_500.708054.png,#8695bd,5,678.724963,14.754891,0.663970,0.045000
z_0270_500.708054.png,#881a96,4,375.705627,8.167514,0.367538,0.045000
z_0270_500.708054.png,#b54c73,1,183.882251,3.997440,0.179885,0.045000
z_0270_500.708054.png,#cc2f2f,2,90.769553,1.973251,0.088796,0.045000
z_0270_500.708054.png,#d4ce15,1,160.509668,3.489341,0.157020,0.045000
z_0270_500.708054.png,#f79d79,3,324.977705,7.064733,0.317913,0.045000
z_0271_501.718121.png,#00701e,3,514.558441,11.186053,0.503372,0.045000
z_0271_501.718121.png,#15c1d4,1,66.769553,1.451512,0.065318,0.045000
z_0271_501.718121.png,#2b8f76,5,1081.359523,23.507816,1.057852,0.045000
z_0271_501.718121.png,#60bccc,1,80.769553,1.755860,0.079014,0.045000
z_0271_501.718121.png,#8695bd,6,685.896536,14.910794,0.670986,0.045000
z_0271_501.718121.png,#881a96,4,306.007143,6.652329,0.299355,0.045000
z_0271_501.718121.png,#b54c73,1,195.195959,4.243390,0.190953,0.045000
z_0271_501.718121.png,#cc2f2f,2,90.426407,1.965791,0.088461,0.045000
z_0271_501.718121.png,#d4ce15,2,162.752309,3.538094,0.159214,0.045000
z_0271_501.718121.png,#f79d79,3,322.149278,7.003245,0.315146,0.045000
z_0272_502.728188.png,#00701e,2,483.445743,10.509690,0.472936,0.045000
z_0272_502.728188.png,#15c1d4,1,67.941125,1.476981,0.066464,0.045000
z_0272_502.728188.png,#2b8f76,5,1090.388960,23.704108,1.066685,0.045000
z_0272_502.728188.png,#60bccc,1,79.698485,1.732576,0.077966,0.045000
z_0272_502.728188.png,#8695bd,5,682.867099,14.844937,0.668022,0.045000
z_0272_502.728188.png,#881a96,3,234.308658,5.093666,0.229215,0.045000
z_0272_502.728188.png,#b54c73,1,216.852814,4.714192,0.212139,0.045000
z_0272_502.728188.png,#cc2f2f,2,90.669048,1.971066,0.088698,0.045000
z_0272_502.728188.png,#d4ce15,2,161.438600,3.509535,0.157929,0.045000
z_0272_502.728188.png,#f79d79,3,323.119841,7.024344,0.316095,0.045000
z_0273_503.738255.png,#00701e,2,433.646753,9.427103,0.424220,0.045000
z_0273_503.738255.png,#15c1d4,1,69.355339,1.507725,0.067848,0.045000
z_0273_503.738255.png,#2b8f76,4,1035.134126,22.502916,1.012631,0.045000
z_0273_503.738255.png,#60bccc,1,81.112698,1.763320,0.079349,0.045000
z_0273_503.738255.png,#8695bd,6,674.381818,14.660474,0.659721,0.045000
z_0273_503.738255.png,#881a96,3,217.480231,4.727831,0.212752,0.045000
z_0273_503.738255.png,#b54c73,1,242.409163,5.269764,0.237139,0.045000
z_0273_503.738255.png,#cc2f2f,2,88.769553,1.929773,0.086840,0.045000
z_0273_503.738255.png,#d4ce15,2,164.852814,3.583757,0.161269,0.045000
z_0273_503.738255.png,#f79d79,3,345.705627,7.515340,0.338190,0.045000
z_0274_504.748322.png,#00701e,1,407.948268,8.868441,0.399080,0.045000
z_0274_504.748322.png,#15c1d4,1,65.597980,1.426043,0.064172,0.045000
z_0274_504.748322.png,#2b8f76,4,996.849855,21.670649,0.975179,0.045000
z_0274_504.748322.png,#60bccc,1,81.112698,1.763320,0.079349,0.045000
z_0274_504.748322.png,#8695bd,6,620.097546,13.480381,0.606617,0.045000
z_0274_504.748322.png,#881a96,4,242.693434,5.275944,0.237417,0.045000
z_0274_504.748322.png,#b54c73,1,279.622366,6.078747,0.273544,0.045000
z_0274_504.748322.png,#cc2f2f,2,89.597980,1.947782,0.087650,0.045000
z_0274_504.748322.png,#d4ce15,2,171.095454,3.719466,0.167376,0.045000
z_0274_504.748322.png,#f79d79,3,318.735065,6.929023,0.311806,0.045000
z_0275_505.758389.png,#00701e,1,411.847763,8.953212,0.402895,0.045000
z_0275_505.758389.png,#15c1d4,1,62.183766,1.351821,0.060832,0.045000
z_0275_505.758389.png,#2b8f76,4,993.134126,21.589872,0.971544,0.045000
z_0275_505.758389.png,#60bccc,1,87.840620,1.909579,0.085931,0.045000
z_0275_505.758389.png,#8695bd,4,503.529004,10.946283,0.492583,0.045000
z_0275_505.758389.png,#881a96,3,238.793939,5.191173,0.233603,0.045000
z_0275_505.758389.png,#b54c73,1,276.107648,6.002340,0.270105,0.045000
z_0275_505.758389.png,#cc2f2f,2,84.426407,1.835357,0.082591,0.045000
z_0275_505.758389.png,#d4ce15,2,175.095454,3.806423,0.171289,0.045000
z_0275_505.758389.png,#f79d79,4,305.563492,6.642685,0.298921,0.045000
z_0276_506.768456.png,#00701e,1,413.261977,8.983956,0.404278,0.045000
z_0276_506.768456.png,#15c1d4,1,61.597980,1.339087,0.060259,0.045000
z_0276_506.768456.png,#2b8f76,4,991.376767,21.551669,0.969825,0.045000
z_0276_506.768456.png,#60bccc,1,87.254834,1.896844,0.085358,0.045000
z_0276_506.768456.png,#8695bd,4,504.357431,10.964292,0.493393,0.045000
z_0276_506.768456.png,#881a96,3,238.793939,5.191173,0.233603,0.045000
z_0276_506.768456.png,#b54c73,1,276.936075,6.020349,0.270916,0.045000
z_0276_506.768456.png,#cc2f2f,2,83.597980,1.817347,0.081781,0.045000
z_0276_506.768456.png,#d4ce15,2,175.095454,3.806423,0.171289,0.045000
z_0276_506.768456.png,#f79d79,4,306.391919,6.660694,0.299731,0.045000
z_0277_507.778523.png,#00701e,2,403.220346,8.765660,0.394455,0.045000
z_0277_507.778523.png,#2b8f76,6,822.322943,17.876586,0.804446,0.045000
z_0277_507.778523.png,#60bccc,1,88.083261,1.914854,0.086168,0.045000
z_0277_507.778523.png,#8695bd,4,489.244733,10.635755,0.478609,0.045000
z_0277_507.778523.png,#881a96,3,259.622366,5.643964,0.253978,0.045000
z_0277_507.778523.png,#b54c73,1,299.320851,6.506975,0.292814,0.045000
z_0277_507.778523.png,#cc2f2f,2,61.698485,1.341271,0.060357,0.045000
z_0277_507.778523.png,#d4ce15,2,176.024387,3.826617,0.172198,0.045000
z_0277_507.778523.png,#f79d79,2,161.195959,3.504260,0.157692,0.045000
z_0278_508.788591.png,#00701e,2,404.534055,8.794219,0.395740,0.045000
z_0278_508.788591.png,#2b8f76,6,820.080303,17.827833,0.802252,0.045000
z_0278_508.788591.png,#60bccc,1,88.083261,1.914854,0.086168,0.045000
z_0278_508.788591.png,#8695bd,4,489.244733,10.635755,0.478609,0.045000
z_0278_508.788591.png,#881a96,3,258.208153,5.613221,0.252595,0.045000
z_0278_508.788591.png,#b54c73,1,297.320851,6.463497,0.290857,0.045000
z_0278_508.788591.png,#cc2f2f,2,61.698485,1.341271,0.060357,0.045000
z_0278_508.788591.png,#d4ce15,2,176.024387,3.826617,0.172198,0.045000
z_0278_508.788591.png,#f79d79,2,161.781746,3.516994,0.158265,0.045000
z_0279_509.798658.png,#00701e,2,366.835570,7.974686,0.358861,0.045000
z_0279_509.798658.png,#2b8f76,7,645.026479,14.022315,0.631004,0.045000
z_0279_509.798658.png,#60bccc,1,91.497475,1.989076,0.089508,0.045000
z_0279_509.798658.png,#8695bd,4,435.102597,9.458752,0.425644,0.045000
z_0279_509.798658.png,#881a96,3,262.651804,5.709822,0.256942,0.045000
z_0279_509.798658.png,#b54c73,1,344.918831,7.498235,0.337421,0.045000
z_0279_509.798658.png,#cc2f2f,3,327.320851,7.115671,0.320205,0.045000
z_0279_509.798658.png,#d4ce15,2,184.267027,4.005805,0.180261,0.045000
z_0279_509.798658.png,#f79d79,4,327.220346,7.113486,0.320107,0.045000
z_0280_510.808725.png,#00701e,2,366.007143,7.956677,0.358050,0.045000
z_0280_510.808725.png,#2b8f76,7,644.198052,14.004305,0.630194,0.045000
z_0280_510.808725.png,#60bccc,1,91.497475,1.989076,0.089508,0.045000
z_0280_510.808725.png,#8695bd,4,438.516811,9.532974,0.428984,0.045000
z_0280_510.808725.png,#881a96,3,265.137085,5.763850,0.259373,0.045000
z_0280_510.808725.png,#b54c73,1,346.575685,7.534254,0.339041,0.045000
z_0280_510.808725.png,#cc2f2f,3,327.906638,7.128405,0.320778,0.045000
z_0280_510.808725.png,#d4ce15,2,184.267027,4.005805,0.180261,0.045000
z_0280_510.808725.png,#f79d79,4,324.977705,7.064733,0.317913,0.045000
z_0281_511.818792.png,#00701e,2,337.521861,7.337432,0.330184,0.045000
z_0281_511.818792.png,#2b8f76,3,291.421356,6.335247,0.285086,0.045000
z_0281_511.818792.png,#60bccc,1,82.426407,1.791878,0.080635,0.045000
z_0281_511.818792.png,#8695bd,4,418.232539,9.092012,0.409141,0.045000
z_0281_511.818792.png,#881a96,4,278.166522,6.047098,0.272119,0.045000
z_0281_511.818792.png,#b54c73,1,392.717821,8.537344,0.384180,0.045000
z_0281_511.818792.png,#cc2f2f,1,391.605122,8.513155,0.383092,0.045000
z_0281_511.818792.png,#d4ce15,2,186.166522,4.047098,0.182119,0.045000
z_0281_511.818792.png,#f79d79,2,282.735065,6.146414,0.276589,0.045000
z_0282_512.828859.png,#00701e,2,335.178716,7.286494,0.327892,0.045000
z_0282_512.828859.png,#2b8f76,3,288.835570,6.279034,0.282557,0.045000
z_0282_512.828859.png,#60bccc,1,83.597980,1.817347,0.081781,0.045000
z_0282_512.828859.png,#8695bd,4,405.404112,8.813133,0.396591,0.045000
z_0282_512.828859.png,#881a96,4,267.178716,5.808233,0.261370,0.045000
z_0282_512.828859.png,#b54c73,1,386.475180,8.401634,0.378074,0.045000
z_0282_512.828859.png,#cc2f2f,1,388.534055,8.446392,0.380088,0.045000
z_0282_512.828859.png,#d4ce15,2,182.409163,3.965417,0.178444,0.045000
z_0282_512.828859.png,#f79d79,2,278.492424,6.054183,0.272438,0.045000
z_0283_513.838926.png,#00701e,2,333.764502,7.255750,0.326509,0.045000
z_0283_513.838926.png,#2b8f76,2,228.651804,4.970691,0.223681,0.045000
z_0283_513.838926.png,#60bccc,1,83.254834,1.809888,0.081445,0.045000
z_0283_513.838926.png,#8695bd,4,378.575685,8.229906,0.370346,0.045000
z_0283_513.838926.png,#881a96,3,222.551299,4.838072,0.217713,0.045000
z_0283_513.838926.png,#b54c73,1,379.303607,8.245731,0.371058,0.045000
z_0283_513.838926.png,#cc2f2f,1,387.948268,8.433658,0.379515,0.045000
z_0283_513.838926.png,#d4ce15,2,179.823376,3.909204,0.175914,0.045000
z_0283_513.838926.png,#f79d79,2,268.592929,5.838977,0.262754,0.045000
z_0284_514.848993.png,#00701e,2,304.551299,6.620680,0.297931,0.045000
z_0284_514.848993.png,#2b8f76,2,228.308658,4.963232,0.223345,0.045000
z_0284_514.848993.png,#60bccc,1,79.355339,1.725116,0.077630,0.045000
z_0284_514.848993.png,#8695bd,5,405.646753,8.818408,0.396828,0.045000
z_0284_514.848993.png,#881a96,3,222.651804,4.840257,0.217812,0.045000
z_0284_514.848993.png,#b54c73,1,380.132034,8.263740,0.371868,0.045000
z_0284_514.848993.png,#cc2f2f,1,384.190909,8.351976,0.375839,0.045000
z_0284_514.848993.png,#d4ce15,2,179.923882,3.911389,0.176012,0.045000
z_0284_514.848993.png,#f79d79,3,298.835570,6.496425,0.292339,0.045000
z_0285_515.859060.png,#00701e,2,293.036580,6.370360,0.286666,0.045000
z_0285_515.859060.png,#2b8f76,2,227.338095,4.942133,0.222396,0.045000
z_0285_515.859060.png,#60bccc,1,76.284271,1.658354,0.074626,0.045000
z_0285_515.859060.png,#8695bd,5,387.303607,8.419644,0.378884,0.045000
z_0285_515.859060.png,#881a96,3,220.651804,4.796778,0.215855,0.045000
z_0285_515.859060.png,#b54c73,1,387.688384,8.428008,0.379260,0.045000
z_0285_515.859060.png,#cc2f2f,1,389.161472,8.460032,0.380701,0.045000
z_0285_515.859060.png,#d4ce15,2,180.409163,3.921938,0.176487,0.045000
z_0285_515.859060.png,#f79d79,2,287.078210,6.240831,0.280837,0.045000
z_0286_516.869128.png,#00701e,2,280.651804,6.101126,0.274551,0.045000
z_0286_516.869128.png,#2b8f76,2,230.894444,5.019444,0.225875,0.045000
z_0286_516.869128.png,#60bccc,1,23.313708,0.506820,0.022807,0.045000
z_0286_516.869128.png,#8695bd,5,374.575685,8.142950,0.366433,0.045000
z_0286_516.869128.png,#881a96,3,222.308658,4.832797,0.217476,0.045000
z_0286_516.869128.png,#b54c73,1,391.002092,8.500045,0.382502,0.045000
z_0286_516.869128.png,#cc2f2f,1,397.646753,8.644495,0.389002,0.045000
z_0286_516.869128.png,#d4ce15,2,180.752309,3.929398,0.176823,0.045000
z_0286_516.869128.png,#f79d79,2,279.279221,6.071287,0.273208,0.045000
z_0287_517.879195.png,#00701e,2,263.237590,5.722556,0.257515,0.045000
z_0287_517.879195.png,#2b8f76,2,232.994949,5.065108,0.227930,0.045000
z_0287_517.879195.png,#8695bd,5,374.776695,8.147319,0.366629,0.045000
z_0287_517.879195.png,#881a96,3,210.752309,4.581572,0.206171,0.045000
z_0287_517.879195.png,#b54c73,1,381.345238,8.290114,0.373055,0.045000
z_0287_517.879195.png,#cc2f2f,1,395.747258,8.603201,0.387144,0.045000
z_0287_517.879195.png,#d4ce15,2,181.681241,3.949592,0.177732,0.045000
z_0287_517.879195.png,#f79d79,2,270.551299,5.881550,0.264670,0.045000
z_0288_518.889262.png,#00701e,2,243.823376,5.300508,0.238523,0.045000
z_0288_518.889262.png,#2b8f76,2,240.409163,5.226286,0.235183,0.045000
z_0288_518.889262.png,#8695bd,6,375.605122,8.165329,0.367440,0.045000
z_0288_518.889262.png,#881a96,3,204.166522,4.438403,0.199728,0.045000
z_0288_518.889262.png,#b54c73,1,376.416306,8.182963,0.368233,0.045000
z_0288_518.889262.png,#cc2f2f,1,391.646753,8.514060,0.383133,0.045000
z_0288_518.889262.png,#d4ce15,2,180.994949,3.934673,0.177060,0.045000
z_0288_518.889262.png,#f79d79,2,278.107648,6.045818,0.272062,0.045000
z_0289_519.899329.png,#00701e,1,191.681241,4.166983,0.187514,0.045000
z_0289_519.899329.png,#2b8f76,2,258.208153,5.613221,0.252595,0.045000
z_0289_519.899329.png,#8695bd,7,402.960461,8.760010,0.394200,0.045000
z_0289_519.899329.png,#881a96,3,210.166522,4.568837,0.205598,0.045000
z_0289_519.899329.png,#b54c73,1,375.244733,8.157494,0.367087,0.045000
z_0289_519.899329.png,#cc2f2f,1,353.019336,7.674333,0.345345,0.045000
z_0289_519.899329.png,#d4ce15,2,176.651804,3.840257,0.172812,0.045000
z_0289_519.899329.png,#f79d79,3,284.693434,6.188988,0.278504,0.045000
z_0290_520.909396.png,#00701e,1,191.681241,4.166983,0.187514,0.045000
z_0290_520.909396.png,#2b8f76,2,258.208153,5.613221,0.252595,0.045000
z_0290_520.909396.png,#8695bd,7,399.060967,8.675238,0.390386,0.045000
z_0290_520.909396.png,#881a96,3,210.994949,4.586847,0.206408,0.045000
z_0290_520.909396.png,#b54c73,1,378.416306,8.226441,0.370190,0.045000
z_0290_520.909396.png,#cc2f2f,1,352.433550,7.661599,0.344772,0.045000
z_0290_520.909396.png,#d4ce15,2,176.066017,3.827522,0.172238,0.045000
z_0290_520.909396.png,#f79d79,3,281.279221,6.114766,0.275164,0.045000
z_0291_521.919463.png,#00701e,1,150.468037,3.271044,0.147197,0.045000
z_0291_521.919463.png,#2b8f76,2,238.166522,5.177533,0.232989,0.045000
z_0291_521.919463.png,#8695bd,5,409.161472,8.894815,0.400267,0.045000
z_0291_521.919463.png,#881a96,2,156.710678,3.406754,0.153304,0.045000
z_0291_521.919463.png,#b54c73,1,369.788889,8.038889,0.361750,0.045000
z_0291_521.919463.png,#cc2f2f,3,347.462987,7.553543,0.339909,0.045000
z_0291_521.919463.png,#d4ce15,2,153.195959,3.330347,0.149866,0.045000
z_0291_521.919463.png,#f79d79,2,252.166522,5.481881,0.246685,0.045000
z_0292_522.929530.png,#00701e,1,132.811183,2.887200,0.129924,0.045000
z_0292_522.929530.png,#2b8f76,2,227.580736,4.947407,0.222633,0.045000
z_0292_522.929530.png,#8695bd,5,422.475180,9.184243,0.413291,0.045000
z_0292_522.929530.png,#881a96,2,155.539105,3.381285,0.152158,0.045000
z_0292_522.929530.png,#b54c73,1,377.445743,8.205342,0.369240,0.045000
z_0292_522.929530.png,#cc2f2f,4,305.705627,6.645775,0.299060,0.045000
z_0292_522.929530.png,#d4ce15,2,127.296465,2.767314,0.124529,0.045000
z_0292_522.929530.png,#f79d79,2,233.338095,5.072567,0.228266,0.045000
z_0293_523.939597.png,#00701e,1,114.568542,2.490620,0.112078,0.045000
z_0293_523.939597.png,#2b8f76,3,211.237590,4.592122,0.206645,0.045000
z_0293_523.939597.png,#8695bd,5,438.859956,9.540434,0.429320,0.045000
z_0293_523.939597.png,#881a96,2,152.710678,3.319797,0.149391,0.045000
z_0293_523.939597.png,#b54c73,2,348.717821,7.580822,0.341137,0.045000
z_0293_523.939597.png,#cc2f2f,3,183.965512,3.999250,0.179966,0.045000
z_0293_523.939597.png,#d4ce15,2,107.154329,2.329442,0.104825,0.045000
z_0293_523.939597.png,#f79d79,3,193.438600,4.205187,0.189233,0.045000
z_0294_524.949664.png,#00701e,1,102.911688,2.237211,0.100674,0.045000
z_0294_524.949664.png,#2b8f76,3,179.580736,3.903929,0.175677,0.045000
z_0294_524.949664.png,#8695bd,4,451.546248,9.816223,0.441730,0.045000
z_0294_524.949664.png,#881a96,2,147.882251,3.214832,0.144667,0.045000
z_0294_524.949664.png,#b54c73,2,351.989899,7.651954,0.344338,0.045000
z_0294_524.949664.png,#cc2f2f,4,168.166522,3.655794,0.164511,0.045000
z_0294_524.949664.png,#d4ce15,2,96.669048,2.101501,0.094568,0.045000
z_0294_524.949664.png,#f79d79,2,119.396970,2.595586,0.116801,0.045000
z_0295_525.959732.png,#00701e,1,88.083261,1.914854,0.086168,0.045000
z_0295_525.959732.png,#2b8f76,3,171.923882,3.737476,0.168186,0.045000
z_0295_525.959732.png,#8695bd,4,449.445743,9.770560,0.439675,0.045000
z_0295_525.959732.png,#881a96,2,144.811183,3.148069,0.141663,0.045000
z_0295_525.959732.png,#b54c73,2,273.421356,5.943943,0.267477,0.045000
z_0295_525.959732.png,#cc2f2f,2,148.267027,3.223196,0.145044,0.045000
z_0295_525.959732.png,#d4ce15,2,88.426407,1.922313,0.086504,0.045000
z_0295_525.959732.png,#f79d79,1,67.698485,1.471706,0.066227,0.045000
z_0296_526.969799.png,#00701e,1,77.597980,1.686913,0.075911,0.045000
z_0296_526.969799.png,#2b8f76,3,157.681241,3.427853,0.154253,0.045000
z_0296_526.969799.png,#8695bd,4,468.859956,10.192608,0.458667,0.045000
z_0296_526.969799.png,#881a96,2,148.124892,3.220106,0.144905,0.045000
z_0296_526.969799.png,#b54c73,2,236.793939,5.147694,0.231646,0.045000
z_0296_526.969799.png,#cc2f2f,2,157.539105,3.424763,0.154114,0.045000
z_0296_526.969799.png,#d4ce15,2,83.355339,1.812073,0.081543,0.045000
z_0296_526.969799.png,#f79d79,1,59.698485,1.297793,0.058401,0.045000
z_0297_527.979866.png,#00701e,1,71.112698,1.545928,0.069567,0.045000
z_0297_527.979866.png,#2b8f76,3,142.953319,3.107681,0.139846,0.045000
z_0297_527.979866.png,#8695bd,5,459.546248,9.990136,0.449556,0.045000
z_0297_527.979866.png,#881a96,2,151.296465,3.289054,0.148007,0.045000
z_0297_527.979866.png,#b54c73,3,179.237590,3.896469,0.175341,0.045000
z_0297_527.979866.png,#cc2f2f,1,163.438600,3.553013,0.159886,0.045000
z_0297_527.979866.png,#d4ce15,2,75.112698,1.632885,0.073480,0.045000
z_0297_527.979866.png,#f79d79,1,35.213203,0.765504,0.034448,0.045000
z_0298_528.989933.png,#00701e,1,64.284271,1.397484,0.062887,0.045000
z_0298_528.989933.png,#2b8f76,3,133.882251,2.910484,0.130972,0.045000
z_0298_528.989933.png,#8695bd,6,465.989899,10.130215,0.455860,0.045000
z_0298_528.989933.png,#881a96,2,149.882251,3.258310,0.146624,0.045000
z_0298_528.989933.png,#b54c73,1,148.024387,3.217921,0.144806,0.045000
z_0298_528.989933.png,#cc2f2f,1,154.953319,3.368550,0.151585,0.045000
z_0298_528.989933.png,#d4ce15,2,67.698485,1.471706,0.066227,0.045000
z_0299_530.000000.png,#00701e,1,60.870058,1.323262,0.059547,0.045000
z_0299_530.000000.png,#2b8f76,2,117.396970,2.552108,0.114845,0.045000
z_0299_530.000000.png,#8695bd,7,446.031529,9.696338,0.436335,0.045000
z_0299_530.000000.png,#881a96,2,153.296465,3.332532,0.149964,0.045000
z_0299_530.000000.png,#b54c73,1,147.781746,3.212647,0.144569,0.045000
z_0299_530.000000.png,#cc2f2f,1,150.852814,3.279409,0.147573,0.045000
z_0299_530.000000.png,#d4ce15,2,65.112698,1.415493,0.063697,0.045000
