slice_file,color_hex,blob_count,perimeter_px,perimeter_um,slice_area_um2,slice_thickness_um
z_0001_391.000000.png,#322d4f,8,406.090404,15.821704,0.632868,0.040000
z_0001_391.000000.png,#46a2a5,2,439.688384,17.130716,0.685229,0.040000
z_0001_391.000000.png,#55087e,2,106.083261,4.133114,0.165325,0.040000
z_0001_391.000000.png,#88fe9d,1,91.254834,3.555383,0.142215,0.040000
z_0001_391.000000.png,#a46e60,3,247.036580,9.624802,0.384992,0.040000
z_0001_391.000000.png,#a6057f,2,59.698485,2.325915,0.093037,0.040000
z_0001_391.000000.png,#b1780b,1,91.154329,3.551467,0.142059,0.040000
z_0001_391.000000.png,#b79506,3,82.183766,3.201965,0.128079,0.040000
z_0001_391.000000.png,#bb4d92,1,146.367532,5.702631,0.228105,0.040000
z_0001_391.000000.png,#cc78e7,3,177.338095,6.909276,0.276371,0.040000
z_0001_391.000000.png,#d10402,5,737.470129,28.732602,1.149304,0.040000
z_0001_391.000000.png,#d4194e,2,137.639610,5.362582,0.214503,0.040000
z_0002_392.027586.png,#322d4f,9,419.889394,16.359327,0.654373,0.040000
z_0002_392.027586.png,#46a2a5,2,455.002092,17.727354,0.709094,0.040000
z_0002_392.027586.png,#55087e,2,110.911688,4.321235,0.172849,0.040000
z_0002_392.027586.png,#88fe9d,1,90.669048,3.532560,0.141302,0.040000
z_0002_392.027586.png,#a46e60,3,251.764502,9.809007,0.392360,0.040000
z_0002_392.027586.png,#a6057f,2,59.941125,2.335369,0.093415,0.040000
z_0002_392.027586.png,#b1780b,1,93.740115,3.652212,0.146088,0.040000
z_0002_392.027586.png,#b79506,3,85.012193,3.312163,0.132487,0.040000
z_0002_392.027586.png,#bb4d92,1,146.953319,5.725454,0.229018,0.040000
z_0002_392.027586.png,#cc78e7,3,191.580736,7.464185,0.298567,0.040000
z_0002_392.027586.png,#d10402,5,745.712770,29.053744,1.162150,0.040000
z_0002_392.027586.png,#d4194e,2,134.811183,5.252384,0.210095,0.040000
z_0003_393.055172.png,#322d4f,9,421.303607,16.414426,0.656577,0.040000
z_0003_393.055172.png,#46a2a5,2,453.587878,17.672255,0.706890,0.040000
z_0003_393.055172.png,#55087e,2,110.325902,4.298412,0.171936,0.040000
z_0003_393.055172.png,#88fe9d,1,90.669048,3.532560,0.141302,0.040000
z_0003_393.055172.png,#a46e60,3,253.421356,9.873559,0.394942,0.040000
z_0003_393.055172.png,#a6057f,2,59.941125,2.335369,0.093415,0.040000
z_0003_393.055172.png,#b1780b,1,94.325902,3.675035,0.147001,0.040000
z_0003_393.055172.png,#b79506,3,85.597980,3.334986,0.133399,0.040000
z_0003_393.055172.png,#bb4d92,1,146.953319,5.725454,0.229018,0.040000
z_0003_393.055172.png,#cc78e7,3,191.580736,7.464185,0.298567,0.040000
z_0003_393.055172.png,#d10402,5,746.298557,29.076567,1.163063,0.040000
z_0003_393.055172.png,#d4194e,2,134.811183,5.252384,0.210095,0.040000
z_0004_394.082759.png,#322d4f,10,399.989899,15.584022,0.623361,0.040000
z_0004_394.082759.png,#46a2a5,3,472.658946,18.415284,0.736611,0.040000
z_0004_394.082759.png,#55087e,2,115.497475,4.499902,0.179996,0.040000
z_0004_394.082759.png,#88fe9d,1,89.254834,3.477461,0.139098,0.040000
z_0004_394.082759.png,#a46e60,3,261.521861,10.189163,0.407567,0.040000
z_0004_394.082759.png,#a6057f,2,56.870058,2.215717,0.088629,0.040000
z_0004_394.082759.png,#b1780b,1,90.769553,3.536476,0.141459,0.040000
z_0004_394.082759.png,#b79506,3,93.497475,3.642759,0.145710,0.040000
z_0004_394.082759.png,#bb4d92,1,127.639610,4.972972,0.198919,0.040000
z_0004_394.082759.png,#cc78e7,3,203.823376,7.941171,0.317647,0.040000
z_0004_394.082759.png,#d10402,4,749.854906,29.215126,1.168605,0.040000
z_0004_394.082759.png,#d4194e,2,135.053824,5.261837,0.210473,0.040000
z_0005_395.110345.png,#322d4f,10,384.575685,14.983468,0.599339,0.040000
z_0005_395.110345.png,#46a2a5,2,211.965512,8.258397,0.330336,0.040000
z_0005_395.110345.png,#55087e,2,112.669048,4.389703,0.175588,0.040000
z_0005_395.110345.png,#88fe9d,1,90.669048,3.532560,0.141302,0.040000
z_0005_395.110345.png,#a46e60,3,265.521861,10.345008,0.413800,0.040000
z_0005_395.110345.png,#a6057f,2,58.284271,2.270816,0.090833,0.040000
z_0005_395.110345.png,#b1780b,1,87.698485,3.416824,0.136673,0.040000
z_0005_395.110345.png,#b79506,3,98.325902,3.830879,0.153235,0.040000
z_0005_395.110345.png,#bb4d92,1,128.710678,5.014702,0.200588,0.040000
z_0005_395.110345.png,#cc78e7,3,216.651804,8.440979,0.337639,0.040000
z_0005_395.110345.png,#d10402,4,744.783838,29.017552,1.160702,0.040000
z_0005_395.110345.png,#d4194e,2,135.539105,5.280744,0.211230,0.040000
z_0006_396.137931.png,#322d4f,11,415.060967,16.171206,0.646848,0.040000
z_0006_396.137931.png,#46a2a5,2,208.551299,8.125375,0.325015,0.040000
z_0006_396.137931.png,#55087e,2,111.497475,4.344057,0.173762,0.040000
z_0006_396.137931.png,#88fe9d,1,88.426407,3.445185,0.137807,0.040000
z_0006_396.137931.png,#a46e60,3,263.865007,10.280455,0.411218,0.040000
z_0006_396.137931.png,#a6057f,2,59.698485,2.325915,0.093037,0.040000
z_0006_396.137931.png,#b1780b,1,87.941125,3.426278,0.137051,0.040000
z_0006_396.137931.png,#b79506,4,132.710678,5.170546,0.206822,0.040000
z_0006_396.137931.png,#bb4d92,1,128.468037,5.005248,0.200210,0.040000
z_0006_396.137931.png,#cc78e7,3,223.338095,8.701484,0.348059,0.040000
z_0006_396.137931.png,#d10402,4,742.641702,28.934092,1.157364,0.040000
z_0006_396.137931.png,#d4194e,2,134.953319,5.257922,0.210317,0.040000
z_0007_397.165517.png,#322d4f,7,415.605122,16.192407,0.647696,0.040000
z_0007_397.165517.png,#46a2a5,2,183.338095,7.143043,0.285722,0.040000
z_0007_397.165517.png,#55087e,2,116.325902,4.532178,0.181287,0.040000
z_0007_397.165517.png,#88fe9d,1,87.840620,3.422362,0.136894,0.040000
z_0007_397.165517.png,#a46e60,3,262.208153,10.215902,0.408636,0.040000
z_0007_397.165517.png,#a6057f,2,58.284271,2.270816,0.090833,0.040000
z_0007_397.165517.png,#b1780b,1,84.769553,3.302710,0.132108,0.040000
z_0007_397.165517.png,#b79506,4,146.610173,5.712085,0.228483,0.040000
z_0007_397.165517.png,#bb4d92,1,123.539105,4.813212,0.192528,0.040000
z_0007_397.165517.png,#cc78e7,4,241.237590,9.398867,0.375955,0.040000
z_0007_397.165517.png,#d10402,4,735.369624,28.650765,1.146031,0.040000
z_0007_397.165517.png,#d4194e,2,135.539105,5.280744,0.211230,0.040000
z_0008_398.193103.png,#322d4f,8,488.658946,19.038660,0.761546,0.040000
z_0008_398.193103.png,#46a2a5,2,181.338095,7.065121,0.282605,0.040000
z_0008_398.193103.png,#55087e,2,118.325902,4.610100,0.184404,0.040000
z_0008_398.193103.png,#88fe9d,1,88.911688,3.464092,0.138564,0.040000
z_0008_398.193103.png,#a46e60,3,264.450793,10.303278,0.412131,0.040000
z_0008_398.193103.png,#a6057f,2,59.455844,2.316461,0.092658,0.040000
z_0008_398.193103.png,#b1780b,1,81.698485,3.183058,0.127322,0.040000
z_0008_398.193103.png,#b79506,4,157.923882,6.152879,0.246115,0.040000
z_0008_398.193103.png,#bb4d92,1,118.468037,4.615638,0.184626,0.040000
z_0008_398.193103.png,#cc78e7,4,254.208153,9.904214,0.396169,0.040000
z_0008_398.193103.png,#d10402,5,775.754401,30.224197,1.208968,0.040000
z_0008_398.193103.png,#d4194e,2,136.367532,5.313021,0.212521,0.040000
z_0009_399.220690.png,#322d4f,8,502.901587,19.593568,0.783743,0.040000
z_0009_399.220690.png,#46a2a5,3,212.994949,8.298505,0.331940,0.040000
z_0009_399.220690.png,#55087e,2,117.497475,4.577824,0.183113,0.040000
z_0009_399.220690.png,#88fe9d,1,86.911688,3.386170,0.135447,0.040000
z_0009_399.220690.png,#a46e60,3,261.865007,10.202533,0.408101,0.040000
z_0009_399.220690.png,#a6057f,3,71.112698,2.770625,0.110825,0.040000
z_0009_399.220690.png,#b1780b,1,79.941125,3.114589,0.124584,0.040000
z_0009_399.220690.png,#b79506,4,167.681241,6.533035,0.261321,0.040000
z_0009_399.220690.png,#bb4d92,1,114.710678,4.469247,0.178770,0.040000
z_0009_399.220690.png,#cc78e7,4,273.279221,10.647242,0.425890,0.040000
z_0009_399.220690.png,#d10402,5,810.724963,31.586687,1.263467,0.040000
z_0009_399.220690.png,#d4194e,3,258.894444,10.086797,0.403472,0.040000
z_0010_400.248276.png,#322d4f,8,492.658946,19.194504,0.767780,0.040000
z_0010_400.248276.png,#46a2a5,4,374.877200,14.605605,0.584224,0.040000
z_0010_400.248276.png,#55087e,2,114.911688,4.477079,0.179083,0.040000
z_0010_400.248276.png,#88fe9d,1,84.669048,3.298794,0.131952,0.040000
z_0010_400.248276.png,#a46e60,3,252.208153,9.826292,0.393052,0.040000
z_0010_400.248276.png,#a6057f,4,96.083261,3.743504,0.149740,0.040000
z_0010_400.248276.png,#b1780b,1,76.183766,2.968199,0.118728,0.040000
z_0010_400.248276.png,#b79506,4,195.095454,7.601122,0.304045,0.040000
z_0010_400.248276.png,#bb4d92,1,111.882251,4.359049,0.174362,0.040000
z_0010_400.248276.png,#cc78e7,4,313.078210,12.197852,0.487914,0.040000
z_0010_400.248276.png,#d10402,7,1238.472222,48.252164,1.930087,0.040000
z_0010_400.248276.png,#d4194e,3,252.651804,9.843577,0.393743,0.040000
z_0011_401.275862.png,#322d4f,8,473.487373,18.447560,0.737902,0.040000
z_0011_401.275862.png,#46a2a5,4,401.019336,15.624130,0.624965,0.040000
z_0011_401.275862.png,#55087e,2,112.669048,4.389703,0.175588,0.040000
z_0011_401.275862.png,#88fe9d,1,82.426407,3.211418,0.128457,0.040000
z_0011_401.275862.png,#a46e60,3,251.865007,9.812922,0.392517,0.040000
z_0011_401.275862.png,#a6057f,2,129.396970,5.041440,0.201658,0.040000
z_0011_401.275862.png,#b1780b,1,74.183766,2.890277,0.115611,0.040000
z_0011_401.275862.png,#b79506,4,211.823376,8.252859,0.330114,0.040000
z_0011_401.275862.png,#bb4d92,1,106.811183,4.161475,0.166459,0.040000
z_0011_401.275862.png,#cc78e7,3,327.806133,12.771668,0.510867,0.040000
z_0011_401.275862.png,#d10402,7,1202.472222,46.849567,1.873983,0.040000
z_0011_401.275862.png,#d4194e,3,244.308658,9.518519,0.380741,0.040000
z_0012_402.303448.png,#322d4f,6,448.859956,17.488050,0.699522,0.040000
z_0012_402.303448.png,#46a2a5,3,410.132034,15.979170,0.639167,0.040000
z_0012_402.303448.png,#55087e,2,110.426407,4.302328,0.172093,0.040000
z_0012_402.303448.png,#88fe9d,1,81.012193,3.156319,0.126253,0.040000
z_0012_402.303448.png,#a46e60,3,245.137085,9.550796,0.382032,0.040000
z_0012_402.303448.png,#a6057f,2,126.225397,4.917873,0.196715,0.040000
z_0012_402.303448.png,#b1780b,1,71.941125,2.802901,0.112116,0.040000
z_0012_402.303448.png,#b79506,3,218.894444,8.528355,0.341134,0.040000
z_0012_402.303448.png,#bb4d92,1,106.811183,4.161475,0.166459,0.040000
z_0012_402.303448.png,#cc78e7,4,315.563492,12.294682,0.491787,0.040000
z_0012_402.303448.png,#d10402,7,1211.685425,47.208523,1.888341,0.040000
z_0012_402.303448.png,#d4194e,3,221.480231,8.629100,0.345164,0.040000
z_0013_403.331034.png,#322d4f,7,452.073160,17.613240,0.704530,0.040000
z_0013_403.331034.png,#46a2a5,4,420.475180,16.382150,0.655286,0.040000
z_0013_403.331034.png,#55087e,2,108.669048,4.233859,0.169354,0.040000
z_0013_403.331034.png,#88fe9d,1,79.012193,3.078397,0.123136,0.040000
z_0013_403.331034.png,#a46e60,3,233.480231,9.096632,0.363865,0.040000
z_0013_403.331034.png,#a6057f,2,121.639610,4.739206,0.189568,0.040000
z_0013_403.331034.png,#b1780b,1,69.941125,2.724979,0.108999,0.040000
z_0013_403.331034.png,#b79506,3,228.308658,8.895143,0.355806,0.040000
z_0013_403.331034.png,#bb4d92,1,108.811183,4.239397,0.169576,0.040000
z_0013_403.331034.png,#cc78e7,4,292.835570,11.409178,0.456367,0.040000
z_0013_403.331034.png,#d10402,8,1209.827561,47.136139,1.885446,0.040000
z_0013_403.331034.png,#d4194e,3,211.722871,8.248943,0.329958,0.040000
z_0014_404.358621.png,#322d4f,8,439.487373,17.122885,0.684915,0.040000
z_0014_404.358621.png,#46a2a5,4,451.788889,17.602164,0.704087,0.040000
z_0014_404.358621.png,#55087e,2,104.911688,4.087468,0.163499,0.040000
z_0014_404.358621.png,#88fe9d,1,78.426407,3.055574,0.122223,0.040000
z_0014_404.358621.png,#a46e60,3,238.308658,9.284753,0.371390,0.040000
z_0014_404.358621.png,#a6057f,2,103.154329,4.019000,0.160760,0.040000
z_0014_404.358621.png,#b1780b,1,67.698485,2.637603,0.105504,0.040000
z_0014_404.358621.png,#b79506,4,201.580736,7.853795,0.314152,0.040000
z_0014_404.358621.png,#bb4d92,1,108.568542,4.229943,0.169198,0.040000
z_0014_404.358621.png,#cc78e7,4,282.249783,10.996745,0.439870,0.040000
z_0014_404.358621.png,#d10402,9,1258.354473,49.026798,1.961072,0.040000
z_0014_404.358621.png,#d4194e,3,206.651804,8.051369,0.322055,0.040000
z_0015_405.386207.png,#322d4f,8,409.203102,15.942978,0.637719,0.040000
z_0015_405.386207.png,#46a2a5,4,474.416306,18.483752,0.739350,0.040000
z_0015_405.386207.png,#55087e,3,246.066017,9.586988,0.383480,0.040000
z_0015_405.386207.png,#88fe9d,1,77.012193,3.000475,0.120019,0.040000
z_0015_405.386207.png,#a46e60,3,236.308658,9.206831,0.368273,0.040000
z_0015_405.386207.png,#a6057f,2,101.982756,3.973354,0.158934,0.040000
z_0015_405.386207.png,#b1780b,1,65.455844,2.550228,0.102009,0.040000
z_0015_405.386207.png,#b79506,3,197.681241,7.701867,0.308075,0.040000
z_0015_405.386207.png,#bb4d92,1,107.740115,4.197667,0.167907,0.040000
z_0015_405.386207.png,#cc78e7,5,255.279221,9.945944,0.397838,0.040000
z_0015_405.386207.png,#d10402,8,1306.881384,50.917457,2.036698,0.040000
z_0015_405.386207.png,#d4194e,3,202.894444,7.904978,0.316199,0.040000
z_0016_406.413793.png,#322d4f,8,384.818326,14.992922,0.599717,0.040000
z_0016_406.413793.png,#46a2a5,4,507.529004,19.773857,0.790954,0.040000
z_0016_406.413793.png,#55087e,3,235.823376,9.187924,0.367517,0.040000
z_0016_406.413793.png,#88fe9d,1,77.597980,3.023298,0.120932,0.040000
z_0016_406.413793.png,#a46e60,3,245.722871,9.573618,0.382945,0.040000
z_0016_406.413793.png,#a6057f,2,102.083261,3.977270,0.159091,0.040000
z_0016_406.413793.png,#b1780b,1,64.284271,2.504582,0.100183,0.040000
z_0016_406.413793.png,#b79506,3,202.752309,7.899441,0.315978,0.040000
z_0016_406.413793.png,#bb4d92,1,106.911688,4.165390,0.166616,0.040000
z_0016_406.413793.png,#cc78e7,4,243.279221,9.478411,0.379136,0.040000
z_0016_406.413793.png,#d10402,8,1151.200144,44.851954,1.794078,0.040000
z_0016_406.413793.png,#d4194e,3,197.480231,7.694035,0.307761,0.040000
z_0017_407.441379.png,#127d93,2,12.485281,0.486440,0.019458,0.040000
z_0017_407.441379.png,#322d4f,8,359.261977,13.997220,0.559889,0.040000
z_0017_407.441379.png,#46a2a5,4,525.913780,20.490147,0.819606,0.040000
z_0017_407.441379.png,#55087e,3,228.509668,8.902974,0.356119,0.040000
z_0017_407.441379.png,#88fe9d,1,75.597980,2.945376,0.117815,0.040000
z_0017_407.441379.png,#a46e60,3,255.622366,9.959313,0.398373,0.040000
z_0017_407.441379.png,#a6057f,2,106.911688,4.165390,0.166616,0.040000
z_0017_407.441379.png,#b1780b,1,64.284271,2.504582,0.100183,0.040000
z_0017_407.441379.png,#b79506,3,210.308658,8.193844,0.327754,0.040000
z_0017_407.441379.png,#bb4d92,1,105.740115,4.119745,0.164790,0.040000
z_0017_407.441379.png,#cc78e7,4,236.208153,9.202915,0.368117,0.040000
z_0017_407.441379.png,#d10402,8,1109.643794,43.232875,1.729315,0.040000
z_0017_407.441379.png,#d4194e,3,192.308658,7.492545,0.299702,0.040000
z_0018_408.468966.png,#127d93,2,49.941125,1.945758,0.077830,0.040000
z_0018_408.468966.png,#322d4f,8,339.261977,13.217999,0.528720,0.040000
z_0018_408.468966.png,#46a2a5,4,525.227489,20.463409,0.818536,0.040000
z_0018_408.468966.png,#55087e,3,222.752309,8.678661,0.347146,0.040000
z_0018_408.468966.png,#88fe9d,1,75.254834,2.932007,0.117280,0.040000
z_0018_408.468966.png,#a46e60,3,255.279221,9.945944,0.397838,0.040000
z_0018_408.468966.png,#a6057f,2,107.154329,4.174844,0.166994,0.040000
z_0018_408.468966.png,#b1780b,1,64.870058,2.527405,0.101096,0.040000
z_0018_408.468966.png,#b79506,3,213.622366,8.322949,0.332918,0.040000
z_0018_408.468966.png,#bb4d92,1,102.911688,4.009546,0.160382,0.040000
z_0018_408.468966.png,#cc78e7,5,192.509668,7.500377,0.300015,0.040000
z_0018_408.468966.png,#d10402,7,1100.815367,42.888910,1.715556,0.040000
z_0018_408.468966.png,#d4194e,3,186.409163,7.262695,0.290508,0.040000
z_0019_409.496552.png,#127d93,3,91.840620,3.578206,0.143128,0.040000
z_0019_409.496552.png,#322d4f,7,308.492424,12.019185,0.480767,0.040000
z_0019_409.496552.png,#46a2a5,4,540.641702,21.063962,0.842558,0.040000
z_0019_409.496552.png,#55087e,3,209.095454,8.146576,0.325863,0.040000
z_0019_409.496552.png,#88fe9d,1,72.426407,2.821808,0.112872,0.040000
z_0019_409.496552.png,#9d9548,1,31.313708,1.220015,0.048801,0.040000
z_0019_409.496552.png,#a46e60,3,273.521861,10.656696,0.426268,0.040000
z_0019_409.496552.png,#a6057f,2,106.568542,4.152021,0.166081,0.040000
z_0019_409.496552.png,#b1780b,1,61.213203,2.384930,0.095397,0.040000
z_0019_409.496552.png,#b79506,3,209.722871,8.171021,0.326841,0.040000
z_0019_409.496552.png,#bb4d92,1,102.669048,4.000093,0.160004,0.040000
z_0019_409.496552.png,#cc78e7,5,168.124892,6.550320,0.262013,0.040000
z_0019_409.496552.png,#d10402,8,1066.773737,41.562613,1.662505,0.040000
z_0019_409.496552.png,#d4194e,3,186.066017,7.249325,0.289973,0.040000
z_0020_410.524138.png,#127d93,3,119.982756,4.674653,0.186986,0.040000
z_0020_410.524138.png,#322d4f,6,269.178716,10.487482,0.419499,0.040000
z_0020_410.524138.png,#46a2a5,4,553.712770,21.573225,0.862929,0.040000
z_0020_410.524138.png,#55087e,3,203.438600,7.926179,0.317047,0.040000
z_0020_410.524138.png,#88fe9d,1,71.355339,2.780078,0.111203,0.040000
z_0020_410.524138.png,#9d9548,1,63.355339,2.468390,0.098736,0.040000
z_0020_410.524138.png,#a46e60,4,257.865007,10.046689,0.401868,0.040000
z_0020_410.524138.png,#a6057f,2,106.911688,4.165390,0.166616,0.040000
z_0020_410.524138.png,#b1780b,1,59.213203,2.307008,0.092280,0.040000
z_0020_410.524138.png,#b79506,3,200.651804,7.817603,0.312704,0.040000
z_0020_410.524138.png,#bb4d92,1,100.325902,3.908801,0.156352,0.040000
z_0020_410.524138.png,#cc78e7,4,155.195959,6.046596,0.241864,0.040000
z_0020_410.524138.png,#d10402,8,951.033621,37.053258,1.482130,0.040000
z_0020_410.524138.png,#d4194e,3,185.237590,7.217049,0.288682,0.040000
z_0021_411.551724.png,#127d93,5,125.539105,4.891134,0.195645,0.040000
z_0021_411.551724.png,#322d4f,6,273.906638,10.671687,0.426867,0.040000
z_0021_411.551724.png,#46a2a5,4,562.884343,21.930559,0.877222,0.040000
z_0021_411.551724.png,#55087e,4,195.095454,7.601122,0.304045,0.040000
z_0021_411.551724.png,#88fe9d,1,70.526912,2.747802,0.109912,0.040000
z_0021_411.551724.png,#9d9548,1,76.183766,2.968199,0.118728,0.040000
z_0021_411.551724.png,#a46e60,5,220.894444,8.606277,0.344251,0.040000
z_0021_411.551724.png,#a6057f,2,108.568542,4.229943,0.169198,0.040000
z_0021_411.551724.png,#b1780b,1,57.798990,2.251909,0.090076,0.040000
z_0021_411.551724.png,#b79506,4,207.137085,8.070276,0.322811,0.040000
z_0021_411.551724.png,#bb4d92,1,101.982756,3.973354,0.158934,0.040000
z_0021_411.551724.png,#cc78e7,6,194.509668,7.578299,0.303132,0.040000
z_0021_411.551724.png,#d10402,8,929.175757,36.201653,1.448066,0.040000
z_0021_411.551724.png,#d4194e,3,179.580736,6.996652,0.279866,0.040000
z_0022_412.579310.png,#127d93,3,99.497475,3.876525,0.155061,0.040000
z_0022_412.579310.png,#322d4f,6,284.634560,11.089658,0.443586,0.040000
z_0022_412.579310.png,#46a2a5,5,588.925974,22.945168,0.917807,0.040000
z_0022_412.579310.png,#55087e,4,191.580736,7.464185,0.298567,0.040000
z_0022_412.579310.png,#88fe9d,1,70.183766,2.734432,0.109377,0.040000
z_0022_412.579310.png,#9d9548,1,96.568542,3.762411,0.150496,0.040000
z_0022_412.579310.png,#a46e60,2,178.953319,6.972207,0.278888,0.040000
z_0022_412.579310.png,#a6057f,2,113.982756,4.440887,0.177635,0.040000
z_0022_412.579310.png,#b1780b,1,56.284271,2.192894,0.087716,0.040000
z_0022_412.579310.png,#b79506,4,219.379726,8.547262,0.341890,0.040000
z_0022_412.579310.png,#bb4d92,1,101.740115,3.963901,0.158556,0.040000
z_0022_412.579310.png,#cc78e7,6,286.835570,11.175412,0.447016,0.040000
z_0022_412.579310.png,#d10402,9,1049.058008,40.872390,1.634896,0.040000
z_0022_412.579310.png,#d4194e,3,183.580736,7.152496,0.286100,0.040000
z_0023_413.606897.png,#127d93,2,109.296465,4.258304,0.170332,0.040000
z_0023_413.606897.png,#322d4f,6,277.563492,10.814162,0.432566,0.040000
z_0023_413.606897.png,#46a2a5,5,624.482323,24.330480,0.973219,0.040000
z_0023_413.606897.png,#55087e,4,182.610173,7.114682,0.284587,0.040000
z_0023_413.606897.png,#88fe9d,1,67.941125,2.647057,0.105882,0.040000
z_0023_413.606897.png,#9d9548,1,109.053824,4.248850,0.169954,0.040000
z_0023_413.606897.png,#a46e60,2,170.953319,6.660519,0.266421,0.040000
z_0023_413.606897.png,#a6057f,2,115.053824,4.482617,0.179305,0.040000
z_0023_413.606897.png,#b1780b,1,56.284271,2.192894,0.087716,0.040000
z_0023_413.606897.png,#b79506,4,227.965512,8.881773,0.355271,0.040000
z_0023_413.606897.png,#bb4d92,1,99.740115,3.885979,0.155439,0.040000
z_0023_413.606897.png,#cc78e7,5,303.906638,11.840518,0.473621,0.040000
z_0023_413.606897.png,#d10402,9,1143.626550,44.556879,1.782275,0.040000
z_0023_413.606897.png,#d4194e,3,183.823376,7.161950,0.286478,0.040000
z_0024_414.634483.png,#127d93,2,112.124892,4.368502,0.174740,0.040000
z_0024_414.634483.png,#322d4f,6,270.007143,10.519759,0.420790,0.040000
z_0024_414.634483.png,#46a2a5,7,702.038672,27.352156,1.094086,0.040000
z_0024_414.634483.png,#55087e,3,173.195959,6.747895,0.269916,0.040000
z_0024_414.634483.png,#88fe9d,1,66.526912,2.591958,0.103678,0.040000
z_0024_414.634483.png,#9d9548,2,118.468037,4.615638,0.184626,0.040000
z_0024_414.634483.png,#a46e60,2,146.468037,5.706547,0.228262,0.040000
z_0024_414.634483.png,#a6057f,2,120.468037,4.693560,0.187742,0.040000
z_0024_414.634483.png,#b1780b,1,53.455844,2.082695,0.083308,0.040000
z_0024_414.634483.png,#b79506,4,241.137085,9.394951,0.375798,0.040000
z_0024_414.634483.png,#bb4d92,1,99.982756,3.895432,0.155817,0.040000
z_0024_414.634483.png,#cc78e7,5,338.291414,13.180185,0.527207,0.040000
z_0024_414.634483.png,#d10402,10,1107.727056,43.158197,1.726328,0.040000
z_0024_414.634483.png,#d4194e,4,211.379726,8.235574,0.329423,0.040000
z_0025_415.662069.png,#127d93,2,117.639610,4.583361,0.183334,0.040000
z_0025_415.662069.png,#322d4f,6,269.421356,10.496936,0.419877,0.040000
z_0025_415.662069.png,#46a2a5,5,729.636652,28.427402,1.137096,0.040000
z_0025_415.662069.png,#55087e,3,174.953319,6.816363,0.272655,0.040000
z_0025_415.662069.png,#88fe9d,1,64.526912,2.514036,0.100561,0.040000
z_0025_415.662069.png,#9d9548,2,118.468037,4.615638,0.184626,0.040000
z_0025_415.662069.png,#a46e60,1,106.911688,4.165390,0.166616,0.040000
z_0025_415.662069.png,#a6057f,2,124.124892,4.836035,0.193441,0.040000
z_0025_415.662069.png,#b1780b,1,52.041631,2.027596,0.081104,0.040000
z_0025_415.662069.png,#b79506,6,274.450793,10.692888,0.427716,0.040000
z_0025_415.662069.png,#bb4d92,1,101.154329,3.941078,0.157643,0.040000
z_0025_415.662069.png,#cc78e7,6,334.291414,13.024341,0.520974,0.040000
z_0025_415.662069.png,#d10402,12,1148.697618,44.754453,1.790178,0.040000
z_0025_415.662069.png,#d4194e,4,227.379726,8.858950,0.354358,0.040000
z_0026_416.689655.png,#127d93,2,122.468037,4.771482,0.190859,0.040000
z_0026_416.689655.png,#322d4f,6,260.107648,10.134064,0.405363,0.040000
z_0026_416.689655.png,#46a2a5,6,717.494516,27.954332,1.118173,0.040000
z_0026_416.689655.png,#55087e,3,179.095454,6.977745,0.279110,0.040000
z_0026_416.689655.png,#88fe9d,1,62.284271,2.426660,0.097066,0.040000
z_0026_416.689655.png,#9d9548,2,117.396970,4.573908,0.182956,0.040000
z_0026_416.689655.png,#a46e60,1,107.740115,4.197667,0.167907,0.040000
z_0026_416.689655.png,#a6057f,2,126.953319,4.946233,0.197849,0.040000
z_0026_416.689655.png,#b1780b,1,52.041631,2.027596,0.081104,0.040000
z_0026_416.689655.png,#b79506,5,349.806133,13.628810,0.545152,0.040000
z_0026_416.689655.png,#bb4d92,1,99.497475,3.876525,0.155061,0.040000
z_0026_416.689655.png,#cc78e7,5,350.776695,13.666624,0.546665,0.040000
z_0026_416.689655.png,#d10402,13,1455.515944,56.708413,2.268337,0.040000
z_0026_416.689655.png,#d4194e,4,234.208153,9.124993,0.365000,0.040000
z_0027_417.717241.png,#127d93,2,132.953319,5.179999,0.207200,0.040000
z_0027_417.717241.png,#322d4f,7,245.865007,9.579156,0.383166,0.040000
z_0027_417.717241.png,#46a2a5,6,753.394011,29.353013,1.174121,0.040000
z_0027_417.717241.png,#55087e,2,86.083261,3.353893,0.134156,0.040000
z_0027_417.717241.png,#88fe9d,1,63.798990,2.485675,0.099427,0.040000
z_0027_417.717241.png,#9d9548,2,118.568542,4.619554,0.184782,0.040000
z_0027_417.717241.png,#a46e60,1,104.325902,4.064646,0.162586,0.040000
z_0027_417.717241.png,#a6057f,2,134.024387,5.221729,0.208869,0.040000
z_0027_417.717241.png,#b1780b,1,51.213203,1.995320,0.079813,0.040000
z_0027_417.717241.png,#b79506,5,354.090404,13.795730,0.551829,0.040000
z_0027_417.717241.png,#bb4d92,1,93.254834,3.633305,0.145332,0.040000
z_0027_417.717241.png,#cc78e7,6,375.989899,14.648957,0.585958,0.040000
z_0027_417.717241.png,#d10402,10,1344.704761,52.391095,2.095644,0.040000
z_0027_417.717241.png,#d4194e,2,161.095454,6.276446,0.251058,0.040000
z_0028_418.744828.png,#127d93,2,134.710678,5.248468,0.209939,0.040000
z_0028_418.744828.png,#322d4f,7,233.521861,9.098254,0.363930,0.040000
z_0028_418.744828.png,#46a2a5,5,771.636652,30.063766,1.202551,0.040000
z_0028_418.744828.png,#55087e,2,86.083261,3.353893,0.134156,0.040000
z_0028_418.744828.png,#88fe9d,1,64.627417,2.517951,0.100718,0.040000
z_0028_418.744828.png,#9d9548,2,125.740115,4.898966,0.195959,0.040000
z_0028_418.744828.png,#a46e60,1,104.568542,4.074099,0.162964,0.040000
z_0028_418.744828.png,#a6057f,3,167.923882,6.542489,0.261700,0.040000
z_0028_418.744828.png,#b1780b,1,48.384776,1.885121,0.075405,0.040000
z_0028_418.744828.png,#b79506,5,311.362482,12.131006,0.485240,0.040000
z_0028_418.744828.png,#bb4d92,1,96.911688,3.775780,0.151031,0.040000
z_0028_418.744828.png,#cc78e7,7,397.303607,15.479361,0.619174,0.040000
z_0028_418.744828.png,#d10402,10,1307.976839,50.960137,2.038405,0.040000
z_0028_418.744828.png,#d4194e,2,161.681241,6.299269,0.251971,0.040000
z_0029_419.772414.png,#127d93,2,139.781746,5.446042,0.217842,0.040000
z_0029_419.772414.png,#322d4f,7,217.965512,8.492163,0.339687,0.040000
z_0029_419.772414.png,#46a2a5,5,784.264069,30.555743,1.222230,0.040000
z_0029_419.772414.png,#55087e,2,88.911688,3.464092,0.138564,0.040000
z_0029_419.772414.png,#88fe9d,1,64.041631,2.495128,0.099805,0.040000
z_0029_419.772414.png,#9d9548,2,128.568542,5.009164,0.200367,0.040000
z_0029_419.772414.png,#a46e60,1,101.740115,3.963901,0.158556,0.040000
z_0029_419.772414.png,#a6057f,3,193.137085,7.524821,0.300993,0.040000
z_0029_419.772414.png,#b1780b,3,109.497475,4.266135,0.170645,0.040000
z_0029_419.772414.png,#b79506,4,300.776695,11.718573,0.468743,0.040000
z_0029_419.772414.png,#bb4d92,1,95.254834,3.711227,0.148449,0.040000
z_0029_419.772414.png,#cc78e7,7,409.546248,15.956347,0.638254,0.040000
z_0029_419.772414.png,#d10402,10,1222.094588,47.614075,1.904563,0.040000
z_0029_419.772414.png,#d4194e,2,161.781746,6.303185,0.252127,0.040000
z_0030_420.800000.png,#127d93,2,150.024387,5.845106,0.233804,0.040000
z_0030_420.800000.png,#322d4f,7,214.066017,8.340234,0.333609,0.040000
z_0030_420.800000.png,#46a2a5,7,803.435642,31.302687,1.252107,0.040000
z_0030_420.800000.png,#55087e,2,91.154329,3.551467,0.142059,0.040000
z_0030_420.800000.png,#88fe9d,1,61.455844,2.394384,0.095775,0.040000
z_0030_420.800000.png,#9d9548,3,168.852814,6.578681,0.263147,0.040000
z_0030_420.800000.png,#a46e60,1,100.911688,3.931624,0.157265,0.040000
z_0030_420.800000.png,#a6057f,4,206.066017,8.028546,0.321142,0.040000
z_0030_420.800000.png,#b1780b,2,133.639610,5.206738,0.208270,0.040000
z_0030_420.800000.png,#b79506,4,290.291414,11.310055,0.452402,0.040000
z_0030_420.800000.png,#bb4d92,1,97.154329,3.785234,0.151409,0.040000
z_0030_420.800000.png,#cc78e7,7,409.060967,15.937440,0.637498,0.040000
z_0030_420.800000.png,#d10402,10,1165.952452,45.426719,1.817069,0.040000
z_0030_420.800000.png,#d4194e,2,166.610173,6.491305,0.259652,0.040000
z_0031_421.827586.png,#127d93,1,30.727922,1.197192,0.047888,0.040000
z_0031_421.827586.png,#322d4f,7,209.279221,8.153736,0.326149,0.040000
z_0031_421.827586.png,#46a2a5,5,825.719913,32.170906,1.286836,0.040000
z_0031_421.827586.png,#55087e,2,93.396970,3.638843,0.145554,0.040000
z_0031_421.827586.png,#88fe9d,1,59.455844,2.316461,0.092658,0.040000
z_0031_421.827586.png,#9d9548,3,198.752309,7.743596,0.309744,0.040000
z_0031_421.827586.png,#a46e60,1,97.154329,3.785234,0.151409,0.040000
z_0031_421.827586.png,#a6057f,4,210.066017,8.184390,0.327376,0.040000
z_0031_421.827586.png,#b1780b,2,143.296465,5.582979,0.223319,0.040000
z_0031_421.827586.png,#b79506,5,301.462987,11.745311,0.469812,0.040000
z_0031_421.827586.png,#bb4d92,1,95.982756,3.739588,0.149584,0.040000
z_0031_421.827586.png,#cc78e7,7,407.546248,15.878425,0.635137,0.040000
z_0031_421.827586.png,#d10402,8,1101.910822,42.931590,1.717264,0.040000
z_0031_421.827586.png,#d4194e,2,169.438600,6.601504,0.264060,0.040000
z_0032_422.855172.png,#127d93,2,46.384776,1.807199,0.072288,0.040000
z_0032_422.855172.png,#322d4f,7,194.894444,7.593290,0.303732,0.040000
z_0032_422.855172.png,#46a2a5,4,848.589971,33.061947,1.322478,0.040000
z_0032_422.855172.png,#55087e,2,90.911688,3.542014,0.141681,0.040000
z_0032_422.855172.png,#88fe9d,1,61.698485,2.403837,0.096153,0.040000
z_0032_422.855172.png,#9d9548,4,221.622366,8.634638,0.345386,0.040000
z_0032_422.855172.png,#a46e60,1,96.083261,3.743504,0.149740,0.040000
z_0032_422.855172.png,#a6057f,4,218.994949,8.532271,0.341291,0.040000
z_0032_422.855172.png,#b1780b,2,149.539105,5.826199,0.233048,0.040000
z_0032_422.855172.png,#b79506,5,308.048773,12.001900,0.480076,0.040000
z_0032_422.855172.png,#bb4d92,1,96.911688,3.775780,0.151031,0.040000
z_0032_422.855172.png,#cc78e7,7,411.889394,16.047639,0.641906,0.040000
z_0032_422.855172.png,#d10402,10,1065.283405,41.504548,1.660182,0.040000
z_0032_422.855172.png,#d4194e,3,190.367532,7.416917,0.296677,0.040000
z_0033_423.882759.png,#127d93,2,61.455844,2.394384,0.095775,0.040000
z_0033_423.882759.png,#322d4f,6,179.480231,6.992736,0.279709,0.040000
z_0033_423.882759.png,#46a2a5,5,860.832611,33.538933,1.341557,0.040000
z_0033_423.882759.png,#55087e,2,92.083261,3.587660,0.143506,0.040000
z_0033_423.882759.png,#88fe9d,1,61.355339,2.390468,0.095619,0.040000
z_0033_423.882759.png,#9d9548,4,231.036580,9.001425,0.360057,0.040000
z_0033_423.882759.png,#a46e60,1,94.083261,3.665582,0.146623,0.040000
z_0033_423.882759.png,#a6057f,4,227.237590,8.853413,0.354137,0.040000
z_0033_423.882759.png,#b1780b,2,158.024387,6.156794,0.246272,0.040000
z_0033_423.882759.png,#b79506,5,312.149278,12.161660,0.486466,0.040000
z_0033_423.882759.png,#bb4d92,1,100.568542,3.918255,0.156730,0.040000
z_0033_423.882759.png,#cc78e7,8,402.333044,15.675313,0.627013,0.040000
z_0033_423.882759.png,#d10402,8,965.401154,37.613032,1.504521,0.040000
z_0033_423.882759.png,#d4194e,3,197.681241,7.701867,0.308075,0.040000
z_0034_424.910345.png,#127d93,3,190.994949,7.441362,0.297654,0.040000
z_0034_424.910345.png,#322d4f,6,198.308658,7.726311,0.309052,0.040000
z_0034_424.910345.png,#46a2a5,6,870.288455,33.907342,1.356294,0.040000
z_0034_424.910345.png,#55087e,2,91.254834,3.555383,0.142215,0.040000
z_0034_424.910345.png,#88fe9d,1,59.698485,2.325915,0.093037,0.040000
z_0034_424.910345.png,#9d9548,4,239.865007,9.345390,0.373816,0.040000
z_0034_424.910345.png,#a46e60,1,92.325902,3.597113,0.143885,0.040000
z_0034_424.910345.png,#a6057f,4,242.793939,9.459504,0.378380,0.040000
z_0034_424.910345.png,#b1780b,2,165.095454,6.432290,0.257292,0.040000
z_0034_424.910345.png,#b79506,6,293.320851,11.428085,0.457123,0.040000
z_0034_424.910345.png,#bb4d92,1,102.811183,4.005631,0.160225,0.040000
z_0034_424.910345.png,#cc78e7,8,387.747258,15.107036,0.604281,0.040000
z_0034_424.910345.png,#d10402,7,943.259018,36.750351,1.470014,0.040000
z_0034_424.910345.png,#d4194e,3,217.923882,8.490541,0.339622,0.040000
z_0035_425.937931.png,#127d93,3,206.208153,8.034084,0.321363,0.040000
z_0035_425.937931.png,#322d4f,6,216.450793,8.433148,0.337326,0.040000
z_0035_425.937931.png,#46a2a5,5,863.945310,33.660207,1.346408,0.040000
z_0035_425.937931.png,#55087e,2,91.012193,3.545930,0.141837,0.040000
z_0035_425.937931.png,#618128,1,18.485281,0.720206,0.028808,0.040000
z_0035_425.937931.png,#88fe9d,1,58.870058,2.293639,0.091746,0.040000
z_0035_425.937931.png,#9d9548,4,254.107648,9.900298,0.396012,0.040000
z_0035_425.937931.png,#a46e60,1,88.669048,3.454638,0.138186,0.040000
z_0035_425.937931.png,#a6057f,4,243.480231,9.486243,0.379450,0.040000
z_0035_425.937931.png,#b1780b,2,169.095454,6.588135,0.263525,0.040000
z_0035_425.937931.png,#b79506,6,265.521861,10.345008,0.413800,0.040000
z_0035_425.937931.png,#bb4d92,1,99.740115,3.885979,0.155439,0.040000
z_0035_425.937931.png,#cc78e7,7,380.433550,14.822086,0.592883,0.040000
z_0035_425.937931.png,#d10402,7,931.460028,36.290650,1.451626,0.040000
z_0035_425.937931.png,#d4194e,3,220.166522,8.577916,0.343117,0.040000
z_0036_426.965517.png,#127d93,3,215.865007,8.410325,0.336413,0.040000
z_0036_426.965517.png,#322d4f,5,212.551299,8.281219,0.331249,0.040000
z_0036_426.965517.png,#46a2a5,5,864.430591,33.679114,1.347165,0.040000
z_0036_426.965517.png,#55087e,2,92.426407,3.601029,0.144041,0.040000
z_0036_426.965517.png,#618128,1,25.899495,1.009071,0.040363,0.040000
z_0036_426.965517.png,#88fe9d,1,59.455844,2.316461,0.092658,0.040000
z_0036_426.965517.png,#9d9548,4,263.521861,10.267086,0.410683,0.040000
z_0036_426.965517.png,#a46e60,1,85.254834,3.321617,0.132865,0.040000
z_0036_426.965517.png,#a6057f,4,245.722871,9.573618,0.382945,0.040000
z_0036_426.965517.png,#b1780b,2,177.923882,6.932099,0.277284,0.040000
z_0036_426.965517.png,#b79506,4,221.237590,8.619646,0.344786,0.040000
z_0036_426.965517.png,#bb4d92,1,100.083261,3.899348,0.155974,0.040000
z_0036_426.965517.png,#cc78e7,8,375.261977,14.620596,0.584824,0.040000
z_0036_426.965517.png,#d10402,8,894.388960,34.846323,1.393853,0.040000
z_0036_426.965517.png,#d4194e,3,229.338095,8.935250,0.357410,0.040000
z_0037_427.993103.png,#127d93,5,217.521861,8.474878,0.338995,0.040000
z_0037_427.993103.png,#322d4f,5,219.379726,8.547262,0.341890,0.040000
z_0037_427.993103.png,#46a2a5,5,858.773737,33.458717,1.338349,0.040000
z_0037_427.993103.png,#55087e,2,91.597980,3.568752,0.142750,0.040000
z_0037_427.993103.png,#618128,1,32.970563,1.284567,0.051383,0.040000
z_0037_427.993103.png,#88fe9d,1,60.284271,2.348738,0.093950,0.040000
z_0037_427.993103.png,#9d9548,4,283.563492,11.047928,0.441917,0.040000
z_0037_427.993103.png,#a46e60,1,83.840620,3.266518,0.130661,0.040000
z_0037_427.993103.png,#a6057f,4,249.521861,9.721631,0.388865,0.040000
z_0037_427.993103.png,#b1780b,2,180.752309,7.042298,0.281692,0.040000
z_0037_427.993103.png,#b79506,4,242.308658,9.440597,0.377624,0.040000
z_0037_427.993103.png,#bb4d92,1,100.568542,3.918255,0.156730,0.040000
z_0037_427.993103.png,#cc78e7,8,356.333044,13.883106,0.555324,0.040000
z_0037_427.993103.png,#d10402,8,919.016377,35.805833,1.432233,0.040000
z_0037_427.993103.png,#d4194e,4,237.237590,9.243023,0.369721,0.040000
z_0038_429.020690.png,#127d93,2,137.539105,5.358666,0.214347,0.040000
z_0038_429.020690.png,#322d4f,5,231.965512,9.037617,0.361505,0.040000
z_0038_429.020690.png,#46a2a5,5,856.330086,33.363510,1.334540,0.040000
z_0038_429.020690.png,#55087e,2,89.355339,3.481377,0.139255,0.040000
z_0038_429.020690.png,#618128,1,38.384776,1.495511,0.059820,0.040000
z_0038_429.020690.png,#88fe9d,1,60.284271,2.348738,0.093950,0.040000
z_0038_429.020690.png,#9d9548,4,277.806133,10.823616,0.432945,0.040000
z_0038_429.020690.png,#a46e60,1,81.597980,3.179142,0.127166,0.040000
z_0038_429.020690.png,#a6057f,5,247.036580,9.624802,0.384992,0.040000
z_0038_429.020690.png,#b1780b,2,187.823376,7.317794,0.292712,0.040000
z_0038_429.020690.png,#b79506,5,249.379726,9.716093,0.388644,0.040000
z_0038_429.020690.png,#bb4d92,2,117.053824,4.560539,0.182422,0.040000
z_0038_429.020690.png,#cc78e7,8,372.676190,14.519852,0.580794,0.040000
z_0038_429.020690.png,#d10402,9,856.732106,33.379173,1.335167,0.040000
z_0038_429.020690.png,#d4194e,3,230.994949,8.999803,0.359992,0.040000
z_0039_430.048276.png,#127d93,3,135.882251,5.294114,0.211765,0.040000
z_0039_430.048276.png,#322d4f,6,247.379726,9.638171,0.385527,0.040000
z_0039_430.048276.png,#46a2a5,6,837.661038,32.636144,1.305446,0.040000
z_0039_430.048276.png,#55087e,2,91.355339,3.559299,0.142372,0.040000
z_0039_430.048276.png,#618128,1,47.455844,1.848929,0.073957,0.040000
z_0039_430.048276.png,#88fe9d,1,61.112698,2.381014,0.095241,0.040000
z_0039_430.048276.png,#9d9548,4,268.735065,10.470197,0.418808,0.040000
z_0039_430.048276.png,#a46e60,1,77.355339,3.013844,0.120554,0.040000
z_0039_430.048276.png,#a6057f,4,231.965512,9.037617,0.361505,0.040000
z_0039_430.048276.png,#b1780b,2,203.137085,7.914432,0.316577,0.040000
z_0039_430.048276.png,#b79506,4,218.752309,8.522817,0.340913,0.040000
z_0039_430.048276.png,#bb4d92,2,138.124892,5.381489,0.215260,0.040000
z_0039_430.048276.png,#cc78e7,8,410.433550,15.990918,0.639637,0.040000
z_0039_430.048276.png,#d10402,9,806.205194,31.410592,1.256424,0.040000
z_0039_430.048276.png,#d4194e,2,192.710678,7.508208,0.300328,0.040000
z_0040_431.075862.png,#127d93,2,150.468037,5.862391,0.234496,0.040000
z_0040_431.075862.png,#322d4f,6,275.906638,10.749609,0.429984,0.040000
z_0040_431.075862.png,#46a2a5,6,822.347330,32.039506,1.281580,0.040000
z_0040_431.075862.png,#55087e,2,93.012193,3.623852,0.144954,0.040000
z_0040_431.075862.png,#618128,1,48.627417,1.894575,0.075783,0.040000
z_0040_431.075862.png,#88fe9d,1,61.112698,2.381014,0.095241,0.040000
z_0040_431.075862.png,#9d9548,4,283.462987,11.044012,0.441760,0.040000
z_0040_431.075862.png,#a46e60,1,77.355339,3.013844,0.120554,0.040000
z_0040_431.075862.png,#a6057f,5,252.693434,9.845199,0.393808,0.040000
z_0040_431.075862.png,#b1780b,2,214.693434,8.364679,0.334587,0.040000
z_0040_431.075862.png,#b79506,4,220.994949,8.610193,0.344408,0.040000
z_0040_431.075862.png,#bb4d92,3,151.781746,5.913575,0.236543,0.040000
z_0040_431.075862.png,#cc78e7,8,427.504617,16.656024,0.666241,0.040000
z_0040_431.075862.png,#d10402,9,795.577777,30.996537,1.239861,0.040000
z_0040_431.075862.png,#d4194e,2,198.124892,7.719152,0.308766,0.040000
z_0041_432.103448.png,#127d93,2,151.053824,5.885214,0.235409,0.040000
z_0041_432.103448.png,#322d4f,6,291.078210,11.340709,0.453628,0.040000
z_0041_432.103448.png,#46a2a5,6,776.749350,30.262962,1.210518,0.040000
z_0041_432.103448.png,#55087e,2,99.254834,3.867071,0.154683,0.040000
z_0041_432.103448.png,#618128,1,51.455844,2.004773,0.080191,0.040000
z_0041_432.103448.png,#88fe9d,1,61.112698,2.381014,0.095241,0.040000
z_0041_432.103448.png,#9d9548,4,287.948268,11.218764,0.448751,0.040000
z_0041_432.103448.png,#a46e60,1,72.526912,2.825724,0.113029,0.040000
z_0041_432.103448.png,#a6057f,5,242.450793,9.446135,0.377845,0.040000
z_0041_432.103448.png,#b1780b,2,281.362482,10.962175,0.438487,0.040000
z_0041_432.103448.png,#b79506,5,240.066017,9.353221,0.374129,0.040000
z_0041_432.103448.png,#bb4d92,3,159.438600,6.211894,0.248476,0.040000
z_0041_432.103448.png,#cc78e7,8,453.847763,17.682380,0.707295,0.040000
z_0041_432.103448.png,#d10402,8,781.435642,30.445544,1.217822,0.040000
z_0041_432.103448.png,#d4194e,2,202.710678,7.897819,0.315913,0.040000
z_0042_433.131034.png,#127d93,2,153.296465,5.972590,0.238904,0.040000
z_0042_433.131034.png,#322d4f,6,299.906638,11.684674,0.467387,0.040000
z_0042_433.131034.png,#46a2a5,7,748.565584,29.164893,1.166596,0.040000
z_0042_433.131034.png,#55087e,2,102.083261,3.977270,0.159091,0.040000
z_0042_433.131034.png,#618128,1,50.627417,1.972497,0.078900,0.040000
z_0042_433.131034.png,#88fe9d,1,60.284271,2.348738,0.093950,0.040000
z_0042_433.131034.png,#9d9548,4,296.291414,11.543821,0.461753,0.040000
z_0042_433.131034.png,#a46e60,1,71.355339,2.780078,0.111203,0.040000
z_0042_433.131034.png,#a6057f,6,233.036580,9.079347,0.363174,0.040000
z_0042_433.131034.png,#b1780b,2,289.019336,11.260494,0.450420,0.040000
z_0042_433.131034.png,#b79506,5,235.823376,9.187924,0.367517,0.040000
z_0042_433.131034.png,#bb4d92,3,163.195959,6.358284,0.254331,0.040000
z_0042_433.131034.png,#cc78e7,8,466.190909,18.163282,0.726531,0.040000
z_0042_433.131034.png,#d10402,8,787.092496,30.665941,1.226638,0.040000
z_0042_433.131034.png,#d4194e,2,209.195959,8.150492,0.326020,0.040000
z_0043_434.158621.png,#127d93,3,243.663997,9.493402,0.379736,0.040000
z_0043_434.158621.png,#322d4f,6,290.007143,11.298980,0.451959,0.040000
z_0043_434.158621.png,#46a2a5,8,689.310750,26.856263,1.074251,0.040000
z_0043_434.158621.png,#55087e,2,109.154329,4.252766,0.170111,0.040000
z_0043_434.158621.png,#618128,1,50.627417,1.972497,0.078900,0.040000
z_0043_434.158621.png,#88fe9d,1,60.284271,2.348738,0.093950,0.040000
z_0043_434.158621.png,#9d9548,4,305.119841,11.887786,0.475511,0.040000
z_0043_434.158621.png,#a46e60,2,77.355339,3.013844,0.120554,0.040000
z_0043_434.158621.png,#a6057f,6,219.237590,8.541724,0.341669,0.040000
z_0043_434.158621.png,#b1780b,2,286.090404,11.146379,0.445855,0.040000
z_0043_434.158621.png,#b79506,4,222.551299,8.670830,0.346833,0.040000
z_0043_434.158621.png,#bb4d92,4,182.852814,7.124136,0.284965,0.040000
z_0043_434.158621.png,#cc78e7,9,462.534055,18.020807,0.720832,0.040000
z_0043_434.158621.png,#d10402,8,787.778787,30.692680,1.227707,0.040000
z_0043_434.158621.png,#d4194e,2,202.124892,7.874996,0.315000,0.040000
z_0044_435.186207.png,#127d93,3,198.308658,7.726311,0.309052,0.040000
z_0044_435.186207.png,#322d4f,4,240.308658,9.362675,0.374507,0.040000
z_0044_435.186207.png,#46a2a5,9,640.440692,24.952235,0.998089,0.040000
z_0044_435.186207.png,#55087e,2,112.811183,4.395241,0.175810,0.040000
z_0044_435.186207.png,#618128,1,49.798990,1.940220,0.077609,0.040000
z_0044_435.186207.png,#88fe9d,1,58.870058,2.293639,0.091746,0.040000
z_0044_435.186207.png,#9d9548,3,293.605122,11.439161,0.457566,0.040000
z_0044_435.186207.png,#a46e60,3,100.426407,3.912717,0.156509,0.040000
z_0044_435.186207.png,#a6057f,3,187.438600,7.302803,0.292112,0.040000
z_0044_435.186207.png,#b1780b,2,294.333044,11.467521,0.458701,0.040000
z_0044_435.186207.png,#b79506,4,222.994949,8.688115,0.347525,0.040000
z_0044_435.186207.png,#bb4d92,4,186.852814,7.279980,0.291199,0.040000
z_0044_435.186207.png,#cc78e7,9,409.563492,15.957019,0.638281,0.040000
z_0044_435.186207.png,#d10402,8,777.293506,30.284163,1.211367,0.040000
z_0044_435.186207.png,#d4194e,3,243.923882,9.503528,0.380141,0.040000
z_0045_436.213793.png,#127d93,3,156.367532,6.092242,0.243690,0.040000
z_0045_436.213793.png,#322d4f,4,238.308658,9.284753,0.371390,0.040000
z_0045_436.213793.png,#46a2a5,8,612.884343,23.878611,0.955144,0.040000
z_0045_436.213793.png,#55087e,2,111.396970,4.340142,0.173606,0.040000
z_0045_436.213793.png,#618128,1,49.798990,1.940220,0.077609,0.040000
z_0045_436.213793.png,#88fe9d,1,60.041631,2.339284,0.093571,0.040000
z_0045_436.213793.png,#9d9548,3,300.190909,11.695750,0.467830,0.040000
z_0045_436.213793.png,#a46e60,2,108.083261,4.211036,0.168441,0.040000
z_0045_436.213793.png,#a6057f,4,159.539105,6.215809,0.248632,0.040000
z_0045_436.213793.png,#b1780b,3,337.203102,13.137783,0.525511,0.040000
z_0045_436.213793.png,#b79506,4,223.379726,8.703106,0.348124,0.040000
z_0045_436.213793.png,#bb4d92,5,228.208153,8.891227,0.355649,0.040000
z_0045_436.213793.png,#cc78e7,9,400.291414,15.595769,0.623831,0.040000
z_0045_436.213793.png,#d10402,8,793.678282,30.922530,1.236901,0.040000
z_0045_436.213793.png,#d4194e,4,310.936075,12.114393,0.484576,0.040000
z_0046_437.241379.png,#127d93,2,142.710678,5.560156,0.222406,0.040000
z_0046_437.241379.png,#322d4f,4,237.137085,9.239107,0.369564,0.040000
z_0046_437.241379.png,#46a2a5,7,609.026479,23.728304,0.949132,0.040000
z_0046_437.241379.png,#55087e,2,112.225397,4.372418,0.174897,0.040000
z_0046_437.241379.png,#618128,1,50.970563,1.985866,0.079435,0.040000
z_0046_437.241379.png,#88fe9d,1,60.284271,2.348738,0.093950,0.040000
z_0046_437.241379.png,#9d9548,3,326.575685,12.723728,0.508949,0.040000
z_0046_437.241379.png,#a46e60,2,111.497475,4.344057,0.173762,0.040000
z_0046_437.241379.png,#a6057f,5,158.610173,6.179617,0.247185,0.040000
z_0046_437.241379.png,#b1780b,2,353.102597,13.757244,0.550290,0.040000
z_0046_437.241379.png,#b79506,4,226.894444,8.840043,0.353602,0.040000
z_0046_437.241379.png,#bb4d92,5,239.865007,9.345390,0.373816,0.040000
z_0046_437.241379.png,#cc78e7,10,400.676190,15.610761,0.624430,0.040000
z_0046_437.241379.png,#d10402,7,792.707720,30.884716,1.235389,0.040000
z_0046_437.241379.png,#d4194e,3,336.835570,13.123464,0.524939,0.040000
z_0047_438.268966.png,#127d93,2,141.296465,5.505057,0.220202,0.040000
z_0047_438.268966.png,#322d4f,4,233.823376,9.110002,0.364400,0.040000
z_0047_438.268966.png,#46a2a5,8,611.712770,23.832965,0.953319,0.040000
z_0047_438.268966.png,#55087e,2,115.053824,4.482617,0.179305,0.040000
z_0047_438.268966.png,#618128,1,36.970563,1.440412,0.057616,0.040000
z_0047_438.268966.png,#88fe9d,1,60.284271,2.348738,0.093950,0.040000
z_0047_438.268966.png,#9d9548,3,335.404112,13.067693,0.522708,0.040000
z_0047_438.268966.png,#a46e60,2,116.325902,4.532178,0.181287,0.040000
z_0047_438.268966.png,#a6057f,4,144.367532,5.624709,0.224988,0.040000
z_0047_438.268966.png,#b1780b,2,365.587878,14.243684,0.569747,0.040000
z_0047_438.268966.png,#b79506,4,234.793939,9.147816,0.365913,0.040000
z_0047_438.268966.png,#bb4d92,6,286.835570,11.175412,0.447016,0.040000
z_0047_438.268966.png,#cc78e7,10,392.190909,15.280165,0.611207,0.040000
z_0047_438.268966.png,#d10402,7,779.879292,30.384907,1.215396,0.040000
z_0047_438.268966.png,#d4194e,3,352.977705,13.752378,0.550095,0.040000
z_0048_439.296552.png,#127d93,2,128.468037,5.005248,0.200210,0.040000
z_0048_439.296552.png,#322d4f,4,230.409163,8.976980,0.359079,0.040000
z_0048_439.296552.png,#46a2a5,6,474.173665,18.474299,0.738972,0.040000
z_0048_439.296552.png,#55087e,2,113.982756,4.440887,0.177635,0.040000
z_0048_439.296552.png,#618128,1,39.213203,1.527787,0.061111,0.040000
z_0048_439.296552.png,#88fe9d,1,61.112698,2.381014,0.095241,0.040000
z_0048_439.296552.png,#9d9548,3,360.031529,14.027202,0.561088,0.040000
z_0048_439.296552.png,#a46e60,2,119.740115,4.665199,0.186608,0.040000
z_0048_439.296552.png,#a6057f,5,159.338095,6.207978,0.248319,0.040000
z_0048_439.296552.png,#b1780b,2,389.487373,15.174833,0.606993,0.040000
z_0048_439.296552.png,#b79506,4,232.066017,9.041533,0.361661,0.040000
z_0048_439.296552.png,#bb4d92,6,309.521861,12.059293,0.482372,0.040000
z_0048_439.296552.png,#cc78e7,10,384.090404,14.964561,0.598582,0.040000
z_0048_439.296552.png,#d10402,7,772.808225,30.109411,1.204376,0.040000
z_0048_439.296552.png,#d4194e,3,364.877200,14.215995,0.568640,0.040000
z_0049_440.324138.png,#127d93,2,128.225397,4.995795,0.199832,0.040000
z_0049_440.324138.png,#322d4f,4,223.580736,8.710938,0.348438,0.040000
z_0049_440.324138.png,#46a2a5,5,470.073160,18.314539,0.732582,0.040000
z_0049_440.324138.png,#55087e,2,115.396970,4.495986,0.179839,0.040000
z_0049_440.324138.png,#618128,1,43.798990,1.706454,0.068258,0.040000
z_0049_440.324138.png,#88fe9d,1,60.870058,2.371561,0.094862,0.040000
z_0049_440.324138.png,#9d9548,3,381.587878,14.867060,0.594682,0.040000
z_0049_440.324138.png,#a46e60,2,122.325902,4.765944,0.190638,0.040000
z_0049_440.324138.png,#a6057f,4,144.367532,5.624709,0.224988,0.040000
z_0049_440.324138.png,#b1780b,2,404.801082,15.771471,0.630859,0.040000
z_0049_440.324138.png,#b79506,4,235.622366,9.180092,0.367204,0.040000
z_0049_440.324138.png,#bb4d92,7,336.977705,13.129002,0.525160,0.040000
z_0049_440.324138.png,#cc78e7,11,394.333044,15.363625,0.614545,0.040000
z_0049_440.324138.png,#d10402,9,784.222438,30.554121,1.222165,0.040000
z_0049_440.324138.png,#d4194e,3,373.220346,14.541052,0.581642,0.040000
z_0050_441.351724.png,#127d93,2,135.053824,5.261837,0.210473,0.040000
z_0050_441.351724.png,#322d4f,5,227.923882,8.880151,0.355206,0.040000
z_0050_441.351724.png,#46a2a5,5,474.558441,18.489290,0.739572,0.040000
z_0050_441.351724.png,#55087e,2,135.296465,5.271291,0.210852,0.040000
z_0050_441.351724.png,#618128,1,45.213203,1.761553,0.070462,0.040000
z_0050_441.351724.png,#88fe9d,1,61.698485,2.403837,0.096153,0.040000
z_0050_441.351724.png,#9d9548,3,400.073160,15.587266,0.623491,0.040000
z_0050_441.351724.png,#a46e60,2,124.568542,4.853320,0.194133,0.040000
z_0050_441.351724.png,#a6057f,4,135.296465,5.271291,0.210852,0.040000
z_0050_441.351724.png,#b1780b,2,413.771645,16.120973,0.644839,0.040000
z_0050_441.351724.png,#b79506,5,245.622366,9.569703,0.382788,0.040000
z_0050_441.351724.png,#bb4d92,7,366.048773,14.261641,0.570466,0.040000
z_0050_441.351724.png,#cc78e7,10,428.031529,16.676553,0.667062,0.040000
z_0050_441.351724.png,#d10402,8,802.364574,31.260957,1.250438,0.040000
z_0050_441.351724.png,#d4194e,3,381.605122,14.867732,0.594709,0.040000
z_0051_442.379310.png,#127d93,2,147.639610,5.752193,0.230088,0.040000
z_0051_442.379310.png,#322d4f,4,247.137085,9.628718,0.385149,0.040000
z_0051_442.379310.png,#46a2a5,5,467.386868,18.209878,0.728395,0.040000
z_0051_442.379310.png,#55087e,2,142.852814,5.565694,0.222628,0.040000
z_0051_442.379310.png,#618128,2,54.627417,2.128341,0.085134,0.040000
z_0051_442.379310.png,#88fe9d,1,60.526912,2.358191,0.094328,0.040000
z_0051_442.379310.png,#9d9548,3,419.487373,16.343664,0.653747,0.040000
z_0051_442.379310.png,#a46e60,2,123.154329,4.798221,0.191929,0.040000
z_0051_442.379310.png,#a6057f,4,136.710678,5.326390,0.213056,0.040000
z_0051_442.379310.png,#b1780b,2,420.600072,16.387016,0.655481,0.040000
z_0051_442.379310.png,#b79506,5,254.107648,9.900298,0.396012,0.040000
z_0051_442.379310.png,#bb4d92,7,403.019336,15.702052,0.628082,0.040000
z_0051_442.379310.png,#cc78e7,9,423.788889,16.511255,0.660450,0.040000
z_0051_442.379310.png,#d10402,7,790.364574,30.793425,1.231737,0.040000
z_0051_442.379310.png,#d4194e,4,397.504617,15.487193,0.619488,0.040000
z_0052_443.406897.png,#127d93,2,184.367532,7.183151,0.287326,0.040000
z_0052_443.406897.png,#322d4f,4,248.793939,9.693270,0.387731,0.040000
z_0052_443.406897.png,#46a2a5,5,463.386868,18.054034,0.722161,0.040000
z_0052_443.406897.png,#55087e,2,145.195959,5.656985,0.226279,0.040000
z_0052_443.406897.png,#618128,2,63.213203,2.462852,0.098514,0.040000
z_0052_443.406897.png,#88fe9d,1,60.041631,2.339284,0.093571,0.040000
z_0052_443.406897.png,#9d9548,3,439.972655,17.141792,0.685672,0.040000
z_0052_443.406897.png,#a46e60,2,121.254834,4.724214,0.188969,0.040000
z_0052_443.406897.png,#a6057f,4,138.468037,5.394859,0.215794,0.040000
z_0052_443.406897.png,#b1780b,2,430.742207,16.782164,0.671287,0.040000
z_0052_443.406897.png,#b79506,5,258.936075,10.088419,0.403537,0.040000
z_0052_443.406897.png,#bb4d92,7,419.504617,16.344336,0.653773,0.040000
z_0052_443.406897.png,#cc78e7,9,430.617316,16.777298,0.671092,0.040000
z_0052_443.406897.png,#d10402,7,766.222438,29.852822,1.194113,0.040000
z_0052_443.406897.png,#d4194e,4,418.232539,16.294774,0.651791,0.040000
z_0053_444.434483.png,#127d93,2,191.438600,7.458647,0.298346,0.040000
z_0053_444.434483.png,#322d4f,5,267.622366,10.426845,0.417074,0.040000
z_0053_444.434483.png,#46a2a5,5,452.315801,17.622694,0.704908,0.040000
z_0053_444.434483.png,#55087e,2,149.781746,5.835652,0.233426,0.040000
z_0053_444.434483.png,#618128,2,74.284271,2.894192,0.115768,0.040000
z_0053_444.434483.png,#88fe9d,1,60.627417,2.362107,0.094484,0.040000
z_0053_444.434483.png,#9d9548,3,446.073160,17.379474,0.695179,0.040000
z_0053_444.434483.png,#a46e60,2,122.325902,4.765944,0.190638,0.040000
z_0053_444.434483.png,#a6057f,4,138.710678,5.404312,0.216172,0.040000
z_0053_444.434483.png,#b1780b,2,444.156421,17.304796,0.692192,0.040000
z_0053_444.434483.png,#b79506,5,263.279221,10.257632,0.410305,0.040000
z_0053_444.434483.png,#bb4d92,7,438.475180,17.083449,0.683338,0.040000
z_0053_444.434483.png,#cc78e7,11,508.215295,19.800596,0.792024,0.040000
z_0053_444.434483.png,#d10402,8,759.151370,29.577326,1.183093,0.040000
z_0053_444.434483.png,#d4194e,3,437.546248,17.047256,0.681890,0.040000
z_0054_445.462069.png,#127d93,2,191.438600,7.458647,0.298346,0.040000
z_0054_445.462069.png,#322d4f,5,265.379726,10.339470,0.413579,0.040000
z_0054_445.462069.png,#46a2a5,5,451.487373,17.590417,0.703617,0.040000
z_0054_445.462069.png,#55087e,2,150.367532,5.858475,0.234339,0.040000
z_0054_445.462069.png,#618128,2,74.870058,2.917015,0.116681,0.040000
z_0054_445.462069.png,#88fe9d,1,60.627417,2.362107,0.094484,0.040000
z_0054_445.462069.png,#9d9548,3,445.244733,17.347197,0.693888,0.040000
z_0054_445.462069.png,#a46e60,2,121.740115,4.743121,0.189725,0.040000
z_0054_445.462069.png,#a6057f,4,137.053824,5.339759,0.213590,0.040000
z_0054_445.462069.png,#b1780b,2,444.742207,17.327618,0.693105,0.040000
z_0054_445.462069.png,#b79506,5,263.279221,10.257632,0.410305,0.040000
z_0054_445.462069.png,#bb4d92,7,438.232539,17.073995,0.682960,0.040000
z_0054_445.462069.png,#cc78e7,11,508.801082,19.823419,0.792937,0.040000
z_0054_445.462069.png,#d10402,8,758.322943,29.545050,1.181802,0.040000
z_0054_445.462069.png,#d4194e,3,438.374675,17.079533,0.683181,0.040000
z_0055_446.489655.png,#127d93,2,199.438600,7.770335,0.310813,0.040000
z_0055_446.489655.png,#322d4f,6,291.036580,11.339088,0.453564,0.040000
z_0055_446.489655.png,#46a2a5,6,425.345238,16.571892,0.662876,0.040000
z_0055_446.489655.png,#55087e,3,216.066017,8.418157,0.336726,0.040000
z_0055_446.489655.png,#618128,2,98.669048,3.844249,0.153770,0.040000
z_0055_446.489655.png,#88fe9d,1,58.041631,2.261362,0.090454,0.040000
z_0055_446.489655.png,#9d9548,4,429.060967,16.716661,0.668666,0.040000
z_0055_446.489655.png,#a46e60,4,159.053824,6.196902,0.247876,0.040000
z_0055_446.489655.png,#a6057f,3,108.568542,4.229943,0.169198,0.040000
z_0055_446.489655.png,#b1780b,2,473.671140,18.454720,0.738189,0.040000
z_0055_446.489655.png,#b79506,6,294.693434,11.481562,0.459262,0.040000
z_0055_446.489655.png,#bb4d92,6,461.688384,17.987859,0.719514,0.040000
z_0055_446.489655.png,#cc78e7,10,622.925974,24.269843,0.970794,0.040000
z_0055_446.489655.png,#d10402,9,751.009235,29.260100,1.170404,0.040000
z_0055_446.489655.png,#d4194e,3,509.587878,19.854073,0.794163,0.040000
z_0056_447.517241.png,#127d93,2,203.681241,7.935633,0.317425,0.040000
z_0056_447.517241.png,#322d4f,8,311.764502,12.146669,0.485867,0.040000
z_0056_447.517241.png,#46a2a5,7,371.303607,14.466374,0.578655,0.040000
z_0056_447.517241.png,#55087e,3,227.036580,8.845581,0.353823,0.040000
z_0056_447.517241.png,#618128,2,111.497475,4.344057,0.173762,0.040000
z_0056_447.517241.png,#88fe9d,1,58.041631,2.261362,0.090454,0.040000
z_0056_447.517241.png,#9d9548,5,442.960461,17.258200,0.690328,0.040000
z_0056_447.517241.png,#a46e60,4,170.124892,6.628243,0.265130,0.040000
z_0056_447.517241.png,#a6057f,3,103.740115,4.041823,0.161673,0.040000
z_0056_447.517241.png,#b1780b,5,520.641702,20.284742,0.811390,0.040000
z_0056_447.517241.png,#b79506,6,300.350288,11.701959,0.468078,0.040000
z_0056_447.517241.png,#bb4d92,6,476.759451,18.575044,0.743002,0.040000
z_0056_447.517241.png,#cc78e7,10,682.766594,26.601296,1.064052,0.040000
z_0056_447.517241.png,#d10402,10,796.264069,31.023275,1.240931,0.040000
z_0056_447.517241.png,#d4194e,3,525.002092,20.454627,0.818185,0.040000
z_0057_448.544828.png,#127d93,3,267.137085,10.407938,0.416318,0.040000
z_0057_448.544828.png,#322d4f,6,362.634560,14.128619,0.565145,0.040000
z_0057_448.544828.png,#46a2a5,6,383.889394,14.956730,0.598269,0.040000
z_0057_448.544828.png,#55087e,3,301.220346,11.735858,0.469434,0.040000
z_0057_448.544828.png,#618128,1,140.225397,5.463327,0.218533,0.040000
z_0057_448.544828.png,#88fe9d,2,77.941125,3.036667,0.121467,0.040000
z_0057_448.544828.png,#9d9548,5,513.487373,20.006002,0.800240,0.040000
z_0057_448.544828.png,#a46e60,5,207.580736,8.087561,0.323502,0.040000
z_0057_448.544828.png,#a6057f,3,100.669048,3.922171,0.156887,0.040000
z_0057_448.544828.png,#b1780b,3,463.144228,18.044580,0.721783,0.040000
z_0057_448.544828.png,#b79506,6,304.007143,11.844434,0.473777,0.040000
z_0057_448.544828.png,#bb4d92,8,550.357431,21.442497,0.857700,0.040000
z_0057_448.544828.png,#cc78e7,11,827.234631,32.229921,1.289197,0.040000
z_0057_448.544828.png,#d10402,8,888.246825,34.607019,1.384281,0.040000
z_0057_448.544828.png,#d4194e,3,538.315801,20.973343,0.838934,0.040000
z_0058_449.572414.png,#127d93,4,312.107648,12.160038,0.486402,0.040000
z_0058_449.572414.png,#322d4f,6,344.977705,13.440690,0.537628,0.040000
z_0058_449.572414.png,#46a2a5,7,390.475180,15.213319,0.608533,0.040000
z_0058_449.572414.png,#55087e,3,288.048773,11.222679,0.448907,0.040000
z_0058_449.572414.png,#618128,1,147.781746,5.757730,0.230309,0.040000
z_0058_449.572414.png,#88fe9d,2,89.355339,3.481377,0.139255,0.040000
z_0058_449.572414.png,#9d9548,7,588.215295,22.917479,0.916699,0.040000
z_0058_449.572414.png,#a46e60,5,218.166522,8.499994,0.340000,0.040000
z_0058_449.572414.png,#a6057f,3,113.740115,4.431433,0.177257,0.040000
z_0058_449.572414.png,#b1780b,3,459.286363,17.894274,0.715771,0.040000
z_0058_449.572414.png,#b79506,6,301.764502,11.757059,0.470282,0.040000
z_0058_449.572414.png,#bb4d92,9,616.440692,24.017170,0.960687,0.040000
z_0058_449.572414.png,#cc78e7,10,906.832611,35.331141,1.413246,0.040000
z_0058_449.572414.png,#d10402,8,908.045815,35.378408,1.415136,0.040000
z_0058_449.572414.png,#d4194e,4,528.658946,20.597102,0.823884,0.040000
z_0059_450.600000.png,#127d93,4,327.178716,12.747223,0.509889,0.040000
z_0059_450.600000.png,#322d4f,6,322.149278,12.551271,0.502051,0.040000
z_0059_450.600000.png,#46a2a5,6,361.161472,14.071226,0.562849,0.040000
z_0059_450.600000.png,#55087e,2,268.977705,10.479651,0.419186,0.040000
z_0059_450.600000.png,#618128,1,178.267027,6.945469,0.277819,0.040000
z_0059_450.600000.png,#88fe9d,2,95.597980,3.724597,0.148984,0.040000
z_0059_450.600000.png,#9d9548,6,647.570635,25.230025,1.009201,0.040000
z_0059_450.600000.png,#a46e60,5,237.379726,9.248561,0.369942,0.040000
z_0059_450.600000.png,#a6057f,5,280.149278,10.914907,0.436596,0.040000
z_0059_450.600000.png,#b1780b,4,462.114790,18.004472,0.720179,0.040000
z_0059_450.600000.png,#b79506,6,302.592929,11.789335,0.471573,0.040000
z_0059_450.600000.png,#bb4d92,9,599.126984,23.342610,0.933704,0.040000
z_0059_450.600000.png,#cc78e7,14,1020.714862,39.768112,1.590724,0.040000
z_0059_450.600000.png,#d10402,8,942.915872,36.736982,1.469479,0.040000
z_0059_450.600000.png,#d4194e,4,519.002092,20.220861,0.808834,0.040000
z_0060_451.627586.png,#127d93,5,328.492424,12.798406,0.511936,0.040000
z_0060_451.627586.png,#322d4f,7,312.492424,12.175030,0.487001,0.040000
z_0060_451.627586.png,#46a2a5,6,349.747258,13.626517,0.545061,0.040000
z_0060_451.627586.png,#55087e,4,326.291414,12.712652,0.508506,0.040000
z_0060_451.627586.png,#618128,2,141.781746,5.523964,0.220959,0.040000
z_0060_451.627586.png,#88fe9d,2,103.254834,4.022916,0.160917,0.040000
z_0060_451.627586.png,#9d9548,6,722.139177,28.135293,1.125412,0.040000
z_0060_451.627586.png,#a46e60,5,247.379726,9.638171,0.385527,0.040000
z_0060_451.627586.png,#a6057f,5,288.735065,11.249418,0.449977,0.040000
z_0060_451.627586.png,#b1780b,5,448.901587,17.489672,0.699587,0.040000
z_0060_451.627586.png,#b79506,6,321.078210,12.509541,0.500382,0.040000
z_0060_451.627586.png,#bb4d92,12,548.357431,21.364575,0.854583,0.040000
z_0060_451.627586.png,#cc78e7,14,1004.572727,39.139197,1.565568,0.040000
z_0060_451.627586.png,#d10402,8,969.259018,37.763338,1.510534,0.040000
z_0060_451.627586.png,#d4194e,5,534.801082,20.836406,0.833456,0.040000
z_0061_452.655172.png,#127d93,5,309.279221,12.049840,0.481994,0.040000
z_0061_452.655172.png,#322d4f,7,298.735065,11.639028,0.465561,0.040000
z_0061_452.655172.png,#46a2a5,7,350.433550,13.653255,0.546130,0.040000
z_0061_452.655172.png,#55087e,3,362.918831,14.139695,0.565588,0.040000
z_0061_452.655172.png,#618128,2,137.195959,5.345297,0.213812,0.040000
z_0061_452.655172.png,#88fe9d,2,109.254834,4.256682,0.170267,0.040000
z_0061_452.655172.png,#9d9548,6,631.712770,24.612186,0.984487,0.040000
z_0061_452.655172.png,#a46e60,5,288.835570,11.253334,0.450133,0.040000
z_0061_452.655172.png,#a6057f,5,320.433550,12.484424,0.499377,0.040000
z_0061_452.655172.png,#b1780b,5,421.445743,16.419964,0.656799,0.040000
z_0061_452.655172.png,#b79506,8,345.119841,13.446228,0.537849,0.040000
z_0061_452.655172.png,#bb4d92,11,436.274170,16.997695,0.679908,0.040000
z_0061_452.655172.png,#cc78e7,12,1066.472222,41.550866,1.662035,0.040000
z_0061_452.655172.png,#d10402,7,1016.229581,39.593360,1.583734,0.040000
z_0061_452.655172.png,#d4194e,5,556.842712,21.695171,0.867807,0.040000
z_0062_453.682759.png,#127d93,5,289.279221,11.270619,0.450825,0.040000
z_0062_453.682759.png,#322d4f,7,304.048773,11.846056,0.473842,0.040000
z_0062_453.682759.png,#46a2a5,7,375.404112,14.626134,0.585045,0.040000
z_0062_453.682759.png,#55087e,3,392.475180,15.291241,0.611650,0.040000
z_0062_453.682759.png,#618128,3,136.710678,5.326390,0.213056,0.040000
z_0062_453.682759.png,#88fe9d,2,115.396970,4.495986,0.179839,0.040000
z_0062_453.682759.png,#9d9548,5,592.541197,23.086021,0.923441,0.040000
z_0062_453.682759.png,#a46e60,5,290.977705,11.336794,0.453472,0.040000
z_0062_453.682759.png,#a6057f,5,338.918831,13.204630,0.528185,0.040000
z_0062_453.682759.png,#b1780b,5,410.274170,15.984708,0.639388,0.040000
z_0062_453.682759.png,#b79506,8,378.877200,14.761449,0.590458,0.040000
z_0062_453.682759.png,#bb4d92,10,373.889394,14.567119,0.582685,0.040000
z_0062_453.682759.png,#cc78e7,11,1091.300649,42.518207,1.700728,0.040000
z_0062_453.682759.png,#d10402,7,1025.058008,39.937325,1.597493,0.040000
z_0062_453.682759.png,#d4194e,6,602.783838,23.485085,0.939403,0.040000
z_0063_454.710345.png,#127d93,4,282.208153,10.995123,0.439805,0.040000
z_0063_454.710345.png,#322d4f,7,292.977705,11.414716,0.456589,0.040000
z_0063_454.710345.png,#46a2a5,7,387.889394,15.112574,0.604503,0.040000
z_0063_454.710345.png,#55087e,5,454.416306,17.704531,0.708181,0.040000
z_0063_454.710345.png,#618128,5,188.409163,7.340617,0.293625,0.040000
z_0063_454.710345.png,#88fe9d,2,117.982756,4.596731,0.183869,0.040000
z_0063_454.710345.png,#9d9548,5,605.712770,23.599199,0.943968,0.040000
z_0063_454.710345.png,#a46e60,5,299.220346,11.657936,0.466317,0.040000
z_0063_454.710345.png,#a6057f,5,343.261977,13.373843,0.534954,0.040000
z_0063_454.710345.png,#b1780b,5,398.374675,15.521091,0.620844,0.040000
z_0063_454.710345.png,#b79506,8,412.090404,16.055470,0.642219,0.040000
z_0063_454.710345.png,#bb4d92,8,333.019336,12.974779,0.518991,0.040000
z_0063_454.710345.png,#cc78e7,11,1098.472222,42.797619,1.711905,0.040000
z_0063_454.710345.png,#d10402,7,1036.673232,40.389866,1.615595,0.040000
z_0063_454.710345.png,#d4194e,6,675.553391,26.320262,1.052810,0.040000
z_0064_455.737931.png,#127d93,4,286.350288,11.156505,0.446260,0.040000
z_0064_455.737931.png,#322d4f,7,264.007143,10.285993,0.411440,0.040000
z_0064_455.737931.png,#46a2a5,7,379.747258,14.795348,0.591814,0.040000
z_0064_455.737931.png,#55087e,4,496.700577,19.351971,0.774079,0.040000
z_0064_455.737931.png,#618128,4,194.651804,7.583837,0.303353,0.040000
z_0064_455.737931.png,#88fe9d,2,126.124892,4.913957,0.196558,0.040000
z_0064_455.737931.png,#9d9548,4,465.830519,18.149241,0.725970,0.040000
z_0064_455.737931.png,#a46e60,5,323.019336,12.585169,0.503407,0.040000
z_0064_455.737931.png,#a6057f,5,340.190909,13.254191,0.530168,0.040000
z_0064_455.737931.png,#b1780b,6,423.445743,16.497886,0.659915,0.040000
z_0064_455.737931.png,#b79506,8,439.504617,17.123557,0.684942,0.040000
z_0064_455.737931.png,#bb4d92,8,340.776695,13.277014,0.531081,0.040000
z_0064_455.737931.png,#cc78e7,11,1097.158513,42.746436,1.709857,0.040000
z_0064_455.737931.png,#d10402,7,1051.200144,40.955850,1.638234,0.040000
z_0064_455.737931.png,#d4194e,7,685.695526,26.715410,1.068616,0.040000
z_0065_456.765517.png,#127d93,4,283.279221,11.036853,0.441474,0.040000
z_0065_456.765517.png,#322d4f,7,262.007143,10.208070,0.408323,0.040000
z_0065_456.765517.png,#46a2a5,7,382.575685,14.905546,0.596222,0.040000
z_0065_456.765517.png,#55087e,4,498.114790,19.407070,0.776283,0.040000
z_0065_456.765517.png,#618128,4,191.823376,7.473638,0.298946,0.040000
z_0065_456.765517.png,#88fe9d,2,125.539105,4.891134,0.195645,0.040000
z_0065_456.765517.png,#9d9548,4,465.002092,18.116965,0.724679,0.040000
z_0065_456.765517.png,#a46e60,5,324.433550,12.640268,0.505611,0.040000
z_0065_456.765517.png,#a6057f,5,340.190909,13.254191,0.530168,0.040000
z_0065_456.765517.png,#b1780b,6,426.516811,16.617538,0.664702,0.040000
z_0065_456.765517.png,#b79506,8,439.504617,17.123557,0.684942,0.040000
z_0065_456.765517.png,#bb4d92,8,340.190909,13.254191,0.530168,0.040000
z_0065_456.765517.png,#cc78e7,11,1098.815367,42.810988,1.712440,0.040000
z_0065_456.765517.png,#d10402,7,1050.129076,40.914120,1.636565,0.040000
z_0065_456.765517.png,#d4194e,7,687.695526,26.793332,1.071733,0.040000
z_0066_457.793103.png,#127d93,6,326.291414,12.712652,0.508506,0.040000
z_0066_457.793103.png,#322d4f,6,276.835570,10.785801,0.431432,0.040000
z_0066_457.793103.png,#46a2a5,7,335.948268,13.088894,0.523556,0.040000
z_0066_457.793103.png,#55087e,5,684.950360,26.686378,1.067455,0.040000
z_0066_457.793103.png,#618128,4,202.208153,7.878240,0.315130,0.040000
z_0066_457.793103.png,#88fe9d,2,150.124892,5.849022,0.233961,0.040000
z_0066_457.793103.png,#9d9548,4,536.943218,20.919866,0.836795,0.040000
z_0066_457.793103.png,#a46e60,5,334.048773,13.014887,0.520595,0.040000
z_0066_457.793103.png,#a6057f,4,305.663997,11.908987,0.476359,0.040000
z_0066_457.793103.png,#b1780b,4,395.220346,15.398195,0.615928,0.040000
z_0066_457.793103.png,#b79506,6,423.060967,16.482895,0.659316,0.040000
z_0066_457.793103.png,#bb4d92,11,391.303607,15.245595,0.609824,0.040000
z_0066_457.793103.png,#cc78e7,12,1004.146320,39.122584,1.564903,0.040000
z_0066_457.793103.png,#d10402,6,1074.714862,41.872008,1.674880,0.040000
z_0066_457.793103.png,#d4194e,6,659.452886,25.692970,1.027719,0.040000
z_0067_458.820690.png,#127d93,6,324.534055,12.644184,0.505767,0.040000
z_0067_458.820690.png,#322d4f,6,282.977705,11.025105,0.441004,0.040000
z_0067_458.820690.png,#46a2a5,7,321.705627,12.533985,0.501359,0.040000
z_0067_458.820690.png,#55087e,5,715.193001,27.864662,1.114586,0.040000
z_0067_458.820690.png,#618128,4,217.279221,8.465424,0.338617,0.040000
z_0067_458.820690.png,#88fe9d,2,156.124892,6.082788,0.243312,0.040000
z_0067_458.820690.png,#9d9548,4,529.771645,20.640454,0.825618,0.040000
z_0067_458.820690.png,#a46e60,5,320.048773,12.469433,0.498777,0.040000
z_0067_458.820690.png,#a6057f,6,318.492424,12.408796,0.496352,0.040000
z_0067_458.820690.png,#b1780b,4,394.291414,15.362003,0.614480,0.040000
z_0067_458.820690.png,#b79506,7,430.960461,16.790667,0.671627,0.040000
z_0067_458.820690.png,#bb4d92,10,372.676190,14.519852,0.580794,0.040000
z_0067_458.820690.png,#cc78e7,11,999.761543,38.951748,1.558070,0.040000
z_0067_458.820690.png,#d10402,7,1093.058008,42.586676,1.703467,0.040000
z_0067_458.820690.png,#d4194e,6,638.967604,24.894842,0.995794,0.040000
z_0068_459.848276.png,#127d93,6,346.776695,13.510780,0.540431,0.040000
z_0068_459.848276.png,#322d4f,6,298.433550,11.627281,0.465091,0.040000
z_0068_459.848276.png,#46a2a5,6,340.534055,13.267561,0.530702,0.040000
z_0068_459.848276.png,#55087e,4,695.979797,27.116096,1.084644,0.040000
z_0068_459.848276.png,#618128,5,221.622366,8.634638,0.345386,0.040000
z_0068_459.848276.png,#88fe9d,3,166.267027,6.477936,0.259117,0.040000
z_0068_459.848276.png,#9d9548,3,527.386868,20.547540,0.821902,0.040000
z_0068_459.848276.png,#a46e60,6,310.977705,12.116014,0.484641,0.040000
z_0068_459.848276.png,#a6057f,5,360.877200,14.060151,0.562406,0.040000
z_0068_459.848276.png,#b1780b,4,395.563492,15.411565,0.616463,0.040000
z_0068_459.848276.png,#b79506,7,461.546248,17.982321,0.719293,0.040000
z_0068_459.848276.png,#bb4d92,10,370.676190,14.441929,0.577677,0.040000
z_0068_459.848276.png,#cc78e7,10,943.477272,36.758855,1.470354,0.040000
z_0068_459.848276.png,#d10402,8,1124.614357,43.816144,1.752646,0.040000
z_0068_459.848276.png,#d4194e,6,631.796031,24.615430,0.984617,0.040000
z_0069_460.875862.png,#127d93,5,368.333044,14.350638,0.574026,0.040000
z_0069_460.875862.png,#322d4f,6,299.705627,11.676843,0.467074,0.040000
z_0069_460.875862.png,#46a2a5,6,341.462987,13.303753,0.532150,0.040000
z_0069_460.875862.png,#55087e,4,698.808225,27.226294,1.089052,0.040000
z_0069_460.875862.png,#618128,6,215.279221,8.387502,0.335500,0.040000
z_0069_460.875862.png,#88fe9d,3,162.367532,6.326008,0.253040,0.040000
z_0069_460.875862.png,#9d9548,4,542.943218,21.153632,0.846145,0.040000
z_0069_460.875862.png,#a46e60,4,288.107648,11.224973,0.448999,0.040000
z_0069_460.875862.png,#a6057f,6,388.575685,15.139312,0.605572,0.040000
z_0069_460.875862.png,#b1780b,5,384.634560,14.985762,0.599430,0.040000
z_0069_460.875862.png,#b79506,6,513.546248,20.008295,0.800332,0.040000
z_0069_460.875862.png,#bb4d92,11,380.333044,14.818171,0.592727,0.040000
z_0069_460.875862.png,#cc78e7,11,925.962554,36.076463,1.443059,0.040000
z_0069_460.875862.png,#d10402,9,1123.928066,43.789405,1.751576,0.040000
z_0069_460.875862.png,#d4194e,8,575.369624,22.416998,0.896680,0.040000
z_0070_461.903448.png,#127d93,5,400.475180,15.602929,0.624117,0.040000
z_0070_461.903448.png,#322d4f,6,308.776695,12.030261,0.481210,0.040000
z_0070_461.903448.png,#46a2a5,7,349.119841,13.602072,0.544083,0.040000
z_0070_461.903448.png,#55087e,5,747.193001,29.111416,1.164457,0.040000
z_0070_461.903448.png,#618128,6,193.237590,7.528737,0.301149,0.040000
z_0070_461.903448.png,#88fe9d,3,156.710678,6.105611,0.244224,0.040000
z_0070_461.903448.png,#9d9548,5,606.541197,23.631475,0.945259,0.040000
z_0070_461.903448.png,#a46e60,4,286.107648,11.147051,0.445882,0.040000
z_0070_461.903448.png,#a6057f,5,418.859956,16.319219,0.652769,0.040000
z_0070_461.903448.png,#b1780b,5,355.663997,13.857039,0.554282,0.040000
z_0070_461.903448.png,#b79506,7,518.901587,20.216945,0.808678,0.040000
z_0070_461.903448.png,#bb4d92,10,403.060967,15.703674,0.628147,0.040000
z_0070_461.903448.png,#cc78e7,9,998.974747,38.921094,1.556844,0.040000
z_0070_461.903448.png,#d10402,10,1079.217388,42.047431,1.681897,0.040000
z_0070_461.903448.png,#d4194e,8,512.457936,19.965894,0.798636,0.040000
z_0071_462.931034.png,#127d93,4,377.060967,14.690687,0.587627,0.040000
z_0071_462.931034.png,#322d4f,6,312.877200,12.190021,0.487601,0.040000
z_0071_462.931034.png,#46a2a5,7,326.634560,12.726022,0.509041,0.040000
z_0071_462.931034.png,#55087e,5,781.477272,30.447166,1.217887,0.040000
z_0071_462.931034.png,#618128,7,188.166522,7.331163,0.293247,0.040000
z_0071_462.931034.png,#88fe9d,3,142.325902,5.545165,0.221807,0.040000
z_0071_462.931034.png,#9d9548,5,624.440692,24.328858,0.973154,0.040000
z_0071_462.931034.png,#a46e60,4,286.936075,11.179328,0.447173,0.040000
z_0071_462.931034.png,#a6057f,5,414.374675,16.144468,0.645779,0.040000
z_0071_462.931034.png,#b1780b,5,367.563492,14.320656,0.572826,0.040000
z_0071_462.931034.png,#b79506,8,527.144228,20.538087,0.821523,0.040000
z_0071_462.931034.png,#bb4d92,10,448.031529,17.455774,0.698231,0.040000
z_0071_462.931034.png,#cc78e7,9,932.648845,36.336968,1.453479,0.040000
z_0071_462.931034.png,#d10402,11,1049.418398,40.886431,1.635457,0.040000
z_0071_462.931034.png,#d4194e,7,477.244733,18.593951,0.743758,0.040000
z_0072_463.958621.png,#127d93,4,370.918831,14.451383,0.578055,0.040000
z_0072_463.958621.png,#322d4f,7,340.190909,13.254191,0.530168,0.040000
z_0072_463.958621.png,#46a2a5,7,316.391919,12.326958,0.493078,0.040000
z_0072_463.958621.png,#55087e,4,789.376767,30.754939,1.230198,0.040000
z_0072_463.958621.png,#618128,6,194.651804,7.583837,0.303353,0.040000
z_0072_463.958621.png,#88fe9d,2,134.468037,5.239014,0.209561,0.040000
z_0072_463.958621.png,#9d9548,5,629.612265,24.530348,0.981214,0.040000
z_0072_463.958621.png,#a46e60,4,294.492424,11.473731,0.458949,0.040000
z_0072_463.958621.png,#a6057f,5,413.931024,16.127183,0.645087,0.040000
z_0072_463.958621.png,#b1780b,4,365.906638,14.256103,0.570244,0.040000
z_0072_463.958621.png,#b79506,8,538.457936,20.978881,0.839155,0.040000
z_0072_463.958621.png,#bb4d92,10,491.931024,19.166144,0.766646,0.040000
z_0072_463.958621.png,#cc78e7,9,931.761543,36.302398,1.452096,0.040000
z_0072_463.958621.png,#d10402,12,1056.045815,41.144642,1.645786,0.040000
z_0072_463.958621.png,#d4194e,7,465.102597,18.120880,0.724835,0.040000
z_0073_464.986207.png,#127d93,6,344.977705,13.440690,0.537628,0.040000
z_0073_464.986207.png,#322d4f,7,337.705627,13.157362,0.526294,0.040000
z_0073_464.986207.png,#46a2a5,8,326.634560,12.726022,0.509041,0.040000
z_0073_464.986207.png,#55087e,4,797.962554,31.089450,1.243578,0.040000
z_0073_464.986207.png,#618128,6,196.994949,7.675128,0.307005,0.040000
z_0073_464.986207.png,#88fe9d,2,138.367532,5.390943,0.215638,0.040000
z_0073_464.986207.png,#9d9548,7,874.648845,34.077228,1.363089,0.040000
z_0073_464.986207.png,#a46e60,4,304.007143,11.844434,0.473777,0.040000
z_0073_464.986207.png,#a6057f,6,413.730014,16.119351,0.644774,0.040000
z_0073_464.986207.png,#b1780b,4,364.634560,14.206541,0.568262,0.040000
z_0073_464.986207.png,#b79506,9,553.286363,21.556612,0.862264,0.040000
z_0073_464.986207.png,#bb4d92,11,552.901587,21.541620,0.861665,0.040000
z_0073_464.986207.png,#cc78e7,11,915.276262,35.660114,1.426405,0.040000
z_0073_464.986207.png,#d10402,12,1063.075252,41.418516,1.656741,0.040000
z_0073_464.986207.png,#d4194e,7,457.788889,17.835931,0.713437,0.040000
z_0074_466.013793.png,#127d93,6,359.462987,14.005051,0.560202,0.040000
z_0074_466.013793.png,#322d4f,8,371.019336,14.455299,0.578212,0.040000
z_0074_466.013793.png,#46a2a5,7,321.663997,12.532364,0.501295,0.040000
z_0074_466.013793.png,#55087e,5,784.648845,30.570734,1.222829,0.040000
z_0074_466.013793.png,#618128,6,185.580736,7.230418,0.289217,0.040000
z_0074_466.013793.png,#88fe9d,2,131.539105,5.124900,0.204996,0.040000
z_0074_466.013793.png,#9d9548,9,860.790981,33.537311,1.341492,0.040000
z_0074_466.013793.png,#a46e60,4,327.220346,12.748845,0.509954,0.040000
z_0074_466.013793.png,#a6057f,7,390.859956,15.228310,0.609132,0.040000
z_0074_466.013793.png,#b1780b,4,334.592929,13.036088,0.521444,0.040000
z_0074_466.013793.png,#b79506,7,515.487373,20.083924,0.803357,0.040000
z_0074_466.013793.png,#bb4d92,12,637.185858,24.825423,0.993017,0.040000
z_0074_466.013793.png,#cc78e7,10,896.205194,34.917085,1.396683,0.040000
z_0074_466.013793.png,#d10402,8,1090.531096,42.488225,1.699529,0.040000
z_0074_466.013793.png,#d4194e,8,475.931024,18.542767,0.741711,0.040000
z_0075_467.041379.png,#127d93,6,350.977705,13.674456,0.546978,0.040000
z_0075_467.041379.png,#322d4f,8,391.705627,15.261258,0.610450,0.040000
z_0075_467.041379.png,#46a2a5,7,307.178716,11.968002,0.478720,0.040000
z_0075_467.041379.png,#55087e,7,744.707720,29.014586,1.160583,0.040000
z_0075_467.041379.png,#618128,6,163.438600,6.367738,0.254710,0.040000
z_0075_467.041379.png,#88fe9d,2,130.468037,5.083170,0.203327,0.040000
z_0075_467.041379.png,#9d9548,7,869.175757,33.863991,1.354560,0.040000
z_0075_467.041379.png,#a46e60,5,362.776695,14.134157,0.565366,0.040000
z_0075_467.041379.png,#a6057f,9,384.374675,14.975637,0.599025,0.040000
z_0075_467.041379.png,#b1780b,4,318.936075,12.426081,0.497043,0.040000
z_0075_467.041379.png,#b79506,7,565.286363,22.024144,0.880966,0.040000
z_0075_467.041379.png,#bb4d92,12,773.068109,30.119537,1.204781,0.040000
z_0075_467.041379.png,#cc78e7,11,864.305699,33.674248,1.346970,0.040000
z_0075_467.041379.png,#d10402,8,1110.229581,43.255698,1.730228,0.040000
z_0075_467.041379.png,#d4194e,8,495.487373,19.304703,0.772188,0.040000
z_0076_468.068966.png,#127d93,5,269.279221,10.491398,0.419656,0.040000
z_0076_468.068966.png,#322d4f,7,362.977705,14.141989,0.565680,0.040000
z_0076_468.068966.png,#46a2a5,7,305.078210,11.886164,0.475447,0.040000
z_0076_468.068966.png,#55087e,7,705.778787,27.497875,1.099915,0.040000
z_0076_468.068966.png,#618128,6,161.438600,6.289816,0.251593,0.040000
z_0076_468.068966.png,#88fe9d,2,134.953319,5.257922,0.210317,0.040000
z_0076_468.068966.png,#9d9548,7,879.862048,34.280340,1.371214,0.040000
z_0076_468.068966.png,#a46e60,6,384.676190,14.987384,0.599495,0.040000
z_0076_468.068966.png,#a6057f,7,453.587878,17.672255,0.706890,0.040000
z_0076_468.068966.png,#b1780b,4,305.663997,11.908987,0.476359,0.040000
z_0076_468.068966.png,#b79506,7,562.700577,21.923399,0.876936,0.040000
z_0076_468.068966.png,#bb4d92,12,857.251875,33.399424,1.335977,0.040000
z_0076_468.068966.png,#cc78e7,11,761.979797,29.687525,1.187501,0.040000
z_0076_468.068966.png,#d10402,8,1174.271211,45.750826,1.830033,0.040000
z_0076_468.068966.png,#d4194e,8,499.487373,19.460547,0.778422,0.040000
z_0077_469.096552.png,#127d93,6,260.793939,10.160803,0.406432,0.040000
z_0077_469.096552.png,#322d4f,6,341.663997,13.311584,0.532463,0.040000
z_0077_469.096552.png,#46a2a5,7,296.350288,11.546115,0.461845,0.040000
z_0077_469.096552.png,#55087e,7,672.080303,26.184947,1.047398,0.040000
z_0077_469.096552.png,#618128,6,160.267027,6.244170,0.249767,0.040000
z_0077_469.096552.png,#88fe9d,2,134.367532,5.235099,0.209404,0.040000
z_0077_469.096552.png,#9d9548,8,882.891486,34.398370,1.375935,0.040000
z_0077_469.096552.png,#a46e60,7,397.747258,15.496646,0.619866,0.040000
z_0077_469.096552.png,#a6057f,6,495.771645,19.315778,0.772631,0.040000
z_0077_469.096552.png,#b1780b,4,296.107648,11.536662,0.461466,0.040000
z_0077_469.096552.png,#b79506,7,587.570635,22.892362,0.915694,0.040000
z_0077_469.096552.png,#bb4d92,13,858.180808,33.435616,1.337425,0.040000
z_0077_469.096552.png,#cc78e7,10,688.239682,26.814533,1.072581,0.040000
z_0077_469.096552.png,#d10402,8,1187.543289,46.267920,1.850717,0.040000
z_0077_469.096552.png,#d4194e,9,673.310750,26.232886,1.049315,0.040000
z_0078_470.124138.png,#127d93,6,279.036580,10.871555,0.434862,0.040000
z_0078_470.124138.png,#322d4f,6,322.048773,12.547355,0.501894,0.040000
z_0078_470.124138.png,#46a2a5,8,306.977705,11.960170,0.478407,0.040000
z_0078_470.124138.png,#55087e,7,626.381818,24.404486,0.976179,0.040000
z_0078_470.124138.png,#618128,6,177.923882,6.932099,0.277284,0.040000
z_0078_470.124138.png,#88fe9d,2,166.166522,6.474020,0.258961,0.040000
z_0078_470.124138.png,#9d9548,10,842.849855,32.838306,1.313532,0.040000
z_0078_470.124138.png,#a46e60,7,414.818326,16.161753,0.646470,0.040000
z_0078_470.124138.png,#a6057f,6,498.801082,19.433808,0.777352,0.040000
z_0078_470.124138.png,#b1780b,5,304.007143,11.844434,0.473777,0.040000
z_0078_470.124138.png,#b79506,10,582.298557,22.686957,0.907478,0.040000
z_0078_470.124138.png,#bb4d92,16,865.695526,33.728397,1.349136,0.040000
z_0078_470.124138.png,#cc78e7,13,667.997041,26.025859,1.041034,0.040000
z_0078_470.124138.png,#d10402,7,1264.798123,49.277849,1.971114,0.040000
z_0078_470.124138.png,#d4194e,9,678.724963,26.443830,1.057753,0.040000
z_0079_471.151724.png,#127d93,5,317.663997,12.376519,0.495061,0.040000
z_0079_471.151724.png,#322d4f,7,278.835570,10.863723,0.434549,0.040000
z_0079_471.151724.png,#46a2a5,9,350.776695,13.666624,0.546665,0.040000
z_0079_471.151724.png,#55087e,8,596.925974,23.256856,0.930274,0.040000
z_0079_471.151724.png,#618128,6,197.580736,7.697951,0.307918,0.040000
z_0079_471.151724.png,#88fe9d,2,169.580736,6.607042,0.264282,0.040000
z_0079_471.151724.png,#9d9548,11,795.979797,31.012200,1.240488,0.040000
z_0079_471.151724.png,#a46e60,7,425.989899,16.597009,0.663880,0.040000
z_0079_471.151724.png,#a6057f,6,483.144228,18.823801,0.752952,0.040000
z_0079_471.151724.png,#b1780b,4,306.350288,11.935726,0.477429,0.040000
z_0079_471.151724.png,#b79506,10,550.984848,21.466942,0.858678,0.040000
z_0079_471.151724.png,#bb4d92,13,805.109740,31.367912,1.254716,0.040000
z_0079_471.151724.png,#cc78e7,11,634.298557,24.712931,0.988517,0.040000
z_0079_471.151724.png,#d10402,8,1303.383910,50.781191,2.031248,0.040000
z_0079_471.151724.png,#d4194e,10,688.724963,26.833440,1.073338,0.040000
z_0080_472.179310.png,#127d93,6,357.705627,13.936583,0.557463,0.040000
z_0080_472.179310.png,#322d4f,7,238.693434,9.299744,0.371990,0.040000
z_0080_472.179310.png,#46a2a5,6,342.433550,13.341567,0.533663,0.040000
z_0080_472.179310.png,#55087e,7,586.097546,22.834969,0.913399,0.040000
z_0080_472.179310.png,#618128,5,218.308658,8.505532,0.340221,0.040000
z_0080_472.179310.png,#88fe9d,2,152.468037,5.940313,0.237613,0.040000
z_0080_472.179310.png,#9d9548,11,686.925974,26.763350,1.070534,0.040000
z_0080_472.179310.png,#a46e60,7,436.717821,17.014980,0.680599,0.040000
z_0080_472.179310.png,#a6057f,7,490.558441,19.112667,0.764507,0.040000
z_0080_472.179310.png,#b1780b,4,307.178716,11.968002,0.478720,0.040000
z_0080_472.179310.png,#b79506,8,496.943218,19.361424,0.774457,0.040000
z_0080_472.179310.png,#bb4d92,14,828.506709,32.279482,1.291179,0.040000
z_0080_472.179310.png,#cc78e7,10,618.298557,24.089554,0.963582,0.040000
z_0080_472.179310.png,#d10402,9,1318.496608,51.369998,2.054800,0.040000
z_0080_472.179310.png,#d4194e,10,717.796031,27.966079,1.118643,0.040000
z_0081_473.206897.png,#127d93,6,378.291414,14.738627,0.589545,0.040000
z_0081_473.206897.png,#322d4f,7,289.178716,11.266703,0.450668,0.040000
z_0081_473.206897.png,#46a2a5,5,327.705627,12.767752,0.510710,0.040000
z_0081_473.206897.png,#55087e,8,587.854906,22.903438,0.916138,0.040000
z_0081_473.206897.png,#618128,5,227.521861,8.864488,0.354580,0.040000
z_0081_473.206897.png,#88fe9d,2,140.468037,5.472781,0.218911,0.040000
z_0081_473.206897.png,#9d9548,9,633.269119,24.672823,0.986913,0.040000
z_0081_473.206897.png,#a46e60,7,433.060967,16.872505,0.674900,0.040000
z_0081_473.206897.png,#a6057f,8,461.345238,17.974490,0.718980,0.040000
z_0081_473.206897.png,#b1780b,4,302.149278,11.772050,0.470882,0.040000
z_0081_473.206897.png,#b79506,8,488.558441,19.034744,0.761390,0.040000
z_0081_473.206897.png,#bb4d92,15,809.394011,31.534832,1.261393,0.040000
z_0081_473.206897.png,#cc78e7,10,602.399062,23.470093,0.938804,0.040000
z_0081_473.206897.png,#d10402,9,1332.638744,51.920990,2.076840,0.040000
z_0081_473.206897.png,#d4194e,10,744.908730,29.022418,1.160897,0.040000
z_0082_474.234483.png,#127d93,5,398.918831,15.542292,0.621692,0.040000
z_0082_474.234483.png,#322d4f,7,321.663997,12.532364,0.501295,0.040000
z_0082_474.234483.png,#46a2a5,4,320.877200,12.501709,0.500068,0.040000
z_0082_474.234483.png,#55087e,8,622.239682,24.243104,0.969724,0.040000
z_0082_474.234483.png,#618128,5,226.208153,8.813305,0.352532,0.040000
z_0082_474.234483.png,#88fe9d,2,141.296465,5.505057,0.220202,0.040000
z_0082_474.234483.png,#9d9548,9,596.256926,23.230789,0.929232,0.040000
z_0082_474.234483.png,#a46e60,6,476.759451,18.575044,0.743002,0.040000
z_0082_474.234483.png,#a6057f,8,413.889394,16.125561,0.645022,0.040000
z_0082_474.234483.png,#b1780b,4,293.663997,11.441454,0.457658,0.040000
z_0082_474.234483.png,#b79506,8,491.771645,19.159934,0.766397,0.040000
z_0082_474.234483.png,#bb4d92,14,826.264069,32.192107,1.287684,0.040000
z_0082_474.234483.png,#cc78e7,10,605.168614,23.577998,0.943120,0.040000
z_0082_474.234483.png,#d10402,9,1327.910822,51.736785,2.069471,0.040000
z_0082_474.234483.png,#d4194e,9,758.423448,29.548966,1.181959,0.040000
z_0083_475.262069.png,#127d93,5,422.575685,16.463988,0.658560,0.040000
z_0083_475.262069.png,#322d4f,7,343.362482,13.377759,0.535110,0.040000
z_0083_475.262069.png,#46a2a5,4,325.605122,12.685914,0.507437,0.040000
z_0083_475.262069.png,#55087e,6,645.695526,25.156969,1.006279,0.040000
z_0083_475.262069.png,#618128,5,219.379726,8.547262,0.341890,0.040000
z_0083_475.262069.png,#88fe9d,2,144.953319,5.647532,0.225901,0.040000
z_0083_475.262069.png,#9d9548,9,638.340187,24.870397,0.994816,0.040000
z_0083_475.262069.png,#a46e60,5,476.416306,18.561674,0.742467,0.040000
z_0083_475.262069.png,#a6057f,8,405.404112,15.794965,0.631799,0.040000
z_0083_475.262069.png,#b1780b,4,297.078210,11.574476,0.462979,0.040000
z_0083_475.262069.png,#b79506,8,451.730014,17.599871,0.703995,0.040000
z_0083_475.262069.png,#bb4d92,15,811.577777,31.619913,1.264797,0.040000
z_0083_475.262069.png,#cc78e7,11,585.369624,22.806609,0.912264,0.040000
z_0083_475.262069.png,#d10402,11,1321.810317,51.499103,2.059964,0.040000
z_0083_475.262069.png,#d4194e,11,767.151370,29.889014,1.195561,0.040000
z_0084_476.289655.png,#127d93,5,440.960461,17.180278,0.687211,0.040000
z_0084_476.289655.png,#322d4f,7,342.291414,13.336029,0.533441,0.040000
z_0084_476.289655.png,#46a2a5,4,330.433550,12.874034,0.514961,0.040000
z_0084_476.289655.png,#55087e,7,627.653896,24.454048,0.978162,0.040000
z_0084_476.289655.png,#618128,6,217.480231,8.473256,0.338930,0.040000
z_0084_476.289655.png,#88fe9d,2,137.053824,5.339759,0.213590,0.040000
z_0084_476.289655.png,#9d9548,9,662.239682,25.801546,1.032062,0.040000
z_0084_476.289655.png,#a46e60,4,467.931024,18.231079,0.729243,0.040000
z_0084_476.289655.png,#a6057f,7,401.788889,15.654113,0.626165,0.040000
z_0084_476.289655.png,#b1780b,4,295.078210,11.496554,0.459862,0.040000
z_0084_476.289655.png,#b79506,8,336.048773,13.092809,0.523712,0.040000
z_0084_476.289655.png,#bb4d92,13,750.950360,29.257806,1.170312,0.040000
z_0084_476.289655.png,#cc78e7,10,573.854906,22.357983,0.894319,0.040000
z_0084_476.289655.png,#d10402,10,1314.739249,51.223607,2.048944,0.040000
z_0084_476.289655.png,#d4194e,11,773.151370,30.122781,1.204911,0.040000
z_0085_477.317241.png,#127d93,6,470.516811,18.331824,0.733273,0.040000
z_0085_477.317241.png,#322d4f,8,339.019336,13.208546,0.528342,0.040000
z_0085_477.317241.png,#46a2a5,4,337.847763,13.162900,0.526516,0.040000
z_0085_477.317241.png,#55087e,9,607.754401,23.678743,0.947150,0.040000
z_0085_477.317241.png,#618128,6,203.237590,7.918348,0.316734,0.040000
z_0085_477.317241.png,#88fe9d,3,122.811183,4.784851,0.191394,0.040000
z_0085_477.317241.png,#9d9548,6,690.038672,26.884624,1.075385,0.040000
z_0085_477.317241.png,#a46e60,4,471.587878,18.373554,0.734942,0.040000
z_0085_477.317241.png,#a6057f,8,422.031529,16.442787,0.657711,0.040000
z_0085_477.317241.png,#b1780b,4,295.906638,11.528830,0.461153,0.040000
z_0085_477.317241.png,#b79506,7,316.877200,12.345865,0.493835,0.040000
z_0085_477.317241.png,#bb4d92,13,740.666089,28.857120,1.154285,0.040000
z_0085_477.317241.png,#cc78e7,10,579.997041,22.597287,0.903891,0.040000
z_0085_477.317241.png,#d10402,10,1323.668181,51.571488,2.062860,0.040000
z_0085_477.317241.png,#d4194e,10,775.151370,30.200703,1.208028,0.040000
z_0086_478.344828.png,#127d93,5,494.901587,19.281880,0.771275,0.040000
z_0086_478.344828.png,#322d4f,8,369.605122,14.400200,0.576008,0.040000
z_0086_478.344828.png,#46a2a5,4,346.333044,13.493495,0.539740,0.040000
z_0086_478.344828.png,#55087e,7,583.854906,22.747594,0.909904,0.040000
z_0086_478.344828.png,#618128,4,182.166522,7.097397,0.283896,0.040000
z_0086_478.344828.png,#88fe9d,2,106.811183,4.161475,0.166459,0.040000
z_0086_478.344828.png,#9d9548,7,667.754401,26.016405,1.040656,0.040000
z_0086_478.344828.png,#a46e60,4,473.002092,18.428653,0.737146,0.040000
z_0086_478.344828.png,#a6057f,8,422.374675,16.456156,0.658246,0.040000
z_0086_478.344828.png,#b1780b,4,294.835570,11.487100,0.459484,0.040000
z_0086_478.344828.png,#b79506,6,327.806133,12.771668,0.510867,0.040000
z_0086_478.344828.png,#bb4d92,15,755.536147,29.436473,1.177459,0.040000
z_0086_478.344828.png,#cc78e7,10,582.884343,22.709780,0.908391,0.040000
z_0086_478.344828.png,#d10402,10,1329.626550,51.803632,2.072145,0.040000
z_0086_478.344828.png,#d4194e,11,734.180808,28.604447,1.144178,0.040000
z_0087_479.372414.png,#127d93,5,493.244733,19.217327,0.768693,0.040000
z_0087_479.372414.png,#322d4f,8,425.546248,16.579724,0.663189,0.040000
z_0087_479.372414.png,#46a2a5,4,349.019336,13.598156,0.543926,0.040000
z_0087_479.372414.png,#55087e,7,555.085353,21.626702,0.865068,0.040000
z_0087_479.372414.png,#618128,4,179.681241,7.000568,0.280023,0.040000
z_0087_479.372414.png,#88fe9d,2,102.325902,3.986723,0.159469,0.040000
z_0087_479.372414.png,#9d9548,7,649.269119,25.296199,1.011848,0.040000
z_0087_479.372414.png,#a46e60,4,477.788889,18.615152,0.744606,0.040000
z_0087_479.372414.png,#a6057f,7,406.190909,15.825620,0.633025,0.040000
z_0087_479.372414.png,#b1780b,4,293.178716,11.422547,0.456902,0.040000
z_0087_479.372414.png,#b79506,5,303.421356,11.821611,0.472864,0.040000
z_0087_479.372414.png,#bb4d92,16,840.264069,32.737561,1.309502,0.040000
z_0087_479.372414.png,#cc78e7,11,585.168614,22.798777,0.911951,0.040000
z_0087_479.372414.png,#d10402,11,1323.626550,51.569866,2.062795,0.040000
z_0087_479.372414.png,#d4194e,9,733.109740,28.562717,1.142509,0.040000
z_0088_480.400000.png,#127d93,5,497.730014,19.392078,0.775683,0.040000
z_0088_480.400000.png,#322d4f,9,489.931024,19.088222,0.763529,0.040000
z_0088_480.400000.png,#46a2a5,4,352.776695,13.744547,0.549782,0.040000
z_0088_480.400000.png,#55087e,7,550.742207,21.457489,0.858300,0.040000
z_0088_480.400000.png,#618128,4,179.681241,7.000568,0.280023,0.040000
z_0088_480.400000.png,#88fe9d,2,102.669048,4.000093,0.160004,0.040000
z_0088_480.400000.png,#9d9548,7,643.754401,25.081340,1.003254,0.040000
z_0088_480.400000.png,#a46e60,5,481.345238,18.753711,0.750148,0.040000
z_0088_480.400000.png,#a6057f,6,363.220346,14.151442,0.566058,0.040000
z_0088_480.400000.png,#b1780b,4,297.320851,11.583929,0.463357,0.040000
z_0088_480.400000.png,#b79506,5,294.693434,11.481562,0.459262,0.040000
z_0088_480.400000.png,#bb4d92,14,853.577777,33.256277,1.330251,0.040000
z_0088_480.400000.png,#cc78e7,10,579.369624,22.572843,0.902914,0.040000
z_0088_480.400000.png,#d10402,12,1240.614357,48.335624,1.933425,0.040000
z_0088_480.400000.png,#d4194e,9,728.381818,28.378512,1.135140,0.040000
z_0089_481.427586.png,#127d93,5,501.386868,19.534553,0.781382,0.040000
z_0089_481.427586.png,#322d4f,8,539.487373,21.018989,0.840760,0.040000
z_0089_481.427586.png,#46a2a5,7,368.676190,14.364007,0.574560,0.040000
z_0089_481.427586.png,#55087e,7,559.043723,21.780924,0.871237,0.040000
z_0089_481.427586.png,#618128,4,165.539105,6.449576,0.257983,0.040000
z_0089_481.427586.png,#88fe9d,2,99.840620,3.889894,0.155596,0.040000
z_0089_481.427586.png,#9d9548,8,625.168614,24.357219,0.974289,0.040000
z_0089_481.427586.png,#a46e60,5,477.931024,18.620689,0.744828,0.040000
z_0089_481.427586.png,#a6057f,4,327.320851,12.752760,0.510110,0.040000
z_0089_481.427586.png,#b1780b,4,298.492424,11.629575,0.465183,0.040000
z_0089_481.427586.png,#b79506,5,285.521861,11.124228,0.444969,0.040000
z_0089_481.427586.png,#bb4d92,15,905.761543,35.289411,1.411576,0.040000
z_0089_481.427586.png,#cc78e7,10,566.198052,22.059664,0.882387,0.040000
z_0089_481.427586.png,#d10402,11,1192.915872,46.477242,1.859090,0.040000
z_0089_481.427586.png,#d4194e,9,752.080303,29.301830,1.172073,0.040000
z_0090_482.455172.png,#127d93,6,500.658946,19.506193,0.780248,0.040000
z_0090_482.455172.png,#322d4f,10,549.286363,21.400767,0.856031,0.040000
z_0090_482.455172.png,#46a2a5,9,517.043723,20.144561,0.805782,0.040000
z_0090_482.455172.png,#55087e,7,545.043723,21.235470,0.849419,0.040000
z_0090_482.455172.png,#618128,4,171.195959,6.669972,0.266799,0.040000
z_0090_482.455172.png,#88fe9d,2,98.911688,3.853702,0.154148,0.040000
z_0090_482.455172.png,#9d9548,9,554.884343,21.618871,0.864755,0.040000
z_0090_482.455172.png,#a46e60,5,476.274170,18.556136,0.742245,0.040000
z_0090_482.455172.png,#a6057f,3,294.492424,11.473731,0.458949,0.040000
z_0090_482.455172.png,#b1780b,4,303.178716,11.812158,0.472486,0.040000
z_0090_482.455172.png,#b79506,5,246.208153,9.592525,0.383701,0.040000
z_0090_482.455172.png,#bb4d92,15,969.259018,37.763338,1.510534,0.040000
z_0090_482.455172.png,#cc78e7,8,572.541197,22.306800,0.892272,0.040000
z_0090_482.455172.png,#d10402,10,1156.187950,45.046284,1.801851,0.040000
z_0090_482.455172.png,#d4194e,9,750.766594,29.250647,1.170026,0.040000
z_0091_483.482759.png,#127d93,5,478.617316,18.647428,0.745897,0.040000
z_0091_483.482759.png,#322d4f,10,525.345238,20.467996,0.818720,0.040000
z_0091_483.482759.png,#46a2a5,8,563.629509,21.959591,0.878384,0.040000
z_0091_483.482759.png,#55087e,8,512.617316,19.972103,0.798884,0.040000
z_0091_483.482759.png,#618128,4,170.610173,6.647150,0.265886,0.040000
z_0091_483.482759.png,#88fe9d,2,100.325902,3.908801,0.156352,0.040000
z_0091_483.482759.png,#9d9548,8,499.185858,19.448800,0.777952,0.040000
z_0091_483.482759.png,#a46e60,6,481.345238,18.753711,0.750148,0.040000
z_0091_483.482759.png,#a6057f,3,289.279221,11.270619,0.450825,0.040000
z_0091_483.482759.png,#b1780b,4,301.764502,11.757059,0.470282,0.040000
z_0091_483.482759.png,#b79506,4,215.622366,8.400871,0.336035,0.040000
z_0091_483.482759.png,#bb4d92,11,967.075252,37.678257,1.507130,0.040000
z_0091_483.482759.png,#cc78e7,8,573.227489,22.333539,0.893342,0.040000
z_0091_483.482759.png,#d10402,10,1168.773737,45.536639,1.821466,0.040000
z_0091_483.482759.png,#d4194e,9,748.523953,29.163271,1.166531,0.040000
z_0092_484.510345.png,#127d93,5,462.031529,18.001228,0.720049,0.040000
z_0092_484.510345.png,#322d4f,9,537.043723,20.923781,0.836951,0.040000
z_0092_484.510345.png,#46a2a5,6,579.972655,22.596337,0.903853,0.040000
z_0092_484.510345.png,#55087e,7,466.433550,18.172736,0.726909,0.040000
z_0092_484.510345.png,#618128,4,177.237590,6.905361,0.276214,0.040000
z_0092_484.510345.png,#88fe9d,2,101.497475,3.954447,0.158178,0.040000
z_0092_484.510345.png,#9d9548,9,461.629509,17.985565,0.719423,0.040000
z_0092_484.510345.png,#a46e60,6,476.759451,18.575044,0.743002,0.040000
z_0092_484.510345.png,#a6057f,3,285.521861,11.124228,0.444969,0.040000
z_0092_484.510345.png,#b1780b,4,305.078210,11.886164,0.475447,0.040000
z_0092_484.510345.png,#b79506,4,208.308658,8.115922,0.324637,0.040000
z_0092_484.510345.png,#bb4d92,10,937.477272,36.525089,1.461004,0.040000
z_0092_484.510345.png,#cc78e7,9,599.126984,23.342610,0.933704,0.040000
z_0092_484.510345.png,#d10402,10,1166.187950,45.435894,1.817436,0.040000
z_0092_484.510345.png,#d4194e,9,755.352380,29.429314,1.177173,0.040000
z_0093_485.537931.png,#127d93,5,455.546248,17.748555,0.709942,0.040000
z_0093_485.537931.png,#322d4f,9,512.658946,19.973725,0.798949,0.040000
z_0093_485.537931.png,#46a2a5,5,594.215295,23.151245,0.926050,0.040000
z_0093_485.537931.png,#55087e,7,368.149278,14.343478,0.573739,0.040000
z_0093_485.537931.png,#618128,5,217.379726,8.469340,0.338774,0.040000
z_0093_485.537931.png,#88fe9d,2,102.568542,3.996177,0.159847,0.040000
z_0093_485.537931.png,#9d9548,8,444.658946,17.324375,0.692975,0.040000
z_0093_485.537931.png,#a46e60,6,470.416306,18.327908,0.733116,0.040000
z_0093_485.537931.png,#a6057f,3,281.521861,10.968384,0.438735,0.040000
z_0093_485.537931.png,#b1780b,4,310.149278,12.083738,0.483350,0.040000
z_0093_485.537931.png,#b79506,4,209.480231,8.161567,0.326463,0.040000
z_0093_485.537931.png,#bb4d92,9,895.678282,34.896556,1.395862,0.040000
z_0093_485.537931.png,#cc78e7,9,603.327994,23.506285,0.940251,0.040000
z_0093_485.537931.png,#d10402,10,1182.673232,46.078178,1.843127,0.040000
z_0093_485.537931.png,#d4194e,9,738.624458,28.777576,1.151103,0.040000
z_0094_486.565517.png,#127d93,5,451.303607,17.583257,0.703330,0.040000
z_0094_486.565517.png,#322d4f,11,488.073160,19.015837,0.760633,0.040000
z_0094_486.565517.png,#46a2a5,5,533.688384,20.793054,0.831722,0.040000
z_0094_486.565517.png,#55087e,5,355.563492,13.853123,0.554125,0.040000
z_0094_486.565517.png,#618128,5,228.551299,8.904596,0.356184,0.040000
z_0094_486.565517.png,#88fe9d,2,106.568542,4.152021,0.166081,0.040000
z_0094_486.565517.png,#9d9548,8,416.031529,16.209021,0.648361,0.040000
z_0094_486.565517.png,#a46e60,7,454.315801,17.700616,0.708025,0.040000
z_0094_486.565517.png,#a6057f,3,275.622366,10.738534,0.429541,0.040000
z_0094_486.565517.png,#b1780b,4,327.119841,12.744929,0.509797,0.040000
z_0094_486.565517.png,#b79506,3,184.994949,7.207595,0.288304,0.040000
z_0094_486.565517.png,#bb4d92,9,894.749350,34.860364,1.394415,0.040000
z_0094_486.565517.png,#cc78e7,9,642.440692,25.030157,1.001206,0.040000
z_0094_486.565517.png,#d10402,13,1179.744299,45.964064,1.838563,0.040000
z_0094_486.565517.png,#d4194e,8,733.494516,28.577708,1.143108,0.040000
z_0095_487.593103.png,#127d93,5,441.889394,17.216470,0.688659,0.040000
z_0095_487.593103.png,#322d4f,9,437.303607,17.037803,0.681512,0.040000
z_0095_487.593103.png,#46a2a5,5,514.960461,20.063395,0.802536,0.040000
z_0095_487.593103.png,#55087e,6,315.563492,12.294682,0.491787,0.040000
z_0095_487.593103.png,#618128,5,242.350288,9.442219,0.377689,0.040000
z_0095_487.593103.png,#88fe9d,2,106.911688,4.165390,0.166616,0.040000
z_0095_487.593103.png,#9d9548,8,393.948268,15.348634,0.613945,0.040000
z_0095_487.593103.png,#a46e60,6,363.747258,14.171971,0.566879,0.040000
z_0095_487.593103.png,#a6057f,3,275.622366,10.738534,0.429541,0.040000
z_0095_487.593103.png,#b1780b,4,364.190909,14.189256,0.567570,0.040000
z_0095_487.593103.png,#b79506,3,174.409163,6.795162,0.271806,0.040000
z_0095_487.593103.png,#bb4d92,11,935.276262,36.439335,1.457573,0.040000
z_0095_487.593103.png,#cc78e7,9,627.269119,24.439057,0.977562,0.040000
z_0095_487.593103.png,#d10402,11,1125.744299,43.860168,1.754407,0.040000
z_0095_487.593103.png,#d4194e,8,732.867099,28.553264,1.142131,0.040000
z_0096_488.620690.png,#127d93,5,431.161472,16.798499,0.671940,0.040000
z_0096_488.620690.png,#322d4f,10,409.847763,15.968095,0.638724,0.040000
z_0096_488.620690.png,#46a2a5,6,529.688384,20.637210,0.825488,0.040000
z_0096_488.620690.png,#55087e,5,271.178716,10.565405,0.422616,0.040000
z_0096_488.620690.png,#618128,5,242.107648,9.432765,0.377311,0.040000
z_0096_488.620690.png,#88fe9d,2,107.154329,4.174844,0.166994,0.040000
z_0096_488.620690.png,#9d9548,8,368.391919,14.352932,0.574117,0.040000
z_0096_488.620690.png,#a46e60,6,383.203102,14.929991,0.597200,0.040000
z_0096_488.620690.png,#a6057f,3,267.965512,10.440215,0.417609,0.040000
z_0096_488.620690.png,#b1780b,3,216.793939,8.446517,0.337861,0.040000
z_0096_488.620690.png,#b79506,3,161.338095,6.285900,0.251436,0.040000
z_0096_488.620690.png,#bb4d92,8,1041.317893,40.570827,1.622833,0.040000
z_0096_488.620690.png,#cc78e7,10,637.854906,24.851490,0.994060,0.040000
z_0096_488.620690.png,#d10402,11,1089.844805,42.461486,1.698459,0.040000
z_0096_488.620690.png,#d4194e,9,790.666089,30.805172,1.232207,0.040000
z_0097_489.648276.png,#127d93,5,416.575685,16.230222,0.649209,0.040000
z_0097_489.648276.png,#322d4f,10,377.019336,14.689065,0.587563,0.040000
z_0097_489.648276.png,#46a2a5,6,523.244733,20.386158,0.815446,0.040000
z_0097_489.648276.png,#55087e,5,260.835570,10.162425,0.406497,0.040000
z_0097_489.648276.png,#618128,5,223.622366,8.712560,0.348502,0.040000
z_0097_489.648276.png,#88fe9d,2,105.497475,4.110291,0.164412,0.040000
z_0097_489.648276.png,#9d9548,7,350.735065,13.665003,0.546600,0.040000
z_0097_489.648276.png,#a46e60,5,415.587878,16.191736,0.647669,0.040000
z_0097_489.648276.png,#a6057f,3,254.793939,9.927037,0.397081,0.040000
z_0097_489.648276.png,#b1780b,3,234.693434,9.143900,0.365756,0.040000
z_0097_489.648276.png,#b79506,3,161.095454,6.276446,0.251058,0.040000
z_0097_489.648276.png,#bb4d92,10,997.175757,38.851004,1.554040,0.040000
z_0097_489.648276.png,#cc78e7,11,690.825469,26.915278,1.076611,0.040000
z_0097_489.648276.png,#d10402,11,1073.116882,41.809749,1.672390,0.040000
z_0097_489.648276.png,#d4194e,8,813.394011,31.690676,1.267627,0.040000
z_0098_490.675862.png,#127d93,5,400.433550,15.601307,0.624052,0.040000
z_0098_490.675862.png,#322d4f,9,314.735065,12.262405,0.490496,0.040000
z_0098_490.675862.png,#46a2a5,6,518.173665,20.188584,0.807543,0.040000
z_0098_490.675862.png,#55087e,5,237.722871,9.261930,0.370477,0.040000
z_0098_490.675862.png,#618128,6,225.036580,8.767659,0.350706,0.040000
z_0098_490.675862.png,#88fe9d,2,105.497475,4.110291,0.164412,0.040000
z_0098_490.675862.png,#9d9548,8,364.977705,14.219911,0.568796,0.040000
z_0098_490.675862.png,#a46e60,4,441.830519,17.214176,0.688567,0.040000
z_0098_490.675862.png,#a6057f,4,237.379726,9.248561,0.369942,0.040000
z_0098_490.675862.png,#b1780b,4,252.249783,9.827914,0.393117,0.040000
z_0098_490.675862.png,#b79506,4,146.024387,5.689262,0.227570,0.040000
z_0098_490.675862.png,#bb4d92,7,959.033621,37.364946,1.494598,0.040000
z_0098_490.675862.png,#cc78e7,11,797.009235,31.052308,1.242092,0.040000
z_0098_490.675862.png,#d10402,14,1156.856998,45.072351,1.802894,0.040000
z_0098_490.675862.png,#d4194e,9,804.565584,31.346711,1.253868,0.040000
z_0099_491.703448.png,#127d93,5,302.492424,11.785419,0.471417,0.040000
z_0099_491.703448.png,#322d4f,6,327.078210,12.743307,0.509732,0.040000
z_0099_491.703448.png,#46a2a5,6,499.203102,19.449472,0.777979,0.040000
z_0099_491.703448.png,#55087e,3,194.651804,7.583837,0.303353,0.040000
z_0099_491.703448.png,#618128,5,197.823376,7.707404,0.308296,0.040000
z_0099_491.703448.png,#88fe9d,2,102.426407,3.990639,0.159626,0.040000
z_0099_491.703448.png,#9d9548,5,271.379726,10.573236,0.422929,0.040000
z_0099_491.703448.png,#a46e60,4,206.994949,8.064738,0.322590,0.040000
z_0099_491.703448.png,#a6057f,3,194.308658,7.570467,0.302819,0.040000
z_0099_491.703448.png,#b1780b,5,308.634560,12.024723,0.480989,0.040000
z_0099_491.703448.png,#b79506,3,99.597980,3.880441,0.155218,0.040000
z_0099_491.703448.png,#bb4d92,10,911.234631,35.502648,1.420106,0.040000
z_0099_491.703448.png,#cc78e7,8,903.394011,35.197169,1.407887,0.040000
z_0099_491.703448.png,#d10402,12,1017.401154,39.639006,1.585560,0.040000
z_0099_491.703448.png,#d4194e,7,774.080303,30.158973,1.206359,0.040000
z_0100_492.731034.png,#127d93,5,305.320851,11.895618,0.475825,0.040000
z_0100_492.731034.png,#322d4f,6,325.663997,12.688208,0.507528,0.040000
z_0100_492.731034.png,#46a2a5,6,502.617316,19.582493,0.783300,0.040000
z_0100_492.731034.png,#55087e,3,193.480231,7.538191,0.301528,0.040000
z_0100_492.731034.png,#618128,5,197.823376,7.707404,0.308296,0.040000
z_0100_492.731034.png,#88fe9d,2,103.254834,4.022916,0.160917,0.040000
z_0100_492.731034.png,#9d9548,5,271.965512,10.596059,0.423842,0.040000
z_0100_492.731034.png,#a46e60,4,207.580736,8.087561,0.323502,0.040000
z_0100_492.731034.png,#a6057f,3,193.722871,7.547644,0.301906,0.040000
z_0100_492.731034.png,#b1780b,5,310.877200,12.112099,0.484484,0.040000
z_0100_492.731034.png,#b79506,3,98.426407,3.834795,0.153392,0.040000
z_0100_492.731034.png,#bb4d92,10,912.891486,35.567201,1.422688,0.040000
z_0100_492.731034.png,#cc78e7,8,906.364574,35.312905,1.412516,0.040000
z_0100_492.731034.png,#d10402,12,1015.744299,39.574453,1.582978,0.040000
z_0100_492.731034.png,#d4194e,7,772.908730,30.113327,1.204533,0.040000
z_0101_493.758621.png,#127d93,5,264.793939,10.316647,0.412666,0.040000
z_0101_493.758621.png,#322d4f,5,343.906638,13.398960,0.535958,0.040000
z_0101_493.758621.png,#46a2a5,7,541.286363,21.089079,0.843563,0.040000
z_0101_493.758621.png,#55087e,2,166.267027,6.477936,0.259117,0.040000
z_0101_493.758621.png,#618128,5,210.894444,8.216667,0.328667,0.040000
z_0101_493.758621.png,#88fe9d,2,107.982756,4.207120,0.168285,0.040000
z_0101_493.758621.png,#9d9548,5,287.865007,11.215520,0.448621,0.040000
z_0101_493.758621.png,#a46e60,4,320.592929,12.490634,0.499625,0.040000
z_0101_493.758621.png,#a6057f,2,190.894444,7.437446,0.297498,0.040000
z_0101_493.758621.png,#b1780b,4,403.646753,15.726497,0.629060,0.040000
z_0101_493.758621.png,#b79506,2,79.597980,3.101220,0.124049,0.040000
z_0101_493.758621.png,#bb4d92,10,764.666089,29.792185,1.191687,0.040000
z_0101_493.758621.png,#cc78e7,9,902.991991,35.181506,1.407260,0.040000
z_0101_493.758621.png,#d10402,13,1029.702669,40.118286,1.604731,0.040000
z_0101_493.758621.png,#d4194e,7,745.452886,29.043619,1.161745,0.040000
z_0102_494.786207.png,#127d93,5,259.622366,10.115157,0.404606,0.040000
z_0102_494.786207.png,#322d4f,6,344.735065,13.431236,0.537249,0.040000
z_0102_494.786207.png,#46a2a5,7,549.043723,21.391314,0.855653,0.040000
z_0102_494.786207.png,#55087e,2,165.681241,6.455113,0.258205,0.040000
z_0102_494.786207.png,#618128,4,243.764502,9.497318,0.379893,0.040000
z_0102_494.786207.png,#88fe9d,2,111.982756,4.362965,0.174519,0.040000
z_0102_494.786207.png,#9d9548,5,282.693434,11.014030,0.440561,0.040000
z_0102_494.786207.png,#a46e60,3,334.936075,13.049457,0.521978,0.040000
z_0102_494.786207.png,#a6057f,2,191.379726,7.456353,0.298254,0.040000
z_0102_494.786207.png,#b1780b,4,419.546248,16.345958,0.653838,0.040000
z_0102_494.786207.png,#b79506,2,79.355339,3.091766,0.123671,0.040000
z_0102_494.786207.png,#bb4d92,9,732.867099,28.553264,1.142131,0.040000
z_0102_494.786207.png,#cc78e7,10,905.577777,35.282251,1.411290,0.040000
z_0102_494.786207.png,#d10402,14,1080.330086,42.090783,1.683631,0.040000
z_0102_494.786207.png,#d4194e,7,735.210245,28.644555,1.145782,0.040000
z_0103_495.813793.png,#127d93,5,259.622366,10.115157,0.404606,0.040000
z_0103_495.813793.png,#322d4f,6,345.563492,13.463513,0.538541,0.040000
z_0103_495.813793.png,#46a2a5,7,549.872150,21.423590,0.856944,0.040000
z_0103_495.813793.png,#55087e,2,165.681241,6.455113,0.258205,0.040000
z_0103_495.813793.png,#618128,4,242.107648,9.432765,0.377311,0.040000
z_0103_495.813793.png,#88fe9d,2,111.396970,4.340142,0.173606,0.040000
z_0103_495.813793.png,#9d9548,5,283.764502,11.055760,0.442230,0.040000
z_0103_495.813793.png,#a46e60,3,335.764502,13.081734,0.523269,0.040000
z_0103_495.813793.png,#a6057f,2,191.965512,7.479176,0.299167,0.040000
z_0103_495.813793.png,#b1780b,4,420.617316,16.387688,0.655508,0.040000
z_0103_495.813793.png,#b79506,2,78.526912,3.059490,0.122380,0.040000
z_0103_495.813793.png,#bb4d92,9,732.867099,28.553264,1.142131,0.040000
z_0103_495.813793.png,#cc78e7,10,899.920923,35.061854,1.402474,0.040000
z_0103_495.813793.png,#d10402,14,1077.744299,41.990038,1.679602,0.040000
z_0103_495.813793.png,#d4194e,7,735.796031,28.667378,1.146695,0.040000
z_0104_496.841379.png,#127d93,5,280.693434,10.936108,0.437444,0.040000
z_0104_496.841379.png,#322d4f,5,253.279221,9.868022,0.394721,0.040000
z_0104_496.841379.png,#46a2a5,7,578.457936,22.537322,0.901493,0.040000
z_0104_496.841379.png,#55087e,2,168.994949,6.584219,0.263369,0.040000
z_0104_496.841379.png,#618128,4,290.007143,11.298980,0.451959,0.040000
z_0104_496.841379.png,#88fe9d,2,134.124892,5.225645,0.209026,0.040000
z_0104_496.841379.png,#9d9548,3,197.438600,7.692413,0.307697,0.040000
z_0104_496.841379.png,#a46e60,2,158.367532,6.170164,0.246807,0.040000
z_0104_496.841379.png,#a6057f,3,192.308658,7.492545,0.299702,0.040000
z_0104_496.841379.png,#b1780b,6,399.261977,15.555661,0.622226,0.040000
z_0104_496.841379.png,#b79506,3,121.396970,4.729752,0.189190,0.040000
z_0104_496.841379.png,#bb4d92,9,720.523953,28.072362,1.122894,0.040000
z_0104_496.841379.png,#cc78e7,9,909.820418,35.447549,1.417902,0.040000
z_0104_496.841379.png,#d10402,16,1260.940259,49.127543,1.965102,0.040000
z_0104_496.841379.png,#d4194e,7,641.671140,25.000174,1.000007,0.040000
z_0105_497.868966.png,#127d93,5,280.107648,10.913285,0.436531,0.040000
z_0105_497.868966.png,#322d4f,5,251.521861,9.799553,0.391982,0.040000
z_0105_497.868966.png,#46a2a5,7,576.801082,22.472769,0.898911,0.040000
z_0105_497.868966.png,#55087e,2,168.409163,6.561396,0.262456,0.040000
z_0105_497.868966.png,#618128,4,290.592929,11.321802,0.452872,0.040000
z_0105_497.868966.png,#88fe9d,2,134.124892,5.225645,0.209026,0.040000
z_0105_497.868966.png,#9d9548,3,197.438600,7.692413,0.307697,0.040000
z_0105_497.868966.png,#a46e60,2,158.367532,6.170164,0.246807,0.040000
z_0105_497.868966.png,#a6057f,3,191.722871,7.469722,0.298789,0.040000
z_0105_497.868966.png,#b1780b,6,398.333044,15.519469,0.620779,0.040000
z_0105_497.868966.png,#b79506,3,121.396970,4.729752,0.189190,0.040000
z_0105_497.868966.png,#bb4d92,9,729.837662,28.435234,1.137409,0.040000
z_0105_497.868966.png,#cc78e7,10,920.648845,35.869436,1.434777,0.040000
z_0105_497.868966.png,#d10402,16,1240.697618,48.338868,1.933555,0.040000
z_0105_497.868966.png,#d4194e,7,640.256926,24.945075,0.997803,0.040000
z_0106_498.896552.png,#127d93,6,294.592929,11.477647,0.459106,0.040000
z_0106_498.896552.png,#322d4f,5,238.208153,9.280837,0.371233,0.040000
z_0106_498.896552.png,#46a2a5,7,586.256926,22.841179,0.913647,0.040000
z_0106_498.896552.png,#55087e,2,175.237590,6.827439,0.273098,0.040000
z_0106_498.896552.png,#618128,4,283.663997,11.051844,0.442074,0.040000
z_0106_498.896552.png,#88fe9d,2,142.710678,5.560156,0.222406,0.040000
z_0106_498.896552.png,#9d9548,3,209.580736,8.165483,0.326619,0.040000
z_0106_498.896552.png,#a46e60,2,161.195959,6.280362,0.251214,0.040000
z_0106_498.896552.png,#a6057f,3,200.793939,7.823140,0.312926,0.040000
z_0106_498.896552.png,#b1780b,6,367.747258,14.327815,0.573113,0.040000
z_0106_498.896552.png,#b79506,3,143.539105,5.592433,0.223697,0.040000
z_0106_498.896552.png,#bb4d92,10,700.523953,27.293141,1.091726,0.040000
z_0106_498.896552.png,#cc78e7,10,909.820418,35.447549,1.417902,0.040000
z_0106_498.896552.png,#d10402,16,1234.354473,48.091733,1.923669,0.040000
z_0106_498.896552.png,#d4194e,8,661.026479,25.754278,1.030171,0.040000
z_0107_499.924138.png,#127d93,6,311.663997,12.142753,0.485710,0.040000
z_0107_499.924138.png,#322d4f,5,232.208153,9.047071,0.361883,0.040000
z_0107_499.924138.png,#46a2a5,7,593.913780,23.139498,0.925580,0.040000
z_0107_499.924138.png,#55087e,2,174.994949,6.817985,0.272719,0.040000
z_0107_499.924138.png,#618128,4,287.178716,11.188781,0.447551,0.040000
z_0107_499.924138.png,#88fe9d,2,145.781746,5.679808,0.227192,0.040000
z_0107_499.924138.png,#9d9548,3,202.509668,7.889987,0.315599,0.040000
z_0107_499.924138.png,#a46e60,2,163.195959,6.358284,0.254331,0.040000
z_0107_499.924138.png,#a6057f,3,229.764502,8.951864,0.358075,0.040000
z_0107_499.924138.png,#b1780b,5,352.534055,13.735093,0.549404,0.040000
z_0107_499.924138.png,#b79506,2,144.710678,5.638078,0.225523,0.040000
z_0107_499.924138.png,#bb4d92,9,682.038672,26.572935,1.062917,0.040000
z_0107_499.924138.png,#cc78e7,10,913.193001,35.578948,1.423158,0.040000
z_0107_499.924138.png,#d10402,16,1232.070201,48.002735,1.920109,0.040000
z_0107_499.924138.png,#d4194e,7,672.582828,26.204526,1.048181,0.040000
z_0108_500.951724.png,#127d93,6,350.492424,13.655549,0.546222,0.040000
z_0108_500.951724.png,#322d4f,5,221.622366,8.634638,0.345386,0.040000
z_0108_500.951724.png,#46a2a5,7,591.085353,23.029299,0.921172,0.040000
z_0108_500.951724.png,#55087e,2,177.580736,6.918730,0.276749,0.040000
z_0108_500.951724.png,#618128,5,278.693434,10.858186,0.434327,0.040000
z_0108_500.951724.png,#88fe9d,2,141.882251,5.527880,0.221115,0.040000
z_0108_500.951724.png,#9d9548,3,197.681241,7.701867,0.308075,0.040000
z_0108_500.951724.png,#a46e60,2,164.367532,6.403930,0.256157,0.040000
z_0108_500.951724.png,#a6057f,3,239.906638,9.347012,0.373880,0.040000
z_0108_500.951724.png,#b1780b,6,393.161472,15.317979,0.612719,0.040000
z_0108_500.951724.png,#b79506,2,144.367532,5.624709,0.224988,0.040000
z_0108_500.951724.png,#bb4d92,9,654.825469,25.512681,1.020507,0.040000
z_0108_500.951724.png,#cc78e7,9,912.163564,35.538840,1.421554,0.040000
z_0108_500.951724.png,#d10402,15,1222.940259,47.647023,1.905881,0.040000
z_0108_500.951724.png,#d4194e,7,663.068109,25.833822,1.033353,0.040000
z_0109_501.979310.png,#127d93,6,388.291414,15.128237,0.605129,0.040000
z_0109_501.979310.png,#322d4f,5,215.237590,8.385880,0.335435,0.040000
z_0109_501.979310.png,#46a2a5,7,614.399062,23.937626,0.957505,0.040000
z_0109_501.979310.png,#55087e,2,177.580736,6.918730,0.276749,0.040000
z_0109_501.979310.png,#618128,5,270.107648,10.523675,0.420947,0.040000
z_0109_501.979310.png,#88fe9d,2,145.781746,5.679808,0.227192,0.040000
z_0109_501.979310.png,#9d9548,3,199.823376,7.785326,0.311413,0.040000
z_0109_501.979310.png,#a46e60,3,181.539105,7.072952,0.282918,0.040000
z_0109_501.979310.png,#a6057f,3,241.078210,9.392658,0.375706,0.040000
z_0109_501.979310.png,#b1780b,6,451.002092,17.571510,0.702860,0.040000
z_0109_501.979310.png,#b79506,2,144.124892,5.615256,0.224610,0.040000
z_0109_501.979310.png,#bb4d92,12,704.322943,27.441154,1.097646,0.040000
z_0109_501.979310.png,#cc78e7,8,872.021428,33.974861,1.358994,0.040000
z_0109_501.979310.png,#d10402,14,1225.727056,47.755600,1.910224,0.040000
z_0109_501.979310.png,#d4194e,7,649.269119,25.296199,1.011848,0.040000
z_0110_503.006897.png,#127d93,6,441.989899,17.220386,0.688815,0.040000
z_0110_503.006897.png,#322d4f,5,208.651804,8.129291,0.325172,0.040000
z_0110_503.006897.png,#46a2a5,7,634.984848,24.739669,0.989587,0.040000
z_0110_503.006897.png,#55087e,2,178.409163,6.951006,0.278040,0.040000
z_0110_503.006897.png,#618128,5,264.450793,10.303278,0.412131,0.040000
z_0110_503.006897.png,#88fe9d,2,146.610173,5.712085,0.228483,0.040000
z_0110_503.006897.png,#9d9548,5,207.480231,8.083645,0.323346,0.040000
z_0110_503.006897.png,#a46e60,2,170.610173,6.647150,0.265886,0.040000
z_0110_503.006897.png,#a6057f,3,241.663997,9.415480,0.376619,0.040000
z_0110_503.006897.png,#b1780b,5,490.215295,19.099297,0.763972,0.040000
z_0110_503.006897.png,#b79506,2,137.539105,5.358666,0.214347,0.040000
z_0110_503.006897.png,#bb4d92,10,767.435642,29.900090,1.196004,0.040000
z_0110_503.006897.png,#cc78e7,8,827.050865,32.222761,1.288910,0.040000
z_0110_503.006897.png,#d10402,13,990.004184,38.571592,1.542864,0.040000
z_0110_503.006897.png,#d4194e,8,624.541197,24.332774,0.973311,0.040000
z_0111_504.034483.png,#127d93,6,463.303607,18.050790,0.722032,0.040000
z_0111_504.034483.png,#322d4f,5,200.409163,7.808149,0.312326,0.040000
z_0111_504.034483.png,#46a2a5,7,654.884343,25.514974,1.020599,0.040000
z_0111_504.034483.png,#55087e,2,179.823376,7.006106,0.280244,0.040000
z_0111_504.034483.png,#618128,4,247.379726,9.638171,0.385527,0.040000
z_0111_504.034483.png,#88fe9d,2,151.539105,5.904121,0.236165,0.040000
z_0111_504.034483.png,#9d9548,4,225.480231,8.784944,0.351398,0.040000
z_0111_504.034483.png,#a46e60,2,175.681241,6.844724,0.273789,0.040000
z_0111_504.034483.png,#a6057f,3,247.078210,9.626424,0.385057,0.040000
z_0111_504.034483.png,#b1780b,7,588.298557,22.920723,0.916829,0.040000
z_0111_504.034483.png,#b79506,2,147.539105,5.748277,0.229931,0.040000
z_0111_504.034483.png,#bb4d92,10,782.347330,30.481065,1.219243,0.040000
z_0111_504.034483.png,#cc78e7,9,708.523953,27.604829,1.104193,0.040000
z_0111_504.034483.png,#d10402,13,975.862048,38.020599,1.520824,0.040000
z_0111_504.034483.png,#d4194e,7,577.913780,22.516121,0.900645,0.040000
z_0112_505.062069.png,#127d93,5,484.960461,18.894563,0.755783,0.040000
z_0112_505.062069.png,#322d4f,5,189.681241,7.390178,0.295607,0.040000
z_0112_505.062069.png,#46a2a5,7,642.198052,25.020703,1.000828,0.040000
z_0112_505.062069.png,#55087e,2,179.480231,6.992736,0.279709,0.040000
z_0112_505.062069.png,#618128,4,247.865007,9.657078,0.386283,0.040000
z_0112_505.062069.png,#88fe9d,2,158.367532,6.170164,0.246807,0.040000
z_0112_505.062069.png,#9d9548,4,238.894444,9.307576,0.372303,0.040000
z_0112_505.062069.png,#a46e60,2,179.781746,7.004484,0.280179,0.040000
z_0112_505.062069.png,#a6057f,4,246.107648,9.588610,0.383544,0.040000
z_0112_505.062069.png,#b1780b,5,549.570635,21.411843,0.856474,0.040000
z_0112_505.062069.png,#b79506,2,146.024387,5.689262,0.227570,0.040000
z_0112_505.062069.png,#bb4d92,9,789.175757,30.747107,1.229884,0.040000
z_0112_505.062069.png,#cc78e7,9,644.925974,25.126986,1.005079,0.040000
z_0112_505.062069.png,#d10402,13,971.903679,37.866377,1.514655,0.040000
z_0112_505.062069.png,#d4194e,7,529.872150,20.644369,0.825775,0.040000
z_0113_506.089655.png,#127d93,5,484.960461,18.894563,0.755783,0.040000
z_0113_506.089655.png,#322d4f,5,182.852814,7.124136,0.284965,0.040000
z_0113_506.089655.png,#46a2a5,8,660.440692,25.731456,1.029258,0.040000
z_0113_506.089655.png,#55087e,2,176.651804,6.882538,0.275302,0.040000
z_0113_506.089655.png,#618128,4,237.379726,9.248561,0.369942,0.040000
z_0113_506.089655.png,#88fe9d,2,174.852814,6.812447,0.272498,0.040000
z_0113_506.089655.png,#9d9548,4,242.752309,9.457882,0.378315,0.040000
z_0113_506.089655.png,#a46e60,2,180.710678,7.040676,0.281627,0.040000
z_0113_506.089655.png,#a6057f,4,207.036580,8.066360,0.322654,0.040000
z_0113_506.089655.png,#b1780b,7,552.742207,21.535411,0.861416,0.040000
z_0113_506.089655.png,#b79506,2,145.296465,5.660901,0.226436,0.040000
z_0113_506.089655.png,#bb4d92,10,774.548340,30.177208,1.207088,0.040000
z_0113_506.089655.png,#cc78e7,9,558.156421,21.746354,0.869854,0.040000
z_0113_506.089655.png,#d10402,15,1115.200144,43.449356,1.737974,0.040000
z_0113_506.089655.png,#d4194e,7,515.244733,20.074470,0.802979,0.040000
z_0114_507.117241.png,#127d93,5,487.788889,19.004762,0.760190,0.040000
z_0114_507.117241.png,#322d4f,5,183.095454,7.133589,0.285344,0.040000
z_0114_507.117241.png,#46a2a5,8,660.440692,25.731456,1.029258,0.040000
z_0114_507.117241.png,#55087e,2,176.651804,6.882538,0.275302,0.040000
z_0114_507.117241.png,#618128,4,236.551299,9.216284,0.368651,0.040000
z_0114_507.117241.png,#88fe9d,2,172.852814,6.734525,0.269381,0.040000
z_0114_507.117241.png,#9d9548,4,243.580736,9.490159,0.379606,0.040000
z_0114_507.117241.png,#a46e60,2,180.710678,7.040676,0.281627,0.040000
z_0114_507.117241.png,#a6057f,4,209.036580,8.144282,0.325771,0.040000
z_0114_507.117241.png,#b1780b,6,550.499567,21.448035,0.857921,0.040000
z_0114_507.117241.png,#b79506,2,144.710678,5.638078,0.225523,0.040000
z_0114_507.117241.png,#bb4d92,10,774.548340,30.177208,1.207088,0.040000
z_0114_507.117241.png,#cc78e7,9,562.641702,21.921105,0.876844,0.040000
z_0114_507.117241.png,#d10402,15,1175.141269,45.784725,1.831389,0.040000
z_0114_507.117241.png,#d4194e,7,514.658946,20.051647,0.802066,0.040000
z_0115_508.144828.png,#127d93,5,543.386868,21.170917,0.846837,0.040000
z_0115_508.144828.png,#322d4f,6,208.166522,8.110384,0.324415,0.040000
z_0115_508.144828.png,#46a2a5,8,656.340187,25.571696,1.022868,0.040000
z_0115_508.144828.png,#55087e,2,186.551299,7.268232,0.290729,0.040000
z_0115_508.144828.png,#618128,4,231.137085,9.005341,0.360214,0.040000
z_0115_508.144828.png,#88fe9d,2,185.823376,7.239872,0.289595,0.040000
z_0115_508.144828.png,#9d9548,4,253.965512,9.894760,0.395790,0.040000
z_0115_508.144828.png,#a46e60,2,177.781746,6.926562,0.277062,0.040000
z_0115_508.144828.png,#a6057f,3,189.823376,7.395716,0.295829,0.040000
z_0115_508.144828.png,#b1780b,7,516.357431,20.117822,0.804713,0.040000
z_0115_508.144828.png,#b79506,2,181.681241,7.078490,0.283140,0.040000
z_0115_508.144828.png,#bb4d92,8,833.175757,32.461393,1.298456,0.040000
z_0115_508.144828.png,#cc78e7,6,461.830519,17.993397,0.719736,0.040000
z_0115_508.144828.png,#d10402,16,1165.886435,45.424147,1.816966,0.040000
z_0115_508.144828.png,#d4194e,6,483.587878,18.841086,0.753643,0.040000
z_0116_509.172414.png,#127d93,5,543.386868,21.170917,0.846837,0.040000
z_0116_509.172414.png,#322d4f,6,208.994949,8.142660,0.325706,0.040000
z_0116_509.172414.png,#46a2a5,8,656.097546,25.562242,1.022490,0.040000
z_0116_509.172414.png,#55087e,2,185.965512,7.245410,0.289816,0.040000
z_0116_509.172414.png,#618128,4,231.137085,9.005341,0.360214,0.040000
z_0116_509.172414.png,#88fe9d,2,182.994949,7.129673,0.285187,0.040000
z_0116_509.172414.png,#9d9548,4,254.793939,9.927037,0.397081,0.040000
z_0116_509.172414.png,#a46e60,2,177.781746,6.926562,0.277062,0.040000
z_0116_509.172414.png,#a6057f,3,189.237590,7.372893,0.294916,0.040000
z_0116_509.172414.png,#b1780b,7,518.357431,20.195744,0.807830,0.040000
z_0116_509.172414.png,#b79506,2,181.095454,7.055667,0.282227,0.040000
z_0116_509.172414.png,#bb4d92,8,833.518903,32.474762,1.298990,0.040000
z_0116_509.172414.png,#cc78e7,6,463.002092,18.039043,0.721562,0.040000
z_0116_509.172414.png,#d10402,16,1162.229581,45.281672,1.811267,0.040000
z_0116_509.172414.png,#d4194e,6,483.830519,18.850540,0.754022,0.040000
z_0117_510.200000.png,#127d93,4,573.529004,22.345286,0.893811,0.040000
z_0117_510.200000.png,#322d4f,5,240.936075,9.387120,0.375485,0.040000
z_0117_510.200000.png,#46a2a5,6,672.340187,26.195072,1.047803,0.040000
z_0117_510.200000.png,#55087e,2,199.379726,7.768041,0.310722,0.040000
z_0117_510.200000.png,#618128,4,201.195959,7.838804,0.313552,0.040000
z_0117_510.200000.png,#88fe9d,2,189.095454,7.367355,0.294694,0.040000
z_0117_510.200000.png,#9d9548,4,262.551299,10.229271,0.409171,0.040000
z_0117_510.200000.png,#a46e60,2,174.367532,6.793540,0.271742,0.040000
z_0117_510.200000.png,#a6057f,3,174.994949,6.817985,0.272719,0.040000
z_0117_510.200000.png,#b1780b,10,457.102597,17.809192,0.712368,0.040000
z_0117_510.200000.png,#b79506,2,216.793939,8.446517,0.337861,0.040000
z_0117_510.200000.png,#bb4d92,7,685.595021,26.711494,1.068460,0.040000
z_0117_510.200000.png,#cc78e7,4,391.161472,15.240057,0.609602,0.040000
z_0117_510.200000.png,#d10402,15,1108.087445,43.172238,1.726890,0.040000
z_0117_510.200000.png,#d4194e,6,478.658946,18.649050,0.745962,0.040000
z_0118_511.227586.png,#127d93,4,573.629509,22.349202,0.893968,0.040000
z_0118_511.227586.png,#322d4f,5,243.764502,9.497318,0.379893,0.040000
z_0118_511.227586.png,#46a2a5,6,672.340187,26.195072,1.047803,0.040000
z_0118_511.227586.png,#55087e,2,199.379726,7.768041,0.310722,0.040000
z_0118_511.227586.png,#618128,4,200.024387,7.793158,0.311726,0.040000
z_0118_511.227586.png,#88fe9d,2,189.681241,7.390178,0.295607,0.040000
z_0118_511.227586.png,#9d9548,4,262.551299,10.229271,0.409171,0.040000
z_0118_511.227586.png,#a46e60,2,173.781746,6.770717,0.270829,0.040000
z_0118_511.227586.png,#a6057f,3,174.994949,6.817985,0.272719,0.040000
z_0118_511.227586.png,#b1780b,10,457.445743,17.822561,0.712902,0.040000
z_0118_511.227586.png,#b79506,2,216.793939,8.446517,0.337861,0.040000
z_0118_511.227586.png,#bb4d92,7,683.009235,26.610749,1.064430,0.040000
z_0118_511.227586.png,#cc78e7,4,388.918831,15.152682,0.606107,0.040000
z_0118_511.227586.png,#d10402,15,1110.087445,43.250160,1.730006,0.040000
z_0118_511.227586.png,#d4194e,6,478.658946,18.649050,0.745962,0.040000
z_0119_512.255172.png,#127d93,5,743.653896,28.973528,1.158941,0.040000
z_0119_512.255172.png,#322d4f,5,177.338095,6.909276,0.276371,0.040000
z_0119_512.255172.png,#46a2a5,7,709.411255,27.639400,1.105576,0.040000
z_0119_512.255172.png,#55087e,2,199.379726,7.768041,0.310722,0.040000
z_0119_512.255172.png,#618128,3,266.267027,10.374040,0.414962,0.040000
z_0119_512.255172.png,#88fe9d,2,209.338095,8.156030,0.326241,0.040000
z_0119_512.255172.png,#9d9548,5,348.634560,13.583165,0.543327,0.040000
z_0119_512.255172.png,#a46e60,4,303.279221,11.816074,0.472643,0.040000
z_0119_512.255172.png,#a6057f,2,158.166522,6.162332,0.246493,0.040000
z_0119_512.255172.png,#b1780b,6,420.090404,16.367159,0.654686,0.040000
z_0119_512.255172.png,#b79506,2,209.965512,8.180474,0.327219,0.040000
z_0119_512.255172.png,#bb4d92,7,697.837662,27.188480,1.087539,0.040000
z_0119_512.255172.png,#cc78e7,4,407.303607,15.868972,0.634759,0.040000
z_0119_512.255172.png,#d10402,14,1120.732106,43.664887,1.746595,0.040000
z_0119_512.255172.png,#d4194e,6,424.818326,16.551363,0.662055,0.040000
z_0120_513.282759.png,#127d93,5,742.825469,28.941252,1.157650,0.040000
z_0120_513.282759.png,#322d4f,5,176.752309,6.886454,0.275458,0.040000
z_0120_513.282759.png,#46a2a5,7,711.896536,27.736229,1.109449,0.040000
z_0120_513.282759.png,#55087e,2,199.137085,7.758588,0.310344,0.040000
z_0120_513.282759.png,#618128,3,264.267027,10.296118,0.411845,0.040000
z_0120_513.282759.png,#88fe9d,2,209.580736,8.165483,0.326619,0.040000
z_0120_513.282759.png,#9d9548,5,348.291414,13.569795,0.542792,0.040000
z_0120_513.282759.png,#a46e60,4,303.521861,11.825527,0.473021,0.040000
z_0120_513.282759.png,#a6057f,2,158.166522,6.162332,0.246493,0.040000
z_0120_513.282759.png,#b1780b,6,420.918831,16.399435,0.655977,0.040000
z_0120_513.282759.png,#b79506,2,211.622366,8.245027,0.329801,0.040000
z_0120_513.282759.png,#bb4d92,7,695.494516,27.097189,1.083888,0.040000
z_0120_513.282759.png,#cc78e7,5,422.132034,16.446703,0.657868,0.040000
z_0120_513.282759.png,#d10402,14,1121.317893,43.687710,1.747508,0.040000
z_0120_513.282759.png,#d4194e,6,424.818326,16.551363,0.662055,0.040000
z_0121_514.310345.png,#127d93,6,789.737157,30.768980,1.230759,0.040000
z_0121_514.310345.png,#322d4f,4,146.610173,5.712085,0.228483,0.040000
z_0121_514.310345.png,#46a2a5,7,729.068109,28.405251,1.136210,0.040000
z_0121_514.310345.png,#55087e,2,197.237590,7.684581,0.307383,0.040000
z_0121_514.310345.png,#618128,3,252.267027,9.828585,0.393143,0.040000
z_0121_514.310345.png,#88fe9d,2,216.994949,8.454349,0.338174,0.040000
z_0121_514.310345.png,#9d9548,5,360.534055,14.046781,0.561871,0.040000
z_0121_514.310345.png,#a46e60,4,296.450793,11.550031,0.462001,0.040000
z_0121_514.310345.png,#a6057f,2,160.166522,6.240254,0.249610,0.040000
z_0121_514.310345.png,#b1780b,6,425.161472,16.564733,0.662589,0.040000
z_0121_514.310345.png,#b79506,2,203.137085,7.914432,0.316577,0.040000
z_0121_514.310345.png,#bb4d92,9,680.967604,26.531205,1.061248,0.040000
z_0121_514.310345.png,#cc78e7,5,452.031529,17.611618,0.704465,0.040000
z_0121_514.310345.png,#d10402,16,1113.217388,43.372106,1.734884,0.040000
z_0121_514.310345.png,#d4194e,6,425.889394,16.593093,0.663724,0.040000
z_0122_515.337931.png,#127d93,4,838.121933,32.654101,1.306164,0.040000
z_0122_515.337931.png,#322d4f,4,147.195959,5.734908,0.229396,0.040000
z_0122_515.337931.png,#46a2a5,7,744.239682,28.996351,1.159854,0.040000
z_0122_515.337931.png,#55087e,2,198.166522,7.720774,0.308831,0.040000
z_0122_515.337931.png,#618128,4,262.509668,10.227649,0.409106,0.040000
z_0122_515.337931.png,#88fe9d,2,223.237590,8.697568,0.347903,0.040000
z_0122_515.337931.png,#9d9548,6,378.676190,14.753618,0.590145,0.040000
z_0122_515.337931.png,#a46e60,5,441.646753,17.207016,0.688281,0.040000
z_0122_515.337931.png,#a6057f,2,162.066017,6.314260,0.252570,0.040000
z_0122_515.337931.png,#b1780b,6,382.776695,14.913378,0.596535,0.040000
z_0122_515.337931.png,#b79506,2,196.651804,7.661759,0.306470,0.040000
z_0122_515.337931.png,#bb4d92,7,629.653896,24.531970,0.981279,0.040000
z_0122_515.337931.png,#cc78e7,4,463.546248,18.060243,0.722410,0.040000
z_0122_515.337931.png,#d10402,16,1086.246825,42.321305,1.692852,0.040000
z_0122_515.337931.png,#d4194e,6,425.546248,16.579724,0.663189,0.040000
z_0123_516.365517.png,#127d93,5,883.477272,34.421192,1.376848,0.040000
z_0123_516.365517.png,#322d4f,4,144.124892,5.615256,0.224610,0.040000
z_0123_516.365517.png,#46a2a5,6,454.717821,17.716279,0.708651,0.040000
z_0123_516.365517.png,#55087e,1,89.497475,3.486915,0.139477,0.040000
z_0123_516.365517.png,#618128,5,284.551299,11.086414,0.443457,0.040000
z_0123_516.365517.png,#88fe9d,2,232.308658,9.050987,0.362039,0.040000
z_0123_516.365517.png,#9d9548,6,370.676190,14.441929,0.577677,0.040000
z_0123_516.365517.png,#a46e60,7,487.587878,18.996930,0.759877,0.040000
z_0123_516.365517.png,#a6057f,2,162.894444,6.346537,0.253861,0.040000
z_0123_516.365517.png,#b1780b,6,374.776695,14.601689,0.584068,0.040000
z_0123_516.365517.png,#b79506,2,188.994949,7.363440,0.294538,0.040000
z_0123_516.365517.png,#bb4d92,6,616.440692,24.017170,0.960687,0.040000
z_0123_516.365517.png,#cc78e7,4,462.475180,18.018514,0.720741,0.040000
z_0123_516.365517.png,#d10402,17,1095.903679,42.697546,1.707902,0.040000
z_0123_516.365517.png,#d4194e,6,431.646753,16.817406,0.672696,0.040000
z_0124_517.393103.png,#127d93,5,915.761543,35.679021,1.427161,0.040000
z_0124_517.393103.png,#322d4f,4,140.610173,5.478318,0.219133,0.040000
z_0124_517.393103.png,#46a2a5,6,446.617316,17.400675,0.696027,0.040000
z_0124_517.393103.png,#55087e,1,92.568542,3.606567,0.144263,0.040000
z_0124_517.393103.png,#618128,5,303.865007,11.838896,0.473556,0.040000
z_0124_517.393103.png,#88fe9d,2,237.480231,9.252477,0.370099,0.040000
z_0124_517.393103.png,#9d9548,5,373.019336,14.533221,0.581329,0.040000
z_0124_517.393103.png,#a46e60,6,459.931024,17.919391,0.716776,0.040000
z_0124_517.393103.png,#a6057f,2,157.823376,6.148963,0.245959,0.040000
z_0124_517.393103.png,#b1780b,6,381.504617,14.863816,0.594553,0.040000
z_0124_517.393103.png,#b79506,2,186.409163,7.262695,0.290508,0.040000
z_0124_517.393103.png,#bb4d92,6,603.712770,23.521277,0.940851,0.040000
z_0124_517.393103.png,#cc78e7,4,463.646753,18.064159,0.722566,0.040000
z_0124_517.393103.png,#d10402,15,1086.732106,42.340212,1.693608,0.040000
z_0124_517.393103.png,#d4194e,6,434.960461,16.946511,0.677860,0.040000
z_0125_518.420690.png,#127d93,6,839.376767,32.702991,1.308120,0.040000
z_0125_518.420690.png,#322d4f,4,130.953319,5.102077,0.204083,0.040000
z_0125_518.420690.png,#46a2a5,7,438.475180,17.083449,0.683338,0.040000
z_0125_518.420690.png,#55087e,1,94.325902,3.675035,0.147001,0.040000
z_0125_518.420690.png,#618128,5,305.036580,11.884542,0.475382,0.040000
z_0125_518.420690.png,#88fe9d,3,269.036580,10.481945,0.419278,0.040000
z_0125_518.420690.png,#9d9548,7,354.190909,13.799646,0.551986,0.040000
z_0125_518.420690.png,#a46e60,5,425.203102,16.566355,0.662654,0.040000
z_0125_518.420690.png,#a6057f,3,160.066017,6.236338,0.249454,0.040000
z_0125_518.420690.png,#b1780b,6,378.232539,14.736333,0.589453,0.040000
z_0125_518.420690.png,#b79506,2,186.166522,7.253241,0.290130,0.040000
z_0125_518.420690.png,#bb4d92,5,595.813275,23.213504,0.928540,0.040000
z_0125_518.420690.png,#cc78e7,4,464.818326,18.109805,0.724392,0.040000
z_0125_518.420690.png,#d10402,15,1103.016377,42.974664,1.718987,0.040000
z_0125_518.420690.png,#d4194e,6,436.274170,16.997695,0.679908,0.040000
z_0126_519.448276.png,#127d93,4,755.335137,29.428642,1.177146,0.040000
z_0126_519.448276.png,#322d4f,4,124.468037,4.849404,0.193976,0.040000
z_0126_519.448276.png,#46a2a5,6,445.889394,17.372314,0.694893,0.040000
z_0126_519.448276.png,#55087e,2,204.551299,7.969531,0.318781,0.040000
z_0126_519.448276.png,#618128,6,270.249783,10.529212,0.421168,0.040000
z_0126_519.448276.png,#88fe9d,5,357.948268,13.946036,0.557841,0.040000
z_0126_519.448276.png,#9d9548,5,325.705627,12.689830,0.507593,0.040000
z_0126_519.448276.png,#a46e60,5,412.475180,16.070462,0.642818,0.040000
z_0126_519.448276.png,#a6057f,2,166.894444,6.502381,0.260095,0.040000
z_0126_519.448276.png,#b1780b,7,398.374675,15.521091,0.620844,0.040000
z_0126_519.448276.png,#b79506,2,177.095454,6.899823,0.275993,0.040000
z_0126_519.448276.png,#bb4d92,5,626.156421,24.395705,0.975828,0.040000
z_0126_519.448276.png,#cc78e7,4,434.534055,16.929898,0.677196,0.040000
z_0126_519.448276.png,#d10402,16,1102.732106,42.963589,1.718544,0.040000
z_0126_519.448276.png,#d4194e,6,441.102597,17.185815,0.687433,0.040000
z_0127_520.475862.png,#127d93,4,745.092496,29.029578,1.161183,0.040000
z_0127_520.475862.png,#322d4f,4,106.811183,4.161475,0.166459,0.040000
z_0127_520.475862.png,#46a2a5,5,423.889394,16.515171,0.660607,0.040000
z_0127_520.475862.png,#55087e,1,103.882251,4.047360,0.161894,0.040000
z_0127_520.475862.png,#618128,5,255.178716,9.942028,0.397681,0.040000
z_0127_520.475862.png,#88fe9d,5,428.717821,16.703292,0.668132,0.040000
z_0127_520.475862.png,#9d9548,7,299.320851,11.661851,0.466474,0.040000
z_0127_520.475862.png,#a46e60,5,407.060967,15.859518,0.634381,0.040000
z_0127_520.475862.png,#a6057f,2,167.480231,6.525204,0.261008,0.040000
z_0127_520.475862.png,#b1780b,6,342.676190,13.351020,0.534041,0.040000
z_0127_520.475862.png,#b79506,2,173.923882,6.776255,0.271050,0.040000
z_0127_520.475862.png,#bb4d92,5,623.529004,24.293338,0.971734,0.040000
z_0127_520.475862.png,#cc78e7,4,418.190909,16.293152,0.651726,0.040000
z_0127_520.475862.png,#d10402,17,1172.714862,45.690189,1.827608,0.040000
z_0127_520.475862.png,#d4194e,7,459.102597,17.887114,0.715485,0.040000
z_0128_521.503448.png,#127d93,6,742.163564,28.915464,1.156619,0.040000
z_0128_521.503448.png,#322d4f,1,24.727922,0.963426,0.038537,0.040000
z_0128_521.503448.png,#46a2a5,4,417.060967,16.249129,0.649965,0.040000
z_0128_521.503448.png,#55087e,2,217.622366,8.478793,0.339152,0.040000
z_0128_521.503448.png,#618128,6,278.592929,10.854270,0.434171,0.040000
z_0128_521.503448.png,#88fe9d,4,530.499567,20.668814,0.826753,0.040000
z_0128_521.503448.png,#9d9548,6,254.793939,9.927037,0.397081,0.040000
z_0128_521.503448.png,#a46e60,5,385.605122,15.023576,0.600943,0.040000
z_0128_521.503448.png,#a6057f,3,147.923882,5.763268,0.230531,0.040000
z_0128_521.503448.png,#b1780b,6,387.889394,15.112574,0.604503,0.040000
z_0128_521.503448.png,#b79506,2,176.852814,6.890369,0.275615,0.040000
z_0128_521.503448.png,#bb4d92,5,576.073160,22.444409,0.897776,0.040000
z_0128_521.503448.png,#cc78e7,4,412.877200,16.086125,0.643445,0.040000
z_0128_521.503448.png,#d10402,17,1162.999133,45.311655,1.812466,0.040000
z_0128_521.503448.png,#d4194e,7,478.416306,18.639596,0.745584,0.040000
z_0129_522.531034.png,#127d93,4,702.808225,27.382139,1.095286,0.040000
z_0129_522.531034.png,#322d4f,1,24.142136,0.940603,0.037624,0.040000
z_0129_522.531034.png,#46a2a5,4,412.617316,16.075999,0.643040,0.040000
z_0129_522.531034.png,#55087e,2,228.693434,8.910134,0.356405,0.040000
z_0129_522.531034.png,#618128,5,296.735065,11.561106,0.462444,0.040000
z_0129_522.531034.png,#88fe9d,4,586.156421,22.837263,0.913491,0.040000
z_0129_522.531034.png,#9d9548,6,270.693434,10.546497,0.421860,0.040000
z_0129_522.531034.png,#a46e60,5,379.019336,14.766987,0.590679,0.040000
z_0129_522.531034.png,#a6057f,2,126.710678,4.936780,0.197471,0.040000
z_0129_522.531034.png,#b1780b,7,428.516811,16.695460,0.667818,0.040000
z_0129_522.531034.png,#b79506,2,176.267027,6.867547,0.274702,0.040000
z_0129_522.531034.png,#bb4d92,5,563.487373,21.954054,0.878162,0.040000
z_0129_522.531034.png,#cc78e7,4,408.291414,15.907458,0.636298,0.040000
z_0129_522.531034.png,#d10402,18,1186.496608,46.227141,1.849086,0.040000
z_0129_522.531034.png,#d4194e,6,482.173665,18.785987,0.751439,0.040000
z_0130_523.558621.png,#127d93,4,660.867099,25.748069,1.029923,0.040000
z_0130_523.558621.png,#322d4f,1,26.142136,1.018525,0.040741,0.040000
z_0130_523.558621.png,#46a2a5,4,409.203102,15.942978,0.637719,0.040000
z_0130_523.558621.png,#55087e,3,257.220346,10.021572,0.400863,0.040000
z_0130_523.558621.png,#618128,5,303.078210,11.808242,0.472330,0.040000
z_0130_523.558621.png,#88fe9d,4,623.369624,24.287128,0.971485,0.040000
z_0130_523.558621.png,#9d9548,5,262.693434,10.234809,0.409392,0.040000
z_0130_523.558621.png,#a46e60,5,365.806133,14.252187,0.570087,0.040000
z_0130_523.558621.png,#a6057f,2,125.053824,4.872227,0.194889,0.040000
z_0130_523.558621.png,#b1780b,6,404.818326,15.772143,0.630886,0.040000
z_0130_523.558621.png,#b79506,2,178.267027,6.945469,0.277819,0.040000
z_0130_523.558621.png,#bb4d92,6,521.972655,20.336597,0.813464,0.040000
z_0130_523.558621.png,#cc78e7,4,398.634560,15.531217,0.621249,0.040000
z_0130_523.558621.png,#d10402,17,1126.312842,43.882319,1.755293,0.040000
z_0130_523.558621.png,#d4194e,6,480.859956,18.734803,0.749392,0.040000
z_0131_524.586207.png,#127d93,4,648.908730,25.282158,1.011286,0.040000
z_0131_524.586207.png,#322d4f,1,27.556349,1.073624,0.042945,0.040000
z_0131_524.586207.png,#46a2a5,6,532.114790,20.731745,0.829270,0.040000
z_0131_524.586207.png,#55087e,4,239.563492,9.333643,0.373346,0.040000
z_0131_524.586207.png,#618128,4,298.835570,11.642944,0.465718,0.040000
z_0131_524.586207.png,#88fe9d,4,657.068109,25.600056,1.024002,0.040000
z_0131_524.586207.png,#9d9548,4,256.208153,9.982136,0.399285,0.040000
z_0131_524.586207.png,#a46e60,5,359.806133,14.018421,0.560737,0.040000
z_0131_524.586207.png,#a6057f,2,127.882251,4.982425,0.199297,0.040000
z_0131_524.586207.png,#b1780b,3,365.605122,14.244355,0.569774,0.040000
z_0131_524.586207.png,#b79506,2,178.124892,6.939931,0.277597,0.040000
z_0131_524.586207.png,#bb4d92,6,502.558441,19.580199,0.783208,0.040000
z_0131_524.586207.png,#cc78e7,4,390.977705,15.232898,0.609316,0.040000
z_0131_524.586207.png,#d10402,17,1154.697618,44.988219,1.799529,0.040000
z_0131_524.586207.png,#d4194e,6,479.688384,18.689158,0.747566,0.040000
z_0132_525.613793.png,#127d93,4,648.867099,25.280536,1.011221,0.040000
z_0132_525.613793.png,#322d4f,1,30.384776,1.183822,0.047353,0.040000
z_0132_525.613793.png,#46a2a5,6,545.185858,21.241007,0.849640,0.040000
z_0132_525.613793.png,#55087e,3,280.676190,10.935436,0.437417,0.040000
z_0132_525.613793.png,#618128,5,282.350288,11.000661,0.440026,0.040000
z_0132_525.613793.png,#88fe9d,4,685.695526,26.715410,1.068616,0.040000
z_0132_525.613793.png,#9d9548,4,247.379726,9.638171,0.385527,0.040000
z_0132_525.613793.png,#a46e60,5,356.877200,13.904307,0.556172,0.040000
z_0132_525.613793.png,#a6057f,2,132.953319,5.179999,0.207200,0.040000
z_0132_525.613793.png,#b1780b,3,360.190909,14.033412,0.561336,0.040000
z_0132_525.613793.png,#b79506,2,178.124892,6.939931,0.277597,0.040000
z_0132_525.613793.png,#bb4d92,7,493.043723,19.209496,0.768380,0.040000
z_0132_525.613793.png,#cc78e7,4,382.149278,14.888933,0.595557,0.040000
z_0132_525.613793.png,#d10402,17,1164.413347,45.366754,1.814670,0.040000
z_0132_525.613793.png,#d4194e,6,477.788889,18.615152,0.744606,0.040000
z_0133_526.641379.png,#127d93,5,615.997041,23.999885,0.959995,0.040000
z_0133_526.641379.png,#322d4f,1,33.798990,1.316844,0.052674,0.040000
z_0133_526.641379.png,#46a2a5,6,575.428499,22.419292,0.896772,0.040000
z_0133_526.641379.png,#55087e,2,295.646753,11.518705,0.460748,0.040000
z_0133_526.641379.png,#618128,5,270.208153,10.527590,0.421104,0.040000
z_0133_526.641379.png,#88fe9d,4,693.210245,27.008191,1.080328,0.040000
z_0133_526.641379.png,#9d9548,4,276.007143,10.753525,0.430141,0.040000
z_0133_526.641379.png,#a46e60,5,353.119841,13.757916,0.550317,0.040000
z_0133_526.641379.png,#a6057f,2,137.781746,5.368120,0.214725,0.040000
z_0133_526.641379.png,#b1780b,3,344.391919,13.417867,0.536715,0.040000
z_0133_526.641379.png,#b79506,2,180.367532,7.027306,0.281092,0.040000
z_0133_526.641379.png,#bb4d92,5,239.178716,9.318651,0.372746,0.040000
z_0133_526.641379.png,#cc78e7,4,368.350288,14.351310,0.574052,0.040000
z_0133_526.641379.png,#d10402,16,1146.413347,44.665455,1.786618,0.040000
z_0133_526.641379.png,#d4194e,8,464.960461,18.115343,0.724614,0.040000
z_0134_527.668966.png,#127d93,5,547.813275,21.343374,0.853735,0.040000
z_0134_527.668966.png,#322d4f,1,36.142136,1.408135,0.056325,0.040000
z_0134_527.668966.png,#46a2a5,8,911.577777,35.516017,1.420641,0.040000
z_0134_527.668966.png,#55087e,3,419.529004,16.345286,0.653811,0.040000
z_0134_527.668966.png,#618128,5,247.823376,9.655456,0.386218,0.040000
z_0134_527.668966.png,#88fe9d,3,724.180808,28.214837,1.128593,0.040000
z_0134_527.668966.png,#9d9548,4,280.007143,10.909369,0.436375,0.040000
z_0134_527.668966.png,#a46e60,5,357.220346,13.917676,0.556707,0.040000
z_0134_527.668966.png,#a6057f,2,141.781746,5.523964,0.220959,0.040000
z_0134_527.668966.png,#b1780b,3,335.421356,13.068365,0.522735,0.040000
z_0134_527.668966.png,#b79506,2,181.781746,7.082406,0.283296,0.040000
z_0134_527.668966.png,#bb4d92,5,234.107648,9.121077,0.364843,0.040000
z_0134_527.668966.png,#cc78e7,4,371.421356,14.470962,0.578838,0.040000
z_0134_527.668966.png,#d10402,15,1059.785930,41.290361,1.651614,0.040000
z_0134_527.668966.png,#d4194e,6,424.333044,16.532456,0.661298,0.040000
z_0135_528.696552.png,#127d93,5,525.428499,20.471240,0.818850,0.040000
z_0135_528.696552.png,#322d4f,1,38.142136,1.486057,0.059442,0.040000
z_0135_528.696552.png,#46a2a5,9,948.406204,36.950891,1.478036,0.040000
z_0135_528.696552.png,#55087e,3,416.457936,16.225634,0.649025,0.040000
z_0135_528.696552.png,#618128,7,377.504617,14.707972,0.588319,0.040000
z_0135_528.696552.png,#88fe9d,4,733.251875,28.568255,1.142730,0.040000
z_0135_528.696552.png,#9d9548,4,290.735065,11.327340,0.453094,0.040000
z_0135_528.696552.png,#a46e60,5,355.462987,13.849207,0.553968,0.040000
z_0135_528.696552.png,#a6057f,2,141.438600,5.510595,0.220424,0.040000
z_0135_528.696552.png,#b1780b,3,331.320851,12.908605,0.516344,0.040000
z_0135_528.696552.png,#b79506,3,154.468037,6.018235,0.240729,0.040000
z_0135_528.696552.png,#bb4d92,5,210.894444,8.216667,0.328667,0.040000
z_0135_528.696552.png,#cc78e7,3,370.350288,14.429232,0.577169,0.040000
z_0135_528.696552.png,#d10402,16,1118.898628,43.593453,1.743738,0.040000
z_0135_528.696552.png,#d4194e,6,424.333044,16.532456,0.661298,0.040000
z_0136_529.724138.png,#127d93,6,487.286363,18.985183,0.759407,0.040000
z_0136_529.724138.png,#322d4f,1,37.556349,1.463234,0.058529,0.040000
z_0136_529.724138.png,#46a2a5,10,987.962554,38.492048,1.539682,0.040000
z_0136_529.724138.png,#55087e,3,418.457936,16.303556,0.652142,0.040000
z_0136_529.724138.png,#618128,8,402.918831,15.698136,0.627925,0.040000
z_0136_529.724138.png,#88fe9d,4,721.352380,28.104638,1.124186,0.040000
z_0136_529.724138.png,#9d9548,4,321.948268,12.543439,0.501738,0.040000
z_0136_529.724138.png,#a46e60,6,357.019336,13.909844,0.556394,0.040000
z_0136_529.724138.png,#a6057f,2,140.710678,5.482234,0.219289,0.040000
z_0136_529.724138.png,#b1780b,3,316.007143,12.311967,0.492479,0.040000
z_0136_529.724138.png,#b79506,3,143.396970,5.586895,0.223476,0.040000
z_0136_529.724138.png,#bb4d92,5,207.237590,8.074192,0.322968,0.040000
z_0136_529.724138.png,#cc78e7,3,361.764502,14.094721,0.563789,0.040000
z_0136_529.724138.png,#d10402,15,1180.111832,45.978383,1.839135,0.040000
z_0136_529.724138.png,#d4194e,6,416.433550,16.224684,0.648987,0.040000
z_0137_530.751724.png,#127d93,5,413.203102,16.098822,0.643953,0.040000
z_0137_530.751724.png,#322d4f,1,38.970563,1.518334,0.060733,0.040000
z_0137_530.751724.png,#46a2a5,10,1052.045815,40.988798,1.639552,0.040000
z_0137_530.751724.png,#55087e,3,367.931024,14.334975,0.573399,0.040000
z_0137_530.751724.png,#618128,7,413.404112,16.106654,0.644266,0.040000
z_0137_530.751724.png,#88fe9d,4,718.967604,28.011725,1.120469,0.040000
z_0137_530.751724.png,#9d9548,3,345.504617,13.461219,0.538449,0.040000
z_0137_530.751724.png,#a46e60,6,344.776695,13.432858,0.537314,0.040000
z_0137_530.751724.png,#a6057f,2,138.953319,5.413766,0.216551,0.040000
z_0137_530.751724.png,#b1780b,3,303.865007,11.838896,0.473556,0.040000
z_0137_530.751724.png,#b79506,3,125.154329,4.876143,0.195046,0.040000
z_0137_530.751724.png,#bb4d92,5,195.580736,7.620029,0.304801,0.040000
z_0137_530.751724.png,#cc78e7,4,349.764502,13.627188,0.545088,0.040000
z_0137_530.751724.png,#d10402,18,1270.680374,49.507028,1.980281,0.040000
z_0137_530.751724.png,#d4194e,6,420.333044,16.376612,0.655064,0.040000
z_0138_531.779310.png,#127d93,9,412.818326,16.083831,0.643353,0.040000
z_0138_531.779310.png,#322d4f,1,41.213203,1.605709,0.064228,0.040000
z_0138_531.779310.png,#46a2a5,9,1036.489465,40.382706,1.615308,0.040000
z_0138_531.779310.png,#55087e,3,349.060967,13.599778,0.543991,0.040000
z_0138_531.779310.png,#618128,6,417.546248,16.268036,0.650721,0.040000
z_0138_531.779310.png,#88fe9d,6,696.582828,27.139591,1.085584,0.040000
z_0138_531.779310.png,#9d9548,3,357.504617,13.928751,0.557150,0.040000
z_0138_531.779310.png,#a46e60,6,323.806133,12.615823,0.504633,0.040000
z_0138_531.779310.png,#a6057f,2,138.124892,5.381489,0.215260,0.040000
z_0138_531.779310.png,#b1780b,3,283.622366,11.050222,0.442009,0.040000
z_0138_531.779310.png,#b79506,2,99.254834,3.867071,0.154683,0.040000
z_0138_531.779310.png,#bb4d92,3,174.852814,6.812447,0.272498,0.040000
z_0138_531.779310.png,#cc78e7,4,306.793939,11.953011,0.478120,0.040000
z_0138_531.779310.png,#d10402,16,1341.692568,52.273736,2.090949,0.040000
z_0138_531.779310.png,#d4194e,6,429.060967,16.716661,0.668666,0.040000
z_0139_532.806897.png,#127d93,9,411.646753,16.038185,0.641527,0.040000
z_0139_532.806897.png,#322d4f,1,41.213203,1.605709,0.064228,0.040000
z_0139_532.806897.png,#46a2a5,9,1036.246825,40.373253,1.614930,0.040000
z_0139_532.806897.png,#55087e,3,347.646753,13.544679,0.541787,0.040000
z_0139_532.806897.png,#618128,6,418.717821,16.313681,0.652547,0.040000
z_0139_532.806897.png,#88fe9d,6,693.068109,27.002654,1.080106,0.040000
z_0139_532.806897.png,#9d9548,3,356.676190,13.896475,0.555859,0.040000
z_0139_532.806897.png,#a46e60,6,323.806133,12.615823,0.504633,0.040000
z_0139_532.806897.png,#a6057f,2,139.539105,5.436589,0.217464,0.040000
z_0139_532.806897.png,#b1780b,3,283.622366,11.050222,0.442009,0.040000
z_0139_532.806897.png,#b79506,2,99.254834,3.867071,0.154683,0.040000
z_0139_532.806897.png,#bb4d92,3,173.438600,6.757348,0.270294,0.040000
z_0139_532.806897.png,#cc78e7,4,303.965512,11.842812,0.473712,0.040000
z_0139_532.806897.png,#d10402,16,1340.420490,52.224175,2.088967,0.040000
z_0139_532.806897.png,#d4194e,6,429.060967,16.716661,0.668666,0.040000
z_0140_533.834483.png,#127d93,6,349.705627,13.624895,0.544996,0.040000
z_0140_533.834483.png,#322d4f,1,45.455844,1.771007,0.070840,0.040000
z_0140_533.834483.png,#46a2a5,9,908.021428,35.377458,1.415098,0.040000
z_0140_533.834483.png,#55087e,3,286.977705,11.180950,0.447238,0.040000
z_0140_533.834483.png,#618128,6,457.931024,17.841468,0.713659,0.040000
z_0140_533.834483.png,#88fe9d,4,545.529004,21.254377,0.850175,0.040000
z_0140_533.834483.png,#9d9548,3,355.261977,13.841376,0.553655,0.040000
z_0140_533.834483.png,#a46e60,6,320.291414,12.478886,0.499155,0.040000
z_0140_533.834483.png,#a6057f,2,119.053824,4.638461,0.185538,0.040000
z_0140_533.834483.png,#b1780b,3,253.965512,9.894760,0.395790,0.040000
z_0140_533.834483.png,#b79506,3,130.468037,5.083170,0.203327,0.040000
z_0140_533.834483.png,#bb4d92,3,157.338095,6.130056,0.245202,0.040000
z_0140_533.834483.png,#cc78e7,4,307.521861,11.981371,0.479255,0.040000
z_0140_533.834483.png,#d10402,14,1418.645886,55.271918,2.210877,0.040000
z_0140_533.834483.png,#d4194e,7,450.374675,17.547065,0.701883,0.040000
z_0141_534.862069.png,#127d93,6,316.291414,12.323042,0.492922,0.040000
z_0141_534.862069.png,#322d4f,1,47.455844,1.848929,0.073957,0.040000
z_0141_534.862069.png,#46a2a5,9,865.050865,33.703280,1.348131,0.040000
z_0141_534.862069.png,#55087e,2,230.107648,8.965233,0.358609,0.040000
z_0141_534.862069.png,#618128,6,494.658946,19.272426,0.770897,0.040000
z_0141_534.862069.png,#88fe9d,4,554.256926,21.594426,0.863777,0.040000
z_0141_534.862069.png,#9d9548,3,340.291414,13.258107,0.530324,0.040000
z_0141_534.862069.png,#a46e60,5,322.291414,12.556808,0.502272,0.040000
z_0141_534.862069.png,#a6057f,2,119.396970,4.651830,0.186073,0.040000
z_0141_534.862069.png,#b1780b,3,241.137085,9.394951,0.375798,0.040000
z_0141_534.862069.png,#b79506,4,169.539105,6.605420,0.264217,0.040000
z_0141_534.862069.png,#bb4d92,3,146.024387,5.689262,0.227570,0.040000
z_0141_534.862069.png,#cc78e7,3,324.450793,12.640940,0.505638,0.040000
z_0141_534.862069.png,#d10402,15,1502.888527,58.554098,2.342164,0.040000
z_0141_534.862069.png,#d4194e,6,461.203102,17.968952,0.718758,0.040000
z_0142_535.889655.png,#127d93,5,306.048773,11.923978,0.476959,0.040000
z_0142_535.889655.png,#322d4f,1,46.284271,1.803283,0.072131,0.040000
z_0142_535.889655.png,#46a2a5,8,828.080303,32.262869,1.290515,0.040000
z_0142_535.889655.png,#55087e,2,224.693434,8.754290,0.350172,0.040000
z_0142_535.889655.png,#618128,7,554.014285,21.584972,0.863399,0.040000
z_0142_535.889655.png,#88fe9d,6,525.428499,20.471240,0.818850,0.040000
z_0142_535.889655.png,#9d9548,3,338.190909,13.176269,0.527051,0.040000
z_0142_535.889655.png,#a46e60,5,320.291414,12.478886,0.499155,0.040000
z_0142_535.889655.png,#a6057f,2,115.154329,4.486532,0.179461,0.040000
z_0142_535.889655.png,#b1780b,3,238.651804,9.298122,0.371925,0.040000
z_0142_535.889655.png,#b79506,3,201.095454,7.834888,0.313396,0.040000
z_0142_535.889655.png,#bb4d92,3,145.195959,5.656985,0.226279,0.040000
z_0142_535.889655.png,#cc78e7,3,323.279221,12.595294,0.503812,0.040000
z_0142_535.889655.png,#d10402,15,1563.942351,60.932819,2.437313,0.040000
z_0142_535.889655.png,#d4194e,6,473.931024,18.464845,0.738594,0.040000
z_0143_536.917241.png,#127d93,5,309.948268,12.075907,0.483036,0.040000
z_0143_536.917241.png,#322d4f,1,46.041631,1.793830,0.071753,0.040000
z_0143_536.917241.png,#46a2a5,8,726.582828,28.308422,1.132337,0.040000
z_0143_536.917241.png,#55087e,2,227.178716,8.851119,0.354045,0.040000
z_0143_536.917241.png,#618128,6,662.198052,25.799924,1.031997,0.040000
z_0143_536.917241.png,#88fe9d,6,486.073160,18.937915,0.757517,0.040000
z_0143_536.917241.png,#9d9548,3,322.090404,12.548977,0.501959,0.040000
z_0143_536.917241.png,#a46e60,5,321.362482,12.520616,0.500825,0.040000
z_0143_536.917241.png,#a6057f,2,110.325902,4.298412,0.171936,0.040000
z_0143_536.917241.png,#b1780b,3,231.338095,9.013173,0.360527,0.040000
z_0143_536.917241.png,#b79506,3,210.752309,8.211129,0.328445,0.040000
z_0143_536.917241.png,#bb4d92,3,146.267027,5.698715,0.227949,0.040000
z_0143_536.917241.png,#cc78e7,3,310.894444,12.112771,0.484511,0.040000
z_0143_536.917241.png,#d10402,15,1613.398195,62.859670,2.514387,0.040000
z_0143_536.917241.png,#d4194e,6,486.173665,18.941831,0.757673,0.040000
z_0144_537.944828.png,#127d93,5,312.776695,12.186105,0.487444,0.040000
z_0144_537.944828.png,#322d4f,1,46.041631,1.793830,0.071753,0.040000
z_0144_537.944828.png,#46a2a5,8,744.381818,29.001889,1.160076,0.040000
z_0144_537.944828.png,#55087e,2,227.764502,8.873942,0.354958,0.040000
z_0144_537.944828.png,#618128,6,658.440692,25.653533,1.026141,0.040000
z_0144_537.944828.png,#88fe9d,6,487.487373,18.993015,0.759721,0.040000
z_0144_537.944828.png,#9d9548,3,320.676190,12.493878,0.499755,0.040000
z_0144_537.944828.png,#a46e60,5,321.605122,12.530070,0.501203,0.040000
z_0144_537.944828.png,#a6057f,2,112.568542,4.385787,0.175431,0.040000
z_0144_537.944828.png,#b1780b,3,231.923882,9.035995,0.361440,0.040000
z_0144_537.944828.png,#b79506,3,211.338095,8.233952,0.329358,0.040000
z_0144_537.944828.png,#bb4d92,3,146.852814,5.721538,0.228862,0.040000
z_0144_537.944828.png,#cc78e7,3,310.894444,12.112771,0.484511,0.040000
z_0144_537.944828.png,#d10402,15,1588.670273,61.896244,2.475850,0.040000
z_0144_537.944828.png,#d4194e,6,485.345238,18.909555,0.756382,0.040000
z_0145_538.972414.png,#127d93,5,315.462987,12.290766,0.491631,0.040000
z_0145_538.972414.png,#322d4f,1,43.213203,1.683631,0.067345,0.040000
z_0145_538.972414.png,#46a2a5,7,701.511760,27.331627,1.093265,0.040000
z_0145_538.972414.png,#55087e,2,225.521861,8.786566,0.351463,0.040000
z_0145_538.972414.png,#618128,5,712.624458,27.764589,1.110584,0.040000
z_0145_538.972414.png,#88fe9d,5,441.931024,17.218092,0.688724,0.040000
z_0145_538.972414.png,#9d9548,1,307.806133,11.992447,0.479698,0.040000
z_0145_538.972414.png,#a46e60,5,323.362482,12.598538,0.503942,0.040000
z_0145_538.972414.png,#a6057f,2,104.325902,4.064646,0.162586,0.040000
z_0145_538.972414.png,#b1780b,3,210.852814,8.215045,0.328602,0.040000
z_0145_538.972414.png,#b79506,2,236.308658,9.206831,0.368273,0.040000
z_0145_538.972414.png,#bb4d92,3,140.124892,5.459411,0.218376,0.040000
z_0145_538.972414.png,#cc78e7,4,286.551299,11.164336,0.446573,0.040000
z_0145_538.972414.png,#d10402,18,1716.108873,66.861385,2.674455,0.040000
z_0145_538.972414.png,#d4194e,6,510.901587,19.905257,0.796210,0.040000
z_0146_540.000000.png,#127d93,5,302.634560,11.790957,0.471638,0.040000
z_0146_540.000000.png,#322d4f,1,34.970563,1.362489,0.054500,0.040000
z_0146_540.000000.png,#46a2a5,8,718.482323,27.992818,1.119713,0.040000
z_0146_540.000000.png,#55087e,3,279.705627,10.897622,0.435905,0.040000
z_0146_540.000000.png,#618128,4,737.796031,28.745300,1.149812,0.040000
z_0146_540.000000.png,#88fe9d,4,366.333044,14.272716,0.570909,0.040000
z_0146_540.000000.png,#9d9548,2,300.492424,11.707497,0.468300,0.040000
z_0146_540.000000.png,#a46e60,5,325.948268,12.699283,0.507971,0.040000
z_0146_540.000000.png,#a6057f,2,103.154329,4.019000,0.160760,0.040000
z_0146_540.000000.png,#b1780b,3,199.338095,7.766419,0.310657,0.040000
z_0146_540.000000.png,#b79506,2,210.994949,8.220582,0.328823,0.040000
z_0146_540.000000.png,#bb4d92,3,136.610173,5.322474,0.212899,0.040000
z_0146_540.000000.png,#cc78e7,3,204.752309,7.977363,0.319095,0.040000
z_0146_540.000000.png,#d10402,15,1550.184992,60.396818,2.415873,0.040000
z_0146_540.000000.png,#d4194e,5,509.203102,19.839082,0.793563,0.040000
