slice_file,color_hex,blob_count,perimeter_px,perimeter_um,slice_area_um2,slice_thickness_um
z_0001_363.000000.png,#008080,1,29.313708,0.888294,0.035532,0.040000
z_0001_363.000000.png,#00fa9a,3,408.617316,12.382343,0.495294,0.040000
z_0001_363.000000.png,#3cb44b,1,272.007143,8.242641,0.329706,0.040000
z_0001_363.000000.png,#40e0d0,2,319.965512,9.695925,0.387837,0.040000
z_0001_363.000000.png,#6a5acd,4,675.310750,20.463962,0.818558,0.040000
z_0001_363.000000.png,#8000ff,6,1243.886435,37.693528,1.507741,0.040000
z_0001_363.000000.png,#911eb4,1,193.580736,5.866083,0.234643,0.040000
z_0001_363.000000.png,#9acd32,1,50.870058,1.541517,0.061661,0.040000
z_0001_363.000000.png,#a52a2a,1,60.526912,1.834149,0.073366,0.040000
z_0001_363.000000.png,#dc143c,1,233.923882,7.088602,0.283544,0.040000
z_0001_363.000000.png,#e6194b,3,115.740115,3.507276,0.140291,0.040000
z_0001_363.000000.png,#ff0080,2,540.984848,16.393480,0.655739,0.040000
z_0001_363.000000.png,#ff8080,1,430.658946,13.050271,0.522011,0.040000
z_0002_364.000000.png,#008080,1,36.384776,1.102569,0.044103,0.040000
z_0002_364.000000.png,#00fa9a,3,415.931024,12.603970,0.504159,0.040000
z_0002_364.000000.png,#3cb44b,1,275.563492,8.350409,0.334016,0.040000
z_0002_364.000000.png,#40e0d0,2,340.107648,10.306292,0.412252,0.040000
z_0002_364.000000.png,#6a5acd,5,724.867099,21.965670,0.878627,0.040000
z_0002_364.000000.png,#8000ff,6,1280.070201,38.790006,1.551600,0.040000
z_0002_364.000000.png,#911eb4,2,271.078210,8.214491,0.328580,0.040000
z_0002_364.000000.png,#9acd32,1,59.455844,1.801692,0.072068,0.040000
z_0002_364.000000.png,#a52a2a,1,58.284271,1.766190,0.070648,0.040000
z_0002_364.000000.png,#dc143c,1,250.166522,7.580804,0.303232,0.040000
z_0002_364.000000.png,#e6194b,3,133.296465,4.039287,0.161571,0.040000
z_0002_364.000000.png,#ff0080,2,543.428499,16.467530,0.658701,0.040000
z_0002_364.000000.png,#ff8080,1,436.073160,13.214338,0.528574,0.040000
z_0003_365.000000.png,#008080,1,43.213203,1.309491,0.052380,0.040000
z_0003_365.000000.png,#00fa9a,3,422.416306,12.800494,0.512020,0.040000
z_0003_365.000000.png,#3cb44b,1,280.977705,8.514476,0.340579,0.040000
z_0003_365.000000.png,#40e0d0,2,366.391919,11.102785,0.444111,0.040000
z_0003_365.000000.png,#6a5acd,4,767.595021,23.260455,0.930418,0.040000
z_0003_365.000000.png,#8000ff,7,1307.969696,39.635445,1.585418,0.040000
z_0003_365.000000.png,#911eb4,1,160.024387,4.849224,0.193969,0.040000
z_0003_365.000000.png,#9acd32,1,70.284271,2.129826,0.085193,0.040000
z_0003_365.000000.png,#a52a2a,1,59.112698,1.791294,0.071652,0.040000
z_0003_365.000000.png,#dc143c,1,261.823376,7.934042,0.317362,0.040000
z_0003_365.000000.png,#e6194b,3,152.367532,4.617198,0.184688,0.040000
z_0003_365.000000.png,#ff0080,2,555.085353,16.820768,0.672831,0.040000
z_0003_365.000000.png,#ff69b4,1,2.828427,0.085710,0.003428,0.040000
z_0003_365.000000.png,#ff8080,1,444.073160,13.456762,0.538270,0.040000
z_0004_366.000000.png,#008080,1,43.213203,1.309491,0.052380,0.040000
z_0004_366.000000.png,#00fa9a,3,422.416306,12.800494,0.512020,0.040000
z_0004_366.000000.png,#3cb44b,1,280.977705,8.514476,0.340579,0.040000
z_0004_366.000000.png,#40e0d0,2,366.391919,11.102785,0.444111,0.040000
z_0004_366.000000.png,#6a5acd,4,765.595021,23.199849,0.927994,0.040000
z_0004_366.000000.png,#8000ff,7,1307.040764,39.607296,1.584292,0.040000
z_0004_366.000000.png,#911eb4,1,159.781746,4.841871,0.193675,0.040000
z_0004_366.000000.png,#9acd32,1,69.455844,2.104723,0.084189,0.040000
z_0004_366.000000.png,#a52a2a,1,59.112698,1.791294,0.071652,0.040000
z_0004_366.000000.png,#dc143c,1,261.823376,7.934042,0.317362,0.040000
z_0004_366.000000.png,#e6194b,3,149.539105,4.531488,0.181260,0.040000
z_0004_366.000000.png,#ff0080,2,554.256926,16.795664,0.671827,0.040000
z_0004_366.000000.png,#ff69b4,1,2.828427,0.085710,0.003428,0.040000
z_0004_366.000000.png,#ff8080,1,448.658946,13.595726,0.543829,0.040000
z_0005_367.000000.png,#008080,1,54.526912,1.652331,0.066093,0.040000
z_0005_367.000000.png,#00fa9a,5,415.102597,12.578867,0.503155,0.040000
z_0005_367.000000.png,#3cb44b,1,288.634560,8.746502,0.349860,0.040000
z_0005_367.000000.png,#40e0d0,3,381.806133,11.569883,0.462795,0.040000
z_0005_367.000000.png,#6a5acd,5,852.648845,25.837844,1.033514,0.040000
z_0005_367.000000.png,#8000ff,9,1341.768686,40.659657,1.626386,0.040000
z_0005_367.000000.png,#911eb4,1,157.195959,4.763514,0.190541,0.040000
z_0005_367.000000.png,#9acd32,1,96.526912,2.925058,0.117002,0.040000
z_0005_367.000000.png,#a52a2a,1,56.284271,1.705584,0.068223,0.040000
z_0005_367.000000.png,#dc143c,2,288.693434,8.748286,0.349931,0.040000
z_0005_367.000000.png,#e6194b,3,180.267027,5.462637,0.218505,0.040000
z_0005_367.000000.png,#ff0080,2,562.256926,17.038089,0.681524,0.040000
z_0005_367.000000.png,#ff69b4,1,2.828427,0.085710,0.003428,0.040000
z_0005_367.000000.png,#ff8080,1,454.901587,13.784897,0.551396,0.040000
z_0006_368.000000.png,#008080,1,60.769553,1.841502,0.073660,0.040000
z_0006_368.000000.png,#00fa9a,5,404.759451,12.265438,0.490618,0.040000
z_0006_368.000000.png,#3cb44b,1,292.291414,8.857316,0.354293,0.040000
z_0006_368.000000.png,#40e0d0,3,374.149278,11.337857,0.453514,0.040000
z_0006_368.000000.png,#6a5acd,5,891.903679,27.027384,1.081095,0.040000
z_0006_368.000000.png,#8000ff,8,1329.141269,40.277008,1.611080,0.040000
z_0006_368.000000.png,#911eb4,2,172.852814,5.237964,0.209519,0.040000
z_0006_368.000000.png,#9acd32,1,106.769553,3.235441,0.129418,0.040000
z_0006_368.000000.png,#a52a2a,1,55.455844,1.680480,0.067219,0.040000
z_0006_368.000000.png,#dc143c,3,301.663997,9.141333,0.365653,0.040000
z_0006_368.000000.png,#e6194b,4,206.994949,6.272574,0.250903,0.040000
z_0006_368.000000.png,#ff0080,2,572.984848,17.363177,0.694527,0.040000
z_0006_368.000000.png,#ff8080,2,462.416306,14.012615,0.560505,0.040000
z_0007_369.000000.png,#008080,1,64.526912,1.955361,0.078214,0.040000
z_0007_369.000000.png,#00fa9a,5,369.060967,11.183666,0.447347,0.040000
z_0007_369.000000.png,#3cb44b,1,295.462987,8.953424,0.358137,0.040000
z_0007_369.000000.png,#40e0d0,3,376.190909,11.399725,0.455989,0.040000
z_0007_369.000000.png,#6a5acd,6,873.862048,26.480668,1.059227,0.040000
z_0007_369.000000.png,#8000ff,7,1337.727056,40.537184,1.621487,0.040000
z_0007_369.000000.png,#911eb4,1,185.580736,5.623659,0.224946,0.040000
z_0007_369.000000.png,#9acd32,1,121.840620,3.692140,0.147686,0.040000
z_0007_369.000000.png,#a52a2a,1,57.455844,1.741086,0.069643,0.040000
z_0007_369.000000.png,#dc143c,2,288.007143,8.727489,0.349100,0.040000
z_0007_369.000000.png,#e6194b,4,245.722871,7.446148,0.297846,0.040000
z_0007_369.000000.png,#ff0080,2,579.470129,17.559701,0.702388,0.040000
z_0007_369.000000.png,#ff69b4,1,4.828427,0.146316,0.005853,0.040000
z_0007_369.000000.png,#ff8080,2,451.445743,13.680174,0.547207,0.040000
z_0008_370.000000.png,#008080,1,69.355339,2.101677,0.084067,0.040000
z_0008_370.000000.png,#00fa9a,4,350.676190,10.626551,0.425062,0.040000
z_0008_370.000000.png,#3cb44b,1,301.362482,9.132196,0.365288,0.040000
z_0008_370.000000.png,#40e0d0,3,340.149278,10.307554,0.412302,0.040000
z_0008_370.000000.png,#6a5acd,5,839.962554,25.453411,1.018136,0.040000
z_0008_370.000000.png,#8000ff,7,1311.928066,39.755396,1.590216,0.040000
z_0008_370.000000.png,#911eb4,1,200.066017,6.062607,0.242504,0.040000
z_0008_370.000000.png,#9acd32,1,129.982756,3.938871,0.157555,0.040000
z_0008_370.000000.png,#a52a2a,1,56.870058,1.723335,0.068933,0.040000
z_0008_370.000000.png,#dc143c,2,279.764502,8.477712,0.339108,0.040000
z_0008_370.000000.png,#e6194b,4,263.865007,7.995909,0.319836,0.040000
z_0008_370.000000.png,#ff0080,2,591.227489,17.915985,0.716639,0.040000
z_0008_370.000000.png,#ff69b4,4,13.313708,0.403446,0.016138,0.040000
z_0008_370.000000.png,#ff8080,2,440.516811,13.348994,0.533960,0.040000
z_0009_371.000000.png,#008080,1,74.183766,2.247993,0.089920,0.040000
z_0009_371.000000.png,#00fa9a,4,331.605122,10.048640,0.401946,0.040000
z_0009_371.000000.png,#3cb44b,1,306.190909,9.278512,0.371140,0.040000
z_0009_371.000000.png,#40e0d0,2,344.776695,10.447779,0.417911,0.040000
z_0009_371.000000.png,#6a5acd,5,842.648845,25.534813,1.021393,0.040000
z_0009_371.000000.png,#8000ff,7,1321.383910,40.041937,1.601677,0.040000
z_0009_371.000000.png,#911eb4,1,198.894444,6.027104,0.241084,0.040000
z_0009_371.000000.png,#9acd32,1,140.225397,4.249254,0.169970,0.040000
z_0009_371.000000.png,#a52a2a,1,56.870058,1.723335,0.068933,0.040000
z_0009_371.000000.png,#dc143c,2,276.693434,8.384650,0.335386,0.040000
z_0009_371.000000.png,#e6194b,4,281.521861,8.530965,0.341239,0.040000
z_0009_371.000000.png,#ff0080,2,597.570635,18.108201,0.724328,0.040000
z_0009_371.000000.png,#ff69b4,1,4.828427,0.146316,0.005853,0.040000
z_0009_371.000000.png,#ff8080,3,435.788889,13.205724,0.528229,0.040000
z_0010_372.000000.png,#008080,1,71.355339,2.162283,0.086491,0.040000
z_0010_372.000000.png,#00fa9a,4,325.847763,9.874175,0.394967,0.040000
z_0010_372.000000.png,#3cb44b,1,306.776695,9.296263,0.371851,0.040000
z_0010_372.000000.png,#40e0d0,2,317.320851,9.615783,0.384631,0.040000
z_0010_372.000000.png,#6a5acd,5,821.820418,24.903649,0.996146,0.040000
z_0010_372.000000.png,#8000ff,6,1332.396103,40.375639,1.615026,0.040000
z_0010_372.000000.png,#911eb4,1,166.509668,5.045748,0.201830,0.040000
z_0010_372.000000.png,#9acd32,1,149.639610,4.534534,0.181381,0.040000
z_0010_372.000000.png,#a52a2a,1,57.455844,1.741086,0.069643,0.040000
z_0010_372.000000.png,#dc143c,3,270.107648,8.185080,0.327403,0.040000
z_0010_372.000000.png,#e6194b,4,306.350288,9.283342,0.371334,0.040000
z_0010_372.000000.png,#ff0080,3,621.470129,18.832428,0.753297,0.040000
z_0010_372.000000.png,#ff69b4,2,5.656854,0.171420,0.006857,0.040000
z_0010_372.000000.png,#ff8080,2,415.889394,12.602709,0.504108,0.040000
z_0011_373.000000.png,#008080,1,74.526912,2.258391,0.090336,0.040000
z_0011_373.000000.png,#00fa9a,5,321.362482,9.738257,0.389530,0.040000
z_0011_373.000000.png,#3cb44b,1,308.776695,9.356870,0.374275,0.040000
z_0011_373.000000.png,#40e0d0,3,318.592929,9.654331,0.386173,0.040000
z_0011_373.000000.png,#6a5acd,5,831.234631,25.188928,1.007557,0.040000
z_0011_373.000000.png,#8000ff,6,1310.052957,39.698574,1.587943,0.040000
z_0011_373.000000.png,#911eb4,1,178.752309,5.416737,0.216669,0.040000
z_0011_373.000000.png,#9acd32,1,154.710678,4.688202,0.187528,0.040000
z_0011_373.000000.png,#a52a2a,1,53.798990,1.630272,0.065211,0.040000
z_0011_373.000000.png,#dc143c,3,247.823376,7.509799,0.300392,0.040000
z_0011_373.000000.png,#e6194b,4,326.735065,9.901063,0.396043,0.040000
z_0011_373.000000.png,#ff0080,3,595.671140,18.050641,0.722026,0.040000
z_0011_373.000000.png,#ff69b4,2,5.656854,0.171420,0.006857,0.040000
z_0011_373.000000.png,#ff8080,2,419.989899,12.726967,0.509079,0.040000
z_0012_374.000000.png,#008080,1,75.698485,2.293893,0.091756,0.040000
z_0012_374.000000.png,#00fa9a,4,294.634560,8.928320,0.357133,0.040000
z_0012_374.000000.png,#3cb44b,1,315.362482,9.556439,0.382258,0.040000
z_0012_374.000000.png,#40e0d0,3,305.178716,9.247840,0.369914,0.040000
z_0012_374.000000.png,#6a5acd,5,806.991991,24.454303,0.978172,0.040000
z_0012_374.000000.png,#8000ff,7,1307.810317,39.630616,1.585225,0.040000
z_0012_374.000000.png,#80ff80,1,6.828427,0.206922,0.008277,0.040000
z_0012_374.000000.png,#911eb4,2,162.710678,4.930627,0.197225,0.040000
z_0012_374.000000.png,#9acd32,1,163.781746,4.963083,0.198523,0.040000
z_0012_374.000000.png,#a52a2a,1,54.870058,1.662729,0.066509,0.040000
z_0012_374.000000.png,#dc143c,3,236.509668,7.166960,0.286678,0.040000
z_0012_374.000000.png,#e6194b,4,351.705627,10.657746,0.426310,0.040000
z_0012_374.000000.png,#ff0080,3,592.014285,17.939827,0.717593,0.040000
z_0012_374.000000.png,#ff8080,2,408.717821,12.385389,0.495416,0.040000
z_0013_375.000000.png,#008080,1,75.941125,2.301246,0.092050,0.040000
z_0013_375.000000.png,#00fa9a,4,288.592929,8.745240,0.349810,0.040000
z_0013_375.000000.png,#3cb44b,1,316.433550,9.588895,0.383556,0.040000
z_0013_375.000000.png,#40e0d0,3,304.592929,9.230089,0.369204,0.040000
z_0013_375.000000.png,#6a5acd,7,764.707720,23.172961,0.926918,0.040000
z_0013_375.000000.png,#8000ff,7,1284.153462,38.913741,1.556550,0.040000
z_0013_375.000000.png,#80ff80,1,17.899495,0.542409,0.021696,0.040000
z_0013_375.000000.png,#911eb4,1,139.639610,4.231503,0.169260,0.040000
z_0013_375.000000.png,#9acd32,1,172.468037,5.226304,0.209052,0.040000
z_0013_375.000000.png,#a52a2a,1,54.627417,1.655376,0.066215,0.040000
z_0013_375.000000.png,#dc143c,3,217.681241,6.596401,0.263856,0.040000
z_0013_375.000000.png,#e6194b,4,418.575685,12.684112,0.507364,0.040000
z_0013_375.000000.png,#ff0080,3,588.641702,17.837627,0.713505,0.040000
z_0013_375.000000.png,#ff69b4,1,2.828427,0.085710,0.003428,0.040000
z_0013_375.000000.png,#ff8080,2,399.989899,12.120906,0.484836,0.040000
z_0014_376.000000.png,#008080,1,71.213203,2.157976,0.086319,0.040000
z_0014_376.000000.png,#00fa9a,4,291.906638,8.845656,0.353826,0.040000
z_0014_376.000000.png,#3cb44b,1,314.676190,9.535642,0.381426,0.040000
z_0014_376.000000.png,#40e0d0,3,309.764502,9.386803,0.375472,0.040000
z_0014_376.000000.png,#6a5acd,7,682.281313,20.675191,0.827008,0.040000
z_0014_376.000000.png,#8000ff,7,1249.768686,37.871778,1.514871,0.040000
z_0014_376.000000.png,#80ff80,1,19.071068,0.577911,0.023116,0.040000
z_0014_376.000000.png,#911eb4,1,140.124892,4.246209,0.169848,0.040000
z_0014_376.000000.png,#9acd32,1,179.781746,5.447932,0.217917,0.040000
z_0014_376.000000.png,#a52a2a,1,52.870058,1.602123,0.064085,0.040000
z_0014_376.000000.png,#dc143c,3,207.681241,6.293371,0.251735,0.040000
z_0014_376.000000.png,#e6194b,4,471.002092,14.272791,0.570912,0.040000
z_0014_376.000000.png,#ff0080,3,582.256926,17.644149,0.705766,0.040000
z_0014_376.000000.png,#ff69b4,1,6.828427,0.206922,0.008277,0.040000
z_0014_376.000000.png,#ff8080,2,395.989899,11.999694,0.479988,0.040000
z_0015_377.000000.png,#008080,1,63.556349,1.925950,0.077038,0.040000
z_0015_377.000000.png,#00fa9a,5,298.048773,9.031781,0.361271,0.040000
z_0015_377.000000.png,#3cb44b,1,322.090404,9.760315,0.390413,0.040000
z_0015_377.000000.png,#40e0d0,2,289.865007,8.783788,0.351352,0.040000
z_0015_377.000000.png,#6a5acd,7,602.440692,18.255779,0.730231,0.040000
z_0015_377.000000.png,#8000ff,7,1226.011327,37.151858,1.486074,0.040000
z_0015_377.000000.png,#80ff80,1,27.313708,0.827688,0.033108,0.040000
z_0015_377.000000.png,#911eb4,1,137.053824,4.153146,0.166126,0.040000
z_0015_377.000000.png,#9acd32,1,189.681241,5.747916,0.229917,0.040000
z_0015_377.000000.png,#a52a2a,1,51.798990,1.569666,0.062787,0.040000
z_0015_377.000000.png,#bcf60c,1,26.142136,0.792186,0.031687,0.040000
z_0015_377.000000.png,#dc143c,3,188.710678,5.718505,0.228740,0.040000
z_0015_377.000000.png,#e6194b,4,489.487373,14.832951,0.593318,0.040000
z_0015_377.000000.png,#ff0080,3,571.185858,17.308662,0.692346,0.040000
z_0015_377.000000.png,#ff69b4,1,2.828427,0.085710,0.003428,0.040000
z_0015_377.000000.png,#ff8080,2,381.019336,11.546040,0.461842,0.040000
z_0016_378.000000.png,#008080,1,62.627417,1.897801,0.075912,0.040000
z_0016_378.000000.png,#00fa9a,4,284.391919,8.617937,0.344717,0.040000
z_0016_378.000000.png,#3cb44b,1,329.504617,9.984988,0.399400,0.040000
z_0016_378.000000.png,#40e0d0,2,277.480231,8.408492,0.336340,0.040000
z_0016_378.000000.png,#6a5acd,6,530.298557,16.069653,0.642786,0.040000
z_0016_378.000000.png,#8000ff,6,1162.454978,35.225908,1.409036,0.040000
z_0016_378.000000.png,#80ff80,3,84.769553,2.568774,0.102751,0.040000
z_0016_378.000000.png,#911eb4,1,131.154329,3.974374,0.158975,0.040000
z_0016_378.000000.png,#9acd32,1,191.681241,5.808522,0.232341,0.040000
z_0016_378.000000.png,#a52a2a,1,52.041631,1.577019,0.063081,0.040000
z_0016_378.000000.png,#bcf60c,1,41.213203,1.248885,0.049955,0.040000
z_0016_378.000000.png,#dc143c,3,180.367532,5.465683,0.218627,0.040000
z_0016_378.000000.png,#e6194b,4,507.286363,15.372314,0.614893,0.040000
z_0016_378.000000.png,#ff0080,3,561.529004,17.016030,0.680641,0.040000
z_0016_378.000000.png,#ff69b4,1,8.828427,0.267528,0.010701,0.040000
z_0016_378.000000.png,#ff8080,2,363.362482,11.010984,0.440439,0.040000
z_0017_379.000000.png,#008080,1,63.698485,1.930257,0.077210,0.040000
z_0017_379.000000.png,#00fa9a,3,190.994949,5.787726,0.231509,0.040000
z_0017_379.000000.png,#3cb44b,1,330.333044,10.010092,0.400404,0.040000
z_0017_379.000000.png,#40e0d0,2,272.308658,8.251778,0.330071,0.040000
z_0017_379.000000.png,#6a5acd,6,508.842712,15.419476,0.616779,0.040000
z_0017_379.000000.png,#8000ff,6,1138.697618,34.505988,1.380240,0.040000
z_0017_379.000000.png,#80ff80,1,128.911688,3.906415,0.156257,0.040000
z_0017_379.000000.png,#911eb4,1,130.568542,3.956622,0.158265,0.040000
z_0017_379.000000.png,#9acd32,1,193.338095,5.858730,0.234349,0.040000
z_0017_379.000000.png,#a52a2a,1,52.041631,1.577019,0.063081,0.040000
z_0017_379.000000.png,#bcf60c,1,51.698485,1.566621,0.062665,0.040000
z_0017_379.000000.png,#dc143c,2,154.811183,4.691248,0.187650,0.040000
z_0017_379.000000.png,#e6194b,5,547.671140,16.596095,0.663844,0.040000
z_0017_379.000000.png,#ff0080,3,545.529004,16.531182,0.661247,0.040000
z_0017_379.000000.png,#ff69b4,1,4.828427,0.146316,0.005853,0.040000
z_0017_379.000000.png,#ff8080,2,355.806133,10.782004,0.431280,0.040000
z_0018_380.000000.png,#008080,1,63.213203,1.915552,0.076622,0.040000
z_0018_380.000000.png,#00fa9a,3,185.923882,5.634057,0.225362,0.040000
z_0018_380.000000.png,#3cb44b,1,336.475180,10.196218,0.407849,0.040000
z_0018_380.000000.png,#40e0d0,2,281.480231,8.529704,0.341188,0.040000
z_0018_380.000000.png,#6a5acd,6,498.256926,15.098695,0.603948,0.040000
z_0018_380.000000.png,#8000ff,6,1116.655988,33.838060,1.353522,0.040000
z_0018_380.000000.png,#80ff80,2,152.568542,4.623289,0.184932,0.040000
z_0018_380.000000.png,#911eb4,1,124.811183,3.782157,0.151286,0.040000
z_0018_380.000000.png,#9acd32,2,221.137085,6.701124,0.268045,0.040000
z_0018_380.000000.png,#a52a2a,1,50.627417,1.534164,0.061367,0.040000
z_0018_380.000000.png,#bcf60c,1,64.183766,1.944963,0.077799,0.040000
z_0018_380.000000.png,#dc143c,2,152.225397,4.612891,0.184516,0.040000
z_0018_380.000000.png,#e6194b,4,570.842712,17.298264,0.691931,0.040000
z_0018_380.000000.png,#ff0080,3,536.600072,16.260608,0.650424,0.040000
z_0018_380.000000.png,#ff69b4,4,11.313708,0.342840,0.013714,0.040000
z_0018_380.000000.png,#ff8080,2,325.906638,9.875959,0.395038,0.040000
z_0019_381.000000.png,#008080,1,64.284271,1.948008,0.077920,0.040000
z_0019_381.000000.png,#00fa9a,3,185.095454,5.608953,0.224358,0.040000
z_0019_381.000000.png,#3cb44b,1,377.303607,11.433443,0.457338,0.040000
z_0019_381.000000.png,#40e0d0,4,237.923882,7.209815,0.288393,0.040000
z_0019_381.000000.png,#6a5acd,8,447.730014,13.567576,0.542703,0.040000
z_0019_381.000000.png,#8000ff,10,1084.815367,32.873193,1.314928,0.040000
z_0019_381.000000.png,#80ff80,2,173.539105,5.258761,0.210350,0.040000
z_0019_381.000000.png,#911eb4,1,122.568542,3.714198,0.148568,0.040000
z_0019_381.000000.png,#9acd32,2,243.622366,7.382496,0.295300,0.040000
z_0019_381.000000.png,#a52a2a,1,49.213203,1.491309,0.059652,0.040000
z_0019_381.000000.png,#bcf60c,2,168.367532,5.102046,0.204082,0.040000
z_0019_381.000000.png,#dc143c,3,145.882251,4.420674,0.176827,0.040000
z_0019_381.000000.png,#e6194b,4,594.399062,18.012093,0.720484,0.040000
z_0019_381.000000.png,#ff0080,3,530.114790,16.064085,0.642563,0.040000
z_0019_381.000000.png,#ff69b4,2,7.656854,0.232026,0.009281,0.040000
z_0019_381.000000.png,#ff8080,2,317.906638,9.633534,0.385341,0.040000
z_0020_382.000000.png,#008080,1,57.455844,1.741086,0.069643,0.040000
z_0020_382.000000.png,#00fa9a,3,187.237590,5.673866,0.226955,0.040000
z_0020_382.000000.png,#3cb44b,1,384.132034,11.640365,0.465615,0.040000
z_0020_382.000000.png,#40e0d0,2,177.781746,5.387326,0.215493,0.040000
z_0020_382.000000.png,#6a5acd,6,377.161472,11.429136,0.457165,0.040000
z_0020_382.000000.png,#8000ff,8,1076.957503,32.635076,1.305403,0.040000
z_0020_382.000000.png,#80ff80,2,185.296465,5.615044,0.224602,0.040000
z_0020_382.000000.png,#911eb4,1,120.811183,3.660945,0.146438,0.040000
z_0020_382.000000.png,#9acd32,2,265.764502,8.053470,0.322139,0.040000
z_0020_382.000000.png,#a52a2a,1,49.798990,1.509060,0.060362,0.040000
z_0020_382.000000.png,#bcf60c,2,245.580736,7.441840,0.297674,0.040000
z_0020_382.000000.png,#dc143c,3,128.568542,3.896016,0.155841,0.040000
z_0020_382.000000.png,#e6194b,4,651.896536,19.754440,0.790178,0.040000
z_0020_382.000000.png,#ff0080,3,511.445743,15.498356,0.619934,0.040000
z_0020_382.000000.png,#ff69b4,1,2.828427,0.085710,0.003428,0.040000
z_0020_382.000000.png,#ff8080,2,310.735065,9.416214,0.376649,0.040000
z_0021_383.000000.png,#008080,1,52.627417,1.594770,0.063791,0.040000
z_0021_383.000000.png,#00fa9a,2,181.923882,5.512845,0.220514,0.040000
z_0021_383.000000.png,#3cb44b,1,383.060967,11.607908,0.464316,0.040000
z_0021_383.000000.png,#40e0d0,2,172.267027,5.220213,0.208809,0.040000
z_0021_383.000000.png,#6a5acd,6,352.090404,10.669406,0.426776,0.040000
z_0021_383.000000.png,#8000ff,8,1087.442784,32.952812,1.318112,0.040000
z_0021_383.000000.png,#80ff80,2,195.882251,5.935826,0.237433,0.040000
z_0021_383.000000.png,#911eb4,1,117.982756,3.575235,0.143009,0.040000
z_0021_383.000000.png,#9acd32,3,310.735065,9.416214,0.376649,0.040000
z_0021_383.000000.png,#a52a2a,1,48.627417,1.473558,0.058942,0.040000
z_0021_383.000000.png,#bcf60c,1,257.480231,7.802431,0.312097,0.040000
z_0021_383.000000.png,#dc143c,3,119.740115,3.628488,0.145140,0.040000
z_0021_383.000000.png,#e6194b,7,554.499567,16.803017,0.672121,0.040000
z_0021_383.000000.png,#ff0080,3,496.232539,15.037350,0.601494,0.040000
z_0021_383.000000.png,#ff69b4,2,7.656854,0.232026,0.009281,0.040000
z_0021_383.000000.png,#ff8080,2,302.835570,9.176835,0.367073,0.040000
z_0022_384.000000.png,#008080,1,52.284271,1.584372,0.063375,0.040000
z_0022_384.000000.png,#00fa9a,2,172.710678,5.233657,0.209346,0.040000
z_0022_384.000000.png,#3cb44b,2,379.404112,11.497094,0.459884,0.040000
z_0022_384.000000.png,#40e0d0,2,166.610173,5.048793,0.201952,0.040000
z_0022_384.000000.png,#6a5acd,9,363.605122,11.018337,0.440733,0.040000
z_0022_384.000000.png,#8000ff,10,1130.614357,34.261041,1.370442,0.040000
z_0022_384.000000.png,#80ff80,1,210.509668,6.379081,0.255163,0.040000
z_0022_384.000000.png,#911eb4,1,116.468037,3.529334,0.141173,0.040000
z_0022_384.000000.png,#9acd32,3,347.462987,10.529181,0.421167,0.040000
z_0022_384.000000.png,#a52a2a,1,50.041631,1.516413,0.060657,0.040000
z_0022_384.000000.png,#bcf60c,1,259.722871,7.870390,0.314816,0.040000
z_0022_384.000000.png,#dc143c,3,120.568542,3.653592,0.146144,0.040000
z_0022_384.000000.png,#e6194b,6,477.872150,14.480974,0.579239,0.040000
z_0022_384.000000.png,#ff0080,4,483.546248,14.652917,0.586117,0.040000
z_0022_384.000000.png,#ff69b4,1,2.828427,0.085710,0.003428,0.040000
z_0022_384.000000.png,#ff8080,2,300.977705,9.120537,0.364821,0.040000
z_0023_385.000000.png,#008080,1,47.798990,1.448454,0.057938,0.040000
z_0023_385.000000.png,#00fa9a,2,165.539105,5.016337,0.200653,0.040000
z_0023_385.000000.png,#3cb44b,2,333.119841,10.094541,0.403782,0.040000
z_0023_385.000000.png,#40e0d0,2,158.710678,4.809414,0.192377,0.040000
z_0023_385.000000.png,#6a5acd,8,347.847763,10.540841,0.421634,0.040000
z_0023_385.000000.png,#8000ff,9,1176.555483,35.653196,1.426128,0.040000
z_0023_385.000000.png,#80ff80,1,213.095454,6.457438,0.258298,0.040000
z_0023_385.000000.png,#911eb4,2,110.325902,3.343209,0.133728,0.040000
z_0023_385.000000.png,#9acd32,2,270.592929,8.199786,0.327991,0.040000
z_0023_385.000000.png,#a52a2a,1,50.284271,1.523766,0.060951,0.040000
z_0023_385.000000.png,#bcf60c,1,258.994949,7.848332,0.313933,0.040000
z_0023_385.000000.png,#dc143c,3,138.083261,4.184341,0.167374,0.040000
z_0023_385.000000.png,#e6194b,5,454.658946,13.777544,0.551102,0.040000
z_0023_385.000000.png,#ff0080,4,445.504617,13.500140,0.540006,0.040000
z_0023_385.000000.png,#ff69b4,2,7.656854,0.232026,0.009281,0.040000
z_0023_385.000000.png,#ff8080,2,291.906638,8.845656,0.353826,0.040000
z_0024_386.000000.png,#008080,1,45.798990,1.387848,0.055514,0.040000
z_0024_386.000000.png,#00fa9a,2,166.953319,5.059191,0.202368,0.040000
z_0024_386.000000.png,#3cb44b,2,332.534055,10.076790,0.403072,0.040000
z_0024_386.000000.png,#40e0d0,2,157.195959,4.763514,0.190541,0.040000
z_0024_386.000000.png,#6a5acd,6,371.019336,11.243010,0.449720,0.040000
z_0024_386.000000.png,#8000ff,8,1195.283405,36.220709,1.448828,0.040000
z_0024_386.000000.png,#80ff80,1,220.066017,6.668667,0.266747,0.040000
z_0024_386.000000.png,#911eb4,2,98.426407,2.982618,0.119305,0.040000
z_0024_386.000000.png,#9acd32,2,469.788889,14.236027,0.569441,0.040000
z_0024_386.000000.png,#a52a2a,1,50.627417,1.534164,0.061367,0.040000
z_0024_386.000000.png,#bcf60c,1,256.994949,7.787726,0.311509,0.040000
z_0024_386.000000.png,#dc143c,3,151.740115,4.598185,0.183927,0.040000
z_0024_386.000000.png,#e6194b,5,450.658946,13.656332,0.546253,0.040000
z_0024_386.000000.png,#ff0080,3,434.918831,13.179359,0.527174,0.040000
z_0024_386.000000.png,#ff69b4,3,8.485281,0.257130,0.010285,0.040000
z_0024_386.000000.png,#ff8080,2,267.906638,8.118383,0.324735,0.040000
z_0025_387.000000.png,#008080,1,45.798990,1.387848,0.055514,0.040000
z_0025_387.000000.png,#00fa9a,2,166.367532,5.041440,0.201658,0.040000
z_0025_387.000000.png,#3cb44b,2,332.048773,10.062084,0.402483,0.040000
z_0025_387.000000.png,#40e0d0,2,159.195959,4.824120,0.192965,0.040000
z_0025_387.000000.png,#6a5acd,6,371.019336,11.243010,0.449720,0.040000
z_0025_387.000000.png,#8000ff,8,1202.111832,36.427631,1.457105,0.040000
z_0025_387.000000.png,#80ff80,1,220.066017,6.668667,0.266747,0.040000
z_0025_387.000000.png,#911eb4,2,97.012193,2.939763,0.117591,0.040000
z_0025_387.000000.png,#9acd32,2,469.788889,14.236027,0.569441,0.040000
z_0025_387.000000.png,#a52a2a,1,50.627417,1.534164,0.061367,0.040000
z_0025_387.000000.png,#bcf60c,1,256.994949,7.787726,0.311509,0.040000
z_0025_387.000000.png,#dc143c,3,150.325902,4.555330,0.182213,0.040000
z_0025_387.000000.png,#e6194b,5,452.901587,13.724291,0.548972,0.040000
z_0025_387.000000.png,#ff0080,3,433.161472,13.126105,0.525044,0.040000
z_0025_387.000000.png,#ff69b4,2,5.656854,0.171420,0.006857,0.040000
z_0025_387.000000.png,#ff8080,2,267.906638,8.118383,0.324735,0.040000
z_0026_388.000000.png,#008080,1,44.384776,1.344993,0.053800,0.040000
z_0026_388.000000.png,#00fa9a,2,157.982756,4.787356,0.191494,0.040000
z_0026_388.000000.png,#3cb44b,2,327.563492,9.926166,0.397047,0.040000
z_0026_388.000000.png,#40e0d0,2,153.781746,4.660053,0.186402,0.040000
z_0026_388.000000.png,#6a5acd,6,435.445743,13.195326,0.527813,0.040000
z_0026_388.000000.png,#8000ff,8,1244.722005,37.718849,1.508754,0.040000
z_0026_388.000000.png,#80ff80,2,233.865007,7.086818,0.283473,0.040000
z_0026_388.000000.png,#911eb4,2,70.284271,2.129826,0.085193,0.040000
z_0026_388.000000.png,#9acd32,3,508.859956,15.419999,0.616800,0.040000
z_0026_388.000000.png,#a52a2a,1,49.455844,1.498662,0.059946,0.040000
z_0026_388.000000.png,#bcf60c,1,258.066017,7.820182,0.312807,0.040000
z_0026_388.000000.png,#dc143c,3,156.225397,4.734103,0.189364,0.040000
z_0026_388.000000.png,#e6194b,5,427.830519,12.964561,0.518582,0.040000
z_0026_388.000000.png,#ed4ea9,1,21.313708,0.645870,0.025835,0.040000
z_0026_388.000000.png,#ff0080,3,414.048773,12.546933,0.501877,0.040000
z_0026_388.000000.png,#ff69b4,3,10.485281,0.317736,0.012709,0.040000
z_0026_388.000000.png,#ff8080,2,262.149278,7.943918,0.317757,0.040000
z_0027_389.000000.png,#008080,1,41.798990,1.266636,0.050665,0.040000
z_0027_389.000000.png,#00fa9a,2,157.396970,4.769605,0.190784,0.040000
z_0027_389.000000.png,#3cb44b,2,322.835570,9.782896,0.391316,0.040000
z_0027_389.000000.png,#40e0d0,2,166.509668,5.045748,0.201830,0.040000
z_0027_389.000000.png,#6a5acd,6,477.487373,14.469314,0.578773,0.040000
z_0027_389.000000.png,#8000ff,11,1263.994083,38.302851,1.532114,0.040000
z_0027_389.000000.png,#80ff80,2,223.722871,6.779481,0.271179,0.040000
z_0027_389.000000.png,#911eb4,2,55.213203,1.673127,0.066925,0.040000
z_0027_389.000000.png,#9acd32,2,491.931024,14.907001,0.596280,0.040000
z_0027_389.000000.png,#a52a2a,1,48.041631,1.455807,0.058232,0.040000
z_0027_389.000000.png,#bcf60c,1,261.379726,7.920598,0.316824,0.040000
z_0027_389.000000.png,#dc143c,3,160.811183,4.873066,0.194923,0.040000
z_0027_389.000000.png,#e6194b,5,420.274170,12.735581,0.509423,0.040000
z_0027_389.000000.png,#ed4ea9,1,24.142136,0.731580,0.029263,0.040000
z_0027_389.000000.png,#ff0080,3,403.605122,12.230458,0.489218,0.040000
z_0027_389.000000.png,#ff69b4,3,10.485281,0.317736,0.012709,0.040000
z_0027_389.000000.png,#ff8080,2,259.906638,7.875959,0.315038,0.040000
z_0028_390.000000.png,#008080,1,42.970563,1.302138,0.052086,0.040000
z_0028_390.000000.png,#00fa9a,2,152.911688,4.633688,0.185348,0.040000
z_0028_390.000000.png,#3cb44b,2,300.007143,9.091126,0.363645,0.040000
z_0028_390.000000.png,#40e0d0,2,169.095454,5.124105,0.204964,0.040000
z_0028_390.000000.png,#6a5acd,6,510.457936,15.468422,0.618737,0.040000
z_0028_390.000000.png,#8000ff,10,1223.023520,37.061319,1.482453,0.040000
z_0028_390.000000.png,#80ff80,2,221.965512,6.726228,0.269049,0.040000
z_0028_390.000000.png,#911eb4,1,44.627417,1.352346,0.054094,0.040000
z_0028_390.000000.png,#9acd32,3,505.445743,15.316538,0.612662,0.040000
z_0028_390.000000.png,#a52a2a,1,48.041631,1.455807,0.058232,0.040000
z_0028_390.000000.png,#bcf60c,2,298.249783,9.037872,0.361515,0.040000
z_0028_390.000000.png,#dc143c,3,166.710678,5.051839,0.202074,0.040000
z_0028_390.000000.png,#e6194b,5,405.203102,12.278882,0.491155,0.040000
z_0028_390.000000.png,#ed4ea9,1,27.556349,0.835041,0.033402,0.040000
z_0028_390.000000.png,#ff0080,3,382.149278,11.580281,0.463211,0.040000
z_0028_390.000000.png,#ff69b4,2,7.656854,0.232026,0.009281,0.040000
z_0028_390.000000.png,#ff8080,2,260.391919,7.890664,0.315627,0.040000
z_0029_391.000000.png,#008080,1,46.384776,1.405599,0.056224,0.040000
z_0029_391.000000.png,#00fa9a,2,147.497475,4.469620,0.178785,0.040000
z_0029_391.000000.png,#3cb44b,2,302.007143,9.151732,0.366069,0.040000
z_0029_391.000000.png,#40e0d0,2,167.923882,5.088602,0.203544,0.040000
z_0029_391.000000.png,#6a5acd,5,531.085353,16.093496,0.643740,0.040000
z_0029_391.000000.png,#8000ff,11,1206.295598,36.554412,1.462176,0.040000
z_0029_391.000000.png,#80ff80,2,217.137085,6.579912,0.263196,0.040000
z_0029_391.000000.png,#911eb4,1,45.213203,1.370097,0.054804,0.040000
z_0029_391.000000.png,#9acd32,4,505.445743,15.316538,0.612662,0.040000
z_0029_391.000000.png,#a52a2a,1,45.798990,1.387848,0.055514,0.040000
z_0029_391.000000.png,#bcf60c,2,306.249783,9.280296,0.371212,0.040000
z_0029_391.000000.png,#dc143c,3,172.124892,5.215906,0.208636,0.040000
z_0029_391.000000.png,#e6194b,5,371.747258,11.265068,0.450603,0.040000
z_0029_391.000000.png,#ed4ea9,1,30.384776,0.920751,0.036830,0.040000
z_0029_391.000000.png,#ff0080,3,357.320851,10.827905,0.433116,0.040000
z_0029_391.000000.png,#ff69b4,2,7.656854,0.232026,0.009281,0.040000
z_0029_391.000000.png,#ff8080,2,245.178716,7.429658,0.297186,0.040000
z_0030_392.000000.png,#008080,1,44.970563,1.362744,0.054510,0.040000
z_0030_392.000000.png,#00fa9a,2,146.225397,4.431073,0.177243,0.040000
z_0030_392.000000.png,#3cb44b,2,302.592929,9.169483,0.366779,0.040000
z_0030_392.000000.png,#40e0d0,2,141.781746,4.296417,0.171857,0.040000
z_0030_392.000000.png,#6a5acd,5,589.369624,17.859686,0.714387,0.040000
z_0030_392.000000.png,#8000ff,11,1198.638744,36.322386,1.452895,0.040000
z_0030_392.000000.png,#80ff80,2,206.651804,6.262176,0.250487,0.040000
z_0030_392.000000.png,#911eb4,1,41.556349,1.259283,0.050371,0.040000
z_0030_392.000000.png,#9acd32,4,539.688384,16.354193,0.654168,0.040000
z_0030_392.000000.png,#a52a2a,1,45.698485,1.384803,0.055392,0.040000
z_0030_392.000000.png,#bcf60c,2,327.806133,9.933519,0.397341,0.040000
z_0030_392.000000.png,#dc143c,3,170.468037,5.165698,0.206628,0.040000
z_0030_392.000000.png,#e6194b,6,324.634560,9.837411,0.393496,0.040000
z_0030_392.000000.png,#ed4ea9,1,32.970563,0.999108,0.039964,0.040000
z_0030_392.000000.png,#ff0080,3,325.078210,9.850855,0.394034,0.040000
z_0030_392.000000.png,#ff69b4,1,4.828427,0.146316,0.005853,0.040000
z_0030_392.000000.png,#ff8080,3,273.906638,8.300201,0.332008,0.040000
z_0031_393.000000.png,#008080,1,44.970563,1.362744,0.054510,0.040000
z_0031_393.000000.png,#00fa9a,2,146.225397,4.431073,0.177243,0.040000
z_0031_393.000000.png,#3cb44b,2,303.421356,9.194587,0.367783,0.040000
z_0031_393.000000.png,#40e0d0,2,141.781746,4.296417,0.171857,0.040000
z_0031_393.000000.png,#6a5acd,5,588.783838,17.841934,0.713677,0.040000
z_0031_393.000000.png,#8000ff,11,1200.981890,36.393391,1.455736,0.040000
z_0031_393.000000.png,#80ff80,2,207.237590,6.279927,0.251197,0.040000
z_0031_393.000000.png,#911eb4,1,40.727922,1.234179,0.049367,0.040000
z_0031_393.000000.png,#9acd32,4,539.345238,16.343795,0.653752,0.040000
z_0031_393.000000.png,#a52a2a,1,45.698485,1.384803,0.055392,0.040000
z_0031_393.000000.png,#bcf60c,2,330.391919,10.011876,0.400475,0.040000
z_0031_393.000000.png,#dc143c,3,171.296465,5.190802,0.207632,0.040000
z_0031_393.000000.png,#e6194b,7,324.048773,9.819660,0.392786,0.040000
z_0031_393.000000.png,#ed4ea9,1,33.798990,1.024212,0.040968,0.040000
z_0031_393.000000.png,#ff0080,3,325.078210,9.850855,0.394034,0.040000
z_0031_393.000000.png,#ff69b4,1,4.828427,0.146316,0.005853,0.040000
z_0031_393.000000.png,#ff8080,3,281.320851,8.524874,0.340995,0.040000
z_0032_394.000000.png,#008080,1,48.627417,1.473558,0.058942,0.040000
z_0032_394.000000.png,#00fa9a,4,240.752309,7.295525,0.291821,0.040000
z_0032_394.000000.png,#3cb44b,2,308.350288,9.343948,0.373758,0.040000
z_0032_394.000000.png,#40e0d0,2,140.953319,4.271313,0.170853,0.040000
z_0032_394.000000.png,#6a5acd,7,566.114790,17.154994,0.686200,0.040000
z_0032_394.000000.png,#8000ff,13,1169.526045,35.440183,1.417607,0.040000
z_0032_394.000000.png,#80ff80,2,194.166522,5.883834,0.235353,0.040000
z_0032_394.000000.png,#911eb4,1,36.727922,1.112967,0.044519,0.040000
z_0032_394.000000.png,#9acd32,5,582.315801,17.645933,0.705837,0.040000
z_0032_394.000000.png,#a52a2a,1,45.455844,1.377450,0.055098,0.040000
z_0032_394.000000.png,#bcf60c,3,404.475180,12.256824,0.490273,0.040000
z_0032_394.000000.png,#dc143c,3,158.710678,4.809414,0.192377,0.040000
z_0032_394.000000.png,#e6194b,5,264.936075,8.028366,0.321135,0.040000
z_0032_394.000000.png,#ed4ea9,1,32.142136,0.974004,0.038960,0.040000
z_0032_394.000000.png,#ff0080,3,408.132034,12.367637,0.494705,0.040000
z_0032_394.000000.png,#ff8080,3,327.078210,9.911461,0.396458,0.040000
z_0033_395.000000.png,#008080,2,59.798990,1.812091,0.072484,0.040000
z_0033_395.000000.png,#00fa9a,4,256.651804,7.777327,0.311093,0.040000
z_0033_395.000000.png,#3cb44b,2,308.450793,9.346994,0.373880,0.040000
z_0033_395.000000.png,#40e0d0,2,142.367532,4.314168,0.172567,0.040000
z_0033_395.000000.png,#6a5acd,8,570.700577,17.293957,0.691758,0.040000
z_0033_395.000000.png,#8000ff,13,1139.099639,34.518171,1.380727,0.040000
z_0033_395.000000.png,#80ff80,2,191.338095,5.798124,0.231925,0.040000
z_0033_395.000000.png,#911eb4,1,34.485281,1.045009,0.041800,0.040000
z_0033_395.000000.png,#9acd32,4,619.913780,18.785266,0.751411,0.040000
z_0033_395.000000.png,#a52a2a,1,45.455844,1.377450,0.055098,0.040000
z_0033_395.000000.png,#bcf60c,3,451.587878,13.684481,0.547379,0.040000
z_0033_395.000000.png,#dc143c,3,156.811183,4.751854,0.190074,0.040000
z_0033_395.000000.png,#e6194b,5,256.936075,7.785942,0.311438,0.040000
z_0033_395.000000.png,#ed4ea9,1,46.627417,1.412952,0.056518,0.040000
z_0033_395.000000.png,#ff0080,2,418.090404,12.669406,0.506776,0.040000
z_0033_395.000000.png,#ff69b4,1,2.828427,0.085710,0.003428,0.040000
z_0033_395.000000.png,#ff8080,3,338.877200,10.269006,0.410760,0.040000
z_0034_396.000000.png,#008080,2,103.941125,3.149731,0.125989,0.040000
z_0034_396.000000.png,#00fa9a,4,288.308658,8.736626,0.349465,0.040000
z_0034_396.000000.png,#3cb44b,2,309.279221,9.372098,0.374884,0.040000
z_0034_396.000000.png,#40e0d0,2,146.953319,4.453131,0.178125,0.040000
z_0034_396.000000.png,#6a5acd,8,568.700577,17.233351,0.689334,0.040000
z_0034_396.000000.png,#8000ff,12,1087.986940,32.969301,1.318772,0.040000
z_0034_396.000000.png,#80ff80,2,190.024387,5.758315,0.230333,0.040000
z_0034_396.000000.png,#911eb4,1,34.727922,1.052361,0.042094,0.040000
z_0034_396.000000.png,#9acd32,4,624.801082,18.933366,0.757335,0.040000
z_0034_396.000000.png,#a52a2a,1,43.556349,1.319889,0.052796,0.040000
z_0034_396.000000.png,#bcf60c,3,490.114790,14.851963,0.594079,0.040000
z_0034_396.000000.png,#dc143c,4,136.568542,4.138441,0.165538,0.040000
z_0034_396.000000.png,#e6194b,5,243.622366,7.382496,0.295300,0.040000
z_0034_396.000000.png,#ed4ea9,1,47.455844,1.438056,0.057522,0.040000
z_0034_396.000000.png,#ff0080,2,419.646753,12.716568,0.508663,0.040000
z_0034_396.000000.png,#ff8080,3,358.433550,10.861623,0.434465,0.040000
z_0035_397.000000.png,#008080,3,157.882251,4.784311,0.191372,0.040000
z_0035_397.000000.png,#00fa9a,4,279.338095,8.464791,0.338592,0.040000
z_0035_397.000000.png,#3cb44b,2,304.936075,9.240487,0.369619,0.040000
z_0035_397.000000.png,#40e0d0,2,153.539105,4.652700,0.186108,0.040000
z_0035_397.000000.png,#6a5acd,8,581.529004,17.622091,0.704884,0.040000
z_0035_397.000000.png,#8000ff,14,1090.430591,33.043351,1.321734,0.040000
z_0035_397.000000.png,#80ff80,2,192.267027,5.826274,0.233051,0.040000
z_0035_397.000000.png,#911eb4,2,62.384776,1.890448,0.075618,0.040000
z_0035_397.000000.png,#9acd32,4,623.286363,18.887466,0.755499,0.040000
z_0035_397.000000.png,#a52a2a,1,42.384776,1.284387,0.051375,0.040000
z_0035_397.000000.png,#bcf60c,2,498.357431,15.101740,0.604070,0.040000
z_0035_397.000000.png,#dc143c,3,118.083261,3.578281,0.143131,0.040000
z_0035_397.000000.png,#e6194b,5,242.793939,7.357392,0.294296,0.040000
z_0035_397.000000.png,#ed4ea9,1,51.455844,1.559268,0.062371,0.040000
z_0035_397.000000.png,#ff0080,2,400.717821,12.142964,0.485719,0.040000
z_0035_397.000000.png,#ff8080,3,377.161472,11.429136,0.457165,0.040000
z_0036_398.000000.png,#008080,3,182.367532,5.526289,0.221052,0.040000
z_0036_398.000000.png,#00fa9a,4,275.580736,8.350931,0.334037,0.040000
z_0036_398.000000.png,#3cb44b,2,303.320851,9.191541,0.367662,0.040000
z_0036_398.000000.png,#40e0d0,2,158.367532,4.799016,0.191961,0.040000
z_0036_398.000000.png,#6a5acd,11,709.997041,21.515062,0.860602,0.040000
z_0036_398.000000.png,#8000ff,12,1025.518903,31.076330,1.243053,0.040000
z_0036_398.000000.png,#80ff80,2,210.024387,6.364375,0.254575,0.040000
z_0036_398.000000.png,#911eb4,2,85.698485,2.596924,0.103877,0.040000
z_0036_398.000000.png,#9acd32,5,649.428499,19.679651,0.787186,0.040000
z_0036_398.000000.png,#a52a2a,1,43.798990,1.327242,0.053090,0.040000
z_0036_398.000000.png,#bcf60c,2,500.357431,15.162346,0.606494,0.040000
z_0036_398.000000.png,#dc143c,3,99.840620,3.025473,0.121019,0.040000
z_0036_398.000000.png,#e6194b,6,242.936075,7.361699,0.294468,0.040000
z_0036_398.000000.png,#ed4ea9,1,50.627417,1.534164,0.061367,0.040000
z_0036_398.000000.png,#ff0080,2,423.303607,12.827382,0.513095,0.040000
z_0036_398.000000.png,#ff69b4,1,2.828427,0.085710,0.003428,0.040000
z_0036_398.000000.png,#ff8080,3,413.203102,12.521306,0.500852,0.040000
z_0037_399.000000.png,#008080,4,232.409163,7.042702,0.281708,0.040000
z_0037_399.000000.png,#00fa9a,4,264.409163,8.012399,0.320496,0.040000
z_0037_399.000000.png,#3cb44b,2,311.764502,9.447409,0.377896,0.040000
z_0037_399.000000.png,#40e0d0,2,157.195959,4.763514,0.190541,0.040000
z_0037_399.000000.png,#6a5acd,11,785.553391,23.804648,0.952186,0.040000
z_0037_399.000000.png,#8000ff,12,1035.418398,31.376315,1.255053,0.040000
z_0037_399.000000.png,#80ff80,2,238.509668,7.227566,0.289103,0.040000
z_0037_399.000000.png,#911eb4,2,90.183766,2.732841,0.109314,0.040000
z_0037_399.000000.png,#9acd32,5,669.085353,20.275314,0.811013,0.040000
z_0037_399.000000.png,#a52a2a,1,42.041631,1.273989,0.050960,0.040000
z_0037_399.000000.png,#bcf60c,3,556.055916,16.850179,0.674007,0.040000
z_0037_399.000000.png,#dc143c,3,83.355339,2.525919,0.101037,0.040000
z_0037_399.000000.png,#e6194b,6,247.036580,7.485957,0.299438,0.040000
z_0037_399.000000.png,#ed4ea9,1,50.041631,1.516413,0.060657,0.040000
z_0037_399.000000.png,#ff0080,2,422.818326,12.812677,0.512507,0.040000
z_0037_399.000000.png,#ff8080,3,427.646753,12.958993,0.518360,0.040000
z_0038_400.000000.png,#008080,4,276.450793,8.377297,0.335092,0.040000
z_0038_400.000000.png,#00fa9a,4,283.722871,8.597663,0.343907,0.040000
z_0038_400.000000.png,#3cb44b,3,322.693434,9.778589,0.391144,0.040000
z_0038_400.000000.png,#40e0d0,2,156.124892,4.731057,0.189242,0.040000
z_0038_400.000000.png,#6a5acd,10,664.984848,20.151056,0.806042,0.040000
z_0038_400.000000.png,#8000ff,14,1003.761543,30.417016,1.216681,0.040000
z_0038_400.000000.png,#80ff80,2,240.509668,7.288172,0.291527,0.040000
z_0038_400.000000.png,#911eb4,2,97.840620,2.964867,0.118595,0.040000
z_0038_400.000000.png,#9acd32,6,784.925974,23.785636,0.951425,0.040000
z_0038_400.000000.png,#a52a2a,1,40.627417,1.231134,0.049245,0.040000
z_0038_400.000000.png,#bcf60c,2,602.440692,18.255779,0.730231,0.040000
z_0038_400.000000.png,#dc143c,3,76.526912,2.318997,0.092760,0.040000
z_0038_400.000000.png,#e6194b,6,252.208153,7.642671,0.305707,0.040000
z_0038_400.000000.png,#ed4ea9,1,47.455844,1.438056,0.057522,0.040000
z_0038_400.000000.png,#ff0080,2,442.818326,13.418737,0.536749,0.040000
z_0038_400.000000.png,#ff69b4,1,2.828427,0.085710,0.003428,0.040000
z_0038_400.000000.png,#ff8080,4,450.859956,13.662423,0.546497,0.040000
z_0039_401.000000.png,#008080,4,310.835570,9.419260,0.376770,0.040000
z_0039_401.000000.png,#00fa9a,4,285.279221,8.644825,0.345793,0.040000
z_0039_401.000000.png,#3cb44b,4,307.521861,9.318844,0.372754,0.040000
z_0039_401.000000.png,#40e0d0,2,160.953319,4.877373,0.195095,0.040000
z_0039_401.000000.png,#6a5acd,11,716.340187,21.707278,0.868291,0.040000
z_0039_401.000000.png,#8000ff,10,923.577777,27.987205,1.119488,0.040000
z_0039_401.000000.png,#80ff80,2,248.308658,7.524505,0.300980,0.040000
z_0039_401.000000.png,#911eb4,2,98.911688,2.997324,0.119893,0.040000
z_0039_401.000000.png,#9acd32,4,823.595021,24.957425,0.998297,0.040000
z_0039_401.000000.png,#a52a2a,1,39.798990,1.206030,0.048241,0.040000
z_0039_401.000000.png,#bcf60c,2,614.925974,18.634120,0.745365,0.040000
z_0039_401.000000.png,#dc143c,3,67.355339,2.041071,0.081643,0.040000
z_0039_401.000000.png,#e6194b,6,257.622366,7.806738,0.312270,0.040000
z_0039_401.000000.png,#ed4ea9,1,43.798990,1.327242,0.053090,0.040000
z_0039_401.000000.png,#ff0080,3,433.303607,13.130412,0.525216,0.040000
z_0039_401.000000.png,#ff8080,5,503.144228,15.246795,0.609872,0.040000
z_0040_402.000000.png,#008080,4,353.362482,10.707954,0.428318,0.040000
z_0040_402.000000.png,#00fa9a,5,285.764502,8.659530,0.346381,0.040000
z_0040_402.000000.png,#3cb44b,3,269.622366,8.170375,0.326815,0.040000
z_0040_402.000000.png,#40e0d0,2,166.710678,5.051839,0.202074,0.040000
z_0040_402.000000.png,#6a5acd,10,747.896536,22.663531,0.906541,0.040000
z_0040_402.000000.png,#8000ff,13,951.335137,28.828337,1.153133,0.040000
z_0040_402.000000.png,#80ff80,2,239.681241,7.263068,0.290523,0.040000
z_0040_402.000000.png,#911eb4,2,105.740115,3.204246,0.128170,0.040000
z_0040_402.000000.png,#9acd32,3,810.624458,24.564378,0.982575,0.040000
z_0040_402.000000.png,#a52a2a,1,39.556349,1.198677,0.047947,0.040000
z_0040_402.000000.png,#bcf60c,2,637.411255,19.315493,0.772620,0.040000
z_0040_402.000000.png,#dc143c,2,53.455844,1.619874,0.064795,0.040000
z_0040_402.000000.png,#e6194b,6,254.450793,7.710630,0.308425,0.040000
z_0040_402.000000.png,#ed4ea9,1,41.213203,1.248885,0.049955,0.040000
z_0040_402.000000.png,#ff0080,4,416.475180,12.620460,0.504818,0.040000
z_0040_402.000000.png,#ff8080,5,545.085353,16.517738,0.660710,0.040000
z_0041_403.000000.png,#008080,5,387.019336,11.727859,0.469114,0.040000
z_0041_403.000000.png,#00fa9a,4,267.865007,8.117121,0.324685,0.040000
z_0041_403.000000.png,#3cb44b,2,268.450793,8.134873,0.325395,0.040000
z_0041_403.000000.png,#40e0d0,2,176.852814,5.359176,0.214367,0.040000
z_0041_403.000000.png,#6a5acd,11,666.541197,20.198218,0.807929,0.040000
z_0041_403.000000.png,#8000ff,12,919.494516,27.863470,1.114539,0.040000
z_0041_403.000000.png,#80ff80,3,244.267027,7.402031,0.296081,0.040000
z_0041_403.000000.png,#911eb4,2,111.740115,3.386064,0.135443,0.040000
z_0041_403.000000.png,#9acd32,4,857.979797,25.999388,1.039976,0.040000
z_0041_403.000000.png,#a52a2a,1,36.727922,1.112967,0.044519,0.040000
z_0041_403.000000.png,#bcf60c,2,645.796031,19.569577,0.782783,0.040000
z_0041_403.000000.png,#dc143c,2,50.627417,1.534164,0.061367,0.040000
z_0041_403.000000.png,#e6194b,6,256.936075,7.785942,0.311438,0.040000
z_0041_403.000000.png,#ed4ea9,1,39.798990,1.206030,0.048241,0.040000
z_0041_403.000000.png,#ff0080,4,378.475180,11.468945,0.458758,0.040000
z_0041_403.000000.png,#ff8080,6,634.582828,19.229783,0.769191,0.040000
z_0042_404.000000.png,#008080,5,403.404112,12.224367,0.488975,0.040000
z_0042_404.000000.png,#00fa9a,4,278.107648,8.427504,0.337100,0.040000
z_0042_404.000000.png,#3cb44b,3,252.793939,7.660422,0.306417,0.040000
z_0042_404.000000.png,#40e0d0,2,182.852814,5.540994,0.221640,0.040000
z_0042_404.000000.png,#6a5acd,12,696.884343,21.117707,0.844708,0.040000
z_0042_404.000000.png,#8000ff,12,954.364574,28.920139,1.156806,0.040000
z_0042_404.000000.png,#80ff80,4,210.509668,6.379081,0.255163,0.040000
z_0042_404.000000.png,#911eb4,2,118.225397,3.582588,0.143304,0.040000
z_0042_404.000000.png,#9acd32,3,842.080303,25.517585,1.020703,0.040000
z_0042_404.000000.png,#a52a2a,1,34.142136,1.034610,0.041384,0.040000
z_0042_404.000000.png,#bcf60c,3,647.553391,19.622830,0.784913,0.040000
z_0042_404.000000.png,#dc143c,2,45.213203,1.370097,0.054804,0.040000
z_0042_404.000000.png,#e6194b,6,260.107648,7.882050,0.315282,0.040000
z_0042_404.000000.png,#ed4ea9,1,43.213203,1.309491,0.052380,0.040000
z_0042_404.000000.png,#ff0080,4,372.575685,11.290172,0.451607,0.040000
z_0042_404.000000.png,#ff8080,6,742.322943,22.494635,0.899785,0.040000
z_0043_405.000000.png,#008080,5,436.717821,13.233873,0.529355,0.040000
z_0043_405.000000.png,#0082c8,2,73.455844,2.225935,0.089037,0.040000
z_0043_405.000000.png,#00fa9a,4,282.107648,8.548717,0.341949,0.040000
z_0043_405.000000.png,#3cb44b,2,243.480231,7.378189,0.295128,0.040000
z_0043_405.000000.png,#40e0d0,2,185.781746,5.629750,0.225190,0.040000
z_0043_405.000000.png,#6a5acd,11,722.198052,21.884789,0.875392,0.040000
z_0043_405.000000.png,#8000ff,12,975.619408,29.564224,1.182569,0.040000
z_0043_405.000000.png,#80ff80,4,202.367532,6.132349,0.245294,0.040000
z_0043_405.000000.png,#911eb4,2,121.982756,3.696447,0.147858,0.040000
z_0043_405.000000.png,#9acd32,3,824.565584,24.986836,0.999473,0.040000
z_0043_405.000000.png,#a52a2a,1,33.313708,1.009506,0.040380,0.040000
z_0043_405.000000.png,#bcf60c,4,628.239682,19.037566,0.761503,0.040000
z_0043_405.000000.png,#dc143c,2,46.041631,1.395201,0.055808,0.040000
z_0043_405.000000.png,#e6194b,6,266.693434,8.081619,0.323265,0.040000
z_0043_405.000000.png,#ed4ea9,1,40.627417,1.231134,0.049245,0.040000
z_0043_405.000000.png,#ff0080,4,364.676190,11.050794,0.442032,0.040000
z_0043_405.000000.png,#ff69b4,1,2.828427,0.085710,0.003428,0.040000
z_0043_405.000000.png,#ff8080,7,833.737157,25.264762,1.010590,0.040000
z_0044_406.000000.png,#008080,5,482.558441,14.622983,0.584919,0.040000
z_0044_406.000000.png,#0082c8,2,123.497475,3.742348,0.149694,0.040000
z_0044_406.000000.png,#00fa9a,5,316.835570,9.601078,0.384043,0.040000
z_0044_406.000000.png,#3cb44b,2,249.036580,7.546563,0.301863,0.040000
z_0044_406.000000.png,#40e0d0,2,184.267027,5.583849,0.223354,0.040000
z_0044_406.000000.png,#6a5acd,11,747.126984,22.640212,0.905608,0.040000
z_0044_406.000000.png,#8000ff,13,1035.862048,31.389759,1.255590,0.040000
z_0044_406.000000.png,#80ff80,3,183.539105,5.561791,0.222472,0.040000
z_0044_406.000000.png,#911eb4,2,130.811183,3.963975,0.158559,0.040000
z_0044_406.000000.png,#9acd32,3,819.595021,24.836213,0.993449,0.040000
z_0044_406.000000.png,#a52a2a,1,29.899495,0.906045,0.036242,0.040000
z_0044_406.000000.png,#bcf60c,4,592.783838,17.963147,0.718526,0.040000
z_0044_406.000000.png,#dc143c,2,45.213203,1.370097,0.054804,0.040000
z_0044_406.000000.png,#e6194b,6,265.764502,8.053470,0.322139,0.040000
z_0044_406.000000.png,#ed4ea9,1,38.384776,1.163175,0.046527,0.040000
z_0044_406.000000.png,#ff0080,4,357.504617,10.833473,0.433339,0.040000
z_0044_406.000000.png,#ff8080,8,875.092496,26.517954,1.060718,0.040000
z_0045_407.000000.png,#008080,7,555.185858,16.823814,0.672953,0.040000
z_0045_407.000000.png,#0082c8,2,156.225397,4.734103,0.189364,0.040000
z_0045_407.000000.png,#00fa9a,5,332.735065,10.082881,0.403315,0.040000
z_0045_407.000000.png,#3cb44b,2,257.279221,7.796340,0.311854,0.040000
z_0045_407.000000.png,#40e0d0,2,180.267027,5.462637,0.218505,0.040000
z_0045_407.000000.png,#6a5acd,14,748.440692,22.680021,0.907201,0.040000
z_0045_407.000000.png,#8000ff,12,1100.087445,33.335983,1.333439,0.040000
z_0045_407.000000.png,#80ff80,4,209.095454,6.336226,0.253449,0.040000
z_0045_407.000000.png,#911eb4,2,141.053824,4.274358,0.170974,0.040000
z_0045_407.000000.png,#9acd32,3,819.737157,24.840520,0.993621,0.040000
z_0045_407.000000.png,#a52a2a,1,29.899495,0.906045,0.036242,0.040000
z_0045_407.000000.png,#bcf60c,4,589.813275,17.873130,0.714925,0.040000
z_0045_407.000000.png,#dc143c,2,54.526912,1.652331,0.066093,0.040000
z_0045_407.000000.png,#e6194b,7,307.806133,9.327459,0.373098,0.040000
z_0045_407.000000.png,#ed4ea9,1,36.384776,1.102569,0.044103,0.040000
z_0045_407.000000.png,#ff0080,4,347.847763,10.540841,0.421634,0.040000
z_0045_407.000000.png,#ff8080,6,931.134126,28.216186,1.128647,0.040000
z_0046_408.000000.png,#008080,7,623.712770,18.900387,0.756015,0.040000
z_0046_408.000000.png,#0082c8,2,177.539105,5.379973,0.215199,0.040000
z_0046_408.000000.png,#00fa9a,5,332.492424,10.075528,0.403021,0.040000
z_0046_408.000000.png,#3cb44b,2,276.350288,8.374251,0.334970,0.040000
z_0046_408.000000.png,#40e0d0,2,172.610173,5.230611,0.209224,0.040000
z_0046_408.000000.png,#6a5acd,13,718.198052,21.763577,0.870543,0.040000
z_0046_408.000000.png,#8000ff,13,1169.342279,35.434615,1.417385,0.040000
z_0046_408.000000.png,#80ff80,3,220.066017,6.668667,0.266747,0.040000
z_0046_408.000000.png,#911eb4,2,153.296465,4.645347,0.185814,0.040000
z_0046_408.000000.png,#9acd32,3,839.536147,25.440489,1.017620,0.040000
z_0046_408.000000.png,#a52a2a,1,28.727922,0.870543,0.034822,0.040000
z_0046_408.000000.png,#bcf60c,4,574.700577,17.415169,0.696607,0.040000
z_0046_408.000000.png,#dc143c,4,118.710678,3.597293,0.143892,0.040000
z_0046_408.000000.png,#e6194b,8,335.462987,10.165545,0.406622,0.040000
z_0046_408.000000.png,#ed4ea9,1,34.970563,1.059714,0.042389,0.040000
z_0046_408.000000.png,#ff0080,5,369.705627,11.203201,0.448128,0.040000
z_0046_408.000000.png,#ff8080,7,933.920923,28.300634,1.132025,0.040000
z_0047_409.000000.png,#008080,7,631.570635,19.138504,0.765540,0.040000
z_0047_409.000000.png,#0082c8,2,212.509668,6.439687,0.257587,0.040000
z_0047_409.000000.png,#00fa9a,5,334.149278,10.125736,0.405029,0.040000
z_0047_409.000000.png,#3cb44b,2,284.249783,8.613630,0.344545,0.040000
z_0047_409.000000.png,#40e0d0,2,165.781746,5.023689,0.200948,0.040000
z_0047_409.000000.png,#6a5acd,15,1030.489465,31.226953,1.249078,0.040000
z_0047_409.000000.png,#8000ff,18,1292.940259,39.180008,1.567200,0.040000
z_0047_409.000000.png,#80ff80,3,211.823376,6.418890,0.256756,0.040000
z_0047_409.000000.png,#911eb4,2,159.539105,4.834518,0.193381,0.040000
z_0047_409.000000.png,#9acd32,4,880.991991,26.696727,1.067869,0.040000
z_0047_409.000000.png,#a52a2a,1,27.313708,0.827688,0.033108,0.040000
z_0047_409.000000.png,#bcf60c,4,554.114790,16.791357,0.671654,0.040000
z_0047_409.000000.png,#dc143c,6,190.409163,5.769975,0.230799,0.040000
z_0047_409.000000.png,#e6194b,8,359.605122,10.897125,0.435885,0.040000
z_0047_409.000000.png,#ed4ea9,1,53.112698,1.609476,0.064379,0.040000
z_0047_409.000000.png,#ff0080,5,371.362482,11.253409,0.450136,0.040000
z_0047_409.000000.png,#ff8080,8,933.820418,28.297588,1.131904,0.040000
z_0048_410.000000.png,#008080,7,646.541197,19.592157,0.783686,0.040000
z_0048_410.000000.png,#0082c8,2,222.752309,6.750070,0.270003,0.040000
z_0048_410.000000.png,#00fa9a,5,316.249783,9.583327,0.383333,0.040000
z_0048_410.000000.png,#3cb44b,2,289.178716,8.762991,0.350520,0.040000
z_0048_410.000000.png,#40e0d0,2,157.781746,4.781265,0.191251,0.040000
z_0048_410.000000.png,#6a5acd,14,1037.259018,31.432091,1.257284,0.040000
z_0048_410.000000.png,#8000ff,17,1316.697618,39.899928,1.595997,0.040000
z_0048_410.000000.png,#8080ff,1,23.899495,0.724227,0.028969,0.040000
z_0048_410.000000.png,#80ff80,3,212.651804,6.443994,0.257760,0.040000
z_0048_410.000000.png,#911eb4,3,165.296465,5.008984,0.200359,0.040000
z_0048_410.000000.png,#9acd32,3,871.092496,26.396742,1.055870,0.040000
z_0048_410.000000.png,#a52a2a,1,30.142136,0.913398,0.036536,0.040000
z_0048_410.000000.png,#bcf60c,4,550.801082,16.690942,0.667638,0.040000
z_0048_410.000000.png,#dc143c,6,233.521861,7.076420,0.283057,0.040000
z_0048_410.000000.png,#e6194b,8,382.433550,11.588895,0.463556,0.040000
z_0048_410.000000.png,#ed4ea9,1,58.526912,1.773543,0.070942,0.040000
z_0048_410.000000.png,#ff0080,5,366.149278,11.095433,0.443817,0.040000
z_0048_410.000000.png,#ff8080,6,514.558441,15.592680,0.623707,0.040000
z_0049_411.000000.png,#008080,9,713.109740,21.609386,0.864375,0.040000
z_0049_411.000000.png,#0082c8,3,262.551299,7.956100,0.318244,0.040000
z_0049_411.000000.png,#00fa9a,5,317.078210,9.608431,0.384337,0.040000
z_0049_411.000000.png,#3cb44b,2,300.977705,9.120537,0.364821,0.040000
z_0049_411.000000.png,#40e0d0,3,171.438600,5.195109,0.207804,0.040000
z_0049_411.000000.png,#6a5acd,15,1059.844805,32.116509,1.284660,0.040000
z_0049_411.000000.png,#8000ff,15,1334.798123,40.448428,1.617937,0.040000
z_0049_411.000000.png,#8080ff,2,69.941125,2.119428,0.084777,0.040000
z_0049_411.000000.png,#80ff80,4,205.338095,6.222367,0.248895,0.040000
z_0049_411.000000.png,#911eb4,3,152.710678,4.627596,0.185104,0.040000
z_0049_411.000000.png,#9acd32,3,862.506709,26.136567,1.045463,0.040000
z_0049_411.000000.png,#a52a2a,1,30.727922,0.931149,0.037246,0.040000
z_0049_411.000000.png,#bcf60c,5,580.600072,17.593942,0.703758,0.040000
z_0049_411.000000.png,#dc143c,7,313.119841,9.488480,0.379539,0.040000
z_0049_411.000000.png,#e6194b,7,410.818326,12.449040,0.497962,0.040000
z_0049_411.000000.png,#ed4ea9,1,54.870058,1.662729,0.066509,0.040000
z_0049_411.000000.png,#ff0080,5,354.735065,10.749547,0.429982,0.040000
z_0049_411.000000.png,#ff8080,6,532.801082,16.145487,0.645819,0.040000
z_0050_412.000000.png,#008080,10,781.837662,23.692050,0.947682,0.040000
z_0050_412.000000.png,#0082c8,3,279.764502,8.477712,0.339108,0.040000
z_0050_412.000000.png,#00fa9a,5,307.521861,9.318844,0.372754,0.040000
z_0050_412.000000.png,#3cb44b,2,310.977705,9.423567,0.376943,0.040000
z_0050_412.000000.png,#40e0d0,4,204.651804,6.201570,0.248063,0.040000
z_0050_412.000000.png,#6a5acd,16,1121.928066,33.997820,1.359913,0.040000
z_0050_412.000000.png,#8000ff,13,1329.626550,40.291714,1.611669,0.040000
z_0050_412.000000.png,#8080ff,2,102.911688,3.118536,0.124741,0.040000
z_0050_412.000000.png,#80ff80,4,188.166522,5.702016,0.228081,0.040000
z_0050_412.000000.png,#911eb4,3,124.083261,3.760099,0.150404,0.040000
z_0050_412.000000.png,#9acd32,7,838.849855,25.419693,1.016788,0.040000
z_0050_412.000000.png,#a52a2a,1,29.313708,0.888294,0.035532,0.040000
z_0050_412.000000.png,#bcf60c,6,610.641702,18.504294,0.740172,0.040000
z_0050_412.000000.png,#dc143c,7,357.504617,10.833473,0.433339,0.040000
z_0050_412.000000.png,#e6194b,8,394.232539,11.946441,0.477858,0.040000
z_0050_412.000000.png,#ed4ea9,1,52.870058,1.602123,0.064085,0.040000
z_0050_412.000000.png,#ff0080,5,343.320851,10.403662,0.416146,0.040000
z_0050_412.000000.png,#ff69b4,1,2.828427,0.085710,0.003428,0.040000
z_0050_412.000000.png,#ff8080,6,547.386868,16.587481,0.663499,0.040000
z_0050_412.000000.png,#ffd700,4,105.497475,3.196893,0.127876,0.040000
z_0051_413.000000.png,#008080,10,821.536147,24.895035,0.995801,0.040000
z_0051_413.000000.png,#0082c8,3,289.178716,8.762991,0.350520,0.040000
z_0051_413.000000.png,#00fa9a,5,310.936075,9.422305,0.376892,0.040000
z_0051_413.000000.png,#3cb44b,2,326.291414,9.887619,0.395505,0.040000
z_0051_413.000000.png,#40e0d0,4,209.823376,6.358284,0.254331,0.040000
z_0051_413.000000.png,#6a5acd,16,1112.957503,33.725985,1.349039,0.040000
z_0051_413.000000.png,#8000ff,15,1322.739249,40.083008,1.603320,0.040000
z_0051_413.000000.png,#8080ff,2,171.095454,5.184711,0.207388,0.040000
z_0051_413.000000.png,#80ff80,3,160.367532,4.859622,0.194385,0.040000
z_0051_413.000000.png,#911eb4,2,88.769553,2.689986,0.107599,0.040000
z_0051_413.000000.png,#9acd32,6,815.636652,24.716262,0.988650,0.040000
z_0051_413.000000.png,#a52a2a,1,29.313708,0.888294,0.035532,0.040000
z_0051_413.000000.png,#bcf60c,5,655.269119,19.856640,0.794266,0.040000
z_0051_413.000000.png,#dc143c,6,354.877200,10.753855,0.430154,0.040000
z_0051_413.000000.png,#e6194b,8,390.475180,11.832581,0.473303,0.040000
z_0051_413.000000.png,#ed4ea9,1,54.627417,1.655376,0.066215,0.040000
z_0051_413.000000.png,#ff0080,5,331.806133,10.054731,0.402189,0.040000
z_0051_413.000000.png,#ff69b4,2,5.656854,0.171420,0.006857,0.040000
z_0051_413.000000.png,#ff8080,6,573.185858,17.369268,0.694771,0.040000
z_0051_413.000000.png,#ffd700,2,125.740115,3.810307,0.152412,0.040000
z_0052_414.000000.png,#008080,10,864.305699,26.191082,1.047643,0.040000
z_0052_414.000000.png,#0082c8,3,304.249783,9.219690,0.368788,0.040000
z_0052_414.000000.png,#00fa9a,5,317.279221,9.614522,0.384581,0.040000
z_0052_414.000000.png,#3cb44b,2,332.534055,10.076790,0.403072,0.040000
z_0052_414.000000.png,#40e0d0,3,195.580736,5.926689,0.237068,0.040000
z_0052_414.000000.png,#6a5acd,17,1174.070201,35.577885,1.423115,0.040000
z_0052_414.000000.png,#8000ff,15,1325.182900,40.157058,1.606282,0.040000
z_0052_414.000000.png,#8080ff,2,208.409163,6.315429,0.252617,0.040000
z_0052_414.000000.png,#80ff80,3,146.710678,4.445778,0.177831,0.040000
z_0052_414.000000.png,#911eb4,2,88.526912,2.682634,0.107305,0.040000
z_0052_414.000000.png,#9acd32,8,834.506709,25.288082,1.011523,0.040000
z_0052_414.000000.png,#a52a2a,1,28.727922,0.870543,0.034822,0.040000
z_0052_414.000000.png,#bcf60c,5,647.712770,19.627660,0.785106,0.040000
z_0052_414.000000.png,#dc143c,6,345.747258,10.477190,0.419088,0.040000
z_0052_414.000000.png,#e6194b,8,427.445743,12.952901,0.518116,0.040000
z_0052_414.000000.png,#ed4ea9,1,54.627417,1.655376,0.066215,0.040000
z_0052_414.000000.png,#ff0080,5,325.806133,9.872913,0.394917,0.040000
z_0052_414.000000.png,#ff69b4,1,2.828427,0.085710,0.003428,0.040000
z_0052_414.000000.png,#ff8080,5,584.984848,17.726814,0.709073,0.040000
z_0052_414.000000.png,#ffd700,2,142.124892,4.306815,0.172273,0.040000
z_0053_415.000000.png,#008080,8,895.033621,27.122231,1.084889,0.040000
z_0053_415.000000.png,#0082c8,4,337.806133,10.236549,0.409462,0.040000
z_0053_415.000000.png,#00fa9a,5,309.036580,9.364745,0.374590,0.040000
z_0053_415.000000.png,#3cb44b,2,338.433550,10.255562,0.410222,0.040000
z_0053_415.000000.png,#40e0d0,3,210.409163,6.376035,0.255041,0.040000
z_0053_415.000000.png,#6a5acd,18,1215.383910,36.829815,1.473193,0.040000
z_0053_415.000000.png,#8000ff,16,1335.626550,40.473532,1.618941,0.040000
z_0053_415.000000.png,#8080ff,2,251.965512,7.635319,0.305413,0.040000
z_0053_415.000000.png,#80ff80,3,134.225397,4.067436,0.162697,0.040000
z_0053_415.000000.png,#911eb4,2,90.870058,2.753638,0.110146,0.040000
z_0053_415.000000.png,#9acd32,7,870.305699,26.372900,1.054916,0.040000
z_0053_415.000000.png,#a52a2a,1,30.142136,0.913398,0.036536,0.040000
z_0053_415.000000.png,#bcf60c,5,650.440692,19.710324,0.788413,0.040000
z_0053_415.000000.png,#dc143c,5,311.705627,9.445625,0.377825,0.040000
z_0053_415.000000.png,#e6194b,7,422.617316,12.806585,0.512263,0.040000
z_0053_415.000000.png,#ed4ea9,1,56.384776,1.708630,0.068345,0.040000
z_0053_415.000000.png,#fabebe,2,46.627417,1.412952,0.056518,0.040000
z_0053_415.000000.png,#ff0080,5,328.877200,9.965976,0.398639,0.040000
z_0053_415.000000.png,#ff69b4,1,2.828427,0.085710,0.003428,0.040000
z_0053_415.000000.png,#ff8080,5,600.641702,18.201264,0.728051,0.040000
z_0053_415.000000.png,#ffd700,2,154.710678,4.688202,0.187528,0.040000
z_0054_416.000000.png,#008080,10,933.702669,28.294020,1.131761,0.040000
z_0054_416.000000.png,#0082c8,4,394.676190,11.959885,0.478395,0.040000
z_0054_416.000000.png,#00fa9a,6,299.521861,9.076420,0.363057,0.040000
z_0054_416.000000.png,#3cb44b,2,350.575685,10.623506,0.424940,0.040000
z_0054_416.000000.png,#40e0d0,2,214.752309,6.507646,0.260306,0.040000
z_0054_416.000000.png,#6a5acd,17,1251.668181,37.929339,1.517174,0.040000
z_0054_416.000000.png,#8000ff,17,1352.555483,40.986530,1.639461,0.040000
z_0054_416.000000.png,#8080ff,1,304.634560,9.231350,0.369254,0.040000
z_0054_416.000000.png,#80ff80,3,133.154329,4.034980,0.161399,0.040000
z_0054_416.000000.png,#911eb4,2,94.769553,2.871805,0.114872,0.040000
z_0054_416.000000.png,#9acd32,6,831.820418,25.206679,1.008267,0.040000
z_0054_416.000000.png,#a52a2a,1,30.970563,0.938502,0.037540,0.040000
z_0054_416.000000.png,#bcf60c,5,636.884343,19.299526,0.771981,0.040000
z_0054_416.000000.png,#dc143c,5,294.977705,8.938718,0.357549,0.040000
z_0054_416.000000.png,#e6194b,7,440.516811,13.348994,0.533960,0.040000
z_0054_416.000000.png,#ed4ea9,1,77.455844,2.347147,0.093886,0.040000
z_0054_416.000000.png,#fabebe,2,67.455844,2.044116,0.081765,0.040000
z_0054_416.000000.png,#ff0080,5,324.149278,9.822705,0.392908,0.040000
z_0054_416.000000.png,#ff8080,5,609.126984,18.458393,0.738336,0.040000
z_0054_416.000000.png,#ffd700,2,167.539105,5.076943,0.203078,0.040000
z_0055_417.000000.png,#008080,13,998.874242,30.268916,1.210757,0.040000
z_0055_417.000000.png,#0082c8,4,442.132034,13.397940,0.535918,0.040000
z_0055_417.000000.png,#00fa9a,6,275.078210,8.335703,0.333428,0.040000
z_0055_417.000000.png,#3cb44b,2,355.019336,10.758162,0.430326,0.040000
z_0055_417.000000.png,#40e0d0,2,236.066017,7.153516,0.286141,0.040000
z_0055_417.000000.png,#6a5acd,18,1203.727056,36.476577,1.459063,0.040000
z_0055_417.000000.png,#8000ff,16,1475.893578,44.724048,1.788962,0.040000
z_0055_417.000000.png,#8080ff,1,367.362482,11.132196,0.445288,0.040000
z_0055_417.000000.png,#80ff80,3,123.982756,3.757053,0.150282,0.040000
z_0055_417.000000.png,#911eb4,2,100.183766,3.035872,0.121435,0.040000
z_0055_417.000000.png,#9acd32,6,840.163564,25.459502,1.018380,0.040000
z_0055_417.000000.png,#a52a2a,1,29.556349,0.895647,0.035826,0.040000
z_0055_417.000000.png,#bcf60c,4,620.842712,18.813416,0.752537,0.040000
z_0055_417.000000.png,#dc143c,6,314.676190,9.535642,0.381426,0.040000
z_0055_417.000000.png,#e6194b,9,523.529004,15.864515,0.634581,0.040000
z_0055_417.000000.png,#ed4ea9,1,79.597980,2.412060,0.096482,0.040000
z_0055_417.000000.png,#fabebe,2,84.426407,2.558376,0.102335,0.040000
z_0055_417.000000.png,#ff0080,5,319.078210,9.669037,0.386761,0.040000
z_0055_417.000000.png,#ff69b4,4,21.313708,0.645870,0.025835,0.040000
z_0055_417.000000.png,#ff8080,5,614.984848,18.635904,0.745436,0.040000
z_0055_417.000000.png,#ffd700,3,213.338095,6.464791,0.258592,0.040000
z_0056_418.000000.png,#008080,17,978.246825,29.643843,1.185754,0.040000
z_0056_418.000000.png,#0082c8,5,506.457936,15.347210,0.613888,0.040000
z_0056_418.000000.png,#00fa9a,5,253.764502,7.689833,0.307593,0.040000
z_0056_418.000000.png,#3cb44b,2,364.090404,11.033043,0.441322,0.040000
z_0056_418.000000.png,#40e0d0,2,247.722871,7.506754,0.300270,0.040000
z_0056_418.000000.png,#6a5acd,17,1150.087445,34.851135,1.394045,0.040000
z_0056_418.000000.png,#8000ff,17,1580.864140,47.904974,1.916199,0.040000
z_0056_418.000000.png,#8080ff,1,396.333044,12.010092,0.480404,0.040000
z_0056_418.000000.png,#80ff80,3,102.669048,3.111183,0.124447,0.040000
z_0056_418.000000.png,#911eb4,2,103.840620,3.146685,0.125867,0.040000
z_0056_418.000000.png,#9acd32,5,864.465079,26.195911,1.047836,0.040000
z_0056_418.000000.png,#a52a2a,1,28.384776,0.860145,0.034406,0.040000
z_0056_418.000000.png,#bcf60c,4,622.256926,18.856270,0.754251,0.040000
z_0056_418.000000.png,#dc143c,7,306.977705,9.302355,0.372094,0.040000
z_0056_418.000000.png,#e6194b,7,559.327994,16.949333,0.677973,0.040000
z_0056_418.000000.png,#ed4ea9,1,77.355339,2.344101,0.093764,0.040000
z_0056_418.000000.png,#fabebe,2,93.012193,2.818551,0.112742,0.040000
z_0056_418.000000.png,#ff0080,5,322.149278,9.762099,0.390484,0.040000
z_0056_418.000000.png,#ff69b4,1,12.828427,0.388740,0.015550,0.040000
z_0056_418.000000.png,#ff8080,6,783.737157,23.749611,0.949984,0.040000
z_0056_418.000000.png,#ffd700,3,261.036580,7.910199,0.316408,0.040000
z_0057_419.000000.png,#0000ff,1,8.242641,0.249777,0.009991,0.040000
z_0057_419.000000.png,#008080,13,990.531096,30.016094,1.200644,0.040000
z_0057_419.000000.png,#0082c8,3,515.043723,15.607386,0.624295,0.040000
z_0057_419.000000.png,#00fa9a,5,266.592929,8.078574,0.323143,0.040000
z_0057_419.000000.png,#3cb44b,2,377.989899,11.454239,0.458170,0.040000
z_0057_419.000000.png,#40e0d0,4,253.521861,7.682481,0.307299,0.040000
z_0057_419.000000.png,#6a5acd,18,1013.033621,30.697989,1.227920,0.040000
z_0057_419.000000.png,#8000ff,20,1701.190042,51.551213,2.062049,0.040000
z_0057_419.000000.png,#8080ff,2,426.717821,12.930843,0.517234,0.040000
z_0057_419.000000.png,#80ff80,3,124.811183,3.782157,0.151286,0.040000
z_0057_419.000000.png,#911eb4,2,103.012193,3.121582,0.124863,0.040000
z_0057_419.000000.png,#9acd32,6,868.707720,26.324476,1.052979,0.040000
z_0057_419.000000.png,#a52a2a,1,26.142136,0.792186,0.031687,0.040000
z_0057_419.000000.png,#bcf60c,4,589.570635,17.865777,0.714631,0.040000
z_0057_419.000000.png,#dc143c,7,266.693434,8.081619,0.323265,0.040000
z_0057_419.000000.png,#e6194b,8,593.612265,17.988250,0.719530,0.040000
z_0057_419.000000.png,#ed4ea9,1,77.941125,2.361852,0.094474,0.040000
z_0057_419.000000.png,#fabebe,2,96.083261,2.911614,0.116465,0.040000
z_0057_419.000000.png,#ff0080,5,328.048773,9.940872,0.397635,0.040000
z_0057_419.000000.png,#ff69b4,1,8.828427,0.267528,0.010701,0.040000
z_0057_419.000000.png,#ff8080,9,927.820418,28.115770,1.124631,0.040000
z_0057_419.000000.png,#ffd700,3,290.492424,8.802801,0.352112,0.040000
z_0058_420.000000.png,#0000ff,1,7.656854,0.232026,0.009281,0.040000
z_0058_420.000000.png,#008080,11,964.732106,29.234306,1.169372,0.040000
z_0058_420.000000.png,#0082c8,4,504.416306,15.285343,0.611414,0.040000
z_0058_420.000000.png,#00fa9a,4,270.492424,8.196740,0.327870,0.040000
z_0058_420.000000.png,#3cb44b,2,373.989899,11.333027,0.453321,0.040000
z_0058_420.000000.png,#40e0d0,3,223.480231,6.772128,0.270885,0.040000
z_0058_420.000000.png,#6a5acd,14,853.210245,25.854856,1.034194,0.040000
z_0058_420.000000.png,#8000ff,23,1726.018469,52.303590,2.092144,0.040000
z_0058_420.000000.png,#8080ff,2,452.274170,13.705278,0.548211,0.040000
z_0058_420.000000.png,#80ff80,3,126.225397,3.825012,0.153000,0.040000
z_0058_420.000000.png,#911eb4,2,108.911688,3.300354,0.132014,0.040000
z_0058_420.000000.png,#9acd32,6,871.879292,26.420585,1.056823,0.040000
z_0058_420.000000.png,#a52a2a,1,27.556349,0.835041,0.033402,0.040000
z_0058_420.000000.png,#bcf60c,3,575.085353,17.426829,0.697073,0.040000
z_0058_420.000000.png,#dc143c,5,192.610173,5.836672,0.233467,0.040000
z_0058_420.000000.png,#e6194b,7,420.575685,12.744718,0.509789,0.040000
z_0058_420.000000.png,#ed4ea9,1,78.183766,2.369205,0.094768,0.040000
z_0058_420.000000.png,#fabebe,2,102.325902,3.100785,0.124031,0.040000
z_0058_420.000000.png,#ff0080,5,332.534055,10.076790,0.403072,0.040000
z_0058_420.000000.png,#ff8080,9,845.092496,25.608864,1.024355,0.040000
z_0058_420.000000.png,#ffd700,4,323.806133,9.812307,0.392492,0.040000
z_0059_421.000000.png,#0000ff,1,19.656854,0.595662,0.023826,0.040000
z_0059_421.000000.png,#008080,12,1208.253967,36.613757,1.464550,0.040000
z_0059_421.000000.png,#0082c8,4,494.901587,14.997018,0.599881,0.040000
z_0059_421.000000.png,#00fa9a,4,264.249783,8.007569,0.320303,0.040000
z_0059_421.000000.png,#3cb44b,2,383.303607,11.615261,0.464610,0.040000
z_0059_421.000000.png,#40e0d0,3,204.409163,6.194217,0.247769,0.040000
z_0059_421.000000.png,#6a5acd,15,822.423448,24.921923,0.996877,0.040000
z_0059_421.000000.png,#8000ff,22,1907.883476,57.814651,2.312586,0.040000
z_0059_421.000000.png,#8080ff,1,465.345238,14.101371,0.564055,0.040000
z_0059_421.000000.png,#80ff80,3,127.053824,3.850116,0.154005,0.040000
z_0059_421.000000.png,#911eb4,2,116.568542,3.532380,0.141295,0.040000
z_0059_421.000000.png,#9acd32,8,900.264069,27.280729,1.091229,0.040000
z_0059_421.000000.png,#a52a2a,1,28.384776,0.860145,0.034406,0.040000
z_0059_421.000000.png,#bcf60c,4,554.801082,16.812154,0.672486,0.040000
z_0059_421.000000.png,#dc143c,5,256.551299,7.774282,0.310971,0.040000
z_0059_421.000000.png,#e6194b,7,400.391919,12.133088,0.485324,0.040000
z_0059_421.000000.png,#ed4ea9,2,70.526912,2.137179,0.085487,0.040000
z_0059_421.000000.png,#f032e6,1,42.627417,1.291740,0.051670,0.040000
z_0059_421.000000.png,#fabebe,2,108.811183,3.297309,0.131892,0.040000
z_0059_421.000000.png,#ff0080,6,344.918831,10.452086,0.418083,0.040000
z_0059_421.000000.png,#ff8080,8,776.322943,23.524938,0.940998,0.040000
z_0059_421.000000.png,#ffd700,6,337.806133,10.236549,0.409462,0.040000
z_0060_422.000000.png,#0000ff,1,25.071068,0.759729,0.030389,0.040000
z_0060_422.000000.png,#008080,15,1261.567676,38.229324,1.529173,0.040000
z_0060_422.000000.png,#0082c8,6,455.002092,13.787942,0.551518,0.040000
z_0060_422.000000.png,#00fa9a,4,281.320851,8.524874,0.340995,0.040000
z_0060_422.000000.png,#3cb44b,2,400.274170,12.129520,0.485181,0.040000
z_0060_422.000000.png,#40e0d0,3,209.823376,6.358284,0.254331,0.040000
z_0060_422.000000.png,#6a5acd,12,708.925974,21.482605,0.859304,0.040000
z_0060_422.000000.png,#8000ff,21,1883.724097,57.082548,2.283302,0.040000
z_0060_422.000000.png,#8080ff,3,481.244733,14.583174,0.583327,0.040000
z_0060_422.000000.png,#80ff80,3,142.367532,4.314168,0.172567,0.040000
z_0060_422.000000.png,#911eb4,2,115.982756,3.514629,0.140585,0.040000
z_0060_422.000000.png,#9acd32,7,872.808225,26.448734,1.057949,0.040000
z_0060_422.000000.png,#a52a2a,1,30.384776,0.920751,0.036830,0.040000
z_0060_422.000000.png,#b22222,1,38.041631,1.152777,0.046111,0.040000
z_0060_422.000000.png,#bcf60c,3,532.315801,16.130782,0.645231,0.040000
z_0060_422.000000.png,#dc143c,6,284.592929,8.624028,0.344961,0.040000
z_0060_422.000000.png,#e6194b,6,402.291414,12.190649,0.487626,0.040000
z_0060_422.000000.png,#ed4ea9,2,62.041631,1.880049,0.075202,0.040000
z_0060_422.000000.png,#f032e6,1,82.083261,2.487372,0.099495,0.040000
z_0060_422.000000.png,#fabebe,2,103.639610,3.140594,0.125624,0.040000
z_0060_422.000000.png,#ff0080,5,401.345238,12.161977,0.486479,0.040000
z_0060_422.000000.png,#ff69b4,2,5.656854,0.171420,0.006857,0.040000
z_0060_422.000000.png,#ff8080,9,759.009235,23.000280,0.920011,0.040000
z_0060_422.000000.png,#ffd700,6,344.877200,10.450824,0.418033,0.040000
z_0061_423.000000.png,#0000ff,1,30.142136,0.913398,0.036536,0.040000
z_0061_423.000000.png,#008080,19,1348.964646,40.877717,1.635109,0.040000
z_0061_423.000000.png,#0082c8,4,374.676190,11.353824,0.454153,0.040000
z_0061_423.000000.png,#00fa9a,4,285.563492,8.653439,0.346138,0.040000
z_0061_423.000000.png,#3cb44b,2,430.173665,13.035566,0.521423,0.040000
z_0061_423.000000.png,#40e0d0,3,195.338095,5.919336,0.236773,0.040000
z_0061_423.000000.png,#6a5acd,12,661.955411,20.059255,0.802370,0.040000
z_0061_423.000000.png,#8000ff,19,1860.167748,56.368720,2.254749,0.040000
z_0061_423.000000.png,#8080ff,6,423.788889,12.842088,0.513684,0.040000
z_0061_423.000000.png,#80ff80,3,176.994949,5.363483,0.214539,0.040000
z_0061_423.000000.png,#911eb4,2,113.740115,3.446670,0.137867,0.040000
z_0061_423.000000.png,#9acd32,7,908.950360,27.543950,1.101758,0.040000
z_0061_423.000000.png,#a52a2a,1,32.142136,0.974004,0.038960,0.040000
z_0061_423.000000.png,#b22222,2,60.284271,1.826796,0.073072,0.040000
z_0061_423.000000.png,#bcf60c,2,519.043723,15.728598,0.629144,0.040000
z_0061_423.000000.png,#dc143c,6,359.847763,10.904478,0.436179,0.040000
z_0061_423.000000.png,#e6194b,7,429.261977,13.007939,0.520318,0.040000
z_0061_423.000000.png,#ed4ea9,2,47.455844,1.438056,0.057522,0.040000
z_0061_423.000000.png,#f032e6,2,110.468037,3.347516,0.133901,0.040000
z_0061_423.000000.png,#fabebe,2,106.710678,3.233657,0.129346,0.040000
z_0061_423.000000.png,#ff0080,5,396.516811,12.015661,0.480626,0.040000
z_0061_423.000000.png,#ff69b4,2,5.656854,0.171420,0.006857,0.040000
z_0061_423.000000.png,#ff8080,11,789.737157,23.931429,0.957257,0.040000
z_0061_423.000000.png,#ffd700,6,383.504617,11.621352,0.464854,0.040000
z_0062_424.000000.png,#0000ff,1,37.798990,1.145424,0.045817,0.040000
z_0062_424.000000.png,#008080,19,1403.106781,42.518387,1.700735,0.040000
z_0062_424.000000.png,#0082c8,3,362.918831,10.997540,0.439902,0.040000
z_0062_424.000000.png,#00fa9a,4,265.764502,8.053470,0.322139,0.040000
z_0062_424.000000.png,#3cb44b,5,482.457936,14.619937,0.584797,0.040000
z_0062_424.000000.png,#40e0d0,3,208.651804,6.322782,0.252911,0.040000
z_0062_424.000000.png,#6a5acd,11,610.943218,18.513431,0.740537,0.040000
z_0062_424.000000.png,#8000ff,19,1885.765727,57.144416,2.285777,0.040000
z_0062_424.000000.png,#8080ff,5,390.475180,11.832581,0.473303,0.040000
z_0062_424.000000.png,#80ff80,3,180.752309,5.477343,0.219094,0.040000
z_0062_424.000000.png,#911eb4,2,109.154329,3.307707,0.132308,0.040000
z_0062_424.000000.png,#9acd32,8,910.021428,27.576407,1.103056,0.040000
z_0062_424.000000.png,#a52a2a,1,36.384776,1.102569,0.044103,0.040000
z_0062_424.000000.png,#b22222,2,101.840620,3.086079,0.123443,0.040000
z_0062_424.000000.png,#bcf60c,3,498.173665,15.096172,0.603847,0.040000
z_0062_424.000000.png,#dc143c,5,401.303607,12.160715,0.486429,0.040000
z_0062_424.000000.png,#e6194b,8,499.002092,15.121276,0.604851,0.040000
z_0062_424.000000.png,#ed4ea9,1,29.071068,0.880941,0.035238,0.040000
z_0062_424.000000.png,#f032e6,2,170.894444,5.178620,0.207145,0.040000
z_0062_424.000000.png,#fabebe,3,96.669048,2.929365,0.117175,0.040000
z_0062_424.000000.png,#ff0080,5,420.901587,12.754594,0.510184,0.040000
z_0062_424.000000.png,#ff8080,7,807.636652,24.473838,0.978954,0.040000
z_0062_424.000000.png,#ffd700,6,346.735065,10.507123,0.420285,0.040000
z_0063_425.000000.png,#0000ff,1,42.970563,1.302138,0.052086,0.040000
z_0063_425.000000.png,#008080,16,1391.893578,42.178593,1.687144,0.040000
z_0063_425.000000.png,#0082c8,4,372.575685,11.290172,0.451607,0.040000
z_0063_425.000000.png,#00fa9a,4,214.308658,6.494202,0.259768,0.040000
z_0063_425.000000.png,#3cb44b,4,447.931024,13.573667,0.542947,0.040000
z_0063_425.000000.png,#40e0d0,3,205.965512,6.241379,0.249655,0.040000
z_0063_425.000000.png,#6a5acd,12,536.173665,16.247687,0.649907,0.040000
z_0063_425.000000.png,#8000ff,21,1868.795165,56.630157,2.265206,0.040000
z_0063_425.000000.png,#8080ff,4,387.989899,11.757270,0.470291,0.040000
z_0063_425.000000.png,#80ff80,3,186.651804,5.656115,0.226245,0.040000
z_0063_425.000000.png,#911eb4,2,107.396970,3.254454,0.130178,0.040000
z_0063_425.000000.png,#9acd32,9,895.335137,27.131368,1.085255,0.040000
z_0063_425.000000.png,#a52a2a,1,40.627417,1.231134,0.049245,0.040000
z_0063_425.000000.png,#b22222,1,128.468037,3.892971,0.155719,0.040000
z_0063_425.000000.png,#bcf60c,3,465.587878,14.108724,0.564349,0.040000
z_0063_425.000000.png,#dc143c,4,442.617316,13.412646,0.536506,0.040000
z_0063_425.000000.png,#e6194b,8,459.931024,13.937304,0.557492,0.040000
z_0063_425.000000.png,#ed4ea9,1,34.970563,1.059714,0.042389,0.040000
z_0063_425.000000.png,#f032e6,1,209.178716,6.338749,0.253550,0.040000
z_0063_425.000000.png,#fabebe,2,79.840620,2.419413,0.096777,0.040000
z_0063_425.000000.png,#ff0080,5,425.972655,12.908262,0.516330,0.040000
z_0063_425.000000.png,#ff8080,6,482.759451,14.629074,0.585163,0.040000
z_0063_425.000000.png,#ffd700,6,313.078210,9.487218,0.379489,0.040000
z_0064_426.000000.png,#0000ff,1,46.627417,1.412952,0.056518,0.040000
z_0064_426.000000.png,#008080,16,1321.124025,40.034061,1.601362,0.040000
z_0064_426.000000.png,#0082c8,4,384.818326,11.661161,0.466446,0.040000
z_0064_426.000000.png,#00fa9a,4,216.651804,6.565206,0.262608,0.040000
z_0064_426.000000.png,#3cb44b,4,460.516811,13.955055,0.558202,0.040000
z_0064_426.000000.png,#40e0d0,3,187.137085,5.670821,0.226833,0.040000
z_0064_426.000000.png,#6a5acd,13,533.002092,16.151579,0.646063,0.040000
z_0064_426.000000.png,#8000ff,21,1846.653029,55.959183,2.238367,0.040000
z_0064_426.000000.png,#8080ff,4,391.889394,11.875436,0.475017,0.040000
z_0064_426.000000.png,#80ff80,4,234.693434,7.111922,0.284477,0.040000
z_0064_426.000000.png,#911eb4,2,95.497475,2.893863,0.115755,0.040000
z_0064_426.000000.png,#9acd32,6,820.222438,24.855225,0.994209,0.040000
z_0064_426.000000.png,#a52a2a,1,42.041631,1.273989,0.050960,0.040000
z_0064_426.000000.png,#b22222,2,143.781746,4.357023,0.174281,0.040000
z_0064_426.000000.png,#bcf60c,6,504.558441,15.289650,0.611586,0.040000
z_0064_426.000000.png,#dc143c,6,468.759451,14.204832,0.568193,0.040000
z_0064_426.000000.png,#e6194b,7,330.735065,10.022275,0.400891,0.040000
z_0064_426.000000.png,#ed4ea9,1,38.970563,1.180926,0.047237,0.040000
z_0064_426.000000.png,#f032e6,2,225.421356,6.830950,0.273238,0.040000
z_0064_426.000000.png,#fabebe,2,76.769553,2.326350,0.093054,0.040000
z_0064_426.000000.png,#ff0080,5,432.215295,13.097433,0.523897,0.040000
z_0064_426.000000.png,#ff69b4,2,5.656854,0.171420,0.006857,0.040000
z_0064_426.000000.png,#ff8080,6,477.102597,14.457654,0.578306,0.040000
z_0064_426.000000.png,#ffd700,6,307.220346,9.309707,0.372388,0.040000
z_0065_427.000000.png,#0000ff,1,45.213203,1.370097,0.054804,0.040000
z_0065_427.000000.png,#008080,16,1342.538239,40.682977,1.627319,0.040000
z_0065_427.000000.png,#0082c8,4,392.090404,11.881527,0.475261,0.040000
z_0065_427.000000.png,#00fa9a,4,200.409163,6.073005,0.242920,0.040000
z_0065_427.000000.png,#3cb44b,4,505.286363,15.311708,0.612468,0.040000
z_0065_427.000000.png,#40e0d0,3,183.480231,5.560007,0.222400,0.040000
z_0065_427.000000.png,#6a5acd,15,662.541197,20.077006,0.803080,0.040000
z_0065_427.000000.png,#8000ff,19,1642.386002,49.769273,1.990771,0.040000
z_0065_427.000000.png,#8080ff,4,388.333044,11.767668,0.470707,0.040000
z_0065_427.000000.png,#80ff80,5,270.107648,8.185080,0.327403,0.040000
z_0065_427.000000.png,#911eb4,2,92.426407,2.800800,0.112032,0.040000
z_0065_427.000000.png,#9acd32,6,793.009235,24.030583,0.961223,0.040000
z_0065_427.000000.png,#a52a2a,1,41.798990,1.266636,0.050665,0.040000
z_0065_427.000000.png,#b22222,3,145.296465,4.402923,0.176117,0.040000
z_0065_427.000000.png,#bcf60c,5,559.671140,16.959732,0.678389,0.040000
z_0065_427.000000.png,#dc143c,5,473.830519,14.358501,0.574340,0.040000
z_0065_427.000000.png,#e6194b,6,292.249783,8.856054,0.354242,0.040000
z_0065_427.000000.png,#ed4ea9,1,37.798990,1.145424,0.045817,0.040000
z_0065_427.000000.png,#f032e6,2,230.048773,6.971175,0.278847,0.040000
z_0065_427.000000.png,#fabebe,2,65.698485,1.990863,0.079635,0.040000
z_0065_427.000000.png,#ff0080,5,437.730014,13.264546,0.530582,0.040000
z_0065_427.000000.png,#ff69b4,1,2.828427,0.085710,0.003428,0.040000
z_0065_427.000000.png,#ff8080,6,453.688384,13.748133,0.549925,0.040000
z_0065_427.000000.png,#ffd700,6,289.663997,8.777697,0.351108,0.040000
z_0066_428.000000.png,#0000ff,1,48.041631,1.455807,0.058232,0.040000
z_0066_428.000000.png,#008080,15,1262.111832,38.245813,1.529833,0.040000
z_0066_428.000000.png,#0082c8,4,384.918831,11.664207,0.466568,0.040000
z_0066_428.000000.png,#00fa9a,4,202.066017,6.123213,0.244929,0.040000
z_0066_428.000000.png,#3cb44b,3,515.085353,15.608647,0.624346,0.040000
z_0066_428.000000.png,#40e0d0,3,179.823376,5.449193,0.217968,0.040000
z_0066_428.000000.png,#6a5acd,15,702.381818,21.284298,0.851372,0.040000
z_0066_428.000000.png,#8000ff,18,1560.444876,47.286208,1.891448,0.040000
z_0066_428.000000.png,#8080ff,4,367.161472,11.126105,0.445044,0.040000
z_0066_428.000000.png,#80ff80,5,287.078210,8.699340,0.347974,0.040000
z_0066_428.000000.png,#911eb4,2,92.426407,2.800800,0.112032,0.040000
z_0066_428.000000.png,#9acd32,5,837.879292,25.390282,1.015611,0.040000
z_0066_428.000000.png,#a52a2a,1,44.041631,1.334595,0.053384,0.040000
z_0066_428.000000.png,#b22222,3,148.953319,4.513737,0.180549,0.040000
z_0066_428.000000.png,#bcf60c,6,550.842712,16.692203,0.667688,0.040000
z_0066_428.000000.png,#dc143c,5,452.859956,13.723029,0.548921,0.040000
z_0066_428.000000.png,#e6194b,6,279.078210,8.456915,0.338277,0.040000
z_0066_428.000000.png,#ed4ea9,2,49.455844,1.498662,0.059946,0.040000
z_0066_428.000000.png,#f032e6,2,252.534055,7.652547,0.306102,0.040000
z_0066_428.000000.png,#fabebe,2,69.698485,2.112075,0.084483,0.040000
z_0066_428.000000.png,#ff0080,5,456.215295,13.824706,0.552988,0.040000
z_0066_428.000000.png,#ff8080,6,454.759451,13.780589,0.551224,0.040000
z_0066_428.000000.png,#ffd700,6,318.534055,9.652547,0.386102,0.040000
z_0067_429.000000.png,#0000ff,1,49.455844,1.498662,0.059946,0.040000
z_0067_429.000000.png,#008080,13,1325.224530,40.158319,1.606333,0.040000
z_0067_429.000000.png,#0080ff,1,35.556349,1.077465,0.043099,0.040000
z_0067_429.000000.png,#0082c8,4,343.462987,10.407969,0.416319,0.040000
z_0067_429.000000.png,#00fa9a,4,197.480231,5.984249,0.239370,0.040000
z_0067_429.000000.png,#3cb44b,3,521.327994,15.797818,0.631913,0.040000
z_0067_429.000000.png,#40e0d0,3,174.651804,5.292479,0.211699,0.040000
z_0067_429.000000.png,#6a5acd,17,770.021428,23.333983,0.933359,0.040000
z_0067_429.000000.png,#8000ff,15,1376.763635,41.720110,1.668804,0.040000
z_0067_429.000000.png,#8080ff,3,147.923882,4.482542,0.179302,0.040000
z_0067_429.000000.png,#80ff80,5,311.362482,9.435227,0.377409,0.040000
z_0067_429.000000.png,#911eb4,2,97.254834,2.947116,0.117885,0.040000
z_0067_429.000000.png,#9acd32,4,595.428499,18.043288,0.721732,0.040000
z_0067_429.000000.png,#a52a2a,1,45.213203,1.370097,0.054804,0.040000
z_0067_429.000000.png,#b22222,3,167.438600,5.073897,0.202956,0.040000
z_0067_429.000000.png,#bcf60c,5,540.943218,16.392219,0.655689,0.040000
z_0067_429.000000.png,#dc143c,8,480.600072,14.563639,0.582546,0.040000
z_0067_429.000000.png,#e6194b,7,283.663997,8.595879,0.343835,0.040000
z_0067_429.000000.png,#ed4ea9,2,68.870058,2.086971,0.083479,0.040000
z_0067_429.000000.png,#f032e6,3,275.261977,8.341272,0.333651,0.040000
z_0067_429.000000.png,#fabebe,2,84.769553,2.568774,0.102751,0.040000
z_0067_429.000000.png,#ff0080,6,488.600072,14.806063,0.592243,0.040000
z_0067_429.000000.png,#ff8080,6,467.830519,14.176682,0.567067,0.040000
z_0067_429.000000.png,#ffd700,6,314.048773,9.516629,0.380665,0.040000
z_0068_430.000000.png,#0000ff,1,49.698485,1.506015,0.060241,0.040000
z_0068_430.000000.png,#008080,16,1302.780879,39.478208,1.579128,0.040000
z_0068_430.000000.png,#0080ff,1,73.941125,2.240640,0.089626,0.040000
z_0068_430.000000.png,#0082c8,3,308.249783,9.340903,0.373636,0.040000
z_0068_430.000000.png,#00fa9a,4,194.651804,5.898540,0.235942,0.040000
z_0068_430.000000.png,#3cb44b,3,517.872150,15.693095,0.627724,0.040000
z_0068_430.000000.png,#40e0d0,3,175.480231,5.317583,0.212703,0.040000
z_0068_430.000000.png,#6a5acd,16,827.435642,25.073807,1.002952,0.040000
z_0068_430.000000.png,#8000ff,16,1381.106781,41.851721,1.674069,0.040000
z_0068_430.000000.png,#8080ff,3,143.580736,4.350931,0.174037,0.040000
z_0068_430.000000.png,#80ff80,5,318.676190,9.656854,0.386274,0.040000
z_0068_430.000000.png,#911eb4,2,103.840620,3.146685,0.125867,0.040000
z_0068_430.000000.png,#9acd32,4,598.055916,18.122907,0.724916,0.040000
z_0068_430.000000.png,#a52a2a,1,44.627417,1.352346,0.054094,0.040000
z_0068_430.000000.png,#b22222,3,167.681241,5.081250,0.203250,0.040000
z_0068_430.000000.png,#bcf60c,2,487.345238,14.768038,0.590722,0.040000
z_0068_430.000000.png,#dc143c,7,467.286363,14.160193,0.566408,0.040000
z_0068_430.000000.png,#e6194b,7,389.060967,11.789726,0.471589,0.040000
z_0068_430.000000.png,#ed4ea9,2,78.769553,2.386956,0.095478,0.040000
z_0068_430.000000.png,#f032e6,4,268.977705,8.150840,0.326034,0.040000
z_0068_430.000000.png,#fabebe,2,90.426407,2.740194,0.109608,0.040000
z_0068_430.000000.png,#ff0080,6,498.641702,15.110355,0.604414,0.040000
z_0068_430.000000.png,#ff8080,6,477.386868,14.466269,0.578651,0.040000
z_0068_430.000000.png,#ffd700,7,341.362482,10.344318,0.413773,0.040000
z_0069_431.000000.png,#0000ff,1,50.526912,1.531119,0.061245,0.040000
z_0069_431.000000.png,#008080,14,1266.437734,38.376901,1.535076,0.040000
z_0069_431.000000.png,#0080ff,1,84.526912,2.561422,0.102457,0.040000
z_0069_431.000000.png,#0082c8,3,303.178716,9.187234,0.367489,0.040000
z_0069_431.000000.png,#00fa9a,4,192.166522,5.823228,0.232929,0.040000
z_0069_431.000000.png,#3cb44b,4,504.114790,15.276206,0.611048,0.040000
z_0069_431.000000.png,#40e0d0,3,176.409163,5.345732,0.213829,0.040000
z_0069_431.000000.png,#6a5acd,15,820.364574,24.859533,0.994381,0.040000
z_0069_431.000000.png,#8000ff,17,1298.437734,39.346598,1.573864,0.040000
z_0069_431.000000.png,#8080ff,3,141.095454,4.275620,0.171025,0.040000
z_0069_431.000000.png,#80ff80,5,339.161472,10.277620,0.411105,0.040000
z_0069_431.000000.png,#911eb4,2,108.083261,3.275250,0.131010,0.040000
z_0069_431.000000.png,#9acd32,4,595.813275,18.054948,0.722198,0.040000
z_0069_431.000000.png,#a52a2a,1,44.041631,1.334595,0.053384,0.040000
z_0069_431.000000.png,#b22222,3,176.509668,5.348778,0.213951,0.040000
z_0069_431.000000.png,#bcf60c,3,463.646753,14.049902,0.561996,0.040000
z_0069_431.000000.png,#dc143c,6,469.428499,14.225106,0.569004,0.040000
z_0069_431.000000.png,#e6194b,7,397.889394,12.057254,0.482290,0.040000
z_0069_431.000000.png,#ed4ea9,2,89.597980,2.715090,0.108604,0.040000
z_0069_431.000000.png,#f032e6,3,234.007143,7.091126,0.283645,0.040000
z_0069_431.000000.png,#fabebe,2,93.497475,2.833257,0.113330,0.040000
z_0069_431.000000.png,#ff0080,7,485.043723,14.698295,0.587932,0.040000
z_0069_431.000000.png,#ff69b4,3,14.485281,0.438948,0.017558,0.040000
z_0069_431.000000.png,#ff8080,6,480.658946,14.565423,0.582617,0.040000
z_0069_431.000000.png,#ffd700,8,382.818326,11.600555,0.464022,0.040000
z_0070_432.000000.png,#0000ff,1,51.355339,1.556222,0.062249,0.040000
z_0070_432.000000.png,#008080,14,1192.212337,36.127647,1.445106,0.040000
z_0070_432.000000.png,#0080ff,1,102.183766,3.096478,0.123859,0.040000
z_0070_432.000000.png,#0082c8,3,303.178716,9.187234,0.367489,0.040000
z_0070_432.000000.png,#00fa9a,4,209.823376,6.358284,0.254331,0.040000
z_0070_432.000000.png,#3cb44b,4,472.901587,14.330351,0.573214,0.040000
z_0070_432.000000.png,#40e0d0,3,186.651804,5.656115,0.226245,0.040000
z_0070_432.000000.png,#6a5acd,16,793.979797,24.059994,0.962400,0.040000
z_0070_432.000000.png,#8000ff,16,1239.810317,37.570010,1.502800,0.040000
z_0070_432.000000.png,#8080ff,3,136.267027,4.129304,0.165172,0.040000
z_0070_432.000000.png,#80ff80,4,342.190909,10.369421,0.414777,0.040000
z_0070_432.000000.png,#911eb4,2,111.740115,3.386064,0.135443,0.040000
z_0070_432.000000.png,#9acd32,4,602.440692,18.255779,0.730231,0.040000
z_0070_432.000000.png,#a52a2a,1,46.627417,1.412952,0.056518,0.040000
z_0070_432.000000.png,#b22222,2,203.237590,6.158715,0.246349,0.040000
z_0070_432.000000.png,#bcf60c,3,394.190909,11.945179,0.477807,0.040000
z_0070_432.000000.png,#dc143c,7,482.014285,14.606493,0.584260,0.040000
z_0070_432.000000.png,#e6194b,8,433.345238,13.131674,0.525267,0.040000
z_0070_432.000000.png,#ed4ea9,1,37.798990,1.145424,0.045817,0.040000
z_0070_432.000000.png,#f032e6,3,234.936075,7.119275,0.284771,0.040000
z_0070_432.000000.png,#fabebe,2,96.325902,2.918967,0.116759,0.040000
z_0070_432.000000.png,#ff0080,8,515.771645,15.629444,0.625178,0.040000
z_0070_432.000000.png,#ff69b4,2,5.656854,0.171420,0.006857,0.040000
z_0070_432.000000.png,#ff8080,6,509.043723,15.425567,0.617023,0.040000
z_0070_432.000000.png,#ffd700,8,410.717821,12.445995,0.497840,0.040000
z_0071_433.000000.png,#0000ff,1,53.355339,1.616828,0.064673,0.040000
z_0071_433.000000.png,#008080,13,1158.756493,35.113833,1.404553,0.040000
z_0071_433.000000.png,#0080ff,1,115.941125,3.513367,0.140535,0.040000
z_0071_433.000000.png,#0082c8,3,296.007143,8.969913,0.358797,0.040000
z_0071_433.000000.png,#00fa9a,4,222.066017,6.729273,0.269171,0.040000
z_0071_433.000000.png,#3cb44b,4,457.830519,13.873652,0.554946,0.040000
z_0071_433.000000.png,#40e0d0,3,186.509668,5.651808,0.226072,0.040000
z_0071_433.000000.png,#6a5acd,16,791.595021,23.987728,0.959509,0.040000
z_0071_433.000000.png,#8000ff,16,1203.869191,36.480885,1.459235,0.040000
z_0071_433.000000.png,#8080ff,5,145.438600,4.407230,0.176289,0.040000
z_0071_433.000000.png,#80ff80,4,352.190909,10.672452,0.426898,0.040000
z_0071_433.000000.png,#911eb4,2,114.568542,3.471774,0.138871,0.040000
z_0071_433.000000.png,#9acd32,4,587.327994,17.797818,0.711913,0.040000
z_0071_433.000000.png,#a52a2a,1,48.041631,1.455807,0.058232,0.040000
z_0071_433.000000.png,#b22222,2,211.480231,6.408492,0.256340,0.040000
z_0071_433.000000.png,#bcf60c,3,359.705627,10.900171,0.436007,0.040000
z_0071_433.000000.png,#dc143c,8,474.357431,14.374468,0.574979,0.040000
z_0071_433.000000.png,#e6194b,7,460.315801,13.948964,0.557959,0.040000
z_0071_433.000000.png,#ed4ea9,1,35.556349,1.077465,0.043099,0.040000
z_0071_433.000000.png,#f032e6,3,242.350288,7.343948,0.293758,0.040000
z_0071_433.000000.png,#fabebe,2,95.154329,2.883465,0.115339,0.040000
z_0071_433.000000.png,#ff0080,8,510.215295,15.461070,0.618443,0.040000
z_0071_433.000000.png,#ff69b4,2,9.656854,0.292632,0.011705,0.040000
z_0071_433.000000.png,#ff8080,7,536.156421,16.247164,0.649887,0.040000
z_0071_433.000000.png,#ffd700,8,339.705627,10.294110,0.411764,0.040000
z_0072_434.000000.png,#0000ff,1,49.941125,1.513367,0.060535,0.040000
z_0072_434.000000.png,#008080,13,1130.271211,34.250643,1.370026,0.040000
z_0072_434.000000.png,#0080ff,2,181.195959,5.490787,0.219631,0.040000
z_0072_434.000000.png,#0082c8,6,428.433550,12.982835,0.519313,0.040000
z_0072_434.000000.png,#00fa9a,4,237.379726,7.193325,0.287733,0.040000
z_0072_434.000000.png,#1e90ff,1,37.798990,1.145424,0.045817,0.040000
z_0072_434.000000.png,#3cb44b,4,452.759451,13.719983,0.548799,0.040000
z_0072_434.000000.png,#40e0d0,3,189.580736,5.744871,0.229795,0.040000
z_0072_434.000000.png,#6a5acd,15,731.109740,22.154841,0.886194,0.040000
z_0072_434.000000.png,#8000ff,17,1105.401154,33.497005,1.339880,0.040000
z_0072_434.000000.png,#8080ff,4,144.024387,4.364375,0.174575,0.040000
z_0072_434.000000.png,#80ff80,3,337.605122,10.230458,0.409218,0.040000
z_0072_434.000000.png,#911eb4,3,127.154329,3.853161,0.154126,0.040000
z_0072_434.000000.png,#9acd32,4,578.600072,17.533336,0.701333,0.040000
z_0072_434.000000.png,#a52a2a,1,46.870058,1.420305,0.056812,0.040000
z_0072_434.000000.png,#b22222,5,190.024387,5.758315,0.230333,0.040000
z_0072_434.000000.png,#bcf60c,3,267.279221,8.099370,0.323975,0.040000
z_0072_434.000000.png,#dc143c,7,460.700577,13.960624,0.558425,0.040000
z_0072_434.000000.png,#e6194b,8,454.073160,13.759793,0.550392,0.040000
z_0072_434.000000.png,#ed4ea9,1,34.142136,1.034610,0.041384,0.040000
z_0072_434.000000.png,#f032e6,3,253.421356,7.679435,0.307177,0.040000
z_0072_434.000000.png,#fabebe,2,93.154329,2.822858,0.112914,0.040000
z_0072_434.000000.png,#ff0080,7,538.943218,16.331613,0.653265,0.040000
z_0072_434.000000.png,#ff69b4,4,13.313708,0.403446,0.016138,0.040000
z_0072_434.000000.png,#ff8080,8,548.298557,16.615108,0.664604,0.040000
z_0072_434.000000.png,#ffd700,6,275.178716,8.338749,0.333550,0.040000
z_0073_435.000000.png,#0000ff,1,50.526912,1.531119,0.061245,0.040000
z_0073_435.000000.png,#008080,14,1119.986940,33.938998,1.357560,0.040000
z_0073_435.000000.png,#0080ff,1,191.195959,5.793817,0.231753,0.040000
z_0073_435.000000.png,#0082c8,7,496.274170,15.038611,0.601544,0.040000
z_0073_435.000000.png,#00fa9a,5,271.178716,8.217537,0.328701,0.040000
z_0073_435.000000.png,#1e90ff,1,48.384776,1.466205,0.058648,0.040000
z_0073_435.000000.png,#3cb44b,4,428.274170,12.978005,0.519120,0.040000
z_0073_435.000000.png,#40e0d0,3,190.894444,5.784680,0.231387,0.040000
z_0073_435.000000.png,#6a5acd,15,715.796031,21.690789,0.867632,0.040000
z_0073_435.000000.png,#8000ff,18,1064.430591,32.255472,1.290219,0.040000
z_0073_435.000000.png,#8080ff,5,132.367532,4.011137,0.160445,0.040000
z_0073_435.000000.png,#80ff80,4,321.462987,9.741303,0.389652,0.040000
z_0073_435.000000.png,#911eb4,4,160.367532,4.859622,0.194385,0.040000
z_0073_435.000000.png,#9acd32,4,584.114790,17.700448,0.708018,0.040000
z_0073_435.000000.png,#a52a2a,1,44.627417,1.352346,0.054094,0.040000
z_0073_435.000000.png,#b22222,5,163.580736,4.956992,0.198280,0.040000
z_0073_435.000000.png,#bcf60c,3,254.693434,7.717983,0.308719,0.040000
z_0073_435.000000.png,#dc143c,6,474.014285,14.364069,0.574563,0.040000
z_0073_435.000000.png,#e6194b,8,447.688384,13.566315,0.542653,0.040000
z_0073_435.000000.png,#ed4ea9,1,31.556349,0.956253,0.038250,0.040000
z_0073_435.000000.png,#f032e6,3,264.592929,8.017968,0.320719,0.040000
z_0073_435.000000.png,#fabebe,2,92.811183,2.812460,0.112498,0.040000
z_0073_435.000000.png,#ff0080,6,523.185858,15.854117,0.634165,0.040000
z_0073_435.000000.png,#ff69b4,2,5.656854,0.171420,0.006857,0.040000
z_0073_435.000000.png,#ff8080,9,578.198052,17.521153,0.700846,0.040000
z_0073_435.000000.png,#ffd700,6,266.450793,8.074266,0.322971,0.040000
z_0074_436.000000.png,#0000ff,1,49.698485,1.506015,0.060241,0.040000
z_0074_436.000000.png,#008080,15,1121.259018,33.977546,1.359102,0.040000
z_0074_436.000000.png,#0080ff,1,197.781746,5.993386,0.239735,0.040000
z_0074_436.000000.png,#0082c8,6,578.943218,17.543734,0.701749,0.040000
z_0074_436.000000.png,#00fa9a,5,295.421356,8.952162,0.358086,0.040000
z_0074_436.000000.png,#1e90ff,1,52.384776,1.587417,0.063497,0.040000
z_0074_436.000000.png,#3cb44b,4,420.617316,12.745979,0.509839,0.040000
z_0074_436.000000.png,#40e0d0,4,174.509668,5.288172,0.211527,0.040000
z_0074_436.000000.png,#6a5acd,13,695.796031,21.084728,0.843389,0.040000
z_0074_436.000000.png,#8000ff,18,1149.543289,34.834645,1.393386,0.040000
z_0074_436.000000.png,#8080ff,6,138.610173,4.200308,0.168012,0.040000
z_0074_436.000000.png,#80ff80,4,291.078210,8.820552,0.352822,0.040000
z_0074_436.000000.png,#911eb4,4,233.237590,7.067806,0.282712,0.040000
z_0074_436.000000.png,#9acd32,4,604.641702,18.322476,0.732899,0.040000
z_0074_436.000000.png,#a52a2a,1,46.870058,1.420305,0.056812,0.040000
z_0074_436.000000.png,#b22222,4,263.521861,7.985511,0.319420,0.040000
z_0074_436.000000.png,#bcf60c,4,272.007143,8.242641,0.329706,0.040000
z_0074_436.000000.png,#dc143c,7,509.085353,15.426829,0.617073,0.040000
z_0074_436.000000.png,#e6194b,8,442.333044,13.404032,0.536161,0.040000
z_0074_436.000000.png,#ed4ea9,2,120.911688,3.663991,0.146560,0.040000
z_0074_436.000000.png,#f032e6,3,274.007143,8.303247,0.332130,0.040000
z_0074_436.000000.png,#fabebe,3,90.769553,2.750593,0.110024,0.040000
z_0074_436.000000.png,#ff0080,6,510.457936,15.468422,0.618737,0.040000
z_0074_436.000000.png,#ff8080,10,522.457936,15.832059,0.633282,0.040000
z_0074_436.000000.png,#ffd700,6,267.521861,8.106723,0.324269,0.040000
z_0075_437.000000.png,#0000ff,1,50.526912,1.531119,0.061245,0.040000
z_0075_437.000000.png,#008080,15,1156.614357,35.048920,1.401957,0.040000
z_0075_437.000000.png,#0080ff,1,205.781746,6.235810,0.249432,0.040000
z_0075_437.000000.png,#0082c8,6,583.629509,17.685743,0.707430,0.040000
z_0075_437.000000.png,#00fa9a,5,308.249783,9.340903,0.373636,0.040000
z_0075_437.000000.png,#1e90ff,1,54.970563,1.665775,0.066631,0.040000
z_0075_437.000000.png,#3cb44b,4,419.931024,12.725183,0.509007,0.040000
z_0075_437.000000.png,#40e0d0,4,158.024387,4.788618,0.191545,0.040000
z_0075_437.000000.png,#6a5acd,12,602.055916,18.244119,0.729765,0.040000
z_0075_437.000000.png,#8000ff,20,1310.253967,39.704666,1.588187,0.040000
z_0075_437.000000.png,#8080ff,4,125.639610,3.807261,0.152290,0.040000
z_0075_437.000000.png,#80ff80,5,262.350288,7.950009,0.318000,0.040000
z_0075_437.000000.png,#911eb4,4,262.693434,7.960407,0.318416,0.040000
z_0075_437.000000.png,#9acd32,4,598.256926,18.128998,0.725160,0.040000
z_0075_437.000000.png,#a52a2a,1,46.284271,1.402554,0.056102,0.040000
z_0075_437.000000.png,#b22222,3,249.722871,7.567360,0.302694,0.040000
z_0075_437.000000.png,#bcf60c,4,268.735065,8.143487,0.325739,0.040000
z_0075_437.000000.png,#dc143c,6,518.357431,15.707801,0.628312,0.040000
z_0075_437.000000.png,#e6194b,8,440.918831,13.361177,0.534447,0.040000
z_0075_437.000000.png,#ed4ea9,2,128.225397,3.885618,0.155425,0.040000
z_0075_437.000000.png,#f032e6,3,292.007143,8.848701,0.353948,0.040000
z_0075_437.000000.png,#fabebe,3,79.012193,2.394309,0.095772,0.040000
z_0075_437.000000.png,#ff0080,6,486.943218,14.755855,0.590234,0.040000
z_0075_437.000000.png,#ff69b4,1,2.828427,0.085710,0.003428,0.040000
z_0075_437.000000.png,#ff8080,8,494.173665,14.974960,0.598998,0.040000
z_0075_437.000000.png,#ffd700,6,252.208153,7.642671,0.305707,0.040000
z_0076_438.000000.png,#0000ff,2,74.426407,2.255346,0.090214,0.040000
z_0076_438.000000.png,#008080,16,1238.555483,37.531984,1.501279,0.040000
z_0076_438.000000.png,#0080ff,1,220.509668,6.682111,0.267284,0.040000
z_0076_438.000000.png,#0082c8,6,590.457936,17.892665,0.715707,0.040000
z_0076_438.000000.png,#00fa9a,5,340.149278,10.307554,0.412302,0.040000
z_0076_438.000000.png,#1e90ff,1,54.970563,1.665775,0.066631,0.040000
z_0076_438.000000.png,#3cb44b,4,416.617316,12.624767,0.504991,0.040000
z_0076_438.000000.png,#40e0d0,3,171.781746,5.205507,0.208220,0.040000
z_0076_438.000000.png,#6a5acd,11,524.457936,15.892665,0.635707,0.040000
z_0076_438.000000.png,#8000ff,19,1297.526045,39.318971,1.572759,0.040000
z_0076_438.000000.png,#8080ff,5,139.681241,4.232765,0.169311,0.040000
z_0076_438.000000.png,#80ff80,3,224.894444,6.814983,0.272599,0.040000
z_0076_438.000000.png,#911eb4,7,336.735065,10.204093,0.408164,0.040000
z_0076_438.000000.png,#9acd32,3,613.428499,18.588742,0.743550,0.040000
z_0076_438.000000.png,#a52a2a,1,46.870058,1.420305,0.056812,0.040000
z_0076_438.000000.png,#b22222,3,238.308658,7.221474,0.288859,0.040000
z_0076_438.000000.png,#bcf60c,4,264.592929,8.017968,0.320719,0.040000
z_0076_438.000000.png,#dc143c,6,509.286363,15.432920,0.617317,0.040000
z_0076_438.000000.png,#e6194b,8,453.889394,13.754224,0.550169,0.040000
z_0076_438.000000.png,#ed4ea9,3,209.580736,6.350931,0.254037,0.040000
z_0076_438.000000.png,#f032e6,3,303.220346,9.188495,0.367540,0.040000
z_0076_438.000000.png,#fabebe,3,65.112698,1.973112,0.078924,0.040000
z_0076_438.000000.png,#ff0080,5,455.144228,13.792249,0.551690,0.040000
z_0076_438.000000.png,#ff8080,8,595.913780,18.057993,0.722320,0.040000
z_0076_438.000000.png,#ffd700,6,255.279221,7.735734,0.309429,0.040000
z_0077_439.000000.png,#0000ff,2,77.840620,2.358807,0.094352,0.040000
z_0077_439.000000.png,#008080,15,1292.153462,39.156166,1.566247,0.040000
z_0077_439.000000.png,#0080ff,1,226.409163,6.860884,0.274435,0.040000
z_0077_439.000000.png,#0082c8,6,611.428499,18.528136,0.741125,0.040000
z_0077_439.000000.png,#00fa9a,5,342.149278,10.368160,0.414726,0.040000
z_0077_439.000000.png,#1e90ff,1,55.798990,1.690878,0.067635,0.040000
z_0077_439.000000.png,#3cb44b,4,408.374675,12.374990,0.495000,0.040000
z_0077_439.000000.png,#40e0d0,2,162.124892,4.912876,0.196515,0.040000
z_0077_439.000000.png,#6a5acd,12,465.788889,14.114815,0.564593,0.040000
z_0077_439.000000.png,#8000ff,20,1315.040764,39.849720,1.593989,0.040000
z_0077_439.000000.png,#8080ff,4,142.953319,4.331919,0.173277,0.040000
z_0077_439.000000.png,#80ff80,3,218.651804,6.625812,0.265032,0.040000
z_0077_439.000000.png,#911eb4,5,364.735065,11.052578,0.442103,0.040000
z_0077_439.000000.png,#9acd32,5,575.428499,17.437227,0.697489,0.040000
z_0077_439.000000.png,#a52a2a,1,45.213203,1.370097,0.054804,0.040000
z_0077_439.000000.png,#b22222,5,267.379726,8.102416,0.324097,0.040000
z_0077_439.000000.png,#bcf60c,4,263.764502,7.992864,0.319715,0.040000
z_0077_439.000000.png,#dc143c,8,500.073160,15.153732,0.606149,0.040000
z_0077_439.000000.png,#e6194b,9,517.629509,15.685743,0.627430,0.040000
z_0077_439.000000.png,#ed4ea9,3,182.953319,5.544040,0.221762,0.040000
z_0077_439.000000.png,#f032e6,3,321.663997,9.747394,0.389896,0.040000
z_0077_439.000000.png,#fabebe,2,53.455844,1.619874,0.064795,0.040000
z_0077_439.000000.png,#ff0080,6,469.002092,14.212185,0.568487,0.040000
z_0077_439.000000.png,#ff8080,7,556.114790,16.851963,0.674079,0.040000
z_0077_439.000000.png,#ffd700,7,700.783838,21.235874,0.849435,0.040000
z_0078_440.000000.png,#0000ff,3,95.982756,2.908568,0.116343,0.040000
z_0078_440.000000.png,#008080,12,1316.780879,39.902451,1.596098,0.040000
z_0078_440.000000.png,#0080ff,2,229.580736,6.956992,0.278280,0.040000
z_0078_440.000000.png,#0082c8,6,635.227489,19.249318,0.769973,0.040000
z_0078_440.000000.png,#00fa9a,5,342.735065,10.385911,0.415436,0.040000
z_0078_440.000000.png,#1e90ff,1,46.970563,1.423350,0.056934,0.040000
z_0078_440.000000.png,#3cb44b,4,403.161472,12.217014,0.488681,0.040000
z_0078_440.000000.png,#40e0d0,2,155.296465,4.705953,0.188238,0.040000
z_0078_440.000000.png,#6a5acd,11,429.404112,13.012246,0.520490,0.040000
z_0078_440.000000.png,#8000ff,18,1272.798123,38.569640,1.542786,0.040000
z_0078_440.000000.png,#8080ff,4,144.468037,4.377819,0.175113,0.040000
z_0078_440.000000.png,#80ff80,3,222.894444,6.754377,0.270175,0.040000
z_0078_440.000000.png,#911eb4,4,376.835570,11.419260,0.456770,0.040000
z_0078_440.000000.png,#9acd32,6,703.068109,21.305094,0.852204,0.040000
z_0078_440.000000.png,#a52a2a,1,44.384776,1.344993,0.053800,0.040000
z_0078_440.000000.png,#b22222,5,296.350288,8.980312,0.359212,0.040000
z_0078_440.000000.png,#bcf60c,4,248.308658,7.524505,0.300980,0.040000
z_0078_440.000000.png,#dc143c,9,526.357431,15.950225,0.638009,0.040000
z_0078_440.000000.png,#e6194b,8,496.901587,15.057624,0.602305,0.040000
z_0078_440.000000.png,#ed4ea9,3,170.610173,5.170005,0.206800,0.040000
z_0078_440.000000.png,#f032e6,2,334.391919,10.133088,0.405324,0.040000
z_0078_440.000000.png,#fabebe,2,55.112698,1.670082,0.066803,0.040000
z_0078_440.000000.png,#ff0080,6,467.244733,14.158931,0.566357,0.040000
z_0078_440.000000.png,#ff8080,7,460.031529,13.940349,0.557614,0.040000
z_0078_440.000000.png,#ffd700,9,715.269119,21.674822,0.866993,0.040000
z_0079_441.000000.png,#0000ff,3,110.325902,3.343209,0.133728,0.040000
z_0079_441.000000.png,#008080,13,1260.839754,38.207265,1.528291,0.040000
z_0079_441.000000.png,#0080ff,2,225.580736,6.835780,0.273431,0.040000
z_0079_441.000000.png,#0082c8,6,638.156421,19.338073,0.773523,0.040000
z_0079_441.000000.png,#00fa9a,6,367.705627,11.142595,0.445704,0.040000
z_0079_441.000000.png,#1e90ff,1,39.556349,1.198677,0.047947,0.040000
z_0079_441.000000.png,#3cb44b,4,404.960461,12.271529,0.490861,0.040000
z_0079_441.000000.png,#40e0d0,3,153.639610,4.655746,0.186230,0.040000
z_0079_441.000000.png,#6a5acd,10,425.989899,12.908785,0.516351,0.040000
z_0079_441.000000.png,#8000ff,22,1302.739249,39.476947,1.579078,0.040000
z_0079_441.000000.png,#8080ff,5,156.367532,4.738410,0.189536,0.040000
z_0079_441.000000.png,#80ff80,3,215.722871,6.537057,0.261482,0.040000
z_0079_441.000000.png,#911eb4,3,384.492424,11.651286,0.466051,0.040000
z_0079_441.000000.png,#9acd32,6,645.511760,19.560962,0.782438,0.040000
z_0079_441.000000.png,#a52a2a,1,42.041631,1.273989,0.050960,0.040000
z_0079_441.000000.png,#b22222,4,305.078210,9.244794,0.369792,0.040000
z_0079_441.000000.png,#bcf60c,4,244.350288,7.404554,0.296182,0.040000
z_0079_441.000000.png,#dc143c,10,569.227489,17.249318,0.689973,0.040000
z_0079_441.000000.png,#e6194b,9,469.002092,14.212185,0.568487,0.040000
z_0079_441.000000.png,#ed4ea9,3,155.882251,4.723705,0.188948,0.040000
z_0079_441.000000.png,#f032e6,2,329.906638,9.997171,0.399887,0.040000
z_0079_441.000000.png,#fabebe,2,56.870058,1.723335,0.068933,0.040000
z_0079_441.000000.png,#ff0080,6,455.445743,13.801386,0.552055,0.040000
z_0079_441.000000.png,#ff8080,6,465.203102,14.097064,0.563883,0.040000
z_0079_441.000000.png,#ffd700,8,676.298557,20.493896,0.819756,0.040000
z_0080_442.000000.png,#0000ff,2,115.740115,3.507276,0.140291,0.040000
z_0080_442.000000.png,#008080,12,1229.810317,37.266979,1.490679,0.040000
z_0080_442.000000.png,#0080ff,4,255.480231,7.741825,0.309673,0.040000
z_0080_442.000000.png,#0082c8,7,583.629509,17.685743,0.707430,0.040000
z_0080_442.000000.png,#00fa9a,5,368.776695,11.175051,0.447002,0.040000
z_0080_442.000000.png,#1e90ff,1,36.142136,1.095216,0.043809,0.040000
z_0080_442.000000.png,#3cb44b,4,390.960461,11.847287,0.473891,0.040000
z_0080_442.000000.png,#40e0d0,3,153.882251,4.663099,0.186524,0.040000
z_0080_442.000000.png,#6a5acd,11,375.948268,11.392372,0.455695,0.040000
z_0080_442.000000.png,#8000ff,19,1289.383910,39.072240,1.562890,0.040000
z_0080_442.000000.png,#8080ff,6,171.539105,5.198155,0.207926,0.040000
z_0080_442.000000.png,#80ff80,3,233.965512,7.089864,0.283595,0.040000
z_0080_442.000000.png,#911eb4,4,347.421356,10.527920,0.421117,0.040000
z_0080_442.000000.png,#9acd32,6,592.156421,17.944134,0.717765,0.040000
z_0080_442.000000.png,#a52a2a,1,41.213203,1.248885,0.049955,0.040000
z_0080_442.000000.png,#b22222,5,323.421356,9.800647,0.392026,0.040000
z_0080_442.000000.png,#bcf60c,4,241.279221,7.311492,0.292460,0.040000
z_0080_442.000000.png,#dc143c,9,584.641702,17.716415,0.708657,0.040000
z_0080_442.000000.png,#e6194b,7,472.617316,14.321737,0.572869,0.040000
z_0080_442.000000.png,#ed4ea9,3,152.225397,4.612891,0.184516,0.040000
z_0080_442.000000.png,#f032e6,2,329.563492,9.986772,0.399471,0.040000
z_0080_442.000000.png,#fabebe,2,58.627417,1.776588,0.071064,0.040000
z_0080_442.000000.png,#ff0080,6,446.859956,13.541211,0.541648,0.040000
z_0080_442.000000.png,#ff8080,6,474.416306,14.376252,0.575050,0.040000
z_0080_442.000000.png,#ffd700,9,660.742207,20.022491,0.800900,0.040000
z_0081_443.000000.png,#0000ff,3,127.740115,3.870913,0.154837,0.040000
z_0081_443.000000.png,#008080,10,1227.952452,37.210680,1.488427,0.040000
z_0081_443.000000.png,#0080ff,3,282.592929,8.563422,0.342537,0.040000
z_0081_443.000000.png,#0082c8,7,546.558441,16.562377,0.662495,0.040000
z_0081_443.000000.png,#00fa9a,5,370.291414,11.220952,0.448838,0.040000
z_0081_443.000000.png,#1e90ff,1,36.727922,1.112967,0.044519,0.040000
z_0081_443.000000.png,#3cb44b,4,377.646753,11.443841,0.457754,0.040000
z_0081_443.000000.png,#40e0d0,3,147.639610,4.473928,0.178957,0.040000
z_0081_443.000000.png,#6a5acd,10,352.149278,10.671190,0.426848,0.040000
z_0081_443.000000.png,#8000ff,18,1259.969696,38.180900,1.527236,0.040000
z_0081_443.000000.png,#8080ff,7,178.852814,5.419782,0.216791,0.040000
z_0081_443.000000.png,#80ff80,5,229.965512,6.968652,0.278746,0.040000
z_0081_443.000000.png,#911eb4,4,328.249783,9.946963,0.397879,0.040000
z_0081_443.000000.png,#9acd32,7,535.043723,16.213446,0.648538,0.040000
z_0081_443.000000.png,#a52a2a,1,40.970563,1.241532,0.049661,0.040000
z_0081_443.000000.png,#b22222,4,332.592929,10.078574,0.403143,0.040000
z_0081_443.000000.png,#bcf60c,4,242.693434,7.354346,0.294174,0.040000
z_0081_443.000000.png,#dc143c,8,565.085353,17.123799,0.684952,0.040000
z_0081_443.000000.png,#e6194b,8,492.031529,14.910046,0.596402,0.040000
z_0081_443.000000.png,#ed4ea9,3,145.154329,4.398616,0.175945,0.040000
z_0081_443.000000.png,#f032e6,3,333.806133,10.115337,0.404613,0.040000
z_0081_443.000000.png,#fabebe,2,65.698485,1.990863,0.079635,0.040000
z_0081_443.000000.png,#ff0080,6,435.345238,13.192280,0.527691,0.040000
z_0081_443.000000.png,#ff69b4,1,2.828427,0.085710,0.003428,0.040000
z_0081_443.000000.png,#ff8080,6,496.416306,15.042918,0.601717,0.040000
z_0081_443.000000.png,#ffd700,9,660.399062,20.012093,0.800484,0.040000
z_0082_444.000000.png,#0000ff,3,142.710678,4.324566,0.172983,0.040000
z_0082_444.000000.png,#008080,11,1268.153462,38.428893,1.537156,0.040000
z_0082_444.000000.png,#0080ff,4,286.249783,8.674236,0.346969,0.040000
z_0082_444.000000.png,#0082c8,7,533.487373,16.166284,0.646651,0.040000
z_0082_444.000000.png,#00fa9a,6,364.534055,11.046487,0.441859,0.040000
z_0082_444.000000.png,#1e90ff,2,75.355339,2.283495,0.091340,0.040000
z_0082_444.000000.png,#3cb44b,4,363.747258,11.022644,0.440906,0.040000
z_0082_444.000000.png,#40e0d0,2,108.811183,3.297309,0.131892,0.040000
z_0082_444.000000.png,#6a5acd,10,366.534055,11.107093,0.444284,0.040000
z_0082_444.000000.png,#8000ff,19,1246.454978,37.771363,1.510855,0.040000
z_0082_444.000000.png,#8080ff,8,179.580736,5.441840,0.217674,0.040000
z_0082_444.000000.png,#80ff80,5,207.923882,6.300724,0.252029,0.040000
z_0082_444.000000.png,#911eb4,4,312.592929,9.472513,0.378901,0.040000
z_0082_444.000000.png,#9acd32,6,466.274170,14.129520,0.565181,0.040000
z_0082_444.000000.png,#a52a2a,1,43.455844,1.316844,0.052674,0.040000
z_0082_444.000000.png,#b22222,4,344.249783,10.431812,0.417272,0.040000
z_0082_444.000000.png,#bcf60c,4,245.521861,7.440056,0.297602,0.040000
z_0082_444.000000.png,#dc143c,8,542.499567,16.439381,0.657575,0.040000
z_0082_444.000000.png,#e6194b,7,475.931024,14.422152,0.576886,0.040000
z_0082_444.000000.png,#ed4ea9,2,137.639610,4.170897,0.166836,0.040000
z_0082_444.000000.png,#f032e6,3,315.563492,9.562530,0.382501,0.040000
z_0082_444.000000.png,#fabebe,2,67.941125,2.058822,0.082353,0.040000
z_0082_444.000000.png,#ff0080,6,428.374675,12.981051,0.519242,0.040000
z_0082_444.000000.png,#ff8080,7,509.830519,15.449410,0.617976,0.040000
z_0082_444.000000.png,#ffd700,8,664.440692,20.134566,0.805383,0.040000
z_0083_445.000000.png,#0000ff,3,141.296465,4.281711,0.171268,0.040000
z_0083_445.000000.png,#008080,11,1273.325035,38.585607,1.543424,0.040000
z_0083_445.000000.png,#0080ff,4,283.421356,8.588526,0.343541,0.040000
z_0083_445.000000.png,#0082c8,7,529.587878,16.048118,0.641925,0.040000
z_0083_445.000000.png,#00fa9a,6,364.190909,11.036088,0.441444,0.040000
z_0083_445.000000.png,#1e90ff,2,76.769553,2.326350,0.093054,0.040000
z_0083_445.000000.png,#3cb44b,4,364.575685,11.047748,0.441910,0.040000
z_0083_445.000000.png,#40e0d0,2,107.982756,3.272205,0.130888,0.040000
z_0083_445.000000.png,#6a5acd,10,369.948268,11.210554,0.448422,0.040000
z_0083_445.000000.png,#8000ff,19,1244.798123,37.721155,1.508846,0.040000
z_0083_445.000000.png,#8080ff,7,179.095454,5.427135,0.217085,0.040000
z_0083_445.000000.png,#80ff80,5,207.923882,6.300724,0.252029,0.040000
z_0083_445.000000.png,#911eb4,4,311.178716,9.429658,0.377186,0.040000
z_0083_445.000000.png,#9acd32,6,469.345238,14.222583,0.568903,0.040000
z_0083_445.000000.png,#a52a2a,1,43.455844,1.316844,0.052674,0.040000
z_0083_445.000000.png,#b22222,4,342.835570,10.388957,0.415558,0.040000
z_0083_445.000000.png,#bcf60c,4,244.350288,7.404554,0.296182,0.040000
z_0083_445.000000.png,#dc143c,8,548.156421,16.610801,0.664432,0.040000
z_0083_445.000000.png,#e6194b,7,479.587878,14.532966,0.581319,0.040000
z_0083_445.000000.png,#ed4ea9,2,138.225397,4.188648,0.167546,0.040000
z_0083_445.000000.png,#f032e6,3,316.977705,9.605385,0.384215,0.040000
z_0083_445.000000.png,#fabebe,2,68.526912,2.076573,0.083063,0.040000
z_0083_445.000000.png,#ff0080,6,428.374675,12.981051,0.519242,0.040000
z_0083_445.000000.png,#ff8080,7,513.830519,15.570622,0.622825,0.040000
z_0083_445.000000.png,#ffd700,8,662.198052,20.066608,0.802664,0.040000
z_0084_446.000000.png,#0000ff,3,161.539105,4.895124,0.195805,0.040000
z_0084_446.000000.png,#008080,14,1352.337229,40.979916,1.639197,0.040000
z_0084_446.000000.png,#0080ff,1,110.811183,3.357915,0.134317,0.040000
z_0084_446.000000.png,#0082c8,10,561.203102,17.006155,0.680246,0.040000
z_0084_446.000000.png,#00fa9a,6,340.149278,10.307554,0.412302,0.040000
z_0084_446.000000.png,#1e90ff,3,121.982756,3.696447,0.147858,0.040000
z_0084_446.000000.png,#3cb44b,4,347.019336,10.515737,0.420629,0.040000
z_0084_446.000000.png,#40e0d0,2,125.882251,3.814614,0.152585,0.040000
z_0084_446.000000.png,#6a5acd,8,341.119841,10.336965,0.413479,0.040000
z_0084_446.000000.png,#8000ff,26,1288.496608,39.045352,1.561814,0.040000
z_0084_446.000000.png,#8080ff,6,192.166522,5.823228,0.232929,0.040000
z_0084_446.000000.png,#80ff80,3,164.710678,4.991233,0.199649,0.040000
z_0084_446.000000.png,#911eb4,4,273.764502,8.295894,0.331836,0.040000
z_0084_446.000000.png,#9acd32,5,423.546248,12.834735,0.513389,0.040000
z_0084_446.000000.png,#a52a2a,1,40.627417,1.231134,0.049245,0.040000
z_0084_446.000000.png,#b22222,3,348.977705,10.575082,0.423003,0.040000
z_0084_446.000000.png,#bcf60c,5,272.350288,8.253039,0.330122,0.040000
z_0084_446.000000.png,#dc143c,10,489.487373,14.832951,0.593318,0.040000
z_0084_446.000000.png,#e6194b,7,453.546248,13.743826,0.549753,0.040000
z_0084_446.000000.png,#ed4ea9,2,144.811183,4.388218,0.175529,0.040000
z_0084_446.000000.png,#f032e6,3,274.835570,8.328351,0.333134,0.040000
z_0084_446.000000.png,#fabebe,2,71.698485,2.172681,0.086907,0.040000
z_0084_446.000000.png,#ff0080,6,402.132034,12.185819,0.487433,0.040000
z_0084_446.000000.png,#ff69b4,1,8.828427,0.267528,0.010701,0.040000
z_0084_446.000000.png,#ff8080,8,455.587878,13.805693,0.552228,0.040000
z_0084_446.000000.png,#ffd700,10,694.381818,21.041873,0.841675,0.040000
z_0085_447.000000.png,#0000ff,3,161.195959,4.884726,0.195389,0.040000
z_0085_447.000000.png,#008080,15,1418.337229,42.979916,1.719197,0.040000
z_0085_447.000000.png,#0080ff,1,103.396970,3.133242,0.125330,0.040000
z_0085_447.000000.png,#0082c8,11,642.943218,19.483128,0.779325,0.040000
z_0085_447.000000.png,#00fa9a,6,336.149278,10.186342,0.407454,0.040000
z_0085_447.000000.png,#1e90ff,3,135.053824,4.092540,0.163702,0.040000
z_0085_447.000000.png,#3cb44b,4,328.877200,9.965976,0.398639,0.040000
z_0085_447.000000.png,#40e0d0,2,131.639610,3.989079,0.159563,0.040000
z_0085_447.000000.png,#6a5acd,8,349.747258,10.598402,0.423936,0.040000
z_0085_447.000000.png,#8000ff,24,1206.312842,36.554935,1.462197,0.040000
z_0085_447.000000.png,#8080ff,6,183.338095,5.555700,0.222228,0.040000
z_0085_447.000000.png,#80ff80,3,163.296465,4.948378,0.197935,0.040000
z_0085_447.000000.png,#911eb4,4,257.764502,7.811046,0.312442,0.040000
z_0085_447.000000.png,#9acd32,5,411.847763,12.480235,0.499209,0.040000
z_0085_447.000000.png,#a52a2a,1,40.627417,1.231134,0.049245,0.040000
z_0085_447.000000.png,#b22222,3,347.663997,10.535273,0.421411,0.040000
z_0085_447.000000.png,#bcf60c,5,288.592929,8.745240,0.349810,0.040000
z_0085_447.000000.png,#dc143c,11,504.215295,15.279251,0.611170,0.040000
z_0085_447.000000.png,#e6194b,6,394.433550,11.952532,0.478101,0.040000
z_0085_447.000000.png,#ed4ea9,2,149.154329,4.519828,0.180793,0.040000
z_0085_447.000000.png,#f032e6,3,256.107648,7.760838,0.310434,0.040000
z_0085_447.000000.png,#fabebe,2,63.698485,1.930257,0.077210,0.040000
z_0085_447.000000.png,#ff0080,6,396.374675,12.011354,0.480454,0.040000
z_0085_447.000000.png,#ff8080,8,493.730014,14.961516,0.598461,0.040000
z_0085_447.000000.png,#ffd700,9,692.180808,20.975176,0.839007,0.040000
z_0086_448.000000.png,#0000ff,3,182.024387,5.515891,0.220636,0.040000
z_0086_448.000000.png,#008080,12,1211.768686,36.720263,1.468811,0.040000
z_0086_448.000000.png,#0080ff,1,104.468037,3.165698,0.126628,0.040000
z_0086_448.000000.png,#0082c8,11,677.369624,20.526352,0.821054,0.040000
z_0086_448.000000.png,#00fa9a,7,462.960461,14.029105,0.561164,0.040000
z_0086_448.000000.png,#1e90ff,3,155.053824,4.698601,0.187944,0.040000
z_0086_448.000000.png,#3cb44b,4,299.178716,9.066022,0.362641,0.040000
z_0086_448.000000.png,#40e0d0,2,120.568542,3.653592,0.146144,0.040000
z_0086_448.000000.png,#4169e1,1,38.142136,1.155822,0.046233,0.040000
z_0086_448.000000.png,#6a5acd,8,343.019336,10.394525,0.415781,0.040000
z_0086_448.000000.png,#8000ff,25,1143.685425,34.657134,1.386285,0.040000
z_0086_448.000000.png,#8080ff,7,190.409163,5.769975,0.230799,0.040000
z_0086_448.000000.png,#80ff80,4,142.710678,4.324566,0.172983,0.040000
z_0086_448.000000.png,#911eb4,4,254.936075,7.725336,0.309013,0.040000
z_0086_448.000000.png,#9acd32,6,432.090404,13.093649,0.523746,0.040000
z_0086_448.000000.png,#a52a2a,1,43.455844,1.316844,0.052674,0.040000
z_0086_448.000000.png,#b22222,3,353.078210,10.699340,0.427974,0.040000
z_0086_448.000000.png,#bcf60c,5,316.007143,9.575974,0.383039,0.040000
z_0086_448.000000.png,#dc143c,11,528.256926,16.007786,0.640311,0.040000
z_0086_448.000000.png,#e6194b,8,480.960461,14.574559,0.582982,0.040000
z_0086_448.000000.png,#ed4ea9,2,147.396970,4.466575,0.178663,0.040000
z_0086_448.000000.png,#f032e6,4,188.994949,5.727120,0.229085,0.040000
z_0086_448.000000.png,#fabebe,2,77.597980,2.351454,0.094058,0.040000
z_0086_448.000000.png,#ff0080,6,378.918831,11.482389,0.459296,0.040000
z_0086_448.000000.png,#ff69b4,1,2.828427,0.085710,0.003428,0.040000
z_0086_448.000000.png,#ff8080,8,493.629509,14.958470,0.598339,0.040000
z_0086_448.000000.png,#ffd700,11,732.607214,22.200219,0.888009,0.040000
z_0087_449.000000.png,#0000ff,3,180.610173,5.473036,0.218921,0.040000
z_0087_449.000000.png,#008080,12,1212.253967,36.734969,1.469399,0.040000
z_0087_449.000000.png,#0080ff,1,105.296465,3.190802,0.127632,0.040000
z_0087_449.000000.png,#0082c8,11,690.198052,20.915092,0.836604,0.040000
z_0087_449.000000.png,#00fa9a,7,461.303607,13.978897,0.559156,0.040000
z_0087_449.000000.png,#1e90ff,3,153.639610,4.655746,0.186230,0.040000
z_0087_449.000000.png,#3cb44b,4,300.592929,9.108877,0.364355,0.040000
z_0087_449.000000.png,#40e0d0,2,119.982756,3.635841,0.145434,0.040000
z_0087_449.000000.png,#4169e1,1,38.142136,1.155822,0.046233,0.040000
z_0087_449.000000.png,#6a5acd,8,343.362482,10.404924,0.416197,0.040000
z_0087_449.000000.png,#8000ff,25,1147.342279,34.767948,1.390718,0.040000
z_0087_449.000000.png,#8080ff,7,190.409163,5.769975,0.230799,0.040000
z_0087_449.000000.png,#80ff80,4,143.296465,4.342317,0.173693,0.040000
z_0087_449.000000.png,#911eb4,4,254.350288,7.707584,0.308303,0.040000
z_0087_449.000000.png,#9acd32,6,429.261977,13.007939,0.520318,0.040000
z_0087_449.000000.png,#a52a2a,1,44.284271,1.341948,0.053678,0.040000
z_0087_449.000000.png,#b22222,3,354.492424,10.742195,0.429688,0.040000
z_0087_449.000000.png,#bcf60c,5,322.249783,9.765145,0.390606,0.040000
z_0087_449.000000.png,#dc143c,11,527.913780,15.997387,0.639895,0.040000
z_0087_449.000000.png,#e6194b,8,485.788889,14.720875,0.588835,0.040000
z_0087_449.000000.png,#ed4ea9,2,145.740115,4.416367,0.176655,0.040000
z_0087_449.000000.png,#f032e6,4,190.994949,5.787726,0.231509,0.040000
z_0087_449.000000.png,#fabebe,2,76.183766,2.308599,0.092344,0.040000
z_0087_449.000000.png,#ff0080,6,377.504617,11.439534,0.457581,0.040000
z_0087_449.000000.png,#ff8080,8,496.215295,15.036827,0.601473,0.040000
z_0087_449.000000.png,#ffd700,11,746.607214,22.624461,0.904978,0.040000
z_0088_450.000000.png,#0000ff,3,187.681241,5.687310,0.227492,0.040000
z_0088_450.000000.png,#008080,13,1208.839754,36.631508,1.465260,0.040000
z_0088_450.000000.png,#0080ff,1,102.225397,3.097739,0.123910,0.040000
z_0088_450.000000.png,#0082c8,9,700.783838,21.235874,0.849435,0.040000
z_0088_450.000000.png,#00fa9a,7,480.960461,14.574559,0.582982,0.040000
z_0088_450.000000.png,#1e90ff,3,166.124892,5.034088,0.201364,0.040000
z_0088_450.000000.png,#3cb44b,4,293.521861,8.894602,0.355784,0.040000
z_0088_450.000000.png,#40e0d0,2,128.225397,3.885618,0.155425,0.040000
z_0088_450.000000.png,#4169e1,1,67.455844,2.044116,0.081765,0.040000
z_0088_450.000000.png,#6a5acd,8,335.847763,10.177205,0.407088,0.040000
z_0088_450.000000.png,#8000ff,22,1108.229581,33.582715,1.343309,0.040000
z_0088_450.000000.png,#8080ff,3,181.237590,5.492048,0.219682,0.040000
z_0088_450.000000.png,#80ff80,5,160.124892,4.852269,0.194091,0.040000
z_0088_450.000000.png,#911eb4,4,248.107648,7.518414,0.300737,0.040000
z_0088_450.000000.png,#9acd32,6,443.747258,13.446887,0.537875,0.040000
z_0088_450.000000.png,#a52a2a,1,45.455844,1.377450,0.055098,0.040000
z_0088_450.000000.png,#b22222,4,357.320851,10.827905,0.433116,0.040000
z_0088_450.000000.png,#bcf60c,3,343.421356,10.406708,0.416268,0.040000
z_0088_450.000000.png,#dc143c,10,517.671140,15.687004,0.627480,0.040000
z_0088_450.000000.png,#e6194b,9,528.759451,16.023014,0.640921,0.040000
z_0088_450.000000.png,#ed4ea9,2,151.982756,4.605538,0.184222,0.040000
z_0088_450.000000.png,#f032e6,3,178.267027,5.402031,0.216081,0.040000
z_0088_450.000000.png,#fabebe,2,73.941125,2.240640,0.089626,0.040000
z_0088_450.000000.png,#ff0080,7,407.161472,12.338226,0.493529,0.040000
z_0088_450.000000.png,#ff8080,8,484.801082,14.690942,0.587638,0.040000
z_0088_450.000000.png,#ffd700,10,744.080303,22.547888,0.901916,0.040000
z_0089_451.000000.png,#0000ff,3,189.539105,5.743609,0.229744,0.040000
z_0089_451.000000.png,#008080,13,1212.739249,36.749674,1.469987,0.040000
z_0089_451.000000.png,#0080ff,1,104.225397,3.158345,0.126334,0.040000
z_0089_451.000000.png,#0082c8,9,692.440692,20.983051,0.839322,0.040000
z_0089_451.000000.png,#00fa9a,6,505.688384,15.323890,0.612956,0.040000
z_0089_451.000000.png,#1e90ff,4,199.923882,6.058299,0.242332,0.040000
z_0089_451.000000.png,#3cb44b,4,284.450793,8.619721,0.344789,0.040000
z_0089_451.000000.png,#40e0d0,2,127.982756,3.878265,0.155131,0.040000
z_0089_451.000000.png,#4169e1,1,79.112698,2.397354,0.095894,0.040000
z_0089_451.000000.png,#6a5acd,8,333.948268,10.119644,0.404786,0.040000
z_0089_451.000000.png,#8000ff,22,1061.744299,32.174070,1.286963,0.040000
z_0089_451.000000.png,#8080ff,7,212.308658,6.433596,0.257344,0.040000
z_0089_451.000000.png,#80ff80,5,181.681241,5.505492,0.220220,0.040000
z_0089_451.000000.png,#911eb4,3,241.279221,7.311492,0.292460,0.040000
z_0089_451.000000.png,#9acd32,6,488.960461,14.816984,0.592679,0.040000
z_0089_451.000000.png,#a52a2a,1,45.213203,1.370097,0.054804,0.040000
z_0089_451.000000.png,#b22222,4,334.936075,10.149578,0.405983,0.040000
z_0089_451.000000.png,#bcf60c,3,333.764502,10.114076,0.404563,0.040000
z_0089_451.000000.png,#dc143c,10,516.801082,15.660639,0.626426,0.040000
z_0089_451.000000.png,#e6194b,8,541.830519,16.419107,0.656764,0.040000
z_0089_451.000000.png,#ed4ea9,2,149.740115,4.537579,0.181503,0.040000
z_0089_451.000000.png,#f032e6,2,215.237590,6.522351,0.260894,0.040000
z_0089_451.000000.png,#fabebe,2,70.769553,2.144532,0.085781,0.040000
z_0089_451.000000.png,#ff0080,7,424.475180,12.862884,0.514515,0.040000
z_0089_451.000000.png,#ff8080,7,477.386868,14.466269,0.578651,0.040000
z_0089_451.000000.png,#ffd700,10,761.494516,23.075591,0.923024,0.040000
z_0090_452.000000.png,#0000ff,3,201.095454,6.093802,0.243752,0.040000
z_0090_452.000000.png,#008080,12,1167.928066,35.391760,1.415670,0.040000
z_0090_452.000000.png,#0080ff,1,101.497475,3.075681,0.123027,0.040000
z_0090_452.000000.png,#0082c8,9,620.014285,18.788312,0.751532,0.040000
z_0090_452.000000.png,#00fa9a,8,514.416306,15.588373,0.623535,0.040000
z_0090_452.000000.png,#1e90ff,4,277.379726,8.405446,0.336218,0.040000
z_0090_452.000000.png,#3cb44b,4,286.249783,8.674236,0.346969,0.040000
z_0090_452.000000.png,#40e0d0,2,122.911688,3.724597,0.148984,0.040000
z_0090_452.000000.png,#4169e1,1,90.769553,2.750593,0.110024,0.040000
z_0090_452.000000.png,#6a5acd,8,329.220346,9.976374,0.399055,0.040000
z_0090_452.000000.png,#8000ff,20,1013.016377,30.697466,1.227899,0.040000
z_0090_452.000000.png,#8080ff,9,221.379726,6.708477,0.268339,0.040000
z_0090_452.000000.png,#80ff80,4,233.965512,7.089864,0.283595,0.040000
z_0090_452.000000.png,#911eb4,2,200.894444,6.087710,0.243508,0.040000
z_0090_452.000000.png,#9acd32,6,497.989899,15.090603,0.603624,0.040000
z_0090_452.000000.png,#a52a2a,1,46.384776,1.405599,0.056224,0.040000
z_0090_452.000000.png,#b22222,4,318.936075,9.664730,0.386589,0.040000
z_0090_452.000000.png,#bcf60c,4,308.107648,9.336595,0.373464,0.040000
z_0090_452.000000.png,#dc143c,9,470.859956,14.268484,0.570739,0.040000
z_0090_452.000000.png,#e6194b,7,571.487373,17.317799,0.692712,0.040000
z_0090_452.000000.png,#ed4ea9,3,212.267027,6.432334,0.257293,0.040000
z_0090_452.000000.png,#f032e6,2,233.965512,7.089864,0.283595,0.040000
z_0090_452.000000.png,#fabebe,2,71.698485,2.172681,0.086907,0.040000
z_0090_452.000000.png,#ff0080,7,419.889394,12.723921,0.508957,0.040000
z_0090_452.000000.png,#ff8080,7,474.901587,14.390957,0.575638,0.040000
z_0090_452.000000.png,#ffd700,9,717.494516,21.742258,0.869690,0.040000
z_0091_453.000000.png,#0000ff,3,211.722871,6.415845,0.256634,0.040000
z_0091_453.000000.png,#008080,11,1125.886435,34.117771,1.364711,0.040000
z_0091_453.000000.png,#0080ff,1,99.840620,3.025473,0.121019,0.040000
z_0091_453.000000.png,#0082c8,10,790.523953,23.955271,0.958211,0.040000
z_0091_453.000000.png,#00fa9a,7,533.144228,16.155886,0.646235,0.040000
z_0091_453.000000.png,#1e90ff,5,381.806133,11.569883,0.462795,0.040000
z_0091_453.000000.png,#3cb44b,4,284.149278,8.610584,0.344423,0.040000
z_0091_453.000000.png,#40e0d0,2,130.811183,3.963975,0.158559,0.040000
z_0091_453.000000.png,#4169e1,1,110.325902,3.343209,0.133728,0.040000
z_0091_453.000000.png,#6a5acd,8,346.190909,10.490634,0.419625,0.040000
z_0091_453.000000.png,#8000ff,19,1027.702669,31.142505,1.245700,0.040000
z_0091_453.000000.png,#8080ff,9,195.137085,5.913245,0.236530,0.040000
z_0091_453.000000.png,#80ff80,5,264.735065,8.022275,0.320891,0.040000
z_0091_453.000000.png,#911eb4,2,181.580736,5.502447,0.220098,0.040000
z_0091_453.000000.png,#9acd32,6,489.060967,14.820029,0.592801,0.040000
z_0091_453.000000.png,#a52a2a,1,46.627417,1.412952,0.056518,0.040000
z_0091_453.000000.png,#b22222,4,310.007143,9.394156,0.375766,0.040000
z_0091_453.000000.png,#bcf60c,4,245.338095,7.434488,0.297380,0.040000
z_0091_453.000000.png,#dc143c,9,464.859956,14.086665,0.563467,0.040000
z_0091_453.000000.png,#e6194b,9,585.286363,17.735950,0.709438,0.040000
z_0091_453.000000.png,#ed4ea9,3,235.237590,7.128412,0.285136,0.040000
z_0091_453.000000.png,#f032e6,3,240.450793,7.286388,0.291456,0.040000
z_0091_453.000000.png,#fabebe,1,71.112698,2.154930,0.086197,0.040000
z_0091_453.000000.png,#ff0080,7,453.931024,13.755486,0.550219,0.040000
z_0091_453.000000.png,#ff69b4,2,5.656854,0.171420,0.006857,0.040000
z_0091_453.000000.png,#ff8080,7,481.730014,14.597879,0.583915,0.040000
z_0091_453.000000.png,#ffd700,13,782.908730,23.724507,0.948980,0.040000
z_0092_454.000000.png,#0000ff,4,211.823376,6.418890,0.256756,0.040000
z_0092_454.000000.png,#008080,10,1100.915872,33.361087,1.334443,0.040000
z_0092_454.000000.png,#0080ff,1,86.769553,2.629380,0.105175,0.040000
z_0092_454.000000.png,#0082c8,7,758.038672,22.970869,0.918835,0.040000
z_0092_454.000000.png,#00fa9a,7,567.286363,17.190496,0.687620,0.040000
z_0092_454.000000.png,#1e90ff,4,445.847763,13.510538,0.540422,0.040000
z_0092_454.000000.png,#3cb44b,4,273.521861,8.288541,0.331542,0.040000
z_0092_454.000000.png,#40e0d0,2,125.053824,3.789510,0.151580,0.040000
z_0092_454.000000.png,#4169e1,2,203.622366,6.170375,0.246815,0.040000
z_0092_454.000000.png,#6a5acd,8,353.362482,10.707954,0.428318,0.040000
z_0092_454.000000.png,#8000ff,18,966.548340,29.289344,1.171574,0.040000
z_0092_454.000000.png,#8080ff,7,181.137085,5.489003,0.219560,0.040000
z_0092_454.000000.png,#80ff80,5,280.592929,8.502816,0.340113,0.040000
z_0092_454.000000.png,#911eb4,3,168.267027,5.099001,0.203960,0.040000
z_0092_454.000000.png,#9acd32,6,465.261977,14.098848,0.563954,0.040000
z_0092_454.000000.png,#a52a2a,1,46.041631,1.395201,0.055808,0.040000
z_0092_454.000000.png,#b22222,5,331.078210,10.032673,0.401307,0.040000
z_0092_454.000000.png,#bcf60c,4,183.539105,5.561791,0.222472,0.040000
z_0092_454.000000.png,#dc143c,9,449.303607,13.615261,0.544610,0.040000
z_0092_454.000000.png,#e6194b,8,604.499567,18.318169,0.732727,0.040000
z_0092_454.000000.png,#ed4ea9,3,231.480231,7.014552,0.280582,0.040000
z_0092_454.000000.png,#f032e6,3,229.480231,6.953946,0.278158,0.040000
z_0092_454.000000.png,#fabebe,1,62.870058,1.905153,0.076206,0.040000
z_0092_454.000000.png,#ff0080,6,462.416306,14.012615,0.560505,0.040000
z_0092_454.000000.png,#ff8080,7,485.972655,14.726444,0.589058,0.040000
z_0092_454.000000.png,#ffd700,14,783.151370,23.731860,0.949274,0.040000
z_0093_455.000000.png,#0000ff,4,208.066017,6.305031,0.252201,0.040000
z_0093_455.000000.png,#008080,10,1070.146320,32.428676,1.297147,0.040000
z_0093_455.000000.png,#0080ff,1,79.355339,2.404707,0.096188,0.040000
z_0093_455.000000.png,#0082c8,9,804.565584,24.380775,0.975231,0.040000
z_0093_455.000000.png,#00fa9a,6,630.399062,19.103002,0.764120,0.040000
z_0093_455.000000.png,#1e90ff,5,533.587878,16.169330,0.646773,0.040000
z_0093_455.000000.png,#3cb44b,4,259.764502,7.871652,0.314866,0.040000
z_0093_455.000000.png,#40e0d0,2,113.982756,3.454023,0.138161,0.040000
z_0093_455.000000.png,#4169e1,3,250.735065,7.598032,0.303921,0.040000
z_0093_455.000000.png,#6a5acd,8,416.475180,12.620460,0.504818,0.040000
z_0093_455.000000.png,#8000ff,20,997.862048,30.238244,1.209530,0.040000
z_0093_455.000000.png,#8080ff,11,160.651804,4.868236,0.194729,0.040000
z_0093_455.000000.png,#80ff80,5,309.462987,9.377666,0.375107,0.040000
z_0093_455.000000.png,#911eb4,3,157.781746,4.781265,0.191251,0.040000
z_0093_455.000000.png,#9acd32,6,459.261977,13.917030,0.556681,0.040000
z_0093_455.000000.png,#a52a2a,1,42.970563,1.302138,0.052086,0.040000
z_0093_455.000000.png,#b22222,5,338.492424,10.257346,0.410294,0.040000
z_0093_455.000000.png,#bcf60c,3,139.740115,4.234549,0.169382,0.040000
z_0093_455.000000.png,#dc143c,10,465.345238,14.101371,0.564055,0.040000
z_0093_455.000000.png,#e6194b,7,395.261977,11.977636,0.479105,0.040000
z_0093_455.000000.png,#ed4ea9,3,234.409163,7.103308,0.284132,0.040000
z_0093_455.000000.png,#f032e6,2,219.137085,6.640518,0.265621,0.040000
z_0093_455.000000.png,#fabebe,1,55.798990,1.690878,0.067635,0.040000
z_0093_455.000000.png,#ff0080,6,460.759451,13.962408,0.558496,0.040000
z_0093_455.000000.png,#ff69b4,3,8.485281,0.257130,0.010285,0.040000
z_0093_455.000000.png,#ff8080,8,481.043723,14.577083,0.583083,0.040000
z_0093_455.000000.png,#ffd700,13,830.849855,25.177268,1.007091,0.040000
z_0094_456.000000.png,#0000ff,4,204.409163,6.194217,0.247769,0.040000
z_0094_456.000000.png,#008080,9,1076.288455,32.614802,1.304592,0.040000
z_0094_456.000000.png,#0080ff,1,63.455844,1.922904,0.076916,0.040000
z_0094_456.000000.png,#0082c8,8,830.565584,25.168654,1.006746,0.040000
z_0094_456.000000.png,#00fa9a,5,601.913780,18.239812,0.729592,0.040000
z_0094_456.000000.png,#1e90ff,4,543.931024,16.482758,0.659310,0.040000
z_0094_456.000000.png,#3cb44b,3,245.036580,7.425351,0.297014,0.040000
z_0094_456.000000.png,#40e0d0,1,90.669048,2.747547,0.109902,0.040000
z_0094_456.000000.png,#4169e1,3,267.320851,8.100632,0.324025,0.040000
z_0094_456.000000.png,#6a5acd,8,436.274170,13.220429,0.528817,0.040000
z_0094_456.000000.png,#8000ff,21,960.305699,29.100173,1.164007,0.040000
z_0094_456.000000.png,#8080ff,8,140.610173,4.260914,0.170437,0.040000
z_0094_456.000000.png,#80ff80,5,312.492424,9.469467,0.378779,0.040000
z_0094_456.000000.png,#911eb4,3,154.024387,4.667406,0.186696,0.040000
z_0094_456.000000.png,#9acd32,6,453.019336,13.727859,0.549114,0.040000
z_0094_456.000000.png,#a52a2a,1,40.970563,1.241532,0.049661,0.040000
z_0094_456.000000.png,#b22222,5,350.634560,10.625290,0.425012,0.040000
z_0094_456.000000.png,#bcf60c,2,119.154329,3.610737,0.144429,0.040000
z_0094_456.000000.png,#dc143c,11,493.830519,14.964561,0.598582,0.040000
z_0094_456.000000.png,#e6194b,9,497.244733,15.068022,0.602721,0.040000
z_0094_456.000000.png,#ed4ea9,3,240.551299,7.289433,0.291577,0.040000
z_0094_456.000000.png,#f032e6,2,224.166522,6.792925,0.271717,0.040000
z_0094_456.000000.png,#fabebe,1,51.455844,1.559268,0.062371,0.040000
z_0094_456.000000.png,#ff0080,7,458.315801,13.888358,0.555534,0.040000
z_0094_456.000000.png,#ff69b4,1,2.828427,0.085710,0.003428,0.040000
z_0094_456.000000.png,#ff8080,8,456.759451,13.841195,0.553648,0.040000
z_0094_456.000000.png,#ffd700,12,834.506709,25.288082,1.011523,0.040000
z_0095_457.000000.png,#0000ff,4,204.409163,6.194217,0.247769,0.040000
z_0095_457.000000.png,#008080,9,1080.531096,32.743367,1.309735,0.040000
z_0095_457.000000.png,#0080ff,1,63.455844,1.922904,0.076916,0.040000
z_0095_457.000000.png,#0082c8,8,828.080303,25.093343,1.003734,0.040000
z_0095_457.000000.png,#00fa9a,5,601.913780,18.239812,0.729592,0.040000
z_0095_457.000000.png,#1e90ff,4,542.416306,16.436858,0.657474,0.040000
z_0095_457.000000.png,#3cb44b,3,246.107648,7.457808,0.298312,0.040000
z_0095_457.000000.png,#40e0d0,1,90.669048,2.747547,0.109902,0.040000
z_0095_457.000000.png,#4169e1,3,264.492424,8.014922,0.320597,0.040000
z_0095_457.000000.png,#6a5acd,8,435.931024,13.210031,0.528401,0.040000
z_0095_457.000000.png,#8000ff,20,957.234631,29.007110,1.160284,0.040000
z_0095_457.000000.png,#8080ff,8,141.438600,4.286018,0.171441,0.040000
z_0095_457.000000.png,#80ff80,5,313.563492,9.501924,0.380077,0.040000
z_0095_457.000000.png,#911eb4,3,152.610173,4.624551,0.184982,0.040000
z_0095_457.000000.png,#9acd32,6,453.261977,13.735211,0.549408,0.040000
z_0095_457.000000.png,#a52a2a,1,40.384776,1.223781,0.048951,0.040000
z_0095_457.000000.png,#b22222,5,351.462987,10.650394,0.426016,0.040000
z_0095_457.000000.png,#bcf60c,2,119.154329,3.610737,0.144429,0.040000
z_0095_457.000000.png,#dc143c,11,492.759451,14.932105,0.597284,0.040000
z_0095_457.000000.png,#e6194b,8,476.173665,14.429505,0.577180,0.040000
z_0095_457.000000.png,#ed4ea9,3,237.965512,7.211076,0.288443,0.040000
z_0095_457.000000.png,#f032e6,2,227.580736,6.896386,0.275855,0.040000
z_0095_457.000000.png,#fabebe,1,51.455844,1.559268,0.062371,0.040000
z_0095_457.000000.png,#ff0080,7,456.901587,13.845503,0.553820,0.040000
z_0095_457.000000.png,#ff69b4,1,2.828427,0.085710,0.003428,0.040000
z_0095_457.000000.png,#ff8080,8,457.587878,13.866299,0.554652,0.040000
z_0095_457.000000.png,#ffd700,12,832.849855,25.237874,1.009515,0.040000
z_0096_458.000000.png,#0000ff,4,184.267027,5.583849,0.223354,0.040000
z_0096_458.000000.png,#008080,8,954.305699,28.918355,1.156734,0.040000
z_0096_458.000000.png,#0080ff,2,76.769553,2.326350,0.093054,0.040000
z_0096_458.000000.png,#0082c8,7,818.080303,24.790312,0.991612,0.040000
z_0096_458.000000.png,#00fa9a,6,577.771645,17.508232,0.700329,0.040000
z_0096_458.000000.png,#1e90ff,3,556.617316,16.867191,0.674688,0.040000
z_0096_458.000000.png,#3cb44b,3,244.350288,7.404554,0.296182,0.040000
z_0096_458.000000.png,#40e0d0,2,103.154329,3.125889,0.125036,0.040000
z_0096_458.000000.png,#4169e1,4,293.806133,8.903216,0.356129,0.040000
z_0096_458.000000.png,#46f0f0,1,53.556349,1.622920,0.064917,0.040000
z_0096_458.000000.png,#6a5acd,8,436.031529,13.213077,0.528523,0.040000
z_0096_458.000000.png,#800080,1,35.556349,1.077465,0.043099,0.040000
z_0096_458.000000.png,#8000ff,18,1022.004184,30.969824,1.238793,0.040000
z_0096_458.000000.png,#8080ff,4,127.539105,3.864821,0.154593,0.040000
z_0096_458.000000.png,#80ff80,3,303.279221,9.190279,0.367611,0.040000
z_0096_458.000000.png,#911eb4,4,164.124892,4.973482,0.198939,0.040000
z_0096_458.000000.png,#9acd32,8,584.215295,17.703494,0.708140,0.040000
z_0096_458.000000.png,#a52a2a,1,38.041631,1.152777,0.046111,0.040000
z_0096_458.000000.png,#b22222,7,422.676190,12.808369,0.512335,0.040000
z_0096_458.000000.png,#bcf60c,2,103.497475,3.136287,0.125451,0.040000
z_0096_458.000000.png,#dc143c,10,588.842712,17.843719,0.713749,0.040000
z_0096_458.000000.png,#e6194b,7,487.972655,14.787050,0.591482,0.040000
z_0096_458.000000.png,#ed4ea9,1,40.142136,1.216428,0.048657,0.040000
z_0096_458.000000.png,#f032e6,2,243.865007,7.389849,0.295594,0.040000
z_0096_458.000000.png,#fabebe,1,46.284271,1.402554,0.056102,0.040000
z_0096_458.000000.png,#ff0080,6,403.203102,12.218276,0.488731,0.040000
z_0096_458.000000.png,#ff8080,7,471.144228,14.277098,0.571084,0.040000
z_0096_458.000000.png,#ffd700,11,841.435642,25.498050,1.019922,0.040000
z_0097_459.000000.png,#0000ff,4,170.024387,5.152254,0.206090,0.040000
z_0097_459.000000.png,#008080,12,1358.739249,41.173917,1.646957,0.040000
z_0097_459.000000.png,#0080ff,2,109.497475,3.318105,0.132724,0.040000
z_0097_459.000000.png,#0082c8,6,829.837662,25.146596,1.005864,0.040000
z_0097_459.000000.png,#00fa9a,8,546.801082,16.569730,0.662789,0.040000
z_0097_459.000000.png,#1e90ff,4,530.475180,16.075005,0.643000,0.040000
z_0097_459.000000.png,#3cb44b,3,240.693434,7.293740,0.291750,0.040000
z_0097_459.000000.png,#40e0d0,2,100.083261,3.032826,0.121313,0.040000
z_0097_459.000000.png,#4169e1,5,261.036580,7.910199,0.316408,0.040000
z_0097_459.000000.png,#46f0f0,1,50.384776,1.526811,0.061072,0.040000
z_0097_459.000000.png,#6a5acd,8,442.274170,13.402248,0.536090,0.040000
z_0097_459.000000.png,#800080,1,40.627417,1.231134,0.049245,0.040000
z_0097_459.000000.png,#8000ff,18,1097.744299,33.264979,1.330599,0.040000
z_0097_459.000000.png,#8080ff,7,141.923882,4.300724,0.172029,0.040000
z_0097_459.000000.png,#80ff80,2,297.965512,9.029258,0.361170,0.040000
z_0097_459.000000.png,#911eb4,4,164.953319,4.998585,0.199943,0.040000
z_0097_459.000000.png,#9acd32,7,614.256926,18.613846,0.744554,0.040000
z_0097_459.000000.png,#a52a2a,1,38.627417,1.170528,0.046821,0.040000
z_0097_459.000000.png,#b22222,7,489.060967,14.820029,0.592801,0.040000
z_0097_459.000000.png,#bcf60c,2,110.468037,3.347516,0.133901,0.040000
z_0097_459.000000.png,#dc143c,11,631.955411,19.150164,0.766007,0.040000
z_0097_459.000000.png,#e6194b,6,463.445743,14.043810,0.561752,0.040000
z_0097_459.000000.png,#ed4ea9,2,300.835570,9.116229,0.364649,0.040000
z_0097_459.000000.png,#f032e6,2,240.936075,7.301093,0.292044,0.040000
z_0097_459.000000.png,#fabebe,1,43.455844,1.316844,0.052674,0.040000
z_0097_459.000000.png,#ff0080,4,305.462987,9.256454,0.370258,0.040000
z_0097_459.000000.png,#ff69b4,2,5.656854,0.171420,0.006857,0.040000
z_0097_459.000000.png,#ff8080,7,507.144228,15.368007,0.614720,0.040000
z_0097_459.000000.png,#ffd700,10,811.394011,24.587697,0.983508,0.040000
z_0098_460.000000.png,#0000ff,3,137.781746,4.175204,0.167008,0.040000
z_0098_460.000000.png,#008080,12,1314.111832,39.821571,1.592863,0.040000
z_0098_460.000000.png,#0080ff,2,132.710678,4.021536,0.160861,0.040000
z_0098_460.000000.png,#0082c8,5,828.281313,25.099434,1.003977,0.040000
z_0098_460.000000.png,#00fa9a,6,474.374675,14.374990,0.575000,0.040000
z_0098_460.000000.png,#1e90ff,1,130.710678,3.960930,0.158437,0.040000
z_0098_460.000000.png,#3cb44b,3,242.350288,7.343948,0.293758,0.040000
z_0098_460.000000.png,#40e0d0,3,126.225397,3.825012,0.153000,0.040000
z_0098_460.000000.png,#4169e1,4,194.852814,5.904631,0.236185,0.040000
z_0098_460.000000.png,#46f0f0,1,48.041631,1.455807,0.058232,0.040000
z_0098_460.000000.png,#6a5acd,7,430.717821,13.052055,0.522082,0.040000
z_0098_460.000000.png,#800080,1,57.455844,1.741086,0.069643,0.040000
z_0098_460.000000.png,#8000ff,18,1166.371716,35.344597,1.413784,0.040000
z_0098_460.000000.png,#8080ff,9,169.681241,5.141856,0.205674,0.040000
z_0098_460.000000.png,#80ff80,3,290.308658,8.797232,0.351889,0.040000
z_0098_460.000000.png,#911eb4,4,164.124892,4.973482,0.198939,0.040000
z_0098_460.000000.png,#9acd32,6,626.499567,18.984835,0.759393,0.040000
z_0098_460.000000.png,#a52a2a,1,40.970563,1.241532,0.049661,0.040000
z_0098_460.000000.png,#b22222,8,490.960461,14.877590,0.595104,0.040000
z_0098_460.000000.png,#bcf60c,2,117.396970,3.557484,0.142299,0.040000
z_0098_460.000000.png,#dc143c,10,684.967604,20.756594,0.830264,0.040000
z_0098_460.000000.png,#e6194b,7,490.859956,14.874544,0.594982,0.040000
z_0098_460.000000.png,#ed4ea9,2,286.693434,8.687680,0.347507,0.040000
z_0098_460.000000.png,#f032e6,2,239.764502,7.265591,0.290624,0.040000
z_0098_460.000000.png,#fabebe,1,43.455844,1.316844,0.052674,0.040000
z_0098_460.000000.png,#ff0080,4,287.320851,8.706692,0.348268,0.040000
z_0098_460.000000.png,#ff69b4,1,12.828427,0.388740,0.015550,0.040000
z_0098_460.000000.png,#ff8080,8,544.315801,16.494418,0.659777,0.040000
z_0098_460.000000.png,#ffd700,8,800.465079,24.256518,0.970261,0.040000
z_0099_461.000000.png,#0000ff,3,148.610173,4.503339,0.180134,0.040000
z_0099_461.000000.png,#008080,12,1265.241774,38.340660,1.533626,0.040000
z_0099_461.000000.png,#0080ff,4,230.308658,6.979050,0.279162,0.040000
z_0099_461.000000.png,#0082c8,4,803.553391,24.350103,0.974004,0.040000
z_0099_461.000000.png,#00fa9a,6,452.173665,13.702232,0.548089,0.040000
z_0099_461.000000.png,#1e90ff,1,128.710678,3.900324,0.156013,0.040000
z_0099_461.000000.png,#3cb44b,3,238.208153,7.218429,0.288737,0.040000
z_0099_461.000000.png,#40e0d0,3,142.911688,4.330657,0.173226,0.040000
z_0099_461.000000.png,#4169e1,3,150.710678,4.566990,0.182680,0.040000
z_0099_461.000000.png,#46f0f0,1,39.798990,1.206030,0.048241,0.040000
z_0099_461.000000.png,#6a5acd,7,417.747258,12.659008,0.506360,0.040000
z_0099_461.000000.png,#800080,1,59.455844,1.801692,0.072068,0.040000
z_0099_461.000000.png,#8000ff,21,1220.555483,36.986530,1.479461,0.040000
z_0099_461.000000.png,#8080ff,6,153.539105,4.652700,0.186108,0.040000
z_0099_461.000000.png,#80ff80,3,252.651804,7.656115,0.306245,0.040000
z_0099_461.000000.png,#911eb4,4,169.539105,5.137549,0.205502,0.040000
z_0099_461.000000.png,#9acd32,6,632.742207,19.174006,0.766960,0.040000
z_0099_461.000000.png,#a52a2a,1,41.556349,1.259283,0.050371,0.040000
z_0099_461.000000.png,#b22222,7,513.445743,15.558962,0.622358,0.040000
z_0099_461.000000.png,#bcf60c,2,129.053824,3.910722,0.156429,0.040000
z_0099_461.000000.png,#dc143c,9,718.523953,21.773453,0.870938,0.040000
z_0099_461.000000.png,#e6194b,7,512.416306,15.527767,0.621111,0.040000
z_0099_461.000000.png,#ed4ea9,3,287.279221,8.705431,0.348217,0.040000
z_0099_461.000000.png,#f032e6,2,240.350288,7.283342,0.291334,0.040000
z_0099_461.000000.png,#fabebe,1,41.213203,1.248885,0.049955,0.040000
z_0099_461.000000.png,#ff0080,4,279.320851,8.464268,0.338571,0.040000
z_0099_461.000000.png,#ff69b4,1,4.828427,0.146316,0.005853,0.040000
z_0099_461.000000.png,#ff8080,6,529.972655,16.059777,0.642391,0.040000
z_0099_461.000000.png,#ffd700,8,715.210245,21.673038,0.866922,0.040000
z_0100_462.000000.png,#0000ff,3,143.781746,4.357023,0.174281,0.040000
z_0100_462.000000.png,#008080,13,1226.271211,37.159734,1.486389,0.040000
z_0100_462.000000.png,#0080ff,2,175.480231,5.317583,0.212703,0.040000
z_0100_462.000000.png,#0082c8,4,786.381818,23.829752,0.953190,0.040000
z_0100_462.000000.png,#00fa9a,6,424.232539,12.855531,0.514221,0.040000
z_0100_462.000000.png,#1e90ff,1,119.982756,3.635841,0.145434,0.040000
z_0100_462.000000.png,#3cb44b,3,241.865007,7.329243,0.293170,0.040000
z_0100_462.000000.png,#40e0d0,3,149.639610,4.534534,0.181381,0.040000
z_0100_462.000000.png,#4169e1,2,134.710678,4.082142,0.163286,0.040000
z_0100_462.000000.png,#46f0f0,1,37.556349,1.138071,0.045523,0.040000
z_0100_462.000000.png,#6a5acd,7,414.232539,12.552501,0.502100,0.040000
z_0100_462.000000.png,#800080,1,67.455844,2.044116,0.081765,0.040000
z_0100_462.000000.png,#8000ff,18,1235.141269,37.428523,1.497141,0.040000
z_0100_462.000000.png,#8080ff,7,161.195959,4.884726,0.195389,0.040000
z_0100_462.000000.png,#80ff80,4,203.438600,6.164806,0.246592,0.040000
z_0100_462.000000.png,#911eb4,5,207.923882,6.300724,0.252029,0.040000
z_0100_462.000000.png,#9acd32,7,666.482323,20.196434,0.807857,0.040000
z_0100_462.000000.png,#a52a2a,1,40.384776,1.223781,0.048951,0.040000
z_0100_462.000000.png,#b22222,6,523.546248,15.865038,0.634602,0.040000
z_0100_462.000000.png,#bcf60c,2,124.225397,3.764406,0.150576,0.040000
z_0100_462.000000.png,#dc143c,10,746.666089,22.626245,0.905050,0.040000
z_0100_462.000000.png,#e6194b,7,478.617316,14.503555,0.580142,0.040000
z_0100_462.000000.png,#ed4ea9,2,287.521861,8.712784,0.348511,0.040000
z_0100_462.000000.png,#f032e6,2,233.865007,7.086818,0.283473,0.040000
z_0100_462.000000.png,#fabebe,1,38.041631,1.152777,0.046111,0.040000
z_0100_462.000000.png,#ff0080,4,266.249783,8.068175,0.322727,0.040000
z_0100_462.000000.png,#ff8080,6,507.102597,15.366745,0.614670,0.040000
z_0100_462.000000.png,#ffd700,9,683.411255,20.709432,0.828377,0.040000
z_0101_463.000000.png,#0000ff,3,142.953319,4.331919,0.173277,0.040000
z_0101_463.000000.png,#008080,13,1142.856998,34.632030,1.385281,0.040000
z_0101_463.000000.png,#0080ff,2,189.722871,5.749178,0.229967,0.040000
z_0101_463.000000.png,#0082c8,4,746.825469,22.631075,0.905243,0.040000
z_0101_463.000000.png,#00fa9a,6,409.303607,12.403140,0.496126,0.040000
z_0101_463.000000.png,#1e90ff,1,103.882251,3.147947,0.125918,0.040000
z_0101_463.000000.png,#3cb44b,3,242.693434,7.354346,0.294174,0.040000
z_0101_463.000000.png,#40e0d0,3,158.124892,4.791663,0.191667,0.040000
z_0101_463.000000.png,#4169e1,3,163.539105,4.955730,0.198229,0.040000
z_0101_463.000000.png,#46f0f0,1,34.384776,1.041963,0.041679,0.040000
z_0101_463.000000.png,#6a5acd,7,377.847763,11.449932,0.457997,0.040000
z_0101_463.000000.png,#800080,1,64.870058,1.965759,0.078630,0.040000
z_0101_463.000000.png,#8000ff,17,1252.170706,37.944567,1.517783,0.040000
z_0101_463.000000.png,#8080ff,5,161.296465,4.887772,0.195511,0.040000
z_0101_463.000000.png,#80ff80,3,189.338095,5.737518,0.229501,0.040000
z_0101_463.000000.png,#911eb4,6,246.308658,7.463899,0.298556,0.040000
z_0101_463.000000.png,#9acd32,8,666.340187,20.192127,0.807685,0.040000
z_0101_463.000000.png,#a52a2a,1,44.041631,1.334595,0.053384,0.040000
z_0101_463.000000.png,#b22222,6,524.416306,15.891403,0.635656,0.040000
z_0101_463.000000.png,#bcf60c,2,123.539105,3.743609,0.149744,0.040000
z_0101_463.000000.png,#dc143c,12,779.979797,23.635751,0.945430,0.040000
z_0101_463.000000.png,#e6194b,9,582.156421,17.641104,0.705644,0.040000
z_0101_463.000000.png,#ed4ea9,3,301.178716,9.126628,0.365065,0.040000
z_0101_463.000000.png,#f032e6,1,165.781746,5.023689,0.200948,0.040000
z_0101_463.000000.png,#fabebe,1,34.384776,1.041963,0.041679,0.040000
z_0101_463.000000.png,#ff0080,4,270.735065,8.204093,0.328164,0.040000
z_0101_463.000000.png,#ff69b4,2,5.656854,0.171420,0.006857,0.040000
z_0101_463.000000.png,#ff8080,6,496.416306,15.042918,0.601717,0.040000
z_0101_463.000000.png,#ffd700,9,678.825469,20.570469,0.822819,0.040000
z_0102_464.000000.png,#0000ff,3,138.852814,4.207661,0.168306,0.040000
z_0102_464.000000.png,#008080,12,1076.388960,32.617847,1.304714,0.040000
z_0102_464.000000.png,#0080ff,2,208.793939,6.327089,0.253084,0.040000
z_0102_464.000000.png,#0082c8,4,719.955411,21.816831,0.872673,0.040000
z_0102_464.000000.png,#00fa9a,6,381.019336,11.546040,0.461842,0.040000
z_0102_464.000000.png,#1e90ff,2,272.450793,8.256085,0.330243,0.040000
z_0102_464.000000.png,#3cb44b,3,248.592929,7.533119,0.301325,0.040000
z_0102_464.000000.png,#40e0d0,4,155.296465,4.705953,0.188238,0.040000
z_0102_464.000000.png,#4169e1,3,190.994949,5.787726,0.231509,0.040000
z_0102_464.000000.png,#46f0f0,1,30.970563,0.938502,0.037540,0.040000
z_0102_464.000000.png,#6a5acd,7,344.977705,10.453870,0.418155,0.040000
z_0102_464.000000.png,#800080,1,55.455844,1.680480,0.067219,0.040000
z_0102_464.000000.png,#8000ff,18,1235.969696,37.453627,1.498145,0.040000
z_0102_464.000000.png,#8080ff,9,168.024387,5.091648,0.203666,0.040000
z_0102_464.000000.png,#80ff80,3,165.296465,5.008984,0.200359,0.040000
z_0102_464.000000.png,#911eb4,5,276.208153,8.369944,0.334798,0.040000
z_0102_464.000000.png,#9acd32,8,664.925974,20.149272,0.805971,0.040000
z_0102_464.000000.png,#a52a2a,1,46.384776,1.405599,0.056224,0.040000
z_0102_464.000000.png,#b22222,6,504.859956,15.298787,0.611951,0.040000
z_0102_464.000000.png,#bcf60c,2,120.225397,3.643194,0.145728,0.040000
z_0102_464.000000.png,#dc143c,10,784.021428,23.758225,0.950329,0.040000
z_0102_464.000000.png,#e6194b,9,555.085353,16.820768,0.672831,0.040000
z_0102_464.000000.png,#ed4ea9,3,309.906638,9.391110,0.375644,0.040000
z_0102_464.000000.png,#f032e6,1,160.953319,4.877373,0.195095,0.040000
z_0102_464.000000.png,#fabebe,1,37.213203,1.127673,0.045107,0.040000
z_0102_464.000000.png,#ff0080,4,266.977705,8.090233,0.323609,0.040000
z_0102_464.000000.png,#ff8080,6,486.274170,14.735581,0.589423,0.040000
z_0102_464.000000.png,#ffd700,9,669.511760,20.288235,0.811529,0.040000
z_0103_465.000000.png,#0000ff,3,138.024387,4.182557,0.167302,0.040000
z_0103_465.000000.png,#008080,12,1010.832611,30.631291,1.225252,0.040000
z_0103_465.000000.png,#0080ff,2,217.865007,6.601970,0.264079,0.040000
z_0103_465.000000.png,#0082c8,5,711.126984,21.549303,0.861972,0.040000
z_0103_465.000000.png,#00fa9a,6,314.735065,9.537426,0.381497,0.040000
z_0103_465.000000.png,#1e90ff,2,208.752309,6.325828,0.253033,0.040000
z_0103_465.000000.png,#3cb44b,3,252.592929,7.654331,0.306173,0.040000
z_0103_465.000000.png,#40e0d0,4,154.610173,4.685157,0.187406,0.040000
z_0103_465.000000.png,#4169e1,4,210.166522,6.368682,0.254747,0.040000
z_0103_465.000000.png,#46f0f0,1,28.727922,0.870543,0.034822,0.040000
z_0103_465.000000.png,#6a5acd,5,260.835570,7.904108,0.316164,0.040000
z_0103_465.000000.png,#800080,1,40.627417,1.231134,0.049245,0.040000
z_0103_465.000000.png,#8000ff,19,1244.898628,37.724201,1.508968,0.040000
z_0103_465.000000.png,#8080ff,6,153.781746,4.660053,0.186402,0.040000
z_0103_465.000000.png,#80ff80,3,155.882251,4.723705,0.188948,0.040000
z_0103_465.000000.png,#911eb4,5,312.007143,9.454762,0.378190,0.040000
z_0103_465.000000.png,#9acd32,9,655.269119,19.856640,0.794266,0.040000
z_0103_465.000000.png,#a52a2a,1,44.627417,1.352346,0.054094,0.040000
z_0103_465.000000.png,#b22222,8,519.830519,15.752440,0.630098,0.040000
z_0103_465.000000.png,#bcf60c,2,115.639610,3.504231,0.140169,0.040000
z_0103_465.000000.png,#dc143c,10,755.494516,22.893773,0.915751,0.040000
z_0103_465.000000.png,#e6194b,9,557.671140,16.899125,0.675965,0.040000
z_0103_465.000000.png,#ed4ea9,3,318.492424,9.651286,0.386051,0.040000
z_0103_465.000000.png,#f032e6,1,146.610173,4.442733,0.177709,0.040000
z_0103_465.000000.png,#fabebe,1,36.384776,1.102569,0.044103,0.040000
z_0103_465.000000.png,#ff0080,5,229.279221,6.947855,0.277914,0.040000
z_0103_465.000000.png,#ff8080,6,465.345238,14.101371,0.564055,0.040000
z_0103_465.000000.png,#ffd700,9,637.026479,19.303833,0.772153,0.040000
z_0104_466.000000.png,#0000ff,3,131.195959,3.975635,0.159025,0.040000
z_0104_466.000000.png,#008080,9,945.761543,28.659441,1.146378,0.040000
z_0104_466.000000.png,#0080ff,3,264.835570,8.025320,0.321013,0.040000
z_0104_466.000000.png,#0082c8,5,662.055916,20.062300,0.802492,0.040000
z_0104_466.000000.png,#00fa9a,6,274.693434,8.324043,0.332962,0.040000
z_0104_466.000000.png,#1e90ff,2,219.722871,6.658269,0.266331,0.040000
z_0104_466.000000.png,#3cb44b,3,257.663997,7.808000,0.312320,0.040000
z_0104_466.000000.png,#40e0d0,3,149.982756,4.544932,0.181797,0.040000
z_0104_466.000000.png,#4169e1,3,304.208153,9.218429,0.368737,0.040000
z_0104_466.000000.png,#46f0f0,1,26.142136,0.792186,0.031687,0.040000
z_0104_466.000000.png,#6a5acd,5,255.078210,7.729643,0.309186,0.040000
z_0104_466.000000.png,#800080,1,31.556349,0.956253,0.038250,0.040000
z_0104_466.000000.png,#8000ff,20,1268.070201,38.426370,1.537055,0.040000
z_0104_466.000000.png,#8080ff,9,159.438600,4.831473,0.193259,0.040000
z_0104_466.000000.png,#80ff80,3,126.811183,3.842763,0.153711,0.040000
z_0104_466.000000.png,#911eb4,6,317.078210,9.608431,0.384337,0.040000
z_0104_466.000000.png,#9acd32,7,588.742207,17.840673,0.713627,0.040000
z_0104_466.000000.png,#a52a2a,1,44.384776,1.344993,0.053800,0.040000
z_0104_466.000000.png,#b22222,8,549.587878,16.654178,0.666167,0.040000
z_0104_466.000000.png,#bcf60c,2,118.953319,3.604646,0.144186,0.040000
z_0104_466.000000.png,#dc143c,8,725.009235,21.969977,0.878799,0.040000
z_0104_466.000000.png,#e6194b,8,556.357431,16.859316,0.674373,0.040000
z_0104_466.000000.png,#ed4ea9,4,319.279221,9.675128,0.387005,0.040000
z_0104_466.000000.png,#f032e6,1,151.539105,4.592094,0.183684,0.040000
z_0104_466.000000.png,#fabebe,1,38.970563,1.180926,0.047237,0.040000
z_0104_466.000000.png,#ff0080,5,196.894444,5.966498,0.238660,0.040000
z_0104_466.000000.png,#ff8080,6,445.002092,13.484912,0.539396,0.040000
z_0104_466.000000.png,#ffd700,9,621.712770,18.839781,0.753591,0.040000
z_0105_467.000000.png,#0000ff,3,119.053824,3.607692,0.144308,0.040000
z_0105_467.000000.png,#008080,11,928.690476,28.142136,1.125685,0.040000
z_0105_467.000000.png,#0080ff,3,299.362482,9.071590,0.362864,0.040000
z_0105_467.000000.png,#0082c8,5,612.700577,18.566684,0.742667,0.040000
z_0105_467.000000.png,#00fa9a,5,254.936075,7.725336,0.309013,0.040000
z_0105_467.000000.png,#1e90ff,3,185.095454,5.608953,0.224358,0.040000
z_0105_467.000000.png,#3cb44b,3,260.592929,7.896755,0.315870,0.040000
z_0105_467.000000.png,#40e0d0,4,193.923882,5.876481,0.235059,0.040000
z_0105_467.000000.png,#4169e1,3,315.379726,9.556961,0.382278,0.040000
z_0105_467.000000.png,#46f0f0,1,28.727922,0.870543,0.034822,0.040000
z_0105_467.000000.png,#6a5acd,6,241.379726,7.314537,0.292581,0.040000
z_0105_467.000000.png,#800080,1,29.556349,0.895647,0.035826,0.040000
z_0105_467.000000.png,#8000ff,21,1308.153462,39.641014,1.585641,0.040000
z_0105_467.000000.png,#8080ff,6,156.710678,4.748808,0.189952,0.040000
z_0105_467.000000.png,#80ff80,2,97.740115,2.961822,0.118473,0.040000
z_0105_467.000000.png,#911eb4,5,326.492424,9.893710,0.395748,0.040000
z_0105_467.000000.png,#9acd32,6,549.872150,16.662792,0.666512,0.040000
z_0105_467.000000.png,#a52a2a,1,45.798990,1.387848,0.055514,0.040000
z_0105_467.000000.png,#b22222,8,587.487373,17.802648,0.712106,0.040000
z_0105_467.000000.png,#bcf60c,3,106.325902,3.221997,0.128880,0.040000
z_0105_467.000000.png,#dc143c,8,732.867099,22.208094,0.888324,0.040000
z_0105_467.000000.png,#e6194b,8,542.457936,16.438119,0.657525,0.040000
z_0105_467.000000.png,#ed4ea9,4,310.350288,9.404554,0.376182,0.040000
z_0105_467.000000.png,#f032e6,2,152.710678,4.627596,0.185104,0.040000
z_0105_467.000000.png,#fabebe,1,38.384776,1.163175,0.046527,0.040000
z_0105_467.000000.png,#ff0080,5,186.166522,5.641410,0.225656,0.040000
z_0105_467.000000.png,#ff69b4,1,2.828427,0.085710,0.003428,0.040000
z_0105_467.000000.png,#ff8080,6,385.462987,11.680697,0.467228,0.040000
z_0105_467.000000.png,#ffd700,8,592.842712,17.964931,0.718597,0.040000
z_0106_468.000000.png,#0000ff,4,150.610173,4.563945,0.182558,0.040000
z_0106_468.000000.png,#008080,9,820.406204,24.860794,0.994432,0.040000
z_0106_468.000000.png,#0080ff,4,351.646753,10.655962,0.426238,0.040000
z_0106_468.000000.png,#0082c8,4,531.345238,16.101371,0.644055,0.040000
z_0106_468.000000.png,#00fa9a,5,238.551299,7.228827,0.289153,0.040000
z_0106_468.000000.png,#1e90ff,3,256.793939,7.781635,0.311265,0.040000
z_0106_468.000000.png,#3cb44b,3,259.865007,7.874697,0.314988,0.040000
z_0106_468.000000.png,#40e0d0,3,209.722871,6.355239,0.254210,0.040000
z_0106_468.000000.png,#4169e1,3,335.036580,10.152624,0.406105,0.040000
z_0106_468.000000.png,#46f0f0,1,31.899495,0.966651,0.038666,0.040000
z_0106_468.000000.png,#6a5acd,6,233.722871,7.082511,0.283300,0.040000
z_0106_468.000000.png,#800080,1,22.142136,0.670974,0.026839,0.040000
z_0106_468.000000.png,#8000ff,22,1372.923015,41.603728,1.664149,0.040000
z_0106_468.000000.png,#8080ff,6,171.438600,5.195109,0.207804,0.040000
z_0106_468.000000.png,#80ff80,2,107.740115,3.264852,0.130594,0.040000
z_0106_468.000000.png,#911eb4,4,315.421356,9.558223,0.382329,0.040000
z_0106_468.000000.png,#9acd32,6,525.286363,15.917769,0.636711,0.040000
z_0106_468.000000.png,#a52a2a,2,60.041631,1.819443,0.072778,0.040000
z_0106_468.000000.png,#b22222,8,640.014285,19.394372,0.775775,0.040000
z_0106_468.000000.png,#bcf60c,3,84.426407,2.558376,0.102335,0.040000
z_0106_468.000000.png,#dc143c,9,721.653896,21.868300,0.874732,0.040000
z_0106_468.000000.png,#e6194b,8,555.386868,16.829905,0.673196,0.040000
z_0106_468.000000.png,#ed4ea9,4,298.450793,9.043963,0.361759,0.040000
z_0106_468.000000.png,#f032e6,2,147.396970,4.466575,0.178663,0.040000
z_0106_468.000000.png,#fabebe,1,37.556349,1.138071,0.045523,0.040000
z_0106_468.000000.png,#ff0080,4,167.438600,5.073897,0.202956,0.040000
z_0106_468.000000.png,#ff69b4,2,5.656854,0.171420,0.006857,0.040000
z_0106_468.000000.png,#ff8080,5,367.119841,11.124844,0.444994,0.040000
z_0106_468.000000.png,#ffd700,10,636.641702,19.292173,0.771687,0.040000
z_0107_469.000000.png,#0000ff,4,202.509668,6.136657,0.245466,0.040000
z_0107_469.000000.png,#008080,10,810.021428,24.546104,0.981844,0.040000
z_0107_469.000000.png,#0080ff,3,397.060967,12.032151,0.481286,0.040000
z_0107_469.000000.png,#0082c8,4,481.931024,14.603970,0.584159,0.040000
z_0107_469.000000.png,#00fa9a,5,230.651804,6.989449,0.279578,0.040000
z_0107_469.000000.png,#1e90ff,3,225.965512,6.847440,0.273898,0.040000
z_0107_469.000000.png,#3cb44b,3,254.551299,7.713676,0.308547,0.040000
z_0107_469.000000.png,#40e0d0,3,211.237590,6.401139,0.256046,0.040000
z_0107_469.000000.png,#4169e1,4,334.450793,10.134873,0.405395,0.040000
z_0107_469.000000.png,#46f0f0,1,34.142136,1.034610,0.041384,0.040000
z_0107_469.000000.png,#6a5acd,6,217.823376,6.600708,0.264028,0.040000
z_0107_469.000000.png,#800080,1,30.970563,0.938502,0.037540,0.040000
z_0107_469.000000.png,#8000ff,22,1468.420490,44.497591,1.779904,0.040000
z_0107_469.000000.png,#8080ff,6,160.267027,4.856577,0.194263,0.040000
z_0107_469.000000.png,#80ff80,1,112.911688,3.421566,0.136863,0.040000
z_0107_469.000000.png,#911eb4,4,287.137085,8.701124,0.348045,0.040000
z_0107_469.000000.png,#9acd32,6,514.073160,15.577975,0.623119,0.040000
z_0107_469.000000.png,#a52a2a,2,69.698485,2.112075,0.084483,0.040000
z_0107_469.000000.png,#b22222,9,641.913780,19.451933,0.778077,0.040000
z_0107_469.000000.png,#bcf60c,1,36.384776,1.102569,0.044103,0.040000
z_0107_469.000000.png,#dc143c,10,721.553391,21.865254,0.874610,0.040000
z_0107_469.000000.png,#e6194b,7,550.943218,16.695249,0.667810,0.040000
z_0107_469.000000.png,#ed4ea9,4,291.764502,8.841349,0.353654,0.040000
z_0107_469.000000.png,#f032e6,2,144.568542,4.380865,0.175235,0.040000
z_0107_469.000000.png,#fabebe,1,38.384776,1.163175,0.046527,0.040000
z_0107_469.000000.png,#ff0080,4,162.024387,4.909830,0.196393,0.040000
z_0107_469.000000.png,#ff8080,5,347.078210,10.517522,0.420701,0.040000
z_0107_469.000000.png,#ffd700,9,704.423448,21.346165,0.853847,0.040000
z_0108_470.000000.png,#0000ff,3,154.710678,4.688202,0.187528,0.040000
z_0108_470.000000.png,#008080,10,785.193001,23.793727,0.951749,0.040000
z_0108_470.000000.png,#0080ff,3,412.617316,12.503555,0.500142,0.040000
z_0108_470.000000.png,#0082c8,5,468.274170,14.190126,0.567605,0.040000
z_0108_470.000000.png,#00fa9a,5,200.894444,6.087710,0.243508,0.040000
z_0108_470.000000.png,#1e90ff,3,201.237590,6.098109,0.243924,0.040000
z_0108_470.000000.png,#3cb44b,3,253.622366,7.685526,0.307421,0.040000
z_0108_470.000000.png,#40e0d0,3,215.237590,6.522351,0.260894,0.040000
z_0108_470.000000.png,#4169e1,5,321.178716,9.732688,0.389308,0.040000
z_0108_470.000000.png,#46f0f0,1,40.627417,1.231134,0.049245,0.040000
z_0108_470.000000.png,#6a5acd,6,215.722871,6.537057,0.261482,0.040000
z_0108_470.000000.png,#800080,1,44.870058,1.359699,0.054388,0.040000
z_0108_470.000000.png,#8000ff,25,1678.386002,50.860182,2.034407,0.040000
z_0108_470.000000.png,#8080ff,3,147.296465,4.463529,0.178541,0.040000
z_0108_470.000000.png,#80ff80,1,109.740115,3.325458,0.133018,0.040000
z_0108_470.000000.png,#911eb4,4,248.994949,7.545301,0.301812,0.040000
z_0108_470.000000.png,#9acd32,6,508.901587,15.421260,0.616850,0.040000
z_0108_470.000000.png,#a52a2a,2,86.669048,2.626335,0.105053,0.040000
z_0108_470.000000.png,#b22222,9,588.600072,17.836366,0.713455,0.040000
z_0108_470.000000.png,#bcf60c,1,35.556349,1.077465,0.043099,0.040000
z_0108_470.000000.png,#dc143c,9,722.867099,21.905064,0.876203,0.040000
z_0108_470.000000.png,#e6194b,7,545.771645,16.538535,0.661541,0.040000
z_0108_470.000000.png,#ed4ea9,4,292.007143,8.848701,0.353948,0.040000
z_0108_470.000000.png,#f032e6,2,139.154329,4.216798,0.168672,0.040000
z_0108_470.000000.png,#fabebe,1,37.556349,1.138071,0.045523,0.040000
z_0108_470.000000.png,#ff0080,4,152.024387,4.606800,0.184272,0.040000
z_0108_470.000000.png,#ff8080,5,317.178716,9.611476,0.384459,0.040000
z_0108_470.000000.png,#ffd700,10,703.595021,21.321061,0.852842,0.040000
z_0109_471.000000.png,#0000ff,3,163.195959,4.945332,0.197813,0.040000
z_0109_471.000000.png,#008080,10,793.636652,24.049596,0.961984,0.040000
z_0109_471.000000.png,#0080ff,3,437.830519,13.267591,0.530704,0.040000
z_0109_471.000000.png,#0082c8,4,386.918831,11.724813,0.468993,0.040000
z_0109_471.000000.png,#00fa9a,4,164.610173,4.988187,0.199527,0.040000
z_0109_471.000000.png,#1e90ff,2,160.610173,4.866975,0.194679,0.040000
z_0109_471.000000.png,#3cb44b,3,256.693434,7.778589,0.311144,0.040000
z_0109_471.000000.png,#40e0d0,5,292.551299,8.865191,0.354608,0.040000
z_0109_471.000000.png,#4169e1,5,332.350288,10.071221,0.402849,0.040000
z_0109_471.000000.png,#46f0f0,1,37.798990,1.145424,0.045817,0.040000
z_0109_471.000000.png,#6a5acd,6,220.308658,6.676020,0.267041,0.040000
z_0109_471.000000.png,#800080,2,58.526912,1.773543,0.070942,0.040000
z_0109_471.000000.png,#8000ff,27,1817.824602,55.085594,2.203424,0.040000
z_0109_471.000000.png,#8080ff,5,134.911688,4.088233,0.163529,0.040000
z_0109_471.000000.png,#80ff80,1,106.811183,3.236703,0.129468,0.040000
z_0109_471.000000.png,#911eb4,4,222.651804,6.747024,0.269881,0.040000
z_0109_471.000000.png,#9acd32,6,477.730014,14.476667,0.579067,0.040000
z_0109_471.000000.png,#a52a2a,2,83.941125,2.543670,0.101747,0.040000
z_0109_471.000000.png,#b22222,7,607.327994,18.403879,0.736155,0.040000
z_0109_471.000000.png,#bcf60c,1,34.384776,1.041963,0.041679,0.040000
z_0109_471.000000.png,#dc143c,9,735.695526,22.293804,0.891752,0.040000
z_0109_471.000000.png,#e6194b,6,519.872150,15.753702,0.630148,0.040000
z_0109_471.000000.png,#ed4ea9,4,293.078210,8.881158,0.355246,0.040000
z_0109_471.000000.png,#f032e6,3,150.225397,4.552285,0.182091,0.040000
z_0109_471.000000.png,#fabebe,1,38.970563,1.180926,0.047237,0.040000
z_0109_471.000000.png,#ff0080,4,152.024387,4.606800,0.184272,0.040000
z_0109_471.000000.png,#ff69b4,1,2.828427,0.085710,0.003428,0.040000
z_0109_471.000000.png,#ff8080,5,309.663997,9.383757,0.375350,0.040000
z_0109_471.000000.png,#ffd700,10,733.737157,22.234459,0.889378,0.040000
z_0110_472.000000.png,#0000ff,4,238.894444,7.239226,0.289569,0.040000
z_0110_472.000000.png,#008080,9,766.565584,23.229260,0.929170,0.040000
z_0110_472.000000.png,#0080ff,3,454.315801,13.767145,0.550686,0.040000
z_0110_472.000000.png,#0082c8,4,382.475180,11.590157,0.463606,0.040000
z_0110_472.000000.png,#00fa9a,4,165.195959,5.005938,0.200238,0.040000
z_0110_472.000000.png,#1e90ff,2,189.681241,5.747916,0.229917,0.040000
z_0110_472.000000.png,#3cb44b,3,256.793939,7.781635,0.311265,0.040000
z_0110_472.000000.png,#40e0d0,4,332.249783,10.068175,0.402727,0.040000
z_0110_472.000000.png,#4169e1,4,306.450793,9.286388,0.371456,0.040000
z_0110_472.000000.png,#46f0f0,1,39.798990,1.206030,0.048241,0.040000
z_0110_472.000000.png,#6a5acd,6,223.965512,6.786834,0.271473,0.040000
z_0110_472.000000.png,#800080,1,74.183766,2.247993,0.089920,0.040000
z_0110_472.000000.png,#8000ff,29,1919.079436,58.153922,2.326157,0.040000
z_0110_472.000000.png,#8080ff,8,134.325902,4.070482,0.162819,0.040000
z_0110_472.000000.png,#80ff80,1,107.639610,3.261806,0.130472,0.040000
z_0110_472.000000.png,#911eb4,4,223.580736,6.775174,0.271007,0.040000
z_0110_472.000000.png,#9acd32,6,465.002092,14.090972,0.563639,0.040000
z_0110_472.000000.png,#a52a2a,2,98.083261,2.972220,0.118889,0.040000
z_0110_472.000000.png,#b22222,7,577.085353,17.487435,0.699497,0.040000
z_0110_472.000000.png,#bcf60c,1,30.970563,0.938502,0.037540,0.040000
z_0110_472.000000.png,#dc143c,10,785.636652,23.807171,0.952287,0.040000
z_0110_472.000000.png,#e6194b,6,521.085353,15.790465,0.631619,0.040000
z_0110_472.000000.png,#ed4ea9,4,279.521861,8.470359,0.338814,0.040000
z_0110_472.000000.png,#f032e6,2,147.296465,4.463529,0.178541,0.040000
z_0110_472.000000.png,#fabebe,1,43.213203,1.309491,0.052380,0.040000
z_0110_472.000000.png,#ff0080,4,152.267027,4.614152,0.184566,0.040000
z_0110_472.000000.png,#ff8080,5,300.107648,9.094171,0.363767,0.040000
z_0110_472.000000.png,#ffd700,11,761.193001,23.066455,0.922658,0.040000
z_0111_473.000000.png,#0000ff,3,299.036580,9.061715,0.362469,0.040000
z_0111_473.000000.png,#008080,9,719.695526,21.808955,0.872358,0.040000
z_0111_473.000000.png,#0080ff,3,471.144228,14.277098,0.571084,0.040000
z_0111_473.000000.png,#0082c8,4,375.504617,11.378928,0.455157,0.040000
z_0111_473.000000.png,#00fa9a,3,163.438600,4.952685,0.198107,0.040000
z_0111_473.000000.png,#1e90ff,2,182.852814,5.540994,0.221640,0.040000
z_0111_473.000000.png,#3cb44b,3,263.865007,7.995909,0.319836,0.040000
z_0111_473.000000.png,#40e0d0,6,392.877200,11.905370,0.476215,0.040000
z_0111_473.000000.png,#4169e1,4,311.279221,9.432704,0.377308,0.040000
z_0111_473.000000.png,#46f0f0,1,38.970563,1.180926,0.047237,0.040000
z_0111_473.000000.png,#6a5acd,6,228.308658,6.918444,0.276738,0.040000
z_0111_473.000000.png,#800080,1,77.597980,2.351454,0.094058,0.040000
z_0111_473.000000.png,#8000ff,29,1942.108873,58.851784,2.354071,0.040000
z_0111_473.000000.png,#8080ff,8,149.982756,4.544932,0.181797,0.040000
z_0111_473.000000.png,#80ff80,1,107.639610,3.261806,0.130472,0.040000
z_0111_473.000000.png,#911eb4,4,236.166522,7.156561,0.286262,0.040000
z_0111_473.000000.png,#9acd32,6,450.274170,13.644672,0.545787,0.040000
z_0111_473.000000.png,#a52a2a,2,101.840620,3.086079,0.123443,0.040000
z_0111_473.000000.png,#b22222,8,530.256926,16.068392,0.642736,0.040000
z_0111_473.000000.png,#bcf60c,1,28.970563,0.877896,0.035116,0.040000
z_0111_473.000000.png,#dc143c,10,838.548340,25.410556,1.016422,0.040000
z_0111_473.000000.png,#e6194b,5,519.771645,15.750656,0.630026,0.040000
z_0111_473.000000.png,#ed4ea9,4,276.107648,8.366898,0.334676,0.040000
z_0111_473.000000.png,#f032e6,2,143.539105,4.349670,0.173987,0.040000
z_0111_473.000000.png,#fabebe,1,61.112698,1.851900,0.074076,0.040000
z_0111_473.000000.png,#ff0080,4,156.610173,4.745763,0.189831,0.040000
z_0111_473.000000.png,#ff69b4,1,2.828427,0.085710,0.003428,0.040000
z_0111_473.000000.png,#ff8080,4,272.450793,8.256085,0.330243,0.040000
z_0111_473.000000.png,#ffd700,10,761.394011,23.072546,0.922902,0.040000
z_0112_474.000000.png,#0000ff,3,318.007143,9.636580,0.385463,0.040000
z_0112_474.000000.png,#008080,8,641.712770,19.445842,0.777834,0.040000
z_0112_474.000000.png,#0080ff,3,475.386868,14.405663,0.576227,0.040000
z_0112_474.000000.png,#0082c8,4,360.676190,10.929582,0.437183,0.040000
z_0112_474.000000.png,#00fa9a,3,172.610173,5.230611,0.209224,0.040000
z_0112_474.000000.png,#1e90ff,2,168.953319,5.119798,0.204792,0.040000
z_0112_474.000000.png,#3cb44b,3,263.036580,7.970805,0.318832,0.040000
z_0112_474.000000.png,#40e0d0,6,380.291414,11.523982,0.460959,0.040000
z_0112_474.000000.png,#4169e1,3,294.107648,8.912353,0.356494,0.040000
z_0112_474.000000.png,#46f0f0,1,36.970563,1.120320,0.044813,0.040000
z_0112_474.000000.png,#6a5acd,5,240.793939,7.296786,0.291871,0.040000
z_0112_474.000000.png,#800080,1,77.355339,2.344101,0.093764,0.040000
z_0112_474.000000.png,#8000ff,28,1888.552524,57.228864,2.289155,0.040000
z_0112_474.000000.png,#8080ff,6,135.497475,4.105984,0.164239,0.040000
z_0112_474.000000.png,#80ff80,1,112.468037,3.408122,0.136325,0.040000
z_0112_474.000000.png,#911eb4,4,237.480231,7.196371,0.287855,0.040000
z_0112_474.000000.png,#9acd32,6,445.931024,13.513061,0.540522,0.040000
z_0112_474.000000.png,#a52a2a,2,105.254834,3.189540,0.127582,0.040000
z_0112_474.000000.png,#b22222,7,467.972655,14.180990,0.567240,0.040000
z_0112_474.000000.png,#bcf60c,1,29.313708,0.888294,0.035532,0.040000
z_0112_474.000000.png,#dc143c,10,869.075252,26.335614,1.053425,0.040000
z_0112_474.000000.png,#e6194b,6,519.872150,15.753702,0.630148,0.040000
z_0112_474.000000.png,#ed4ea9,4,257.965512,7.817137,0.312685,0.040000
z_0112_474.000000.png,#f032e6,2,142.811183,4.327612,0.173104,0.040000
z_0112_474.000000.png,#fabebe,1,68.183766,2.066175,0.082647,0.040000
z_0112_474.000000.png,#ff0080,4,163.823376,4.964345,0.198574,0.040000
z_0112_474.000000.png,#ff69b4,1,2.828427,0.085710,0.003428,0.040000
z_0112_474.000000.png,#ff8080,4,272.994949,8.272574,0.330903,0.040000
z_0112_474.000000.png,#ffd700,9,724.322943,21.949180,0.877967,0.040000
z_0113_475.000000.png,#0000ff,3,349.563492,10.592833,0.423713,0.040000
z_0113_475.000000.png,#008080,8,566.256926,17.159301,0.686372,0.040000
z_0113_475.000000.png,#0080ff,4,501.872150,15.208247,0.608330,0.040000
z_0113_475.000000.png,#0082c8,4,343.019336,10.394525,0.415781,0.040000
z_0113_475.000000.png,#00fa9a,3,175.438600,5.316321,0.212653,0.040000
z_0113_475.000000.png,#1e90ff,2,162.710678,4.930627,0.197225,0.040000
z_0113_475.000000.png,#3cb44b,3,265.279221,8.038764,0.321551,0.040000
z_0113_475.000000.png,#40e0d0,6,375.948268,11.392372,0.455695,0.040000
z_0113_475.000000.png,#4169e1,2,176.024387,5.334072,0.213363,0.040000
z_0113_475.000000.png,#46f0f0,1,38.384776,1.163175,0.046527,0.040000
z_0113_475.000000.png,#6a5acd,5,241.722871,7.324935,0.292997,0.040000
z_0113_475.000000.png,#800080,1,80.183766,2.429811,0.097192,0.040000
z_0113_475.000000.png,#8000ff,26,1881.238816,57.007237,2.280289,0.040000
z_0113_475.000000.png,#8080ff,7,145.982756,4.423720,0.176949,0.040000
z_0113_475.000000.png,#80ff80,1,108.568542,3.289956,0.131598,0.040000
z_0113_475.000000.png,#911eb4,3,230.409163,6.982096,0.279284,0.040000
z_0113_475.000000.png,#9acd32,6,450.801082,13.660639,0.546426,0.040000
z_0113_475.000000.png,#a52a2a,2,103.154329,3.125889,0.125036,0.040000
z_0113_475.000000.png,#b22222,6,448.416306,13.588373,0.543535,0.040000
z_0113_475.000000.png,#bcf60c,1,30.727922,0.931149,0.037246,0.040000
z_0113_475.000000.png,#dc143c,11,861.803174,26.115248,1.044610,0.040000
z_0113_475.000000.png,#e6194b,5,512.801082,15.539427,0.621577,0.040000
z_0113_475.000000.png,#ed4ea9,2,154.710678,4.688202,0.187528,0.040000
z_0113_475.000000.png,#f032e6,2,147.639610,4.473928,0.178957,0.040000
z_0113_475.000000.png,#fabebe,1,70.183766,2.126781,0.085071,0.040000
z_0113_475.000000.png,#ff0080,4,174.267027,5.280819,0.211233,0.040000
z_0113_475.000000.png,#ff69b4,2,7.656854,0.232026,0.009281,0.040000
z_0113_475.000000.png,#ff8080,4,286.350288,8.677281,0.347091,0.040000
z_0113_475.000000.png,#ffd700,9,726.322943,22.009786,0.880391,0.040000
z_0114_476.000000.png,#0000ff,3,387.605122,11.745610,0.469824,0.040000
z_0114_476.000000.png,#008080,7,506.658946,15.353301,0.614132,0.040000
z_0114_476.000000.png,#0080ff,5,502.357431,15.222952,0.608918,0.040000
z_0114_476.000000.png,#0082c8,4,318.776695,9.659900,0.386396,0.040000
z_0114_476.000000.png,#00fa9a,3,187.095454,5.669559,0.226782,0.040000
z_0114_476.000000.png,#1e90ff,2,158.225397,4.794709,0.191788,0.040000
z_0114_476.000000.png,#3cb44b,3,270.350288,8.192433,0.327697,0.040000
z_0114_476.000000.png,#40e0d0,7,397.504617,12.045594,0.481824,0.040000
z_0114_476.000000.png,#4169e1,1,140.953319,4.271313,0.170853,0.040000
z_0114_476.000000.png,#46f0f0,1,35.313708,1.070112,0.042804,0.040000
z_0114_476.000000.png,#6a5acd,5,251.036580,7.607169,0.304287,0.040000
z_0114_476.000000.png,#800080,1,81.941125,2.483064,0.099323,0.040000
z_0114_476.000000.png,#8000ff,27,1896.694660,57.475596,2.299024,0.040000
z_0114_476.000000.png,#8080ff,9,147.154329,4.459222,0.178369,0.040000
z_0114_476.000000.png,#80ff80,1,109.982756,3.332811,0.133312,0.040000
z_0114_476.000000.png,#911eb4,3,257.480231,7.802431,0.312097,0.040000
z_0114_476.000000.png,#9acd32,5,472.801082,14.327306,0.573092,0.040000
z_0114_476.000000.png,#a52a2a,2,96.911688,2.936718,0.117469,0.040000
z_0114_476.000000.png,#b22222,6,451.386868,13.678390,0.547136,0.040000
z_0114_476.000000.png,#bcf60c,1,31.556349,0.956253,0.038250,0.040000
z_0114_476.000000.png,#dc143c,12,831.862048,25.207941,1.008318,0.040000
z_0114_476.000000.png,#e6194b,5,501.144228,15.186189,0.607448,0.040000
z_0114_476.000000.png,#ed4ea9,2,159.781746,4.841871,0.193675,0.040000
z_0114_476.000000.png,#f032e6,2,160.468037,4.862668,0.194507,0.040000
z_0114_476.000000.png,#fabebe,1,71.355339,2.162283,0.086491,0.040000
z_0114_476.000000.png,#ff0080,4,214.894444,6.511953,0.260478,0.040000
z_0114_476.000000.png,#ff69b4,1,6.828427,0.206922,0.008277,0.040000
z_0114_476.000000.png,#ff8080,4,275.865007,8.359546,0.334382,0.040000
z_0114_476.000000.png,#ffd700,9,728.465079,22.074699,0.882988,0.040000
z_0115_477.000000.png,#0000ff,5,396.877200,12.026582,0.481063,0.040000
z_0115_477.000000.png,#008080,9,513.345238,15.555916,0.622237,0.040000
z_0115_477.000000.png,#0080ff,4,497.529004,15.076636,0.603065,0.040000
z_0115_477.000000.png,#0082c8,5,351.362482,10.647348,0.425894,0.040000
z_0115_477.000000.png,#00fa9a,3,186.267027,5.644455,0.225778,0.040000
z_0115_477.000000.png,#1e90ff,2,156.124892,4.731057,0.189242,0.040000
z_0115_477.000000.png,#3cb44b,3,272.936075,8.270790,0.330832,0.040000
z_0115_477.000000.png,#40e0d0,7,392.090404,11.881527,0.475261,0.040000
z_0115_477.000000.png,#4169e1,2,306.391919,9.284604,0.371384,0.040000
z_0115_477.000000.png,#46f0f0,1,34.142136,1.034610,0.041384,0.040000
z_0115_477.000000.png,#6a5acd,5,246.450793,7.468206,0.298728,0.040000
z_0115_477.000000.png,#800080,1,81.355339,2.465313,0.098613,0.040000
z_0115_477.000000.png,#8000ff,28,1971.523087,59.743124,2.389725,0.040000
z_0115_477.000000.png,#8080ff,7,164.083261,4.972220,0.198889,0.040000
z_0115_477.000000.png,#80ff80,1,108.225397,3.279557,0.131182,0.040000
z_0115_477.000000.png,#911eb4,3,254.409163,7.709369,0.308375,0.040000
z_0115_477.000000.png,#9acd32,6,458.173665,13.884050,0.555362,0.040000
z_0115_477.000000.png,#a52a2a,2,88.911688,2.694294,0.107772,0.040000
z_0115_477.000000.png,#b22222,6,427.102597,12.942503,0.517700,0.040000
z_0115_477.000000.png,#bcf60c,1,33.798990,1.024212,0.040968,0.040000
z_0115_477.000000.png,#dc143c,14,858.004184,26.000127,1.040005,0.040000
z_0115_477.000000.png,#e6194b,5,493.487373,14.954163,0.598167,0.040000
z_0115_477.000000.png,#ed4ea9,3,141.781746,4.296417,0.171857,0.040000
z_0115_477.000000.png,#f032e6,2,168.124892,5.094694,0.203788,0.040000
z_0115_477.000000.png,#fabebe,1,70.769553,2.144532,0.085781,0.040000
z_0115_477.000000.png,#ff0080,4,238.693434,7.233134,0.289325,0.040000
z_0115_477.000000.png,#ff69b4,1,6.828427,0.206922,0.008277,0.040000
z_0115_477.000000.png,#ff8080,4,265.906638,8.057777,0.322311,0.040000
z_0115_477.000000.png,#ffd700,8,725.050865,21.971238,0.878850,0.040000
z_0116_478.000000.png,#0000ff,5,402.776695,12.205354,0.488214,0.040000
z_0116_478.000000.png,#008080,9,502.416306,15.224737,0.608989,0.040000
z_0116_478.000000.png,#0080ff,5,516.943218,15.664946,0.626598,0.040000
z_0116_478.000000.png,#0082c8,3,306.391919,9.284604,0.371384,0.040000
z_0116_478.000000.png,#00fa9a,3,189.923882,5.755269,0.230211,0.040000
z_0116_478.000000.png,#1e90ff,2,155.882251,4.723705,0.188948,0.040000
z_0116_478.000000.png,#3cb44b,3,273.906638,8.300201,0.332008,0.040000
z_0116_478.000000.png,#40e0d0,6,356.877200,10.814461,0.432578,0.040000
z_0116_478.000000.png,#4169e1,2,254.249783,7.704539,0.308182,0.040000
z_0116_478.000000.png,#46f0f0,1,36.970563,1.120320,0.044813,0.040000
z_0116_478.000000.png,#6a5acd,6,311.078210,9.426612,0.377064,0.040000
z_0116_478.000000.png,#800080,1,72.769553,2.205138,0.088206,0.040000
z_0116_478.000000.png,#8000ff,30,2091.446968,63.377181,2.535087,0.040000
z_0116_478.000000.png,#8080ff,11,154.468037,4.680850,0.187234,0.040000
z_0116_478.000000.png,#80ff80,1,107.982756,3.272205,0.130888,0.040000
z_0116_478.000000.png,#911eb4,3,246.994949,7.484695,0.299388,0.040000
z_0116_478.000000.png,#9acd32,6,439.931024,13.331243,0.533250,0.040000
z_0116_478.000000.png,#a52a2a,2,93.012193,2.818551,0.112742,0.040000
z_0116_478.000000.png,#b22222,6,432.516811,13.106570,0.524263,0.040000
z_0116_478.000000.png,#bcf60c,1,34.970563,1.059714,0.042389,0.040000
z_0116_478.000000.png,#dc143c,12,949.602164,28.775823,1.151033,0.040000
z_0116_478.000000.png,#e6194b,6,502.173665,15.217384,0.608695,0.040000
z_0116_478.000000.png,#ed4ea9,3,122.710678,3.718505,0.148740,0.040000
z_0116_478.000000.png,#f032e6,2,168.124892,5.094694,0.203788,0.040000
z_0116_478.000000.png,#fabebe,1,70.769553,2.144532,0.085781,0.040000
z_0116_478.000000.png,#ff0080,4,258.793939,7.842241,0.313690,0.040000
z_0116_478.000000.png,#ff8080,4,260.249783,7.886357,0.315454,0.040000
z_0116_478.000000.png,#ffd700,8,686.322943,20.797665,0.831907,0.040000
z_0117_479.000000.png,#0000ff,5,397.847763,12.055993,0.482240,0.040000
z_0117_479.000000.png,#008080,10,479.688384,14.536012,0.581440,0.040000
z_0117_479.000000.png,#0080ff,6,537.671140,16.293065,0.651723,0.040000
z_0117_479.000000.png,#0082c8,3,304.977705,9.241749,0.369670,0.040000
z_0117_479.000000.png,#00fa9a,3,192.409163,5.830581,0.233223,0.040000
z_0117_479.000000.png,#1e90ff,2,151.882251,4.602492,0.184100,0.040000
z_0117_479.000000.png,#3cb44b,3,291.320851,8.827905,0.353116,0.040000
z_0117_479.000000.png,#40e0d0,6,343.220346,10.400617,0.416025,0.040000
z_0117_479.000000.png,#4169e1,2,224.793939,6.811938,0.272478,0.040000
z_0117_479.000000.png,#46f0f0,1,35.213203,1.067067,0.042683,0.040000
z_0117_479.000000.png,#6a5acd,6,308.977705,9.362961,0.374518,0.040000
z_0117_479.000000.png,#800080,1,64.284271,1.948008,0.077920,0.040000
z_0117_479.000000.png,#8000ff,31,2074.417531,62.861137,2.514445,0.040000
z_0117_479.000000.png,#8080ff,5,141.740115,4.295155,0.171806,0.040000
z_0117_479.000000.png,#80ff80,1,105.740115,3.204246,0.128170,0.040000
z_0117_479.000000.png,#911eb4,3,232.308658,7.039656,0.281586,0.040000
z_0117_479.000000.png,#9acd32,6,429.688384,13.020860,0.520834,0.040000
z_0117_479.000000.png,#a52a2a,2,100.669048,3.050577,0.122023,0.040000
z_0117_479.000000.png,#b22222,5,510.416306,15.467161,0.618686,0.040000
z_0117_479.000000.png,#bcf60c,1,36.142136,1.095216,0.043809,0.040000
z_0117_479.000000.png,#dc143c,12,921.460028,27.923031,1.116921,0.040000
z_0117_479.000000.png,#e6194b,6,464.374675,14.071960,0.562878,0.040000
z_0117_479.000000.png,#ed4ea9,3,116.468037,3.529334,0.141173,0.040000
z_0117_479.000000.png,#f032e6,2,172.024387,5.212860,0.208514,0.040000
z_0117_479.000000.png,#fabebe,1,60.284271,1.826796,0.073072,0.040000
z_0117_479.000000.png,#ff0080,4,262.208153,7.945702,0.317828,0.040000
z_0117_479.000000.png,#ff69b4,1,2.828427,0.085710,0.003428,0.040000
z_0117_479.000000.png,#ff8080,4,257.178716,7.793294,0.311732,0.040000
z_0117_479.000000.png,#ffd700,8,695.636652,21.079899,0.843196,0.040000
z_0118_480.000000.png,#0000ff,4,370.391919,11.223998,0.448960,0.040000
z_0118_480.000000.png,#008080,9,429.788889,13.023906,0.520956,0.040000
z_0118_480.000000.png,#0080ff,6,544.742207,16.507340,0.660294,0.040000
z_0118_480.000000.png,#0082c8,3,296.149278,8.974221,0.358969,0.040000
z_0118_480.000000.png,#00fa9a,3,187.923882,5.694663,0.227787,0.040000
z_0118_480.000000.png,#1e90ff,2,151.053824,4.577389,0.183096,0.040000
z_0118_480.000000.png,#3cb44b,4,317.806133,9.630489,0.385220,0.040000
z_0118_480.000000.png,#40e0d0,6,358.634560,10.867714,0.434709,0.040000
z_0118_480.000000.png,#4169e1,2,205.379726,6.223628,0.248945,0.040000
z_0118_480.000000.png,#46f0f0,1,36.142136,1.095216,0.043809,0.040000
z_0118_480.000000.png,#6a5acd,7,326.776695,9.902324,0.396093,0.040000
z_0118_480.000000.png,#800080,1,56.284271,1.705584,0.068223,0.040000
z_0118_480.000000.png,#8000ff,27,2166.400287,65.648494,2.625940,0.040000
z_0118_480.000000.png,#8080ff,15,191.338095,5.798124,0.231925,0.040000
z_0118_480.000000.png,#80ff80,1,104.911688,3.179142,0.127166,0.040000
z_0118_480.000000.png,#911eb4,3,219.480231,6.650916,0.266037,0.040000
z_0118_480.000000.png,#9acd32,6,418.859956,12.692726,0.507709,0.040000
z_0118_480.000000.png,#a52a2a,3,103.154329,3.125889,0.125036,0.040000
z_0118_480.000000.png,#b22222,5,492.274170,14.917399,0.596696,0.040000
z_0118_480.000000.png,#bcf60c,1,36.970563,1.120320,0.044813,0.040000
z_0118_480.000000.png,#dc143c,13,872.974747,26.453780,1.058151,0.040000
z_0118_480.000000.png,#e6194b,6,443.546248,13.440795,0.537632,0.040000
z_0118_480.000000.png,#ed4ea9,3,118.811183,3.600339,0.144014,0.040000
z_0118_480.000000.png,#f032e6,2,151.296465,4.584741,0.183390,0.040000
z_0118_480.000000.png,#fabebe,1,52.870058,1.602123,0.064085,0.040000
z_0118_480.000000.png,#ff0080,4,270.793939,8.205877,0.328235,0.040000
z_0118_480.000000.png,#ff8080,4,258.835570,7.843502,0.313740,0.040000
z_0118_480.000000.png,#ffd700,6,656.766594,19.902018,0.796081,0.040000
z_0119_481.000000.png,#0000ff,5,398.918831,12.088449,0.483538,0.040000
z_0119_481.000000.png,#008080,8,389.747258,11.810523,0.472421,0.040000
z_0119_481.000000.png,#0080ff,6,548.884343,16.632859,0.665314,0.040000
z_0119_481.000000.png,#0082c8,3,283.663997,8.595879,0.343835,0.040000
z_0119_481.000000.png,#00fa9a,3,188.509668,5.712414,0.228497,0.040000
z_0119_481.000000.png,#1e90ff,2,144.468037,4.377819,0.175113,0.040000
z_0119_481.000000.png,#3cb44b,3,337.563492,10.229197,0.409168,0.040000
z_0119_481.000000.png,#40e0d0,6,376.090404,11.396679,0.455867,0.040000
z_0119_481.000000.png,#4169e1,2,127.154329,3.853161,0.154126,0.040000
z_0119_481.000000.png,#46f0f0,1,36.727922,1.112967,0.044519,0.040000
z_0119_481.000000.png,#6a5acd,6,375.161472,11.368529,0.454741,0.040000
z_0119_481.000000.png,#800080,2,64.769553,1.962714,0.078509,0.040000
z_0119_481.000000.png,#8000ff,27,2229.956636,67.574444,2.702978,0.040000
z_0119_481.000000.png,#8080ff,9,165.195959,5.005938,0.200238,0.040000
z_0119_481.000000.png,#80ff80,1,105.982756,3.211599,0.128464,0.040000
z_0119_481.000000.png,#911eb4,4,212.409163,6.436641,0.257466,0.040000
z_0119_481.000000.png,#9acd32,7,455.487373,13.802648,0.552106,0.040000
z_0119_481.000000.png,#a52a2a,3,95.840620,2.904261,0.116170,0.040000
z_0119_481.000000.png,#b22222,5,486.759451,14.750286,0.590011,0.040000
z_0119_481.000000.png,#bcf60c,1,36.970563,1.120320,0.044813,0.040000
z_0119_481.000000.png,#dc143c,12,841.376767,25.496266,1.019851,0.040000
z_0119_481.000000.png,#e6194b,5,406.090404,12.305770,0.492231,0.040000
z_0119_481.000000.png,#ed4ea9,3,116.811183,3.539733,0.141589,0.040000
z_0119_481.000000.png,#f032e6,2,149.882251,4.541886,0.181675,0.040000
z_0119_481.000000.png,#fabebe,1,49.213203,1.491309,0.059652,0.040000
z_0119_481.000000.png,#ff0080,4,278.107648,8.427504,0.337100,0.040000
z_0119_481.000000.png,#ff8080,4,262.492424,7.954316,0.318173,0.040000
z_0119_481.000000.png,#ffd700,6,655.310750,19.857902,0.794316,0.040000
z_0120_482.000000.png,#0000ff,5,450.818326,13.661161,0.546446,0.040000
z_0120_482.000000.png,#008080,7,387.989899,11.757270,0.470291,0.040000
z_0120_482.000000.png,#0080ff,7,581.955411,17.635012,0.705400,0.040000
z_0120_482.000000.png,#0082c8,3,267.865007,8.117121,0.324685,0.040000
z_0120_482.000000.png,#00fa9a,3,184.267027,5.583849,0.223354,0.040000
z_0120_482.000000.png,#1e90ff,2,141.882251,4.299462,0.171978,0.040000
z_0120_482.000000.png,#3cb44b,3,322.592929,9.775543,0.391022,0.040000
z_0120_482.000000.png,#40e0d0,4,344.291414,10.433073,0.417323,0.040000
z_0120_482.000000.png,#4169e1,1,74.183766,2.247993,0.089920,0.040000
z_0120_482.000000.png,#46f0f0,1,36.970563,1.120320,0.044813,0.040000
z_0120_482.000000.png,#6a5acd,5,403.303607,12.221321,0.488853,0.040000
z_0120_482.000000.png,#800080,2,70.284271,2.129826,0.085193,0.040000
z_0120_482.000000.png,#8000ff,27,2261.814501,68.539833,2.741593,0.040000
z_0120_482.000000.png,#8080ff,12,179.681241,5.444886,0.217795,0.040000
z_0120_482.000000.png,#80ff80,1,101.982756,3.090387,0.123615,0.040000
z_0120_482.000000.png,#911eb4,4,229.095454,6.942286,0.277691,0.040000
z_0120_482.000000.png,#9acd32,7,479.629509,14.534228,0.581369,0.040000
z_0120_482.000000.png,#a52a2a,3,95.497475,2.893863,0.115755,0.040000
z_0120_482.000000.png,#b22222,6,474.274170,14.371945,0.574878,0.040000
z_0120_482.000000.png,#bcf60c,1,41.213203,1.248885,0.049955,0.040000
z_0120_482.000000.png,#dc143c,12,785.050865,23.789420,0.951577,0.040000
z_0120_482.000000.png,#e6194b,5,389.847763,11.813569,0.472543,0.040000
z_0120_482.000000.png,#ed4ea9,3,114.811183,3.479127,0.139165,0.040000
z_0120_482.000000.png,#f032e6,2,151.053824,4.577389,0.183096,0.040000
z_0120_482.000000.png,#fabebe,1,45.213203,1.370097,0.054804,0.040000
z_0120_482.000000.png,#ff0080,4,287.279221,8.705431,0.348217,0.040000
z_0120_482.000000.png,#ff69b4,2,5.656854,0.171420,0.006857,0.040000
z_0120_482.000000.png,#ff8080,4,281.906638,8.542625,0.341705,0.040000
z_0120_482.000000.png,#ffd700,7,611.813275,18.539796,0.741592,0.040000
z_0121_483.000000.png,#0000ff,4,456.374675,13.829536,0.553181,0.040000
z_0121_483.000000.png,#008080,7,361.019336,10.939980,0.437599,0.040000
z_0121_483.000000.png,#0080ff,6,634.582828,19.229783,0.769191,0.040000
z_0121_483.000000.png,#0082c8,3,264.592929,8.017968,0.320719,0.040000
z_0121_483.000000.png,#00fa9a,3,185.681241,5.626704,0.225068,0.040000
z_0121_483.000000.png,#1e90ff,2,140.367532,4.253562,0.170142,0.040000
z_0121_483.000000.png,#3cb44b,3,325.764502,9.871652,0.394866,0.040000
z_0121_483.000000.png,#40e0d0,3,332.048773,10.062084,0.402483,0.040000
z_0121_483.000000.png,#4169e1,1,62.526912,1.894755,0.075790,0.040000
z_0121_483.000000.png,#46f0f0,1,35.899495,1.087863,0.043515,0.040000
z_0121_483.000000.png,#6a5acd,5,417.889394,12.663315,0.506533,0.040000
z_0121_483.000000.png,#800080,2,69.597980,2.109030,0.084361,0.040000
z_0121_483.000000.png,#8000ff,25,2316.785063,70.205608,2.808224,0.040000
z_0121_483.000000.png,#8080ff,14,262.107648,7.942656,0.317706,0.040000
z_0121_483.000000.png,#80ff80,1,105.639610,3.201200,0.128048,0.040000
z_0121_483.000000.png,#911eb4,4,206.509668,6.257869,0.250315,0.040000
z_0121_483.000000.png,#9acd32,7,528.014285,16.000433,0.640017,0.040000
z_0121_483.000000.png,#a52a2a,3,89.012193,2.697339,0.107894,0.040000
z_0121_483.000000.png,#b22222,6,447.303607,13.554655,0.542186,0.040000
z_0121_483.000000.png,#bcf60c,1,41.213203,1.248885,0.049955,0.040000
z_0121_483.000000.png,#dc143c,12,717.595021,21.745304,0.869812,0.040000
z_0121_483.000000.png,#e6194b,5,398.575685,12.078051,0.483122,0.040000
z_0121_483.000000.png,#ed4ea9,3,111.154329,3.368313,0.134733,0.040000
z_0121_483.000000.png,#f032e6,2,152.124892,4.609845,0.184394,0.040000
z_0121_483.000000.png,#fabebe,1,40.627417,1.231134,0.049245,0.040000
z_0121_483.000000.png,#ff0080,3,304.492424,9.227043,0.369082,0.040000
z_0121_483.000000.png,#ff8080,4,307.462987,9.317060,0.372682,0.040000
z_0121_483.000000.png,#ffd700,7,577.813275,17.509493,0.700380,0.040000
z_0122_484.000000.png,#0000ff,5,448.617316,13.594464,0.543779,0.040000
z_0122_484.000000.png,#008080,6,326.735065,9.901063,0.396043,0.040000
z_0122_484.000000.png,#0080ff,6,637.997041,19.333244,0.773330,0.040000
z_0122_484.000000.png,#0082c8,4,288.149278,8.731796,0.349272,0.040000
z_0122_484.000000.png,#00fa9a,3,182.610173,5.533642,0.221346,0.040000
z_0122_484.000000.png,#1e90ff,2,140.367532,4.253562,0.170142,0.040000
z_0122_484.000000.png,#3cb44b,3,332.391919,10.072482,0.402899,0.040000
z_0122_484.000000.png,#40e0d0,4,318.249783,9.643933,0.385757,0.040000
z_0122_484.000000.png,#4169e1,1,55.355339,1.677435,0.067097,0.040000
z_0122_484.000000.png,#46f0f0,1,34.142136,1.034610,0.041384,0.040000
z_0122_484.000000.png,#6a5acd,5,435.445743,13.195326,0.527813,0.040000
z_0122_484.000000.png,#800080,2,76.183766,2.308599,0.092344,0.040000
z_0122_484.000000.png,#8000ff,21,2320.240908,70.310331,2.812413,0.040000
z_0122_484.000000.png,#8080ff,17,296.835570,8.995017,0.359801,0.040000
z_0122_484.000000.png,#80ff80,1,105.396970,3.193848,0.127754,0.040000
z_0122_484.000000.png,#911eb4,4,174.124892,5.276512,0.211060,0.040000
z_0122_484.000000.png,#9acd32,6,537.286363,16.281405,0.651256,0.040000
z_0122_484.000000.png,#a52a2a,2,98.669048,2.989971,0.119599,0.040000
z_0122_484.000000.png,#b22222,6,423.646753,12.837780,0.513511,0.040000
z_0122_484.000000.png,#bcf60c,1,39.798990,1.206030,0.048241,0.040000
z_0122_484.000000.png,#dc143c,11,677.009235,20.515431,0.820617,0.040000
z_0122_484.000000.png,#e6194b,6,441.646753,13.383235,0.535329,0.040000
z_0122_484.000000.png,#ed4ea9,3,111.982756,3.393417,0.135737,0.040000
z_0122_484.000000.png,#f032e6,2,159.539105,4.834518,0.193381,0.040000
z_0122_484.000000.png,#fabebe,1,43.798990,1.327242,0.053090,0.040000
z_0122_484.000000.png,#ff0080,3,310.592929,9.411907,0.376476,0.040000
z_0122_484.000000.png,#ff8080,4,337.504617,10.227413,0.409097,0.040000
z_0122_484.000000.png,#ffd700,7,568.014285,17.212554,0.688502,0.040000
z_0123_485.000000.png,#0000ff,4,412.818326,12.509646,0.500386,0.040000
z_0123_485.000000.png,#008080,6,301.421356,9.133980,0.365359,0.040000
z_0123_485.000000.png,#0080ff,6,649.168614,19.671776,0.786871,0.040000
z_0123_485.000000.png,#0082c8,3,277.178716,8.399355,0.335974,0.040000
z_0123_485.000000.png,#00fa9a,3,175.681241,5.323674,0.212947,0.040000
z_0123_485.000000.png,#1e90ff,2,141.781746,4.296417,0.171857,0.040000
z_0123_485.000000.png,#3cb44b,3,333.078210,10.093279,0.403731,0.040000
z_0123_485.000000.png,#40e0d0,3,270.551299,8.198524,0.327941,0.040000
z_0123_485.000000.png,#4169e1,1,44.041631,1.334595,0.053384,0.040000
z_0123_485.000000.png,#46f0f0,1,33.899495,1.027257,0.041090,0.040000
z_0123_485.000000.png,#6a5acd,5,449.688384,13.626921,0.545077,0.040000
z_0123_485.000000.png,#800080,2,76.183766,2.308599,0.092344,0.040000
z_0123_485.000000.png,#8000ff,22,2294.868325,69.541464,2.781659,0.040000
z_0123_485.000000.png,#8080ff,14,319.806133,9.691095,0.387644,0.040000
z_0123_485.000000.png,#80ff80,1,104.811183,3.176096,0.127044,0.040000
z_0123_485.000000.png,#911eb4,6,223.965512,6.786834,0.271473,0.040000
z_0123_485.000000.png,#9acd32,5,530.842712,16.086143,0.643446,0.040000
z_0123_485.000000.png,#a52a2a,2,92.769553,2.811199,0.112448,0.040000
z_0123_485.000000.png,#b22222,5,388.918831,11.785419,0.471417,0.040000
z_0123_485.000000.png,#bcf60c,1,39.213203,1.188279,0.047531,0.040000
z_0123_485.000000.png,#dc143c,12,700.908730,21.239658,0.849586,0.040000
z_0123_485.000000.png,#e6194b,5,402.918831,12.209662,0.488386,0.040000
z_0123_485.000000.png,#ed4ea9,3,121.154329,3.671343,0.146854,0.040000
z_0123_485.000000.png,#f032e6,2,161.539105,4.895124,0.195805,0.040000
z_0123_485.000000.png,#fabebe,1,54.870058,1.662729,0.066509,0.040000
z_0123_485.000000.png,#ff0080,3,325.320851,9.858208,0.394328,0.040000
z_0123_485.000000.png,#ff8080,4,380.717821,11.536904,0.461476,0.040000
z_0123_485.000000.png,#ffd700,7,581.813275,17.630705,0.705228,0.040000
z_0124_486.000000.png,#0000ff,4,402.918831,12.209662,0.488386,0.040000
z_0124_486.000000.png,#008080,5,255.237590,7.734472,0.309379,0.040000
z_0124_486.000000.png,#0080ff,7,645.511760,19.560962,0.782438,0.040000
z_0124_486.000000.png,#0082c8,2,235.137085,7.125366,0.285015,0.040000
z_0124_486.000000.png,#00fa9a,3,164.953319,4.998585,0.199943,0.040000
z_0124_486.000000.png,#1e90ff,2,141.296465,4.281711,0.171268,0.040000
z_0124_486.000000.png,#3cb44b,3,340.048773,10.304508,0.412180,0.040000
z_0124_486.000000.png,#40e0d0,3,253.379726,7.678174,0.307127,0.040000
z_0124_486.000000.png,#4169e1,1,30.142136,0.913398,0.036536,0.040000
z_0124_486.000000.png,#46f0f0,1,32.727922,0.991755,0.039670,0.040000
z_0124_486.000000.png,#6a5acd,6,454.658946,13.777544,0.551102,0.040000
z_0124_486.000000.png,#800080,2,75.941125,2.301246,0.092050,0.040000
z_0124_486.000000.png,#8000ff,27,2316.868325,70.208131,2.808325,0.040000
z_0124_486.000000.png,#8080ff,10,367.462987,11.135242,0.445410,0.040000
z_0124_486.000000.png,#80ff80,1,103.740115,3.143640,0.125746,0.040000
z_0124_486.000000.png,#911eb4,8,273.178716,8.278143,0.331126,0.040000
z_0124_486.000000.png,#9acd32,6,569.286363,17.251102,0.690044,0.040000
z_0124_486.000000.png,#a52a2a,2,90.669048,2.747547,0.109902,0.040000
z_0124_486.000000.png,#b22222,5,390.918831,11.846025,0.473841,0.040000
z_0124_486.000000.png,#bcf60c,1,41.213203,1.248885,0.049955,0.040000
z_0124_486.000000.png,#dc143c,10,653.553391,19.804648,0.792186,0.040000
z_0124_486.000000.png,#e6194b,5,406.433550,12.316168,0.492647,0.040000
z_0124_486.000000.png,#ed4ea9,3,124.468037,3.771759,0.150870,0.040000
z_0124_486.000000.png,#f032e6,2,175.195959,5.308968,0.212359,0.040000
z_0124_486.000000.png,#fabebe,1,58.526912,1.773543,0.070942,0.040000
z_0124_486.000000.png,#ff0080,3,329.563492,9.986772,0.399471,0.040000
z_0124_486.000000.png,#ff69b4,1,20.485281,0.620766,0.024831,0.040000
z_0124_486.000000.png,#ff8080,6,448.274170,13.584066,0.543363,0.040000
z_0124_486.000000.png,#ffd700,7,595.813275,18.054948,0.722198,0.040000
z_0125_487.000000.png,#0000ff,4,390.433550,11.831320,0.473253,0.040000
z_0125_487.000000.png,#008080,5,280.107648,8.488111,0.339524,0.040000
z_0125_487.000000.png,#0080ff,5,652.825469,19.782590,0.791304,0.040000
z_0125_487.000000.png,#0082c8,2,222.651804,6.747024,0.269881,0.040000
z_0125_487.000000.png,#00fa9a,3,158.124892,4.791663,0.191667,0.040000
z_0125_487.000000.png,#1e90ff,2,141.639610,4.292109,0.171684,0.040000
z_0125_487.000000.png,#3cb44b,3,354.190909,10.733058,0.429322,0.040000
z_0125_487.000000.png,#40e0d0,3,219.823376,6.661314,0.266453,0.040000
z_0125_487.000000.png,#4169e1,1,15.313708,0.464052,0.018562,0.040000
z_0125_487.000000.png,#46f0f0,1,31.556349,0.956253,0.038250,0.040000
z_0125_487.000000.png,#6a5acd,8,548.499567,16.621199,0.664848,0.040000
z_0125_487.000000.png,#800080,1,77.597980,2.351454,0.094058,0.040000
z_0125_487.000000.png,#8000ff,23,2387.093721,72.336173,2.893447,0.040000
z_0125_487.000000.png,#8080ff,16,410.475180,12.438642,0.497546,0.040000
z_0125_487.000000.png,#80ff80,1,102.911688,3.118536,0.124741,0.040000
z_0125_487.000000.png,#911eb4,8,312.391919,9.466422,0.378657,0.040000
z_0125_487.000000.png,#9acd32,5,574.842712,17.419476,0.696779,0.040000
z_0125_487.000000.png,#a52a2a,2,83.840620,2.540625,0.101625,0.040000
z_0125_487.000000.png,#b22222,5,398.918831,12.088449,0.483538,0.040000
z_0125_487.000000.png,#bcf60c,2,63.112698,1.912506,0.076500,0.040000
z_0125_487.000000.png,#dc143c,8,623.026479,18.879590,0.755184,0.040000
z_0125_487.000000.png,#e6194b,6,499.830519,15.146379,0.605855,0.040000
z_0125_487.000000.png,#ed4ea9,3,125.882251,3.814614,0.152585,0.040000
z_0125_487.000000.png,#f032e6,4,197.580736,5.987295,0.239492,0.040000
z_0125_487.000000.png,#fabebe,1,62.183766,1.884357,0.075374,0.040000
z_0125_487.000000.png,#ff0080,3,322.249783,9.765145,0.390606,0.040000
z_0125_487.000000.png,#ff69b4,1,67.112698,2.033718,0.081349,0.040000
z_0125_487.000000.png,#ff8080,6,533.629509,16.170591,0.646824,0.040000
z_0125_487.000000.png,#ffd700,7,602.256926,18.250210,0.730008,0.040000
z_0126_488.000000.png,#0000ff,3,385.462987,11.680697,0.467228,0.040000
z_0126_488.000000.png,#008080,3,287.320851,8.706692,0.348268,0.040000
z_0126_488.000000.png,#0080ff,4,641.754401,19.447103,0.777884,0.040000
z_0126_488.000000.png,#0082c8,2,214.894444,6.511953,0.260478,0.040000
z_0126_488.000000.png,#00fa9a,3,149.539105,4.531488,0.181260,0.040000
z_0126_488.000000.png,#1e90ff,2,144.811183,4.388218,0.175529,0.040000
z_0126_488.000000.png,#3cb44b,3,362.877200,10.996279,0.439851,0.040000
z_0126_488.000000.png,#40e0d0,3,215.480231,6.529704,0.261188,0.040000
z_0126_488.000000.png,#46f0f0,1,29.313708,0.888294,0.035532,0.040000
z_0126_488.000000.png,#6a5acd,8,566.842712,17.177052,0.687082,0.040000
z_0126_488.000000.png,#800080,1,75.254834,2.280450,0.091218,0.040000
z_0126_488.000000.png,#8000ff,27,2417.176982,73.247787,2.929911,0.040000
z_0126_488.000000.png,#8080ff,11,405.404112,12.284973,0.491399,0.040000
z_0126_488.000000.png,#80ff80,1,101.154329,3.065283,0.122611,0.040000
z_0126_488.000000.png,#911eb4,7,376.333044,11.404032,0.456161,0.040000
z_0126_488.000000.png,#9acd32,6,589.913780,17.876175,0.715047,0.040000
z_0126_488.000000.png,#a52a2a,2,80.183766,2.429811,0.097192,0.040000
z_0126_488.000000.png,#b22222,7,417.445743,12.649871,0.505995,0.040000
z_0126_488.000000.png,#bcf60c,2,69.112698,2.094324,0.083773,0.040000
z_0126_488.000000.png,#dc143c,8,629.411255,19.073068,0.762923,0.040000
z_0126_488.000000.png,#e6194b,4,437.203102,13.248579,0.529943,0.040000
z_0126_488.000000.png,#ed4ea9,4,185.580736,5.623659,0.224946,0.040000
z_0126_488.000000.png,#f032e6,3,164.852814,4.995540,0.199822,0.040000
z_0126_488.000000.png,#fabebe,1,65.840620,1.995170,0.079807,0.040000
z_0126_488.000000.png,#ff0080,3,324.391919,9.830058,0.393202,0.040000
z_0126_488.000000.png,#ff69b4,1,90.669048,2.747547,0.109902,0.040000
z_0126_488.000000.png,#ff8080,5,600.641702,18.201264,0.728051,0.040000
z_0126_488.000000.png,#ffd700,9,632.156421,19.156255,0.766250,0.040000
z_0127_489.000000.png,#0000ff,4,390.776695,11.841718,0.473669,0.040000
z_0127_489.000000.png,#008080,3,284.149278,8.610584,0.344423,0.040000
z_0127_489.000000.png,#0080ff,4,630.541197,19.107309,0.764292,0.040000
z_0127_489.000000.png,#0082c8,2,206.651804,6.262176,0.250487,0.040000
z_0127_489.000000.png,#00fa9a,3,145.882251,4.420674,0.176827,0.040000
z_0127_489.000000.png,#1e90ff,3,169.781746,5.144901,0.205796,0.040000
z_0127_489.000000.png,#3cb44b,3,358.877200,10.875067,0.435003,0.040000
z_0127_489.000000.png,#40e0d0,4,202.409163,6.133611,0.245344,0.040000
z_0127_489.000000.png,#46f0f0,1,29.899495,0.906045,0.036242,0.040000
z_0127_489.000000.png,#6a5acd,8,567.771645,17.205201,0.688208,0.040000
z_0127_489.000000.png,#800080,1,71.941125,2.180034,0.087201,0.040000
z_0127_489.000000.png,#8000ff,25,2423.963779,73.453448,2.938138,0.040000
z_0127_489.000000.png,#8080ff,8,419.060967,12.698817,0.507953,0.040000
z_0127_489.000000.png,#80ff80,1,101.154329,3.065283,0.122611,0.040000
z_0127_489.000000.png,#911eb4,7,399.362482,12.101893,0.484076,0.040000
z_0127_489.000000.png,#9acd32,6,585.470129,17.741519,0.709661,0.040000
z_0127_489.000000.png,#a52a2a,2,75.597980,2.290848,0.091634,0.040000
z_0127_489.000000.png,#b22222,7,421.102597,12.760685,0.510427,0.040000
z_0127_489.000000.png,#bcf60c,2,78.526912,2.379603,0.095184,0.040000
z_0127_489.000000.png,#dc143c,9,631.126984,19.125060,0.765002,0.040000
z_0127_489.000000.png,#e6194b,4,413.847763,12.540841,0.501634,0.040000
z_0127_489.000000.png,#ed4ea9,4,220.308658,6.676020,0.267041,0.040000
z_0127_489.000000.png,#f032e6,3,137.539105,4.167852,0.166714,0.040000
z_0127_489.000000.png,#fabebe,1,70.083261,2.123735,0.084949,0.040000
z_0127_489.000000.png,#ff0080,3,327.462987,9.923121,0.396925,0.040000
z_0127_489.000000.png,#ff69b4,2,110.325902,3.343209,0.133728,0.040000
z_0127_489.000000.png,#ff8080,6,633.168614,19.186928,0.767477,0.040000
z_0127_489.000000.png,#ffd700,9,626.014285,18.970130,0.758805,0.040000
z_0128_490.000000.png,#0000ff,3,198.994949,6.030150,0.241206,0.040000
z_0128_490.000000.png,#008080,3,283.663997,8.595879,0.343835,0.040000
z_0128_490.000000.png,#0080ff,4,610.984848,18.514692,0.740588,0.040000
z_0128_490.000000.png,#0082c8,2,196.752309,5.962191,0.238488,0.040000
z_0128_490.000000.png,#00fa9a,3,138.225397,4.188648,0.167546,0.040000
z_0128_490.000000.png,#1e90ff,3,212.409163,6.436641,0.257466,0.040000
z_0128_490.000000.png,#3cb44b,3,350.877200,10.632642,0.425306,0.040000
z_0128_490.000000.png,#40e0d0,4,195.237590,5.916291,0.236652,0.040000
z_0128_490.000000.png,#46f0f0,1,27.313708,0.827688,0.033108,0.040000
z_0128_490.000000.png,#6a5acd,6,591.327994,17.919030,0.716761,0.040000
z_0128_490.000000.png,#800080,1,65.455844,1.983510,0.079340,0.040000
z_0128_490.000000.png,#8000ff,22,2439.319118,73.918761,2.956750,0.040000
z_0128_490.000000.png,#8080ff,10,451.345238,13.677128,0.547085,0.040000
z_0128_490.000000.png,#80ff80,1,98.083261,2.972220,0.118889,0.040000
z_0128_490.000000.png,#911eb4,7,412.676190,12.505339,0.500214,0.040000
z_0128_490.000000.png,#9acd32,8,623.955411,18.907740,0.756310,0.040000
z_0128_490.000000.png,#a52a2a,2,67.941125,2.058822,0.082353,0.040000
z_0128_490.000000.png,#b22222,6,447.144228,13.549825,0.541993,0.040000
z_0128_490.000000.png,#bcf60c,1,77.840620,2.358807,0.094352,0.040000
z_0128_490.000000.png,#dc143c,9,602.055916,18.244119,0.729765,0.040000
z_0128_490.000000.png,#e6194b,4,406.090404,12.305770,0.492231,0.040000
z_0128_490.000000.png,#ed4ea9,4,287.462987,8.711000,0.348440,0.040000
z_0128_490.000000.png,#f032e6,2,101.982756,3.090387,0.123615,0.040000
z_0128_490.000000.png,#fabebe,1,73.740115,2.234549,0.089382,0.040000
z_0128_490.000000.png,#ff0080,3,329.462987,9.983727,0.399349,0.040000
z_0128_490.000000.png,#ff69b4,1,120.669048,3.656638,0.146266,0.040000
z_0128_490.000000.png,#ff8080,6,644.884343,19.541950,0.781678,0.040000
z_0128_490.000000.png,#ffd700,8,686.399062,20.799972,0.831999,0.040000
z_0129_491.000000.png,#0000ff,3,185.823376,5.631011,0.225240,0.040000
z_0129_491.000000.png,#008080,3,277.521861,8.409753,0.336390,0.040000
z_0129_491.000000.png,#0080ff,5,617.126984,18.700818,0.748033,0.040000
z_0129_491.000000.png,#0082c8,3,192.509668,5.833626,0.233345,0.040000
z_0129_491.000000.png,#00fa9a,3,134.468037,4.074789,0.162992,0.040000
z_0129_491.000000.png,#1e90ff,2,213.095454,6.457438,0.258298,0.040000
z_0129_491.000000.png,#3cb44b,3,290.350288,8.798494,0.351940,0.040000
z_0129_491.000000.png,#40e0d0,4,185.681241,5.626704,0.225068,0.040000
z_0129_491.000000.png,#46f0f0,1,28.727922,0.870543,0.034822,0.040000
z_0129_491.000000.png,#6a5acd,5,521.244733,15.795295,0.631812,0.040000
z_0129_491.000000.png,#800080,1,59.698485,1.809045,0.072362,0.040000
z_0129_491.000000.png,#8000ff,21,2445.461254,74.104886,2.964195,0.040000
z_0129_491.000000.png,#8080ff,10,433.931024,13.149425,0.525977,0.040000
z_0129_491.000000.png,#80ff80,1,98.083261,2.972220,0.118889,0.040000
z_0129_491.000000.png,#911eb4,6,451.060967,13.668514,0.546741,0.040000
z_0129_491.000000.png,#9acd32,7,581.085353,17.608647,0.704346,0.040000
z_0129_491.000000.png,#a52a2a,1,52.870058,1.602123,0.064085,0.040000
z_0129_491.000000.png,#b22222,6,459.730014,13.931213,0.557249,0.040000
z_0129_491.000000.png,#bcf60c,1,80.426407,2.437164,0.097487,0.040000
z_0129_491.000000.png,#dc143c,9,589.813275,17.873130,0.714925,0.040000
z_0129_491.000000.png,#e6194b,5,406.818326,12.327828,0.493113,0.040000
z_0129_491.000000.png,#ed4ea9,3,296.391919,8.981573,0.359263,0.040000
z_0129_491.000000.png,#f032e6,1,67.840620,2.055776,0.082231,0.040000
z_0129_491.000000.png,#fabebe,1,82.568542,2.502077,0.100083,0.040000
z_0129_491.000000.png,#ff0080,3,332.977705,10.090233,0.403609,0.040000
z_0129_491.000000.png,#ff8080,4,643.470129,19.499095,0.779964,0.040000
z_0129_491.000000.png,#ffd700,7,711.754401,21.568315,0.862733,0.040000
z_0130_492.000000.png,#0000ff,3,165.781746,5.023689,0.200948,0.040000
z_0130_492.000000.png,#008080,3,276.450793,8.377297,0.335092,0.040000
z_0130_492.000000.png,#0080ff,6,588.298557,17.827229,0.713089,0.040000
z_0130_492.000000.png,#0082c8,3,158.710678,4.809414,0.192377,0.040000
z_0130_492.000000.png,#00fa9a,3,123.154329,3.731949,0.149278,0.040000
z_0130_492.000000.png,#1e90ff,2,220.066017,6.668667,0.266747,0.040000
z_0130_492.000000.png,#3cb44b,2,287.764502,8.720136,0.348805,0.040000
z_0130_492.000000.png,#40e0d0,4,180.852814,5.480388,0.219216,0.040000
z_0130_492.000000.png,#46f0f0,1,27.313708,0.827688,0.033108,0.040000
z_0130_492.000000.png,#6a5acd,5,517.185858,15.672299,0.626892,0.040000
z_0130_492.000000.png,#800080,1,56.526912,1.712937,0.068517,0.040000
z_0130_492.000000.png,#8000ff,22,2389.963779,72.423145,2.896926,0.040000
z_0130_492.000000.png,#8080ff,10,451.102597,13.669776,0.546791,0.040000
z_0130_492.000000.png,#80ff80,1,96.669048,2.929365,0.117175,0.040000
z_0130_492.000000.png,#911eb4,8,415.948268,12.604493,0.504180,0.040000
z_0130_492.000000.png,#9acd32,7,538.457936,16.316907,0.652676,0.040000
z_0130_492.000000.png,#a52a2a,1,54.284271,1.644978,0.065799,0.040000
z_0130_492.000000.png,#b22222,6,487.386868,14.769299,0.590772,0.040000
z_0130_492.000000.png,#bcf60c,1,76.183766,2.308599,0.092344,0.040000
z_0130_492.000000.png,#dc143c,8,548.014285,16.606493,0.664260,0.040000
z_0130_492.000000.png,#e6194b,4,382.090404,11.578497,0.463140,0.040000
z_0130_492.000000.png,#ed4ea9,4,298.391919,9.042179,0.361687,0.040000
z_0130_492.000000.png,#f032e6,1,74.426407,2.255346,0.090214,0.040000
z_0130_492.000000.png,#fabebe,1,89.982756,2.726750,0.109070,0.040000
z_0130_492.000000.png,#ff0080,3,336.735065,10.204093,0.408164,0.040000
z_0130_492.000000.png,#ff8080,6,598.943218,18.149794,0.725992,0.040000
z_0130_492.000000.png,#ffd700,8,757.009235,22.939674,0.917587,0.040000
z_0131_493.000000.png,#0000ff,3,165.438600,5.013291,0.200532,0.040000
z_0131_493.000000.png,#008080,3,273.036580,8.273836,0.330953,0.040000
z_0131_493.000000.png,#0080ff,6,586.641702,17.777021,0.711081,0.040000
z_0131_493.000000.png,#0082c8,3,158.710678,4.809414,0.192377,0.040000
z_0131_493.000000.png,#00fa9a,3,125.982756,3.817659,0.152706,0.040000
z_0131_493.000000.png,#1e90ff,2,220.066017,6.668667,0.266747,0.040000
z_0131_493.000000.png,#3cb44b,2,287.764502,8.720136,0.348805,0.040000
z_0131_493.000000.png,#40e0d0,4,182.509668,5.530596,0.221224,0.040000
z_0131_493.000000.png,#46f0f0,1,27.313708,0.827688,0.033108,0.040000
z_0131_493.000000.png,#6a5acd,5,517.428499,15.679651,0.627186,0.040000
z_0131_493.000000.png,#800080,1,56.526912,1.712937,0.068517,0.040000
z_0131_493.000000.png,#8000ff,22,2387.520128,72.349095,2.893964,0.040000
z_0131_493.000000.png,#8080ff,12,454.759451,13.780589,0.551224,0.040000
z_0131_493.000000.png,#80ff80,1,97.497475,2.954469,0.118179,0.040000
z_0131_493.000000.png,#911eb4,8,413.362482,12.526136,0.501045,0.040000
z_0131_493.000000.png,#9acd32,7,532.215295,16.127736,0.645109,0.040000
z_0131_493.000000.png,#a52a2a,1,54.284271,1.644978,0.065799,0.040000
z_0131_493.000000.png,#b22222,6,489.144228,14.822552,0.592902,0.040000
z_0131_493.000000.png,#bcf60c,1,76.183766,2.308599,0.092344,0.040000
z_0131_493.000000.png,#dc143c,8,547.428499,16.588742,0.663550,0.040000
z_0131_493.000000.png,#e6194b,4,379.504617,11.500140,0.460006,0.040000
z_0131_493.000000.png,#ed4ea9,4,296.391919,8.981573,0.359263,0.040000
z_0131_493.000000.png,#f032e6,1,74.426407,2.255346,0.090214,0.040000
z_0131_493.000000.png,#fabebe,1,89.982756,2.726750,0.109070,0.040000
z_0131_493.000000.png,#ff0080,3,335.906638,10.178989,0.407160,0.040000
z_0131_493.000000.png,#ff8080,5,596.943218,18.089188,0.723568,0.040000
z_0131_493.000000.png,#ffd700,8,759.837662,23.025384,0.921015,0.040000
z_0132_494.000000.png,#0000ff,3,172.752309,5.234918,0.209397,0.040000
z_0132_494.000000.png,#008080,3,260.551299,7.895494,0.315820,0.040000
z_0132_494.000000.png,#0080ff,4,565.913780,17.148902,0.685956,0.040000
z_0132_494.000000.png,#0082c8,1,92.568542,2.805107,0.112204,0.040000
z_0132_494.000000.png,#00fa9a,3,124.811183,3.782157,0.151286,0.040000
z_0132_494.000000.png,#1e90ff,2,245.480231,7.438795,0.297552,0.040000
z_0132_494.000000.png,#3cb44b,2,290.350288,8.798494,0.351940,0.040000
z_0132_494.000000.png,#40e0d0,4,164.267027,4.977789,0.199112,0.040000
z_0132_494.000000.png,#46f0f0,1,31.556349,0.956253,0.038250,0.040000
z_0132_494.000000.png,#6a5acd,5,488.315801,14.797449,0.591898,0.040000
z_0132_494.000000.png,#800080,1,48.526912,1.470512,0.058820,0.040000
z_0132_494.000000.png,#8000ff,25,2282.726189,69.173521,2.766941,0.040000
z_0132_494.000000.png,#8080ff,12,434.960461,13.180620,0.527225,0.040000
z_0132_494.000000.png,#80ff80,1,89.840620,2.722443,0.108898,0.040000
z_0132_494.000000.png,#911eb4,7,315.906638,9.572928,0.382917,0.040000
z_0132_494.000000.png,#9acd32,5,341.563492,10.350409,0.414016,0.040000
z_0132_494.000000.png,#a52a2a,1,50.870058,1.541517,0.061661,0.040000
z_0132_494.000000.png,#b22222,6,496.114790,15.033782,0.601351,0.040000
z_0132_494.000000.png,#bcf60c,1,68.284271,2.069220,0.082769,0.040000
z_0132_494.000000.png,#dc143c,6,488.416306,14.800494,0.592020,0.040000
z_0132_494.000000.png,#e6194b,4,482.457936,14.619937,0.584797,0.040000
z_0132_494.000000.png,#ed4ea9,3,279.563492,8.471621,0.338865,0.040000
z_0132_494.000000.png,#f032e6,1,119.154329,3.610737,0.144429,0.040000
z_0132_494.000000.png,#fabebe,1,34.384776,1.041963,0.041679,0.040000
z_0132_494.000000.png,#ff0080,4,423.404112,12.830428,0.513217,0.040000
z_0132_494.000000.png,#ff8080,5,518.073160,15.699187,0.627967,0.040000
z_0132_494.000000.png,#ffd700,8,836.121933,25.337028,1.013481,0.040000
z_0133_495.000000.png,#0000ff,3,177.438600,5.376927,0.215077,0.040000
z_0133_495.000000.png,#008080,3,265.379726,8.041810,0.321672,0.040000
z_0133_495.000000.png,#0080ff,5,544.943218,16.513431,0.660537,0.040000
z_0133_495.000000.png,#0082c8,1,91.740115,2.780003,0.111200,0.040000
z_0133_495.000000.png,#00fa9a,3,119.053824,3.607692,0.144308,0.040000
z_0133_495.000000.png,#1e90ff,2,262.107648,7.942656,0.317706,0.040000
z_0133_495.000000.png,#3cb44b,2,288.450793,8.740933,0.349637,0.040000
z_0133_495.000000.png,#40e0d0,4,161.681241,4.899432,0.195977,0.040000
z_0133_495.000000.png,#46f0f0,1,30.727922,0.931149,0.037246,0.040000
z_0133_495.000000.png,#6a5acd,5,461.002092,13.969760,0.558790,0.040000
z_0133_495.000000.png,#800080,1,44.627417,1.352346,0.054094,0.040000
z_0133_495.000000.png,#8000ff,25,2473.922148,74.967338,2.998694,0.040000
z_0133_495.000000.png,#8080ff,10,387.362482,11.738257,0.469530,0.040000
z_0133_495.000000.png,#80ff80,1,87.254834,2.644086,0.105763,0.040000
z_0133_495.000000.png,#911eb4,7,288.007143,8.727489,0.349100,0.040000
z_0133_495.000000.png,#9acd32,5,342.776695,10.387173,0.415487,0.040000
z_0133_495.000000.png,#a52a2a,1,48.627417,1.473558,0.058942,0.040000
z_0133_495.000000.png,#b22222,7,504.901587,15.300048,0.612002,0.040000
z_0133_495.000000.png,#bcf60c,1,66.284271,2.008614,0.080345,0.040000
z_0133_495.000000.png,#dc143c,6,493.144228,14.943764,0.597751,0.040000
z_0133_495.000000.png,#e6194b,3,431.144228,13.064977,0.522599,0.040000
z_0133_495.000000.png,#ed4ea9,3,282.048773,8.546933,0.341877,0.040000
z_0133_495.000000.png,#f032e6,1,119.396970,3.618090,0.144724,0.040000
z_0133_495.000000.png,#fabebe,1,30.970563,0.938502,0.037540,0.040000
z_0133_495.000000.png,#ff0080,4,440.475180,13.347733,0.533909,0.040000
z_0133_495.000000.png,#ff8080,5,312.391919,9.466422,0.378657,0.040000
z_0133_495.000000.png,#ffd700,10,920.347330,27.889313,1.115573,0.040000
z_0134_496.000000.png,#0000ff,3,178.267027,5.402031,0.216081,0.040000
z_0134_496.000000.png,#008080,3,265.965512,8.059561,0.322382,0.040000
z_0134_496.000000.png,#0080ff,5,543.529004,16.470576,0.658823,0.040000
z_0134_496.000000.png,#0082c8,1,91.740115,2.780003,0.111200,0.040000
z_0134_496.000000.png,#00fa9a,3,118.468037,3.589941,0.143598,0.040000
z_0134_496.000000.png,#1e90ff,2,261.521861,7.924905,0.316996,0.040000
z_0134_496.000000.png,#3cb44b,2,287.622366,8.715829,0.348633,0.040000
z_0134_496.000000.png,#40e0d0,4,160.852814,4.874328,0.194973,0.040000
z_0134_496.000000.png,#46f0f0,1,31.556349,0.956253,0.038250,0.040000
z_0134_496.000000.png,#6a5acd,5,469.830519,14.237288,0.569492,0.040000
z_0134_496.000000.png,#800080,1,44.627417,1.352346,0.054094,0.040000
z_0134_496.000000.png,#8000ff,26,2486.306925,75.342634,3.013705,0.040000
z_0134_496.000000.png,#8080ff,12,394.190909,11.945179,0.477807,0.040000
z_0134_496.000000.png,#80ff80,1,86.669048,2.626335,0.105053,0.040000
z_0134_496.000000.png,#911eb4,7,295.421356,8.952162,0.358086,0.040000
z_0134_496.000000.png,#9acd32,5,341.948268,10.362069,0.414483,0.040000
z_0134_496.000000.png,#a52a2a,1,48.041631,1.455807,0.058232,0.040000
z_0134_496.000000.png,#b22222,7,504.658946,15.292695,0.611708,0.040000
z_0134_496.000000.png,#bcf60c,1,66.284271,2.008614,0.080345,0.040000
z_0134_496.000000.png,#dc143c,6,494.558441,14.986619,0.599465,0.040000
z_0134_496.000000.png,#e6194b,3,432.801082,13.115184,0.524607,0.040000
z_0134_496.000000.png,#ed4ea9,3,280.391919,8.496725,0.339869,0.040000
z_0134_496.000000.png,#f032e6,1,119.396970,3.618090,0.144724,0.040000
z_0134_496.000000.png,#fabebe,1,30.970563,0.938502,0.037540,0.040000
z_0134_496.000000.png,#ff0080,4,440.475180,13.347733,0.533909,0.040000
z_0134_496.000000.png,#ff8080,5,309.563492,9.380712,0.375228,0.040000
z_0134_496.000000.png,#ffd700,10,923.075252,27.971977,1.118879,0.040000
z_0135_497.000000.png,#0000ff,3,165.781746,5.023689,0.200948,0.040000
z_0135_497.000000.png,#008080,3,179.095454,5.427135,0.217085,0.040000
z_0135_497.000000.png,#0080ff,4,458.759451,13.901802,0.556072,0.040000
z_0135_497.000000.png,#0082c8,1,155.095454,4.699862,0.187994,0.040000
z_0135_497.000000.png,#00fa9a,3,119.982756,3.635841,0.145434,0.040000
z_0135_497.000000.png,#1e90ff,2,256.350288,7.768191,0.310728,0.040000
z_0135_497.000000.png,#3cb44b,2,300.936075,9.119275,0.364771,0.040000
z_0135_497.000000.png,#40e0d0,4,196.994949,5.969544,0.238782,0.040000
z_0135_497.000000.png,#46f0f0,1,38.970563,1.180926,0.047237,0.040000
z_0135_497.000000.png,#6a5acd,5,285.764502,8.659530,0.346381,0.040000
z_0135_497.000000.png,#800080,2,60.870058,1.844547,0.073782,0.040000
z_0135_497.000000.png,#8000ff,24,2067.630735,62.655477,2.506219,0.040000
z_0135_497.000000.png,#8080ff,11,364.433550,11.043441,0.441738,0.040000
z_0135_497.000000.png,#80ff80,1,81.012193,2.454915,0.098197,0.040000
z_0135_497.000000.png,#911eb4,4,190.267027,5.765667,0.230627,0.040000
z_0135_497.000000.png,#9acd32,5,393.060967,11.910938,0.476438,0.040000
z_0135_497.000000.png,#a52a2a,1,34.970563,1.059714,0.042389,0.040000
z_0135_497.000000.png,#b22222,7,592.298557,17.948441,0.717938,0.040000
z_0135_497.000000.png,#bcf60c,2,73.698485,2.233287,0.089331,0.040000
z_0135_497.000000.png,#dc143c,5,335.847763,10.177205,0.407088,0.040000
z_0135_497.000000.png,#e6194b,5,390.232539,11.825228,0.473009,0.040000
z_0135_497.000000.png,#ed4ea9,4,269.806133,8.175943,0.327038,0.040000
z_0135_497.000000.png,#f032e6,3,152.468037,4.620244,0.184810,0.040000
z_0135_497.000000.png,#fabebe,1,90.669048,2.747547,0.109902,0.040000
z_0135_497.000000.png,#ff0080,5,556.801082,16.872760,0.674910,0.040000
z_0135_497.000000.png,#ff8080,4,338.534055,10.258608,0.410344,0.040000
z_0135_497.000000.png,#ffd700,12,1033.744299,31.325585,1.253023,0.040000
z_0136_498.000000.png,#0000ff,3,165.781746,5.023689,0.200948,0.040000
z_0136_498.000000.png,#008080,3,178.267027,5.402031,0.216081,0.040000
z_0136_498.000000.png,#0080ff,4,457.345238,13.858947,0.554358,0.040000
z_0136_498.000000.png,#0082c8,1,155.681241,4.717613,0.188705,0.040000
z_0136_498.000000.png,#00fa9a,3,119.982756,3.635841,0.145434,0.040000
z_0136_498.000000.png,#1e90ff,2,256.350288,7.768191,0.310728,0.040000
z_0136_498.000000.png,#3cb44b,2,300.936075,9.119275,0.364771,0.040000
z_0136_498.000000.png,#40e0d0,4,196.166522,5.944440,0.237778,0.040000
z_0136_498.000000.png,#46f0f0,1,38.384776,1.163175,0.046527,0.040000
z_0136_498.000000.png,#6a5acd,5,278.107648,8.427504,0.337100,0.040000
z_0136_498.000000.png,#800080,2,60.284271,1.826796,0.073072,0.040000
z_0136_498.000000.png,#8000ff,25,2086.559667,63.229081,2.529163,0.040000
z_0136_498.000000.png,#8080ff,11,365.847763,11.086296,0.443452,0.040000
z_0136_498.000000.png,#80ff80,1,81.012193,2.454915,0.098197,0.040000
z_0136_498.000000.png,#911eb4,4,189.681241,5.747916,0.229917,0.040000
z_0136_498.000000.png,#9acd32,5,393.889394,11.936042,0.477442,0.040000
z_0136_498.000000.png,#a52a2a,1,34.970563,1.059714,0.042389,0.040000
z_0136_498.000000.png,#b22222,7,594.541197,18.016400,0.720656,0.040000
z_0136_498.000000.png,#bcf60c,2,74.526912,2.258391,0.090336,0.040000
z_0136_498.000000.png,#dc143c,5,336.090404,10.184558,0.407382,0.040000
z_0136_498.000000.png,#e6194b,5,388.818326,11.782374,0.471295,0.040000
z_0136_498.000000.png,#ed4ea9,4,269.320851,8.161238,0.326450,0.040000
z_0136_498.000000.png,#f032e6,3,153.882251,4.663099,0.186524,0.040000
z_0136_498.000000.png,#fabebe,1,90.083261,2.729796,0.109192,0.040000
z_0136_498.000000.png,#ff0080,5,555.972655,16.847656,0.673906,0.040000
z_0136_498.000000.png,#ff8080,4,338.776695,10.265960,0.410638,0.040000
z_0136_498.000000.png,#ffd700,11,1032.673232,31.293128,1.251725,0.040000
z_0137_499.000000.png,#0000ff,3,176.752309,5.356131,0.214245,0.040000
z_0137_499.000000.png,#008080,3,172.994949,5.242271,0.209691,0.040000
z_0137_499.000000.png,#0080ff,4,440.274170,13.341642,0.533666,0.040000
z_0137_499.000000.png,#0082c8,1,155.681241,4.717613,0.188705,0.040000
z_0137_499.000000.png,#00fa9a,3,123.154329,3.731949,0.149278,0.040000
z_0137_499.000000.png,#1e90ff,2,248.693434,7.536165,0.301447,0.040000
z_0137_499.000000.png,#3cb44b,2,314.249783,9.522721,0.380909,0.040000
z_0137_499.000000.png,#40e0d0,4,203.580736,6.169113,0.246765,0.040000
z_0137_499.000000.png,#46f0f0,1,40.970563,1.241532,0.049661,0.040000
z_0137_499.000000.png,#6a5acd,4,220.651804,6.686418,0.267457,0.040000
z_0137_499.000000.png,#800080,2,92.083261,2.790402,0.111616,0.040000
z_0137_499.000000.png,#8000ff,29,2109.772870,63.932511,2.557300,0.040000
z_0137_499.000000.png,#8080ff,13,380.918831,11.542995,0.461720,0.040000
z_0137_499.000000.png,#80ff80,1,79.012193,2.394309,0.095772,0.040000
z_0137_499.000000.png,#911eb4,4,198.852814,6.025843,0.241034,0.040000
z_0137_499.000000.png,#9acd32,6,435.688384,13.202678,0.528107,0.040000
z_0137_499.000000.png,#a52a2a,1,35.798990,1.084818,0.043393,0.040000
z_0137_499.000000.png,#b22222,5,625.511760,18.954902,0.758196,0.040000
z_0137_499.000000.png,#bcf60c,2,73.355339,2.222889,0.088916,0.040000
z_0137_499.000000.png,#dc143c,7,372.031529,11.273683,0.450947,0.040000
z_0137_499.000000.png,#e6194b,4,304.048773,9.213599,0.368544,0.040000
z_0137_499.000000.png,#ed4ea9,4,263.521861,7.985511,0.319420,0.040000
z_0137_499.000000.png,#f032e6,3,145.296465,4.402923,0.176117,0.040000
z_0137_499.000000.png,#fabebe,1,81.355339,2.465313,0.098613,0.040000
z_0137_499.000000.png,#ff0080,5,550.457936,16.680544,0.667222,0.040000
z_0137_499.000000.png,#ff69b4,3,29.213203,0.885249,0.035410,0.040000
z_0137_499.000000.png,#ff8080,3,167.195959,5.066544,0.202662,0.040000
z_0137_499.000000.png,#ffd700,11,977.518903,29.621785,1.184871,0.040000
z_0138_500.000000.png,#0000ff,3,182.994949,5.545301,0.221812,0.040000
z_0138_500.000000.png,#008080,3,166.166522,5.035349,0.201414,0.040000
z_0138_500.000000.png,#0080ff,4,420.717821,12.749025,0.509961,0.040000
z_0138_500.000000.png,#0082c8,2,141.781746,4.296417,0.171857,0.040000
z_0138_500.000000.png,#00fa9a,3,125.539105,3.804215,0.152169,0.040000
z_0138_500.000000.png,#1e90ff,2,276.249783,8.371206,0.334848,0.040000
z_0138_500.000000.png,#3cb44b,2,325.906638,9.875959,0.395038,0.040000
z_0138_500.000000.png,#40e0d0,4,208.409163,6.315429,0.252617,0.040000
z_0138_500.000000.png,#46f0f0,1,44.384776,1.344993,0.053800,0.040000
z_0138_500.000000.png,#6a5acd,3,205.237590,6.219321,0.248773,0.040000
z_0138_500.000000.png,#800080,2,94.325902,2.858361,0.114334,0.040000
z_0138_500.000000.png,#8000ff,28,2267.554616,68.713776,2.748551,0.040000
z_0138_500.000000.png,#8080ff,10,361.948268,10.968129,0.438725,0.040000
z_0138_500.000000.png,#80ff80,1,77.012193,2.333703,0.093348,0.040000
z_0138_500.000000.png,#911eb4,3,210.409163,6.376035,0.255041,0.040000
z_0138_500.000000.png,#9acd32,7,434.416306,13.164130,0.526565,0.040000
z_0138_500.000000.png,#a52a2a,1,38.627417,1.170528,0.046821,0.040000
z_0138_500.000000.png,#b22222,5,603.955411,18.301679,0.732067,0.040000
z_0138_500.000000.png,#bcf60c,2,76.769553,2.326350,0.093054,0.040000
z_0138_500.000000.png,#dc143c,6,342.776695,10.387173,0.415487,0.040000
z_0138_500.000000.png,#e6194b,4,280.835570,8.510169,0.340407,0.040000
z_0138_500.000000.png,#ed4ea9,5,274.007143,8.303247,0.332130,0.040000
z_0138_500.000000.png,#f032e6,2,115.254834,3.492571,0.139703,0.040000
z_0138_500.000000.png,#fabebe,1,73.941125,2.240640,0.089626,0.040000
z_0138_500.000000.png,#ff0080,6,537.043723,16.274052,0.650962,0.040000
z_0138_500.000000.png,#ff69b4,2,109.840620,3.328504,0.133140,0.040000
z_0138_500.000000.png,#ff8080,2,153.781746,4.660053,0.186402,0.040000
z_0138_500.000000.png,#ffd700,13,998.146320,30.246858,1.209874,0.040000
z_0139_501.000000.png,#0000ff,3,182.166522,5.520198,0.220808,0.040000
z_0139_501.000000.png,#008080,3,151.438600,4.589048,0.183562,0.040000
z_0139_501.000000.png,#0080ff,4,428.717821,12.991449,0.519658,0.040000
z_0139_501.000000.png,#0082c8,2,124.468037,3.771759,0.150870,0.040000
z_0139_501.000000.png,#00fa9a,3,137.154329,4.156192,0.166248,0.040000
z_0139_501.000000.png,#1e90ff,3,309.563492,9.380712,0.375228,0.040000
z_0139_501.000000.png,#3cb44b,2,332.492424,10.075528,0.403021,0.040000
z_0139_501.000000.png,#40e0d0,4,223.965512,6.786834,0.271473,0.040000
z_0139_501.000000.png,#46f0f0,1,47.798990,1.448454,0.057938,0.040000
z_0139_501.000000.png,#6a5acd,3,217.580736,6.593356,0.263734,0.040000
z_0139_501.000000.png,#800080,2,94.769553,2.871805,0.114872,0.040000
z_0139_501.000000.png,#8000ff,24,2276.584053,68.987396,2.759496,0.040000
z_0139_501.000000.png,#8080ff,10,374.048773,11.334811,0.453392,0.040000
z_0139_501.000000.png,#80ff80,1,69.941125,2.119428,0.084777,0.040000
z_0139_501.000000.png,#911eb4,3,244.651804,7.413691,0.296548,0.040000
z_0139_501.000000.png,#9acd32,5,378.717821,11.476298,0.459052,0.040000
z_0139_501.000000.png,#a52a2a,1,40.627417,1.231134,0.049245,0.040000
z_0139_501.000000.png,#b22222,5,587.570635,17.805171,0.712207,0.040000
z_0139_501.000000.png,#bcf60c,2,76.041631,2.304292,0.092172,0.040000
z_0139_501.000000.png,#dc143c,4,301.220346,9.127889,0.365116,0.040000
z_0139_501.000000.png,#e6194b,5,251.622366,7.624920,0.304997,0.040000
z_0139_501.000000.png,#ed4ea9,4,250.592929,7.593725,0.303749,0.040000
z_0139_501.000000.png,#f032e6,3,97.840620,2.964867,0.118595,0.040000
z_0139_501.000000.png,#fabebe,1,66.526912,2.015967,0.080639,0.040000
z_0139_501.000000.png,#ff0080,6,533.830519,16.176682,0.647067,0.040000
z_0139_501.000000.png,#ff69b4,4,136.568542,4.138441,0.165538,0.040000
z_0139_501.000000.png,#ff8080,2,153.781746,4.660053,0.186402,0.040000
z_0139_501.000000.png,#ffd700,11,1001.643794,30.352842,1.214114,0.040000
z_0140_502.000000.png,#0000ff,3,185.823376,5.631011,0.225240,0.040000
z_0140_502.000000.png,#008080,3,145.781746,4.417629,0.176705,0.040000
z_0140_502.000000.png,#0080ff,4,412.232539,12.491895,0.499676,0.040000
z_0140_502.000000.png,#0082c8,2,109.154329,3.307707,0.132308,0.040000
z_0140_502.000000.png,#00fa9a,3,134.568542,4.077835,0.163113,0.040000
z_0140_502.000000.png,#1e90ff,2,317.119841,9.609692,0.384388,0.040000
z_0140_502.000000.png,#3cb44b,2,336.291414,10.190649,0.407626,0.040000
z_0140_502.000000.png,#40e0d0,3,217.965512,6.605016,0.264201,0.040000
z_0140_502.000000.png,#46f0f0,1,50.384776,1.526811,0.061072,0.040000
z_0140_502.000000.png,#6a5acd,2,173.438600,5.255715,0.210229,0.040000
z_0140_502.000000.png,#800080,2,96.911688,2.936718,0.117469,0.040000
z_0140_502.000000.png,#8000ff,25,2303.027704,69.788718,2.791549,0.040000
z_0140_502.000000.png,#8080ff,9,352.048773,10.668145,0.426726,0.040000
z_0140_502.000000.png,#80ff80,1,65.698485,1.990863,0.079635,0.040000
z_0140_502.000000.png,#911eb4,3,211.237590,6.401139,0.256046,0.040000
z_0140_502.000000.png,#9acd32,4,396.717821,12.021752,0.480870,0.040000
z_0140_502.000000.png,#a52a2a,1,44.041631,1.334595,0.053384,0.040000
z_0140_502.000000.png,#b22222,5,573.470129,17.377883,0.695115,0.040000
z_0140_502.000000.png,#bcf60c,2,78.769553,2.386956,0.095478,0.040000
z_0140_502.000000.png,#dc143c,5,352.333044,10.676759,0.427070,0.040000
z_0140_502.000000.png,#e6194b,4,240.350288,7.283342,0.291334,0.040000
z_0140_502.000000.png,#ed4ea9,4,253.521861,7.682481,0.307299,0.040000
z_0140_502.000000.png,#f032e6,2,67.941125,2.058822,0.082353,0.040000
z_0140_502.000000.png,#fabebe,1,64.526912,1.955361,0.078214,0.040000
z_0140_502.000000.png,#ff0080,6,525.102597,15.912200,0.636488,0.040000
z_0140_502.000000.png,#ff69b4,5,160.610173,4.866975,0.194679,0.040000
z_0140_502.000000.png,#ff8080,2,131.639610,3.989079,0.159563,0.040000
z_0140_502.000000.png,#ffd700,13,984.974747,29.847720,1.193909,0.040000
z_0141_503.000000.png,#0000ff,3,188.752309,5.719767,0.228791,0.040000
z_0141_503.000000.png,#008080,3,137.438600,4.164806,0.166592,0.040000
z_0141_503.000000.png,#0080ff,4,389.161472,11.792772,0.471711,0.040000
z_0141_503.000000.png,#0082c8,2,95.941125,2.907307,0.116292,0.040000
z_0141_503.000000.png,#00fa9a,3,136.225397,4.128042,0.165122,0.040000
z_0141_503.000000.png,#1e90ff,1,307.362482,9.314015,0.372561,0.040000
z_0141_503.000000.png,#3cb44b,2,340.048773,10.304508,0.412180,0.040000
z_0141_503.000000.png,#40e0d0,3,220.793939,6.690725,0.267629,0.040000
z_0141_503.000000.png,#46f0f0,1,56.041631,1.698231,0.067929,0.040000
z_0141_503.000000.png,#6a5acd,2,168.710678,5.112445,0.204498,0.040000
z_0141_503.000000.png,#800080,2,92.669048,2.808153,0.112326,0.040000
z_0141_503.000000.png,#8000ff,25,2262.684558,68.566199,2.742648,0.040000
z_0141_503.000000.png,#8080ff,8,336.291414,10.190649,0.407626,0.040000
z_0141_503.000000.png,#80ff80,1,63.112698,1.912506,0.076500,0.040000
z_0141_503.000000.png,#911eb4,3,183.095454,5.548347,0.221934,0.040000
z_0141_503.000000.png,#9acd32,4,380.475180,11.529551,0.461182,0.040000
z_0141_503.000000.png,#a52a2a,1,46.041631,1.395201,0.055808,0.040000
z_0141_503.000000.png,#b22222,5,551.227489,16.703863,0.668155,0.040000
z_0141_503.000000.png,#bcf60c,2,77.941125,2.361852,0.094474,0.040000
z_0141_503.000000.png,#dc143c,5,379.889394,11.511800,0.460472,0.040000
z_0141_503.000000.png,#e6194b,4,229.036580,6.940502,0.277620,0.040000
z_0141_503.000000.png,#ed4ea9,4,253.379726,7.678174,0.307127,0.040000
z_0141_503.000000.png,#f032e6,2,67.941125,2.058822,0.082353,0.040000
z_0141_503.000000.png,#fabebe,1,60.870058,1.844547,0.073782,0.040000
z_0141_503.000000.png,#ff0080,8,525.445743,15.922598,0.636904,0.040000
z_0141_503.000000.png,#ff69b4,5,170.024387,5.152254,0.206090,0.040000
z_0141_503.000000.png,#ff8080,3,135.154329,4.095586,0.163823,0.040000
z_0141_503.000000.png,#ffd700,10,860.406204,26.072915,1.042917,0.040000
z_0142_504.000000.png,#0000ff,3,190.166522,5.762622,0.230505,0.040000
z_0142_504.000000.png,#008080,4,226.066017,6.850485,0.274019,0.040000
z_0142_504.000000.png,#0080ff,4,341.705627,10.354716,0.414189,0.040000
z_0142_504.000000.png,#0082c8,2,77.941125,2.361852,0.094474,0.040000
z_0142_504.000000.png,#00fa9a,3,138.468037,4.196001,0.167840,0.040000
z_0142_504.000000.png,#1e90ff,1,292.291414,8.857316,0.354293,0.040000
z_0142_504.000000.png,#3cb44b,2,345.220346,10.461223,0.418449,0.040000
z_0142_504.000000.png,#40e0d0,3,214.066017,6.486849,0.259474,0.040000
z_0142_504.000000.png,#46f0f0,1,61.698485,1.869651,0.074786,0.040000
z_0142_504.000000.png,#6a5acd,2,172.852814,5.237964,0.209519,0.040000
z_0142_504.000000.png,#800080,2,96.083261,2.911614,0.116465,0.040000
z_0142_504.000000.png,#8000ff,24,2086.719046,63.233910,2.529356,0.040000
z_0142_504.000000.png,#8080ff,6,338.007143,10.242641,0.409706,0.040000
z_0142_504.000000.png,#80ff80,1,61.698485,1.869651,0.074786,0.040000
z_0142_504.000000.png,#911eb4,3,176.124892,5.337118,0.213485,0.040000
z_0142_504.000000.png,#9acd32,4,354.190909,10.733058,0.429322,0.040000
z_0142_504.000000.png,#a52a2a,1,48.041631,1.455807,0.058232,0.040000
z_0142_504.000000.png,#b22222,4,500.700577,15.172745,0.606910,0.040000
z_0142_504.000000.png,#bcf60c,2,81.597980,2.472666,0.098907,0.040000
z_0142_504.000000.png,#dc143c,4,410.960461,12.453347,0.498134,0.040000
z_0142_504.000000.png,#e6194b,4,227.480231,6.893340,0.275734,0.040000
z_0142_504.000000.png,#ed4ea9,4,257.965512,7.817137,0.312685,0.040000
z_0142_504.000000.png,#f032e6,2,78.083261,2.366159,0.094646,0.040000
z_0142_504.000000.png,#fabebe,1,59.112698,1.791294,0.071652,0.040000
z_0142_504.000000.png,#ff0080,7,449.646753,13.625659,0.545026,0.040000
z_0142_504.000000.png,#ff69b4,5,170.024387,5.152254,0.206090,0.040000
z_0142_504.000000.png,#ff8080,2,140.124892,4.246209,0.169848,0.040000
z_0142_504.000000.png,#ffd700,8,831.678282,25.202372,1.008095,0.040000
z_0143_505.000000.png,#0000ff,3,192.994949,5.848332,0.233933,0.040000
z_0143_505.000000.png,#008080,5,308.592929,9.351301,0.374052,0.040000
z_0143_505.000000.png,#0080ff,3,311.663997,9.444364,0.377775,0.040000
z_0143_505.000000.png,#0082c8,2,67.112698,2.033718,0.081349,0.040000
z_0143_505.000000.png,#00fa9a,3,147.882251,4.481280,0.179251,0.040000
z_0143_505.000000.png,#1e90ff,1,283.220346,8.582435,0.343297,0.040000
z_0143_505.000000.png,#3cb44b,2,345.806133,10.478974,0.419159,0.040000
z_0143_505.000000.png,#40e0d0,3,204.409163,6.194217,0.247769,0.040000
z_0143_505.000000.png,#46f0f0,1,61.698485,1.869651,0.074786,0.040000
z_0143_505.000000.png,#6a5acd,3,227.137085,6.882942,0.275318,0.040000
z_0143_505.000000.png,#800080,2,96.325902,2.918967,0.116759,0.040000
z_0143_505.000000.png,#8000ff,23,2050.233765,62.128296,2.485132,0.040000
z_0143_505.000000.png,#8080ff,8,320.249783,9.704539,0.388182,0.040000
z_0143_505.000000.png,#80ff80,1,59.941125,1.816398,0.072656,0.040000
z_0143_505.000000.png,#911eb4,3,167.982756,5.090387,0.203615,0.040000
z_0143_505.000000.png,#9acd32,4,327.078210,9.911461,0.396458,0.040000
z_0143_505.000000.png,#a52a2a,1,55.455844,1.680480,0.067219,0.040000
z_0143_505.000000.png,#b22222,4,504.801082,15.297002,0.611880,0.040000
z_0143_505.000000.png,#bcf60c,2,78.769553,2.386956,0.095478,0.040000
z_0143_505.000000.png,#dc143c,5,434.274170,13.159823,0.526393,0.040000
z_0143_505.000000.png,#e6194b,5,238.308658,7.221474,0.288859,0.040000
z_0143_505.000000.png,#ed4ea9,4,267.036580,8.092018,0.323681,0.040000
z_0143_505.000000.png,#f032e6,2,75.254834,2.280450,0.091218,0.040000
z_0143_505.000000.png,#fabebe,1,54.870058,1.662729,0.066509,0.040000
z_0143_505.000000.png,#ff0080,6,428.475180,12.984096,0.519364,0.040000
z_0143_505.000000.png,#ff69b4,5,166.367532,5.041440,0.201658,0.040000
z_0143_505.000000.png,#ff8080,2,130.124892,3.943179,0.157727,0.040000
z_0143_505.000000.png,#ffd700,9,852.406204,25.830491,1.033220,0.040000
z_0144_506.000000.png,#0000ff,3,191.823376,5.812830,0.232513,0.040000
z_0144_506.000000.png,#008080,4,338.634560,10.261653,0.410466,0.040000
z_0144_506.000000.png,#0080ff,2,293.906638,8.906262,0.356250,0.040000
z_0144_506.000000.png,#0082c8,2,71.355339,2.162283,0.086491,0.040000
z_0144_506.000000.png,#00fa9a,3,150.953319,4.574343,0.182974,0.040000
z_0144_506.000000.png,#1e90ff,1,274.391919,8.314907,0.332596,0.040000
z_0144_506.000000.png,#3cb44b,2,349.462987,10.589787,0.423591,0.040000
z_0144_506.000000.png,#40e0d0,3,189.681241,5.747916,0.229917,0.040000
z_0144_506.000000.png,#46f0f0,1,64.526912,1.955361,0.078214,0.040000
z_0144_506.000000.png,#6a5acd,5,267.622366,8.109769,0.324391,0.040000
z_0144_506.000000.png,#800080,2,97.497475,2.954469,0.118179,0.040000
z_0144_506.000000.png,#8000ff,20,1949.665222,59.080764,2.363231,0.040000
z_0144_506.000000.png,#8080ff,7,304.007143,9.212338,0.368494,0.040000
z_0144_506.000000.png,#80ff80,1,53.698485,1.627227,0.065089,0.040000
z_0144_506.000000.png,#911eb4,3,168.953319,5.119798,0.204792,0.040000
z_0144_506.000000.png,#9acd32,3,300.350288,9.101524,0.364061,0.040000
z_0144_506.000000.png,#a52a2a,1,56.870058,1.723335,0.068933,0.040000
z_0144_506.000000.png,#b22222,4,508.315801,15.403509,0.616140,0.040000
z_0144_506.000000.png,#bcf60c,2,79.012193,2.394309,0.095772,0.040000
z_0144_506.000000.png,#dc143c,5,443.688384,13.445103,0.537804,0.040000
z_0144_506.000000.png,#e6194b,4,246.551299,7.471251,0.298850,0.040000
z_0144_506.000000.png,#ed4ea9,4,262.894444,7.966498,0.318660,0.040000
z_0144_506.000000.png,#f032e6,2,97.840620,2.964867,0.118595,0.040000
z_0144_506.000000.png,#fabebe,1,52.041631,1.577019,0.063081,0.040000
z_0144_506.000000.png,#ff0080,6,429.404112,13.012246,0.520490,0.040000
z_0144_506.000000.png,#ff69b4,4,167.195959,5.066544,0.202662,0.040000
z_0144_506.000000.png,#ff8080,2,120.225397,3.643194,0.145728,0.040000
z_0144_506.000000.png,#ffd700,10,828.163564,25.095866,1.003835,0.040000
z_0145_507.000000.png,#0000ff,3,191.823376,5.812830,0.232513,0.040000
z_0145_507.000000.png,#008080,4,340.634560,10.322259,0.412890,0.040000
z_0145_507.000000.png,#0080ff,2,293.320851,8.888511,0.355540,0.040000
z_0145_507.000000.png,#0082c8,2,71.355339,2.162283,0.086491,0.040000
z_0145_507.000000.png,#00fa9a,3,150.953319,4.574343,0.182974,0.040000
z_0145_507.000000.png,#1e90ff,1,273.806133,8.297156,0.331886,0.040000
z_0145_507.000000.png,#3cb44b,2,350.048773,10.607539,0.424302,0.040000
z_0145_507.000000.png,#40e0d0,3,192.509668,5.833626,0.233345,0.040000
z_0145_507.000000.png,#46f0f0,1,64.526912,1.955361,0.078214,0.040000
z_0145_507.000000.png,#6a5acd,4,274.107648,8.306292,0.332252,0.040000
z_0145_507.000000.png,#800080,2,96.911688,2.936718,0.117469,0.040000
z_0145_507.000000.png,#8000ff,20,1947.564717,59.017113,2.360685,0.040000
z_0145_507.000000.png,#8080ff,7,300.007143,9.091126,0.363645,0.040000
z_0145_507.000000.png,#80ff80,1,53.698485,1.627227,0.065089,0.040000
z_0145_507.000000.png,#911eb4,3,169.539105,5.137549,0.205502,0.040000
z_0145_507.000000.png,#9acd32,3,300.107648,9.094171,0.363767,0.040000
z_0145_507.000000.png,#a52a2a,1,56.284271,1.705584,0.068223,0.040000
z_0145_507.000000.png,#b22222,4,506.658946,15.353301,0.614132,0.040000
z_0145_507.000000.png,#bcf60c,2,79.597980,2.412060,0.096482,0.040000
z_0145_507.000000.png,#dc143c,5,442.859956,13.419999,0.536800,0.040000
z_0145_507.000000.png,#e6194b,4,247.379726,7.496355,0.299854,0.040000
z_0145_507.000000.png,#ed4ea9,4,263.722871,7.991602,0.319664,0.040000
z_0145_507.000000.png,#f032e6,2,97.840620,2.964867,0.118595,0.040000
z_0145_507.000000.png,#fabebe,1,52.041631,1.577019,0.063081,0.040000
z_0145_507.000000.png,#ff0080,6,428.232539,12.976744,0.519070,0.040000
z_0145_507.000000.png,#ff69b4,4,165.781746,5.023689,0.200948,0.040000
z_0145_507.000000.png,#ff8080,2,120.811183,3.660945,0.146438,0.040000
z_0145_507.000000.png,#ffd700,10,834.063059,25.274638,1.010986,0.040000
z_0146_508.000000.png,#0000ff,3,185.438600,5.619352,0.224774,0.040000
z_0146_508.000000.png,#008080,7,439.646753,13.322629,0.532905,0.040000
z_0146_508.000000.png,#0080ff,2,287.036580,8.698078,0.347923,0.040000
z_0146_508.000000.png,#0082c8,2,119.539105,3.622397,0.144896,0.040000
z_0146_508.000000.png,#00fa9a,3,173.823376,5.267375,0.210695,0.040000
z_0146_508.000000.png,#1e90ff,1,265.806133,8.054731,0.322189,0.040000
z_0146_508.000000.png,#3cb44b,2,353.462987,10.711000,0.428440,0.040000
z_0146_508.000000.png,#40e0d0,2,192.166522,5.823228,0.232929,0.040000
z_0146_508.000000.png,#46f0f0,1,69.597980,2.109030,0.084361,0.040000
z_0146_508.000000.png,#6a5acd,4,287.279221,8.705431,0.348217,0.040000
z_0146_508.000000.png,#800080,2,93.254834,2.825904,0.113036,0.040000
z_0146_508.000000.png,#8000ff,20,1805.197185,54.702945,2.188118,0.040000
z_0146_508.000000.png,#8080ff,6,244.894444,7.421044,0.296842,0.040000
z_0146_508.000000.png,#80ff80,1,44.627417,1.352346,0.054094,0.040000
z_0146_508.000000.png,#911eb4,3,149.053824,4.516783,0.180671,0.040000
z_0146_508.000000.png,#9acd32,3,294.350288,8.919706,0.356788,0.040000
z_0146_508.000000.png,#a52a2a,1,61.455844,1.862298,0.074492,0.040000
z_0146_508.000000.png,#b22222,4,494.658946,14.989665,0.599587,0.040000
z_0146_508.000000.png,#bcf60c,2,78.183766,2.369205,0.094768,0.040000
z_0146_508.000000.png,#dc143c,5,427.445743,12.952901,0.518116,0.040000
z_0146_508.000000.png,#e6194b,5,296.048773,8.971175,0.358847,0.040000
z_0146_508.000000.png,#ed4ea9,4,266.066017,8.062607,0.322504,0.040000
z_0146_508.000000.png,#f032e6,1,106.083261,3.214644,0.128586,0.040000
z_0146_508.000000.png,#fabebe,2,104.911688,3.179142,0.127166,0.040000
z_0146_508.000000.png,#ff0080,6,411.303607,12.463746,0.498550,0.040000
z_0146_508.000000.png,#ff69b4,4,188.308658,5.706323,0.228253,0.040000
z_0146_508.000000.png,#ff8080,2,98.911688,2.997324,0.119893,0.040000
z_0146_508.000000.png,#ffd700,8,822.465079,24.923184,0.996927,0.040000
z_0147_509.000000.png,#0000ff,3,185.438600,5.619352,0.224774,0.040000
z_0147_509.000000.png,#008080,7,457.303607,13.857685,0.554307,0.040000
z_0147_509.000000.png,#0080ff,2,287.865007,8.723182,0.348927,0.040000
z_0147_509.000000.png,#0082c8,2,118.953319,3.604646,0.144186,0.040000
z_0147_509.000000.png,#00fa9a,3,174.409163,5.285126,0.211405,0.040000
z_0147_509.000000.png,#1e90ff,1,266.391919,8.072482,0.322899,0.040000
z_0147_509.000000.png,#3cb44b,2,353.462987,10.711000,0.428440,0.040000
z_0147_509.000000.png,#40e0d0,2,190.752309,5.780373,0.231215,0.040000
z_0147_509.000000.png,#46f0f0,1,69.597980,2.109030,0.084361,0.040000
z_0147_509.000000.png,#6a5acd,4,287.521861,8.712784,0.348511,0.040000
z_0147_509.000000.png,#800080,2,94.083261,2.851008,0.114040,0.040000
z_0147_509.000000.png,#8000ff,20,1806.268253,54.735402,2.189416,0.040000
z_0147_509.000000.png,#8080ff,6,244.894444,7.421044,0.296842,0.040000
z_0147_509.000000.png,#80ff80,1,44.627417,1.352346,0.054094,0.040000
z_0147_509.000000.png,#911eb4,3,145.639610,4.413322,0.176533,0.040000
z_0147_509.000000.png,#9acd32,3,293.764502,8.901955,0.356078,0.040000
z_0147_509.000000.png,#a52a2a,1,61.455844,1.862298,0.074492,0.040000
z_0147_509.000000.png,#b22222,4,493.587878,14.957208,0.598288,0.040000
z_0147_509.000000.png,#bcf60c,2,77.355339,2.344101,0.093764,0.040000
z_0147_509.000000.png,#dc143c,5,425.688384,12.899648,0.515986,0.040000
z_0147_509.000000.png,#e6194b,5,296.634560,8.988926,0.359557,0.040000
z_0147_509.000000.png,#ed4ea9,4,267.722871,8.112814,0.324513,0.040000
z_0147_509.000000.png,#f032e6,1,105.254834,3.189540,0.127582,0.040000
z_0147_509.000000.png,#fabebe,2,104.911688,3.179142,0.127166,0.040000
z_0147_509.000000.png,#ff0080,6,409.646753,12.413538,0.496542,0.040000
z_0147_509.000000.png,#ff69b4,4,189.480231,5.741825,0.229673,0.040000
z_0147_509.000000.png,#ff8080,2,99.497475,3.015075,0.120603,0.040000
z_0147_509.000000.png,#ffd700,8,821.879292,24.905433,0.996217,0.040000
z_0148_510.000000.png,#0000ff,3,174.024387,5.273466,0.210939,0.040000
z_0148_510.000000.png,#008080,6,439.989899,13.333027,0.533321,0.040000
z_0148_510.000000.png,#0080ff,2,312.634560,9.473775,0.378951,0.040000
z_0148_510.000000.png,#0082c8,2,129.781746,3.932780,0.157311,0.040000
z_0148_510.000000.png,#00fa9a,3,174.610173,5.291217,0.211649,0.040000
z_0148_510.000000.png,#1e90ff,1,258.149278,7.822705,0.312908,0.040000
z_0148_510.000000.png,#3cb44b,2,355.119841,10.761207,0.430448,0.040000
z_0148_510.000000.png,#40e0d0,2,199.823376,6.055254,0.242210,0.040000
z_0148_510.000000.png,#46f0f0,1,71.597980,2.169636,0.086785,0.040000
z_0148_510.000000.png,#6a5acd,3,328.149278,9.943918,0.397757,0.040000
z_0148_510.000000.png,#800080,2,77.597980,2.351454,0.094058,0.040000
z_0148_510.000000.png,#8000ff,19,1712.427632,51.891746,2.075670,0.040000
z_0148_510.000000.png,#8080ff,6,232.308658,7.039656,0.281586,0.040000
z_0148_510.000000.png,#80ff80,1,46.041631,1.395201,0.055808,0.040000
z_0148_510.000000.png,#911eb4,2,164.267027,4.977789,0.199112,0.040000
z_0148_510.000000.png,#9acd32,3,258.308658,7.827535,0.313101,0.040000
z_0148_510.000000.png,#a52a2a,1,68.526912,2.076573,0.083063,0.040000
z_0148_510.000000.png,#b22222,4,497.972655,15.090080,0.603603,0.040000
z_0148_510.000000.png,#bcf60c,2,75.012193,2.273097,0.090924,0.040000
z_0148_510.000000.png,#dc143c,6,329.261977,9.977636,0.399105,0.040000
z_0148_510.000000.png,#e6194b,5,300.977705,9.120537,0.364821,0.040000
z_0148_510.000000.png,#ed4ea9,3,288.693434,8.748286,0.349931,0.040000
z_0148_510.000000.png,#f032e6,1,82.526912,2.500816,0.100033,0.040000
z_0148_510.000000.png,#fabebe,2,129.396970,3.921120,0.156845,0.040000
z_0148_510.000000.png,#ff0080,4,358.918831,10.876328,0.435053,0.040000
z_0148_510.000000.png,#ff69b4,4,208.994949,6.333180,0.253327,0.040000
z_0148_510.000000.png,#ff8080,1,69.355339,2.101677,0.084067,0.040000
z_0148_510.000000.png,#ffd700,8,863.335137,26.161671,1.046467,0.040000
z_0149_511.000000.png,#0000ff,3,175.438600,5.316321,0.212653,0.040000
z_0149_511.000000.png,#008080,6,438.818326,13.297525,0.531901,0.040000
z_0149_511.000000.png,#0080ff,2,312.634560,9.473775,0.378951,0.040000
z_0149_511.000000.png,#0082c8,2,129.781746,3.932780,0.157311,0.040000
z_0149_511.000000.png,#00fa9a,3,175.195959,5.308968,0.212359,0.040000
z_0149_511.000000.png,#1e90ff,1,257.320851,7.797602,0.311904,0.040000
z_0149_511.000000.png,#3cb44b,2,353.362482,10.707954,0.428318,0.040000
z_0149_511.000000.png,#40e0d0,2,198.651804,6.019752,0.240790,0.040000
z_0149_511.000000.png,#46f0f0,1,71.597980,2.169636,0.086785,0.040000
z_0149_511.000000.png,#6a5acd,3,324.149278,9.822705,0.392908,0.040000
z_0149_511.000000.png,#800080,2,77.597980,2.351454,0.094058,0.040000
z_0149_511.000000.png,#8000ff,19,1696.285497,51.402591,2.056104,0.040000
z_0149_511.000000.png,#8080ff,6,232.894444,7.057407,0.282296,0.040000
z_0149_511.000000.png,#80ff80,1,46.627417,1.412952,0.056518,0.040000
z_0149_511.000000.png,#911eb4,2,164.267027,4.977789,0.199112,0.040000
z_0149_511.000000.png,#9acd32,3,258.308658,7.827535,0.313101,0.040000
z_0149_511.000000.png,#a52a2a,1,68.526912,2.076573,0.083063,0.040000
z_0149_511.000000.png,#b22222,4,499.043723,15.122537,0.604901,0.040000
z_0149_511.000000.png,#bcf60c,2,73.012193,2.212491,0.088500,0.040000
z_0149_511.000000.png,#dc143c,6,326.676190,9.899278,0.395971,0.040000
z_0149_511.000000.png,#e6194b,5,297.320851,9.009723,0.360389,0.040000
z_0149_511.000000.png,#ed4ea9,3,292.107648,8.851747,0.354070,0.040000
z_0149_511.000000.png,#f032e6,1,82.526912,2.500816,0.100033,0.040000
z_0149_511.000000.png,#fabebe,2,128.568542,3.896016,0.155841,0.040000
z_0149_511.000000.png,#ff0080,4,359.747258,10.901432,0.436057,0.040000
z_0149_511.000000.png,#ff69b4,4,208.994949,6.333180,0.253327,0.040000
z_0149_511.000000.png,#ff8080,1,69.941125,2.119428,0.084777,0.040000
z_0149_511.000000.png,#ffd700,8,866.264069,26.250426,1.050017,0.040000
z_0150_512.000000.png,#0000ff,6,258.936075,7.846548,0.313862,0.040000
z_0150_512.000000.png,#008080,5,560.114790,16.973175,0.678927,0.040000
z_0150_512.000000.png,#0080ff,3,418.073160,12.668884,0.506755,0.040000
z_0150_512.000000.png,#0082c8,3,152.852814,4.631903,0.185276,0.040000
z_0150_512.000000.png,#00fa9a,4,215.237590,6.522351,0.260894,0.040000
z_0150_512.000000.png,#1e90ff,1,228.350288,6.919706,0.276788,0.040000
z_0150_512.000000.png,#3cb44b,2,361.504617,10.954685,0.438187,0.040000
z_0150_512.000000.png,#40e0d0,4,181.781746,5.508538,0.220342,0.040000
z_0150_512.000000.png,#46f0f0,2,117.053824,3.547086,0.141883,0.040000
z_0150_512.000000.png,#6a5acd,2,307.178716,9.308446,0.372338,0.040000
z_0150_512.000000.png,#800080,2,106.911688,3.239748,0.129590,0.040000
z_0150_512.000000.png,#8000ff,19,1434.604256,43.472856,1.738914,0.040000
z_0150_512.000000.png,#8080ff,8,289.036580,8.758684,0.350347,0.040000
z_0150_512.000000.png,#80ff80,1,53.213203,1.612521,0.064501,0.040000
z_0150_512.000000.png,#911eb4,3,197.438600,5.982988,0.239320,0.040000
z_0150_512.000000.png,#9acd32,1,176.468037,5.347516,0.213901,0.040000
z_0150_512.000000.png,#a52a2a,1,73.597980,2.230242,0.089210,0.040000
z_0150_512.000000.png,#b22222,4,483.203102,14.642518,0.585701,0.040000
z_0150_512.000000.png,#bcf60c,3,106.325902,3.221997,0.128880,0.040000
z_0150_512.000000.png,#dc143c,4,310.877200,9.420521,0.376821,0.040000
z_0150_512.000000.png,#e6194b,4,251.521861,7.621875,0.304875,0.040000
z_0150_512.000000.png,#ed4ea9,3,267.279221,8.099370,0.323975,0.040000
z_0150_512.000000.png,#fabebe,2,188.994949,5.727120,0.229085,0.040000
z_0150_512.000000.png,#ff0080,6,409.445743,12.407447,0.496298,0.040000
z_0150_512.000000.png,#ff69b4,4,233.865007,7.086818,0.283473,0.040000
z_0150_512.000000.png,#ff8080,1,63.597980,1.927212,0.077088,0.040000
z_0150_512.000000.png,#ffd700,7,730.967604,22.150533,0.886021,0.040000
z_0151_513.000000.png,#0000ff,6,261.279221,7.917552,0.316702,0.040000
z_0151_513.000000.png,#008080,5,556.457936,16.862362,0.674494,0.040000
z_0151_513.000000.png,#0080ff,3,418.073160,12.668884,0.506755,0.040000
z_0151_513.000000.png,#0082c8,3,153.923882,4.664360,0.186574,0.040000
z_0151_513.000000.png,#00fa9a,4,211.823376,6.418890,0.256756,0.040000
z_0151_513.000000.png,#1e90ff,1,228.350288,6.919706,0.276788,0.040000
z_0151_513.000000.png,#3cb44b,2,360.676190,10.929582,0.437183,0.040000
z_0151_513.000000.png,#40e0d0,4,182.610173,5.533642,0.221346,0.040000
z_0151_513.000000.png,#46f0f0,2,116.811183,3.539733,0.141589,0.040000
z_0151_513.000000.png,#6a5acd,2,308.936075,9.361699,0.374468,0.040000
z_0151_513.000000.png,#800080,2,106.911688,3.239748,0.129590,0.040000
z_0151_513.000000.png,#8000ff,19,1440.604256,43.654674,1.746187,0.040000
z_0151_513.000000.png,#8080ff,8,286.793939,8.690725,0.347629,0.040000
z_0151_513.000000.png,#80ff80,1,53.213203,1.612521,0.064501,0.040000
z_0151_513.000000.png,#911eb4,3,202.610173,6.139702,0.245588,0.040000
z_0151_513.000000.png,#9acd32,1,175.053824,5.304661,0.212186,0.040000
z_0151_513.000000.png,#a52a2a,1,74.183766,2.247993,0.089920,0.040000
z_0151_513.000000.png,#b22222,4,482.617316,14.624767,0.584991,0.040000
z_0151_513.000000.png,#bcf60c,3,106.325902,3.221997,0.128880,0.040000
z_0151_513.000000.png,#dc143c,4,314.977705,9.544779,0.381791,0.040000
z_0151_513.000000.png,#e6194b,4,252.350288,7.646978,0.305879,0.040000
z_0151_513.000000.png,#ed4ea9,3,269.279221,8.159976,0.326399,0.040000
z_0151_513.000000.png,#fabebe,2,190.651804,5.777327,0.231093,0.040000
z_0151_513.000000.png,#ff0080,6,402.617316,12.200525,0.488021,0.040000
z_0151_513.000000.png,#ff69b4,4,232.450793,7.043963,0.281759,0.040000
z_0151_513.000000.png,#ff8080,1,63.597980,1.927212,0.077088,0.040000
z_0151_513.000000.png,#ffd700,7,738.381818,22.375207,0.895008,0.040000
z_0152_514.000000.png,#0000ff,6,303.663997,9.201939,0.368078,0.040000
z_0152_514.000000.png,#008080,6,573.286363,17.372314,0.694893,0.040000
z_0152_514.000000.png,#0080ff,3,429.730014,13.022122,0.520885,0.040000
z_0152_514.000000.png,#0082c8,2,187.965512,5.695925,0.227837,0.040000
z_0152_514.000000.png,#00fa9a,4,219.823376,6.661314,0.266453,0.040000
z_0152_514.000000.png,#1e90ff,1,213.865007,6.480758,0.259230,0.040000
z_0152_514.000000.png,#3cb44b,2,363.747258,11.022644,0.440906,0.040000
z_0152_514.000000.png,#40e0d0,2,129.639610,3.928473,0.157139,0.040000
z_0152_514.000000.png,#46f0f0,2,115.497475,3.499923,0.139997,0.040000
z_0152_514.000000.png,#6a5acd,2,296.208153,8.976005,0.359040,0.040000
z_0152_514.000000.png,#800080,2,120.225397,3.643194,0.145728,0.040000
z_0152_514.000000.png,#8000ff,15,1321.751442,40.053074,1.602123,0.040000
z_0152_514.000000.png,#8080ff,5,253.823376,7.691617,0.307665,0.040000
z_0152_514.000000.png,#80ff80,1,56.284271,1.705584,0.068223,0.040000
z_0152_514.000000.png,#911eb4,3,194.610173,5.897278,0.235891,0.040000
z_0152_514.000000.png,#9acd32,1,171.882251,5.208553,0.208342,0.040000
z_0152_514.000000.png,#a52a2a,1,73.840620,2.237595,0.089504,0.040000
z_0152_514.000000.png,#b22222,4,466.274170,14.129520,0.565181,0.040000
z_0152_514.000000.png,#bcf60c,3,105.597980,3.199939,0.127998,0.040000
z_0152_514.000000.png,#dc143c,5,343.019336,10.394525,0.415781,0.040000
z_0152_514.000000.png,#e6194b,3,228.409163,6.921490,0.276860,0.040000
z_0152_514.000000.png,#ed4ea9,3,261.622366,7.927950,0.317118,0.040000
z_0152_514.000000.png,#fabebe,2,206.409163,6.254823,0.250193,0.040000
z_0152_514.000000.png,#ff0080,6,396.173665,12.005263,0.480211,0.040000
z_0152_514.000000.png,#ff69b4,5,250.835570,7.601078,0.304043,0.040000
z_0152_514.000000.png,#ff8080,1,59.355339,1.798647,0.071946,0.040000
z_0152_514.000000.png,#ffd700,7,782.908730,23.724507,0.948980,0.040000
z_0153_515.000000.png,#0000ff,6,322.977705,9.787203,0.391488,0.040000
z_0153_515.000000.png,#008080,6,581.286363,17.614738,0.704590,0.040000
z_0153_515.000000.png,#0080ff,3,447.043723,13.546779,0.541871,0.040000
z_0153_515.000000.png,#0082c8,2,199.379726,6.041810,0.241672,0.040000
z_0153_515.000000.png,#00fa9a,4,244.308658,7.403293,0.296132,0.040000
z_0153_515.000000.png,#1e90ff,1,209.036580,6.334442,0.253378,0.040000
z_0153_515.000000.png,#3cb44b,2,361.747258,10.962038,0.438482,0.040000
z_0153_515.000000.png,#40e0d0,1,89.941125,2.725489,0.109020,0.040000
z_0153_515.000000.png,#46f0f0,2,137.254834,4.159237,0.166369,0.040000
z_0153_515.000000.png,#6a5acd,3,247.923882,7.512845,0.300514,0.040000
z_0153_515.000000.png,#800080,2,128.811183,3.903369,0.156135,0.040000
z_0153_515.000000.png,#8000ff,16,1295.467171,39.256581,1.570263,0.040000
z_0153_515.000000.png,#8080ff,12,248.793939,7.539210,0.301568,0.040000
z_0153_515.000000.png,#80ff80,1,60.870058,1.844547,0.073782,0.040000
z_0153_515.000000.png,#911eb4,2,215.681241,6.535795,0.261432,0.040000
z_0153_515.000000.png,#9acd32,1,170.710678,5.173051,0.206922,0.040000
z_0153_515.000000.png,#a52a2a,1,71.597980,2.169636,0.086785,0.040000
z_0153_515.000000.png,#b22222,4,439.203102,13.309185,0.532367,0.040000
z_0153_515.000000.png,#bcf60c,3,122.811183,3.721551,0.148862,0.040000
z_0153_515.000000.png,#dc143c,6,299.948268,9.089341,0.363574,0.040000
z_0153_515.000000.png,#e6194b,3,232.066017,7.032304,0.281292,0.040000
z_0153_515.000000.png,#ed4ea9,3,262.107648,7.942656,0.317706,0.040000
z_0153_515.000000.png,#fabebe,2,229.036580,6.940502,0.277620,0.040000
z_0153_515.000000.png,#ff0080,6,368.818326,11.176313,0.447053,0.040000
z_0153_515.000000.png,#ff69b4,6,266.835570,8.085926,0.323437,0.040000
z_0153_515.000000.png,#ff8080,1,55.941125,1.695186,0.067807,0.040000
z_0153_515.000000.png,#ffd700,6,798.021428,24.182468,0.967299,0.040000
z_0154_516.000000.png,#0000ff,6,337.806133,10.236549,0.409462,0.040000
z_0154_516.000000.png,#008080,7,565.972655,17.150687,0.686027,0.040000
z_0154_516.000000.png,#0080ff,3,499.428499,15.134197,0.605368,0.040000
z_0154_516.000000.png,#0082c8,1,186.651804,5.656115,0.226245,0.040000
z_0154_516.000000.png,#00fa9a,4,245.137085,7.428397,0.297136,0.040000
z_0154_516.000000.png,#1e90ff,1,202.551299,6.137918,0.245517,0.040000
z_0154_516.000000.png,#3cb44b,2,355.605122,10.775913,0.431037,0.040000
z_0154_516.000000.png,#40e0d0,1,84.284271,2.554069,0.102163,0.040000
z_0154_516.000000.png,#46f0f0,2,158.669048,4.808153,0.192326,0.040000
z_0154_516.000000.png,#6a5acd,3,225.882251,6.844917,0.273797,0.040000
z_0154_516.000000.png,#800080,2,140.124892,4.246209,0.169848,0.040000
z_0154_516.000000.png,#8000ff,19,1316.396103,39.890791,1.595632,0.040000
z_0154_516.000000.png,#8080ff,9,247.823376,7.509799,0.300392,0.040000
z_0154_516.000000.png,#80ff80,1,65.698485,1.990863,0.079635,0.040000
z_0154_516.000000.png,#911eb4,4,170.852814,5.177358,0.207094,0.040000
z_0154_516.000000.png,#9acd32,1,161.639610,4.898170,0.195927,0.040000
z_0154_516.000000.png,#a52a2a,1,72.426407,2.194740,0.087790,0.040000
z_0154_516.000000.png,#b22222,3,431.788889,13.084512,0.523380,0.040000
z_0154_516.000000.png,#bcf60c,3,124.225397,3.764406,0.150576,0.040000
z_0154_516.000000.png,#dc143c,6,285.462987,8.650394,0.346016,0.040000
z_0154_516.000000.png,#e6194b,3,238.208153,7.218429,0.288737,0.040000
z_0154_516.000000.png,#ed4ea9,3,252.793939,7.660422,0.306417,0.040000
z_0154_516.000000.png,#fabebe,2,240.835570,7.298048,0.291922,0.040000
z_0154_516.000000.png,#ff0080,7,319.948268,9.695402,0.387816,0.040000
z_0154_516.000000.png,#ff69b4,5,243.521861,7.379450,0.295178,0.040000
z_0154_516.000000.png,#ff8080,2,138.325902,4.191694,0.167668,0.040000
z_0154_516.000000.png,#ffd700,7,809.234631,24.522262,0.980890,0.040000
z_0155_517.000000.png,#0000ff,7,353.948268,10.725705,0.429028,0.040000
z_0155_517.000000.png,#008080,6,572.943218,17.361916,0.694477,0.040000
z_0155_517.000000.png,#0080ff,4,401.546248,12.168068,0.486723,0.040000
z_0155_517.000000.png,#0082c8,1,174.409163,5.285126,0.211405,0.040000
z_0155_517.000000.png,#00fa9a,4,251.379726,7.617567,0.304703,0.040000
z_0155_517.000000.png,#1e90ff,1,197.965512,5.998955,0.239958,0.040000
z_0155_517.000000.png,#3cb44b,2,353.847763,10.722659,0.428906,0.040000
z_0155_517.000000.png,#40e0d0,1,80.769553,2.447562,0.097902,0.040000
z_0155_517.000000.png,#46f0f0,2,188.953319,5.725858,0.229034,0.040000
z_0155_517.000000.png,#6a5acd,3,222.267027,6.735364,0.269415,0.040000
z_0155_517.000000.png,#800080,2,146.953319,4.453131,0.178125,0.040000
z_0155_517.000000.png,#8000ff,16,1236.940259,37.483038,1.499322,0.040000
z_0155_517.000000.png,#8080ff,9,234.894444,7.118013,0.284721,0.040000
z_0155_517.000000.png,#80ff80,1,73.355339,2.222889,0.088916,0.040000
z_0155_517.000000.png,#911eb4,3,116.669048,3.535426,0.141417,0.040000
z_0155_517.000000.png,#9acd32,2,220.994949,6.696817,0.267873,0.040000
z_0155_517.000000.png,#a52a2a,1,71.597980,2.169636,0.086785,0.040000
z_0155_517.000000.png,#b22222,3,436.031529,13.213077,0.528523,0.040000
z_0155_517.000000.png,#bcf60c,3,129.639610,3.928473,0.157139,0.040000
z_0155_517.000000.png,#dc143c,6,275.663997,8.353454,0.334138,0.040000
z_0155_517.000000.png,#e6194b,3,234.752309,7.113706,0.284548,0.040000
z_0155_517.000000.png,#ed4ea9,3,248.894444,7.542256,0.301690,0.040000
z_0155_517.000000.png,#fabebe,3,243.663997,7.383757,0.295350,0.040000
z_0155_517.000000.png,#ff0080,5,280.977705,8.514476,0.340579,0.040000
z_0155_517.000000.png,#ff69b4,8,329.220346,9.976374,0.399055,0.040000
z_0155_517.000000.png,#ff8080,2,136.083261,4.123735,0.164949,0.040000
z_0155_517.000000.png,#ffd700,6,760.121933,23.033998,0.921360,0.040000
z_0156_518.000000.png,#0000ff,6,358.776695,10.872021,0.434881,0.040000
z_0156_518.000000.png,#008080,7,579.085353,17.548041,0.701922,0.040000
z_0156_518.000000.png,#0080ff,4,379.989899,11.514845,0.460594,0.040000
z_0156_518.000000.png,#0082c8,1,137.195959,4.157453,0.166298,0.040000
z_0156_518.000000.png,#00fa9a,4,250.208153,7.582065,0.303283,0.040000
z_0156_518.000000.png,#1e90ff,1,195.137085,5.913245,0.236530,0.040000
z_0156_518.000000.png,#3cb44b,2,348.776695,10.568991,0.422760,0.040000
z_0156_518.000000.png,#40e0d0,1,76.426407,2.315952,0.092638,0.040000
z_0156_518.000000.png,#46f0f0,1,205.396970,6.224151,0.248966,0.040000
z_0156_518.000000.png,#6a5acd,3,202.811183,6.145793,0.245832,0.040000
z_0156_518.000000.png,#800080,2,152.953319,4.634949,0.185398,0.040000
z_0156_518.000000.png,#8000ff,17,1217.283405,36.887376,1.475495,0.040000
z_0156_518.000000.png,#8080ff,8,196.752309,5.962191,0.238488,0.040000
z_0156_518.000000.png,#80ff80,1,74.284271,2.251039,0.090042,0.040000
z_0156_518.000000.png,#911eb4,2,90.769553,2.750593,0.110024,0.040000
z_0156_518.000000.png,#9acd32,2,203.095454,6.154408,0.246176,0.040000
z_0156_518.000000.png,#a52a2a,1,70.769553,2.144532,0.085781,0.040000
z_0156_518.000000.png,#b22222,3,445.203102,13.491003,0.539640,0.040000
z_0156_518.000000.png,#bcf60c,3,138.225397,4.188648,0.167546,0.040000
z_0156_518.000000.png,#dc143c,5,279.421356,8.467314,0.338693,0.040000
z_0156_518.000000.png,#e6194b,3,238.651804,7.231873,0.289275,0.040000
z_0156_518.000000.png,#ed4ea9,3,253.137085,7.670821,0.306833,0.040000
z_0156_518.000000.png,#fabebe,3,248.835570,7.540472,0.301619,0.040000
z_0156_518.000000.png,#ff0080,5,291.119841,8.821813,0.352873,0.040000
z_0156_518.000000.png,#ff69b4,7,351.462987,10.650394,0.426016,0.040000
z_0156_518.000000.png,#ff8080,2,139.740115,4.234549,0.169382,0.040000
z_0156_518.000000.png,#ffd700,7,660.281313,20.008525,0.800341,0.040000
z_0157_519.000000.png,#0000ff,7,364.048773,11.031781,0.441271,0.040000
z_0157_519.000000.png,#008080,6,548.943218,16.634643,0.665386,0.040000
z_0157_519.000000.png,#0080ff,3,326.634560,9.898017,0.395921,0.040000
z_0157_519.000000.png,#0082c8,2,105.740115,3.204246,0.128170,0.040000
z_0157_519.000000.png,#00fa9a,4,253.965512,7.695925,0.307837,0.040000
z_0157_519.000000.png,#1e90ff,1,189.237590,5.734472,0.229379,0.040000
z_0157_519.000000.png,#3cb44b,2,349.462987,10.589787,0.423591,0.040000
z_0157_519.000000.png,#40e0d0,1,75.012193,2.273097,0.090924,0.040000
z_0157_519.000000.png,#46f0f0,2,201.639610,6.110291,0.244412,0.040000
z_0157_519.000000.png,#6a5acd,4,188.953319,5.725858,0.229034,0.040000
z_0157_519.000000.png,#800080,3,206.894444,6.269529,0.250781,0.040000
z_0157_519.000000.png,#8000ff,16,1182.555483,35.835015,1.433401,0.040000
z_0157_519.000000.png,#8080ff,10,143.781746,4.357023,0.174281,0.040000
z_0157_519.000000.png,#80ff80,1,79.112698,2.397354,0.095894,0.040000
z_0157_519.000000.png,#911eb4,2,75.698485,2.293893,0.091756,0.040000
z_0157_519.000000.png,#9acd32,2,190.610173,5.776066,0.231043,0.040000
z_0157_519.000000.png,#a52a2a,1,71.355339,2.162283,0.086491,0.040000
z_0157_519.000000.png,#b22222,5,531.487373,16.105678,0.644227,0.040000
z_0157_519.000000.png,#bcf60c,3,150.710678,4.566990,0.182680,0.040000
z_0157_519.000000.png,#dc143c,5,258.936075,7.846548,0.313862,0.040000
z_0157_519.000000.png,#e6194b,2,228.752309,6.931888,0.277276,0.040000
z_0157_519.000000.png,#ed4ea9,3,255.379726,7.738780,0.309551,0.040000
z_0157_519.000000.png,#fabebe,3,250.007143,7.575974,0.303039,0.040000
z_0157_519.000000.png,#ff0080,5,268.592929,8.139180,0.325567,0.040000
z_0157_519.000000.png,#ff69b4,7,373.362482,11.314015,0.452561,0.040000
z_0157_519.000000.png,#ff8080,2,141.497475,4.287802,0.171512,0.040000
z_0157_519.000000.png,#ffd700,5,536.600072,16.260608,0.650424,0.040000
z_0158_520.000000.png,#0000ff,7,427.889394,12.966345,0.518654,0.040000
z_0158_520.000000.png,#008080,6,539.487373,16.348102,0.653924,0.040000
z_0158_520.000000.png,#0080ff,3,336.634560,10.201047,0.408042,0.040000
z_0158_520.000000.png,#0082c8,2,80.325902,2.434118,0.097365,0.040000
z_0158_520.000000.png,#00fa9a,3,250.450793,7.589418,0.303577,0.040000
z_0158_520.000000.png,#1e90ff,1,183.580736,5.563053,0.222522,0.040000
z_0158_520.000000.png,#3cb44b,2,352.291414,10.675497,0.427020,0.040000
z_0158_520.000000.png,#40e0d0,1,70.769553,2.144532,0.085781,0.040000
z_0158_520.000000.png,#46f0f0,2,189.882251,5.754008,0.230160,0.040000
z_0158_520.000000.png,#6a5acd,3,139.740115,4.234549,0.169382,0.040000
z_0158_520.000000.png,#800080,2,217.965512,6.605016,0.264201,0.040000
z_0158_520.000000.png,#8000ff,17,1182.655988,35.838060,1.433522,0.040000
z_0158_520.000000.png,#8080ff,8,121.053824,3.668298,0.146732,0.040000
z_0158_520.000000.png,#80ff80,1,83.698485,2.536318,0.101453,0.040000
z_0158_520.000000.png,#911eb4,2,54.870058,1.662729,0.066509,0.040000
z_0158_520.000000.png,#9acd32,2,175.882251,5.329765,0.213191,0.040000
z_0158_520.000000.png,#a52a2a,1,72.769553,2.205138,0.088206,0.040000
z_0158_520.000000.png,#b22222,4,556.700577,16.869714,0.674789,0.040000
z_0158_520.000000.png,#bcf60c,3,152.024387,4.606800,0.184272,0.040000
z_0158_520.000000.png,#dc143c,5,257.764502,7.811046,0.312442,0.040000
z_0158_520.000000.png,#e6194b,2,222.994949,6.757423,0.270297,0.040000
z_0158_520.000000.png,#ed4ea9,5,255.965512,7.756531,0.310261,0.040000
z_0158_520.000000.png,#fabebe,3,211.965512,6.423197,0.256928,0.040000
z_0158_520.000000.png,#ff0080,5,254.450793,7.710630,0.308425,0.040000
z_0158_520.000000.png,#ff69b4,7,399.747258,12.113553,0.484542,0.040000
z_0158_520.000000.png,#ff8080,2,135.982756,4.120690,0.164828,0.040000
z_0158_520.000000.png,#ffd700,5,479.487373,14.529920,0.581197,0.040000
z_0159_521.000000.png,#0000ff,7,425.646753,12.898386,0.515935,0.040000
z_0159_521.000000.png,#008080,6,538.658946,16.322998,0.652920,0.040000
z_0159_521.000000.png,#0080ff,3,336.291414,10.190649,0.407626,0.040000
z_0159_521.000000.png,#0082c8,2,80.911688,2.451869,0.098075,0.040000
z_0159_521.000000.png,#00fa9a,3,251.279221,7.614522,0.304581,0.040000
z_0159_521.000000.png,#1e90ff,1,184.409163,5.588156,0.223526,0.040000
z_0159_521.000000.png,#3cb44b,2,351.705627,10.657746,0.426310,0.040000
z_0159_521.000000.png,#40e0d0,1,70.769553,2.144532,0.085781,0.040000
z_0159_521.000000.png,#46f0f0,2,189.882251,5.754008,0.230160,0.040000
z_0159_521.000000.png,#6a5acd,3,138.325902,4.191694,0.167668,0.040000
z_0159_521.000000.png,#800080,2,217.137085,6.579912,0.263196,0.040000
z_0159_521.000000.png,#8000ff,17,1180.655988,35.777454,1.431098,0.040000
z_0159_521.000000.png,#8080ff,7,119.396970,3.618090,0.144724,0.040000
z_0159_521.000000.png,#80ff80,1,83.698485,2.536318,0.101453,0.040000
z_0159_521.000000.png,#911eb4,2,55.698485,1.687833,0.067513,0.040000
z_0159_521.000000.png,#9acd32,2,175.882251,5.329765,0.213191,0.040000
z_0159_521.000000.png,#a52a2a,1,72.769553,2.205138,0.088206,0.040000
z_0159_521.000000.png,#b22222,4,557.529004,16.894818,0.675793,0.040000
z_0159_521.000000.png,#bcf60c,3,153.438600,4.649655,0.185986,0.040000
z_0159_521.000000.png,#dc143c,5,258.936075,7.846548,0.313862,0.040000
z_0159_521.000000.png,#e6194b,2,221.338095,6.707215,0.268289,0.040000
z_0159_521.000000.png,#ed4ea9,5,255.379726,7.738780,0.309551,0.040000
z_0159_521.000000.png,#fabebe,3,213.379726,6.466052,0.258642,0.040000
z_0159_521.000000.png,#ff0080,5,255.279221,7.735734,0.309429,0.040000
z_0159_521.000000.png,#ff69b4,7,401.161472,12.156408,0.486256,0.040000
z_0159_521.000000.png,#ff8080,2,135.396970,4.102938,0.164118,0.040000
z_0159_521.000000.png,#ffd700,5,477.244733,14.461962,0.578478,0.040000
z_0160_522.000000.png,#0000ff,4,473.587878,14.351148,0.574046,0.040000
z_0160_522.000000.png,#008080,6,515.286363,15.614738,0.624590,0.040000
z_0160_522.000000.png,#0080ff,2,345.320851,10.464268,0.418571,0.040000
z_0160_522.000000.png,#0082c8,1,34.485281,1.045009,0.041800,0.040000
z_0160_522.000000.png,#00fa9a,3,228.551299,6.925797,0.277032,0.040000
z_0160_522.000000.png,#1e90ff,1,167.681241,5.081250,0.203250,0.040000
z_0160_522.000000.png,#3cb44b,2,346.877200,10.511430,0.420457,0.040000
z_0160_522.000000.png,#40e0d0,1,62.870058,1.905153,0.076206,0.040000
z_0160_522.000000.png,#46f0f0,3,257.722871,7.809784,0.312391,0.040000
z_0160_522.000000.png,#6a5acd,4,87.597980,2.654484,0.106179,0.040000
z_0160_522.000000.png,#800080,2,240.936075,7.301093,0.292044,0.040000
z_0160_522.000000.png,#8000ff,14,1077.300649,32.645474,1.305819,0.040000
z_0160_522.000000.png,#8080ff,10,129.639610,3.928473,0.157139,0.040000
z_0160_522.000000.png,#80ff80,1,86.284271,2.614675,0.104587,0.040000
z_0160_522.000000.png,#911eb4,1,25.556349,0.774435,0.030977,0.040000
z_0160_522.000000.png,#9acd32,3,134.710678,4.082142,0.163286,0.040000
z_0160_522.000000.png,#a52a2a,1,69.798990,2.115121,0.084605,0.040000
z_0160_522.000000.png,#b22222,4,672.825469,20.388651,0.815546,0.040000
z_0160_522.000000.png,#bcf60c,3,155.438600,4.710261,0.188410,0.040000
z_0160_522.000000.png,#dc143c,6,420.232539,12.734319,0.509373,0.040000
z_0160_522.000000.png,#e6194b,2,195.338095,5.919336,0.236773,0.040000
z_0160_522.000000.png,#ed4ea9,4,148.710678,4.506384,0.180255,0.040000
z_0160_522.000000.png,#fabebe,3,151.882251,4.602492,0.184100,0.040000
z_0160_522.000000.png,#ff0080,6,245.622366,7.443102,0.297724,0.040000
z_0160_522.000000.png,#ff69b4,7,443.931024,13.452455,0.538098,0.040000
z_0160_522.000000.png,#ff8080,2,120.669048,3.656638,0.146266,0.040000
z_0160_522.000000.png,#ffd700,4,418.859956,12.692726,0.507709,0.040000
z_0161_523.000000.png,#0000ff,4,474.901587,14.390957,0.575638,0.040000
z_0161_523.000000.png,#008080,6,488.274170,14.796187,0.591847,0.040000
z_0161_523.000000.png,#0080ff,2,349.320851,10.585480,0.423419,0.040000
z_0161_523.000000.png,#0082c8,1,30.727922,0.931149,0.037246,0.040000
z_0161_523.000000.png,#00fa9a,3,207.338095,6.282973,0.251319,0.040000
z_0161_523.000000.png,#1e90ff,1,158.367532,4.799016,0.191961,0.040000
z_0161_523.000000.png,#3cb44b,2,344.433550,10.437380,0.417495,0.040000
z_0161_523.000000.png,#40e0d0,1,59.455844,1.801692,0.072068,0.040000
z_0161_523.000000.png,#46f0f0,5,233.923882,7.088602,0.283544,0.040000
z_0161_523.000000.png,#6a5acd,3,105.012193,3.182188,0.127288,0.040000
z_0161_523.000000.png,#800080,2,257.764502,7.811046,0.312442,0.040000
z_0161_523.000000.png,#8000ff,15,1146.472222,34.741582,1.389663,0.040000
z_0161_523.000000.png,#8080ff,14,146.024387,4.424981,0.176999,0.040000
z_0161_523.000000.png,#80ff80,1,93.840620,2.843655,0.113746,0.040000
z_0161_523.000000.png,#911eb4,1,23.556349,0.713829,0.028553,0.040000
z_0161_523.000000.png,#9acd32,2,109.396970,3.315060,0.132602,0.040000
z_0161_523.000000.png,#a52a2a,1,72.526912,2.197785,0.087911,0.040000
z_0161_523.000000.png,#b22222,4,700.925974,21.240181,0.849607,0.040000
z_0161_523.000000.png,#bcf60c,3,146.953319,4.453131,0.178125,0.040000
z_0161_523.000000.png,#dc143c,5,469.345238,14.222583,0.568903,0.040000
z_0161_523.000000.png,#e6194b,2,184.166522,5.580804,0.223232,0.040000
z_0161_523.000000.png,#ed4ea9,3,136.225397,4.128042,0.165122,0.040000
z_0161_523.000000.png,#fabebe,3,150.367532,4.556592,0.182264,0.040000
z_0161_523.000000.png,#ff0080,4,230.793939,6.993756,0.279750,0.040000
z_0161_523.000000.png,#ff69b4,6,453.587878,13.745087,0.549803,0.040000
z_0161_523.000000.png,#ff8080,2,106.669048,3.232395,0.129296,0.040000
z_0161_523.000000.png,#ffd700,5,365.161472,11.065499,0.442620,0.040000
z_0162_524.000000.png,#0000ff,5,467.345238,14.161977,0.566479,0.040000
z_0162_524.000000.png,#008080,5,457.203102,13.854639,0.554186,0.040000
z_0162_524.000000.png,#0080ff,3,386.391919,11.708846,0.468354,0.040000
z_0162_524.000000.png,#0082c8,1,26.142136,0.792186,0.031687,0.040000
z_0162_524.000000.png,#00fa9a,3,189.338095,5.737518,0.229501,0.040000
z_0162_524.000000.png,#1e90ff,1,151.195959,4.581696,0.183268,0.040000
z_0162_524.000000.png,#3cb44b,2,338.433550,10.255562,0.410222,0.040000
z_0162_524.000000.png,#40e0d0,1,57.455844,1.741086,0.069643,0.040000
z_0162_524.000000.png,#46f0f0,5,184.367532,5.586895,0.223476,0.040000
z_0162_524.000000.png,#6a5acd,3,119.053824,3.607692,0.144308,0.040000
z_0162_524.000000.png,#800080,3,244.450793,7.407600,0.296304,0.040000
z_0162_524.000000.png,#8000ff,17,1190.212337,36.067041,1.442682,0.040000
z_0162_524.000000.png,#8080ff,12,160.024387,4.849224,0.193969,0.040000
z_0162_524.000000.png,#80ff80,1,99.840620,3.025473,0.121019,0.040000
z_0162_524.000000.png,#911eb4,1,26.727922,0.809937,0.032397,0.040000
z_0162_524.000000.png,#9acd32,3,79.254834,2.401662,0.096066,0.040000
z_0162_524.000000.png,#a52a2a,1,71.455844,2.165329,0.086613,0.040000
z_0162_524.000000.png,#b22222,4,727.269119,22.038458,0.881538,0.040000
z_0162_524.000000.png,#bcf60c,3,156.852814,4.753116,0.190125,0.040000
z_0162_524.000000.png,#dc143c,5,452.031529,13.697925,0.547917,0.040000
z_0162_524.000000.png,#e6194b,3,162.610173,4.927581,0.197103,0.040000
z_0162_524.000000.png,#ed4ea9,3,131.982756,3.999477,0.159979,0.040000
z_0162_524.000000.png,#fabebe,3,142.811183,4.327612,0.173104,0.040000
z_0162_524.000000.png,#ff0080,3,228.651804,6.928843,0.277154,0.040000
z_0162_524.000000.png,#ff69b4,7,508.215295,15.400463,0.616019,0.040000
z_0162_524.000000.png,#ff8080,2,91.597980,2.775696,0.111028,0.040000
z_0162_524.000000.png,#ffd700,4,350.918831,10.633904,0.425356,0.040000
z_0163_525.000000.png,#0000ff,5,454.617316,13.776282,0.551051,0.040000
z_0163_525.000000.png,#008080,5,424.818326,12.873283,0.514931,0.040000
z_0163_525.000000.png,#0080ff,3,399.462987,12.104939,0.484198,0.040000
z_0163_525.000000.png,#00fa9a,2,170.852814,5.177358,0.207094,0.040000
z_0163_525.000000.png,#1e90ff,1,142.124892,4.306815,0.172273,0.040000
z_0163_525.000000.png,#3cb44b,2,337.948268,10.240857,0.409634,0.040000
z_0163_525.000000.png,#40e0d0,1,52.870058,1.602123,0.064085,0.040000
z_0163_525.000000.png,#46f0f0,4,135.882251,4.117644,0.164706,0.040000
z_0163_525.000000.png,#6a5acd,3,134.811183,4.085187,0.163407,0.040000
z_0163_525.000000.png,#800080,3,247.036580,7.485957,0.299438,0.040000
z_0163_525.000000.png,#8000ff,15,1205.626550,36.534138,1.461366,0.040000
z_0163_525.000000.png,#8080ff,12,193.781746,5.872174,0.234887,0.040000
z_0163_525.000000.png,#80ff80,2,163.681241,4.960038,0.198402,0.040000
z_0163_525.000000.png,#911eb4,1,29.556349,0.895647,0.035826,0.040000
z_0163_525.000000.png,#9acd32,1,50.284271,1.523766,0.060951,0.040000
z_0163_525.000000.png,#a52a2a,1,71.355339,2.162283,0.086491,0.040000
z_0163_525.000000.png,#b22222,6,800.281313,24.250949,0.970038,0.040000
z_0163_525.000000.png,#bcf60c,3,165.580736,5.017598,0.200704,0.040000
z_0163_525.000000.png,#dc143c,5,402.333044,12.191910,0.487676,0.040000
z_0163_525.000000.png,#e6194b,3,132.225397,4.006830,0.160273,0.040000
z_0163_525.000000.png,#ed4ea9,3,135.639610,4.110291,0.164412,0.040000
z_0163_525.000000.png,#fabebe,4,163.882251,4.966129,0.198645,0.040000
z_0163_525.000000.png,#ff0080,3,220.752309,6.689464,0.267579,0.040000
z_0163_525.000000.png,#ff69b4,9,590.055916,17.880482,0.715219,0.040000
z_0163_525.000000.png,#ff8080,1,84.769553,2.568774,0.102751,0.040000
z_0163_525.000000.png,#ffd700,5,363.504617,11.015291,0.440612,0.040000
z_0164_526.000000.png,#0000ff,5,398.090404,12.063346,0.482534,0.040000
z_0164_526.000000.png,#008080,5,408.918831,12.391480,0.495659,0.040000
z_0164_526.000000.png,#0080ff,3,411.605122,12.472882,0.498915,0.040000
z_0164_526.000000.png,#00fa9a,2,164.852814,4.995540,0.199822,0.040000
z_0164_526.000000.png,#1e90ff,1,132.468037,4.014183,0.160567,0.040000
z_0164_526.000000.png,#3cb44b,2,336.090404,10.184558,0.407382,0.040000
z_0164_526.000000.png,#40e0d0,1,49.213203,1.491309,0.059652,0.040000
z_0164_526.000000.png,#46f0f0,2,106.568542,3.229350,0.129174,0.040000
z_0164_526.000000.png,#6a5acd,2,138.225397,4.188648,0.167546,0.040000
z_0164_526.000000.png,#800080,3,243.137085,7.367790,0.294712,0.040000
z_0164_526.000000.png,#8000ff,13,1093.744299,33.143767,1.325751,0.040000
z_0164_526.000000.png,#8080ff,11,172.610173,5.230611,0.209224,0.040000
z_0164_526.000000.png,#80ff80,2,176.509668,5.348778,0.213951,0.040000
z_0164_526.000000.png,#911eb4,1,34.970563,1.059714,0.042389,0.040000
z_0164_526.000000.png,#9acd32,1,51.455844,1.559268,0.062371,0.040000
z_0164_526.000000.png,#a52a2a,1,71.698485,2.172681,0.086907,0.040000
z_0164_526.000000.png,#b22222,5,866.908730,26.269962,1.050798,0.040000
z_0164_526.000000.png,#bcf60c,2,162.852814,4.934934,0.197397,0.040000
z_0164_526.000000.png,#dc143c,1,326.492424,9.893710,0.395748,0.040000
z_0164_526.000000.png,#e6194b,3,110.568542,3.350562,0.134022,0.040000
z_0164_526.000000.png,#ed4ea9,3,137.882251,4.178250,0.167130,0.040000
z_0164_526.000000.png,#fabebe,4,195.681241,5.929735,0.237189,0.040000
z_0164_526.000000.png,#ff0080,3,221.338095,6.707215,0.268289,0.040000
z_0164_526.000000.png,#ff69b4,7,630.884343,19.117707,0.764708,0.040000
z_0164_526.000000.png,#ff8080,1,83.355339,2.525919,0.101037,0.040000
z_0164_526.000000.png,#ffd700,5,421.060967,12.759423,0.510377,0.040000
z_0165_527.000000.png,#0000ff,5,388.190909,11.763361,0.470534,0.040000
z_0165_527.000000.png,#008080,5,376.475180,11.408339,0.456334,0.040000
z_0165_527.000000.png,#0080ff,3,413.989899,12.545148,0.501806,0.040000
z_0165_527.000000.png,#00fa9a,2,158.024387,4.788618,0.191545,0.040000
z_0165_527.000000.png,#1e90ff,1,122.710678,3.718505,0.148740,0.040000
z_0165_527.000000.png,#3cb44b,2,332.776695,10.084142,0.403366,0.040000
z_0165_527.000000.png,#40e0d0,1,48.142136,1.458853,0.058354,0.040000
z_0165_527.000000.png,#46f0f0,2,123.296465,3.736257,0.149450,0.040000
z_0165_527.000000.png,#6a5acd,2,137.882251,4.178250,0.167130,0.040000
z_0165_527.000000.png,#800080,3,250.450793,7.589418,0.303577,0.040000
z_0165_527.000000.png,#8000ff,12,1077.099639,32.639383,1.305575,0.040000
z_0165_527.000000.png,#8080ff,10,177.781746,5.387326,0.215493,0.040000
z_0165_527.000000.png,#80ff80,2,203.237590,6.158715,0.246349,0.040000
z_0165_527.000000.png,#911eb4,1,40.627417,1.231134,0.049245,0.040000
z_0165_527.000000.png,#9acd32,1,54.627417,1.655376,0.066215,0.040000
z_0165_527.000000.png,#a52a2a,1,73.597980,2.230242,0.089210,0.040000
z_0165_527.000000.png,#b22222,5,864.080303,26.184252,1.047370,0.040000
z_0165_527.000000.png,#bcf60c,2,158.852814,4.813722,0.192549,0.040000
z_0165_527.000000.png,#dc143c,1,302.208153,9.157823,0.366313,0.040000
z_0165_527.000000.png,#e6194b,2,86.426407,2.618982,0.104759,0.040000
z_0165_527.000000.png,#ed4ea9,3,142.468037,4.317213,0.172689,0.040000
z_0165_527.000000.png,#fabebe,4,230.509668,6.985141,0.279406,0.040000
z_0165_527.000000.png,#ff0080,4,251.480231,7.620613,0.304825,0.040000
z_0165_527.000000.png,#ff69b4,7,667.511760,20.227629,0.809105,0.040000
z_0165_527.000000.png,#ff8080,1,94.426407,2.861406,0.114456,0.040000
z_0165_527.000000.png,#ffd700,6,500.558441,15.168438,0.606738,0.040000
z_0166_528.000000.png,#0000ff,5,376.877200,11.420521,0.456821,0.040000
z_0166_528.000000.png,#008080,4,332.776695,10.084142,0.403366,0.040000
z_0166_528.000000.png,#0080ff,3,431.303607,13.069806,0.522792,0.040000
z_0166_528.000000.png,#00fa9a,2,156.124892,4.731057,0.189242,0.040000
z_0166_528.000000.png,#1e90ff,1,108.811183,3.297309,0.131892,0.040000
z_0166_528.000000.png,#3cb44b,2,324.190909,9.823967,0.392959,0.040000
z_0166_528.000000.png,#40e0d0,1,50.142136,1.519459,0.060778,0.040000
z_0166_528.000000.png,#46f0f0,2,179.923882,5.452239,0.218090,0.040000
z_0166_528.000000.png,#6a5acd,2,131.539105,3.986033,0.159441,0.040000
z_0166_528.000000.png,#800080,3,258.450793,7.831842,0.313274,0.040000
z_0166_528.000000.png,#8000ff,12,1084.614357,32.867102,1.314684,0.040000
z_0166_528.000000.png,#8080ff,19,211.580736,6.411537,0.256461,0.040000
z_0166_528.000000.png,#80ff80,2,226.208153,6.854793,0.274192,0.040000
z_0166_528.000000.png,#911eb4,1,47.798990,1.448454,0.057938,0.040000
z_0166_528.000000.png,#9acd32,1,59.112698,1.791294,0.071652,0.040000
z_0166_528.000000.png,#a52a2a,1,70.183766,2.126781,0.085071,0.040000
z_0166_528.000000.png,#b22222,6,839.310750,25.433659,1.017346,0.040000
z_0166_528.000000.png,#bcf60c,2,140.024387,4.243163,0.169727,0.040000
z_0166_528.000000.png,#dc143c,3,271.137085,8.216275,0.328651,0.040000
z_0166_528.000000.png,#e6194b,2,89.597980,2.715090,0.108604,0.040000
z_0166_528.000000.png,#ed4ea9,3,129.639610,3.928473,0.157139,0.040000
z_0166_528.000000.png,#fabebe,3,243.823376,7.388587,0.295543,0.040000
z_0166_528.000000.png,#ff0080,5,311.320851,9.433965,0.377359,0.040000
z_0166_528.000000.png,#ff69b4,5,701.695526,21.263501,0.850540,0.040000
z_0166_528.000000.png,#ff8080,1,88.769553,2.689986,0.107599,0.040000
z_0166_528.000000.png,#ffd700,6,571.712770,17.324629,0.692985,0.040000
z_0167_529.000000.png,#0000ff,4,345.806133,10.478974,0.419159,0.040000
z_0167_529.000000.png,#008080,4,325.462987,9.862515,0.394501,0.040000
z_0167_529.000000.png,#0080ff,2,441.404112,13.375882,0.535035,0.040000
z_0167_529.000000.png,#00fa9a,2,161.296465,4.887772,0.195511,0.040000
z_0167_529.000000.png,#1e90ff,1,60.870058,1.844547,0.073782,0.040000
z_0167_529.000000.png,#3cb44b,2,319.119841,9.670298,0.386812,0.040000
z_0167_529.000000.png,#40e0d0,1,53.798990,1.630272,0.065211,0.040000
z_0167_529.000000.png,#46f0f0,1,191.438600,5.801170,0.232047,0.040000
z_0167_529.000000.png,#6a5acd,2,135.781746,4.114598,0.164584,0.040000
z_0167_529.000000.png,#800080,3,258.308658,7.827535,0.313101,0.040000
z_0167_529.000000.png,#8000ff,10,1036.572727,31.411295,1.256452,0.040000
z_0167_529.000000.png,#8080ff,9,169.296465,5.130196,0.205208,0.040000
z_0167_529.000000.png,#80ff80,1,242.551299,7.350039,0.294002,0.040000
z_0167_529.000000.png,#911eb4,1,53.213203,1.612521,0.064501,0.040000
z_0167_529.000000.png,#9acd32,1,58.870058,1.783941,0.071358,0.040000
z_0167_529.000000.png,#a52a2a,1,69.355339,2.101677,0.084067,0.040000
z_0167_529.000000.png,#b22222,6,796.582828,24.138874,0.965555,0.040000
z_0167_529.000000.png,#bcf60c,2,134.024387,4.061345,0.162454,0.040000
z_0167_529.000000.png,#dc143c,3,240.066017,7.274728,0.290989,0.040000
z_0167_529.000000.png,#e6194b,2,98.325902,2.979573,0.119183,0.040000
z_0167_529.000000.png,#ed4ea9,3,126.325902,3.828058,0.153122,0.040000
z_0167_529.000000.png,#fabebe,3,248.409163,7.527550,0.301102,0.040000
z_0167_529.000000.png,#ff0080,4,322.492424,9.772498,0.390900,0.040000
z_0167_529.000000.png,#ff69b4,6,685.796031,20.781698,0.831268,0.040000
z_0167_529.000000.png,#ff8080,3,143.396970,4.345363,0.173815,0.040000
z_0167_529.000000.png,#ffd700,8,633.269119,19.189973,0.767599,0.040000
z_0168_530.000000.png,#0000ff,4,343.806133,10.418368,0.416735,0.040000
z_0168_530.000000.png,#008080,4,326.877200,9.905370,0.396215,0.040000
z_0168_530.000000.png,#0080ff,2,439.788889,13.326936,0.533077,0.040000
z_0168_530.000000.png,#00fa9a,2,154.468037,4.680850,0.187234,0.040000
z_0168_530.000000.png,#1e90ff,1,23.899495,0.724227,0.028969,0.040000
z_0168_530.000000.png,#3cb44b,2,318.433550,9.649502,0.385980,0.040000
z_0168_530.000000.png,#40e0d0,1,60.041631,1.819443,0.072778,0.040000
z_0168_530.000000.png,#46f0f0,1,181.781746,5.508538,0.220342,0.040000
z_0168_530.000000.png,#6a5acd,2,134.367532,4.071743,0.162870,0.040000
z_0168_530.000000.png,#800080,3,261.137085,7.913245,0.316530,0.040000
z_0168_530.000000.png,#8000ff,10,1053.501659,31.924293,1.276972,0.040000
z_0168_530.000000.png,#8080ff,9,167.882251,5.087341,0.203494,0.040000
z_0168_530.000000.png,#80ff80,1,241.379726,7.314537,0.292581,0.040000
z_0168_530.000000.png,#911eb4,1,58.284271,1.766190,0.070648,0.040000
z_0168_530.000000.png,#9acd32,1,58.627417,1.776588,0.071064,0.040000
z_0168_530.000000.png,#a52a2a,1,68.284271,2.069220,0.082769,0.040000
z_0168_530.000000.png,#b22222,5,708.399062,21.466638,0.858666,0.040000
z_0168_530.000000.png,#bcf60c,2,130.024387,3.940133,0.157605,0.040000
z_0168_530.000000.png,#dc143c,2,200.752309,6.083403,0.243336,0.040000
z_0168_530.000000.png,#e6194b,2,110.325902,3.343209,0.133728,0.040000
z_0168_530.000000.png,#ed4ea9,3,130.225397,3.946224,0.157849,0.040000
z_0168_530.000000.png,#fabebe,4,237.379726,7.193325,0.287733,0.040000
z_0168_530.000000.png,#ff0080,5,327.220346,9.915768,0.396631,0.040000
z_0168_530.000000.png,#ff69b4,5,636.925974,19.300787,0.772031,0.040000
z_0168_530.000000.png,#ff8080,1,166.024387,5.031042,0.201242,0.040000
z_0168_530.000000.png,#ffd700,6,662.825469,20.085620,0.803425,0.040000
z_0169_531.000000.png,#0000ff,4,339.563492,10.289803,0.411592,0.040000
z_0169_531.000000.png,#008080,4,300.977705,9.120537,0.364821,0.040000
z_0169_531.000000.png,#0080ff,2,435.303607,13.191018,0.527641,0.040000
z_0169_531.000000.png,#00fa9a,2,158.710678,4.809414,0.192377,0.040000
z_0169_531.000000.png,#3cb44b,2,304.048773,9.213599,0.368544,0.040000
z_0169_531.000000.png,#40e0d0,1,65.698485,1.990863,0.079635,0.040000
z_0169_531.000000.png,#46f0f0,1,173.296465,5.251408,0.210056,0.040000
z_0169_531.000000.png,#6a5acd,3,119.639610,3.625443,0.145018,0.040000
z_0169_531.000000.png,#800080,3,275.865007,8.359546,0.334382,0.040000
z_0169_531.000000.png,#8000ff,10,1111.442784,33.680084,1.347203,0.040000
z_0169_531.000000.png,#8080ff,9,175.539105,5.319367,0.212775,0.040000
z_0169_531.000000.png,#80ff80,1,341.948268,10.362069,0.414483,0.040000
z_0169_531.000000.png,#911eb4,1,62.627417,1.897801,0.075912,0.040000
z_0169_531.000000.png,#9acd32,1,54.384776,1.648024,0.065921,0.040000
z_0169_531.000000.png,#a52a2a,1,68.284271,2.069220,0.082769,0.040000
z_0169_531.000000.png,#b22222,3,690.541197,20.925491,0.837020,0.040000
z_0169_531.000000.png,#bcf60c,2,124.710678,3.779111,0.151164,0.040000
z_0169_531.000000.png,#dc143c,2,179.438600,5.437533,0.217501,0.040000
z_0169_531.000000.png,#e6194b,2,116.083261,3.517675,0.140707,0.040000
z_0169_531.000000.png,#ed4ea9,3,116.083261,3.517675,0.140707,0.040000
z_0169_531.000000.png,#fabebe,4,223.722871,6.779481,0.271179,0.040000
z_0169_531.000000.png,#ff0080,4,307.906638,9.330504,0.373220,0.040000
z_0169_531.000000.png,#ff69b4,7,568.055916,17.213816,0.688553,0.040000
z_0169_531.000000.png,#ff8080,1,147.781746,4.478235,0.179129,0.040000
z_0169_531.000000.png,#ffd700,6,715.595021,21.684698,0.867388,0.040000
z_0170_532.000000.png,#0000ff,3,344.291414,10.433073,0.417323,0.040000
z_0170_532.000000.png,#008080,3,334.433550,10.134350,0.405374,0.040000
z_0170_532.000000.png,#0080ff,2,438.960461,13.301832,0.532073,0.040000
z_0170_532.000000.png,#00fa9a,2,154.367532,4.677804,0.187112,0.040000
z_0170_532.000000.png,#3cb44b,2,302.877200,9.178097,0.367124,0.040000
z_0170_532.000000.png,#40e0d0,1,72.769553,2.205138,0.088206,0.040000
z_0170_532.000000.png,#46f0f0,1,163.639610,4.958776,0.198351,0.040000
z_0170_532.000000.png,#6a5acd,2,83.597980,2.533272,0.101331,0.040000
z_0170_532.000000.png,#800080,3,270.994949,8.211968,0.328479,0.040000
z_0170_532.000000.png,#8000ff,10,1108.999133,33.606034,1.344241,0.040000
z_0170_532.000000.png,#8080ff,9,170.124892,5.155300,0.206212,0.040000
z_0170_532.000000.png,#80ff80,1,359.404112,10.891034,0.435641,0.040000
z_0170_532.000000.png,#911eb4,1,68.284271,2.069220,0.082769,0.040000
z_0170_532.000000.png,#9acd32,1,51.798990,1.569666,0.062787,0.040000
z_0170_532.000000.png,#a52a2a,1,67.112698,2.033718,0.081349,0.040000
z_0170_532.000000.png,#b22222,4,660.156421,20.004740,0.800190,0.040000
z_0170_532.000000.png,#bcf60c,2,126.124892,3.821966,0.152879,0.040000
z_0170_532.000000.png,#dc143c,2,145.195959,4.399878,0.175995,0.040000
z_0170_532.000000.png,#e6194b,2,119.740115,3.628488,0.145140,0.040000
z_0170_532.000000.png,#ed4ea9,3,110.568542,3.350562,0.134022,0.040000
z_0170_532.000000.png,#fabebe,4,221.379726,6.708477,0.268339,0.040000
z_0170_532.000000.png,#ff0080,4,303.078210,9.184188,0.367368,0.040000
z_0170_532.000000.png,#ff69b4,6,520.842712,15.783112,0.631324,0.040000
z_0170_532.000000.png,#ff8080,1,128.225397,3.885618,0.155425,0.040000
z_0170_532.000000.png,#ffd700,6,770.080303,23.335767,0.933431,0.040000
z_0171_533.000000.png,#0000ff,3,342.634560,10.382865,0.415315,0.040000
z_0171_533.000000.png,#008080,3,333.847763,10.116599,0.404664,0.040000
z_0171_533.000000.png,#0080ff,2,438.960461,13.301832,0.532073,0.040000
z_0171_533.000000.png,#00fa9a,2,154.367532,4.677804,0.187112,0.040000
z_0171_533.000000.png,#3cb44b,2,302.291414,9.160346,0.366414,0.040000
z_0171_533.000000.png,#40e0d0,1,72.769553,2.205138,0.088206,0.040000
z_0171_533.000000.png,#46f0f0,1,163.639610,4.958776,0.198351,0.040000
z_0171_533.000000.png,#6a5acd,2,83.012193,2.515521,0.100621,0.040000
z_0171_533.000000.png,#800080,3,272.409163,8.254823,0.330193,0.040000
z_0171_533.000000.png,#8000ff,10,1108.999133,33.606034,1.344241,0.040000
z_0171_533.000000.png,#8080ff,10,184.124892,5.579542,0.223182,0.040000
z_0171_533.000000.png,#80ff80,1,359.404112,10.891034,0.435641,0.040000
z_0171_533.000000.png,#911eb4,1,68.284271,2.069220,0.082769,0.040000
z_0171_533.000000.png,#9acd32,1,51.798990,1.569666,0.062787,0.040000
z_0171_533.000000.png,#a52a2a,1,66.284271,2.008614,0.080345,0.040000
z_0171_533.000000.png,#b22222,4,660.156421,20.004740,0.800190,0.040000
z_0171_533.000000.png,#bcf60c,2,126.124892,3.821966,0.152879,0.040000
z_0171_533.000000.png,#dc143c,2,145.195959,4.399878,0.175995,0.040000
z_0171_533.000000.png,#e6194b,2,120.325902,3.646239,0.145850,0.040000
z_0171_533.000000.png,#ed4ea9,3,110.325902,3.343209,0.133728,0.040000
z_0171_533.000000.png,#fabebe,4,218.793939,6.630119,0.265205,0.040000
z_0171_533.000000.png,#ff0080,4,302.835570,9.176835,0.367073,0.040000
z_0171_533.000000.png,#ff69b4,6,525.085353,15.911677,0.636467,0.040000
z_0171_533.000000.png,#ff8080,1,126.468037,3.832365,0.153295,0.040000
z_0171_533.000000.png,#ffd700,6,768.908730,23.300265,0.932011,0.040000
z_0172_534.000000.png,#0000ff,3,288.592929,8.745240,0.349810,0.040000
z_0172_534.000000.png,#008080,3,334.090404,10.123952,0.404958,0.040000
z_0172_534.000000.png,#0080ff,2,451.303607,13.675867,0.547035,0.040000
z_0172_534.000000.png,#00fa9a,2,150.367532,4.556592,0.182264,0.040000
z_0172_534.000000.png,#3cb44b,2,300.835570,9.116229,0.364649,0.040000
z_0172_534.000000.png,#40e0d0,1,86.669048,2.626335,0.105053,0.040000
z_0172_534.000000.png,#46f0f0,1,149.053824,4.516783,0.180671,0.040000
z_0172_534.000000.png,#6a5acd,2,56.769553,1.720289,0.068812,0.040000
z_0172_534.000000.png,#800080,3,267.036580,8.092018,0.323681,0.040000
z_0172_534.000000.png,#8000ff,9,1165.342279,35.313402,1.412536,0.040000
z_0172_534.000000.png,#8080ff,11,270.450793,8.195479,0.327819,0.040000
z_0172_534.000000.png,#80ff80,1,353.019336,10.697556,0.427902,0.040000
z_0172_534.000000.png,#911eb4,2,89.597980,2.715090,0.108604,0.040000
z_0172_534.000000.png,#9acd32,1,49.455844,1.498662,0.059946,0.040000
z_0172_534.000000.png,#a52a2a,1,65.698485,1.990863,0.079635,0.040000
z_0172_534.000000.png,#b22222,4,523.529004,15.864515,0.634581,0.040000
z_0172_534.000000.png,#bcf60c,2,122.225397,3.703800,0.148152,0.040000
z_0172_534.000000.png,#dc143c,2,109.053824,3.304661,0.132186,0.040000
z_0172_534.000000.png,#e6194b,1,60.870058,1.844547,0.073782,0.040000
z_0172_534.000000.png,#ed4ea9,3,115.154329,3.489525,0.139581,0.040000
z_0172_534.000000.png,#fabebe,4,228.693434,6.930104,0.277204,0.040000
z_0172_534.000000.png,#ff0080,4,303.078210,9.184188,0.367368,0.040000
z_0172_534.000000.png,#ff69b4,6,430.274170,13.038611,0.521544,0.040000
z_0172_534.000000.png,#ff8080,2,139.539105,4.228458,0.169138,0.040000
z_0172_534.000000.png,#ffd700,6,861.678282,26.111463,1.044459,0.040000
z_0173_535.000000.png,#0000ff,4,262.592929,7.957361,0.318294,0.040000
z_0173_535.000000.png,#008080,3,328.776695,9.962930,0.398517,0.040000
z_0173_535.000000.png,#0080ff,3,447.060967,13.547302,0.541892,0.040000
z_0173_535.000000.png,#00fa9a,2,142.468037,4.317213,0.172689,0.040000
z_0173_535.000000.png,#3cb44b,2,303.320851,9.191541,0.367662,0.040000
z_0173_535.000000.png,#40e0d0,1,87.597980,2.654484,0.106179,0.040000
z_0173_535.000000.png,#46f0f0,1,138.811183,4.206399,0.168256,0.040000
z_0173_535.000000.png,#6a5acd,1,48.284271,1.463160,0.058526,0.040000
z_0173_535.000000.png,#800080,3,253.965512,7.695925,0.307837,0.040000
z_0173_535.000000.png,#8000ff,8,1205.969696,36.544536,1.461781,0.040000
z_0173_535.000000.png,#8080ff,13,292.350288,8.859100,0.354364,0.040000
z_0173_535.000000.png,#80ff80,1,363.060967,11.001847,0.440074,0.040000
z_0173_535.000000.png,#911eb4,2,93.012193,2.818551,0.112742,0.040000
z_0173_535.000000.png,#9acd32,1,46.041631,1.395201,0.055808,0.040000
z_0173_535.000000.png,#a52a2a,1,67.112698,2.033718,0.081349,0.040000
z_0173_535.000000.png,#b22222,3,490.943218,14.877067,0.595083,0.040000
z_0173_535.000000.png,#bcf60c,2,124.225397,3.764406,0.150576,0.040000
z_0173_535.000000.png,#dc143c,2,85.840620,2.601231,0.104049,0.040000
z_0173_535.000000.png,#e6194b,1,61.455844,1.862298,0.074492,0.040000
z_0173_535.000000.png,#ed4ea9,3,108.911688,3.300354,0.132014,0.040000
z_0173_535.000000.png,#fabebe,5,254.007143,7.697186,0.307887,0.040000
z_0173_535.000000.png,#ff0080,4,305.320851,9.252147,0.370086,0.040000
z_0173_535.000000.png,#ff69b4,6,389.161472,11.792772,0.471711,0.040000
z_0173_535.000000.png,#ff8080,1,123.296465,3.736257,0.149450,0.040000
z_0173_535.000000.png,#ffd700,6,907.134126,27.488913,1.099557,0.040000
z_0174_536.000000.png,#0000ff,4,260.249783,7.886357,0.315454,0.040000
z_0174_536.000000.png,#008080,3,297.806133,9.024428,0.360977,0.040000
z_0174_536.000000.png,#0080ff,3,444.717821,13.476298,0.539052,0.040000
z_0174_536.000000.png,#00fa9a,2,134.568542,4.077835,0.163113,0.040000
z_0174_536.000000.png,#3cb44b,2,301.320851,9.130935,0.365237,0.040000
z_0174_536.000000.png,#40e0d0,1,96.325902,2.918967,0.116759,0.040000
z_0174_536.000000.png,#46f0f0,1,133.053824,4.031934,0.161277,0.040000
z_0174_536.000000.png,#6a5acd,1,44.384776,1.344993,0.053800,0.040000
z_0174_536.000000.png,#800080,3,250.208153,7.582065,0.303283,0.040000
z_0174_536.000000.png,#8000ff,8,1225.584920,37.138937,1.485557,0.040000
z_0174_536.000000.png,#8080ff,12,290.107648,8.791141,0.351646,0.040000
z_0174_536.000000.png,#911eb4,2,100.083261,3.032826,0.121313,0.040000
z_0174_536.000000.png,#9acd32,1,85.597980,2.593878,0.103755,0.040000
z_0174_536.000000.png,#a52a2a,1,68.769553,2.083926,0.083357,0.040000
z_0174_536.000000.png,#b22222,3,465.043723,14.092234,0.563689,0.040000
z_0174_536.000000.png,#bcf60c,2,116.568542,3.532380,0.141295,0.040000
z_0174_536.000000.png,#dc143c,2,61.698485,1.869651,0.074786,0.040000
z_0174_536.000000.png,#e6194b,1,63.698485,1.930257,0.077210,0.040000
z_0174_536.000000.png,#ed4ea9,3,105.254834,3.189540,0.127582,0.040000
z_0174_536.000000.png,#fabebe,4,295.906638,8.966868,0.358675,0.040000
z_0174_536.000000.png,#ff0080,5,301.563492,9.138288,0.365532,0.040000
z_0174_536.000000.png,#ff69b4,8,384.333044,11.646456,0.465858,0.040000
z_0174_536.000000.png,#ff8080,1,129.639610,3.928473,0.157139,0.040000
z_0174_536.000000.png,#ffd700,7,931.761543,28.235198,1.129408,0.040000
z_0175_537.000000.png,#0000ff,4,242.107648,7.336595,0.293464,0.040000
z_0175_537.000000.png,#008080,3,255.036580,7.728381,0.309135,0.040000
z_0175_537.000000.png,#0080ff,3,436.534055,13.228305,0.529132,0.040000
z_0175_537.000000.png,#00fa9a,2,133.497475,4.045378,0.161815,0.040000
z_0175_537.000000.png,#3cb44b,2,297.663997,9.020121,0.360805,0.040000
z_0175_537.000000.png,#40e0d0,1,97.254834,2.947116,0.117885,0.040000
z_0175_537.000000.png,#46f0f0,1,124.568542,3.774804,0.150992,0.040000
z_0175_537.000000.png,#6a5acd,1,42.627417,1.291740,0.051670,0.040000
z_0175_537.000000.png,#800080,3,223.722871,6.779481,0.271179,0.040000
z_0175_537.000000.png,#8000ff,8,1241.182900,37.611603,1.504464,0.040000
z_0175_537.000000.png,#8080ff,4,266.066017,8.062607,0.322504,0.040000
z_0175_537.000000.png,#911eb4,2,106.911688,3.239748,0.129590,0.040000
z_0175_537.000000.png,#9acd32,1,89.497475,2.712045,0.108482,0.040000
z_0175_537.000000.png,#a52a2a,1,67.112698,2.033718,0.081349,0.040000
z_0175_537.000000.png,#b22222,3,432.658946,13.110877,0.524435,0.040000
z_0175_537.000000.png,#bcf60c,2,110.325902,3.343209,0.133728,0.040000
z_0175_537.000000.png,#dc143c,1,21.071068,0.638517,0.025541,0.040000
z_0175_537.000000.png,#e6194b,1,64.526912,1.955361,0.078214,0.040000
z_0175_537.000000.png,#ed4ea9,3,106.325902,3.221997,0.128880,0.040000
z_0175_537.000000.png,#fabebe,4,298.634560,9.049532,0.361981,0.040000
z_0175_537.000000.png,#ff0080,5,270.249783,8.189387,0.327575,0.040000
z_0175_537.000000.png,#ff69b4,6,352.676190,10.687157,0.427486,0.040000
z_0175_537.000000.png,#ff8080,1,128.124892,3.882572,0.155303,0.040000
z_0175_537.000000.png,#ffd700,7,956.690476,28.990620,1.159625,0.040000
z_0176_538.000000.png,#0000ff,4,241.865007,7.329243,0.293170,0.040000
z_0176_538.000000.png,#008080,3,254.208153,7.703277,0.308131,0.040000
z_0176_538.000000.png,#0080ff,3,435.948268,13.210554,0.528422,0.040000
z_0176_538.000000.png,#00fa9a,2,132.669048,4.020274,0.160811,0.040000
z_0176_538.000000.png,#3cb44b,2,297.078210,9.002370,0.360095,0.040000
z_0176_538.000000.png,#40e0d0,1,97.497475,2.954469,0.118179,0.040000
z_0176_538.000000.png,#46f0f0,1,125.396970,3.799908,0.151996,0.040000
z_0176_538.000000.png,#6a5acd,1,42.627417,1.291740,0.051670,0.040000
z_0176_538.000000.png,#800080,3,224.651804,6.807630,0.272305,0.040000
z_0176_538.000000.png,#8000ff,8,1241.526045,37.622001,1.504880,0.040000
z_0176_538.000000.png,#8080ff,5,268.308658,8.130565,0.325223,0.040000
z_0176_538.000000.png,#911eb4,2,106.911688,3.239748,0.129590,0.040000
z_0176_538.000000.png,#9acd32,1,90.083261,2.729796,0.109192,0.040000
z_0176_538.000000.png,#a52a2a,1,67.698485,2.051469,0.082059,0.040000
z_0176_538.000000.png,#b22222,3,430.416306,13.042918,0.521717,0.040000
z_0176_538.000000.png,#bcf60c,2,110.325902,3.343209,0.133728,0.040000
z_0176_538.000000.png,#dc143c,1,20.242641,0.613413,0.024537,0.040000
z_0176_538.000000.png,#e6194b,1,64.526912,1.955361,0.078214,0.040000
z_0176_538.000000.png,#ed4ea9,3,106.325902,3.221997,0.128880,0.040000
z_0176_538.000000.png,#fabebe,4,302.877200,9.178097,0.367124,0.040000
z_0176_538.000000.png,#ff0080,5,268.835570,8.146532,0.325861,0.040000
z_0176_538.000000.png,#ff69b4,5,352.776695,10.690203,0.427608,0.040000
z_0176_538.000000.png,#ff8080,1,128.124892,3.882572,0.155303,0.040000
z_0176_538.000000.png,#ffd700,7,959.175757,29.065932,1.162637,0.040000
z_0177_539.000000.png,#0000ff,3,192.894444,5.845286,0.233811,0.040000
z_0177_539.000000.png,#008080,3,244.450793,7.407600,0.296304,0.040000
z_0177_539.000000.png,#0080ff,2,420.291414,12.736103,0.509444,0.040000
z_0177_539.000000.png,#00fa9a,2,130.325902,3.949270,0.157971,0.040000
z_0177_539.000000.png,#3cb44b,2,288.735065,8.749547,0.349982,0.040000
z_0177_539.000000.png,#40e0d0,1,104.911688,3.179142,0.127166,0.040000
z_0177_539.000000.png,#46f0f0,1,98.325902,2.979573,0.119183,0.040000
z_0177_539.000000.png,#6a5acd,1,38.627417,1.170528,0.046821,0.040000
z_0177_539.000000.png,#800080,2,139.882251,4.238856,0.169554,0.040000
z_0177_539.000000.png,#8000ff,10,1206.898628,36.572686,1.462907,0.040000
z_0177_539.000000.png,#8080ff,7,292.551299,8.865191,0.354608,0.040000
z_0177_539.000000.png,#911eb4,2,114.568542,3.471774,0.138871,0.040000
z_0177_539.000000.png,#9acd32,1,85.840620,2.601231,0.104049,0.040000
z_0177_539.000000.png,#a52a2a,1,62.870058,1.905153,0.076206,0.040000
z_0177_539.000000.png,#b22222,3,391.303607,11.857685,0.474307,0.040000
z_0177_539.000000.png,#bcf60c,3,118.669048,3.596032,0.143841,0.040000
z_0177_539.000000.png,#e6194b,1,65.941125,1.998216,0.079929,0.040000
z_0177_539.000000.png,#ed4ea9,3,101.982756,3.090387,0.123615,0.040000
z_0177_539.000000.png,#fabebe,4,327.019336,9.909677,0.396387,0.040000
z_0177_539.000000.png,#ff0080,5,246.350288,7.465160,0.298606,0.040000
z_0177_539.000000.png,#ff69b4,4,301.462987,9.135242,0.365410,0.040000
z_0177_539.000000.png,#ff8080,1,131.539105,3.986033,0.159441,0.040000
z_0177_539.000000.png,#ffd700,7,1025.418398,31.073285,1.242931,0.040000
z_0178_540.000000.png,#0000ff,2,211.722871,6.415845,0.256634,0.040000
z_0178_540.000000.png,#008080,3,229.722871,6.961299,0.278452,0.040000
z_0178_540.000000.png,#0080ff,3,348.492424,10.560376,0.422415,0.040000
z_0178_540.000000.png,#00fa9a,3,136.468037,4.135395,0.165416,0.040000
z_0178_540.000000.png,#3cb44b,2,302.735065,9.173790,0.366952,0.040000
z_0178_540.000000.png,#40e0d0,1,111.982756,3.393417,0.135737,0.040000
z_0178_540.000000.png,#46f0f0,1,82.669048,2.505123,0.100205,0.040000
z_0178_540.000000.png,#6a5acd,1,34.627417,1.049316,0.041973,0.040000
z_0178_540.000000.png,#800080,1,105.012193,3.182188,0.127288,0.040000
z_0178_540.000000.png,#8000ff,9,1188.011327,36.000343,1.440014,0.040000
z_0178_540.000000.png,#8080ff,5,297.036580,9.001108,0.360044,0.040000
z_0178_540.000000.png,#911eb4,2,117.639610,3.564837,0.142593,0.040000
z_0178_540.000000.png,#9acd32,1,80.083261,2.426765,0.097071,0.040000
z_0178_540.000000.png,#a52a2a,1,65.698485,1.990863,0.079635,0.040000
z_0178_540.000000.png,#b22222,3,380.960461,11.544256,0.461770,0.040000
z_0178_540.000000.png,#bcf60c,2,129.396970,3.921120,0.156845,0.040000
z_0178_540.000000.png,#e6194b,1,63.112698,1.912506,0.076500,0.040000
z_0178_540.000000.png,#ed4ea9,3,87.840620,2.661837,0.106473,0.040000
z_0178_540.000000.png,#fabebe,4,312.977705,9.484173,0.379367,0.040000
z_0178_540.000000.png,#ff0080,5,233.178716,7.066022,0.282641,0.040000
z_0178_540.000000.png,#ff69b4,3,237.722871,7.203723,0.288149,0.040000
z_0178_540.000000.png,#ff8080,1,130.710678,3.960930,0.158437,0.040000
z_0178_540.000000.png,#ffd700,6,1069.803174,32.418278,1.296731,0.040000
z_0179_541.000000.png,#0000ff,2,210.894444,6.390741,0.255630,0.040000
z_0179_541.000000.png,#008080,3,229.137085,6.943548,0.277742,0.040000
z_0179_541.000000.png,#0080ff,3,348.249783,10.553024,0.422121,0.040000
z_0179_541.000000.png,#00fa9a,3,140.468037,4.256607,0.170264,0.040000
z_0179_541.000000.png,#3cb44b,2,300.977705,9.120537,0.364821,0.040000
z_0179_541.000000.png,#40e0d0,1,111.982756,3.393417,0.135737,0.040000
z_0179_541.000000.png,#46f0f0,1,82.669048,2.505123,0.100205,0.040000
z_0179_541.000000.png,#6a5acd,1,35.213203,1.067067,0.042683,0.040000
z_0179_541.000000.png,#800080,1,105.840620,3.207292,0.128292,0.040000
z_0179_541.000000.png,#8000ff,9,1188.454978,36.013787,1.440551,0.040000
z_0179_541.000000.png,#8080ff,6,296.208153,8.976005,0.359040,0.040000
z_0179_541.000000.png,#911eb4,2,117.639610,3.564837,0.142593,0.040000
z_0179_541.000000.png,#9acd32,1,80.083261,2.426765,0.097071,0.040000
z_0179_541.000000.png,#a52a2a,1,67.355339,2.041071,0.081643,0.040000
z_0179_541.000000.png,#b22222,3,378.374675,11.465899,0.458636,0.040000
z_0179_541.000000.png,#bcf60c,2,131.396970,3.981726,0.159269,0.040000
z_0179_541.000000.png,#e6194b,1,63.112698,1.912506,0.076500,0.040000
z_0179_541.000000.png,#ed4ea9,3,87.840620,2.661837,0.106473,0.040000
z_0179_541.000000.png,#fabebe,4,313.563492,9.501924,0.380077,0.040000
z_0179_541.000000.png,#ff0080,5,233.764502,7.083773,0.283351,0.040000
z_0179_541.000000.png,#ff69b4,3,236.793939,7.175574,0.287023,0.040000
z_0179_541.000000.png,#ff8080,1,131.539105,3.986033,0.159441,0.040000
z_0179_541.000000.png,#ffd700,6,1081.116882,32.761118,1.310445,0.040000
z_0180_542.000000.png,#0000ff,2,177.338095,5.373882,0.214955,0.040000
z_0180_542.000000.png,#008080,2,192.894444,5.845286,0.233811,0.040000
z_0180_542.000000.png,#0080ff,3,252.651804,7.656115,0.306245,0.040000
z_0180_542.000000.png,#00fa9a,3,164.953319,4.998585,0.199943,0.040000
z_0180_542.000000.png,#3cb44b,1,190.752309,5.780373,0.231215,0.040000
z_0180_542.000000.png,#40e0d0,1,113.053824,3.425873,0.137035,0.040000
z_0180_542.000000.png,#46f0f0,1,80.426407,2.437164,0.097487,0.040000
z_0180_542.000000.png,#6a5acd,1,34.384776,1.041963,0.041679,0.040000
z_0180_542.000000.png,#800080,1,108.911688,3.300354,0.132014,0.040000
z_0180_542.000000.png,#8000ff,9,1127.969696,34.180900,1.367236,0.040000
z_0180_542.000000.png,#8080ff,5,310.793939,9.417998,0.376720,0.040000
z_0180_542.000000.png,#911eb4,2,117.882251,3.572189,0.142888,0.040000
z_0180_542.000000.png,#9acd32,1,74.769553,2.265744,0.090630,0.040000
z_0180_542.000000.png,#a52a2a,1,63.698485,1.930257,0.077210,0.040000
z_0180_542.000000.png,#b22222,3,370.132034,11.216122,0.448645,0.040000
z_0180_542.000000.png,#bcf60c,3,167.781746,5.084295,0.203372,0.040000
z_0180_542.000000.png,#e6194b,1,59.455844,1.801692,0.072068,0.040000
z_0180_542.000000.png,#ed4ea9,4,83.840620,2.540625,0.101625,0.040000
z_0180_542.000000.png,#fabebe,4,271.421356,8.224890,0.328996,0.040000
z_0180_542.000000.png,#ff0080,5,226.793939,6.872544,0.274902,0.040000
z_0180_542.000000.png,#ff69b4,3,221.480231,6.711522,0.268461,0.040000
z_0180_542.000000.png,#ff8080,1,131.296465,3.978681,0.159147,0.040000
z_0180_542.000000.png,#ffd700,6,1127.016377,34.152011,1.366080,0.040000
z_0181_543.000000.png,#0000ff,2,169.195959,5.127150,0.205086,0.040000
z_0181_543.000000.png,#008080,2,182.509668,5.530596,0.221224,0.040000
z_0181_543.000000.png,#0080ff,3,206.024387,6.243163,0.249727,0.040000
z_0181_543.000000.png,#00fa9a,2,187.438600,5.679958,0.227198,0.040000
z_0181_543.000000.png,#3cb44b,1,184.610173,5.594248,0.223770,0.040000
z_0181_543.000000.png,#40e0d0,1,119.396970,3.618090,0.144724,0.040000
z_0181_543.000000.png,#46f0f0,1,63.112698,1.912506,0.076500,0.040000
z_0181_543.000000.png,#6a5acd,1,33.556349,1.016859,0.040674,0.040000
z_0181_543.000000.png,#800080,1,116.568542,3.532380,0.141295,0.040000
z_0181_543.000000.png,#8000ff,9,1087.200144,32.945459,1.317818,0.040000
z_0181_543.000000.png,#8080ff,10,419.119841,12.700601,0.508024,0.040000
z_0181_543.000000.png,#911eb4,2,117.053824,3.547086,0.141883,0.040000
z_0181_543.000000.png,#9acd32,1,46.627417,1.412952,0.056518,0.040000
z_0181_543.000000.png,#a52a2a,1,60.041631,1.819443,0.072778,0.040000
z_0181_543.000000.png,#b22222,3,297.119841,9.003632,0.360145,0.040000
z_0181_543.000000.png,#bcf60c,3,206.752309,6.265221,0.250609,0.040000
z_0181_543.000000.png,#e6194b,1,61.112698,1.851900,0.074076,0.040000
z_0181_543.000000.png,#ed4ea9,3,83.355339,2.525919,0.101037,0.040000
z_0181_543.000000.png,#fabebe,4,208.651804,6.322782,0.252911,0.040000
z_0181_543.000000.png,#ff0080,5,245.521861,7.440056,0.297602,0.040000
z_0181_543.000000.png,#ff69b4,3,204.308658,6.191171,0.247647,0.040000
z_0181_543.000000.png,#ff8080,1,186.610173,5.654854,0.226194,0.040000
z_0181_543.000000.png,#ffd700,7,1140.974747,34.574992,1.383000,0.040000
z_0182_544.000000.png,#0000ff,2,169.195959,5.127150,0.205086,0.040000
z_0182_544.000000.png,#008080,2,183.338095,5.555700,0.222228,0.040000
z_0182_544.000000.png,#0080ff,3,203.195959,6.157453,0.246298,0.040000
z_0182_544.000000.png,#00fa9a,2,187.438600,5.679958,0.227198,0.040000
z_0182_544.000000.png,#3cb44b,1,184.610173,5.594248,0.223770,0.040000
z_0182_544.000000.png,#40e0d0,1,118.568542,3.592986,0.143719,0.040000
z_0182_544.000000.png,#46f0f0,1,63.112698,1.912506,0.076500,0.040000
z_0182_544.000000.png,#6a5acd,1,33.556349,1.016859,0.040674,0.040000
z_0182_544.000000.png,#800080,1,114.911688,3.482172,0.139287,0.040000
z_0182_544.000000.png,#8000ff,9,1087.442784,32.952812,1.318112,0.040000
z_0182_544.000000.png,#8080ff,10,421.119841,12.761207,0.510448,0.040000
z_0182_544.000000.png,#911eb4,2,117.639610,3.564837,0.142593,0.040000
z_0182_544.000000.png,#9acd32,1,46.627417,1.412952,0.056518,0.040000
z_0182_544.000000.png,#a52a2a,1,60.041631,1.819443,0.072778,0.040000
z_0182_544.000000.png,#b22222,3,297.362482,9.010984,0.360439,0.040000
z_0182_544.000000.png,#bcf60c,3,208.994949,6.333180,0.253327,0.040000
z_0182_544.000000.png,#e6194b,1,61.112698,1.851900,0.074076,0.040000
z_0182_544.000000.png,#ed4ea9,3,83.941125,2.543670,0.101747,0.040000
z_0182_544.000000.png,#fabebe,4,210.651804,6.383388,0.255336,0.040000
z_0182_544.000000.png,#ff0080,5,244.936075,7.422305,0.296892,0.040000
z_0182_544.000000.png,#ff69b4,3,203.480231,6.166068,0.246643,0.040000
z_0182_544.000000.png,#ff8080,1,186.610173,5.654854,0.226194,0.040000
z_0182_544.000000.png,#ffd700,7,1142.288455,34.614802,1.384592,0.040000
z_0183_545.000000.png,#0000ff,2,161.296465,4.887772,0.195511,0.040000
z_0183_545.000000.png,#008080,2,176.752309,5.356131,0.214245,0.040000
z_0183_545.000000.png,#0080ff,3,168.468037,5.105092,0.204204,0.040000
z_0183_545.000000.png,#00fa9a,2,196.308658,5.948747,0.237950,0.040000
z_0183_545.000000.png,#3cb44b,1,193.580736,5.866083,0.234643,0.040000
z_0183_545.000000.png,#40e0d0,1,119.639610,3.625443,0.145018,0.040000
z_0183_545.000000.png,#46f0f0,1,56.041631,1.698231,0.067929,0.040000
z_0183_545.000000.png,#6a5acd,1,34.970563,1.059714,0.042389,0.040000
z_0183_545.000000.png,#800080,2,232.894444,7.057407,0.282296,0.040000
z_0183_545.000000.png,#8000ff,10,1041.785930,31.569271,1.262771,0.040000
z_0183_545.000000.png,#8080ff,7,479.646753,14.534750,0.581390,0.040000
z_0183_545.000000.png,#911eb4,2,119.882251,3.632795,0.145312,0.040000
z_0183_545.000000.png,#9acd32,1,33.556349,1.016859,0.040674,0.040000
z_0183_545.000000.png,#a52a2a,1,60.627417,1.837194,0.073488,0.040000
z_0183_545.000000.png,#b22222,3,265.806133,8.054731,0.322189,0.040000
z_0183_545.000000.png,#bcf60c,2,194.166522,5.883834,0.235353,0.040000
z_0183_545.000000.png,#e6194b,1,60.284271,1.826796,0.073072,0.040000
z_0183_545.000000.png,#ed4ea9,3,90.769553,2.750593,0.110024,0.040000
z_0183_545.000000.png,#fabebe,4,199.237590,6.037503,0.241500,0.040000
z_0183_545.000000.png,#ff0080,5,259.764502,7.871652,0.314866,0.040000
z_0183_545.000000.png,#ff69b4,3,195.923882,5.937087,0.237483,0.040000
z_0183_545.000000.png,#ff8080,1,183.195959,5.551393,0.222056,0.040000
z_0183_545.000000.png,#ffd700,8,1157.300649,35.069717,1.402789,0.040000
z_0184_546.000000.png,#0000ff,2,157.882251,4.784311,0.191372,0.040000
z_0184_546.000000.png,#008080,2,169.923882,5.149209,0.205968,0.040000
z_0184_546.000000.png,#0080ff,1,156.468037,4.741456,0.189658,0.040000
z_0184_546.000000.png,#00fa9a,2,187.722871,5.688572,0.227543,0.040000
z_0184_546.000000.png,#3cb44b,1,179.095454,5.427135,0.217085,0.040000
z_0184_546.000000.png,#40e0d0,1,118.811183,3.600339,0.144014,0.040000
z_0184_546.000000.png,#46f0f0,1,51.455844,1.559268,0.062371,0.040000
z_0184_546.000000.png,#6a5acd,1,35.213203,1.067067,0.042683,0.040000
z_0184_546.000000.png,#800080,2,238.066017,7.214122,0.288565,0.040000
z_0184_546.000000.png,#8000ff,9,978.631601,29.655503,1.186220,0.040000
z_0184_546.000000.png,#8080ff,7,514.073160,15.577975,0.623119,0.040000
z_0184_546.000000.png,#911eb4,2,112.568542,3.411168,0.136447,0.040000
z_0184_546.000000.png,#9acd32,1,34.627417,1.049316,0.041973,0.040000
z_0184_546.000000.png,#a52a2a,1,61.798990,1.872697,0.074908,0.040000
z_0184_546.000000.png,#b22222,3,216.551299,6.562161,0.262486,0.040000
z_0184_546.000000.png,#bcf60c,2,200.651804,6.080358,0.243214,0.040000
z_0184_546.000000.png,#e6194b,1,58.627417,1.776588,0.071064,0.040000
z_0184_546.000000.png,#ed4ea9,3,99.154329,3.004677,0.120187,0.040000
z_0184_546.000000.png,#fabebe,4,182.509668,5.530596,0.221224,0.040000
z_0184_546.000000.png,#ff0080,5,274.835570,8.328351,0.333134,0.040000
z_0184_546.000000.png,#ff69b4,4,212.894444,6.451347,0.258054,0.040000
z_0184_546.000000.png,#ff8080,1,176.367532,5.344471,0.213779,0.040000
z_0184_546.000000.png,#ffd700,9,1213.584920,36.775301,1.471012,0.040000
z_0185_547.000000.png,#0000ff,2,143.053824,4.334964,0.173399,0.040000
z_0185_547.000000.png,#008080,2,160.267027,4.856577,0.194263,0.040000
z_0185_547.000000.png,#0080ff,1,132.568542,4.017229,0.160689,0.040000
z_0185_547.000000.png,#00fa9a,2,183.338095,5.555700,0.222228,0.040000
z_0185_547.000000.png,#3cb44b,1,188.752309,5.719767,0.228791,0.040000
z_0185_547.000000.png,#40e0d0,1,120.811183,3.660945,0.146438,0.040000
z_0185_547.000000.png,#46f0f0,1,34.142136,1.034610,0.041384,0.040000
z_0185_547.000000.png,#6a5acd,1,30.384776,0.920751,0.036830,0.040000
z_0185_547.000000.png,#800080,2,225.823376,6.843133,0.273725,0.040000
z_0185_547.000000.png,#8000ff,9,960.246825,29.098389,1.163936,0.040000
z_0185_547.000000.png,#8080ff,3,582.600072,17.654548,0.706182,0.040000
z_0185_547.000000.png,#911eb4,2,117.053824,3.547086,0.141883,0.040000
z_0185_547.000000.png,#9acd32,1,35.798990,1.084818,0.043393,0.040000
z_0185_547.000000.png,#a52a2a,1,60.384776,1.829842,0.073194,0.040000
z_0185_547.000000.png,#bcf60c,2,212.994949,6.454392,0.258176,0.040000
z_0185_547.000000.png,#e6194b,1,55.798990,1.690878,0.067635,0.040000
z_0185_547.000000.png,#ed4ea9,3,101.254834,3.068328,0.122733,0.040000
z_0185_547.000000.png,#fabebe,3,127.396970,3.860514,0.154421,0.040000
z_0185_547.000000.png,#ff0080,5,277.764502,8.417106,0.336684,0.040000
z_0185_547.000000.png,#ff69b4,4,208.551299,6.319736,0.252789,0.040000
z_0185_547.000000.png,#ff8080,1,157.195959,4.763514,0.190541,0.040000
z_0185_547.000000.png,#ffd700,6,1234.028571,37.394805,1.495792,0.040000
z_0186_548.000000.png,#0000ff,2,142.225397,4.309861,0.172394,0.040000
z_0186_548.000000.png,#008080,2,159.681241,4.838825,0.193553,0.040000
z_0186_548.000000.png,#0080ff,1,132.568542,4.017229,0.160689,0.040000
z_0186_548.000000.png,#00fa9a,2,184.409163,5.588156,0.223526,0.040000
z_0186_548.000000.png,#3cb44b,1,186.752309,5.659161,0.226366,0.040000
z_0186_548.000000.png,#40e0d0,1,120.811183,3.660945,0.146438,0.040000
z_0186_548.000000.png,#46f0f0,1,33.556349,1.016859,0.040674,0.040000
z_0186_548.000000.png,#6a5acd,1,30.384776,0.920751,0.036830,0.040000
z_0186_548.000000.png,#800080,2,224.994949,6.818029,0.272721,0.040000
z_0186_548.000000.png,#8000ff,9,962.732106,29.173700,1.166948,0.040000
z_0186_548.000000.png,#8080ff,4,586.014285,17.758009,0.710320,0.040000
z_0186_548.000000.png,#911eb4,2,116.468037,3.529334,0.141173,0.040000
z_0186_548.000000.png,#9acd32,1,35.213203,1.067067,0.042683,0.040000
z_0186_548.000000.png,#a52a2a,1,60.384776,1.829842,0.073194,0.040000
z_0186_548.000000.png,#bcf60c,2,212.166522,6.429289,0.257172,0.040000
z_0186_548.000000.png,#e6194b,1,55.798990,1.690878,0.067635,0.040000
z_0186_548.000000.png,#ed4ea9,3,100.669048,3.050577,0.122023,0.040000
z_0186_548.000000.png,#fabebe,3,129.639610,3.928473,0.157139,0.040000
z_0186_548.000000.png,#ff0080,5,279.178716,8.459961,0.338398,0.040000
z_0186_548.000000.png,#ff69b4,4,210.208153,6.369944,0.254798,0.040000
z_0186_548.000000.png,#ff8080,1,153.882251,4.663099,0.186524,0.040000
z_0186_548.000000.png,#ffd700,6,1236.856998,37.480515,1.499221,0.040000
z_0187_549.000000.png,#0000ff,1,127.396970,3.860514,0.154421,0.040000
z_0187_549.000000.png,#008080,2,141.681241,4.293371,0.171735,0.040000
z_0187_549.000000.png,#0080ff,1,94.083261,2.851008,0.114040,0.040000
z_0187_549.000000.png,#00fa9a,3,205.823376,6.237072,0.249483,0.040000
z_0187_549.000000.png,#3cb44b,1,181.681241,5.505492,0.220220,0.040000
z_0187_549.000000.png,#40e0d0,1,124.568542,3.774804,0.150992,0.040000
z_0187_549.000000.png,#46f0f0,1,31.798990,0.963606,0.038544,0.040000
z_0187_549.000000.png,#6a5acd,1,30.727922,0.931149,0.037246,0.040000
z_0187_549.000000.png,#800080,2,204.994949,6.211968,0.248479,0.040000
z_0187_549.000000.png,#8000ff,9,892.004184,27.030430,1.081217,0.040000
z_0187_549.000000.png,#8080ff,4,550.801082,16.690942,0.667638,0.040000
z_0187_549.000000.png,#911eb4,2,142.124892,4.306815,0.172273,0.040000
z_0187_549.000000.png,#9acd32,1,32.727922,0.991755,0.039670,0.040000
z_0187_549.000000.png,#a52a2a,1,64.870058,1.965759,0.078630,0.040000
z_0187_549.000000.png,#bcf60c,1,196.710678,5.960930,0.238437,0.040000
z_0187_549.000000.png,#e6194b,1,35.556349,1.077465,0.043099,0.040000
z_0187_549.000000.png,#ed4ea9,3,109.740115,3.325458,0.133018,0.040000
z_0187_549.000000.png,#fabebe,2,109.497475,3.318105,0.132724,0.040000
z_0187_549.000000.png,#ff0080,4,303.563492,9.198894,0.367956,0.040000
z_0187_549.000000.png,#ff69b4,3,189.722871,5.749178,0.229967,0.040000
z_0187_549.000000.png,#ff8080,2,95.840620,2.904261,0.116170,0.040000
z_0187_549.000000.png,#ffd700,6,1250.999133,37.909065,1.516363,0.040000
z_0188_550.000000.png,#0000ff,1,122.911688,3.724597,0.148984,0.040000
z_0188_550.000000.png,#008080,2,134.610173,4.079096,0.163164,0.040000
z_0188_550.000000.png,#0080ff,1,77.840620,2.358807,0.094352,0.040000
z_0188_550.000000.png,#00fa9a,3,256.936075,7.785942,0.311438,0.040000
z_0188_550.000000.png,#3cb44b,3,236.894444,7.178620,0.287145,0.040000
z_0188_550.000000.png,#40e0d0,1,126.811183,3.842763,0.153711,0.040000
z_0188_550.000000.png,#46f0f0,1,28.727922,0.870543,0.034822,0.040000
z_0188_550.000000.png,#6a5acd,1,30.142136,0.913398,0.036536,0.040000
z_0188_550.000000.png,#800080,2,212.166522,6.429289,0.257172,0.040000
z_0188_550.000000.png,#8000ff,8,848.790981,25.720939,1.028838,0.040000
z_0188_550.000000.png,#8080ff,4,531.972655,16.120383,0.644815,0.040000
z_0188_550.000000.png,#911eb4,2,135.882251,4.117644,0.164706,0.040000
z_0188_550.000000.png,#9acd32,1,32.970563,0.999108,0.039964,0.040000
z_0188_550.000000.png,#a52a2a,1,65.455844,1.983510,0.079340,0.040000
z_0188_550.000000.png,#bcf60c,1,190.953319,5.786464,0.231459,0.040000
z_0188_550.000000.png,#ed4ea9,3,105.740115,3.204246,0.128170,0.040000
z_0188_550.000000.png,#fabebe,2,107.497475,3.257499,0.130300,0.040000
z_0188_550.000000.png,#ff0080,4,310.391919,9.405816,0.376233,0.040000
z_0188_550.000000.png,#ff69b4,5,189.722871,5.749178,0.229967,0.040000
z_0188_550.000000.png,#ff8080,1,28.384776,0.860145,0.034406,0.040000
z_0188_550.000000.png,#ffd700,8,1241.283405,37.614649,1.504586,0.040000
z_0189_551.000000.png,#0000ff,1,124.083261,3.760099,0.150404,0.040000
z_0189_551.000000.png,#008080,2,123.296465,3.736257,0.149450,0.040000
z_0189_551.000000.png,#0080ff,1,38.627417,1.170528,0.046821,0.040000
z_0189_551.000000.png,#00fa9a,1,249.580736,7.563053,0.302522,0.040000
z_0189_551.000000.png,#3cb44b,2,212.166522,6.429289,0.257172,0.040000
z_0189_551.000000.png,#40e0d0,1,125.639610,3.807261,0.152290,0.040000
z_0189_551.000000.png,#46f0f0,1,28.727922,0.870543,0.034822,0.040000
z_0189_551.000000.png,#6a5acd,1,29.313708,0.888294,0.035532,0.040000
z_0189_551.000000.png,#800080,2,212.409163,6.436641,0.257466,0.040000
z_0189_551.000000.png,#8000ff,7,805.778787,24.417539,0.976702,0.040000
z_0189_551.000000.png,#8080ff,2,525.972655,15.938565,0.637543,0.040000
z_0189_551.000000.png,#911eb4,2,129.154329,3.913768,0.156551,0.040000
z_0189_551.000000.png,#9acd32,1,32.970563,0.999108,0.039964,0.040000
z_0189_551.000000.png,#a52a2a,1,69.698485,2.112075,0.084483,0.040000
z_0189_551.000000.png,#bcf60c,1,182.225397,5.521982,0.220879,0.040000
z_0189_551.000000.png,#ed4ea9,2,95.154329,2.883465,0.115339,0.040000
z_0189_551.000000.png,#fabebe,2,105.254834,3.189540,0.127582,0.040000
z_0189_551.000000.png,#ff0080,4,307.563492,9.320106,0.372804,0.040000
z_0189_551.000000.png,#ff69b4,4,206.450793,6.256085,0.250243,0.040000
z_0189_551.000000.png,#ffd700,6,1228.697618,37.233261,1.489330,0.040000
z_0190_552.000000.png,#0000ff,1,127.740115,3.870913,0.154837,0.040000
z_0190_552.000000.png,#008080,2,87.012193,2.636733,0.105469,0.040000
z_0190_552.000000.png,#0080ff,1,30.142136,0.913398,0.036536,0.040000
z_0190_552.000000.png,#00fa9a,1,238.852814,7.237964,0.289519,0.040000
z_0190_552.000000.png,#3cb44b,2,201.095454,6.093802,0.243752,0.040000
z_0190_552.000000.png,#40e0d0,1,124.225397,3.764406,0.150576,0.040000
z_0190_552.000000.png,#46f0f0,1,38.727922,1.173573,0.046943,0.040000
z_0190_552.000000.png,#6a5acd,1,30.970563,0.938502,0.037540,0.040000
z_0190_552.000000.png,#800080,2,217.722871,6.597663,0.263907,0.040000
z_0190_552.000000.png,#8000ff,6,766.364574,23.223169,0.928927,0.040000
z_0190_552.000000.png,#8080ff,5,519.931024,15.755486,0.630219,0.040000
z_0190_552.000000.png,#911eb4,2,116.468037,3.529334,0.141173,0.040000
z_0190_552.000000.png,#9acd32,1,29.899495,0.906045,0.036242,0.040000
z_0190_552.000000.png,#a52a2a,1,74.870058,2.268790,0.090752,0.040000
z_0190_552.000000.png,#bcf60c,1,175.639610,5.322412,0.212896,0.040000
z_0190_552.000000.png,#ed4ea9,2,104.325902,3.161391,0.126456,0.040000
z_0190_552.000000.png,#fabebe,2,100.669048,3.050577,0.122023,0.040000
z_0190_552.000000.png,#ff0080,4,308.048773,9.334811,0.373392,0.040000
z_0190_552.000000.png,#ff69b4,7,231.764502,7.023167,0.280927,0.040000
z_0190_552.000000.png,#ffd700,6,1181.182900,35.793421,1.431737,0.040000
z_0191_553.000000.png,#0000ff,1,127.882251,3.875220,0.155009,0.040000
z_0191_553.000000.png,#008080,1,53.798990,1.630272,0.065211,0.040000
z_0191_553.000000.png,#0080ff,1,15.313708,0.464052,0.018562,0.040000
z_0191_553.000000.png,#00fa9a,1,224.852814,6.813722,0.272549,0.040000
z_0191_553.000000.png,#3cb44b,2,199.338095,6.040548,0.241622,0.040000
z_0191_553.000000.png,#40e0d0,1,125.296465,3.796863,0.151875,0.040000
z_0191_553.000000.png,#46f0f0,1,49.798990,1.509060,0.060362,0.040000
z_0191_553.000000.png,#6a5acd,1,28.142136,0.852792,0.034112,0.040000
z_0191_553.000000.png,#800080,3,231.279221,7.008461,0.280338,0.040000
z_0191_553.000000.png,#8000ff,6,751.050865,22.759117,0.910365,0.040000
z_0191_553.000000.png,#8080ff,4,476.031529,14.425198,0.577008,0.040000
z_0191_553.000000.png,#911eb4,2,108.811183,3.297309,0.131892,0.040000
z_0191_553.000000.png,#9acd32,1,29.556349,0.895647,0.035826,0.040000
z_0191_553.000000.png,#a52a2a,1,77.941125,2.361852,0.094474,0.040000
z_0191_553.000000.png,#bcf60c,1,177.438600,5.376927,0.215077,0.040000
z_0191_553.000000.png,#ed4ea9,2,110.225397,3.340164,0.133607,0.040000
z_0191_553.000000.png,#fabebe,2,91.840620,2.783049,0.111322,0.040000
z_0191_553.000000.png,#ff0080,4,304.776695,9.235657,0.369426,0.040000
z_0191_553.000000.png,#ff69b4,6,260.007143,7.879004,0.315160,0.040000
z_0191_553.000000.png,#ffd700,6,1109.643794,33.625570,1.345023,0.040000
