slice_file,color_hex,blob_count,perimeter_px,perimeter_um,slice_area_um2,slice_thickness_um
z_0001_449.000000.png,#1f618d,1,104.325902,3.556565,0.142263,0.040000
z_0001_449.000000.png,#5dade2,2,221.823376,7.562161,0.302486,0.040000
z_0001_449.000000.png,#7d6608,1,112.669048,3.840990,0.153640,0.040000
z_0001_449.000000.png,#aed6f1,1,0.000000,0.000000,0.000000,0.040000
z_0001_449.000000.png,#f5b041,4,168.367532,5.739802,0.229592,0.040000
z_0002_450.011583.png,#1abc9c,1,121.396970,4.138533,0.165541,0.040000
z_0002_450.011583.png,#1f618d,1,108.568542,3.701200,0.148048,0.040000
z_0002_450.011583.png,#5dade2,2,222.894444,7.598674,0.303947,0.040000
z_0002_450.011583.png,#7d6608,1,114.325902,3.897474,0.155899,0.040000
z_0002_450.011583.png,#f5b041,4,187.539105,6.393379,0.255735,0.040000
z_0003_451.023166.png,#1abc9c,1,121.396970,4.138533,0.165541,0.040000
z_0003_451.023166.png,#1f618d,1,107.982756,3.681230,0.147249,0.040000
z_0003_451.023166.png,#5dade2,2,221.480231,7.550462,0.302018,0.040000
z_0003_451.023166.png,#7d6608,1,110.669048,3.772808,0.150912,0.040000
z_0003_451.023166.png,#aed6f1,1,0.000000,0.000000,0.000000,0.040000
z_0003_451.023166.png,#f5b041,4,203.580736,6.940252,0.277610,0.040000
z_0004_452.034749.png,#1abc9c,1,123.053824,4.195017,0.167801,0.040000
z_0004_452.034749.png,#1f618d,1,108.225397,3.689502,0.147580,0.040000
z_0004_452.034749.png,#5dade2,2,221.237590,7.542191,0.301688,0.040000
z_0004_452.034749.png,#7d6608,1,108.669048,3.704627,0.148185,0.040000
z_0004_452.034749.png,#aed6f1,2,0.000000,0.000000,0.000000,0.040000
z_0004_452.034749.png,#f5b041,4,212.651804,7.249493,0.289980,0.040000
z_0005_453.046332.png,#1abc9c,1,4002315.868109,136442.586413,5457.703457,0.040000
z_0005_453.046332.png,#1f618d,1,109.982756,3.749412,0.149976,0.040000
z_0005_453.046332.png,#5dade2,2,220.409163,7.513949,0.300558,0.040000
z_0005_453.046332.png,#7d6608,1,108.568542,3.701200,0.148048,0.040000
z_0005_453.046332.png,#aed6f1,1,0.000000,0.000000,0.000000,0.040000
z_0005_453.046332.png,#f5b041,4,221.338095,7.545617,0.301825,0.040000
z_0006_454.057915.png,#1abc9c,1,120.225397,4.098593,0.163944,0.040000
z_0006_454.057915.png,#1f618d,1,109.154329,3.721170,0.148847,0.040000
z_0006_454.057915.png,#5dade2,2,214.651804,7.317675,0.292707,0.040000
z_0006_454.057915.png,#7d6608,1,109.154329,3.721170,0.148847,0.040000
z_0006_454.057915.png,#aed6f1,1,0.000000,0.000000,0.000000,0.040000
z_0006_454.057915.png,#f5b041,4,228.651804,7.794948,0.311798,0.040000
z_0007_455.069498.png,#1abc9c,2,107.740115,3.672958,0.146918,0.040000
z_0007_455.069498.png,#1f618d,1,111.740115,3.809322,0.152373,0.040000
z_0007_455.069498.png,#5dade2,2,207.923882,7.088314,0.283533,0.040000
z_0007_455.069498.png,#7d6608,1,111.396970,3.797624,0.151905,0.040000
z_0007_455.069498.png,#f5b041,4,227.580736,7.758434,0.310337,0.040000
z_0008_456.081081.png,#1abc9c,1,93.497475,3.187414,0.127497,0.040000
z_0008_456.081081.png,#1f618d,1,113.497475,3.869232,0.154769,0.040000
z_0008_456.081081.png,#5dade2,2,205.923882,7.020132,0.280805,0.040000
z_0008_456.081081.png,#7d6608,1,114.811183,3.914018,0.156561,0.040000
z_0008_456.081081.png,#f5b041,4,228.994949,7.806646,0.312266,0.040000
z_0009_457.092664.png,#1abc9c,1,93.497475,3.187414,0.127497,0.040000
z_0009_457.092664.png,#1f618d,1,113.497475,3.869232,0.154769,0.040000
z_0009_457.092664.png,#5dade2,2,205.338095,7.000162,0.280006,0.040000
z_0009_457.092664.png,#7d6608,1,113.639610,3.874078,0.154963,0.040000
z_0009_457.092664.png,#f5b041,4,229.823376,7.834888,0.313396,0.040000
z_0010_458.104247.png,#1abc9c,1,88.669048,3.022808,0.120912,0.040000
z_0010_458.104247.png,#1f618d,2,140.225397,4.780411,0.191216,0.040000
z_0010_458.104247.png,#5dade2,2,197.722871,6.740552,0.269622,0.040000
z_0010_458.104247.png,#7d6608,1,119.982756,4.090321,0.163613,0.040000
z_0010_458.104247.png,#f5b041,5,306.936075,10.463730,0.418549,0.040000
z_0011_459.115830.png,#1abc9c,1,87.254834,2.974597,0.118984,0.040000
z_0011_459.115830.png,#1f618d,2,147.639610,5.033169,0.201327,0.040000
z_0011_459.115830.png,#5dade2,2,201.237590,6.860372,0.274415,0.040000
z_0011_459.115830.png,#7d6608,1,122.811183,4.186745,0.167470,0.040000
z_0011_459.115830.png,#aed6f1,1,0.000000,0.000000,0.000000,0.040000
z_0011_459.115830.png,#f5b041,5,361.663997,12.329454,0.493178,0.040000
z_0012_460.127413.png,#1abc9c,1,87.840620,2.994567,0.119783,0.040000
z_0012_460.127413.png,#1f618d,2,154.124892,5.254258,0.210170,0.040000
z_0012_460.127413.png,#5dade2,4,166.610173,5.679892,0.227196,0.040000
z_0012_460.127413.png,#7d6608,1,121.982756,4.158503,0.166340,0.040000
z_0012_460.127413.png,#f5b041,7,418.149278,14.255089,0.570204,0.040000
z_0013_461.138996.png,#1abc9c,1,85.597980,2.918113,0.116725,0.040000
z_0013_461.138996.png,#1f618d,2,155.296465,5.294198,0.211768,0.040000
z_0013_461.138996.png,#5dade2,3,137.882251,4.700531,0.188021,0.040000
z_0013_461.138996.png,#7d6608,1,118.225397,4.030411,0.161216,0.040000
z_0013_461.138996.png,#f5b041,7,476.433550,16.242053,0.649682,0.040000
z_0014_462.150579.png,#1abc9c,1,89.740115,3.059322,0.122373,0.040000
z_0014_462.150579.png,#1f618d,2,151.296465,5.157834,0.206313,0.040000
z_0014_462.150579.png,#5dade2,3,128.568542,4.383018,0.175321,0.040000
z_0014_462.150579.png,#7d6608,1,112.811183,3.845836,0.153833,0.040000
z_0014_462.150579.png,#f5b041,7,3970630.461371,135362.402092,5414.496084,0.040000
z_0015_463.162162.png,#1abc9c,1,92.568542,3.155746,0.126230,0.040000
z_0015_463.162162.png,#1f618d,2,149.539105,5.097924,0.203917,0.040000
z_0015_463.162162.png,#5dade2,3,123.497475,4.210141,0.168406,0.040000
z_0015_463.162162.png,#7d6608,1,109.639610,3.737714,0.149509,0.040000
z_0015_463.162162.png,#f5b041,5,651.227489,22.200937,0.888037,0.040000
z_0016_464.173745.png,#1abc9c,1,89.497475,3.051050,0.122042,0.040000
z_0016_464.173745.png,#1f618d,2,147.882251,5.041440,0.201658,0.040000
z_0016_464.173745.png,#5d6d7e,1,52.970563,1.805815,0.072233,0.040000
z_0016_464.173745.png,#5dade2,3,118.911688,4.053808,0.162152,0.040000
z_0016_464.173745.png,#7d6608,1,104.811183,3.573109,0.142924,0.040000
z_0016_464.173745.png,#f5b041,6,701.997041,23.931717,0.957269,0.040000
z_0017_465.185328.png,#1abc9c,1,95.154329,3.243898,0.129756,0.040000
z_0017_465.185328.png,#1f618d,2,135.396970,4.615806,0.184632,0.040000
z_0017_465.185328.png,#5d6d7e,2,75.941125,2.588902,0.103556,0.040000
z_0017_465.185328.png,#5dade2,3,116.325902,3.965656,0.158626,0.040000
z_0017_465.185328.png,#7d6608,1,102.811183,3.504927,0.140197,0.040000
z_0017_465.185328.png,#aed6f1,1,0.000000,0.000000,0.000000,0.040000
z_0017_465.185328.png,#f5b041,7,688.825469,23.482686,0.939307,0.040000
z_0018_466.196911.png,#1abc9c,1,98.325902,3.352019,0.134081,0.040000
z_0018_466.196911.png,#1f618d,2,133.740115,4.559322,0.182373,0.040000
z_0018_466.196911.png,#5d6d7e,1,101.254834,3.451869,0.138075,0.040000
z_0018_466.196911.png,#5dade2,3,117.154329,3.993898,0.159756,0.040000
z_0018_466.196911.png,#7d6608,1,98.568542,3.360291,0.134412,0.040000
z_0018_466.196911.png,#f5b041,5,473.830519,16.153313,0.646133,0.040000
z_0019_467.208494.png,#1abc9c,1,102.325902,3.488383,0.139535,0.040000
z_0019_467.208494.png,#1f618d,2,142.568542,4.860291,0.194412,0.040000
z_0019_467.208494.png,#5d6d7e,2,136.225397,4.644048,0.185762,0.040000
z_0019_467.208494.png,#5dade2,3,120.568542,4.110291,0.164412,0.040000
z_0019_467.208494.png,#7d6608,1,100.911688,3.440171,0.137607,0.040000
z_0019_467.208494.png,#aed6f1,1,0.000000,0.000000,0.000000,0.040000
z_0019_467.208494.png,#f5b041,5,482.801082,16.459128,0.658365,0.040000
z_0020_468.220077.png,#1abc9c,1,102.325902,3.488383,0.139535,0.040000
z_0020_468.220077.png,#1f618d,2,142.568542,4.860291,0.194412,0.040000
z_0020_468.220077.png,#5d6d7e,2,136.225397,4.644048,0.185762,0.040000
z_0020_468.220077.png,#5dade2,3,120.568542,4.110291,0.164412,0.040000
z_0020_468.220077.png,#7d6608,1,100.911688,3.440171,0.137607,0.040000
z_0020_468.220077.png,#aed6f1,1,0.000000,0.000000,0.000000,0.040000
z_0020_468.220077.png,#f5b041,5,482.801082,16.459128,0.658365,0.040000
z_0021_469.231660.png,#1abc9c,1,100.911688,3.440171,0.137607,0.040000
z_0021_469.231660.png,#1f618d,2,148.568542,5.064837,0.202593,0.040000
z_0021_469.231660.png,#5d6d7e,2,146.124892,4.981530,0.199261,0.040000
z_0021_469.231660.png,#5dade2,3,124.710678,4.251500,0.170060,0.040000
z_0021_469.231660.png,#7d6608,1,102.669048,3.500081,0.140003,0.040000
z_0021_469.231660.png,#aed6f1,1,0.000000,0.000000,0.000000,0.040000
z_0021_469.231660.png,#f5b041,6,417.345238,14.227679,0.569107,0.040000
z_0022_470.243243.png,#1abc9c,1,104.911688,3.576535,0.143061,0.040000
z_0022_470.243243.png,#1f618d,2,147.982756,5.044867,0.201795,0.040000
z_0022_470.243243.png,#5d6d7e,3,203.338095,6.931981,0.277279,0.040000
z_0022_470.243243.png,#5dade2,3,126.953319,4.327954,0.173118,0.040000
z_0022_470.243243.png,#76d7c4,2,20.485281,0.698362,0.027934,0.040000
z_0022_470.243243.png,#7d6608,1,106.325902,3.624747,0.144990,0.040000
z_0022_470.243243.png,#aed6f1,1,0.000000,0.000000,0.000000,0.040000
z_0022_470.243243.png,#f5b041,5,420.031529,14.319257,0.572770,0.040000
z_0023_471.254826.png,#1abc9c,1,106.083261,3.616475,0.144659,0.040000
z_0023_471.254826.png,#1f618d,2,146.225397,4.984957,0.199398,0.040000
z_0023_471.254826.png,#5d6d7e,2,238.551299,8.132431,0.325297,0.040000
z_0023_471.254826.png,#5dade2,4,143.296465,4.885107,0.195404,0.040000
z_0023_471.254826.png,#76d7c4,2,162.953319,5.555227,0.222209,0.040000
z_0023_471.254826.png,#7d6608,1,106.568542,3.633018,0.145321,0.040000
z_0023_471.254826.png,#aed6f1,1,0.000000,0.000000,0.000000,0.040000
z_0023_471.254826.png,#f5b041,5,405.788889,13.833712,0.553348,0.040000
z_0024_472.266409.png,#1abc9c,1,99.254834,3.383688,0.135348,0.040000
z_0024_472.266409.png,#1f618d,2,161.639610,5.510441,0.220418,0.040000
z_0024_472.266409.png,#5d6d7e,2,278.007143,9.477516,0.379101,0.040000
z_0024_472.266409.png,#5dade2,4,172.610173,5.884438,0.235378,0.040000
z_0024_472.266409.png,#76d7c4,2,215.722871,7.354189,0.294168,0.040000
z_0024_472.266409.png,#7d6608,1,103.740115,3.536595,0.141464,0.040000
z_0024_472.266409.png,#aed6f1,1,0.000000,0.000000,0.000000,0.040000
z_0024_472.266409.png,#f5b041,8,462.215295,15.757340,0.630294,0.040000
z_0025_473.277992.png,#1abc9c,1,95.840620,3.267294,0.130692,0.040000
z_0025_473.277992.png,#1f618d,2,152.225397,5.189502,0.207580,0.040000
z_0025_473.277992.png,#5d6d7e,4,468.960461,15.987288,0.639492,0.040000
z_0025_473.277992.png,#5dade2,4,181.781746,6.197105,0.247884,0.040000
z_0025_473.277992.png,#76d7c4,2,212.509668,7.244648,0.289786,0.040000
z_0025_473.277992.png,#7d6608,1,100.669048,3.431899,0.137276,0.040000
z_0025_473.277992.png,#aed6f1,1,0.000000,0.000000,0.000000,0.040000
z_0025_473.277992.png,#f5b041,7,435.002092,14.829617,0.593185,0.040000
z_0026_474.289575.png,#1abc9c,1,98.526912,3.358872,0.134355,0.040000
z_0026_474.289575.png,#1f618d,2,151.053824,5.149562,0.205982,0.040000
z_0026_474.289575.png,#5d6d7e,2,471.546248,16.075440,0.643018,0.040000
z_0026_474.289575.png,#5dade2,4,185.438600,6.321770,0.252871,0.040000
z_0026_474.289575.png,#76d7c4,3,183.296465,6.248743,0.249950,0.040000
z_0026_474.289575.png,#7d6608,1,97.840620,3.335476,0.133419,0.040000
z_0026_474.289575.png,#f5b041,7,460.901587,15.712554,0.628502,0.040000
z_0027_475.301158.png,#1abc9c,1,99.597980,3.395386,0.135815,0.040000
z_0027_475.301158.png,#1f618d,2,153.539105,5.234288,0.209372,0.040000
z_0027_475.301158.png,#5d6d7e,2,474.717821,16.183562,0.647342,0.040000
z_0027_475.301158.png,#5dade2,4,176.509668,6.017375,0.240695,0.040000
z_0027_475.301158.png,#76d7c4,3,169.539105,5.779742,0.231190,0.040000
z_0027_475.301158.png,#7d6608,1,97.254834,3.315506,0.132620,0.040000
z_0027_475.301158.png,#aed6f1,1,0.000000,0.000000,0.000000,0.040000
z_0027_475.301158.png,#f5b041,7,463.587878,15.804132,0.632165,0.040000
z_0028_476.312741.png,#1abc9c,2,87.355339,2.978023,0.119121,0.040000
z_0028_476.312741.png,#1f618d,2,161.195959,5.495317,0.219813,0.040000
z_0028_476.312741.png,#5d6d7e,2,480.617316,16.384681,0.655387,0.040000
z_0028_476.312741.png,#5dade2,4,175.681241,5.989133,0.239565,0.040000
z_0028_476.312741.png,#76d7c4,3,163.296465,5.566925,0.222677,0.040000
z_0028_476.312741.png,#7d6608,1,96.183766,3.278992,0.131160,0.040000
z_0028_476.312741.png,#aed6f1,1,0.000000,0.000000,0.000000,0.040000
z_0028_476.312741.png,#f5b041,7,434.516811,14.813073,0.592523,0.040000
z_0029_477.324324.png,#1abc9c,1,85.355339,2.909841,0.116394,0.040000
z_0029_477.324324.png,#1f618d,2,164.124892,5.595167,0.223807,0.040000
z_0029_477.324324.png,#5d6d7e,2,483.788889,16.492803,0.659712,0.040000
z_0029_477.324324.png,#5dade2,4,169.681241,5.784588,0.231384,0.040000
z_0029_477.324324.png,#76d7c4,2,174.367532,5.944348,0.237774,0.040000
z_0029_477.324324.png,#7d6608,1,97.355339,3.318932,0.132757,0.040000
z_0029_477.324324.png,#aed6f1,1,0.000000,0.000000,0.000000,0.040000
z_0029_477.324324.png,#f5b041,8,395.747258,13.491384,0.539655,0.040000
z_0030_478.335907.png,#1abc9c,1,82.769553,2.821689,0.112868,0.040000
z_0030_478.335907.png,#1f618d,2,175.438600,5.980861,0.239234,0.040000
z_0030_478.335907.png,#5d6d7e,2,488.960461,16.669107,0.666764,0.040000
z_0030_478.335907.png,#5dade2,4,164.024387,5.591740,0.223670,0.040000
z_0030_478.335907.png,#76d7c4,2,172.953319,5.896136,0.235845,0.040000
z_0030_478.335907.png,#7d6608,1,98.769553,3.367144,0.134686,0.040000
z_0030_478.335907.png,#f5b041,6,373.462987,12.731693,0.509268,0.040000
z_0031_479.347490.png,#1abc9c,1,73.941125,2.520720,0.100829,0.040000
z_0031_479.347490.png,#1f618d,2,180.610173,6.157165,0.246287,0.040000
z_0031_479.347490.png,#5d6d7e,3,480.960461,16.396379,0.655855,0.040000
z_0031_479.347490.png,#5dade2,4,158.610173,5.407165,0.216287,0.040000
z_0031_479.347490.png,#76d7c4,3,165.053824,5.626835,0.225073,0.040000
z_0031_479.347490.png,#7d6608,1,99.112698,3.378842,0.135154,0.040000
z_0031_479.347490.png,#aed6f1,2,0.000000,0.000000,0.000000,0.040000
z_0031_479.347490.png,#f5b041,6,364.492424,12.425878,0.497035,0.040000
z_0032_480.359073.png,#1abc9c,1,73.112698,2.492478,0.099699,0.040000
z_0032_480.359073.png,#1f618d,2,178.953319,6.100681,0.244027,0.040000
z_0032_480.359073.png,#5d6d7e,5,448.132034,15.277228,0.611089,0.040000
z_0032_480.359073.png,#5dade2,4,146.710678,5.001500,0.200060,0.040000
z_0032_480.359073.png,#76d7c4,2,156.124892,5.322439,0.212898,0.040000
z_0032_480.359073.png,#7d6608,1,100.769553,3.435326,0.137413,0.040000
z_0032_480.359073.png,#aed6f1,2,0.000000,0.000000,0.000000,0.040000
z_0032_480.359073.png,#f5b041,5,358.391919,12.217906,0.488716,0.040000
z_0033_481.370656.png,#1abc9c,1,74.526912,2.540690,0.101628,0.040000
z_0033_481.370656.png,#1f618d,2,181.781746,6.197105,0.247884,0.040000
z_0033_481.370656.png,#5d6d7e,4,454.475180,15.493472,0.619739,0.040000
z_0033_481.370656.png,#5dade2,4,150.124892,5.117894,0.204716,0.040000
z_0033_481.370656.png,#76d7c4,3,153.296465,5.226016,0.209041,0.040000
z_0033_481.370656.png,#7d6608,1,101.597980,3.463567,0.138543,0.040000
z_0033_481.370656.png,#aed6f1,1,0.000000,0.000000,0.000000,0.040000
z_0033_481.370656.png,#f5b041,6,350.048773,11.933481,0.477339,0.040000
z_0034_482.382239.png,#1abc9c,1,68.526912,2.336145,0.093446,0.040000
z_0034_482.382239.png,#1f618d,2,188.267027,6.418194,0.256728,0.040000
z_0034_482.382239.png,#5d6d7e,4,445.161472,15.175959,0.607038,0.040000
z_0034_482.382239.png,#5dade2,4,154.225397,5.257684,0.210307,0.040000
z_0034_482.382239.png,#76d7c4,2,138.811183,4.732199,0.189288,0.040000
z_0034_482.382239.png,#7d6608,1,101.840620,3.471839,0.138874,0.040000
z_0034_482.382239.png,#f5b041,7,346.534055,11.813661,0.472546,0.040000
z_0035_483.393822.png,#1abc9c,1,59.455844,2.026904,0.081076,0.040000
z_0035_483.393822.png,#1f618d,2,185.438600,6.321770,0.252871,0.040000
z_0035_483.393822.png,#5d6d7e,5,396.090404,13.503082,0.540123,0.040000
z_0035_483.393822.png,#5dade2,4,159.053824,5.422289,0.216892,0.040000
z_0035_483.393822.png,#76d7c4,1,146.468037,4.993229,0.199729,0.040000
z_0035_483.393822.png,#7d6608,1,101.497475,3.460141,0.138406,0.040000
z_0035_483.393822.png,#f5b041,7,325.906638,11.110454,0.444418,0.040000
z_0036_484.405405.png,#1abc9c,1,58.870058,2.006934,0.080277,0.040000
z_0036_484.405405.png,#1f618d,2,184.852814,6.301800,0.252072,0.040000
z_0036_484.405405.png,#5d6d7e,4,365.989899,12.476928,0.499077,0.040000
z_0036_484.405405.png,#5dade2,4,156.568542,5.337564,0.213503,0.040000
z_0036_484.405405.png,#76d7c4,1,150.468037,5.129592,0.205184,0.040000
z_0036_484.405405.png,#7d6608,1,102.811183,3.504927,0.140197,0.040000
z_0036_484.405405.png,#f5b041,8,340.835570,11.619394,0.464776,0.040000
z_0037_485.416988.png,#1abc9c,1,57.455844,1.958722,0.078349,0.040000
z_0037_485.416988.png,#1f618d,2,189.195959,6.449862,0.257994,0.040000
z_0037_485.416988.png,#5d6d7e,3,347.847763,11.858446,0.474338,0.040000
z_0037_485.416988.png,#5dade2,4,163.882251,5.586895,0.223476,0.040000
z_0037_485.416988.png,#76d7c4,3,3764838.420462,128346.764334,5133.870573,0.040000
z_0037_485.416988.png,#7d6608,1,102.568542,3.496655,0.139866,0.040000
z_0037_485.416988.png,#aed6f1,1,0.000000,0.000000,0.000000,0.040000
z_0037_485.416988.png,#f5b041,8,337.421356,11.503001,0.460120,0.040000
z_0038_486.428571.png,#1abc9c,1,57.455844,1.958722,0.078349,0.040000
z_0038_486.428571.png,#1f618d,2,189.823376,6.471251,0.258850,0.040000
z_0038_486.428571.png,#5d6d7e,3,319.605122,10.895629,0.435825,0.040000
z_0038_486.428571.png,#5dade2,3,182.610173,6.225347,0.249014,0.040000
z_0038_486.428571.png,#76d7c4,2,175.438600,5.980861,0.239234,0.040000
z_0038_486.428571.png,#7d6608,1,108.811183,3.709472,0.148379,0.040000
z_0038_486.428571.png,#f5b041,8,329.178716,11.222002,0.448880,0.040000
z_0039_487.440154.png,#1abc9c,1,54.870058,1.870570,0.074823,0.040000
z_0039_487.440154.png,#1f618d,2,184.852814,6.301800,0.252072,0.040000
z_0039_487.440154.png,#5d6d7e,3,248.007143,8.454789,0.338192,0.040000
z_0039_487.440154.png,#5dade2,3,194.752309,6.639283,0.265571,0.040000
z_0039_487.440154.png,#76d7c4,3,177.781746,6.060741,0.242430,0.040000
z_0039_487.440154.png,#7d6608,1,118.225397,4.030411,0.161216,0.040000
z_0039_487.440154.png,#f5b041,6,310.450793,10.583550,0.423342,0.040000
z_0040_488.451737.png,#1abc9c,1,56.284271,1.918782,0.076751,0.040000
z_0040_488.451737.png,#1f618d,2,179.338095,6.113799,0.244552,0.040000
z_0040_488.451737.png,#5d6d7e,3,232.107648,7.912761,0.316510,0.040000
z_0040_488.451737.png,#5dade2,7,299.078210,10.195848,0.407834,0.040000
z_0040_488.451737.png,#76d7c4,3,178.024387,6.069013,0.242761,0.040000
z_0040_488.451737.png,#7d6608,1,111.982756,3.817594,0.152704,0.040000
z_0040_488.451737.png,#f5b041,6,341.078210,11.627666,0.465107,0.040000
z_0041_489.463320.png,#1abc9c,1,54.627417,1.862298,0.074492,0.040000
z_0041_489.463320.png,#1f618d,2,173.681241,5.920951,0.236838,0.040000
z_0041_489.463320.png,#5d6d7e,3,221.965512,7.567006,0.302680,0.040000
z_0041_489.463320.png,#5dade2,6,357.362482,12.182812,0.487312,0.040000
z_0041_489.463320.png,#76d7c4,3,173.053824,5.899562,0.235982,0.040000
z_0041_489.463320.png,#7d6608,1,105.154329,3.584807,0.143392,0.040000
z_0041_489.463320.png,#f5b041,5,334.977705,11.419695,0.456788,0.040000
z_0042_490.474903.png,#1abc9c,1,53.455844,1.822358,0.072894,0.040000
z_0042_490.474903.png,#1f618d,2,170.610173,5.816256,0.232650,0.040000
z_0042_490.474903.png,#5d6d7e,3,207.823376,7.084888,0.283396,0.040000
z_0042_490.474903.png,#5dade2,5,379.847763,12.949356,0.517974,0.040000
z_0042_490.474903.png,#76d7c4,3,177.781746,6.060741,0.242430,0.040000
z_0042_490.474903.png,#7d6608,1,100.083261,3.411929,0.136477,0.040000
z_0042_490.474903.png,#f5b041,5,327.178716,11.153820,0.446153,0.040000
z_0043_491.486486.png,#1abc9c,1,54.870058,1.870570,0.074823,0.040000
z_0043_491.486486.png,#1f618d,2,168.852814,5.756346,0.230254,0.040000
z_0043_491.486486.png,#5d6d7e,3,193.237590,6.587645,0.263506,0.040000
z_0043_491.486486.png,#5dade2,4,384.149278,13.095998,0.523840,0.040000
z_0043_491.486486.png,#76d7c4,5,201.681241,6.875497,0.275020,0.040000
z_0043_491.486486.png,#7d6608,1,104.911688,3.576535,0.143061,0.040000
z_0043_491.486486.png,#f5b041,5,315.563492,10.757846,0.430314,0.040000
z_0044_492.498069.png,#1abc9c,1,57.112698,1.947024,0.077881,0.040000
z_0044_492.498069.png,#1f618d,2,166.124892,5.663349,0.226534,0.040000
z_0044_492.498069.png,#5d6d7e,3,184.509668,6.290102,0.251604,0.040000
z_0044_492.498069.png,#5dade2,4,444.534055,15.154570,0.606183,0.040000
z_0044_492.498069.png,#76d7c4,3,200.409163,6.832131,0.273285,0.040000
z_0044_492.498069.png,#7d6608,2,131.396970,4.479442,0.179178,0.040000
z_0044_492.498069.png,#f5b041,5,300.936075,10.259184,0.410367,0.040000
z_0045_493.509653.png,#1abc9c,1,59.455844,2.026904,0.081076,0.040000
z_0045_493.509653.png,#1f618d,2,158.953319,5.418863,0.216755,0.040000
z_0045_493.509653.png,#5d6d7e,5,197.095454,6.719163,0.268767,0.040000
z_0045_493.509653.png,#5dade2,3,422.977705,14.419695,0.576788,0.040000
z_0045_493.509653.png,#76d7c4,3,213.580736,7.281161,0.291246,0.040000
z_0045_493.509653.png,#7d6608,2,172.024387,5.864468,0.234579,0.040000
z_0045_493.509653.png,#f5b041,5,287.036580,9.785338,0.391414,0.040000
z_0046_494.521236.png,#1abc9c,1,59.455844,2.026904,0.081076,0.040000
z_0046_494.521236.png,#1f618d,2,158.124892,5.390621,0.215625,0.040000
z_0046_494.521236.png,#5d6d7e,5,195.923882,6.679223,0.267169,0.040000
z_0046_494.521236.png,#5dade2,3,420.735065,14.343241,0.573730,0.040000
z_0046_494.521236.png,#76d7c4,3,216.994949,7.397555,0.295902,0.040000
z_0046_494.521236.png,#7d6608,2,171.195959,5.836226,0.233449,0.040000
z_0046_494.521236.png,#aed6f1,1,0.000000,0.000000,0.000000,0.040000
z_0046_494.521236.png,#f5b041,5,287.036580,9.785338,0.391414,0.040000
z_0047_495.532819.png,#1abc9c,1,64.284271,2.191509,0.087660,0.040000
z_0047_495.532819.png,#1f618d,3,173.438600,5.912680,0.236507,0.040000
z_0047_495.532819.png,#5d6d7e,4,210.509668,7.176466,0.287059,0.040000
z_0047_495.532819.png,#5dade2,4,414.149278,14.118725,0.564749,0.040000
z_0047_495.532819.png,#76d7c4,3,220.308658,7.510522,0.300421,0.040000
z_0047_495.532819.png,#7d6608,2,171.539105,5.847924,0.233917,0.040000
z_0047_495.532819.png,#f4d03f,1,26.970563,0.919451,0.036778,0.040000
z_0047_495.532819.png,#f5b041,7,441.989899,15.067837,0.602713,0.040000
z_0047_495.532819.png,#f9e79f,2,0.000000,0.000000,0.000000,0.040000
z_0048_496.544402.png,#1abc9c,1,68.526912,2.336145,0.093446,0.040000
z_0048_496.544402.png,#1f618d,3,186.267027,6.350012,0.254000,0.040000
z_0048_496.544402.png,#5d6d7e,4,227.823376,7.766706,0.310668,0.040000
z_0048_496.544402.png,#5dade2,3,365.036580,12.444429,0.497777,0.040000
z_0048_496.544402.png,#76d7c4,6,3849779.029178,131242.466904,5249.698676,0.040000
z_0048_496.544402.png,#7d6608,2,171.781746,5.856196,0.234248,0.040000
z_0048_496.544402.png,#f4d03f,1,55.698485,1.898812,0.075952,0.040000
z_0048_496.544402.png,#f5b041,7,423.261977,14.429386,0.577175,0.040000
z_0048_496.544402.png,#f9e79f,2,0.000000,0.000000,0.000000,0.040000
z_0049_497.555985.png,#1abc9c,1,68.526912,2.336145,0.093446,0.040000
z_0049_497.555985.png,#1f618d,3,186.267027,6.350012,0.254000,0.040000
z_0049_497.555985.png,#5d6d7e,4,228.651804,7.794948,0.311798,0.040000
z_0049_497.555985.png,#5dade2,3,367.036580,12.512611,0.500504,0.040000
z_0049_497.555985.png,#76d7c4,5,184.953319,6.305227,0.252209,0.040000
z_0049_497.555985.png,#7d6608,2,171.781746,5.856196,0.234248,0.040000
z_0049_497.555985.png,#f4d03f,1,55.698485,1.898812,0.075952,0.040000
z_0049_497.555985.png,#f5b041,7,419.605122,14.304720,0.572189,0.040000
z_0049_497.555985.png,#f9e79f,3,0.000000,0.000000,0.000000,0.040000
z_0050_498.567568.png,#1abc9c,1,74.526912,2.540690,0.101628,0.040000
z_0050_498.567568.png,#1f618d,2,210.409163,7.173040,0.286922,0.040000
z_0050_498.567568.png,#5d6d7e,4,241.663997,8.238545,0.329542,0.040000
z_0050_498.567568.png,#5dade2,3,360.492424,12.289514,0.491581,0.040000
z_0050_498.567568.png,#76d7c4,4,134.468037,4.584138,0.183366,0.040000
z_0050_498.567568.png,#7d6608,2,239.237590,8.155827,0.326233,0.040000
z_0050_498.567568.png,#f4d03f,1,149.539105,5.097924,0.203917,0.040000
z_0050_498.567568.png,#f5b041,6,379.261977,12.929386,0.517175,0.040000
z_0050_498.567568.png,#f9e79f,1,0.000000,0.000000,0.000000,0.040000
z_0051_499.579151.png,#1abc9c,1,74.526912,2.540690,0.101628,0.040000
z_0051_499.579151.png,#1f618d,2,210.409163,7.173040,0.286922,0.040000
z_0051_499.579151.png,#5d6d7e,4,242.249783,8.258515,0.330341,0.040000
z_0051_499.579151.png,#5dade2,3,362.735065,12.365968,0.494639,0.040000
z_0051_499.579151.png,#76d7c4,4,132.811183,4.527654,0.181106,0.040000
z_0051_499.579151.png,#7d6608,2,239.237590,8.155827,0.326233,0.040000
z_0051_499.579151.png,#f4d03f,1,150.953319,5.146136,0.205845,0.040000
z_0051_499.579151.png,#f5b041,6,376.433550,12.832962,0.513318,0.040000
z_0051_499.579151.png,#f9e79f,3,2.000000,0.068182,0.002727,0.040000
z_0052_500.590734.png,#1abc9c,1,72.284271,2.464237,0.098569,0.040000
z_0052_500.590734.png,#1f618d,2,211.480231,7.209553,0.288382,0.040000
z_0052_500.590734.png,#5d6d7e,4,238.592929,8.133850,0.325354,0.040000
z_0052_500.590734.png,#5dade2,2,376.190909,12.824690,0.512988,0.040000
z_0052_500.590734.png,#76d7c4,5,123.740115,4.218413,0.168737,0.040000
z_0052_500.590734.png,#7d6608,4,321.220346,10.950694,0.438028,0.040000
z_0052_500.590734.png,#f4d03f,2,162.852814,5.551800,0.222072,0.040000
z_0052_500.590734.png,#f5b041,6,369.462987,12.595329,0.503813,0.040000
z_0052_500.590734.png,#f9e79f,3,8.000000,0.272727,0.010909,0.040000
z_0053_501.602317.png,#1abc9c,1,75.698485,2.580630,0.103225,0.040000
z_0053_501.602317.png,#1f618d,2,202.994949,6.920282,0.276811,0.040000
z_0053_501.602317.png,#5d6d7e,4,264.492424,9.016787,0.360671,0.040000
z_0053_501.602317.png,#5dade2,2,354.048773,12.069845,0.482794,0.040000
z_0053_501.602317.png,#76d7c4,3,110.183766,3.756265,0.150251,0.040000
z_0053_501.602317.png,#7d6608,4,374.918831,12.781324,0.511253,0.040000
z_0053_501.602317.png,#f4d03f,2,166.852814,5.688164,0.227527,0.040000
z_0053_501.602317.png,#f5b041,7,396.090404,13.503082,0.540123,0.040000
z_0053_501.602317.png,#f9e79f,2,0.000000,0.000000,0.000000,0.040000
z_0054_502.613900.png,#1abc9c,1,77.355339,2.637114,0.105485,0.040000
z_0054_502.613900.png,#1f618d,2,194.166522,6.619313,0.264773,0.040000
z_0054_502.613900.png,#5d6d7e,3,275.320851,9.385938,0.375438,0.040000
z_0054_502.613900.png,#5dade2,2,324.592929,11.065668,0.442627,0.040000
z_0054_502.613900.png,#76d7c4,3,128.568542,4.383018,0.175321,0.040000
z_0054_502.613900.png,#7d6608,3,371.362482,12.660085,0.506403,0.040000
z_0054_502.613900.png,#f4d03f,2,126.225397,4.303139,0.172126,0.040000
z_0054_502.613900.png,#f5b041,7,383.019336,13.057477,0.522299,0.040000
z_0054_502.613900.png,#f9e79f,2,2.000000,0.068182,0.002727,0.040000
z_0055_503.625483.png,#1abc9c,1,80.526912,2.745236,0.109809,0.040000
z_0055_503.625483.png,#1f618d,2,185.338095,6.318344,0.252734,0.040000
z_0055_503.625483.png,#5d6d7e,3,284.391919,9.695179,0.387807,0.040000
z_0055_503.625483.png,#5dade2,2,309.178716,10.540183,0.421607,0.040000
z_0055_503.625483.png,#76d7c4,6,131.396970,4.479442,0.179178,0.040000
z_0055_503.625483.png,#7d6608,3,415.161472,14.153232,0.566129,0.040000
z_0055_503.625483.png,#f4d03f,3,164.267027,5.600012,0.224000,0.040000
z_0055_503.625483.png,#f5b041,6,342.291414,11.669025,0.466761,0.040000
z_0055_503.625483.png,#f9e79f,6,4.000000,0.136364,0.005455,0.040000
z_0056_504.637066.png,#1abc9c,1,81.698485,2.785176,0.111407,0.040000
z_0056_504.637066.png,#1f618d,2,187.338095,6.386526,0.255461,0.040000
z_0056_504.637066.png,#5d6d7e,5,3764956.940537,128350.804791,5134.032192,0.040000
z_0056_504.637066.png,#5dade2,2,292.592929,9.974759,0.398990,0.040000
z_0056_504.637066.png,#76d7c4,5,123.740115,4.218413,0.168737,0.040000
z_0056_504.637066.png,#7d6608,3,409.605122,13.963811,0.558552,0.040000
z_0056_504.637066.png,#f4d03f,3,175.438600,5.980861,0.239234,0.040000
z_0056_504.637066.png,#f5b041,5,277.078210,9.445848,0.377834,0.040000
z_0056_504.637066.png,#f9e79f,7,14.000000,0.477273,0.019091,0.040000
z_0057_505.648649.png,#1abc9c,1,83.597980,2.849931,0.113997,0.040000
z_0057_505.648649.png,#1f618d,3,175.438600,5.980861,0.239234,0.040000
z_0057_505.648649.png,#5d6d7e,5,325.948268,11.111873,0.444475,0.040000
z_0057_505.648649.png,#5dade2,3,270.107648,9.208215,0.368329,0.040000
z_0057_505.648649.png,#76d7c4,3,119.497475,4.073778,0.162951,0.040000
z_0057_505.648649.png,#7d6608,3,406.291414,13.850844,0.554034,0.040000
z_0057_505.648649.png,#f4d03f,3,180.610173,6.157165,0.246287,0.040000
z_0057_505.648649.png,#f5b041,5,274.592929,9.361123,0.374445,0.040000
z_0057_505.648649.png,#f9e79f,6,24.000000,0.818182,0.032727,0.040000
z_0058_506.660232.png,#1abc9c,1,81.355339,2.773477,0.110939,0.040000
z_0058_506.660232.png,#1f618d,2,154.710678,5.274228,0.210969,0.040000
z_0058_506.660232.png,#5d6d7e,4,313.462987,10.686238,0.427450,0.040000
z_0058_506.660232.png,#5dade2,2,243.823376,8.312161,0.332486,0.040000
z_0058_506.660232.png,#76d7c4,3,114.083261,3.889202,0.155568,0.040000
z_0058_506.660232.png,#7d6608,3,405.119841,13.810904,0.552436,0.040000
z_0058_506.660232.png,#f4d03f,3,196.752309,6.707465,0.268299,0.040000
z_0058_506.660232.png,#f5b041,5,284.107648,9.685488,0.387420,0.040000
z_0058_506.660232.png,#f9e79f,8,10.000000,0.340909,0.013636,0.040000
z_0059_507.671815.png,#1abc9c,1,77.698485,2.648812,0.105952,0.040000
z_0059_507.671815.png,#1f618d,2,149.882251,5.109622,0.204385,0.040000
z_0059_507.671815.png,#5d6d7e,4,307.806133,10.493391,0.419736,0.040000
z_0059_507.671815.png,#5dade2,2,204.752309,6.980192,0.279208,0.040000
z_0059_507.671815.png,#76d7c4,4,106.083261,3.616475,0.144659,0.040000
z_0059_507.671815.png,#7d6608,3,418.333044,14.261354,0.570454,0.040000
z_0059_507.671815.png,#f4d03f,3,190.994949,6.511191,0.260448,0.040000
z_0059_507.671815.png,#f5b041,5,284.350288,9.693760,0.387750,0.040000
z_0059_507.671815.png,#f9e79f,4,0.000000,0.000000,0.000000,0.040000
z_0060_508.683398.png,#1abc9c,1,77.698485,2.648812,0.105952,0.040000
z_0060_508.683398.png,#1f618d,2,149.296465,5.089652,0.203586,0.040000
z_0060_508.683398.png,#5d6d7e,4,306.977705,10.465149,0.418606,0.040000
z_0060_508.683398.png,#5dade2,2,202.509668,6.903739,0.276150,0.040000
z_0060_508.683398.png,#76d7c4,4,104.669048,3.568263,0.142731,0.040000
z_0060_508.683398.png,#7d6608,3,417.747258,14.241384,0.569655,0.040000
z_0060_508.683398.png,#f4d03f,3,191.338095,6.522890,0.260916,0.040000
z_0060_508.683398.png,#f5b041,5,284.592929,9.702032,0.388081,0.040000
z_0060_508.683398.png,#f9e79f,6,2.000000,0.068182,0.002727,0.040000
z_0061_509.694981.png,#1abc9c,1,75.698485,2.580630,0.103225,0.040000
z_0061_509.694981.png,#1f618d,2,163.438600,5.571770,0.222871,0.040000
z_0061_509.694981.png,#5d6d7e,4,320.391919,10.922452,0.436898,0.040000
z_0061_509.694981.png,#5dade2,2,167.296465,5.703289,0.228132,0.040000
z_0061_509.694981.png,#76d7c4,3,97.355339,3.318932,0.132757,0.040000
z_0061_509.694981.png,#7d6608,3,376.149278,12.823271,0.512931,0.040000
z_0061_509.694981.png,#f4d03f,2,260.793939,8.890702,0.355628,0.040000
z_0061_509.694981.png,#f5b041,5,291.764502,9.946517,0.397861,0.040000
z_0061_509.694981.png,#f9e79f,5,4.000000,0.136364,0.005455,0.040000
z_0062_510.706564.png,#1abc9c,1,75.698485,2.580630,0.103225,0.040000
z_0062_510.706564.png,#1f618d,2,163.438600,5.571770,0.222871,0.040000
z_0062_510.706564.png,#5d6d7e,4,321.806133,10.970664,0.438827,0.040000
z_0062_510.706564.png,#5dade2,2,167.296465,5.703289,0.228132,0.040000
z_0062_510.706564.png,#76d7c4,3,97.355339,3.318932,0.132757,0.040000
z_0062_510.706564.png,#7d6608,3,376.735065,12.843241,0.513730,0.040000
z_0062_510.706564.png,#f4d03f,2,261.622366,8.918944,0.356758,0.040000
z_0062_510.706564.png,#f5b041,5,292.350288,9.966487,0.398659,0.040000
z_0062_510.706564.png,#f9e79f,5,4.000000,0.136364,0.005455,0.040000
z_0063_511.718147.png,#1abc9c,1,75.941125,2.588902,0.103556,0.040000
z_0063_511.718147.png,#1f618d,2,155.053824,5.285926,0.211437,0.040000
z_0063_511.718147.png,#5d6d7e,4,3921647.393188,133692.524768,5347.700991,0.040000
z_0063_511.718147.png,#5dade2,2,139.982756,4.772139,0.190886,0.040000
z_0063_511.718147.png,#6c3483,1,21.071068,0.718332,0.028733,0.040000
z_0063_511.718147.png,#76d7c4,3,89.840620,3.062748,0.122510,0.040000
z_0063_511.718147.png,#7d6608,3,3908355.894193,133239.405484,5329.576219,0.040000
z_0063_511.718147.png,#f4d03f,2,242.308658,8.260522,0.330421,0.040000
z_0063_511.718147.png,#f5b041,6,363.948268,12.407327,0.496293,0.040000
z_0063_511.718147.png,#f9e79f,5,14.000000,0.477273,0.019091,0.040000
z_0064_512.729730.png,#1abc9c,1,75.941125,2.588902,0.103556,0.040000
z_0064_512.729730.png,#1f618d,2,155.639610,5.305896,0.212236,0.040000
z_0064_512.729730.png,#5d6d7e,4,3884615.100452,132430.060243,5297.202410,0.040000
z_0064_512.729730.png,#5dade2,2,139.982756,4.772139,0.190886,0.040000
z_0064_512.729730.png,#6c3483,1,21.071068,0.718332,0.028733,0.040000
z_0064_512.729730.png,#76d7c4,3,89.840620,3.062748,0.122510,0.040000
z_0064_512.729730.png,#7d6608,3,422.291414,14.396298,0.575852,0.040000
z_0064_512.729730.png,#f4d03f,2,242.308658,8.260522,0.330421,0.040000
z_0064_512.729730.png,#f5b041,6,368.776695,12.571933,0.502877,0.040000
z_0064_512.729730.png,#f9e79f,7,10.000000,0.340909,0.013636,0.040000
z_0065_513.741313.png,#1abc9c,1,72.284271,2.464237,0.098569,0.040000
z_0065_513.741313.png,#1f618d,2,128.225397,4.371320,0.174853,0.040000
z_0065_513.741313.png,#5d6d7e,4,262.208153,8.938914,0.357557,0.040000
z_0065_513.741313.png,#5dade2,1,101.840620,3.471839,0.138874,0.040000
z_0065_513.741313.png,#6c3483,1,30.727922,1.047543,0.041902,0.040000
z_0065_513.741313.png,#76d7c4,1,75.597980,2.577204,0.103088,0.040000
z_0065_513.741313.png,#7d6608,3,3733221.019881,127268.898405,5090.755936,0.040000
z_0065_513.741313.png,#f4d03f,4,183.438600,6.253589,0.250144,0.040000
z_0065_513.741313.png,#f5b041,4,437.060967,14.899806,0.595992,0.040000
z_0065_513.741313.png,#f9e79f,5,2.000000,0.068182,0.002727,0.040000
z_0066_514.752896.png,#1abc9c,1,73.698485,2.512448,0.100498,0.040000
z_0066_514.752896.png,#1f618d,2,128.225397,4.371320,0.174853,0.040000
z_0066_514.752896.png,#5d6d7e,4,261.379726,8.910672,0.356427,0.040000
z_0066_514.752896.png,#5dade2,1,101.840620,3.471839,0.138874,0.040000
z_0066_514.752896.png,#6c3483,1,30.727922,1.047543,0.041902,0.040000
z_0066_514.752896.png,#76d7c4,1,75.597980,2.577204,0.103088,0.040000
z_0066_514.752896.png,#7d6608,3,3733219.363027,127268.841921,5090.753677,0.040000
z_0066_514.752896.png,#f4d03f,4,184.024387,6.273559,0.250942,0.040000
z_0066_514.752896.png,#f5b041,4,438.232539,14.939746,0.597590,0.040000
z_0066_514.752896.png,#f9e79f,5,2.000000,0.068182,0.002727,0.040000
z_0067_515.764479.png,#1abc9c,1,71.698485,2.444267,0.097771,0.040000
z_0067_515.764479.png,#1f618d,2,127.639610,4.351350,0.174054,0.040000
z_0067_515.764479.png,#5d6d7e,4,245.480231,8.368644,0.334746,0.040000
z_0067_515.764479.png,#5dade2,1,102.325902,3.488383,0.139535,0.040000
z_0067_515.764479.png,#6c3483,1,32.727922,1.115725,0.044629,0.040000
z_0067_515.764479.png,#76d7c4,2,174.953319,5.964318,0.238573,0.040000
z_0067_515.764479.png,#7d6608,2,377.362482,12.864630,0.514585,0.040000
z_0067_515.764479.png,#f4d03f,4,3794765.901643,129367.019374,5174.680775,0.040000
z_0067_515.764479.png,#f5b041,4,446.232539,15.212473,0.608499,0.040000
z_0067_515.764479.png,#f9e79f,3,2.000000,0.068182,0.002727,0.040000
z_0068_516.776062.png,#1abc9c,1,73.941125,2.520720,0.100829,0.040000
z_0068_516.776062.png,#1f618d,2,127.053824,4.331380,0.173255,0.040000
z_0068_516.776062.png,#5d6d7e,5,207.095454,7.060072,0.282403,0.040000
z_0068_516.776062.png,#5dade2,1,97.154329,3.312079,0.132483,0.040000
z_0068_516.776062.png,#6c3483,1,33.556349,1.143966,0.045759,0.040000
z_0068_516.776062.png,#76d7c4,2,213.480231,7.277735,0.291109,0.040000
z_0068_516.776062.png,#7d6608,2,389.161472,13.266868,0.530675,0.040000
z_0068_516.776062.png,#f4d03f,2,97.355339,3.318932,0.132757,0.040000
z_0068_516.776062.png,#f5b041,4,470.717821,16.047198,0.641888,0.040000
z_0069_517.787645.png,#1abc9c,1,80.870058,2.756934,0.110277,0.040000
z_0069_517.787645.png,#1f618d,2,129.053824,4.399562,0.175982,0.040000
z_0069_517.787645.png,#5d6d7e,4,161.639610,5.510441,0.220418,0.040000
z_0069_517.787645.png,#5dade2,1,91.497475,3.119232,0.124769,0.040000
z_0069_517.787645.png,#6c3483,1,34.142136,1.163936,0.046557,0.040000
z_0069_517.787645.png,#76d7c4,1,210.894444,7.189583,0.287583,0.040000
z_0069_517.787645.png,#7d6608,2,385.705627,13.149055,0.525962,0.040000
z_0069_517.787645.png,#f4d03f,2,87.012193,2.966325,0.118653,0.040000
z_0069_517.787645.png,#f5b041,4,475.504617,16.210385,0.648415,0.040000
z_0069_517.787645.png,#f9e79f,5,16.000000,0.545455,0.021818,0.040000
z_0070_518.799228.png,#1abc9c,1,78.284271,2.668782,0.106751,0.040000
z_0070_518.799228.png,#1f618d,2,129.982756,4.431230,0.177249,0.040000
z_0070_518.799228.png,#5d6d7e,4,143.982756,4.908503,0.196340,0.040000
z_0070_518.799228.png,#5dade2,1,88.669048,3.022808,0.120912,0.040000
z_0070_518.799228.png,#6c3483,1,35.556349,1.212148,0.048486,0.040000
z_0070_518.799228.png,#76d7c4,1,250.592929,8.542941,0.341718,0.040000
z_0070_518.799228.png,#7d6608,4,395.261977,13.474840,0.538994,0.040000
z_0070_518.799228.png,#f4d03f,2,77.355339,2.637114,0.105485,0.040000
z_0070_518.799228.png,#f5b041,4,496.717821,16.933562,0.677342,0.040000
z_0070_518.799228.png,#f9e79f,6,2.000000,0.068182,0.002727,0.040000
z_0071_519.810811.png,#1abc9c,1,81.455844,2.776904,0.111076,0.040000
z_0071_519.810811.png,#1f618d,2,129.053824,4.399562,0.175982,0.040000
z_0071_519.810811.png,#5d6d7e,4,132.911688,4.531080,0.181243,0.040000
z_0071_519.810811.png,#5dade2,1,84.183766,2.869901,0.114796,0.040000
z_0071_519.810811.png,#6c3483,1,37.798990,1.288602,0.051544,0.040000
z_0071_519.810811.png,#76d7c4,1,253.906638,8.655908,0.346236,0.040000
z_0071_519.810811.png,#7d6608,3,383.119841,13.060904,0.522436,0.040000
z_0071_519.810811.png,#f4d03f,2,55.112698,1.878842,0.075154,0.040000
z_0071_519.810811.png,#f5b041,6,497.989899,16.976928,0.679077,0.040000
z_0071_519.810811.png,#f9e79f,4,8.000000,0.272727,0.010909,0.040000
z_0072_520.822394.png,#1abc9c,1,80.627417,2.748662,0.109946,0.040000
z_0072_520.822394.png,#1f618d,2,127.882251,4.359622,0.174385,0.040000
z_0072_520.822394.png,#5d6d7e,3,115.840620,3.949112,0.157964,0.040000
z_0072_520.822394.png,#5dade2,1,79.698485,2.716994,0.108680,0.040000
z_0072_520.822394.png,#6c3483,1,41.556349,1.416694,0.056668,0.040000
z_0072_520.822394.png,#7d6608,3,379.705627,12.944510,0.517780,0.040000
z_0072_520.822394.png,#f4d03f,1,35.213203,1.200450,0.048018,0.040000
z_0072_520.822394.png,#f5b041,7,547.931024,18.679467,0.747179,0.040000
z_0072_520.822394.png,#f9e79f,2,0.000000,0.000000,0.000000,0.040000
z_0073_521.833977.png,#1abc9c,1,84.284271,2.873327,0.114933,0.040000
z_0073_521.833977.png,#1f618d,2,124.225397,4.234957,0.169398,0.040000
z_0073_521.833977.png,#5d6d7e,3,110.669048,3.772808,0.150912,0.040000
z_0073_521.833977.png,#5dade2,1,73.355339,2.500750,0.100030,0.040000
z_0073_521.833977.png,#6c3483,1,43.798990,1.493147,0.059726,0.040000
z_0073_521.833977.png,#7d6608,4,384.433550,13.105689,0.524228,0.040000
z_0073_521.833977.png,#f5b041,5,591.830519,20.176040,0.807042,0.040000
z_0073_521.833977.png,#f9e79f,3,6.000000,0.204545,0.008182,0.040000
z_0074_522.845560.png,#1abc9c,1,84.870058,2.893297,0.115732,0.040000
z_0074_522.845560.png,#1f618d,2,124.225397,4.234957,0.169398,0.040000
z_0074_522.845560.png,#5d6d7e,3,106.669048,3.636445,0.145458,0.040000
z_0074_522.845560.png,#5dade2,1,73.355339,2.500750,0.100030,0.040000
z_0074_522.845560.png,#6c3483,1,44.627417,1.521389,0.060856,0.040000
z_0074_522.845560.png,#7d6608,4,381.948268,13.020964,0.520839,0.040000
z_0074_522.845560.png,#f5b041,5,590.759451,20.139527,0.805581,0.040000
z_0074_522.845560.png,#f9e79f,3,8.000000,0.272727,0.010909,0.040000
z_0075_523.857143.png,#1abc9c,1,85.112698,2.901569,0.116063,0.040000
z_0075_523.857143.png,#1f618d,2,119.740115,4.082049,0.163282,0.040000
z_0075_523.857143.png,#5d6d7e,3,4036488.576260,137607.565100,5504.302604,0.040000
z_0075_523.857143.png,#5dade2,1,63.112698,2.151569,0.086063,0.040000
z_0075_523.857143.png,#6c3483,1,49.798990,1.697693,0.067908,0.040000
z_0075_523.857143.png,#7d6608,4,326.634560,11.135269,0.445411,0.040000
z_0075_523.857143.png,#f5b041,4,647.327994,22.068000,0.882720,0.040000
z_0076_524.868726.png,#1abc9c,1,87.941125,2.997993,0.119920,0.040000
z_0076_524.868726.png,#1f618d,2,117.982756,4.022139,0.160886,0.040000
z_0076_524.868726.png,#5d6d7e,3,3849673.632208,131238.873825,5249.554953,0.040000
z_0076_524.868726.png,#5dade2,1,58.526912,1.995236,0.079809,0.040000
z_0076_524.868726.png,#6c3483,1,52.526912,1.790690,0.071628,0.040000
z_0076_524.868726.png,#7d6608,4,311.563492,10.621483,0.424859,0.040000
z_0076_524.868726.png,#f5b041,4,635.085353,21.650637,0.866025,0.040000
z_0076_524.868726.png,#f9e79f,2,10.000000,0.340909,0.013636,0.040000
z_0077_525.880309.png,#1abc9c,1,89.254834,3.042778,0.121711,0.040000
z_0077_525.880309.png,#1f618d,2,114.568542,3.905746,0.156230,0.040000
z_0077_525.880309.png,#5d6d7e,4,3732931.154874,127259.016643,5090.360666,0.040000
z_0077_525.880309.png,#5dade2,1,55.455844,1.890540,0.075622,0.040000
z_0077_525.880309.png,#6c3483,1,50.870058,1.734207,0.069368,0.040000
z_0077_525.880309.png,#7d6608,4,302.877200,10.325359,0.413014,0.040000
z_0077_525.880309.png,#f4d03f,1,24.142136,0.823027,0.032921,0.040000
z_0077_525.880309.png,#f5b041,4,617.771645,21.060397,0.842416,0.040000
z_0077_525.880309.png,#f9e79f,1,0.000000,0.000000,0.000000,0.040000
z_0078_526.891892.png,#1abc9c,1,87.012193,2.966325,0.118653,0.040000
z_0078_526.891892.png,#1f618d,2,111.154329,3.789352,0.151574,0.040000
z_0078_526.891892.png,#5d6d7e,4,127.254834,4.338233,0.173529,0.040000
z_0078_526.891892.png,#5dade2,1,54.041631,1.842328,0.073693,0.040000
z_0078_526.891892.png,#6c3483,1,54.284271,1.850600,0.074024,0.040000
z_0078_526.891892.png,#7d6608,4,291.421356,9.934819,0.397393,0.040000
z_0078_526.891892.png,#f4d03f,1,24.142136,0.823027,0.032921,0.040000
z_0078_526.891892.png,#f5b041,4,591.529004,20.165761,0.806630,0.040000
z_0078_526.891892.png,#f9e79f,1,2.000000,0.068182,0.002727,0.040000
z_0079_527.903475.png,#1abc9c,1,90.183766,3.074447,0.122978,0.040000
z_0079_527.903475.png,#1f618d,2,107.740115,3.672958,0.146918,0.040000
z_0079_527.903475.png,#5d6d7e,4,130.083261,4.434657,0.177386,0.040000
z_0079_527.903475.png,#5dade2,1,50.041631,1.705965,0.068239,0.040000
z_0079_527.903475.png,#6c3483,1,53.698485,1.830630,0.073225,0.040000
z_0079_527.903475.png,#7d6608,4,285.521861,9.733700,0.389348,0.040000
z_0079_527.903475.png,#f4d03f,1,22.142136,0.754846,0.030194,0.040000
z_0079_527.903475.png,#f5b041,5,574.315801,19.578948,0.783158,0.040000
z_0080_528.915058.png,#1abc9c,1,93.597980,3.190840,0.127634,0.040000
z_0080_528.915058.png,#1f618d,2,106.225397,3.621320,0.144853,0.040000
z_0080_528.915058.png,#5d6d7e,5,155.740115,5.309322,0.212373,0.040000
z_0080_528.915058.png,#5dade2,1,48.284271,1.646055,0.065842,0.040000
z_0080_528.915058.png,#6c3483,1,56.041631,1.910510,0.076420,0.040000
z_0080_528.915058.png,#76d7c4,1,206.551299,7.041522,0.281661,0.040000
z_0080_528.915058.png,#7d6608,4,275.421356,9.389364,0.375575,0.040000
z_0080_528.915058.png,#f4d03f,1,19.071068,0.650150,0.026006,0.040000
z_0080_528.915058.png,#f5b041,5,525.445743,17.912923,0.716517,0.040000
z_0080_528.915058.png,#f9e79f,1,0.000000,0.000000,0.000000,0.040000
z_0081_529.926641.png,#1abc9c,1,95.840620,3.267294,0.130692,0.040000
z_0081_529.926641.png,#1f618d,2,106.325902,3.624747,0.144990,0.040000
z_0081_529.926641.png,#5d6d7e,5,184.367532,6.285257,0.251410,0.040000
z_0081_529.926641.png,#5dade2,1,47.455844,1.617813,0.064713,0.040000
z_0081_529.926641.png,#6c3483,1,60.284271,2.055146,0.082206,0.040000
z_0081_529.926641.png,#76d7c4,1,201.722871,6.876916,0.275077,0.040000
z_0081_529.926641.png,#7d6608,4,264.592929,9.020213,0.360809,0.040000
z_0081_529.926641.png,#f4d03f,1,17.899495,0.610210,0.024408,0.040000
z_0081_529.926641.png,#f5b041,6,523.345238,17.841315,0.713653,0.040000
z_0081_529.926641.png,#f9e79f,1,8.000000,0.272727,0.010909,0.040000
z_0082_530.938224.png,#1abc9c,1,93.012193,3.170870,0.126835,0.040000
z_0082_530.938224.png,#1f618d,2,116.325902,3.965656,0.158626,0.040000
z_0082_530.938224.png,#58d68d,1,14.828427,0.505515,0.020221,0.040000
z_0082_530.938224.png,#5d6d7e,4,3557921.217047,121292.768763,4851.710751,0.040000
z_0082_530.938224.png,#5dade2,1,46.384776,1.581299,0.063252,0.040000
z_0082_530.938224.png,#6c3483,1,62.526912,2.131599,0.085264,0.040000
z_0082_530.938224.png,#76d7c4,1,212.409163,7.241221,0.289649,0.040000
z_0082_530.938224.png,#7d6608,4,265.764502,9.060153,0.362406,0.040000
z_0082_530.938224.png,#f4d03f,1,20.485281,0.698362,0.027934,0.040000
z_0082_530.938224.png,#f5b041,4,379.119841,12.924540,0.516982,0.040000
z_0082_530.938224.png,#f9e79f,2,0.000000,0.000000,0.000000,0.040000
z_0083_531.949807.png,#1abc9c,1,94.183766,3.210810,0.128432,0.040000
z_0083_531.949807.png,#1f618d,4,165.053824,5.626835,0.225073,0.040000
z_0083_531.949807.png,#58d68d,1,21.071068,0.718332,0.028733,0.040000
z_0083_531.949807.png,#5d6d7e,4,251.237590,8.564918,0.342597,0.040000
z_0083_531.949807.png,#5dade2,1,44.384776,1.513117,0.060525,0.040000
z_0083_531.949807.png,#6c3483,1,63.698485,2.171539,0.086862,0.040000
z_0083_531.949807.png,#76d7c4,1,215.237590,7.337645,0.293506,0.040000
z_0083_531.949807.png,#7d6608,4,264.693434,9.023640,0.360946,0.040000
z_0083_531.949807.png,#f4d03f,1,24.485281,0.834726,0.033389,0.040000
z_0083_531.949807.png,#f5b041,5,416.918831,14.213142,0.568526,0.040000
z_0083_531.949807.png,#f9e79f,1,0.000000,0.000000,0.000000,0.040000
z_0084_532.961390.png,#1abc9c,1,96.183766,3.278992,0.131160,0.040000
z_0084_532.961390.png,#1f618d,3,193.882251,6.609622,0.264385,0.040000
z_0084_532.961390.png,#58d68d,1,26.485281,0.902907,0.036116,0.040000
z_0084_532.961390.png,#5d6d7e,5,265.722871,9.058734,0.362349,0.040000
z_0084_532.961390.png,#5dade2,1,46.627417,1.589571,0.063583,0.040000
z_0084_532.961390.png,#6c3483,1,61.941125,2.111629,0.084465,0.040000
z_0084_532.961390.png,#76d7c4,1,197.923882,6.747405,0.269896,0.040000
z_0084_532.961390.png,#7d6608,4,271.178716,9.244729,0.369789,0.040000
z_0084_532.961390.png,#f4d03f,1,28.485281,0.971089,0.038844,0.040000
z_0084_532.961390.png,#f5b041,4,412.190909,14.051963,0.562079,0.040000
z_0084_532.961390.png,#f9e79f,1,0.000000,0.000000,0.000000,0.040000
z_0085_533.972973.png,#1abc9c,1,96.183766,3.278992,0.131160,0.040000
z_0085_533.972973.png,#1f618d,3,194.367532,6.626166,0.265047,0.040000
z_0085_533.972973.png,#58d68d,1,26.485281,0.902907,0.036116,0.040000
z_0085_533.972973.png,#5d6d7e,5,266.793939,9.095248,0.363810,0.040000
z_0085_533.972973.png,#5dade2,1,46.627417,1.589571,0.063583,0.040000
z_0085_533.972973.png,#6c3483,1,61.112698,2.083387,0.083335,0.040000
z_0085_533.972973.png,#76d7c4,1,197.580736,6.735707,0.269428,0.040000
z_0085_533.972973.png,#7d6608,4,270.350288,9.216487,0.368659,0.040000
z_0085_533.972973.png,#f4d03f,1,28.485281,0.971089,0.038844,0.040000
z_0085_533.972973.png,#f5b041,4,411.019336,14.012023,0.560481,0.040000
z_0085_533.972973.png,#f9e79f,1,0.000000,0.000000,0.000000,0.040000
z_0086_534.984556.png,#1abc9c,1,97.840620,3.335476,0.133419,0.040000
z_0086_534.984556.png,#1f618d,2,229.580736,7.826616,0.313065,0.040000
z_0086_534.984556.png,#58d68d,1,33.899495,1.155665,0.046227,0.040000
z_0086_534.984556.png,#5d6d7e,6,206.509668,7.040102,0.281604,0.040000
z_0086_534.984556.png,#5dade2,1,48.041631,1.637783,0.065511,0.040000
z_0086_534.984556.png,#6c3483,1,64.284271,2.191509,0.087660,0.040000
z_0086_534.984556.png,#76d7c4,3,176.953319,6.032500,0.241300,0.040000
z_0086_534.984556.png,#7d6608,4,290.634560,9.907996,0.396320,0.040000
z_0086_534.984556.png,#f4d03f,1,36.970563,1.260360,0.050414,0.040000
z_0086_534.984556.png,#f5b041,6,280.793939,9.572521,0.382901,0.040000
z_0086_534.984556.png,#f9e79f,2,0.000000,0.000000,0.000000,0.040000
z_0087_535.996139.png,#1abc9c,1,92.183766,3.142628,0.125705,0.040000
z_0087_535.996139.png,#1f618d,2,231.823376,7.903070,0.316123,0.040000
z_0087_535.996139.png,#58d68d,1,36.727922,1.252088,0.050084,0.040000
z_0087_535.996139.png,#5d6d7e,6,171.781746,5.856196,0.234248,0.040000
z_0087_535.996139.png,#5dade2,1,46.627417,1.589571,0.063583,0.040000
z_0087_535.996139.png,#6c3483,1,67.455844,2.299631,0.091985,0.040000
z_0087_535.996139.png,#76d7c4,4,139.053824,4.740471,0.189619,0.040000
z_0087_535.996139.png,#7d6608,5,320.190909,10.915599,0.436624,0.040000
z_0087_535.996139.png,#f4d03f,1,38.384776,1.308572,0.052343,0.040000
z_0087_535.996139.png,#f5b041,5,213.681241,7.284588,0.291384,0.040000
z_0087_535.996139.png,#f9e79f,1,2.000000,0.068182,0.002727,0.040000
z_0088_537.007722.png,#1abc9c,1,90.769553,3.094417,0.123777,0.040000
z_0088_537.007722.png,#1f618d,2,229.137085,7.811492,0.312460,0.040000
z_0088_537.007722.png,#58d68d,1,43.556349,1.484876,0.059395,0.040000
z_0088_537.007722.png,#5d6d7e,6,153.539105,5.234288,0.209372,0.040000
z_0088_537.007722.png,#5dade2,1,46.384776,1.581299,0.063252,0.040000
z_0088_537.007722.png,#6c3483,1,64.870058,2.211479,0.088459,0.040000
z_0088_537.007722.png,#76d7c4,3,3382639.012193,115317.239052,4612.689562,0.040000
z_0088_537.007722.png,#7d6608,5,345.948268,11.793691,0.471748,0.040000
z_0088_537.007722.png,#f4d03f,1,38.384776,1.308572,0.052343,0.040000
z_0088_537.007722.png,#f5b041,5,175.681241,5.989133,0.239565,0.040000
z_0088_537.007722.png,#f9e79f,1,0.000000,0.000000,0.000000,0.040000
z_0089_538.019305.png,#1abc9c,1,92.183766,3.142628,0.125705,0.040000
z_0089_538.019305.png,#1f618d,3,217.480231,7.414099,0.296564,0.040000
z_0089_538.019305.png,#58d68d,1,46.142136,1.573027,0.062921,0.040000
z_0089_538.019305.png,#5d6d7e,5,140.225397,4.780411,0.191216,0.040000
z_0089_538.019305.png,#5dade2,1,47.213203,1.609541,0.064382,0.040000
z_0089_538.019305.png,#6c3483,1,50.970563,1.737633,0.069505,0.040000
z_0089_538.019305.png,#76d7c4,1,59.112698,2.015206,0.080608,0.040000
z_0089_538.019305.png,#7d6608,5,360.676190,12.295779,0.491831,0.040000
z_0089_538.019305.png,#f4d03f,1,38.970563,1.328542,0.053142,0.040000
z_0089_538.019305.png,#f5b041,5,3764816.763608,128346.026032,5133.841041,0.040000
z_0089_538.019305.png,#f9e79f,1,0.000000,0.000000,0.000000,0.040000
z_0090_539.030888.png,#1abc9c,1,92.183766,3.142628,0.125705,0.040000
z_0090_539.030888.png,#1f618d,3,219.722871,7.490552,0.299622,0.040000
z_0090_539.030888.png,#58d68d,1,41.556349,1.416694,0.056668,0.040000
z_0090_539.030888.png,#5d6d7e,5,141.053824,4.808653,0.192346,0.040000
z_0090_539.030888.png,#5dade2,1,47.213203,1.609541,0.064382,0.040000
z_0090_539.030888.png,#6c3483,1,50.970563,1.737633,0.069505,0.040000
z_0090_539.030888.png,#76d7c4,1,59.112698,2.015206,0.080608,0.040000
z_0090_539.030888.png,#7d6608,5,361.504617,12.324021,0.492961,0.040000
z_0090_539.030888.png,#f4d03f,1,38.970563,1.328542,0.053142,0.040000
z_0090_539.030888.png,#f5b041,5,3764818.520967,128346.085942,5133.843438,0.040000
z_0090_539.030888.png,#f9e79f,1,0.000000,0.000000,0.000000,0.040000
z_0091_540.042471.png,#1abc9c,1,96.769553,3.298962,0.131958,0.040000
z_0091_540.042471.png,#1f618d,2,188.409163,6.423040,0.256922,0.040000
z_0091_540.042471.png,#58d68d,1,44.384776,1.513117,0.060525,0.040000
z_0091_540.042471.png,#5d6d7e,5,136.811183,4.664018,0.186561,0.040000
z_0091_540.042471.png,#5dade2,1,48.384776,1.649481,0.065979,0.040000
z_0091_540.042471.png,#6c3483,1,45.798990,1.561329,0.062453,0.040000
z_0091_540.042471.png,#76d7c4,1,71.012193,2.420870,0.096835,0.040000
z_0091_540.042471.png,#7d6608,5,342.977705,11.692422,0.467697,0.040000
z_0091_540.042471.png,#aed6f1,1,10.828427,0.369151,0.014766,0.040000
z_0091_540.042471.png,#f4d03f,1,41.556349,1.416694,0.056668,0.040000
z_0091_540.042471.png,#f5b041,4,100.325902,3.420201,0.136808,0.040000
z_0091_540.042471.png,#f9e79f,1,10.000000,0.340909,0.013636,0.040000
z_0092_541.054054.png,#1abc9c,1,96.526912,3.290690,0.131628,0.040000
z_0092_541.054054.png,#1f618d,4,206.166522,7.028404,0.281136,0.040000
z_0092_541.054054.png,#58d68d,1,43.556349,1.484876,0.059395,0.040000
z_0092_541.054054.png,#5d6d7e,4,113.254834,3.860960,0.154438,0.040000
z_0092_541.054054.png,#5dade2,1,46.970563,1.601269,0.064051,0.040000
z_0092_541.054054.png,#6c3483,1,37.556349,1.280330,0.051213,0.040000
z_0092_541.054054.png,#76d7c4,1,71.497475,2.437414,0.097497,0.040000
z_0092_541.054054.png,#7d6608,6,307.279221,10.475428,0.419017,0.040000
z_0092_541.054054.png,#aed6f1,1,61.941125,2.111629,0.084465,0.040000
z_0092_541.054054.png,#f4d03f,1,48.627417,1.657753,0.066310,0.040000
z_0092_541.054054.png,#f5b041,4,99.012193,3.375416,0.135017,0.040000
z_0092_541.054054.png,#f9e79f,3,4.000000,0.136364,0.005455,0.040000
z_0093_542.065637.png,#1abc9c,1,97.941125,3.338902,0.133556,0.040000
z_0093_542.065637.png,#1f618d,4,203.681241,6.943679,0.277747,0.040000
z_0093_542.065637.png,#58d68d,1,44.384776,1.513117,0.060525,0.040000
z_0093_542.065637.png,#5d6d7e,4,113.254834,3.860960,0.154438,0.040000
z_0093_542.065637.png,#5dade2,1,46.970563,1.601269,0.064051,0.040000
z_0093_542.065637.png,#6c3483,1,37.556349,1.280330,0.051213,0.040000
z_0093_542.065637.png,#76d7c4,1,72.083261,2.457384,0.098295,0.040000
z_0093_542.065637.png,#7d6608,5,297.622366,10.146217,0.405849,0.040000
z_0093_542.065637.png,#aed6f1,2,57.112698,1.947024,0.077881,0.040000
z_0093_542.065637.png,#f4d03f,1,48.627417,1.657753,0.066310,0.040000
z_0093_542.065637.png,#f5b041,4,97.597980,3.327204,0.133088,0.040000
z_0093_542.065637.png,#f9e79f,2,2.000000,0.068182,0.002727,0.040000
z_0094_543.077220.png,#1abc9c,1,96.183766,3.278992,0.131160,0.040000
z_0094_543.077220.png,#1f618d,4,204.024387,6.955377,0.278215,0.040000
z_0094_543.077220.png,#58d68d,1,46.970563,1.601269,0.064051,0.040000
z_0094_543.077220.png,#5d6d7e,4,126.811183,4.323109,0.172924,0.040000
z_0094_543.077220.png,#5dade2,1,48.041631,1.637783,0.065511,0.040000
z_0094_543.077220.png,#6c3483,1,34.727922,1.183906,0.047356,0.040000
z_0094_543.077220.png,#76d7c4,1,72.669048,2.477354,0.099094,0.040000
z_0094_543.077220.png,#7d6608,5,316.007143,10.772971,0.430919,0.040000
z_0094_543.077220.png,#aed6f1,1,56.870058,1.938752,0.077550,0.040000
z_0094_543.077220.png,#f4d03f,1,47.556349,1.621239,0.064850,0.040000
z_0094_543.077220.png,#f5b041,4,100.426407,3.423628,0.136945,0.040000
z_0094_543.077220.png,#f9e79f,1,0.000000,0.000000,0.000000,0.040000
z_0095_544.088803.png,#1abc9c,1,91.698485,3.126085,0.125043,0.040000
z_0095_544.088803.png,#1f618d,4,197.923882,6.747405,0.269896,0.040000
z_0095_544.088803.png,#58d68d,1,25.313708,0.862967,0.034519,0.040000
z_0095_544.088803.png,#5d6d7e,4,138.568542,4.723928,0.188957,0.040000
z_0095_544.088803.png,#5dade2,1,44.970563,1.533087,0.061323,0.040000
z_0095_544.088803.png,#6c3483,1,29.313708,0.999331,0.039973,0.040000
z_0095_544.088803.png,#76d7c4,1,69.597980,2.372658,0.094906,0.040000
z_0095_544.088803.png,#7d6608,4,391.362482,13.341903,0.533676,0.040000
z_0095_544.088803.png,#aed6f1,1,51.556349,1.757603,0.070304,0.040000
z_0095_544.088803.png,#f4d03f,1,56.870058,1.938752,0.077550,0.040000
z_0095_544.088803.png,#f5b041,4,144.610173,4.929892,0.197196,0.040000
z_0095_544.088803.png,#f9e79f,2,4.000000,0.136364,0.005455,0.040000
z_0096_545.100386.png,#1abc9c,1,91.698485,3.126085,0.125043,0.040000
z_0096_545.100386.png,#1f618d,4,195.681241,6.670951,0.266838,0.040000
z_0096_545.100386.png,#58d68d,1,25.313708,0.862967,0.034519,0.040000
z_0096_545.100386.png,#5d6d7e,4,137.154329,4.675716,0.187029,0.040000
z_0096_545.100386.png,#5dade2,1,44.970563,1.533087,0.061323,0.040000
z_0096_545.100386.png,#6c3483,1,29.556349,1.007603,0.040304,0.040000
z_0096_545.100386.png,#76d7c4,1,69.597980,2.372658,0.094906,0.040000
z_0096_545.100386.png,#7d6608,4,391.362482,13.341903,0.533676,0.040000
z_0096_545.100386.png,#aed6f1,1,51.556349,1.757603,0.070304,0.040000
z_0096_545.100386.png,#f4d03f,1,56.870058,1.938752,0.077550,0.040000
z_0096_545.100386.png,#f5b041,4,146.610173,4.998074,0.199923,0.040000
z_0096_545.100386.png,#f9e79f,2,4.000000,0.136364,0.005455,0.040000
z_0097_546.111969.png,#1abc9c,1,92.426407,3.150900,0.126036,0.040000
z_0097_546.111969.png,#1f618d,3,152.710678,5.206046,0.208242,0.040000
z_0097_546.111969.png,#58d68d,1,23.899495,0.814756,0.032590,0.040000
z_0097_546.111969.png,#5d6d7e,4,142.911688,4.871989,0.194880,0.040000
z_0097_546.111969.png,#5dade2,1,43.798990,1.493147,0.059726,0.040000
z_0097_546.111969.png,#6c3483,1,28.485281,0.971089,0.038844,0.040000
z_0097_546.111969.png,#76d7c4,1,57.112698,1.947024,0.077881,0.040000
z_0097_546.111969.png,#7d6608,4,387.119841,13.197267,0.527891,0.040000
z_0097_546.111969.png,#aed6f1,1,53.556349,1.825785,0.073031,0.040000
z_0097_546.111969.png,#f4d03f,1,47.556349,1.621239,0.064850,0.040000
z_0097_546.111969.png,#f5b041,4,148.710678,5.069682,0.202787,0.040000
z_0098_547.123552.png,#1abc9c,1,92.183766,3.142628,0.125705,0.040000
z_0098_547.123552.png,#1f618d,3,157.781746,5.378923,0.215157,0.040000
z_0098_547.123552.png,#58d68d,1,24.727922,0.842997,0.033720,0.040000
z_0098_547.123552.png,#5d6d7e,3,146.225397,4.984957,0.199398,0.040000
z_0098_547.123552.png,#5dade2,1,43.213203,1.473177,0.058927,0.040000
z_0098_547.123552.png,#6c3483,1,24.242641,0.826454,0.033058,0.040000
z_0098_547.123552.png,#76d7c4,1,53.698485,1.830630,0.073225,0.040000
z_0098_547.123552.png,#7d6608,4,392.534055,13.381843,0.535274,0.040000
z_0098_547.123552.png,#aed6f1,2,101.112698,3.447024,0.137881,0.040000
z_0098_547.123552.png,#f4d03f,1,55.213203,1.882268,0.075291,0.040000
z_0098_547.123552.png,#f5b041,5,163.539105,5.575197,0.223008,0.040000
z_0099_548.135135.png,#1abc9c,1,94.769553,3.230780,0.129231,0.040000
z_0099_548.135135.png,#1f618d,4,183.438600,6.253589,0.250144,0.040000
z_0099_548.135135.png,#58d68d,1,21.313708,0.726604,0.029064,0.040000
z_0099_548.135135.png,#5d6d7e,3,139.639610,4.760441,0.190418,0.040000
z_0099_548.135135.png,#5dade2,1,41.798990,1.424966,0.056999,0.040000
z_0099_548.135135.png,#6c3483,1,23.071068,0.786514,0.031461,0.040000
z_0099_548.135135.png,#76d7c4,1,50.870058,1.734207,0.069368,0.040000
z_0099_548.135135.png,#7d6608,5,392.048773,13.365299,0.534612,0.040000
z_0099_548.135135.png,#aed6f1,2,85.698485,2.921539,0.116862,0.040000
z_0099_548.135135.png,#f4d03f,1,56.627417,1.930480,0.077219,0.040000
z_0099_548.135135.png,#f5b041,5,183.681241,6.261860,0.250474,0.040000
z_0099_548.135135.png,#f9e79f,3,6.000000,0.204545,0.008182,0.040000
z_0100_549.146718.png,#1abc9c,1,95.597980,3.259022,0.130361,0.040000
z_0100_549.146718.png,#1f618d,4,182.852814,6.233619,0.249345,0.040000
z_0100_549.146718.png,#58d68d,1,21.313708,0.726604,0.029064,0.040000
z_0100_549.146718.png,#5d6d7e,3,140.468037,4.788683,0.191547,0.040000
z_0100_549.146718.png,#5dade2,1,41.798990,1.424966,0.056999,0.040000
z_0100_549.146718.png,#6c3483,1,23.071068,0.786514,0.031461,0.040000
z_0100_549.146718.png,#76d7c4,1,50.870058,1.734207,0.069368,0.040000
z_0100_549.146718.png,#7d6608,5,389.462987,13.277147,0.531086,0.040000
z_0100_549.146718.png,#aed6f1,2,85.698485,2.921539,0.116862,0.040000
z_0100_549.146718.png,#f4d03f,1,56.041631,1.910510,0.076420,0.040000
z_0100_549.146718.png,#f5b041,5,184.509668,6.290102,0.251604,0.040000
z_0100_549.146718.png,#f9e79f,3,4.000000,0.136364,0.005455,0.040000
z_0101_550.158301.png,#1abc9c,1,96.284271,3.282418,0.131297,0.040000
z_0101_550.158301.png,#1f618d,4,279.563492,9.530574,0.381223,0.040000
z_0101_550.158301.png,#58d68d,1,26.142136,0.891209,0.035648,0.040000
z_0101_550.158301.png,#5d6d7e,3,157.296465,5.362379,0.214495,0.040000
z_0101_550.158301.png,#5dade2,1,39.798990,1.356784,0.054271,0.040000
z_0101_550.158301.png,#6c3483,1,18.242641,0.621908,0.024876,0.040000
z_0101_550.158301.png,#76d7c4,1,47.556349,1.621239,0.064850,0.040000
z_0101_550.158301.png,#7d6608,5,395.119841,13.469995,0.538800,0.040000
z_0101_550.158301.png,#aed6f1,2,83.012193,2.829961,0.113198,0.040000
z_0101_550.158301.png,#f4d03f,1,54.627417,1.862298,0.074492,0.040000
z_0101_550.158301.png,#f5b041,5,192.509668,6.562830,0.262513,0.040000
z_0101_550.158301.png,#f9e79f,1,0.000000,0.000000,0.000000,0.040000
z_0102_551.169884.png,#1abc9c,1,101.597980,3.463567,0.138543,0.040000
z_0102_551.169884.png,#1f618d,4,288.977705,9.851513,0.394061,0.040000
z_0102_551.169884.png,#58d68d,1,27.313708,0.931149,0.037246,0.040000
z_0102_551.169884.png,#5d6d7e,4,197.681241,6.739133,0.269565,0.040000
z_0102_551.169884.png,#5dade2,1,38.970563,1.328542,0.053142,0.040000
z_0102_551.169884.png,#6c3483,1,19.071068,0.650150,0.026006,0.040000
z_0102_551.169884.png,#76d7c4,1,47.798990,1.629511,0.065180,0.040000
z_0102_551.169884.png,#7d6608,5,396.190909,13.506508,0.540260,0.040000
z_0102_551.169884.png,#aed6f1,2,84.669048,2.886445,0.115458,0.040000
z_0102_551.169884.png,#f4d03f,1,56.041631,1.910510,0.076420,0.040000
z_0102_551.169884.png,#f5b041,5,196.166522,6.687495,0.267500,0.040000
z_0102_551.169884.png,#f9e79f,2,2.000000,0.068182,0.002727,0.040000
z_0103_552.181467.png,#1abc9c,1,102.769553,3.503507,0.140140,0.040000
z_0103_552.181467.png,#1f618d,4,323.806133,11.038845,0.441554,0.040000
z_0103_552.181467.png,#58d68d,1,26.727922,0.911179,0.036447,0.040000
z_0103_552.181467.png,#5d6d7e,4,225.237590,7.678554,0.307142,0.040000
z_0103_552.181467.png,#5dade2,1,36.142136,1.232118,0.049285,0.040000
z_0103_552.181467.png,#6c3483,1,22.485281,0.766544,0.030662,0.040000
z_0103_552.181467.png,#76d7c4,1,48.384776,1.649481,0.065979,0.040000
z_0103_552.181467.png,#7d6608,5,386.391919,13.172452,0.526898,0.040000
z_0103_552.181467.png,#aed6f1,2,83.840620,2.858203,0.114328,0.040000
z_0103_552.181467.png,#f4d03f,1,55.698485,1.898812,0.075952,0.040000
z_0103_552.181467.png,#f5b041,5,182.267027,6.213649,0.248546,0.040000
z_0103_552.181467.png,#f9e79f,2,4.000000,0.136364,0.005455,0.040000
z_0104_553.193050.png,#1abc9c,1,105.355339,3.591659,0.143666,0.040000
z_0104_553.193050.png,#1f618d,4,350.433550,11.946598,0.477864,0.040000
z_0104_553.193050.png,#58d68d,1,24.727922,0.842997,0.033720,0.040000
z_0104_553.193050.png,#5d6d7e,4,250.994949,8.556646,0.342266,0.040000
z_0104_553.193050.png,#5dade2,1,38.142136,1.300300,0.052012,0.040000
z_0104_553.193050.png,#6c3483,1,27.313708,0.931149,0.037246,0.040000
z_0104_553.193050.png,#76d7c4,1,45.556349,1.553057,0.062122,0.040000
z_0104_553.193050.png,#7d6608,5,384.492424,13.107696,0.524308,0.040000
z_0104_553.193050.png,#aed6f1,2,82.769553,2.821689,0.112868,0.040000
z_0104_553.193050.png,#f4d03f,2,89.012193,3.034507,0.121380,0.040000
z_0104_553.193050.png,#f5b041,5,185.438600,6.321770,0.252871,0.040000
z_0104_553.193050.png,#f9e79f,1,0.000000,0.000000,0.000000,0.040000
z_0105_554.204633.png,#1abc9c,1,112.669048,3.840990,0.153640,0.040000
z_0105_554.204633.png,#1f618d,4,372.433550,12.696598,0.507864,0.040000
z_0105_554.204633.png,#58d68d,1,21.656854,0.738302,0.029532,0.040000
z_0105_554.204633.png,#5d6d7e,4,263.722871,8.990552,0.359622,0.040000
z_0105_554.204633.png,#5dade2,1,37.313708,1.272058,0.050882,0.040000
z_0105_554.204633.png,#6c3483,1,30.142136,1.027573,0.041103,0.040000
z_0105_554.204633.png,#76d7c4,1,47.556349,1.621239,0.064850,0.040000
z_0105_554.204633.png,#7d6608,5,358.107648,12.208215,0.488329,0.040000
z_0105_554.204633.png,#aed6f1,2,78.284271,2.668782,0.106751,0.040000
z_0105_554.204633.png,#f4d03f,2,93.012193,3.170870,0.126835,0.040000
z_0105_554.204633.png,#f5b041,5,186.953319,6.373409,0.254936,0.040000
z_0105_554.204633.png,#f9e79f,5,10.000000,0.340909,0.013636,0.040000
z_0106_555.216216.png,#1abc9c,1,114.325902,3.897474,0.155899,0.040000
z_0106_555.216216.png,#1f618d,4,396.918831,13.531324,0.541253,0.040000
z_0106_555.216216.png,#58d68d,1,23.656854,0.806484,0.032259,0.040000
z_0106_555.216216.png,#5d6d7e,5,268.208153,9.143460,0.365738,0.040000
z_0106_555.216216.png,#5dade2,1,39.556349,1.348512,0.053940,0.040000
z_0106_555.216216.png,#6c3483,1,38.142136,1.300300,0.052012,0.040000
z_0106_555.216216.png,#76d7c4,1,44.970563,1.533087,0.061323,0.040000
z_0106_555.216216.png,#7d6608,4,326.936075,11.145548,0.445822,0.040000
z_0106_555.216216.png,#aed6f1,2,91.941125,3.134357,0.125374,0.040000
z_0106_555.216216.png,#f4d03f,2,80.041631,2.728692,0.109148,0.040000
z_0106_555.216216.png,#f5b041,5,184.710678,6.296955,0.251878,0.040000
z_0106_555.216216.png,#f9e79f,3,2.000000,0.068182,0.002727,0.040000
z_0107_556.227799.png,#1abc9c,1,115.740115,3.945686,0.157827,0.040000
z_0107_556.227799.png,#1f618d,4,411.060967,14.013442,0.560538,0.040000
z_0107_556.227799.png,#58d68d,1,19.071068,0.650150,0.026006,0.040000
z_0107_556.227799.png,#5d6d7e,5,259.865007,8.859034,0.354361,0.040000
z_0107_556.227799.png,#5dade2,1,39.556349,1.348512,0.053940,0.040000
z_0107_556.227799.png,#6c3483,1,76.769553,2.617144,0.104686,0.040000
z_0107_556.227799.png,#76d7c4,1,43.556349,1.484876,0.059395,0.040000
z_0107_556.227799.png,#7d6608,4,323.521861,11.029154,0.441166,0.040000
z_0107_556.227799.png,#aed6f1,2,92.769553,3.162598,0.126504,0.040000
z_0107_556.227799.png,#f4d03f,2,84.769553,2.889871,0.115595,0.040000
z_0107_556.227799.png,#f5b041,4,190.953319,6.509772,0.260391,0.040000
z_0107_556.227799.png,#f9e79f,3,18.000000,0.613636,0.024545,0.040000
z_0108_557.239382.png,#1abc9c,1,116.568542,3.973928,0.158957,0.040000
z_0108_557.239382.png,#1f618d,5,454.132034,15.481774,0.619271,0.040000
z_0108_557.239382.png,#58d68d,1,17.656854,0.601938,0.024078,0.040000
z_0108_557.239382.png,#5d6d7e,5,273.178716,9.312911,0.372516,0.040000
z_0108_557.239382.png,#5dade2,1,40.384776,1.376754,0.055070,0.040000
z_0108_557.239382.png,#6c3483,1,83.254834,2.838233,0.113529,0.040000
z_0108_557.239382.png,#76d7c4,1,43.556349,1.484876,0.059395,0.040000
z_0108_557.239382.png,#7d6608,4,325.078210,11.082212,0.443288,0.040000
z_0108_557.239382.png,#aed6f1,2,99.840620,3.403658,0.136146,0.040000
z_0108_557.239382.png,#f4d03f,2,82.526912,2.813417,0.112537,0.040000
z_0108_557.239382.png,#f5b041,4,180.610173,6.157165,0.246287,0.040000
z_0108_557.239382.png,#f9e79f,4,6.000000,0.204545,0.008182,0.040000
z_0109_558.250965.png,#1abc9c,1,106.811183,3.641290,0.145652,0.040000
z_0109_558.250965.png,#1f618d,5,524.114790,17.867550,0.714702,0.040000
z_0109_558.250965.png,#58d68d,1,18.485281,0.630180,0.025207,0.040000
z_0109_558.250965.png,#5d6d7e,6,239.137085,8.152401,0.326096,0.040000
z_0109_558.250965.png,#5dade2,1,40.970563,1.396724,0.055869,0.040000
z_0109_558.250965.png,#6c3483,1,83.497475,2.846505,0.113860,0.040000
z_0109_558.250965.png,#76d7c4,1,45.798990,1.561329,0.062453,0.040000
z_0109_558.250965.png,#7d6608,4,329.421356,11.230274,0.449211,0.040000
z_0109_558.250965.png,#aed6f1,3,147.639610,5.033169,0.201327,0.040000
z_0109_558.250965.png,#f4d03f,2,81.455844,2.776904,0.111076,0.040000
z_0109_558.250965.png,#f5b041,4,184.267027,6.281830,0.251273,0.040000
z_0110_559.262548.png,#1abc9c,1,107.396970,3.661260,0.146450,0.040000
z_0110_559.262548.png,#1f618d,5,523.286363,17.839308,0.713572,0.040000
z_0110_559.262548.png,#58d68d,1,18.485281,0.630180,0.025207,0.040000
z_0110_559.262548.png,#5d6d7e,6,235.480231,8.027735,0.321109,0.040000
z_0110_559.262548.png,#5dade2,1,40.970563,1.396724,0.055869,0.040000
z_0110_559.262548.png,#6c3483,1,83.497475,2.846505,0.113860,0.040000
z_0110_559.262548.png,#76d7c4,1,45.798990,1.561329,0.062453,0.040000
z_0110_559.262548.png,#7d6608,4,328.592929,11.202032,0.448081,0.040000
z_0110_559.262548.png,#aed6f1,3,147.053824,5.013199,0.200528,0.040000
z_0110_559.262548.png,#f4d03f,2,82.041631,2.796874,0.111875,0.040000
z_0110_559.262548.png,#f5b041,4,183.681241,6.261860,0.250474,0.040000
z_0111_560.274131.png,#1abc9c,1,98.911688,3.371989,0.134880,0.040000
z_0111_560.274131.png,#1f618d,6,539.487373,18.391615,0.735665,0.040000
z_0111_560.274131.png,#58d68d,1,24.727922,0.842997,0.033720,0.040000
z_0111_560.274131.png,#5d6d7e,5,237.722871,8.104189,0.324168,0.040000
z_0111_560.274131.png,#5dade2,1,46.041631,1.569601,0.062784,0.040000
z_0111_560.274131.png,#6c3483,1,91.740115,3.127504,0.125100,0.040000
z_0111_560.274131.png,#76d7c4,1,36.142136,1.232118,0.049285,0.040000
z_0111_560.274131.png,#7d6608,5,340.492424,11.607696,0.464308,0.040000
z_0111_560.274131.png,#7e5109,1,37.071068,1.263786,0.050551,0.040000
z_0111_560.274131.png,#aed6f1,3,178.124892,6.072439,0.242898,0.040000
z_0111_560.274131.png,#d7bde2,1,40.485281,1.380180,0.055207,0.040000
z_0111_560.274131.png,#f4d03f,2,81.455844,2.776904,0.111076,0.040000
z_0111_560.274131.png,#f5b041,4,171.438600,5.844498,0.233780,0.040000
z_0111_560.274131.png,#f9e79f,2,12.000000,0.409091,0.016364,0.040000
z_0112_561.285714.png,#1abc9c,1,96.083261,3.275566,0.131023,0.040000
z_0112_561.285714.png,#1f618d,6,547.529004,18.665761,0.746630,0.040000
z_0112_561.285714.png,#58d68d,1,28.485281,0.971089,0.038844,0.040000
z_0112_561.285714.png,#5d6d7e,5,236.793939,8.072521,0.322901,0.040000
z_0112_561.285714.png,#5dade2,1,43.213203,1.473177,0.058927,0.040000
z_0112_561.285714.png,#6c3483,1,95.740115,3.263868,0.130555,0.040000
z_0112_561.285714.png,#76d7c4,1,24.970563,0.851269,0.034051,0.040000
z_0112_561.285714.png,#7d6608,5,349.663997,11.920364,0.476815,0.040000
z_0112_561.285714.png,#7e5109,1,41.556349,1.416694,0.056668,0.040000
z_0112_561.285714.png,#aed6f1,2,188.994949,6.443010,0.257720,0.040000
z_0112_561.285714.png,#d7bde2,1,40.485281,1.380180,0.055207,0.040000
z_0112_561.285714.png,#f4d03f,2,76.870058,2.620570,0.104823,0.040000
z_0112_561.285714.png,#f5b041,4,169.438600,5.776316,0.231053,0.040000
z_0112_561.285714.png,#f9e79f,3,10.000000,0.340909,0.013636,0.040000
z_0113_562.297297.png,#1abc9c,1,95.497475,3.255596,0.130224,0.040000
z_0113_562.297297.png,#1f618d,6,550.114790,18.753913,0.750157,0.040000
z_0113_562.297297.png,#58d68d,1,28.485281,0.971089,0.038844,0.040000
z_0113_562.297297.png,#5d6d7e,5,237.965512,8.112461,0.324498,0.040000
z_0113_562.297297.png,#5dade2,1,43.213203,1.473177,0.058927,0.040000
z_0113_562.297297.png,#6c3483,1,96.325902,3.283838,0.131354,0.040000
z_0113_562.297297.png,#76d7c4,1,24.970563,0.851269,0.034051,0.040000
z_0113_562.297297.png,#7d6608,5,348.835570,11.892122,0.475685,0.040000
z_0113_562.297297.png,#7e5109,1,40.970563,1.396724,0.055869,0.040000
z_0113_562.297297.png,#aed6f1,2,188.994949,6.443010,0.257720,0.040000
z_0113_562.297297.png,#d7bde2,1,40.485281,1.380180,0.055207,0.040000
z_0113_562.297297.png,#f4d03f,2,76.870058,2.620570,0.104823,0.040000
z_0113_562.297297.png,#f5b041,4,171.681241,5.852770,0.234111,0.040000
z_0113_562.297297.png,#f9e79f,3,10.000000,0.340909,0.013636,0.040000
z_0114_563.308880.png,#1abc9c,1,86.183766,2.938083,0.117523,0.040000
z_0114_563.308880.png,#1f618d,7,559.428499,19.071426,0.762857,0.040000
z_0114_563.308880.png,#58d68d,1,28.485281,0.971089,0.038844,0.040000
z_0114_563.308880.png,#5d6d7e,6,297.078210,10.127666,0.405107,0.040000
z_0114_563.308880.png,#5dade2,1,37.556349,1.280330,0.051213,0.040000
z_0114_563.308880.png,#6c3483,1,109.396970,3.729442,0.149178,0.040000
z_0114_563.308880.png,#76d7c4,1,31.556349,1.075785,0.043031,0.040000
z_0114_563.308880.png,#7d6608,4,369.078210,12.582212,0.503288,0.040000
z_0114_563.308880.png,#7e5109,1,44.627417,1.521389,0.060856,0.040000
z_0114_563.308880.png,#aed6f1,2,209.580736,7.144798,0.285792,0.040000
z_0114_563.308880.png,#d7bde2,1,42.970563,1.464906,0.058596,0.040000
z_0114_563.308880.png,#f4d03f,2,82.769553,2.821689,0.112868,0.040000
z_0114_563.308880.png,#f5b041,4,192.267027,6.554558,0.262182,0.040000
z_0114_563.308880.png,#f9e79f,1,2.000000,0.068182,0.002727,0.040000
z_0115_564.320463.png,#1abc9c,1,86.183766,2.938083,0.117523,0.040000
z_0115_564.320463.png,#1f618d,7,559.913780,19.087970,0.763519,0.040000
z_0115_564.320463.png,#58d68d,1,28.485281,0.971089,0.038844,0.040000
z_0115_564.320463.png,#5d6d7e,6,298.492424,10.175878,0.407035,0.040000
z_0115_564.320463.png,#5dade2,1,37.556349,1.280330,0.051213,0.040000
z_0115_564.320463.png,#6c3483,1,109.396970,3.729442,0.149178,0.040000
z_0115_564.320463.png,#76d7c4,1,31.556349,1.075785,0.043031,0.040000
z_0115_564.320463.png,#7d6608,4,367.906638,12.542272,0.501691,0.040000
z_0115_564.320463.png,#7e5109,1,44.627417,1.521389,0.060856,0.040000
z_0115_564.320463.png,#aed6f1,2,208.166522,7.096586,0.283863,0.040000
z_0115_564.320463.png,#d7bde2,1,43.556349,1.484876,0.059395,0.040000
z_0115_564.320463.png,#f4d03f,2,82.769553,2.821689,0.112868,0.040000
z_0115_564.320463.png,#f5b041,4,191.681241,6.534588,0.261384,0.040000
z_0115_564.320463.png,#f9e79f,1,2.000000,0.068182,0.002727,0.040000
z_0116_565.332046.png,#1abc9c,1,83.112698,2.833387,0.113335,0.040000
z_0116_565.332046.png,#1f618d,6,473.487373,16.141615,0.645665,0.040000
z_0116_565.332046.png,#58d68d,1,27.313708,0.931149,0.037246,0.040000
z_0116_565.332046.png,#5d6d7e,5,316.249783,10.781243,0.431250,0.040000
z_0116_565.332046.png,#5dade2,1,38.627417,1.316844,0.052674,0.040000
z_0116_565.332046.png,#6c3483,1,114.811183,3.914018,0.156561,0.040000
z_0116_565.332046.png,#76d7c4,1,28.727922,0.979361,0.039174,0.040000
z_0116_565.332046.png,#7d6608,4,366.492424,12.494060,0.499762,0.040000
z_0116_565.332046.png,#7e5109,1,46.870058,1.597843,0.063914,0.040000
z_0116_565.332046.png,#aed6f1,2,217.379726,7.410672,0.296427,0.040000
z_0116_565.332046.png,#d7bde2,1,44.384776,1.513117,0.060525,0.040000
z_0116_565.332046.png,#f4d03f,2,76.526912,2.608872,0.104355,0.040000
z_0116_565.332046.png,#f5b041,3,145.296465,4.953289,0.198132,0.040000
z_0116_565.332046.png,#f9e79f,2,4.000000,0.136364,0.005455,0.040000
z_0117_566.343629.png,#1abc9c,1,83.112698,2.833387,0.113335,0.040000
z_0117_566.343629.png,#1f618d,6,474.315801,16.169857,0.646794,0.040000
z_0117_566.343629.png,#58d68d,1,27.313708,0.931149,0.037246,0.040000
z_0117_566.343629.png,#5d6d7e,5,316.492424,10.789514,0.431581,0.040000
z_0117_566.343629.png,#5dade2,1,38.627417,1.316844,0.052674,0.040000
z_0117_566.343629.png,#6c3483,1,114.225397,3.894048,0.155762,0.040000
z_0117_566.343629.png,#76d7c4,1,28.727922,0.979361,0.039174,0.040000
z_0117_566.343629.png,#7d6608,4,368.735065,12.570514,0.502821,0.040000
z_0117_566.343629.png,#7e5109,1,46.870058,1.597843,0.063914,0.040000
z_0117_566.343629.png,#aed6f1,2,217.965512,7.430642,0.297226,0.040000
z_0117_566.343629.png,#d7bde2,1,44.384776,1.513117,0.060525,0.040000
z_0117_566.343629.png,#f4d03f,2,77.355339,2.637114,0.105485,0.040000
z_0117_566.343629.png,#f5b041,3,147.882251,5.041440,0.201658,0.040000
z_0117_566.343629.png,#f9e79f,1,4.000000,0.136364,0.005455,0.040000
z_0118_567.355212.png,#1abc9c,1,83.112698,2.833387,0.113335,0.040000
z_0118_567.355212.png,#1f618d,6,474.901587,16.189827,0.647593,0.040000
z_0118_567.355212.png,#58d68d,1,27.313708,0.931149,0.037246,0.040000
z_0118_567.355212.png,#5d6d7e,5,316.735065,10.797786,0.431911,0.040000
z_0118_567.355212.png,#5dade2,1,38.627417,1.316844,0.052674,0.040000
z_0118_567.355212.png,#6c3483,1,114.225397,3.894048,0.155762,0.040000
z_0118_567.355212.png,#76d7c4,1,28.727922,0.979361,0.039174,0.040000
z_0118_567.355212.png,#7d6608,4,365.906638,12.474090,0.498964,0.040000
z_0118_567.355212.png,#7e5109,1,46.041631,1.569601,0.062784,0.040000
z_0118_567.355212.png,#aed6f1,2,217.137085,7.402401,0.296096,0.040000
z_0118_567.355212.png,#d7bde2,1,42.142136,1.436664,0.057467,0.040000
z_0118_567.355212.png,#f4d03f,2,76.526912,2.608872,0.104355,0.040000
z_0118_567.355212.png,#f5b041,3,147.882251,5.041440,0.201658,0.040000
z_0118_567.355212.png,#f9e79f,1,4.000000,0.136364,0.005455,0.040000
z_0119_568.366795.png,#1abc9c,1,73.941125,2.520720,0.100829,0.040000
z_0119_568.366795.png,#1f618d,9,640.967604,21.851168,0.874047,0.040000
z_0119_568.366795.png,#58d68d,1,22.485281,0.766544,0.030662,0.040000
z_0119_568.366795.png,#5d6d7e,3,255.379726,8.706127,0.348245,0.040000
z_0119_568.366795.png,#5dade2,1,37.556349,1.280330,0.051213,0.040000
z_0119_568.366795.png,#6c3483,1,138.367532,4.717075,0.188683,0.040000
z_0119_568.366795.png,#76d7c4,2,75.112698,2.560660,0.102426,0.040000
z_0119_568.366795.png,#7d6608,5,349.462987,11.913511,0.476540,0.040000
z_0119_568.366795.png,#7e5109,2,71.455844,2.435995,0.097440,0.040000
z_0119_568.366795.png,#aed6f1,4,385.362482,13.137357,0.525494,0.040000
z_0119_568.366795.png,#d7bde2,2,77.355339,2.637114,0.105485,0.040000
z_0119_568.366795.png,#eb984e,2,123.740115,4.218413,0.168737,0.040000
z_0119_568.366795.png,#f4d03f,2,81.355339,2.773477,0.110939,0.040000
z_0119_568.366795.png,#f5b041,3,166.811183,5.686745,0.227470,0.040000
z_0119_568.366795.png,#f9e79f,1,30.485281,1.039271,0.041571,0.040000
z_0120_569.378378.png,#1abc9c,1,74.526912,2.540690,0.101628,0.040000
z_0120_569.378378.png,#1f618d,9,639.310750,21.794685,0.871787,0.040000
z_0120_569.378378.png,#58d68d,1,22.485281,0.766544,0.030662,0.040000
z_0120_569.378378.png,#5d6d7e,3,255.137085,8.697855,0.347914,0.040000
z_0120_569.378378.png,#5dade2,1,37.556349,1.280330,0.051213,0.040000
z_0120_569.378378.png,#6c3483,1,138.367532,4.717075,0.188683,0.040000
z_0120_569.378378.png,#76d7c4,2,75.112698,2.560660,0.102426,0.040000
z_0120_569.378378.png,#7d6608,5,348.877200,11.893541,0.475742,0.040000
z_0120_569.378378.png,#7e5109,2,71.455844,2.435995,0.097440,0.040000
z_0120_569.378378.png,#aed6f1,4,385.362482,13.137357,0.525494,0.040000
z_0120_569.378378.png,#d7bde2,2,76.526912,2.608872,0.104355,0.040000
z_0120_569.378378.png,#eb984e,2,123.740115,4.218413,0.168737,0.040000
z_0120_569.378378.png,#f4d03f,2,81.941125,2.793447,0.111738,0.040000
z_0120_569.378378.png,#f5b041,3,166.811183,5.686745,0.227470,0.040000
z_0120_569.378378.png,#f9e79f,1,29.899495,1.019301,0.040772,0.040000
z_0121_570.389961.png,#1abc9c,1,76.526912,2.608872,0.104355,0.040000
z_0121_570.389961.png,#1f618d,9,639.310750,21.794685,0.871787,0.040000
z_0121_570.389961.png,#58d68d,1,22.485281,0.766544,0.030662,0.040000
z_0121_570.389961.png,#5d6d7e,3,255.379726,8.706127,0.348245,0.040000
z_0121_570.389961.png,#5dade2,1,38.142136,1.300300,0.052012,0.040000
z_0121_570.389961.png,#6c3483,1,138.367532,4.717075,0.188683,0.040000
z_0121_570.389961.png,#76d7c4,2,76.526912,2.608872,0.104355,0.040000
z_0121_570.389961.png,#7d6608,5,345.462987,11.777147,0.471086,0.040000
z_0121_570.389961.png,#7e5109,2,71.455844,2.435995,0.097440,0.040000
z_0121_570.389961.png,#aed6f1,4,382.776695,13.049206,0.521968,0.040000
z_0121_570.389961.png,#d7bde2,2,76.526912,2.608872,0.104355,0.040000
z_0121_570.389961.png,#eb984e,2,123.740115,4.218413,0.168737,0.040000
z_0121_570.389961.png,#f4d03f,2,81.941125,2.793447,0.111738,0.040000
z_0121_570.389961.png,#f5b041,3,166.811183,5.686745,0.227470,0.040000
z_0121_570.389961.png,#f9e79f,1,29.899495,1.019301,0.040772,0.040000
z_0122_571.401544.png,#1abc9c,1,73.941125,2.520720,0.100829,0.040000
z_0122_571.401544.png,#1f618d,9,637.896536,21.746473,0.869859,0.040000
z_0122_571.401544.png,#58d68d,1,22.485281,0.766544,0.030662,0.040000
z_0122_571.401544.png,#5d6d7e,3,256.208153,8.734369,0.349375,0.040000
z_0122_571.401544.png,#5dade2,1,38.727922,1.320270,0.052811,0.040000
z_0122_571.401544.png,#6c3483,1,138.367532,4.717075,0.188683,0.040000
z_0122_571.401544.png,#76d7c4,2,76.526912,2.608872,0.104355,0.040000
z_0122_571.401544.png,#7d6608,5,341.220346,11.632512,0.465300,0.040000
z_0122_571.401544.png,#7e5109,2,71.455844,2.435995,0.097440,0.040000
z_0122_571.401544.png,#aed6f1,4,386.190909,13.165599,0.526624,0.040000
z_0122_571.401544.png,#d7bde2,2,76.526912,2.608872,0.104355,0.040000
z_0122_571.401544.png,#eb984e,2,123.740115,4.218413,0.168737,0.040000
z_0122_571.401544.png,#f4d03f,2,81.941125,2.793447,0.111738,0.040000
z_0122_571.401544.png,#f5b041,3,166.225397,5.666775,0.226671,0.040000
z_0122_571.401544.png,#f9e79f,1,29.899495,1.019301,0.040772,0.040000
z_0123_572.413127.png,#1abc9c,1,71.112698,2.424297,0.096972,0.040000
z_0123_572.413127.png,#1f618d,9,629.369624,21.455783,0.858231,0.040000
z_0123_572.413127.png,#58d68d,1,20.485281,0.698362,0.027934,0.040000
z_0123_572.413127.png,#5d6d7e,3,3803124.533280,129651.972725,5186.078909,0.040000
z_0123_572.413127.png,#5dade2,1,40.384776,1.376754,0.055070,0.040000
z_0123_572.413127.png,#6c3483,1,138.710678,4.728773,0.189151,0.040000
z_0123_572.413127.png,#76d7c4,3,76.526912,2.608872,0.104355,0.040000
z_0123_572.413127.png,#7d6608,4,348.048773,11.865299,0.474612,0.040000
z_0123_572.413127.png,#7e5109,2,70.870058,2.416025,0.096641,0.040000
z_0123_572.413127.png,#aed6f1,3,372.776695,12.708296,0.508332,0.040000
z_0123_572.413127.png,#d7bde2,3,88.083261,3.002838,0.120114,0.040000
z_0123_572.413127.png,#eb984e,2,113.497475,3.869232,0.154769,0.040000
z_0123_572.413127.png,#f4d03f,2,86.769553,2.958053,0.118322,0.040000
z_0123_572.413127.png,#f5b041,3,164.953319,5.623409,0.224936,0.040000
z_0123_572.413127.png,#f9e79f,2,36.142136,1.232118,0.049285,0.040000
z_0124_573.424710.png,#1abc9c,1,69.355339,2.364387,0.094575,0.040000
z_0124_573.424710.png,#1f618d,11,787.494516,26.846404,1.073856,0.040000
z_0124_573.424710.png,#58d68d,1,15.656854,0.533756,0.021350,0.040000
z_0124_573.424710.png,#5d6d7e,4,280.492424,9.562242,0.382490,0.040000
z_0124_573.424710.png,#5dade2,1,44.142136,1.504846,0.060194,0.040000
z_0124_573.424710.png,#6c3483,1,145.681241,4.966406,0.198656,0.040000
z_0124_573.424710.png,#76d7c4,2,132.568542,4.519382,0.180775,0.040000
z_0124_573.424710.png,#7d6608,4,353.705627,12.058146,0.482326,0.040000
z_0124_573.424710.png,#7e5109,2,68.526912,2.336145,0.093446,0.040000
z_0124_573.424710.png,#aed6f1,3,383.261977,13.065749,0.522630,0.040000
z_0124_573.424710.png,#d7bde2,4,116.083261,3.957384,0.158295,0.040000
z_0124_573.424710.png,#eb984e,2,100.669048,3.431899,0.137276,0.040000
z_0124_573.424710.png,#f4d03f,3,106.911688,3.644717,0.145789,0.040000
z_0124_573.424710.png,#f5b041,3,165.781746,5.651650,0.226066,0.040000
z_0124_573.424710.png,#f9e79f,3,41.556349,1.416694,0.056668,0.040000
z_0125_574.436293.png,#1abc9c,1,69.355339,2.364387,0.094575,0.040000
z_0125_574.436293.png,#1f618d,11,789.151370,26.902888,1.076116,0.040000
z_0125_574.436293.png,#58d68d,1,13.071068,0.445605,0.017824,0.040000
z_0125_574.436293.png,#5d6d7e,4,281.906638,9.610454,0.384418,0.040000
z_0125_574.436293.png,#5dade2,1,44.142136,1.504846,0.060194,0.040000
z_0125_574.436293.png,#6c3483,1,146.509668,4.994648,0.199786,0.040000
z_0125_574.436293.png,#76d7c4,2,133.154329,4.539352,0.181574,0.040000
z_0125_574.436293.png,#7d6608,4,355.362482,12.114630,0.484585,0.040000
z_0125_574.436293.png,#7e5109,2,68.526912,2.336145,0.093446,0.040000
z_0125_574.436293.png,#aed6f1,3,384.090404,13.093991,0.523760,0.040000
z_0125_574.436293.png,#d7bde2,4,120.083261,4.093748,0.163750,0.040000
z_0125_574.436293.png,#eb984e,2,99.840620,3.403658,0.136146,0.040000
z_0125_574.436293.png,#f4d03f,3,108.911688,3.712898,0.148516,0.040000
z_0125_574.436293.png,#f5b041,3,165.781746,5.651650,0.226066,0.040000
z_0125_574.436293.png,#f9e79f,3,41.556349,1.416694,0.056668,0.040000
z_0126_575.447876.png,#1abc9c,1,65.941125,2.247993,0.089920,0.040000
z_0126_575.447876.png,#1f618d,11,885.335137,30.181880,1.207275,0.040000
z_0126_575.447876.png,#58d68d,1,14.242641,0.485545,0.019422,0.040000
z_0126_575.447876.png,#5d6d7e,6,3943236.513397,134428.517502,5377.140700,0.040000
z_0126_575.447876.png,#5dade2,1,44.384776,1.513117,0.060525,0.040000
z_0126_575.447876.png,#6c3483,1,144.610173,4.929892,0.197196,0.040000
z_0126_575.447876.png,#76d7c4,2,169.438600,5.776316,0.231053,0.040000
z_0126_575.447876.png,#7d6608,5,346.877200,11.825359,0.473014,0.040000
z_0126_575.447876.png,#7e5109,2,62.870058,2.143297,0.085732,0.040000
z_0126_575.447876.png,#aed6f1,3,396.090404,13.503082,0.540123,0.040000
z_0126_575.447876.png,#d7bde2,4,135.982756,4.635776,0.185431,0.040000
z_0126_575.447876.png,#eb984e,2,100.426407,3.423628,0.136945,0.040000
z_0126_575.447876.png,#f4d03f,2,132.024387,4.500831,0.180033,0.040000
z_0126_575.447876.png,#f5b041,3,173.095454,5.900981,0.236039,0.040000
z_0126_575.447876.png,#f9e79f,5,37.556349,1.280330,0.051213,0.040000
z_0127_576.459459.png,#1abc9c,1,67.355339,2.296205,0.091848,0.040000
z_0127_576.459459.png,#1f618d,10,923.193001,31.472489,1.258900,0.040000
z_0127_576.459459.png,#58d68d,1,11.656854,0.397393,0.015896,0.040000
z_0127_576.459459.png,#5d6d7e,6,230.208153,7.848005,0.313920,0.040000
z_0127_576.459459.png,#5dade2,1,49.798990,1.697693,0.067908,0.040000
z_0127_576.459459.png,#6c3483,1,143.781746,4.901650,0.196066,0.040000
z_0127_576.459459.png,#76d7c4,2,173.923882,5.929223,0.237169,0.040000
z_0127_576.459459.png,#7d6608,6,360.776695,12.299206,0.491968,0.040000
z_0127_576.459459.png,#7e5109,2,58.870058,2.006934,0.080277,0.040000
z_0127_576.459459.png,#aed6f1,3,413.646753,14.101594,0.564064,0.040000
z_0127_576.459459.png,#d7bde2,4,160.225397,5.462229,0.218489,0.040000
z_0127_576.459459.png,#eb984e,2,104.183766,3.551719,0.142069,0.040000
z_0127_576.459459.png,#f4d03f,2,145.438600,4.958134,0.198325,0.040000
z_0127_576.459459.png,#f5b041,3,178.852814,6.097255,0.243890,0.040000
z_0127_576.459459.png,#f9e79f,7,44.970563,1.533087,0.061323,0.040000
z_0128_577.471042.png,#1abc9c,1,65.941125,2.247993,0.089920,0.040000
z_0128_577.471042.png,#1f618d,10,1040.773737,35.480923,1.419237,0.040000
z_0128_577.471042.png,#58d68d,1,13.656854,0.465575,0.018623,0.040000
z_0128_577.471042.png,#5d6d7e,6,3662968.612038,124873.929956,4994.957198,0.040000
z_0128_577.471042.png,#5dade2,1,51.213203,1.745905,0.069836,0.040000
z_0128_577.471042.png,#6c3483,1,144.852814,4.938164,0.197527,0.040000
z_0128_577.471042.png,#76d7c4,2,177.095454,6.037345,0.241494,0.040000
z_0128_577.471042.png,#7d6608,6,391.847763,13.358446,0.534338,0.040000
z_0128_577.471042.png,#7e5109,2,56.284271,1.918782,0.076751,0.040000
z_0128_577.471042.png,#aed6f1,3,415.445743,14.162923,0.566517,0.040000
z_0128_577.471042.png,#d7bde2,3,196.953319,6.714318,0.268573,0.040000
z_0128_577.471042.png,#eb984e,2,107.982756,3.681230,0.147249,0.040000
z_0128_577.471042.png,#f4d03f,2,155.539105,5.302469,0.212099,0.040000
z_0128_577.471042.png,#f5b041,3,188.066017,6.411341,0.256454,0.040000
z_0128_577.471042.png,#f9e79f,8,44.142136,1.504846,0.060194,0.040000
z_0129_578.482625.png,#1abc9c,1,64.526912,2.199781,0.087991,0.040000
z_0129_578.482625.png,#1f618d,10,1065.986940,36.340464,1.453619,0.040000
z_0129_578.482625.png,#58d68d,1,15.071068,0.513786,0.020551,0.040000
z_0129_578.482625.png,#5d6d7e,6,7380868.487829,251620.516631,10064.820665,0.040000
z_0129_578.482625.png,#5dade2,1,54.284271,1.850600,0.074024,0.040000
z_0129_578.482625.png,#6c3483,1,147.681241,5.034588,0.201384,0.040000
z_0129_578.482625.png,#76d7c4,2,178.509668,6.085557,0.243422,0.040000
z_0129_578.482625.png,#7d6608,5,3706200.729163,126347.752131,5053.910085,0.040000
z_0129_578.482625.png,#7e5109,2,52.041631,1.774146,0.070966,0.040000
z_0129_578.482625.png,#aed6f1,3,401.102597,13.673952,0.546958,0.040000
z_0129_578.482625.png,#d7bde2,2,216.024387,7.364468,0.294579,0.040000
z_0129_578.482625.png,#eb984e,2,110.811183,3.777654,0.151106,0.040000
z_0129_578.482625.png,#f4d03f,2,170.953319,5.827954,0.233118,0.040000
z_0129_578.482625.png,#f5b041,3,198.308658,6.760522,0.270421,0.040000
z_0129_578.482625.png,#f9e79f,9,36.384776,1.240390,0.049616,0.040000
z_0130_579.494208.png,#1abc9c,1,63.941125,2.179811,0.087192,0.040000
z_0130_579.494208.png,#1f618d,9,1092.229581,37.235099,1.489404,0.040000
z_0130_579.494208.png,#58d68d,1,18.485281,0.630180,0.025207,0.040000
z_0130_579.494208.png,#5d6d7e,5,129.982756,4.431230,0.177249,0.040000
z_0130_579.494208.png,#5dade2,1,56.284271,1.918782,0.076751,0.040000
z_0130_579.494208.png,#6c3483,1,147.195959,5.018044,0.200722,0.040000
z_0130_579.494208.png,#76d7c4,2,185.580736,6.326616,0.253065,0.040000
z_0130_579.494208.png,#7d6608,5,379.119841,12.924540,0.516982,0.040000
z_0130_579.494208.png,#7e5109,2,49.455844,1.685995,0.067440,0.040000
z_0130_579.494208.png,#aed6f1,3,400.031529,13.637438,0.545498,0.040000
z_0130_579.494208.png,#d7bde2,2,197.095454,6.719163,0.268767,0.040000
z_0130_579.494208.png,#eb984e,2,116.811183,3.982199,0.159288,0.040000
z_0130_579.494208.png,#f4d03f,1,166.124892,5.663349,0.226534,0.040000
z_0130_579.494208.png,#f5b041,3,217.865007,7.427216,0.297089,0.040000
z_0130_579.494208.png,#f9e79f,6,35.313708,1.203876,0.048155,0.040000
z_0131_580.505792.png,#1abc9c,1,63.941125,2.179811,0.087192,0.040000
z_0131_580.505792.png,#1f618d,9,1089.986940,37.158646,1.486346,0.040000
z_0131_580.505792.png,#58d68d,1,18.485281,0.630180,0.025207,0.040000
z_0131_580.505792.png,#5d6d7e,5,129.982756,4.431230,0.177249,0.040000
z_0131_580.505792.png,#5dade2,1,56.284271,1.918782,0.076751,0.040000
z_0131_580.505792.png,#6c3483,1,147.781746,5.038014,0.201521,0.040000
z_0131_580.505792.png,#76d7c4,2,186.994949,6.374828,0.254993,0.040000
z_0131_580.505792.png,#7d6608,5,378.877200,12.916268,0.516651,0.040000
z_0131_580.505792.png,#7e5109,2,49.455844,1.685995,0.067440,0.040000
z_0131_580.505792.png,#aed6f1,3,401.788889,13.697348,0.547894,0.040000
z_0131_580.505792.png,#d7bde2,2,198.752309,6.775647,0.271026,0.040000
z_0131_580.505792.png,#eb984e,2,115.639610,3.942259,0.157690,0.040000
z_0131_580.505792.png,#f4d03f,1,166.710678,5.683319,0.227333,0.040000
z_0131_580.505792.png,#f5b041,3,215.622366,7.350762,0.294030,0.040000
z_0131_580.505792.png,#f9e79f,5,33.313708,1.135695,0.045428,0.040000
z_0132_581.517375.png,#1abc9c,1,63.112698,2.151569,0.086063,0.040000
z_0132_581.517375.png,#1f618d,11,1089.501659,37.142102,1.485684,0.040000
z_0132_581.517375.png,#58d68d,2,76.284271,2.600600,0.104024,0.040000
z_0132_581.517375.png,#5d6d7e,4,116.325902,3.965656,0.158626,0.040000
z_0132_581.517375.png,#5dade2,1,62.526912,2.131599,0.085264,0.040000
z_0132_581.517375.png,#6c3483,1,142.024387,4.841740,0.193670,0.040000
z_0132_581.517375.png,#76d7c4,2,184.024387,6.273559,0.250942,0.040000
z_0132_581.517375.png,#7d6608,7,414.333044,14.124990,0.565000,0.040000
z_0132_581.517375.png,#7e5109,2,44.384776,1.513117,0.060525,0.040000
z_0132_581.517375.png,#aed6f1,2,393.989899,13.431474,0.537259,0.040000
z_0132_581.517375.png,#d7bde2,3,216.509668,7.381011,0.295240,0.040000
z_0132_581.517375.png,#eb984e,2,115.497475,3.937414,0.157497,0.040000
z_0132_581.517375.png,#f4d03f,2,161.781746,5.515287,0.220611,0.040000
z_0132_581.517375.png,#f5b041,2,213.965512,7.294279,0.291771,0.040000
z_0132_581.517375.png,#f9e79f,7,64.870058,2.211479,0.088459,0.040000
z_0133_582.528958.png,#1abc9c,1,62.526912,2.131599,0.085264,0.040000
z_0133_582.528958.png,#1f618d,11,1082.430591,36.901043,1.476042,0.040000
z_0133_582.528958.png,#58d68d,2,76.284271,2.600600,0.104024,0.040000
z_0133_582.528958.png,#5d6d7e,4,117.740115,4.013868,0.160555,0.040000
z_0133_582.528958.png,#5dade2,1,61.941125,2.111629,0.084465,0.040000
z_0133_582.528958.png,#6c3483,1,142.610173,4.861710,0.194468,0.040000
z_0133_582.528958.png,#76d7c4,2,185.095454,6.310072,0.252403,0.040000
z_0133_582.528958.png,#7d6608,7,413.504617,14.096748,0.563870,0.040000
z_0133_582.528958.png,#7e5109,2,42.384776,1.444936,0.057797,0.040000
z_0133_582.528958.png,#aed6f1,2,393.989899,13.431474,0.537259,0.040000
z_0133_582.528958.png,#d7bde2,3,219.338095,7.477435,0.299097,0.040000
z_0133_582.528958.png,#eb984e,2,115.497475,3.937414,0.157497,0.040000
z_0133_582.528958.png,#f4d03f,2,161.781746,5.515287,0.220611,0.040000
z_0133_582.528958.png,#f5b041,2,214.793939,7.322521,0.292901,0.040000
z_0133_582.528958.png,#f9e79f,7,66.870058,2.279661,0.091186,0.040000
z_0134_583.540541.png,#1abc9c,1,59.698485,2.035176,0.081407,0.040000
z_0134_583.540541.png,#1f618d,13,1093.844805,37.290164,1.491607,0.040000
z_0134_583.540541.png,#58d68d,2,82.526912,2.813417,0.112537,0.040000
z_0134_583.540541.png,#5d6d7e,5,6765219.355339,230632.478023,9225.299121,0.040000
z_0134_583.540541.png,#5dade2,1,63.941125,2.179811,0.087192,0.040000
z_0134_583.540541.png,#6c3483,1,142.610173,4.861710,0.194468,0.040000
z_0134_583.540541.png,#76d7c4,3,204.066017,6.956796,0.278272,0.040000
z_0134_583.540541.png,#7d6608,7,412.676190,14.068506,0.562740,0.040000
z_0134_583.540541.png,#7e5109,2,41.313708,1.408422,0.056337,0.040000
z_0134_583.540541.png,#aed6f1,2,388.918831,13.258597,0.530344,0.040000
z_0134_583.540541.png,#d7bde2,2,224.166522,7.642041,0.305682,0.040000
z_0134_583.540541.png,#eb984e,2,109.254834,3.724597,0.148984,0.040000
z_0134_583.540541.png,#f4d03f,2,151.539105,5.166106,0.206644,0.040000
z_0134_583.540541.png,#f5b041,2,215.379726,7.342491,0.293700,0.040000
z_0134_583.540541.png,#f9e79f,9,81.213203,2.768632,0.110745,0.040000
z_0135_584.552124.png,#1abc9c,1,59.698485,2.035176,0.081407,0.040000
z_0135_584.552124.png,#1f618d,14,1093.259018,37.270194,1.490808,0.040000
z_0135_584.552124.png,#58d68d,2,89.012193,3.034507,0.121380,0.040000
z_0135_584.552124.png,#5d6d7e,4,3382664.183766,115318.097174,4612.723887,0.040000
z_0135_584.552124.png,#5dade2,1,63.112698,2.151569,0.086063,0.040000
z_0135_584.552124.png,#6c3483,1,143.781746,4.901650,0.196066,0.040000
z_0135_584.552124.png,#76d7c4,1,204.308658,6.965068,0.278603,0.040000
z_0135_584.552124.png,#7d6608,7,410.333044,13.988627,0.559545,0.040000
z_0135_584.552124.png,#7e5109,3,69.941125,2.384357,0.095374,0.040000
z_0135_584.552124.png,#aed6f1,2,388.534055,13.245479,0.529819,0.040000
z_0135_584.552124.png,#d7bde2,3,253.965512,8.657915,0.346317,0.040000
z_0135_584.552124.png,#eb984e,2,105.497475,3.596505,0.143860,0.040000
z_0135_584.552124.png,#f4d03f,2,145.296465,4.953289,0.198132,0.040000
z_0135_584.552124.png,#f5b041,2,210.066017,7.161341,0.286454,0.040000
z_0135_584.552124.png,#f9e79f,5,64.384776,2.194936,0.087797,0.040000
z_0136_585.563707.png,#1abc9c,1,57.455844,1.958722,0.078349,0.040000
z_0136_585.563707.png,#1f618d,13,1042.531096,35.540833,1.421633,0.040000
z_0136_585.563707.png,#58d68d,2,92.911688,3.167444,0.126698,0.040000
z_0136_585.563707.png,#5d6d7e,4,115.597980,3.940840,0.157634,0.040000
z_0136_585.563707.png,#5dade2,1,64.627417,2.203207,0.088128,0.040000
z_0136_585.563707.png,#6c3483,1,139.781746,4.765287,0.190611,0.040000
z_0136_585.563707.png,#76d7c4,1,194.994949,6.647555,0.265902,0.040000
z_0136_585.563707.png,#7d6608,6,422.960461,14.419107,0.576764,0.040000
z_0136_585.563707.png,#7e5109,3,100.911688,3.440171,0.137607,0.040000
z_0136_585.563707.png,#aed6f1,2,391.705627,13.353601,0.534144,0.040000
z_0136_585.563707.png,#d7bde2,3,296.107648,10.094579,0.403783,0.040000
z_0136_585.563707.png,#eb984e,2,99.597980,3.395386,0.135815,0.040000
z_0136_585.563707.png,#f4d03f,2,138.953319,4.737045,0.189482,0.040000
z_0136_585.563707.png,#f5b041,2,177.195959,6.040771,0.241631,0.040000
z_0136_585.563707.png,#f9e79f,6,52.627417,1.794116,0.071765,0.040000
z_0137_586.575290.png,#1abc9c,1,58.041631,1.978692,0.079148,0.040000
z_0137_586.575290.png,#1f618d,13,1006.631601,34.316986,1.372679,0.040000
z_0137_586.575290.png,#58d68d,2,94.669048,3.227354,0.129094,0.040000
z_0137_586.575290.png,#5d6d7e,4,116.426407,3.969082,0.158763,0.040000
z_0137_586.575290.png,#5dade2,1,65.698485,2.239721,0.089589,0.040000
z_0137_586.575290.png,#6c3483,1,139.882251,4.768713,0.190749,0.040000
z_0137_586.575290.png,#76d7c4,1,186.994949,6.374828,0.254993,0.040000
z_0137_586.575290.png,#7d6608,8,457.060967,15.581624,0.623265,0.040000
z_0137_586.575290.png,#7e5109,3,132.225397,4.507684,0.180307,0.040000
z_0137_586.575290.png,#aed6f1,3,377.663997,12.874909,0.514996,0.040000
z_0137_586.575290.png,#d7bde2,2,3925036.849482,133808.074414,5352.322977,0.040000
z_0137_586.575290.png,#eb984e,2,93.355339,3.182568,0.127303,0.040000
z_0137_586.575290.png,#f4d03f,2,134.468037,4.584138,0.183366,0.040000
z_0137_586.575290.png,#f5b041,2,154.468037,5.265956,0.210638,0.040000
z_0137_586.575290.png,#f9e79f,9,77.112698,2.628842,0.105154,0.040000
z_0138_587.586873.png,#1abc9c,1,57.455844,1.958722,0.078349,0.040000
z_0138_587.586873.png,#1f618d,13,1013.217388,34.541502,1.381660,0.040000
z_0138_587.586873.png,#58d68d,2,94.669048,3.227354,0.129094,0.040000
z_0138_587.586873.png,#5d6d7e,4,115.254834,3.929142,0.157166,0.040000
z_0138_587.586873.png,#5dade2,1,65.698485,2.239721,0.089589,0.040000
z_0138_587.586873.png,#6c3483,1,139.296465,4.748743,0.189950,0.040000
z_0138_587.586873.png,#76d7c4,1,186.994949,6.374828,0.254993,0.040000
z_0138_587.586873.png,#7d6608,8,454.232539,15.485200,0.619408,0.040000
z_0138_587.586873.png,#7e5109,3,136.811183,4.664018,0.186561,0.040000
z_0138_587.586873.png,#aed6f1,3,378.492424,12.903151,0.516126,0.040000
z_0138_587.586873.png,#d7bde2,2,3936335.767037,134193.264785,5367.730591,0.040000
z_0138_587.586873.png,#eb984e,2,93.355339,3.182568,0.127303,0.040000
z_0138_587.586873.png,#f4d03f,2,133.639610,4.555896,0.182236,0.040000
z_0138_587.586873.png,#f5b041,2,154.710678,5.274228,0.210969,0.040000
z_0138_587.586873.png,#f9e79f,8,77.698485,2.648812,0.105952,0.040000
z_0139_588.598456.png,#1abc9c,1,56.870058,1.938752,0.077550,0.040000
z_0139_588.598456.png,#1f618d,10,891.778787,30.401550,1.216062,0.040000
z_0139_588.598456.png,#58d68d,3,111.012193,3.784507,0.151380,0.040000
z_0139_588.598456.png,#5d6d7e,4,4083218.611263,139200.634475,5568.025379,0.040000
z_0139_588.598456.png,#5dade2,1,62.627417,2.135026,0.085401,0.040000
z_0139_588.598456.png,#6c3483,1,133.296465,4.544198,0.181768,0.040000
z_0139_588.598456.png,#76d7c4,1,171.095454,5.832800,0.233312,0.040000
z_0139_588.598456.png,#7d6608,7,505.889394,17.246229,0.689849,0.040000
z_0139_588.598456.png,#7e5109,3,188.752309,6.434738,0.257390,0.040000
z_0139_588.598456.png,#aed6f1,2,215.923882,7.361041,0.294442,0.040000
z_0139_588.598456.png,#d7bde2,2,361.119841,12.310904,0.492436,0.040000
z_0139_588.598456.png,#eb984e,2,83.941125,2.861629,0.114465,0.040000
z_0139_588.598456.png,#f4d03f,2,124.568542,4.246655,0.169866,0.040000
z_0139_588.598456.png,#f5b041,2,131.639610,4.487714,0.179509,0.040000
z_0139_588.598456.png,#f9e79f,9,86.769553,2.958053,0.118322,0.040000
z_0140_589.610039.png,#1abc9c,1,56.526912,1.927054,0.077082,0.040000
z_0140_589.610039.png,#1f618d,12,844.565584,28.792009,1.151680,0.040000
z_0140_589.610039.png,#58d68d,2,117.497475,4.005596,0.160224,0.040000
z_0140_589.610039.png,#5d6d7e,4,146.811183,5.004927,0.200197,0.040000
z_0140_589.610039.png,#5dade2,1,66.284271,2.259691,0.090388,0.040000
z_0140_589.610039.png,#6c3483,1,129.053824,4.399562,0.175982,0.040000
z_0140_589.610039.png,#76d7c4,1,166.267027,5.668194,0.226728,0.040000
z_0140_589.610039.png,#7d6608,7,511.303607,17.430805,0.697232,0.040000
z_0140_589.610039.png,#7e5109,4,232.651804,7.931311,0.317252,0.040000
z_0140_589.610039.png,#aed6f1,2,211.580736,7.212980,0.288519,0.040000
z_0140_589.610039.png,#d7bde2,2,353.362482,12.046448,0.481858,0.040000
z_0140_589.610039.png,#eb984e,2,78.769553,2.685326,0.107413,0.040000
z_0140_589.610039.png,#f4d03f,2,124.325902,4.238383,0.169535,0.040000
z_0140_589.610039.png,#f5b041,2,127.053824,4.331380,0.173255,0.040000
z_0140_589.610039.png,#f9e79f,5,90.769553,3.094417,0.123777,0.040000
z_0141_590.621622.png,#1abc9c,1,55.698485,1.898812,0.075952,0.040000
z_0141_590.621622.png,#1f618d,14,3383351.938167,115341.543347,4613.661734,0.040000
z_0141_590.621622.png,#58d68d,3,138.225397,4.712229,0.188489,0.040000
z_0141_590.621622.png,#5d6d7e,4,152.468037,5.197774,0.207911,0.040000
z_0141_590.621622.png,#5dade2,1,66.870058,2.279661,0.091186,0.040000
z_0141_590.621622.png,#6c3483,1,128.468037,4.379592,0.175184,0.040000
z_0141_590.621622.png,#76d7c4,2,161.296465,5.498743,0.219950,0.040000
z_0141_590.621622.png,#7d6608,8,543.587878,18.531405,0.741256,0.040000
z_0141_590.621622.png,#7e5109,4,247.823376,8.448524,0.337941,0.040000
z_0141_590.621622.png,#aed6f1,2,205.580736,7.008434,0.280337,0.040000
z_0141_590.621622.png,#d7bde2,2,360.291414,12.282662,0.491306,0.040000
z_0141_590.621622.png,#eb984e,2,75.941125,2.588902,0.103556,0.040000
z_0141_590.621622.png,#f4d03f,2,117.840620,4.017294,0.160692,0.040000
z_0141_590.621622.png,#f5b041,2,116.325902,3.965656,0.158626,0.040000
z_0141_590.621622.png,#f9e79f,5,86.769553,2.958053,0.118322,0.040000
z_0142_591.633205.png,#1abc9c,1,57.355339,1.955296,0.078212,0.040000
z_0142_591.633205.png,#1f618d,12,749.168614,25.539839,1.021594,0.040000
z_0142_591.633205.png,#58d68d,2,167.095454,5.696436,0.227857,0.040000
z_0142_591.633205.png,#5d6d7e,4,152.225397,5.189502,0.207580,0.040000
z_0142_591.633205.png,#5dade2,1,66.870058,2.279661,0.091186,0.040000
z_0142_591.633205.png,#6c3483,1,122.911688,4.190171,0.167607,0.040000
z_0142_591.633205.png,#76d7c4,3,123.396970,4.206715,0.168269,0.040000
z_0142_591.633205.png,#7d6608,8,568.215295,19.370976,0.774839,0.040000
z_0142_591.633205.png,#7e5109,4,275.036580,9.376247,0.375050,0.040000
z_0142_591.633205.png,#aed6f1,2,176.267027,6.009103,0.240364,0.040000
z_0142_591.633205.png,#d7bde2,2,369.989899,12.613292,0.504532,0.040000
z_0142_591.633205.png,#eb984e,2,71.112698,2.424297,0.096972,0.040000
z_0142_591.633205.png,#f4d03f,2,114.426407,3.900900,0.156036,0.040000
z_0142_591.633205.png,#f5b041,2,105.497475,3.596505,0.143860,0.040000
z_0142_591.633205.png,#f9e79f,4,3751355.218320,127887.109715,5115.484389,0.040000
z_0143_592.644788.png,#1abc9c,1,57.112698,1.947024,0.077881,0.040000
z_0143_592.644788.png,#1f618d,13,701.854906,23.926872,0.957075,0.040000
z_0143_592.644788.png,#58d68d,2,175.195959,5.972590,0.238904,0.040000
z_0143_592.644788.png,#5d6d7e,4,167.195959,5.699862,0.227994,0.040000
z_0143_592.644788.png,#5dade2,1,67.355339,2.296205,0.091848,0.040000
z_0143_592.644788.png,#6c3483,1,113.740115,3.877504,0.155100,0.040000
z_0143_592.644788.png,#76d7c4,3,93.355339,3.182568,0.127303,0.040000
z_0143_592.644788.png,#7d6608,10,556.315801,18.965311,0.758612,0.040000
z_0143_592.644788.png,#7e5109,4,306.249783,10.440334,0.417613,0.040000
z_0143_592.644788.png,#aed6f1,2,160.852814,5.483619,0.219345,0.040000
z_0143_592.644788.png,#d7bde2,2,385.303607,13.135350,0.525414,0.040000
z_0143_592.644788.png,#eb984e,2,70.284271,2.396055,0.095842,0.040000
z_0143_592.644788.png,#f4d03f,2,103.840620,3.540021,0.141601,0.040000
z_0143_592.644788.png,#f5b041,2,85.840620,2.926385,0.117055,0.040000
z_0143_592.644788.png,#f9e79f,4,111.982756,3.817594,0.152704,0.040000
z_0144_593.656371.png,#1abc9c,1,58.284271,1.986964,0.079479,0.040000
z_0144_593.656371.png,#1f618d,15,694.984848,23.692665,0.947707,0.040000
z_0144_593.656371.png,#58d68d,1,171.539105,5.847924,0.233917,0.040000
z_0144_593.656371.png,#5d6d7e,4,170.610173,5.816256,0.232650,0.040000
z_0144_593.656371.png,#5dade2,1,63.698485,2.171539,0.086862,0.040000
z_0144_593.656371.png,#6c3483,1,111.497475,3.801050,0.152042,0.040000
z_0144_593.656371.png,#76d7c4,4,75.941125,2.588902,0.103556,0.040000
z_0144_593.656371.png,#7d6608,11,527.345238,17.977679,0.719107,0.040000
z_0144_593.656371.png,#7e5109,4,313.421356,10.684819,0.427393,0.040000
z_0144_593.656371.png,#aed6f1,2,152.953319,5.214318,0.208573,0.040000
z_0144_593.656371.png,#d7bde2,2,398.132034,13.572683,0.542907,0.040000
z_0144_593.656371.png,#eb984e,2,63.698485,2.171539,0.086862,0.040000
z_0144_593.656371.png,#f4d03f,2,94.669048,3.227354,0.129094,0.040000
z_0144_593.656371.png,#f5b041,2,79.112698,2.697024,0.107881,0.040000
z_0144_593.656371.png,#f9e79f,3,110.568542,3.769382,0.150775,0.040000
z_0145_594.667954.png,#1abc9c,1,56.041631,1.910510,0.076420,0.040000
z_0145_594.667954.png,#1f618d,15,691.369624,23.569419,0.942777,0.040000
z_0145_594.667954.png,#58d68d,1,141.254834,4.815506,0.192620,0.040000
z_0145_594.667954.png,#5d6d7e,4,171.195959,5.836226,0.233449,0.040000
z_0145_594.667954.png,#5dade2,1,60.041631,2.046874,0.081875,0.040000
z_0145_594.667954.png,#6c3483,1,103.497475,3.528323,0.141133,0.040000
z_0145_594.667954.png,#76d7c4,2,53.556349,1.825785,0.073031,0.040000
z_0145_594.667954.png,#7d6608,12,496.416306,16.923283,0.676931,0.040000
z_0145_594.667954.png,#7e5109,4,317.663997,10.829454,0.433178,0.040000
z_0145_594.667954.png,#aed6f1,2,123.396970,4.206715,0.168269,0.040000
z_0145_594.667954.png,#d7bde2,2,442.416306,15.082374,0.603295,0.040000
z_0145_594.667954.png,#eb984e,2,67.941125,2.316175,0.092647,0.040000
z_0145_594.667954.png,#f4d03f,2,81.597980,2.781749,0.111270,0.040000
z_0145_594.667954.png,#f5b041,2,74.526912,2.540690,0.101628,0.040000
z_0145_594.667954.png,#f9e79f,6,121.396970,4.138533,0.165541,0.040000
z_0146_595.679537.png,#1abc9c,1,56.041631,1.910510,0.076420,0.040000
z_0146_595.679537.png,#1f618d,15,689.612265,23.509509,0.940380,0.040000
z_0146_595.679537.png,#58d68d,1,142.083261,4.843748,0.193750,0.040000
z_0146_595.679537.png,#5d6d7e,4,172.367532,5.876166,0.235047,0.040000
z_0146_595.679537.png,#5dade2,1,60.627417,2.066844,0.082674,0.040000
z_0146_595.679537.png,#6c3483,1,103.497475,3.528323,0.141133,0.040000
z_0146_595.679537.png,#76d7c4,2,54.384776,1.854026,0.074161,0.040000
z_0146_595.679537.png,#7d6608,12,494.901587,16.871645,0.674866,0.040000
z_0146_595.679537.png,#7e5109,4,319.078210,10.877666,0.435107,0.040000
z_0146_595.679537.png,#aed6f1,2,122.811183,4.186745,0.167470,0.040000
z_0146_595.679537.png,#d7bde2,2,441.830519,15.062404,0.602496,0.040000
z_0146_595.679537.png,#eb984e,2,68.769553,2.344417,0.093777,0.040000
z_0146_595.679537.png,#f4d03f,2,81.597980,2.781749,0.111270,0.040000
z_0146_595.679537.png,#f5b041,2,74.526912,2.540690,0.101628,0.040000
z_0146_595.679537.png,#f9e79f,6,119.396970,4.070351,0.162814,0.040000
z_0147_596.691120.png,#1abc9c,1,58.870058,2.006934,0.080277,0.040000
z_0147_596.691120.png,#1f618d,13,702.683333,23.955114,0.958205,0.040000
z_0147_596.691120.png,#58d68d,2,101.112698,3.447024,0.137881,0.040000
z_0147_596.691120.png,#5d6d7e,5,190.710678,6.501500,0.260060,0.040000
z_0147_596.691120.png,#5dade2,1,57.455844,1.958722,0.078349,0.040000
z_0147_596.691120.png,#6c3483,2,77.355339,2.637114,0.105485,0.040000
z_0147_596.691120.png,#76d7c4,1,30.485281,1.039271,0.041571,0.040000
z_0147_596.691120.png,#7d6608,9,427.060967,14.558897,0.582356,0.040000
z_0147_596.691120.png,#7e5109,4,326.835570,11.142122,0.445685,0.040000
z_0147_596.691120.png,#aed6f1,2,58.384776,1.990390,0.079616,0.040000
z_0147_596.691120.png,#d7bde2,4,492.073160,16.775221,0.671009,0.040000
z_0147_596.691120.png,#eb984e,2,73.355339,2.500750,0.100030,0.040000
z_0147_596.691120.png,#f4d03f,1,36.142136,1.232118,0.049285,0.040000
z_0147_596.691120.png,#f5b041,2,71.941125,2.452538,0.098102,0.040000
z_0147_596.691120.png,#f9e79f,2,126.710678,4.319682,0.172787,0.040000
z_0148_597.702703.png,#1abc9c,1,58.870058,2.006934,0.080277,0.040000
z_0148_597.702703.png,#1f618d,12,695.126984,23.697511,0.947900,0.040000
z_0148_597.702703.png,#58d68d,1,89.112698,3.037933,0.121517,0.040000
z_0148_597.702703.png,#5d6d7e,5,199.095454,6.787345,0.271494,0.040000
z_0148_597.702703.png,#5dade2,2,78.284271,2.668782,0.106751,0.040000
z_0148_597.702703.png,#6c3483,1,60.870058,2.075116,0.083005,0.040000
z_0148_597.702703.png,#76d7c4,1,30.142136,1.027573,0.041103,0.040000
z_0148_597.702703.png,#7d6608,8,425.989899,14.522383,0.580895,0.040000
z_0148_597.702703.png,#7e5109,4,332.835570,11.346667,0.453867,0.040000
z_0148_597.702703.png,#aed6f1,2,43.213203,1.473177,0.058927,0.040000
z_0148_597.702703.png,#d7bde2,2,512.901587,17.485281,0.699411,0.040000
z_0148_597.702703.png,#eb984e,2,3914054.368071,133433.671639,5337.346866,0.040000
z_0148_597.702703.png,#f4d03f,1,30.485281,1.039271,0.041571,0.040000
z_0148_597.702703.png,#f5b041,2,70.183766,2.392628,0.095705,0.040000
z_0148_597.702703.png,#f9e79f,2,127.982756,4.363049,0.174522,0.040000
z_0149_598.714286.png,#1abc9c,1,58.284271,1.986964,0.079479,0.040000
z_0149_598.714286.png,#1f618d,12,689.955411,23.521207,0.940848,0.040000
z_0149_598.714286.png,#58d68d,1,82.870058,2.825116,0.113005,0.040000
z_0149_598.714286.png,#5d6d7e,4,211.923882,7.224678,0.288987,0.040000
z_0149_598.714286.png,#5dade2,2,82.526912,2.813417,0.112537,0.040000
z_0149_598.714286.png,#6c3483,1,41.213203,1.404996,0.056200,0.040000
z_0149_598.714286.png,#76d7c4,1,28.485281,0.971089,0.038844,0.040000
z_0149_598.714286.png,#7d6608,8,415.989899,14.181474,0.567259,0.040000
z_0149_598.714286.png,#7e5109,4,336.391919,11.467906,0.458716,0.040000
z_0149_598.714286.png,#aed6f1,1,22.485281,0.766544,0.030662,0.040000
z_0149_598.714286.png,#d7bde2,2,513.102597,17.492134,0.699685,0.040000
z_0149_598.714286.png,#eb984e,2,75.597980,2.577204,0.103088,0.040000
z_0149_598.714286.png,#f4d03f,1,21.071068,0.718332,0.028733,0.040000
z_0149_598.714286.png,#f5b041,2,64.183766,2.188083,0.087523,0.040000
z_0149_598.714286.png,#f9e79f,2,145.882251,4.973259,0.198930,0.040000
z_0150_599.725869.png,#1abc9c,1,57.798990,1.970420,0.078817,0.040000
z_0150_599.725869.png,#1f618d,10,659.126984,22.470238,0.898810,0.040000
z_0150_599.725869.png,#58d68d,1,69.455844,2.367813,0.094713,0.040000
z_0150_599.725869.png,#5d6d7e,4,222.994949,7.602101,0.304084,0.040000
z_0150_599.725869.png,#5dade2,2,78.627417,2.680480,0.107219,0.040000
z_0150_599.725869.png,#6c3483,1,36.627417,1.248662,0.049946,0.040000
z_0150_599.725869.png,#76d7c4,3,27.313708,0.931149,0.037246,0.040000
z_0150_599.725869.png,#7d6608,8,426.232539,14.530655,0.581226,0.040000
z_0150_599.725869.png,#7e5109,4,337.462987,11.504420,0.460177,0.040000
z_0150_599.725869.png,#aed6f1,1,21.313708,0.726604,0.029064,0.040000
z_0150_599.725869.png,#d7bde2,2,525.345238,17.909497,0.716380,0.040000
z_0150_599.725869.png,#eb984e,2,81.698485,2.785176,0.111407,0.040000
z_0150_599.725869.png,#f4d03f,1,23.313708,0.794786,0.031791,0.040000
z_0150_599.725869.png,#f5b041,2,60.526912,2.063417,0.082537,0.040000
z_0150_599.725869.png,#f9e79f,2,152.367532,5.194348,0.207774,0.040000
z_0151_600.737452.png,#1abc9c,1,59.455844,2.026904,0.081076,0.040000
z_0151_600.737452.png,#1f618d,10,663.813275,22.629998,0.905200,0.040000
z_0151_600.737452.png,#58d68d,1,55.213203,1.882268,0.075291,0.040000
z_0151_600.737452.png,#5d6d7e,4,231.622366,7.896217,0.315849,0.040000
z_0151_600.737452.png,#5dade2,2,79.698485,2.716994,0.108680,0.040000
z_0151_600.737452.png,#6c3483,1,33.798990,1.152238,0.046090,0.040000
z_0151_600.737452.png,#76d7c4,1,25.071068,0.854695,0.034188,0.040000
z_0151_600.737452.png,#7d6608,8,442.132034,15.072683,0.602907,0.040000
z_0151_600.737452.png,#7e5109,4,336.977705,11.487876,0.459515,0.040000
z_0151_600.737452.png,#aed6f1,1,16.242641,0.553726,0.022149,0.040000
z_0151_600.737452.png,#d7bde2,2,497.445743,16.958378,0.678335,0.040000
z_0151_600.737452.png,#eb984e,2,87.254834,2.974597,0.118984,0.040000
z_0151_600.737452.png,#f4d03f,1,19.071068,0.650150,0.026006,0.040000
z_0151_600.737452.png,#f5b041,2,89.254834,3.042778,0.121711,0.040000
z_0151_600.737452.png,#f9e79f,2,4046377.595401,137944.690752,5517.787630,0.040000
z_0152_601.749035.png,#1abc9c,1,61.455844,2.095086,0.083803,0.040000
z_0152_601.749035.png,#1f618d,9,664.399062,22.649968,0.905999,0.040000
z_0152_601.749035.png,#58d68d,1,39.899495,1.360210,0.054408,0.040000
z_0152_601.749035.png,#5d6d7e,4,225.722871,7.695098,0.307804,0.040000
z_0152_601.749035.png,#5dade2,2,77.112698,2.628842,0.105154,0.040000
z_0152_601.749035.png,#6c3483,1,28.142136,0.959391,0.038376,0.040000
z_0152_601.749035.png,#76d7c4,2,21.071068,0.718332,0.028733,0.040000
z_0152_601.749035.png,#7d6608,10,7764113.161751,264685.675969,10587.427039,0.040000
z_0152_601.749035.png,#7e5109,4,329.320851,11.226847,0.449074,0.040000
z_0152_601.749035.png,#aed6f1,1,14.242641,0.485545,0.019422,0.040000
z_0152_601.749035.png,#d7bde2,2,498.416306,16.991465,0.679659,0.040000
z_0152_601.749035.png,#eb984e,2,95.254834,3.247324,0.129893,0.040000
z_0152_601.749035.png,#f4d03f,1,21.656854,0.738302,0.029532,0.040000
z_0152_601.749035.png,#f5b041,2,88.183766,3.006265,0.120251,0.040000
z_0152_601.749035.png,#f9e79f,2,156.811183,5.345836,0.213833,0.040000
z_0153_602.760618.png,#1abc9c,1,58.627417,1.998662,0.079946,0.040000
z_0153_602.760618.png,#1f618d,9,670.198052,22.847661,0.913906,0.040000
z_0153_602.760618.png,#58d68d,1,27.071068,0.922877,0.036915,0.040000
z_0153_602.760618.png,#5d6d7e,4,228.308658,7.783250,0.311330,0.040000
z_0153_602.760618.png,#5dade2,2,74.526912,2.540690,0.101628,0.040000
z_0153_602.760618.png,#6c3483,1,27.656854,0.942847,0.037714,0.040000
z_0153_602.760618.png,#76d7c4,1,6.000000,0.204545,0.008182,0.040000
z_0153_602.760618.png,#7d6608,10,553.144228,18.857190,0.754288,0.040000
z_0153_602.760618.png,#7e5109,5,312.350288,10.648305,0.425932,0.040000
z_0153_602.760618.png,#aed6f1,1,12.000000,0.409091,0.016364,0.040000
z_0153_602.760618.png,#d7bde2,3,456.859956,15.574771,0.622991,0.040000
z_0153_602.760618.png,#eb984e,2,96.083261,3.275566,0.131023,0.040000
z_0153_602.760618.png,#f4d03f,1,26.727922,0.911179,0.036447,0.040000
z_0153_602.760618.png,#f5b041,2,86.769553,2.958053,0.118322,0.040000
z_0153_602.760618.png,#f9e79f,3,152.811183,5.209472,0.208379,0.040000
z_0154_603.772201.png,#1abc9c,1,59.798990,2.038602,0.081544,0.040000
z_0154_603.772201.png,#1f618d,8,655.470129,22.345573,0.893823,0.040000
z_0154_603.772201.png,#58d68d,1,23.071068,0.786514,0.031461,0.040000
z_0154_603.772201.png,#5d6d7e,4,224.651804,7.658584,0.306343,0.040000
z_0154_603.772201.png,#5dade2,2,76.769553,2.617144,0.104686,0.040000
z_0154_603.772201.png,#6c3483,1,25.899495,0.882937,0.035317,0.040000
z_0154_603.772201.png,#76d7c4,1,0.000000,0.000000,0.000000,0.040000
z_0154_603.772201.png,#7d6608,11,746.139177,25.436563,1.017463,0.040000
z_0154_603.772201.png,#7e5109,5,288.592929,9.838395,0.393536,0.040000
z_0154_603.772201.png,#aed6f1,1,12.828427,0.437333,0.017493,0.040000
z_0154_603.772201.png,#d7bde2,3,429.788889,14.651894,0.586076,0.040000
z_0154_603.772201.png,#eb984e,3,113.740115,3.877504,0.155100,0.040000
z_0154_603.772201.png,#f4d03f,1,35.556349,1.212148,0.048486,0.040000
z_0154_603.772201.png,#f5b041,2,85.355339,2.909841,0.116394,0.040000
z_0154_603.772201.png,#f9e79f,2,161.882251,5.518713,0.220749,0.040000
z_0155_604.783784.png,#1abc9c,1,60.384776,2.058572,0.082343,0.040000
z_0155_604.783784.png,#1f618d,8,615.428499,20.980517,0.839221,0.040000
z_0155_604.783784.png,#58d68d,1,19.899495,0.678392,0.027136,0.040000
z_0155_604.783784.png,#5d6d7e,4,218.852814,7.460891,0.298436,0.040000
z_0155_604.783784.png,#5dade2,3,113.740115,3.877504,0.155100,0.040000
z_0155_604.783784.png,#6c3483,1,25.313708,0.862967,0.034519,0.040000
z_0155_604.783784.png,#7d6608,11,755.796031,25.765774,1.030631,0.040000
z_0155_604.783784.png,#7e5109,5,276.350288,9.421033,0.376841,0.040000
z_0155_604.783784.png,#aed6f1,1,14.485281,0.493816,0.019753,0.040000
z_0155_604.783784.png,#d7bde2,3,386.776695,13.185569,0.527423,0.040000
z_0155_604.783784.png,#eb984e,3,131.639610,4.487714,0.179509,0.040000
z_0155_604.783784.png,#f4d03f,1,40.627417,1.385026,0.055401,0.040000
z_0155_604.783784.png,#f5b041,2,84.769553,2.889871,0.115595,0.040000
z_0155_604.783784.png,#f9e79f,3,171.781746,5.856196,0.234248,0.040000
z_0156_605.795367.png,#1abc9c,1,60.384776,2.058572,0.082343,0.040000
z_0156_605.795367.png,#1f618d,8,614.014285,20.932305,0.837292,0.040000
z_0156_605.795367.png,#58d68d,1,19.899495,0.678392,0.027136,0.040000
z_0156_605.795367.png,#5d6d7e,4,211.438600,7.208134,0.288325,0.040000
z_0156_605.795367.png,#5dade2,3,112.325902,3.829292,0.153172,0.040000
z_0156_605.795367.png,#6c3483,1,25.313708,0.862967,0.034519,0.040000
z_0156_605.795367.png,#7d6608,11,758.038672,25.842227,1.033689,0.040000
z_0156_605.795367.png,#7e5109,5,276.350288,9.421033,0.376841,0.040000
z_0156_605.795367.png,#aed6f1,1,14.485281,0.493816,0.019753,0.040000
z_0156_605.795367.png,#d7bde2,3,385.605122,13.145629,0.525825,0.040000
z_0156_605.795367.png,#eb984e,3,131.639610,4.487714,0.179509,0.040000
z_0156_605.795367.png,#f4d03f,1,41.213203,1.404996,0.056200,0.040000
z_0156_605.795367.png,#f5b041,2,82.526912,2.813417,0.112537,0.040000
z_0156_605.795367.png,#f9e79f,3,171.195959,5.836226,0.233449,0.040000
z_0157_606.806950.png,#1abc9c,1,69.213203,2.359541,0.094382,0.040000
z_0157_606.806950.png,#1f618d,9,3383036.516811,115330.790346,4613.231614,0.040000
z_0157_606.806950.png,#58d68d,1,127.781746,4.356196,0.174248,0.040000
z_0157_606.806950.png,#5d6d7e,3,257.764502,8.787426,0.351497,0.040000
z_0157_606.806950.png,#5dade2,2,116.568542,3.973928,0.158957,0.040000
z_0157_606.806950.png,#6c3483,1,26.485281,0.902907,0.036116,0.040000
z_0157_606.806950.png,#7d6608,8,725.653896,24.738201,0.989528,0.040000
z_0157_606.806950.png,#7e5109,6,231.580736,7.894798,0.315792,0.040000
z_0157_606.806950.png,#aed6f1,1,29.556349,1.007603,0.040304,0.040000
z_0157_606.806950.png,#d7bde2,2,350.877200,11.961723,0.478469,0.040000
z_0157_606.806950.png,#eb984e,3,182.509668,6.221920,0.248877,0.040000
z_0157_606.806950.png,#f4d03f,1,54.870058,1.870570,0.074823,0.040000
z_0157_606.806950.png,#f5b041,2,77.798990,2.652238,0.106090,0.040000
z_0157_606.806950.png,#f9e79f,3,188.509668,6.426466,0.257059,0.040000
z_0158_607.818533.png,#1abc9c,1,69.213203,2.359541,0.094382,0.040000
z_0158_607.818533.png,#1f618d,9,3383040.516811,115330.926709,4613.237068,0.040000
z_0158_607.818533.png,#58d68d,1,130.610173,4.452620,0.178105,0.040000
z_0158_607.818533.png,#5d6d7e,3,258.350288,8.807396,0.352296,0.040000
z_0158_607.818533.png,#5dade2,2,116.568542,3.973928,0.158957,0.040000
z_0158_607.818533.png,#6c3483,1,25.071068,0.854695,0.034188,0.040000
z_0158_607.818533.png,#7d6608,8,727.068109,24.786413,0.991457,0.040000
z_0158_607.818533.png,#7e5109,6,230.166522,7.846586,0.313863,0.040000
z_0158_607.818533.png,#aed6f1,1,30.384776,1.035845,0.041434,0.040000
z_0158_607.818533.png,#d7bde2,2,349.806133,11.925209,0.477008,0.040000
z_0158_607.818533.png,#eb984e,3,182.509668,6.221920,0.248877,0.040000
z_0158_607.818533.png,#f4d03f,1,54.870058,1.870570,0.074823,0.040000
z_0158_607.818533.png,#f5b041,2,78.627417,2.680480,0.107219,0.040000
z_0158_607.818533.png,#f9e79f,3,187.338095,6.386526,0.255461,0.040000
z_0159_608.830116.png,#1abc9c,1,70.870058,2.416025,0.096641,0.040000
z_0159_608.830116.png,#1f618d,8,484.516811,16.517619,0.660705,0.040000
z_0159_608.830116.png,#58d68d,2,124.610173,4.248074,0.169923,0.040000
z_0159_608.830116.png,#5d6d7e,3,256.793939,8.754339,0.350174,0.040000
z_0159_608.830116.png,#5dade2,2,115.154329,3.925716,0.157029,0.040000
z_0159_608.830116.png,#6c3483,1,26.142136,0.891209,0.035648,0.040000
z_0159_608.830116.png,#7d6608,6,698.340187,23.807052,0.952282,0.040000
z_0159_608.830116.png,#7e5109,6,220.894444,7.530492,0.301220,0.040000
z_0159_608.830116.png,#aed6f1,1,34.384776,1.172208,0.046888,0.040000
z_0159_608.830116.png,#d7bde2,2,344.534055,11.745479,0.469819,0.040000
z_0159_608.830116.png,#eb984e,3,186.994949,6.374828,0.254993,0.040000
z_0159_608.830116.png,#f4d03f,1,58.041631,1.978692,0.079148,0.040000
z_0159_608.830116.png,#f5b041,2,63.798990,2.174966,0.086999,0.040000
z_0159_608.830116.png,#f9e79f,5,198.852814,6.779073,0.271163,0.040000
z_0160_609.841699.png,#1abc9c,1,74.526912,2.540690,0.101628,0.040000
z_0160_609.841699.png,#1f618d,9,483.688384,16.489377,0.659575,0.040000
z_0160_609.841699.png,#58d68d,2,132.024387,4.500831,0.180033,0.040000
z_0160_609.841699.png,#5d6d7e,3,256.793939,8.754339,0.350174,0.040000
z_0160_609.841699.png,#5dade2,1,51.698485,1.762448,0.070498,0.040000
z_0160_609.841699.png,#6c3483,1,27.313708,0.931149,0.037246,0.040000
z_0160_609.841699.png,#7d6608,7,599.185858,20.426791,0.817072,0.040000
z_0160_609.841699.png,#7e5109,6,200.710678,6.842409,0.273696,0.040000
z_0160_609.841699.png,#aed6f1,1,36.142136,1.232118,0.049285,0.040000
z_0160_609.841699.png,#d7bde2,2,318.007143,10.841153,0.433646,0.040000
z_0160_609.841699.png,#eb984e,4,188.267027,6.418194,0.256728,0.040000
z_0160_609.841699.png,#f4d03f,1,62.870058,2.143297,0.085732,0.040000
z_0160_609.841699.png,#f5b041,3,74.284271,2.532418,0.101297,0.040000
z_0160_609.841699.png,#f9e79f,4,207.681241,7.080042,0.283202,0.040000
z_0161_610.853282.png,#1abc9c,1,76.769553,2.617144,0.104686,0.040000
z_0161_610.853282.png,#1f618d,10,500.173665,17.051375,0.682055,0.040000
z_0161_610.853282.png,#58d68d,2,131.882251,4.495986,0.179839,0.040000
z_0161_610.853282.png,#5d6d7e,3,256.208153,8.734369,0.349375,0.040000
z_0161_610.853282.png,#5dade2,1,52.870058,1.802388,0.072096,0.040000
z_0161_610.853282.png,#6c3483,1,28.970563,0.987633,0.039505,0.040000
z_0161_610.853282.png,#7d6608,6,578.901587,19.735281,0.789411,0.040000
z_0161_610.853282.png,#7e5109,6,189.781746,6.469832,0.258793,0.040000
z_0161_610.853282.png,#aed6f1,1,42.627417,1.453207,0.058128,0.040000
z_0161_610.853282.png,#d7bde2,2,303.320851,10.340484,0.413619,0.040000
z_0161_610.853282.png,#eb984e,4,196.752309,6.707465,0.268299,0.040000
z_0161_610.853282.png,#f4d03f,1,67.112698,2.287933,0.091517,0.040000
z_0161_610.853282.png,#f5b041,3,87.941125,2.997993,0.119920,0.040000
z_0161_610.853282.png,#f9e79f,5,227.580736,7.758434,0.310337,0.040000
z_0162_611.864865.png,#1abc9c,1,90.426407,3.082718,0.123309,0.040000
z_0162_611.864865.png,#1f618d,9,511.002092,17.420526,0.696821,0.040000
z_0162_611.864865.png,#58d68d,3,3849628.217995,131237.325613,5249.493025,0.040000
z_0162_611.864865.png,#5d6d7e,3,264.350288,9.011942,0.360478,0.040000
z_0162_611.864865.png,#5dade2,1,50.870058,1.734207,0.069368,0.040000
z_0162_611.864865.png,#6c3483,1,26.142136,0.891209,0.035648,0.040000
z_0162_611.864865.png,#7d6608,7,520.374675,17.740046,0.709602,0.040000
z_0162_611.864865.png,#7e5109,6,175.539105,5.984288,0.239372,0.040000
z_0162_611.864865.png,#aed6f1,1,23.313708,0.794786,0.031791,0.040000
z_0162_611.864865.png,#d7bde2,2,278.350288,9.489214,0.379569,0.040000
z_0162_611.864865.png,#eb984e,4,201.580736,6.872071,0.274883,0.040000
z_0162_611.864865.png,#f4d03f,1,77.355339,2.637114,0.105485,0.040000
z_0162_611.864865.png,#f5b041,3,100.426407,3.423628,0.136945,0.040000
z_0162_611.864865.png,#f9e79f,6,248.894444,8.485038,0.339402,0.040000
z_0163_612.876448.png,#1abc9c,1,90.426407,3.082718,0.123309,0.040000
z_0163_612.876448.png,#1f618d,9,509.587878,17.372314,0.694893,0.040000
z_0163_612.876448.png,#58d68d,3,4083147.255924,139198.201907,5567.928076,0.040000
z_0163_612.876448.png,#5d6d7e,3,264.350288,9.011942,0.360478,0.040000
z_0163_612.876448.png,#5dade2,1,50.870058,1.734207,0.069368,0.040000
z_0163_612.876448.png,#6c3483,1,25.313708,0.862967,0.034519,0.040000
z_0163_612.876448.png,#7d6608,7,521.788889,17.788258,0.711530,0.040000
z_0163_612.876448.png,#7e5109,6,176.610173,6.020801,0.240832,0.040000
z_0163_612.876448.png,#aed6f1,1,23.313708,0.794786,0.031791,0.040000
z_0163_612.876448.png,#d7bde2,2,279.764502,9.537426,0.381497,0.040000
z_0163_612.876448.png,#eb984e,4,202.166522,6.892041,0.275682,0.040000
z_0163_612.876448.png,#f4d03f,1,77.355339,2.637114,0.105485,0.040000
z_0163_612.876448.png,#f5b041,3,101.254834,3.451869,0.138075,0.040000
z_0163_612.876448.png,#f9e79f,6,249.137085,8.493310,0.339732,0.040000
z_0164_613.888031.png,#1abc9c,1,95.740115,3.263868,0.130555,0.040000
z_0164_613.888031.png,#1f618d,10,510.073160,17.388858,0.695554,0.040000
z_0164_613.888031.png,#58d68d,2,3849619.975354,131237.044614,5249.481785,0.040000
z_0164_613.888031.png,#5d6d7e,3,263.865007,8.995398,0.359816,0.040000
z_0164_613.888031.png,#5dade2,1,49.455844,1.685995,0.067440,0.040000
z_0164_613.888031.png,#6c3483,1,23.656854,0.806484,0.032259,0.040000
z_0164_613.888031.png,#7d6608,6,479.303607,16.339896,0.653596,0.040000
z_0164_613.888031.png,#7e5109,6,167.781746,5.719832,0.228793,0.040000
z_0164_613.888031.png,#aed6f1,1,21.899495,0.746574,0.029863,0.040000
z_0164_613.888031.png,#d7bde2,2,273.036580,9.308065,0.372323,0.040000
z_0164_613.888031.png,#eb984e,4,199.681241,6.807315,0.272293,0.040000
z_0164_613.888031.png,#f4d03f,1,82.183766,2.801719,0.112069,0.040000
z_0164_613.888031.png,#f5b041,3,101.698485,3.466994,0.138680,0.040000
z_0164_613.888031.png,#f9e79f,7,266.450793,9.083550,0.363342,0.040000
z_0165_614.899614.png,#1abc9c,1,107.639610,3.669532,0.146781,0.040000
z_0165_614.899614.png,#1f618d,9,489.587878,16.690496,0.667620,0.040000
z_0165_614.899614.png,#58d68d,1,30.485281,1.039271,0.041571,0.040000
z_0165_614.899614.png,#5d6d7e,4,279.622366,9.532581,0.381303,0.040000
z_0165_614.899614.png,#5dade2,1,52.284271,1.782418,0.071297,0.040000
z_0165_614.899614.png,#6c3483,1,23.899495,0.814756,0.032590,0.040000
z_0165_614.899614.png,#7d6608,6,465.060967,15.854351,0.634174,0.040000
z_0165_614.899614.png,#7e5109,5,163.882251,5.586895,0.223476,0.040000
z_0165_614.899614.png,#aed6f1,1,19.899495,0.678392,0.027136,0.040000
z_0165_614.899614.png,#d7bde2,2,277.865007,9.472671,0.378907,0.040000
z_0165_614.899614.png,#eb984e,4,194.024387,6.614468,0.264579,0.040000
z_0165_614.899614.png,#f4d03f,1,84.526912,2.881599,0.115264,0.040000
z_0165_614.899614.png,#f5b041,3,109.597980,3.736295,0.149452,0.040000
z_0165_614.899614.png,#f9e79f,7,272.450793,9.288095,0.371524,0.040000
z_0166_615.911197.png,#1abc9c,1,111.982756,3.817594,0.152704,0.040000
z_0166_615.911197.png,#1f618d,10,522.173665,17.801375,0.712055,0.040000
z_0166_615.911197.png,#58d68d,1,32.727922,1.115725,0.044629,0.040000
z_0166_615.911197.png,#5d6d7e,4,287.036580,9.785338,0.391414,0.040000
z_0166_615.911197.png,#5dade2,1,51.455844,1.754177,0.070167,0.040000
z_0166_615.911197.png,#6c3483,1,22.485281,0.766544,0.030662,0.040000
z_0166_615.911197.png,#7d6608,6,414.918831,14.144960,0.565798,0.040000
z_0166_615.911197.png,#7e5109,4,157.639610,5.374078,0.214963,0.040000
z_0166_615.911197.png,#aed6f1,1,23.556349,0.803057,0.032122,0.040000
z_0166_615.911197.png,#d7bde2,2,276.450793,9.424459,0.376978,0.040000
z_0166_615.911197.png,#eb984e,4,199.681241,6.807315,0.272293,0.040000
z_0166_615.911197.png,#f4d03f,1,87.112698,2.969751,0.118790,0.040000
z_0166_615.911197.png,#f5b041,3,124.568542,4.246655,0.169866,0.040000
z_0166_615.911197.png,#f9e79f,5,276.107648,9.412761,0.376510,0.040000
z_0167_616.922780.png,#1abc9c,1,111.396970,3.797624,0.151905,0.040000
z_0167_616.922780.png,#1f618d,11,555.487373,18.937070,0.757483,0.040000
z_0167_616.922780.png,#58d68d,1,32.142136,1.095755,0.043830,0.040000
z_0167_616.922780.png,#5d6d7e,5,278.693434,9.500913,0.380037,0.040000
z_0167_616.922780.png,#5dade2,1,52.627417,1.794116,0.071765,0.040000
z_0167_616.922780.png,#6c3483,1,17.656854,0.601938,0.024078,0.040000
z_0167_616.922780.png,#7d6608,5,326.877200,11.143541,0.445742,0.040000
z_0167_616.922780.png,#7e5109,4,157.639610,5.374078,0.214963,0.040000
z_0167_616.922780.png,#aed6f1,1,28.142136,0.959391,0.038376,0.040000
z_0167_616.922780.png,#d7bde2,2,275.865007,9.404489,0.376180,0.040000
z_0167_616.922780.png,#eb984e,4,198.267027,6.759103,0.270364,0.040000
z_0167_616.922780.png,#f4d03f,1,91.355339,3.114387,0.124575,0.040000
z_0167_616.922780.png,#f5b041,3,132.568542,4.519382,0.180775,0.040000
z_0167_616.922780.png,#f9e79f,7,268.936075,9.168275,0.366731,0.040000
z_0168_617.934363.png,#1abc9c,1,111.154329,3.789352,0.151574,0.040000
z_0168_617.934363.png,#1f618d,10,602.742207,20.548030,0.821921,0.040000
z_0168_617.934363.png,#58d68d,1,36.970563,1.260360,0.050414,0.040000
z_0168_617.934363.png,#5d6d7e,6,289.178716,9.858365,0.394335,0.040000
z_0168_617.934363.png,#5dade2,2,106.911688,3.644717,0.145789,0.040000
z_0168_617.934363.png,#6c3483,1,19.899495,0.678392,0.027136,0.040000
z_0168_617.934363.png,#76d7c4,1,0.000000,0.000000,0.000000,0.040000
z_0168_617.934363.png,#7d6608,5,305.421356,10.412092,0.416484,0.040000
z_0168_617.934363.png,#7e5109,4,159.639610,5.442259,0.217690,0.040000
z_0168_617.934363.png,#aed6f1,1,31.798990,1.084056,0.043362,0.040000
z_0168_617.934363.png,#d7bde2,2,272.693434,9.296367,0.371855,0.040000
z_0168_617.934363.png,#eb984e,5,198.752309,6.775647,0.271026,0.040000
z_0168_617.934363.png,#f4d03f,1,94.284271,3.214237,0.128569,0.040000
z_0168_617.934363.png,#f5b041,3,134.468037,4.584138,0.183366,0.040000
z_0168_617.934363.png,#f9e79f,4,268.007143,9.136607,0.365464,0.040000
z_0169_618.945946.png,#1abc9c,1,112.911688,3.849262,0.153970,0.040000
z_0169_618.945946.png,#1f618d,9,620.541197,21.154814,0.846193,0.040000
z_0169_618.945946.png,#58d68d,1,38.627417,1.316844,0.052674,0.040000
z_0169_618.945946.png,#5d6d7e,5,244.551299,8.336976,0.333479,0.040000
z_0169_618.945946.png,#5dade2,2,108.911688,3.712898,0.148516,0.040000
z_0169_618.945946.png,#6c3483,1,20.485281,0.698362,0.027934,0.040000
z_0169_618.945946.png,#7d6608,4,291.137085,9.925128,0.397005,0.040000
z_0169_618.945946.png,#7e5109,4,155.154329,5.289352,0.211574,0.040000
z_0169_618.945946.png,#aed6f1,1,30.970563,1.055815,0.042233,0.040000
z_0169_618.945946.png,#d7bde2,2,268.793939,9.163430,0.366537,0.040000
z_0169_618.945946.png,#eb984e,5,160.953319,5.487045,0.219482,0.040000
z_0169_618.945946.png,#f4d03f,1,95.112698,3.242478,0.129699,0.040000
z_0169_618.945946.png,#f5b041,3,125.539105,4.279742,0.171190,0.040000
z_0169_618.945946.png,#f9e79f,5,266.007143,9.068425,0.362737,0.040000
z_0170_619.957529.png,#1abc9c,1,117.740115,4.013868,0.160555,0.040000
z_0170_619.957529.png,#1f618d,8,607.227489,20.700937,0.828037,0.040000
z_0170_619.957529.png,#58d68d,1,42.627417,1.453207,0.058128,0.040000
z_0170_619.957529.png,#5d6d7e,5,242.793939,8.277066,0.331083,0.040000
z_0170_619.957529.png,#5dade2,2,105.840620,3.608203,0.144328,0.040000
z_0170_619.957529.png,#6c3483,1,21.899495,0.746574,0.029863,0.040000
z_0170_619.957529.png,#7d6608,4,262.066017,8.934069,0.357363,0.040000
z_0170_619.957529.png,#7e5109,4,161.740115,5.513868,0.220555,0.040000
z_0170_619.957529.png,#aed6f1,1,28.142136,0.959391,0.038376,0.040000
z_0170_619.957529.png,#d7bde2,2,259.722871,8.854189,0.354168,0.040000
z_0170_619.957529.png,#eb984e,4,147.882251,5.041440,0.201658,0.040000
z_0170_619.957529.png,#f4d03f,1,96.526912,3.290690,0.131628,0.040000
z_0170_619.957529.png,#f5b041,3,120.710678,4.115137,0.164605,0.040000
z_0170_619.957529.png,#f9e79f,7,265.379726,9.047036,0.361881,0.040000
z_0171_620.969112.png,#1abc9c,1,117.740115,4.013868,0.160555,0.040000
z_0171_620.969112.png,#1f618d,8,608.641702,20.749149,0.829966,0.040000
z_0171_620.969112.png,#58d68d,1,43.213203,1.473177,0.058927,0.040000
z_0171_620.969112.png,#5d6d7e,5,246.450793,8.401732,0.336069,0.040000
z_0171_620.969112.png,#5dade2,2,106.669048,3.636445,0.145458,0.040000
z_0171_620.969112.png,#6c3483,1,21.313708,0.726604,0.029064,0.040000
z_0171_620.969112.png,#7d6608,4,262.651804,8.954039,0.358162,0.040000
z_0171_620.969112.png,#7e5109,4,159.982756,5.453958,0.218158,0.040000
z_0171_620.969112.png,#aed6f1,1,28.142136,0.959391,0.038376,0.040000
z_0171_620.969112.png,#d7bde2,2,259.722871,8.854189,0.354168,0.040000
z_0171_620.969112.png,#eb984e,4,146.468037,4.993229,0.199729,0.040000
z_0171_620.969112.png,#f4d03f,1,96.526912,3.290690,0.131628,0.040000
z_0171_620.969112.png,#f5b041,3,121.296465,4.135107,0.165404,0.040000
z_0171_620.969112.png,#f9e79f,7,265.965512,9.067006,0.362680,0.040000
z_0172_621.980695.png,#1abc9c,1,120.325902,4.102019,0.164081,0.040000
z_0172_621.980695.png,#1f618d,8,647.511760,22.074265,0.882971,0.040000
z_0172_621.980695.png,#58d68d,1,62.870058,2.143297,0.085732,0.040000
z_0172_621.980695.png,#5d6d7e,6,3382837.622366,115324.009853,4612.960394,0.040000
z_0172_621.980695.png,#5dade2,2,97.840620,3.335476,0.133419,0.040000
z_0172_621.980695.png,#6c3483,3,64.284271,2.191509,0.087660,0.040000
z_0172_621.980695.png,#7d6608,3,232.551299,7.927885,0.317115,0.040000
z_0172_621.980695.png,#7e5109,4,157.982756,5.385776,0.215431,0.040000
z_0172_621.980695.png,#aed6f1,1,19.313708,0.658422,0.026337,0.040000
z_0172_621.980695.png,#d7bde2,2,246.793939,8.413430,0.336537,0.040000
z_0172_621.980695.png,#eb984e,4,155.882251,5.314168,0.212567,0.040000
z_0172_621.980695.png,#f4d03f,1,96.284271,3.282418,0.131297,0.040000
z_0172_621.980695.png,#f5b041,3,3983134.358805,135788.671323,5431.546853,0.040000
z_0172_621.980695.png,#f9e79f,5,268.693434,9.160003,0.366400,0.040000
z_0173_622.992278.png,#1abc9c,1,120.325902,4.102019,0.164081,0.040000
z_0173_622.992278.png,#1f618d,8,649.269119,22.134175,0.885367,0.040000
z_0173_622.992278.png,#58d68d,1,62.870058,2.143297,0.085732,0.040000
z_0173_622.992278.png,#5d6d7e,6,3382835.279221,115323.929973,4612.957199,0.040000
z_0173_622.992278.png,#5dade2,2,97.840620,3.335476,0.133419,0.040000
z_0173_622.992278.png,#6c3483,3,64.284271,2.191509,0.087660,0.040000
z_0173_622.992278.png,#7d6608,3,233.137085,7.947855,0.317914,0.040000
z_0173_622.992278.png,#7e5109,4,159.396970,5.433988,0.217360,0.040000
z_0173_622.992278.png,#aed6f1,1,18.727922,0.638452,0.025538,0.040000
z_0173_622.992278.png,#d7bde2,2,246.793939,8.413430,0.336537,0.040000
z_0173_622.992278.png,#eb984e,4,155.882251,5.314168,0.212567,0.040000
z_0173_622.992278.png,#f4d03f,1,96.284271,3.282418,0.131297,0.040000
z_0173_622.992278.png,#f5b041,3,3983133.530378,135788.643081,5431.545723,0.040000
z_0173_622.992278.png,#f9e79f,5,269.865007,9.199943,0.367998,0.040000
z_0174_624.003861.png,#1abc9c,4,184.610173,6.293529,0.251741,0.040000
z_0174_624.003861.png,#1f618d,7,718.139177,24.482017,0.979281,0.040000
z_0174_624.003861.png,#58d68d,1,100.284271,3.418782,0.136751,0.040000
z_0174_624.003861.png,#5d6d7e,7,3821885.019999,130291.534773,5211.661391,0.040000
z_0174_624.003861.png,#5dade2,3,168.610173,5.748074,0.229923,0.040000
z_0174_624.003861.png,#6c3483,5,172.124892,5.867894,0.234716,0.040000
z_0174_624.003861.png,#7d6608,3,304.149278,10.368725,0.414749,0.040000
z_0174_624.003861.png,#7e5109,5,239.722871,8.172371,0.326895,0.040000
z_0174_624.003861.png,#d7bde2,2,190.994949,6.511191,0.260448,0.040000
z_0174_624.003861.png,#eb984e,4,164.124892,5.595167,0.223807,0.040000
z_0174_624.003861.png,#f4d03f,1,104.083261,3.548293,0.141932,0.040000
z_0174_624.003861.png,#f5b041,3,128.225397,4.371320,0.174853,0.040000
z_0174_624.003861.png,#f9e79f,9,301.906638,10.292272,0.411691,0.040000
z_0175_625.015444.png,#1abc9c,4,184.610173,6.293529,0.251741,0.040000
z_0175_625.015444.png,#1f618d,7,718.967604,24.510259,0.980410,0.040000
z_0175_625.015444.png,#58d68d,1,99.698485,3.398812,0.135952,0.040000
z_0175_625.015444.png,#5d6d7e,7,3821884.123945,130291.504225,5211.660169,0.040000
z_0175_625.015444.png,#5dade2,3,167.195959,5.699862,0.227994,0.040000
z_0175_625.015444.png,#6c3483,5,172.710678,5.887864,0.235515,0.040000
z_0175_625.015444.png,#7d6608,3,304.391919,10.376997,0.415080,0.040000
z_0175_625.015444.png,#7e5109,5,238.894444,8.144129,0.325765,0.040000
z_0175_625.015444.png,#d7bde2,2,190.409163,6.491221,0.259649,0.040000
z_0175_625.015444.png,#eb984e,4,164.124892,5.595167,0.223807,0.040000
z_0175_625.015444.png,#f4d03f,1,104.083261,3.548293,0.141932,0.040000
z_0175_625.015444.png,#f5b041,3,128.225397,4.371320,0.174853,0.040000
z_0175_625.015444.png,#f9e79f,9,303.320851,10.340484,0.413619,0.040000
z_0176_626.027027.png,#1abc9c,4,185.195959,6.313499,0.252540,0.040000
z_0176_626.027027.png,#1f618d,7,719.210245,24.518531,0.980741,0.040000
z_0176_626.027027.png,#58d68d,1,100.526912,3.427054,0.137082,0.040000
z_0176_626.027027.png,#5d6d7e,7,3821883.295518,130291.475984,5211.659039,0.040000
z_0176_626.027027.png,#5dade2,3,164.124892,5.595167,0.223807,0.040000
z_0176_626.027027.png,#6c3483,5,173.296465,5.907834,0.236313,0.040000
z_0176_626.027027.png,#7d6608,3,302.391919,10.308815,0.412353,0.040000
z_0176_626.027027.png,#7e5109,5,238.894444,8.144129,0.325765,0.040000
z_0176_626.027027.png,#d7bde2,2,190.994949,6.511191,0.260448,0.040000
z_0176_626.027027.png,#eb984e,4,164.124892,5.595167,0.223807,0.040000
z_0176_626.027027.png,#f4d03f,1,103.254834,3.520051,0.140802,0.040000
z_0176_626.027027.png,#f5b041,3,128.811183,4.391290,0.175652,0.040000
z_0176_626.027027.png,#f9e79f,9,303.563492,10.348755,0.413950,0.040000
z_0177_627.038610.png,#1abc9c,4,187.580736,6.394798,0.255792,0.040000
z_0177_627.038610.png,#1f618d,7,725.251875,24.724496,0.988980,0.040000
z_0177_627.038610.png,#58d68d,1,94.526912,3.222508,0.128900,0.040000
z_0177_627.038610.png,#5d6d7e,5,642.315801,21.897130,0.875885,0.040000
z_0177_627.038610.png,#5dade2,4,172.124892,5.867894,0.234716,0.040000
z_0177_627.038610.png,#6c3483,5,192.024387,6.546286,0.261851,0.040000
z_0177_627.038610.png,#7d6608,4,273.521861,9.324609,0.372984,0.040000
z_0177_627.038610.png,#7e5109,4,260.894444,8.894129,0.355765,0.040000
z_0177_627.038610.png,#d7bde2,2,195.095454,6.650981,0.266039,0.040000
z_0177_627.038610.png,#eb984e,4,174.124892,5.936076,0.237443,0.040000
z_0177_627.038610.png,#f4d03f,1,103.254834,3.520051,0.140802,0.040000
z_0177_627.038610.png,#f5b041,2,129.740115,4.422958,0.176918,0.040000
z_0177_627.038610.png,#f9e79f,9,324.048773,11.047117,0.441885,0.040000
z_0178_628.050193.png,#1abc9c,4,204.894444,6.985038,0.279402,0.040000
z_0178_628.050193.png,#1f618d,7,740.281313,25.236863,1.009475,0.040000
z_0178_628.050193.png,#58d68d,1,93.355339,3.182568,0.127303,0.040000
z_0178_628.050193.png,#5d6d7e,4,645.345238,22.000406,0.880016,0.040000
z_0178_628.050193.png,#5dade2,4,200.066017,6.820432,0.272817,0.040000
z_0178_628.050193.png,#6c3483,6,217.338095,7.409253,0.296370,0.040000
z_0178_628.050193.png,#7d6608,4,252.308658,8.601432,0.344057,0.040000
z_0178_628.050193.png,#7e5109,7,326.492424,11.130424,0.445217,0.040000
z_0178_628.050193.png,#d7bde2,2,200.852814,6.847255,0.273890,0.040000
z_0178_628.050193.png,#eb984e,4,173.195959,5.904408,0.236176,0.040000
z_0178_628.050193.png,#f4d03f,1,104.426407,3.559991,0.142400,0.040000
z_0178_628.050193.png,#f5b041,2,129.639610,4.419532,0.176781,0.040000
z_0178_628.050193.png,#f9e79f,10,340.048773,11.592572,0.463703,0.040000
z_0179_629.061776.png,#1abc9c,4,261.178716,8.903820,0.356153,0.040000
z_0179_629.061776.png,#1f618d,8,644.097546,21.957871,0.878315,0.040000
z_0179_629.061776.png,#58d68d,1,90.769553,3.094417,0.123777,0.040000
z_0179_629.061776.png,#5d6d7e,5,583.345238,19.886769,0.795471,0.040000
z_0179_629.061776.png,#5dade2,4,252.936075,8.622821,0.344913,0.040000
z_0179_629.061776.png,#6c3483,6,228.166522,7.778404,0.311136,0.040000
z_0179_629.061776.png,#76d7c4,2,0.000000,0.000000,0.000000,0.040000
z_0179_629.061776.png,#7d6608,4,233.137085,7.947855,0.317914,0.040000
z_0179_629.061776.png,#7e5109,3,402.190909,13.711054,0.548442,0.040000
z_0179_629.061776.png,#d7bde2,2,213.580736,7.281161,0.291246,0.040000
z_0179_629.061776.png,#eb984e,5,207.681241,7.080042,0.283202,0.040000
z_0179_629.061776.png,#f4d03f,2,162.468037,5.538683,0.221547,0.040000
z_0179_629.061776.png,#f5b041,2,127.639610,4.351350,0.174054,0.040000
z_0179_629.061776.png,#f9e79f,14,388.333044,13.238627,0.529545,0.040000
z_0180_630.073359.png,#1abc9c,4,260.592929,8.883850,0.355354,0.040000
z_0180_630.073359.png,#1f618d,8,646.925974,22.054295,0.882172,0.040000
z_0180_630.073359.png,#58d68d,1,90.183766,3.074447,0.122978,0.040000
z_0180_630.073359.png,#5d6d7e,5,585.244733,19.951525,0.798061,0.040000
z_0180_630.073359.png,#5dade2,4,252.592929,8.611123,0.344445,0.040000
z_0180_630.073359.png,#6c3483,6,227.338095,7.750162,0.310006,0.040000
z_0180_630.073359.png,#76d7c4,2,0.000000,0.000000,0.000000,0.040000
z_0180_630.073359.png,#7d6608,4,231.722871,7.899643,0.315986,0.040000
z_0180_630.073359.png,#7e5109,3,401.605122,13.691084,0.547643,0.040000
z_0180_630.073359.png,#d7bde2,2,213.580736,7.281161,0.291246,0.040000
z_0180_630.073359.png,#eb984e,5,206.509668,7.040102,0.281604,0.040000
z_0180_630.073359.png,#f4d03f,2,162.468037,5.538683,0.221547,0.040000
z_0180_630.073359.png,#f5b041,2,128.225397,4.371320,0.174853,0.040000
z_0180_630.073359.png,#f9e79f,14,390.090404,13.298536,0.531941,0.040000
z_0181_631.084942.png,#1abc9c,5,318.149278,10.845998,0.433840,0.040000
z_0181_631.084942.png,#1f618d,8,632.825469,21.573596,0.862944,0.040000
z_0181_631.084942.png,#58d68d,1,88.870058,3.029661,0.121186,0.040000
z_0181_631.084942.png,#5d6d7e,6,535.931024,18.270376,0.730815,0.040000
z_0181_631.084942.png,#5dade2,4,302.391919,10.308815,0.412353,0.040000
z_0181_631.084942.png,#6c3483,6,244.752309,8.343829,0.333753,0.040000
z_0181_631.084942.png,#7d6608,4,228.166522,7.778404,0.311136,0.040000
z_0181_631.084942.png,#7e5109,3,412.090404,14.048536,0.561941,0.040000
z_0181_631.084942.png,#d7bde2,2,216.894444,7.394129,0.295765,0.040000
z_0181_631.084942.png,#eb984e,4,245.622366,8.373490,0.334940,0.040000
z_0181_631.084942.png,#f4d03f,2,168.367532,5.739802,0.229592,0.040000
z_0181_631.084942.png,#f5b041,2,131.539105,4.484288,0.179372,0.040000
z_0181_631.084942.png,#f9e79f,16,425.404112,14.502413,0.580097,0.040000
z_0182_632.096525.png,#1abc9c,4,376.475180,12.834381,0.513375,0.040000
z_0182_632.096525.png,#1f618d,8,653.168614,22.267112,0.890684,0.040000
z_0182_632.096525.png,#58d68d,1,91.597980,3.122658,0.124906,0.040000
z_0182_632.096525.png,#5d6d7e,7,430.575685,14.678717,0.587149,0.040000
z_0182_632.096525.png,#5dade2,3,316.534055,10.790934,0.431637,0.040000
z_0182_632.096525.png,#6c3483,6,254.894444,8.689583,0.347583,0.040000
z_0182_632.096525.png,#76d7c4,2,0.000000,0.000000,0.000000,0.040000
z_0182_632.096525.png,#7d6608,4,209.823376,7.153070,0.286123,0.040000
z_0182_632.096525.png,#7e5109,4,403.161472,13.744141,0.549766,0.040000
z_0182_632.096525.png,#d7bde2,2,225.379726,7.683400,0.307336,0.040000
z_0182_632.096525.png,#eb984e,5,260.107648,8.867306,0.354692,0.040000
z_0182_632.096525.png,#f4d03f,2,160.468037,5.470501,0.218820,0.040000
z_0182_632.096525.png,#f5b041,2,108.911688,3.712898,0.148516,0.040000
z_0182_632.096525.png,#f9e79f,9,422.333044,14.397717,0.575909,0.040000
z_0183_633.108108.png,#1abc9c,3,413.587878,14.099587,0.563983,0.040000
z_0183_633.108108.png,#1f618d,7,627.754401,21.400718,0.856029,0.040000
z_0183_633.108108.png,#58d68d,1,89.941125,3.066175,0.122647,0.040000
z_0183_633.108108.png,#5d6d7e,4,389.605122,13.281993,0.531280,0.040000
z_0183_633.108108.png,#5dade2,3,332.433550,11.332962,0.453318,0.040000
z_0183_633.108108.png,#6c3483,8,3663078.553163,124877.677949,4995.107118,0.040000
z_0183_633.108108.png,#7d6608,5,193.438600,6.594498,0.263780,0.040000
z_0183_633.108108.png,#7e5109,7,379.019336,12.921114,0.516845,0.040000
z_0183_633.108108.png,#d7bde2,2,218.894444,7.462311,0.298492,0.040000
z_0183_633.108108.png,#eb984e,6,271.865007,9.268125,0.370725,0.040000
z_0183_633.108108.png,#f4d03f,3,155.296465,5.294198,0.211768,0.040000
z_0183_633.108108.png,#f5b041,2,105.396970,3.593079,0.143723,0.040000
z_0183_633.108108.png,#f9e79f,10,442.960461,15.100925,0.604037,0.040000
z_0184_634.119691.png,#1abc9c,2,435.043723,14.831036,0.593241,0.040000
z_0184_634.119691.png,#1f618d,8,649.653896,22.147292,0.885892,0.040000
z_0184_634.119691.png,#58d68d,1,89.112698,3.037933,0.121517,0.040000
z_0184_634.119691.png,#5d6d7e,4,344.735065,11.752332,0.470093,0.040000
z_0184_634.119691.png,#5dade2,4,335.605122,11.441084,0.457643,0.040000
z_0184_634.119691.png,#6c3483,9,390.291414,13.305389,0.532216,0.040000
z_0184_634.119691.png,#76d7c4,2,0.000000,0.000000,0.000000,0.040000
z_0184_634.119691.png,#7d6608,4,150.225397,5.121320,0.204853,0.040000
z_0184_634.119691.png,#7e5109,6,344.149278,11.732362,0.469294,0.040000
z_0184_634.119691.png,#d7bde2,2,224.793939,7.663430,0.306537,0.040000
z_0184_634.119691.png,#eb984e,7,246.894444,8.416856,0.336674,0.040000
z_0184_634.119691.png,#f4d03f,3,135.053824,4.604108,0.184164,0.040000
z_0184_634.119691.png,#f5b041,2,95.254834,3.247324,0.129893,0.040000
z_0184_634.119691.png,#f9e79f,13,457.646753,15.601594,0.624064,0.040000
z_0185_635.131274.png,#1abc9c,2,440.801082,15.027310,0.601092,0.040000
z_0185_635.131274.png,#1f618d,9,669.754401,22.832536,0.913301,0.040000
z_0185_635.131274.png,#58d68d,1,88.627417,3.021389,0.120856,0.040000
z_0185_635.131274.png,#5d6d7e,4,267.480231,9.118644,0.364746,0.040000
z_0185_635.131274.png,#5dade2,6,317.906638,10.837726,0.433509,0.040000
z_0185_635.131274.png,#6c3483,8,457.889394,15.609866,0.624395,0.040000
z_0185_635.131274.png,#7d6608,5,143.053824,4.876835,0.195073,0.040000
z_0185_635.131274.png,#7e5109,6,307.279221,10.475428,0.419017,0.040000
z_0185_635.131274.png,#d7bde2,2,225.137085,7.675128,0.307005,0.040000
z_0185_635.131274.png,#eb984e,8,286.450793,9.765368,0.390615,0.040000
z_0185_635.131274.png,#f4d03f,3,128.811183,4.391290,0.175652,0.040000
z_0185_635.131274.png,#f5b041,2,88.669048,3.022808,0.120912,0.040000
z_0185_635.131274.png,#f9e79f,13,468.617316,15.975590,0.639024,0.040000
z_0186_636.142857.png,#1abc9c,4,426.759451,14.548618,0.581945,0.040000
z_0186_636.142857.png,#1f618d,9,718.080303,24.480010,0.979200,0.040000
z_0186_636.142857.png,#58d68d,1,92.769553,3.162598,0.126504,0.040000
z_0186_636.142857.png,#5d6d7e,3,253.865007,8.654489,0.346180,0.040000
z_0186_636.142857.png,#5dade2,6,296.107648,10.094579,0.403783,0.040000
z_0186_636.142857.png,#6c3483,7,540.215295,18.416431,0.736657,0.040000
z_0186_636.142857.png,#76d7c4,1,0.000000,0.000000,0.000000,0.040000
z_0186_636.142857.png,#7d6608,5,123.740115,4.218413,0.168737,0.040000
z_0186_636.142857.png,#7e5109,5,270.894444,9.235038,0.369402,0.040000
z_0186_636.142857.png,#d7bde2,3,212.551299,7.246067,0.289843,0.040000
z_0186_636.142857.png,#eb984e,7,3849889.597720,131246.236286,5249.849451,0.040000
z_0186_636.142857.png,#f4d03f,3,110.083261,3.752838,0.150114,0.040000
z_0186_636.142857.png,#f5b041,2,89.840620,3.062748,0.122510,0.040000
z_0186_636.142857.png,#f9e79f,7,476.516811,16.244891,0.649796,0.040000
z_0187_637.154440.png,#1abc9c,4,414.031529,14.114711,0.564588,0.040000
z_0187_637.154440.png,#1f618d,10,736.766594,25.117043,1.004682,0.040000
z_0187_637.154440.png,#58d68d,1,93.012193,3.170870,0.126835,0.040000
z_0187_637.154440.png,#5d6d7e,3,237.823376,8.107615,0.324305,0.040000
z_0187_637.154440.png,#5dade2,5,285.379726,9.728854,0.389154,0.040000
z_0187_637.154440.png,#6c3483,8,571.671140,19.488789,0.779552,0.040000
z_0187_637.154440.png,#76d7c4,1,0.000000,0.000000,0.000000,0.040000
z_0187_637.154440.png,#7d6608,6,156.710678,5.342409,0.213696,0.040000
z_0187_637.154440.png,#7e5109,5,273.722871,9.331462,0.373258,0.040000
z_0187_637.154440.png,#d7bde2,4,220.066017,7.502251,0.300090,0.040000
z_0187_637.154440.png,#eb984e,7,4161278.376215,141861.762826,5674.470513,0.040000
z_0187_637.154440.png,#f4d03f,3,82.284271,2.805146,0.112206,0.040000
z_0187_637.154440.png,#f5b041,2,85.355339,2.909841,0.116394,0.040000
z_0187_637.154440.png,#f9e79f,9,493.788889,16.833712,0.673348,0.040000
z_0188_638.166023.png,#1abc9c,5,400.333044,13.647717,0.545909,0.040000
z_0188_638.166023.png,#1f618d,10,760.666089,25.931798,1.037272,0.040000
z_0188_638.166023.png,#58d68d,1,95.012193,3.239052,0.129562,0.040000
z_0188_638.166023.png,#5d6d7e,4,223.580736,7.622071,0.304883,0.040000
z_0188_638.166023.png,#5dade2,5,299.865007,10.222671,0.408907,0.040000
z_0188_638.166023.png,#6c3483,8,605.570635,20.644453,0.825778,0.040000
z_0188_638.166023.png,#7d6608,5,145.982756,4.976685,0.199067,0.040000
z_0188_638.166023.png,#7e5109,5,296.208153,10.098005,0.403920,0.040000
z_0188_638.166023.png,#d7bde2,4,221.379726,7.547036,0.301881,0.040000
z_0188_638.166023.png,#eb984e,6,334.350288,11.398305,0.455932,0.040000
z_0188_638.166023.png,#f4d03f,3,73.112698,2.492478,0.099699,0.040000
z_0188_638.166023.png,#f5b041,1,72.526912,2.472508,0.098900,0.040000
z_0188_638.166023.png,#f9e79f,9,486.173665,16.574102,0.662964,0.040000
z_0189_639.177606.png,#1abc9c,5,379.847763,12.949356,0.517974,0.040000
z_0189_639.177606.png,#1f618d,11,756.322943,25.783737,1.031349,0.040000
z_0189_639.177606.png,#58d68d,1,99.254834,3.383688,0.135348,0.040000
z_0189_639.177606.png,#5d6d7e,3,202.509668,6.903739,0.276150,0.040000
z_0189_639.177606.png,#5dade2,5,299.764502,10.219244,0.408770,0.040000
z_0189_639.177606.png,#6c3483,8,633.854906,21.608690,0.864348,0.040000
z_0189_639.177606.png,#7d6608,5,3908120.046019,133231.365205,5329.254608,0.040000
z_0189_639.177606.png,#7e5109,5,299.379726,10.206127,0.408245,0.040000
z_0189_639.177606.png,#d7bde2,4,209.722871,7.149643,0.285986,0.040000
z_0189_639.177606.png,#eb984e,7,328.592929,11.202032,0.448081,0.040000
z_0189_639.177606.png,#f4d03f,3,73.112698,2.492478,0.099699,0.040000
z_0189_639.177606.png,#f5b041,1,75.698485,2.580630,0.103225,0.040000
z_0189_639.177606.png,#f9e79f,10,481.889394,16.428048,0.657122,0.040000
z_0190_640.189189.png,#1abc9c,5,3849940.852554,131247.983610,5249.919344,0.040000
z_0190_640.189189.png,#1f618d,10,756.180808,25.778891,1.031156,0.040000
z_0190_640.189189.png,#58d68d,1,155.095454,5.287345,0.211494,0.040000
z_0190_640.189189.png,#5d6d7e,3,172.509668,5.881011,0.235240,0.040000
z_0190_640.189189.png,#5dade2,5,302.693434,10.319094,0.412764,0.040000
z_0190_640.189189.png,#6c3483,8,649.612265,22.145873,0.885835,0.040000
z_0190_640.189189.png,#76d7c4,1,0.000000,0.000000,0.000000,0.040000
z_0190_640.189189.png,#7d6608,5,177.438600,6.049043,0.241962,0.040000
z_0190_640.189189.png,#7e5109,5,291.137085,9.925128,0.397005,0.040000
z_0190_640.189189.png,#d7bde2,4,229.622366,7.828035,0.313121,0.040000
z_0190_640.189189.png,#eb984e,7,345.563492,11.780574,0.471223,0.040000
z_0190_640.189189.png,#f4d03f,3,66.284271,2.259691,0.090388,0.040000
z_0190_640.189189.png,#f5b041,2,55.556349,1.893966,0.075759,0.040000
z_0190_640.189189.png,#f9e79f,8,474.960461,16.191834,0.647673,0.040000
z_0191_641.200772.png,#1abc9c,5,348.634560,11.885269,0.475411,0.040000
z_0191_641.200772.png,#1f618d,10,769.352380,26.227922,1.049117,0.040000
z_0191_641.200772.png,#58d68d,1,147.095454,5.014618,0.200585,0.040000
z_0191_641.200772.png,#5d6d7e,3,165.681241,5.648224,0.225929,0.040000
z_0191_641.200772.png,#5dade2,6,316.835570,10.801213,0.432049,0.040000
z_0191_641.200772.png,#6c3483,8,642.884343,21.916512,0.876660,0.040000
z_0191_641.200772.png,#76d7c4,3,0.000000,0.000000,0.000000,0.040000
z_0191_641.200772.png,#7d6608,5,195.681241,6.670951,0.266838,0.040000
z_0191_641.200772.png,#7e5109,5,292.936075,9.986457,0.399458,0.040000
z_0191_641.200772.png,#d7bde2,4,235.865007,8.040853,0.321634,0.040000
z_0191_641.200772.png,#eb984e,6,357.220346,12.177966,0.487119,0.040000
z_0191_641.200772.png,#f4d03f,3,69.698485,2.376085,0.095043,0.040000
z_0191_641.200772.png,#f5b041,2,40.384776,1.376754,0.055070,0.040000
z_0191_641.200772.png,#f9e79f,8,490.031529,16.705620,0.668225,0.040000
z_0192_642.212355.png,#1abc9c,5,333.948268,11.384600,0.455384,0.040000
z_0192_642.212355.png,#1f618d,11,771.997041,26.318081,1.052723,0.040000
z_0192_642.212355.png,#58d68d,1,148.509668,5.062830,0.202513,0.040000
z_0192_642.212355.png,#5d6d7e,3,154.610173,5.270801,0.210832,0.040000
z_0192_642.212355.png,#5dade2,5,278.107648,9.480943,0.379238,0.040000
z_0192_642.212355.png,#6c3483,8,649.712770,22.149299,0.885972,0.040000
z_0192_642.212355.png,#7d6608,5,225.338095,7.681981,0.307279,0.040000
z_0192_642.212355.png,#7e5109,5,299.622366,10.214399,0.408576,0.040000
z_0192_642.212355.png,#d7bde2,5,256.208153,8.734369,0.349375,0.040000
z_0192_642.212355.png,#eb984e,6,364.391919,12.422452,0.496898,0.040000
z_0192_642.212355.png,#f4d03f,3,62.627417,2.135026,0.085401,0.040000
z_0192_642.212355.png,#f5b041,1,25.556349,0.871239,0.034850,0.040000
z_0192_642.212355.png,#f9e79f,6,474.575685,16.178717,0.647149,0.040000
z_0193_643.223938.png,#1abc9c,4,310.391919,10.581543,0.423262,0.040000
z_0193_643.223938.png,#1f618d,12,790.239682,26.939989,1.077600,0.040000
z_0193_643.223938.png,#58d68d,1,145.781746,4.969832,0.198793,0.040000
z_0193_643.223938.png,#5d6d7e,3,118.225397,4.030411,0.161216,0.040000
z_0193_643.223938.png,#5dade2,5,276.107648,9.412761,0.376510,0.040000
z_0193_643.223938.png,#6c3483,8,600.298557,20.464724,0.818589,0.040000
z_0193_643.223938.png,#76d7c4,1,0.000000,0.000000,0.000000,0.040000
z_0193_643.223938.png,#7d6608,5,226.651804,7.726766,0.309071,0.040000
z_0193_643.223938.png,#7e5109,5,292.107648,9.958215,0.398329,0.040000
z_0193_643.223938.png,#d7bde2,6,279.764502,9.537426,0.381497,0.040000
z_0193_643.223938.png,#eb984e,6,3583080.633524,122150.476143,4886.019046,0.040000
z_0193_643.223938.png,#f4d03f,3,71.941125,2.452538,0.098102,0.040000
z_0193_643.223938.png,#f5b041,1,23.556349,0.803057,0.032122,0.040000
z_0193_643.223938.png,#f9e79f,7,475.788889,16.220076,0.648803,0.040000
z_0194_644.235521.png,#1abc9c,3,293.663997,10.011273,0.400451,0.040000
z_0194_644.235521.png,#1f618d,13,860.322943,29.329191,1.173168,0.040000
z_0194_644.235521.png,#58d68d,1,147.539105,5.029742,0.201190,0.040000
z_0194_644.235521.png,#5d6d7e,3,111.154329,3.789352,0.151574,0.040000
z_0194_644.235521.png,#5dade2,5,272.693434,9.296367,0.371855,0.040000
z_0194_644.235521.png,#6c3483,7,609.511760,20.778810,0.831152,0.040000
z_0194_644.235521.png,#76d7c4,1,0.000000,0.000000,0.000000,0.040000
z_0194_644.235521.png,#7d6608,5,224.409163,7.650312,0.306012,0.040000
z_0194_644.235521.png,#7e5109,5,292.450793,9.969913,0.398797,0.040000
z_0194_644.235521.png,#d7bde2,8,359.119841,12.242722,0.489709,0.040000
z_0194_644.235521.png,#eb984e,5,363.605122,12.395629,0.495825,0.040000
z_0194_644.235521.png,#f4d03f,3,81.941125,2.793447,0.111738,0.040000
z_0194_644.235521.png,#f5b041,1,24.142136,0.823027,0.032921,0.040000
z_0194_644.235521.png,#f9e79f,6,482.031529,16.432893,0.657316,0.040000
z_0195_645.247104.png,#1abc9c,2,319.362482,10.887357,0.435494,0.040000
z_0195_645.247104.png,#1f618d,12,932.506709,31.790001,1.271600,0.040000
z_0195_645.247104.png,#58d68d,1,127.296465,4.339652,0.173586,0.040000
z_0195_645.247104.png,#5d6d7e,3,106.811183,3.641290,0.145652,0.040000
z_0195_645.247104.png,#5dade2,5,284.492424,9.698605,0.387944,0.040000
z_0195_645.247104.png,#6c3483,8,617.026479,21.034994,0.841400,0.040000
z_0195_645.247104.png,#7d6608,6,220.852814,7.529073,0.301163,0.040000
z_0195_645.247104.png,#7e5109,5,288.693434,9.841822,0.393673,0.040000
z_0195_645.247104.png,#d7bde2,8,463.102597,15.787589,0.631504,0.040000
z_0195_645.247104.png,#eb984e,6,4083489.103687,139209.855808,5568.394232,0.040000
z_0195_645.247104.png,#f4d03f,3,91.254834,3.110960,0.124438,0.040000
z_0195_645.247104.png,#f5b041,1,21.313708,0.726604,0.029064,0.040000
z_0195_645.247104.png,#f9e79f,9,444.090404,15.139446,0.605578,0.040000
z_0196_646.258687.png,#1abc9c,2,299.220346,10.200694,0.408028,0.040000
z_0196_646.258687.png,#1f618d,11,1002.364574,34.171520,1.366861,0.040000
z_0196_646.258687.png,#58d68d,1,127.053824,4.331380,0.173255,0.040000
z_0196_646.258687.png,#5d6d7e,3,94.426407,3.219082,0.128763,0.040000
z_0196_646.258687.png,#5dade2,5,287.764502,9.810153,0.392406,0.040000
z_0196_646.258687.png,#6c3483,8,607.126984,20.697511,0.827900,0.040000
z_0196_646.258687.png,#7d6608,5,228.752309,7.798374,0.311935,0.040000
z_0196_646.258687.png,#7e5109,6,315.078210,10.741303,0.429652,0.040000
z_0196_646.258687.png,#d7bde2,7,454.859956,15.506589,0.620264,0.040000
z_0196_646.258687.png,#eb984e,5,356.433550,12.151144,0.486046,0.040000
z_0196_646.258687.png,#f4d03f,2,92.083261,3.139202,0.125568,0.040000
z_0196_646.258687.png,#f5b041,1,21.556349,0.734876,0.029395,0.040000
z_0196_646.258687.png,#f9e79f,5,380.534055,12.972752,0.518910,0.040000
z_0197_647.270270.png,#1abc9c,2,301.563492,10.280574,0.411223,0.040000
z_0197_647.270270.png,#1f618d,9,1011.033621,34.467055,1.378682,0.040000
z_0197_647.270270.png,#58d68d,1,128.468037,4.379592,0.175184,0.040000
z_0197_647.270270.png,#5d6d7e,3,89.012193,3.034507,0.121380,0.040000
z_0197_647.270270.png,#5dade2,5,284.592929,9.702032,0.388081,0.040000
z_0197_647.270270.png,#6c3483,8,632.440692,21.560478,0.862419,0.040000
z_0197_647.270270.png,#7d6608,5,215.095454,7.332800,0.293312,0.040000
z_0197_647.270270.png,#7e5109,5,332.048773,11.319845,0.452794,0.040000
z_0197_647.270270.png,#d7bde2,7,369.220346,12.587057,0.503482,0.040000
z_0197_647.270270.png,#eb984e,5,361.504617,12.324021,0.492961,0.040000
z_0197_647.270270.png,#f4d03f,2,97.982756,3.340321,0.133613,0.040000
z_0197_647.270270.png,#f5b041,1,17.899495,0.610210,0.024408,0.040000
z_0197_647.270270.png,#f9e79f,8,391.362482,13.341903,0.533676,0.040000
z_0198_648.281853.png,#1abc9c,2,296.735065,10.115968,0.404639,0.040000
z_0198_648.281853.png,#1f618d,10,1003.033621,34.194328,1.367773,0.040000
z_0198_648.281853.png,#58d68d,1,131.539105,4.484288,0.179372,0.040000
z_0198_648.281853.png,#5d6d7e,3,89.112698,3.037933,0.121517,0.040000
z_0198_648.281853.png,#5dade2,5,288.835570,9.846667,0.393867,0.040000
z_0198_648.281853.png,#6c3483,8,671.210245,22.882167,0.915287,0.040000
z_0198_648.281853.png,#76d7c4,1,0.000000,0.000000,0.000000,0.040000
z_0198_648.281853.png,#7d6608,5,208.024387,7.091740,0.283670,0.040000
z_0198_648.281853.png,#7e5109,5,345.362482,11.773721,0.470949,0.040000
z_0198_648.281853.png,#d7bde2,7,3966716.158316,135228.959943,5409.158398,0.040000
z_0198_648.281853.png,#eb984e,6,377.161472,12.857777,0.514311,0.040000
z_0198_648.281853.png,#f4d03f,2,101.053824,3.445017,0.137801,0.040000
z_0198_648.281853.png,#f5b041,1,20.485281,0.698362,0.027934,0.040000
z_0198_648.281853.png,#f9e79f,9,399.747258,13.627747,0.545110,0.040000
z_0199_649.293436.png,#1abc9c,3,310.391919,10.581543,0.423262,0.040000
z_0199_649.293436.png,#1f618d,11,1018.205194,34.711541,1.388462,0.040000
z_0199_649.293436.png,#58d68d,1,131.053824,4.467744,0.178710,0.040000
z_0199_649.293436.png,#5d6d7e,3,88.769553,3.026235,0.121049,0.040000
z_0199_649.293436.png,#5dade2,5,289.663997,9.874909,0.394996,0.040000
z_0199_649.293436.png,#6c3483,9,681.511760,23.233355,0.929334,0.040000
z_0199_649.293436.png,#76d7c4,1,0.000000,0.000000,0.000000,0.040000
z_0199_649.293436.png,#7d6608,5,197.438600,6.730861,0.269234,0.040000
z_0199_649.293436.png,#7e5109,5,326.492424,11.130424,0.445217,0.040000
z_0199_649.293436.png,#d7bde2,8,424.232539,14.462473,0.578499,0.040000
z_0199_649.293436.png,#eb984e,6,374.776695,12.776478,0.511059,0.040000
z_0199_649.293436.png,#f4d03f,2,96.911688,3.303808,0.132152,0.040000
z_0199_649.293436.png,#f5b041,1,21.656854,0.738302,0.029532,0.040000
z_0199_649.293436.png,#f9e79f,7,344.877200,11.757177,0.470287,0.040000
z_0200_650.305019.png,#1abc9c,3,4073468.230063,138868.235116,5554.729405,0.040000
z_0200_650.305019.png,#1f618d,13,980.648845,33.431211,1.337248,0.040000
z_0200_650.305019.png,#58d68d,1,135.296465,4.612379,0.184495,0.040000
z_0200_650.305019.png,#5d6d7e,3,93.840620,3.199112,0.127964,0.040000
z_0200_650.305019.png,#5dade2,5,300.007143,10.227516,0.409101,0.040000
z_0200_650.305019.png,#6c3483,10,679.754401,23.173445,0.926938,0.040000
z_0200_650.305019.png,#7d6608,5,214.024387,7.296286,0.291851,0.040000
z_0200_650.305019.png,#7e5109,5,329.906638,11.246817,0.449873,0.040000
z_0200_650.305019.png,#d7bde2,6,352.776695,12.026478,0.481059,0.040000
z_0200_650.305019.png,#eb984e,6,373.705627,12.739965,0.509599,0.040000
z_0200_650.305019.png,#f4d03f,2,94.426407,3.219082,0.128763,0.040000
z_0200_650.305019.png,#f5b041,1,23.899495,0.814756,0.032590,0.040000
z_0200_650.305019.png,#f9e79f,7,314.634560,10.726178,0.429047,0.040000
z_0201_651.316602.png,#1abc9c,2,253.521861,8.642791,0.345712,0.040000
z_0201_651.316602.png,#1f618d,14,919.536147,31.347823,1.253913,0.040000
z_0201_651.316602.png,#58d68d,1,133.296465,4.544198,0.181768,0.040000
z_0201_651.316602.png,#5d6d7e,3,93.840620,3.199112,0.127964,0.040000
z_0201_651.316602.png,#5dade2,5,306.936075,10.463730,0.418549,0.040000
z_0201_651.316602.png,#6c3483,10,664.783838,22.663085,0.906523,0.040000
z_0201_651.316602.png,#76d7c4,1,0.000000,0.000000,0.000000,0.040000
z_0201_651.316602.png,#7d6608,5,227.237590,7.746736,0.309869,0.040000
z_0201_651.316602.png,#7e5109,5,330.634560,11.271633,0.450865,0.040000
z_0201_651.316602.png,#d7bde2,7,358.433550,12.219326,0.488773,0.040000
z_0201_651.316602.png,#eb984e,5,389.605122,13.281993,0.531280,0.040000
z_0201_651.316602.png,#f4d03f,2,90.083261,3.071020,0.122841,0.040000
z_0201_651.316602.png,#f5b041,1,23.899495,0.814756,0.032590,0.040000
z_0201_651.316602.png,#f9e79f,8,353.605122,12.054720,0.482189,0.040000
z_0202_652.328185.png,#1abc9c,2,237.865007,8.109034,0.324361,0.040000
z_0202_652.328185.png,#1f618d,13,844.180808,28.778891,1.151156,0.040000
z_0202_652.328185.png,#58d68d,2,137.296465,4.680561,0.187222,0.040000
z_0202_652.328185.png,#5d6d7e,3,94.083261,3.207384,0.128295,0.040000
z_0202_652.328185.png,#5dade2,5,313.421356,10.684819,0.427393,0.040000
z_0202_652.328185.png,#6c3483,8,666.541197,22.722995,0.908920,0.040000
z_0202_652.328185.png,#76d7c4,1,0.000000,0.000000,0.000000,0.040000
z_0202_652.328185.png,#7d6608,5,239.580736,8.167525,0.326701,0.040000
z_0202_652.328185.png,#7e5109,5,326.048773,11.115299,0.444612,0.040000
z_0202_652.328185.png,#d7bde2,7,378.433550,12.901144,0.516046,0.040000
z_0202_652.328185.png,#eb984e,5,379.504617,12.937657,0.517506,0.040000
z_0202_652.328185.png,#f4d03f,2,78.769553,2.685326,0.107413,0.040000
z_0202_652.328185.png,#f5b041,1,22.727922,0.774816,0.030993,0.040000
z_0202_652.328185.png,#f9e79f,9,302.592929,10.315668,0.412627,0.040000
z_0203_653.339768.png,#1abc9c,2,225.480231,7.686826,0.307473,0.040000
z_0203_653.339768.png,#1f618d,12,857.938167,29.247892,1.169916,0.040000
z_0203_653.339768.png,#58d68d,2,186.267027,6.350012,0.254000,0.040000
z_0203_653.339768.png,#5d6d7e,3,101.154329,3.448443,0.137938,0.040000
z_0203_653.339768.png,#5dade2,6,369.362482,12.591903,0.503676,0.040000
z_0203_653.339768.png,#6c3483,8,681.369624,23.228510,0.929140,0.040000
z_0203_653.339768.png,#76d7c4,1,0.000000,0.000000,0.000000,0.040000
z_0203_653.339768.png,#7d6608,6,239.137085,8.152401,0.326096,0.040000
z_0203_653.339768.png,#7e5109,5,314.835570,10.733031,0.429321,0.040000
z_0203_653.339768.png,#d7bde2,10,647.813275,22.084543,0.883382,0.040000
z_0203_653.339768.png,#eb984e,5,366.676190,12.500325,0.500013,0.040000
z_0203_653.339768.png,#f4d03f,1,55.455844,1.890540,0.075622,0.040000
z_0203_653.339768.png,#f5b041,1,23.313708,0.794786,0.031791,0.040000
z_0203_653.339768.png,#f9e79f,10,3382838.551299,115324.041522,4612.961661,0.040000
z_0204_654.351351.png,#1abc9c,3,209.237590,7.133100,0.285324,0.040000
z_0204_654.351351.png,#1f618d,12,893.251875,30.451768,1.218071,0.040000
z_0204_654.351351.png,#58d68d,4,195.195959,6.654408,0.266176,0.040000
z_0204_654.351351.png,#5d6d7e,3,109.154329,3.721170,0.148847,0.040000
z_0204_654.351351.png,#5dade2,5,442.132034,15.072683,0.602907,0.040000
z_0204_654.351351.png,#6c3483,10,660.198052,22.506752,0.900270,0.040000
z_0204_654.351351.png,#76d7c4,2,0.000000,0.000000,0.000000,0.040000
z_0204_654.351351.png,#7d6608,6,3931027.368740,134012.296662,5360.491866,0.040000
z_0204_654.351351.png,#7e5109,5,324.007143,11.045698,0.441828,0.040000
z_0204_654.351351.png,#d7bde2,10,4170163.795349,142164.674841,5686.586994,0.040000
z_0204_654.351351.png,#eb984e,6,348.048773,11.865299,0.474612,0.040000
z_0204_654.351351.png,#f4d03f,1,56.627417,1.930480,0.077219,0.040000
z_0204_654.351351.png,#f5b041,2,36.384776,1.240390,0.049616,0.040000
z_0204_654.351351.png,#f9e79f,11,3849904.911429,131246.758344,5249.870334,0.040000
z_0205_655.362934.png,#1abc9c,2,187.681241,6.398224,0.255929,0.040000
z_0205_655.362934.png,#1f618d,12,935.577777,31.894697,1.275788,0.040000
z_0205_655.362934.png,#58d68d,4,3732975.539650,127260.529761,5090.421190,0.040000
z_0205_655.362934.png,#5d6d7e,3,115.740115,3.945686,0.157827,0.040000
z_0205_655.362934.png,#5dade2,6,463.161472,15.789596,0.631584,0.040000
z_0205_655.362934.png,#6c3483,8,657.913780,22.428879,0.897155,0.040000
z_0205_655.362934.png,#7d6608,6,222.166522,7.573859,0.302954,0.040000
z_0205_655.362934.png,#7e5109,5,338.735065,11.547786,0.461911,0.040000
z_0205_655.362934.png,#d7bde2,6,3927412.728620,133889.070294,5355.562812,0.040000
z_0205_655.362934.png,#eb984e,6,328.735065,11.206877,0.448275,0.040000
z_0205_655.362934.png,#f4d03f,1,58.870058,2.006934,0.080277,0.040000
z_0205_655.362934.png,#f5b041,2,43.798990,1.493147,0.059726,0.040000
z_0205_655.362934.png,#f9e79f,10,337.078210,11.491303,0.459652,0.040000
z_0206_656.374517.png,#1abc9c,2,176.852814,6.029073,0.241163,0.040000
z_0206_656.374517.png,#1f618d,13,949.092496,32.355426,1.294217,0.040000
z_0206_656.374517.png,#58d68d,4,3959662.958346,134988.509944,5399.540398,0.040000
z_0206_656.374517.png,#5d6d7e,3,128.710678,4.387864,0.175515,0.040000
z_0206_656.374517.png,#5dade2,7,480.090404,16.366718,0.654669,0.040000
z_0206_656.374517.png,#6c3483,9,653.955411,22.293934,0.891757,0.040000
z_0206_656.374517.png,#7d6608,6,214.651804,7.317675,0.292707,0.040000
z_0206_656.374517.png,#7e5109,5,354.291414,12.078116,0.483125,0.040000
z_0206_656.374517.png,#d7bde2,7,3943701.473859,134444.368427,5377.774737,0.040000
z_0206_656.374517.png,#eb984e,6,298.835570,10.187576,0.407503,0.040000
z_0206_656.374517.png,#f4d03f,1,57.213203,1.950450,0.078018,0.040000
z_0206_656.374517.png,#f5b041,2,50.970563,1.737633,0.069505,0.040000
z_0206_656.374517.png,#f9e79f,8,330.149278,11.255089,0.450204,0.040000
z_0207_657.386100.png,#1abc9c,2,176.610173,6.020801,0.240832,0.040000
z_0207_657.386100.png,#1f618d,12,935.862048,31.904388,1.276176,0.040000
z_0207_657.386100.png,#58d68d,5,190.124892,6.481530,0.259261,0.040000
z_0207_657.386100.png,#5d6d7e,4,122.426407,4.173628,0.166945,0.040000
z_0207_657.386100.png,#5dade2,8,472.190909,16.097417,0.643897,0.040000
z_0207_657.386100.png,#6c3483,10,648.440692,22.105933,0.884237,0.040000
z_0207_657.386100.png,#76d7c4,2,0.000000,0.000000,0.000000,0.040000
z_0207_657.386100.png,#7d6608,7,3382758.752309,115321.321101,4612.852844,0.040000
z_0207_657.386100.png,#7e5109,5,367.605122,12.531993,0.501280,0.040000
z_0207_657.386100.png,#d7bde2,6,3723218.736774,126927.911481,5077.116459,0.040000
z_0207_657.386100.png,#eb984e,5,267.036580,9.103520,0.364141,0.040000
z_0207_657.386100.png,#f4d03f,1,59.112698,2.015206,0.080608,0.040000
z_0207_657.386100.png,#f5b041,2,52.627417,1.794116,0.071765,0.040000
z_0207_657.386100.png,#f9e79f,10,323.421356,11.025728,0.441029,0.040000
z_0208_658.397683.png,#1abc9c,3,182.024387,6.205377,0.248215,0.040000
z_0208_658.397683.png,#1f618d,12,914.506709,31.176365,1.247055,0.040000
z_0208_658.397683.png,#58d68d,4,261.137085,8.902401,0.356096,0.040000
z_0208_658.397683.png,#5d6d7e,4,128.811183,4.391290,0.175652,0.040000
z_0208_658.397683.png,#5dade2,9,457.019336,15.580205,0.623208,0.040000
z_0208_658.397683.png,#6c3483,10,647.511760,22.074265,0.882971,0.040000
z_0208_658.397683.png,#7d6608,6,206.610173,7.043529,0.281741,0.040000
z_0208_658.397683.png,#7e5109,5,383.847763,13.085719,0.523429,0.040000
z_0208_658.397683.png,#d7bde2,6,3727257.570015,127065.598978,5082.623959,0.040000
z_0208_658.397683.png,#eb984e,7,298.350288,10.171033,0.406841,0.040000
z_0208_658.397683.png,#f4d03f,1,58.284271,1.986964,0.079479,0.040000
z_0208_658.397683.png,#f5b041,2,59.941125,2.043447,0.081738,0.040000
z_0208_658.397683.png,#f9e79f,9,307.137085,10.470582,0.418823,0.040000
z_0209_659.409266.png,#1abc9c,4,189.338095,6.454708,0.258188,0.040000
z_0209_659.409266.png,#1f618d,12,912.891486,31.121301,1.244852,0.040000
z_0209_659.409266.png,#58d68d,3,114.183766,3.892628,0.155705,0.040000
z_0209_659.409266.png,#5d6d7e,3,141.982756,4.840321,0.193613,0.040000
z_0209_659.409266.png,#5dade2,8,425.119841,14.492722,0.579709,0.040000
z_0209_659.409266.png,#6c3483,11,667.411255,22.752656,0.910106,0.040000
z_0209_659.409266.png,#76d7c4,3,0.000000,0.000000,0.000000,0.040000
z_0209_659.409266.png,#7d6608,6,204.024387,6.955377,0.278215,0.040000
z_0209_659.409266.png,#7e5109,5,390.676190,13.318506,0.532740,0.040000
z_0209_659.409266.png,#d7bde2,7,623.813275,21.266362,0.850654,0.040000
z_0209_659.409266.png,#eb984e,6,315.563492,10.757846,0.430314,0.040000
z_0209_659.409266.png,#f4d03f,1,58.041631,1.978692,0.079148,0.040000
z_0209_659.409266.png,#f5b041,2,55.698485,1.898812,0.075952,0.040000
z_0209_659.409266.png,#f9e79f,8,273.622366,9.328035,0.373121,0.040000
z_0210_660.420849.png,#1abc9c,4,196.651804,6.704039,0.268162,0.040000
z_0210_660.420849.png,#1f618d,12,909.962554,31.021451,1.240858,0.040000
z_0210_660.420849.png,#58d68d,3,174.811183,5.959472,0.238379,0.040000
z_0210_660.420849.png,#5d6d7e,3,123.497475,4.210141,0.168406,0.040000
z_0210_660.420849.png,#5dade2,8,397.948268,13.566418,0.542657,0.040000
z_0210_660.420849.png,#6c3483,10,721.595021,24.599830,0.983993,0.040000
z_0210_660.420849.png,#76d7c4,3,0.000000,0.000000,0.000000,0.040000
z_0210_660.420849.png,#7d6608,6,205.338095,7.000162,0.280006,0.040000
z_0210_660.420849.png,#7e5109,5,400.475180,13.652563,0.546103,0.040000
z_0210_660.420849.png,#d7bde2,7,570.457936,19.447430,0.777897,0.040000
z_0210_660.420849.png,#eb984e,5,312.391919,10.649725,0.425989,0.040000
z_0210_660.420849.png,#f4d03f,1,59.698485,2.035176,0.081407,0.040000
z_0210_660.420849.png,#f5b041,2,56.870058,1.938752,0.077550,0.040000
z_0210_660.420849.png,#f9e79f,11,290.693434,9.910003,0.396400,0.040000
z_0211_661.432432.png,#1abc9c,4,229.865007,7.836307,0.313452,0.040000
z_0211_661.432432.png,#1f618d,11,901.962554,30.748723,1.229949,0.040000
z_0211_661.432432.png,#58d68d,2,91.941125,3.134357,0.125374,0.040000
z_0211_661.432432.png,#5d6d7e,3,151.539105,5.166106,0.206644,0.040000
z_0211_661.432432.png,#5dade2,8,337.663997,11.511273,0.460451,0.040000
z_0211_661.432432.png,#6c3483,9,4065838.991105,138608.147424,5544.325897,0.040000
z_0211_661.432432.png,#76d7c4,1,0.000000,0.000000,0.000000,0.040000
z_0211_661.432432.png,#7d6608,6,199.095454,6.787345,0.271494,0.040000
z_0211_661.432432.png,#7e5109,5,408.031529,13.910166,0.556407,0.040000
z_0211_661.432432.png,#d7bde2,6,582.457936,19.856521,0.794261,0.040000
z_0211_661.432432.png,#eb984e,6,316.149278,10.777816,0.431113,0.040000
z_0211_661.432432.png,#f4d03f,1,56.870058,1.938752,0.077550,0.040000
z_0211_661.432432.png,#f5b041,2,57.455844,1.958722,0.078349,0.040000
z_0211_661.432432.png,#f9e79f,10,297.722871,10.149643,0.405986,0.040000
z_0212_662.444015.png,#1abc9c,3,234.936075,8.009184,0.320367,0.040000
z_0212_662.444015.png,#1f618d,11,887.134126,30.243209,1.209728,0.040000
z_0212_662.444015.png,#58d68d,2,95.840620,3.267294,0.130692,0.040000
z_0212_662.444015.png,#5d6d7e,3,128.811183,4.391290,0.175652,0.040000
z_0212_662.444015.png,#5dade2,6,302.693434,10.319094,0.412764,0.040000
z_0212_662.444015.png,#6c3483,9,747.837662,25.494466,1.019779,0.040000
z_0212_662.444015.png,#7d6608,6,186.124892,6.345167,0.253807,0.040000
z_0212_662.444015.png,#7e5109,5,418.617316,14.271045,0.570842,0.040000
z_0212_662.444015.png,#d7bde2,6,616.641702,21.021876,0.840875,0.040000
z_0212_662.444015.png,#eb984e,5,325.119841,11.083631,0.443345,0.040000
z_0212_662.444015.png,#f4d03f,1,56.284271,1.918782,0.076751,0.040000
z_0212_662.444015.png,#f5b041,2,52.041631,1.774146,0.070966,0.040000
z_0212_662.444015.png,#f9e79f,12,482.031529,16.432893,0.657316,0.040000
z_0213_663.455598.png,#1abc9c,3,246.007143,8.386607,0.335464,0.040000
z_0213_663.455598.png,#1f618d,11,861.678282,29.375396,1.175016,0.040000
z_0213_663.455598.png,#58d68d,2,72.870058,2.484207,0.099368,0.040000
z_0213_663.455598.png,#5d6d7e,3,132.953319,4.532500,0.181300,0.040000
z_0213_663.455598.png,#5dade2,6,255.622366,8.714399,0.348576,0.040000
z_0213_663.455598.png,#6c3483,9,739.210245,25.200349,1.008014,0.040000
z_0213_663.455598.png,#7d6608,6,190.953319,6.509772,0.260391,0.040000
z_0213_663.455598.png,#7e5109,5,440.759451,15.025890,0.601036,0.040000
z_0213_663.455598.png,#d7bde2,6,608.298557,20.737451,0.829498,0.040000
z_0213_663.455598.png,#eb984e,5,316.391919,10.786088,0.431444,0.040000
z_0213_663.455598.png,#f4d03f,1,55.213203,1.882268,0.075291,0.040000
z_0213_663.455598.png,#f5b041,2,46.627417,1.589571,0.063583,0.040000
z_0213_663.455598.png,#f9e79f,10,509.144228,17.357190,0.694288,0.040000
z_0214_664.467181.png,#1abc9c,3,256.007143,8.727516,0.349101,0.040000
z_0214_664.467181.png,#1f618d,10,821.092496,27.991790,1.119672,0.040000
z_0214_664.467181.png,#58d68d,3,177.681241,6.057315,0.242293,0.040000
z_0214_664.467181.png,#5d6d7e,3,163.882251,5.586895,0.223476,0.040000
z_0214_664.467181.png,#5dade2,4,195.195959,6.654408,0.266176,0.040000
z_0214_664.467181.png,#6c3483,9,4046950.872397,137964.234286,5518.569371,0.040000
z_0214_664.467181.png,#76d7c4,1,0.000000,0.000000,0.000000,0.040000
z_0214_664.467181.png,#7d6608,6,167.882251,5.723259,0.228930,0.040000
z_0214_664.467181.png,#7e5109,5,469.386868,16.001825,0.640073,0.040000
z_0214_664.467181.png,#d7bde2,6,587.369624,20.023964,0.800959,0.040000
z_0214_664.467181.png,#eb984e,5,321.948268,10.975509,0.439020,0.040000
z_0214_664.467181.png,#f4d03f,1,53.798990,1.834056,0.073362,0.040000
z_0214_664.467181.png,#f5b041,2,39.798990,1.356784,0.054271,0.040000
z_0214_664.467181.png,#f9e79f,9,522.315801,17.806220,0.712249,0.040000
z_0215_665.478764.png,#1abc9c,4,248.936075,8.486457,0.339458,0.040000
z_0215_665.478764.png,#1f618d,10,820.163564,27.960121,1.118405,0.040000
z_0215_665.478764.png,#58d68d,2,73.355339,2.500750,0.100030,0.040000
z_0215_665.478764.png,#5d6d7e,4,165.296465,5.635107,0.225404,0.040000
z_0215_665.478764.png,#5dade2,4,179.195959,6.108953,0.244358,0.040000
z_0215_665.478764.png,#6c3483,9,760.381818,25.922107,1.036884,0.040000
z_0215_665.478764.png,#76d7c4,1,0.000000,0.000000,0.000000,0.040000
z_0215_665.478764.png,#7d6608,6,175.539105,5.984288,0.239372,0.040000
z_0215_665.478764.png,#7e5109,6,484.558441,16.519038,0.660762,0.040000
z_0215_665.478764.png,#aed6f1,1,0.000000,0.000000,0.000000,0.040000
z_0215_665.478764.png,#d7bde2,6,562.884343,19.189239,0.767570,0.040000
z_0215_665.478764.png,#eb984e,5,281.078210,9.582212,0.383288,0.040000
z_0215_665.478764.png,#f4d03f,1,48.384776,1.649481,0.065979,0.040000
z_0215_665.478764.png,#f5b041,2,64.627417,2.203207,0.088128,0.040000
z_0215_665.478764.png,#f9e79f,8,540.457936,18.424702,0.736988,0.040000
z_0216_666.490347.png,#1abc9c,4,195.137085,6.652401,0.266096,0.040000
z_0216_666.490347.png,#1f618d,11,807.435642,27.526215,1.101049,0.040000
z_0216_666.490347.png,#58d68d,2,73.941125,2.520720,0.100829,0.040000
z_0216_666.490347.png,#5d6d7e,3,155.882251,5.314168,0.212567,0.040000
z_0216_666.490347.png,#5dade2,3,146.710678,5.001500,0.200060,0.040000
z_0216_666.490347.png,#6c3483,8,780.867099,26.620469,1.064819,0.040000
z_0216_666.490347.png,#76d7c4,1,0.000000,0.000000,0.000000,0.040000
z_0216_666.490347.png,#7d6608,6,177.195959,6.040771,0.241631,0.040000
z_0216_666.490347.png,#7e5109,6,478.901587,16.326190,0.653048,0.040000
z_0216_666.490347.png,#d7bde2,6,513.671140,17.511516,0.700461,0.040000
z_0216_666.490347.png,#eb984e,5,283.663997,9.670364,0.386815,0.040000
z_0216_666.490347.png,#f4d03f,1,44.384776,1.513117,0.060525,0.040000
z_0216_666.490347.png,#f5b041,2,67.455844,2.299631,0.091985,0.040000
z_0216_666.490347.png,#f9e79f,11,612.884343,20.893784,0.835751,0.040000
z_0217_667.501931.png,#1abc9c,3,166.752309,5.684738,0.227390,0.040000
z_0217_667.501931.png,#1f618d,12,769.009235,26.216224,1.048649,0.040000
z_0217_667.501931.png,#58d68d,2,71.698485,2.444267,0.097771,0.040000
z_0217_667.501931.png,#5d6d7e,3,165.781746,5.651650,0.226066,0.040000
z_0217_667.501931.png,#5dade2,3,146.124892,4.981530,0.199261,0.040000
z_0217_667.501931.png,#6c3483,8,788.724963,26.888351,1.075534,0.040000
z_0217_667.501931.png,#7d6608,5,161.539105,5.507015,0.220281,0.040000
z_0217_667.501931.png,#7e5109,6,448.859956,15.302044,0.612082,0.040000
z_0217_667.501931.png,#d7bde2,5,501.629509,17.101006,0.684040,0.040000
z_0217_667.501931.png,#eb984e,5,278.350288,9.489214,0.379569,0.040000
z_0217_667.501931.png,#f4d03f,2,58.870058,2.006934,0.080277,0.040000
z_0217_667.501931.png,#f5b041,2,63.213203,2.154996,0.086200,0.040000
z_0217_667.501931.png,#f9e79f,9,647.653896,22.079110,0.883164,0.040000
z_0218_668.513514.png,#1abc9c,3,164.166522,5.596586,0.223863,0.040000
z_0218_668.513514.png,#1f618d,10,732.724963,24.979260,0.999170,0.040000
z_0218_668.513514.png,#58d68d,2,70.526912,2.404327,0.096173,0.040000
z_0218_668.513514.png,#5d6d7e,3,170.811183,5.823109,0.232924,0.040000
z_0218_668.513514.png,#5dade2,3,143.982756,4.908503,0.196340,0.040000
z_0218_668.513514.png,#6c3483,8,792.180808,27.006164,1.080247,0.040000
z_0218_668.513514.png,#76d7c4,2,0.000000,0.000000,0.000000,0.040000
z_0218_668.513514.png,#7d6608,5,172.953319,5.896136,0.235845,0.040000
z_0218_668.513514.png,#7e5109,6,448.859956,15.302044,0.612082,0.040000
z_0218_668.513514.png,#aed6f1,1,0.000000,0.000000,0.000000,0.040000
z_0218_668.513514.png,#d7bde2,5,508.658946,17.340646,0.693626,0.040000
z_0218_668.513514.png,#eb984e,5,274.208153,9.348005,0.373920,0.040000
z_0218_668.513514.png,#f4d03f,2,79.012193,2.693597,0.107744,0.040000
z_0218_668.513514.png,#f5b041,2,102.325902,3.488383,0.139535,0.040000
z_0218_668.513514.png,#f9e79f,8,670.239682,22.849080,0.913963,0.040000
z_0219_669.525097.png,#1abc9c,3,158.610173,5.407165,0.216287,0.040000
z_0219_669.525097.png,#1f618d,9,738.624458,25.180379,1.007215,0.040000
z_0219_669.525097.png,#58d68d,2,74.870058,2.552388,0.102096,0.040000
z_0219_669.525097.png,#5d6d7e,2,166.710678,5.683319,0.227333,0.040000
z_0219_669.525097.png,#5dade2,3,143.396970,4.888533,0.195541,0.040000
z_0219_669.525097.png,#6c3483,10,782.967604,26.692077,1.067683,0.040000
z_0219_669.525097.png,#7d6608,5,174.367532,5.944348,0.237774,0.040000
z_0219_669.525097.png,#7e5109,6,449.788889,15.333712,0.613348,0.040000
z_0219_669.525097.png,#d7bde2,5,490.759451,16.730436,0.669217,0.040000
z_0219_669.525097.png,#eb984e,5,270.793939,9.231612,0.369264,0.040000
z_0219_669.525097.png,#f4d03f,2,76.183766,2.597174,0.103887,0.040000
z_0219_669.525097.png,#f5b041,1,115.154329,3.925716,0.157029,0.040000
z_0219_669.525097.png,#f9e79f,8,663.411255,22.616293,0.904652,0.040000
z_0220_670.536680.png,#1abc9c,4,149.195959,5.086226,0.203449,0.040000
z_0220_670.536680.png,#1f618d,9,731.896536,24.951018,0.998041,0.040000
z_0220_670.536680.png,#58d68d,1,19.899495,0.678392,0.027136,0.040000
z_0220_670.536680.png,#5d6d7e,2,164.953319,5.623409,0.224936,0.040000
z_0220_670.536680.png,#5dade2,3,147.882251,5.041440,0.201658,0.040000
z_0220_670.536680.png,#6c3483,10,753.854906,25.699599,1.027984,0.040000
z_0220_670.536680.png,#76d7c4,1,0.000000,0.000000,0.000000,0.040000
z_0220_670.536680.png,#7d6608,5,175.539105,5.984288,0.239372,0.040000
z_0220_670.536680.png,#7e5109,8,460.333044,15.693172,0.627727,0.040000
z_0220_670.536680.png,#d7bde2,5,497.587878,16.963223,0.678529,0.040000
z_0220_670.536680.png,#eb984e,5,265.521861,9.051882,0.362075,0.040000
z_0220_670.536680.png,#f4d03f,2,68.769553,2.344417,0.093777,0.040000
z_0220_670.536680.png,#f5b041,1,105.254834,3.588233,0.143529,0.040000
z_0220_670.536680.png,#f9e79f,7,652.925974,22.258840,0.890354,0.040000
z_0221_671.548263.png,#1abc9c,4,141.296465,4.816925,0.192677,0.040000
z_0221_671.548263.png,#1f618d,9,745.695526,25.421438,1.016858,0.040000
z_0221_671.548263.png,#58d68d,2,103.012193,3.511779,0.140471,0.040000
z_0221_671.548263.png,#5d6d7e,2,168.267027,5.736376,0.229455,0.040000
z_0221_671.548263.png,#5dade2,3,148.225397,5.053139,0.202126,0.040000
z_0221_671.548263.png,#6c3483,9,733.511760,25.006083,1.000243,0.040000
z_0221_671.548263.png,#7d6608,5,214.752309,7.321101,0.292844,0.040000
z_0221_671.548263.png,#7e5109,8,462.918831,15.781324,0.631253,0.040000
z_0221_671.548263.png,#aed6f1,1,0.000000,0.000000,0.000000,0.040000
z_0221_671.548263.png,#d7bde2,6,3778932.547889,128827.245951,5153.089838,0.040000
z_0221_671.548263.png,#eb984e,5,270.208153,9.211642,0.368466,0.040000
z_0221_671.548263.png,#f4d03f,2,81.497475,2.778323,0.111133,0.040000
z_0221_671.548263.png,#f5b041,1,101.012193,3.443597,0.137744,0.040000
z_0221_671.548263.png,#f9e79f,11,658.340187,22.443415,0.897737,0.040000
z_0222_672.559846.png,#1abc9c,4,136.468037,4.652319,0.186093,0.040000
z_0222_672.559846.png,#1f618d,9,745.796031,25.424865,1.016995,0.040000
z_0222_672.559846.png,#58d68d,2,103.698485,3.535176,0.141407,0.040000
z_0222_672.559846.png,#5d6d7e,2,161.539105,5.507015,0.220281,0.040000
z_0222_672.559846.png,#5dade2,3,147.740115,5.036595,0.201464,0.040000
z_0222_672.559846.png,#6c3483,9,715.026479,24.375903,0.975036,0.040000
z_0222_672.559846.png,#7d6608,5,214.267027,7.304558,0.292182,0.040000
z_0222_672.559846.png,#7e5109,6,464.717821,15.842653,0.633706,0.040000
z_0222_672.559846.png,#d7bde2,7,479.445743,16.344741,0.653790,0.040000
z_0222_672.559846.png,#eb984e,5,271.764502,9.264699,0.370588,0.040000
z_0222_672.559846.png,#f4d03f,2,90.669048,3.090990,0.123640,0.040000
z_0222_672.559846.png,#f5b041,1,89.597980,3.054477,0.122179,0.040000
z_0222_672.559846.png,#f9e79f,7,601.227489,20.496392,0.819856,0.040000
z_0223_673.571429.png,#1abc9c,2,126.568542,4.314837,0.172593,0.040000
z_0223_673.571429.png,#1f618d,9,753.210245,25.677622,1.027105,0.040000
z_0223_673.571429.png,#58d68d,4,365.847763,12.472083,0.498883,0.040000
z_0223_673.571429.png,#5d6d7e,2,160.468037,5.470501,0.218820,0.040000
z_0223_673.571429.png,#5dade2,3,146.911688,5.008353,0.200334,0.040000
z_0223_673.571429.png,#6c3483,8,690.440692,23.537751,0.941510,0.040000
z_0223_673.571429.png,#76d7c4,2,0.000000,0.000000,0.000000,0.040000
z_0223_673.571429.png,#7d6608,5,210.752309,7.184738,0.287390,0.040000
z_0223_673.571429.png,#7e5109,8,444.433550,15.151144,0.606046,0.040000
z_0223_673.571429.png,#aed6f1,1,0.000000,0.000000,0.000000,0.040000
z_0223_673.571429.png,#d7bde2,6,412.534055,14.063661,0.562546,0.040000
z_0223_673.571429.png,#eb984e,5,266.835570,9.096667,0.363867,0.040000
z_0223_673.571429.png,#f4d03f,1,99.740115,3.400231,0.136009,0.040000
z_0223_673.571429.png,#f5b041,1,92.183766,3.142628,0.125705,0.040000
z_0223_673.571429.png,#f9e79f,9,594.641702,20.271876,0.810875,0.040000
z_0224_674.583012.png,#1abc9c,3,121.740115,4.150231,0.166009,0.040000
z_0224_674.583012.png,#1f618d,9,750.967604,25.601168,1.024047,0.040000
z_0224_674.583012.png,#58d68d,4,366.676190,12.500325,0.500013,0.040000
z_0224_674.583012.png,#5d6d7e,2,161.296465,5.498743,0.219950,0.040000
z_0224_674.583012.png,#5dade2,3,147.497475,5.028323,0.201133,0.040000
z_0224_674.583012.png,#6c3483,8,691.269119,23.565993,0.942640,0.040000
z_0224_674.583012.png,#76d7c4,2,0.000000,0.000000,0.000000,0.040000
z_0224_674.583012.png,#7d6608,5,212.166522,7.232950,0.289318,0.040000
z_0224_674.583012.png,#7e5109,8,445.504617,15.187657,0.607506,0.040000
z_0224_674.583012.png,#aed6f1,2,0.000000,0.000000,0.000000,0.040000
z_0224_674.583012.png,#d7bde2,6,413.362482,14.091903,0.563676,0.040000
z_0224_674.583012.png,#eb984e,5,266.835570,9.096667,0.363867,0.040000
z_0224_674.583012.png,#f4d03f,1,97.740115,3.332049,0.133282,0.040000
z_0224_674.583012.png,#f5b041,1,92.183766,3.142628,0.125705,0.040000
z_0224_674.583012.png,#f9e79f,9,593.227489,20.223664,0.808947,0.040000
z_0225_675.594595.png,#1abc9c,3,100.911688,3.440171,0.137607,0.040000
z_0225_675.594595.png,#1f618d,10,815.394011,27.797523,1.111901,0.040000
z_0225_675.594595.png,#58d68d,3,319.663997,10.897636,0.435905,0.040000
z_0225_675.594595.png,#5d6d7e,2,159.639610,5.442259,0.217690,0.040000
z_0225_675.594595.png,#5dade2,3,153.053824,5.217744,0.208710,0.040000
z_0225_675.594595.png,#6c3483,7,653.026479,22.262266,0.890491,0.040000
z_0225_675.594595.png,#7d6608,5,218.066017,7.434069,0.297363,0.040000
z_0225_675.594595.png,#7e5109,8,464.516811,15.835800,0.633432,0.040000
z_0225_675.594595.png,#d7bde2,6,388.877200,13.257177,0.530287,0.040000
z_0225_675.594595.png,#eb984e,5,280.107648,9.549124,0.381965,0.040000
z_0225_675.594595.png,#f4d03f,1,78.183766,2.665356,0.106614,0.040000
z_0225_675.594595.png,#f5b041,1,62.870058,2.143297,0.085732,0.040000
z_0225_675.594595.png,#f9e79f,5,596.884343,20.348330,0.813933,0.040000
z_0226_676.606178.png,#1abc9c,3,133.740115,4.559322,0.182373,0.040000
z_0226_676.606178.png,#1f618d,9,888.849855,30.301700,1.212068,0.040000
z_0226_676.606178.png,#58d68d,4,229.965512,7.839733,0.313589,0.040000
z_0226_676.606178.png,#5d6d7e,2,151.053824,5.149562,0.205982,0.040000
z_0226_676.606178.png,#5dade2,3,157.539105,5.370651,0.214826,0.040000
z_0226_676.606178.png,#6c3483,7,621.570635,21.189908,0.847596,0.040000
z_0226_676.606178.png,#76d7c4,1,0.000000,0.000000,0.000000,0.040000
z_0226_676.606178.png,#7d6608,4,201.480231,6.868644,0.274746,0.040000
z_0226_676.606178.png,#7e5109,9,435.261977,14.838476,0.593539,0.040000
z_0226_676.606178.png,#aed6f1,1,0.000000,0.000000,0.000000,0.040000
z_0226_676.606178.png,#d7bde2,7,412.433550,14.060235,0.562409,0.040000
z_0226_676.606178.png,#eb984e,5,296.450793,10.106277,0.404251,0.040000
z_0226_676.606178.png,#f4d03f,1,68.870058,2.347843,0.093914,0.040000
z_0226_676.606178.png,#f5b041,1,46.041631,1.569601,0.062784,0.040000
z_0226_676.606178.png,#f9e79f,7,605.126984,20.629329,0.825173,0.040000
z_0227_677.617761.png,#1abc9c,3,117.840620,4.017294,0.160692,0.040000
z_0227_677.617761.png,#1f618d,9,897.920923,30.610941,1.224438,0.040000
z_0227_677.617761.png,#58d68d,2,207.237590,7.064918,0.282597,0.040000
z_0227_677.617761.png,#5d6d7e,2,152.953319,5.214318,0.208573,0.040000
z_0227_677.617761.png,#5dade2,3,164.024387,5.591740,0.223670,0.040000
z_0227_677.617761.png,#6c3483,7,604.256926,20.599668,0.823987,0.040000
z_0227_677.617761.png,#7d6608,4,208.894444,7.121402,0.284856,0.040000
z_0227_677.617761.png,#7e5109,6,428.475180,14.607108,0.584284,0.040000
z_0227_677.617761.png,#d7bde2,7,375.220346,12.791603,0.511664,0.040000
z_0227_677.617761.png,#eb984e,5,3936686.585880,134205.224519,5368.208981,0.040000
z_0227_677.617761.png,#f4d03f,1,68.526912,2.336145,0.093446,0.040000
z_0227_677.617761.png,#f5b041,1,41.213203,1.404996,0.056200,0.040000
z_0227_677.617761.png,#f9e79f,7,603.269119,20.565993,0.822640,0.040000
z_0228_678.629344.png,#1abc9c,4,119.154329,4.062079,0.162483,0.040000
z_0228_678.629344.png,#1f618d,11,908.163564,30.960121,1.238405,0.040000
z_0228_678.629344.png,#58d68d,2,221.237590,7.542191,0.301688,0.040000
z_0228_678.629344.png,#5d6d7e,2,152.367532,5.194348,0.207774,0.040000
z_0228_678.629344.png,#5dade2,3,168.267027,5.736376,0.229455,0.040000
z_0228_678.629344.png,#6c3483,7,602.801082,20.550037,0.822001,0.040000
z_0228_678.629344.png,#7d6608,4,216.551299,7.382431,0.295297,0.040000
z_0228_678.629344.png,#7e5109,6,427.060967,14.558897,0.582356,0.040000
z_0228_678.629344.png,#aed6f1,1,0.000000,0.000000,0.000000,0.040000
z_0228_678.629344.png,#d7bde2,6,400.877200,13.666268,0.546651,0.040000
z_0228_678.629344.png,#eb984e,5,318.735065,10.865968,0.434639,0.040000
z_0228_678.629344.png,#f4d03f,1,66.041631,2.251419,0.090057,0.040000
z_0228_678.629344.png,#f5b041,1,24.727922,0.842997,0.033720,0.040000
z_0228_678.629344.png,#f9e79f,8,600.783838,20.481267,0.819251,0.040000
z_0229_679.640927.png,#1abc9c,3,107.840620,3.676385,0.147055,0.040000
z_0229_679.640927.png,#1f618d,10,850.950360,29.009671,1.160387,0.040000
z_0229_679.640927.png,#58d68d,3,3759928.673068,128179.386582,5127.175463,0.040000
z_0229_679.640927.png,#5d6d7e,2,149.882251,5.109622,0.204385,0.040000
z_0229_679.640927.png,#5dade2,3,181.681241,6.193679,0.247747,0.040000
z_0229_679.640927.png,#6c3483,7,589.043723,20.081036,0.803241,0.040000
z_0229_679.640927.png,#7d6608,4,229.379726,7.819763,0.312791,0.040000
z_0229_679.640927.png,#7e5109,6,426.818326,14.550625,0.582025,0.040000
z_0229_679.640927.png,#aed6f1,1,0.000000,0.000000,0.000000,0.040000
z_0229_679.640927.png,#d7bde2,6,450.333044,15.352263,0.614091,0.040000
z_0229_679.640927.png,#eb984e,7,371.261977,12.656658,0.506266,0.040000
z_0229_679.640927.png,#f4d03f,1,53.798990,1.834056,0.073362,0.040000
z_0229_679.640927.png,#f5b041,1,18.485281,0.630180,0.025207,0.040000
z_0229_679.640927.png,#f9e79f,8,605.227489,20.632755,0.825310,0.040000
z_0230_680.652510.png,#1abc9c,3,109.012193,3.716325,0.148653,0.040000
z_0230_680.652510.png,#1f618d,10,853.193001,29.086125,1.163445,0.040000
z_0230_680.652510.png,#58d68d,3,3706041.754652,126342.332545,5053.693302,0.040000
z_0230_680.652510.png,#5d6d7e,2,149.882251,5.109622,0.204385,0.040000
z_0230_680.652510.png,#5dade2,3,179.681241,6.125497,0.245020,0.040000
z_0230_680.652510.png,#6c3483,7,588.457936,20.061066,0.802443,0.040000
z_0230_680.652510.png,#7d6608,4,230.551299,7.859703,0.314388,0.040000
z_0230_680.652510.png,#7e5109,6,428.475180,14.607108,0.584284,0.040000
z_0230_680.652510.png,#aed6f1,1,0.000000,0.000000,0.000000,0.040000
z_0230_680.652510.png,#d7bde2,5,453.161472,15.448687,0.617947,0.040000
z_0230_680.652510.png,#eb984e,7,369.261977,12.588476,0.503539,0.040000
z_0230_680.652510.png,#f4d03f,1,53.798990,1.834056,0.073362,0.040000
z_0230_680.652510.png,#f5b041,1,19.071068,0.650150,0.026006,0.040000
z_0230_680.652510.png,#f9e79f,8,606.399062,20.672695,0.826908,0.040000
z_0231_681.664093.png,#1abc9c,2,117.355339,4.000750,0.160030,0.040000
z_0231_681.664093.png,#1f618d,10,3908747.030868,133252.739689,5330.109588,0.040000
z_0231_681.664093.png,#58d68d,1,139.154329,4.743898,0.189756,0.040000
z_0231_681.664093.png,#5d6d7e,2,149.882251,5.109622,0.204385,0.040000
z_0231_681.664093.png,#5dade2,3,189.095454,6.446436,0.257857,0.040000
z_0231_681.664093.png,#6c3483,7,566.073160,19.297949,0.771918,0.040000
z_0231_681.664093.png,#7d6608,3,202.894444,6.916856,0.276674,0.040000
z_0231_681.664093.png,#7e5109,6,417.404112,14.229686,0.569187,0.040000
z_0231_681.664093.png,#d7bde2,6,482.031529,16.432893,0.657316,0.040000
z_0231_681.664093.png,#eb984e,7,395.605122,13.486538,0.539462,0.040000
z_0231_681.664093.png,#f4d03f,1,52.970563,1.805815,0.072233,0.040000
z_0231_681.664093.png,#f5b041,1,28.142136,0.959391,0.038376,0.040000
z_0231_681.664093.png,#f9e79f,8,596.298557,20.328360,0.813134,0.040000
z_0232_682.675676.png,#1abc9c,2,113.355339,3.864387,0.154575,0.040000
z_0232_682.675676.png,#1f618d,11,732.038672,24.955864,0.998235,0.040000
z_0232_682.675676.png,#58d68d,1,141.053824,4.808653,0.192346,0.040000
z_0232_682.675676.png,#5d6d7e,2,148.225397,5.053139,0.202126,0.040000
z_0232_682.675676.png,#5dade2,3,204.752309,6.980192,0.279208,0.040000
z_0232_682.675676.png,#6c3483,7,565.487373,19.277979,0.771119,0.040000
z_0232_682.675676.png,#76d7c4,1,0.000000,0.000000,0.000000,0.040000
z_0232_682.675676.png,#7d6608,3,210.651804,7.181311,0.287252,0.040000
z_0232_682.675676.png,#7e5109,5,406.333044,13.852263,0.554091,0.040000
z_0232_682.675676.png,#aed6f1,1,0.000000,0.000000,0.000000,0.040000
z_0232_682.675676.png,#d7bde2,7,411.019336,14.012023,0.560481,0.040000
z_0232_682.675676.png,#eb984e,7,429.646753,14.647048,0.585882,0.040000
z_0232_682.675676.png,#f4d03f,1,48.384776,1.649481,0.065979,0.040000
z_0232_682.675676.png,#f5b041,1,36.727922,1.252088,0.050084,0.040000
z_0232_682.675676.png,#f9e79f,9,570.541197,19.450268,0.778011,0.040000
z_0233_683.687259.png,#1abc9c,2,99.941125,3.407084,0.136283,0.040000
z_0233_683.687259.png,#1f618d,12,680.440692,23.196842,0.927874,0.040000
z_0233_683.687259.png,#58d68d,1,136.468037,4.652319,0.186093,0.040000
z_0233_683.687259.png,#5d6d7e,2,152.710678,5.206046,0.208242,0.040000
z_0233_683.687259.png,#5dade2,3,206.994949,7.056646,0.282266,0.040000
z_0233_683.687259.png,#6c3483,7,526.617316,17.952863,0.718115,0.040000
z_0233_683.687259.png,#7d6608,3,220.793939,7.527066,0.301083,0.040000
z_0233_683.687259.png,#7e5109,5,3758819.039267,128141.558157,5125.662326,0.040000
z_0233_683.687259.png,#d7bde2,7,361.362482,12.319176,0.492767,0.040000
z_0233_683.687259.png,#eb984e,6,447.203102,15.245560,0.609822,0.040000
z_0233_683.687259.png,#f4d03f,1,48.870058,1.666025,0.066641,0.040000
z_0233_683.687259.png,#f5b041,1,44.384776,1.513117,0.060525,0.040000
z_0233_683.687259.png,#f9e79f,7,530.984848,18.101756,0.724070,0.040000
z_0234_684.698842.png,#1abc9c,2,99.941125,3.407084,0.136283,0.040000
z_0234_684.698842.png,#1f618d,12,677.612265,23.100418,0.924017,0.040000
z_0234_684.698842.png,#58d68d,1,137.296465,4.680561,0.187222,0.040000
z_0234_684.698842.png,#5d6d7e,2,153.296465,5.226016,0.209041,0.040000
z_0234_684.698842.png,#5dade2,3,206.994949,7.056646,0.282266,0.040000
z_0234_684.698842.png,#6c3483,7,536.274170,18.282074,0.731283,0.040000
z_0234_684.698842.png,#7d6608,3,222.208153,7.575278,0.303011,0.040000
z_0234_684.698842.png,#7e5109,5,421.847763,14.381174,0.575247,0.040000
z_0234_684.698842.png,#d7bde2,7,364.190909,12.415599,0.496624,0.040000
z_0234_684.698842.png,#eb984e,6,450.374675,15.353682,0.614147,0.040000
z_0234_684.698842.png,#f4d03f,1,46.627417,1.589571,0.063583,0.040000
z_0234_684.698842.png,#f5b041,1,45.798990,1.561329,0.062453,0.040000
z_0234_684.698842.png,#f9e79f,6,530.984848,18.101756,0.724070,0.040000
z_0235_685.710425.png,#1abc9c,1,96.526912,3.290690,0.131628,0.040000
z_0235_685.710425.png,#1f618d,8,563.244733,19.201525,0.768061,0.040000
z_0235_685.710425.png,#58d68d,1,131.882251,4.495986,0.179839,0.040000
z_0235_685.710425.png,#5d6d7e,3,171.053824,5.831380,0.233255,0.040000
z_0235_685.710425.png,#5dade2,3,200.852814,6.847255,0.273890,0.040000
z_0235_685.710425.png,#6c3483,6,439.261977,14.974840,0.598994,0.040000
z_0235_685.710425.png,#7d6608,3,209.095454,7.128254,0.285130,0.040000
z_0235_685.710425.png,#7e5109,5,451.889394,15.405320,0.616213,0.040000
z_0235_685.710425.png,#d7bde2,5,380.475180,12.970745,0.518830,0.040000
z_0235_685.710425.png,#eb984e,7,468.617316,15.975590,0.639024,0.040000
z_0235_685.710425.png,#f4d03f,1,40.970563,1.396724,0.055869,0.040000
z_0235_685.710425.png,#f5b041,1,51.798990,1.765875,0.070635,0.040000
z_0235_685.710425.png,#f9e79f,6,486.842712,16.596911,0.663876,0.040000
z_0236_686.722008.png,#1abc9c,1,63.941125,2.179811,0.087192,0.040000
z_0236_686.722008.png,#1f618d,8,547.587878,18.667769,0.746711,0.040000
z_0236_686.722008.png,#58d68d,1,123.154329,4.198443,0.167938,0.040000
z_0236_686.722008.png,#5d6d7e,2,184.710678,6.296955,0.251878,0.040000
z_0236_686.722008.png,#5dade2,2,173.539105,5.916106,0.236644,0.040000
z_0236_686.722008.png,#6c3483,5,389.362482,13.273721,0.530949,0.040000
z_0236_686.722008.png,#7d6608,2,200.367532,6.830711,0.273228,0.040000
z_0236_686.722008.png,#7e5109,5,478.274170,16.304801,0.652192,0.040000
z_0236_686.722008.png,#d7bde2,5,350.676190,11.954870,0.478195,0.040000
z_0236_686.722008.png,#eb984e,8,460.818326,15.709716,0.628389,0.040000
z_0236_686.722008.png,#f4d03f,1,30.727922,1.047543,0.041902,0.040000
z_0236_686.722008.png,#f5b041,1,37.798990,1.288602,0.051544,0.040000
z_0236_686.722008.png,#f9e79f,7,467.587878,15.940496,0.637620,0.040000
z_0237_687.733591.png,#1abc9c,1,64.526912,2.199781,0.087991,0.040000
z_0237_687.733591.png,#1f618d,8,546.173665,18.619557,0.744782,0.040000
z_0237_687.733591.png,#58d68d,1,123.154329,4.198443,0.167938,0.040000
z_0237_687.733591.png,#5d6d7e,2,184.468037,6.288683,0.251547,0.040000
z_0237_687.733591.png,#5dade2,2,174.953319,5.964318,0.238573,0.040000
z_0237_687.733591.png,#6c3483,5,389.605122,13.281993,0.531280,0.040000
z_0237_687.733591.png,#7d6608,2,201.195959,6.858953,0.274358,0.040000
z_0237_687.733591.png,#7e5109,5,475.688384,16.216649,0.648666,0.040000
z_0237_687.733591.png,#d7bde2,5,350.090404,11.934900,0.477396,0.040000
z_0237_687.733591.png,#eb984e,8,460.475180,15.698018,0.627921,0.040000
z_0237_687.733591.png,#f4d03f,1,29.899495,1.019301,0.040772,0.040000
z_0237_687.733591.png,#f5b041,1,36.970563,1.260360,0.050414,0.040000
z_0237_687.733591.png,#f9e79f,7,465.931024,15.884012,0.635360,0.040000
z_0238_688.745174.png,#1abc9c,1,50.727922,1.729361,0.069174,0.040000
z_0238_688.745174.png,#1f618d,8,553.587878,18.872314,0.754893,0.040000
z_0238_688.745174.png,#58d68d,1,121.396970,4.138533,0.165541,0.040000
z_0238_688.745174.png,#5d6d7e,3,185.539105,6.325197,0.253008,0.040000
z_0238_688.745174.png,#5dade2,2,172.610173,5.884438,0.235378,0.040000
z_0238_688.745174.png,#6c3483,4,408.534055,13.927297,0.557092,0.040000
z_0238_688.745174.png,#76d7c4,1,0.000000,0.000000,0.000000,0.040000
z_0238_688.745174.png,#7d6608,3,176.710678,6.024228,0.240969,0.040000
z_0238_688.745174.png,#7e5109,5,483.688384,16.489377,0.659575,0.040000
z_0238_688.745174.png,#d7bde2,5,368.575685,12.565080,0.502603,0.040000
z_0238_688.745174.png,#eb984e,7,475.445743,16.208378,0.648335,0.040000
z_0238_688.745174.png,#f4d03f,1,30.727922,1.047543,0.041902,0.040000
z_0238_688.745174.png,#f9e79f,8,474.759451,16.184981,0.647399,0.040000
z_0239_689.756757.png,#1abc9c,1,50.727922,1.729361,0.069174,0.040000
z_0239_689.756757.png,#1f618d,8,552.516811,18.835800,0.753432,0.040000
z_0239_689.756757.png,#58d68d,1,121.396970,4.138533,0.165541,0.040000
z_0239_689.756757.png,#5d6d7e,3,187.539105,6.393379,0.255735,0.040000
z_0239_689.756757.png,#5dade2,2,170.124892,5.799712,0.231988,0.040000
z_0239_689.756757.png,#6c3483,4,407.948268,13.907327,0.556293,0.040000
z_0239_689.756757.png,#76d7c4,1,0.000000,0.000000,0.000000,0.040000
z_0239_689.756757.png,#7d6608,3,176.953319,6.032500,0.241300,0.040000
z_0239_689.756757.png,#7e5109,5,483.931024,16.497649,0.659906,0.040000
z_0239_689.756757.png,#d7bde2,5,369.161472,12.585050,0.503402,0.040000
z_0239_689.756757.png,#eb984e,7,476.031529,16.228348,0.649134,0.040000
z_0239_689.756757.png,#f4d03f,1,32.970563,1.123996,0.044960,0.040000
z_0239_689.756757.png,#f9e79f,9,469.345238,16.000406,0.640016,0.040000
z_0240_690.768340.png,#1f618d,10,715.955411,24.407571,0.976303,0.040000
z_0240_690.768340.png,#58d68d,1,119.296465,4.066925,0.162677,0.040000
z_0240_690.768340.png,#5d6d7e,1,61.698485,2.103357,0.084134,0.040000
z_0240_690.768340.png,#5dade2,3,137.396970,4.683988,0.187360,0.040000
z_0240_690.768340.png,#6c3483,3,166.710678,5.683319,0.227333,0.040000
z_0240_690.768340.png,#7d6608,1,90.769553,3.094417,0.123777,0.040000
z_0240_690.768340.png,#7e5109,5,587.428499,20.025972,0.801039,0.040000
z_0240_690.768340.png,#d7bde2,5,254.894444,8.689583,0.347583,0.040000
z_0240_690.768340.png,#eb984e,7,475.830519,16.221495,0.648860,0.040000
z_0240_690.768340.png,#f4d03f,2,69.112698,2.356115,0.094245,0.040000
z_0240_690.768340.png,#f9e79f,10,394.818326,13.459716,0.538389,0.040000
z_0241_691.779923.png,#1f618d,10,717.854906,24.472326,0.978893,0.040000
z_0241_691.779923.png,#58d68d,1,119.296465,4.066925,0.162677,0.040000
z_0241_691.779923.png,#5d6d7e,1,61.698485,2.103357,0.084134,0.040000
z_0241_691.779923.png,#5dade2,3,137.396970,4.683988,0.187360,0.040000
z_0241_691.779923.png,#6c3483,3,166.124892,5.663349,0.226534,0.040000
z_0241_691.779923.png,#7d6608,1,90.769553,3.094417,0.123777,0.040000
z_0241_691.779923.png,#7e5109,5,586.114790,19.981186,0.799247,0.040000
z_0241_691.779923.png,#d7bde2,5,254.894444,8.689583,0.347583,0.040000
z_0241_691.779923.png,#eb984e,7,474.315801,16.169857,0.646794,0.040000
z_0241_691.779923.png,#f4d03f,2,69.112698,2.356115,0.094245,0.040000
z_0241_691.779923.png,#f9e79f,10,394.232539,13.439746,0.537590,0.040000
z_0242_692.791506.png,#1f618d,9,763.653896,26.033656,1.041346,0.040000
z_0242_692.791506.png,#58d68d,1,114.468037,3.902319,0.156093,0.040000
z_0242_692.791506.png,#5d6d7e,1,53.455844,1.822358,0.072894,0.040000
z_0242_692.791506.png,#5dade2,3,140.811183,4.800381,0.192015,0.040000
z_0242_692.791506.png,#6c3483,2,134.225397,4.575866,0.183035,0.040000
z_0242_692.791506.png,#7d6608,1,84.769553,2.889871,0.115595,0.040000
z_0242_692.791506.png,#7e5109,5,616.499567,21.017031,0.840681,0.040000
z_0242_692.791506.png,#d7bde2,4,219.237590,7.474009,0.298960,0.040000
z_0242_692.791506.png,#eb984e,8,514.600072,17.543184,0.701727,0.040000
z_0242_692.791506.png,#f4d03f,2,72.870058,2.484207,0.099368,0.040000
z_0242_692.791506.png,#f9e79f,10,441.102597,15.037589,0.601504,0.040000
z_0243_693.803089.png,#1f618d,11,819.938167,27.952438,1.118098,0.040000
z_0243_693.803089.png,#58d68d,1,112.225397,3.825866,0.153035,0.040000
z_0243_693.803089.png,#5d6d7e,1,60.183766,2.051719,0.082069,0.040000
z_0243_693.803089.png,#5dade2,3,150.468037,5.129592,0.205184,0.040000
z_0243_693.803089.png,#6c3483,2,109.597980,3.736295,0.149452,0.040000
z_0243_693.803089.png,#7d6608,1,74.041631,2.524146,0.100966,0.040000
z_0243_693.803089.png,#7e5109,5,701.612265,23.918600,0.956744,0.040000
z_0243_693.803089.png,#d7bde2,6,270.835570,9.233031,0.369321,0.040000
z_0243_693.803089.png,#eb984e,6,527.771645,17.992215,0.719689,0.040000
z_0243_693.803089.png,#f4d03f,2,73.355339,2.500750,0.100030,0.040000
z_0243_693.803089.png,#f9e79f,7,475.144228,16.198099,0.647924,0.040000
z_0244_694.814672.png,#1f618d,11,848.908730,28.940070,1.157603,0.040000
z_0244_694.814672.png,#58d68d,1,109.639610,3.737714,0.149509,0.040000
z_0244_694.814672.png,#5d6d7e,1,65.012193,2.216325,0.088653,0.040000
z_0244_694.814672.png,#5dade2,3,146.852814,5.006346,0.200254,0.040000
z_0244_694.814672.png,#6c3483,2,88.769553,3.026235,0.121049,0.040000
z_0244_694.814672.png,#7d6608,1,52.970563,1.805815,0.072233,0.040000
z_0244_694.814672.png,#7e5109,6,801.653896,27.329110,1.093164,0.040000
z_0244_694.814672.png,#d7bde2,6,304.492424,10.380424,0.415217,0.040000
z_0244_694.814672.png,#eb984e,8,499.386868,17.024552,0.680982,0.040000
z_0244_694.814672.png,#f4d03f,2,61.698485,2.103357,0.084134,0.040000
z_0244_694.814672.png,#f9e79f,6,471.345238,16.068588,0.642744,0.040000
z_0245_695.826255.png,#1f618d,11,895.778787,30.537913,1.221517,0.040000
z_0245_695.826255.png,#58d68d,1,106.568542,3.633018,0.145321,0.040000
z_0245_695.826255.png,#5d6d7e,1,66.183766,2.256265,0.090251,0.040000
z_0245_695.826255.png,#5dade2,3,137.053824,4.672289,0.186892,0.040000
z_0245_695.826255.png,#6c3483,1,65.698485,2.239721,0.089589,0.040000
z_0245_695.826255.png,#7d6608,1,40.970563,1.396724,0.055869,0.040000
z_0245_695.826255.png,#7e5109,7,1035.702669,35.308046,1.412322,0.040000
z_0245_695.826255.png,#d7bde2,5,265.722871,9.058734,0.362349,0.040000
z_0245_695.826255.png,#eb984e,7,447.244733,15.246980,0.609879,0.040000
z_0245_695.826255.png,#f4d03f,1,62.627417,2.135026,0.085401,0.040000
z_0245_695.826255.png,#f9e79f,6,471.487373,16.073433,0.642937,0.040000
z_0246_696.837838.png,#1f618d,14,968.447835,33.015267,1.320611,0.040000
z_0246_696.837838.png,#58d68d,1,105.154329,3.584807,0.143392,0.040000
z_0246_696.837838.png,#5d6d7e,1,63.597980,2.168113,0.086725,0.040000
z_0246_696.837838.png,#5dade2,3,132.568542,4.519382,0.180775,0.040000
z_0246_696.837838.png,#6c3483,1,65.213203,2.223177,0.088927,0.040000
z_0246_696.837838.png,#7d6608,1,23.313708,0.794786,0.031791,0.040000
z_0246_696.837838.png,#7e5109,5,1051.803174,35.856926,1.434277,0.040000
z_0246_696.837838.png,#d7bde2,6,303.764502,10.355608,0.414224,0.040000
z_0246_696.837838.png,#eb984e,7,421.931024,14.384012,0.575360,0.040000
z_0246_696.837838.png,#f4d03f,1,60.284271,2.055146,0.082206,0.040000
z_0246_696.837838.png,#f9e79f,9,469.487373,16.005251,0.640210,0.040000
z_0247_697.849421.png,#1f618d,12,1010.589971,34.451931,1.378077,0.040000
z_0247_697.849421.png,#58d68d,1,103.254834,3.520051,0.140802,0.040000
z_0247_697.849421.png,#5d6d7e,1,67.355339,2.296205,0.091848,0.040000
z_0247_697.849421.png,#5dade2,3,140.568542,4.792109,0.191684,0.040000
z_0247_697.849421.png,#6c3483,1,67.698485,2.307903,0.092316,0.040000
z_0247_697.849421.png,#7e5109,4,1135.928066,38.724820,1.548993,0.040000
z_0247_697.849421.png,#d7bde2,7,330.877200,11.279905,0.451196,0.040000
z_0247_697.849421.png,#eb984e,5,347.362482,11.841903,0.473676,0.040000
z_0247_697.849421.png,#f4d03f,2,60.284271,2.055146,0.082206,0.040000
z_0247_697.849421.png,#f9e79f,10,458.859956,15.642953,0.625718,0.040000
z_0248_698.861004.png,#1f618d,10,1043.661038,35.579354,1.423174,0.040000
z_0248_698.861004.png,#58d68d,1,101.740115,3.468413,0.138737,0.040000
z_0248_698.861004.png,#5d6d7e,2,3943070.832156,134422.869278,5376.914771,0.040000
z_0248_698.861004.png,#5dade2,3,149.396970,5.093079,0.203723,0.040000
z_0248_698.861004.png,#6c3483,1,68.284271,2.327873,0.093115,0.040000
z_0248_698.861004.png,#7e5109,4,1189.383910,40.547179,1.621887,0.040000
z_0248_698.861004.png,#d7bde2,7,335.119841,11.424540,0.456982,0.040000
z_0248_698.861004.png,#eb984e,4,268.450793,9.151732,0.366069,0.040000
z_0248_698.861004.png,#f4d03f,2,72.284271,2.464237,0.098569,0.040000
z_0248_698.861004.png,#f9e79f,7,445.102597,15.173952,0.606958,0.040000
z_0249_699.872587.png,#1f618d,12,1115.158513,38.016767,1.520671,0.040000
z_0249_699.872587.png,#58d68d,1,95.840620,3.267294,0.130692,0.040000
z_0249_699.872587.png,#5d6d7e,3,108.669048,3.704627,0.148185,0.040000
z_0249_699.872587.png,#5dade2,3,158.953319,5.418863,0.216755,0.040000
z_0249_699.872587.png,#6c3483,1,67.941125,2.316175,0.092647,0.040000
z_0249_699.872587.png,#7e5109,3,1235.567676,42.121625,1.684865,0.040000
z_0249_699.872587.png,#d7bde2,4,328.634560,11.203451,0.448138,0.040000
z_0249_699.872587.png,#eb984e,3,275.764502,9.401063,0.376043,0.040000
z_0249_699.872587.png,#f4d03f,1,88.426407,3.014537,0.120581,0.040000
z_0249_699.872587.png,#f9e79f,7,445.889394,15.200775,0.608031,0.040000
z_0250_700.884170.png,#1f618d,11,1121.158513,38.221313,1.528853,0.040000
z_0250_700.884170.png,#58d68d,1,93.597980,3.190840,0.127634,0.040000
z_0250_700.884170.png,#5d6d7e,3,109.254834,3.724597,0.148984,0.040000
z_0250_700.884170.png,#5dade2,3,167.923882,5.724678,0.228987,0.040000
z_0250_700.884170.png,#6c3483,1,68.526912,2.336145,0.093446,0.040000
z_0250_700.884170.png,#7e5109,3,1273.668181,43.420506,1.736820,0.040000
z_0250_700.884170.png,#d7bde2,4,322.048773,10.978935,0.439157,0.040000
z_0250_700.884170.png,#eb984e,3,241.965512,8.248824,0.329953,0.040000
z_0250_700.884170.png,#f4d03f,1,78.183766,2.665356,0.106614,0.040000
z_0250_700.884170.png,#f9e79f,6,444.617316,15.157408,0.606296,0.040000
z_0251_701.895753.png,#1f618d,13,1149.058008,39.172432,1.566897,0.040000
z_0251_701.895753.png,#58d68d,1,92.911688,3.167444,0.126698,0.040000
z_0251_701.895753.png,#5d6d7e,4,149.639610,5.101350,0.204054,0.040000
z_0251_701.895753.png,#5dade2,3,168.367532,5.739802,0.229592,0.040000
z_0251_701.895753.png,#6c3483,1,68.526912,2.336145,0.093446,0.040000
z_0251_701.895753.png,#7e5109,2,121.639610,4.146805,0.165872,0.040000
z_0251_701.895753.png,#d7bde2,4,674.541197,22.995723,0.919829,0.040000
z_0251_701.895753.png,#eb984e,3,210.509668,7.176466,0.287059,0.040000
z_0251_701.895753.png,#f4d03f,1,67.012193,2.284507,0.091380,0.040000
z_0251_701.895753.png,#f9e79f,5,458.859956,15.642953,0.625718,0.040000
z_0252_702.907336.png,#1f618d,12,1114.773737,38.003650,1.520146,0.040000
z_0252_702.907336.png,#58d68d,1,89.740115,3.059322,0.122373,0.040000
z_0252_702.907336.png,#5d6d7e,5,236.166522,8.051131,0.322045,0.040000
z_0252_702.907336.png,#5dade2,3,170.953319,5.827954,0.233118,0.040000
z_0252_702.907336.png,#6c3483,1,72.526912,2.472508,0.098900,0.040000
z_0252_702.907336.png,#7e5109,2,139.639610,4.760441,0.190418,0.040000
z_0252_702.907336.png,#d7bde2,7,554.416306,18.900556,0.756022,0.040000
z_0252_702.907336.png,#eb984e,2,196.610173,6.702620,0.268105,0.040000
z_0252_702.907336.png,#f9e79f,6,500.558441,17.064492,0.682580,0.040000
z_0253_703.918919.png,#1f618d,17,1242.856998,42.370125,1.694805,0.040000
z_0253_703.918919.png,#58d68d,1,86.426407,2.946355,0.117854,0.040000
z_0253_703.918919.png,#5d6d7e,4,265.036580,9.035338,0.361414,0.040000
z_0253_703.918919.png,#5dade2,3,176.124892,6.004258,0.240170,0.040000
z_0253_703.918919.png,#6c3483,1,73.012193,2.489052,0.099562,0.040000
z_0253_703.918919.png,#7e5109,4,690.984848,23.556302,0.942252,0.040000
z_0253_703.918919.png,#d7bde2,7,502.859956,17.142953,0.685718,0.040000
z_0253_703.918919.png,#eb984e,2,206.267027,7.031830,0.281273,0.040000
z_0253_703.918919.png,#f9e79f,6,522.173665,17.801375,0.712055,0.040000
z_0254_704.930502.png,#1f618d,12,3584029.441749,122182.821878,4887.312875,0.040000
z_0254_704.930502.png,#58d68d,1,89.254834,3.042778,0.121711,0.040000
z_0254_704.930502.png,#5d6d7e,4,301.521861,10.279154,0.411166,0.040000
z_0254_704.930502.png,#5dade2,3,221.438600,7.549043,0.301962,0.040000
z_0254_704.930502.png,#6c3483,1,68.526912,2.336145,0.093446,0.040000
z_0254_704.930502.png,#7e5109,5,707.026479,24.103175,0.964127,0.040000
z_0254_704.930502.png,#aed6f1,1,0.000000,0.000000,0.000000,0.040000
z_0254_704.930502.png,#d7bde2,6,391.705627,13.353601,0.534144,0.040000
z_0254_704.930502.png,#eb984e,1,156.468037,5.334138,0.213366,0.040000
z_0254_704.930502.png,#f9e79f,8,612.256926,20.872395,0.834896,0.040000
z_0255_705.942085.png,#1f618d,12,3584021.341244,122182.545724,4887.301829,0.040000
z_0255_705.942085.png,#58d68d,1,89.254834,3.042778,0.121711,0.040000
z_0255_705.942085.png,#5d6d7e,4,301.521861,10.279154,0.411166,0.040000
z_0255_705.942085.png,#5dade2,3,220.267027,7.509103,0.300364,0.040000
z_0255_705.942085.png,#6c3483,1,68.526912,2.336145,0.093446,0.040000
z_0255_705.942085.png,#7e5109,3,673.026479,22.944084,0.917763,0.040000
z_0255_705.942085.png,#d7bde2,6,391.705627,13.353601,0.534144,0.040000
z_0255_705.942085.png,#eb984e,1,156.468037,5.334138,0.213366,0.040000
z_0255_705.942085.png,#f9e79f,8,611.913780,20.860697,0.834428,0.040000
z_0256_706.953668.png,#1f618d,12,1373.709812,46.831016,1.873241,0.040000
z_0256_706.953668.png,#58d68d,1,90.183766,3.074447,0.122978,0.040000
z_0256_706.953668.png,#5d6d7e,5,361.261977,12.315749,0.492630,0.040000
z_0256_706.953668.png,#5dade2,3,238.509668,8.131011,0.325240,0.040000
z_0256_706.953668.png,#6c3483,1,65.941125,2.247993,0.089920,0.040000
z_0256_706.953668.png,#7e5109,4,661.227489,22.541846,0.901674,0.040000
z_0256_706.953668.png,#d7bde2,4,273.865007,9.336307,0.373452,0.040000
z_0256_706.953668.png,#eb984e,1,144.225397,4.916775,0.196671,0.040000
z_0256_706.953668.png,#f9e79f,8,681.570635,23.235363,0.929415,0.040000
z_0257_707.965251.png,#1f618d,13,1355.224530,46.200836,1.848033,0.040000
z_0257_707.965251.png,#58d68d,1,94.769553,3.230780,0.129231,0.040000
z_0257_707.965251.png,#5d6d7e,6,349.605122,11.918356,0.476734,0.040000
z_0257_707.965251.png,#5dade2,3,260.793939,8.890702,0.355628,0.040000
z_0257_707.965251.png,#6c3483,1,66.870058,2.279661,0.091186,0.040000
z_0257_707.965251.png,#7e5109,8,642.156421,21.891696,0.875668,0.040000
z_0257_707.965251.png,#d7bde2,6,3849880.769293,131245.935317,5249.837413,0.040000
z_0257_707.965251.png,#eb984e,1,140.225397,4.780411,0.191216,0.040000
z_0257_707.965251.png,#f9e79f,10,682.641702,23.271876,0.930875,0.040000
z_0258_708.976834.png,#1f618d,14,1334.981890,45.510746,1.820430,0.040000
z_0258_708.976834.png,#58d68d,1,101.012193,3.443597,0.137744,0.040000
z_0258_708.976834.png,#5d6d7e,6,337.119841,11.492722,0.459709,0.040000
z_0258_708.976834.png,#5dade2,3,289.178716,9.858365,0.394335,0.040000
z_0258_708.976834.png,#6c3483,1,66.526912,2.267963,0.090719,0.040000
z_0258_708.976834.png,#7e5109,7,523.931024,17.861285,0.714451,0.040000
z_0258_708.976834.png,#aed6f1,2,0.000000,0.000000,0.000000,0.040000
z_0258_708.976834.png,#d7bde2,5,285.178716,9.722002,0.388880,0.040000
z_0258_708.976834.png,#eb984e,1,136.468037,4.652319,0.186093,0.040000
z_0258_708.976834.png,#f9e79f,9,700.198052,23.870388,0.954816,0.040000
z_0259_709.988417.png,#1f618d,16,1271.827561,43.357758,1.734310,0.040000
z_0259_709.988417.png,#58d68d,1,109.154329,3.721170,0.148847,0.040000
z_0259_709.988417.png,#5d6d7e,6,4083417.706718,139207.421820,5568.296873,0.040000
z_0259_709.988417.png,#5dade2,2,327.078210,11.150394,0.446016,0.040000
z_0259_709.988417.png,#6c3483,1,66.284271,2.259691,0.090388,0.040000
z_0259_709.988417.png,#7e5109,5,435.303607,14.839896,0.593596,0.040000
z_0259_709.988417.png,#d7bde2,5,263.965512,8.998824,0.359953,0.040000
z_0259_709.988417.png,#eb984e,1,132.468037,4.515956,0.180638,0.040000
z_0259_709.988417.png,#f9e79f,10,693.612265,23.645873,0.945835,0.040000
z_0260_711.000000.png,#1f618d,13,1241.484415,42.323332,1.692933,0.040000
z_0260_711.000000.png,#58d68d,1,128.468037,4.379592,0.175184,0.040000
z_0260_711.000000.png,#5d6d7e,6,306.592929,10.452032,0.418081,0.040000
z_0260_711.000000.png,#5dade2,2,317.078210,10.809484,0.432379,0.040000
z_0260_711.000000.png,#6c3483,1,69.455844,2.367813,0.094713,0.040000
z_0260_711.000000.png,#7e5109,5,417.261977,14.224840,0.568994,0.040000
z_0260_711.000000.png,#d7bde2,6,3663054.310522,124876.851495,4995.074060,0.040000
z_0260_711.000000.png,#eb984e,1,129.882251,4.427804,0.177112,0.040000
z_0260_711.000000.png,#f9e79f,10,716.198052,24.415843,0.976634,0.040000
