slice_file,color_hex,area_px,cross_section_area_um2,slice_volume_um3,slice_thickness_um
z_0001_345.000000.png,#00ffff,134,0.097882,0.004405,0.045000
z_0001_345.000000.png,#32cd32,1135,0.829072,0.037308,0.045000
z_0001_345.000000.png,#4363d8,2842,2.075968,0.093419,0.045000
z_0002_346.012448.png,#00ffff,124,0.090577,0.004076,0.045000
z_0002_346.012448.png,#32cd32,1223,0.893353,0.040201,0.045000
z_0002_346.012448.png,#4363d8,2631,1.921841,0.086483,0.045000
z_0003_347.024896.png,#00ffff,126,0.092038,0.004142,0.045000
z_0003_347.024896.png,#32cd32,1225,0.894814,0.040267,0.045000
z_0003_347.024896.png,#4363d8,2639,1.927684,0.086746,0.045000
z_0004_348.037344.png,#00ffff,131,0.095690,0.004306,0.045000
z_0004_348.037344.png,#32cd32,1271,0.928415,0.041779,0.045000
z_0004_348.037344.png,#4363d8,2534,1.850986,0.083294,0.045000
z_0005_349.049793.png,#00ffff,117,0.085464,0.003846,0.045000
z_0005_349.049793.png,#32cd32,1348,0.984660,0.044310,0.045000
z_0005_349.049793.png,#4363d8,2407,1.758218,0.079120,0.045000
z_0005_349.049793.png,#822072,695,0.507670,0.022845,0.045000
z_0006_350.062241.png,#00ffff,109,0.079620,0.003583,0.045000
z_0006_350.062241.png,#32cd32,1441,1.052593,0.047367,0.045000
z_0006_350.062241.png,#4363d8,2241,1.636961,0.073663,0.045000
z_0006_350.062241.png,#822072,718,0.524470,0.023601,0.045000
z_0007_351.074689.png,#00ffff,85,0.062089,0.002794,0.045000
z_0007_351.074689.png,#32cd32,1560,1.139518,0.051278,0.045000
z_0007_351.074689.png,#4363d8,2082,1.520818,0.068437,0.045000
z_0007_351.074689.png,#822072,1255,0.916728,0.041253,0.045000
z_0007_351.074689.png,#f58231,425,0.310446,0.013970,0.045000
z_0008_352.087137.png,#00ffff,90,0.065741,0.002958,0.045000
z_0008_352.087137.png,#32cd32,1628,1.189189,0.053514,0.045000
z_0008_352.087137.png,#4363d8,1987,1.451424,0.065314,0.045000
z_0008_352.087137.png,#822072,1629,1.189920,0.053546,0.045000
z_0008_352.087137.png,#f58231,400,0.292184,0.013148,0.045000
z_0009_353.099585.png,#00ffff,147,0.107378,0.004832,0.045000
z_0009_353.099585.png,#32cd32,1726,1.260774,0.056735,0.045000
z_0009_353.099585.png,#4363d8,1905,1.391527,0.062619,0.045000
z_0009_353.099585.png,#822072,1990,1.453616,0.065413,0.045000
z_0009_353.099585.png,#f58231,405,0.295836,0.013313,0.045000
z_0010_354.112033.png,#00ffff,250,0.182615,0.008218,0.045000
z_0010_354.112033.png,#32cd32,1838,1.342586,0.060416,0.045000
z_0010_354.112033.png,#4363d8,1796,1.311907,0.059036,0.045000
z_0010_354.112033.png,#822072,2426,1.772096,0.079744,0.045000
z_0010_354.112033.png,#f58231,444,0.324324,0.014595,0.045000
z_0011_355.124481.png,#00ffff,316,0.230825,0.010387,0.045000
z_0011_355.124481.png,#32cd32,2175,1.588751,0.071494,0.045000
z_0011_355.124481.png,#4363d8,1500,1.095690,0.049306,0.045000
z_0011_355.124481.png,#8080ff,1,0.000730,0.000033,0.045000
z_0011_355.124481.png,#822072,2807,2.050402,0.092268,0.045000
z_0011_355.124481.png,#f58231,541,0.395179,0.017783,0.045000
z_0012_356.136929.png,#00ffff,357,0.260774,0.011735,0.045000
z_0012_356.136929.png,#32cd32,2582,1.886048,0.084872,0.045000
z_0012_356.136929.png,#4363d8,1322,0.965668,0.043455,0.045000
z_0012_356.136929.png,#822072,3075,2.246165,0.101077,0.045000
z_0012_356.136929.png,#f58231,633,0.462381,0.020807,0.045000
z_0012_356.136929.png,#ff00ff,298,0.217677,0.009795,0.045000
z_0013_357.149378.png,#00ffff,338,0.246896,0.011110,0.045000
z_0013_357.149378.png,#32cd32,2945,2.151205,0.096804,0.045000
z_0013_357.149378.png,#4363d8,1423,1.039445,0.046775,0.045000
z_0013_357.149378.png,#8080ff,1,0.000730,0.000033,0.045000
z_0013_357.149378.png,#822072,3379,2.468225,0.111070,0.045000
z_0013_357.149378.png,#f58231,714,0.521549,0.023470,0.045000
z_0013_357.149378.png,#ff00ff,1024,0.747991,0.033660,0.045000
z_0014_358.161826.png,#00ffff,418,0.305332,0.013740,0.045000
z_0014_358.161826.png,#32cd32,3395,2.479912,0.111596,0.045000
z_0014_358.161826.png,#4363d8,1500,1.095690,0.049306,0.045000
z_0014_358.161826.png,#822072,3691,2.696129,0.121326,0.045000
z_0014_358.161826.png,#f58231,822,0.600438,0.027020,0.045000
z_0014_358.161826.png,#ff00ff,1898,1.386413,0.062389,0.045000
z_0015_359.174274.png,#00ffff,441,0.322133,0.014496,0.045000
z_0015_359.174274.png,#20b2aa,33,0.024105,0.001085,0.045000
z_0015_359.174274.png,#32cd32,3784,2.764061,0.124383,0.045000
z_0015_359.174274.png,#4363d8,1573,1.149014,0.051706,0.045000
z_0015_359.174274.png,#8080ff,3,0.002191,0.000099,0.045000
z_0015_359.174274.png,#822072,3991,2.915267,0.131187,0.045000
z_0015_359.174274.png,#f58231,1021,0.745800,0.033561,0.045000
z_0015_359.174274.png,#ff00ff,2374,1.734112,0.078035,0.045000
z_0016_360.186722.png,#00ffff,391,0.285610,0.012852,0.045000
z_0016_360.186722.png,#20b2aa,74,0.054054,0.002432,0.045000
z_0016_360.186722.png,#32cd32,4283,3.128561,0.140785,0.045000
z_0016_360.186722.png,#4363d8,379,0.276844,0.012458,0.045000
z_0016_360.186722.png,#822072,4110,3.002191,0.135099,0.045000
z_0016_360.186722.png,#f58231,1144,0.835646,0.037604,0.045000
z_0016_360.186722.png,#ff00ff,2729,1.993426,0.089704,0.045000
z_0017_361.199170.png,#00ffff,387,0.282688,0.012721,0.045000
z_0017_361.199170.png,#20b2aa,204,0.149014,0.006706,0.045000
z_0017_361.199170.png,#32cd32,4731,3.455807,0.155511,0.045000
z_0017_361.199170.png,#4363d8,377,0.275383,0.012392,0.045000
z_0017_361.199170.png,#8080ff,1,0.000730,0.000033,0.045000
z_0017_361.199170.png,#822072,4262,3.113221,0.140095,0.045000
z_0017_361.199170.png,#f58231,1235,0.902118,0.040595,0.045000
z_0017_361.199170.png,#ff00ff,3021,2.206720,0.099302,0.045000
z_0018_362.211618.png,#00ffff,377,0.275383,0.012392,0.045000
z_0018_362.211618.png,#20b2aa,319,0.233017,0.010486,0.045000
z_0018_362.211618.png,#32cd32,5353,3.910153,0.175957,0.045000
z_0018_362.211618.png,#4363d8,347,0.253470,0.011406,0.045000
z_0018_362.211618.png,#822072,4509,3.293645,0.148214,0.045000
z_0018_362.211618.png,#f58231,1323,0.966399,0.043488,0.045000
z_0018_362.211618.png,#ff00ff,3344,2.442659,0.109920,0.045000
z_0019_363.224066.png,#00ffff,397,0.289993,0.013050,0.045000
z_0019_363.224066.png,#20b2aa,424,0.309715,0.013937,0.045000
z_0019_363.224066.png,#32cd32,5804,4.239591,0.190782,0.045000
z_0019_363.224066.png,#4363d8,346,0.252739,0.011373,0.045000
z_0019_363.224066.png,#822072,4641,3.390066,0.152553,0.045000
z_0019_363.224066.png,#f58231,1405,1.026297,0.046183,0.045000
z_0019_363.224066.png,#ff00ff,3634,2.654492,0.119452,0.045000
z_0020_364.236515.png,#00ffff,444,0.324324,0.014595,0.045000
z_0020_364.236515.png,#32cd32,6173,4.509131,0.202911,0.045000
z_0020_364.236515.png,#4363d8,337,0.246165,0.011077,0.045000
z_0020_364.236515.png,#822072,4632,3.383492,0.152257,0.045000
z_0020_364.236515.png,#8a2be2,22,0.016070,0.000723,0.045000
z_0020_364.236515.png,#f58231,1488,1.086925,0.048912,0.045000
z_0020_364.236515.png,#ff00ff,3995,2.918188,0.131318,0.045000
z_0021_365.248963.png,#00ffff,449,0.327977,0.014759,0.045000
z_0021_365.248963.png,#32cd32,6185,4.517896,0.203305,0.045000
z_0021_365.248963.png,#4363d8,339,0.247626,0.011143,0.045000
z_0021_365.248963.png,#822072,4646,3.393718,0.152717,0.045000
z_0021_365.248963.png,#8a2be2,24,0.017531,0.000789,0.045000
z_0021_365.248963.png,#f58231,1491,1.089116,0.049010,0.045000
z_0021_365.248963.png,#ff00ff,4002,2.923302,0.131549,0.045000
z_0022_366.261411.png,#00ffff,598,0.436815,0.019657,0.045000
z_0022_366.261411.png,#32cd32,7537,5.505478,0.247747,0.045000
z_0022_366.261411.png,#4363d8,253,0.184806,0.008316,0.045000
z_0022_366.261411.png,#822072,4496,3.284149,0.147787,0.045000
z_0022_366.261411.png,#8a2be2,125,0.091308,0.004109,0.045000
z_0022_366.261411.png,#f58231,1586,1.158510,0.052133,0.045000
z_0022_366.261411.png,#ff00ff,4559,3.330168,0.149858,0.045000
z_0023_367.273859.png,#00ffff,677,0.494522,0.022253,0.045000
z_0023_367.273859.png,#32cd32,8198,5.988313,0.269474,0.045000
z_0023_367.273859.png,#4363d8,211,0.154127,0.006936,0.045000
z_0023_367.273859.png,#822072,4228,3.088386,0.138977,0.045000
z_0023_367.273859.png,#8a2be2,177,0.129291,0.005818,0.045000
z_0023_367.273859.png,#f58231,1642,1.199416,0.053974,0.045000
z_0023_367.273859.png,#ff00ff,4768,3.482834,0.156728,0.045000
z_0024_368.286307.png,#00ffff,731,0.533966,0.024028,0.045000
z_0024_368.286307.png,#32cd32,8881,6.487217,0.291925,0.045000
z_0024_368.286307.png,#4363d8,222,0.162162,0.007297,0.045000
z_0024_368.286307.png,#822072,4012,2.930606,0.131877,0.045000
z_0024_368.286307.png,#8a2be2,245,0.178963,0.008053,0.045000
z_0024_368.286307.png,#f58231,1695,1.238130,0.055716,0.045000
z_0024_368.286307.png,#ff00ff,5039,3.680789,0.165636,0.045000
z_0025_369.298755.png,#00ffff,877,0.640614,0.028828,0.045000
z_0025_369.298755.png,#32cd32,9887,7.222060,0.324993,0.045000
z_0025_369.298755.png,#4363d8,229,0.167275,0.007527,0.045000
z_0025_369.298755.png,#822072,3965,2.896275,0.130332,0.045000
z_0025_369.298755.png,#8a2be2,307,0.224251,0.010091,0.045000
z_0025_369.298755.png,#f58231,1770,1.292915,0.058181,0.045000
z_0025_369.298755.png,#ff00ff,5333,3.895544,0.175299,0.045000
z_0026_370.311203.png,#00ffff,961,0.701972,0.031589,0.045000
z_0026_370.311203.png,#32cd32,10703,7.818115,0.351815,0.045000
z_0026_370.311203.png,#4363d8,240,0.175310,0.007889,0.045000
z_0026_370.311203.png,#822072,3894,2.844412,0.127999,0.045000
z_0026_370.311203.png,#8a2be2,396,0.289262,0.013017,0.045000
z_0026_370.311203.png,#f58231,1765,1.289262,0.058017,0.045000
z_0026_370.311203.png,#ff00ff,5595,4.086925,0.183912,0.045000
z_0027_371.323651.png,#00ffff,1135,0.829072,0.037308,0.045000
z_0027_371.323651.png,#32cd32,11899,8.691746,0.391129,0.045000
z_0027_371.323651.png,#4363d8,426,0.311176,0.014003,0.045000
z_0027_371.323651.png,#822072,3828,2.796202,0.125829,0.045000
z_0027_371.323651.png,#8a2be2,433,0.316289,0.014233,0.045000
z_0027_371.323651.png,#f58231,1725,1.260044,0.056702,0.045000
z_0027_371.323651.png,#ff00ff,6461,4.719503,0.212378,0.045000
z_0028_372.336100.png,#00ffff,1446,1.056245,0.047531,0.045000
z_0028_372.336100.png,#32cd32,12435,9.083272,0.408747,0.045000
z_0028_372.336100.png,#4363d8,290,0.211833,0.009533,0.045000
z_0028_372.336100.png,#822072,3688,2.693937,0.121227,0.045000
z_0028_372.336100.png,#8a2be2,734,0.536158,0.024127,0.045000
z_0028_372.336100.png,#f58231,1804,1.317750,0.059299,0.045000
z_0028_372.336100.png,#ff00ff,6680,4.879474,0.219576,0.045000
z_0029_373.348548.png,#00ffff,1802,1.316289,0.059233,0.045000
z_0029_373.348548.png,#32cd32,13262,9.687363,0.435931,0.045000
z_0029_373.348548.png,#4363d8,350,0.255661,0.011505,0.045000
z_0029_373.348548.png,#822072,3511,2.564646,0.115409,0.045000
z_0029_373.348548.png,#8a2be2,841,0.614317,0.027644,0.045000
z_0029_373.348548.png,#f58231,1743,1.273192,0.057294,0.045000
z_0029_373.348548.png,#ff00ff,7329,5.353543,0.240909,0.045000
z_0030_374.360996.png,#00ffff,2071,1.512783,0.068075,0.045000
z_0030_374.360996.png,#32cd32,14026,10.245435,0.461045,0.045000
z_0030_374.360996.png,#4363d8,404,0.295106,0.013280,0.045000
z_0030_374.360996.png,#822072,3202,2.338934,0.105252,0.045000
z_0030_374.360996.png,#8a2be2,919,0.671293,0.030208,0.045000
z_0030_374.360996.png,#f58231,1722,1.257852,0.056603,0.045000
z_0030_374.360996.png,#ff00ff,8932,6.524470,0.293601,0.045000
z_0031_375.373444.png,#00ffff,2386,1.742878,0.078430,0.045000
z_0031_375.373444.png,#32cd32,14382,10.505478,0.472747,0.045000
z_0031_375.373444.png,#4363d8,477,0.348430,0.015679,0.045000
z_0031_375.373444.png,#8080ff,1,0.000730,0.000033,0.045000
z_0031_375.373444.png,#822072,2979,2.176041,0.097922,0.045000
z_0031_375.373444.png,#8a2be2,967,0.706355,0.031786,0.045000
z_0031_375.373444.png,#f58231,1692,1.235939,0.055617,0.045000
z_0031_375.373444.png,#ff00ff,9858,7.200877,0.324039,0.045000
z_0032_376.385892.png,#00ffff,2688,1.963477,0.088356,0.045000
z_0032_376.385892.png,#32cd32,14523,10.608473,0.477381,0.045000
z_0032_376.385892.png,#4363d8,519,0.379109,0.017060,0.045000
z_0032_376.385892.png,#8080ff,1,0.000730,0.000033,0.045000
z_0032_376.385892.png,#822072,2789,2.037253,0.091676,0.045000
z_0032_376.385892.png,#8a2be2,1017,0.742878,0.033430,0.045000
z_0032_376.385892.png,#f58231,1729,1.262966,0.056833,0.045000
z_0032_376.385892.png,#ff00ff,10737,7.842951,0.352933,0.045000
z_0033_377.398340.png,#00ffff,3027,2.211103,0.099500,0.045000
z_0033_377.398340.png,#32cd32,14640,10.693937,0.481227,0.045000
z_0033_377.398340.png,#4363d8,539,0.393718,0.017717,0.045000
z_0033_377.398340.png,#8080ff,1,0.000730,0.000033,0.045000
z_0033_377.398340.png,#822072,2500,1.826150,0.082177,0.045000
z_0033_377.398340.png,#8a2be2,986,0.720234,0.032411,0.045000
z_0033_377.398340.png,#8b99c5,160,0.116874,0.005259,0.045000
z_0033_377.398340.png,#f58231,1617,1.181154,0.053152,0.045000
z_0033_377.398340.png,#ff00ff,11553,8.439007,0.379755,0.045000
z_0034_378.410788.png,#00ffff,3348,2.445581,0.110051,0.045000
z_0034_378.410788.png,#32cd32,14931,10.906501,0.490793,0.045000
z_0034_378.410788.png,#4363d8,511,0.373265,0.016797,0.045000
z_0034_378.410788.png,#8080ff,2,0.001461,0.000066,0.045000
z_0034_378.410788.png,#822072,2256,1.647918,0.074156,0.045000
z_0034_378.410788.png,#8a2be2,842,0.615047,0.027677,0.045000
z_0034_378.410788.png,#8b99c5,510,0.372535,0.016764,0.045000
z_0034_378.410788.png,#f58231,1626,1.187728,0.053448,0.045000
z_0034_378.410788.png,#ff00ff,12688,9.268079,0.417064,0.045000
z_0035_379.423237.png,#00ffff,3590,2.622352,0.118006,0.045000
z_0035_379.423237.png,#32cd32,15013,10.966399,0.493488,0.045000
z_0035_379.423237.png,#4363d8,506,0.369613,0.016633,0.045000
z_0035_379.423237.png,#822072,2077,1.517166,0.068272,0.045000
z_0035_379.423237.png,#8a2be2,734,0.536158,0.024127,0.045000
z_0035_379.423237.png,#8b99c5,770,0.562454,0.025310,0.045000
z_0035_379.423237.png,#f58231,1584,1.157049,0.052067,0.045000
z_0035_379.423237.png,#ff00ff,13659,9.977356,0.448981,0.045000
z_0036_380.435685.png,#00ffff,4134,3.019722,0.135888,0.045000
z_0036_380.435685.png,#4363d8,450,0.328707,0.014792,0.045000
z_0036_380.435685.png,#822072,1688,1.233017,0.055486,0.045000
z_0036_380.435685.png,#8a2be2,592,0.432432,0.019459,0.045000
z_0036_380.435685.png,#f58231,1665,1.216216,0.054730,0.045000
z_0036_380.435685.png,#ff00ff,14626,10.683711,0.480767,0.045000
z_0037_381.448133.png,#00ffff,4366,3.189189,0.143514,0.045000
z_0037_381.448133.png,#32cd32,9993,7.299489,0.328477,0.045000
z_0037_381.448133.png,#4363d8,395,0.288532,0.012984,0.045000
z_0037_381.448133.png,#8080ff,2,0.001461,0.000066,0.045000
z_0037_381.448133.png,#822072,1462,1.067933,0.048057,0.045000
z_0037_381.448133.png,#8a2be2,480,0.350621,0.015778,0.045000
z_0037_381.448133.png,#8b99c5,59,0.043097,0.001939,0.045000
z_0037_381.448133.png,#f58231,1764,1.288532,0.057984,0.045000
z_0037_381.448133.png,#ff00ff,10630,7.764792,0.349416,0.045000
z_0038_382.460581.png,#00ffff,4751,3.470416,0.156169,0.045000
z_0038_382.460581.png,#32cd32,9741,7.115413,0.320194,0.045000
z_0038_382.460581.png,#4363d8,366,0.267348,0.012031,0.045000
z_0038_382.460581.png,#8080ff,1,0.000730,0.000033,0.045000
z_0038_382.460581.png,#822072,1301,0.950329,0.042765,0.045000
z_0038_382.460581.png,#8a2be2,339,0.247626,0.011143,0.045000
z_0038_382.460581.png,#8b99c5,81,0.059167,0.002663,0.045000
z_0038_382.460581.png,#f58231,2038,1.488678,0.066991,0.045000
z_0038_382.460581.png,#ff00ff,10447,7.631118,0.343400,0.045000
z_0039_383.473029.png,#00ffff,5113,3.734843,0.168068,0.045000
z_0039_383.473029.png,#32cd32,9508,6.945215,0.312535,0.045000
z_0039_383.473029.png,#4363d8,362,0.264427,0.011899,0.045000
z_0039_383.473029.png,#822072,1220,0.891161,0.040102,0.045000
z_0039_383.473029.png,#8a2be2,331,0.241782,0.010880,0.045000
z_0039_383.473029.png,#8b99c5,84,0.061359,0.002761,0.045000
z_0039_383.473029.png,#f58231,2116,1.545654,0.069554,0.045000
z_0039_383.473029.png,#ff00ff,10626,7.761870,0.349284,0.045000
z_0040_384.485477.png,#00ffff,5608,4.096421,0.184339,0.045000
z_0040_384.485477.png,#32cd32,9194,6.715851,0.302213,0.045000
z_0040_384.485477.png,#4363d8,330,0.241052,0.010847,0.045000
z_0040_384.485477.png,#822072,1230,0.898466,0.040431,0.045000
z_0040_384.485477.png,#8a2be2,341,0.249087,0.011209,0.045000
z_0040_384.485477.png,#8b99c5,57,0.041636,0.001874,0.045000
z_0040_384.485477.png,#f58231,2126,1.552958,0.069883,0.045000
z_0040_384.485477.png,#ff00ff,10956,8.002922,0.360131,0.045000
z_0041_385.497925.png,#00ffff,5614,4.100804,0.184536,0.045000
z_0041_385.497925.png,#32cd32,9175,6.701972,0.301589,0.045000
z_0041_385.497925.png,#4363d8,330,0.241052,0.010847,0.045000
z_0041_385.497925.png,#822072,1223,0.893353,0.040201,0.045000
z_0041_385.497925.png,#8a2be2,334,0.243974,0.010979,0.045000
z_0041_385.497925.png,#8b99c5,59,0.043097,0.001939,0.045000
z_0041_385.497925.png,#f58231,2138,1.561724,0.070278,0.045000
z_0041_385.497925.png,#ff00ff,10936,7.988313,0.359474,0.045000
z_0042_386.510373.png,#00ffff,6601,4.821768,0.216980,0.045000
z_0042_386.510373.png,#32cd32,8207,5.994887,0.269770,0.045000
z_0042_386.510373.png,#4363d8,295,0.215486,0.009697,0.045000
z_0042_386.510373.png,#822072,1360,0.993426,0.044704,0.045000
z_0042_386.510373.png,#8a2be2,439,0.320672,0.014430,0.045000
z_0042_386.510373.png,#8b99c5,383,0.279766,0.012589,0.045000
z_0042_386.510373.png,#f58231,1753,1.280497,0.057622,0.045000
z_0042_386.510373.png,#ff00ff,11130,8.130022,0.365851,0.045000
z_0043_387.522822.png,#00ffff,7085,5.175310,0.232889,0.045000
z_0043_387.522822.png,#32cd32,7560,5.522279,0.248503,0.045000
z_0043_387.522822.png,#4363d8,308,0.224982,0.010124,0.045000
z_0043_387.522822.png,#822072,1554,1.135135,0.051081,0.045000
z_0043_387.522822.png,#8a2be2,457,0.333820,0.015022,0.045000
z_0043_387.522822.png,#8b99c5,560,0.409058,0.018408,0.045000
z_0043_387.522822.png,#f58231,1380,1.008035,0.045362,0.045000
z_0043_387.522822.png,#ff00ff,11277,8.237400,0.370683,0.045000
z_0044_388.535270.png,#00ffff,7466,5.453616,0.245413,0.045000
z_0044_388.535270.png,#32cd32,6783,4.954711,0.222962,0.045000
z_0044_388.535270.png,#4363d8,313,0.228634,0.010289,0.045000
z_0044_388.535270.png,#822072,1744,1.273923,0.057327,0.045000
z_0044_388.535270.png,#8a2be2,500,0.365230,0.016435,0.045000
z_0044_388.535270.png,#8b99c5,693,0.506209,0.022779,0.045000
z_0044_388.535270.png,#f58231,922,0.673484,0.030307,0.045000
z_0044_388.535270.png,#ff00ff,11304,8.257122,0.371570,0.045000
z_0044_388.535270.png,#ff4500,20,0.014609,0.000657,0.045000
z_0045_389.547718.png,#00ffff,7594,5.547115,0.249620,0.045000
z_0045_389.547718.png,#32cd32,6058,4.425128,0.199131,0.045000
z_0045_389.547718.png,#4363d8,303,0.221329,0.009960,0.045000
z_0045_389.547718.png,#822072,2157,1.575603,0.070902,0.045000
z_0045_389.547718.png,#8a2be2,504,0.368152,0.016567,0.045000
z_0045_389.547718.png,#8b99c5,816,0.596056,0.026822,0.045000
z_0045_389.547718.png,#f58231,711,0.519357,0.023371,0.045000
z_0045_389.547718.png,#ff00ff,11267,8.230095,0.370354,0.045000
z_0045_389.547718.png,#ff4500,40,0.029218,0.001315,0.045000
z_0046_390.560166.png,#00ffff,7642,5.582177,0.251198,0.045000
z_0046_390.560166.png,#32cd32,5126,3.744339,0.168495,0.045000
z_0046_390.560166.png,#4363d8,264,0.192841,0.008678,0.045000
z_0046_390.560166.png,#822072,2397,1.750913,0.078791,0.045000
z_0046_390.560166.png,#8a2be2,530,0.387144,0.017421,0.045000
z_0046_390.560166.png,#8b99c5,903,0.659606,0.029682,0.045000
z_0046_390.560166.png,#f58231,542,0.395909,0.017816,0.045000
z_0046_390.560166.png,#ff00ff,11557,8.441928,0.379887,0.045000
z_0046_390.560166.png,#ff4500,61,0.044558,0.002005,0.045000
z_0047_391.572614.png,#00ffff,7649,5.587290,0.251428,0.045000
z_0047_391.572614.png,#32cd32,5092,3.719503,0.167378,0.045000
z_0047_391.572614.png,#4363d8,264,0.192841,0.008678,0.045000
z_0047_391.572614.png,#822072,2387,1.743608,0.078462,0.045000
z_0047_391.572614.png,#8a2be2,533,0.389335,0.017520,0.045000
z_0047_391.572614.png,#8b99c5,865,0.631848,0.028433,0.045000
z_0047_391.572614.png,#f58231,530,0.387144,0.017421,0.045000
z_0047_391.572614.png,#ff00ff,11552,8.438276,0.379722,0.045000
z_0047_391.572614.png,#ff4500,61,0.044558,0.002005,0.045000
z_0048_392.585062.png,#00ffff,7579,5.536158,0.249127,0.045000
z_0048_392.585062.png,#20b2aa,305,0.222790,0.010026,0.045000
z_0048_392.585062.png,#32cd32,3429,2.504748,0.112714,0.045000
z_0048_392.585062.png,#4363d8,341,0.249087,0.011209,0.045000
z_0048_392.585062.png,#8080ff,2,0.001461,0.000066,0.045000
z_0048_392.585062.png,#822072,2852,2.083272,0.093747,0.045000
z_0048_392.585062.png,#8a2be2,567,0.414171,0.018638,0.045000
z_0048_392.585062.png,#f58231,535,0.390796,0.017586,0.045000
z_0048_392.585062.png,#ff00ff,11723,8.563185,0.385343,0.045000
z_0048_392.585062.png,#ff4500,103,0.075237,0.003386,0.045000
z_0049_393.597510.png,#00ffff,7291,5.325785,0.239660,0.045000
z_0049_393.597510.png,#20b2aa,305,0.222790,0.010026,0.045000
z_0049_393.597510.png,#32cd32,2676,1.954711,0.087962,0.045000
z_0049_393.597510.png,#4363d8,376,0.274653,0.012359,0.045000
z_0049_393.597510.png,#800000,204,0.149014,0.006706,0.045000
z_0049_393.597510.png,#822072,3075,2.246165,0.101077,0.045000
z_0049_393.597510.png,#8a2be2,583,0.425858,0.019164,0.045000
z_0049_393.597510.png,#f58231,608,0.444120,0.019985,0.045000
z_0049_393.597510.png,#ff00ff,11844,8.651570,0.389321,0.045000
z_0049_393.597510.png,#ff4500,123,0.089847,0.004043,0.045000
z_0050_394.609959.png,#00ffff,6918,5.053324,0.227400,0.045000
z_0050_394.609959.png,#20b2aa,307,0.224251,0.010091,0.045000
z_0050_394.609959.png,#32cd32,2244,1.639153,0.073762,0.045000
z_0050_394.609959.png,#4363d8,383,0.279766,0.012589,0.045000
z_0050_394.609959.png,#800000,316,0.230825,0.010387,0.045000
z_0050_394.609959.png,#8080ff,1,0.000730,0.000033,0.045000
z_0050_394.609959.png,#822072,3207,2.342586,0.105416,0.045000
z_0050_394.609959.png,#8a2be2,607,0.443389,0.019953,0.045000
z_0050_394.609959.png,#8b99c5,1560,1.139518,0.051278,0.045000
z_0050_394.609959.png,#f58231,649,0.474069,0.021333,0.045000
z_0050_394.609959.png,#ff00ff,12014,8.775749,0.394909,0.045000
z_0050_394.609959.png,#ff4500,167,0.121987,0.005489,0.045000
z_0051_395.622407.png,#00ffff,6541,4.777940,0.215007,0.045000
z_0051_395.622407.png,#20b2aa,317,0.231556,0.010420,0.045000
z_0051_395.622407.png,#32cd32,1603,1.170928,0.052692,0.045000
z_0051_395.622407.png,#4363d8,394,0.287801,0.012951,0.045000
z_0051_395.622407.png,#800000,553,0.403944,0.018178,0.045000
z_0051_395.622407.png,#8080ff,1,0.000730,0.000033,0.045000
z_0051_395.622407.png,#822072,3293,2.405405,0.108243,0.045000
z_0051_395.622407.png,#8a2be2,635,0.463842,0.020873,0.045000
z_0051_395.622407.png,#8b99c5,1698,1.240321,0.055814,0.045000
z_0051_395.622407.png,#f58231,750,0.547845,0.024653,0.045000
z_0051_395.622407.png,#ff00ff,12335,9.010226,0.405460,0.045000
z_0051_395.622407.png,#ff4500,195,0.142440,0.006410,0.045000
z_0052_396.634855.png,#00ffff,5946,4.343316,0.195449,0.045000
z_0052_396.634855.png,#20b2aa,326,0.238130,0.010716,0.045000
z_0052_396.634855.png,#32cd32,1340,0.978817,0.044047,0.045000
z_0052_396.634855.png,#4363d8,409,0.298758,0.013444,0.045000
z_0052_396.634855.png,#800000,761,0.555880,0.025015,0.045000
z_0052_396.634855.png,#8080ff,2,0.001461,0.000066,0.045000
z_0052_396.634855.png,#822072,3342,2.441198,0.109854,0.045000
z_0052_396.634855.png,#8a2be2,718,0.524470,0.023601,0.045000
z_0052_396.634855.png,#8b99c5,1555,1.135866,0.051114,0.045000
z_0052_396.634855.png,#f58231,795,0.580716,0.026132,0.045000
z_0052_396.634855.png,#ff00ff,7888,5.761870,0.259284,0.045000
z_0052_396.634855.png,#ff4500,173,0.126370,0.005687,0.045000
z_0053_397.647303.png,#00ffff,5720,4.178232,0.188020,0.045000
z_0053_397.647303.png,#20b2aa,325,0.237400,0.010683,0.045000
z_0053_397.647303.png,#32cd32,1060,0.774288,0.034843,0.045000
z_0053_397.647303.png,#4363d8,429,0.313367,0.014102,0.045000
z_0053_397.647303.png,#5ac1d9,32,0.023375,0.001052,0.045000
z_0053_397.647303.png,#8080ff,3,0.002191,0.000099,0.045000
z_0053_397.647303.png,#822072,3200,2.337473,0.105186,0.045000
z_0053_397.647303.png,#8a2be2,778,0.568298,0.025573,0.045000
z_0053_397.647303.png,#8b99c5,1321,0.964938,0.043422,0.045000
z_0053_397.647303.png,#f58231,901,0.658145,0.029617,0.045000
z_0053_397.647303.png,#ff00ff,5036,3.678598,0.165537,0.045000
z_0053_397.647303.png,#ff4500,169,0.123448,0.005555,0.045000
z_0054_398.659751.png,#00ffff,5720,4.178232,0.188020,0.045000
z_0054_398.659751.png,#20b2aa,342,0.249817,0.011242,0.045000
z_0054_398.659751.png,#32cd32,906,0.661797,0.029781,0.045000
z_0054_398.659751.png,#4363d8,434,0.317020,0.014266,0.045000
z_0054_398.659751.png,#5ac1d9,47,0.034332,0.001545,0.045000
z_0054_398.659751.png,#8080ff,4,0.002922,0.000131,0.045000
z_0054_398.659751.png,#822072,3111,2.272462,0.102261,0.045000
z_0054_398.659751.png,#8a2be2,796,0.581446,0.026165,0.045000
z_0054_398.659751.png,#8b99c5,1122,0.819576,0.036881,0.045000
z_0054_398.659751.png,#f58231,963,0.703433,0.031654,0.045000
z_0054_398.659751.png,#ff00ff,7858,5.739956,0.258298,0.045000
z_0054_398.659751.png,#ff4500,174,0.127100,0.005720,0.045000
z_0055_399.672199.png,#00ffff,5547,4.051863,0.182334,0.045000
z_0055_399.672199.png,#20b2aa,384,0.280497,0.012622,0.045000
z_0055_399.672199.png,#32cd32,779,0.569028,0.025606,0.045000
z_0055_399.672199.png,#4363d8,436,0.318481,0.014332,0.045000
z_0055_399.672199.png,#5ac1d9,67,0.048941,0.002202,0.045000
z_0055_399.672199.png,#8080ff,9,0.006574,0.000296,0.045000
z_0055_399.672199.png,#822072,2903,2.120526,0.095424,0.045000
z_0055_399.672199.png,#8a2be2,823,0.601169,0.027053,0.045000
z_0055_399.672199.png,#8b99c5,859,0.627465,0.028236,0.045000
z_0055_399.672199.png,#f58231,1000,0.730460,0.032871,0.045000
z_0055_399.672199.png,#ff00ff,7949,5.806428,0.261289,0.045000
z_0055_399.672199.png,#ff4500,239,0.174580,0.007856,0.045000
z_0056_400.684647.png,#00ffff,5179,3.783053,0.170237,0.045000
z_0056_400.684647.png,#20b2aa,524,0.382761,0.017224,0.045000
z_0056_400.684647.png,#32cd32,4126,3.013879,0.135625,0.045000
z_0056_400.684647.png,#4363d8,503,0.367421,0.016534,0.045000
z_0056_400.684647.png,#5ac1d9,78,0.056976,0.002564,0.045000
z_0056_400.684647.png,#800000,2599,1.898466,0.085431,0.045000
z_0056_400.684647.png,#8080ff,2,0.001461,0.000066,0.045000
z_0056_400.684647.png,#822072,2489,1.818115,0.081815,0.045000
z_0056_400.684647.png,#8a2be2,768,0.560993,0.025245,0.045000
z_0056_400.684647.png,#8b99c5,702,0.512783,0.023075,0.045000
z_0056_400.684647.png,#f58231,1184,0.864865,0.038919,0.045000
z_0056_400.684647.png,#ff00ff,7000,5.113221,0.230095,0.045000
z_0056_400.684647.png,#ff4500,412,0.300950,0.013543,0.045000
z_0057_401.697095.png,#00ffff,4917,3.591673,0.161625,0.045000
z_0057_401.697095.png,#20b2aa,630,0.460190,0.020709,0.045000
z_0057_401.697095.png,#32cd32,3896,2.845873,0.128064,0.045000
z_0057_401.697095.png,#4363d8,526,0.384222,0.017290,0.045000
z_0057_401.697095.png,#5ac1d9,76,0.055515,0.002498,0.045000
z_0057_401.697095.png,#800000,2766,2.020453,0.090920,0.045000
z_0057_401.697095.png,#8080ff,4,0.002922,0.000131,0.045000
z_0057_401.697095.png,#822072,2054,1.500365,0.067516,0.045000
z_0057_401.697095.png,#8a2be2,830,0.606282,0.027283,0.045000
z_0057_401.697095.png,#8b99c5,584,0.426589,0.019196,0.045000
z_0057_401.697095.png,#f58231,1206,0.880935,0.039642,0.045000
z_0057_401.697095.png,#ff00ff,7085,5.175310,0.232889,0.045000
z_0057_401.697095.png,#ff4500,473,0.345508,0.015548,0.045000
z_0058_402.709544.png,#00ffff,4564,3.333820,0.150022,0.045000
z_0058_402.709544.png,#20b2aa,764,0.558072,0.025113,0.045000
z_0058_402.709544.png,#32cd32,4052,2.959825,0.133192,0.045000
z_0058_402.709544.png,#4363d8,679,0.495982,0.022319,0.045000
z_0058_402.709544.png,#5ac1d9,74,0.054054,0.002432,0.045000
z_0058_402.709544.png,#800000,2843,2.076698,0.093451,0.045000
z_0058_402.709544.png,#8080ff,3,0.002191,0.000099,0.045000
z_0058_402.709544.png,#822072,1954,1.427319,0.064229,0.045000
z_0058_402.709544.png,#8a2be2,771,0.563185,0.025343,0.045000
z_0058_402.709544.png,#8b99c5,513,0.374726,0.016863,0.045000
z_0058_402.709544.png,#f58231,1287,0.940102,0.042305,0.045000
z_0058_402.709544.png,#ff00ff,6933,5.064280,0.227893,0.045000
z_0058_402.709544.png,#ff4500,527,0.384953,0.017323,0.045000
z_0059_403.721992.png,#00ff80,18,0.013148,0.000592,0.045000
z_0059_403.721992.png,#00ffff,5913,4.319211,0.194364,0.045000
z_0059_403.721992.png,#20b2aa,889,0.649379,0.029222,0.045000
z_0059_403.721992.png,#32cd32,4261,3.112491,0.140062,0.045000
z_0059_403.721992.png,#4363d8,690,0.504018,0.022681,0.045000
z_0059_403.721992.png,#5ac1d9,79,0.057706,0.002597,0.045000
z_0059_403.721992.png,#800000,2921,2.133674,0.096015,0.045000
z_0059_403.721992.png,#8080ff,2,0.001461,0.000066,0.045000
z_0059_403.721992.png,#822072,1862,1.360117,0.061205,0.045000
z_0059_403.721992.png,#8a2be2,634,0.463112,0.020840,0.045000
z_0059_403.721992.png,#8b99c5,519,0.379109,0.017060,0.045000
z_0059_403.721992.png,#f58231,1371,1.001461,0.045066,0.045000
z_0059_403.721992.png,#ff00ff,6865,5.014609,0.225657,0.045000
z_0059_403.721992.png,#ff4500,523,0.382031,0.017191,0.045000
z_0060_404.734440.png,#00ff80,18,0.013148,0.000592,0.045000
z_0060_404.734440.png,#00ffff,5913,4.319211,0.194364,0.045000
z_0060_404.734440.png,#20b2aa,889,0.649379,0.029222,0.045000
z_0060_404.734440.png,#32cd32,4261,3.112491,0.140062,0.045000
z_0060_404.734440.png,#4363d8,690,0.504018,0.022681,0.045000
z_0060_404.734440.png,#5ac1d9,79,0.057706,0.002597,0.045000
z_0060_404.734440.png,#800000,2921,2.133674,0.096015,0.045000
z_0060_404.734440.png,#8080ff,2,0.001461,0.000066,0.045000
z_0060_404.734440.png,#822072,1862,1.360117,0.061205,0.045000
z_0060_404.734440.png,#8a2be2,634,0.463112,0.020840,0.045000
z_0060_404.734440.png,#8b99c5,519,0.379109,0.017060,0.045000
z_0060_404.734440.png,#f58231,1371,1.001461,0.045066,0.045000
z_0060_404.734440.png,#ff00ff,6865,5.014609,0.225657,0.045000
z_0060_404.734440.png,#ff4500,523,0.382031,0.017191,0.045000
z_0061_405.746888.png,#00ff80,77,0.056245,0.002531,0.045000
z_0061_405.746888.png,#00ffff,5458,3.986852,0.179408,0.045000
z_0061_405.746888.png,#20b2aa,1008,0.736304,0.033134,0.045000
z_0061_405.746888.png,#32cd32,4560,3.330898,0.149890,0.045000
z_0061_405.746888.png,#4363d8,962,0.702703,0.031622,0.045000
z_0061_405.746888.png,#5ac1d9,73,0.053324,0.002400,0.045000
z_0061_405.746888.png,#800000,3345,2.443389,0.109953,0.045000
z_0061_405.746888.png,#8080ff,2,0.001461,0.000066,0.045000
z_0061_405.746888.png,#822072,1758,1.284149,0.057787,0.045000
z_0061_405.746888.png,#8a2be2,596,0.435354,0.019591,0.045000
z_0061_405.746888.png,#8b99c5,451,0.329438,0.014825,0.045000
z_0061_405.746888.png,#f58231,1419,1.036523,0.046644,0.045000
z_0061_405.746888.png,#ff00ff,4518,3.300219,0.148510,0.045000
z_0061_405.746888.png,#ff4500,491,0.358656,0.016140,0.045000
z_0062_406.759336.png,#00ff80,1633,1.192841,0.053678,0.045000
z_0062_406.759336.png,#00ffff,5126,3.744339,0.168495,0.045000
z_0062_406.759336.png,#20b2aa,1172,0.856099,0.038524,0.045000
z_0062_406.759336.png,#32cd32,4923,3.596056,0.161822,0.045000
z_0062_406.759336.png,#4363d8,1217,0.888970,0.040004,0.045000
z_0062_406.759336.png,#5ac1d9,83,0.060628,0.002728,0.045000
z_0062_406.759336.png,#800000,3776,2.758218,0.124120,0.045000
z_0062_406.759336.png,#8080ff,1,0.000730,0.000033,0.045000
z_0062_406.759336.png,#822072,1589,1.160701,0.052232,0.045000
z_0062_406.759336.png,#8a2be2,549,0.401023,0.018046,0.045000
z_0062_406.759336.png,#8b99c5,418,0.305332,0.013740,0.045000
z_0062_406.759336.png,#f58231,1246,0.910153,0.040957,0.045000
z_0062_406.759336.png,#ff00ff,4525,3.305332,0.148740,0.045000
z_0062_406.759336.png,#ff4500,489,0.357195,0.016074,0.045000
z_0063_407.771784.png,#00ff80,1702,1.243243,0.055946,0.045000
z_0063_407.771784.png,#00ffff,4933,3.603360,0.162151,0.045000
z_0063_407.771784.png,#20b2aa,1330,0.971512,0.043718,0.045000
z_0063_407.771784.png,#32cd32,5362,3.916728,0.176253,0.045000
z_0063_407.771784.png,#4363d8,1684,1.230095,0.055354,0.045000
z_0063_407.771784.png,#5ac1d9,93,0.067933,0.003057,0.045000
z_0063_407.771784.png,#800000,4140,3.024105,0.136085,0.045000
z_0063_407.771784.png,#8080ff,1,0.000730,0.000033,0.045000
z_0063_407.771784.png,#822072,1493,1.090577,0.049076,0.045000
z_0063_407.771784.png,#8a2be2,530,0.387144,0.017421,0.045000
z_0063_407.771784.png,#8b99c5,305,0.222790,0.010026,0.045000
z_0063_407.771784.png,#f58231,1092,0.797663,0.035895,0.045000
z_0063_407.771784.png,#ff00ff,4724,3.450694,0.155281,0.045000
z_0063_407.771784.png,#ff4500,498,0.363769,0.016370,0.045000
z_0064_408.784232.png,#00ff80,1770,1.292915,0.058181,0.045000
z_0064_408.784232.png,#00ffff,4892,3.573411,0.160804,0.045000
z_0064_408.784232.png,#20b2aa,1469,1.073046,0.048287,0.045000
z_0064_408.784232.png,#32cd32,5733,4.187728,0.188448,0.045000
z_0064_408.784232.png,#4363d8,1996,1.457999,0.065610,0.045000
z_0064_408.784232.png,#5ac1d9,89,0.065011,0.002925,0.045000
z_0064_408.784232.png,#800000,4410,3.221329,0.144960,0.045000
z_0064_408.784232.png,#8080ff,1,0.000730,0.000033,0.045000
z_0064_408.784232.png,#822072,1300,0.949598,0.042732,0.045000
z_0064_408.784232.png,#8a2be2,434,0.317020,0.014266,0.045000
z_0064_408.784232.png,#8b99c5,285,0.208181,0.009368,0.045000
z_0064_408.784232.png,#f58231,984,0.718773,0.032345,0.045000
z_0064_408.784232.png,#ff00ff,4379,3.198685,0.143941,0.045000
z_0064_408.784232.png,#ff4500,529,0.386413,0.017389,0.045000
z_0065_409.796680.png,#00ff80,1882,1.374726,0.061863,0.045000
z_0065_409.796680.png,#00ffff,4849,3.542001,0.159390,0.045000
z_0065_409.796680.png,#20b2aa,1618,1.181885,0.053185,0.045000
z_0065_409.796680.png,#32cd32,1619,1.182615,0.053218,0.045000
z_0065_409.796680.png,#4363d8,2201,1.607743,0.072348,0.045000
z_0065_409.796680.png,#5ac1d9,92,0.067202,0.003024,0.045000
z_0065_409.796680.png,#800000,4642,3.390796,0.152586,0.045000
z_0065_409.796680.png,#8080ff,4,0.002922,0.000131,0.045000
z_0065_409.796680.png,#822072,1246,0.910153,0.040957,0.045000
z_0065_409.796680.png,#8a2be2,400,0.292184,0.013148,0.045000
z_0065_409.796680.png,#8b99c5,266,0.194302,0.008744,0.045000
z_0065_409.796680.png,#f58231,898,0.655953,0.029518,0.045000
z_0065_409.796680.png,#ff00ff,9165,6.694668,0.301260,0.045000
z_0065_409.796680.png,#ff4500,563,0.411249,0.018506,0.045000
z_0065_409.796680.png,#ff8000,110,0.080351,0.003616,0.045000
z_0066_410.809129.png,#00ff80,1921,1.403214,0.063145,0.045000
z_0066_410.809129.png,#00ffff,4771,3.485026,0.156826,0.045000
z_0066_410.809129.png,#20b2aa,1696,1.238860,0.055749,0.045000
z_0066_410.809129.png,#32cd32,1650,1.205259,0.054237,0.045000
z_0066_410.809129.png,#4363d8,2360,1.723886,0.077575,0.045000
z_0066_410.809129.png,#5ac1d9,99,0.072316,0.003254,0.045000
z_0066_410.809129.png,#800000,4782,3.493061,0.157188,0.045000
z_0066_410.809129.png,#8080ff,6,0.004383,0.000197,0.045000
z_0066_410.809129.png,#822072,1266,0.924763,0.041614,0.045000
z_0066_410.809129.png,#8a2be2,373,0.272462,0.012261,0.045000
z_0066_410.809129.png,#8b99c5,207,0.151205,0.006804,0.045000
z_0066_410.809129.png,#f58231,801,0.585099,0.026329,0.045000
z_0066_410.809129.png,#ff00ff,8685,6.344047,0.285482,0.045000
z_0066_410.809129.png,#ff4500,588,0.429511,0.019328,0.045000
z_0066_410.809129.png,#ff8000,568,0.414901,0.018671,0.045000
z_0067_411.821577.png,#00ff80,1910,1.395179,0.062783,0.045000
z_0067_411.821577.png,#00ffff,4637,3.387144,0.152421,0.045000
z_0067_411.821577.png,#20b2aa,1812,1.323594,0.059562,0.045000
z_0067_411.821577.png,#32cd32,1625,1.186998,0.053415,0.045000
z_0067_411.821577.png,#4363d8,2387,1.743608,0.078462,0.045000
z_0067_411.821577.png,#5ac1d9,100,0.073046,0.003287,0.045000
z_0067_411.821577.png,#800000,4587,3.350621,0.150778,0.045000
z_0067_411.821577.png,#8080ff,4,0.002922,0.000131,0.045000
z_0067_411.821577.png,#822072,1209,0.883126,0.039741,0.045000
z_0067_411.821577.png,#8a2be2,334,0.243974,0.010979,0.045000
z_0067_411.821577.png,#8b99c5,185,0.135135,0.006081,0.045000
z_0067_411.821577.png,#f58231,726,0.530314,0.023864,0.045000
z_0067_411.821577.png,#ff00ff,8540,6.238130,0.280716,0.045000
z_0067_411.821577.png,#ff4500,548,0.400292,0.018013,0.045000
z_0067_411.821577.png,#ff8000,849,0.620161,0.027907,0.045000
z_0068_412.834025.png,#008000,75,0.054785,0.002465,0.045000
z_0068_412.834025.png,#00ff80,1890,1.380570,0.062126,0.045000
z_0068_412.834025.png,#00ffff,4424,3.231556,0.145420,0.045000
z_0068_412.834025.png,#20b2aa,1881,1.373996,0.061830,0.045000
z_0068_412.834025.png,#32cd32,1478,1.079620,0.048583,0.045000
z_0068_412.834025.png,#4363d8,2516,1.837838,0.082703,0.045000
z_0068_412.834025.png,#5ac1d9,93,0.067933,0.003057,0.045000
z_0068_412.834025.png,#800000,4501,3.287801,0.147951,0.045000
z_0068_412.834025.png,#8080ff,2,0.001461,0.000066,0.045000
z_0068_412.834025.png,#822072,1123,0.820307,0.036914,0.045000
z_0068_412.834025.png,#8a2be2,314,0.229364,0.010321,0.045000
z_0068_412.834025.png,#8b99c5,180,0.131483,0.005917,0.045000
z_0068_412.834025.png,#f58231,719,0.525201,0.023634,0.045000
z_0068_412.834025.png,#ff00ff,8675,6.336742,0.285153,0.045000
z_0068_412.834025.png,#ff4500,479,0.349890,0.015745,0.045000
z_0068_412.834025.png,#ff8000,1228,0.897005,0.040365,0.045000
z_0069_413.846473.png,#008000,214,0.156318,0.007034,0.045000
z_0069_413.846473.png,#00ff80,1865,1.362308,0.061304,0.045000
z_0069_413.846473.png,#00ffff,4191,3.061359,0.137761,0.045000
z_0069_413.846473.png,#20b2aa,1913,1.397370,0.062882,0.045000
z_0069_413.846473.png,#32cd32,1453,1.061359,0.047761,0.045000
z_0069_413.846473.png,#4363d8,2662,1.944485,0.087502,0.045000
z_0069_413.846473.png,#5ac1d9,106,0.077429,0.003484,0.045000
z_0069_413.846473.png,#800000,4284,3.129291,0.140818,0.045000
z_0069_413.846473.png,#8080ff,9,0.006574,0.000296,0.045000
z_0069_413.846473.png,#822072,1066,0.778671,0.035040,0.045000
z_0069_413.846473.png,#8a2be2,250,0.182615,0.008218,0.045000
z_0069_413.846473.png,#8b99c5,188,0.137327,0.006180,0.045000
z_0069_413.846473.png,#f58231,697,0.509131,0.022911,0.045000
z_0069_413.846473.png,#ff00ff,8531,6.231556,0.280420,0.045000
z_0069_413.846473.png,#ff4500,513,0.374726,0.016863,0.045000
z_0069_413.846473.png,#ff8000,1737,1.268809,0.057096,0.045000
z_0070_414.858921.png,#008000,377,0.275383,0.012392,0.045000
z_0070_414.858921.png,#00ff80,1827,1.334551,0.060055,0.045000
z_0070_414.858921.png,#00ffff,3949,2.884587,0.129806,0.045000
z_0070_414.858921.png,#20b2aa,1990,1.453616,0.065413,0.045000
z_0070_414.858921.png,#32cd32,1336,0.975895,0.043915,0.045000
z_0070_414.858921.png,#4363d8,2852,2.083272,0.093747,0.045000
z_0070_414.858921.png,#5ac1d9,116,0.084733,0.003813,0.045000
z_0070_414.858921.png,#800000,4139,3.023375,0.136052,0.045000
z_0070_414.858921.png,#8080ff,1,0.000730,0.000033,0.045000
z_0070_414.858921.png,#822072,1119,0.817385,0.036782,0.045000
z_0070_414.858921.png,#8a2be2,207,0.151205,0.006804,0.045000
z_0070_414.858921.png,#8b99c5,200,0.146092,0.006574,0.045000
z_0070_414.858921.png,#f58231,692,0.505478,0.022747,0.045000
z_0070_414.858921.png,#ff00ff,8465,6.183346,0.278251,0.045000
z_0070_414.858921.png,#ff4500,522,0.381300,0.017159,0.045000
z_0070_414.858921.png,#ff8000,2255,1.647188,0.074123,0.045000
z_0071_415.871369.png,#008000,553,0.403944,0.018178,0.045000
z_0071_415.871369.png,#00ff80,1748,1.276844,0.057458,0.045000
z_0071_415.871369.png,#00ffff,4159,3.037984,0.136709,0.045000
z_0071_415.871369.png,#20b2aa,2088,1.525201,0.068634,0.045000
z_0071_415.871369.png,#32cd32,1070,0.781592,0.035172,0.045000
z_0071_415.871369.png,#4363d8,3109,2.271001,0.102195,0.045000
z_0071_415.871369.png,#5ac1d9,120,0.087655,0.003944,0.045000
z_0071_415.871369.png,#800000,3995,2.918188,0.131318,0.045000
z_0071_415.871369.png,#8080ff,2,0.001461,0.000066,0.045000
z_0071_415.871369.png,#822072,1138,0.831264,0.037407,0.045000
z_0071_415.871369.png,#8a2be2,166,0.121256,0.005457,0.045000
z_0071_415.871369.png,#8b99c5,213,0.155588,0.007001,0.045000
z_0071_415.871369.png,#f58231,722,0.527392,0.023733,0.045000
z_0071_415.871369.png,#ff00ff,8394,6.131483,0.275917,0.045000
z_0071_415.871369.png,#ff4500,504,0.368152,0.016567,0.045000
z_0071_415.871369.png,#ff8000,2458,1.795471,0.080796,0.045000
z_0072_416.883817.png,#008000,699,0.510592,0.022977,0.045000
z_0072_416.883817.png,#00ff80,1696,1.238860,0.055749,0.045000
z_0072_416.883817.png,#00ffff,4150,3.031410,0.136413,0.045000
z_0072_416.883817.png,#20b2aa,2144,1.566107,0.070475,0.045000
z_0072_416.883817.png,#32cd32,924,0.674945,0.030373,0.045000
z_0072_416.883817.png,#4363d8,3207,2.342586,0.105416,0.045000
z_0072_416.883817.png,#5ac1d9,137,0.100073,0.004503,0.045000
z_0072_416.883817.png,#800000,3947,2.883126,0.129741,0.045000
z_0072_416.883817.png,#8080ff,8,0.005844,0.000263,0.045000
z_0072_416.883817.png,#822072,1105,0.807159,0.036322,0.045000
z_0072_416.883817.png,#8a2be2,135,0.098612,0.004438,0.045000
z_0072_416.883817.png,#8b99c5,228,0.166545,0.007495,0.045000
z_0072_416.883817.png,#f58231,729,0.532505,0.023963,0.045000
z_0072_416.883817.png,#ff00ff,8608,6.287801,0.282951,0.045000
z_0072_416.883817.png,#ff4500,496,0.362308,0.016304,0.045000
z_0072_416.883817.png,#ff8000,2641,1.929145,0.086812,0.045000
z_0073_417.896266.png,#008000,809,0.590942,0.026592,0.045000
z_0073_417.896266.png,#00ff80,1690,1.234478,0.055551,0.045000
z_0073_417.896266.png,#00ffff,4222,3.084003,0.138780,0.045000
z_0073_417.896266.png,#20b2aa,2117,1.546384,0.069587,0.045000
z_0073_417.896266.png,#32cd32,905,0.661066,0.029748,0.045000
z_0073_417.896266.png,#4363d8,3276,2.392988,0.107684,0.045000
z_0073_417.896266.png,#5ac1d9,145,0.105917,0.004766,0.045000
z_0073_417.896266.png,#800000,4003,2.924032,0.131581,0.045000
z_0073_417.896266.png,#8080ff,10,0.007305,0.000329,0.045000
z_0073_417.896266.png,#822072,1074,0.784514,0.035303,0.045000
z_0073_417.896266.png,#8a2be2,117,0.085464,0.003846,0.045000
z_0073_417.896266.png,#8b99c5,226,0.165084,0.007429,0.045000
z_0073_417.896266.png,#f58231,697,0.509131,0.022911,0.045000
z_0073_417.896266.png,#ff00ff,8622,6.298028,0.283411,0.045000
z_0073_417.896266.png,#ff4500,435,0.317750,0.014299,0.045000
z_0073_417.896266.png,#ff8000,2786,2.035062,0.091578,0.045000
z_0074_418.908714.png,#008000,962,0.702703,0.031622,0.045000
z_0074_418.908714.png,#00ff80,1632,1.192111,0.053645,0.045000
z_0074_418.908714.png,#00ffff,4428,3.234478,0.145551,0.045000
z_0074_418.908714.png,#20b2aa,1981,1.447042,0.065117,0.045000
z_0074_418.908714.png,#32cd32,833,0.608473,0.027381,0.045000
z_0074_418.908714.png,#4363d8,3209,2.344047,0.105482,0.045000
z_0074_418.908714.png,#5ac1d9,140,0.102264,0.004602,0.045000
z_0074_418.908714.png,#800000,4054,2.961286,0.133258,0.045000
z_0074_418.908714.png,#8080ff,5,0.003652,0.000164,0.045000
z_0074_418.908714.png,#822072,1035,0.756026,0.034021,0.045000
z_0074_418.908714.png,#8a2be2,104,0.075968,0.003419,0.045000
z_0074_418.908714.png,#8b99c5,233,0.170197,0.007659,0.045000
z_0074_418.908714.png,#f58231,577,0.421476,0.018966,0.045000
z_0074_418.908714.png,#ff00ff,8329,6.084003,0.273780,0.045000
z_0074_418.908714.png,#ff4500,364,0.265888,0.011965,0.045000
z_0074_418.908714.png,#ff8000,2982,2.178232,0.098020,0.045000
z_0075_419.921162.png,#008000,1106,0.807889,0.036355,0.045000
z_0075_419.921162.png,#00ff80,1553,1.134405,0.051048,0.045000
z_0075_419.921162.png,#00ffff,4723,3.449963,0.155248,0.045000
z_0075_419.921162.png,#20b2aa,1932,1.411249,0.063506,0.045000
z_0075_419.921162.png,#32cd32,1254,0.915997,0.041220,0.045000
z_0075_419.921162.png,#4363d8,3046,2.224982,0.100124,0.045000
z_0075_419.921162.png,#5ac1d9,127,0.092768,0.004175,0.045000
z_0075_419.921162.png,#800000,3935,2.874361,0.129346,0.045000
z_0075_419.921162.png,#8080ff,3,0.002191,0.000099,0.045000
z_0075_419.921162.png,#822072,1028,0.750913,0.033791,0.045000
z_0075_419.921162.png,#8a2be2,90,0.065741,0.002958,0.045000
z_0075_419.921162.png,#8b99c5,238,0.173850,0.007823,0.045000
z_0075_419.921162.png,#f58231,430,0.314098,0.014134,0.045000
z_0075_419.921162.png,#ff00ff,8282,6.049671,0.272235,0.045000
z_0075_419.921162.png,#ff4500,295,0.215486,0.009697,0.045000
z_0075_419.921162.png,#ff8000,3215,2.348430,0.105679,0.045000
z_0075_419.921162.png,#ffff00,26,0.018992,0.000855,0.045000
z_0076_420.933610.png,#008000,1185,0.865595,0.038952,0.045000
z_0076_420.933610.png,#00ff80,1041,0.760409,0.034218,0.045000
z_0076_420.933610.png,#00ffff,2111,1.542001,0.069390,0.045000
z_0076_420.933610.png,#20b2aa,1836,1.341125,0.060351,0.045000
z_0076_420.933610.png,#32cd32,1925,1.406136,0.063276,0.045000
z_0076_420.933610.png,#4363d8,2913,2.127831,0.095752,0.045000
z_0076_420.933610.png,#5ac1d9,130,0.094960,0.004273,0.045000
z_0076_420.933610.png,#800000,3989,2.913806,0.131121,0.045000
z_0076_420.933610.png,#8080ff,5,0.003652,0.000164,0.045000
z_0076_420.933610.png,#822072,1063,0.776479,0.034942,0.045000
z_0076_420.933610.png,#8a2be2,949,0.693207,0.031194,0.045000
z_0076_420.933610.png,#8b99c5,136,0.099343,0.004470,0.045000
z_0076_420.933610.png,#f58231,414,0.302411,0.013608,0.045000
z_0076_420.933610.png,#ff00ff,15639,11.423667,0.514065,0.045000
z_0076_420.933610.png,#ff4500,278,0.203068,0.009138,0.045000
z_0076_420.933610.png,#ff8000,2401,1.753835,0.078923,0.045000
z_0077_421.946058.png,#008000,1201,0.877283,0.039478,0.045000
z_0077_421.946058.png,#00ff80,1230,0.898466,0.040431,0.045000
z_0077_421.946058.png,#00ffff,2335,1.705625,0.076753,0.045000
z_0077_421.946058.png,#20b2aa,1697,1.239591,0.055782,0.045000
z_0077_421.946058.png,#32cd32,2143,1.565376,0.070442,0.045000
z_0077_421.946058.png,#4363d8,2720,1.986852,0.089408,0.045000
z_0077_421.946058.png,#5ac1d9,133,0.097151,0.004372,0.045000
z_0077_421.946058.png,#800000,3958,2.891161,0.130102,0.045000
z_0077_421.946058.png,#822072,1129,0.824690,0.037111,0.045000
z_0077_421.946058.png,#8a2be2,1022,0.746530,0.033594,0.045000
z_0077_421.946058.png,#8b99c5,144,0.105186,0.004733,0.045000
z_0077_421.946058.png,#f58231,423,0.308985,0.013904,0.045000
z_0077_421.946058.png,#ff00ff,14784,10.799123,0.485961,0.045000
z_0077_421.946058.png,#ff4500,292,0.213294,0.009598,0.045000
z_0077_421.946058.png,#ff8000,2719,1.986121,0.089375,0.045000
z_0078_422.958506.png,#008000,1198,0.875091,0.039379,0.045000
z_0078_422.958506.png,#00ff80,2412,1.761870,0.079284,0.045000
z_0078_422.958506.png,#00ffff,2770,2.023375,0.091052,0.045000
z_0078_422.958506.png,#20b2aa,1595,1.165084,0.052429,0.045000
z_0078_422.958506.png,#32cd32,2515,1.837107,0.082670,0.045000
z_0078_422.958506.png,#4363d8,2413,1.762600,0.079317,0.045000
z_0078_422.958506.png,#5ac1d9,122,0.089116,0.004010,0.045000
z_0078_422.958506.png,#800000,4182,3.054785,0.137465,0.045000
z_0078_422.958506.png,#822072,1156,0.844412,0.037999,0.045000
z_0078_422.958506.png,#8a2be2,1081,0.789627,0.035533,0.045000
z_0078_422.958506.png,#8b99c5,165,0.120526,0.005424,0.045000
z_0078_422.958506.png,#f58231,417,0.304602,0.013707,0.045000
z_0078_422.958506.png,#ff00ff,13828,10.100804,0.454536,0.045000
z_0078_422.958506.png,#ff4500,331,0.241782,0.010880,0.045000
z_0078_422.958506.png,#ff8000,3286,2.400292,0.108013,0.045000
z_0079_423.970954.png,#008000,1214,0.886779,0.039905,0.045000
z_0079_423.970954.png,#00ff80,2410,1.760409,0.079218,0.045000
z_0079_423.970954.png,#00ffff,4116,3.006574,0.135296,0.045000
z_0079_423.970954.png,#20b2aa,1589,1.160701,0.052232,0.045000
z_0079_423.970954.png,#32cd32,2898,2.116874,0.095259,0.045000
z_0079_423.970954.png,#4363d8,2242,1.637692,0.073696,0.045000
z_0079_423.970954.png,#5ac1d9,138,0.100804,0.004536,0.045000
z_0079_423.970954.png,#800000,4443,3.245435,0.146045,0.045000
z_0079_423.970954.png,#822072,1240,0.905771,0.040760,0.045000
z_0079_423.970954.png,#8a2be2,1136,0.829803,0.037341,0.045000
z_0079_423.970954.png,#8b99c5,158,0.115413,0.005194,0.045000
z_0079_423.970954.png,#f58231,470,0.343316,0.015449,0.045000
z_0079_423.970954.png,#ff00ff,12697,9.274653,0.417359,0.045000
z_0079_423.970954.png,#ff4500,329,0.240321,0.010814,0.045000
z_0079_423.970954.png,#ff8000,4286,3.130752,0.140884,0.045000
z_0080_424.983402.png,#008000,1219,0.890431,0.040069,0.045000
z_0080_424.983402.png,#00ff80,2480,1.811541,0.081519,0.045000
z_0080_424.983402.png,#00ffff,4360,3.184806,0.143316,0.045000
z_0080_424.983402.png,#20b2aa,1392,1.016801,0.045756,0.045000
z_0080_424.983402.png,#32cd32,181,0.132213,0.005950,0.045000
z_0080_424.983402.png,#4363d8,2240,1.636231,0.073630,0.045000
z_0080_424.983402.png,#5ac1d9,154,0.112491,0.005062,0.045000
z_0080_424.983402.png,#800000,4807,3.511322,0.158009,0.045000
z_0080_424.983402.png,#8080ff,2,0.001461,0.000066,0.045000
z_0080_424.983402.png,#822072,1353,0.988313,0.044474,0.045000
z_0080_424.983402.png,#8a2be2,1231,0.899196,0.040464,0.045000
z_0080_424.983402.png,#8b99c5,160,0.116874,0.005259,0.045000
z_0080_424.983402.png,#f58231,494,0.360847,0.016238,0.045000
z_0080_424.983402.png,#ff00ff,9576,6.994887,0.314770,0.045000
z_0080_424.983402.png,#ff4500,296,0.216216,0.009730,0.045000
z_0080_424.983402.png,#ff8000,4391,3.207451,0.144335,0.045000
z_0081_425.995851.png,#000080,34,0.024836,0.001118,0.045000
z_0081_425.995851.png,#008000,1088,0.794741,0.035763,0.045000
z_0081_425.995851.png,#00ff80,2532,1.849525,0.083229,0.045000
z_0081_425.995851.png,#00ffff,4527,3.306793,0.148806,0.045000
z_0081_425.995851.png,#20b2aa,1461,1.067202,0.048024,0.045000
z_0081_425.995851.png,#32cd32,263,0.192111,0.008645,0.045000
z_0081_425.995851.png,#4363d8,2406,1.757487,0.079087,0.045000
z_0081_425.995851.png,#5ac1d9,159,0.116143,0.005226,0.045000
z_0081_425.995851.png,#800000,5132,3.748722,0.168692,0.045000
z_0081_425.995851.png,#8080ff,2,0.001461,0.000066,0.045000
z_0081_425.995851.png,#822072,1406,1.027027,0.046216,0.045000
z_0081_425.995851.png,#8a2be2,1379,1.007305,0.045329,0.045000
z_0081_425.995851.png,#8b99c5,158,0.115413,0.005194,0.045000
z_0081_425.995851.png,#f58231,537,0.392257,0.017652,0.045000
z_0081_425.995851.png,#ff00ff,7918,5.783784,0.260270,0.045000
z_0081_425.995851.png,#ff4500,329,0.240321,0.010814,0.045000
z_0081_425.995851.png,#ff8000,4400,3.214025,0.144631,0.045000
z_0081_425.995851.png,#ffff00,65,0.047480,0.002137,0.045000
z_0082_427.008299.png,#000080,178,0.130022,0.005851,0.045000
z_0082_427.008299.png,#008000,1048,0.765522,0.034449,0.045000
z_0082_427.008299.png,#00ff80,2497,1.823959,0.082078,0.045000
z_0082_427.008299.png,#00ffff,4646,3.393718,0.152717,0.045000
z_0082_427.008299.png,#20b2aa,1375,1.004383,0.045197,0.045000
z_0082_427.008299.png,#32cd32,340,0.248356,0.011176,0.045000
z_0082_427.008299.png,#4363d8,2412,1.761870,0.079284,0.045000
z_0082_427.008299.png,#5ac1d9,172,0.125639,0.005654,0.045000
z_0082_427.008299.png,#800000,5218,3.811541,0.171519,0.045000
z_0082_427.008299.png,#8080ff,3,0.002191,0.000099,0.045000
z_0082_427.008299.png,#822072,1375,1.004383,0.045197,0.045000
z_0082_427.008299.png,#8a2be2,1607,1.173850,0.052823,0.045000
z_0082_427.008299.png,#8b99c5,184,0.134405,0.006048,0.045000
z_0082_427.008299.png,#f58231,736,0.537619,0.024193,0.045000
z_0082_427.008299.png,#ff00ff,6542,4.778671,0.215040,0.045000
z_0082_427.008299.png,#ff4500,382,0.279036,0.012557,0.045000
z_0082_427.008299.png,#ff8000,4467,3.262966,0.146833,0.045000
z_0083_428.020747.png,#000080,403,0.294375,0.013247,0.045000
z_0083_428.020747.png,#008000,984,0.718773,0.032345,0.045000
z_0083_428.020747.png,#00ff80,2523,1.842951,0.082933,0.045000
z_0083_428.020747.png,#00ffff,4518,3.300219,0.148510,0.045000
z_0083_428.020747.png,#20b2aa,1516,1.107378,0.049832,0.045000
z_0083_428.020747.png,#32cd32,485,0.354273,0.015942,0.045000
z_0083_428.020747.png,#4363d8,2318,1.693207,0.076194,0.045000
z_0083_428.020747.png,#5ac1d9,190,0.138787,0.006245,0.045000
z_0083_428.020747.png,#800000,5499,4.016801,0.180756,0.045000
z_0083_428.020747.png,#8080ff,1,0.000730,0.000033,0.045000
z_0083_428.020747.png,#822072,1373,1.002922,0.045131,0.045000
z_0083_428.020747.png,#8a2be2,2033,1.485026,0.066826,0.045000
z_0083_428.020747.png,#8b99c5,203,0.148283,0.006673,0.045000
z_0083_428.020747.png,#f58231,989,0.722425,0.032509,0.045000
z_0083_428.020747.png,#ff00ff,8202,5.991234,0.269606,0.045000
z_0083_428.020747.png,#ff4500,412,0.300950,0.013543,0.045000
z_0083_428.020747.png,#ff8000,4560,3.330898,0.149890,0.045000
z_0084_429.033195.png,#000080,555,0.405405,0.018243,0.045000
z_0084_429.033195.png,#008000,934,0.682250,0.030701,0.045000
z_0084_429.033195.png,#00ff80,2657,1.940833,0.087337,0.045000
z_0084_429.033195.png,#00ffff,4451,3.251278,0.146308,0.045000
z_0084_429.033195.png,#20b2aa,1646,1.202337,0.054105,0.045000
z_0084_429.033195.png,#32cd32,4379,3.198685,0.143941,0.045000
z_0084_429.033195.png,#4363d8,2139,1.562454,0.070310,0.045000
z_0084_429.033195.png,#5ac1d9,264,0.192841,0.008678,0.045000
z_0084_429.033195.png,#800000,5803,4.238860,0.190749,0.045000
z_0084_429.033195.png,#822072,1316,0.961286,0.043258,0.045000
z_0084_429.033195.png,#8a2be2,2270,1.658145,0.074617,0.045000
z_0084_429.033195.png,#8b99c5,212,0.154858,0.006969,0.045000
z_0084_429.033195.png,#f58231,1155,0.843682,0.037966,0.045000
z_0084_429.033195.png,#ff00ff,7890,5.763331,0.259350,0.045000
z_0084_429.033195.png,#ff4500,512,0.373996,0.016830,0.045000
z_0084_429.033195.png,#ff8000,4606,3.364500,0.151402,0.045000
z_0085_430.045643.png,#000080,532,0.388605,0.017487,0.045000
z_0085_430.045643.png,#008000,874,0.638422,0.028729,0.045000
z_0085_430.045643.png,#00ff80,2718,1.985391,0.089343,0.045000
z_0085_430.045643.png,#00ffff,4530,3.308985,0.148904,0.045000
z_0085_430.045643.png,#20b2aa,1637,1.195763,0.053809,0.045000
z_0085_430.045643.png,#32cd32,4233,3.092038,0.139142,0.045000
z_0085_430.045643.png,#4363d8,1850,1.351351,0.060811,0.045000
z_0085_430.045643.png,#5ac1d9,439,0.320672,0.014430,0.045000
z_0085_430.045643.png,#800000,6039,4.411249,0.198506,0.045000
z_0085_430.045643.png,#822072,1455,1.062820,0.047827,0.045000
z_0085_430.045643.png,#8a2be2,2470,1.804237,0.081191,0.045000
z_0085_430.045643.png,#8b99c5,232,0.169467,0.007626,0.045000
z_0085_430.045643.png,#f58231,234,0.170928,0.007692,0.045000
z_0085_430.045643.png,#ff00ff,7815,5.708546,0.256885,0.045000
z_0085_430.045643.png,#ff4500,592,0.432432,0.019459,0.045000
z_0085_430.045643.png,#ff8000,4674,3.414171,0.153638,0.045000
z_0085_430.045643.png,#ffff00,41,0.029949,0.001348,0.045000
z_0086_431.058091.png,#000080,352,0.257122,0.011570,0.045000
z_0086_431.058091.png,#008000,797,0.582177,0.026198,0.045000
z_0086_431.058091.png,#00ff80,2953,2.157049,0.097067,0.045000
z_0086_431.058091.png,#00ffff,4582,3.346969,0.150614,0.045000
z_0086_431.058091.png,#20b2aa,1770,1.292915,0.058181,0.045000
z_0086_431.058091.png,#32cd32,4066,2.970051,0.133652,0.045000
z_0086_431.058091.png,#4363d8,1683,1.229364,0.055321,0.045000
z_0086_431.058091.png,#5ac1d9,658,0.480643,0.021629,0.045000
z_0086_431.058091.png,#800000,5976,4.365230,0.196435,0.045000
z_0086_431.058091.png,#8080ff,1,0.000730,0.000033,0.045000
z_0086_431.058091.png,#822072,1526,1.114682,0.050161,0.045000
z_0086_431.058091.png,#8a2be2,2561,1.870709,0.084182,0.045000
z_0086_431.058091.png,#8b99c5,264,0.192841,0.008678,0.045000
z_0086_431.058091.png,#f58231,224,0.163623,0.007363,0.045000
z_0086_431.058091.png,#ff00ff,7752,5.662527,0.254814,0.045000
z_0086_431.058091.png,#ff4500,723,0.528123,0.023766,0.045000
z_0086_431.058091.png,#ff8000,4568,3.336742,0.150153,0.045000
z_0086_431.058091.png,#ffff00,107,0.078159,0.003517,0.045000
z_0087_432.070539.png,#000080,243,0.177502,0.007988,0.045000
z_0087_432.070539.png,#008000,714,0.521549,0.023470,0.045000
z_0087_432.070539.png,#00ff80,2855,2.085464,0.093846,0.045000
z_0087_432.070539.png,#00ffff,4746,3.466764,0.156004,0.045000
z_0087_432.070539.png,#20b2aa,1976,1.443389,0.064953,0.045000
z_0087_432.070539.png,#32cd32,3892,2.842951,0.127933,0.045000
z_0087_432.070539.png,#4363d8,1591,1.162162,0.052297,0.045000
z_0087_432.070539.png,#5ac1d9,903,0.659606,0.029682,0.045000
z_0087_432.070539.png,#800000,5866,4.284879,0.192820,0.045000
z_0087_432.070539.png,#8080ff,1,0.000730,0.000033,0.045000
z_0087_432.070539.png,#822072,1575,1.150475,0.051771,0.045000
z_0087_432.070539.png,#8a2be2,2577,1.882396,0.084708,0.045000
z_0087_432.070539.png,#8b99c5,288,0.210373,0.009467,0.045000
z_0087_432.070539.png,#f58231,225,0.164354,0.007396,0.045000
z_0087_432.070539.png,#ff00ff,7972,5.823229,0.262045,0.045000
z_0087_432.070539.png,#ff4500,942,0.688093,0.030964,0.045000
z_0087_432.070539.png,#ff8000,4511,3.295106,0.148280,0.045000
z_0087_432.070539.png,#ffff00,139,0.101534,0.004569,0.045000
z_0088_433.082988.png,#000080,163,0.119065,0.005358,0.045000
z_0088_433.082988.png,#008000,608,0.444120,0.019985,0.045000
z_0088_433.082988.png,#00ff80,2769,2.022644,0.091019,0.045000
z_0088_433.082988.png,#00ffff,4296,3.138057,0.141213,0.045000
z_0088_433.082988.png,#20b2aa,2077,1.517166,0.068272,0.045000
z_0088_433.082988.png,#32cd32,2346,1.713660,0.077115,0.045000
z_0088_433.082988.png,#4363d8,1599,1.168006,0.052560,0.045000
z_0088_433.082988.png,#5ac1d9,1190,0.869248,0.039116,0.045000
z_0088_433.082988.png,#800000,5187,3.788897,0.170500,0.045000
z_0088_433.082988.png,#8080ff,1,0.000730,0.000033,0.045000
z_0088_433.082988.png,#822072,1340,0.978817,0.044047,0.045000
z_0088_433.082988.png,#8a2be2,2429,1.774288,0.079843,0.045000
z_0088_433.082988.png,#8b99c5,304,0.222060,0.009993,0.045000
z_0088_433.082988.png,#f58231,180,0.131483,0.005917,0.045000
z_0088_433.082988.png,#ff00ff,7964,5.817385,0.261782,0.045000
z_0088_433.082988.png,#ff4500,1077,0.786706,0.035402,0.045000
z_0088_433.082988.png,#ff8000,4043,2.953251,0.132896,0.045000
z_0088_433.082988.png,#ffff00,202,0.147553,0.006640,0.045000
z_0089_434.095436.png,#000080,173,0.126370,0.005687,0.045000
z_0089_434.095436.png,#008000,503,0.367421,0.016534,0.045000
z_0089_434.095436.png,#00ff80,2660,1.943024,0.087436,0.045000
z_0089_434.095436.png,#00ffff,4548,3.322133,0.149496,0.045000
z_0089_434.095436.png,#20b2aa,2145,1.566837,0.070508,0.045000
z_0089_434.095436.png,#32cd32,2385,1.742148,0.078397,0.045000
z_0089_434.095436.png,#4363d8,1545,1.128561,0.050785,0.045000
z_0089_434.095436.png,#5ac1d9,1467,1.071585,0.048221,0.045000
z_0089_434.095436.png,#800000,5126,3.744339,0.168495,0.045000
z_0089_434.095436.png,#822072,1229,0.897736,0.040398,0.045000
z_0089_434.095436.png,#8a2be2,2272,1.659606,0.074682,0.045000
z_0089_434.095436.png,#8b99c5,332,0.242513,0.010913,0.045000
z_0089_434.095436.png,#f58231,189,0.138057,0.006213,0.045000
z_0089_434.095436.png,#ff00ff,8101,5.917458,0.266286,0.045000
z_0089_434.095436.png,#ff4500,1155,0.843682,0.037966,0.045000
z_0089_434.095436.png,#ff8000,3563,2.602630,0.117118,0.045000
z_0089_434.095436.png,#ffff00,272,0.198685,0.008941,0.045000
z_0090_435.107884.png,#000080,229,0.167275,0.007527,0.045000
z_0090_435.107884.png,#008000,445,0.325055,0.014627,0.045000
z_0090_435.107884.png,#00ff80,2448,1.788167,0.080467,0.045000
z_0090_435.107884.png,#00ffff,4858,3.548576,0.159686,0.045000
z_0090_435.107884.png,#20b2aa,2214,1.617239,0.072776,0.045000
z_0090_435.107884.png,#32cd32,2297,1.677867,0.075504,0.045000
z_0090_435.107884.png,#4363d8,1449,1.058437,0.047630,0.045000
z_0090_435.107884.png,#5ac1d9,1758,1.284149,0.057787,0.045000
z_0090_435.107884.png,#800000,4978,3.636231,0.163630,0.045000
z_0090_435.107884.png,#8080ff,48,0.035062,0.001578,0.045000
z_0090_435.107884.png,#822072,1110,0.810811,0.036486,0.045000
z_0090_435.107884.png,#8a2be2,2054,1.500365,0.067516,0.045000
z_0090_435.107884.png,#8b99c5,360,0.262966,0.011833,0.045000
z_0090_435.107884.png,#f58231,178,0.130022,0.005851,0.045000
z_0090_435.107884.png,#ff00ff,8347,6.097151,0.274372,0.045000
z_0090_435.107884.png,#ff4500,1249,0.912345,0.041056,0.045000
z_0090_435.107884.png,#ff8000,2907,2.123448,0.095555,0.045000
z_0090_435.107884.png,#ffff00,419,0.306063,0.013773,0.045000
z_0091_436.120332.png,#000080,268,0.195763,0.008809,0.045000
z_0091_436.120332.png,#008000,424,0.309715,0.013937,0.045000
z_0091_436.120332.png,#00ff80,2236,1.633309,0.073499,0.045000
z_0091_436.120332.png,#00ffff,2973,2.171658,0.097725,0.045000
z_0091_436.120332.png,#20b2aa,2259,1.650110,0.074255,0.045000
z_0091_436.120332.png,#32cd32,2410,1.760409,0.079218,0.045000
z_0091_436.120332.png,#4363d8,1446,1.056245,0.047531,0.045000
z_0091_436.120332.png,#5ac1d9,1878,1.371804,0.061731,0.045000
z_0091_436.120332.png,#800000,4556,3.327977,0.149759,0.045000
z_0091_436.120332.png,#8080ff,89,0.065011,0.002925,0.045000
z_0091_436.120332.png,#822072,987,0.720964,0.032443,0.045000
z_0091_436.120332.png,#8a2be2,1887,1.378378,0.062027,0.045000
z_0091_436.120332.png,#8b99c5,375,0.273923,0.012327,0.045000
z_0091_436.120332.png,#f58231,205,0.149744,0.006738,0.045000
z_0091_436.120332.png,#ff00ff,8628,6.302411,0.283608,0.045000
z_0091_436.120332.png,#ff4500,1442,1.053324,0.047400,0.045000
z_0091_436.120332.png,#ff8000,2209,1.613587,0.072611,0.045000
z_0091_436.120332.png,#ffff00,784,0.572681,0.025771,0.045000
z_0092_437.132780.png,#000080,301,0.219869,0.009894,0.045000
z_0092_437.132780.png,#008000,484,0.353543,0.015909,0.045000
z_0092_437.132780.png,#00ff80,2045,1.493791,0.067221,0.045000
z_0092_437.132780.png,#00ffff,2987,2.181885,0.098185,0.045000
z_0092_437.132780.png,#20b2aa,2303,1.682250,0.075701,0.045000
z_0092_437.132780.png,#32cd32,2526,1.845142,0.083031,0.045000
z_0092_437.132780.png,#4363d8,1423,1.039445,0.046775,0.045000
z_0092_437.132780.png,#5ac1d9,2028,1.481373,0.066662,0.045000
z_0092_437.132780.png,#800000,4108,3.000730,0.135033,0.045000
z_0092_437.132780.png,#8080ff,145,0.105917,0.004766,0.045000
z_0092_437.132780.png,#822072,1209,0.883126,0.039741,0.045000
z_0092_437.132780.png,#8a2be2,1737,1.268809,0.057096,0.045000
z_0092_437.132780.png,#8b99c5,378,0.276114,0.012425,0.045000
z_0092_437.132780.png,#f58231,225,0.164354,0.007396,0.045000
z_0092_437.132780.png,#ff00ff,9014,6.584368,0.296297,0.045000
z_0092_437.132780.png,#ff4500,1527,1.115413,0.050194,0.045000
z_0092_437.132780.png,#ff8000,1652,1.206720,0.054302,0.045000
z_0092_437.132780.png,#ffff00,1145,0.836377,0.037637,0.045000
z_0093_438.145228.png,#000080,324,0.236669,0.010650,0.045000
z_0093_438.145228.png,#008000,546,0.398831,0.017947,0.045000
z_0093_438.145228.png,#00ff80,1833,1.338934,0.060252,0.045000
z_0093_438.145228.png,#00ffff,3309,2.417093,0.108769,0.045000
z_0093_438.145228.png,#20b2aa,2287,1.670562,0.075175,0.045000
z_0093_438.145228.png,#32cd32,2577,1.882396,0.084708,0.045000
z_0093_438.145228.png,#4363d8,1309,0.956172,0.043028,0.045000
z_0093_438.145228.png,#5ac1d9,2155,1.574142,0.070836,0.045000
z_0093_438.145228.png,#800000,3770,2.753835,0.123923,0.045000
z_0093_438.145228.png,#8080ff,212,0.154858,0.006969,0.045000
z_0093_438.145228.png,#822072,1668,1.218408,0.054828,0.045000
z_0093_438.145228.png,#8a2be2,1683,1.229364,0.055321,0.045000
z_0093_438.145228.png,#8b99c5,377,0.275383,0.012392,0.045000
z_0093_438.145228.png,#f58231,294,0.214755,0.009664,0.045000
z_0093_438.145228.png,#ff00ff,9647,7.046749,0.317104,0.045000
z_0093_438.145228.png,#ff4500,1527,1.115413,0.050194,0.045000
z_0093_438.145228.png,#ff8000,1390,1.015340,0.045690,0.045000
z_0093_438.145228.png,#ffff00,1336,0.975895,0.043915,0.045000
z_0094_439.157676.png,#000080,310,0.226443,0.010190,0.045000
z_0094_439.157676.png,#008000,570,0.416362,0.018736,0.045000
z_0094_439.157676.png,#00ff80,1590,1.161432,0.052264,0.045000
z_0094_439.157676.png,#00ffff,3336,2.436815,0.109657,0.045000
z_0094_439.157676.png,#20b2aa,2256,1.647918,0.074156,0.045000
z_0094_439.157676.png,#32cd32,2508,1.831994,0.082440,0.045000
z_0094_439.157676.png,#4363d8,1117,0.815924,0.036717,0.045000
z_0094_439.157676.png,#5ac1d9,2224,1.624543,0.073104,0.045000
z_0094_439.157676.png,#800000,3741,2.732652,0.122969,0.045000
z_0094_439.157676.png,#8080ff,270,0.197224,0.008875,0.045000
z_0094_439.157676.png,#822072,1874,1.368882,0.061600,0.045000
z_0094_439.157676.png,#8a2be2,1556,1.136596,0.051147,0.045000
z_0094_439.157676.png,#8b99c5,391,0.285610,0.012852,0.045000
z_0094_439.157676.png,#f58231,373,0.272462,0.012261,0.045000
z_0094_439.157676.png,#ff00ff,10669,7.793280,0.350698,0.045000
z_0094_439.157676.png,#ff4500,1544,1.127831,0.050752,0.045000
z_0094_439.157676.png,#ff8000,1343,0.981008,0.044145,0.045000
z_0094_439.157676.png,#ffff00,1345,0.982469,0.044211,0.045000
z_0095_440.170124.png,#000080,483,0.352812,0.015877,0.045000
z_0095_440.170124.png,#008000,609,0.444850,0.020018,0.045000
z_0095_440.170124.png,#00ff80,1135,0.829072,0.037308,0.045000
z_0095_440.170124.png,#00ffff,5727,4.183346,0.188251,0.045000
z_0095_440.170124.png,#20b2aa,3566,2.604821,0.117217,0.045000
z_0095_440.170124.png,#32cd32,2345,1.712929,0.077082,0.045000
z_0095_440.170124.png,#4363d8,1035,0.756026,0.034021,0.045000
z_0095_440.170124.png,#5ac1d9,2254,1.646457,0.074091,0.045000
z_0095_440.170124.png,#800000,4060,2.965668,0.133455,0.045000
z_0095_440.170124.png,#8080ff,334,0.243974,0.010979,0.045000
z_0095_440.170124.png,#822072,2159,1.577064,0.070968,0.045000
z_0095_440.170124.png,#8a2be2,1487,1.086194,0.048879,0.045000
z_0095_440.170124.png,#8b99c5,368,0.268809,0.012096,0.045000
z_0095_440.170124.png,#f58231,483,0.352812,0.015877,0.045000
z_0095_440.170124.png,#ff00ff,14495,10.588020,0.476461,0.045000
z_0095_440.170124.png,#ff4500,1468,1.072316,0.048254,0.045000
z_0095_440.170124.png,#ff8000,1307,0.954711,0.042962,0.045000
z_0095_440.170124.png,#ffff00,1327,0.969321,0.043619,0.045000
z_0096_441.182573.png,#000080,555,0.405405,0.018243,0.045000
z_0096_441.182573.png,#008000,854,0.623813,0.028072,0.045000
z_0096_441.182573.png,#00ff80,1032,0.753835,0.033923,0.045000
z_0096_441.182573.png,#00ffff,6072,4.435354,0.199591,0.045000
z_0096_441.182573.png,#20b2aa,3467,2.532505,0.113963,0.045000
z_0096_441.182573.png,#32cd32,2070,1.512053,0.068042,0.045000
z_0096_441.182573.png,#4363d8,1064,0.777210,0.034974,0.045000
z_0096_441.182573.png,#5ac1d9,2212,1.615778,0.072710,0.045000
z_0096_441.182573.png,#800000,4837,3.533236,0.158996,0.045000
z_0096_441.182573.png,#8080ff,371,0.271001,0.012195,0.045000
z_0096_441.182573.png,#822072,2441,1.783053,0.080237,0.045000
z_0096_441.182573.png,#8a2be2,1464,1.069394,0.048123,0.045000
z_0096_441.182573.png,#8b99c5,379,0.276844,0.012458,0.045000
z_0096_441.182573.png,#f58231,560,0.409058,0.018408,0.045000
z_0096_441.182573.png,#ff00ff,16045,11.720234,0.527411,0.045000
z_0096_441.182573.png,#ff4500,1397,1.020453,0.045920,0.045000
z_0096_441.182573.png,#ff8000,1198,0.875091,0.039379,0.045000
z_0096_441.182573.png,#ffff00,1519,1.109569,0.049931,0.045000
z_0097_442.195021.png,#000080,626,0.457268,0.020577,0.045000
z_0097_442.195021.png,#008000,935,0.682980,0.030734,0.045000
z_0097_442.195021.png,#00ff80,957,0.699050,0.031457,0.045000
z_0097_442.195021.png,#00ffff,6535,4.773557,0.214810,0.045000
z_0097_442.195021.png,#20b2aa,3421,2.498904,0.112451,0.045000
z_0097_442.195021.png,#32cd32,1812,1.323594,0.059562,0.045000
z_0097_442.195021.png,#4363d8,1075,0.785245,0.035336,0.045000
z_0097_442.195021.png,#5ac1d9,2150,1.570489,0.070672,0.045000
z_0097_442.195021.png,#800000,5224,3.815924,0.171717,0.045000
z_0097_442.195021.png,#8080ff,426,0.311176,0.014003,0.045000
z_0097_442.195021.png,#822072,2749,2.008035,0.090362,0.045000
z_0097_442.195021.png,#8a2be2,1390,1.015340,0.045690,0.045000
z_0097_442.195021.png,#8b99c5,366,0.267348,0.012031,0.045000
z_0097_442.195021.png,#f58231,613,0.447772,0.020150,0.045000
z_0097_442.195021.png,#ff00ff,17065,12.465303,0.560939,0.045000
z_0097_442.195021.png,#ff4500,1276,0.932067,0.041943,0.045000
z_0097_442.195021.png,#ff8000,1118,0.816654,0.036749,0.045000
z_0097_442.195021.png,#ffff00,1622,1.184806,0.053316,0.045000
z_0098_443.207469.png,#000080,663,0.484295,0.021793,0.045000
z_0098_443.207469.png,#008000,973,0.710738,0.031983,0.045000
z_0098_443.207469.png,#00ff80,1008,0.736304,0.033134,0.045000
z_0098_443.207469.png,#00ffff,6832,4.990504,0.224573,0.045000
z_0098_443.207469.png,#20b2aa,3328,2.430972,0.109394,0.045000
z_0098_443.207469.png,#32cd32,1645,1.201607,0.054072,0.045000
z_0098_443.207469.png,#4363d8,1042,0.761140,0.034251,0.045000
z_0098_443.207469.png,#5ac1d9,2162,1.579255,0.071066,0.045000
z_0098_443.207469.png,#800000,5568,4.067202,0.183024,0.045000
z_0098_443.207469.png,#8080ff,471,0.344047,0.015482,0.045000
z_0098_443.207469.png,#822072,2824,2.062820,0.092827,0.045000
z_0098_443.207469.png,#8a2be2,1312,0.958364,0.043126,0.045000
z_0098_443.207469.png,#8b99c5,425,0.310446,0.013970,0.045000
z_0098_443.207469.png,#f58231,648,0.473338,0.021300,0.045000
z_0098_443.207469.png,#ff00ff,14005,10.230095,0.460354,0.045000
z_0098_443.207469.png,#ff4500,1195,0.872900,0.039280,0.045000
z_0098_443.207469.png,#ff8000,1036,0.756757,0.034054,0.045000
z_0098_443.207469.png,#ffff00,1732,1.265157,0.056932,0.045000
z_0099_444.219917.png,#000080,668,0.487947,0.021958,0.045000
z_0099_444.219917.png,#008000,974,0.711468,0.032016,0.045000
z_0099_444.219917.png,#00ff80,1004,0.733382,0.033002,0.045000
z_0099_444.219917.png,#00ffff,6865,5.014609,0.225657,0.045000
z_0099_444.219917.png,#20b2aa,3338,2.438276,0.109722,0.045000
z_0099_444.219917.png,#32cd32,1645,1.201607,0.054072,0.045000
z_0099_444.219917.png,#4363d8,1043,0.761870,0.034284,0.045000
z_0099_444.219917.png,#5ac1d9,2163,1.579985,0.071099,0.045000
z_0099_444.219917.png,#800000,5559,4.060628,0.182728,0.045000
z_0099_444.219917.png,#8080ff,476,0.347699,0.015646,0.045000
z_0099_444.219917.png,#822072,2806,2.049671,0.092235,0.045000
z_0099_444.219917.png,#8a2be2,1311,0.957633,0.043093,0.045000
z_0099_444.219917.png,#8b99c5,417,0.304602,0.013707,0.045000
z_0099_444.219917.png,#f58231,642,0.468955,0.021103,0.045000
z_0099_444.219917.png,#ff00ff,14021,10.241782,0.460880,0.045000
z_0099_444.219917.png,#ff4500,1183,0.864134,0.038886,0.045000
z_0099_444.219917.png,#ff8000,1034,0.755296,0.033988,0.045000
z_0099_444.219917.png,#ffff00,1748,1.276844,0.057458,0.045000
z_0100_445.232365.png,#000080,736,0.537619,0.024193,0.045000
z_0100_445.232365.png,#008000,1012,0.739226,0.033265,0.045000
z_0100_445.232365.png,#00ff80,1075,0.785245,0.035336,0.045000
z_0100_445.232365.png,#00ffff,7547,5.512783,0.248075,0.045000
z_0100_445.232365.png,#20b2aa,3232,2.360847,0.106238,0.045000
z_0100_445.232365.png,#32cd32,1099,0.802776,0.036125,0.045000
z_0100_445.232365.png,#4363d8,934,0.682250,0.030701,0.045000
z_0100_445.232365.png,#5ac1d9,1984,1.449233,0.065215,0.045000
z_0100_445.232365.png,#800000,5105,3.728999,0.167805,0.045000
z_0100_445.232365.png,#8080ff,505,0.368882,0.016600,0.045000
z_0100_445.232365.png,#822072,2905,2.121987,0.095489,0.045000
z_0100_445.232365.png,#8a2be2,971,0.709277,0.031917,0.045000
z_0100_445.232365.png,#8b99c5,497,0.363039,0.016337,0.045000
z_0100_445.232365.png,#f58231,584,0.426589,0.019196,0.045000
z_0100_445.232365.png,#ff00ff,15339,11.204529,0.504204,0.045000
z_0100_445.232365.png,#ff4500,909,0.663988,0.029879,0.045000
z_0100_445.232365.png,#ff8000,1041,0.760409,0.034218,0.045000
z_0100_445.232365.png,#ffff00,2186,1.596786,0.071855,0.045000
z_0101_446.244813.png,#000080,745,0.544193,0.024489,0.045000
z_0101_446.244813.png,#008000,999,0.729730,0.032838,0.045000
z_0101_446.244813.png,#00ff80,1129,0.824690,0.037111,0.045000
z_0101_446.244813.png,#00ffff,7606,5.555880,0.250015,0.045000
z_0101_446.244813.png,#20b2aa,3018,2.204529,0.099204,0.045000
z_0101_446.244813.png,#32cd32,754,0.550767,0.024785,0.045000
z_0101_446.244813.png,#4363d8,915,0.668371,0.030077,0.045000
z_0101_446.244813.png,#5ac1d9,2107,1.539080,0.069259,0.045000
z_0101_446.244813.png,#800000,4922,3.595325,0.161790,0.045000
z_0101_446.244813.png,#8080ff,532,0.388605,0.017487,0.045000
z_0101_446.244813.png,#822072,2775,2.027027,0.091216,0.045000
z_0101_446.244813.png,#8a2be2,921,0.672754,0.030274,0.045000
z_0101_446.244813.png,#8b99c5,572,0.417823,0.018802,0.045000
z_0101_446.244813.png,#f58231,473,0.345508,0.015548,0.045000
z_0101_446.244813.png,#ff00ff,16305,11.910153,0.535957,0.045000
z_0101_446.244813.png,#ff4500,1006,0.734843,0.033068,0.045000
z_0101_446.244813.png,#ff8000,905,0.661066,0.029748,0.045000
z_0101_446.244813.png,#ffff00,2659,1.942294,0.087403,0.045000
z_0102_447.257261.png,#000080,778,0.568298,0.025573,0.045000
z_0102_447.257261.png,#008000,1049,0.766253,0.034481,0.045000
z_0102_447.257261.png,#00ff80,1196,0.873630,0.039313,0.045000
z_0102_447.257261.png,#00ffff,7023,5.130022,0.230851,0.045000
z_0102_447.257261.png,#20b2aa,2871,2.097151,0.094372,0.045000
z_0102_447.257261.png,#32cd32,525,0.383492,0.017257,0.045000
z_0102_447.257261.png,#4363d8,873,0.637692,0.028696,0.045000
z_0102_447.257261.png,#5ac1d9,2657,1.940833,0.087337,0.045000
z_0102_447.257261.png,#800000,5003,3.654492,0.164452,0.045000
z_0102_447.257261.png,#8080ff,515,0.376187,0.016928,0.045000
z_0102_447.257261.png,#822072,2747,2.006574,0.090296,0.045000
z_0102_447.257261.png,#8a2be2,844,0.616508,0.027743,0.045000
z_0102_447.257261.png,#8b99c5,624,0.455807,0.020511,0.045000
z_0102_447.257261.png,#f58231,294,0.214755,0.009664,0.045000
z_0102_447.257261.png,#ff00ff,17867,13.051132,0.587301,0.045000
z_0102_447.257261.png,#ff4500,1005,0.734112,0.033035,0.045000
z_0102_447.257261.png,#ff8000,688,0.502557,0.022615,0.045000
z_0102_447.257261.png,#ffff00,2970,2.169467,0.097626,0.045000
z_0103_448.269710.png,#000080,797,0.582177,0.026198,0.045000
z_0103_448.269710.png,#008000,1055,0.770636,0.034679,0.045000
z_0103_448.269710.png,#00ff80,1194,0.872169,0.039248,0.045000
z_0103_448.269710.png,#00ffff,7020,5.127831,0.230752,0.045000
z_0103_448.269710.png,#20b2aa,2876,2.100804,0.094536,0.045000
z_0103_448.269710.png,#32cd32,526,0.384222,0.017290,0.045000
z_0103_448.269710.png,#4363d8,882,0.644266,0.028992,0.045000
z_0103_448.269710.png,#5ac1d9,2657,1.940833,0.087337,0.045000
z_0103_448.269710.png,#800000,4997,3.650110,0.164255,0.045000
z_0103_448.269710.png,#8080ff,515,0.376187,0.016928,0.045000
z_0103_448.269710.png,#822072,2766,2.020453,0.090920,0.045000
z_0103_448.269710.png,#8a2be2,845,0.617239,0.027776,0.045000
z_0103_448.269710.png,#8b99c5,618,0.451424,0.020314,0.045000
z_0103_448.269710.png,#f58231,290,0.211833,0.009533,0.045000
z_0103_448.269710.png,#ff00ff,17898,13.073776,0.588320,0.045000
z_0103_448.269710.png,#ff4500,1010,0.737765,0.033199,0.045000
z_0103_448.269710.png,#ff8000,695,0.507670,0.022845,0.045000
z_0103_448.269710.png,#ffff00,2974,2.172389,0.097757,0.045000
z_0104_449.282158.png,#000080,757,0.552958,0.024883,0.045000
z_0104_449.282158.png,#008000,1055,0.770636,0.034679,0.045000
z_0104_449.282158.png,#00ff80,1337,0.976625,0.043948,0.045000
z_0104_449.282158.png,#00ffff,6694,4.889701,0.220037,0.045000
z_0104_449.282158.png,#20b2aa,2742,2.002922,0.090131,0.045000
z_0104_449.282158.png,#32cd32,415,0.303141,0.013641,0.045000
z_0104_449.282158.png,#4363d8,871,0.636231,0.028630,0.045000
z_0104_449.282158.png,#5ac1d9,2856,2.086194,0.093879,0.045000
z_0104_449.282158.png,#800000,4741,3.463112,0.155840,0.045000
z_0104_449.282158.png,#8080ff,481,0.351351,0.015811,0.045000
z_0104_449.282158.png,#822072,2718,1.985391,0.089343,0.045000
z_0104_449.282158.png,#8a2be2,868,0.634039,0.028532,0.045000
z_0104_449.282158.png,#8b99c5,634,0.463112,0.020840,0.045000
z_0104_449.282158.png,#f58231,157,0.114682,0.005161,0.045000
z_0104_449.282158.png,#ff00ff,18953,13.844412,0.622999,0.045000
z_0104_449.282158.png,#ff4500,906,0.661797,0.029781,0.045000
z_0104_449.282158.png,#ff8000,629,0.459459,0.020676,0.045000
z_0104_449.282158.png,#ffff00,3160,2.308254,0.103871,0.045000
z_0105_450.294606.png,#000080,665,0.485756,0.021859,0.045000
z_0105_450.294606.png,#008000,1142,0.834186,0.037538,0.045000
z_0105_450.294606.png,#00ff80,1876,1.370343,0.061665,0.045000
z_0105_450.294606.png,#00ffff,6268,4.578524,0.206034,0.045000
z_0105_450.294606.png,#20b2aa,2618,1.912345,0.086056,0.045000
z_0105_450.294606.png,#32cd32,305,0.222790,0.010026,0.045000
z_0105_450.294606.png,#4363d8,867,0.633309,0.028499,0.045000
z_0105_450.294606.png,#5ac1d9,3161,2.308985,0.103904,0.045000
z_0105_450.294606.png,#800000,4483,3.274653,0.147359,0.045000
z_0105_450.294606.png,#8080ff,410,0.299489,0.013477,0.045000
z_0105_450.294606.png,#822072,2702,1.973703,0.088817,0.045000
z_0105_450.294606.png,#8a2be2,865,0.631848,0.028433,0.045000
z_0105_450.294606.png,#8b99c5,621,0.453616,0.020413,0.045000
z_0105_450.294606.png,#f58231,187,0.136596,0.006147,0.045000
z_0105_450.294606.png,#ff00ff,20074,14.663258,0.659847,0.045000
z_0105_450.294606.png,#ff4500,860,0.628196,0.028269,0.045000
z_0105_450.294606.png,#ff8000,565,0.412710,0.018572,0.045000
z_0105_450.294606.png,#ffff00,3467,2.532505,0.113963,0.045000
z_0106_451.307054.png,#000080,710,0.518627,0.023338,0.045000
z_0106_451.307054.png,#008000,1254,0.915997,0.041220,0.045000
z_0106_451.307054.png,#00ff80,1987,1.451424,0.065314,0.045000
z_0106_451.307054.png,#00ffff,5813,4.246165,0.191077,0.045000
z_0106_451.307054.png,#20b2aa,2686,1.962016,0.088291,0.045000
z_0106_451.307054.png,#32cd32,190,0.138787,0.006245,0.045000
z_0106_451.307054.png,#4363d8,838,0.612126,0.027546,0.045000
z_0106_451.307054.png,#5ac1d9,3471,2.535427,0.114094,0.045000
z_0106_451.307054.png,#800000,4442,3.244704,0.146012,0.045000
z_0106_451.307054.png,#8080ff,333,0.243243,0.010946,0.045000
z_0106_451.307054.png,#822072,2520,1.840760,0.082834,0.045000
z_0106_451.307054.png,#8a2be2,843,0.615778,0.027710,0.045000
z_0106_451.307054.png,#8b99c5,601,0.439007,0.019755,0.045000
z_0106_451.307054.png,#f58231,175,0.127831,0.005752,0.045000
z_0106_451.307054.png,#ff00ff,19185,14.013879,0.630625,0.045000
z_0106_451.307054.png,#ff4500,786,0.574142,0.025836,0.045000
z_0106_451.307054.png,#ff8000,591,0.431702,0.019427,0.045000
z_0106_451.307054.png,#ffff00,3999,2.921110,0.131450,0.045000
z_0107_452.319502.png,#000080,766,0.559533,0.025179,0.045000
z_0107_452.319502.png,#008000,1220,0.891161,0.040102,0.045000
z_0107_452.319502.png,#00ff80,2017,1.473338,0.066300,0.045000
z_0107_452.319502.png,#00ffff,5264,3.845142,0.173031,0.045000
z_0107_452.319502.png,#20b2aa,2597,1.897005,0.085365,0.045000
z_0107_452.319502.png,#32cd32,102,0.074507,0.003353,0.045000
z_0107_452.319502.png,#4363d8,828,0.604821,0.027217,0.045000
z_0107_452.319502.png,#5ac1d9,3704,2.705625,0.121753,0.045000
z_0107_452.319502.png,#800000,4573,3.340394,0.150318,0.045000
z_0107_452.319502.png,#8080ff,919,0.671293,0.030208,0.045000
z_0107_452.319502.png,#822072,2418,1.766253,0.079481,0.045000
z_0107_452.319502.png,#8a2be2,792,0.578524,0.026034,0.045000
z_0107_452.319502.png,#8b99c5,588,0.429511,0.019328,0.045000
z_0107_452.319502.png,#f58231,207,0.151205,0.006804,0.045000
z_0107_452.319502.png,#ff00ff,21850,15.960555,0.718225,0.045000
z_0107_452.319502.png,#ff4500,638,0.466034,0.020972,0.045000
z_0107_452.319502.png,#ff8000,682,0.498174,0.022418,0.045000
z_0107_452.319502.png,#ffff00,4506,3.291454,0.148115,0.045000
z_0108_453.331950.png,#000080,1038,0.758218,0.034120,0.045000
z_0108_453.331950.png,#008000,1113,0.813002,0.036585,0.045000
z_0108_453.331950.png,#00ff80,2032,1.484295,0.066793,0.045000
z_0108_453.331950.png,#00ffff,4709,3.439737,0.154788,0.045000
z_0108_453.331950.png,#20b2aa,2758,2.014609,0.090657,0.045000
z_0108_453.331950.png,#32cd32,56,0.040906,0.001841,0.045000
z_0108_453.331950.png,#4363d8,833,0.608473,0.027381,0.045000
z_0108_453.331950.png,#5ac1d9,3600,2.629657,0.118335,0.045000
z_0108_453.331950.png,#800000,4921,3.594595,0.161757,0.045000
z_0108_453.331950.png,#8080ff,856,0.625274,0.028137,0.045000
z_0108_453.331950.png,#822072,2254,1.646457,0.074091,0.045000
z_0108_453.331950.png,#8a2be2,819,0.598247,0.026921,0.045000
z_0108_453.331950.png,#8b99c5,573,0.418554,0.018835,0.045000
z_0108_453.331950.png,#f58231,229,0.167275,0.007527,0.045000
z_0108_453.331950.png,#ff00ff,22102,16.144631,0.726508,0.045000
z_0108_453.331950.png,#ff4500,469,0.342586,0.015416,0.045000
z_0108_453.331950.png,#ff8000,781,0.570489,0.025672,0.045000
z_0108_453.331950.png,#ffff00,4893,3.574142,0.160836,0.045000
z_0109_454.344398.png,#000080,1300,0.949598,0.042732,0.045000
z_0109_454.344398.png,#008000,962,0.702703,0.031622,0.045000
z_0109_454.344398.png,#00ff80,2061,1.505478,0.067747,0.045000
z_0109_454.344398.png,#00ffff,4318,3.154127,0.141936,0.045000
z_0109_454.344398.png,#20b2aa,2937,2.145362,0.096541,0.045000
z_0109_454.344398.png,#32cd32,151,0.110299,0.004963,0.045000
z_0109_454.344398.png,#4363d8,810,0.591673,0.026625,0.045000
z_0109_454.344398.png,#5ac1d9,3600,2.629657,0.118335,0.045000
z_0109_454.344398.png,#800000,5502,4.018992,0.180855,0.045000
z_0109_454.344398.png,#8080ff,693,0.506209,0.022779,0.045000
z_0109_454.344398.png,#822072,2036,1.487217,0.066925,0.045000
z_0109_454.344398.png,#8a2be2,832,0.607743,0.027348,0.045000
z_0109_454.344398.png,#8b99c5,555,0.405405,0.018243,0.045000
z_0109_454.344398.png,#f58231,260,0.189920,0.008546,0.045000
z_0109_454.344398.png,#ff00ff,21870,15.975164,0.718882,0.045000
z_0109_454.344398.png,#ff4500,445,0.325055,0.014627,0.045000
z_0109_454.344398.png,#ff8000,831,0.607012,0.027316,0.045000
z_0109_454.344398.png,#ffff00,5214,3.808619,0.171388,0.045000
z_0110_455.356846.png,#000080,1596,1.165814,0.052462,0.045000
z_0110_455.356846.png,#008000,829,0.605551,0.027250,0.045000
z_0110_455.356846.png,#00ff80,2034,1.485756,0.066859,0.045000
z_0110_455.356846.png,#00ffff,3797,2.773557,0.124810,0.045000
z_0110_455.356846.png,#20b2aa,3197,2.335281,0.105088,0.045000
z_0110_455.356846.png,#32cd32,306,0.223521,0.010058,0.045000
z_0110_455.356846.png,#4363d8,802,0.585829,0.026362,0.045000
z_0110_455.356846.png,#5ac1d9,3749,2.738495,0.123232,0.045000
z_0110_455.356846.png,#800000,6024,4.400292,0.198013,0.045000
z_0110_455.356846.png,#8080ff,681,0.497443,0.022385,0.045000
z_0110_455.356846.png,#822072,1823,1.331629,0.059923,0.045000
z_0110_455.356846.png,#8a2be2,825,0.602630,0.027118,0.045000
z_0110_455.356846.png,#8b99c5,529,0.386413,0.017389,0.045000
z_0110_455.356846.png,#f58231,287,0.209642,0.009434,0.045000
z_0110_455.356846.png,#ff00ff,21515,15.715851,0.707213,0.045000
z_0110_455.356846.png,#ff4500,421,0.307524,0.013839,0.045000
z_0110_455.356846.png,#ff8000,913,0.666910,0.030011,0.045000
z_0110_455.356846.png,#ffff00,5471,3.996348,0.179836,0.045000
z_0111_456.369295.png,#000080,1609,1.175310,0.052889,0.045000
z_0111_456.369295.png,#008000,822,0.600438,0.027020,0.045000
z_0111_456.369295.png,#00ff80,2040,1.490139,0.067056,0.045000
z_0111_456.369295.png,#00ffff,3787,2.766253,0.124481,0.045000
z_0111_456.369295.png,#20b2aa,3195,2.333820,0.105022,0.045000
z_0111_456.369295.png,#32cd32,323,0.235939,0.010617,0.045000
z_0111_456.369295.png,#4363d8,799,0.583638,0.026264,0.045000
z_0111_456.369295.png,#5ac1d9,3740,2.731921,0.122936,0.045000
z_0111_456.369295.png,#800000,6032,4.406136,0.198276,0.045000
z_0111_456.369295.png,#8080ff,680,0.496713,0.022352,0.045000
z_0111_456.369295.png,#822072,1811,1.322863,0.059529,0.045000
z_0111_456.369295.png,#8a2be2,825,0.602630,0.027118,0.045000
z_0111_456.369295.png,#8b99c5,528,0.385683,0.017356,0.045000
z_0111_456.369295.png,#f58231,287,0.209642,0.009434,0.045000
z_0111_456.369295.png,#ff00ff,21499,15.704164,0.706687,0.045000
z_0111_456.369295.png,#ff4500,418,0.305332,0.013740,0.045000
z_0111_456.369295.png,#ff8000,913,0.666910,0.030011,0.045000
z_0111_456.369295.png,#ffff00,5487,4.008035,0.180362,0.045000
z_0112_457.381743.png,#000080,2076,1.516435,0.068240,0.045000
z_0112_457.381743.png,#008000,644,0.470416,0.021169,0.045000
z_0112_457.381743.png,#00ff80,1788,1.306063,0.058773,0.045000
z_0112_457.381743.png,#00ffff,3475,2.538349,0.114226,0.045000
z_0112_457.381743.png,#20b2aa,3838,2.803506,0.126158,0.045000
z_0112_457.381743.png,#32cd32,687,0.501826,0.022582,0.045000
z_0112_457.381743.png,#4363d8,774,0.565376,0.025442,0.045000
z_0112_457.381743.png,#5ac1d9,4237,3.094960,0.139273,0.045000
z_0112_457.381743.png,#800000,6967,5.089116,0.229010,0.045000
z_0112_457.381743.png,#8080ff,667,0.487217,0.021925,0.045000
z_0112_457.381743.png,#822072,1364,0.996348,0.044836,0.045000
z_0112_457.381743.png,#8a2be2,756,0.552228,0.024850,0.045000
z_0112_457.381743.png,#8b99c5,446,0.325785,0.014660,0.045000
z_0112_457.381743.png,#f58231,257,0.187728,0.008448,0.045000
z_0112_457.381743.png,#ff00ff,20808,15.199416,0.683974,0.045000
z_0112_457.381743.png,#ff4500,360,0.262966,0.011833,0.045000
z_0112_457.381743.png,#ff8000,1135,0.829072,0.037308,0.045000
z_0112_457.381743.png,#ffff00,5618,4.103725,0.184668,0.045000
z_0113_458.394191.png,#000080,2232,1.630387,0.073367,0.045000
z_0113_458.394191.png,#008000,637,0.465303,0.020939,0.045000
z_0113_458.394191.png,#00ff80,1779,1.299489,0.058477,0.045000
z_0113_458.394191.png,#00ffff,3708,2.708546,0.121885,0.045000
z_0113_458.394191.png,#20b2aa,3942,2.879474,0.129576,0.045000
z_0113_458.394191.png,#32cd32,753,0.550037,0.024752,0.045000
z_0113_458.394191.png,#4363d8,768,0.560993,0.025245,0.045000
z_0113_458.394191.png,#5ac1d9,4416,3.225712,0.145157,0.045000
z_0113_458.394191.png,#800000,7369,5.382761,0.242224,0.045000
z_0113_458.394191.png,#8080ff,729,0.532505,0.023963,0.045000
z_0113_458.394191.png,#822072,1225,0.894814,0.040267,0.045000
z_0113_458.394191.png,#8a2be2,741,0.541271,0.024357,0.045000
z_0113_458.394191.png,#8b99c5,431,0.314828,0.014167,0.045000
z_0113_458.394191.png,#f58231,179,0.130752,0.005884,0.045000
z_0113_458.394191.png,#ff00ff,20286,14.818115,0.666815,0.045000
z_0113_458.394191.png,#ff4500,358,0.261505,0.011768,0.045000
z_0113_458.394191.png,#ff8000,1288,0.940833,0.042337,0.045000
z_0113_458.394191.png,#ffff00,5495,4.013879,0.180625,0.045000
z_0114_459.406639.png,#000080,2337,1.707085,0.076819,0.045000
z_0114_459.406639.png,#008000,661,0.482834,0.021728,0.045000
z_0114_459.406639.png,#00ff80,1751,1.279036,0.057557,0.045000
z_0114_459.406639.png,#00ffff,4074,2.975895,0.133915,0.045000
z_0114_459.406639.png,#20b2aa,3786,2.765522,0.124449,0.045000
z_0114_459.406639.png,#32cd32,784,0.572681,0.025771,0.045000
z_0114_459.406639.png,#4363d8,751,0.548576,0.024686,0.045000
z_0114_459.406639.png,#5ac1d9,4706,3.437546,0.154690,0.045000
z_0114_459.406639.png,#800000,7731,5.647188,0.254123,0.045000
z_0114_459.406639.png,#8080ff,723,0.528123,0.023766,0.045000
z_0114_459.406639.png,#822072,1080,0.788897,0.035500,0.045000
z_0114_459.406639.png,#8a2be2,721,0.526662,0.023700,0.045000
z_0114_459.406639.png,#8b99c5,405,0.295836,0.013313,0.045000
z_0114_459.406639.png,#f58231,132,0.096421,0.004339,0.045000
z_0114_459.406639.png,#ff00ff,19956,14.577064,0.655968,0.045000
z_0114_459.406639.png,#ff4500,343,0.250548,0.011275,0.045000
z_0114_459.406639.png,#ff8000,1444,1.054785,0.047465,0.045000
z_0114_459.406639.png,#ffff00,2647,1.933528,0.087009,0.045000
z_0115_460.419087.png,#000080,2309,1.686633,0.075898,0.045000
z_0115_460.419087.png,#008000,770,0.562454,0.025310,0.045000
z_0115_460.419087.png,#00ff80,1693,1.236669,0.055650,0.045000
z_0115_460.419087.png,#00ffff,4345,3.173850,0.142823,0.045000
z_0115_460.419087.png,#20b2aa,3584,2.617969,0.117809,0.045000
z_0115_460.419087.png,#32cd32,823,0.601169,0.027053,0.045000
z_0115_460.419087.png,#4363d8,708,0.517166,0.023272,0.045000
z_0115_460.419087.png,#5ac1d9,5021,3.667641,0.165044,0.045000
z_0115_460.419087.png,#800000,6074,4.436815,0.199657,0.045000
z_0115_460.419087.png,#8080ff,761,0.555880,0.025015,0.045000
z_0115_460.419087.png,#822072,1076,0.785975,0.035369,0.045000
z_0115_460.419087.png,#8a2be2,705,0.514974,0.023174,0.045000
z_0115_460.419087.png,#8b99c5,403,0.294375,0.013247,0.045000
z_0115_460.419087.png,#f58231,109,0.079620,0.003583,0.045000
z_0115_460.419087.png,#ff00ff,18878,13.789627,0.620533,0.045000
z_0115_460.419087.png,#ff4500,391,0.285610,0.012852,0.045000
z_0115_460.419087.png,#ff8000,1561,1.140248,0.051311,0.045000
z_0115_460.419087.png,#ffff00,2536,1.852447,0.083360,0.045000
z_0116_461.431535.png,#000080,2417,1.765522,0.079449,0.045000
z_0116_461.431535.png,#008000,903,0.659606,0.029682,0.045000
z_0116_461.431535.png,#00ff80,1718,1.254931,0.056472,0.045000
z_0116_461.431535.png,#00ffff,4857,3.547845,0.159653,0.045000
z_0116_461.431535.png,#20b2aa,3628,2.650110,0.119255,0.045000
z_0116_461.431535.png,#32cd32,754,0.550767,0.024785,0.045000
z_0116_461.431535.png,#4363d8,656,0.479182,0.021563,0.045000
z_0116_461.431535.png,#5ac1d9,5303,3.873630,0.174313,0.045000
z_0116_461.431535.png,#800000,6080,4.441198,0.199854,0.045000
z_0116_461.431535.png,#8080ff,780,0.569759,0.025639,0.045000
z_0116_461.431535.png,#822072,1069,0.780862,0.035139,0.045000
z_0116_461.431535.png,#8a2be2,662,0.483565,0.021760,0.045000
z_0116_461.431535.png,#8b99c5,377,0.275383,0.012392,0.045000
z_0116_461.431535.png,#f58231,88,0.064280,0.002893,0.045000
z_0116_461.431535.png,#ff00ff,18261,13.338934,0.600252,0.045000
z_0116_461.431535.png,#ff4500,474,0.346238,0.015581,0.045000
z_0116_461.431535.png,#ff8000,1683,1.229364,0.055321,0.045000
z_0116_461.431535.png,#ffff00,2473,1.806428,0.081289,0.045000
z_0117_462.443983.png,#000080,2480,1.811541,0.081519,0.045000
z_0117_462.443983.png,#008000,952,0.695398,0.031293,0.045000
z_0117_462.443983.png,#00ff80,1734,1.266618,0.056998,0.045000
z_0117_462.443983.png,#00ffff,5265,3.845873,0.173064,0.045000
z_0117_462.443983.png,#20b2aa,3742,2.733382,0.123002,0.045000
z_0117_462.443983.png,#32cd32,751,0.548576,0.024686,0.045000
z_0117_462.443983.png,#4363d8,642,0.468955,0.021103,0.045000
z_0117_462.443983.png,#5ac1d9,5577,4.073776,0.183320,0.045000
z_0117_462.443983.png,#800000,5907,4.314828,0.194167,0.045000
z_0117_462.443983.png,#8080ff,822,0.600438,0.027020,0.045000
z_0117_462.443983.png,#822072,976,0.712929,0.032082,0.045000
z_0117_462.443983.png,#8a2be2,615,0.449233,0.020215,0.045000
z_0117_462.443983.png,#8b99c5,356,0.260044,0.011702,0.045000
z_0117_462.443983.png,#f58231,72,0.052593,0.002367,0.045000
z_0117_462.443983.png,#ff00ff,17994,13.143901,0.591476,0.045000
z_0117_462.443983.png,#ff4500,446,0.325785,0.014660,0.045000
z_0117_462.443983.png,#ff8000,1615,1.179693,0.053086,0.045000
z_0117_462.443983.png,#ffff00,2419,1.766983,0.079514,0.045000
z_0118_463.456432.png,#000080,2530,1.848064,0.083163,0.045000
z_0118_463.456432.png,#008000,1017,0.742878,0.033430,0.045000
z_0118_463.456432.png,#00ff80,1688,1.233017,0.055486,0.045000
z_0118_463.456432.png,#00ffff,5889,4.301680,0.193576,0.045000
z_0118_463.456432.png,#20b2aa,3809,2.782323,0.125205,0.045000
z_0118_463.456432.png,#32cd32,767,0.560263,0.025212,0.045000
z_0118_463.456432.png,#4363d8,607,0.443389,0.019953,0.045000
z_0118_463.456432.png,#5ac1d9,5963,4.355734,0.196008,0.045000
z_0118_463.456432.png,#800000,5564,4.064280,0.182893,0.045000
z_0118_463.456432.png,#8080ff,819,0.598247,0.026921,0.045000
z_0118_463.456432.png,#822072,775,0.566107,0.025475,0.045000
z_0118_463.456432.png,#8a2be2,613,0.447772,0.020150,0.045000
z_0118_463.456432.png,#8b99c5,337,0.246165,0.011077,0.045000
z_0118_463.456432.png,#f58231,68,0.049671,0.002235,0.045000
z_0118_463.456432.png,#ff00ff,17243,12.595325,0.566790,0.045000
z_0118_463.456432.png,#ff4500,388,0.283419,0.012754,0.045000
z_0118_463.456432.png,#ff8000,1574,1.149744,0.051738,0.045000
z_0118_463.456432.png,#ffff00,2330,1.701972,0.076589,0.045000
z_0119_464.468880.png,#000080,2560,1.869978,0.084149,0.045000
z_0119_464.468880.png,#008000,1111,0.811541,0.036519,0.045000
z_0119_464.468880.png,#00ff80,1671,1.220599,0.054927,0.045000
z_0119_464.468880.png,#00ffff,6433,4.699050,0.211457,0.045000
z_0119_464.468880.png,#20b2aa,3882,2.835646,0.127604,0.045000
z_0119_464.468880.png,#32cd32,827,0.604091,0.027184,0.045000
z_0119_464.468880.png,#4363d8,550,0.401753,0.018079,0.045000
z_0119_464.468880.png,#5ac1d9,6453,4.713660,0.212115,0.045000
z_0119_464.468880.png,#800000,5251,3.835646,0.172604,0.045000
z_0119_464.468880.png,#8080ff,835,0.609934,0.027447,0.045000
z_0119_464.468880.png,#822072,452,0.330168,0.014858,0.045000
z_0119_464.468880.png,#8a2be2,584,0.426589,0.019196,0.045000
z_0119_464.468880.png,#8b99c5,281,0.205259,0.009237,0.045000
z_0119_464.468880.png,#f58231,61,0.044558,0.002005,0.045000
z_0119_464.468880.png,#ff00ff,17022,12.433893,0.559525,0.045000
z_0119_464.468880.png,#ff4500,391,0.285610,0.012852,0.045000
z_0119_464.468880.png,#ff8000,1518,1.108839,0.049898,0.045000
z_0119_464.468880.png,#ffff00,2253,1.645727,0.074058,0.045000
z_0120_465.481328.png,#000080,2620,1.913806,0.086121,0.045000
z_0120_465.481328.png,#008000,1321,0.964938,0.043422,0.045000
z_0120_465.481328.png,#00ff80,1895,1.384222,0.062290,0.045000
z_0120_465.481328.png,#00ffff,6792,4.961286,0.223258,0.045000
z_0120_465.481328.png,#20b2aa,3874,2.829803,0.127341,0.045000
z_0120_465.481328.png,#32cd32,852,0.622352,0.028006,0.045000
z_0120_465.481328.png,#4363d8,484,0.353543,0.015909,0.045000
z_0120_465.481328.png,#5ac1d9,6742,4.924763,0.221614,0.045000
z_0120_465.481328.png,#800000,4968,3.628926,0.163302,0.045000
z_0120_465.481328.png,#8080ff,818,0.597516,0.026888,0.045000
z_0120_465.481328.png,#822072,371,0.271001,0.012195,0.045000
z_0120_465.481328.png,#8a2be2,557,0.406866,0.018309,0.045000
z_0120_465.481328.png,#8b99c5,224,0.163623,0.007363,0.045000
z_0120_465.481328.png,#f58231,69,0.050402,0.002268,0.045000
z_0120_465.481328.png,#ff00ff,16341,11.936450,0.537140,0.045000
z_0120_465.481328.png,#ff4500,432,0.315559,0.014200,0.045000
z_0120_465.481328.png,#ff8000,1631,1.191381,0.053612,0.045000
z_0120_465.481328.png,#ffff00,7438,5.433163,0.244492,0.045000
z_0121_466.493776.png,#000080,2546,1.859752,0.083689,0.045000
z_0121_466.493776.png,#008000,1453,1.061359,0.047761,0.045000
z_0121_466.493776.png,#00ff80,2285,1.669102,0.075110,0.045000
z_0121_466.493776.png,#00ffff,7052,5.151205,0.231804,0.045000
z_0121_466.493776.png,#20b2aa,3733,2.726808,0.122706,0.045000
z_0121_466.493776.png,#32cd32,864,0.631118,0.028400,0.045000
z_0121_466.493776.png,#4363d8,400,0.292184,0.013148,0.045000
z_0121_466.493776.png,#5ac1d9,1332,0.972973,0.043784,0.045000
z_0121_466.493776.png,#800000,4935,3.604821,0.162217,0.045000
z_0121_466.493776.png,#8080ff,837,0.611395,0.027513,0.045000
z_0121_466.493776.png,#822072,428,0.312637,0.014069,0.045000
z_0121_466.493776.png,#8a2be2,585,0.427319,0.019229,0.045000
z_0121_466.493776.png,#8b99c5,242,0.176771,0.007955,0.045000
z_0121_466.493776.png,#f58231,214,0.156318,0.007034,0.045000
z_0121_466.493776.png,#ff00ff,15484,11.310446,0.508970,0.045000
z_0121_466.493776.png,#ff4500,513,0.374726,0.016863,0.045000
z_0121_466.493776.png,#ff8000,1847,1.349160,0.060712,0.045000
z_0121_466.493776.png,#ffff00,7325,5.350621,0.240778,0.045000
z_0122_467.506224.png,#000080,2499,1.825420,0.082144,0.045000
z_0122_467.506224.png,#008000,1562,1.140979,0.051344,0.045000
z_0122_467.506224.png,#00ff80,2429,1.774288,0.079843,0.045000
z_0122_467.506224.png,#00ffff,7039,5.141709,0.231377,0.045000
z_0122_467.506224.png,#20b2aa,3685,2.691746,0.121129,0.045000
z_0122_467.506224.png,#32cd32,810,0.591673,0.026625,0.045000
z_0122_467.506224.png,#4363d8,373,0.272462,0.012261,0.045000
z_0122_467.506224.png,#5ac1d9,1273,0.929876,0.041844,0.045000
z_0122_467.506224.png,#800000,5161,3.769905,0.169646,0.045000
z_0122_467.506224.png,#8080ff,865,0.631848,0.028433,0.045000
z_0122_467.506224.png,#822072,443,0.323594,0.014562,0.045000
z_0122_467.506224.png,#8a2be2,609,0.444850,0.020018,0.045000
z_0122_467.506224.png,#8b99c5,242,0.176771,0.007955,0.045000
z_0122_467.506224.png,#f58231,295,0.215486,0.009697,0.045000
z_0122_467.506224.png,#ff00ff,14843,10.842221,0.487900,0.045000
z_0122_467.506224.png,#ff4500,599,0.437546,0.019690,0.045000
z_0122_467.506224.png,#ff8000,2020,1.475530,0.066399,0.045000
z_0122_467.506224.png,#ffff00,7193,5.254200,0.236439,0.045000
z_0123_468.518672.png,#000080,2402,1.754565,0.078955,0.045000
z_0123_468.518672.png,#008000,1672,1.221329,0.054960,0.045000
z_0123_468.518672.png,#00ff80,2602,1.900657,0.085530,0.045000
z_0123_468.518672.png,#00ffff,6836,4.993426,0.224704,0.045000
z_0123_468.518672.png,#20b2aa,3549,2.592403,0.116658,0.045000
z_0123_468.518672.png,#32cd32,885,0.646457,0.029091,0.045000
z_0123_468.518672.png,#4363d8,329,0.240321,0.010814,0.045000
z_0123_468.518672.png,#5ac1d9,2044,1.493061,0.067188,0.045000
z_0123_468.518672.png,#800000,5567,4.066472,0.182991,0.045000
z_0123_468.518672.png,#8080ff,830,0.606282,0.027283,0.045000
z_0123_468.518672.png,#822072,486,0.355004,0.015975,0.045000
z_0123_468.518672.png,#8a2be2,636,0.464573,0.020906,0.045000
z_0123_468.518672.png,#8b99c5,242,0.176771,0.007955,0.045000
z_0123_468.518672.png,#f58231,300,0.219138,0.009861,0.045000
z_0123_468.518672.png,#ff00ff,14486,10.581446,0.476165,0.045000
z_0123_468.518672.png,#ff4500,992,0.724617,0.032608,0.045000
z_0123_468.518672.png,#ff8000,2145,1.566837,0.070508,0.045000
z_0123_468.518672.png,#ffff00,7019,5.127100,0.230720,0.045000
z_0124_469.531120.png,#000080,2309,1.686633,0.075898,0.045000
z_0124_469.531120.png,#008000,1772,1.294375,0.058247,0.045000
z_0124_469.531120.png,#00ff80,2952,2.156318,0.097034,0.045000
z_0124_469.531120.png,#00ffff,6297,4.599708,0.206987,0.045000
z_0124_469.531120.png,#20b2aa,3249,2.373265,0.106797,0.045000
z_0124_469.531120.png,#32cd32,945,0.690285,0.031063,0.045000
z_0124_469.531120.png,#4363d8,157,0.114682,0.005161,0.045000
z_0124_469.531120.png,#5ac1d9,4070,2.972973,0.133784,0.045000
z_0124_469.531120.png,#800000,5785,4.225712,0.190157,0.045000
z_0124_469.531120.png,#8080ff,768,0.560993,0.025245,0.045000
z_0124_469.531120.png,#822072,441,0.322133,0.014496,0.045000
z_0124_469.531120.png,#8a2be2,680,0.496713,0.022352,0.045000
z_0124_469.531120.png,#8b99c5,1463,1.068663,0.048090,0.045000
z_0124_469.531120.png,#f58231,294,0.214755,0.009664,0.045000
z_0124_469.531120.png,#ff00ff,14263,10.418554,0.468835,0.045000
z_0124_469.531120.png,#ff4500,1201,0.877283,0.039478,0.045000
z_0124_469.531120.png,#ff8000,2167,1.582907,0.071231,0.045000
z_0124_469.531120.png,#ffff00,6903,5.042367,0.226907,0.045000
z_0125_470.543568.png,#000080,2151,1.571220,0.070705,0.045000
z_0125_470.543568.png,#008000,1850,1.351351,0.060811,0.045000
z_0125_470.543568.png,#00ff80,3391,2.476991,0.111465,0.045000
z_0125_470.543568.png,#00ffff,5597,4.088386,0.183977,0.045000
z_0125_470.543568.png,#20b2aa,3133,2.288532,0.102984,0.045000
z_0125_470.543568.png,#32cd32,997,0.728269,0.032772,0.045000
z_0125_470.543568.png,#4363d8,111,0.081081,0.003649,0.045000
z_0125_470.543568.png,#5ac1d9,3256,2.378378,0.107027,0.045000
z_0125_470.543568.png,#800000,6041,4.412710,0.198572,0.045000
z_0125_470.543568.png,#8080ff,555,0.405405,0.018243,0.045000
z_0125_470.543568.png,#822072,439,0.320672,0.014430,0.045000
z_0125_470.543568.png,#8a2be2,707,0.516435,0.023240,0.045000
z_0125_470.543568.png,#8b99c5,1547,1.130022,0.050851,0.045000
z_0125_470.543568.png,#f58231,253,0.184806,0.008316,0.045000
z_0125_470.543568.png,#ff00ff,13991,10.219869,0.459894,0.045000
z_0125_470.543568.png,#ff4500,1243,0.907962,0.040858,0.045000
z_0125_470.543568.png,#ff8000,2166,1.582177,0.071198,0.045000
z_0125_470.543568.png,#ffff00,6814,4.977356,0.223981,0.045000
z_0126_471.556017.png,#000080,1978,1.444850,0.065018,0.045000
z_0126_471.556017.png,#008000,2008,1.466764,0.066004,0.045000
z_0126_471.556017.png,#00ff80,3623,2.646457,0.119091,0.045000
z_0126_471.556017.png,#00ffff,5012,3.661066,0.164748,0.045000
z_0126_471.556017.png,#20b2aa,2868,2.094960,0.094273,0.045000
z_0126_471.556017.png,#32cd32,959,0.700511,0.031523,0.045000
z_0126_471.556017.png,#4363d8,72,0.052593,0.002367,0.045000
z_0126_471.556017.png,#5ac1d9,2741,2.002191,0.090099,0.045000
z_0126_471.556017.png,#800000,6318,4.615047,0.207677,0.045000
z_0126_471.556017.png,#8080ff,547,0.399562,0.017980,0.045000
z_0126_471.556017.png,#822072,338,0.246896,0.011110,0.045000
z_0126_471.556017.png,#8a2be2,781,0.570489,0.025672,0.045000
z_0126_471.556017.png,#8b99c5,1606,1.173119,0.052790,0.045000
z_0126_471.556017.png,#f58231,103,0.075237,0.003386,0.045000
z_0126_471.556017.png,#ff00ff,13155,9.609204,0.432414,0.045000
z_0126_471.556017.png,#ff4500,1320,0.964207,0.043389,0.045000
z_0126_471.556017.png,#ff8000,2116,1.545654,0.069554,0.045000
z_0126_471.556017.png,#ffff00,6688,4.885318,0.219839,0.045000
z_0127_472.568465.png,#000080,1862,1.360117,0.061205,0.045000
z_0127_472.568465.png,#008000,2200,1.607012,0.072316,0.045000
z_0127_472.568465.png,#00ff80,3871,2.827611,0.127243,0.045000
z_0127_472.568465.png,#00ffff,4596,3.357195,0.151074,0.045000
z_0127_472.568465.png,#20b2aa,2394,1.748722,0.078692,0.045000
z_0127_472.568465.png,#32cd32,889,0.649379,0.029222,0.045000
z_0127_472.568465.png,#4363d8,25,0.018262,0.000822,0.045000
z_0127_472.568465.png,#5ac1d9,2378,1.737034,0.078167,0.045000
z_0127_472.568465.png,#800000,6655,4.861213,0.218755,0.045000
z_0127_472.568465.png,#8080ff,583,0.425858,0.019164,0.045000
z_0127_472.568465.png,#822072,379,0.276844,0.012458,0.045000
z_0127_472.568465.png,#8a2be2,833,0.608473,0.027381,0.045000
z_0127_472.568465.png,#8b99c5,1575,1.150475,0.051771,0.045000
z_0127_472.568465.png,#f58231,99,0.072316,0.003254,0.045000
z_0127_472.568465.png,#ff00ff,12483,9.118335,0.410325,0.045000
z_0127_472.568465.png,#ff4500,1382,1.009496,0.045427,0.045000
z_0127_472.568465.png,#ff8000,2088,1.525201,0.068634,0.045000
z_0127_472.568465.png,#ffff00,6837,4.994156,0.224737,0.045000
z_0128_473.580913.png,#000080,1720,1.256392,0.056538,0.045000
z_0128_473.580913.png,#008000,2502,1.827611,0.082243,0.045000
z_0128_473.580913.png,#00ff80,4043,2.953251,0.132896,0.045000
z_0128_473.580913.png,#00ffff,4301,3.141709,0.141377,0.045000
z_0128_473.580913.png,#20b2aa,2102,1.535427,0.069094,0.045000
z_0128_473.580913.png,#32cd32,826,0.603360,0.027151,0.045000
z_0128_473.580913.png,#5ac1d9,2278,1.663988,0.074879,0.045000
z_0128_473.580913.png,#800000,6684,4.882396,0.219708,0.045000
z_0128_473.580913.png,#8080ff,616,0.449963,0.020248,0.045000
z_0128_473.580913.png,#822072,485,0.354273,0.015942,0.045000
z_0128_473.580913.png,#8a2be2,1022,0.746530,0.033594,0.045000
z_0128_473.580913.png,#8b99c5,1544,1.127831,0.050752,0.045000
z_0128_473.580913.png,#f58231,81,0.059167,0.002663,0.045000
z_0128_473.580913.png,#ff00ff,11968,8.742148,0.393397,0.045000
z_0128_473.580913.png,#ff4500,1326,0.968590,0.043587,0.045000
z_0128_473.580913.png,#ff8000,2121,1.549306,0.069719,0.045000
z_0128_473.580913.png,#ffff00,6752,4.932067,0.221943,0.045000
z_0129_474.593361.png,#000080,1575,1.150475,0.051771,0.045000
z_0129_474.593361.png,#008000,2714,1.982469,0.089211,0.045000
z_0129_474.593361.png,#00ff80,4178,3.051863,0.137334,0.045000
z_0129_474.593361.png,#00ffff,4245,3.100804,0.139536,0.045000
z_0129_474.593361.png,#20b2aa,1867,1.363769,0.061370,0.045000
z_0129_474.593361.png,#32cd32,741,0.541271,0.024357,0.045000
z_0129_474.593361.png,#5ac1d9,2231,1.629657,0.073335,0.045000
z_0129_474.593361.png,#800000,6822,4.983199,0.224244,0.045000
z_0129_474.593361.png,#8080ff,655,0.478451,0.021530,0.045000
z_0129_474.593361.png,#822072,607,0.443389,0.019953,0.045000
z_0129_474.593361.png,#8a2be2,1269,0.926954,0.041713,0.045000
z_0129_474.593361.png,#8b99c5,1575,1.150475,0.051771,0.045000
z_0129_474.593361.png,#f58231,62,0.045289,0.002038,0.045000
z_0129_474.593361.png,#ff00ff,11557,8.441928,0.379887,0.045000
z_0129_474.593361.png,#ff4500,1337,0.976625,0.043948,0.045000
z_0129_474.593361.png,#ff8000,2226,1.626004,0.073170,0.045000
z_0129_474.593361.png,#ffff00,6725,4.912345,0.221056,0.045000
z_0130_475.605809.png,#000080,1410,1.029949,0.046348,0.045000
z_0130_475.605809.png,#008000,2762,2.017531,0.090789,0.045000
z_0130_475.605809.png,#00ff80,4267,3.116874,0.140259,0.045000
z_0130_475.605809.png,#00ffff,4254,3.107378,0.139832,0.045000
z_0130_475.605809.png,#20b2aa,1663,1.214755,0.054664,0.045000
z_0130_475.605809.png,#32cd32,774,0.565376,0.025442,0.045000
z_0130_475.605809.png,#5ac1d9,2137,1.560993,0.070245,0.045000
z_0130_475.605809.png,#800000,4311,3.149014,0.141706,0.045000
z_0130_475.605809.png,#8080ff,673,0.491600,0.022122,0.045000
z_0130_475.605809.png,#822072,788,0.575603,0.025902,0.045000
z_0130_475.605809.png,#8a2be2,1503,1.097882,0.049405,0.045000
z_0130_475.605809.png,#8b99c5,1640,1.197955,0.053908,0.045000
z_0130_475.605809.png,#f58231,55,0.040175,0.001808,0.045000
z_0130_475.605809.png,#ff00ff,11229,8.202337,0.369105,0.045000
z_0130_475.605809.png,#ff4500,1302,0.951059,0.042798,0.045000
z_0130_475.605809.png,#ff8000,2371,1.731921,0.077936,0.045000
z_0130_475.605809.png,#ffff00,6505,4.751644,0.213824,0.045000
z_0131_476.618257.png,#000080,1287,0.940102,0.042305,0.045000
z_0131_476.618257.png,#008000,2742,2.002922,0.090131,0.045000
z_0131_476.618257.png,#00ff80,4538,3.314828,0.149167,0.045000
z_0131_476.618257.png,#00ffff,4161,3.039445,0.136775,0.045000
z_0131_476.618257.png,#20b2aa,1602,1.170197,0.052659,0.045000
z_0131_476.618257.png,#32cd32,778,0.568298,0.025573,0.045000
z_0131_476.618257.png,#5ac1d9,2022,1.476991,0.066465,0.045000
z_0131_476.618257.png,#800000,4321,3.156318,0.142034,0.045000
z_0131_476.618257.png,#8080ff,668,0.487947,0.021958,0.045000
z_0131_476.618257.png,#822072,1015,0.741417,0.033364,0.045000
z_0131_476.618257.png,#8a2be2,1537,1.122717,0.050522,0.045000
z_0131_476.618257.png,#8b99c5,1729,1.262966,0.056833,0.045000
z_0131_476.618257.png,#f58231,47,0.034332,0.001545,0.045000
z_0131_476.618257.png,#ff00ff,10838,7.916728,0.356253,0.045000
z_0131_476.618257.png,#ff4500,1179,0.861213,0.038755,0.045000
z_0131_476.618257.png,#ff8000,2501,1.826881,0.082210,0.045000
z_0131_476.618257.png,#ffff00,6427,4.694668,0.211260,0.045000
z_0132_477.630705.png,#000080,1231,0.899196,0.040464,0.045000
z_0132_477.630705.png,#008000,2618,1.912345,0.086056,0.045000
z_0132_477.630705.png,#00ff80,4784,3.494522,0.157253,0.045000
z_0132_477.630705.png,#00ffff,4130,3.016801,0.135756,0.045000
z_0132_477.630705.png,#20b2aa,1574,1.149744,0.051738,0.045000
z_0132_477.630705.png,#32cd32,808,0.590212,0.026560,0.045000
z_0132_477.630705.png,#5ac1d9,1992,1.455077,0.065478,0.045000
z_0132_477.630705.png,#800000,4141,3.024836,0.136118,0.045000
z_0132_477.630705.png,#8080ff,718,0.524470,0.023601,0.045000
z_0132_477.630705.png,#822072,1197,0.874361,0.039346,0.045000
z_0132_477.630705.png,#8a2be2,1573,1.149014,0.051706,0.045000
z_0132_477.630705.png,#8b99c5,1809,1.321402,0.059463,0.045000
z_0132_477.630705.png,#f58231,61,0.044558,0.002005,0.045000
z_0132_477.630705.png,#ff00ff,10107,7.382761,0.332224,0.045000
z_0132_477.630705.png,#ff4500,978,0.714390,0.032148,0.045000
z_0132_477.630705.png,#ff8000,2509,1.832725,0.082473,0.045000
z_0132_477.630705.png,#ffff00,6360,4.645727,0.209058,0.045000
z_0133_478.643154.png,#000080,1432,1.046019,0.047071,0.045000
z_0133_478.643154.png,#008000,2606,1.903579,0.085661,0.045000
z_0133_478.643154.png,#00ff80,4962,3.624543,0.163104,0.045000
z_0133_478.643154.png,#00ffff,3992,2.915997,0.131220,0.045000
z_0133_478.643154.png,#20b2aa,1763,1.287801,0.057951,0.045000
z_0133_478.643154.png,#32cd32,912,0.666180,0.029978,0.045000
z_0133_478.643154.png,#5ac1d9,2013,1.470416,0.066169,0.045000
z_0133_478.643154.png,#800000,3938,2.876552,0.129445,0.045000
z_0133_478.643154.png,#8080ff,773,0.564646,0.025409,0.045000
z_0133_478.643154.png,#822072,1411,1.030679,0.046381,0.045000
z_0133_478.643154.png,#8a2be2,1673,1.222060,0.054993,0.045000
z_0133_478.643154.png,#8b99c5,1723,1.258583,0.056636,0.045000
z_0133_478.643154.png,#f58231,61,0.044558,0.002005,0.045000
z_0133_478.643154.png,#ff00ff,9822,7.174580,0.322856,0.045000
z_0133_478.643154.png,#ff4500,942,0.688093,0.030964,0.045000
z_0133_478.643154.png,#ff8000,2724,1.989774,0.089540,0.045000
z_0133_478.643154.png,#ffff00,6342,4.632579,0.208466,0.045000
z_0134_479.655602.png,#000080,1852,1.352812,0.060877,0.045000
z_0134_479.655602.png,#008000,2459,1.796202,0.080829,0.045000
z_0134_479.655602.png,#00ff80,5173,3.778671,0.170040,0.045000
z_0134_479.655602.png,#00ffff,3923,2.865595,0.128952,0.045000
z_0134_479.655602.png,#20b2aa,1703,1.243974,0.055979,0.045000
z_0134_479.655602.png,#32cd32,1060,0.774288,0.034843,0.045000
z_0134_479.655602.png,#5ac1d9,2042,1.491600,0.067122,0.045000
z_0134_479.655602.png,#800000,3503,2.558802,0.115146,0.045000
z_0134_479.655602.png,#808000,3,0.002191,0.000099,0.045000
z_0134_479.655602.png,#8080ff,760,0.555150,0.024982,0.045000
z_0134_479.655602.png,#822072,345,0.252009,0.011340,0.045000
z_0134_479.655602.png,#8a2be2,1663,1.214755,0.054664,0.045000
z_0134_479.655602.png,#8b99c5,1612,1.177502,0.052988,0.045000
z_0134_479.655602.png,#f58231,72,0.052593,0.002367,0.045000
z_0134_479.655602.png,#ff00ff,9658,7.054785,0.317465,0.045000
z_0134_479.655602.png,#ff4500,870,0.635500,0.028598,0.045000
z_0134_479.655602.png,#ff8000,2968,2.168006,0.097560,0.045000
z_0134_479.655602.png,#ffff00,6314,4.612126,0.207546,0.045000
z_0135_480.668050.png,#000080,2015,1.471877,0.066234,0.045000
z_0135_480.668050.png,#008000,2500,1.826150,0.082177,0.045000
z_0135_480.668050.png,#00ff80,5224,3.815924,0.171717,0.045000
z_0135_480.668050.png,#00ffff,3928,2.869248,0.129116,0.045000
z_0135_480.668050.png,#20b2aa,1696,1.238860,0.055749,0.045000
z_0135_480.668050.png,#32cd32,1154,0.842951,0.037933,0.045000
z_0135_480.668050.png,#5ac1d9,2148,1.569028,0.070606,0.045000
z_0135_480.668050.png,#800000,5371,3.923302,0.176549,0.045000
z_0135_480.668050.png,#808000,108,0.078890,0.003550,0.045000
z_0135_480.668050.png,#8080ff,755,0.551497,0.024817,0.045000
z_0135_480.668050.png,#822072,374,0.273192,0.012294,0.045000
z_0135_480.668050.png,#8a2be2,1735,1.267348,0.057031,0.045000
z_0135_480.668050.png,#8b99c5,1577,1.151936,0.051837,0.045000
z_0135_480.668050.png,#f58231,79,0.057706,0.002597,0.045000
z_0135_480.668050.png,#ff00ff,9943,7.262966,0.326833,0.045000
z_0135_480.668050.png,#ff4500,795,0.580716,0.026132,0.045000
z_0135_480.668050.png,#ff8000,3321,2.425858,0.109164,0.045000
z_0135_480.668050.png,#ffff00,6336,4.628196,0.208269,0.045000
z_0136_481.680498.png,#000080,2099,1.533236,0.068996,0.045000
z_0136_481.680498.png,#008000,2443,1.784514,0.080303,0.045000
z_0136_481.680498.png,#00ff80,5084,3.713660,0.167115,0.045000
z_0136_481.680498.png,#00ffff,4005,2.925493,0.131647,0.045000
z_0136_481.680498.png,#20b2aa,1573,1.149014,0.051706,0.045000
z_0136_481.680498.png,#32cd32,1249,0.912345,0.041056,0.045000
z_0136_481.680498.png,#5ac1d9,2317,1.692476,0.076161,0.045000
z_0136_481.680498.png,#800000,2600,1.899196,0.085464,0.045000
z_0136_481.680498.png,#808000,662,0.483565,0.021760,0.045000
z_0136_481.680498.png,#8080ff,732,0.534697,0.024061,0.045000
z_0136_481.680498.png,#822072,449,0.327977,0.014759,0.045000
z_0136_481.680498.png,#8a2be2,1866,1.363039,0.061337,0.045000
z_0136_481.680498.png,#8b99c5,1372,1.002191,0.045099,0.045000
z_0136_481.680498.png,#f58231,111,0.081081,0.003649,0.045000
z_0136_481.680498.png,#ff00ff,10080,7.363039,0.331337,0.045000
z_0136_481.680498.png,#ff4500,646,0.471877,0.021234,0.045000
z_0136_481.680498.png,#ff8000,3548,2.591673,0.116625,0.045000
z_0136_481.680498.png,#ffff00,6401,4.675676,0.210405,0.045000
z_0137_482.692946.png,#000080,2124,1.551497,0.069817,0.045000
z_0137_482.692946.png,#008000,2405,1.756757,0.079054,0.045000
z_0137_482.692946.png,#00ff80,5058,3.694668,0.166260,0.045000
z_0137_482.692946.png,#00ffff,4183,3.055515,0.137498,0.045000
z_0137_482.692946.png,#20b2aa,1403,1.024836,0.046118,0.045000
z_0137_482.692946.png,#32cd32,1291,0.943024,0.042436,0.045000
z_0137_482.692946.png,#5ac1d9,2444,1.785245,0.080336,0.045000
z_0137_482.692946.png,#800000,4179,3.052593,0.137367,0.045000
z_0137_482.692946.png,#808000,1202,0.878013,0.039511,0.045000
z_0137_482.692946.png,#8080ff,917,0.669832,0.030142,0.045000
z_0137_482.692946.png,#822072,581,0.424397,0.019098,0.045000
z_0137_482.692946.png,#8a2be2,1930,1.409788,0.063440,0.045000
z_0137_482.692946.png,#8b99c5,1090,0.796202,0.035829,0.045000
z_0137_482.692946.png,#f58231,151,0.110299,0.004963,0.045000
z_0137_482.692946.png,#ff00ff,9908,7.237400,0.325683,0.045000
z_0137_482.692946.png,#ff4500,555,0.405405,0.018243,0.045000
z_0137_482.692946.png,#ff8000,3746,2.736304,0.123134,0.045000
z_0137_482.692946.png,#ffff00,6425,4.693207,0.211194,0.045000
z_0138_483.705394.png,#000080,1985,1.449963,0.065248,0.045000
z_0138_483.705394.png,#008000,2509,1.832725,0.082473,0.045000
z_0138_483.705394.png,#00ff80,4912,3.588020,0.161461,0.045000
z_0138_483.705394.png,#00ffff,4463,3.260044,0.146702,0.045000
z_0138_483.705394.png,#20b2aa,1109,0.810080,0.036454,0.045000
z_0138_483.705394.png,#32cd32,1360,0.993426,0.044704,0.045000
z_0138_483.705394.png,#5ac1d9,2497,1.823959,0.082078,0.045000
z_0138_483.705394.png,#800000,3888,2.840029,0.127801,0.045000
z_0138_483.705394.png,#808000,1648,1.203798,0.054171,0.045000
z_0138_483.705394.png,#8080ff,1088,0.794741,0.035763,0.045000
z_0138_483.705394.png,#822072,2985,2.180424,0.098119,0.045000
z_0138_483.705394.png,#8a2be2,1987,1.451424,0.065314,0.045000
z_0138_483.705394.png,#8b99c5,935,0.682980,0.030734,0.045000
z_0138_483.705394.png,#f58231,164,0.119795,0.005391,0.045000
z_0138_483.705394.png,#ff00ff,10041,7.334551,0.330055,0.045000
z_0138_483.705394.png,#ff4500,502,0.366691,0.016501,0.045000
z_0138_483.705394.png,#ff8000,3629,2.650840,0.119288,0.045000
z_0138_483.705394.png,#ffff00,6421,4.690285,0.211063,0.045000
z_0139_484.717842.png,#000080,1781,1.300950,0.058543,0.045000
z_0139_484.717842.png,#008000,2353,1.718773,0.077345,0.045000
z_0139_484.717842.png,#00ff80,4742,3.463842,0.155873,0.045000
z_0139_484.717842.png,#00ffff,4771,3.485026,0.156826,0.045000
z_0139_484.717842.png,#20b2aa,992,0.724617,0.032608,0.045000
z_0139_484.717842.png,#32cd32,1423,1.039445,0.046775,0.045000
z_0139_484.717842.png,#5ac1d9,2794,2.040906,0.091841,0.045000
z_0139_484.717842.png,#800000,6767,4.943024,0.222436,0.045000
z_0139_484.717842.png,#808000,1900,1.387874,0.062454,0.045000
z_0139_484.717842.png,#8080ff,1339,0.978086,0.044014,0.045000
z_0139_484.717842.png,#822072,3033,2.215486,0.099697,0.045000
z_0139_484.717842.png,#8a2be2,2115,1.544923,0.069522,0.045000
z_0139_484.717842.png,#8b99c5,887,0.647918,0.029156,0.045000
z_0139_484.717842.png,#f58231,172,0.125639,0.005654,0.045000
z_0139_484.717842.png,#ff00ff,9912,7.240321,0.325814,0.045000
z_0139_484.717842.png,#ff4500,512,0.373996,0.016830,0.045000
z_0139_484.717842.png,#ff8000,3256,2.378378,0.107027,0.045000
z_0139_484.717842.png,#ffff00,6233,4.552958,0.204883,0.045000
z_0140_485.730290.png,#000080,1492,1.089847,0.049043,0.045000
z_0140_485.730290.png,#008000,2416,1.764792,0.079416,0.045000
z_0140_485.730290.png,#00ff80,4642,3.390796,0.152586,0.045000
z_0140_485.730290.png,#00ffff,4853,3.544923,0.159522,0.045000
z_0140_485.730290.png,#20b2aa,946,0.691015,0.031096,0.045000
z_0140_485.730290.png,#32cd32,1300,0.949598,0.042732,0.045000
z_0140_485.730290.png,#5ac1d9,2794,2.040906,0.091841,0.045000
z_0140_485.730290.png,#800000,6399,4.674215,0.210340,0.045000
z_0140_485.730290.png,#808000,2207,1.612126,0.072546,0.045000
z_0140_485.730290.png,#8080ff,1666,1.216947,0.054763,0.045000
z_0140_485.730290.png,#822072,2798,2.043828,0.091972,0.045000
z_0140_485.730290.png,#8a2be2,2197,1.604821,0.072217,0.045000
z_0140_485.730290.png,#8b99c5,706,0.515705,0.023207,0.045000
z_0140_485.730290.png,#f58231,176,0.128561,0.005785,0.045000
z_0140_485.730290.png,#ff00ff,9872,7.211103,0.324500,0.045000
z_0140_485.730290.png,#ff4500,504,0.368152,0.016567,0.045000
z_0140_485.730290.png,#ff8000,3115,2.275383,0.102392,0.045000
z_0140_485.730290.png,#ffff00,6040,4.411980,0.198539,0.045000
z_0141_486.742739.png,#000080,1176,0.859021,0.038656,0.045000
z_0141_486.742739.png,#008000,2215,1.617969,0.072809,0.045000
z_0141_486.742739.png,#00ff80,4464,3.260774,0.146735,0.045000
z_0141_486.742739.png,#00ffff,5075,3.707085,0.166819,0.045000
z_0141_486.742739.png,#20b2aa,876,0.639883,0.028795,0.045000
z_0141_486.742739.png,#32cd32,1162,0.848795,0.038196,0.045000
z_0141_486.742739.png,#5ac1d9,2775,2.027027,0.091216,0.045000
z_0141_486.742739.png,#800000,6252,4.566837,0.205508,0.045000
z_0141_486.742739.png,#808000,2468,1.802776,0.081125,0.045000
z_0141_486.742739.png,#8080ff,1942,1.418554,0.063835,0.045000
z_0141_486.742739.png,#822072,2712,1.981008,0.089145,0.045000
z_0141_486.742739.png,#8a2be2,2352,1.718042,0.077312,0.045000
z_0141_486.742739.png,#8b99c5,583,0.425858,0.019164,0.045000
z_0141_486.742739.png,#f58231,172,0.125639,0.005654,0.045000
z_0141_486.742739.png,#ff00ff,9840,7.187728,0.323448,0.045000
z_0141_486.742739.png,#ff4500,506,0.369613,0.016633,0.045000
z_0141_486.742739.png,#ff8000,3015,2.202337,0.099105,0.045000
z_0141_486.742739.png,#ffff00,5897,4.307524,0.193839,0.045000
z_0142_487.755187.png,#000080,1144,0.835646,0.037604,0.045000
z_0142_487.755187.png,#008000,2172,1.586560,0.071395,0.045000
z_0142_487.755187.png,#00ff80,4228,3.088386,0.138977,0.045000
z_0142_487.755187.png,#00ffff,5136,3.751644,0.168824,0.045000
z_0142_487.755187.png,#20b2aa,867,0.633309,0.028499,0.045000
z_0142_487.755187.png,#32cd32,1091,0.796932,0.035862,0.045000
z_0142_487.755187.png,#5ac1d9,2702,1.973703,0.088817,0.045000
z_0142_487.755187.png,#800000,6260,4.572681,0.205771,0.045000
z_0142_487.755187.png,#808000,2819,2.059167,0.092663,0.045000
z_0142_487.755187.png,#8080ff,2140,1.563185,0.070343,0.045000
z_0142_487.755187.png,#822072,2504,1.829072,0.082308,0.045000
z_0142_487.755187.png,#8a2be2,2312,1.688824,0.075997,0.045000
z_0142_487.755187.png,#8b99c5,459,0.335281,0.015088,0.045000
z_0142_487.755187.png,#f58231,162,0.118335,0.005325,0.045000
z_0142_487.755187.png,#ff00ff,9970,7.282688,0.327721,0.045000
z_0142_487.755187.png,#ff4500,451,0.329438,0.014825,0.045000
z_0142_487.755187.png,#ff8000,2927,2.138057,0.096213,0.045000
z_0142_487.755187.png,#ffff00,5661,4.135135,0.186081,0.045000
z_0143_488.767635.png,#000080,1092,0.797663,0.035895,0.045000
z_0143_488.767635.png,#008000,2179,1.591673,0.071625,0.045000
z_0143_488.767635.png,#00ff80,3970,2.899927,0.130497,0.045000
z_0143_488.767635.png,#00ffff,5367,3.920380,0.176417,0.045000
z_0143_488.767635.png,#20b2aa,918,0.670562,0.030175,0.045000
z_0143_488.767635.png,#32cd32,1091,0.796932,0.035862,0.045000
z_0143_488.767635.png,#5ac1d9,2598,1.897736,0.085398,0.045000
z_0143_488.767635.png,#800000,6451,4.712199,0.212049,0.045000
z_0143_488.767635.png,#808000,3196,2.334551,0.105055,0.045000
z_0143_488.767635.png,#8080ff,2324,1.697589,0.076392,0.045000
z_0143_488.767635.png,#822072,2389,1.745069,0.078528,0.045000
z_0143_488.767635.png,#8a2be2,2265,1.654492,0.074452,0.045000
z_0143_488.767635.png,#8b99c5,418,0.305332,0.013740,0.045000
z_0143_488.767635.png,#f58231,154,0.112491,0.005062,0.045000
z_0143_488.767635.png,#ff00ff,10292,7.517896,0.338305,0.045000
z_0143_488.767635.png,#ff4500,467,0.341125,0.015351,0.045000
z_0143_488.767635.png,#ff8000,3042,2.222060,0.099993,0.045000
z_0143_488.767635.png,#ffff00,5462,3.989774,0.179540,0.045000
z_0144_489.780083.png,#000080,1005,0.734112,0.033035,0.045000
z_0144_489.780083.png,#008000,2314,1.690285,0.076063,0.045000
z_0144_489.780083.png,#00ff80,3550,2.593134,0.116691,0.045000
z_0144_489.780083.png,#00ffff,5562,4.062820,0.182827,0.045000
z_0144_489.780083.png,#20b2aa,923,0.674215,0.030340,0.045000
z_0144_489.780083.png,#32cd32,1017,0.742878,0.033430,0.045000
z_0144_489.780083.png,#5ac1d9,2333,1.704164,0.076687,0.045000
z_0144_489.780083.png,#800000,6829,4.988313,0.224474,0.045000
z_0144_489.780083.png,#808000,3586,2.619430,0.117874,0.045000
z_0144_489.780083.png,#8080ff,2487,1.816654,0.081749,0.045000
z_0144_489.780083.png,#822072,1885,1.376917,0.061961,0.045000
z_0144_489.780083.png,#8a2be2,2320,1.694668,0.076260,0.045000
z_0144_489.780083.png,#8b99c5,401,0.292915,0.013181,0.045000
z_0144_489.780083.png,#f58231,125,0.091308,0.004109,0.045000
z_0144_489.780083.png,#ff00ff,10260,7.494522,0.337253,0.045000
z_0144_489.780083.png,#ff4500,635,0.463842,0.020873,0.045000
z_0144_489.780083.png,#ff8000,2997,2.189189,0.098514,0.045000
z_0144_489.780083.png,#ffff00,5317,3.883857,0.174774,0.045000
z_0145_490.792531.png,#000080,937,0.684441,0.030800,0.045000
z_0145_490.792531.png,#008000,2424,1.770636,0.079679,0.045000
z_0145_490.792531.png,#00ff80,3159,2.307524,0.103839,0.045000
z_0145_490.792531.png,#00ffff,5702,4.165084,0.187429,0.045000
z_0145_490.792531.png,#20b2aa,906,0.661797,0.029781,0.045000
z_0145_490.792531.png,#32cd32,989,0.722425,0.032509,0.045000
z_0145_490.792531.png,#5ac1d9,2364,1.726808,0.077706,0.045000
z_0145_490.792531.png,#800000,7549,5.514244,0.248141,0.045000
z_0145_490.792531.png,#808000,3892,2.842951,0.127933,0.045000
z_0145_490.792531.png,#8080ff,2503,1.828342,0.082275,0.045000
z_0145_490.792531.png,#822072,1398,1.021183,0.045953,0.045000
z_0145_490.792531.png,#8a2be2,2374,1.734112,0.078035,0.045000
z_0145_490.792531.png,#8b99c5,367,0.268079,0.012064,0.045000
z_0145_490.792531.png,#f58231,133,0.097151,0.004372,0.045000
z_0145_490.792531.png,#ff00ff,10553,7.708546,0.346885,0.045000
z_0145_490.792531.png,#ff4500,795,0.580716,0.026132,0.045000
z_0145_490.792531.png,#ff8000,2917,2.130752,0.095884,0.045000
z_0145_490.792531.png,#ffff00,5306,3.875822,0.174412,0.045000
z_0146_491.804979.png,#000080,923,0.674215,0.030340,0.045000
z_0146_491.804979.png,#008000,2547,1.860482,0.083722,0.045000
z_0146_491.804979.png,#00ff80,2820,2.059898,0.092695,0.045000
z_0146_491.804979.png,#00ffff,5569,4.067933,0.183057,0.045000
z_0146_491.804979.png,#20b2aa,897,0.655223,0.029485,0.045000
z_0146_491.804979.png,#32cd32,930,0.679328,0.030570,0.045000
z_0146_491.804979.png,#5ac1d9,2401,1.753835,0.078923,0.045000
z_0146_491.804979.png,#800000,8036,5.869978,0.264149,0.045000
z_0146_491.804979.png,#808000,4280,3.126370,0.140687,0.045000
z_0146_491.804979.png,#8080ff,2468,1.802776,0.081125,0.045000
z_0146_491.804979.png,#822072,1187,0.867056,0.039018,0.045000
z_0146_491.804979.png,#8a2be2,2426,1.772096,0.079744,0.045000
z_0146_491.804979.png,#8b99c5,368,0.268809,0.012096,0.045000
z_0146_491.804979.png,#f58231,134,0.097882,0.004405,0.045000
z_0146_491.804979.png,#ff00ff,10767,7.864865,0.353919,0.045000
z_0146_491.804979.png,#ff4500,1004,0.733382,0.033002,0.045000
z_0146_491.804979.png,#ff8000,2652,1.937180,0.087173,0.045000
z_0146_491.804979.png,#ffff00,5241,3.828342,0.172275,0.045000
z_0147_492.817427.png,#000080,921,0.672754,0.030274,0.045000
z_0147_492.817427.png,#008000,2566,1.874361,0.084346,0.045000
z_0147_492.817427.png,#00ff80,2819,2.059167,0.092663,0.045000
z_0147_492.817427.png,#00ffff,5585,4.079620,0.183583,0.045000
z_0147_492.817427.png,#20b2aa,901,0.658145,0.029617,0.045000
z_0147_492.817427.png,#32cd32,931,0.680058,0.030603,0.045000
z_0147_492.817427.png,#5ac1d9,2386,1.742878,0.078430,0.045000
z_0147_492.817427.png,#800000,8017,5.856099,0.263524,0.045000
z_0147_492.817427.png,#808000,4278,3.124909,0.140621,0.045000
z_0147_492.817427.png,#8080ff,2480,1.811541,0.081519,0.045000
z_0147_492.817427.png,#822072,1184,0.864865,0.038919,0.045000
z_0147_492.817427.png,#8a2be2,2410,1.760409,0.079218,0.045000
z_0147_492.817427.png,#8b99c5,368,0.268809,0.012096,0.045000
z_0147_492.817427.png,#f58231,132,0.096421,0.004339,0.045000
z_0147_492.817427.png,#ff00ff,10802,7.890431,0.355069,0.045000
z_0147_492.817427.png,#ff4500,1019,0.744339,0.033495,0.045000
z_0147_492.817427.png,#ff8000,2653,1.937911,0.087206,0.045000
z_0147_492.817427.png,#ffff00,5242,3.829072,0.172308,0.045000
z_0148_493.829876.png,#000080,753,0.550037,0.024752,0.045000
z_0148_493.829876.png,#008000,3099,2.263696,0.101866,0.045000
z_0148_493.829876.png,#00ff80,2490,1.818846,0.081848,0.045000
z_0148_493.829876.png,#00ffff,5174,3.779401,0.170073,0.045000
z_0148_493.829876.png,#20b2aa,619,0.452155,0.020347,0.045000
z_0148_493.829876.png,#32cd32,853,0.623083,0.028039,0.045000
z_0148_493.829876.png,#5ac1d9,2162,1.579255,0.071066,0.045000
z_0148_493.829876.png,#800000,10380,7.582177,0.341198,0.045000
z_0148_493.829876.png,#808000,559,0.408327,0.018375,0.045000
z_0148_493.829876.png,#8080ff,2356,1.720964,0.077443,0.045000
z_0148_493.829876.png,#822072,1210,0.883857,0.039774,0.045000
z_0148_493.829876.png,#8a2be2,2404,1.756026,0.079021,0.045000
z_0148_493.829876.png,#8b99c5,317,0.231556,0.010420,0.045000
z_0148_493.829876.png,#f58231,95,0.069394,0.003123,0.045000
z_0148_493.829876.png,#ff00ff,11376,8.309715,0.373937,0.045000
z_0148_493.829876.png,#ff4500,1386,1.012418,0.045559,0.045000
z_0148_493.829876.png,#ff8000,1632,1.192111,0.053645,0.045000
z_0148_493.829876.png,#ffff00,4915,3.590212,0.161560,0.045000
z_0149_494.842324.png,#000080,867,0.633309,0.028499,0.045000
z_0149_494.842324.png,#008000,4637,3.387144,0.152421,0.045000
z_0149_494.842324.png,#00ff80,2489,1.818115,0.081815,0.045000
z_0149_494.842324.png,#00ffff,4970,3.630387,0.163367,0.045000
z_0149_494.842324.png,#20b2aa,254,0.185537,0.008349,0.045000
z_0149_494.842324.png,#32cd32,808,0.590212,0.026560,0.045000
z_0149_494.842324.png,#5ac1d9,2104,1.536888,0.069160,0.045000
z_0149_494.842324.png,#800000,11127,8.127831,0.365752,0.045000
z_0149_494.842324.png,#808000,730,0.533236,0.023996,0.045000
z_0149_494.842324.png,#8080ff,2176,1.589481,0.071527,0.045000
z_0149_494.842324.png,#822072,1259,0.919649,0.041384,0.045000
z_0149_494.842324.png,#8a2be2,2281,1.666180,0.074978,0.045000
z_0149_494.842324.png,#8b99c5,297,0.216947,0.009763,0.045000
z_0149_494.842324.png,#f58231,88,0.064280,0.002893,0.045000
z_0149_494.842324.png,#ff00ff,11184,8.169467,0.367626,0.045000
z_0149_494.842324.png,#ff4500,1620,1.183346,0.053251,0.045000
z_0149_494.842324.png,#ff8000,1350,0.986121,0.044375,0.045000
z_0149_494.842324.png,#ffff00,4810,3.513514,0.158108,0.045000
z_0150_495.854772.png,#000080,874,0.638422,0.028729,0.045000
z_0150_495.854772.png,#008000,4636,3.386413,0.152389,0.045000
z_0150_495.854772.png,#00ff80,2492,1.820307,0.081914,0.045000
z_0150_495.854772.png,#00ffff,4983,3.639883,0.163795,0.045000
z_0150_495.854772.png,#20b2aa,257,0.187728,0.008448,0.045000
z_0150_495.854772.png,#32cd32,804,0.587290,0.026428,0.045000
z_0150_495.854772.png,#5ac1d9,2100,1.533966,0.069028,0.045000
z_0150_495.854772.png,#800000,11141,8.138057,0.366213,0.045000
z_0150_495.854772.png,#808000,726,0.530314,0.023864,0.045000
z_0150_495.854772.png,#8080ff,2179,1.591673,0.071625,0.045000
z_0150_495.854772.png,#822072,1254,0.915997,0.041220,0.045000
z_0150_495.854772.png,#8a2be2,2276,1.662527,0.074814,0.045000
z_0150_495.854772.png,#8b99c5,284,0.207451,0.009335,0.045000
z_0150_495.854772.png,#f58231,89,0.065011,0.002925,0.045000
z_0150_495.854772.png,#ff00ff,11157,8.149744,0.366738,0.045000
z_0150_495.854772.png,#ff4500,1629,1.189920,0.053546,0.045000
z_0150_495.854772.png,#ff8000,1347,0.983930,0.044277,0.045000
z_0150_495.854772.png,#ffff00,4825,3.524470,0.158601,0.045000
z_0151_496.867220.png,#000080,1076,0.785975,0.035369,0.045000
z_0151_496.867220.png,#008000,4204,3.070855,0.138188,0.045000
z_0151_496.867220.png,#00ff80,2131,1.556611,0.070047,0.045000
z_0151_496.867220.png,#00ffff,4588,3.351351,0.150811,0.045000
z_0151_496.867220.png,#20b2aa,381,0.278305,0.012524,0.045000
z_0151_496.867220.png,#32cd32,597,0.436085,0.019624,0.045000
z_0151_496.867220.png,#5ac1d9,2248,1.642075,0.073893,0.045000
z_0151_496.867220.png,#800000,3776,2.758218,0.124120,0.045000
z_0151_496.867220.png,#808000,343,0.250548,0.011275,0.045000
z_0151_496.867220.png,#8080ff,1757,1.283419,0.057754,0.045000
z_0151_496.867220.png,#822072,1080,0.788897,0.035500,0.045000
z_0151_496.867220.png,#8a2be2,2087,1.524470,0.068601,0.045000
z_0151_496.867220.png,#8b99c5,325,0.237400,0.010683,0.045000
z_0151_496.867220.png,#f58231,72,0.052593,0.002367,0.045000
z_0151_496.867220.png,#ff00ff,12076,8.821037,0.396947,0.045000
z_0151_496.867220.png,#ff4500,2211,1.615047,0.072677,0.045000
z_0151_496.867220.png,#ff8000,1220,0.891161,0.040102,0.045000
z_0151_496.867220.png,#ffff00,4449,3.249817,0.146242,0.045000
z_0152_497.879668.png,#000080,1076,0.785975,0.035369,0.045000
z_0152_497.879668.png,#008000,4214,3.078159,0.138517,0.045000
z_0152_497.879668.png,#00ff80,2148,1.569028,0.070606,0.045000
z_0152_497.879668.png,#00ffff,4594,3.355734,0.151008,0.045000
z_0152_497.879668.png,#20b2aa,383,0.279766,0.012589,0.045000
z_0152_497.879668.png,#32cd32,598,0.436815,0.019657,0.045000
z_0152_497.879668.png,#5ac1d9,2240,1.636231,0.073630,0.045000
z_0152_497.879668.png,#800000,3763,2.748722,0.123692,0.045000
z_0152_497.879668.png,#808000,340,0.248356,0.011176,0.045000
z_0152_497.879668.png,#8080ff,1754,1.281227,0.057655,0.045000
z_0152_497.879668.png,#822072,1075,0.785245,0.035336,0.045000
z_0152_497.879668.png,#8a2be2,2097,1.531775,0.068930,0.045000
z_0152_497.879668.png,#8b99c5,331,0.241782,0.010880,0.045000
z_0152_497.879668.png,#f58231,74,0.054054,0.002432,0.045000
z_0152_497.879668.png,#ff00ff,12131,8.861213,0.398755,0.045000
z_0152_497.879668.png,#ff4500,2229,1.628196,0.073269,0.045000
z_0152_497.879668.png,#ff8000,1210,0.883857,0.039774,0.045000
z_0152_497.879668.png,#ffff00,4466,3.262235,0.146801,0.045000
z_0153_498.892116.png,#000080,1092,0.797663,0.035895,0.045000
z_0153_498.892116.png,#008000,4142,3.025566,0.136150,0.045000
z_0153_498.892116.png,#00ff80,2447,1.787436,0.080435,0.045000
z_0153_498.892116.png,#00ffff,4897,3.577064,0.160968,0.045000
z_0153_498.892116.png,#20b2aa,421,0.307524,0.013839,0.045000
z_0153_498.892116.png,#32cd32,459,0.335281,0.015088,0.045000
z_0153_498.892116.png,#5ac1d9,2335,1.705625,0.076753,0.045000
z_0153_498.892116.png,#800000,3727,2.722425,0.122509,0.045000
z_0153_498.892116.png,#808000,1257,0.918188,0.041318,0.045000
z_0153_498.892116.png,#8080ff,1835,1.340394,0.060318,0.045000
z_0153_498.892116.png,#822072,1081,0.789627,0.035533,0.045000
z_0153_498.892116.png,#8a2be2,2096,1.531045,0.068897,0.045000
z_0153_498.892116.png,#8b99c5,158,0.115413,0.005194,0.045000
z_0153_498.892116.png,#f58231,83,0.060628,0.002728,0.045000
z_0153_498.892116.png,#ff00ff,12118,8.851717,0.398327,0.045000
z_0153_498.892116.png,#ff4500,2381,1.739226,0.078265,0.045000
z_0153_498.892116.png,#ff8000,1058,0.772827,0.034777,0.045000
z_0153_498.892116.png,#ffff00,4343,3.172389,0.142757,0.045000
z_0154_499.904564.png,#000080,982,0.717312,0.032279,0.045000
z_0154_499.904564.png,#008000,4102,2.996348,0.134836,0.045000
z_0154_499.904564.png,#00ff80,2777,2.028488,0.091282,0.045000
z_0154_499.904564.png,#00ffff,5494,4.013148,0.180592,0.045000
z_0154_499.904564.png,#20b2aa,465,0.339664,0.015285,0.045000
z_0154_499.904564.png,#32cd32,393,0.287071,0.012918,0.045000
z_0154_499.904564.png,#5ac1d9,2318,1.693207,0.076194,0.045000
z_0154_499.904564.png,#800000,3463,2.529584,0.113831,0.045000
z_0154_499.904564.png,#808000,1281,0.935720,0.042107,0.045000
z_0154_499.904564.png,#8080ff,1883,1.375457,0.061896,0.045000
z_0154_499.904564.png,#822072,1088,0.794741,0.035763,0.045000
z_0154_499.904564.png,#8a2be2,2138,1.561724,0.070278,0.045000
z_0154_499.904564.png,#8b99c5,116,0.084733,0.003813,0.045000
z_0154_499.904564.png,#f58231,83,0.060628,0.002728,0.045000
z_0154_499.904564.png,#ff00ff,12366,9.032871,0.406479,0.045000
z_0154_499.904564.png,#ff4500,2498,1.824690,0.082111,0.045000
z_0154_499.904564.png,#ff8000,1053,0.769175,0.034613,0.045000
z_0154_499.904564.png,#ffff00,4266,3.116143,0.140226,0.045000
z_0155_500.917012.png,#000080,922,0.673484,0.030307,0.045000
z_0155_500.917012.png,#008000,4083,2.982469,0.134211,0.045000
z_0155_500.917012.png,#00ff80,2890,2.111030,0.094996,0.045000
z_0155_500.917012.png,#00ffff,6010,4.390066,0.197553,0.045000
z_0155_500.917012.png,#20b2aa,402,0.293645,0.013214,0.045000
z_0155_500.917012.png,#32cd32,403,0.294375,0.013247,0.045000
z_0155_500.917012.png,#5ac1d9,2339,1.708546,0.076885,0.045000
z_0155_500.917012.png,#800000,3582,2.616508,0.117743,0.045000
z_0155_500.917012.png,#808000,1221,0.891892,0.040135,0.045000
z_0155_500.917012.png,#8080ff,1889,1.379839,0.062093,0.045000
z_0155_500.917012.png,#822072,1071,0.782323,0.035205,0.045000
z_0155_500.917012.png,#8a2be2,2000,1.460920,0.065741,0.045000
z_0155_500.917012.png,#8b99c5,98,0.071585,0.003221,0.045000
z_0155_500.917012.png,#f58231,75,0.054785,0.002465,0.045000
z_0155_500.917012.png,#ff00ff,12171,8.890431,0.400069,0.045000
z_0155_500.917012.png,#ff4500,2570,1.877283,0.084478,0.045000
z_0155_500.917012.png,#ff8000,1054,0.769905,0.034646,0.045000
z_0155_500.917012.png,#ffff00,4262,3.113221,0.140095,0.045000
z_0156_501.929461.png,#000080,1063,0.776479,0.034942,0.045000
z_0156_501.929461.png,#008000,3930,2.870709,0.129182,0.045000
z_0156_501.929461.png,#00ff80,3193,2.332359,0.104956,0.045000
z_0156_501.929461.png,#00ffff,6602,4.822498,0.217012,0.045000
z_0156_501.929461.png,#20b2aa,337,0.246165,0.011077,0.045000
z_0156_501.929461.png,#32cd32,237,0.173119,0.007790,0.045000
z_0156_501.929461.png,#5ac1d9,2193,1.601899,0.072085,0.045000
z_0156_501.929461.png,#800000,3626,2.648649,0.119189,0.045000
z_0156_501.929461.png,#808000,1410,1.029949,0.046348,0.045000
z_0156_501.929461.png,#8080ff,1842,1.345508,0.060548,0.045000
z_0156_501.929461.png,#822072,1066,0.778671,0.035040,0.045000
z_0156_501.929461.png,#8a2be2,2344,1.712199,0.077049,0.045000
z_0156_501.929461.png,#8b99c5,76,0.055515,0.002498,0.045000
z_0156_501.929461.png,#f58231,86,0.062820,0.002827,0.045000
z_0156_501.929461.png,#ff00ff,12397,9.055515,0.407498,0.045000
z_0156_501.929461.png,#ff4500,2408,1.758948,0.079153,0.045000
z_0156_501.929461.png,#ff8000,1077,0.786706,0.035402,0.045000
z_0156_501.929461.png,#ffff00,4058,2.964207,0.133389,0.045000
z_0157_502.941909.png,#000080,1228,0.897005,0.040365,0.045000
z_0157_502.941909.png,#008000,3745,2.735573,0.123101,0.045000
z_0157_502.941909.png,#00ff80,3314,2.420745,0.108934,0.045000
z_0157_502.941909.png,#00ffff,6998,5.111760,0.230029,0.045000
z_0157_502.941909.png,#20b2aa,311,0.227173,0.010223,0.045000
z_0157_502.941909.png,#32cd32,133,0.097151,0.004372,0.045000
z_0157_502.941909.png,#5ac1d9,2012,1.469686,0.066136,0.045000
z_0157_502.941909.png,#800000,3455,2.523740,0.113568,0.045000
z_0157_502.941909.png,#808000,5352,3.909423,0.175924,0.045000
z_0157_502.941909.png,#8080ff,1783,1.302411,0.058608,0.045000
z_0157_502.941909.png,#822072,1110,0.810811,0.036486,0.045000
z_0157_502.941909.png,#8a2be2,1991,1.454346,0.065446,0.045000
z_0157_502.941909.png,#8b99c5,104,0.075968,0.003419,0.045000
z_0157_502.941909.png,#f58231,98,0.071585,0.003221,0.045000
z_0157_502.941909.png,#ff00ff,12322,9.000730,0.405033,0.045000
z_0157_502.941909.png,#ff4500,2387,1.743608,0.078462,0.045000
z_0157_502.941909.png,#ff8000,1212,0.885318,0.039839,0.045000
z_0157_502.941909.png,#ffff00,3901,2.849525,0.128229,0.045000
z_0158_503.954357.png,#000080,1528,1.116143,0.050226,0.045000
z_0158_503.954357.png,#008000,3571,2.608473,0.117381,0.045000
z_0158_503.954357.png,#00ff80,3390,2.476260,0.111432,0.045000
z_0158_503.954357.png,#00ffff,7292,5.326516,0.239693,0.045000
z_0158_503.954357.png,#20b2aa,347,0.253470,0.011406,0.045000
z_0158_503.954357.png,#32cd32,83,0.060628,0.002728,0.045000
z_0158_503.954357.png,#4363d8,26,0.018992,0.000855,0.045000
z_0158_503.954357.png,#5ac1d9,1955,1.428050,0.064262,0.045000
z_0158_503.954357.png,#800000,3525,2.574872,0.115869,0.045000
z_0158_503.954357.png,#808000,5104,3.728269,0.167772,0.045000
z_0158_503.954357.png,#8080ff,1756,1.282688,0.057721,0.045000
z_0158_503.954357.png,#822072,1128,0.823959,0.037078,0.045000
z_0158_503.954357.png,#8a2be2,2047,1.495252,0.067286,0.045000
z_0158_503.954357.png,#8b99c5,136,0.099343,0.004470,0.045000
z_0158_503.954357.png,#f58231,97,0.070855,0.003188,0.045000
z_0158_503.954357.png,#ff00ff,12368,9.034332,0.406545,0.045000
z_0158_503.954357.png,#ff4500,2441,1.783053,0.080237,0.045000
z_0158_503.954357.png,#ff8000,1301,0.950329,0.042765,0.045000
z_0158_503.954357.png,#ffff00,3750,2.739226,0.123265,0.045000
z_0159_504.966805.png,#000080,1625,1.186998,0.053415,0.045000
z_0159_504.966805.png,#008000,3734,2.727538,0.122739,0.045000
z_0159_504.966805.png,#00ff80,3479,2.541271,0.114357,0.045000
z_0159_504.966805.png,#00ffff,7367,5.381300,0.242159,0.045000
z_0159_504.966805.png,#20b2aa,374,0.273192,0.012294,0.045000
z_0159_504.966805.png,#32cd32,85,0.062089,0.002794,0.045000
z_0159_504.966805.png,#4363d8,101,0.073776,0.003320,0.045000
z_0159_504.966805.png,#5ac1d9,1923,1.404675,0.063210,0.045000
z_0159_504.966805.png,#800000,3483,2.544193,0.114489,0.045000
z_0159_504.966805.png,#808000,4811,3.514244,0.158141,0.045000
z_0159_504.966805.png,#8080ff,1727,1.261505,0.056768,0.045000
z_0159_504.966805.png,#822072,1143,0.834916,0.037571,0.045000
z_0159_504.966805.png,#8a2be2,2110,1.541271,0.069357,0.045000
z_0159_504.966805.png,#8b99c5,156,0.113952,0.005128,0.045000
z_0159_504.966805.png,#f58231,106,0.077429,0.003484,0.045000
z_0159_504.966805.png,#ff00ff,12297,8.982469,0.404211,0.045000
z_0159_504.966805.png,#ff4500,2413,1.762600,0.079317,0.045000
z_0159_504.966805.png,#ff8000,1449,1.058437,0.047630,0.045000
z_0159_504.966805.png,#ffff00,3582,2.616508,0.117743,0.045000
z_0160_505.979253.png,#000080,1683,1.229364,0.055321,0.045000
z_0160_505.979253.png,#008000,4161,3.039445,0.136775,0.045000
z_0160_505.979253.png,#00ff80,3426,2.502557,0.112615,0.045000
z_0160_505.979253.png,#00ffff,7480,5.463842,0.245873,0.045000
z_0160_505.979253.png,#20b2aa,404,0.295106,0.013280,0.045000
z_0160_505.979253.png,#32cd32,83,0.060628,0.002728,0.045000
z_0160_505.979253.png,#5ac1d9,1913,1.397370,0.062882,0.045000
z_0160_505.979253.png,#800000,3501,2.557341,0.115080,0.045000
z_0160_505.979253.png,#808000,4517,3.299489,0.148477,0.045000
z_0160_505.979253.png,#8080ff,1638,1.196494,0.053842,0.045000
z_0160_505.979253.png,#822072,1187,0.867056,0.039018,0.045000
z_0160_505.979253.png,#8a2be2,1854,1.354273,0.060942,0.045000
z_0160_505.979253.png,#8b99c5,207,0.151205,0.006804,0.045000
z_0160_505.979253.png,#f58231,93,0.067933,0.003057,0.045000
z_0160_505.979253.png,#ff00ff,12285,8.973703,0.403817,0.045000
z_0160_505.979253.png,#ff4500,2306,1.684441,0.075800,0.045000
z_0160_505.979253.png,#ff8000,1554,1.135135,0.051081,0.045000
z_0160_505.979253.png,#ffff00,3543,2.588020,0.116461,0.045000
z_0161_506.991701.png,#000080,1679,1.226443,0.055190,0.045000
z_0161_506.991701.png,#008000,4181,3.054054,0.137432,0.045000
z_0161_506.991701.png,#00ff80,3431,2.506209,0.112779,0.045000
z_0161_506.991701.png,#00ffff,7593,5.546384,0.249587,0.045000
z_0161_506.991701.png,#20b2aa,405,0.295836,0.013313,0.045000
z_0161_506.991701.png,#32cd32,87,0.063550,0.002860,0.045000
z_0161_506.991701.png,#5ac1d9,1898,1.386413,0.062389,0.045000
z_0161_506.991701.png,#800000,3498,2.555150,0.114982,0.045000
z_0161_506.991701.png,#808000,4519,3.300950,0.148543,0.045000
z_0161_506.991701.png,#8080ff,1642,1.199416,0.053974,0.045000
z_0161_506.991701.png,#822072,1190,0.869248,0.039116,0.045000
z_0161_506.991701.png,#8a2be2,1857,1.356465,0.061041,0.045000
z_0161_506.991701.png,#8b99c5,203,0.148283,0.006673,0.045000
z_0161_506.991701.png,#f58231,97,0.070855,0.003188,0.045000
z_0161_506.991701.png,#ff00ff,12328,9.005113,0.405230,0.045000
z_0161_506.991701.png,#ff4500,2297,1.677867,0.075504,0.045000
z_0161_506.991701.png,#ff8000,1566,1.143901,0.051476,0.045000
z_0161_506.991701.png,#ffff00,3542,2.587290,0.116428,0.045000
z_0162_508.004149.png,#000080,2401,1.753835,0.078923,0.045000
z_0162_508.004149.png,#008000,4437,3.241052,0.145847,0.045000
z_0162_508.004149.png,#00ff80,3341,2.440467,0.109821,0.045000
z_0162_508.004149.png,#00ffff,7527,5.498174,0.247418,0.045000
z_0162_508.004149.png,#20b2aa,518,0.378378,0.017027,0.045000
z_0162_508.004149.png,#32cd32,105,0.076698,0.003451,0.045000
z_0162_508.004149.png,#4363d8,2534,1.850986,0.083294,0.045000
z_0162_508.004149.png,#5ac1d9,2195,1.603360,0.072151,0.045000
z_0162_508.004149.png,#800000,3492,2.550767,0.114785,0.045000
z_0162_508.004149.png,#808000,3310,2.417823,0.108802,0.045000
z_0162_508.004149.png,#8080ff,1559,1.138787,0.051245,0.045000
z_0162_508.004149.png,#822072,1302,0.951059,0.042798,0.045000
z_0162_508.004149.png,#8a2be2,1869,1.365230,0.061435,0.045000
z_0162_508.004149.png,#8b99c5,280,0.204529,0.009204,0.045000
z_0162_508.004149.png,#f58231,102,0.074507,0.003353,0.045000
z_0162_508.004149.png,#ff00ff,11247,8.215486,0.369697,0.045000
z_0162_508.004149.png,#ff1493,373,0.272462,0.012261,0.045000
z_0162_508.004149.png,#ff4500,1610,1.176041,0.052922,0.045000
z_0162_508.004149.png,#ff8000,1652,1.206720,0.054302,0.045000
z_0162_508.004149.png,#ffff00,3164,2.311176,0.104003,0.045000
z_0163_509.016598.png,#000080,2409,1.759679,0.079186,0.045000
z_0163_509.016598.png,#008000,4436,3.240321,0.145814,0.045000
z_0163_509.016598.png,#00ff80,3321,2.425858,0.109164,0.045000
z_0163_509.016598.png,#00ffff,7534,5.503287,0.247648,0.045000
z_0163_509.016598.png,#20b2aa,515,0.376187,0.016928,0.045000
z_0163_509.016598.png,#32cd32,100,0.073046,0.003287,0.045000
z_0163_509.016598.png,#4363d8,2529,1.847334,0.083130,0.045000
z_0163_509.016598.png,#5ac1d9,2204,1.609934,0.072447,0.045000
z_0163_509.016598.png,#800000,3465,2.531045,0.113897,0.045000
z_0163_509.016598.png,#808000,3292,2.404675,0.108210,0.045000
z_0163_509.016598.png,#8080ff,1558,1.138057,0.051213,0.045000
z_0163_509.016598.png,#822072,1310,0.956903,0.043061,0.045000
z_0163_509.016598.png,#8a2be2,1876,1.370343,0.061665,0.045000
z_0163_509.016598.png,#8b99c5,281,0.205259,0.009237,0.045000
z_0163_509.016598.png,#f58231,102,0.074507,0.003353,0.045000
z_0163_509.016598.png,#ff00ff,11250,8.217677,0.369795,0.045000
z_0163_509.016598.png,#ff1493,370,0.270270,0.012162,0.045000
z_0163_509.016598.png,#ff4500,1603,1.170928,0.052692,0.045000
z_0163_509.016598.png,#ff8000,1654,1.208181,0.054368,0.045000
z_0163_509.016598.png,#ffff00,3150,2.300950,0.103543,0.045000
z_0164_510.029046.png,#000080,2683,1.959825,0.088192,0.045000
z_0164_510.029046.png,#008000,4488,3.278305,0.147524,0.045000
z_0164_510.029046.png,#00ff80,3592,2.623813,0.118072,0.045000
z_0164_510.029046.png,#00ffff,7538,5.506209,0.247779,0.045000
z_0164_510.029046.png,#20b2aa,467,0.341125,0.015351,0.045000
z_0164_510.029046.png,#32cd32,112,0.081812,0.003682,0.045000
z_0164_510.029046.png,#4363d8,2629,1.920380,0.086417,0.045000
z_0164_510.029046.png,#5ac1d9,1954,1.427319,0.064229,0.045000
z_0164_510.029046.png,#800000,3562,2.601899,0.117085,0.045000
z_0164_510.029046.png,#808000,2943,2.149744,0.096738,0.045000
z_0164_510.029046.png,#8080ff,1403,1.024836,0.046118,0.045000
z_0164_510.029046.png,#822072,1447,1.056976,0.047564,0.045000
z_0164_510.029046.png,#8a2be2,1902,1.389335,0.062520,0.045000
z_0164_510.029046.png,#8b99c5,691,0.504748,0.022714,0.045000
z_0164_510.029046.png,#f58231,137,0.100073,0.004503,0.045000
z_0164_510.029046.png,#ff00ff,10738,7.843682,0.352966,0.045000
z_0164_510.029046.png,#ff1493,889,0.649379,0.029222,0.045000
z_0164_510.029046.png,#ff4500,1462,1.067933,0.048057,0.045000
z_0164_510.029046.png,#ff8000,1683,1.229364,0.055321,0.045000
z_0164_510.029046.png,#ffff00,3421,2.498904,0.112451,0.045000
z_0165_511.041494.png,#000080,2687,1.962747,0.088324,0.045000
z_0165_511.041494.png,#008000,4485,3.276114,0.147425,0.045000
z_0165_511.041494.png,#00ff80,3597,2.627465,0.118236,0.045000
z_0165_511.041494.png,#00ffff,7520,5.493061,0.247188,0.045000
z_0165_511.041494.png,#20b2aa,481,0.351351,0.015811,0.045000
z_0165_511.041494.png,#32cd32,114,0.083272,0.003747,0.045000
z_0165_511.041494.png,#4363d8,2624,1.916728,0.086253,0.045000
z_0165_511.041494.png,#5ac1d9,1958,1.430241,0.064361,0.045000
z_0165_511.041494.png,#800000,3528,2.577064,0.115968,0.045000
z_0165_511.041494.png,#808000,2940,2.147553,0.096640,0.045000
z_0165_511.041494.png,#8080ff,1402,1.024105,0.046085,0.045000
z_0165_511.041494.png,#822072,1446,1.056245,0.047531,0.045000
z_0165_511.041494.png,#8a2be2,1900,1.387874,0.062454,0.045000
z_0165_511.041494.png,#8b99c5,689,0.503287,0.022648,0.045000
z_0165_511.041494.png,#f58231,136,0.099343,0.004470,0.045000
z_0165_511.041494.png,#ff00ff,10732,7.839299,0.352768,0.045000
z_0165_511.041494.png,#ff1493,894,0.653031,0.029386,0.045000
z_0165_511.041494.png,#ff4500,1472,1.075237,0.048386,0.045000
z_0165_511.041494.png,#ff8000,1684,1.230095,0.055354,0.045000
z_0165_511.041494.png,#ffff00,3420,2.498174,0.112418,0.045000
z_0166_512.053942.png,#000080,3634,2.654492,0.119452,0.045000
z_0166_512.053942.png,#008000,4110,3.002191,0.135099,0.045000
z_0166_512.053942.png,#00ff80,3555,2.596786,0.116855,0.045000
z_0166_512.053942.png,#00ffff,7668,5.601169,0.252053,0.045000
z_0166_512.053942.png,#20b2aa,471,0.344047,0.015482,0.045000
z_0166_512.053942.png,#32cd32,104,0.075968,0.003419,0.045000
z_0166_512.053942.png,#4363d8,2645,1.932067,0.086943,0.045000
z_0166_512.053942.png,#5ac1d9,1739,1.270270,0.057162,0.045000
z_0166_512.053942.png,#800000,8854,6.467495,0.291037,0.045000
z_0166_512.053942.png,#808000,1487,1.086194,0.048879,0.045000
z_0166_512.053942.png,#8080ff,1354,0.989043,0.044507,0.045000
z_0166_512.053942.png,#822072,1624,1.186267,0.053382,0.045000
z_0166_512.053942.png,#8a2be2,1716,1.253470,0.056406,0.045000
z_0166_512.053942.png,#8b99c5,1178,0.860482,0.038722,0.045000
z_0166_512.053942.png,#f58231,164,0.119795,0.005391,0.045000
z_0166_512.053942.png,#ff00ff,10018,7.317750,0.329299,0.045000
z_0166_512.053942.png,#ff1493,2069,1.511322,0.068009,0.045000
z_0166_512.053942.png,#ff4500,1669,1.219138,0.054861,0.045000
z_0166_512.053942.png,#ff8000,1972,1.440467,0.064821,0.045000
z_0166_512.053942.png,#ffff00,4003,2.924032,0.131581,0.045000
z_0167_513.066390.png,#000080,3633,2.653762,0.119419,0.045000
z_0167_513.066390.png,#008000,4095,2.991234,0.134606,0.045000
z_0167_513.066390.png,#00ff80,3571,2.608473,0.117381,0.045000
z_0167_513.066390.png,#00ffff,7691,5.617969,0.252809,0.045000
z_0167_513.066390.png,#20b2aa,463,0.338203,0.015219,0.045000
z_0167_513.066390.png,#32cd32,103,0.075237,0.003386,0.045000
z_0167_513.066390.png,#4363d8,2659,1.942294,0.087403,0.045000
z_0167_513.066390.png,#5ac1d9,1737,1.268809,0.057096,0.045000
z_0167_513.066390.png,#800000,8857,6.469686,0.291136,0.045000
z_0167_513.066390.png,#808000,1510,1.102995,0.049635,0.045000
z_0167_513.066390.png,#8080ff,1353,0.988313,0.044474,0.045000
z_0167_513.066390.png,#822072,1632,1.192111,0.053645,0.045000
z_0167_513.066390.png,#8a2be2,1736,1.268079,0.057064,0.045000
z_0167_513.066390.png,#8b99c5,1174,0.857560,0.038590,0.045000
z_0167_513.066390.png,#f58231,164,0.119795,0.005391,0.045000
z_0167_513.066390.png,#ff00ff,10046,7.338203,0.330219,0.045000
z_0167_513.066390.png,#ff1493,2071,1.512783,0.068075,0.045000
z_0167_513.066390.png,#ff4500,1664,1.215486,0.054697,0.045000
z_0167_513.066390.png,#ff8000,1979,1.445581,0.065051,0.045000
z_0167_513.066390.png,#ffff00,4013,2.931337,0.131910,0.045000
z_0168_514.078838.png,#000080,3594,2.625274,0.118137,0.045000
z_0168_514.078838.png,#008000,3894,2.844412,0.127999,0.045000
z_0168_514.078838.png,#00ff80,3590,2.622352,0.118006,0.045000
z_0168_514.078838.png,#00ffff,7522,5.494522,0.247253,0.045000
z_0168_514.078838.png,#20b2aa,511,0.373265,0.016797,0.045000
z_0168_514.078838.png,#32cd32,105,0.076698,0.003451,0.045000
z_0168_514.078838.png,#4363d8,2662,1.944485,0.087502,0.045000
z_0168_514.078838.png,#5ac1d9,1616,1.180424,0.053119,0.045000
z_0168_514.078838.png,#800000,8711,6.363039,0.286337,0.045000
z_0168_514.078838.png,#808000,1192,0.870709,0.039182,0.045000
z_0168_514.078838.png,#8080ff,1240,0.905771,0.040760,0.045000
z_0168_514.078838.png,#822072,1609,1.175310,0.052889,0.045000
z_0168_514.078838.png,#8a2be2,2000,1.460920,0.065741,0.045000
z_0168_514.078838.png,#8b99c5,1339,0.978086,0.044014,0.045000
z_0168_514.078838.png,#f58231,158,0.115413,0.005194,0.045000
z_0168_514.078838.png,#ff00ff,10246,7.484295,0.336793,0.045000
z_0168_514.078838.png,#ff1493,2251,1.644266,0.073992,0.045000
z_0168_514.078838.png,#ff4500,1753,1.280497,0.057622,0.045000
z_0168_514.078838.png,#ff8000,2009,1.467495,0.066037,0.045000
z_0168_514.078838.png,#ffff00,4162,3.040175,0.136808,0.045000
z_0169_515.091286.png,#000080,3630,2.651570,0.119321,0.045000
z_0169_515.091286.png,#008000,3513,2.566107,0.115475,0.045000
z_0169_515.091286.png,#00ff80,3580,2.615047,0.117677,0.045000
z_0169_515.091286.png,#00ffff,7189,5.251278,0.236308,0.045000
z_0169_515.091286.png,#20b2aa,680,0.496713,0.022352,0.045000
z_0169_515.091286.png,#32cd32,88,0.064280,0.002893,0.045000
z_0169_515.091286.png,#4363d8,2588,1.890431,0.085069,0.045000
z_0169_515.091286.png,#5ac1d9,1571,1.147553,0.051640,0.045000
z_0169_515.091286.png,#800000,8471,6.187728,0.278448,0.045000
z_0169_515.091286.png,#808000,1001,0.731191,0.032904,0.045000
z_0169_515.091286.png,#8080ff,1130,0.825420,0.037144,0.045000
z_0169_515.091286.png,#822072,1603,1.170928,0.052692,0.045000
z_0169_515.091286.png,#8a2be2,2268,1.656684,0.074551,0.045000
z_0169_515.091286.png,#8b99c5,1451,1.059898,0.047695,0.045000
z_0169_515.091286.png,#f58231,144,0.105186,0.004733,0.045000
z_0169_515.091286.png,#ff00ff,9322,6.809350,0.306421,0.045000
z_0169_515.091286.png,#ff1493,2551,1.863404,0.083853,0.045000
z_0169_515.091286.png,#ff4500,1843,1.346238,0.060581,0.045000
z_0169_515.091286.png,#ff8000,1996,1.457999,0.065610,0.045000
z_0169_515.091286.png,#ffff00,4446,3.247626,0.146143,0.045000
z_0170_516.103734.png,#000080,3782,2.762600,0.124317,0.045000
z_0170_516.103734.png,#008000,3204,2.340394,0.105318,0.045000
z_0170_516.103734.png,#00ff80,3692,2.696859,0.121359,0.045000
z_0170_516.103734.png,#00ffff,6745,4.926954,0.221713,0.045000
z_0170_516.103734.png,#20b2aa,675,0.493061,0.022188,0.045000
z_0170_516.103734.png,#32cd32,90,0.065741,0.002958,0.045000
z_0170_516.103734.png,#4363d8,2373,1.733382,0.078002,0.045000
z_0170_516.103734.png,#5ac1d9,1662,1.214025,0.054631,0.045000
z_0170_516.103734.png,#800000,8330,6.084733,0.273813,0.045000
z_0170_516.103734.png,#808000,905,0.661066,0.029748,0.045000
z_0170_516.103734.png,#8080ff,1101,0.804237,0.036191,0.045000
z_0170_516.103734.png,#822072,1483,1.083272,0.048747,0.045000
z_0170_516.103734.png,#8a2be2,2438,1.780862,0.080139,0.045000
z_0170_516.103734.png,#8b99c5,1678,1.225712,0.055157,0.045000
z_0170_516.103734.png,#f58231,121,0.088386,0.003977,0.045000
z_0170_516.103734.png,#ff00ff,9479,6.924032,0.311581,0.045000
z_0170_516.103734.png,#ff1493,2895,2.114682,0.095161,0.045000
z_0170_516.103734.png,#ff4500,1947,1.422206,0.063999,0.045000
z_0170_516.103734.png,#ff8000,1981,1.447042,0.065117,0.045000
z_0170_516.103734.png,#ffff00,4804,3.509131,0.157911,0.045000
z_0171_517.116183.png,#000080,4074,2.975895,0.133915,0.045000
z_0171_517.116183.png,#008000,2850,2.081812,0.093682,0.045000
z_0171_517.116183.png,#00ff80,3538,2.584368,0.116297,0.045000
z_0171_517.116183.png,#00ffff,6612,4.829803,0.217341,0.045000
z_0171_517.116183.png,#20b2aa,681,0.497443,0.022385,0.045000
z_0171_517.116183.png,#32cd32,76,0.055515,0.002498,0.045000
z_0171_517.116183.png,#4363d8,2263,1.653031,0.074386,0.045000
z_0171_517.116183.png,#5ac1d9,1750,1.278305,0.057524,0.045000
z_0171_517.116183.png,#800000,8588,6.273192,0.282294,0.045000
z_0171_517.116183.png,#808000,775,0.566107,0.025475,0.045000
z_0171_517.116183.png,#8080ff,985,0.719503,0.032378,0.045000
z_0171_517.116183.png,#822072,1428,1.043097,0.046939,0.045000
z_0171_517.116183.png,#8a2be2,2886,2.108108,0.094865,0.045000
z_0171_517.116183.png,#8b99c5,1857,1.356465,0.061041,0.045000
z_0171_517.116183.png,#f58231,119,0.086925,0.003912,0.045000
z_0171_517.116183.png,#ff00ff,9564,6.986121,0.314375,0.045000
z_0171_517.116183.png,#ff1493,3383,2.471147,0.111202,0.045000
z_0171_517.116183.png,#ff4500,2018,1.474069,0.066333,0.045000
z_0171_517.116183.png,#ff8000,1975,1.442659,0.064920,0.045000
z_0171_517.116183.png,#ffff00,5088,3.716581,0.167246,0.045000
z_0172_518.128631.png,#000080,4476,3.269540,0.147129,0.045000
z_0172_518.128631.png,#008000,2460,1.796932,0.080862,0.045000
z_0172_518.128631.png,#00ff80,3467,2.532505,0.113963,0.045000
z_0172_518.128631.png,#00ffff,6475,4.729730,0.212838,0.045000
z_0172_518.128631.png,#20b2aa,660,0.482104,0.021695,0.045000
z_0172_518.128631.png,#32cd32,86,0.062820,0.002827,0.045000
z_0172_518.128631.png,#4363d8,2124,1.551497,0.069817,0.045000
z_0172_518.128631.png,#5ac1d9,1818,1.327977,0.059759,0.045000
z_0172_518.128631.png,#800000,7952,5.808619,0.261388,0.045000
z_0172_518.128631.png,#808000,628,0.458729,0.020643,0.045000
z_0172_518.128631.png,#8080ff,730,0.533236,0.023996,0.045000
z_0172_518.128631.png,#822072,1392,1.016801,0.045756,0.045000
z_0172_518.128631.png,#8a2be2,3122,2.280497,0.102622,0.045000
z_0172_518.128631.png,#8b99c5,1982,1.447772,0.065150,0.045000
z_0172_518.128631.png,#f58231,105,0.076698,0.003451,0.045000
z_0172_518.128631.png,#ff00ff,9813,7.168006,0.322560,0.045000
z_0172_518.128631.png,#ff1493,3790,2.768444,0.124580,0.045000
z_0172_518.128631.png,#ff4500,2182,1.593864,0.071724,0.045000
z_0172_518.128631.png,#ff8000,1940,1.417093,0.063769,0.045000
z_0172_518.128631.png,#ffff00,5185,3.787436,0.170435,0.045000
z_0173_519.141079.png,#000080,4860,3.550037,0.159752,0.045000
z_0173_519.141079.png,#008000,1719,1.255661,0.056505,0.045000
z_0173_519.141079.png,#00ff80,3312,2.419284,0.108868,0.045000
z_0173_519.141079.png,#00ffff,6328,4.622352,0.208006,0.045000
z_0173_519.141079.png,#20b2aa,609,0.444850,0.020018,0.045000
z_0173_519.141079.png,#32cd32,80,0.058437,0.002630,0.045000
z_0173_519.141079.png,#4363d8,2071,1.512783,0.068075,0.045000
z_0173_519.141079.png,#5ac1d9,1919,1.401753,0.063079,0.045000
z_0173_519.141079.png,#800000,7435,5.430972,0.244394,0.045000
z_0173_519.141079.png,#808000,529,0.386413,0.017389,0.045000
z_0173_519.141079.png,#8080ff,456,0.333090,0.014989,0.045000
z_0173_519.141079.png,#822072,1228,0.897005,0.040365,0.045000
z_0173_519.141079.png,#8a2be2,3232,2.360847,0.106238,0.045000
z_0173_519.141079.png,#8b99c5,2130,1.555880,0.070015,0.045000
z_0173_519.141079.png,#f58231,76,0.055515,0.002498,0.045000
z_0173_519.141079.png,#ff00ff,9938,7.259313,0.326669,0.045000
z_0173_519.141079.png,#ff1493,4125,3.013148,0.135592,0.045000
z_0173_519.141079.png,#ff4500,2178,1.590942,0.071592,0.045000
z_0173_519.141079.png,#ff8000,1933,1.411980,0.063539,0.045000
z_0173_519.141079.png,#ffff00,5016,3.663988,0.164879,0.045000
z_0174_520.153527.png,#000080,5221,3.813733,0.171618,0.045000
z_0174_520.153527.png,#008000,1424,1.040175,0.046808,0.045000
z_0174_520.153527.png,#00ff80,3124,2.281958,0.102688,0.045000
z_0174_520.153527.png,#00ffff,6076,4.438276,0.199722,0.045000
z_0174_520.153527.png,#20b2aa,575,0.420015,0.018901,0.045000
z_0174_520.153527.png,#32cd32,73,0.053324,0.002400,0.045000
z_0174_520.153527.png,#4363d8,1828,1.335281,0.060088,0.045000
z_0174_520.153527.png,#5ac1d9,2074,1.514974,0.068174,0.045000
z_0174_520.153527.png,#800000,7356,5.373265,0.241797,0.045000
z_0174_520.153527.png,#808000,470,0.343316,0.015449,0.045000
z_0174_520.153527.png,#8080ff,315,0.230095,0.010354,0.045000
z_0174_520.153527.png,#822072,1059,0.773557,0.034810,0.045000
z_0174_520.153527.png,#8a2be2,3328,2.430972,0.109394,0.045000
z_0174_520.153527.png,#8b99c5,2310,1.687363,0.075931,0.045000
z_0174_520.153527.png,#f58231,58,0.042367,0.001907,0.045000
z_0174_520.153527.png,#ff00ff,10045,7.337473,0.330186,0.045000
z_0174_520.153527.png,#ff1493,4543,3.318481,0.149332,0.045000
z_0174_520.153527.png,#ff4500,1998,1.459459,0.065676,0.045000
z_0174_520.153527.png,#ff8000,1937,1.414901,0.063671,0.045000
z_0174_520.153527.png,#ffff00,4695,3.429511,0.154328,0.045000
z_0175_521.165975.png,#000080,5212,3.807159,0.171322,0.045000
z_0175_521.165975.png,#008000,1419,1.036523,0.046644,0.045000
z_0175_521.165975.png,#00ff80,3124,2.281958,0.102688,0.045000
z_0175_521.165975.png,#00ffff,6063,4.428780,0.199295,0.045000
z_0175_521.165975.png,#20b2aa,582,0.425128,0.019131,0.045000
z_0175_521.165975.png,#32cd32,67,0.048941,0.002202,0.045000
z_0175_521.165975.png,#4363d8,1824,1.332359,0.059956,0.045000
z_0175_521.165975.png,#5ac1d9,2087,1.524470,0.068601,0.045000
z_0175_521.165975.png,#800000,7342,5.363039,0.241337,0.045000
z_0175_521.165975.png,#808000,466,0.340394,0.015318,0.045000
z_0175_521.165975.png,#8080ff,317,0.231556,0.010420,0.045000
z_0175_521.165975.png,#822072,1055,0.770636,0.034679,0.045000
z_0175_521.165975.png,#8a2be2,3322,2.426589,0.109196,0.045000
z_0175_521.165975.png,#8b99c5,2308,1.685902,0.075866,0.045000
z_0175_521.165975.png,#f58231,60,0.043828,0.001972,0.045000
z_0175_521.165975.png,#ff00ff,10034,7.329438,0.329825,0.045000
z_0175_521.165975.png,#ff1493,4562,3.332359,0.149956,0.045000
z_0175_521.165975.png,#ff4500,1992,1.455077,0.065478,0.045000
z_0175_521.165975.png,#ff8000,1937,1.414901,0.063671,0.045000
z_0175_521.165975.png,#ffff00,4691,3.426589,0.154196,0.045000
z_0176_522.178423.png,#000080,5705,4.167275,0.187527,0.045000
z_0176_522.178423.png,#008000,1533,1.119795,0.050391,0.045000
z_0176_522.178423.png,#00ff80,2539,1.854638,0.083459,0.045000
z_0176_522.178423.png,#00ffff,4927,3.598977,0.161954,0.045000
z_0176_522.178423.png,#20b2aa,1180,0.861943,0.038787,0.045000
z_0176_522.178423.png,#32cd32,68,0.049671,0.002235,0.045000
z_0176_522.178423.png,#4363d8,901,0.658145,0.029617,0.045000
z_0176_522.178423.png,#5ac1d9,2386,1.742878,0.078430,0.045000
z_0176_522.178423.png,#800000,7304,5.335281,0.240088,0.045000
z_0176_522.178423.png,#808000,384,0.280497,0.012622,0.045000
z_0176_522.178423.png,#8080ff,319,0.233017,0.010486,0.045000
z_0176_522.178423.png,#822072,961,0.701972,0.031589,0.045000
z_0176_522.178423.png,#8a2be2,3033,2.215486,0.099697,0.045000
z_0176_522.178423.png,#8b99c5,2597,1.897005,0.085365,0.045000
z_0176_522.178423.png,#f58231,37,0.027027,0.001216,0.045000
z_0176_522.178423.png,#ff00ff,10485,7.658875,0.344649,0.045000
z_0176_522.178423.png,#ff1493,4781,3.492330,0.157155,0.045000
z_0176_522.178423.png,#ff4500,1431,1.045289,0.047038,0.045000
z_0176_522.178423.png,#ff8000,1899,1.387144,0.062421,0.045000
z_0176_522.178423.png,#ffff00,4282,3.127831,0.140752,0.045000
z_0177_523.190871.png,#000080,5943,4.341125,0.195351,0.045000
z_0177_523.190871.png,#008000,1752,1.279766,0.057589,0.045000
z_0177_523.190871.png,#00ff80,2354,1.719503,0.077378,0.045000
z_0177_523.190871.png,#00ffff,4598,3.358656,0.151140,0.045000
z_0177_523.190871.png,#20b2aa,1205,0.880205,0.039609,0.045000
z_0177_523.190871.png,#32cd32,72,0.052593,0.002367,0.045000
z_0177_523.190871.png,#4363d8,813,0.593864,0.026724,0.045000
z_0177_523.190871.png,#5ac1d9,2570,1.877283,0.084478,0.045000
z_0177_523.190871.png,#800000,7640,5.580716,0.251132,0.045000
z_0177_523.190871.png,#808000,483,0.352812,0.015877,0.045000
z_0177_523.190871.png,#8080ff,357,0.260774,0.011735,0.045000
z_0177_523.190871.png,#822072,875,0.639153,0.028762,0.045000
z_0177_523.190871.png,#8a2be2,3001,2.192111,0.098645,0.045000
z_0177_523.190871.png,#8b99c5,2760,2.016070,0.090723,0.045000
z_0177_523.190871.png,#f58231,29,0.021183,0.000953,0.045000
z_0177_523.190871.png,#ff00ff,10952,8.000000,0.360000,0.045000
z_0177_523.190871.png,#ff1493,4918,3.592403,0.161658,0.045000
z_0177_523.190871.png,#ff4500,1167,0.852447,0.038360,0.045000
z_0177_523.190871.png,#ff8000,1814,1.325055,0.059627,0.045000
z_0177_523.190871.png,#ffff00,3939,2.877283,0.129478,0.045000
z_0178_524.203320.png,#000080,5740,4.192841,0.188678,0.045000
z_0178_524.203320.png,#008000,2085,1.523009,0.068535,0.045000
z_0178_524.203320.png,#00ff80,2178,1.590942,0.071592,0.045000
z_0178_524.203320.png,#00ffff,4191,3.061359,0.137761,0.045000
z_0178_524.203320.png,#20b2aa,1172,0.856099,0.038524,0.045000
z_0178_524.203320.png,#32cd32,73,0.053324,0.002400,0.045000
z_0178_524.203320.png,#4363d8,739,0.539810,0.024291,0.045000
z_0178_524.203320.png,#5ac1d9,2737,1.999270,0.089967,0.045000
z_0178_524.203320.png,#800000,8345,6.095690,0.274306,0.045000
z_0178_524.203320.png,#808000,562,0.410519,0.018473,0.045000
z_0178_524.203320.png,#8080ff,496,0.362308,0.016304,0.045000
z_0178_524.203320.png,#822072,937,0.684441,0.030800,0.045000
z_0178_524.203320.png,#8a2be2,2988,2.182615,0.098218,0.045000
z_0178_524.203320.png,#8b99c5,2955,2.158510,0.097133,0.045000
z_0178_524.203320.png,#f58231,22,0.016070,0.000723,0.045000
z_0178_524.203320.png,#ff00ff,11208,8.186998,0.368415,0.045000
z_0178_524.203320.png,#ff1493,5129,3.746530,0.168594,0.045000
z_0178_524.203320.png,#ff4500,1080,0.788897,0.035500,0.045000
z_0178_524.203320.png,#ff8000,1728,1.262235,0.056801,0.045000
z_0178_524.203320.png,#ffff00,3407,2.488678,0.111991,0.045000
z_0179_525.215768.png,#000080,5530,4.039445,0.181775,0.045000
z_0179_525.215768.png,#008000,2079,1.518627,0.068338,0.045000
z_0179_525.215768.png,#00ff80,2176,1.589481,0.071527,0.045000
z_0179_525.215768.png,#00ffff,3957,2.890431,0.130069,0.045000
z_0179_525.215768.png,#20b2aa,1061,0.775018,0.034876,0.045000
z_0179_525.215768.png,#32cd32,74,0.054054,0.002432,0.045000
z_0179_525.215768.png,#4363d8,765,0.558802,0.025146,0.045000
z_0179_525.215768.png,#5ac1d9,2875,2.100073,0.094503,0.045000
z_0179_525.215768.png,#800000,8608,6.287801,0.282951,0.045000
z_0179_525.215768.png,#808000,808,0.590212,0.026560,0.045000
z_0179_525.215768.png,#8080ff,601,0.439007,0.019755,0.045000
z_0179_525.215768.png,#822072,1029,0.751644,0.033824,0.045000
z_0179_525.215768.png,#8a2be2,2890,2.111030,0.094996,0.045000
z_0179_525.215768.png,#8b99c5,3062,2.236669,0.100650,0.045000
z_0179_525.215768.png,#f58231,31,0.022644,0.001019,0.045000
z_0179_525.215768.png,#ff00ff,11327,8.273923,0.372327,0.045000
z_0179_525.215768.png,#ff1493,5033,3.676406,0.165438,0.045000
z_0179_525.215768.png,#ff4500,1083,0.791088,0.035599,0.045000
z_0179_525.215768.png,#ff8000,1543,1.127100,0.050720,0.045000
z_0179_525.215768.png,#ffff00,3100,2.264427,0.101899,0.045000
z_0180_526.228216.png,#000080,5476,4.000000,0.180000,0.045000
z_0180_526.228216.png,#008000,2036,1.487217,0.066925,0.045000
z_0180_526.228216.png,#00ff80,2018,1.474069,0.066333,0.045000
z_0180_526.228216.png,#00ffff,3791,2.769175,0.124613,0.045000
z_0180_526.228216.png,#20b2aa,912,0.666180,0.029978,0.045000
z_0180_526.228216.png,#32cd32,81,0.059167,0.002663,0.045000
z_0180_526.228216.png,#4363d8,786,0.574142,0.025836,0.045000
z_0180_526.228216.png,#5ac1d9,3016,2.203068,0.099138,0.045000
z_0180_526.228216.png,#800000,8946,6.534697,0.294061,0.045000
z_0180_526.228216.png,#808000,978,0.714390,0.032148,0.045000
z_0180_526.228216.png,#8080ff,680,0.496713,0.022352,0.045000
z_0180_526.228216.png,#822072,964,0.704164,0.031687,0.045000
z_0180_526.228216.png,#8a2be2,2523,1.842951,0.082933,0.045000
z_0180_526.228216.png,#8b99c5,3147,2.298758,0.103444,0.045000
z_0180_526.228216.png,#f58231,55,0.040175,0.001808,0.045000
z_0180_526.228216.png,#ff00ff,11927,8.712199,0.392049,0.045000
z_0180_526.228216.png,#ff1493,4869,3.556611,0.160047,0.045000
z_0180_526.228216.png,#ff4500,1149,0.839299,0.037768,0.045000
z_0180_526.228216.png,#ff8000,1308,0.955442,0.042995,0.045000
z_0180_526.228216.png,#ffff00,2804,2.048210,0.092169,0.045000
z_0181_527.240664.png,#000080,5260,3.842221,0.172900,0.045000
z_0181_527.240664.png,#008000,2008,1.466764,0.066004,0.045000
z_0181_527.240664.png,#00ff80,2016,1.472608,0.066267,0.045000
z_0181_527.240664.png,#00ffff,3451,2.520818,0.113437,0.045000
z_0181_527.240664.png,#20b2aa,673,0.491600,0.022122,0.045000
z_0181_527.240664.png,#32cd32,86,0.062820,0.002827,0.045000
z_0181_527.240664.png,#4363d8,906,0.661797,0.029781,0.045000
z_0181_527.240664.png,#5ac1d9,3121,2.279766,0.102589,0.045000
z_0181_527.240664.png,#800000,9109,6.653762,0.299419,0.045000
z_0181_527.240664.png,#808000,1131,0.826150,0.037177,0.045000
z_0181_527.240664.png,#8080ff,707,0.516435,0.023240,0.045000
z_0181_527.240664.png,#822072,915,0.668371,0.030077,0.045000
z_0181_527.240664.png,#8a2be2,2356,1.720964,0.077443,0.045000
z_0181_527.240664.png,#8b99c5,3234,2.362308,0.106304,0.045000
z_0181_527.240664.png,#f58231,63,0.046019,0.002071,0.045000
z_0181_527.240664.png,#ff00ff,13209,9.648649,0.434189,0.045000
z_0181_527.240664.png,#ff1493,4877,3.562454,0.160310,0.045000
z_0181_527.240664.png,#ff4500,1213,0.886048,0.039872,0.045000
z_0181_527.240664.png,#ff8000,1110,0.810811,0.036486,0.045000
z_0181_527.240664.png,#ffff00,2559,1.869248,0.084116,0.045000
z_0182_528.253112.png,#000080,5116,3.737034,0.168167,0.045000
z_0182_528.253112.png,#008000,1855,1.355004,0.060975,0.045000
z_0182_528.253112.png,#00ff80,2090,1.526662,0.068700,0.045000
z_0182_528.253112.png,#00ffff,3281,2.396640,0.107849,0.045000
z_0182_528.253112.png,#20b2aa,425,0.310446,0.013970,0.045000
z_0182_528.253112.png,#32cd32,86,0.062820,0.002827,0.045000
z_0182_528.253112.png,#4363d8,984,0.718773,0.032345,0.045000
z_0182_528.253112.png,#5ac1d9,3256,2.378378,0.107027,0.045000
z_0182_528.253112.png,#800000,9219,6.734112,0.303035,0.045000
z_0182_528.253112.png,#808000,1322,0.965668,0.043455,0.045000
z_0182_528.253112.png,#8080ff,736,0.537619,0.024193,0.045000
z_0182_528.253112.png,#822072,884,0.645727,0.029058,0.045000
z_0182_528.253112.png,#8a2be2,2211,1.615047,0.072677,0.045000
z_0182_528.253112.png,#8b99c5,3342,2.441198,0.109854,0.045000
z_0182_528.253112.png,#f58231,78,0.056976,0.002564,0.045000
z_0182_528.253112.png,#ff00ff,14947,10.918188,0.491318,0.045000
z_0182_528.253112.png,#ff1493,4708,3.439007,0.154755,0.045000
z_0182_528.253112.png,#ff4500,1198,0.875091,0.039379,0.045000
z_0182_528.253112.png,#ff8000,1039,0.758948,0.034153,0.045000
z_0182_528.253112.png,#ffff00,2222,1.623083,0.073039,0.045000
z_0183_529.265560.png,#000080,5103,3.727538,0.167739,0.045000
z_0183_529.265560.png,#008000,1526,1.114682,0.050161,0.045000
z_0183_529.265560.png,#00ff80,2254,1.646457,0.074091,0.045000
z_0183_529.265560.png,#00ffff,3165,2.311907,0.104036,0.045000
z_0183_529.265560.png,#20b2aa,249,0.181885,0.008185,0.045000
z_0183_529.265560.png,#32cd32,98,0.071585,0.003221,0.045000
z_0183_529.265560.png,#4363d8,1071,0.782323,0.035205,0.045000
z_0183_529.265560.png,#5ac1d9,3395,2.479912,0.111596,0.045000
z_0183_529.265560.png,#800000,9150,6.683711,0.300767,0.045000
z_0183_529.265560.png,#808000,1526,1.114682,0.050161,0.045000
z_0183_529.265560.png,#8080ff,786,0.574142,0.025836,0.045000
z_0183_529.265560.png,#822072,825,0.602630,0.027118,0.045000
z_0183_529.265560.png,#8a2be2,2117,1.546384,0.069587,0.045000
z_0183_529.265560.png,#8b99c5,3378,2.467495,0.111037,0.045000
z_0183_529.265560.png,#f58231,90,0.065741,0.002958,0.045000
z_0183_529.265560.png,#ff00ff,16990,12.410519,0.558473,0.045000
z_0183_529.265560.png,#ff1493,4499,3.286340,0.147885,0.045000
z_0183_529.265560.png,#ff4500,1241,0.906501,0.040793,0.045000
z_0183_529.265560.png,#ff8000,983,0.718042,0.032312,0.045000
z_0183_529.265560.png,#ffff00,1939,1.416362,0.063736,0.045000
z_0184_530.278008.png,#000080,4892,3.573411,0.160804,0.045000
z_0184_530.278008.png,#008000,1301,0.950329,0.042765,0.045000
z_0184_530.278008.png,#00ff80,2438,1.780862,0.080139,0.045000
z_0184_530.278008.png,#00ffff,3223,2.354273,0.105942,0.045000
z_0184_530.278008.png,#20b2aa,259,0.189189,0.008514,0.045000
z_0184_530.278008.png,#32cd32,106,0.077429,0.003484,0.045000
z_0184_530.278008.png,#4363d8,1107,0.808619,0.036388,0.045000
z_0184_530.278008.png,#5ac1d9,3687,2.693207,0.121194,0.045000
z_0184_530.278008.png,#800000,9067,6.623083,0.298039,0.045000
z_0184_530.278008.png,#808000,1615,1.179693,0.053086,0.045000
z_0184_530.278008.png,#8080ff,854,0.623813,0.028072,0.045000
z_0184_530.278008.png,#822072,806,0.588751,0.026494,0.045000
z_0184_530.278008.png,#8a2be2,1967,1.436815,0.064657,0.045000
z_0184_530.278008.png,#8b99c5,3378,2.467495,0.111037,0.045000
z_0184_530.278008.png,#f58231,90,0.065741,0.002958,0.045000
z_0184_530.278008.png,#ff00ff,18849,13.768444,0.619580,0.045000
z_0184_530.278008.png,#ff1493,1740,1.271001,0.057195,0.045000
z_0184_530.278008.png,#ff4500,1241,0.906501,0.040793,0.045000
z_0184_530.278008.png,#ff8000,933,0.681519,0.030668,0.045000
z_0184_530.278008.png,#ffff00,1642,1.199416,0.053974,0.045000
z_0185_531.290456.png,#000080,5224,3.815924,0.171717,0.045000
z_0185_531.290456.png,#008000,1296,0.946676,0.042600,0.045000
z_0185_531.290456.png,#00ff80,2507,1.831264,0.082407,0.045000
z_0185_531.290456.png,#00ffff,3363,2.456538,0.110544,0.045000
z_0185_531.290456.png,#20b2aa,254,0.185537,0.008349,0.045000
z_0185_531.290456.png,#32cd32,121,0.088386,0.003977,0.045000
z_0185_531.290456.png,#4363d8,1155,0.843682,0.037966,0.045000
z_0185_531.290456.png,#5ac1d9,3949,2.884587,0.129806,0.045000
z_0185_531.290456.png,#800000,8882,6.487947,0.291958,0.045000
z_0185_531.290456.png,#808000,1702,1.243243,0.055946,0.045000
z_0185_531.290456.png,#8080ff,929,0.678598,0.030537,0.045000
z_0185_531.290456.png,#822072,746,0.544923,0.024522,0.045000
z_0185_531.290456.png,#8a2be2,1829,1.336012,0.060121,0.045000
z_0185_531.290456.png,#8b99c5,3378,2.467495,0.111037,0.045000
z_0185_531.290456.png,#f58231,99,0.072316,0.003254,0.045000
z_0185_531.290456.png,#ff00ff,20873,15.246896,0.686110,0.045000
z_0185_531.290456.png,#ff1493,1555,1.135866,0.051114,0.045000
z_0185_531.290456.png,#ff4500,1225,0.894814,0.040267,0.045000
z_0185_531.290456.png,#ff8000,931,0.680058,0.030603,0.045000
z_0185_531.290456.png,#ffff00,1400,1.022644,0.046019,0.045000
z_0186_532.302905.png,#000080,6029,4.403944,0.198178,0.045000
z_0186_532.302905.png,#008000,1264,0.923302,0.041549,0.045000
z_0186_532.302905.png,#00ff80,2570,1.877283,0.084478,0.045000
z_0186_532.302905.png,#00ffff,3488,2.547845,0.114653,0.045000
z_0186_532.302905.png,#20b2aa,228,0.166545,0.007495,0.045000
z_0186_532.302905.png,#32cd32,142,0.103725,0.004668,0.045000
z_0186_532.302905.png,#4363d8,1236,0.902849,0.040628,0.045000
z_0186_532.302905.png,#5ac1d9,4294,3.136596,0.141147,0.045000
z_0186_532.302905.png,#800000,8745,6.387874,0.287454,0.045000
z_0186_532.302905.png,#808000,1886,1.377648,0.061994,0.045000
z_0186_532.302905.png,#8080ff,984,0.718773,0.032345,0.045000
z_0186_532.302905.png,#822072,669,0.488678,0.021991,0.045000
z_0186_532.302905.png,#8a2be2,1585,1.157779,0.052100,0.045000
z_0186_532.302905.png,#8b99c5,3298,2.409058,0.108408,0.045000
z_0186_532.302905.png,#f58231,88,0.064280,0.002893,0.045000
z_0186_532.302905.png,#ff00ff,22518,16.448503,0.740183,0.045000
z_0186_532.302905.png,#ff1493,2511,1.834186,0.082538,0.045000
z_0186_532.302905.png,#ff4500,1234,0.901388,0.040562,0.045000
z_0186_532.302905.png,#ff8000,920,0.672023,0.030241,0.045000
z_0186_532.302905.png,#ffff00,1137,0.830533,0.037374,0.045000
z_0187_533.315353.png,#000080,6039,4.411249,0.198506,0.045000
z_0187_533.315353.png,#008000,1268,0.926224,0.041680,0.045000
z_0187_533.315353.png,#00ff80,2592,1.893353,0.085201,0.045000
z_0187_533.315353.png,#00ffff,3488,2.547845,0.114653,0.045000
z_0187_533.315353.png,#20b2aa,226,0.165084,0.007429,0.045000
z_0187_533.315353.png,#32cd32,146,0.106647,0.004799,0.045000
z_0187_533.315353.png,#4363d8,1235,0.902118,0.040595,0.045000
z_0187_533.315353.png,#5ac1d9,4307,3.146092,0.141574,0.045000
z_0187_533.315353.png,#800000,8754,6.394449,0.287750,0.045000
z_0187_533.315353.png,#808000,1882,1.374726,0.061863,0.045000
z_0187_533.315353.png,#8080ff,989,0.722425,0.032509,0.045000
z_0187_533.315353.png,#822072,669,0.488678,0.021991,0.045000
z_0187_533.315353.png,#8a2be2,1563,1.141709,0.051377,0.045000
z_0187_533.315353.png,#8b99c5,3297,2.408327,0.108375,0.045000
z_0187_533.315353.png,#f58231,86,0.062820,0.002827,0.045000
z_0187_533.315353.png,#ff00ff,22509,16.441928,0.739887,0.045000
z_0187_533.315353.png,#ff1493,2488,1.817385,0.081782,0.045000
z_0187_533.315353.png,#ff4500,1231,0.899196,0.040464,0.045000
z_0187_533.315353.png,#ff8000,919,0.671293,0.030208,0.045000
z_0187_533.315353.png,#ffff00,1140,0.832725,0.037473,0.045000
z_0188_534.327801.png,#000080,6854,5.006574,0.225296,0.045000
z_0188_534.327801.png,#008000,1253,0.915267,0.041187,0.045000
z_0188_534.327801.png,#00ff80,2683,1.959825,0.088192,0.045000
z_0188_534.327801.png,#00ffff,3394,2.479182,0.111563,0.045000
z_0188_534.327801.png,#20b2aa,160,0.116874,0.005259,0.045000
z_0188_534.327801.png,#32cd32,215,0.157049,0.007067,0.045000
z_0188_534.327801.png,#4363d8,1133,0.827611,0.037243,0.045000
z_0188_534.327801.png,#5ac1d9,5006,3.656684,0.164551,0.045000
z_0188_534.327801.png,#800000,8942,6.531775,0.293930,0.045000
z_0188_534.327801.png,#808000,2057,1.502557,0.067615,0.045000
z_0188_534.327801.png,#8080ff,1484,1.084003,0.048780,0.045000
z_0188_534.327801.png,#822072,547,0.399562,0.017980,0.045000
z_0188_534.327801.png,#8a2be2,1358,0.991965,0.044638,0.045000
z_0188_534.327801.png,#8b99c5,3220,2.352082,0.105844,0.045000
z_0188_534.327801.png,#f58231,50,0.036523,0.001644,0.045000
z_0188_534.327801.png,#ff00ff,25569,18.677137,0.840471,0.045000
z_0188_534.327801.png,#ff1493,1593,1.163623,0.052363,0.045000
z_0188_534.327801.png,#ff4500,1277,0.932798,0.041976,0.045000
z_0188_534.327801.png,#ff8000,855,0.624543,0.028104,0.045000
z_0188_534.327801.png,#ffff00,904,0.660336,0.029715,0.045000
z_0189_535.340249.png,#000080,7193,5.254200,0.236439,0.045000
z_0189_535.340249.png,#008000,1153,0.842221,0.037900,0.045000
z_0189_535.340249.png,#00ff80,2551,1.863404,0.083853,0.045000
z_0189_535.340249.png,#00ffff,3476,2.539080,0.114259,0.045000
z_0189_535.340249.png,#20b2aa,119,0.086925,0.003912,0.045000
z_0189_535.340249.png,#32cd32,246,0.179693,0.008086,0.045000
z_0189_535.340249.png,#4363d8,1049,0.766253,0.034481,0.045000
z_0189_535.340249.png,#5ac1d9,5346,3.905040,0.175727,0.045000
z_0189_535.340249.png,#800000,8906,6.505478,0.292747,0.045000
z_0189_535.340249.png,#808000,2047,1.495252,0.067286,0.045000
z_0189_535.340249.png,#8080ff,1641,1.198685,0.053941,0.045000
z_0189_535.340249.png,#822072,478,0.349160,0.015712,0.045000
z_0189_535.340249.png,#8a2be2,1593,1.163623,0.052363,0.045000
z_0189_535.340249.png,#8b99c5,3160,2.308254,0.103871,0.045000
z_0189_535.340249.png,#f58231,51,0.037253,0.001676,0.045000
z_0189_535.340249.png,#ff00ff,26718,19.516435,0.878240,0.045000
z_0189_535.340249.png,#ff1493,3043,2.222790,0.100026,0.045000
z_0189_535.340249.png,#ff4500,1278,0.933528,0.042009,0.045000
z_0189_535.340249.png,#ff8000,886,0.647188,0.029123,0.045000
z_0189_535.340249.png,#ffff00,771,0.563185,0.025343,0.045000
z_0190_536.352697.png,#000080,7353,5.371074,0.241698,0.045000
z_0190_536.352697.png,#008000,1017,0.742878,0.033430,0.045000
z_0190_536.352697.png,#00ff80,2314,1.690285,0.076063,0.045000
z_0190_536.352697.png,#00ffff,3570,2.607743,0.117348,0.045000
z_0190_536.352697.png,#20b2aa,62,0.045289,0.002038,0.045000
z_0190_536.352697.png,#32cd32,299,0.218408,0.009828,0.045000
z_0190_536.352697.png,#4363d8,987,0.720964,0.032443,0.045000
z_0190_536.352697.png,#5ac1d9,5722,4.179693,0.188086,0.045000
z_0190_536.352697.png,#800000,9146,6.680789,0.300636,0.045000
z_0190_536.352697.png,#808000,2035,1.486486,0.066892,0.045000
z_0190_536.352697.png,#8080ff,1715,1.252739,0.056373,0.045000
z_0190_536.352697.png,#822072,445,0.325055,0.014627,0.045000
z_0190_536.352697.png,#8a2be2,1979,1.445581,0.065051,0.045000
z_0190_536.352697.png,#8b99c5,3083,2.252009,0.101340,0.045000
z_0190_536.352697.png,#f58231,53,0.038714,0.001742,0.045000
z_0190_536.352697.png,#ff00ff,27769,20.284149,0.912787,0.045000
z_0190_536.352697.png,#ff1493,2603,1.901388,0.085562,0.045000
z_0190_536.352697.png,#ff4500,1336,0.975895,0.043915,0.045000
z_0190_536.352697.png,#ff8000,911,0.665449,0.029945,0.045000
z_0190_536.352697.png,#ffff00,670,0.489408,0.022023,0.045000
z_0191_537.365145.png,#000080,7449,5.441198,0.244854,0.045000
z_0191_537.365145.png,#008000,1054,0.769905,0.034646,0.045000
z_0191_537.365145.png,#00ff80,2184,1.595325,0.071790,0.045000
z_0191_537.365145.png,#00ffff,3681,2.688824,0.120997,0.045000
z_0191_537.365145.png,#32cd32,318,0.232286,0.010453,0.045000
z_0191_537.365145.png,#4363d8,919,0.671293,0.030208,0.045000
z_0191_537.365145.png,#5ac1d9,5995,4.379109,0.197060,0.045000
z_0191_537.365145.png,#800000,8973,6.554419,0.294949,0.045000
z_0191_537.365145.png,#808000,2209,1.613587,0.072611,0.045000
z_0191_537.365145.png,#8080ff,1769,1.292184,0.058148,0.045000
z_0191_537.365145.png,#822072,435,0.317750,0.014299,0.045000
z_0191_537.365145.png,#8a2be2,2367,1.728999,0.077805,0.045000
z_0191_537.365145.png,#8b99c5,2974,2.172389,0.097757,0.045000
z_0191_537.365145.png,#f58231,67,0.048941,0.002202,0.045000
z_0191_537.365145.png,#ff00ff,28334,20.696859,0.931359,0.045000
z_0191_537.365145.png,#ff1493,1899,1.387144,0.062421,0.045000
z_0191_537.365145.png,#ff4500,1312,0.958364,0.043126,0.045000
z_0191_537.365145.png,#ff8000,953,0.696129,0.031326,0.045000
z_0191_537.365145.png,#ffff00,622,0.454346,0.020446,0.045000
z_0192_538.377593.png,#000080,7447,5.439737,0.244788,0.045000
z_0192_538.377593.png,#008000,1045,0.763331,0.034350,0.045000
z_0192_538.377593.png,#00ff80,2187,1.597516,0.071888,0.045000
z_0192_538.377593.png,#00ffff,3692,2.696859,0.121359,0.045000
z_0192_538.377593.png,#20b2aa,2,0.001461,0.000066,0.045000
z_0192_538.377593.png,#32cd32,324,0.236669,0.010650,0.045000
z_0192_538.377593.png,#4363d8,921,0.672754,0.030274,0.045000
z_0192_538.377593.png,#5ac1d9,6030,4.404675,0.198210,0.045000
z_0192_538.377593.png,#800000,8976,6.556611,0.295047,0.045000
z_0192_538.377593.png,#808000,2213,1.616508,0.072743,0.045000
z_0192_538.377593.png,#8080ff,1765,1.289262,0.058017,0.045000
z_0192_538.377593.png,#822072,429,0.313367,0.014102,0.045000
z_0192_538.377593.png,#8a2be2,2363,1.726077,0.077673,0.045000
z_0192_538.377593.png,#8b99c5,2977,2.174580,0.097856,0.045000
z_0192_538.377593.png,#f58231,63,0.046019,0.002071,0.045000
z_0192_538.377593.png,#ff00ff,28334,20.696859,0.931359,0.045000
z_0192_538.377593.png,#ff1493,1898,1.386413,0.062389,0.045000
z_0192_538.377593.png,#ff4500,1306,0.953981,0.042929,0.045000
z_0192_538.377593.png,#ff8000,953,0.696129,0.031326,0.045000
z_0192_538.377593.png,#ffff00,616,0.449963,0.020248,0.045000
z_0193_539.390041.png,#000080,7837,5.724617,0.257608,0.045000
z_0193_539.390041.png,#008000,1118,0.816654,0.036749,0.045000
z_0193_539.390041.png,#00ff80,1769,1.292184,0.058148,0.045000
z_0193_539.390041.png,#00ffff,4035,2.947407,0.132633,0.045000
z_0193_539.390041.png,#32cd32,389,0.284149,0.012787,0.045000
z_0193_539.390041.png,#4363d8,836,0.610665,0.027480,0.045000
z_0193_539.390041.png,#5ac1d9,6941,5.070124,0.228156,0.045000
z_0193_539.390041.png,#800000,8773,6.408327,0.288375,0.045000
z_0193_539.390041.png,#808000,2266,1.655223,0.074485,0.045000
z_0193_539.390041.png,#8080ff,1809,1.321402,0.059463,0.045000
z_0193_539.390041.png,#822072,316,0.230825,0.010387,0.045000
z_0193_539.390041.png,#8a2be2,2614,1.909423,0.085924,0.045000
z_0193_539.390041.png,#8b99c5,2835,2.070855,0.093188,0.045000
z_0193_539.390041.png,#f58231,75,0.054785,0.002465,0.045000
z_0193_539.390041.png,#ff00ff,29188,21.320672,0.959430,0.045000
z_0193_539.390041.png,#ff1493,1432,1.046019,0.047071,0.045000
z_0193_539.390041.png,#ff4500,1086,0.793280,0.035698,0.045000
z_0193_539.390041.png,#ff8000,1037,0.757487,0.034087,0.045000
z_0193_539.390041.png,#ffff00,467,0.341125,0.015351,0.045000
z_0194_540.402490.png,#000080,7796,5.694668,0.256260,0.045000
z_0194_540.402490.png,#008000,1094,0.799123,0.035961,0.045000
z_0194_540.402490.png,#00ff80,1783,1.302411,0.058608,0.045000
z_0194_540.402490.png,#00ffff,4095,2.991234,0.134606,0.045000
z_0194_540.402490.png,#32cd32,479,0.349890,0.015745,0.045000
z_0194_540.402490.png,#4363d8,789,0.576333,0.025935,0.045000
z_0194_540.402490.png,#5ac1d9,3608,2.635500,0.118598,0.045000
z_0194_540.402490.png,#800000,8174,5.970782,0.268685,0.045000
z_0194_540.402490.png,#808000,1594,1.164354,0.052396,0.045000
z_0194_540.402490.png,#8080ff,1882,1.374726,0.061863,0.045000
z_0194_540.402490.png,#822072,252,0.184076,0.008283,0.045000
z_0194_540.402490.png,#8a2be2,2524,1.843682,0.082966,0.045000
z_0194_540.402490.png,#8b99c5,2477,1.809350,0.081421,0.045000
z_0194_540.402490.png,#f58231,56,0.040906,0.001841,0.045000
z_0194_540.402490.png,#ff00ff,29606,21.626004,0.973170,0.045000
z_0194_540.402490.png,#ff1493,781,0.570489,0.025672,0.045000
z_0194_540.402490.png,#ff4500,927,0.677137,0.030471,0.045000
z_0194_540.402490.png,#ff8000,1111,0.811541,0.036519,0.045000
z_0194_540.402490.png,#ffff00,352,0.257122,0.011570,0.045000
z_0195_541.414938.png,#000080,7774,5.678598,0.255537,0.045000
z_0195_541.414938.png,#008000,1090,0.796202,0.035829,0.045000
z_0195_541.414938.png,#00ff80,1790,1.307524,0.058839,0.045000
z_0195_541.414938.png,#00ffff,4091,2.988313,0.134474,0.045000
z_0195_541.414938.png,#32cd32,482,0.352082,0.015844,0.045000
z_0195_541.414938.png,#4363d8,779,0.569028,0.025606,0.045000
z_0195_541.414938.png,#5ac1d9,3618,2.642805,0.118926,0.045000
z_0195_541.414938.png,#800000,8170,5.967860,0.268554,0.045000
z_0195_541.414938.png,#808000,1585,1.157779,0.052100,0.045000
z_0195_541.414938.png,#8080ff,1865,1.362308,0.061304,0.045000
z_0195_541.414938.png,#822072,250,0.182615,0.008218,0.045000
z_0195_541.414938.png,#8a2be2,2518,1.839299,0.082768,0.045000
z_0195_541.414938.png,#8b99c5,2472,1.805698,0.081256,0.045000
z_0195_541.414938.png,#f58231,56,0.040906,0.001841,0.045000
z_0195_541.414938.png,#ff00ff,29645,21.654492,0.974452,0.045000
z_0195_541.414938.png,#ff1493,771,0.563185,0.025343,0.045000
z_0195_541.414938.png,#ff4500,925,0.675676,0.030405,0.045000
z_0195_541.414938.png,#ff8000,1101,0.804237,0.036191,0.045000
z_0195_541.414938.png,#ffff00,367,0.268079,0.012064,0.045000
z_0196_542.427386.png,#000080,7688,5.615778,0.252710,0.045000
z_0196_542.427386.png,#008000,1117,0.815924,0.036717,0.045000
z_0196_542.427386.png,#00ff80,1822,1.330898,0.059890,0.045000
z_0196_542.427386.png,#00ffff,4131,3.017531,0.135789,0.045000
z_0196_542.427386.png,#32cd32,557,0.406866,0.018309,0.045000
z_0196_542.427386.png,#4363d8,744,0.543462,0.024456,0.045000
z_0196_542.427386.png,#5ac1d9,3739,2.731191,0.122904,0.045000
z_0196_542.427386.png,#800000,5827,4.256392,0.191538,0.045000
z_0196_542.427386.png,#808000,1363,0.995617,0.044803,0.045000
z_0196_542.427386.png,#8080ff,2027,1.480643,0.066629,0.045000
z_0196_542.427386.png,#822072,237,0.173119,0.007790,0.045000
z_0196_542.427386.png,#8a2be2,2665,1.946676,0.087600,0.045000
z_0196_542.427386.png,#8b99c5,2278,1.663988,0.074879,0.045000
z_0196_542.427386.png,#f58231,53,0.038714,0.001742,0.045000
z_0196_542.427386.png,#ff00ff,29342,21.433163,0.964492,0.045000
z_0196_542.427386.png,#ff1493,589,0.430241,0.019361,0.045000
z_0196_542.427386.png,#ff4500,866,0.632579,0.028466,0.045000
z_0196_542.427386.png,#ff8000,1183,0.864134,0.038886,0.045000
z_0196_542.427386.png,#ffff00,354,0.258583,0.011636,0.045000
z_0197_543.439834.png,#000080,7532,5.501826,0.247582,0.045000
z_0197_543.439834.png,#008000,1150,0.840029,0.037801,0.045000
z_0197_543.439834.png,#00ff80,2120,1.548576,0.069686,0.045000
z_0197_543.439834.png,#00ffff,4053,2.960555,0.133225,0.045000
z_0197_543.439834.png,#32cd32,692,0.505478,0.022747,0.045000
z_0197_543.439834.png,#4363d8,683,0.498904,0.022451,0.045000
z_0197_543.439834.png,#5ac1d9,7292,5.326516,0.239693,0.045000
z_0197_543.439834.png,#800000,5157,3.766983,0.169514,0.045000
z_0197_543.439834.png,#808000,704,0.514244,0.023141,0.045000
z_0197_543.439834.png,#8080ff,2648,1.934259,0.087042,0.045000
z_0197_543.439834.png,#822072,254,0.185537,0.008349,0.045000
z_0197_543.439834.png,#8a2be2,3126,2.283419,0.102754,0.045000
z_0197_543.439834.png,#8b99c5,1570,1.146822,0.051607,0.045000
z_0197_543.439834.png,#f58231,58,0.042367,0.001907,0.045000
z_0197_543.439834.png,#ff00ff,27952,20.417823,0.918802,0.045000
z_0197_543.439834.png,#ff1493,267,0.195033,0.008776,0.045000
z_0197_543.439834.png,#ff4500,795,0.580716,0.026132,0.045000
z_0197_543.439834.png,#ff8000,1301,0.950329,0.042765,0.045000
z_0197_543.439834.png,#ffff00,339,0.247626,0.011143,0.045000
z_0198_544.452282.png,#000080,7530,5.500365,0.247516,0.045000
z_0198_544.452282.png,#008000,1152,0.841490,0.037867,0.045000
z_0198_544.452282.png,#00ff80,2108,1.539810,0.069291,0.045000
z_0198_544.452282.png,#00ffff,4054,2.961286,0.133258,0.045000
z_0198_544.452282.png,#32cd32,698,0.509861,0.022944,0.045000
z_0198_544.452282.png,#4363d8,685,0.500365,0.022516,0.045000
z_0198_544.452282.png,#5ac1d9,7313,5.341855,0.240383,0.045000
z_0198_544.452282.png,#800000,5160,3.769175,0.169613,0.045000
z_0198_544.452282.png,#808000,711,0.519357,0.023371,0.045000
z_0198_544.452282.png,#8080ff,2651,1.936450,0.087140,0.045000
z_0198_544.452282.png,#822072,256,0.186998,0.008415,0.045000
z_0198_544.452282.png,#8a2be2,3134,2.289262,0.103017,0.045000
z_0198_544.452282.png,#8b99c5,1576,1.151205,0.051804,0.045000
z_0198_544.452282.png,#f58231,58,0.042367,0.001907,0.045000
z_0198_544.452282.png,#ff00ff,27782,20.293645,0.913214,0.045000
z_0198_544.452282.png,#ff1493,282,0.205990,0.009270,0.045000
z_0198_544.452282.png,#ff4500,789,0.576333,0.025935,0.045000
z_0198_544.452282.png,#ff8000,1252,0.914536,0.041154,0.045000
z_0198_544.452282.png,#ffff00,340,0.248356,0.011176,0.045000
z_0199_545.464730.png,#000080,6955,5.080351,0.228616,0.045000
z_0199_545.464730.png,#008000,1305,0.953251,0.042896,0.045000
z_0199_545.464730.png,#00ff80,2249,1.642805,0.073926,0.045000
z_0199_545.464730.png,#00ffff,4340,3.170197,0.142659,0.045000
z_0199_545.464730.png,#32cd32,765,0.558802,0.025146,0.045000
z_0199_545.464730.png,#4363d8,656,0.479182,0.021563,0.045000
z_0199_545.464730.png,#5ac1d9,7945,5.803506,0.261158,0.045000
z_0199_545.464730.png,#800000,5374,3.925493,0.176647,0.045000
z_0199_545.464730.png,#808000,432,0.315559,0.014200,0.045000
z_0199_545.464730.png,#8080ff,2893,2.113221,0.095095,0.045000
z_0199_545.464730.png,#822072,260,0.189920,0.008546,0.045000
z_0199_545.464730.png,#8a2be2,3461,2.528123,0.113766,0.045000
z_0199_545.464730.png,#8b99c5,1395,1.018992,0.045855,0.045000
z_0199_545.464730.png,#f58231,89,0.065011,0.002925,0.045000
z_0199_545.464730.png,#ff00ff,26956,19.690285,0.886063,0.045000
z_0199_545.464730.png,#ff1493,295,0.215486,0.009697,0.045000
z_0199_545.464730.png,#ff4500,743,0.542732,0.024423,0.045000
z_0199_545.464730.png,#ff8000,1380,1.008035,0.045362,0.045000
z_0199_545.464730.png,#ffff00,314,0.229364,0.010321,0.045000
z_0200_546.477178.png,#000080,6661,4.865595,0.218952,0.045000
z_0200_546.477178.png,#008000,1520,1.110299,0.049963,0.045000
z_0200_546.477178.png,#00ff80,2356,1.720964,0.077443,0.045000
z_0200_546.477178.png,#00ffff,4479,3.271731,0.147228,0.045000
z_0200_546.477178.png,#32cd32,868,0.634039,0.028532,0.045000
z_0200_546.477178.png,#4363d8,627,0.457999,0.020610,0.045000
z_0200_546.477178.png,#5ac1d9,8194,5.985391,0.269343,0.045000
z_0200_546.477178.png,#800000,5205,3.802045,0.171092,0.045000
z_0200_546.477178.png,#808000,241,0.176041,0.007922,0.045000
z_0200_546.477178.png,#8080ff,3327,2.430241,0.109361,0.045000
z_0200_546.477178.png,#822072,264,0.192841,0.008678,0.045000
z_0200_546.477178.png,#8a2be2,3765,2.750183,0.123758,0.045000
z_0200_546.477178.png,#8b99c5,1090,0.796202,0.035829,0.045000
z_0200_546.477178.png,#f58231,97,0.070855,0.003188,0.045000
z_0200_546.477178.png,#ff00ff,25531,18.649379,0.839222,0.045000
z_0200_546.477178.png,#ff1493,258,0.188459,0.008481,0.045000
z_0200_546.477178.png,#ff4500,721,0.526662,0.023700,0.045000
z_0200_546.477178.png,#ff8000,1506,1.100073,0.049503,0.045000
z_0200_546.477178.png,#ffff00,315,0.230095,0.010354,0.045000
z_0201_547.489627.png,#000080,6487,4.738495,0.213232,0.045000
z_0201_547.489627.png,#008000,1983,1.448503,0.065183,0.045000
z_0201_547.489627.png,#00ff80,2504,1.829072,0.082308,0.045000
z_0201_547.489627.png,#00ffff,4591,3.353543,0.150909,0.045000
z_0201_547.489627.png,#32cd32,967,0.706355,0.031786,0.045000
z_0201_547.489627.png,#4363d8,596,0.435354,0.019591,0.045000
z_0201_547.489627.png,#5ac1d9,8451,6.173119,0.277790,0.045000
z_0201_547.489627.png,#800000,4874,3.560263,0.160212,0.045000
z_0201_547.489627.png,#8080ff,3934,2.873630,0.129313,0.045000
z_0201_547.489627.png,#822072,287,0.209642,0.009434,0.045000
z_0201_547.489627.png,#8a2be2,3984,2.910153,0.130957,0.045000
z_0201_547.489627.png,#8b99c5,819,0.598247,0.026921,0.045000
z_0201_547.489627.png,#f58231,125,0.091308,0.004109,0.045000
z_0201_547.489627.png,#ff00ff,24149,17.639883,0.793795,0.045000
z_0201_547.489627.png,#ff1493,285,0.208181,0.009368,0.045000
z_0201_547.489627.png,#ff4500,705,0.514974,0.023174,0.045000
z_0201_547.489627.png,#ff8000,1598,1.167275,0.052527,0.045000
z_0201_547.489627.png,#ffff00,337,0.246165,0.011077,0.045000
z_0202_548.502075.png,#000080,6480,4.733382,0.213002,0.045000
z_0202_548.502075.png,#008000,1973,1.441198,0.064854,0.045000
z_0202_548.502075.png,#00ff80,2508,1.831994,0.082440,0.045000
z_0202_548.502075.png,#00ffff,4597,3.357925,0.151107,0.045000
z_0202_548.502075.png,#32cd32,975,0.712199,0.032049,0.045000
z_0202_548.502075.png,#4363d8,594,0.433893,0.019525,0.045000
z_0202_548.502075.png,#5ac1d9,8475,6.190650,0.278579,0.045000
z_0202_548.502075.png,#800000,4866,3.554419,0.159949,0.045000
z_0202_548.502075.png,#8080ff,3941,2.878744,0.129543,0.045000
z_0202_548.502075.png,#822072,288,0.210373,0.009467,0.045000
z_0202_548.502075.png,#8a2be2,3980,2.907232,0.130825,0.045000
z_0202_548.502075.png,#8b99c5,828,0.604821,0.027217,0.045000
z_0202_548.502075.png,#f58231,125,0.091308,0.004109,0.045000
z_0202_548.502075.png,#ff00ff,24108,17.609934,0.792447,0.045000
z_0202_548.502075.png,#ff1493,283,0.206720,0.009302,0.045000
z_0202_548.502075.png,#ff4500,700,0.511322,0.023009,0.045000
z_0202_548.502075.png,#ff8000,1598,1.167275,0.052527,0.045000
z_0202_548.502075.png,#ffff00,332,0.242513,0.010913,0.045000
z_0203_549.514523.png,#000080,6180,4.514244,0.203141,0.045000
z_0203_549.514523.png,#008000,2287,1.670562,0.075175,0.045000
z_0203_549.514523.png,#00ff80,2807,2.050402,0.092268,0.045000
z_0203_549.514523.png,#00ffff,4335,3.166545,0.142495,0.045000
z_0203_549.514523.png,#32cd32,1220,0.891161,0.040102,0.045000
z_0203_549.514523.png,#4363d8,565,0.412710,0.018572,0.045000
z_0203_549.514523.png,#5ac1d9,9315,6.804237,0.306191,0.045000
z_0203_549.514523.png,#800000,4106,2.999270,0.134967,0.045000
z_0203_549.514523.png,#8080ff,4665,3.407597,0.153342,0.045000
z_0203_549.514523.png,#822072,346,0.252739,0.011373,0.045000
z_0203_549.514523.png,#8a2be2,4451,3.251278,0.146308,0.045000
z_0203_549.514523.png,#8b99c5,728,0.531775,0.023930,0.045000
z_0203_549.514523.png,#f58231,195,0.142440,0.006410,0.045000
z_0203_549.514523.png,#ff00ff,22262,16.261505,0.731768,0.045000
z_0203_549.514523.png,#ff1493,1483,1.083272,0.048747,0.045000
z_0203_549.514523.png,#ff4500,740,0.540541,0.024324,0.045000
z_0203_549.514523.png,#ff8000,1687,1.232286,0.055453,0.045000
z_0203_549.514523.png,#ffff00,374,0.273192,0.012294,0.045000
z_0204_550.526971.png,#000080,5738,4.191381,0.188612,0.045000
z_0204_550.526971.png,#008000,2316,1.691746,0.076129,0.045000
z_0204_550.526971.png,#00ff80,3058,2.233747,0.100519,0.045000
z_0204_550.526971.png,#00ffff,3425,2.501826,0.112582,0.045000
z_0204_550.526971.png,#32cd32,1458,1.065011,0.047925,0.045000
z_0204_550.526971.png,#4363d8,522,0.381300,0.017159,0.045000
z_0204_550.526971.png,#5ac1d9,9722,7.101534,0.319569,0.045000
z_0204_550.526971.png,#800000,3754,2.742148,0.123397,0.045000
z_0204_550.526971.png,#8080ff,4490,3.279766,0.147589,0.045000
z_0204_550.526971.png,#822072,368,0.268809,0.012096,0.045000
z_0204_550.526971.png,#8a2be2,4688,3.424397,0.154098,0.045000
z_0204_550.526971.png,#8b99c5,873,0.637692,0.028696,0.045000
z_0204_550.526971.png,#f58231,212,0.154858,0.006969,0.045000
z_0204_550.526971.png,#ff00ff,19651,14.354273,0.645942,0.045000
z_0204_550.526971.png,#ff1493,392,0.286340,0.012885,0.045000
z_0204_550.526971.png,#ff4500,350,0.255661,0.011505,0.045000
z_0204_550.526971.png,#ff8000,1820,1.329438,0.059825,0.045000
z_0204_550.526971.png,#ffff00,440,0.321402,0.014463,0.045000
z_0205_551.539419.png,#000080,5576,4.073046,0.183287,0.045000
z_0205_551.539419.png,#008000,2346,1.713660,0.077115,0.045000
z_0205_551.539419.png,#00ff80,3203,2.339664,0.105285,0.045000
z_0205_551.539419.png,#00ffff,3146,2.298028,0.103411,0.045000
z_0205_551.539419.png,#32cd32,1560,1.139518,0.051278,0.045000
z_0205_551.539419.png,#4363d8,514,0.375457,0.016896,0.045000
z_0205_551.539419.png,#5ac1d9,9824,7.176041,0.322922,0.045000
z_0205_551.539419.png,#800000,3511,2.564646,0.115409,0.045000
z_0205_551.539419.png,#8080ff,4177,3.051132,0.137301,0.045000
z_0205_551.539419.png,#822072,375,0.273923,0.012327,0.045000
z_0205_551.539419.png,#8a2be2,4650,3.396640,0.152849,0.045000
z_0205_551.539419.png,#8b99c5,814,0.594595,0.026757,0.045000
z_0205_551.539419.png,#f58231,206,0.150475,0.006771,0.045000
z_0205_551.539419.png,#ff00ff,17635,12.881665,0.579675,0.045000
z_0205_551.539419.png,#ff1493,404,0.295106,0.013280,0.045000
z_0205_551.539419.png,#ff4500,204,0.149014,0.006706,0.045000
z_0205_551.539419.png,#ff8000,1914,1.398101,0.062915,0.045000
z_0205_551.539419.png,#ffff00,488,0.356465,0.016041,0.045000
z_0206_552.551867.png,#000080,5463,3.990504,0.179573,0.045000
z_0206_552.551867.png,#008000,2281,1.666180,0.074978,0.045000
z_0206_552.551867.png,#00ff80,3337,2.437546,0.109690,0.045000
z_0206_552.551867.png,#00ffff,2948,2.153397,0.096903,0.045000
z_0206_552.551867.png,#32cd32,1709,1.248356,0.056176,0.045000
z_0206_552.551867.png,#4363d8,534,0.390066,0.017553,0.045000
z_0206_552.551867.png,#5ac1d9,10278,7.507670,0.337845,0.045000
z_0206_552.551867.png,#800000,3320,2.425128,0.109131,0.045000
z_0206_552.551867.png,#8080ff,3485,2.545654,0.114554,0.045000
z_0206_552.551867.png,#822072,406,0.296567,0.013346,0.045000
z_0206_552.551867.png,#8a2be2,4423,3.230825,0.145387,0.045000
z_0206_552.551867.png,#8b99c5,696,0.508400,0.022878,0.045000
z_0206_552.551867.png,#f58231,187,0.136596,0.006147,0.045000
z_0206_552.551867.png,#ff00ff,16306,11.910884,0.535990,0.045000
z_0206_552.551867.png,#ff1493,704,0.514244,0.023141,0.045000
z_0206_552.551867.png,#ff4500,113,0.082542,0.003714,0.045000
z_0206_552.551867.png,#ff8000,1994,1.456538,0.065544,0.045000
z_0206_552.551867.png,#ffff00,644,0.470416,0.021169,0.045000
z_0207_553.564315.png,#000080,5342,3.902118,0.175595,0.045000
z_0207_553.564315.png,#008000,2362,1.725347,0.077641,0.045000
z_0207_553.564315.png,#00ff80,3558,2.598977,0.116954,0.045000
z_0207_553.564315.png,#00ffff,2608,1.905040,0.085727,0.045000
z_0207_553.564315.png,#32cd32,1795,1.311176,0.059003,0.045000
z_0207_553.564315.png,#4363d8,521,0.380570,0.017126,0.045000
z_0207_553.564315.png,#5ac1d9,10364,7.570489,0.340672,0.045000
z_0207_553.564315.png,#800000,3115,2.275383,0.102392,0.045000
z_0207_553.564315.png,#8080ff,2934,2.143170,0.096443,0.045000
z_0207_553.564315.png,#822072,384,0.280497,0.012622,0.045000
z_0207_553.564315.png,#8a2be2,4058,2.964207,0.133389,0.045000
z_0207_553.564315.png,#8b99c5,590,0.430972,0.019394,0.045000
z_0207_553.564315.png,#f58231,131,0.095690,0.004306,0.045000
z_0207_553.564315.png,#ff00ff,15449,11.284879,0.507820,0.045000
z_0207_553.564315.png,#ff1493,628,0.458729,0.020643,0.045000
z_0207_553.564315.png,#ff4500,89,0.065011,0.002925,0.045000
z_0207_553.564315.png,#ff8000,2052,1.498904,0.067451,0.045000
z_0207_553.564315.png,#ffff00,869,0.634770,0.028565,0.045000
z_0208_554.576763.png,#000080,5150,3.761870,0.169284,0.045000
z_0208_554.576763.png,#008000,2347,1.714390,0.077148,0.045000
z_0208_554.576763.png,#00ff80,3732,2.726077,0.122673,0.045000
z_0208_554.576763.png,#00ffff,2374,1.734112,0.078035,0.045000
z_0208_554.576763.png,#32cd32,1926,1.406866,0.063309,0.045000
z_0208_554.576763.png,#4363d8,517,0.377648,0.016994,0.045000
z_0208_554.576763.png,#5ac1d9,10797,7.886779,0.354905,0.045000
z_0208_554.576763.png,#800000,2985,2.180424,0.098119,0.045000
z_0208_554.576763.png,#8080ff,2593,1.894083,0.085234,0.045000
z_0208_554.576763.png,#822072,396,0.289262,0.013017,0.045000
z_0208_554.576763.png,#8a2be2,3815,2.786706,0.125402,0.045000
z_0208_554.576763.png,#8b99c5,400,0.292184,0.013148,0.045000
z_0208_554.576763.png,#f58231,51,0.037253,0.001676,0.045000
z_0208_554.576763.png,#ff00ff,15231,11.125639,0.500654,0.045000
z_0208_554.576763.png,#ff1493,685,0.500365,0.022516,0.045000
z_0208_554.576763.png,#ff4500,24,0.017531,0.000789,0.045000
z_0208_554.576763.png,#ff8000,2076,1.516435,0.068240,0.045000
z_0208_554.576763.png,#ffff00,1086,0.793280,0.035698,0.045000
z_0209_555.589212.png,#000080,4978,3.636231,0.163630,0.045000
z_0209_555.589212.png,#008000,2355,1.720234,0.077411,0.045000
z_0209_555.589212.png,#00ff80,3806,2.780131,0.125106,0.045000
z_0209_555.589212.png,#00ffff,2095,1.530314,0.068864,0.045000
z_0209_555.589212.png,#32cd32,2049,1.496713,0.067352,0.045000
z_0209_555.589212.png,#4363d8,513,0.374726,0.016863,0.045000
z_0209_555.589212.png,#5ac1d9,10699,7.815194,0.351684,0.045000
z_0209_555.589212.png,#800000,2938,2.146092,0.096574,0.045000
z_0209_555.589212.png,#8080ff,2193,1.601899,0.072085,0.045000
z_0209_555.589212.png,#822072,398,0.290723,0.013083,0.045000
z_0209_555.589212.png,#8a2be2,3648,2.664719,0.119912,0.045000
z_0209_555.589212.png,#8b99c5,199,0.145362,0.006541,0.045000
z_0209_555.589212.png,#f58231,38,0.027757,0.001249,0.045000
z_0209_555.589212.png,#ff00ff,14542,10.622352,0.478006,0.045000
z_0209_555.589212.png,#ff1493,903,0.659606,0.029682,0.045000
z_0209_555.589212.png,#ff8000,2166,1.582177,0.071198,0.045000
z_0209_555.589212.png,#ffff00,1130,0.825420,0.037144,0.045000
z_0210_556.601660.png,#000080,4689,3.425128,0.154131,0.045000
z_0210_556.601660.png,#008000,2420,1.767714,0.079547,0.045000
z_0210_556.601660.png,#00ff80,3844,2.807889,0.126355,0.045000
z_0210_556.601660.png,#00ffff,1865,1.362308,0.061304,0.045000
z_0210_556.601660.png,#32cd32,2151,1.571220,0.070705,0.045000
z_0210_556.601660.png,#4363d8,505,0.368882,0.016600,0.045000
z_0210_556.601660.png,#5ac1d9,10630,7.764792,0.349416,0.045000
z_0210_556.601660.png,#800000,3000,2.191381,0.098612,0.045000
z_0210_556.601660.png,#8080ff,1776,1.297297,0.058378,0.045000
z_0210_556.601660.png,#822072,395,0.288532,0.012984,0.045000
z_0210_556.601660.png,#8a2be2,3261,2.382031,0.107191,0.045000
z_0210_556.601660.png,#8b99c5,60,0.043828,0.001972,0.045000
z_0210_556.601660.png,#f58231,44,0.032140,0.001446,0.045000
z_0210_556.601660.png,#ff00ff,13750,10.043828,0.451972,0.045000
z_0210_556.601660.png,#ff1493,1176,0.859021,0.038656,0.045000
z_0210_556.601660.png,#ff8000,2174,1.588020,0.071461,0.045000
z_0210_556.601660.png,#ffff00,1208,0.882396,0.039708,0.045000
z_0211_557.614108.png,#000080,4681,3.419284,0.153868,0.045000
z_0211_557.614108.png,#008000,2418,1.766253,0.079481,0.045000
z_0211_557.614108.png,#00ff80,3835,2.801315,0.126059,0.045000
z_0211_557.614108.png,#00ffff,1849,1.350621,0.060778,0.045000
z_0211_557.614108.png,#32cd32,2157,1.575603,0.070902,0.045000
z_0211_557.614108.png,#4363d8,505,0.368882,0.016600,0.045000
z_0211_557.614108.png,#5ac1d9,10615,7.753835,0.348923,0.045000
z_0211_557.614108.png,#800000,3004,2.194302,0.098744,0.045000
z_0211_557.614108.png,#8080ff,1764,1.288532,0.057984,0.045000
z_0211_557.614108.png,#822072,394,0.287801,0.012951,0.045000
z_0211_557.614108.png,#8a2be2,3257,2.379109,0.107060,0.045000
z_0211_557.614108.png,#8b99c5,59,0.043097,0.001939,0.045000
z_0211_557.614108.png,#f58231,44,0.032140,0.001446,0.045000
z_0211_557.614108.png,#ff00ff,13730,10.029218,0.451315,0.045000
z_0211_557.614108.png,#ff1493,1170,0.854638,0.038459,0.045000
z_0211_557.614108.png,#ff8000,2169,1.584368,0.071297,0.045000
z_0211_557.614108.png,#ffff00,1209,0.883126,0.039741,0.045000
z_0212_558.626556.png,#000080,1593,1.163623,0.052363,0.045000
z_0212_558.626556.png,#008000,2523,1.842951,0.082933,0.045000
z_0212_558.626556.png,#00ff80,4041,2.951790,0.132831,0.045000
z_0212_558.626556.png,#00ffff,1777,1.298028,0.058411,0.045000
z_0212_558.626556.png,#32cd32,2487,1.816654,0.081749,0.045000
z_0212_558.626556.png,#4363d8,457,0.333820,0.015022,0.045000
z_0212_558.626556.png,#5ac1d9,10640,7.772096,0.349744,0.045000
z_0212_558.626556.png,#800000,2869,2.095690,0.094306,0.045000
z_0212_558.626556.png,#8080ff,1251,0.913806,0.041121,0.045000
z_0212_558.626556.png,#822072,372,0.271731,0.012228,0.045000
z_0212_558.626556.png,#8a2be2,2788,2.036523,0.091644,0.045000
z_0212_558.626556.png,#8b99c5,28,0.020453,0.000920,0.045000
z_0212_558.626556.png,#f58231,78,0.056976,0.002564,0.045000
z_0212_558.626556.png,#ff00ff,12715,9.287801,0.417951,0.045000
z_0212_558.626556.png,#ff1493,1588,1.159971,0.052199,0.045000
z_0212_558.626556.png,#ff8000,2266,1.655223,0.074485,0.045000
z_0212_558.626556.png,#ffff00,1232,0.899927,0.040497,0.045000
z_0213_559.639004.png,#000080,1189,0.868517,0.039083,0.045000
z_0213_559.639004.png,#008000,2687,1.962747,0.088324,0.045000
z_0213_559.639004.png,#00ff80,4113,3.004383,0.135197,0.045000
z_0213_559.639004.png,#00ffff,1790,1.307524,0.058839,0.045000
z_0213_559.639004.png,#32cd32,2596,1.896275,0.085332,0.045000
z_0213_559.639004.png,#4363d8,437,0.319211,0.014364,0.045000
z_0213_559.639004.png,#5ac1d9,10747,7.850256,0.353262,0.045000
z_0213_559.639004.png,#800000,3037,2.218408,0.099828,0.045000
z_0213_559.639004.png,#8080ff,1014,0.740687,0.033331,0.045000
z_0213_559.639004.png,#822072,358,0.261505,0.011768,0.045000
z_0213_559.639004.png,#8a2be2,2682,1.959094,0.088159,0.045000
z_0213_559.639004.png,#8b99c5,33,0.024105,0.001085,0.045000
z_0213_559.639004.png,#f58231,79,0.057706,0.002597,0.045000
z_0213_559.639004.png,#ff00ff,12181,8.897736,0.400398,0.045000
z_0213_559.639004.png,#ff1493,1868,1.364500,0.061402,0.045000
z_0213_559.639004.png,#ff8000,2192,1.601169,0.072053,0.045000
z_0213_559.639004.png,#ffff00,1150,0.840029,0.037801,0.045000
z_0214_560.651452.png,#000080,1188,0.867787,0.039050,0.045000
z_0214_560.651452.png,#008000,2686,1.962016,0.088291,0.045000
z_0214_560.651452.png,#00ff80,4133,3.018992,0.135855,0.045000
z_0214_560.651452.png,#00ffff,1791,1.308254,0.058871,0.045000
z_0214_560.651452.png,#32cd32,2604,1.902118,0.085595,0.045000
z_0214_560.651452.png,#4363d8,443,0.323594,0.014562,0.045000
z_0214_560.651452.png,#5ac1d9,10727,7.835646,0.352604,0.045000
z_0214_560.651452.png,#800000,3039,2.219869,0.099894,0.045000
z_0214_560.651452.png,#8080ff,1007,0.735573,0.033101,0.045000
z_0214_560.651452.png,#822072,356,0.260044,0.011702,0.045000
z_0214_560.651452.png,#8a2be2,2686,1.962016,0.088291,0.045000
z_0214_560.651452.png,#8b99c5,33,0.024105,0.001085,0.045000
z_0214_560.651452.png,#f58231,80,0.058437,0.002630,0.045000
z_0214_560.651452.png,#ff00ff,12213,8.921110,0.401450,0.045000
z_0214_560.651452.png,#ff1493,1877,1.371074,0.061698,0.045000
z_0214_560.651452.png,#ff8000,2190,1.599708,0.071987,0.045000
z_0214_560.651452.png,#ffff00,1148,0.838568,0.037736,0.045000
z_0215_561.663900.png,#000080,267,0.195033,0.008776,0.045000
z_0215_561.663900.png,#008000,2392,1.747261,0.078627,0.045000
z_0215_561.663900.png,#00ff80,3987,2.912345,0.131056,0.045000
z_0215_561.663900.png,#00ffff,1834,1.339664,0.060285,0.045000
z_0215_561.663900.png,#32cd32,3132,2.287801,0.102951,0.045000
z_0215_561.663900.png,#4363d8,425,0.310446,0.013970,0.045000
z_0215_561.663900.png,#5ac1d9,9856,7.199416,0.323974,0.045000
z_0215_561.663900.png,#800000,2243,1.638422,0.073729,0.045000
z_0215_561.663900.png,#8080ff,336,0.245435,0.011045,0.045000
z_0215_561.663900.png,#822072,300,0.219138,0.009861,0.045000
z_0215_561.663900.png,#8a2be2,2845,2.078159,0.093517,0.045000
z_0215_561.663900.png,#f58231,53,0.038714,0.001742,0.045000
z_0215_561.663900.png,#ff00ff,11355,8.294375,0.373247,0.045000
z_0215_561.663900.png,#ff1493,2007,1.466034,0.065972,0.045000
z_0215_561.663900.png,#ff8000,2385,1.742148,0.078397,0.045000
z_0215_561.663900.png,#ffff00,1169,0.853908,0.038426,0.045000
z_0216_562.676349.png,#000080,267,0.195033,0.008776,0.045000
z_0216_562.676349.png,#008000,2388,1.744339,0.078495,0.045000
z_0216_562.676349.png,#00ff80,3997,2.919649,0.131384,0.045000
z_0216_562.676349.png,#00ffff,1831,1.337473,0.060186,0.045000
z_0216_562.676349.png,#32cd32,3147,2.298758,0.103444,0.045000
z_0216_562.676349.png,#4363d8,424,0.309715,0.013937,0.045000
z_0216_562.676349.png,#5ac1d9,9875,7.213294,0.324598,0.045000
z_0216_562.676349.png,#800000,2238,1.634770,0.073565,0.045000
z_0216_562.676349.png,#8080ff,354,0.258583,0.011636,0.045000
z_0216_562.676349.png,#822072,297,0.216947,0.009763,0.045000
z_0216_562.676349.png,#8a2be2,2851,2.082542,0.093714,0.045000
z_0216_562.676349.png,#f58231,52,0.037984,0.001709,0.045000
z_0216_562.676349.png,#ff00ff,11363,8.300219,0.373510,0.045000
z_0216_562.676349.png,#ff1493,2020,1.475530,0.066399,0.045000
z_0216_562.676349.png,#ff8000,2386,1.742878,0.078430,0.045000
z_0216_562.676349.png,#ffff00,1169,0.853908,0.038426,0.045000
z_0217_563.688797.png,#000080,263,0.192111,0.008645,0.045000
z_0217_563.688797.png,#008000,2215,1.617969,0.072809,0.045000
z_0217_563.688797.png,#00ff80,4106,2.999270,0.134967,0.045000
z_0217_563.688797.png,#00ffff,1827,1.334551,0.060055,0.045000
z_0217_563.688797.png,#32cd32,3277,2.393718,0.107717,0.045000
z_0217_563.688797.png,#4363d8,402,0.293645,0.013214,0.045000
z_0217_563.688797.png,#5ac1d9,9331,6.815924,0.306717,0.045000
z_0217_563.688797.png,#800000,1315,0.960555,0.043225,0.045000
z_0217_563.688797.png,#8080ff,25,0.018262,0.000822,0.045000
z_0217_563.688797.png,#822072,256,0.186998,0.008415,0.045000
z_0217_563.688797.png,#8a2be2,2939,2.146822,0.096607,0.045000
z_0217_563.688797.png,#ff00ff,10465,7.644266,0.343992,0.045000
z_0217_563.688797.png,#ff1493,2122,1.550037,0.069752,0.045000
z_0217_563.688797.png,#ff8000,2379,1.737765,0.078199,0.045000
z_0217_563.688797.png,#ffff00,1186,0.866326,0.038985,0.045000
z_0218_564.701245.png,#000080,263,0.192111,0.008645,0.045000
z_0218_564.701245.png,#008000,2210,1.614317,0.072644,0.045000
z_0218_564.701245.png,#00ff80,4117,3.007305,0.135329,0.045000
z_0218_564.701245.png,#00ffff,1832,1.338203,0.060219,0.045000
z_0218_564.701245.png,#32cd32,3269,2.387874,0.107454,0.045000
z_0218_564.701245.png,#4363d8,402,0.293645,0.013214,0.045000
z_0218_564.701245.png,#5ac1d9,9311,6.801315,0.306059,0.045000
z_0218_564.701245.png,#800000,1307,0.954711,0.042962,0.045000
z_0218_564.701245.png,#8080ff,25,0.018262,0.000822,0.045000
z_0218_564.701245.png,#822072,259,0.189189,0.008514,0.045000
z_0218_564.701245.png,#8a2be2,2933,2.142440,0.096410,0.045000
z_0218_564.701245.png,#ff00ff,10508,7.675676,0.345405,0.045000
z_0218_564.701245.png,#ff1493,2137,1.560993,0.070245,0.045000
z_0218_564.701245.png,#ff8000,2385,1.742148,0.078397,0.045000
z_0218_564.701245.png,#ffff00,1183,0.864134,0.038886,0.045000
z_0219_565.713693.png,#000080,261,0.190650,0.008579,0.045000
z_0219_565.713693.png,#008000,2199,1.606282,0.072283,0.045000
z_0219_565.713693.png,#00ff80,4120,3.009496,0.135427,0.045000
z_0219_565.713693.png,#00ffff,1832,1.338203,0.060219,0.045000
z_0219_565.713693.png,#32cd32,3273,2.390796,0.107586,0.045000
z_0219_565.713693.png,#4363d8,401,0.292915,0.013181,0.045000
z_0219_565.713693.png,#5ac1d9,9294,6.788897,0.305500,0.045000
z_0219_565.713693.png,#800000,1305,0.953251,0.042896,0.045000
z_0219_565.713693.png,#8080ff,23,0.016801,0.000756,0.045000
z_0219_565.713693.png,#822072,257,0.187728,0.008448,0.045000
z_0219_565.713693.png,#8a2be2,2932,2.141709,0.096377,0.045000
z_0219_565.713693.png,#ff00ff,10512,7.678598,0.345537,0.045000
z_0219_565.713693.png,#ff1493,2111,1.542001,0.069390,0.045000
z_0219_565.713693.png,#ff8000,2379,1.737765,0.078199,0.045000
z_0219_565.713693.png,#ffff00,1181,0.862673,0.038820,0.045000
z_0220_566.726141.png,#000080,293,0.214025,0.009631,0.045000
z_0220_566.726141.png,#008000,993,0.725347,0.032641,0.045000
z_0220_566.726141.png,#00ff80,3958,2.891161,0.130102,0.045000
z_0220_566.726141.png,#00ffff,2025,1.479182,0.066563,0.045000
z_0220_566.726141.png,#32cd32,4261,3.112491,0.140062,0.045000
z_0220_566.726141.png,#4363d8,83,0.060628,0.002728,0.045000
z_0220_566.726141.png,#5ac1d9,9874,7.212564,0.324565,0.045000
z_0220_566.726141.png,#800000,579,0.422936,0.019032,0.045000
z_0220_566.726141.png,#8a2be2,207,0.151205,0.006804,0.045000
z_0220_566.726141.png,#ff00ff,8717,6.367421,0.286534,0.045000
z_0220_566.726141.png,#ff1493,1251,0.913806,0.041121,0.045000
z_0220_566.726141.png,#ff8000,1785,1.303871,0.058674,0.045000
z_0220_566.726141.png,#ffff00,978,0.714390,0.032148,0.045000
z_0221_567.738589.png,#000080,286,0.208912,0.009401,0.045000
z_0221_567.738589.png,#008000,982,0.717312,0.032279,0.045000
z_0221_567.738589.png,#00ff80,3966,2.897005,0.130365,0.045000
z_0221_567.738589.png,#00ffff,2017,1.473338,0.066300,0.045000
z_0221_567.738589.png,#32cd32,4264,3.114682,0.140161,0.045000
z_0221_567.738589.png,#4363d8,83,0.060628,0.002728,0.045000
z_0221_567.738589.png,#5ac1d9,9848,7.193572,0.323711,0.045000
z_0221_567.738589.png,#800000,581,0.424397,0.019098,0.045000
z_0221_567.738589.png,#8a2be2,206,0.150475,0.006771,0.045000
z_0221_567.738589.png,#ff00ff,8732,6.378378,0.287027,0.045000
z_0221_567.738589.png,#ff1493,1334,0.974434,0.043850,0.045000
z_0221_567.738589.png,#ff8000,1774,1.295836,0.058313,0.045000
z_0221_567.738589.png,#ffff00,982,0.717312,0.032279,0.045000
z_0222_568.751037.png,#000080,289,0.211103,0.009500,0.045000
z_0222_568.751037.png,#008000,979,0.715121,0.032180,0.045000
z_0222_568.751037.png,#00ff80,3957,2.890431,0.130069,0.045000
z_0222_568.751037.png,#00ffff,2019,1.474799,0.066366,0.045000
z_0222_568.751037.png,#32cd32,4266,3.116143,0.140226,0.045000
z_0222_568.751037.png,#4363d8,85,0.062089,0.002794,0.045000
z_0222_568.751037.png,#5ac1d9,9845,7.191381,0.323612,0.045000
z_0222_568.751037.png,#800000,578,0.422206,0.018999,0.045000
z_0222_568.751037.png,#8a2be2,204,0.149014,0.006706,0.045000
z_0222_568.751037.png,#ff00ff,8738,6.382761,0.287224,0.045000
z_0222_568.751037.png,#ff1493,1151,0.840760,0.037834,0.045000
z_0222_568.751037.png,#ff8000,1760,1.285610,0.057852,0.045000
z_0222_568.751037.png,#ffff00,982,0.717312,0.032279,0.045000
z_0223_569.763485.png,#000080,289,0.211103,0.009500,0.045000
z_0223_569.763485.png,#008000,988,0.721695,0.032476,0.045000
z_0223_569.763485.png,#00ff80,3964,2.895544,0.130299,0.045000
z_0223_569.763485.png,#00ffff,2015,1.471877,0.066234,0.045000
z_0223_569.763485.png,#32cd32,4271,3.119795,0.140391,0.045000
z_0223_569.763485.png,#4363d8,87,0.063550,0.002860,0.045000
z_0223_569.763485.png,#5ac1d9,9850,7.195033,0.323776,0.045000
z_0223_569.763485.png,#800000,578,0.422206,0.018999,0.045000
z_0223_569.763485.png,#8a2be2,207,0.151205,0.006804,0.045000
z_0223_569.763485.png,#ff00ff,8733,6.379109,0.287060,0.045000
z_0223_569.763485.png,#ff1493,1146,0.837107,0.037670,0.045000
z_0223_569.763485.png,#ff8000,1769,1.292184,0.058148,0.045000
z_0223_569.763485.png,#ffff00,982,0.717312,0.032279,0.045000
z_0224_570.775934.png,#000080,291,0.212564,0.009565,0.045000
z_0224_570.775934.png,#008000,823,0.601169,0.027053,0.045000
z_0224_570.775934.png,#00ff80,3698,2.701242,0.121556,0.045000
z_0224_570.775934.png,#00ffff,2078,1.517896,0.068305,0.045000
z_0224_570.775934.png,#32cd32,4401,3.214755,0.144664,0.045000
z_0224_570.775934.png,#4363d8,128,0.093499,0.004207,0.045000
z_0224_570.775934.png,#5ac1d9,10082,7.364500,0.331402,0.045000
z_0224_570.775934.png,#800000,717,0.523740,0.023568,0.045000
z_0224_570.775934.png,#8a2be2,187,0.136596,0.006147,0.045000
z_0224_570.775934.png,#ff00ff,8667,6.330898,0.284890,0.045000
z_0224_570.775934.png,#ff1493,977,0.713660,0.032115,0.045000
z_0224_570.775934.png,#ff8000,1534,1.120526,0.050424,0.045000
z_0224_570.775934.png,#ffff00,1230,0.898466,0.040431,0.045000
z_0225_571.788382.png,#000080,247,0.180424,0.008119,0.045000
z_0225_571.788382.png,#008000,458,0.334551,0.015055,0.045000
z_0225_571.788382.png,#00ff80,3004,2.194302,0.098744,0.045000
z_0225_571.788382.png,#00ffff,1955,1.428050,0.064262,0.045000
z_0225_571.788382.png,#32cd32,4339,3.169467,0.142626,0.045000
z_0225_571.788382.png,#4363d8,176,0.128561,0.005785,0.045000
z_0225_571.788382.png,#5ac1d9,8307,6.067933,0.273057,0.045000
z_0225_571.788382.png,#800000,1229,0.897736,0.040398,0.045000
z_0225_571.788382.png,#8a2be2,183,0.133674,0.006015,0.045000
z_0225_571.788382.png,#ff00ff,8539,6.237400,0.280683,0.045000
z_0225_571.788382.png,#ff1493,743,0.542732,0.024423,0.045000
z_0225_571.788382.png,#ff8000,1283,0.937180,0.042173,0.045000
z_0225_571.788382.png,#ffff00,1571,1.147553,0.051640,0.045000
z_0226_572.800830.png,#000080,251,0.183346,0.008251,0.045000
z_0226_572.800830.png,#008000,460,0.336012,0.015121,0.045000
z_0226_572.800830.png,#00ff80,3011,2.199416,0.098974,0.045000
z_0226_572.800830.png,#00ffff,1951,1.425128,0.064131,0.045000
z_0226_572.800830.png,#32cd32,4334,3.165814,0.142462,0.045000
z_0226_572.800830.png,#4363d8,176,0.128561,0.005785,0.045000
z_0226_572.800830.png,#5ac1d9,8308,6.068663,0.273090,0.045000
z_0226_572.800830.png,#800000,1227,0.896275,0.040332,0.045000
z_0226_572.800830.png,#8a2be2,184,0.134405,0.006048,0.045000
z_0226_572.800830.png,#ff00ff,8560,6.252739,0.281373,0.045000
z_0226_572.800830.png,#ff1493,739,0.539810,0.024291,0.045000
z_0226_572.800830.png,#ff8000,1282,0.936450,0.042140,0.045000
z_0226_572.800830.png,#ffff00,1574,1.149744,0.051738,0.045000
z_0227_573.813278.png,#000080,202,0.147553,0.006640,0.045000
z_0227_573.813278.png,#008000,299,0.218408,0.009828,0.045000
z_0227_573.813278.png,#00ff80,2819,2.059167,0.092663,0.045000
z_0227_573.813278.png,#00ffff,1997,1.458729,0.065643,0.045000
z_0227_573.813278.png,#32cd32,4173,3.048210,0.137169,0.045000
z_0227_573.813278.png,#4363d8,161,0.117604,0.005292,0.045000
z_0227_573.813278.png,#5ac1d9,7941,5.800584,0.261026,0.045000
z_0227_573.813278.png,#800000,1427,1.042367,0.046907,0.045000
z_0227_573.813278.png,#8a2be2,161,0.117604,0.005292,0.045000
z_0227_573.813278.png,#ff00ff,8231,6.012418,0.270559,0.045000
z_0227_573.813278.png,#ff1493,687,0.501826,0.022582,0.045000
z_0227_573.813278.png,#ff8000,1184,0.864865,0.038919,0.045000
z_0227_573.813278.png,#ffff00,1722,1.257852,0.056603,0.045000
z_0228_574.825726.png,#000080,209,0.152666,0.006870,0.045000
z_0228_574.825726.png,#008000,207,0.151205,0.006804,0.045000
z_0228_574.825726.png,#00ff80,2764,2.018992,0.090855,0.045000
z_0228_574.825726.png,#00ffff,1965,1.435354,0.064591,0.045000
z_0228_574.825726.png,#32cd32,4014,2.932067,0.131943,0.045000
z_0228_574.825726.png,#4363d8,150,0.109569,0.004931,0.045000
z_0228_574.825726.png,#5ac1d9,7500,5.478451,0.246530,0.045000
z_0228_574.825726.png,#800000,1857,1.356465,0.061041,0.045000
z_0228_574.825726.png,#8a2be2,658,0.480643,0.021629,0.045000
z_0228_574.825726.png,#ff00ff,8168,5.966399,0.268488,0.045000
z_0228_574.825726.png,#ff1493,617,0.450694,0.020281,0.045000
z_0228_574.825726.png,#ff8000,1149,0.839299,0.037768,0.045000
z_0228_574.825726.png,#ffff00,1891,1.381300,0.062159,0.045000
z_0229_575.838174.png,#000080,216,0.157779,0.007100,0.045000
z_0229_575.838174.png,#008000,103,0.075237,0.003386,0.045000
z_0229_575.838174.png,#00ff80,2661,1.943755,0.087469,0.045000
z_0229_575.838174.png,#00ffff,2037,1.487947,0.066958,0.045000
z_0229_575.838174.png,#32cd32,4023,2.938641,0.132239,0.045000
z_0229_575.838174.png,#4363d8,117,0.085464,0.003846,0.045000
z_0229_575.838174.png,#5ac1d9,6957,5.081812,0.228682,0.045000
z_0229_575.838174.png,#800000,2299,1.679328,0.075570,0.045000
z_0229_575.838174.png,#8a2be2,410,0.299489,0.013477,0.045000
z_0229_575.838174.png,#ff00ff,8034,5.868517,0.264083,0.045000
z_0229_575.838174.png,#ff1493,562,0.410519,0.018473,0.045000
z_0229_575.838174.png,#ff8000,1131,0.826150,0.037177,0.045000
z_0229_575.838174.png,#ffff00,1977,1.444120,0.064985,0.045000
z_0230_576.850622.png,#000080,217,0.158510,0.007133,0.045000
z_0230_576.850622.png,#00ff80,2823,2.062089,0.092794,0.045000
z_0230_576.850622.png,#00ffff,2062,1.506209,0.067779,0.045000
z_0230_576.850622.png,#32cd32,4088,2.986121,0.134375,0.045000
z_0230_576.850622.png,#4363d8,110,0.080351,0.003616,0.045000
z_0230_576.850622.png,#5ac1d9,6541,4.777940,0.215007,0.045000
z_0230_576.850622.png,#800000,2620,1.913806,0.086121,0.045000
z_0230_576.850622.png,#8a2be2,110,0.080351,0.003616,0.045000
z_0230_576.850622.png,#ff00ff,7949,5.806428,0.261289,0.045000
z_0230_576.850622.png,#ff1493,528,0.385683,0.017356,0.045000
z_0230_576.850622.png,#ff8000,1032,0.753835,0.033923,0.045000
z_0230_576.850622.png,#ffff00,2198,1.605551,0.072250,0.045000
z_0231_577.863071.png,#000080,253,0.184806,0.008316,0.045000
z_0231_577.863071.png,#00ff80,2820,2.059898,0.092695,0.045000
z_0231_577.863071.png,#00ffff,2151,1.571220,0.070705,0.045000
z_0231_577.863071.png,#32cd32,4048,2.956903,0.133061,0.045000
z_0231_577.863071.png,#4363d8,101,0.073776,0.003320,0.045000
z_0231_577.863071.png,#5ac1d9,5915,4.320672,0.194430,0.045000
z_0231_577.863071.png,#800000,3104,2.267348,0.102031,0.045000
z_0231_577.863071.png,#8a2be2,193,0.140979,0.006344,0.045000
z_0231_577.863071.png,#ff00ff,7825,5.715851,0.257213,0.045000
z_0231_577.863071.png,#ff1493,484,0.353543,0.015909,0.045000
z_0231_577.863071.png,#ff8000,815,0.595325,0.026790,0.045000
z_0231_577.863071.png,#ffff00,2275,1.661797,0.074781,0.045000
z_0232_578.875519.png,#000080,253,0.184806,0.008316,0.045000
z_0232_578.875519.png,#00ff80,2803,2.047480,0.092137,0.045000
z_0232_578.875519.png,#00ffff,2148,1.569028,0.070606,0.045000
z_0232_578.875519.png,#32cd32,4057,2.963477,0.133356,0.045000
z_0232_578.875519.png,#4363d8,101,0.073776,0.003320,0.045000
z_0232_578.875519.png,#5ac1d9,5919,4.323594,0.194562,0.045000
z_0232_578.875519.png,#800000,3064,2.238130,0.100716,0.045000
z_0232_578.875519.png,#8a2be2,193,0.140979,0.006344,0.045000
z_0232_578.875519.png,#ff00ff,7816,5.709277,0.256917,0.045000
z_0232_578.875519.png,#ff1493,480,0.350621,0.015778,0.045000
z_0232_578.875519.png,#ff8000,814,0.594595,0.026757,0.045000
z_0232_578.875519.png,#ffff00,2277,1.663258,0.074847,0.045000
z_0233_579.887967.png,#000080,366,0.267348,0.012031,0.045000
z_0233_579.887967.png,#00ff80,3876,2.831264,0.127407,0.045000
z_0233_579.887967.png,#00ffff,2323,1.696859,0.076359,0.045000
z_0233_579.887967.png,#32cd32,4319,3.154858,0.141969,0.045000
z_0233_579.887967.png,#4363d8,79,0.057706,0.002597,0.045000
z_0233_579.887967.png,#5ac1d9,4176,3.050402,0.137268,0.045000
z_0233_579.887967.png,#8a2be2,80,0.058437,0.002630,0.045000
z_0233_579.887967.png,#ff00ff,8044,5.875822,0.264412,0.045000
z_0233_579.887967.png,#ff1493,314,0.229364,0.010321,0.045000
z_0233_579.887967.png,#ff8000,574,0.419284,0.018868,0.045000
z_0233_579.887967.png,#ffff00,3271,2.389335,0.107520,0.045000
z_0234_580.900415.png,#000080,365,0.266618,0.011998,0.045000
z_0234_580.900415.png,#00ff80,3876,2.831264,0.127407,0.045000
z_0234_580.900415.png,#00ffff,2326,1.699050,0.076457,0.045000
z_0234_580.900415.png,#32cd32,4323,3.157779,0.142100,0.045000
z_0234_580.900415.png,#4363d8,78,0.056976,0.002564,0.045000
z_0234_580.900415.png,#5ac1d9,4175,3.049671,0.137235,0.045000
z_0234_580.900415.png,#8a2be2,89,0.065011,0.002925,0.045000
z_0234_580.900415.png,#ff00ff,8075,5.898466,0.265431,0.045000
z_0234_580.900415.png,#ff1493,313,0.228634,0.010289,0.045000
z_0234_580.900415.png,#ff8000,571,0.417093,0.018769,0.045000
z_0234_580.900415.png,#ffff00,3314,2.420745,0.108934,0.045000
z_0235_581.912863.png,#000080,385,0.281227,0.012655,0.045000
z_0235_581.912863.png,#00ff80,4224,3.085464,0.138846,0.045000
z_0235_581.912863.png,#00ffff,2324,1.697589,0.076392,0.045000
z_0235_581.912863.png,#32cd32,4345,3.173850,0.142823,0.045000
z_0235_581.912863.png,#4363d8,60,0.043828,0.001972,0.045000
z_0235_581.912863.png,#5ac1d9,3808,2.781592,0.125172,0.045000
z_0235_581.912863.png,#8a2be2,96,0.070124,0.003156,0.045000
z_0235_581.912863.png,#ff00ff,8075,5.898466,0.265431,0.045000
z_0235_581.912863.png,#ff1493,308,0.224982,0.010124,0.045000
z_0235_581.912863.png,#ff8000,502,0.366691,0.016501,0.045000
z_0235_581.912863.png,#ffff00,3859,2.818846,0.126848,0.045000
z_0236_582.925311.png,#000080,383,0.279766,0.012589,0.045000
z_0236_582.925311.png,#00ff80,4549,3.322863,0.149529,0.045000
z_0236_582.925311.png,#00ffff,2286,1.669832,0.075142,0.045000
z_0236_582.925311.png,#32cd32,4378,3.197955,0.143908,0.045000
z_0236_582.925311.png,#4363d8,58,0.042367,0.001907,0.045000
z_0236_582.925311.png,#5ac1d9,3526,2.575603,0.115902,0.045000
z_0236_582.925311.png,#8a2be2,89,0.065011,0.002925,0.045000
z_0236_582.925311.png,#ff00ff,8023,5.860482,0.263722,0.045000
z_0236_582.925311.png,#ff1493,310,0.226443,0.010190,0.045000
z_0236_582.925311.png,#ff8000,426,0.311176,0.014003,0.045000
z_0236_582.925311.png,#ffff00,4327,3.160701,0.142232,0.045000
z_0237_583.937759.png,#000080,391,0.285610,0.012852,0.045000
z_0237_583.937759.png,#00ff80,4881,3.565376,0.160442,0.045000
z_0237_583.937759.png,#00ffff,2187,1.597516,0.071888,0.045000
z_0237_583.937759.png,#32cd32,4377,3.197224,0.143875,0.045000
z_0237_583.937759.png,#4363d8,47,0.034332,0.001545,0.045000
z_0237_583.937759.png,#5ac1d9,3325,2.428780,0.109295,0.045000
z_0237_583.937759.png,#8a2be2,112,0.081812,0.003682,0.045000
z_0237_583.937759.png,#ff00ff,4251,3.105186,0.139733,0.045000
z_0237_583.937759.png,#ff1493,299,0.218408,0.009828,0.045000
z_0237_583.937759.png,#ff8000,366,0.267348,0.012031,0.045000
z_0237_583.937759.png,#ffff00,4525,3.305332,0.148740,0.045000
z_0238_584.950207.png,#000080,406,0.296567,0.013346,0.045000
z_0238_584.950207.png,#00ff80,5127,3.745069,0.168528,0.045000
z_0238_584.950207.png,#00ffff,2125,1.552228,0.069850,0.045000
z_0238_584.950207.png,#32cd32,4392,3.208181,0.144368,0.045000
z_0238_584.950207.png,#4363d8,50,0.036523,0.001644,0.045000
z_0238_584.950207.png,#5ac1d9,2998,2.189920,0.098546,0.045000
z_0238_584.950207.png,#8a2be2,114,0.083272,0.003747,0.045000
z_0238_584.950207.png,#ff00ff,4077,2.978086,0.134014,0.045000
z_0238_584.950207.png,#ff1493,314,0.229364,0.010321,0.045000
z_0238_584.950207.png,#ff8000,347,0.253470,0.011406,0.045000
z_0238_584.950207.png,#ffff00,4598,3.358656,0.151140,0.045000
z_0239_585.962656.png,#000080,406,0.296567,0.013346,0.045000
z_0239_585.962656.png,#00ff80,5119,3.739226,0.168265,0.045000
z_0239_585.962656.png,#00ffff,2125,1.552228,0.069850,0.045000
z_0239_585.962656.png,#32cd32,4390,3.206720,0.144302,0.045000
z_0239_585.962656.png,#4363d8,53,0.038714,0.001742,0.045000
z_0239_585.962656.png,#5ac1d9,2986,2.181154,0.098152,0.045000
z_0239_585.962656.png,#8a2be2,113,0.082542,0.003714,0.045000
z_0239_585.962656.png,#ff00ff,4080,2.980278,0.134112,0.045000
z_0239_585.962656.png,#ff1493,314,0.229364,0.010321,0.045000
z_0239_585.962656.png,#ff8000,347,0.253470,0.011406,0.045000
z_0239_585.962656.png,#ffff00,4614,3.370343,0.151665,0.045000
z_0240_586.975104.png,#000080,350,0.255661,0.011505,0.045000
z_0240_586.975104.png,#00ff80,5618,4.103725,0.184668,0.045000
z_0240_586.975104.png,#00ffff,2113,1.543462,0.069456,0.045000
z_0240_586.975104.png,#32cd32,4492,3.281227,0.147655,0.045000
z_0240_586.975104.png,#4363d8,57,0.041636,0.001874,0.045000
z_0240_586.975104.png,#5ac1d9,2572,1.878744,0.084543,0.045000
z_0240_586.975104.png,#8a2be2,122,0.089116,0.004010,0.045000
z_0240_586.975104.png,#ff00ff,3843,2.807159,0.126322,0.045000
z_0240_586.975104.png,#ff1493,350,0.255661,0.011505,0.045000
z_0240_586.975104.png,#ff8000,300,0.219138,0.009861,0.045000
z_0240_586.975104.png,#ffff00,4557,3.328707,0.149792,0.045000
z_0241_587.987552.png,#000080,330,0.241052,0.010847,0.045000
z_0241_587.987552.png,#00ff80,5887,4.300219,0.193510,0.045000
z_0241_587.987552.png,#00ffff,2127,1.553689,0.069916,0.045000
z_0241_587.987552.png,#32cd32,4493,3.281958,0.147688,0.045000
z_0241_587.987552.png,#4363d8,54,0.039445,0.001775,0.045000
z_0241_587.987552.png,#5ac1d9,2263,1.653031,0.074386,0.045000
z_0241_587.987552.png,#8a2be2,156,0.113952,0.005128,0.045000
z_0241_587.987552.png,#ff00ff,3817,2.788167,0.125467,0.045000
z_0241_587.987552.png,#ff1493,417,0.304602,0.013707,0.045000
z_0241_587.987552.png,#ff8000,311,0.227173,0.010223,0.045000
z_0241_587.987552.png,#ffff00,4174,3.048941,0.137202,0.045000
z_0242_589.000000.png,#000080,329,0.240321,0.010814,0.045000
z_0242_589.000000.png,#00ff80,5955,4.349890,0.195745,0.045000
z_0242_589.000000.png,#00ffff,2131,1.556611,0.070047,0.045000
z_0242_589.000000.png,#32cd32,4404,3.216947,0.144763,0.045000
z_0242_589.000000.png,#4363d8,55,0.040175,0.001808,0.045000
z_0242_589.000000.png,#5ac1d9,2149,1.569759,0.070639,0.045000
z_0242_589.000000.png,#8a2be2,181,0.132213,0.005950,0.045000
z_0242_589.000000.png,#ff00ff,3917,2.861213,0.128755,0.045000
z_0242_589.000000.png,#ff1493,459,0.335281,0.015088,0.045000
z_0242_589.000000.png,#ff8000,276,0.201607,0.009072,0.045000
z_0242_589.000000.png,#ffff00,3701,2.703433,0.121654,0.045000
