slice_file,color_hex,area_px,cross_section_area_um2,slice_volume_um3,slice_thickness_um
z_0001_449.000000.png,#0e6251,2231,1.466798,0.066006,0.045000
z_0001_449.000000.png,#1b4f72,91,0.059829,0.002692,0.045000
z_0001_449.000000.png,#2ecc71,2724,1.790927,0.080592,0.045000
z_0001_449.000000.png,#4a235a,2040,1.341223,0.060355,0.045000
z_0001_449.000000.png,#512e5f,1159,0.761999,0.034290,0.045000
z_0001_449.000000.png,#52be80,2293,1.507561,0.067840,0.045000
z_0001_449.000000.png,#5499c7,593,0.389875,0.017544,0.045000
z_0001_449.000000.png,#7b241c,2672,1.756739,0.079053,0.045000
z_0001_449.000000.png,#82e0aa,1021,0.671269,0.030207,0.045000
z_0001_449.000000.png,#9a7d0a,2113,1.389218,0.062515,0.045000
z_0001_449.000000.png,#a3e4d7,325,0.213675,0.009615,0.045000
z_0001_449.000000.png,#bb8fce,4199,2.760684,0.124231,0.045000
z_0001_449.000000.png,#d2b4de,547,0.359632,0.016183,0.045000
z_0001_449.000000.png,#e59866,1797,1.181460,0.053166,0.045000
z_0001_449.000000.png,#f1948a,361,0.237344,0.010680,0.045000
z_0001_449.000000.png,#f7dc6f,647,0.425378,0.019142,0.045000
z_0001_449.000000.png,#f8c471,384,0.252465,0.011361,0.045000
z_0001_449.000000.png,#fad7a0,1096,0.720579,0.032426,0.045000
z_0002_450.011583.png,#0e6251,2202,1.447732,0.065148,0.045000
z_0002_450.011583.png,#1b4f72,84,0.055227,0.002485,0.045000
z_0002_450.011583.png,#2ecc71,2740,1.801446,0.081065,0.045000
z_0002_450.011583.png,#4a235a,1908,1.254438,0.056450,0.045000
z_0002_450.011583.png,#512e5f,1144,0.752137,0.033846,0.045000
z_0002_450.011583.png,#52be80,2491,1.637738,0.073698,0.045000
z_0002_450.011583.png,#5499c7,642,0.422091,0.018994,0.045000
z_0002_450.011583.png,#7b241c,2668,1.754109,0.078935,0.045000
z_0002_450.011583.png,#82e0aa,1015,0.667324,0.030030,0.045000
z_0002_450.011583.png,#9a7d0a,2225,1.462853,0.065828,0.045000
z_0002_450.011583.png,#a3e4d7,337,0.221565,0.009970,0.045000
z_0002_450.011583.png,#a9cce3,1,0.000657,0.000030,0.045000
z_0002_450.011583.png,#bb8fce,4102,2.696910,0.121361,0.045000
z_0002_450.011583.png,#d2b4de,611,0.401709,0.018077,0.045000
z_0002_450.011583.png,#e59866,1724,1.133465,0.051006,0.045000
z_0002_450.011583.png,#f1948a,450,0.295858,0.013314,0.045000
z_0002_450.011583.png,#f7dc6f,666,0.437870,0.019704,0.045000
z_0002_450.011583.png,#f8c471,355,0.233399,0.010503,0.045000
z_0002_450.011583.png,#fad7a0,1006,0.661407,0.029763,0.045000
z_0003_451.023166.png,#0e6251,2162,1.421433,0.063964,0.045000
z_0003_451.023166.png,#1b4f72,86,0.056542,0.002544,0.045000
z_0003_451.023166.png,#2ecc71,2733,1.796844,0.080858,0.045000
z_0003_451.023166.png,#4a235a,1834,1.205786,0.054260,0.045000
z_0003_451.023166.png,#512e5f,1179,0.775148,0.034882,0.045000
z_0003_451.023166.png,#52be80,2688,1.767258,0.079527,0.045000
z_0003_451.023166.png,#5499c7,695,0.456936,0.020562,0.045000
z_0003_451.023166.png,#7b241c,2614,1.718606,0.077337,0.045000
z_0003_451.023166.png,#82e0aa,1028,0.675871,0.030414,0.045000
z_0003_451.023166.png,#9a7d0a,2289,1.504931,0.067722,0.045000
z_0003_451.023166.png,#a3e4d7,336,0.220907,0.009941,0.045000
z_0003_451.023166.png,#bb8fce,3992,2.624589,0.118107,0.045000
z_0003_451.023166.png,#d2b4de,635,0.417488,0.018787,0.045000
z_0003_451.023166.png,#e59866,1640,1.078238,0.048521,0.045000
z_0003_451.023166.png,#f1948a,532,0.349770,0.015740,0.045000
z_0003_451.023166.png,#f7dc6f,643,0.422748,0.019024,0.045000
z_0003_451.023166.png,#f8c471,354,0.232742,0.010473,0.045000
z_0003_451.023166.png,#fad7a0,963,0.633136,0.028491,0.045000
z_0004_452.034749.png,#0e6251,2128,1.399080,0.062959,0.045000
z_0004_452.034749.png,#1b4f72,85,0.055884,0.002515,0.045000
z_0004_452.034749.png,#2ecc71,2747,1.806049,0.081272,0.045000
z_0004_452.034749.png,#4a235a,1815,1.193294,0.053698,0.045000
z_0004_452.034749.png,#512e5f,1232,0.809993,0.036450,0.045000
z_0004_452.034749.png,#52be80,2842,1.868508,0.084083,0.045000
z_0004_452.034749.png,#5499c7,704,0.462853,0.020828,0.045000
z_0004_452.034749.png,#7b241c,2532,1.664694,0.074911,0.045000
z_0004_452.034749.png,#82e0aa,1002,0.658777,0.029645,0.045000
z_0004_452.034749.png,#9a7d0a,2390,1.571335,0.070710,0.045000
z_0004_452.034749.png,#a3e4d7,319,0.209730,0.009438,0.045000
z_0004_452.034749.png,#bb8fce,3822,2.512821,0.113077,0.045000
z_0004_452.034749.png,#d2b4de,679,0.446417,0.020089,0.045000
z_0004_452.034749.png,#e59866,1575,1.035503,0.046598,0.045000
z_0004_452.034749.png,#f1948a,664,0.436555,0.019645,0.045000
z_0004_452.034749.png,#f7dc6f,415,0.272847,0.012278,0.045000
z_0004_452.034749.png,#f8c471,326,0.214333,0.009645,0.045000
z_0004_452.034749.png,#fad7a0,962,0.632479,0.028462,0.045000
z_0005_453.046332.png,#0e6251,2097,1.378698,0.062041,0.045000
z_0005_453.046332.png,#1b4f72,81,0.053254,0.002396,0.045000
z_0005_453.046332.png,#2ecc71,2764,1.817226,0.081775,0.045000
z_0005_453.046332.png,#4a235a,1607,1.056542,0.047544,0.045000
z_0005_453.046332.png,#512e5f,1306,0.858646,0.038639,0.045000
z_0005_453.046332.png,#52be80,2980,1.959237,0.088166,0.045000
z_0005_453.046332.png,#5499c7,724,0.476003,0.021420,0.045000
z_0005_453.046332.png,#7b241c,2440,1.604208,0.072189,0.045000
z_0005_453.046332.png,#82e0aa,973,0.639711,0.028787,0.045000
z_0005_453.046332.png,#9a7d0a,2415,1.587771,0.071450,0.045000
z_0005_453.046332.png,#a3e4d7,289,0.190007,0.008550,0.045000
z_0005_453.046332.png,#bb8fce,3648,2.398422,0.107929,0.045000
z_0005_453.046332.png,#d2b4de,697,0.458251,0.020621,0.045000
z_0005_453.046332.png,#e59866,1581,1.039448,0.046775,0.045000
z_0005_453.046332.png,#f1948a,748,0.491782,0.022130,0.045000
z_0005_453.046332.png,#f7dc6f,262,0.172255,0.007751,0.045000
z_0005_453.046332.png,#f8c471,318,0.209073,0.009408,0.045000
z_0005_453.046332.png,#fad7a0,833,0.547666,0.024645,0.045000
z_0006_454.057915.png,#0e6251,2022,1.329389,0.059822,0.045000
z_0006_454.057915.png,#1b4f72,66,0.043393,0.001953,0.045000
z_0006_454.057915.png,#2ecc71,2863,1.882314,0.084704,0.045000
z_0006_454.057915.png,#4a235a,1535,1.009204,0.045414,0.045000
z_0006_454.057915.png,#512e5f,1365,0.897436,0.040385,0.045000
z_0006_454.057915.png,#52be80,2892,1.901381,0.085562,0.045000
z_0006_454.057915.png,#5499c7,755,0.496384,0.022337,0.045000
z_0006_454.057915.png,#7b241c,2363,1.553583,0.069911,0.045000
z_0006_454.057915.png,#82e0aa,977,0.642341,0.028905,0.045000
z_0006_454.057915.png,#9a7d0a,2533,1.665352,0.074941,0.045000
z_0006_454.057915.png,#a3e4d7,264,0.173570,0.007811,0.045000
z_0006_454.057915.png,#a9cce3,1,0.000657,0.000030,0.045000
z_0006_454.057915.png,#bb8fce,3504,2.303748,0.103669,0.045000
z_0006_454.057915.png,#d2b4de,712,0.468113,0.021065,0.045000
z_0006_454.057915.png,#e59866,1623,1.067061,0.048018,0.045000
z_0006_454.057915.png,#f1948a,814,0.535174,0.024083,0.045000
z_0006_454.057915.png,#f7dc6f,307,0.201841,0.009083,0.045000
z_0006_454.057915.png,#f8c471,328,0.215648,0.009704,0.045000
z_0006_454.057915.png,#fad7a0,793,0.521368,0.023462,0.045000
z_0007_455.069498.png,#0e6251,1924,1.264957,0.056923,0.045000
z_0007_455.069498.png,#1b4f72,86,0.056542,0.002544,0.045000
z_0007_455.069498.png,#2ecc71,3086,2.028928,0.091302,0.045000
z_0007_455.069498.png,#4a235a,2329,1.531229,0.068905,0.045000
z_0007_455.069498.png,#512e5f,1295,0.851414,0.038314,0.045000
z_0007_455.069498.png,#52be80,3056,2.009204,0.090414,0.045000
z_0007_455.069498.png,#5499c7,856,0.562788,0.025325,0.045000
z_0007_455.069498.png,#7b241c,2382,1.566075,0.070473,0.045000
z_0007_455.069498.png,#82e0aa,991,0.651545,0.029320,0.045000
z_0007_455.069498.png,#9a7d0a,2609,1.715319,0.077189,0.045000
z_0007_455.069498.png,#a3e4d7,244,0.160421,0.007219,0.045000
z_0007_455.069498.png,#bb8fce,3558,2.339250,0.105266,0.045000
z_0007_455.069498.png,#d2b4de,727,0.477975,0.021509,0.045000
z_0007_455.069498.png,#e59866,1714,1.126890,0.050710,0.045000
z_0007_455.069498.png,#f1948a,902,0.593031,0.026686,0.045000
z_0007_455.069498.png,#f7dc6f,307,0.201841,0.009083,0.045000
z_0007_455.069498.png,#f8c471,288,0.189349,0.008521,0.045000
z_0007_455.069498.png,#fad7a0,811,0.533202,0.023994,0.045000
z_0008_456.081081.png,#0e6251,1833,1.205128,0.054231,0.045000
z_0008_456.081081.png,#1b4f72,94,0.061801,0.002781,0.045000
z_0008_456.081081.png,#2ecc71,3427,2.253123,0.101391,0.045000
z_0008_456.081081.png,#4a235a,2329,1.531229,0.068905,0.045000
z_0008_456.081081.png,#512e5f,1265,0.831690,0.037426,0.045000
z_0008_456.081081.png,#52be80,3215,2.113741,0.095118,0.045000
z_0008_456.081081.png,#5499c7,856,0.562788,0.025325,0.045000
z_0008_456.081081.png,#7b241c,2314,1.521368,0.068462,0.045000
z_0008_456.081081.png,#82e0aa,981,0.644970,0.029024,0.045000
z_0008_456.081081.png,#9a7d0a,2640,1.735700,0.078107,0.045000
z_0008_456.081081.png,#a3e4d7,227,0.149244,0.006716,0.045000
z_0008_456.081081.png,#a9cce3,1,0.000657,0.000030,0.045000
z_0008_456.081081.png,#bb8fce,3610,2.373439,0.106805,0.045000
z_0008_456.081081.png,#d2b4de,736,0.483892,0.021775,0.045000
z_0008_456.081081.png,#e59866,1712,1.125575,0.050651,0.045000
z_0008_456.081081.png,#f1948a,998,0.656147,0.029527,0.045000
z_0008_456.081081.png,#f7dc6f,329,0.216305,0.009734,0.045000
z_0008_456.081081.png,#f8c471,292,0.191979,0.008639,0.045000
z_0008_456.081081.png,#fad7a0,864,0.568047,0.025562,0.045000
z_0009_457.092664.png,#0e6251,1837,1.207758,0.054349,0.045000
z_0009_457.092664.png,#1b4f72,95,0.062459,0.002811,0.045000
z_0009_457.092664.png,#2ecc71,3424,2.251151,0.101302,0.045000
z_0009_457.092664.png,#4a235a,2344,1.541091,0.069349,0.045000
z_0009_457.092664.png,#512e5f,1267,0.833005,0.037485,0.045000
z_0009_457.092664.png,#52be80,3198,2.102564,0.094615,0.045000
z_0009_457.092664.png,#5499c7,850,0.558843,0.025148,0.045000
z_0009_457.092664.png,#7b241c,2317,1.523340,0.068550,0.045000
z_0009_457.092664.png,#82e0aa,978,0.642998,0.028935,0.045000
z_0009_457.092664.png,#9a7d0a,2645,1.738988,0.078254,0.045000
z_0009_457.092664.png,#a3e4d7,223,0.146614,0.006598,0.045000
z_0009_457.092664.png,#a9cce3,1,0.000657,0.000030,0.045000
z_0009_457.092664.png,#bb8fce,3617,2.378041,0.107012,0.045000
z_0009_457.092664.png,#d2b4de,738,0.485207,0.021834,0.045000
z_0009_457.092664.png,#e59866,1714,1.126890,0.050710,0.045000
z_0009_457.092664.png,#f1948a,1002,0.658777,0.029645,0.045000
z_0009_457.092664.png,#f7dc6f,328,0.215648,0.009704,0.045000
z_0009_457.092664.png,#f8c471,292,0.191979,0.008639,0.045000
z_0009_457.092664.png,#fad7a0,865,0.568705,0.025592,0.045000
z_0010_458.104247.png,#0e6251,1665,1.094675,0.049260,0.045000
z_0010_458.104247.png,#1b4f72,129,0.084813,0.003817,0.045000
z_0010_458.104247.png,#2ecc71,4063,2.671269,0.120207,0.045000
z_0010_458.104247.png,#4a235a,3137,2.062459,0.092811,0.045000
z_0010_458.104247.png,#512e5f,1276,0.838922,0.037751,0.045000
z_0010_458.104247.png,#52be80,3457,2.272847,0.102278,0.045000
z_0010_458.104247.png,#5499c7,935,0.614727,0.027663,0.045000
z_0010_458.104247.png,#7b241c,2189,1.439185,0.064763,0.045000
z_0010_458.104247.png,#82e0aa,942,0.619329,0.027870,0.045000
z_0010_458.104247.png,#9a7d0a,2693,1.770546,0.079675,0.045000
z_0010_458.104247.png,#a3e4d7,209,0.137410,0.006183,0.045000
z_0010_458.104247.png,#bb8fce,3423,2.250493,0.101272,0.045000
z_0010_458.104247.png,#d2b4de,711,0.467456,0.021036,0.045000
z_0010_458.104247.png,#e59866,1811,1.190664,0.053580,0.045000
z_0010_458.104247.png,#f1948a,1280,0.841552,0.037870,0.045000
z_0010_458.104247.png,#f7dc6f,408,0.268245,0.012071,0.045000
z_0010_458.104247.png,#f8c471,241,0.158448,0.007130,0.045000
z_0010_458.104247.png,#fad7a0,866,0.569362,0.025621,0.045000
z_0011_459.115830.png,#0e6251,1634,1.074293,0.048343,0.045000
z_0011_459.115830.png,#1b4f72,129,0.084813,0.003817,0.045000
z_0011_459.115830.png,#2ecc71,4190,2.754767,0.123964,0.045000
z_0011_459.115830.png,#4a235a,2898,1.905325,0.085740,0.045000
z_0011_459.115830.png,#512e5f,1330,0.874425,0.039349,0.045000
z_0011_459.115830.png,#52be80,3585,2.357002,0.106065,0.045000
z_0011_459.115830.png,#5499c7,938,0.616700,0.027751,0.045000
z_0011_459.115830.png,#7b241c,2139,1.406312,0.063284,0.045000
z_0011_459.115830.png,#82e0aa,952,0.625904,0.028166,0.045000
z_0011_459.115830.png,#9a7d0a,2713,1.783695,0.080266,0.045000
z_0011_459.115830.png,#a3e4d7,194,0.127548,0.005740,0.045000
z_0011_459.115830.png,#a9cce3,6,0.003945,0.000178,0.045000
z_0011_459.115830.png,#bb8fce,3346,2.199869,0.098994,0.045000
z_0011_459.115830.png,#d2b4de,664,0.436555,0.019645,0.045000
z_0011_459.115830.png,#e59866,1935,1.272189,0.057249,0.045000
z_0011_459.115830.png,#f1948a,1459,0.959237,0.043166,0.045000
z_0011_459.115830.png,#f7dc6f,480,0.315582,0.014201,0.045000
z_0011_459.115830.png,#f8c471,241,0.158448,0.007130,0.045000
z_0011_459.115830.png,#fad7a0,855,0.562130,0.025296,0.045000
z_0012_460.127413.png,#0e6251,1576,1.036160,0.046627,0.045000
z_0012_460.127413.png,#1b4f72,142,0.093360,0.004201,0.045000
z_0012_460.127413.png,#2ecc71,4300,2.827087,0.127219,0.045000
z_0012_460.127413.png,#4a235a,2578,1.694938,0.076272,0.045000
z_0012_460.127413.png,#512e5f,1382,0.908613,0.040888,0.045000
z_0012_460.127413.png,#52be80,3587,2.358317,0.106124,0.045000
z_0012_460.127413.png,#5499c7,889,0.584484,0.026302,0.045000
z_0012_460.127413.png,#7b241c,2125,1.397107,0.062870,0.045000
z_0012_460.127413.png,#82e0aa,972,0.639053,0.028757,0.045000
z_0012_460.127413.png,#9a7d0a,2659,1.748192,0.078669,0.045000
z_0012_460.127413.png,#a3e4d7,210,0.138067,0.006213,0.045000
z_0012_460.127413.png,#bb8fce,3228,2.122288,0.095503,0.045000
z_0012_460.127413.png,#d2b4de,659,0.433268,0.019497,0.045000
z_0012_460.127413.png,#e59866,2027,1.332676,0.059970,0.045000
z_0012_460.127413.png,#f1948a,1610,1.058514,0.047633,0.045000
z_0012_460.127413.png,#f7dc6f,533,0.350427,0.015769,0.045000
z_0012_460.127413.png,#f8c471,247,0.162393,0.007308,0.045000
z_0012_460.127413.png,#fad7a0,846,0.556213,0.025030,0.045000
z_0013_461.138996.png,#0e6251,1537,1.010519,0.045473,0.045000
z_0013_461.138996.png,#1b4f72,139,0.091387,0.004112,0.045000
z_0013_461.138996.png,#2ecc71,4467,2.936884,0.132160,0.045000
z_0013_461.138996.png,#4a235a,2400,1.577909,0.071006,0.045000
z_0013_461.138996.png,#512e5f,1491,0.980276,0.044112,0.045000
z_0013_461.138996.png,#52be80,3701,2.433268,0.109497,0.045000
z_0013_461.138996.png,#5499c7,838,0.550953,0.024793,0.045000
z_0013_461.138996.png,#7b241c,2095,1.377383,0.061982,0.045000
z_0013_461.138996.png,#82e0aa,955,0.627876,0.028254,0.045000
z_0013_461.138996.png,#9a7d0a,2632,1.730440,0.077870,0.045000
z_0013_461.138996.png,#a3e4d7,191,0.125575,0.005651,0.045000
z_0013_461.138996.png,#a9cce3,1,0.000657,0.000030,0.045000
z_0013_461.138996.png,#bb8fce,3171,2.084813,0.093817,0.045000
z_0013_461.138996.png,#d2b4de,630,0.414201,0.018639,0.045000
z_0013_461.138996.png,#e59866,1928,1.267587,0.057041,0.045000
z_0013_461.138996.png,#f1948a,1731,1.138067,0.051213,0.045000
z_0013_461.138996.png,#f7dc6f,503,0.330703,0.014882,0.045000
z_0013_461.138996.png,#f8c471,234,0.153846,0.006923,0.045000
z_0013_461.138996.png,#fad7a0,856,0.562788,0.025325,0.045000
z_0014_462.150579.png,#0e6251,1566,1.029586,0.046331,0.045000
z_0014_462.150579.png,#1b4f72,118,0.077581,0.003491,0.045000
z_0014_462.150579.png,#2ecc71,4713,3.098619,0.139438,0.045000
z_0014_462.150579.png,#4a235a,2357,1.549638,0.069734,0.045000
z_0014_462.150579.png,#512e5f,1512,0.994083,0.044734,0.045000
z_0014_462.150579.png,#52be80,3792,2.493097,0.112189,0.045000
z_0014_462.150579.png,#5499c7,842,0.553583,0.024911,0.045000
z_0014_462.150579.png,#7b241c,2068,1.359632,0.061183,0.045000
z_0014_462.150579.png,#82e0aa,922,0.606180,0.027278,0.045000
z_0014_462.150579.png,#922b21,19,0.012492,0.000562,0.045000
z_0014_462.150579.png,#9a7d0a,2574,1.692308,0.076154,0.045000
z_0014_462.150579.png,#a3e4d7,181,0.119001,0.005355,0.045000
z_0014_462.150579.png,#a9cce3,1,0.000657,0.000030,0.045000
z_0014_462.150579.png,#bb8fce,3141,2.065089,0.092929,0.045000
z_0014_462.150579.png,#d2b4de,615,0.404339,0.018195,0.045000
z_0014_462.150579.png,#e59866,1714,1.126890,0.050710,0.045000
z_0014_462.150579.png,#f1948a,1867,1.227482,0.055237,0.045000
z_0014_462.150579.png,#f7dc6f,510,0.335306,0.015089,0.045000
z_0014_462.150579.png,#f8c471,232,0.152531,0.006864,0.045000
z_0014_462.150579.png,#fad7a0,866,0.569362,0.025621,0.045000
z_0015_463.162162.png,#0e6251,1594,1.047995,0.047160,0.045000
z_0015_463.162162.png,#1b4f72,110,0.072321,0.003254,0.045000
z_0015_463.162162.png,#2ecc71,4795,3.152531,0.141864,0.045000
z_0015_463.162162.png,#4a235a,2340,1.538462,0.069231,0.045000
z_0015_463.162162.png,#512e5f,1616,1.062459,0.047811,0.045000
z_0015_463.162162.png,#52be80,3823,2.513478,0.113107,0.045000
z_0015_463.162162.png,#5499c7,820,0.539119,0.024260,0.045000
z_0015_463.162162.png,#7b241c,1996,1.312295,0.059053,0.045000
z_0015_463.162162.png,#82e0aa,903,0.593688,0.026716,0.045000
z_0015_463.162162.png,#922b21,35,0.023011,0.001036,0.045000
z_0015_463.162162.png,#9a7d0a,2530,1.663379,0.074852,0.045000
z_0015_463.162162.png,#a3e4d7,192,0.126233,0.005680,0.045000
z_0015_463.162162.png,#a9cce3,1,0.000657,0.000030,0.045000
z_0015_463.162162.png,#bb8fce,3091,2.032216,0.091450,0.045000
z_0015_463.162162.png,#d2b4de,593,0.389875,0.017544,0.045000
z_0015_463.162162.png,#e59866,1716,1.128205,0.050769,0.045000
z_0015_463.162162.png,#f1948a,1983,1.303748,0.058669,0.045000
z_0015_463.162162.png,#f7dc6f,496,0.326101,0.014675,0.045000
z_0015_463.162162.png,#f8c471,231,0.151874,0.006834,0.045000
z_0015_463.162162.png,#fad7a0,901,0.592373,0.026657,0.045000
z_0016_464.173745.png,#0e6251,1648,1.083498,0.048757,0.045000
z_0016_464.173745.png,#1b4f72,115,0.075608,0.003402,0.045000
z_0016_464.173745.png,#2ecc71,4776,3.140039,0.141302,0.045000
z_0016_464.173745.png,#4a235a,2480,1.630506,0.073373,0.045000
z_0016_464.173745.png,#512e5f,1642,1.079553,0.048580,0.045000
z_0016_464.173745.png,#52be80,3808,2.503616,0.112663,0.045000
z_0016_464.173745.png,#5499c7,791,0.520053,0.023402,0.045000
z_0016_464.173745.png,#7b241c,1949,1.281394,0.057663,0.045000
z_0016_464.173745.png,#82e0aa,912,0.599606,0.026982,0.045000
z_0016_464.173745.png,#922b21,52,0.034188,0.001538,0.045000
z_0016_464.173745.png,#9a7d0a,2465,1.620644,0.072929,0.045000
z_0016_464.173745.png,#a3e4d7,216,0.142012,0.006391,0.045000
z_0016_464.173745.png,#bb8fce,3132,2.059172,0.092663,0.045000
z_0016_464.173745.png,#d2b4de,589,0.387245,0.017426,0.045000
z_0016_464.173745.png,#e59866,1726,1.134780,0.051065,0.045000
z_0016_464.173745.png,#f1948a,2110,1.387245,0.062426,0.045000
z_0016_464.173745.png,#f7dc6f,465,0.305720,0.013757,0.045000
z_0016_464.173745.png,#f8c471,244,0.160421,0.007219,0.045000
z_0016_464.173745.png,#fad7a0,941,0.618672,0.027840,0.045000
z_0017_465.185328.png,#0e6251,1699,1.117028,0.050266,0.045000
z_0017_465.185328.png,#1b4f72,128,0.084155,0.003787,0.045000
z_0017_465.185328.png,#2ecc71,4794,3.151874,0.141834,0.045000
z_0017_465.185328.png,#4a235a,2539,1.669297,0.075118,0.045000
z_0017_465.185328.png,#512e5f,1402,0.921762,0.041479,0.045000
z_0017_465.185328.png,#52be80,3859,2.537147,0.114172,0.045000
z_0017_465.185328.png,#5499c7,776,0.510191,0.022959,0.045000
z_0017_465.185328.png,#7b241c,1885,1.239316,0.055769,0.045000
z_0017_465.185328.png,#82e0aa,919,0.604208,0.027189,0.045000
z_0017_465.185328.png,#922b21,98,0.064431,0.002899,0.045000
z_0017_465.185328.png,#9a7d0a,2435,1.600920,0.072041,0.045000
z_0017_465.185328.png,#a3e4d7,236,0.155161,0.006982,0.045000
z_0017_465.185328.png,#a9cce3,5,0.003287,0.000148,0.045000
z_0017_465.185328.png,#bb8fce,3047,2.003287,0.090148,0.045000
z_0017_465.185328.png,#d2b4de,610,0.401052,0.018047,0.045000
z_0017_465.185328.png,#e59866,1725,1.134122,0.051036,0.045000
z_0017_465.185328.png,#f1948a,2228,1.464826,0.065917,0.045000
z_0017_465.185328.png,#f7dc6f,505,0.332018,0.014941,0.045000
z_0017_465.185328.png,#f8c471,238,0.156476,0.007041,0.045000
z_0017_465.185328.png,#fad7a0,952,0.625904,0.028166,0.045000
z_0018_466.196911.png,#0e6251,1887,1.240631,0.055828,0.045000
z_0018_466.196911.png,#1b4f72,131,0.086128,0.003876,0.045000
z_0018_466.196911.png,#2ecc71,4933,3.243261,0.145947,0.045000
z_0018_466.196911.png,#4a235a,2617,1.720579,0.077426,0.045000
z_0018_466.196911.png,#512e5f,1176,0.773176,0.034793,0.045000
z_0018_466.196911.png,#52be80,3799,2.497699,0.112396,0.045000
z_0018_466.196911.png,#5499c7,746,0.490467,0.022071,0.045000
z_0018_466.196911.png,#7b241c,1812,1.191321,0.053609,0.045000
z_0018_466.196911.png,#82e0aa,938,0.616700,0.027751,0.045000
z_0018_466.196911.png,#922b21,222,0.145957,0.006568,0.045000
z_0018_466.196911.png,#9a7d0a,2375,1.561473,0.070266,0.045000
z_0018_466.196911.png,#a3e4d7,260,0.170940,0.007692,0.045000
z_0018_466.196911.png,#a9cce3,3,0.001972,0.000089,0.045000
z_0018_466.196911.png,#bb8fce,2942,1.934254,0.087041,0.045000
z_0018_466.196911.png,#d2b4de,590,0.387903,0.017456,0.045000
z_0018_466.196911.png,#e59866,1721,1.131492,0.050917,0.045000
z_0018_466.196911.png,#f1948a,2297,1.510191,0.067959,0.045000
z_0018_466.196911.png,#f7dc6f,517,0.339908,0.015296,0.045000
z_0018_466.196911.png,#f8c471,239,0.157133,0.007071,0.045000
z_0018_466.196911.png,#fad7a0,985,0.647600,0.029142,0.045000
z_0019_467.208494.png,#0e6251,2227,1.464168,0.065888,0.045000
z_0019_467.208494.png,#1b4f72,132,0.086785,0.003905,0.045000
z_0019_467.208494.png,#2ecc71,4819,3.168310,0.142574,0.045000
z_0019_467.208494.png,#4a235a,2722,1.789612,0.080533,0.045000
z_0019_467.208494.png,#512e5f,833,0.547666,0.024645,0.045000
z_0019_467.208494.png,#52be80,3682,2.420776,0.108935,0.045000
z_0019_467.208494.png,#5499c7,729,0.479290,0.021568,0.045000
z_0019_467.208494.png,#7b241c,1726,1.134780,0.051065,0.045000
z_0019_467.208494.png,#82e0aa,969,0.637081,0.028669,0.045000
z_0019_467.208494.png,#922b21,306,0.201183,0.009053,0.045000
z_0019_467.208494.png,#9a7d0a,2333,1.533859,0.069024,0.045000
z_0019_467.208494.png,#a3e4d7,298,0.195924,0.008817,0.045000
z_0019_467.208494.png,#a9cce3,2,0.001315,0.000059,0.045000
z_0019_467.208494.png,#bb8fce,2716,1.785667,0.080355,0.045000
z_0019_467.208494.png,#d2b4de,563,0.370151,0.016657,0.045000
z_0019_467.208494.png,#e59866,1799,1.182774,0.053225,0.045000
z_0019_467.208494.png,#f1948a,2417,1.589086,0.071509,0.045000
z_0019_467.208494.png,#f7dc6f,487,0.320184,0.014408,0.045000
z_0019_467.208494.png,#f8c471,245,0.161078,0.007249,0.045000
z_0019_467.208494.png,#fad7a0,1030,0.677186,0.030473,0.045000
z_0020_468.220077.png,#0e6251,2581,1.696910,0.076361,0.045000
z_0020_468.220077.png,#1b4f72,144,0.094675,0.004260,0.045000
z_0020_468.220077.png,#2ecc71,4481,2.946088,0.132574,0.045000
z_0020_468.220077.png,#4a235a,2839,1.866535,0.083994,0.045000
z_0020_468.220077.png,#512e5f,692,0.454964,0.020473,0.045000
z_0020_468.220077.png,#52be80,3541,2.328074,0.104763,0.045000
z_0020_468.220077.png,#5499c7,704,0.462853,0.020828,0.045000
z_0020_468.220077.png,#7b241c,1679,1.103879,0.049675,0.045000
z_0020_468.220077.png,#82e0aa,1006,0.661407,0.029763,0.045000
z_0020_468.220077.png,#922b21,377,0.247863,0.011154,0.045000
z_0020_468.220077.png,#9a7d0a,2264,1.488494,0.066982,0.045000
z_0020_468.220077.png,#a3e4d7,362,0.238001,0.010710,0.045000
z_0020_468.220077.png,#a9cce3,1,0.000657,0.000030,0.045000
z_0020_468.220077.png,#bb8fce,2564,1.685733,0.075858,0.045000
z_0020_468.220077.png,#d2b4de,529,0.347798,0.015651,0.045000
z_0020_468.220077.png,#e59866,2058,1.353057,0.060888,0.045000
z_0020_468.220077.png,#f1948a,2440,1.604208,0.072189,0.045000
z_0020_468.220077.png,#f7dc6f,435,0.285996,0.012870,0.045000
z_0020_468.220077.png,#f8c471,249,0.163708,0.007367,0.045000
z_0020_468.220077.png,#fad7a0,1100,0.723208,0.032544,0.045000
z_0021_469.231660.png,#0e6251,2748,1.806706,0.081302,0.045000
z_0021_469.231660.png,#1b4f72,183,0.120316,0.005414,0.045000
z_0021_469.231660.png,#2ecc71,4420,2.905983,0.130769,0.045000
z_0021_469.231660.png,#4a235a,2813,1.849441,0.083225,0.045000
z_0021_469.231660.png,#512e5f,555,0.364892,0.016420,0.045000
z_0021_469.231660.png,#52be80,3490,2.294543,0.103254,0.045000
z_0021_469.231660.png,#5499c7,683,0.449047,0.020207,0.045000
z_0021_469.231660.png,#7b241c,1608,1.057199,0.047574,0.045000
z_0021_469.231660.png,#82e0aa,1020,0.670611,0.030178,0.045000
z_0021_469.231660.png,#922b21,478,0.314267,0.014142,0.045000
z_0021_469.231660.png,#9a7d0a,2228,1.464826,0.065917,0.045000
z_0021_469.231660.png,#a3e4d7,548,0.360289,0.016213,0.045000
z_0021_469.231660.png,#a9cce3,2,0.001315,0.000059,0.045000
z_0021_469.231660.png,#bb8fce,2433,1.599606,0.071982,0.045000
z_0021_469.231660.png,#d2b4de,501,0.329389,0.014822,0.045000
z_0021_469.231660.png,#e59866,2409,1.583826,0.071272,0.045000
z_0021_469.231660.png,#f1948a,2431,1.598291,0.071923,0.045000
z_0021_469.231660.png,#f7dc6f,383,0.251808,0.011331,0.045000
z_0021_469.231660.png,#f8c471,255,0.167653,0.007544,0.045000
z_0021_469.231660.png,#fad7a0,1146,0.753452,0.033905,0.045000
z_0022_470.243243.png,#0e6251,2713,1.783695,0.080266,0.045000
z_0022_470.243243.png,#1b4f72,250,0.164366,0.007396,0.045000
z_0022_470.243243.png,#2ecc71,4088,2.687705,0.120947,0.045000
z_0022_470.243243.png,#4a235a,2803,1.842867,0.082929,0.045000
z_0022_470.243243.png,#512e5f,301,0.197896,0.008905,0.045000
z_0022_470.243243.png,#52be80,3426,2.252465,0.101361,0.045000
z_0022_470.243243.png,#5499c7,526,0.345825,0.015562,0.045000
z_0022_470.243243.png,#7b241c,1470,0.966469,0.043491,0.045000
z_0022_470.243243.png,#82e0aa,1045,0.687048,0.030917,0.045000
z_0022_470.243243.png,#922b21,519,0.341223,0.015355,0.045000
z_0022_470.243243.png,#9a7d0a,2299,1.511506,0.068018,0.045000
z_0022_470.243243.png,#a3e4d7,593,0.389875,0.017544,0.045000
z_0022_470.243243.png,#a9cce3,2,0.001315,0.000059,0.045000
z_0022_470.243243.png,#bb8fce,2271,1.493097,0.067189,0.045000
z_0022_470.243243.png,#d2b4de,516,0.339250,0.015266,0.045000
z_0022_470.243243.png,#e59866,2726,1.792242,0.080651,0.045000
z_0022_470.243243.png,#f58231,79,0.051940,0.002337,0.045000
z_0022_470.243243.png,#f7dc6f,422,0.277449,0.012485,0.045000
z_0022_470.243243.png,#f8c471,229,0.150559,0.006775,0.045000
z_0022_470.243243.png,#fad7a0,1195,0.785667,0.035355,0.045000
z_0023_471.254826.png,#0e6251,2910,1.913215,0.086095,0.045000
z_0023_471.254826.png,#1b4f72,370,0.243261,0.010947,0.045000
z_0023_471.254826.png,#2ecc71,3902,2.565417,0.115444,0.045000
z_0023_471.254826.png,#4a235a,2999,1.971729,0.088728,0.045000
z_0023_471.254826.png,#512e5f,335,0.220250,0.009911,0.045000
z_0023_471.254826.png,#52be80,3367,2.213675,0.099615,0.045000
z_0023_471.254826.png,#5499c7,591,0.388560,0.017485,0.045000
z_0023_471.254826.png,#7b241c,1369,0.900066,0.040503,0.045000
z_0023_471.254826.png,#82e0aa,1102,0.724523,0.032604,0.045000
z_0023_471.254826.png,#922b21,657,0.431953,0.019438,0.045000
z_0023_471.254826.png,#9a7d0a,2225,1.462853,0.065828,0.045000
z_0023_471.254826.png,#a3e4d7,688,0.452334,0.020355,0.045000
z_0023_471.254826.png,#a9cce3,4,0.002630,0.000118,0.045000
z_0023_471.254826.png,#bb8fce,2153,1.415516,0.063698,0.045000
z_0023_471.254826.png,#d2b4de,570,0.374753,0.016864,0.045000
z_0023_471.254826.png,#e59866,3386,2.226167,0.100178,0.045000
z_0023_471.254826.png,#f58231,276,0.181460,0.008166,0.045000
z_0023_471.254826.png,#f7dc6f,306,0.201183,0.009053,0.045000
z_0023_471.254826.png,#f8c471,247,0.162393,0.007308,0.045000
z_0023_471.254826.png,#fad7a0,1239,0.814596,0.036657,0.045000
z_0024_472.266409.png,#0e6251,3208,2.109139,0.094911,0.045000
z_0024_472.266409.png,#1b4f72,607,0.399080,0.017959,0.045000
z_0024_472.266409.png,#2ecc71,3619,2.379356,0.107071,0.045000
z_0024_472.266409.png,#4a235a,3094,2.034188,0.091538,0.045000
z_0024_472.266409.png,#512e5f,317,0.208416,0.009379,0.045000
z_0024_472.266409.png,#52be80,3311,2.176857,0.097959,0.045000
z_0024_472.266409.png,#5499c7,612,0.402367,0.018107,0.045000
z_0024_472.266409.png,#7b241c,1222,0.803419,0.036154,0.045000
z_0024_472.266409.png,#82e0aa,1152,0.757396,0.034083,0.045000
z_0024_472.266409.png,#922b21,828,0.544379,0.024497,0.045000
z_0024_472.266409.png,#9a7d0a,2151,1.414201,0.063639,0.045000
z_0024_472.266409.png,#a3e4d7,796,0.523340,0.023550,0.045000
z_0024_472.266409.png,#a9cce3,8,0.005260,0.000237,0.045000
z_0024_472.266409.png,#bb8fce,2066,1.358317,0.061124,0.045000
z_0024_472.266409.png,#d2b4de,607,0.399080,0.017959,0.045000
z_0024_472.266409.png,#e59866,3866,2.541749,0.114379,0.045000
z_0024_472.266409.png,#f58231,396,0.260355,0.011716,0.045000
z_0024_472.266409.png,#f7dc6f,300,0.197239,0.008876,0.045000
z_0024_472.266409.png,#f8c471,246,0.161736,0.007278,0.045000
z_0024_472.266409.png,#fad7a0,1284,0.844181,0.037988,0.045000
z_0025_473.277992.png,#0e6251,3559,2.339908,0.105296,0.045000
z_0025_473.277992.png,#1b4f72,670,0.440500,0.019822,0.045000
z_0025_473.277992.png,#2ecc71,3135,2.061144,0.092751,0.045000
z_0025_473.277992.png,#4a235a,3328,2.188034,0.098462,0.045000
z_0025_473.277992.png,#512e5f,314,0.206443,0.009290,0.045000
z_0025_473.277992.png,#52be80,3239,2.129520,0.095828,0.045000
z_0025_473.277992.png,#5499c7,681,0.447732,0.020148,0.045000
z_0025_473.277992.png,#7b241c,993,0.652860,0.029379,0.045000
z_0025_473.277992.png,#82e0aa,1170,0.769231,0.034615,0.045000
z_0025_473.277992.png,#922b21,1098,0.721893,0.032485,0.045000
z_0025_473.277992.png,#9a7d0a,2098,1.379356,0.062071,0.045000
z_0025_473.277992.png,#a3e4d7,858,0.564103,0.025385,0.045000
z_0025_473.277992.png,#a9cce3,5,0.003287,0.000148,0.045000
z_0025_473.277992.png,#bb8fce,2015,1.324786,0.059615,0.045000
z_0025_473.277992.png,#d2b4de,599,0.393820,0.017722,0.045000
z_0025_473.277992.png,#e59866,4153,2.730440,0.122870,0.045000
z_0025_473.277992.png,#f58231,522,0.343195,0.015444,0.045000
z_0025_473.277992.png,#f7dc6f,296,0.194609,0.008757,0.045000
z_0025_473.277992.png,#f8c471,256,0.168310,0.007574,0.045000
z_0025_473.277992.png,#fad7a0,1327,0.872452,0.039260,0.045000
z_0026_474.289575.png,#0e6251,3863,2.539776,0.114290,0.045000
z_0026_474.289575.png,#1b4f72,754,0.495726,0.022308,0.045000
z_0026_474.289575.png,#2ecc71,2818,1.852728,0.083373,0.045000
z_0026_474.289575.png,#4a235a,3709,2.438527,0.109734,0.045000
z_0026_474.289575.png,#512e5f,293,0.192636,0.008669,0.045000
z_0026_474.289575.png,#52be80,3136,2.061801,0.092781,0.045000
z_0026_474.289575.png,#5499c7,732,0.481262,0.021657,0.045000
z_0026_474.289575.png,#7b241c,908,0.596976,0.026864,0.045000
z_0026_474.289575.png,#82e0aa,1200,0.788955,0.035503,0.045000
z_0026_474.289575.png,#922b21,1199,0.788297,0.035473,0.045000
z_0026_474.289575.png,#9a7d0a,2005,1.318212,0.059320,0.045000
z_0026_474.289575.png,#a3e4d7,858,0.564103,0.025385,0.045000
z_0026_474.289575.png,#a9cce3,2,0.001315,0.000059,0.045000
z_0026_474.289575.png,#bb8fce,1943,1.277449,0.057485,0.045000
z_0026_474.289575.png,#d2b4de,603,0.396450,0.017840,0.045000
z_0026_474.289575.png,#e59866,4023,2.644970,0.119024,0.045000
z_0026_474.289575.png,#f58231,653,0.429323,0.019320,0.045000
z_0026_474.289575.png,#f7dc6f,292,0.191979,0.008639,0.045000
z_0026_474.289575.png,#f8c471,260,0.170940,0.007692,0.045000
z_0026_474.289575.png,#fad7a0,1362,0.895464,0.040296,0.045000
z_0027_475.301158.png,#0e6251,3932,2.585141,0.116331,0.045000
z_0027_475.301158.png,#1b4f72,787,0.517423,0.023284,0.045000
z_0027_475.301158.png,#2ecc71,2512,1.651545,0.074320,0.045000
z_0027_475.301158.png,#4a235a,4127,2.713346,0.122101,0.045000
z_0027_475.301158.png,#512e5f,260,0.170940,0.007692,0.045000
z_0027_475.301158.png,#52be80,2967,1.950690,0.087781,0.045000
z_0027_475.301158.png,#5499c7,780,0.512821,0.023077,0.045000
z_0027_475.301158.png,#7b241c,866,0.569362,0.025621,0.045000
z_0027_475.301158.png,#82e0aa,1223,0.804076,0.036183,0.045000
z_0027_475.301158.png,#922b21,1264,0.831032,0.037396,0.045000
z_0027_475.301158.png,#9a7d0a,1947,1.280079,0.057604,0.045000
z_0027_475.301158.png,#a3e4d7,837,0.550296,0.024763,0.045000
z_0027_475.301158.png,#a9cce3,4,0.002630,0.000118,0.045000
z_0027_475.301158.png,#bb8fce,1869,1.228797,0.055296,0.045000
z_0027_475.301158.png,#d2b4de,572,0.376068,0.016923,0.045000
z_0027_475.301158.png,#e59866,3795,2.495069,0.112278,0.045000
z_0027_475.301158.png,#f58231,730,0.479947,0.021598,0.045000
z_0027_475.301158.png,#f7dc6f,294,0.193294,0.008698,0.045000
z_0027_475.301158.png,#f8c471,252,0.165680,0.007456,0.045000
z_0027_475.301158.png,#fad7a0,1410,0.927022,0.041716,0.045000
z_0028_476.312741.png,#0e6251,4067,2.673899,0.120325,0.045000
z_0028_476.312741.png,#1b4f72,806,0.529915,0.023846,0.045000
z_0028_476.312741.png,#2ecc71,2281,1.499671,0.067485,0.045000
z_0028_476.312741.png,#4a235a,4776,3.140039,0.141302,0.045000
z_0028_476.312741.png,#512e5f,254,0.166995,0.007515,0.045000
z_0028_476.312741.png,#52be80,2910,1.913215,0.086095,0.045000
z_0028_476.312741.png,#5499c7,794,0.522025,0.023491,0.045000
z_0028_476.312741.png,#7b241c,876,0.575937,0.025917,0.045000
z_0028_476.312741.png,#82e0aa,1290,0.848126,0.038166,0.045000
z_0028_476.312741.png,#922b21,1404,0.923077,0.041538,0.045000
z_0028_476.312741.png,#9a7d0a,1851,1.216963,0.054763,0.045000
z_0028_476.312741.png,#a3e4d7,852,0.560158,0.025207,0.045000
z_0028_476.312741.png,#a9cce3,4,0.002630,0.000118,0.045000
z_0028_476.312741.png,#bb8fce,1765,1.160421,0.052219,0.045000
z_0028_476.312741.png,#d2b4de,543,0.357002,0.016065,0.045000
z_0028_476.312741.png,#e59866,3616,2.377383,0.106982,0.045000
z_0028_476.312741.png,#f58231,852,0.560158,0.025207,0.045000
z_0028_476.312741.png,#f7dc6f,267,0.175542,0.007899,0.045000
z_0028_476.312741.png,#f8c471,234,0.153846,0.006923,0.045000
z_0028_476.312741.png,#fad7a0,1513,0.994740,0.044763,0.045000
z_0029_477.324324.png,#0e6251,4114,2.704799,0.121716,0.045000
z_0029_477.324324.png,#1b4f72,668,0.439185,0.019763,0.045000
z_0029_477.324324.png,#2ecc71,2109,1.386588,0.062396,0.045000
z_0029_477.324324.png,#4a235a,4954,3.257068,0.146568,0.045000
z_0029_477.324324.png,#512e5f,289,0.190007,0.008550,0.045000
z_0029_477.324324.png,#52be80,2853,1.875740,0.084408,0.045000
z_0029_477.324324.png,#5499c7,816,0.536489,0.024142,0.045000
z_0029_477.324324.png,#7b241c,903,0.593688,0.026716,0.045000
z_0029_477.324324.png,#82e0aa,1311,0.861933,0.038787,0.045000
z_0029_477.324324.png,#922b21,1517,0.997370,0.044882,0.045000
z_0029_477.324324.png,#9a7d0a,1737,1.142012,0.051391,0.045000
z_0029_477.324324.png,#a3e4d7,823,0.541091,0.024349,0.045000
z_0029_477.324324.png,#a9cce3,6,0.003945,0.000178,0.045000
z_0029_477.324324.png,#bb8fce,1690,1.111111,0.050000,0.045000
z_0029_477.324324.png,#d2b4de,512,0.336621,0.015148,0.045000
z_0029_477.324324.png,#e59866,3546,2.331361,0.104911,0.045000
z_0029_477.324324.png,#f58231,979,0.643655,0.028964,0.045000
z_0029_477.324324.png,#f7dc6f,246,0.161736,0.007278,0.045000
z_0029_477.324324.png,#f8c471,239,0.157133,0.007071,0.045000
z_0029_477.324324.png,#fad7a0,1612,1.059829,0.047692,0.045000
z_0030_478.335907.png,#0e6251,4155,2.731755,0.122929,0.045000
z_0030_478.335907.png,#1b4f72,605,0.397765,0.017899,0.045000
z_0030_478.335907.png,#2ecc71,1928,1.267587,0.057041,0.045000
z_0030_478.335907.png,#4a235a,5610,3.688363,0.165976,0.045000
z_0030_478.335907.png,#512e5f,301,0.197896,0.008905,0.045000
z_0030_478.335907.png,#52be80,2778,1.826430,0.082189,0.045000
z_0030_478.335907.png,#5499c7,791,0.520053,0.023402,0.045000
z_0030_478.335907.png,#7b241c,968,0.636423,0.028639,0.045000
z_0030_478.335907.png,#82e0aa,1305,0.857988,0.038609,0.045000
z_0030_478.335907.png,#922b21,1595,1.048652,0.047189,0.045000
z_0030_478.335907.png,#9a7d0a,1553,1.021039,0.045947,0.045000
z_0030_478.335907.png,#a3e4d7,778,0.511506,0.023018,0.045000
z_0030_478.335907.png,#a9cce3,6,0.003945,0.000178,0.045000
z_0030_478.335907.png,#bb8fce,1626,1.069034,0.048107,0.045000
z_0030_478.335907.png,#d2b4de,501,0.329389,0.014822,0.045000
z_0030_478.335907.png,#e59866,3427,2.253123,0.101391,0.045000
z_0030_478.335907.png,#f58231,1054,0.692965,0.031183,0.045000
z_0030_478.335907.png,#f7dc6f,260,0.170940,0.007692,0.045000
z_0030_478.335907.png,#f8c471,232,0.152531,0.006864,0.045000
z_0030_478.335907.png,#fad7a0,1671,1.098619,0.049438,0.045000
z_0031_479.347490.png,#0e6251,4288,2.819198,0.126864,0.045000
z_0031_479.347490.png,#1b4f72,577,0.379356,0.017071,0.045000
z_0031_479.347490.png,#2ecc71,1703,1.119658,0.050385,0.045000
z_0031_479.347490.png,#4a235a,6165,4.053254,0.182396,0.045000
z_0031_479.347490.png,#512e5f,349,0.229454,0.010325,0.045000
z_0031_479.347490.png,#52be80,2721,1.788955,0.080503,0.045000
z_0031_479.347490.png,#5499c7,770,0.506246,0.022781,0.045000
z_0031_479.347490.png,#7b241c,1043,0.685733,0.030858,0.045000
z_0031_479.347490.png,#82e0aa,1296,0.852071,0.038343,0.045000
z_0031_479.347490.png,#922b21,1537,1.010519,0.045473,0.045000
z_0031_479.347490.png,#9a7d0a,1480,0.973044,0.043787,0.045000
z_0031_479.347490.png,#a3e4d7,679,0.446417,0.020089,0.045000
z_0031_479.347490.png,#a9cce3,3,0.001972,0.000089,0.045000
z_0031_479.347490.png,#bb8fce,1536,1.009862,0.045444,0.045000
z_0031_479.347490.png,#d2b4de,490,0.322156,0.014497,0.045000
z_0031_479.347490.png,#e59866,3298,2.168310,0.097574,0.045000
z_0031_479.347490.png,#f58231,1113,0.731755,0.032929,0.045000
z_0031_479.347490.png,#f7dc6f,228,0.149901,0.006746,0.045000
z_0031_479.347490.png,#f8c471,226,0.148586,0.006686,0.045000
z_0031_479.347490.png,#fad7a0,1698,1.116371,0.050237,0.045000
z_0032_480.359073.png,#0e6251,4400,2.892834,0.130178,0.045000
z_0032_480.359073.png,#1b4f72,483,0.317554,0.014290,0.045000
z_0032_480.359073.png,#2ecc71,1556,1.023011,0.046036,0.045000
z_0032_480.359073.png,#4a235a,7055,4.638396,0.208728,0.045000
z_0032_480.359073.png,#512e5f,385,0.253123,0.011391,0.045000
z_0032_480.359073.png,#52be80,2646,1.739645,0.078284,0.045000
z_0032_480.359073.png,#5499c7,710,0.466798,0.021006,0.045000
z_0032_480.359073.png,#7b241c,1209,0.794872,0.035769,0.045000
z_0032_480.359073.png,#82e0aa,1293,0.850099,0.038254,0.045000
z_0032_480.359073.png,#922b21,1501,0.986851,0.044408,0.045000
z_0032_480.359073.png,#9a7d0a,1387,0.911900,0.041036,0.045000
z_0032_480.359073.png,#a3e4d7,591,0.388560,0.017485,0.045000
z_0032_480.359073.png,#a9cce3,8,0.005260,0.000237,0.045000
z_0032_480.359073.png,#bb8fce,1443,0.948718,0.042692,0.045000
z_0032_480.359073.png,#d2b4de,549,0.360947,0.016243,0.045000
z_0032_480.359073.png,#e59866,3125,2.054569,0.092456,0.045000
z_0032_480.359073.png,#f58231,1120,0.736358,0.033136,0.045000
z_0032_480.359073.png,#f7dc6f,197,0.129520,0.005828,0.045000
z_0032_480.359073.png,#f8c471,212,0.139382,0.006272,0.045000
z_0032_480.359073.png,#fad7a0,1799,1.182774,0.053225,0.045000
z_0033_481.370656.png,#0e6251,4537,2.982906,0.134231,0.045000
z_0033_481.370656.png,#1b4f72,478,0.314267,0.014142,0.045000
z_0033_481.370656.png,#2ecc71,1355,0.890861,0.040089,0.045000
z_0033_481.370656.png,#4a235a,8966,5.894806,0.265266,0.045000
z_0033_481.370656.png,#512e5f,391,0.257068,0.011568,0.045000
z_0033_481.370656.png,#52be80,2498,1.642341,0.073905,0.045000
z_0033_481.370656.png,#5499c7,730,0.479947,0.021598,0.045000
z_0033_481.370656.png,#7b241c,1233,0.810651,0.036479,0.045000
z_0033_481.370656.png,#82e0aa,1323,0.869822,0.039142,0.045000
z_0033_481.370656.png,#922b21,1398,0.919132,0.041361,0.045000
z_0033_481.370656.png,#9a7d0a,1320,0.867850,0.039053,0.045000
z_0033_481.370656.png,#a3e4d7,508,0.333991,0.015030,0.045000
z_0033_481.370656.png,#bb8fce,1335,0.877712,0.039497,0.045000
z_0033_481.370656.png,#d2b4de,611,0.401709,0.018077,0.045000
z_0033_481.370656.png,#e59866,2992,1.967127,0.088521,0.045000
z_0033_481.370656.png,#f58231,1161,0.763314,0.034349,0.045000
z_0033_481.370656.png,#f7dc6f,186,0.122288,0.005503,0.045000
z_0033_481.370656.png,#f8c471,223,0.146614,0.006598,0.045000
z_0033_481.370656.png,#fad7a0,1877,1.234057,0.055533,0.045000
z_0034_482.382239.png,#0e6251,4772,3.137410,0.141183,0.045000
z_0034_482.382239.png,#1b4f72,472,0.310322,0.013964,0.045000
z_0034_482.382239.png,#2ecc71,1238,0.813938,0.036627,0.045000
z_0034_482.382239.png,#4a235a,8756,5.756739,0.259053,0.045000
z_0034_482.382239.png,#512e5f,367,0.241289,0.010858,0.045000
z_0034_482.382239.png,#52be80,2377,1.562788,0.070325,0.045000
z_0034_482.382239.png,#5499c7,726,0.477318,0.021479,0.045000
z_0034_482.382239.png,#7b241c,1205,0.792242,0.035651,0.045000
z_0034_482.382239.png,#82e0aa,1324,0.870480,0.039172,0.045000
z_0034_482.382239.png,#922b21,1173,0.771203,0.034704,0.045000
z_0034_482.382239.png,#9a7d0a,1313,0.863248,0.038846,0.045000
z_0034_482.382239.png,#a3e4d7,476,0.312952,0.014083,0.045000
z_0034_482.382239.png,#a9cce3,6,0.003945,0.000178,0.045000
z_0034_482.382239.png,#bb8fce,1222,0.803419,0.036154,0.045000
z_0034_482.382239.png,#d2b4de,661,0.434583,0.019556,0.045000
z_0034_482.382239.png,#e59866,2620,1.722551,0.077515,0.045000
z_0034_482.382239.png,#f1948a,1199,0.788297,0.035473,0.045000
z_0034_482.382239.png,#f58231,1118,0.735043,0.033077,0.045000
z_0034_482.382239.png,#f7dc6f,172,0.113083,0.005089,0.045000
z_0034_482.382239.png,#f8c471,220,0.144642,0.006509,0.045000
z_0034_482.382239.png,#fad7a0,1950,1.282051,0.057692,0.045000
z_0035_483.393822.png,#0e6251,4873,3.203813,0.144172,0.045000
z_0035_483.393822.png,#1b4f72,455,0.299145,0.013462,0.045000
z_0035_483.393822.png,#2ecc71,1142,0.750822,0.033787,0.045000
z_0035_483.393822.png,#4a235a,8336,5.480605,0.246627,0.045000
z_0035_483.393822.png,#512e5f,346,0.227482,0.010237,0.045000
z_0035_483.393822.png,#52be80,2306,1.516108,0.068225,0.045000
z_0035_483.393822.png,#5499c7,758,0.498356,0.022426,0.045000
z_0035_483.393822.png,#7b241c,1193,0.784352,0.035296,0.045000
z_0035_483.393822.png,#82e0aa,1340,0.880999,0.039645,0.045000
z_0035_483.393822.png,#922b21,946,0.621959,0.027988,0.045000
z_0035_483.393822.png,#9a7d0a,1262,0.829717,0.037337,0.045000
z_0035_483.393822.png,#a3e4d7,347,0.228139,0.010266,0.045000
z_0035_483.393822.png,#a9cce3,3,0.001972,0.000089,0.045000
z_0035_483.393822.png,#bb8fce,1182,0.777120,0.034970,0.045000
z_0035_483.393822.png,#d2b4de,722,0.474688,0.021361,0.045000
z_0035_483.393822.png,#e59866,2485,1.633794,0.073521,0.045000
z_0035_483.393822.png,#f1948a,866,0.569362,0.025621,0.045000
z_0035_483.393822.png,#f58231,1112,0.731098,0.032899,0.045000
z_0035_483.393822.png,#f7dc6f,175,0.115056,0.005178,0.045000
z_0035_483.393822.png,#f8c471,234,0.153846,0.006923,0.045000
z_0035_483.393822.png,#fad7a0,2010,1.321499,0.059467,0.045000
z_0036_484.405405.png,#0e6251,5008,3.292571,0.148166,0.045000
z_0036_484.405405.png,#1b4f72,429,0.282051,0.012692,0.045000
z_0036_484.405405.png,#2ecc71,1098,0.721893,0.032485,0.045000
z_0036_484.405405.png,#4a235a,9797,6.441157,0.289852,0.045000
z_0036_484.405405.png,#512e5f,317,0.208416,0.009379,0.045000
z_0036_484.405405.png,#52be80,2234,1.468771,0.066095,0.045000
z_0036_484.405405.png,#5499c7,783,0.514793,0.023166,0.045000
z_0036_484.405405.png,#7b241c,1216,0.799474,0.035976,0.045000
z_0036_484.405405.png,#82e0aa,1314,0.863905,0.038876,0.045000
z_0036_484.405405.png,#922b21,861,0.566075,0.025473,0.045000
z_0036_484.405405.png,#9a7d0a,1192,0.783695,0.035266,0.045000
z_0036_484.405405.png,#a3e4d7,283,0.186062,0.008373,0.045000
z_0036_484.405405.png,#a9cce3,10,0.006575,0.000296,0.045000
z_0036_484.405405.png,#bb8fce,1078,0.708744,0.031893,0.045000
z_0036_484.405405.png,#d2b4de,782,0.514135,0.023136,0.045000
z_0036_484.405405.png,#e59866,2194,1.442472,0.064911,0.045000
z_0036_484.405405.png,#f1948a,502,0.330046,0.014852,0.045000
z_0036_484.405405.png,#f58231,1047,0.688363,0.030976,0.045000
z_0036_484.405405.png,#f7dc6f,158,0.103879,0.004675,0.045000
z_0036_484.405405.png,#f8c471,243,0.159763,0.007189,0.045000
z_0036_484.405405.png,#fad7a0,2017,1.326101,0.059675,0.045000
z_0037_485.416988.png,#0e6251,5065,3.330046,0.149852,0.045000
z_0037_485.416988.png,#1b4f72,445,0.292571,0.013166,0.045000
z_0037_485.416988.png,#2ecc71,1062,0.698225,0.031420,0.045000
z_0037_485.416988.png,#4a235a,10611,6.976331,0.313935,0.045000
z_0037_485.416988.png,#512e5f,313,0.205786,0.009260,0.045000
z_0037_485.416988.png,#52be80,2181,1.433925,0.064527,0.045000
z_0037_485.416988.png,#5499c7,798,0.524655,0.023609,0.045000
z_0037_485.416988.png,#7b241c,1237,0.813281,0.036598,0.045000
z_0037_485.416988.png,#82e0aa,1340,0.880999,0.039645,0.045000
z_0037_485.416988.png,#922b21,836,0.549638,0.024734,0.045000
z_0037_485.416988.png,#9a7d0a,1176,0.773176,0.034793,0.045000
z_0037_485.416988.png,#a3e4d7,371,0.243918,0.010976,0.045000
z_0037_485.416988.png,#a9cce3,1,0.000657,0.000030,0.045000
z_0037_485.416988.png,#bb8fce,1046,0.687705,0.030947,0.045000
z_0037_485.416988.png,#d2b4de,832,0.547009,0.024615,0.045000
z_0037_485.416988.png,#e59866,1985,1.305062,0.058728,0.045000
z_0037_485.416988.png,#f1948a,294,0.193294,0.008698,0.045000
z_0037_485.416988.png,#f58231,1043,0.685733,0.030858,0.045000
z_0037_485.416988.png,#f7dc6f,149,0.097962,0.004408,0.045000
z_0037_485.416988.png,#f8c471,230,0.151216,0.006805,0.045000
z_0037_485.416988.png,#fad7a0,2072,1.362262,0.061302,0.045000
z_0038_486.428571.png,#0e6251,5172,3.400394,0.153018,0.045000
z_0038_486.428571.png,#1b4f72,490,0.322156,0.014497,0.045000
z_0038_486.428571.png,#2ecc71,1015,0.667324,0.030030,0.045000
z_0038_486.428571.png,#4a235a,10751,7.068376,0.318077,0.045000
z_0038_486.428571.png,#512e5f,308,0.202498,0.009112,0.045000
z_0038_486.428571.png,#52be80,2115,1.390533,0.062574,0.045000
z_0038_486.428571.png,#5499c7,741,0.487179,0.021923,0.045000
z_0038_486.428571.png,#7b241c,1268,0.833662,0.037515,0.045000
z_0038_486.428571.png,#82e0aa,1396,0.917817,0.041302,0.045000
z_0038_486.428571.png,#922b21,884,0.581197,0.026154,0.045000
z_0038_486.428571.png,#9a7d0a,1368,0.899408,0.040473,0.045000
z_0038_486.428571.png,#a3e4d7,553,0.363577,0.016361,0.045000
z_0038_486.428571.png,#a9cce3,11,0.007232,0.000325,0.045000
z_0038_486.428571.png,#bb8fce,981,0.644970,0.029024,0.045000
z_0038_486.428571.png,#d2b4de,919,0.604208,0.027189,0.045000
z_0038_486.428571.png,#e59866,1664,1.094017,0.049231,0.045000
z_0038_486.428571.png,#f1948a,196,0.128863,0.005799,0.045000
z_0038_486.428571.png,#f58231,1010,0.664037,0.029882,0.045000
z_0038_486.428571.png,#f7dc6f,118,0.077581,0.003491,0.045000
z_0038_486.428571.png,#f8c471,220,0.144642,0.006509,0.045000
z_0038_486.428571.png,#fad7a0,2093,1.376068,0.061923,0.045000
z_0039_487.440154.png,#0e6251,5173,3.401052,0.153047,0.045000
z_0039_487.440154.png,#1b4f72,511,0.335963,0.015118,0.045000
z_0039_487.440154.png,#2ecc71,996,0.654832,0.029467,0.045000
z_0039_487.440154.png,#4a235a,11176,7.347798,0.330651,0.045000
z_0039_487.440154.png,#512e5f,291,0.191321,0.008609,0.045000
z_0039_487.440154.png,#52be80,2069,1.360289,0.061213,0.045000
z_0039_487.440154.png,#5499c7,724,0.476003,0.021420,0.045000
z_0039_487.440154.png,#7b241c,1382,0.908613,0.040888,0.045000
z_0039_487.440154.png,#82e0aa,1399,0.919790,0.041391,0.045000
z_0039_487.440154.png,#922b21,875,0.575279,0.025888,0.045000
z_0039_487.440154.png,#9a7d0a,1541,1.013149,0.045592,0.045000
z_0039_487.440154.png,#a3e4d7,724,0.476003,0.021420,0.045000
z_0039_487.440154.png,#a9cce3,12,0.007890,0.000355,0.045000
z_0039_487.440154.png,#bb8fce,970,0.637738,0.028698,0.045000
z_0039_487.440154.png,#d2b4de,998,0.656147,0.029527,0.045000
z_0039_487.440154.png,#e59866,1303,0.856673,0.038550,0.045000
z_0039_487.440154.png,#f1948a,158,0.103879,0.004675,0.045000
z_0039_487.440154.png,#f58231,984,0.646943,0.029112,0.045000
z_0039_487.440154.png,#f7dc6f,109,0.071663,0.003225,0.045000
z_0039_487.440154.png,#f8c471,239,0.157133,0.007071,0.045000
z_0039_487.440154.png,#fad7a0,2176,1.430638,0.064379,0.045000
z_0040_488.451737.png,#0e6251,5208,3.424063,0.154083,0.045000
z_0040_488.451737.png,#1b4f72,531,0.349112,0.015710,0.045000
z_0040_488.451737.png,#2ecc71,940,0.618014,0.027811,0.045000
z_0040_488.451737.png,#4a235a,11859,7.796844,0.350858,0.045000
z_0040_488.451737.png,#512e5f,283,0.186062,0.008373,0.045000
z_0040_488.451737.png,#52be80,1962,1.289941,0.058047,0.045000
z_0040_488.451737.png,#5499c7,674,0.443130,0.019941,0.045000
z_0040_488.451737.png,#7b241c,1462,0.961210,0.043254,0.045000
z_0040_488.451737.png,#82e0aa,1400,0.920447,0.041420,0.045000
z_0040_488.451737.png,#922b21,895,0.588429,0.026479,0.045000
z_0040_488.451737.png,#9a7d0a,1604,1.054569,0.047456,0.045000
z_0040_488.451737.png,#a3e4d7,735,0.483235,0.021746,0.045000
z_0040_488.451737.png,#a9cce3,12,0.007890,0.000355,0.045000
z_0040_488.451737.png,#bb8fce,911,0.598948,0.026953,0.045000
z_0040_488.451737.png,#d2b4de,1082,0.711374,0.032012,0.045000
z_0040_488.451737.png,#e59866,991,0.651545,0.029320,0.045000
z_0040_488.451737.png,#f1948a,131,0.086128,0.003876,0.045000
z_0040_488.451737.png,#f58231,939,0.617357,0.027781,0.045000
z_0040_488.451737.png,#f7dc6f,120,0.078895,0.003550,0.045000
z_0040_488.451737.png,#f8c471,245,0.161078,0.007249,0.045000
z_0040_488.451737.png,#fad7a0,2205,1.449704,0.065237,0.045000
z_0041_489.463320.png,#0e6251,5258,3.456936,0.155562,0.045000
z_0041_489.463320.png,#1b4f72,565,0.371466,0.016716,0.045000
z_0041_489.463320.png,#2ecc71,916,0.602235,0.027101,0.045000
z_0041_489.463320.png,#4a235a,12275,8.070348,0.363166,0.045000
z_0041_489.463320.png,#512e5f,280,0.184089,0.008284,0.045000
z_0041_489.463320.png,#52be80,1862,1.224195,0.055089,0.045000
z_0041_489.463320.png,#5499c7,618,0.406312,0.018284,0.045000
z_0041_489.463320.png,#7b241c,1564,1.028271,0.046272,0.045000
z_0041_489.463320.png,#82e0aa,1422,0.934911,0.042071,0.045000
z_0041_489.463320.png,#922b21,837,0.550296,0.024763,0.045000
z_0041_489.463320.png,#9a7d0a,1540,1.012492,0.045562,0.045000
z_0041_489.463320.png,#a3e4d7,734,0.482577,0.021716,0.045000
z_0041_489.463320.png,#a9cce3,10,0.006575,0.000296,0.045000
z_0041_489.463320.png,#bb8fce,872,0.573307,0.025799,0.045000
z_0041_489.463320.png,#d2b4de,1140,0.749507,0.033728,0.045000
z_0041_489.463320.png,#e59866,605,0.397765,0.017899,0.045000
z_0041_489.463320.png,#f1948a,127,0.083498,0.003757,0.045000
z_0041_489.463320.png,#f58231,861,0.566075,0.025473,0.045000
z_0041_489.463320.png,#f7dc6f,113,0.074293,0.003343,0.045000
z_0041_489.463320.png,#f8c471,257,0.168968,0.007604,0.045000
z_0041_489.463320.png,#fad7a0,2309,1.518080,0.068314,0.045000
z_0042_490.474903.png,#0e6251,5264,3.460881,0.155740,0.045000
z_0042_490.474903.png,#1b4f72,3927,2.581854,0.116183,0.045000
z_0042_490.474903.png,#2ecc71,861,0.566075,0.025473,0.045000
z_0042_490.474903.png,#4a235a,12552,8.252465,0.371361,0.045000
z_0042_490.474903.png,#512e5f,274,0.180145,0.008107,0.045000
z_0042_490.474903.png,#52be80,1754,1.153189,0.051893,0.045000
z_0042_490.474903.png,#5499c7,569,0.374096,0.016834,0.045000
z_0042_490.474903.png,#7b241c,1646,1.082183,0.048698,0.045000
z_0042_490.474903.png,#82e0aa,1411,0.927679,0.041746,0.045000
z_0042_490.474903.png,#922b21,811,0.533202,0.023994,0.045000
z_0042_490.474903.png,#9a7d0a,1439,0.946088,0.042574,0.045000
z_0042_490.474903.png,#a3e4d7,624,0.410256,0.018462,0.045000
z_0042_490.474903.png,#a9cce3,2,0.001315,0.000059,0.045000
z_0042_490.474903.png,#bb8fce,826,0.543064,0.024438,0.045000
z_0042_490.474903.png,#d2b4de,1210,0.795529,0.035799,0.045000
z_0042_490.474903.png,#e59866,549,0.360947,0.016243,0.045000
z_0042_490.474903.png,#f1948a,121,0.079553,0.003580,0.045000
z_0042_490.474903.png,#f58231,795,0.522682,0.023521,0.045000
z_0042_490.474903.png,#f7dc6f,142,0.093360,0.004201,0.045000
z_0042_490.474903.png,#f8c471,260,0.170940,0.007692,0.045000
z_0042_490.474903.png,#fad7a0,2340,1.538462,0.069231,0.045000
z_0043_491.486486.png,#0e6251,5276,3.468771,0.156095,0.045000
z_0043_491.486486.png,#1b4f72,3831,2.518738,0.113343,0.045000
z_0043_491.486486.png,#2ecc71,844,0.554898,0.024970,0.045000
z_0043_491.486486.png,#4a235a,13052,8.581197,0.386154,0.045000
z_0043_491.486486.png,#512e5f,262,0.172255,0.007751,0.045000
z_0043_491.486486.png,#52be80,1718,1.129520,0.050828,0.045000
z_0043_491.486486.png,#5499c7,549,0.360947,0.016243,0.045000
z_0043_491.486486.png,#7b241c,1711,1.124918,0.050621,0.045000
z_0043_491.486486.png,#82e0aa,1433,0.942143,0.042396,0.045000
z_0043_491.486486.png,#922b21,869,0.571335,0.025710,0.045000
z_0043_491.486486.png,#9a7d0a,1204,0.791584,0.035621,0.045000
z_0043_491.486486.png,#a3e4d7,429,0.282051,0.012692,0.045000
z_0043_491.486486.png,#b9770e,121,0.079553,0.003580,0.045000
z_0043_491.486486.png,#bb8fce,812,0.533859,0.024024,0.045000
z_0043_491.486486.png,#d2b4de,1267,0.833005,0.037485,0.045000
z_0043_491.486486.png,#e59866,581,0.381986,0.017189,0.045000
z_0043_491.486486.png,#f1948a,117,0.076923,0.003462,0.045000
z_0043_491.486486.png,#f58231,677,0.445102,0.020030,0.045000
z_0043_491.486486.png,#f7dc6f,162,0.106509,0.004793,0.045000
z_0043_491.486486.png,#f8c471,272,0.178830,0.008047,0.045000
z_0043_491.486486.png,#fad7a0,2431,1.598291,0.071923,0.045000
z_0044_492.498069.png,#0e6251,5253,3.453649,0.155414,0.045000
z_0044_492.498069.png,#1b4f72,3677,2.417488,0.108787,0.045000
z_0044_492.498069.png,#2ecc71,778,0.511506,0.023018,0.045000
z_0044_492.498069.png,#4a235a,13302,8.745562,0.393550,0.045000
z_0044_492.498069.png,#512e5f,257,0.168968,0.007604,0.045000
z_0044_492.498069.png,#52be80,1687,1.109139,0.049911,0.045000
z_0044_492.498069.png,#5499c7,500,0.328731,0.014793,0.045000
z_0044_492.498069.png,#7b241c,1751,1.151216,0.051805,0.045000
z_0044_492.498069.png,#82e0aa,1450,0.953320,0.042899,0.045000
z_0044_492.498069.png,#922b21,876,0.575937,0.025917,0.045000
z_0044_492.498069.png,#9a7d0a,900,0.591716,0.026627,0.045000
z_0044_492.498069.png,#a3e4d7,140,0.092045,0.004142,0.045000
z_0044_492.498069.png,#a9cce3,10,0.006575,0.000296,0.045000
z_0044_492.498069.png,#b9770e,288,0.189349,0.008521,0.045000
z_0044_492.498069.png,#bb8fce,782,0.514135,0.023136,0.045000
z_0044_492.498069.png,#d2b4de,1359,0.893491,0.040207,0.045000
z_0044_492.498069.png,#e59866,587,0.385930,0.017367,0.045000
z_0044_492.498069.png,#edbb99,149,0.097962,0.004408,0.045000
z_0044_492.498069.png,#f1948a,105,0.069034,0.003107,0.045000
z_0044_492.498069.png,#f58231,573,0.376726,0.016953,0.045000
z_0044_492.498069.png,#f7dc6f,211,0.138725,0.006243,0.045000
z_0044_492.498069.png,#f8c471,282,0.185404,0.008343,0.045000
z_0044_492.498069.png,#fad7a0,2532,1.664694,0.074911,0.045000
z_0045_493.509653.png,#0e6251,5256,3.455621,0.155503,0.045000
z_0045_493.509653.png,#1b4f72,3677,2.417488,0.108787,0.045000
z_0045_493.509653.png,#2ecc71,776,0.510191,0.022959,0.045000
z_0045_493.509653.png,#4a235a,13342,8.771861,0.394734,0.045000
z_0045_493.509653.png,#512e5f,257,0.168968,0.007604,0.045000
z_0045_493.509653.png,#52be80,1688,1.109796,0.049941,0.045000
z_0045_493.509653.png,#5499c7,499,0.328074,0.014763,0.045000
z_0045_493.509653.png,#7b241c,1751,1.151216,0.051805,0.045000
z_0045_493.509653.png,#82e0aa,1455,0.956607,0.043047,0.045000
z_0045_493.509653.png,#922b21,878,0.577252,0.025976,0.045000
z_0045_493.509653.png,#9a7d0a,897,0.589744,0.026538,0.045000
z_0045_493.509653.png,#a3e4d7,140,0.092045,0.004142,0.045000
z_0045_493.509653.png,#a9cce3,11,0.007232,0.000325,0.045000
z_0045_493.509653.png,#b9770e,288,0.189349,0.008521,0.045000
z_0045_493.509653.png,#bb8fce,783,0.514793,0.023166,0.045000
z_0045_493.509653.png,#d2b4de,1368,0.899408,0.040473,0.045000
z_0045_493.509653.png,#e59866,586,0.385273,0.017337,0.045000
z_0045_493.509653.png,#edbb99,146,0.095989,0.004320,0.045000
z_0045_493.509653.png,#f1948a,102,0.067061,0.003018,0.045000
z_0045_493.509653.png,#f58231,574,0.377383,0.016982,0.045000
z_0045_493.509653.png,#f7dc6f,212,0.139382,0.006272,0.045000
z_0045_493.509653.png,#f8c471,281,0.184747,0.008314,0.045000
z_0045_493.509653.png,#fad7a0,2543,1.671926,0.075237,0.045000
z_0046_494.521236.png,#0e6251,5396,3.547666,0.159645,0.045000
z_0046_494.521236.png,#1b4f72,3573,2.349112,0.105710,0.045000
z_0046_494.521236.png,#2ecc71,671,0.441157,0.019852,0.045000
z_0046_494.521236.png,#4a235a,12694,8.345825,0.375562,0.045000
z_0046_494.521236.png,#512e5f,306,0.201183,0.009053,0.045000
z_0046_494.521236.png,#52be80,1518,0.998028,0.044911,0.045000
z_0046_494.521236.png,#5499c7,412,0.270874,0.012189,0.045000
z_0046_494.521236.png,#7b241c,1885,1.239316,0.055769,0.045000
z_0046_494.521236.png,#82e0aa,1487,0.977646,0.043994,0.045000
z_0046_494.521236.png,#922b21,980,0.644313,0.028994,0.045000
z_0046_494.521236.png,#9a7d0a,664,0.436555,0.019645,0.045000
z_0046_494.521236.png,#a3e4d7,104,0.068376,0.003077,0.045000
z_0046_494.521236.png,#a9cce3,1,0.000657,0.000030,0.045000
z_0046_494.521236.png,#b9770e,475,0.312295,0.014053,0.045000
z_0046_494.521236.png,#bb8fce,761,0.500329,0.022515,0.045000
z_0046_494.521236.png,#d2b4de,1568,1.030901,0.046391,0.045000
z_0046_494.521236.png,#e59866,1085,0.713346,0.032101,0.045000
z_0046_494.521236.png,#edbb99,475,0.312295,0.014053,0.045000
z_0046_494.521236.png,#f1948a,107,0.070348,0.003166,0.045000
z_0046_494.521236.png,#f58231,336,0.220907,0.009941,0.045000
z_0046_494.521236.png,#f7dc6f,282,0.185404,0.008343,0.045000
z_0046_494.521236.png,#f8c471,307,0.201841,0.009083,0.045000
z_0046_494.521236.png,#fad7a0,2761,1.815253,0.081686,0.045000
z_0047_495.532819.png,#0e6251,5490,3.609467,0.162426,0.045000
z_0047_495.532819.png,#1b4f72,3567,2.345168,0.105533,0.045000
z_0047_495.532819.png,#2ecc71,605,0.397765,0.017899,0.045000
z_0047_495.532819.png,#4a235a,12583,8.272847,0.372278,0.045000
z_0047_495.532819.png,#512e5f,363,0.238659,0.010740,0.045000
z_0047_495.532819.png,#52be80,1459,0.959237,0.043166,0.045000
z_0047_495.532819.png,#5499c7,390,0.256410,0.011538,0.045000
z_0047_495.532819.png,#7b241c,1855,1.219592,0.054882,0.045000
z_0047_495.532819.png,#82e0aa,1512,0.994083,0.044734,0.045000
z_0047_495.532819.png,#922b21,936,0.615385,0.027692,0.045000
z_0047_495.532819.png,#9a7d0a,660,0.433925,0.019527,0.045000
z_0047_495.532819.png,#a3e4d7,117,0.076923,0.003462,0.045000
z_0047_495.532819.png,#a9cce3,8,0.005260,0.000237,0.045000
z_0047_495.532819.png,#b9770e,582,0.382643,0.017219,0.045000
z_0047_495.532819.png,#bb8fce,725,0.476660,0.021450,0.045000
z_0047_495.532819.png,#d2b4de,1617,1.063116,0.047840,0.045000
z_0047_495.532819.png,#e59866,1838,1.208416,0.054379,0.045000
z_0047_495.532819.png,#edbb99,586,0.385273,0.017337,0.045000
z_0047_495.532819.png,#f1948a,112,0.073636,0.003314,0.045000
z_0047_495.532819.png,#f58231,197,0.129520,0.005828,0.045000
z_0047_495.532819.png,#f7dc6f,324,0.213018,0.009586,0.045000
z_0047_495.532819.png,#f8c471,651,0.428008,0.019260,0.045000
z_0047_495.532819.png,#fad7a0,2735,1.798159,0.080917,0.045000
z_0048_496.544402.png,#0e6251,5487,3.607495,0.162337,0.045000
z_0048_496.544402.png,#1b4f72,3569,2.346483,0.105592,0.045000
z_0048_496.544402.png,#2ecc71,605,0.397765,0.017899,0.045000
z_0048_496.544402.png,#4a235a,12553,8.253123,0.371391,0.045000
z_0048_496.544402.png,#512e5f,366,0.240631,0.010828,0.045000
z_0048_496.544402.png,#52be80,1468,0.965155,0.043432,0.045000
z_0048_496.544402.png,#5499c7,390,0.256410,0.011538,0.045000
z_0048_496.544402.png,#7b241c,1854,1.218935,0.054852,0.045000
z_0048_496.544402.png,#82e0aa,1512,0.994083,0.044734,0.045000
z_0048_496.544402.png,#922b21,933,0.613412,0.027604,0.045000
z_0048_496.544402.png,#9a7d0a,663,0.435897,0.019615,0.045000
z_0048_496.544402.png,#a3e4d7,116,0.076266,0.003432,0.045000
z_0048_496.544402.png,#a9cce3,8,0.005260,0.000237,0.045000
z_0048_496.544402.png,#b9770e,581,0.381986,0.017189,0.045000
z_0048_496.544402.png,#bb8fce,726,0.477318,0.021479,0.045000
z_0048_496.544402.png,#d2b4de,1600,1.051940,0.047337,0.045000
z_0048_496.544402.png,#e59866,1844,1.212360,0.054556,0.045000
z_0048_496.544402.png,#edbb99,588,0.386588,0.017396,0.045000
z_0048_496.544402.png,#f1948a,113,0.074293,0.003343,0.045000
z_0048_496.544402.png,#f58231,199,0.130835,0.005888,0.045000
z_0048_496.544402.png,#f7dc6f,331,0.217620,0.009793,0.045000
z_0048_496.544402.png,#f8c471,653,0.429323,0.019320,0.045000
z_0048_496.544402.png,#fad7a0,2730,1.794872,0.080769,0.045000
z_0049_497.555985.png,#0e6251,5496,3.613412,0.162604,0.045000
z_0049_497.555985.png,#1b4f72,3440,2.261670,0.101775,0.045000
z_0049_497.555985.png,#2ecc71,548,0.360289,0.016213,0.045000
z_0049_497.555985.png,#4a235a,13029,8.566075,0.385473,0.045000
z_0049_497.555985.png,#512e5f,547,0.359632,0.016183,0.045000
z_0049_497.555985.png,#52be80,1254,0.824458,0.037101,0.045000
z_0049_497.555985.png,#5499c7,360,0.236686,0.010651,0.045000
z_0049_497.555985.png,#7b241c,1844,1.212360,0.054556,0.045000
z_0049_497.555985.png,#82e0aa,1597,1.049967,0.047249,0.045000
z_0049_497.555985.png,#922b21,950,0.624589,0.028107,0.045000
z_0049_497.555985.png,#9a7d0a,719,0.472715,0.021272,0.045000
z_0049_497.555985.png,#a3e4d7,146,0.095989,0.004320,0.045000
z_0049_497.555985.png,#a9cce3,5,0.003287,0.000148,0.045000
z_0049_497.555985.png,#b9770e,1041,0.684418,0.030799,0.045000
z_0049_497.555985.png,#bb8fce,702,0.461538,0.020769,0.045000
z_0049_497.555985.png,#d2b4de,1635,1.074951,0.048373,0.045000
z_0049_497.555985.png,#e59866,3807,2.502959,0.112633,0.045000
z_0049_497.555985.png,#edbb99,876,0.575937,0.025917,0.045000
z_0049_497.555985.png,#f1948a,332,0.218277,0.009822,0.045000
z_0049_497.555985.png,#f58231,102,0.067061,0.003018,0.045000
z_0049_497.555985.png,#f7dc6f,549,0.360947,0.016243,0.045000
z_0049_497.555985.png,#f8c471,924,0.607495,0.027337,0.045000
z_0049_497.555985.png,#fad7a0,2873,1.888889,0.085000,0.045000
z_0050_498.567568.png,#0e6251,5507,3.620644,0.162929,0.045000
z_0050_498.567568.png,#1b4f72,3443,2.263642,0.101864,0.045000
z_0050_498.567568.png,#2ecc71,549,0.360947,0.016243,0.045000
z_0050_498.567568.png,#4a235a,13039,8.572650,0.385769,0.045000
z_0050_498.567568.png,#512e5f,546,0.358974,0.016154,0.045000
z_0050_498.567568.png,#52be80,1266,0.832347,0.037456,0.045000
z_0050_498.567568.png,#5499c7,363,0.238659,0.010740,0.045000
z_0050_498.567568.png,#7b241c,1842,1.211045,0.054497,0.045000
z_0050_498.567568.png,#82e0aa,1599,1.051282,0.047308,0.045000
z_0050_498.567568.png,#922b21,954,0.627219,0.028225,0.045000
z_0050_498.567568.png,#9a7d0a,721,0.474030,0.021331,0.045000
z_0050_498.567568.png,#a3e4d7,146,0.095989,0.004320,0.045000
z_0050_498.567568.png,#a9cce3,4,0.002630,0.000118,0.045000
z_0050_498.567568.png,#b9770e,1040,0.683761,0.030769,0.045000
z_0050_498.567568.png,#bb8fce,698,0.458909,0.020651,0.045000
z_0050_498.567568.png,#d2b4de,1640,1.078238,0.048521,0.045000
z_0050_498.567568.png,#e59866,3801,2.499014,0.112456,0.045000
z_0050_498.567568.png,#edbb99,879,0.577909,0.026006,0.045000
z_0050_498.567568.png,#f1948a,336,0.220907,0.009941,0.045000
z_0050_498.567568.png,#f58231,101,0.066404,0.002988,0.045000
z_0050_498.567568.png,#f7dc6f,556,0.365549,0.016450,0.045000
z_0050_498.567568.png,#f8c471,921,0.605523,0.027249,0.045000
z_0050_498.567568.png,#fad7a0,2872,1.888231,0.084970,0.045000
z_0051_499.579151.png,#0e6251,5624,3.697567,0.166391,0.045000
z_0051_499.579151.png,#1b4f72,3440,2.261670,0.101775,0.045000
z_0051_499.579151.png,#2ecc71,529,0.347798,0.015651,0.045000
z_0051_499.579151.png,#4a235a,8829,5.804734,0.261213,0.045000
z_0051_499.579151.png,#512e5f,580,0.381328,0.017160,0.045000
z_0051_499.579151.png,#52be80,1241,0.815911,0.036716,0.045000
z_0051_499.579151.png,#5499c7,366,0.240631,0.010828,0.045000
z_0051_499.579151.png,#7b241c,1866,1.226824,0.055207,0.045000
z_0051_499.579151.png,#82e0aa,1624,1.067719,0.048047,0.045000
z_0051_499.579151.png,#922b21,956,0.628534,0.028284,0.045000
z_0051_499.579151.png,#9a7d0a,692,0.454964,0.020473,0.045000
z_0051_499.579151.png,#a3e4d7,158,0.103879,0.004675,0.045000
z_0051_499.579151.png,#a9cce3,1,0.000657,0.000030,0.045000
z_0051_499.579151.png,#b9770e,1264,0.831032,0.037396,0.045000
z_0051_499.579151.png,#bb8fce,670,0.440500,0.019822,0.045000
z_0051_499.579151.png,#d2b4de,1463,0.961867,0.043284,0.045000
z_0051_499.579151.png,#e59866,3917,2.575279,0.115888,0.045000
z_0051_499.579151.png,#edbb99,1022,0.671926,0.030237,0.045000
z_0051_499.579151.png,#f1948a,476,0.312952,0.014083,0.045000
z_0051_499.579151.png,#f58231,80,0.052597,0.002367,0.045000
z_0051_499.579151.png,#f7dc6f,545,0.358317,0.016124,0.045000
z_0051_499.579151.png,#f8c471,981,0.644970,0.029024,0.045000
z_0051_499.579151.png,#fad7a0,2964,1.948718,0.087692,0.045000
z_0052_500.590734.png,#0e6251,5702,3.748849,0.168698,0.045000
z_0052_500.590734.png,#1b4f72,3423,2.250493,0.101272,0.045000
z_0052_500.590734.png,#2ecc71,553,0.363577,0.016361,0.045000
z_0052_500.590734.png,#4a235a,8673,5.702170,0.256598,0.045000
z_0052_500.590734.png,#512e5f,622,0.408941,0.018402,0.045000
z_0052_500.590734.png,#52be80,1144,0.752137,0.033846,0.045000
z_0052_500.590734.png,#5499c7,360,0.236686,0.010651,0.045000
z_0052_500.590734.png,#7b241c,1859,1.222222,0.055000,0.045000
z_0052_500.590734.png,#82e0aa,1623,1.067061,0.048018,0.045000
z_0052_500.590734.png,#922b21,948,0.623274,0.028047,0.045000
z_0052_500.590734.png,#9a7d0a,679,0.446417,0.020089,0.045000
z_0052_500.590734.png,#a3e4d7,181,0.119001,0.005355,0.045000
z_0052_500.590734.png,#a9cce3,3,0.001972,0.000089,0.045000
z_0052_500.590734.png,#b9770e,1497,0.984221,0.044290,0.045000
z_0052_500.590734.png,#bb8fce,671,0.441157,0.019852,0.045000
z_0052_500.590734.png,#d2b4de,1447,0.951348,0.042811,0.045000
z_0052_500.590734.png,#e59866,4069,2.675214,0.120385,0.045000
z_0052_500.590734.png,#edbb99,1149,0.755424,0.033994,0.045000
z_0052_500.590734.png,#f1948a,593,0.389875,0.017544,0.045000
z_0052_500.590734.png,#f58231,66,0.043393,0.001953,0.045000
z_0052_500.590734.png,#f7dc6f,600,0.394477,0.017751,0.045000
z_0052_500.590734.png,#f8c471,1011,0.664694,0.029911,0.045000
z_0052_500.590734.png,#fad7a0,3026,1.989481,0.089527,0.045000
z_0053_501.602317.png,#0e6251,5634,3.704142,0.166686,0.045000
z_0053_501.602317.png,#1b4f72,3425,2.251808,0.101331,0.045000
z_0053_501.602317.png,#2ecc71,547,0.359632,0.016183,0.045000
z_0053_501.602317.png,#4a235a,8511,5.595661,0.251805,0.045000
z_0053_501.602317.png,#512e5f,625,0.410914,0.018491,0.045000
z_0053_501.602317.png,#52be80,1067,0.701512,0.031568,0.045000
z_0053_501.602317.png,#5499c7,349,0.229454,0.010325,0.045000
z_0053_501.602317.png,#7b241c,1835,1.206443,0.054290,0.045000
z_0053_501.602317.png,#82e0aa,1647,1.082840,0.048728,0.045000
z_0053_501.602317.png,#922b21,933,0.613412,0.027604,0.045000
z_0053_501.602317.png,#9a7d0a,605,0.397765,0.017899,0.045000
z_0053_501.602317.png,#a3e4d7,203,0.133465,0.006006,0.045000
z_0053_501.602317.png,#a9cce3,1,0.000657,0.000030,0.045000
z_0053_501.602317.png,#af7ac5,63,0.041420,0.001864,0.045000
z_0053_501.602317.png,#b9770e,1740,1.143984,0.051479,0.045000
z_0053_501.602317.png,#bb8fce,655,0.430638,0.019379,0.045000
z_0053_501.602317.png,#d2b4de,1393,0.915845,0.041213,0.045000
z_0053_501.602317.png,#e59866,4270,2.807364,0.126331,0.045000
z_0053_501.602317.png,#edbb99,1190,0.782380,0.035207,0.045000
z_0053_501.602317.png,#f1948a,701,0.460881,0.020740,0.045000
z_0053_501.602317.png,#f58231,119,0.078238,0.003521,0.045000
z_0053_501.602317.png,#f7dc6f,550,0.361604,0.016272,0.045000
z_0053_501.602317.png,#f8c471,1047,0.688363,0.030976,0.045000
z_0053_501.602317.png,#fad7a0,3111,2.045365,0.092041,0.045000
z_0054_502.613900.png,#0e6251,5636,3.705457,0.166746,0.045000
z_0054_502.613900.png,#1b4f72,3375,2.218935,0.099852,0.045000
z_0054_502.613900.png,#2ecc71,565,0.371466,0.016716,0.045000
z_0054_502.613900.png,#4a235a,8590,5.647600,0.254142,0.045000
z_0054_502.613900.png,#512e5f,660,0.433925,0.019527,0.045000
z_0054_502.613900.png,#52be80,1015,0.667324,0.030030,0.045000
z_0054_502.613900.png,#5499c7,343,0.225510,0.010148,0.045000
z_0054_502.613900.png,#7b241c,1766,1.161078,0.052249,0.045000
z_0054_502.613900.png,#82e0aa,1688,1.109796,0.049941,0.045000
z_0054_502.613900.png,#922b21,961,0.631821,0.028432,0.045000
z_0054_502.613900.png,#9a7d0a,607,0.399080,0.017959,0.045000
z_0054_502.613900.png,#a3e4d7,238,0.156476,0.007041,0.045000
z_0054_502.613900.png,#a9cce3,6,0.003945,0.000178,0.045000
z_0054_502.613900.png,#af7ac5,144,0.094675,0.004260,0.045000
z_0054_502.613900.png,#b9770e,1924,1.264957,0.056923,0.045000
z_0054_502.613900.png,#bb8fce,654,0.429980,0.019349,0.045000
z_0054_502.613900.png,#d2b4de,1356,0.891519,0.040118,0.045000
z_0054_502.613900.png,#e59866,4340,2.853386,0.128402,0.045000
z_0054_502.613900.png,#edbb99,1232,0.809993,0.036450,0.045000
z_0054_502.613900.png,#f1948a,829,0.545036,0.024527,0.045000
z_0054_502.613900.png,#f58231,446,0.293228,0.013195,0.045000
z_0054_502.613900.png,#f7dc6f,611,0.401709,0.018077,0.045000
z_0054_502.613900.png,#f8c471,1122,0.737673,0.033195,0.045000
z_0054_502.613900.png,#fad7a0,3119,2.050625,0.092278,0.045000
z_0055_503.625483.png,#0e6251,5517,3.627219,0.163225,0.045000
z_0055_503.625483.png,#1b4f72,3289,2.162393,0.097308,0.045000
z_0055_503.625483.png,#2ecc71,554,0.364234,0.016391,0.045000
z_0055_503.625483.png,#4a235a,8879,5.837607,0.262692,0.045000
z_0055_503.625483.png,#512e5f,662,0.435240,0.019586,0.045000
z_0055_503.625483.png,#52be80,950,0.624589,0.028107,0.045000
z_0055_503.625483.png,#5499c7,350,0.230112,0.010355,0.045000
z_0055_503.625483.png,#7b241c,1688,1.109796,0.049941,0.045000
z_0055_503.625483.png,#82e0aa,1717,1.128863,0.050799,0.045000
z_0055_503.625483.png,#922b21,990,0.650888,0.029290,0.045000
z_0055_503.625483.png,#9a7d0a,765,0.502959,0.022633,0.045000
z_0055_503.625483.png,#a3e4d7,270,0.177515,0.007988,0.045000
z_0055_503.625483.png,#a9cce3,3,0.001972,0.000089,0.045000
z_0055_503.625483.png,#af7ac5,213,0.140039,0.006302,0.045000
z_0055_503.625483.png,#b9770e,2087,1.372124,0.061746,0.045000
z_0055_503.625483.png,#bb8fce,649,0.426693,0.019201,0.045000
z_0055_503.625483.png,#d2b4de,1240,0.815253,0.036686,0.045000
z_0055_503.625483.png,#e59866,4367,2.871137,0.129201,0.045000
z_0055_503.625483.png,#edbb99,1245,0.818540,0.036834,0.045000
z_0055_503.625483.png,#f1948a,929,0.610782,0.027485,0.045000
z_0055_503.625483.png,#f58231,644,0.423406,0.019053,0.045000
z_0055_503.625483.png,#f7dc6f,478,0.314267,0.014142,0.045000
z_0055_503.625483.png,#f8c471,1211,0.796187,0.035828,0.045000
z_0055_503.625483.png,#fad7a0,3129,2.057199,0.092574,0.045000
z_0056_504.637066.png,#0e6251,5450,3.583169,0.161243,0.045000
z_0056_504.637066.png,#1b4f72,3184,2.093360,0.094201,0.045000
z_0056_504.637066.png,#2ecc71,561,0.368836,0.016598,0.045000
z_0056_504.637066.png,#4a235a,7432,4.886259,0.219882,0.045000
z_0056_504.637066.png,#512e5f,629,0.413544,0.018609,0.045000
z_0056_504.637066.png,#52be80,892,0.586456,0.026391,0.045000
z_0056_504.637066.png,#5499c7,350,0.230112,0.010355,0.045000
z_0056_504.637066.png,#7b241c,1730,1.137410,0.051183,0.045000
z_0056_504.637066.png,#82e0aa,1777,1.168310,0.052574,0.045000
z_0056_504.637066.png,#922b21,1046,0.687705,0.030947,0.045000
z_0056_504.637066.png,#9a7d0a,824,0.541749,0.024379,0.045000
z_0056_504.637066.png,#a3e4d7,315,0.207101,0.009320,0.045000
z_0056_504.637066.png,#a9cce3,5,0.003287,0.000148,0.045000
z_0056_504.637066.png,#af7ac5,263,0.172913,0.007781,0.045000
z_0056_504.637066.png,#b9770e,2269,1.491782,0.067130,0.045000
z_0056_504.637066.png,#bb8fce,654,0.429980,0.019349,0.045000
z_0056_504.637066.png,#d2b4de,1144,0.752137,0.033846,0.045000
z_0056_504.637066.png,#e59866,4271,2.808021,0.126361,0.045000
z_0056_504.637066.png,#edbb99,1169,0.768573,0.034586,0.045000
z_0056_504.637066.png,#f1948a,1041,0.684418,0.030799,0.045000
z_0056_504.637066.png,#f58231,797,0.523997,0.023580,0.045000
z_0056_504.637066.png,#f7dc6f,406,0.266930,0.012012,0.045000
z_0056_504.637066.png,#f8c471,1285,0.844839,0.038018,0.045000
z_0056_504.637066.png,#fad7a0,3201,2.104536,0.094704,0.045000
z_0057_505.648649.png,#0e6251,5386,3.541091,0.159349,0.045000
z_0057_505.648649.png,#1b4f72,3049,2.004602,0.090207,0.045000
z_0057_505.648649.png,#2ecc71,566,0.372124,0.016746,0.045000
z_0057_505.648649.png,#4a235a,8481,5.575937,0.250917,0.045000
z_0057_505.648649.png,#512e5f,643,0.422748,0.019024,0.045000
z_0057_505.648649.png,#52be80,835,0.548981,0.024704,0.045000
z_0057_505.648649.png,#5499c7,358,0.235371,0.010592,0.045000
z_0057_505.648649.png,#7b241c,1738,1.142669,0.051420,0.045000
z_0057_505.648649.png,#82e0aa,1849,1.215648,0.054704,0.045000
z_0057_505.648649.png,#922b21,1044,0.686391,0.030888,0.045000
z_0057_505.648649.png,#9a7d0a,840,0.552268,0.024852,0.045000
z_0057_505.648649.png,#a3e4d7,343,0.225510,0.010148,0.045000
z_0057_505.648649.png,#a9cce3,6,0.003945,0.000178,0.045000
z_0057_505.648649.png,#af7ac5,240,0.157791,0.007101,0.045000
z_0057_505.648649.png,#b9770e,2326,1.529257,0.068817,0.045000
z_0057_505.648649.png,#bb8fce,643,0.422748,0.019024,0.045000
z_0057_505.648649.png,#d2b4de,1058,0.695595,0.031302,0.045000
z_0057_505.648649.png,#e59866,4318,2.838922,0.127751,0.045000
z_0057_505.648649.png,#edbb99,1053,0.692308,0.031154,0.045000
z_0057_505.648649.png,#f1948a,1173,0.771203,0.034704,0.045000
z_0057_505.648649.png,#f58231,959,0.630506,0.028373,0.045000
z_0057_505.648649.png,#f7dc6f,454,0.298488,0.013432,0.045000
z_0057_505.648649.png,#f8c471,1370,0.900723,0.040533,0.045000
z_0057_505.648649.png,#fad7a0,3245,2.133465,0.096006,0.045000
z_0058_506.660232.png,#0e6251,5257,3.456279,0.155533,0.045000
z_0058_506.660232.png,#1b4f72,2865,1.883629,0.084763,0.045000
z_0058_506.660232.png,#2ecc71,572,0.376068,0.016923,0.045000
z_0058_506.660232.png,#4a235a,7843,5.156476,0.232041,0.045000
z_0058_506.660232.png,#512e5f,646,0.424721,0.019112,0.045000
z_0058_506.660232.png,#52be80,759,0.499014,0.022456,0.045000
z_0058_506.660232.png,#5499c7,387,0.254438,0.011450,0.045000
z_0058_506.660232.png,#7b241c,1781,1.170940,0.052692,0.045000
z_0058_506.660232.png,#82e0aa,1909,1.255095,0.056479,0.045000
z_0058_506.660232.png,#922b21,1072,0.704799,0.031716,0.045000
z_0058_506.660232.png,#9a7d0a,1149,0.755424,0.033994,0.045000
z_0058_506.660232.png,#a3e4d7,373,0.245233,0.011036,0.045000
z_0058_506.660232.png,#a9cce3,11,0.007232,0.000325,0.045000
z_0058_506.660232.png,#af7ac5,241,0.158448,0.007130,0.045000
z_0058_506.660232.png,#b9770e,2460,1.617357,0.072781,0.045000
z_0058_506.660232.png,#bb8fce,634,0.416831,0.018757,0.045000
z_0058_506.660232.png,#d2b4de,952,0.625904,0.028166,0.045000
z_0058_506.660232.png,#e59866,4369,2.872452,0.129260,0.045000
z_0058_506.660232.png,#edbb99,831,0.546351,0.024586,0.045000
z_0058_506.660232.png,#f1948a,1304,0.857331,0.038580,0.045000
z_0058_506.660232.png,#f58231,1194,0.785010,0.035325,0.045000
z_0058_506.660232.png,#f7dc6f,263,0.172913,0.007781,0.045000
z_0058_506.660232.png,#f8c471,1408,0.925707,0.041657,0.045000
z_0058_506.660232.png,#fad7a0,3308,2.174885,0.097870,0.045000
z_0059_507.671815.png,#0e6251,5274,3.467456,0.156036,0.045000
z_0059_507.671815.png,#1b4f72,2867,1.884944,0.084822,0.045000
z_0059_507.671815.png,#2ecc71,571,0.375411,0.016893,0.045000
z_0059_507.671815.png,#4a235a,7821,5.142012,0.231391,0.045000
z_0059_507.671815.png,#512e5f,643,0.422748,0.019024,0.045000
z_0059_507.671815.png,#52be80,757,0.497699,0.022396,0.045000
z_0059_507.671815.png,#5499c7,390,0.256410,0.011538,0.045000
z_0059_507.671815.png,#7b241c,1774,1.166338,0.052485,0.045000
z_0059_507.671815.png,#82e0aa,1915,1.259040,0.056657,0.045000
z_0059_507.671815.png,#922b21,1077,0.708087,0.031864,0.045000
z_0059_507.671815.png,#9a7d0a,1144,0.752137,0.033846,0.045000
z_0059_507.671815.png,#a3e4d7,372,0.244576,0.011006,0.045000
z_0059_507.671815.png,#a9cce3,10,0.006575,0.000296,0.045000
z_0059_507.671815.png,#af7ac5,242,0.159106,0.007160,0.045000
z_0059_507.671815.png,#b9770e,2454,1.613412,0.072604,0.045000
z_0059_507.671815.png,#bb8fce,632,0.415516,0.018698,0.045000
z_0059_507.671815.png,#d2b4de,952,0.625904,0.028166,0.045000
z_0059_507.671815.png,#e59866,4372,2.874425,0.129349,0.045000
z_0059_507.671815.png,#edbb99,831,0.546351,0.024586,0.045000
z_0059_507.671815.png,#f1948a,1314,0.863905,0.038876,0.045000
z_0059_507.671815.png,#f58231,1193,0.784352,0.035296,0.045000
z_0059_507.671815.png,#f7dc6f,257,0.168968,0.007604,0.045000
z_0059_507.671815.png,#f8c471,1400,0.920447,0.041420,0.045000
z_0059_507.671815.png,#fad7a0,3300,2.169625,0.097633,0.045000
z_0060_508.683398.png,#0e6251,5229,3.437870,0.154704,0.045000
z_0060_508.683398.png,#1b4f72,2515,1.653517,0.074408,0.045000
z_0060_508.683398.png,#2ecc71,569,0.374096,0.016834,0.045000
z_0060_508.683398.png,#4a235a,8469,5.568047,0.250562,0.045000
z_0060_508.683398.png,#512e5f,592,0.389218,0.017515,0.045000
z_0060_508.683398.png,#52be80,552,0.362919,0.016331,0.045000
z_0060_508.683398.png,#5499c7,426,0.280079,0.012604,0.045000
z_0060_508.683398.png,#7b241c,1577,1.036818,0.046657,0.045000
z_0060_508.683398.png,#82e0aa,2005,1.318212,0.059320,0.045000
z_0060_508.683398.png,#85c1e9,26,0.017094,0.000769,0.045000
z_0060_508.683398.png,#922b21,1033,0.679158,0.030562,0.045000
z_0060_508.683398.png,#9a7d0a,1135,0.746220,0.033580,0.045000
z_0060_508.683398.png,#a3e4d7,452,0.297173,0.013373,0.045000
z_0060_508.683398.png,#a9cce3,4,0.002630,0.000118,0.045000
z_0060_508.683398.png,#af7ac5,344,0.226167,0.010178,0.045000
z_0060_508.683398.png,#b9770e,2729,1.794214,0.080740,0.045000
z_0060_508.683398.png,#bb8fce,598,0.393162,0.017692,0.045000
z_0060_508.683398.png,#d2b4de,790,0.519395,0.023373,0.045000
z_0060_508.683398.png,#e59866,4223,2.776463,0.124941,0.045000
z_0060_508.683398.png,#edbb99,670,0.440500,0.019822,0.045000
z_0060_508.683398.png,#f1948a,1571,1.032873,0.046479,0.045000
z_0060_508.683398.png,#f58231,1736,1.141354,0.051361,0.045000
z_0060_508.683398.png,#f7dc6f,148,0.097304,0.004379,0.045000
z_0060_508.683398.png,#f8c471,1797,1.181460,0.053166,0.045000
z_0060_508.683398.png,#fad7a0,3233,2.125575,0.095651,0.045000
z_0061_509.694981.png,#0e6251,5225,3.435240,0.154586,0.045000
z_0061_509.694981.png,#1b4f72,2505,1.646943,0.074112,0.045000
z_0061_509.694981.png,#2ecc71,568,0.373439,0.016805,0.045000
z_0061_509.694981.png,#4a235a,8470,5.568705,0.250592,0.045000
z_0061_509.694981.png,#512e5f,585,0.384615,0.017308,0.045000
z_0061_509.694981.png,#52be80,545,0.358317,0.016124,0.045000
z_0061_509.694981.png,#5499c7,429,0.282051,0.012692,0.045000
z_0061_509.694981.png,#7b241c,1585,1.042078,0.046893,0.045000
z_0061_509.694981.png,#82e0aa,1999,1.314267,0.059142,0.045000
z_0061_509.694981.png,#85c1e9,26,0.017094,0.000769,0.045000
z_0061_509.694981.png,#922b21,1032,0.678501,0.030533,0.045000
z_0061_509.694981.png,#9a7d0a,1141,0.750164,0.033757,0.045000
z_0061_509.694981.png,#a3e4d7,452,0.297173,0.013373,0.045000
z_0061_509.694981.png,#a9cce3,6,0.003945,0.000178,0.045000
z_0061_509.694981.png,#af7ac5,350,0.230112,0.010355,0.045000
z_0061_509.694981.png,#b9770e,2724,1.790927,0.080592,0.045000
z_0061_509.694981.png,#bb8fce,602,0.395792,0.017811,0.045000
z_0061_509.694981.png,#d2b4de,790,0.519395,0.023373,0.045000
z_0061_509.694981.png,#e59866,4236,2.785010,0.125325,0.045000
z_0061_509.694981.png,#edbb99,671,0.441157,0.019852,0.045000
z_0061_509.694981.png,#f1948a,1570,1.032216,0.046450,0.045000
z_0061_509.694981.png,#f58231,1737,1.142012,0.051391,0.045000
z_0061_509.694981.png,#f7dc6f,156,0.102564,0.004615,0.045000
z_0061_509.694981.png,#f8c471,1805,1.186719,0.053402,0.045000
z_0061_509.694981.png,#fad7a0,3238,2.128863,0.095799,0.045000
z_0062_510.706564.png,#0e6251,5170,3.399080,0.152959,0.045000
z_0062_510.706564.png,#1b4f72,2167,1.424721,0.064112,0.045000
z_0062_510.706564.png,#2ecc71,518,0.340565,0.015325,0.045000
z_0062_510.706564.png,#4a235a,8147,5.356345,0.241036,0.045000
z_0062_510.706564.png,#512e5f,575,0.378041,0.017012,0.045000
z_0062_510.706564.png,#52be80,348,0.228797,0.010296,0.045000
z_0062_510.706564.png,#5499c7,510,0.335306,0.015089,0.045000
z_0062_510.706564.png,#7b241c,1438,0.945431,0.042544,0.045000
z_0062_510.706564.png,#82e0aa,2038,1.339908,0.060296,0.045000
z_0062_510.706564.png,#85c1e9,23,0.015122,0.000680,0.045000
z_0062_510.706564.png,#922b21,1041,0.684418,0.030799,0.045000
z_0062_510.706564.png,#9a7d0a,1740,1.143984,0.051479,0.045000
z_0062_510.706564.png,#a3e4d7,506,0.332676,0.014970,0.045000
z_0062_510.706564.png,#a9cce3,14,0.009204,0.000414,0.045000
z_0062_510.706564.png,#af7ac5,399,0.262327,0.011805,0.045000
z_0062_510.706564.png,#b9770e,2912,1.914530,0.086154,0.045000
z_0062_510.706564.png,#bb8fce,564,0.370809,0.016686,0.045000
z_0062_510.706564.png,#d2b4de,618,0.406312,0.018284,0.045000
z_0062_510.706564.png,#e59866,4685,3.080210,0.138609,0.045000
z_0062_510.706564.png,#e74c3c,521,0.342538,0.015414,0.045000
z_0062_510.706564.png,#edbb99,475,0.312295,0.014053,0.045000
z_0062_510.706564.png,#f1948a,1869,1.228797,0.055296,0.045000
z_0062_510.706564.png,#f58231,2425,1.594346,0.071746,0.045000
z_0062_510.706564.png,#f7dc6f,182,0.119658,0.005385,0.045000
z_0062_510.706564.png,#f8c471,1919,1.261670,0.056775,0.045000
z_0062_510.706564.png,#fad7a0,3219,2.116371,0.095237,0.045000
z_0063_511.718147.png,#0e6251,5178,3.404339,0.153195,0.045000
z_0063_511.718147.png,#1b4f72,2170,1.426693,0.064201,0.045000
z_0063_511.718147.png,#2ecc71,527,0.346483,0.015592,0.045000
z_0063_511.718147.png,#4a235a,8159,5.364234,0.241391,0.045000
z_0063_511.718147.png,#512e5f,574,0.377383,0.016982,0.045000
z_0063_511.718147.png,#52be80,348,0.228797,0.010296,0.045000
z_0063_511.718147.png,#5499c7,510,0.335306,0.015089,0.045000
z_0063_511.718147.png,#7b241c,1445,0.950033,0.042751,0.045000
z_0063_511.718147.png,#82e0aa,2044,1.343853,0.060473,0.045000
z_0063_511.718147.png,#85c1e9,23,0.015122,0.000680,0.045000
z_0063_511.718147.png,#922b21,1042,0.685076,0.030828,0.045000
z_0063_511.718147.png,#9a7d0a,1738,1.142669,0.051420,0.045000
z_0063_511.718147.png,#a3e4d7,508,0.333991,0.015030,0.045000
z_0063_511.718147.png,#a9cce3,14,0.009204,0.000414,0.045000
z_0063_511.718147.png,#af7ac5,399,0.262327,0.011805,0.045000
z_0063_511.718147.png,#b9770e,2909,1.912558,0.086065,0.045000
z_0063_511.718147.png,#bb8fce,564,0.370809,0.016686,0.045000
z_0063_511.718147.png,#d2b4de,616,0.404997,0.018225,0.045000
z_0063_511.718147.png,#e59866,4692,3.084813,0.138817,0.045000
z_0063_511.718147.png,#e74c3c,528,0.347140,0.015621,0.045000
z_0063_511.718147.png,#edbb99,471,0.309665,0.013935,0.045000
z_0063_511.718147.png,#f1948a,1876,1.233399,0.055503,0.045000
z_0063_511.718147.png,#f58231,2425,1.594346,0.071746,0.045000
z_0063_511.718147.png,#f7dc6f,179,0.117686,0.005296,0.045000
z_0063_511.718147.png,#f8c471,1937,1.273504,0.057308,0.045000
z_0063_511.718147.png,#fad7a0,3219,2.116371,0.095237,0.045000
z_0064_512.729730.png,#0e6251,5178,3.404339,0.153195,0.045000
z_0064_512.729730.png,#1b4f72,2170,1.426693,0.064201,0.045000
z_0064_512.729730.png,#2ecc71,527,0.346483,0.015592,0.045000
z_0064_512.729730.png,#4a235a,8159,5.364234,0.241391,0.045000
z_0064_512.729730.png,#512e5f,574,0.377383,0.016982,0.045000
z_0064_512.729730.png,#52be80,348,0.228797,0.010296,0.045000
z_0064_512.729730.png,#5499c7,510,0.335306,0.015089,0.045000
z_0064_512.729730.png,#7b241c,1445,0.950033,0.042751,0.045000
z_0064_512.729730.png,#82e0aa,2044,1.343853,0.060473,0.045000
z_0064_512.729730.png,#85c1e9,23,0.015122,0.000680,0.045000
z_0064_512.729730.png,#922b21,1042,0.685076,0.030828,0.045000
z_0064_512.729730.png,#9a7d0a,1738,1.142669,0.051420,0.045000
z_0064_512.729730.png,#a3e4d7,508,0.333991,0.015030,0.045000
z_0064_512.729730.png,#a9cce3,14,0.009204,0.000414,0.045000
z_0064_512.729730.png,#af7ac5,399,0.262327,0.011805,0.045000
z_0064_512.729730.png,#b9770e,2909,1.912558,0.086065,0.045000
z_0064_512.729730.png,#bb8fce,564,0.370809,0.016686,0.045000
z_0064_512.729730.png,#d2b4de,616,0.404997,0.018225,0.045000
z_0064_512.729730.png,#e59866,4692,3.084813,0.138817,0.045000
z_0064_512.729730.png,#e74c3c,528,0.347140,0.015621,0.045000
z_0064_512.729730.png,#edbb99,471,0.309665,0.013935,0.045000
z_0064_512.729730.png,#f1948a,1876,1.233399,0.055503,0.045000
z_0064_512.729730.png,#f58231,2425,1.594346,0.071746,0.045000
z_0064_512.729730.png,#f7dc6f,179,0.117686,0.005296,0.045000
z_0064_512.729730.png,#f8c471,1937,1.273504,0.057308,0.045000
z_0064_512.729730.png,#fad7a0,3219,2.116371,0.095237,0.045000
z_0065_513.741313.png,#0e6251,5104,3.355687,0.151006,0.045000
z_0065_513.741313.png,#1b4f72,1771,1.164366,0.052396,0.045000
z_0065_513.741313.png,#2ecc71,579,0.380671,0.017130,0.045000
z_0065_513.741313.png,#4a235a,6048,3.976331,0.178935,0.045000
z_0065_513.741313.png,#512e5f,486,0.319527,0.014379,0.045000
z_0065_513.741313.png,#52be80,444,0.291913,0.013136,0.045000
z_0065_513.741313.png,#5499c7,639,0.420118,0.018905,0.045000
z_0065_513.741313.png,#7b241c,1501,0.986851,0.044408,0.045000
z_0065_513.741313.png,#82e0aa,1922,1.263642,0.056864,0.045000
z_0065_513.741313.png,#85c1e9,33,0.021696,0.000976,0.045000
z_0065_513.741313.png,#922b21,820,0.539119,0.024260,0.045000
z_0065_513.741313.png,#9a7d0a,1830,1.203156,0.054142,0.045000
z_0065_513.741313.png,#a3e4d7,604,0.397107,0.017870,0.045000
z_0065_513.741313.png,#a9cce3,3,0.001972,0.000089,0.045000
z_0065_513.741313.png,#af7ac5,215,0.141354,0.006361,0.045000
z_0065_513.741313.png,#b9770e,2995,1.969099,0.088609,0.045000
z_0065_513.741313.png,#bb8fce,552,0.362919,0.016331,0.045000
z_0065_513.741313.png,#d2b4de,495,0.325444,0.014645,0.045000
z_0065_513.741313.png,#e59866,4799,3.155161,0.141982,0.045000
z_0065_513.741313.png,#e74c3c,549,0.360947,0.016243,0.045000
z_0065_513.741313.png,#edbb99,498,0.327416,0.014734,0.045000
z_0065_513.741313.png,#f1948a,2173,1.428665,0.064290,0.045000
z_0065_513.741313.png,#f58231,2649,1.741617,0.078373,0.045000
z_0065_513.741313.png,#f7dc6f,411,0.270217,0.012160,0.045000
z_0065_513.741313.png,#f8c471,1604,1.054569,0.047456,0.045000
z_0065_513.741313.png,#fad7a0,2986,1.963182,0.088343,0.045000
z_0066_514.752896.png,#0e6251,5047,3.318212,0.149320,0.045000
z_0066_514.752896.png,#1b4f72,1638,1.076923,0.048462,0.045000
z_0066_514.752896.png,#2ecc71,652,0.428665,0.019290,0.045000
z_0066_514.752896.png,#4a235a,5862,3.854043,0.173432,0.045000
z_0066_514.752896.png,#512e5f,437,0.287311,0.012929,0.045000
z_0066_514.752896.png,#52be80,589,0.387245,0.017426,0.045000
z_0066_514.752896.png,#5499c7,665,0.437212,0.019675,0.045000
z_0066_514.752896.png,#7b241c,1505,0.989481,0.044527,0.045000
z_0066_514.752896.png,#82e0aa,1951,1.282709,0.057722,0.045000
z_0066_514.752896.png,#85c1e9,40,0.026298,0.001183,0.045000
z_0066_514.752896.png,#922b21,806,0.529915,0.023846,0.045000
z_0066_514.752896.png,#9a7d0a,1935,1.272189,0.057249,0.045000
z_0066_514.752896.png,#a3e4d7,554,0.364234,0.016391,0.045000
z_0066_514.752896.png,#a9cce3,3,0.001972,0.000089,0.045000
z_0066_514.752896.png,#af7ac5,216,0.142012,0.006391,0.045000
z_0066_514.752896.png,#b9770e,3033,1.994083,0.089734,0.045000
z_0066_514.752896.png,#bb8fce,558,0.366864,0.016509,0.045000
z_0066_514.752896.png,#d2b4de,471,0.309665,0.013935,0.045000
z_0066_514.752896.png,#e59866,4833,3.177515,0.142988,0.045000
z_0066_514.752896.png,#e74c3c,531,0.349112,0.015710,0.045000
z_0066_514.752896.png,#edbb99,504,0.331361,0.014911,0.045000
z_0066_514.752896.png,#f1948a,2289,1.504931,0.067722,0.045000
z_0066_514.752896.png,#f58231,2696,1.772518,0.079763,0.045000
z_0066_514.752896.png,#f7dc6f,293,0.192636,0.008669,0.045000
z_0066_514.752896.png,#f8c471,1409,0.926364,0.041686,0.045000
z_0066_514.752896.png,#fad7a0,2919,1.919132,0.086361,0.045000
z_0067_515.764479.png,#0e6251,5048,3.318869,0.149349,0.045000
z_0067_515.764479.png,#1b4f72,1629,1.071006,0.048195,0.045000
z_0067_515.764479.png,#2ecc71,778,0.511506,0.023018,0.045000
z_0067_515.764479.png,#4a235a,5430,3.570020,0.160651,0.045000
z_0067_515.764479.png,#512e5f,400,0.262985,0.011834,0.045000
z_0067_515.764479.png,#52be80,986,0.648258,0.029172,0.045000
z_0067_515.764479.png,#5499c7,871,0.572650,0.025769,0.045000
z_0067_515.764479.png,#7b241c,1556,1.023011,0.046036,0.045000
z_0067_515.764479.png,#82e0aa,1884,1.238659,0.055740,0.045000
z_0067_515.764479.png,#85c1e9,36,0.023669,0.001065,0.045000
z_0067_515.764479.png,#922b21,709,0.466141,0.020976,0.045000
z_0067_515.764479.png,#9a7d0a,1990,1.308350,0.058876,0.045000
z_0067_515.764479.png,#a3e4d7,483,0.317554,0.014290,0.045000
z_0067_515.764479.png,#a9cce3,3,0.001972,0.000089,0.045000
z_0067_515.764479.png,#af7ac5,250,0.164366,0.007396,0.045000
z_0067_515.764479.png,#b9770e,3012,1.980276,0.089112,0.045000
z_0067_515.764479.png,#bb8fce,536,0.352400,0.015858,0.045000
z_0067_515.764479.png,#d2b4de,492,0.323471,0.014556,0.045000
z_0067_515.764479.png,#e59866,4828,3.174227,0.142840,0.045000
z_0067_515.764479.png,#e74c3c,523,0.343853,0.015473,0.045000
z_0067_515.764479.png,#edbb99,534,0.351085,0.015799,0.045000
z_0067_515.764479.png,#f1948a,2421,1.591716,0.071627,0.045000
z_0067_515.764479.png,#f58231,2789,1.833662,0.082515,0.045000
z_0067_515.764479.png,#f7dc6f,291,0.191321,0.008609,0.045000
z_0067_515.764479.png,#f8c471,1310,0.861275,0.038757,0.045000
z_0067_515.764479.png,#fad7a0,2897,1.904668,0.085710,0.045000
z_0068_516.776062.png,#0e6251,5082,3.341223,0.150355,0.045000
z_0068_516.776062.png,#1b4f72,1643,1.080210,0.048609,0.045000
z_0068_516.776062.png,#2ecc71,810,0.532544,0.023964,0.045000
z_0068_516.776062.png,#4a235a,6740,4.431295,0.199408,0.045000
z_0068_516.776062.png,#512e5f,373,0.245233,0.011036,0.045000
z_0068_516.776062.png,#52be80,1549,1.018409,0.045828,0.045000
z_0068_516.776062.png,#5499c7,1752,1.151874,0.051834,0.045000
z_0068_516.776062.png,#7b241c,1593,1.047337,0.047130,0.045000
z_0068_516.776062.png,#82e0aa,1936,1.272847,0.057278,0.045000
z_0068_516.776062.png,#85c1e9,38,0.024984,0.001124,0.045000
z_0068_516.776062.png,#922b21,633,0.416174,0.018728,0.045000
z_0068_516.776062.png,#9a7d0a,2003,1.316897,0.059260,0.045000
z_0068_516.776062.png,#a3e4d7,393,0.258383,0.011627,0.045000
z_0068_516.776062.png,#a9cce3,6,0.003945,0.000178,0.045000
z_0068_516.776062.png,#af7ac5,398,0.261670,0.011775,0.045000
z_0068_516.776062.png,#b9770e,2980,1.959237,0.088166,0.045000
z_0068_516.776062.png,#bb8fce,531,0.349112,0.015710,0.045000
z_0068_516.776062.png,#d2b4de,456,0.299803,0.013491,0.045000
z_0068_516.776062.png,#e59866,5027,3.305062,0.148728,0.045000
z_0068_516.776062.png,#e74c3c,542,0.356345,0.016036,0.045000
z_0068_516.776062.png,#edbb99,516,0.339250,0.015266,0.045000
z_0068_516.776062.png,#f1948a,2486,1.634451,0.073550,0.045000
z_0068_516.776062.png,#f58231,2811,1.848126,0.083166,0.045000
z_0068_516.776062.png,#f7dc6f,278,0.182774,0.008225,0.045000
z_0068_516.776062.png,#f8c471,1289,0.847469,0.038136,0.045000
z_0068_516.776062.png,#fad7a0,2962,1.947403,0.087633,0.045000
z_0069_517.787645.png,#0e6251,5057,3.324786,0.149615,0.045000
z_0069_517.787645.png,#1b4f72,1694,1.113741,0.050118,0.045000
z_0069_517.787645.png,#2ecc71,894,0.587771,0.026450,0.045000
z_0069_517.787645.png,#4a235a,5762,3.788297,0.170473,0.045000
z_0069_517.787645.png,#512e5f,334,0.219592,0.009882,0.045000
z_0069_517.787645.png,#52be80,1898,1.247863,0.056154,0.045000
z_0069_517.787645.png,#5499c7,2065,1.357659,0.061095,0.045000
z_0069_517.787645.png,#7b241c,1673,1.099934,0.049497,0.045000
z_0069_517.787645.png,#82e0aa,1951,1.282709,0.057722,0.045000
z_0069_517.787645.png,#85c1e9,61,0.040105,0.001805,0.045000
z_0069_517.787645.png,#922b21,567,0.372781,0.016775,0.045000
z_0069_517.787645.png,#9a7d0a,2060,1.354372,0.060947,0.045000
z_0069_517.787645.png,#a3e4d7,274,0.180145,0.008107,0.045000
z_0069_517.787645.png,#a9cce3,5,0.003287,0.000148,0.045000
z_0069_517.787645.png,#af7ac5,587,0.385930,0.017367,0.045000
z_0069_517.787645.png,#b9770e,2970,1.952663,0.087870,0.045000
z_0069_517.787645.png,#bb8fce,542,0.356345,0.016036,0.045000
z_0069_517.787645.png,#d2b4de,405,0.266272,0.011982,0.045000
z_0069_517.787645.png,#e59866,5114,3.362262,0.151302,0.045000
z_0069_517.787645.png,#e74c3c,604,0.397107,0.017870,0.045000
z_0069_517.787645.png,#edbb99,565,0.371466,0.016716,0.045000
z_0069_517.787645.png,#f1948a,2560,1.683103,0.075740,0.045000
z_0069_517.787645.png,#f58231,2860,1.880342,0.084615,0.045000
z_0069_517.787645.png,#f7dc6f,57,0.037475,0.001686,0.045000
z_0069_517.787645.png,#f8c471,1371,0.901381,0.040562,0.045000
z_0069_517.787645.png,#fad7a0,3007,1.976989,0.088964,0.045000
z_0070_518.799228.png,#0e6251,4995,3.284024,0.147781,0.045000
z_0070_518.799228.png,#1b4f72,1612,1.059829,0.047692,0.045000
z_0070_518.799228.png,#2ecc71,907,0.596318,0.026834,0.045000
z_0070_518.799228.png,#4a235a,4828,3.174227,0.142840,0.045000
z_0070_518.799228.png,#512e5f,296,0.194609,0.008757,0.045000
z_0070_518.799228.png,#52be80,2187,1.437870,0.064704,0.045000
z_0070_518.799228.png,#5499c7,2129,1.399737,0.062988,0.045000
z_0070_518.799228.png,#7b241c,1600,1.051940,0.047337,0.045000
z_0070_518.799228.png,#82e0aa,1915,1.259040,0.056657,0.045000
z_0070_518.799228.png,#85c1e9,81,0.053254,0.002396,0.045000
z_0070_518.799228.png,#922b21,528,0.347140,0.015621,0.045000
z_0070_518.799228.png,#9a7d0a,2081,1.368179,0.061568,0.045000
z_0070_518.799228.png,#a3e4d7,145,0.095332,0.004290,0.045000
z_0070_518.799228.png,#a9cce3,17,0.011177,0.000503,0.045000
z_0070_518.799228.png,#af7ac5,780,0.512821,0.023077,0.045000
z_0070_518.799228.png,#b9770e,2977,1.957265,0.088077,0.045000
z_0070_518.799228.png,#bb8fce,540,0.355030,0.015976,0.045000
z_0070_518.799228.png,#d2b4de,362,0.238001,0.010710,0.045000
z_0070_518.799228.png,#e59866,5056,3.324129,0.149586,0.045000
z_0070_518.799228.png,#e74c3c,611,0.401709,0.018077,0.045000
z_0070_518.799228.png,#edbb99,592,0.389218,0.017515,0.045000
z_0070_518.799228.png,#f1948a,2620,1.722551,0.077515,0.045000
z_0070_518.799228.png,#f58231,2869,1.886259,0.084882,0.045000
z_0070_518.799228.png,#f7dc6f,122,0.080210,0.003609,0.045000
z_0070_518.799228.png,#f8c471,1431,0.940828,0.042337,0.045000
z_0070_518.799228.png,#fad7a0,3028,1.990796,0.089586,0.045000
z_0071_519.810811.png,#0e6251,4936,3.245233,0.146036,0.045000
z_0071_519.810811.png,#1b4f72,1616,1.062459,0.047811,0.045000
z_0071_519.810811.png,#2ecc71,876,0.575937,0.025917,0.045000
z_0071_519.810811.png,#4a235a,4107,2.700197,0.121509,0.045000
z_0071_519.810811.png,#512e5f,274,0.180145,0.008107,0.045000
z_0071_519.810811.png,#52be80,2288,1.504274,0.067692,0.045000
z_0071_519.810811.png,#5499c7,2574,1.692308,0.076154,0.045000
z_0071_519.810811.png,#7b241c,1441,0.947403,0.042633,0.045000
z_0071_519.810811.png,#82e0aa,1944,1.278107,0.057515,0.045000
z_0071_519.810811.png,#85c1e9,106,0.069691,0.003136,0.045000
z_0071_519.810811.png,#922b21,494,0.324786,0.014615,0.045000
z_0071_519.810811.png,#9a7d0a,123,0.080868,0.003639,0.045000
z_0071_519.810811.png,#a3e4d7,118,0.077581,0.003491,0.045000
z_0071_519.810811.png,#a9cce3,21,0.013807,0.000621,0.045000
z_0071_519.810811.png,#af7ac5,955,0.627876,0.028254,0.045000
z_0071_519.810811.png,#b9770e,2998,1.971072,0.088698,0.045000
z_0071_519.810811.png,#bb8fce,539,0.354372,0.015947,0.045000
z_0071_519.810811.png,#d2b4de,352,0.231427,0.010414,0.045000
z_0071_519.810811.png,#e59866,4823,3.170940,0.142692,0.045000
z_0071_519.810811.png,#e74c3c,614,0.403682,0.018166,0.045000
z_0071_519.810811.png,#edbb99,605,0.397765,0.017899,0.045000
z_0071_519.810811.png,#f1948a,2647,1.740302,0.078314,0.045000
z_0071_519.810811.png,#f58231,2936,1.930309,0.086864,0.045000
z_0071_519.810811.png,#f7dc6f,158,0.103879,0.004675,0.045000
z_0071_519.810811.png,#f8c471,1504,0.988823,0.044497,0.045000
z_0071_519.810811.png,#fad7a0,3058,2.010519,0.090473,0.045000
z_0072_520.822394.png,#0e6251,4975,3.270874,0.147189,0.045000
z_0072_520.822394.png,#1b4f72,1645,1.081525,0.048669,0.045000
z_0072_520.822394.png,#2ecc71,889,0.584484,0.026302,0.045000
z_0072_520.822394.png,#4a235a,3697,2.430638,0.109379,0.045000
z_0072_520.822394.png,#512e5f,252,0.165680,0.007456,0.045000
z_0072_520.822394.png,#52be80,2213,1.454964,0.065473,0.045000
z_0072_520.822394.png,#5499c7,2500,1.643655,0.073964,0.045000
z_0072_520.822394.png,#7b241c,1303,0.856673,0.038550,0.045000
z_0072_520.822394.png,#82e0aa,1954,1.284681,0.057811,0.045000
z_0072_520.822394.png,#85c1e9,170,0.111769,0.005030,0.045000
z_0072_520.822394.png,#922b21,442,0.290598,0.013077,0.045000
z_0072_520.822394.png,#9a7d0a,123,0.080868,0.003639,0.045000
z_0072_520.822394.png,#a3e4d7,204,0.134122,0.006036,0.045000
z_0072_520.822394.png,#a9cce3,28,0.018409,0.000828,0.045000
z_0072_520.822394.png,#af7ac5,1067,0.701512,0.031568,0.045000
z_0072_520.822394.png,#b9770e,3032,1.993425,0.089704,0.045000
z_0072_520.822394.png,#bb8fce,514,0.337936,0.015207,0.045000
z_0072_520.822394.png,#d2b4de,323,0.212360,0.009556,0.045000
z_0072_520.822394.png,#e59866,4529,2.977646,0.133994,0.045000
z_0072_520.822394.png,#e74c3c,679,0.446417,0.020089,0.045000
z_0072_520.822394.png,#edbb99,643,0.422748,0.019024,0.045000
z_0072_520.822394.png,#f1948a,2735,1.798159,0.080917,0.045000
z_0072_520.822394.png,#f58231,3083,2.026956,0.091213,0.045000
z_0072_520.822394.png,#f7dc6f,194,0.127548,0.005740,0.045000
z_0072_520.822394.png,#f8c471,1569,1.031558,0.046420,0.045000
z_0072_520.822394.png,#fad7a0,3102,2.039448,0.091775,0.045000
z_0073_521.833977.png,#0e6251,4971,3.268245,0.147071,0.045000
z_0073_521.833977.png,#1b4f72,1646,1.082183,0.048698,0.045000
z_0073_521.833977.png,#2ecc71,906,0.595661,0.026805,0.045000
z_0073_521.833977.png,#4a235a,3677,2.417488,0.108787,0.045000
z_0073_521.833977.png,#512e5f,252,0.165680,0.007456,0.045000
z_0073_521.833977.png,#52be80,2216,1.456936,0.065562,0.045000
z_0073_521.833977.png,#5499c7,2504,1.646285,0.074083,0.045000
z_0073_521.833977.png,#7b241c,1301,0.855358,0.038491,0.045000
z_0073_521.833977.png,#82e0aa,1956,1.285996,0.057870,0.045000
z_0073_521.833977.png,#85c1e9,170,0.111769,0.005030,0.045000
z_0073_521.833977.png,#922b21,441,0.289941,0.013047,0.045000
z_0073_521.833977.png,#9a7d0a,123,0.080868,0.003639,0.045000
z_0073_521.833977.png,#a3e4d7,207,0.136095,0.006124,0.045000
z_0073_521.833977.png,#a9cce3,29,0.019066,0.000858,0.045000
z_0073_521.833977.png,#af7ac5,1066,0.700855,0.031538,0.045000
z_0073_521.833977.png,#b9770e,3031,1.992768,0.089675,0.045000
z_0073_521.833977.png,#bb8fce,513,0.337278,0.015178,0.045000
z_0073_521.833977.png,#d2b4de,322,0.211703,0.009527,0.045000
z_0073_521.833977.png,#e59866,4535,2.981591,0.134172,0.045000
z_0073_521.833977.png,#e74c3c,679,0.446417,0.020089,0.045000
z_0073_521.833977.png,#edbb99,647,0.425378,0.019142,0.045000
z_0073_521.833977.png,#f1948a,2745,1.804734,0.081213,0.045000
z_0073_521.833977.png,#f58231,3082,2.026298,0.091183,0.045000
z_0073_521.833977.png,#f7dc6f,190,0.124918,0.005621,0.045000
z_0073_521.833977.png,#f8c471,1573,1.034188,0.046538,0.045000
z_0073_521.833977.png,#fad7a0,3097,2.036160,0.091627,0.045000
z_0074_522.845560.png,#0e6251,5126,3.370151,0.151657,0.045000
z_0074_522.845560.png,#1b4f72,1637,1.076266,0.048432,0.045000
z_0074_522.845560.png,#2ecc71,1073,0.705457,0.031746,0.045000
z_0074_522.845560.png,#4a235a,3020,1.985536,0.089349,0.045000
z_0074_522.845560.png,#512e5f,240,0.157791,0.007101,0.045000
z_0074_522.845560.png,#52be80,2002,1.316239,0.059231,0.045000
z_0074_522.845560.png,#5499c7,2421,1.591716,0.071627,0.045000
z_0074_522.845560.png,#7b241c,1052,0.691650,0.031124,0.045000
z_0074_522.845560.png,#82e0aa,1935,1.272189,0.057249,0.045000
z_0074_522.845560.png,#85c1e9,234,0.153846,0.006923,0.045000
z_0074_522.845560.png,#922b21,413,0.271532,0.012219,0.045000
z_0074_522.845560.png,#9a7d0a,1190,0.782380,0.035207,0.045000
z_0074_522.845560.png,#a3e4d7,375,0.246548,0.011095,0.045000
z_0074_522.845560.png,#a9cce3,6,0.003945,0.000178,0.045000
z_0074_522.845560.png,#af7ac5,1107,0.727811,0.032751,0.045000
z_0074_522.845560.png,#b9770e,2900,1.906640,0.085799,0.045000
z_0074_522.845560.png,#bb8fce,519,0.341223,0.015355,0.045000
z_0074_522.845560.png,#cb4335,144,0.094675,0.004260,0.045000
z_0074_522.845560.png,#d2b4de,277,0.182117,0.008195,0.045000
z_0074_522.845560.png,#e59866,3574,2.349770,0.105740,0.045000
z_0074_522.845560.png,#e74c3c,726,0.477318,0.021479,0.045000
z_0074_522.845560.png,#edbb99,684,0.449704,0.020237,0.045000
z_0074_522.845560.png,#f1948a,2788,1.833005,0.082485,0.045000
z_0074_522.845560.png,#f58231,3881,2.551611,0.114822,0.045000
z_0074_522.845560.png,#f7dc6f,212,0.139382,0.006272,0.045000
z_0074_522.845560.png,#f8c471,1677,1.102564,0.049615,0.045000
z_0074_522.845560.png,#fad7a0,3010,1.978961,0.089053,0.045000
z_0075_523.857143.png,#0e6251,5063,3.328731,0.149793,0.045000
z_0075_523.857143.png,#154360,844,0.554898,0.024970,0.045000
z_0075_523.857143.png,#1b4f72,1624,1.067719,0.048047,0.045000
z_0075_523.857143.png,#2ecc71,1153,0.758054,0.034112,0.045000
z_0075_523.857143.png,#4a235a,2811,1.848126,0.083166,0.045000
z_0075_523.857143.png,#512e5f,242,0.159106,0.007160,0.045000
z_0075_523.857143.png,#52be80,1765,1.160421,0.052219,0.045000
z_0075_523.857143.png,#5499c7,2323,1.527285,0.068728,0.045000
z_0075_523.857143.png,#7b241c,991,0.651545,0.029320,0.045000
z_0075_523.857143.png,#82e0aa,1901,1.249836,0.056243,0.045000
z_0075_523.857143.png,#85c1e9,258,0.169625,0.007633,0.045000
z_0075_523.857143.png,#922b21,434,0.285339,0.012840,0.045000
z_0075_523.857143.png,#9a7d0a,1029,0.676529,0.030444,0.045000
z_0075_523.857143.png,#a3e4d7,501,0.329389,0.014822,0.045000
z_0075_523.857143.png,#a9cce3,13,0.008547,0.000385,0.045000
z_0075_523.857143.png,#af7ac5,1212,0.796844,0.035858,0.045000
z_0075_523.857143.png,#b9770e,2792,1.835634,0.082604,0.045000
z_0075_523.857143.png,#bb8fce,541,0.355687,0.016006,0.045000
z_0075_523.857143.png,#d2b4de,249,0.163708,0.007367,0.045000
z_0075_523.857143.png,#e59866,2941,1.933596,0.087012,0.045000
z_0075_523.857143.png,#e74c3c,743,0.488494,0.021982,0.045000
z_0075_523.857143.png,#edbb99,683,0.449047,0.020207,0.045000
z_0075_523.857143.png,#f1948a,2846,1.871137,0.084201,0.045000
z_0075_523.857143.png,#f58231,4212,2.769231,0.124615,0.045000
z_0075_523.857143.png,#f7dc6f,202,0.132807,0.005976,0.045000
z_0075_523.857143.png,#f8c471,1684,1.107166,0.049822,0.045000
z_0075_523.857143.png,#fad7a0,2977,1.957265,0.088077,0.045000
z_0076_524.868726.png,#0e6251,5173,3.401052,0.153047,0.045000
z_0076_524.868726.png,#154360,808,0.531229,0.023905,0.045000
z_0076_524.868726.png,#1b4f72,1641,1.078895,0.048550,0.045000
z_0076_524.868726.png,#2ecc71,1190,0.782380,0.035207,0.045000
z_0076_524.868726.png,#4a235a,2843,1.869165,0.084112,0.045000
z_0076_524.868726.png,#512e5f,276,0.181460,0.008166,0.045000
z_0076_524.868726.png,#52be80,1592,1.046680,0.047101,0.045000
z_0076_524.868726.png,#5499c7,2270,1.492439,0.067160,0.045000
z_0076_524.868726.png,#7b241c,898,0.590401,0.026568,0.045000
z_0076_524.868726.png,#82e0aa,1851,1.216963,0.054763,0.045000
z_0076_524.868726.png,#85c1e9,433,0.284681,0.012811,0.045000
z_0076_524.868726.png,#922b21,465,0.305720,0.013757,0.045000
z_0076_524.868726.png,#9a7d0a,855,0.562130,0.025296,0.045000
z_0076_524.868726.png,#a3e4d7,569,0.374096,0.016834,0.045000
z_0076_524.868726.png,#a9cce3,15,0.009862,0.000444,0.045000
z_0076_524.868726.png,#af7ac5,1494,0.982249,0.044201,0.045000
z_0076_524.868726.png,#b9770e,2682,1.763314,0.079349,0.045000
z_0076_524.868726.png,#bb8fce,546,0.358974,0.016154,0.045000
z_0076_524.868726.png,#d2b4de,231,0.151874,0.006834,0.045000
z_0076_524.868726.png,#e59866,2449,1.610125,0.072456,0.045000
z_0076_524.868726.png,#e74c3c,723,0.475345,0.021391,0.045000
z_0076_524.868726.png,#edbb99,691,0.454306,0.020444,0.045000
z_0076_524.868726.png,#f1948a,2848,1.872452,0.084260,0.045000
z_0076_524.868726.png,#f58231,4549,2.990796,0.134586,0.045000
z_0076_524.868726.png,#f7dc6f,176,0.115713,0.005207,0.045000
z_0076_524.868726.png,#f8c471,1626,1.069034,0.048107,0.045000
z_0076_524.868726.png,#fad7a0,2919,1.919132,0.086361,0.045000
z_0077_525.880309.png,#0e6251,5126,3.370151,0.151657,0.045000
z_0077_525.880309.png,#154360,828,0.544379,0.024497,0.045000
z_0077_525.880309.png,#1b4f72,1699,1.117028,0.050266,0.045000
z_0077_525.880309.png,#2ecc71,1239,0.814596,0.036657,0.045000
z_0077_525.880309.png,#4a235a,2607,1.714004,0.077130,0.045000
z_0077_525.880309.png,#512e5f,280,0.184089,0.008284,0.045000
z_0077_525.880309.png,#52be80,1778,1.168968,0.052604,0.045000
z_0077_525.880309.png,#5499c7,2251,1.479947,0.066598,0.045000
z_0077_525.880309.png,#7b241c,833,0.547666,0.024645,0.045000
z_0077_525.880309.png,#82e0aa,1829,1.202498,0.054112,0.045000
z_0077_525.880309.png,#85c1e9,737,0.484550,0.021805,0.045000
z_0077_525.880309.png,#922b21,496,0.326101,0.014675,0.045000
z_0077_525.880309.png,#9a7d0a,724,0.476003,0.021420,0.045000
z_0077_525.880309.png,#a3e4d7,583,0.383300,0.017249,0.045000
z_0077_525.880309.png,#a9cce3,11,0.007232,0.000325,0.045000
z_0077_525.880309.png,#af7ac5,1665,1.094675,0.049260,0.045000
z_0077_525.880309.png,#b9770e,2508,1.648915,0.074201,0.045000
z_0077_525.880309.png,#bb8fce,514,0.337936,0.015207,0.045000
z_0077_525.880309.png,#d2b4de,213,0.140039,0.006302,0.045000
z_0077_525.880309.png,#e59866,2083,1.369494,0.061627,0.045000
z_0077_525.880309.png,#e74c3c,771,0.506903,0.022811,0.045000
z_0077_525.880309.png,#edbb99,715,0.470085,0.021154,0.045000
z_0077_525.880309.png,#f1948a,2828,1.859303,0.083669,0.045000
z_0077_525.880309.png,#f58231,4819,3.168310,0.142574,0.045000
z_0077_525.880309.png,#f7dc6f,147,0.096647,0.004349,0.045000
z_0077_525.880309.png,#f8c471,1563,1.027613,0.046243,0.045000
z_0077_525.880309.png,#fad7a0,2902,1.907955,0.085858,0.045000
z_0078_526.891892.png,#0e6251,5153,3.387903,0.152456,0.045000
z_0078_526.891892.png,#154360,794,0.522025,0.023491,0.045000
z_0078_526.891892.png,#1b4f72,1648,1.083498,0.048757,0.045000
z_0078_526.891892.png,#2ecc71,1273,0.836949,0.037663,0.045000
z_0078_526.891892.png,#4a235a,2720,1.788297,0.080473,0.045000
z_0078_526.891892.png,#512e5f,303,0.199211,0.008964,0.045000
z_0078_526.891892.png,#52be80,1939,1.274819,0.057367,0.045000
z_0078_526.891892.png,#5499c7,2202,1.447732,0.065148,0.045000
z_0078_526.891892.png,#7b241c,792,0.520710,0.023432,0.045000
z_0078_526.891892.png,#82e0aa,1768,1.162393,0.052308,0.045000
z_0078_526.891892.png,#85c1e9,853,0.560815,0.025237,0.045000
z_0078_526.891892.png,#922b21,516,0.339250,0.015266,0.045000
z_0078_526.891892.png,#9a7d0a,559,0.367521,0.016538,0.045000
z_0078_526.891892.png,#a3e4d7,537,0.353057,0.015888,0.045000
z_0078_526.891892.png,#a9cce3,18,0.011834,0.000533,0.045000
z_0078_526.891892.png,#af7ac5,1996,1.312295,0.059053,0.045000
z_0078_526.891892.png,#b9770e,2320,1.525312,0.068639,0.045000
z_0078_526.891892.png,#bb8fce,497,0.326759,0.014704,0.045000
z_0078_526.891892.png,#d2b4de,201,0.132150,0.005947,0.045000
z_0078_526.891892.png,#e59866,1802,1.184747,0.053314,0.045000
z_0078_526.891892.png,#e74c3c,751,0.493754,0.022219,0.045000
z_0078_526.891892.png,#edbb99,697,0.458251,0.020621,0.045000
z_0078_526.891892.png,#f1948a,2758,1.813281,0.081598,0.045000
z_0078_526.891892.png,#f58231,5059,3.326101,0.149675,0.045000
z_0078_526.891892.png,#f7dc6f,121,0.079553,0.003580,0.045000
z_0078_526.891892.png,#f8c471,1550,1.019066,0.045858,0.045000
z_0078_526.891892.png,#fad7a0,2872,1.888231,0.084970,0.045000
z_0079_527.903475.png,#0e6251,5220,3.431953,0.154438,0.045000
z_0079_527.903475.png,#154360,808,0.531229,0.023905,0.045000
z_0079_527.903475.png,#1b4f72,1665,1.094675,0.049260,0.045000
z_0079_527.903475.png,#2ecc71,1277,0.839579,0.037781,0.045000
z_0079_527.903475.png,#4a235a,2824,1.856673,0.083550,0.045000
z_0079_527.903475.png,#512e5f,337,0.221565,0.009970,0.045000
z_0079_527.903475.png,#52be80,2209,1.452334,0.065355,0.045000
z_0079_527.903475.png,#5499c7,1765,1.160421,0.052219,0.045000
z_0079_527.903475.png,#7b241c,764,0.502301,0.022604,0.045000
z_0079_527.903475.png,#82e0aa,1762,1.158448,0.052130,0.045000
z_0079_527.903475.png,#85c1e9,851,0.559500,0.025178,0.045000
z_0079_527.903475.png,#922b21,587,0.385930,0.017367,0.045000
z_0079_527.903475.png,#9a7d0a,340,0.223537,0.010059,0.045000
z_0079_527.903475.png,#a3e4d7,474,0.311637,0.014024,0.045000
z_0079_527.903475.png,#a9cce3,9,0.005917,0.000266,0.045000
z_0079_527.903475.png,#af7ac5,2360,1.551611,0.069822,0.045000
z_0079_527.903475.png,#b9770e,2080,1.367521,0.061538,0.045000
z_0079_527.903475.png,#bb8fce,481,0.316239,0.014231,0.045000
z_0079_527.903475.png,#d2b4de,199,0.130835,0.005888,0.045000
z_0079_527.903475.png,#e59866,1496,0.983563,0.044260,0.045000
z_0079_527.903475.png,#e74c3c,803,0.527942,0.023757,0.045000
z_0079_527.903475.png,#edbb99,701,0.460881,0.020740,0.045000
z_0079_527.903475.png,#f1948a,2772,1.822485,0.082012,0.045000
z_0079_527.903475.png,#f58231,5207,3.423406,0.154053,0.045000
z_0079_527.903475.png,#f7dc6f,82,0.053912,0.002426,0.045000
z_0079_527.903475.png,#f8c471,1614,1.061144,0.047751,0.045000
z_0079_527.903475.png,#fad7a0,2868,1.885602,0.084852,0.045000
z_0080_528.915058.png,#0e6251,5173,3.401052,0.153047,0.045000
z_0080_528.915058.png,#154360,794,0.522025,0.023491,0.045000
z_0080_528.915058.png,#1b4f72,1688,1.109796,0.049941,0.045000
z_0080_528.915058.png,#2ecc71,1271,0.835634,0.037604,0.045000
z_0080_528.915058.png,#48c9b0,28,0.018409,0.000828,0.045000
z_0080_528.915058.png,#4a235a,2762,1.815911,0.081716,0.045000
z_0080_528.915058.png,#512e5f,327,0.214990,0.009675,0.045000
z_0080_528.915058.png,#52be80,2661,1.749507,0.078728,0.045000
z_0080_528.915058.png,#5499c7,1693,1.113083,0.050089,0.045000
z_0080_528.915058.png,#7b241c,761,0.500329,0.022515,0.045000
z_0080_528.915058.png,#82e0aa,1774,1.166338,0.052485,0.045000
z_0080_528.915058.png,#85c1e9,670,0.440500,0.019822,0.045000
z_0080_528.915058.png,#922b21,604,0.397107,0.017870,0.045000
z_0080_528.915058.png,#9a7d0a,172,0.113083,0.005089,0.045000
z_0080_528.915058.png,#a3e4d7,380,0.249836,0.011243,0.045000
z_0080_528.915058.png,#a9cce3,14,0.009204,0.000414,0.045000
z_0080_528.915058.png,#af7ac5,2664,1.751479,0.078817,0.045000
z_0080_528.915058.png,#b9770e,1785,1.173570,0.052811,0.045000
z_0080_528.915058.png,#bb8fce,459,0.301775,0.013580,0.045000
z_0080_528.915058.png,#d2b4de,204,0.134122,0.006036,0.045000
z_0080_528.915058.png,#e59866,1208,0.794214,0.035740,0.045000
z_0080_528.915058.png,#e74c3c,798,0.524655,0.023609,0.045000
z_0080_528.915058.png,#edbb99,715,0.470085,0.021154,0.045000
z_0080_528.915058.png,#f1948a,2688,1.767258,0.079527,0.045000
z_0080_528.915058.png,#f58231,5306,3.488494,0.156982,0.045000
z_0080_528.915058.png,#f7dc6f,51,0.033531,0.001509,0.045000
z_0080_528.915058.png,#f8c471,1554,1.021696,0.045976,0.045000
z_0080_528.915058.png,#fad7a0,2945,1.936226,0.087130,0.045000
z_0081_529.926641.png,#0e6251,5158,3.391190,0.152604,0.045000
z_0081_529.926641.png,#154360,809,0.531887,0.023935,0.045000
z_0081_529.926641.png,#1b4f72,1625,1.068376,0.048077,0.045000
z_0081_529.926641.png,#2ecc71,1305,0.857988,0.038609,0.045000
z_0081_529.926641.png,#48c9b0,50,0.032873,0.001479,0.045000
z_0081_529.926641.png,#4a235a,2811,1.848126,0.083166,0.045000
z_0081_529.926641.png,#512e5f,370,0.243261,0.010947,0.045000
z_0081_529.926641.png,#52be80,2977,1.957265,0.088077,0.045000
z_0081_529.926641.png,#5499c7,1564,1.028271,0.046272,0.045000
z_0081_529.926641.png,#7b241c,771,0.506903,0.022811,0.045000
z_0081_529.926641.png,#82e0aa,1706,1.121631,0.050473,0.045000
z_0081_529.926641.png,#85c1e9,652,0.428665,0.019290,0.045000
z_0081_529.926641.png,#922b21,674,0.443130,0.019941,0.045000
z_0081_529.926641.png,#9a7d0a,167,0.109796,0.004941,0.045000
z_0081_529.926641.png,#a3e4d7,352,0.231427,0.010414,0.045000
z_0081_529.926641.png,#a9cce3,17,0.011177,0.000503,0.045000
z_0081_529.926641.png,#af7ac5,2741,1.802104,0.081095,0.045000
z_0081_529.926641.png,#b9770e,1471,0.967127,0.043521,0.045000
z_0081_529.926641.png,#bb8fce,431,0.283366,0.012751,0.045000
z_0081_529.926641.png,#d2b4de,195,0.128205,0.005769,0.045000
z_0081_529.926641.png,#e59866,1288,0.846811,0.038107,0.045000
z_0081_529.926641.png,#e74c3c,786,0.516765,0.023254,0.045000
z_0081_529.926641.png,#edbb99,744,0.489152,0.022012,0.045000
z_0081_529.926641.png,#f1948a,2690,1.768573,0.079586,0.045000
z_0081_529.926641.png,#f58231,5309,3.490467,0.157071,0.045000
z_0081_529.926641.png,#f7dc6f,18,0.011834,0.000533,0.045000
z_0081_529.926641.png,#f8c471,1545,1.015779,0.045710,0.045000
z_0081_529.926641.png,#fad7a0,2934,1.928994,0.086805,0.045000
z_0082_530.938224.png,#0e6251,5153,3.387903,0.152456,0.045000
z_0082_530.938224.png,#154360,794,0.522025,0.023491,0.045000
z_0082_530.938224.png,#1b4f72,1583,1.040763,0.046834,0.045000
z_0082_530.938224.png,#2ecc71,1370,0.900723,0.040533,0.045000
z_0082_530.938224.png,#48c9b0,60,0.039448,0.001775,0.045000
z_0082_530.938224.png,#4a235a,2809,1.846811,0.083107,0.045000
z_0082_530.938224.png,#512e5f,389,0.255753,0.011509,0.045000
z_0082_530.938224.png,#52be80,3088,2.030243,0.091361,0.045000
z_0082_530.938224.png,#5499c7,1901,1.249836,0.056243,0.045000
z_0082_530.938224.png,#7b241c,753,0.495069,0.022278,0.045000
z_0082_530.938224.png,#82e0aa,1680,1.104536,0.049704,0.045000
z_0082_530.938224.png,#85c1e9,696,0.457594,0.020592,0.045000
z_0082_530.938224.png,#922b21,716,0.470743,0.021183,0.045000
z_0082_530.938224.png,#9a7d0a,167,0.109796,0.004941,0.045000
z_0082_530.938224.png,#a3e4d7,311,0.204471,0.009201,0.045000
z_0082_530.938224.png,#a9cce3,14,0.009204,0.000414,0.045000
z_0082_530.938224.png,#af7ac5,2554,1.679158,0.075562,0.045000
z_0082_530.938224.png,#b9770e,1260,0.828402,0.037278,0.045000
z_0082_530.938224.png,#bb8fce,383,0.251808,0.011331,0.045000
z_0082_530.938224.png,#d2b4de,203,0.133465,0.006006,0.045000
z_0082_530.938224.png,#e59866,1308,0.859961,0.038698,0.045000
z_0082_530.938224.png,#e74c3c,782,0.514135,0.023136,0.045000
z_0082_530.938224.png,#edbb99,750,0.493097,0.022189,0.045000
z_0082_530.938224.png,#f1948a,2607,1.714004,0.077130,0.045000
z_0082_530.938224.png,#f58231,5249,3.451019,0.155296,0.045000
z_0082_530.938224.png,#f8c471,1476,0.970414,0.043669,0.045000
z_0082_530.938224.png,#fad7a0,2941,1.933596,0.087012,0.045000
z_0083_531.949807.png,#0e6251,5176,3.403024,0.153136,0.045000
z_0083_531.949807.png,#154360,793,0.521368,0.023462,0.045000
z_0083_531.949807.png,#1b4f72,1577,1.036818,0.046657,0.045000
z_0083_531.949807.png,#2ecc71,1499,0.985536,0.044349,0.045000
z_0083_531.949807.png,#48c9b0,71,0.046680,0.002101,0.045000
z_0083_531.949807.png,#4a235a,2783,1.829717,0.082337,0.045000
z_0083_531.949807.png,#512e5f,400,0.262985,0.011834,0.045000
z_0083_531.949807.png,#52be80,3177,2.088757,0.093994,0.045000
z_0083_531.949807.png,#5499c7,1845,1.213018,0.054586,0.045000
z_0083_531.949807.png,#7b241c,759,0.499014,0.022456,0.045000
z_0083_531.949807.png,#82e0aa,1708,1.122945,0.050533,0.045000
z_0083_531.949807.png,#85c1e9,754,0.495726,0.022308,0.045000
z_0083_531.949807.png,#922b21,737,0.484550,0.021805,0.045000
z_0083_531.949807.png,#9a7d0a,183,0.120316,0.005414,0.045000
z_0083_531.949807.png,#a3e4d7,301,0.197896,0.008905,0.045000
z_0083_531.949807.png,#a9cce3,9,0.005917,0.000266,0.045000
z_0083_531.949807.png,#af7ac5,2318,1.523997,0.068580,0.045000
z_0083_531.949807.png,#b9770e,1089,0.715976,0.032219,0.045000
z_0083_531.949807.png,#bb8fce,383,0.251808,0.011331,0.045000
z_0083_531.949807.png,#d2b4de,202,0.132807,0.005976,0.045000
z_0083_531.949807.png,#e59866,1317,0.865878,0.038964,0.045000
z_0083_531.949807.png,#e74c3c,801,0.526627,0.023698,0.045000
z_0083_531.949807.png,#edbb99,768,0.504931,0.022722,0.045000
z_0083_531.949807.png,#f1948a,2512,1.651545,0.074320,0.045000
z_0083_531.949807.png,#f58231,5207,3.423406,0.154053,0.045000
z_0083_531.949807.png,#f8c471,1376,0.904668,0.040710,0.045000
z_0083_531.949807.png,#fad7a0,2942,1.934254,0.087041,0.045000
z_0084_532.961390.png,#0e6251,5282,3.472715,0.156272,0.045000
z_0084_532.961390.png,#154360,799,0.525312,0.023639,0.045000
z_0084_532.961390.png,#1b4f72,1589,1.044707,0.047012,0.045000
z_0084_532.961390.png,#2ecc71,1555,1.022354,0.046006,0.045000
z_0084_532.961390.png,#48c9b0,72,0.047337,0.002130,0.045000
z_0084_532.961390.png,#4a235a,2607,1.714004,0.077130,0.045000
z_0084_532.961390.png,#512e5f,426,0.280079,0.012604,0.045000
z_0084_532.961390.png,#52be80,3194,2.099934,0.094497,0.045000
z_0084_532.961390.png,#5499c7,1814,1.192636,0.053669,0.045000
z_0084_532.961390.png,#7b241c,803,0.527942,0.023757,0.045000
z_0084_532.961390.png,#82e0aa,1658,1.090072,0.049053,0.045000
z_0084_532.961390.png,#85c1e9,827,0.543721,0.024467,0.045000
z_0084_532.961390.png,#922b21,763,0.501644,0.022574,0.045000
z_0084_532.961390.png,#9a7d0a,183,0.120316,0.005414,0.045000
z_0084_532.961390.png,#a3e4d7,259,0.170283,0.007663,0.045000
z_0084_532.961390.png,#a9cce3,8,0.005260,0.000237,0.045000
z_0084_532.961390.png,#af7ac5,2191,1.440500,0.064822,0.045000
z_0084_532.961390.png,#b9770e,862,0.566732,0.025503,0.045000
z_0084_532.961390.png,#bb8fce,363,0.238659,0.010740,0.045000
z_0084_532.961390.png,#d2b4de,211,0.138725,0.006243,0.045000
z_0084_532.961390.png,#e59866,1326,0.871795,0.039231,0.045000
z_0084_532.961390.png,#e74c3c,816,0.536489,0.024142,0.045000
z_0084_532.961390.png,#edbb99,770,0.506246,0.022781,0.045000
z_0084_532.961390.png,#f1948a,2412,1.585799,0.071361,0.045000
z_0084_532.961390.png,#f58231,5147,3.383958,0.152278,0.045000
z_0084_532.961390.png,#f8c471,1313,0.863248,0.038846,0.045000
z_0084_532.961390.png,#fad7a0,2882,1.894806,0.085266,0.045000
z_0085_533.972973.png,#0e6251,5282,3.472715,0.156272,0.045000
z_0085_533.972973.png,#154360,804,0.528600,0.023787,0.045000
z_0085_533.972973.png,#1b4f72,1590,1.045365,0.047041,0.045000
z_0085_533.972973.png,#2ecc71,1551,1.019724,0.045888,0.045000
z_0085_533.972973.png,#48c9b0,72,0.047337,0.002130,0.045000
z_0085_533.972973.png,#4a235a,2610,1.715976,0.077219,0.045000
z_0085_533.972973.png,#512e5f,426,0.280079,0.012604,0.045000
z_0085_533.972973.png,#52be80,3197,2.101907,0.094586,0.045000
z_0085_533.972973.png,#5499c7,1819,1.195924,0.053817,0.045000
z_0085_533.972973.png,#7b241c,811,0.533202,0.023994,0.045000
z_0085_533.972973.png,#82e0aa,1668,1.096647,0.049349,0.045000
z_0085_533.972973.png,#85c1e9,833,0.547666,0.024645,0.045000
z_0085_533.972973.png,#922b21,767,0.504274,0.022692,0.045000
z_0085_533.972973.png,#9a7d0a,183,0.120316,0.005414,0.045000
z_0085_533.972973.png,#a3e4d7,258,0.169625,0.007633,0.045000
z_0085_533.972973.png,#a9cce3,7,0.004602,0.000207,0.045000
z_0085_533.972973.png,#af7ac5,2191,1.440500,0.064822,0.045000
z_0085_533.972973.png,#b9770e,865,0.568705,0.025592,0.045000
z_0085_533.972973.png,#bb8fce,362,0.238001,0.010710,0.045000
z_0085_533.972973.png,#d2b4de,208,0.136752,0.006154,0.045000
z_0085_533.972973.png,#e59866,1340,0.880999,0.039645,0.045000
z_0085_533.972973.png,#e74c3c,817,0.537147,0.024172,0.045000
z_0085_533.972973.png,#edbb99,771,0.506903,0.022811,0.045000
z_0085_533.972973.png,#f1948a,2414,1.587114,0.071420,0.045000
z_0085_533.972973.png,#f58231,5158,3.391190,0.152604,0.045000
z_0085_533.972973.png,#f8c471,1316,0.865220,0.038935,0.045000
z_0085_533.972973.png,#fad7a0,2877,1.891519,0.085118,0.045000
z_0086_534.984556.png,#0e6251,5756,3.784352,0.170296,0.045000
z_0086_534.984556.png,#154360,872,0.573307,0.025799,0.045000
z_0086_534.984556.png,#1b4f72,1539,1.011834,0.045533,0.045000
z_0086_534.984556.png,#2ecc71,1669,1.097304,0.049379,0.045000
z_0086_534.984556.png,#48c9b0,50,0.032873,0.001479,0.045000
z_0086_534.984556.png,#4a235a,2410,1.584484,0.071302,0.045000
z_0086_534.984556.png,#512e5f,497,0.326759,0.014704,0.045000
z_0086_534.984556.png,#52be80,3104,2.040763,0.091834,0.045000
z_0086_534.984556.png,#5499c7,1744,1.146614,0.051598,0.045000
z_0086_534.984556.png,#7b241c,937,0.616042,0.027722,0.045000
z_0086_534.984556.png,#82e0aa,1672,1.099277,0.049467,0.045000
z_0086_534.984556.png,#85c1e9,871,0.572650,0.025769,0.045000
z_0086_534.984556.png,#922b21,779,0.512163,0.023047,0.045000
z_0086_534.984556.png,#9a7d0a,186,0.122288,0.005503,0.045000
z_0086_534.984556.png,#a3e4d7,280,0.184089,0.008284,0.045000
z_0086_534.984556.png,#a9cce3,10,0.006575,0.000296,0.045000
z_0086_534.984556.png,#af7ac5,2083,1.369494,0.061627,0.045000
z_0086_534.984556.png,#b9770e,391,0.257068,0.011568,0.045000
z_0086_534.984556.png,#bb8fce,369,0.242604,0.010917,0.045000
z_0086_534.984556.png,#d2b4de,202,0.132807,0.005976,0.045000
z_0086_534.984556.png,#e59866,1255,0.825115,0.037130,0.045000
z_0086_534.984556.png,#e74c3c,822,0.540434,0.024320,0.045000
z_0086_534.984556.png,#edbb99,817,0.537147,0.024172,0.045000
z_0086_534.984556.png,#f1948a,2256,1.483235,0.066746,0.045000
z_0086_534.984556.png,#f58231,5255,3.454964,0.155473,0.045000
z_0086_534.984556.png,#f8c471,1202,0.790270,0.035562,0.045000
z_0086_534.984556.png,#fad7a0,3411,2.242604,0.100917,0.045000
z_0087_535.996139.png,#0e6251,6066,3.988166,0.179467,0.045000
z_0087_535.996139.png,#154360,845,0.555556,0.025000,0.045000
z_0087_535.996139.png,#1b4f72,1481,0.973702,0.043817,0.045000
z_0087_535.996139.png,#2ecc71,1712,1.125575,0.050651,0.045000
z_0087_535.996139.png,#48c9b0,43,0.028271,0.001272,0.045000
z_0087_535.996139.png,#4a235a,2467,1.621959,0.072988,0.045000
z_0087_535.996139.png,#512e5f,559,0.367521,0.016538,0.045000
z_0087_535.996139.png,#52be80,2965,1.949375,0.087722,0.045000
z_0087_535.996139.png,#5499c7,1684,1.107166,0.049822,0.045000
z_0087_535.996139.png,#7b241c,1069,0.702827,0.031627,0.045000
z_0087_535.996139.png,#82e0aa,1690,1.111111,0.050000,0.045000
z_0087_535.996139.png,#85c1e9,1067,0.701512,0.031568,0.045000
z_0087_535.996139.png,#922b21,635,0.417488,0.018787,0.045000
z_0087_535.996139.png,#9a7d0a,185,0.121631,0.005473,0.045000
z_0087_535.996139.png,#a3e4d7,363,0.238659,0.010740,0.045000
z_0087_535.996139.png,#a9cce3,6,0.003945,0.000178,0.045000
z_0087_535.996139.png,#af7ac5,2008,1.320184,0.059408,0.045000
z_0087_535.996139.png,#b9770e,243,0.159763,0.007189,0.045000
z_0087_535.996139.png,#bb8fce,368,0.241946,0.010888,0.045000
z_0087_535.996139.png,#d2b4de,212,0.139382,0.006272,0.045000
z_0087_535.996139.png,#e59866,1160,0.762656,0.034320,0.045000
z_0087_535.996139.png,#e74c3c,815,0.535832,0.024112,0.045000
z_0087_535.996139.png,#edbb99,811,0.533202,0.023994,0.045000
z_0087_535.996139.png,#f1948a,2176,1.430638,0.064379,0.045000
z_0087_535.996139.png,#f58231,5334,3.506903,0.157811,0.045000
z_0087_535.996139.png,#f8c471,1148,0.754767,0.033964,0.045000
z_0087_535.996139.png,#fad7a0,3635,2.389875,0.107544,0.045000
z_0088_537.007722.png,#0e6251,6216,4.086785,0.183905,0.045000
z_0088_537.007722.png,#154360,798,0.524655,0.023609,0.045000
z_0088_537.007722.png,#1b4f72,1475,0.969757,0.043639,0.045000
z_0088_537.007722.png,#2ecc71,1762,1.158448,0.052130,0.045000
z_0088_537.007722.png,#48c9b0,25,0.016437,0.000740,0.045000
z_0088_537.007722.png,#4a235a,2686,1.765943,0.079467,0.045000
z_0088_537.007722.png,#512e5f,619,0.406969,0.018314,0.045000
z_0088_537.007722.png,#52be80,2914,1.915845,0.086213,0.045000
z_0088_537.007722.png,#5499c7,1684,1.107166,0.049822,0.045000
z_0088_537.007722.png,#7b241c,1127,0.740960,0.033343,0.045000
z_0088_537.007722.png,#82e0aa,1704,1.120316,0.050414,0.045000
z_0088_537.007722.png,#85c1e9,1386,0.911243,0.041006,0.045000
z_0088_537.007722.png,#922b21,583,0.383300,0.017249,0.045000
z_0088_537.007722.png,#9a7d0a,191,0.125575,0.005651,0.045000
z_0088_537.007722.png,#a3e4d7,512,0.336621,0.015148,0.045000
z_0088_537.007722.png,#a9cce3,12,0.007890,0.000355,0.045000
z_0088_537.007722.png,#af7ac5,1887,1.240631,0.055828,0.045000
z_0088_537.007722.png,#b9770e,144,0.094675,0.004260,0.045000
z_0088_537.007722.png,#bb8fce,332,0.218277,0.009822,0.045000
z_0088_537.007722.png,#d2b4de,235,0.154504,0.006953,0.045000
z_0088_537.007722.png,#e59866,1102,0.724523,0.032604,0.045000
z_0088_537.007722.png,#e74c3c,796,0.523340,0.023550,0.045000
z_0088_537.007722.png,#edbb99,800,0.525970,0.023669,0.045000
z_0088_537.007722.png,#f1948a,2058,1.353057,0.060888,0.045000
z_0088_537.007722.png,#f58231,5261,3.458909,0.155651,0.045000
z_0088_537.007722.png,#f8c471,1098,0.721893,0.032485,0.045000
z_0088_537.007722.png,#fad7a0,3682,2.420776,0.108935,0.045000
z_0089_538.019305.png,#0e6251,6675,4.388560,0.197485,0.045000
z_0089_538.019305.png,#154360,763,0.501644,0.022574,0.045000
z_0089_538.019305.png,#1b4f72,1432,0.941486,0.042367,0.045000
z_0089_538.019305.png,#2ecc71,1858,1.221565,0.054970,0.045000
z_0089_538.019305.png,#48c9b0,23,0.015122,0.000680,0.045000
z_0089_538.019305.png,#4a235a,2753,1.809993,0.081450,0.045000
z_0089_538.019305.png,#512e5f,635,0.417488,0.018787,0.045000
z_0089_538.019305.png,#52be80,2850,1.873767,0.084320,0.045000
z_0089_538.019305.png,#5499c7,1708,1.122945,0.050533,0.045000
z_0089_538.019305.png,#7b241c,1084,0.712689,0.032071,0.045000
z_0089_538.019305.png,#82e0aa,1717,1.128863,0.050799,0.045000
z_0089_538.019305.png,#85c1e9,1823,1.198554,0.053935,0.045000
z_0089_538.019305.png,#922b21,563,0.370151,0.016657,0.045000
z_0089_538.019305.png,#9a7d0a,207,0.136095,0.006124,0.045000
z_0089_538.019305.png,#a3e4d7,610,0.401052,0.018047,0.045000
z_0089_538.019305.png,#a9cce3,4,0.002630,0.000118,0.045000
z_0089_538.019305.png,#af7ac5,1664,1.094017,0.049231,0.045000
z_0089_538.019305.png,#b9770e,151,0.099277,0.004467,0.045000
z_0089_538.019305.png,#bb8fce,311,0.204471,0.009201,0.045000
z_0089_538.019305.png,#d2b4de,278,0.182774,0.008225,0.045000
z_0089_538.019305.png,#e59866,1080,0.710059,0.031953,0.045000
z_0089_538.019305.png,#e74c3c,789,0.518738,0.023343,0.045000
z_0089_538.019305.png,#edbb99,786,0.516765,0.023254,0.045000
z_0089_538.019305.png,#f1948a,1810,1.190007,0.053550,0.045000
z_0089_538.019305.png,#f58231,5340,3.510848,0.157988,0.045000
z_0089_538.019305.png,#f8c471,1054,0.692965,0.031183,0.045000
z_0089_538.019305.png,#fad7a0,3711,2.439842,0.109793,0.045000
z_0090_539.030888.png,#0e6251,6692,4.399737,0.197988,0.045000
z_0090_539.030888.png,#154360,764,0.502301,0.022604,0.045000
z_0090_539.030888.png,#1b4f72,1434,0.942801,0.042426,0.045000
z_0090_539.030888.png,#2ecc71,1859,1.222222,0.055000,0.045000
z_0090_539.030888.png,#48c9b0,23,0.015122,0.000680,0.045000
z_0090_539.030888.png,#4a235a,2762,1.815911,0.081716,0.045000
z_0090_539.030888.png,#512e5f,636,0.418146,0.018817,0.045000
z_0090_539.030888.png,#52be80,2846,1.871137,0.084201,0.045000
z_0090_539.030888.png,#5499c7,1697,1.115713,0.050207,0.045000
z_0090_539.030888.png,#7b241c,1080,0.710059,0.031953,0.045000
z_0090_539.030888.png,#82e0aa,1715,1.127548,0.050740,0.045000
z_0090_539.030888.png,#85c1e9,1828,1.201841,0.054083,0.045000
z_0090_539.030888.png,#922b21,576,0.378698,0.017041,0.045000
z_0090_539.030888.png,#9a7d0a,207,0.136095,0.006124,0.045000
z_0090_539.030888.png,#a3e4d7,608,0.399737,0.017988,0.045000
z_0090_539.030888.png,#a9cce3,4,0.002630,0.000118,0.045000
z_0090_539.030888.png,#af7ac5,1672,1.099277,0.049467,0.045000
z_0090_539.030888.png,#b9770e,154,0.101249,0.004556,0.045000
z_0090_539.030888.png,#bb8fce,311,0.204471,0.009201,0.045000
z_0090_539.030888.png,#d2b4de,285,0.187377,0.008432,0.045000
z_0090_539.030888.png,#e59866,1086,0.714004,0.032130,0.045000
z_0090_539.030888.png,#e74c3c,786,0.516765,0.023254,0.045000
z_0090_539.030888.png,#edbb99,783,0.514793,0.023166,0.045000
z_0090_539.030888.png,#f1948a,1809,1.189349,0.053521,0.045000
z_0090_539.030888.png,#f58231,5336,3.508218,0.157870,0.045000
z_0090_539.030888.png,#f8c471,1047,0.688363,0.030976,0.045000
z_0090_539.030888.png,#fad7a0,3706,2.436555,0.109645,0.045000
z_0091_540.042471.png,#0e6251,6977,4.587114,0.206420,0.045000
z_0091_540.042471.png,#154360,735,0.483235,0.021746,0.045000
z_0091_540.042471.png,#1b4f72,1465,0.963182,0.043343,0.045000
z_0091_540.042471.png,#2ecc71,1945,1.278764,0.057544,0.045000
z_0091_540.042471.png,#48c9b0,30,0.019724,0.000888,0.045000
z_0091_540.042471.png,#4a235a,2704,1.777778,0.080000,0.045000
z_0091_540.042471.png,#512e5f,688,0.452334,0.020355,0.045000
z_0091_540.042471.png,#52be80,2523,1.658777,0.074645,0.045000
z_0091_540.042471.png,#5499c7,1672,1.099277,0.049467,0.045000
z_0091_540.042471.png,#7b241c,677,0.445102,0.020030,0.045000
z_0091_540.042471.png,#82e0aa,1767,1.161736,0.052278,0.045000
z_0091_540.042471.png,#85c1e9,2054,1.350427,0.060769,0.045000
z_0091_540.042471.png,#922b21,601,0.395135,0.017781,0.045000
z_0091_540.042471.png,#9a7d0a,207,0.136095,0.006124,0.045000
z_0091_540.042471.png,#a3e4d7,704,0.462853,0.020828,0.045000
z_0091_540.042471.png,#a9cce3,2,0.001315,0.000059,0.045000
z_0091_540.042471.png,#af7ac5,974,0.640368,0.028817,0.045000
z_0091_540.042471.png,#b9770e,156,0.102564,0.004615,0.045000
z_0091_540.042471.png,#bb8fce,250,0.164366,0.007396,0.045000
z_0091_540.042471.png,#d2b4de,276,0.181460,0.008166,0.045000
z_0091_540.042471.png,#e59866,937,0.616042,0.027722,0.045000
z_0091_540.042471.png,#e74c3c,743,0.488494,0.021982,0.045000
z_0091_540.042471.png,#edbb99,759,0.499014,0.022456,0.045000
z_0091_540.042471.png,#f1948a,1484,0.975674,0.043905,0.045000
z_0091_540.042471.png,#f58231,5589,3.674556,0.165355,0.045000
z_0091_540.042471.png,#f7dc6f,1163,0.764629,0.034408,0.045000
z_0091_540.042471.png,#f8c471,952,0.625904,0.028166,0.045000
z_0091_540.042471.png,#fad7a0,3884,2.553583,0.114911,0.045000
z_0092_541.054054.png,#0e6251,6989,4.595003,0.206775,0.045000
z_0092_541.054054.png,#117a65,157,0.103222,0.004645,0.045000
z_0092_541.054054.png,#154360,791,0.520053,0.023402,0.045000
z_0092_541.054054.png,#1b4f72,1507,0.990796,0.044586,0.045000
z_0092_541.054054.png,#2ecc71,2131,1.401052,0.063047,0.045000
z_0092_541.054054.png,#48c9b0,38,0.024984,0.001124,0.045000
z_0092_541.054054.png,#4a235a,2532,1.664694,0.074911,0.045000
z_0092_541.054054.png,#512e5f,743,0.488494,0.021982,0.045000
z_0092_541.054054.png,#52be80,2387,1.569362,0.070621,0.045000
z_0092_541.054054.png,#5499c7,1613,1.060487,0.047722,0.045000
z_0092_541.054054.png,#7b241c,684,0.449704,0.020237,0.045000
z_0092_541.054054.png,#82e0aa,1782,1.171598,0.052722,0.045000
z_0092_541.054054.png,#85c1e9,2131,1.401052,0.063047,0.045000
z_0092_541.054054.png,#922b21,616,0.404997,0.018225,0.045000
z_0092_541.054054.png,#9a7d0a,211,0.138725,0.006243,0.045000
z_0092_541.054054.png,#a3e4d7,729,0.479290,0.021568,0.045000
z_0092_541.054054.png,#a9cce3,4,0.002630,0.000118,0.045000
z_0092_541.054054.png,#af7ac5,623,0.409599,0.018432,0.045000
z_0092_541.054054.png,#b9770e,86,0.056542,0.002544,0.045000
z_0092_541.054054.png,#bb8fce,216,0.142012,0.006391,0.045000
z_0092_541.054054.png,#d2b4de,254,0.166995,0.007515,0.045000
z_0092_541.054054.png,#e59866,1061,0.697567,0.031391,0.045000
z_0092_541.054054.png,#e74c3c,676,0.444444,0.020000,0.045000
z_0092_541.054054.png,#edbb99,735,0.483235,0.021746,0.045000
z_0092_541.054054.png,#f1948a,858,0.564103,0.025385,0.045000
z_0092_541.054054.png,#f58231,5547,3.646943,0.164112,0.045000
z_0092_541.054054.png,#f7dc6f,770,0.506246,0.022781,0.045000
z_0092_541.054054.png,#f8c471,780,0.512821,0.023077,0.045000
z_0092_541.054054.png,#fad7a0,4256,2.798159,0.125917,0.045000
z_0093_542.065637.png,#0e6251,6969,4.581854,0.206183,0.045000
z_0093_542.065637.png,#117a65,158,0.103879,0.004675,0.045000
z_0093_542.065637.png,#154360,799,0.525312,0.023639,0.045000
z_0093_542.065637.png,#1b4f72,1508,0.991453,0.044615,0.045000
z_0093_542.065637.png,#2ecc71,2133,1.402367,0.063107,0.045000
z_0093_542.065637.png,#48c9b0,40,0.026298,0.001183,0.045000
z_0093_542.065637.png,#4a235a,2548,1.675214,0.075385,0.045000
z_0093_542.065637.png,#512e5f,739,0.485865,0.021864,0.045000
z_0093_542.065637.png,#52be80,2386,1.568705,0.070592,0.045000
z_0093_542.065637.png,#5499c7,1610,1.058514,0.047633,0.045000
z_0093_542.065637.png,#7b241c,684,0.449704,0.020237,0.045000
z_0093_542.065637.png,#82e0aa,1783,1.172255,0.052751,0.045000
z_0093_542.065637.png,#85c1e9,2152,1.414859,0.063669,0.045000
z_0093_542.065637.png,#922b21,620,0.407627,0.018343,0.045000
z_0093_542.065637.png,#9a7d0a,212,0.139382,0.006272,0.045000
z_0093_542.065637.png,#a3e4d7,728,0.478632,0.021538,0.045000
z_0093_542.065637.png,#a9cce3,5,0.003287,0.000148,0.045000
z_0093_542.065637.png,#af7ac5,623,0.409599,0.018432,0.045000
z_0093_542.065637.png,#b9770e,86,0.056542,0.002544,0.045000
z_0093_542.065637.png,#bb8fce,216,0.142012,0.006391,0.045000
z_0093_542.065637.png,#d2b4de,249,0.163708,0.007367,0.045000
z_0093_542.065637.png,#e59866,1077,0.708087,0.031864,0.045000
z_0093_542.065637.png,#e74c3c,676,0.444444,0.020000,0.045000
z_0093_542.065637.png,#edbb99,738,0.485207,0.021834,0.045000
z_0093_542.065637.png,#f1948a,863,0.567390,0.025533,0.045000
z_0093_542.065637.png,#f58231,5541,3.642998,0.163935,0.045000
z_0093_542.065637.png,#f7dc6f,787,0.517423,0.023284,0.045000
z_0093_542.065637.png,#f8c471,775,0.509533,0.022929,0.045000
z_0093_542.065637.png,#fad7a0,4262,2.802104,0.126095,0.045000
z_0094_543.077220.png,#0e6251,6989,4.595003,0.206775,0.045000
z_0094_543.077220.png,#117a65,271,0.178172,0.008018,0.045000
z_0094_543.077220.png,#154360,1014,0.666667,0.030000,0.045000
z_0094_543.077220.png,#1b4f72,1550,1.019066,0.045858,0.045000
z_0094_543.077220.png,#2ecc71,2285,1.502301,0.067604,0.045000
z_0094_543.077220.png,#48c9b0,36,0.023669,0.001065,0.045000
z_0094_543.077220.png,#4a235a,2537,1.667982,0.075059,0.045000
z_0094_543.077220.png,#512e5f,768,0.504931,0.022722,0.045000
z_0094_543.077220.png,#52be80,2322,1.526627,0.068698,0.045000
z_0094_543.077220.png,#5499c7,1690,1.111111,0.050000,0.045000
z_0094_543.077220.png,#7b241c,687,0.451677,0.020325,0.045000
z_0094_543.077220.png,#82e0aa,1761,1.157791,0.052101,0.045000
z_0094_543.077220.png,#85c1e9,2227,1.464168,0.065888,0.045000
z_0094_543.077220.png,#922b21,630,0.414201,0.018639,0.045000
z_0094_543.077220.png,#9a7d0a,286,0.188034,0.008462,0.045000
z_0094_543.077220.png,#a3e4d7,739,0.485865,0.021864,0.045000
z_0094_543.077220.png,#a9cce3,6,0.003945,0.000178,0.045000
z_0094_543.077220.png,#af7ac5,539,0.354372,0.015947,0.045000
z_0094_543.077220.png,#b9770e,60,0.039448,0.001775,0.045000
z_0094_543.077220.png,#bb8fce,221,0.145299,0.006538,0.045000
z_0094_543.077220.png,#d2b4de,246,0.161736,0.007278,0.045000
z_0094_543.077220.png,#e59866,1179,0.775148,0.034882,0.045000
z_0094_543.077220.png,#e74c3c,656,0.431295,0.019408,0.045000
z_0094_543.077220.png,#edbb99,753,0.495069,0.022278,0.045000
z_0094_543.077220.png,#f1948a,647,0.425378,0.019142,0.045000
z_0094_543.077220.png,#f58231,5542,3.643655,0.163964,0.045000
z_0094_543.077220.png,#f7dc6f,568,0.373439,0.016805,0.045000
z_0094_543.077220.png,#f8c471,719,0.472715,0.021272,0.045000
z_0094_543.077220.png,#fad7a0,4303,2.829060,0.127308,0.045000
z_0095_544.088803.png,#0e6251,6988,4.594346,0.206746,0.045000
z_0095_544.088803.png,#117a65,816,0.536489,0.024142,0.045000
z_0095_544.088803.png,#154360,1273,0.836949,0.037663,0.045000
z_0095_544.088803.png,#1b4f72,1641,1.078895,0.048550,0.045000
z_0095_544.088803.png,#2ecc71,2719,1.787640,0.080444,0.045000
z_0095_544.088803.png,#48c9b0,36,0.023669,0.001065,0.045000
z_0095_544.088803.png,#4a235a,2299,1.511506,0.068018,0.045000
z_0095_544.088803.png,#512e5f,841,0.552926,0.024882,0.045000
z_0095_544.088803.png,#52be80,2138,1.405654,0.063254,0.045000
z_0095_544.088803.png,#5499c7,1649,1.084155,0.048787,0.045000
z_0095_544.088803.png,#7b241c,739,0.485865,0.021864,0.045000
z_0095_544.088803.png,#82e0aa,1644,1.080868,0.048639,0.045000
z_0095_544.088803.png,#85c1e9,2222,1.460881,0.065740,0.045000
z_0095_544.088803.png,#922b21,607,0.399080,0.017959,0.045000
z_0095_544.088803.png,#9a7d0a,1288,0.846811,0.038107,0.045000
z_0095_544.088803.png,#a3e4d7,776,0.510191,0.022959,0.045000
z_0095_544.088803.png,#a9cce3,11,0.007232,0.000325,0.045000
z_0095_544.088803.png,#af7ac5,388,0.255095,0.011479,0.045000
z_0095_544.088803.png,#b9770e,55,0.036160,0.001627,0.045000
z_0095_544.088803.png,#bb8fce,214,0.140697,0.006331,0.045000
z_0095_544.088803.png,#d2b4de,256,0.168310,0.007574,0.045000
z_0095_544.088803.png,#e59866,1376,0.904668,0.040710,0.045000
z_0095_544.088803.png,#e74c3c,584,0.383958,0.017278,0.045000
z_0095_544.088803.png,#edbb99,755,0.496384,0.022337,0.045000
z_0095_544.088803.png,#f1948a,162,0.106509,0.004793,0.045000
z_0095_544.088803.png,#f58231,5599,3.681131,0.165651,0.045000
z_0095_544.088803.png,#f7dc6f,303,0.199211,0.008964,0.045000
z_0095_544.088803.png,#f8c471,498,0.327416,0.014734,0.045000
z_0095_544.088803.png,#fad7a0,4527,2.976331,0.133935,0.045000
z_0096_545.100386.png,#0e6251,6954,4.571992,0.205740,0.045000
z_0096_545.100386.png,#117a65,820,0.539119,0.024260,0.045000
z_0096_545.100386.png,#154360,1261,0.829060,0.037308,0.045000
z_0096_545.100386.png,#1b4f72,1604,1.054569,0.047456,0.045000
z_0096_545.100386.png,#2ecc71,2712,1.783037,0.080237,0.045000
z_0096_545.100386.png,#48c9b0,30,0.019724,0.000888,0.045000
z_0096_545.100386.png,#4a235a,2309,1.518080,0.068314,0.045000
z_0096_545.100386.png,#512e5f,842,0.553583,0.024911,0.045000
z_0096_545.100386.png,#52be80,2145,1.410256,0.063462,0.045000
z_0096_545.100386.png,#5499c7,1630,1.071663,0.048225,0.045000
z_0096_545.100386.png,#7b241c,737,0.484550,0.021805,0.045000
z_0096_545.100386.png,#82e0aa,1636,1.075608,0.048402,0.045000
z_0096_545.100386.png,#85c1e9,2222,1.460881,0.065740,0.045000
z_0096_545.100386.png,#922b21,106,0.069691,0.003136,0.045000
z_0096_545.100386.png,#9a7d0a,1253,0.823800,0.037071,0.045000
z_0096_545.100386.png,#a3e4d7,788,0.518080,0.023314,0.045000
z_0096_545.100386.png,#a9cce3,9,0.005917,0.000266,0.045000
z_0096_545.100386.png,#af7ac5,389,0.255753,0.011509,0.045000
z_0096_545.100386.png,#b9770e,56,0.036818,0.001657,0.045000
z_0096_545.100386.png,#bb8fce,222,0.145957,0.006568,0.045000
z_0096_545.100386.png,#d2b4de,260,0.170940,0.007692,0.045000
z_0096_545.100386.png,#e59866,1374,0.903353,0.040651,0.045000
z_0096_545.100386.png,#e74c3c,581,0.381986,0.017189,0.045000
z_0096_545.100386.png,#edbb99,767,0.504274,0.022692,0.045000
z_0096_545.100386.png,#f1948a,160,0.105194,0.004734,0.045000
z_0096_545.100386.png,#f58231,5559,3.654832,0.164467,0.045000
z_0096_545.100386.png,#f7dc6f,329,0.216305,0.009734,0.045000
z_0096_545.100386.png,#f8c471,489,0.321499,0.014467,0.045000
z_0096_545.100386.png,#fad7a0,4507,2.963182,0.133343,0.045000
z_0097_546.111969.png,#0e6251,6757,4.442472,0.199911,0.045000
z_0097_546.111969.png,#117a65,1039,0.683103,0.030740,0.045000
z_0097_546.111969.png,#154360,1296,0.852071,0.038343,0.045000
z_0097_546.111969.png,#1b4f72,1731,1.138067,0.051213,0.045000
z_0097_546.111969.png,#2ecc71,2783,1.829717,0.082337,0.045000
z_0097_546.111969.png,#48c9b0,47,0.030901,0.001391,0.045000
z_0097_546.111969.png,#4a235a,2303,1.514135,0.068136,0.045000
z_0097_546.111969.png,#512e5f,874,0.574622,0.025858,0.045000
z_0097_546.111969.png,#52be80,2094,1.376726,0.061953,0.045000
z_0097_546.111969.png,#5499c7,1594,1.047995,0.047160,0.045000
z_0097_546.111969.png,#7b241c,796,0.523340,0.023550,0.045000
z_0097_546.111969.png,#82e0aa,1609,1.057857,0.047604,0.045000
z_0097_546.111969.png,#85c1e9,2181,1.433925,0.064527,0.045000
z_0097_546.111969.png,#922b21,159,0.104536,0.004704,0.045000
z_0097_546.111969.png,#9a7d0a,2295,1.508876,0.067899,0.045000
z_0097_546.111969.png,#a3e4d7,790,0.519395,0.023373,0.045000
z_0097_546.111969.png,#a9cce3,9,0.005917,0.000266,0.045000
z_0097_546.111969.png,#af7ac5,269,0.176857,0.007959,0.045000
z_0097_546.111969.png,#b9770e,58,0.038133,0.001716,0.045000
z_0097_546.111969.png,#bb8fce,231,0.151874,0.006834,0.045000
z_0097_546.111969.png,#d2b4de,280,0.184089,0.008284,0.045000
z_0097_546.111969.png,#e59866,1528,1.004602,0.045207,0.045000
z_0097_546.111969.png,#e74c3c,540,0.355030,0.015976,0.045000
z_0097_546.111969.png,#edbb99,746,0.490467,0.022071,0.045000
z_0097_546.111969.png,#f1948a,142,0.093360,0.004201,0.045000
z_0097_546.111969.png,#f58231,5632,3.702827,0.166627,0.045000
z_0097_546.111969.png,#f7dc6f,95,0.062459,0.002811,0.045000
z_0097_546.111969.png,#f8c471,428,0.281394,0.012663,0.045000
z_0097_546.111969.png,#fad7a0,4433,2.914530,0.131154,0.045000
z_0098_547.123552.png,#0e6251,6682,4.393162,0.197692,0.045000
z_0098_547.123552.png,#117a65,1253,0.823800,0.037071,0.045000
z_0098_547.123552.png,#154360,1185,0.779093,0.035059,0.045000
z_0098_547.123552.png,#1b4f72,1723,1.132807,0.050976,0.045000
z_0098_547.123552.png,#2ecc71,2859,1.879684,0.084586,0.045000
z_0098_547.123552.png,#48c9b0,46,0.030243,0.001361,0.045000
z_0098_547.123552.png,#4a235a,2222,1.460881,0.065740,0.045000
z_0098_547.123552.png,#512e5f,917,0.602893,0.027130,0.045000
z_0098_547.123552.png,#52be80,2018,1.326759,0.059704,0.045000
z_0098_547.123552.png,#5499c7,1590,1.045365,0.047041,0.045000
z_0098_547.123552.png,#7b241c,868,0.570677,0.025680,0.045000
z_0098_547.123552.png,#82e0aa,1597,1.049967,0.047249,0.045000
z_0098_547.123552.png,#85c1e9,2073,1.362919,0.061331,0.045000
z_0098_547.123552.png,#922b21,202,0.132807,0.005976,0.045000
z_0098_547.123552.png,#9a7d0a,3252,2.138067,0.096213,0.045000
z_0098_547.123552.png,#a3e4d7,825,0.542406,0.024408,0.045000
z_0098_547.123552.png,#a9cce3,6,0.003945,0.000178,0.045000
z_0098_547.123552.png,#af7ac5,232,0.152531,0.006864,0.045000
z_0098_547.123552.png,#b9770e,81,0.053254,0.002396,0.045000
z_0098_547.123552.png,#bb8fce,283,0.186062,0.008373,0.045000
z_0098_547.123552.png,#d2b4de,299,0.196581,0.008846,0.045000
z_0098_547.123552.png,#e59866,1493,0.981591,0.044172,0.045000
z_0098_547.123552.png,#e74c3c,543,0.357002,0.016065,0.045000
z_0098_547.123552.png,#edbb99,678,0.445759,0.020059,0.045000
z_0098_547.123552.png,#f1948a,68,0.044707,0.002012,0.045000
z_0098_547.123552.png,#f58231,5552,3.650230,0.164260,0.045000
z_0098_547.123552.png,#f7dc6f,53,0.034845,0.001568,0.045000
z_0098_547.123552.png,#f8c471,382,0.251151,0.011302,0.045000
z_0098_547.123552.png,#fad7a0,4440,2.919132,0.131361,0.045000
z_0099_548.135135.png,#0e6251,6555,4.309665,0.193935,0.045000
z_0099_548.135135.png,#117a65,1431,0.940828,0.042337,0.045000
z_0099_548.135135.png,#145a32,1829,1.202498,0.054112,0.045000
z_0099_548.135135.png,#154360,1164,0.765286,0.034438,0.045000
z_0099_548.135135.png,#1b4f72,1784,1.172913,0.052781,0.045000
z_0099_548.135135.png,#2ecc71,2909,1.912558,0.086065,0.045000
z_0099_548.135135.png,#48c9b0,38,0.024984,0.001124,0.045000
z_0099_548.135135.png,#4a235a,2095,1.377383,0.061982,0.045000
z_0099_548.135135.png,#512e5f,918,0.603550,0.027160,0.045000
z_0099_548.135135.png,#52be80,1871,1.230112,0.055355,0.045000
z_0099_548.135135.png,#5499c7,1631,1.072321,0.048254,0.045000
z_0099_548.135135.png,#7b241c,861,0.566075,0.025473,0.045000
z_0099_548.135135.png,#82e0aa,1607,1.056542,0.047544,0.045000
z_0099_548.135135.png,#85c1e9,1926,1.266272,0.056982,0.045000
z_0099_548.135135.png,#922b21,261,0.171598,0.007722,0.045000
z_0099_548.135135.png,#9a7d0a,3969,2.609467,0.117426,0.045000
z_0099_548.135135.png,#a3e4d7,830,0.545694,0.024556,0.045000
z_0099_548.135135.png,#a9cce3,3,0.001972,0.000089,0.045000
z_0099_548.135135.png,#af7ac5,209,0.137410,0.006183,0.045000
z_0099_548.135135.png,#b9770e,94,0.061801,0.002781,0.045000
z_0099_548.135135.png,#bb8fce,304,0.199869,0.008994,0.045000
z_0099_548.135135.png,#d2b4de,342,0.224852,0.010118,0.045000
z_0099_548.135135.png,#e59866,1659,1.090730,0.049083,0.045000
z_0099_548.135135.png,#e74c3c,544,0.357659,0.016095,0.045000
z_0099_548.135135.png,#edbb99,659,0.433268,0.019497,0.045000
z_0099_548.135135.png,#f1948a,123,0.080868,0.003639,0.045000
z_0099_548.135135.png,#f58231,5478,3.601578,0.162071,0.045000
z_0099_548.135135.png,#f7dc6f,60,0.039448,0.001775,0.045000
z_0099_548.135135.png,#f8c471,416,0.273504,0.012308,0.045000
z_0099_548.135135.png,#fad7a0,4438,2.917817,0.131302,0.045000
z_0100_549.146718.png,#0e6251,6537,4.297830,0.193402,0.045000
z_0100_549.146718.png,#117a65,1430,0.940171,0.042308,0.045000
z_0100_549.146718.png,#145a32,1805,1.186719,0.053402,0.045000
z_0100_549.146718.png,#154360,1161,0.763314,0.034349,0.045000
z_0100_549.146718.png,#1b4f72,1795,1.180145,0.053107,0.045000
z_0100_549.146718.png,#2ecc71,2921,1.920447,0.086420,0.045000
z_0100_549.146718.png,#48c9b0,41,0.026956,0.001213,0.045000
z_0100_549.146718.png,#4a235a,2075,1.364234,0.061391,0.045000
z_0100_549.146718.png,#512e5f,918,0.603550,0.027160,0.045000
z_0100_549.146718.png,#52be80,1868,1.228139,0.055266,0.045000
z_0100_549.146718.png,#5499c7,1637,1.076266,0.048432,0.045000
z_0100_549.146718.png,#7b241c,861,0.566075,0.025473,0.045000
z_0100_549.146718.png,#82e0aa,1607,1.056542,0.047544,0.045000
z_0100_549.146718.png,#85c1e9,1923,1.264300,0.056893,0.045000
z_0100_549.146718.png,#922b21,259,0.170283,0.007663,0.045000
z_0100_549.146718.png,#9a7d0a,3979,2.616042,0.117722,0.045000
z_0100_549.146718.png,#a3e4d7,830,0.545694,0.024556,0.045000
z_0100_549.146718.png,#a9cce3,3,0.001972,0.000089,0.045000
z_0100_549.146718.png,#af7ac5,213,0.140039,0.006302,0.045000
z_0100_549.146718.png,#b9770e,94,0.061801,0.002781,0.045000
z_0100_549.146718.png,#bb8fce,310,0.203813,0.009172,0.045000
z_0100_549.146718.png,#cb4335,5,0.003287,0.000148,0.045000
z_0100_549.146718.png,#d2b4de,342,0.224852,0.010118,0.045000
z_0100_549.146718.png,#e59866,1671,1.098619,0.049438,0.045000
z_0100_549.146718.png,#e74c3c,546,0.358974,0.016154,0.045000
z_0100_549.146718.png,#edbb99,654,0.429980,0.019349,0.045000
z_0100_549.146718.png,#f1948a,120,0.078895,0.003550,0.045000
z_0100_549.146718.png,#f58231,5477,3.600920,0.162041,0.045000
z_0100_549.146718.png,#f7dc6f,61,0.040105,0.001805,0.045000
z_0100_549.146718.png,#f8c471,406,0.266930,0.012012,0.045000
z_0100_549.146718.png,#fad7a0,4453,2.927679,0.131746,0.045000
z_0101_550.158301.png,#0e6251,5581,3.669297,0.165118,0.045000
z_0101_550.158301.png,#117a65,1737,1.142012,0.051391,0.045000
z_0101_550.158301.png,#145a32,1578,1.037475,0.046686,0.045000
z_0101_550.158301.png,#154360,1016,0.667982,0.030059,0.045000
z_0101_550.158301.png,#1b4f72,1840,1.209730,0.054438,0.045000
z_0101_550.158301.png,#2ecc71,2899,1.905983,0.085769,0.045000
z_0101_550.158301.png,#48c9b0,41,0.026956,0.001213,0.045000
z_0101_550.158301.png,#4a235a,2008,1.320184,0.059408,0.045000
z_0101_550.158301.png,#512e5f,963,0.633136,0.028491,0.045000
z_0101_550.158301.png,#52be80,1657,1.089415,0.049024,0.045000
z_0101_550.158301.png,#5499c7,1668,1.096647,0.049349,0.045000
z_0101_550.158301.png,#7b241c,696,0.457594,0.020592,0.045000
z_0101_550.158301.png,#82e0aa,1559,1.024984,0.046124,0.045000
z_0101_550.158301.png,#85c1e9,1837,1.207758,0.054349,0.045000
z_0101_550.158301.png,#922b21,690,0.453649,0.020414,0.045000
z_0101_550.158301.png,#9a7d0a,4730,3.109796,0.139941,0.045000
z_0101_550.158301.png,#a3e4d7,823,0.541091,0.024349,0.045000
z_0101_550.158301.png,#a9cce3,4,0.002630,0.000118,0.045000
z_0101_550.158301.png,#af7ac5,169,0.111111,0.005000,0.045000
z_0101_550.158301.png,#b9770e,103,0.067719,0.003047,0.045000
z_0101_550.158301.png,#bb8fce,427,0.280736,0.012633,0.045000
z_0101_550.158301.png,#d2b4de,354,0.232742,0.010473,0.045000
z_0101_550.158301.png,#e59866,1794,1.179487,0.053077,0.045000
z_0101_550.158301.png,#e74c3c,548,0.360289,0.016213,0.045000
z_0101_550.158301.png,#edbb99,685,0.450362,0.020266,0.045000
z_0101_550.158301.png,#f1948a,141,0.092702,0.004172,0.045000
z_0101_550.158301.png,#f58231,5042,3.314924,0.149172,0.045000
z_0101_550.158301.png,#f7dc6f,70,0.046022,0.002071,0.045000
z_0101_550.158301.png,#f8c471,285,0.187377,0.008432,0.045000
z_0101_550.158301.png,#fad7a0,4151,2.729126,0.122811,0.045000
z_0102_551.169884.png,#0e6251,5042,3.314924,0.149172,0.045000
z_0102_551.169884.png,#117a65,1938,1.274162,0.057337,0.045000
z_0102_551.169884.png,#145a32,1532,1.007232,0.045325,0.045000
z_0102_551.169884.png,#154360,998,0.656147,0.029527,0.045000
z_0102_551.169884.png,#1b4f72,1836,1.207101,0.054320,0.045000
z_0102_551.169884.png,#2ecc71,2827,1.858646,0.083639,0.045000
z_0102_551.169884.png,#48c9b0,43,0.028271,0.001272,0.045000
z_0102_551.169884.png,#4a235a,1979,1.301118,0.058550,0.045000
z_0102_551.169884.png,#512e5f,958,0.629849,0.028343,0.045000
z_0102_551.169884.png,#52be80,1660,1.091387,0.049112,0.045000
z_0102_551.169884.png,#5499c7,1636,1.075608,0.048402,0.045000
z_0102_551.169884.png,#7b241c,663,0.435897,0.019615,0.045000
z_0102_551.169884.png,#82e0aa,1554,1.021696,0.045976,0.045000
z_0102_551.169884.png,#85c1e9,1896,1.246548,0.056095,0.045000
z_0102_551.169884.png,#922b21,680,0.447074,0.020118,0.045000
z_0102_551.169884.png,#9a7d0a,4994,3.283366,0.147751,0.045000
z_0102_551.169884.png,#a3e4d7,812,0.533859,0.024024,0.045000
z_0102_551.169884.png,#a9cce3,6,0.003945,0.000178,0.045000
z_0102_551.169884.png,#af7ac5,164,0.107824,0.004852,0.045000
z_0102_551.169884.png,#b9770e,117,0.076923,0.003462,0.045000
z_0102_551.169884.png,#bb8fce,462,0.303748,0.013669,0.045000
z_0102_551.169884.png,#d2b4de,386,0.253780,0.011420,0.045000
z_0102_551.169884.png,#e59866,1847,1.214333,0.054645,0.045000
z_0102_551.169884.png,#e74c3c,550,0.361604,0.016272,0.045000
z_0102_551.169884.png,#edbb99,672,0.441815,0.019882,0.045000
z_0102_551.169884.png,#f1948a,139,0.091387,0.004112,0.045000
z_0102_551.169884.png,#f58231,5053,3.322156,0.149497,0.045000
z_0102_551.169884.png,#f7dc6f,163,0.107166,0.004822,0.045000
z_0102_551.169884.png,#f8c471,294,0.193294,0.008698,0.045000
z_0102_551.169884.png,#fad7a0,3988,2.621959,0.117988,0.045000
z_0103_552.181467.png,#0e6251,4564,3.000657,0.135030,0.045000
z_0103_552.181467.png,#117a65,2083,1.369494,0.061627,0.045000
z_0103_552.181467.png,#145a32,1484,0.975674,0.043905,0.045000
z_0103_552.181467.png,#154360,995,0.654175,0.029438,0.045000
z_0103_552.181467.png,#196f3d,9,0.005917,0.000266,0.045000
z_0103_552.181467.png,#1b4f72,1841,1.210388,0.054467,0.045000
z_0103_552.181467.png,#2ecc71,2785,1.831032,0.082396,0.045000
z_0103_552.181467.png,#48c9b0,53,0.034845,0.001568,0.045000
z_0103_552.181467.png,#4a235a,2139,1.406312,0.063284,0.045000
z_0103_552.181467.png,#512e5f,971,0.638396,0.028728,0.045000
z_0103_552.181467.png,#52be80,1598,1.050625,0.047278,0.045000
z_0103_552.181467.png,#5499c7,1526,1.003287,0.045148,0.045000
z_0103_552.181467.png,#7b241c,657,0.431953,0.019438,0.045000
z_0103_552.181467.png,#82e0aa,1534,1.008547,0.045385,0.045000
z_0103_552.181467.png,#85c1e9,1993,1.310322,0.058964,0.045000
z_0103_552.181467.png,#922b21,636,0.418146,0.018817,0.045000
z_0103_552.181467.png,#9a7d0a,5087,3.344510,0.150503,0.045000
z_0103_552.181467.png,#a3e4d7,807,0.530572,0.023876,0.045000
z_0103_552.181467.png,#a9cce3,9,0.005917,0.000266,0.045000
z_0103_552.181467.png,#af7ac5,162,0.106509,0.004793,0.045000
z_0103_552.181467.png,#b9770e,110,0.072321,0.003254,0.045000
z_0103_552.181467.png,#bb8fce,448,0.294543,0.013254,0.045000
z_0103_552.181467.png,#d2b4de,415,0.272847,0.012278,0.045000
z_0103_552.181467.png,#e59866,1491,0.980276,0.044112,0.045000
z_0103_552.181467.png,#e74c3c,580,0.381328,0.017160,0.045000
z_0103_552.181467.png,#edbb99,684,0.449704,0.020237,0.045000
z_0103_552.181467.png,#f1948a,164,0.107824,0.004852,0.045000
z_0103_552.181467.png,#f58231,4862,3.196581,0.143846,0.045000
z_0103_552.181467.png,#f7dc6f,167,0.109796,0.004941,0.045000
z_0103_552.181467.png,#f8c471,315,0.207101,0.009320,0.045000
z_0103_552.181467.png,#fad7a0,3820,2.511506,0.113018,0.045000
z_0104_553.193050.png,#0e6251,4251,2.794872,0.125769,0.045000
z_0104_553.193050.png,#117a65,2199,1.445759,0.065059,0.045000
z_0104_553.193050.png,#145a32,1426,0.937541,0.042189,0.045000
z_0104_553.193050.png,#154360,985,0.647600,0.029142,0.045000
z_0104_553.193050.png,#196f3d,58,0.038133,0.001716,0.045000
z_0104_553.193050.png,#1b4f72,1886,1.239974,0.055799,0.045000
z_0104_553.193050.png,#2ecc71,2675,1.758711,0.079142,0.045000
z_0104_553.193050.png,#48c9b0,64,0.042078,0.001893,0.045000
z_0104_553.193050.png,#4a235a,2229,1.465483,0.065947,0.045000
z_0104_553.193050.png,#512e5f,971,0.638396,0.028728,0.045000
z_0104_553.193050.png,#52be80,1464,0.962525,0.043314,0.045000
z_0104_553.193050.png,#5499c7,1482,0.974359,0.043846,0.045000
z_0104_553.193050.png,#7b241c,677,0.445102,0.020030,0.045000
z_0104_553.193050.png,#82e0aa,1505,0.989481,0.044527,0.045000
z_0104_553.193050.png,#85c1e9,2087,1.372124,0.061746,0.045000
z_0104_553.193050.png,#922b21,601,0.395135,0.017781,0.045000
z_0104_553.193050.png,#9a7d0a,5181,3.406312,0.153284,0.045000
z_0104_553.193050.png,#a3e4d7,767,0.504274,0.022692,0.045000
z_0104_553.193050.png,#a9cce3,6,0.003945,0.000178,0.045000
z_0104_553.193050.png,#af7ac5,148,0.097304,0.004379,0.045000
z_0104_553.193050.png,#b9770e,110,0.072321,0.003254,0.045000
z_0104_553.193050.png,#bb8fce,334,0.219592,0.009882,0.045000
z_0104_553.193050.png,#d2b4de,451,0.296515,0.013343,0.045000
z_0104_553.193050.png,#e59866,1158,0.761341,0.034260,0.045000
z_0104_553.193050.png,#e74c3c,609,0.400394,0.018018,0.045000
z_0104_553.193050.png,#edbb99,706,0.464168,0.020888,0.045000
z_0104_553.193050.png,#f1948a,179,0.117686,0.005296,0.045000
z_0104_553.193050.png,#f58231,4743,3.118343,0.140325,0.045000
z_0104_553.193050.png,#f7dc6f,184,0.120973,0.005444,0.045000
z_0104_553.193050.png,#f8c471,307,0.201841,0.009083,0.045000
z_0104_553.193050.png,#fad7a0,3672,2.414201,0.108639,0.045000
z_0105_554.204633.png,#0e6251,4006,2.633794,0.118521,0.045000
z_0105_554.204633.png,#117a65,2415,1.587771,0.071450,0.045000
z_0105_554.204633.png,#145a32,1358,0.892834,0.040178,0.045000
z_0105_554.204633.png,#154360,935,0.614727,0.027663,0.045000
z_0105_554.204633.png,#196f3d,354,0.232742,0.010473,0.045000
z_0105_554.204633.png,#1b4f72,1919,1.261670,0.056775,0.045000
z_0105_554.204633.png,#2ecc71,2547,1.674556,0.075355,0.045000
z_0105_554.204633.png,#48c9b0,66,0.043393,0.001953,0.045000
z_0105_554.204633.png,#4a235a,2528,1.662064,0.074793,0.045000
z_0105_554.204633.png,#512e5f,960,0.631164,0.028402,0.045000
z_0105_554.204633.png,#52be80,1506,0.990138,0.044556,0.045000
z_0105_554.204633.png,#5499c7,1536,1.009862,0.045444,0.045000
z_0105_554.204633.png,#7b241c,604,0.397107,0.017870,0.045000
z_0105_554.204633.png,#82e0aa,1428,0.938856,0.042249,0.045000
z_0105_554.204633.png,#85c1e9,2241,1.473373,0.066302,0.045000
z_0105_554.204633.png,#922b21,562,0.369494,0.016627,0.045000
z_0105_554.204633.png,#9a7d0a,5359,3.523340,0.158550,0.045000
z_0105_554.204633.png,#a3e4d7,759,0.499014,0.022456,0.045000
z_0105_554.204633.png,#a9cce3,1,0.000657,0.000030,0.045000
z_0105_554.204633.png,#af7ac5,121,0.079553,0.003580,0.045000
z_0105_554.204633.png,#b9770e,115,0.075608,0.003402,0.045000
z_0105_554.204633.png,#bb8fce,283,0.186062,0.008373,0.045000
z_0105_554.204633.png,#d2b4de,451,0.296515,0.013343,0.045000
z_0105_554.204633.png,#e59866,939,0.617357,0.027781,0.045000
z_0105_554.204633.png,#e74c3c,640,0.420776,0.018935,0.045000
z_0105_554.204633.png,#edbb99,720,0.473373,0.021302,0.045000
z_0105_554.204633.png,#f1948a,200,0.131492,0.005917,0.045000
z_0105_554.204633.png,#f58231,4548,2.990138,0.134556,0.045000
z_0105_554.204633.png,#f7dc6f,161,0.105851,0.004763,0.045000
z_0105_554.204633.png,#f8c471,279,0.183432,0.008254,0.045000
z_0105_554.204633.png,#fad7a0,3545,2.330703,0.104882,0.045000
z_0106_555.216216.png,#0e6251,3222,2.118343,0.095325,0.045000
z_0106_555.216216.png,#117a65,2572,1.690993,0.076095,0.045000
z_0106_555.216216.png,#145a32,1273,0.836949,0.037663,0.045000
z_0106_555.216216.png,#154360,843,0.554241,0.024941,0.045000
z_0106_555.216216.png,#196f3d,692,0.454964,0.020473,0.045000
z_0106_555.216216.png,#1b4f72,1851,1.216963,0.054763,0.045000
z_0106_555.216216.png,#2ecc71,2160,1.420118,0.063905,0.045000
z_0106_555.216216.png,#48c9b0,78,0.051282,0.002308,0.045000
z_0106_555.216216.png,#4a235a,2666,1.752794,0.078876,0.045000
z_0106_555.216216.png,#512e5f,927,0.609467,0.027426,0.045000
z_0106_555.216216.png,#52be80,1521,1.000000,0.045000,0.045000
z_0106_555.216216.png,#5499c7,1482,0.974359,0.043846,0.045000
z_0106_555.216216.png,#7b241c,547,0.359632,0.016183,0.045000
z_0106_555.216216.png,#82e0aa,1210,0.795529,0.035799,0.045000
z_0106_555.216216.png,#85c1e9,2302,1.513478,0.068107,0.045000
z_0106_555.216216.png,#922b21,555,0.364892,0.016420,0.045000
z_0106_555.216216.png,#9a7d0a,6607,4.343853,0.195473,0.045000
z_0106_555.216216.png,#a3e4d7,746,0.490467,0.022071,0.045000
z_0106_555.216216.png,#a9cce3,3,0.001972,0.000089,0.045000
z_0106_555.216216.png,#af7ac5,116,0.076266,0.003432,0.045000
z_0106_555.216216.png,#b9770e,135,0.088757,0.003994,0.045000
z_0106_555.216216.png,#bb8fce,289,0.190007,0.008550,0.045000
z_0106_555.216216.png,#d2b4de,452,0.297173,0.013373,0.045000
z_0106_555.216216.png,#e59866,1059,0.696252,0.031331,0.045000
z_0106_555.216216.png,#e74c3c,651,0.428008,0.019260,0.045000
z_0106_555.216216.png,#edbb99,692,0.454964,0.020473,0.045000
z_0106_555.216216.png,#f1948a,217,0.142669,0.006420,0.045000
z_0106_555.216216.png,#f58231,4325,2.843524,0.127959,0.045000
z_0106_555.216216.png,#f7dc6f,210,0.138067,0.006213,0.045000
z_0106_555.216216.png,#f8c471,279,0.183432,0.008254,0.045000
z_0106_555.216216.png,#fad7a0,3401,2.236029,0.100621,0.045000
z_0107_556.227799.png,#0e6251,2535,1.666667,0.075000,0.045000
z_0107_556.227799.png,#117a65,2712,1.783037,0.080237,0.045000
z_0107_556.227799.png,#145a32,1286,0.845496,0.038047,0.045000
z_0107_556.227799.png,#154360,861,0.566075,0.025473,0.045000
z_0107_556.227799.png,#196f3d,792,0.520710,0.023432,0.045000
z_0107_556.227799.png,#1b4f72,1960,1.288626,0.057988,0.045000
z_0107_556.227799.png,#2ecc71,2077,1.365549,0.061450,0.045000
z_0107_556.227799.png,#48c9b0,89,0.058514,0.002633,0.045000
z_0107_556.227799.png,#4a235a,2834,1.863248,0.083846,0.045000
z_0107_556.227799.png,#512e5f,924,0.607495,0.027337,0.045000
z_0107_556.227799.png,#52be80,1605,1.055227,0.047485,0.045000
z_0107_556.227799.png,#5499c7,1500,0.986193,0.044379,0.045000
z_0107_556.227799.png,#7b241c,562,0.369494,0.016627,0.045000
z_0107_556.227799.png,#82e0aa,1077,0.708087,0.031864,0.045000
z_0107_556.227799.png,#85c1e9,2417,1.589086,0.071509,0.045000
z_0107_556.227799.png,#922b21,507,0.333333,0.015000,0.045000
z_0107_556.227799.png,#9a7d0a,6692,4.399737,0.197988,0.045000
z_0107_556.227799.png,#a3e4d7,729,0.479290,0.021568,0.045000
z_0107_556.227799.png,#a9cce3,7,0.004602,0.000207,0.045000
z_0107_556.227799.png,#af7ac5,104,0.068376,0.003077,0.045000
z_0107_556.227799.png,#b9770e,156,0.102564,0.004615,0.045000
z_0107_556.227799.png,#bb8fce,269,0.176857,0.007959,0.045000
z_0107_556.227799.png,#d2b4de,471,0.309665,0.013935,0.045000
z_0107_556.227799.png,#e59866,1166,0.766601,0.034497,0.045000
z_0107_556.227799.png,#e74c3c,661,0.434583,0.019556,0.045000
z_0107_556.227799.png,#edbb99,701,0.460881,0.020740,0.045000
z_0107_556.227799.png,#f1948a,221,0.145299,0.006538,0.045000
z_0107_556.227799.png,#f58231,4188,2.753452,0.123905,0.045000
z_0107_556.227799.png,#f7dc6f,253,0.166338,0.007485,0.045000
z_0107_556.227799.png,#f8c471,282,0.185404,0.008343,0.045000
z_0107_556.227799.png,#fad7a0,3384,2.224852,0.100118,0.045000
z_0108_557.239382.png,#0e6251,2519,1.656147,0.074527,0.045000
z_0108_557.239382.png,#117a65,2823,1.856016,0.083521,0.045000
z_0108_557.239382.png,#145a32,1260,0.828402,0.037278,0.045000
z_0108_557.239382.png,#154360,840,0.552268,0.024852,0.045000
z_0108_557.239382.png,#1b4f72,1935,1.272189,0.057249,0.045000
z_0108_557.239382.png,#2ecc71,1924,1.264957,0.056923,0.045000
z_0108_557.239382.png,#48c9b0,92,0.060487,0.002722,0.045000
z_0108_557.239382.png,#4a235a,3404,2.238001,0.100710,0.045000
z_0108_557.239382.png,#512e5f,876,0.575937,0.025917,0.045000
z_0108_557.239382.png,#52be80,1544,1.015122,0.045680,0.045000
z_0108_557.239382.png,#5499c7,1537,1.010519,0.045473,0.045000
z_0108_557.239382.png,#7b241c,572,0.376068,0.016923,0.045000
z_0108_557.239382.png,#82e0aa,1087,0.714661,0.032160,0.045000
z_0108_557.239382.png,#85c1e9,2627,1.727153,0.077722,0.045000
z_0108_557.239382.png,#922b21,345,0.226824,0.010207,0.045000
z_0108_557.239382.png,#9a7d0a,6724,4.420776,0.198935,0.045000
z_0108_557.239382.png,#a3e4d7,718,0.472058,0.021243,0.045000
z_0108_557.239382.png,#a9cce3,11,0.007232,0.000325,0.045000
z_0108_557.239382.png,#af7ac5,108,0.071006,0.003195,0.045000
z_0108_557.239382.png,#b9770e,178,0.117028,0.005266,0.045000
z_0108_557.239382.png,#bb8fce,275,0.180802,0.008136,0.045000
z_0108_557.239382.png,#d2b4de,469,0.308350,0.013876,0.045000
z_0108_557.239382.png,#e59866,1255,0.825115,0.037130,0.045000
z_0108_557.239382.png,#e74c3c,722,0.474688,0.021361,0.045000
z_0108_557.239382.png,#edbb99,647,0.425378,0.019142,0.045000
z_0108_557.239382.png,#f1948a,216,0.142012,0.006391,0.045000
z_0108_557.239382.png,#f58231,4290,2.820513,0.126923,0.045000
z_0108_557.239382.png,#f7dc6f,258,0.169625,0.007633,0.045000
z_0108_557.239382.png,#f8c471,268,0.176200,0.007929,0.045000
z_0108_557.239382.png,#fad7a0,3302,2.170940,0.097692,0.045000
z_0109_558.250965.png,#0e6251,2468,1.622617,0.073018,0.045000
z_0109_558.250965.png,#117a65,2781,1.828402,0.082278,0.045000
z_0109_558.250965.png,#145a32,1232,0.809993,0.036450,0.045000
z_0109_558.250965.png,#154360,812,0.533859,0.024024,0.045000
z_0109_558.250965.png,#1b4f72,1924,1.264957,0.056923,0.045000
z_0109_558.250965.png,#2ecc71,1834,1.205786,0.054260,0.045000
z_0109_558.250965.png,#48c9b0,101,0.066404,0.002988,0.045000
z_0109_558.250965.png,#4a235a,3775,2.481920,0.111686,0.045000
z_0109_558.250965.png,#512e5f,880,0.578567,0.026036,0.045000
z_0109_558.250965.png,#52be80,1368,0.899408,0.040473,0.045000
z_0109_558.250965.png,#5499c7,1697,1.115713,0.050207,0.045000
z_0109_558.250965.png,#7b241c,575,0.378041,0.017012,0.045000
z_0109_558.250965.png,#82e0aa,1038,0.682446,0.030710,0.045000
z_0109_558.250965.png,#85c1e9,2731,1.795529,0.080799,0.045000
z_0109_558.250965.png,#922b21,355,0.233399,0.010503,0.045000
z_0109_558.250965.png,#9a7d0a,6586,4.330046,0.194852,0.045000
z_0109_558.250965.png,#a3e4d7,719,0.472715,0.021272,0.045000
z_0109_558.250965.png,#a9cce3,2,0.001315,0.000059,0.045000
z_0109_558.250965.png,#af7ac5,128,0.084155,0.003787,0.045000
z_0109_558.250965.png,#b9770e,177,0.116371,0.005237,0.045000
z_0109_558.250965.png,#bb8fce,318,0.209073,0.009408,0.045000
z_0109_558.250965.png,#d2b4de,459,0.301775,0.013580,0.045000
z_0109_558.250965.png,#e59866,1386,0.911243,0.041006,0.045000
z_0109_558.250965.png,#e74c3c,758,0.498356,0.022426,0.045000
z_0109_558.250965.png,#edbb99,638,0.419461,0.018876,0.045000
z_0109_558.250965.png,#f1948a,216,0.142012,0.006391,0.045000
z_0109_558.250965.png,#f58231,4260,2.800789,0.126036,0.045000
z_0109_558.250965.png,#f7dc6f,280,0.184089,0.008284,0.045000
z_0109_558.250965.png,#f8c471,273,0.179487,0.008077,0.045000
z_0109_558.250965.png,#fad7a0,3007,1.976989,0.088964,0.045000
z_0110_559.262548.png,#0e6251,2482,1.631821,0.073432,0.045000
z_0110_559.262548.png,#117a65,2783,1.829717,0.082337,0.045000
z_0110_559.262548.png,#145a32,1233,0.810651,0.036479,0.045000
z_0110_559.262548.png,#154360,826,0.543064,0.024438,0.045000
z_0110_559.262548.png,#1b4f72,1934,1.271532,0.057219,0.045000
z_0110_559.262548.png,#2ecc71,1835,1.206443,0.054290,0.045000
z_0110_559.262548.png,#48c9b0,101,0.066404,0.002988,0.045000
z_0110_559.262548.png,#4a235a,3784,2.487837,0.111953,0.045000
z_0110_559.262548.png,#512e5f,882,0.579882,0.026095,0.045000
z_0110_559.262548.png,#52be80,1363,0.896121,0.040325,0.045000
z_0110_559.262548.png,#5499c7,1702,1.119001,0.050355,0.045000
z_0110_559.262548.png,#7b241c,565,0.371466,0.016716,0.045000
z_0110_559.262548.png,#82e0aa,1042,0.685076,0.030828,0.045000
z_0110_559.262548.png,#85c1e9,2722,1.789612,0.080533,0.045000
z_0110_559.262548.png,#922b21,360,0.236686,0.010651,0.045000
z_0110_559.262548.png,#9a7d0a,6582,4.327416,0.194734,0.045000
z_0110_559.262548.png,#a3e4d7,718,0.472058,0.021243,0.045000
z_0110_559.262548.png,#a9cce3,2,0.001315,0.000059,0.045000
z_0110_559.262548.png,#af7ac5,127,0.083498,0.003757,0.045000
z_0110_559.262548.png,#b9770e,178,0.117028,0.005266,0.045000
z_0110_559.262548.png,#bb8fce,318,0.209073,0.009408,0.045000
z_0110_559.262548.png,#d2b4de,453,0.297830,0.013402,0.045000
z_0110_559.262548.png,#e59866,1394,0.916502,0.041243,0.045000
z_0110_559.262548.png,#e74c3c,755,0.496384,0.022337,0.045000
z_0110_559.262548.png,#edbb99,637,0.418803,0.018846,0.045000
z_0110_559.262548.png,#f1948a,213,0.140039,0.006302,0.045000
z_0110_559.262548.png,#f58231,4250,2.794214,0.125740,0.045000
z_0110_559.262548.png,#f7dc6f,277,0.182117,0.008195,0.045000
z_0110_559.262548.png,#f8c471,273,0.179487,0.008077,0.045000
z_0110_559.262548.png,#fad7a0,3011,1.979619,0.089083,0.045000
z_0111_560.274131.png,#0e6251,2503,1.645628,0.074053,0.045000
z_0111_560.274131.png,#117a65,2786,1.831690,0.082426,0.045000
z_0111_560.274131.png,#145a32,1189,0.781723,0.035178,0.045000
z_0111_560.274131.png,#154360,843,0.554241,0.024941,0.045000
z_0111_560.274131.png,#1b4f72,1873,1.231427,0.055414,0.045000
z_0111_560.274131.png,#2ecc71,1665,1.094675,0.049260,0.045000
z_0111_560.274131.png,#48c9b0,145,0.095332,0.004290,0.045000
z_0111_560.274131.png,#4a235a,4618,3.036160,0.136627,0.045000
z_0111_560.274131.png,#512e5f,832,0.547009,0.024615,0.045000
z_0111_560.274131.png,#52be80,991,0.651545,0.029320,0.045000
z_0111_560.274131.png,#5499c7,1774,1.166338,0.052485,0.045000
z_0111_560.274131.png,#7b241c,753,0.495069,0.022278,0.045000
z_0111_560.274131.png,#82e0aa,941,0.618672,0.027840,0.045000
z_0111_560.274131.png,#85c1e9,3187,2.095332,0.094290,0.045000
z_0111_560.274131.png,#922b21,352,0.231427,0.010414,0.045000
z_0111_560.274131.png,#9a7d0a,6367,4.186062,0.188373,0.045000
z_0111_560.274131.png,#a3e4d7,623,0.409599,0.018432,0.045000
z_0111_560.274131.png,#a9cce3,4,0.002630,0.000118,0.045000
z_0111_560.274131.png,#af7ac5,174,0.114398,0.005148,0.045000
z_0111_560.274131.png,#b9770e,211,0.138725,0.006243,0.045000
z_0111_560.274131.png,#bb8fce,426,0.280079,0.012604,0.045000
z_0111_560.274131.png,#d2b4de,476,0.312952,0.014083,0.045000
z_0111_560.274131.png,#e59866,1472,0.967784,0.043550,0.045000
z_0111_560.274131.png,#e74c3c,801,0.526627,0.023698,0.045000
z_0111_560.274131.png,#edbb99,830,0.545694,0.024556,0.045000
z_0111_560.274131.png,#f1948a,207,0.136095,0.006124,0.045000
z_0111_560.274131.png,#f58231,4292,2.821828,0.126982,0.045000
z_0111_560.274131.png,#f7dc6f,192,0.126233,0.005680,0.045000
z_0111_560.274131.png,#f8c471,414,0.272189,0.012249,0.045000
z_0111_560.274131.png,#fad7a0,2739,1.800789,0.081036,0.045000
z_0112_561.285714.png,#0e6251,2468,1.622617,0.073018,0.045000
z_0112_561.285714.png,#117a65,2786,1.831690,0.082426,0.045000
z_0112_561.285714.png,#145a32,1158,0.761341,0.034260,0.045000
z_0112_561.285714.png,#154360,867,0.570020,0.025651,0.045000
z_0112_561.285714.png,#1b4f72,1939,1.274819,0.057367,0.045000
z_0112_561.285714.png,#2ecc71,1642,1.079553,0.048580,0.045000
z_0112_561.285714.png,#48c9b0,211,0.138725,0.006243,0.045000
z_0112_561.285714.png,#4a235a,4918,3.233399,0.145503,0.045000
z_0112_561.285714.png,#512e5f,806,0.529915,0.023846,0.045000
z_0112_561.285714.png,#52be80,765,0.502959,0.022633,0.045000
z_0112_561.285714.png,#5499c7,2062,1.355687,0.061006,0.045000
z_0112_561.285714.png,#7b241c,754,0.495726,0.022308,0.045000
z_0112_561.285714.png,#82e0aa,872,0.573307,0.025799,0.045000
z_0112_561.285714.png,#85c1e9,3386,2.226167,0.100178,0.045000
z_0112_561.285714.png,#922b21,326,0.214333,0.009645,0.045000
z_0112_561.285714.png,#9a7d0a,5723,3.762656,0.169320,0.045000
z_0112_561.285714.png,#a3e4d7,588,0.386588,0.017396,0.045000
z_0112_561.285714.png,#a9cce3,18,0.011834,0.000533,0.045000
z_0112_561.285714.png,#af7ac5,229,0.150559,0.006775,0.045000
z_0112_561.285714.png,#b9770e,238,0.156476,0.007041,0.045000
z_0112_561.285714.png,#bb8fce,499,0.328074,0.014763,0.045000
z_0112_561.285714.png,#d2b4de,472,0.310322,0.013964,0.045000
z_0112_561.285714.png,#e59866,1482,0.974359,0.043846,0.045000
z_0112_561.285714.png,#e74c3c,840,0.552268,0.024852,0.045000
z_0112_561.285714.png,#edbb99,991,0.651545,0.029320,0.045000
z_0112_561.285714.png,#f1948a,189,0.124260,0.005592,0.045000
z_0112_561.285714.png,#f58231,4424,2.908613,0.130888,0.045000
z_0112_561.285714.png,#f7dc6f,213,0.140039,0.006302,0.045000
z_0112_561.285714.png,#f8c471,524,0.344510,0.015503,0.045000
z_0112_561.285714.png,#fad7a0,2638,1.734385,0.078047,0.045000
z_0113_562.297297.png,#0e6251,2474,1.626561,0.073195,0.045000
z_0113_562.297297.png,#117a65,2777,1.825773,0.082160,0.045000
z_0113_562.297297.png,#145a32,1160,0.762656,0.034320,0.045000
z_0113_562.297297.png,#154360,869,0.571335,0.025710,0.045000
z_0113_562.297297.png,#1b4f72,1942,1.276792,0.057456,0.045000
z_0113_562.297297.png,#2ecc71,1651,1.085470,0.048846,0.045000
z_0113_562.297297.png,#48c9b0,211,0.138725,0.006243,0.045000
z_0113_562.297297.png,#4a235a,4915,3.231427,0.145414,0.045000
z_0113_562.297297.png,#512e5f,804,0.528600,0.023787,0.045000
z_0113_562.297297.png,#52be80,761,0.500329,0.022515,0.045000
z_0113_562.297297.png,#5499c7,2083,1.369494,0.061627,0.045000
z_0113_562.297297.png,#7b241c,752,0.494412,0.022249,0.045000
z_0113_562.297297.png,#82e0aa,872,0.573307,0.025799,0.045000
z_0113_562.297297.png,#85c1e9,3380,2.222222,0.100000,0.045000
z_0113_562.297297.png,#922b21,326,0.214333,0.009645,0.045000
z_0113_562.297297.png,#9a7d0a,5730,3.767258,0.169527,0.045000
z_0113_562.297297.png,#a3e4d7,585,0.384615,0.017308,0.045000
z_0113_562.297297.png,#a9cce3,13,0.008547,0.000385,0.045000
z_0113_562.297297.png,#af7ac5,227,0.149244,0.006716,0.045000
z_0113_562.297297.png,#b9770e,236,0.155161,0.006982,0.045000
z_0113_562.297297.png,#bb8fce,501,0.329389,0.014822,0.045000
z_0113_562.297297.png,#d2b4de,472,0.310322,0.013964,0.045000
z_0113_562.297297.png,#e59866,1481,0.973702,0.043817,0.045000
z_0113_562.297297.png,#e74c3c,841,0.552926,0.024882,0.045000
z_0113_562.297297.png,#edbb99,988,0.649573,0.029231,0.045000
z_0113_562.297297.png,#f1948a,191,0.125575,0.005651,0.045000
z_0113_562.297297.png,#f58231,4424,2.908613,0.130888,0.045000
z_0113_562.297297.png,#f7dc6f,209,0.137410,0.006183,0.045000
z_0113_562.297297.png,#f8c471,523,0.343853,0.015473,0.045000
z_0113_562.297297.png,#fad7a0,2632,1.730440,0.077870,0.045000
z_0114_563.308880.png,#0e6251,2305,1.515450,0.068195,0.045000
z_0114_563.308880.png,#117a65,2490,1.637081,0.073669,0.045000
z_0114_563.308880.png,#145a32,1148,0.754767,0.033964,0.045000
z_0114_563.308880.png,#154360,988,0.649573,0.029231,0.045000
z_0114_563.308880.png,#1b4f72,1845,1.213018,0.054586,0.045000
z_0114_563.308880.png,#2ecc71,1382,0.908613,0.040888,0.045000
z_0114_563.308880.png,#48c9b0,475,0.312295,0.014053,0.045000
z_0114_563.308880.png,#4a235a,5600,3.681788,0.165680,0.045000
z_0114_563.308880.png,#512e5f,725,0.476660,0.021450,0.045000
z_0114_563.308880.png,#52be80,477,0.313609,0.014112,0.045000
z_0114_563.308880.png,#5499c7,3068,2.017094,0.090769,0.045000
z_0114_563.308880.png,#7b241c,1064,0.699540,0.031479,0.045000
z_0114_563.308880.png,#82e0aa,731,0.480605,0.021627,0.045000
z_0114_563.308880.png,#85c1e9,4500,2.958580,0.133136,0.045000
z_0114_563.308880.png,#922b21,351,0.230769,0.010385,0.045000
z_0114_563.308880.png,#9a7d0a,4239,2.786982,0.125414,0.045000
z_0114_563.308880.png,#a3e4d7,437,0.287311,0.012929,0.045000
z_0114_563.308880.png,#a9cce3,24,0.015779,0.000710,0.045000
z_0114_563.308880.png,#af7ac5,368,0.241946,0.010888,0.045000
z_0114_563.308880.png,#b9770e,346,0.227482,0.010237,0.045000
z_0114_563.308880.png,#bb8fce,511,0.335963,0.015118,0.045000
z_0114_563.308880.png,#cb4335,91,0.059829,0.002692,0.045000
z_0114_563.308880.png,#d2b4de,496,0.326101,0.014675,0.045000
z_0114_563.308880.png,#e59866,1491,0.980276,0.044112,0.045000
z_0114_563.308880.png,#e74c3c,955,0.627876,0.028254,0.045000
z_0114_563.308880.png,#edbb99,1685,1.107824,0.049852,0.045000
z_0114_563.308880.png,#f1948a,200,0.131492,0.005917,0.045000
z_0114_563.308880.png,#f58231,4757,3.127548,0.140740,0.045000
z_0114_563.308880.png,#f7dc6f,317,0.208416,0.009379,0.045000
z_0114_563.308880.png,#f8c471,860,0.565417,0.025444,0.045000
z_0114_563.308880.png,#fad7a0,1710,1.124260,0.050592,0.045000
z_0115_564.320463.png,#0e6251,2314,1.521368,0.068462,0.045000
z_0115_564.320463.png,#117a65,2486,1.634451,0.073550,0.045000
z_0115_564.320463.png,#145a32,1151,0.756739,0.034053,0.045000
z_0115_564.320463.png,#154360,986,0.648258,0.029172,0.045000
z_0115_564.320463.png,#1b4f72,1855,1.219592,0.054882,0.045000
z_0115_564.320463.png,#2ecc71,1374,0.903353,0.040651,0.045000
z_0115_564.320463.png,#48c9b0,475,0.312295,0.014053,0.045000
z_0115_564.320463.png,#4a235a,5612,3.689678,0.166036,0.045000
z_0115_564.320463.png,#512e5f,726,0.477318,0.021479,0.045000
z_0115_564.320463.png,#52be80,474,0.311637,0.014024,0.045000
z_0115_564.320463.png,#5499c7,3061,2.012492,0.090562,0.045000
z_0115_564.320463.png,#7b241c,1066,0.700855,0.031538,0.045000
z_0115_564.320463.png,#82e0aa,737,0.484550,0.021805,0.045000
z_0115_564.320463.png,#85c1e9,4522,2.973044,0.133787,0.045000
z_0115_564.320463.png,#922b21,353,0.232084,0.010444,0.045000
z_0115_564.320463.png,#9a7d0a,4276,2.811308,0.126509,0.045000
z_0115_564.320463.png,#a3e4d7,440,0.289283,0.013018,0.045000
z_0115_564.320463.png,#a9cce3,23,0.015122,0.000680,0.045000
z_0115_564.320463.png,#af7ac5,367,0.241289,0.010858,0.045000
z_0115_564.320463.png,#b9770e,342,0.224852,0.010118,0.045000
z_0115_564.320463.png,#bb8fce,513,0.337278,0.015178,0.045000
z_0115_564.320463.png,#cb4335,91,0.059829,0.002692,0.045000
z_0115_564.320463.png,#d2b4de,496,0.326101,0.014675,0.045000
z_0115_564.320463.png,#e59866,1489,0.978961,0.044053,0.045000
z_0115_564.320463.png,#e74c3c,954,0.627219,0.028225,0.045000
z_0115_564.320463.png,#edbb99,1680,1.104536,0.049704,0.045000
z_0115_564.320463.png,#f1948a,199,0.130835,0.005888,0.045000
z_0115_564.320463.png,#f58231,4748,3.121631,0.140473,0.045000
z_0115_564.320463.png,#f7dc6f,316,0.207758,0.009349,0.045000
z_0115_564.320463.png,#f8c471,864,0.568047,0.025562,0.045000
z_0115_564.320463.png,#fad7a0,1703,1.119658,0.050385,0.045000
z_0116_565.332046.png,#0e6251,2237,1.470743,0.066183,0.045000
z_0116_565.332046.png,#117a65,2532,1.664694,0.074911,0.045000
z_0116_565.332046.png,#145a32,1113,0.731755,0.032929,0.045000
z_0116_565.332046.png,#154360,1002,0.658777,0.029645,0.045000
z_0116_565.332046.png,#196f3d,682,0.448389,0.020178,0.045000
z_0116_565.332046.png,#1b4f72,1882,1.237344,0.055680,0.045000
z_0116_565.332046.png,#2ecc71,1256,0.825773,0.037160,0.045000
z_0116_565.332046.png,#48c9b0,493,0.324129,0.014586,0.045000
z_0116_565.332046.png,#4a235a,6015,3.954635,0.177959,0.045000
z_0116_565.332046.png,#512e5f,657,0.431953,0.019438,0.045000
z_0116_565.332046.png,#52be80,488,0.320842,0.014438,0.045000
z_0116_565.332046.png,#5499c7,3330,2.189349,0.098521,0.045000
z_0116_565.332046.png,#7b241c,1184,0.778435,0.035030,0.045000
z_0116_565.332046.png,#82e0aa,720,0.473373,0.021302,0.045000
z_0116_565.332046.png,#85c1e9,4726,3.107166,0.139822,0.045000
z_0116_565.332046.png,#922b21,516,0.339250,0.015266,0.045000
z_0116_565.332046.png,#9a7d0a,3135,2.061144,0.092751,0.045000
z_0116_565.332046.png,#a3e4d7,428,0.281394,0.012663,0.045000
z_0116_565.332046.png,#a9cce3,28,0.018409,0.000828,0.045000
z_0116_565.332046.png,#af7ac5,458,0.301118,0.013550,0.045000
z_0116_565.332046.png,#b9770e,322,0.211703,0.009527,0.045000
z_0116_565.332046.png,#bb8fce,496,0.326101,0.014675,0.045000
z_0116_565.332046.png,#cb4335,93,0.061144,0.002751,0.045000
z_0116_565.332046.png,#d2b4de,516,0.339250,0.015266,0.045000
z_0116_565.332046.png,#e59866,1490,0.979619,0.044083,0.045000
z_0116_565.332046.png,#e74c3c,981,0.644970,0.029024,0.045000
z_0116_565.332046.png,#edbb99,1886,1.239974,0.055799,0.045000
z_0116_565.332046.png,#f1948a,202,0.132807,0.005976,0.045000
z_0116_565.332046.png,#f58231,4817,3.166995,0.142515,0.045000
z_0116_565.332046.png,#f7dc6f,318,0.209073,0.009408,0.045000
z_0116_565.332046.png,#f8c471,909,0.597633,0.026893,0.045000
z_0116_565.332046.png,#fad7a0,1141,0.750164,0.033757,0.045000
z_0117_566.343629.png,#0e6251,2202,1.447732,0.065148,0.045000
z_0117_566.343629.png,#117a65,2529,1.662722,0.074822,0.045000
z_0117_566.343629.png,#145a32,1108,0.728468,0.032781,0.045000
z_0117_566.343629.png,#154360,998,0.656147,0.029527,0.045000
z_0117_566.343629.png,#196f3d,691,0.454306,0.020444,0.045000
z_0117_566.343629.png,#1b4f72,1876,1.233399,0.055503,0.045000
z_0117_566.343629.png,#2ecc71,1247,0.819855,0.036893,0.045000
z_0117_566.343629.png,#48c9b0,495,0.325444,0.014645,0.045000
z_0117_566.343629.png,#4a235a,6024,3.960552,0.178225,0.045000
z_0117_566.343629.png,#512e5f,664,0.436555,0.019645,0.045000
z_0117_566.343629.png,#52be80,485,0.318869,0.014349,0.045000
z_0117_566.343629.png,#5499c7,3354,2.205128,0.099231,0.045000
z_0117_566.343629.png,#7b241c,1182,0.777120,0.034970,0.045000
z_0117_566.343629.png,#82e0aa,722,0.474688,0.021361,0.045000
z_0117_566.343629.png,#85c1e9,4732,3.111111,0.140000,0.045000
z_0117_566.343629.png,#922b21,515,0.338593,0.015237,0.045000
z_0117_566.343629.png,#9a7d0a,3127,2.055884,0.092515,0.045000
z_0117_566.343629.png,#a3e4d7,435,0.285996,0.012870,0.045000
z_0117_566.343629.png,#a9cce3,24,0.015779,0.000710,0.045000
z_0117_566.343629.png,#af7ac5,454,0.298488,0.013432,0.045000
z_0117_566.343629.png,#b9770e,323,0.212360,0.009556,0.045000
z_0117_566.343629.png,#bb8fce,496,0.326101,0.014675,0.045000
z_0117_566.343629.png,#cb4335,92,0.060487,0.002722,0.045000
z_0117_566.343629.png,#d2b4de,517,0.339908,0.015296,0.045000
z_0117_566.343629.png,#e59866,1491,0.980276,0.044112,0.045000
z_0117_566.343629.png,#e74c3c,980,0.644313,0.028994,0.045000
z_0117_566.343629.png,#edbb99,1885,1.239316,0.055769,0.045000
z_0117_566.343629.png,#f1948a,201,0.132150,0.005947,0.045000
z_0117_566.343629.png,#f58231,4824,3.171598,0.142722,0.045000
z_0117_566.343629.png,#f7dc6f,316,0.207758,0.009349,0.045000
z_0117_566.343629.png,#f8c471,910,0.598291,0.026923,0.045000
z_0117_566.343629.png,#fad7a0,1138,0.748192,0.033669,0.045000
z_0118_567.355212.png,#0e6251,2219,1.458909,0.065651,0.045000
z_0118_567.355212.png,#117a65,2531,1.664037,0.074882,0.045000
z_0118_567.355212.png,#145a32,1110,0.729783,0.032840,0.045000
z_0118_567.355212.png,#154360,999,0.656805,0.029556,0.045000
z_0118_567.355212.png,#196f3d,689,0.452991,0.020385,0.045000
z_0118_567.355212.png,#1b4f72,1882,1.237344,0.055680,0.045000
z_0118_567.355212.png,#2ecc71,1244,0.817883,0.036805,0.045000
z_0118_567.355212.png,#48c9b0,493,0.324129,0.014586,0.045000
z_0118_567.355212.png,#4a235a,6028,3.963182,0.178343,0.045000
z_0118_567.355212.png,#512e5f,661,0.434583,0.019556,0.045000
z_0118_567.355212.png,#52be80,495,0.325444,0.014645,0.045000
z_0118_567.355212.png,#5499c7,3344,2.198554,0.098935,0.045000
z_0118_567.355212.png,#7b241c,1180,0.775805,0.034911,0.045000
z_0118_567.355212.png,#82e0aa,724,0.476003,0.021420,0.045000
z_0118_567.355212.png,#85c1e9,4716,3.100592,0.139527,0.045000
z_0118_567.355212.png,#922b21,511,0.335963,0.015118,0.045000
z_0118_567.355212.png,#9a7d0a,3127,2.055884,0.092515,0.045000
z_0118_567.355212.png,#a3e4d7,436,0.286654,0.012899,0.045000
z_0118_567.355212.png,#a9cce3,22,0.014464,0.000651,0.045000
z_0118_567.355212.png,#af7ac5,453,0.297830,0.013402,0.045000
z_0118_567.355212.png,#b9770e,323,0.212360,0.009556,0.045000
z_0118_567.355212.png,#bb8fce,499,0.328074,0.014763,0.045000
z_0118_567.355212.png,#cb4335,90,0.059172,0.002663,0.045000
z_0118_567.355212.png,#d2b4de,517,0.339908,0.015296,0.045000
z_0118_567.355212.png,#e59866,1492,0.980934,0.044142,0.045000
z_0118_567.355212.png,#e74c3c,986,0.648258,0.029172,0.045000
z_0118_567.355212.png,#edbb99,1893,1.244576,0.056006,0.045000
z_0118_567.355212.png,#f1948a,200,0.131492,0.005917,0.045000
z_0118_567.355212.png,#f58231,4818,3.167653,0.142544,0.045000
z_0118_567.355212.png,#f7dc6f,317,0.208416,0.009379,0.045000
z_0118_567.355212.png,#f8c471,918,0.603550,0.027160,0.045000
z_0118_567.355212.png,#fad7a0,1139,0.748849,0.033698,0.045000
z_0119_568.366795.png,#0e6251,1465,0.963182,0.043343,0.045000
z_0119_568.366795.png,#117a65,3077,2.023011,0.091036,0.045000
z_0119_568.366795.png,#145a32,1041,0.684418,0.030799,0.045000
z_0119_568.366795.png,#154360,1411,0.927679,0.041746,0.045000
z_0119_568.366795.png,#196f3d,937,0.616042,0.027722,0.045000
z_0119_568.366795.png,#1b4f72,1618,1.063774,0.047870,0.045000
z_0119_568.366795.png,#2e4053,629,0.413544,0.018609,0.045000
z_0119_568.366795.png,#2ecc71,1016,0.667982,0.030059,0.045000
z_0119_568.366795.png,#3b3b98,90,0.059172,0.002663,0.045000
z_0119_568.366795.png,#48c9b0,1409,0.926364,0.041686,0.045000
z_0119_568.366795.png,#4a235a,12011,7.896778,0.355355,0.045000
z_0119_568.366795.png,#512e5f,436,0.286654,0.012899,0.045000
z_0119_568.366795.png,#52be80,1178,0.774490,0.034852,0.045000
z_0119_568.366795.png,#5499c7,4557,2.996055,0.134822,0.045000
z_0119_568.366795.png,#73c6b6,328,0.215648,0.009704,0.045000
z_0119_568.366795.png,#7b241c,2115,1.390533,0.062574,0.045000
z_0119_568.366795.png,#82e0aa,842,0.553583,0.024911,0.045000
z_0119_568.366795.png,#85c1e9,3477,2.285996,0.102870,0.045000
z_0119_568.366795.png,#922b21,2009,1.320842,0.059438,0.045000
z_0119_568.366795.png,#9a7d0a,2694,1.771203,0.079704,0.045000
z_0119_568.366795.png,#a2d9ce,903,0.593688,0.026716,0.045000
z_0119_568.366795.png,#a3e4d7,236,0.155161,0.006982,0.045000
z_0119_568.366795.png,#a9cce3,15,0.009862,0.000444,0.045000
z_0119_568.366795.png,#af7ac5,810,0.532544,0.023964,0.045000
z_0119_568.366795.png,#b9770e,280,0.184089,0.008284,0.045000
z_0119_568.366795.png,#bb8fce,708,0.465483,0.020947,0.045000
z_0119_568.366795.png,#cb4335,58,0.038133,0.001716,0.045000
z_0119_568.366795.png,#d2b4de,603,0.396450,0.017840,0.045000
z_0119_568.366795.png,#d68910,227,0.149244,0.006716,0.045000
z_0119_568.366795.png,#e59866,942,0.619329,0.027870,0.045000
z_0119_568.366795.png,#e74c3c,848,0.557528,0.025089,0.045000
z_0119_568.366795.png,#edbb99,2748,1.806706,0.081302,0.045000
z_0119_568.366795.png,#f1948a,148,0.097304,0.004379,0.045000
z_0119_568.366795.png,#f58231,4223,2.776463,0.124941,0.045000
z_0119_568.366795.png,#f7dc6f,391,0.257068,0.011568,0.045000
z_0119_568.366795.png,#f8c471,1433,0.942143,0.042396,0.045000
z_0119_568.366795.png,#fad7a0,1260,0.828402,0.037278,0.045000
z_0120_569.378378.png,#0e6251,1465,0.963182,0.043343,0.045000
z_0120_569.378378.png,#117a65,3071,2.019066,0.090858,0.045000
z_0120_569.378378.png,#145a32,1042,0.685076,0.030828,0.045000
z_0120_569.378378.png,#154360,1406,0.924392,0.041598,0.045000
z_0120_569.378378.png,#196f3d,935,0.614727,0.027663,0.045000
z_0120_569.378378.png,#1b4f72,1614,1.061144,0.047751,0.045000
z_0120_569.378378.png,#2e4053,630,0.414201,0.018639,0.045000
z_0120_569.378378.png,#2ecc71,1015,0.667324,0.030030,0.045000
z_0120_569.378378.png,#3b3b98,93,0.061144,0.002751,0.045000
z_0120_569.378378.png,#48c9b0,1410,0.927022,0.041716,0.045000
z_0120_569.378378.png,#4a235a,12099,7.954635,0.357959,0.045000
z_0120_569.378378.png,#512e5f,438,0.287968,0.012959,0.045000
z_0120_569.378378.png,#52be80,1182,0.777120,0.034970,0.045000
z_0120_569.378378.png,#5499c7,4556,2.995398,0.134793,0.045000
z_0120_569.378378.png,#73c6b6,331,0.217620,0.009793,0.045000
z_0120_569.378378.png,#7b241c,2112,1.388560,0.062485,0.045000
z_0120_569.378378.png,#82e0aa,843,0.554241,0.024941,0.045000
z_0120_569.378378.png,#85c1e9,3510,2.307692,0.103846,0.045000
z_0120_569.378378.png,#922b21,2008,1.320184,0.059408,0.045000
z_0120_569.378378.png,#9a7d0a,2696,1.772518,0.079763,0.045000
z_0120_569.378378.png,#a2d9ce,911,0.598948,0.026953,0.045000
z_0120_569.378378.png,#a3e4d7,234,0.153846,0.006923,0.045000
z_0120_569.378378.png,#a9cce3,17,0.011177,0.000503,0.045000
z_0120_569.378378.png,#af7ac5,807,0.530572,0.023876,0.045000
z_0120_569.378378.png,#b9770e,278,0.182774,0.008225,0.045000
z_0120_569.378378.png,#bb8fce,707,0.464826,0.020917,0.045000
z_0120_569.378378.png,#cb4335,57,0.037475,0.001686,0.045000
z_0120_569.378378.png,#d2b4de,602,0.395792,0.017811,0.045000
z_0120_569.378378.png,#d68910,227,0.149244,0.006716,0.045000
z_0120_569.378378.png,#e59866,944,0.620644,0.027929,0.045000
z_0120_569.378378.png,#e74c3c,850,0.558843,0.025148,0.045000
z_0120_569.378378.png,#edbb99,2739,1.800789,0.081036,0.045000
z_0120_569.378378.png,#f1948a,143,0.094017,0.004231,0.045000
z_0120_569.378378.png,#f58231,4210,2.767916,0.124556,0.045000
z_0120_569.378378.png,#f7dc6f,388,0.255095,0.011479,0.045000
z_0120_569.378378.png,#f8c471,1431,0.940828,0.042337,0.045000
z_0120_569.378378.png,#fad7a0,1261,0.829060,0.037308,0.045000
z_0121_570.389961.png,#0e6251,1469,0.965812,0.043462,0.045000
z_0121_570.389961.png,#117a65,3072,2.019724,0.090888,0.045000
z_0121_570.389961.png,#145a32,1044,0.686391,0.030888,0.045000
z_0121_570.389961.png,#154360,1405,0.923734,0.041568,0.045000
z_0121_570.389961.png,#196f3d,935,0.614727,0.027663,0.045000
z_0121_570.389961.png,#1b4f72,1616,1.062459,0.047811,0.045000
z_0121_570.389961.png,#2e4053,634,0.416831,0.018757,0.045000
z_0121_570.389961.png,#2ecc71,1015,0.667324,0.030030,0.045000
z_0121_570.389961.png,#3b3b98,93,0.061144,0.002751,0.045000
z_0121_570.389961.png,#48c9b0,1411,0.927679,0.041746,0.045000
z_0121_570.389961.png,#4a235a,12117,7.966469,0.358491,0.045000
z_0121_570.389961.png,#512e5f,438,0.287968,0.012959,0.045000
z_0121_570.389961.png,#52be80,1179,0.775148,0.034882,0.045000
z_0121_570.389961.png,#5499c7,4564,3.000657,0.135030,0.045000
z_0121_570.389961.png,#73c6b6,332,0.218277,0.009822,0.045000
z_0121_570.389961.png,#7b241c,2108,1.385930,0.062367,0.045000
z_0121_570.389961.png,#82e0aa,845,0.555556,0.025000,0.045000
z_0121_570.389961.png,#85c1e9,3505,2.304405,0.103698,0.045000
z_0121_570.389961.png,#922b21,2013,1.323471,0.059556,0.045000
z_0121_570.389961.png,#9a7d0a,2702,1.776463,0.079941,0.045000
z_0121_570.389961.png,#a2d9ce,915,0.601578,0.027071,0.045000
z_0121_570.389961.png,#a3e4d7,237,0.155819,0.007012,0.045000
z_0121_570.389961.png,#a9cce3,15,0.009862,0.000444,0.045000
z_0121_570.389961.png,#af7ac5,808,0.531229,0.023905,0.045000
z_0121_570.389961.png,#b9770e,278,0.182774,0.008225,0.045000
z_0121_570.389961.png,#bb8fce,711,0.467456,0.021036,0.045000
z_0121_570.389961.png,#cb4335,58,0.038133,0.001716,0.045000
z_0121_570.389961.png,#d2b4de,601,0.395135,0.017781,0.045000
z_0121_570.389961.png,#d68910,225,0.147929,0.006657,0.045000
z_0121_570.389961.png,#e59866,945,0.621302,0.027959,0.045000
z_0121_570.389961.png,#e74c3c,853,0.560815,0.025237,0.045000
z_0121_570.389961.png,#edbb99,2739,1.800789,0.081036,0.045000
z_0121_570.389961.png,#f1948a,143,0.094017,0.004231,0.045000
z_0121_570.389961.png,#f58231,4205,2.764629,0.124408,0.045000
z_0121_570.389961.png,#f7dc6f,395,0.259698,0.011686,0.045000
z_0121_570.389961.png,#f8c471,1430,0.940171,0.042308,0.045000
z_0121_570.389961.png,#fad7a0,1258,0.827087,0.037219,0.045000
z_0122_571.401544.png,#0e6251,1471,0.967127,0.043521,0.045000
z_0122_571.401544.png,#117a65,3082,2.026298,0.091183,0.045000
z_0122_571.401544.png,#145a32,1039,0.683103,0.030740,0.045000
z_0122_571.401544.png,#154360,1411,0.927679,0.041746,0.045000
z_0122_571.401544.png,#196f3d,934,0.614070,0.027633,0.045000
z_0122_571.401544.png,#1b4f72,1827,1.201183,0.054053,0.045000
z_0122_571.401544.png,#2e4053,628,0.412886,0.018580,0.045000
z_0122_571.401544.png,#2ecc71,1019,0.669954,0.030148,0.045000
z_0122_571.401544.png,#3b3b98,97,0.063774,0.002870,0.045000
z_0122_571.401544.png,#48c9b0,1407,0.925049,0.041627,0.045000
z_0122_571.401544.png,#4a235a,12133,7.976989,0.358964,0.045000
z_0122_571.401544.png,#512e5f,439,0.288626,0.012988,0.045000
z_0122_571.401544.png,#52be80,1180,0.775805,0.034911,0.045000
z_0122_571.401544.png,#5499c7,4563,3.000000,0.135000,0.045000
z_0122_571.401544.png,#73c6b6,330,0.216963,0.009763,0.045000
z_0122_571.401544.png,#7b241c,2122,1.395135,0.062781,0.045000
z_0122_571.401544.png,#82e0aa,842,0.553583,0.024911,0.045000
z_0122_571.401544.png,#85c1e9,3501,2.301775,0.103580,0.045000
z_0122_571.401544.png,#922b21,2012,1.322814,0.059527,0.045000
z_0122_571.401544.png,#9a7d0a,2685,1.765286,0.079438,0.045000
z_0122_571.401544.png,#a2d9ce,919,0.604208,0.027189,0.045000
z_0122_571.401544.png,#a3e4d7,240,0.157791,0.007101,0.045000
z_0122_571.401544.png,#a9cce3,14,0.009204,0.000414,0.045000
z_0122_571.401544.png,#af7ac5,810,0.532544,0.023964,0.045000
z_0122_571.401544.png,#b9770e,281,0.184747,0.008314,0.045000
z_0122_571.401544.png,#bb8fce,711,0.467456,0.021036,0.045000
z_0122_571.401544.png,#cb4335,57,0.037475,0.001686,0.045000
z_0122_571.401544.png,#d2b4de,602,0.395792,0.017811,0.045000
z_0122_571.401544.png,#d68910,227,0.149244,0.006716,0.045000
z_0122_571.401544.png,#e59866,945,0.621302,0.027959,0.045000
z_0122_571.401544.png,#e74c3c,852,0.560158,0.025207,0.045000
z_0122_571.401544.png,#edbb99,2739,1.800789,0.081036,0.045000
z_0122_571.401544.png,#f1948a,143,0.094017,0.004231,0.045000
z_0122_571.401544.png,#f58231,4209,2.767258,0.124527,0.045000
z_0122_571.401544.png,#f7dc6f,398,0.261670,0.011775,0.045000
z_0122_571.401544.png,#f8c471,1434,0.942801,0.042426,0.045000
z_0122_571.401544.png,#fad7a0,1260,0.828402,0.037278,0.045000
z_0123_572.413127.png,#0e6251,1358,0.892834,0.040178,0.045000
z_0123_572.413127.png,#117a65,3043,2.000657,0.090030,0.045000
z_0123_572.413127.png,#145a32,1022,0.671926,0.030237,0.045000
z_0123_572.413127.png,#154360,1435,0.943458,0.042456,0.045000
z_0123_572.413127.png,#196f3d,1469,0.965812,0.043462,0.045000
z_0123_572.413127.png,#1b4f72,1868,1.228139,0.055266,0.045000
z_0123_572.413127.png,#2e4053,618,0.406312,0.018284,0.045000
z_0123_572.413127.png,#2ecc71,1064,0.699540,0.031479,0.045000
z_0123_572.413127.png,#3b3b98,102,0.067061,0.003018,0.045000
z_0123_572.413127.png,#48c9b0,1364,0.896778,0.040355,0.045000
z_0123_572.413127.png,#4a235a,12759,8.388560,0.377485,0.045000
z_0123_572.413127.png,#512e5f,484,0.318212,0.014320,0.045000
z_0123_572.413127.png,#52be80,1118,0.735043,0.033077,0.045000
z_0123_572.413127.png,#5499c7,4790,3.149244,0.141716,0.045000
z_0123_572.413127.png,#73c6b6,317,0.208416,0.009379,0.045000
z_0123_572.413127.png,#7b241c,2416,1.588429,0.071479,0.045000
z_0123_572.413127.png,#82e0aa,916,0.602235,0.027101,0.045000
z_0123_572.413127.png,#85c1e9,3255,2.140039,0.096302,0.045000
z_0123_572.413127.png,#922b21,2286,1.502959,0.067633,0.045000
z_0123_572.413127.png,#9a7d0a,2742,1.802761,0.081124,0.045000
z_0123_572.413127.png,#a2d9ce,754,0.495726,0.022308,0.045000
z_0123_572.413127.png,#a3e4d7,213,0.140039,0.006302,0.045000
z_0123_572.413127.png,#a9cce3,17,0.011177,0.000503,0.045000
z_0123_572.413127.png,#af7ac5,829,0.545036,0.024527,0.045000
z_0123_572.413127.png,#b9770e,275,0.180802,0.008136,0.045000
z_0123_572.413127.png,#bb8fce,541,0.355687,0.016006,0.045000
z_0123_572.413127.png,#cb4335,3102,2.039448,0.091775,0.045000
z_0123_572.413127.png,#d2b4de,639,0.420118,0.018905,0.045000
z_0123_572.413127.png,#d68910,238,0.156476,0.007041,0.045000
z_0123_572.413127.png,#e59866,765,0.502959,0.022633,0.045000
z_0123_572.413127.png,#e74c3c,895,0.588429,0.026479,0.045000
z_0123_572.413127.png,#edbb99,2797,1.838922,0.082751,0.045000
z_0123_572.413127.png,#f1948a,99,0.065089,0.002929,0.045000
z_0123_572.413127.png,#f58231,4002,2.631164,0.118402,0.045000
z_0123_572.413127.png,#f7dc6f,407,0.267587,0.012041,0.045000
z_0123_572.413127.png,#f8c471,1439,0.946088,0.042574,0.045000
z_0123_572.413127.png,#fad7a0,1283,0.843524,0.037959,0.045000
z_0124_573.424710.png,#0e6251,1186,0.779750,0.035089,0.045000
z_0124_573.424710.png,#117a65,3220,2.117028,0.095266,0.045000
z_0124_573.424710.png,#145a32,904,0.594346,0.026746,0.045000
z_0124_573.424710.png,#154360,1356,0.891519,0.040118,0.045000
z_0124_573.424710.png,#196f3d,2689,1.767916,0.079556,0.045000
z_0124_573.424710.png,#1b4f72,1787,1.174885,0.052870,0.045000
z_0124_573.424710.png,#2e4053,644,0.423406,0.019053,0.045000
z_0124_573.424710.png,#2ecc71,974,0.640368,0.028817,0.045000
z_0124_573.424710.png,#3b3b98,104,0.068376,0.003077,0.045000
z_0124_573.424710.png,#48c9b0,1664,1.094017,0.049231,0.045000
z_0124_573.424710.png,#4a235a,14042,9.232084,0.415444,0.045000
z_0124_573.424710.png,#512e5f,612,0.402367,0.018107,0.045000
z_0124_573.424710.png,#52be80,701,0.460881,0.020740,0.045000
z_0124_573.424710.png,#5499c7,5148,3.384615,0.152308,0.045000
z_0124_573.424710.png,#73c6b6,324,0.213018,0.009586,0.045000
z_0124_573.424710.png,#7b241c,2769,1.820513,0.081923,0.045000
z_0124_573.424710.png,#82e0aa,1030,0.677186,0.030473,0.045000
z_0124_573.424710.png,#85c1e9,3192,2.098619,0.094438,0.045000
z_0124_573.424710.png,#922b21,2481,1.631164,0.073402,0.045000
z_0124_573.424710.png,#9a7d0a,3301,2.170283,0.097663,0.045000
z_0124_573.424710.png,#a2d9ce,918,0.603550,0.027160,0.045000
z_0124_573.424710.png,#a3e4d7,194,0.127548,0.005740,0.045000
z_0124_573.424710.png,#a9cce3,16,0.010519,0.000473,0.045000
z_0124_573.424710.png,#af7ac5,861,0.566075,0.025473,0.045000
z_0124_573.424710.png,#b9770e,231,0.151874,0.006834,0.045000
z_0124_573.424710.png,#bb8fce,353,0.232084,0.010444,0.045000
z_0124_573.424710.png,#cb4335,2712,1.783037,0.080237,0.045000
z_0124_573.424710.png,#d2b4de,589,0.387245,0.017426,0.045000
z_0124_573.424710.png,#d35400,69,0.045365,0.002041,0.045000
z_0124_573.424710.png,#d68910,272,0.178830,0.008047,0.045000
z_0124_573.424710.png,#e59866,539,0.354372,0.015947,0.045000
z_0124_573.424710.png,#e74c3c,898,0.590401,0.026568,0.045000
z_0124_573.424710.png,#edbb99,3243,2.132150,0.095947,0.045000
z_0124_573.424710.png,#f1948a,120,0.078895,0.003550,0.045000
z_0124_573.424710.png,#f58231,3674,2.415516,0.108698,0.045000
z_0124_573.424710.png,#f7dc6f,353,0.232084,0.010444,0.045000
z_0124_573.424710.png,#f8c471,1586,1.042735,0.046923,0.045000
z_0124_573.424710.png,#fad7a0,1190,0.782380,0.035207,0.045000
z_0125_574.436293.png,#0e6251,1185,0.779093,0.035059,0.045000
z_0125_574.436293.png,#117a65,3218,2.115713,0.095207,0.045000
z_0125_574.436293.png,#145a32,905,0.595003,0.026775,0.045000
z_0125_574.436293.png,#154360,1356,0.891519,0.040118,0.045000
z_0125_574.436293.png,#196f3d,2674,1.758054,0.079112,0.045000
z_0125_574.436293.png,#1b4f72,1790,1.176857,0.052959,0.045000
z_0125_574.436293.png,#2e4053,646,0.424721,0.019112,0.045000
z_0125_574.436293.png,#2ecc71,972,0.639053,0.028757,0.045000
z_0125_574.436293.png,#3b3b98,106,0.069691,0.003136,0.045000
z_0125_574.436293.png,#48c9b0,1664,1.094017,0.049231,0.045000
z_0125_574.436293.png,#4a235a,14037,9.228797,0.415296,0.045000
z_0125_574.436293.png,#512e5f,613,0.403024,0.018136,0.045000
z_0125_574.436293.png,#52be80,698,0.458909,0.020651,0.045000
z_0125_574.436293.png,#5499c7,5158,3.391190,0.152604,0.045000
z_0125_574.436293.png,#73c6b6,324,0.213018,0.009586,0.045000
z_0125_574.436293.png,#7b241c,2776,1.825115,0.082130,0.045000
z_0125_574.436293.png,#82e0aa,1022,0.671926,0.030237,0.045000
z_0125_574.436293.png,#85c1e9,3185,2.094017,0.094231,0.045000
z_0125_574.436293.png,#922b21,2485,1.633794,0.073521,0.045000
z_0125_574.436293.png,#9a7d0a,3306,2.173570,0.097811,0.045000
z_0125_574.436293.png,#a2d9ce,916,0.602235,0.027101,0.045000
z_0125_574.436293.png,#a3e4d7,193,0.126890,0.005710,0.045000
z_0125_574.436293.png,#a9cce3,17,0.011177,0.000503,0.045000
z_0125_574.436293.png,#af7ac5,868,0.570677,0.025680,0.045000
z_0125_574.436293.png,#b9770e,231,0.151874,0.006834,0.045000
z_0125_574.436293.png,#bb8fce,348,0.228797,0.010296,0.045000
z_0125_574.436293.png,#cb4335,2709,1.781065,0.080148,0.045000
z_0125_574.436293.png,#d2b4de,600,0.394477,0.017751,0.045000
z_0125_574.436293.png,#d35400,69,0.045365,0.002041,0.045000
z_0125_574.436293.png,#d68910,273,0.179487,0.008077,0.045000
z_0125_574.436293.png,#e59866,535,0.351742,0.015828,0.045000
z_0125_574.436293.png,#e74c3c,893,0.587114,0.026420,0.045000
z_0125_574.436293.png,#edbb99,3244,2.132807,0.095976,0.045000
z_0125_574.436293.png,#f1948a,119,0.078238,0.003521,0.045000
z_0125_574.436293.png,#f58231,3672,2.414201,0.108639,0.045000
z_0125_574.436293.png,#f7dc6f,355,0.233399,0.010503,0.045000
z_0125_574.436293.png,#f8c471,1586,1.042735,0.046923,0.045000
z_0125_574.436293.png,#fad7a0,1188,0.781065,0.035148,0.045000
z_0126_575.447876.png,#0e6251,1139,0.748849,0.033698,0.045000
z_0126_575.447876.png,#117a65,3083,2.026956,0.091213,0.045000
z_0126_575.447876.png,#145a32,893,0.587114,0.026420,0.045000
z_0126_575.447876.png,#154360,1339,0.880342,0.039615,0.045000
z_0126_575.447876.png,#196f3d,2784,1.830375,0.082367,0.045000
z_0126_575.447876.png,#1b4f72,1713,1.126233,0.050680,0.045000
z_0126_575.447876.png,#2e4053,703,0.462196,0.020799,0.045000
z_0126_575.447876.png,#2ecc71,885,0.581854,0.026183,0.045000
z_0126_575.447876.png,#3b3b98,94,0.061801,0.002781,0.045000
z_0126_575.447876.png,#48c9b0,1758,1.155819,0.052012,0.045000
z_0126_575.447876.png,#4a235a,14052,9.238659,0.415740,0.045000
z_0126_575.447876.png,#512e5f,670,0.440500,0.019822,0.045000
z_0126_575.447876.png,#52be80,574,0.377383,0.016982,0.045000
z_0126_575.447876.png,#5499c7,5418,3.562130,0.160296,0.045000
z_0126_575.447876.png,#73c6b6,329,0.216305,0.009734,0.045000
z_0126_575.447876.png,#7b241c,2802,1.842209,0.082899,0.045000
z_0126_575.447876.png,#82e0aa,1076,0.707429,0.031834,0.045000
z_0126_575.447876.png,#85c1e9,3355,2.205786,0.099260,0.045000
z_0126_575.447876.png,#922b21,2516,1.654175,0.074438,0.045000
z_0126_575.447876.png,#9a7d0a,3436,2.259040,0.101657,0.045000
z_0126_575.447876.png,#a2d9ce,872,0.573307,0.025799,0.045000
z_0126_575.447876.png,#a3e4d7,169,0.111111,0.005000,0.045000
z_0126_575.447876.png,#a9cce3,19,0.012492,0.000562,0.045000
z_0126_575.447876.png,#af7ac5,884,0.581197,0.026154,0.045000
z_0126_575.447876.png,#b9770e,229,0.150559,0.006775,0.045000
z_0126_575.447876.png,#bb8fce,322,0.211703,0.009527,0.045000
z_0126_575.447876.png,#cb4335,2370,1.558185,0.070118,0.045000
z_0126_575.447876.png,#d2b4de,590,0.387903,0.017456,0.045000
z_0126_575.447876.png,#d35400,57,0.037475,0.001686,0.045000
z_0126_575.447876.png,#d68910,283,0.186062,0.008373,0.045000
z_0126_575.447876.png,#e59866,408,0.268245,0.012071,0.045000
z_0126_575.447876.png,#e74c3c,883,0.580539,0.026124,0.045000
z_0126_575.447876.png,#edbb99,3824,2.514135,0.113136,0.045000
z_0126_575.447876.png,#f1948a,113,0.074293,0.003343,0.045000
z_0126_575.447876.png,#f58231,3531,2.321499,0.104467,0.045000
z_0126_575.447876.png,#f7dc6f,319,0.209730,0.009438,0.045000
z_0126_575.447876.png,#f8c471,1608,1.057199,0.047574,0.045000
z_0126_575.447876.png,#fad7a0,1097,0.721236,0.032456,0.045000
z_0127_576.459459.png,#0e6251,1081,0.710717,0.031982,0.045000
z_0127_576.459459.png,#117a65,2982,1.960552,0.088225,0.045000
z_0127_576.459459.png,#145a32,881,0.579224,0.026065,0.045000
z_0127_576.459459.png,#154360,1357,0.892176,0.040148,0.045000
z_0127_576.459459.png,#196f3d,2835,1.863905,0.083876,0.045000
z_0127_576.459459.png,#1b4f72,1717,1.128863,0.050799,0.045000
z_0127_576.459459.png,#2e4053,742,0.487837,0.021953,0.045000
z_0127_576.459459.png,#2ecc71,878,0.577252,0.025976,0.045000
z_0127_576.459459.png,#3b3b98,94,0.061801,0.002781,0.045000
z_0127_576.459459.png,#48c9b0,1697,1.115713,0.050207,0.045000
z_0127_576.459459.png,#4a235a,14064,9.246548,0.416095,0.045000
z_0127_576.459459.png,#512e5f,796,0.523340,0.023550,0.045000
z_0127_576.459459.png,#52be80,485,0.318869,0.014349,0.045000
z_0127_576.459459.png,#5499c7,5844,3.842209,0.172899,0.045000
z_0127_576.459459.png,#73c6b6,350,0.230112,0.010355,0.045000
z_0127_576.459459.png,#7b241c,2981,1.959895,0.088195,0.045000
z_0127_576.459459.png,#82e0aa,1269,0.834320,0.037544,0.045000
z_0127_576.459459.png,#85c1e9,3357,2.207101,0.099320,0.045000
z_0127_576.459459.png,#922b21,2365,1.554898,0.069970,0.045000
z_0127_576.459459.png,#9a7d0a,3646,2.397107,0.107870,0.045000
z_0127_576.459459.png,#a2d9ce,848,0.557528,0.025089,0.045000
z_0127_576.459459.png,#a3e4d7,158,0.103879,0.004675,0.045000
z_0127_576.459459.png,#a9cce3,18,0.011834,0.000533,0.045000
z_0127_576.459459.png,#af7ac5,902,0.593031,0.026686,0.045000
z_0127_576.459459.png,#b9770e,218,0.143327,0.006450,0.045000
z_0127_576.459459.png,#bb8fce,316,0.207758,0.009349,0.045000
z_0127_576.459459.png,#cb4335,2199,1.445759,0.065059,0.045000
z_0127_576.459459.png,#d2b4de,608,0.399737,0.017988,0.045000
z_0127_576.459459.png,#d35400,76,0.049967,0.002249,0.045000
z_0127_576.459459.png,#d68910,302,0.198554,0.008935,0.045000
z_0127_576.459459.png,#e59866,223,0.146614,0.006598,0.045000
z_0127_576.459459.png,#e74c3c,850,0.558843,0.025148,0.045000
z_0127_576.459459.png,#edbb99,4369,2.872452,0.129260,0.045000
z_0127_576.459459.png,#f1948a,125,0.082183,0.003698,0.045000
z_0127_576.459459.png,#f58231,3420,2.248521,0.101183,0.045000
z_0127_576.459459.png,#f7dc6f,275,0.180802,0.008136,0.045000
z_0127_576.459459.png,#f8c471,1646,1.082183,0.048698,0.045000
z_0127_576.459459.png,#fad7a0,1041,0.684418,0.030799,0.045000
z_0128_577.471042.png,#0e6251,1081,0.710717,0.031982,0.045000
z_0128_577.471042.png,#117a65,2982,1.960552,0.088225,0.045000
z_0128_577.471042.png,#145a32,881,0.579224,0.026065,0.045000
z_0128_577.471042.png,#154360,1357,0.892176,0.040148,0.045000
z_0128_577.471042.png,#196f3d,2835,1.863905,0.083876,0.045000
z_0128_577.471042.png,#1b4f72,1717,1.128863,0.050799,0.045000
z_0128_577.471042.png,#2e4053,742,0.487837,0.021953,0.045000
z_0128_577.471042.png,#2ecc71,878,0.577252,0.025976,0.045000
z_0128_577.471042.png,#3b3b98,94,0.061801,0.002781,0.045000
z_0128_577.471042.png,#48c9b0,1697,1.115713,0.050207,0.045000
z_0128_577.471042.png,#4a235a,14064,9.246548,0.416095,0.045000
z_0128_577.471042.png,#512e5f,796,0.523340,0.023550,0.045000
z_0128_577.471042.png,#52be80,485,0.318869,0.014349,0.045000
z_0128_577.471042.png,#5499c7,5844,3.842209,0.172899,0.045000
z_0128_577.471042.png,#73c6b6,350,0.230112,0.010355,0.045000
z_0128_577.471042.png,#7b241c,2981,1.959895,0.088195,0.045000
z_0128_577.471042.png,#82e0aa,1269,0.834320,0.037544,0.045000
z_0128_577.471042.png,#85c1e9,3357,2.207101,0.099320,0.045000
z_0128_577.471042.png,#922b21,2365,1.554898,0.069970,0.045000
z_0128_577.471042.png,#9a7d0a,3646,2.397107,0.107870,0.045000
z_0128_577.471042.png,#a2d9ce,848,0.557528,0.025089,0.045000
z_0128_577.471042.png,#a3e4d7,158,0.103879,0.004675,0.045000
z_0128_577.471042.png,#a9cce3,18,0.011834,0.000533,0.045000
z_0128_577.471042.png,#af7ac5,902,0.593031,0.026686,0.045000
z_0128_577.471042.png,#b9770e,218,0.143327,0.006450,0.045000
z_0128_577.471042.png,#bb8fce,316,0.207758,0.009349,0.045000
z_0128_577.471042.png,#cb4335,2199,1.445759,0.065059,0.045000
z_0128_577.471042.png,#d2b4de,608,0.399737,0.017988,0.045000
z_0128_577.471042.png,#d35400,76,0.049967,0.002249,0.045000
z_0128_577.471042.png,#d68910,302,0.198554,0.008935,0.045000
z_0128_577.471042.png,#e59866,223,0.146614,0.006598,0.045000
z_0128_577.471042.png,#e74c3c,850,0.558843,0.025148,0.045000
z_0128_577.471042.png,#edbb99,4369,2.872452,0.129260,0.045000
z_0128_577.471042.png,#f1948a,125,0.082183,0.003698,0.045000
z_0128_577.471042.png,#f58231,3420,2.248521,0.101183,0.045000
z_0128_577.471042.png,#f7dc6f,275,0.180802,0.008136,0.045000
z_0128_577.471042.png,#f8c471,1646,1.082183,0.048698,0.045000
z_0128_577.471042.png,#fad7a0,1041,0.684418,0.030799,0.045000
z_0129_578.482625.png,#0e6251,1081,0.710717,0.031982,0.045000
z_0129_578.482625.png,#117a65,2982,1.960552,0.088225,0.045000
z_0129_578.482625.png,#145a32,881,0.579224,0.026065,0.045000
z_0129_578.482625.png,#154360,1357,0.892176,0.040148,0.045000
z_0129_578.482625.png,#196f3d,2835,1.863905,0.083876,0.045000
z_0129_578.482625.png,#1b4f72,1717,1.128863,0.050799,0.045000
z_0129_578.482625.png,#2e4053,742,0.487837,0.021953,0.045000
z_0129_578.482625.png,#2ecc71,878,0.577252,0.025976,0.045000
z_0129_578.482625.png,#3b3b98,94,0.061801,0.002781,0.045000
z_0129_578.482625.png,#48c9b0,1697,1.115713,0.050207,0.045000
z_0129_578.482625.png,#4a235a,14064,9.246548,0.416095,0.045000
z_0129_578.482625.png,#512e5f,796,0.523340,0.023550,0.045000
z_0129_578.482625.png,#52be80,485,0.318869,0.014349,0.045000
z_0129_578.482625.png,#5499c7,5844,3.842209,0.172899,0.045000
z_0129_578.482625.png,#73c6b6,350,0.230112,0.010355,0.045000
z_0129_578.482625.png,#7b241c,2981,1.959895,0.088195,0.045000
z_0129_578.482625.png,#82e0aa,1269,0.834320,0.037544,0.045000
z_0129_578.482625.png,#85c1e9,3357,2.207101,0.099320,0.045000
z_0129_578.482625.png,#922b21,2365,1.554898,0.069970,0.045000
z_0129_578.482625.png,#9a7d0a,3646,2.397107,0.107870,0.045000
z_0129_578.482625.png,#a2d9ce,848,0.557528,0.025089,0.045000
z_0129_578.482625.png,#a3e4d7,158,0.103879,0.004675,0.045000
z_0129_578.482625.png,#a9cce3,18,0.011834,0.000533,0.045000
z_0129_578.482625.png,#af7ac5,902,0.593031,0.026686,0.045000
z_0129_578.482625.png,#b9770e,218,0.143327,0.006450,0.045000
z_0129_578.482625.png,#bb8fce,316,0.207758,0.009349,0.045000
z_0129_578.482625.png,#cb4335,2199,1.445759,0.065059,0.045000
z_0129_578.482625.png,#d2b4de,608,0.399737,0.017988,0.045000
z_0129_578.482625.png,#d35400,76,0.049967,0.002249,0.045000
z_0129_578.482625.png,#d68910,302,0.198554,0.008935,0.045000
z_0129_578.482625.png,#e59866,223,0.146614,0.006598,0.045000
z_0129_578.482625.png,#e74c3c,850,0.558843,0.025148,0.045000
z_0129_578.482625.png,#edbb99,4369,2.872452,0.129260,0.045000
z_0129_578.482625.png,#f1948a,125,0.082183,0.003698,0.045000
z_0129_578.482625.png,#f58231,3420,2.248521,0.101183,0.045000
z_0129_578.482625.png,#f7dc6f,275,0.180802,0.008136,0.045000
z_0129_578.482625.png,#f8c471,1646,1.082183,0.048698,0.045000
z_0129_578.482625.png,#fad7a0,1041,0.684418,0.030799,0.045000
z_0130_579.494208.png,#0e6251,949,0.623932,0.028077,0.045000
z_0130_579.494208.png,#117a65,3789,2.491124,0.112101,0.045000
z_0130_579.494208.png,#145a32,929,0.610782,0.027485,0.045000
z_0130_579.494208.png,#154360,1370,0.900723,0.040533,0.045000
z_0130_579.494208.png,#196f3d,2893,1.902038,0.085592,0.045000
z_0130_579.494208.png,#1b4f72,1674,1.100592,0.049527,0.045000
z_0130_579.494208.png,#2e4053,674,0.443130,0.019941,0.045000
z_0130_579.494208.png,#2ecc71,744,0.489152,0.022012,0.045000
z_0130_579.494208.png,#3b3b98,344,0.226167,0.010178,0.045000
z_0130_579.494208.png,#48c9b0,1163,0.764629,0.034408,0.045000
z_0130_579.494208.png,#4a235a,13296,8.741617,0.393373,0.045000
z_0130_579.494208.png,#512e5f,1064,0.699540,0.031479,0.045000
z_0130_579.494208.png,#52be80,319,0.209730,0.009438,0.045000
z_0130_579.494208.png,#5499c7,6990,4.595661,0.206805,0.045000
z_0130_579.494208.png,#73c6b6,336,0.220907,0.009941,0.045000
z_0130_579.494208.png,#7b241c,3349,2.201841,0.099083,0.045000
z_0130_579.494208.png,#82e0aa,1092,0.717949,0.032308,0.045000
z_0130_579.494208.png,#85c1e9,4094,2.691650,0.121124,0.045000
z_0130_579.494208.png,#922b21,2294,1.508218,0.067870,0.045000
z_0130_579.494208.png,#9a7d0a,4699,3.089415,0.139024,0.045000
z_0130_579.494208.png,#a2d9ce,701,0.460881,0.020740,0.045000
z_0130_579.494208.png,#a3e4d7,104,0.068376,0.003077,0.045000
z_0130_579.494208.png,#a9cce3,29,0.019066,0.000858,0.045000
z_0130_579.494208.png,#af7ac5,768,0.504931,0.022722,0.045000
z_0130_579.494208.png,#b9770e,195,0.128205,0.005769,0.045000
z_0130_579.494208.png,#bb8fce,379,0.249178,0.011213,0.045000
z_0130_579.494208.png,#cb4335,2055,1.351085,0.060799,0.045000
z_0130_579.494208.png,#d2b4de,884,0.581197,0.026154,0.045000
z_0130_579.494208.png,#d35400,87,0.057199,0.002574,0.045000
z_0130_579.494208.png,#d68910,399,0.262327,0.011805,0.045000
z_0130_579.494208.png,#e59866,132,0.086785,0.003905,0.045000
z_0130_579.494208.png,#e74c3c,815,0.535832,0.024112,0.045000
z_0130_579.494208.png,#edbb99,4553,2.993425,0.134704,0.045000
z_0130_579.494208.png,#f1948a,119,0.078238,0.003521,0.045000
z_0130_579.494208.png,#f58231,3133,2.059829,0.092692,0.045000
z_0130_579.494208.png,#f7dc6f,168,0.110454,0.004970,0.045000
z_0130_579.494208.png,#f8c471,2310,1.518738,0.068343,0.045000
z_0130_579.494208.png,#fad7a0,749,0.492439,0.022160,0.045000
z_0131_580.505792.png,#0e6251,949,0.623932,0.028077,0.045000
z_0131_580.505792.png,#117a65,3790,2.491782,0.112130,0.045000
z_0131_580.505792.png,#145a32,928,0.610125,0.027456,0.045000
z_0131_580.505792.png,#154360,1364,0.896778,0.040355,0.045000
z_0131_580.505792.png,#196f3d,2892,1.901381,0.085562,0.045000
z_0131_580.505792.png,#1b4f72,1677,1.102564,0.049615,0.045000
z_0131_580.505792.png,#2e4053,676,0.444444,0.020000,0.045000
z_0131_580.505792.png,#2ecc71,744,0.489152,0.022012,0.045000
z_0131_580.505792.png,#3b3b98,346,0.227482,0.010237,0.045000
z_0131_580.505792.png,#48c9b0,1164,0.765286,0.034438,0.045000
z_0131_580.505792.png,#4a235a,13299,8.743590,0.393462,0.045000
z_0131_580.505792.png,#512e5f,1074,0.706114,0.031775,0.045000
z_0131_580.505792.png,#52be80,317,0.208416,0.009379,0.045000
z_0131_580.505792.png,#5499c7,6992,4.596976,0.206864,0.045000
z_0131_580.505792.png,#73c6b6,338,0.222222,0.010000,0.045000
z_0131_580.505792.png,#7b241c,3343,2.197896,0.098905,0.045000
z_0131_580.505792.png,#82e0aa,1089,0.715976,0.032219,0.045000
z_0131_580.505792.png,#85c1e9,4089,2.688363,0.120976,0.045000
z_0131_580.505792.png,#922b21,2290,1.505588,0.067751,0.045000
z_0131_580.505792.png,#9a7d0a,4703,3.092045,0.139142,0.045000
z_0131_580.505792.png,#a2d9ce,713,0.468771,0.021095,0.045000
z_0131_580.505792.png,#a3e4d7,102,0.067061,0.003018,0.045000
z_0131_580.505792.png,#a9cce3,40,0.026298,0.001183,0.045000
z_0131_580.505792.png,#af7ac5,768,0.504931,0.022722,0.045000
z_0131_580.505792.png,#b9770e,196,0.128863,0.005799,0.045000
z_0131_580.505792.png,#bb8fce,379,0.249178,0.011213,0.045000
z_0131_580.505792.png,#cb4335,2059,1.353715,0.060917,0.045000
z_0131_580.505792.png,#d2b4de,877,0.576594,0.025947,0.045000
z_0131_580.505792.png,#d35400,94,0.061801,0.002781,0.045000
z_0131_580.505792.png,#d68910,399,0.262327,0.011805,0.045000
z_0131_580.505792.png,#e59866,132,0.086785,0.003905,0.045000
z_0131_580.505792.png,#e74c3c,817,0.537147,0.024172,0.045000
z_0131_580.505792.png,#edbb99,4546,2.988823,0.134497,0.045000
z_0131_580.505792.png,#f1948a,118,0.077581,0.003491,0.045000
z_0131_580.505792.png,#f58231,3137,2.062459,0.092811,0.045000
z_0131_580.505792.png,#f7dc6f,166,0.109139,0.004911,0.045000
z_0131_580.505792.png,#f8c471,2300,1.512163,0.068047,0.045000
z_0131_580.505792.png,#fad7a0,745,0.489809,0.022041,0.045000
z_0132_581.517375.png,#0e6251,848,0.557528,0.025089,0.045000
z_0132_581.517375.png,#117a65,4296,2.824458,0.127101,0.045000
z_0132_581.517375.png,#145a32,922,0.606180,0.027278,0.045000
z_0132_581.517375.png,#154360,1535,1.009204,0.045414,0.045000
z_0132_581.517375.png,#196f3d,2948,1.938199,0.087219,0.045000
z_0132_581.517375.png,#1b4f72,1905,1.252465,0.056361,0.045000
z_0132_581.517375.png,#2e4053,820,0.539119,0.024260,0.045000
z_0132_581.517375.png,#2ecc71,555,0.364892,0.016420,0.045000
z_0132_581.517375.png,#3b3b98,582,0.382643,0.017219,0.045000
z_0132_581.517375.png,#48c9b0,2828,1.859303,0.083669,0.045000
z_0132_581.517375.png,#4a235a,12248,8.052597,0.362367,0.045000
z_0132_581.517375.png,#512e5f,1364,0.896778,0.040355,0.045000
z_0132_581.517375.png,#52be80,372,0.244576,0.011006,0.045000
z_0132_581.517375.png,#5499c7,6831,4.491124,0.202101,0.045000
z_0132_581.517375.png,#73c6b6,648,0.426036,0.019172,0.045000
z_0132_581.517375.png,#7b241c,2300,1.512163,0.068047,0.045000
z_0132_581.517375.png,#82e0aa,1034,0.679816,0.030592,0.045000
z_0132_581.517375.png,#85c1e9,4216,2.771861,0.124734,0.045000
z_0132_581.517375.png,#922b21,2442,1.605523,0.072249,0.045000
z_0132_581.517375.png,#9a7d0a,4515,2.968442,0.133580,0.045000
z_0132_581.517375.png,#a3e4d7,84,0.055227,0.002485,0.045000
z_0132_581.517375.png,#a9cce3,269,0.176857,0.007959,0.045000
z_0132_581.517375.png,#af7ac5,648,0.426036,0.019172,0.045000
z_0132_581.517375.png,#b9770e,177,0.116371,0.005237,0.045000
z_0132_581.517375.png,#bb8fce,458,0.301118,0.013550,0.045000
z_0132_581.517375.png,#cb4335,2011,1.322156,0.059497,0.045000
z_0132_581.517375.png,#d2b4de,810,0.532544,0.023964,0.045000
z_0132_581.517375.png,#d35400,2280,1.499014,0.067456,0.045000
z_0132_581.517375.png,#d68910,717,0.471400,0.021213,0.045000
z_0132_581.517375.png,#e59866,507,0.333333,0.015000,0.045000
z_0132_581.517375.png,#e74c3c,782,0.514135,0.023136,0.045000
z_0132_581.517375.png,#edbb99,4943,3.249836,0.146243,0.045000
z_0132_581.517375.png,#f1948a,129,0.084813,0.003817,0.045000
z_0132_581.517375.png,#f58231,3142,2.065746,0.092959,0.045000
z_0132_581.517375.png,#f7dc6f,63,0.041420,0.001864,0.045000
z_0132_581.517375.png,#f8c471,1986,1.305720,0.058757,0.045000
z_0132_581.517375.png,#fad7a0,845,0.555556,0.025000,0.045000
z_0133_582.528958.png,#0e6251,851,0.559500,0.025178,0.045000
z_0133_582.528958.png,#117a65,4312,2.834977,0.127574,0.045000
z_0133_582.528958.png,#145a32,925,0.608153,0.027367,0.045000
z_0133_582.528958.png,#154360,1541,1.013149,0.045592,0.045000
z_0133_582.528958.png,#196f3d,2956,1.943458,0.087456,0.045000
z_0133_582.528958.png,#1b4f72,1907,1.253780,0.056420,0.045000
z_0133_582.528958.png,#2e4053,822,0.540434,0.024320,0.045000
z_0133_582.528958.png,#2ecc71,556,0.365549,0.016450,0.045000
z_0133_582.528958.png,#3b3b98,575,0.378041,0.017012,0.045000
z_0133_582.528958.png,#48c9b0,2823,1.856016,0.083521,0.045000
z_0133_582.528958.png,#4a235a,12245,8.050625,0.362278,0.045000
z_0133_582.528958.png,#512e5f,1367,0.898751,0.040444,0.045000
z_0133_582.528958.png,#52be80,372,0.244576,0.011006,0.045000
z_0133_582.528958.png,#5499c7,6839,4.496384,0.202337,0.045000
z_0133_582.528958.png,#73c6b6,651,0.428008,0.019260,0.045000
z_0133_582.528958.png,#7b241c,2309,1.518080,0.068314,0.045000
z_0133_582.528958.png,#82e0aa,1023,0.672584,0.030266,0.045000
z_0133_582.528958.png,#85c1e9,4201,2.761999,0.124290,0.045000
z_0133_582.528958.png,#922b21,2439,1.603550,0.072160,0.045000
z_0133_582.528958.png,#9a7d0a,4514,2.967784,0.133550,0.045000
z_0133_582.528958.png,#a3e4d7,90,0.059172,0.002663,0.045000
z_0133_582.528958.png,#a9cce3,270,0.177515,0.007988,0.045000
z_0133_582.528958.png,#af7ac5,653,0.429323,0.019320,0.045000
z_0133_582.528958.png,#b9770e,176,0.115713,0.005207,0.045000
z_0133_582.528958.png,#bb8fce,458,0.301118,0.013550,0.045000
z_0133_582.528958.png,#cb4335,2013,1.323471,0.059556,0.045000
z_0133_582.528958.png,#d2b4de,800,0.525970,0.023669,0.045000
z_0133_582.528958.png,#d35400,2295,1.508876,0.067899,0.045000
z_0133_582.528958.png,#d68910,716,0.470743,0.021183,0.045000
z_0133_582.528958.png,#e59866,516,0.339250,0.015266,0.045000
z_0133_582.528958.png,#e74c3c,784,0.515450,0.023195,0.045000
z_0133_582.528958.png,#edbb99,4939,3.247206,0.146124,0.045000
z_0133_582.528958.png,#f1948a,129,0.084813,0.003817,0.045000
z_0133_582.528958.png,#f58231,3139,2.063774,0.092870,0.045000
z_0133_582.528958.png,#f7dc6f,62,0.040763,0.001834,0.045000
z_0133_582.528958.png,#f8c471,1985,1.305062,0.058728,0.045000
z_0133_582.528958.png,#fad7a0,850,0.558843,0.025148,0.045000
z_0134_583.540541.png,#0e6251,814,0.535174,0.024083,0.045000
z_0134_583.540541.png,#117a65,4247,2.792242,0.125651,0.045000
z_0134_583.540541.png,#145a32,941,0.618672,0.027840,0.045000
z_0134_583.540541.png,#154360,1586,1.042735,0.046923,0.045000
z_0134_583.540541.png,#196f3d,2970,1.952663,0.087870,0.045000
z_0134_583.540541.png,#1b4f72,1979,1.301118,0.058550,0.045000
z_0134_583.540541.png,#2e4053,1014,0.666667,0.030000,0.045000
z_0134_583.540541.png,#2ecc71,512,0.336621,0.015148,0.045000
z_0134_583.540541.png,#3b3b98,615,0.404339,0.018195,0.045000
z_0134_583.540541.png,#48c9b0,3185,2.094017,0.094231,0.045000
z_0134_583.540541.png,#4a235a,11323,7.444444,0.335000,0.045000
z_0134_583.540541.png,#512e5f,1408,0.925707,0.041657,0.045000
z_0134_583.540541.png,#52be80,403,0.264957,0.011923,0.045000
z_0134_583.540541.png,#5499c7,6590,4.332676,0.194970,0.045000
z_0134_583.540541.png,#73c6b6,765,0.502959,0.022633,0.045000
z_0134_583.540541.png,#7b241c,2058,1.353057,0.060888,0.045000
z_0134_583.540541.png,#82e0aa,1057,0.694938,0.031272,0.045000
z_0134_583.540541.png,#85c1e9,4161,2.735700,0.123107,0.045000
z_0134_583.540541.png,#922b21,2435,1.600920,0.072041,0.045000
z_0134_583.540541.png,#9a7d0a,4538,2.983563,0.134260,0.045000
z_0134_583.540541.png,#a3e4d7,90,0.059172,0.002663,0.045000
z_0134_583.540541.png,#a9cce3,174,0.114398,0.005148,0.045000
z_0134_583.540541.png,#af7ac5,640,0.420776,0.018935,0.045000
z_0134_583.540541.png,#b9770e,170,0.111769,0.005030,0.045000
z_0134_583.540541.png,#bb8fce,518,0.340565,0.015325,0.045000
z_0134_583.540541.png,#cb4335,1985,1.305062,0.058728,0.045000
z_0134_583.540541.png,#d2b4de,759,0.499014,0.022456,0.045000
z_0134_583.540541.png,#d35400,2239,1.472058,0.066243,0.045000
z_0134_583.540541.png,#d68910,737,0.484550,0.021805,0.045000
z_0134_583.540541.png,#e59866,706,0.464168,0.020888,0.045000
z_0134_583.540541.png,#e74c3c,778,0.511506,0.023018,0.045000
z_0134_583.540541.png,#edbb99,4966,3.264957,0.146923,0.045000
z_0134_583.540541.png,#f1948a,126,0.082840,0.003728,0.045000
z_0134_583.540541.png,#f58231,3078,2.023669,0.091065,0.045000
z_0134_583.540541.png,#f7dc6f,45,0.029586,0.001331,0.045000
z_0134_583.540541.png,#f8c471,1955,1.285339,0.057840,0.045000
z_0134_583.540541.png,#fad7a0,877,0.576594,0.025947,0.045000
z_0135_584.552124.png,#0e6251,765,0.502959,0.022633,0.045000
z_0135_584.552124.png,#117a65,3906,2.568047,0.115562,0.045000
z_0135_584.552124.png,#145a32,947,0.622617,0.028018,0.045000
z_0135_584.552124.png,#154360,1662,1.092702,0.049172,0.045000
z_0135_584.552124.png,#196f3d,3119,2.050625,0.092278,0.045000
z_0135_584.552124.png,#1b4f72,2016,1.325444,0.059645,0.045000
z_0135_584.552124.png,#2e4053,1171,0.769888,0.034645,0.045000
z_0135_584.552124.png,#2ecc71,496,0.326101,0.014675,0.045000
z_0135_584.552124.png,#3b3b98,678,0.445759,0.020059,0.045000
z_0135_584.552124.png,#48c9b0,3707,2.437212,0.109675,0.045000
z_0135_584.552124.png,#4a235a,9700,6.377383,0.286982,0.045000
z_0135_584.552124.png,#512e5f,1550,1.019066,0.045858,0.045000
z_0135_584.552124.png,#52be80,412,0.270874,0.012189,0.045000
z_0135_584.552124.png,#5499c7,6356,4.178830,0.188047,0.045000
z_0135_584.552124.png,#73c6b6,1012,0.665352,0.029941,0.045000
z_0135_584.552124.png,#7b241c,1678,1.103222,0.049645,0.045000
z_0135_584.552124.png,#82e0aa,1065,0.700197,0.031509,0.045000
z_0135_584.552124.png,#85c1e9,4197,2.759369,0.124172,0.045000
z_0135_584.552124.png,#922b21,2480,1.630506,0.073373,0.045000
z_0135_584.552124.png,#9a7d0a,4664,3.066404,0.137988,0.045000
z_0135_584.552124.png,#a3e4d7,111,0.072978,0.003284,0.045000
z_0135_584.552124.png,#a9cce3,227,0.149244,0.006716,0.045000
z_0135_584.552124.png,#af7ac5,652,0.428665,0.019290,0.045000
z_0135_584.552124.png,#b9770e,175,0.115056,0.005178,0.045000
z_0135_584.552124.png,#bb8fce,571,0.375411,0.016893,0.045000
z_0135_584.552124.png,#cb4335,1959,1.287968,0.057959,0.045000
z_0135_584.552124.png,#d2b4de,848,0.557528,0.025089,0.045000
z_0135_584.552124.png,#d35400,2376,1.562130,0.070296,0.045000
z_0135_584.552124.png,#d68910,685,0.450362,0.020266,0.045000
z_0135_584.552124.png,#e59866,801,0.526627,0.023698,0.045000
z_0135_584.552124.png,#e74c3c,762,0.500986,0.022544,0.045000
z_0135_584.552124.png,#edbb99,5029,3.306377,0.148787,0.045000
z_0135_584.552124.png,#f1948a,138,0.090730,0.004083,0.045000
z_0135_584.552124.png,#f58231,3174,2.086785,0.093905,0.045000
z_0135_584.552124.png,#f7dc6f,37,0.024326,0.001095,0.045000
z_0135_584.552124.png,#f8c471,1888,1.241289,0.055858,0.045000
z_0135_584.552124.png,#fad7a0,967,0.635766,0.028609,0.045000
z_0136_585.563707.png,#0e6251,741,0.487179,0.021923,0.045000
z_0136_585.563707.png,#117a65,3799,2.497699,0.112396,0.045000
z_0136_585.563707.png,#145a32,963,0.633136,0.028491,0.045000
z_0136_585.563707.png,#154360,1694,1.113741,0.050118,0.045000
z_0136_585.563707.png,#196f3d,3191,2.097962,0.094408,0.045000
z_0136_585.563707.png,#1b4f72,2054,1.350427,0.060769,0.045000
z_0136_585.563707.png,#2e4053,1234,0.811308,0.036509,0.045000
z_0136_585.563707.png,#2ecc71,483,0.317554,0.014290,0.045000
z_0136_585.563707.png,#3b3b98,703,0.462196,0.020799,0.045000
z_0136_585.563707.png,#48c9b0,4137,2.719921,0.122396,0.045000
z_0136_585.563707.png,#4a235a,8849,5.817883,0.261805,0.045000
z_0136_585.563707.png,#512e5f,1740,1.143984,0.051479,0.045000
z_0136_585.563707.png,#52be80,401,0.263642,0.011864,0.045000
z_0136_585.563707.png,#5499c7,6162,4.051282,0.182308,0.045000
z_0136_585.563707.png,#73c6b6,1180,0.775805,0.034911,0.045000
z_0136_585.563707.png,#7b241c,1424,0.936226,0.042130,0.045000
z_0136_585.563707.png,#82e0aa,1037,0.681788,0.030680,0.045000
z_0136_585.563707.png,#85c1e9,4445,2.922419,0.131509,0.045000
z_0136_585.563707.png,#922b21,2347,1.543064,0.069438,0.045000
z_0136_585.563707.png,#9a7d0a,5023,3.302433,0.148609,0.045000
z_0136_585.563707.png,#a3e4d7,107,0.070348,0.003166,0.045000
z_0136_585.563707.png,#a9cce3,212,0.139382,0.006272,0.045000
z_0136_585.563707.png,#af7ac5,685,0.450362,0.020266,0.045000
z_0136_585.563707.png,#b9770e,178,0.117028,0.005266,0.045000
z_0136_585.563707.png,#bb8fce,654,0.429980,0.019349,0.045000
z_0136_585.563707.png,#cb4335,1853,1.218277,0.054822,0.045000
z_0136_585.563707.png,#d2b4de,1063,0.698882,0.031450,0.045000
z_0136_585.563707.png,#d35400,2603,1.711374,0.077012,0.045000
z_0136_585.563707.png,#d68910,604,0.397107,0.017870,0.045000
z_0136_585.563707.png,#e59866,840,0.552268,0.024852,0.045000
z_0136_585.563707.png,#e74c3c,862,0.566732,0.025503,0.045000
z_0136_585.563707.png,#edbb99,5454,3.585799,0.161361,0.045000
z_0136_585.563707.png,#f1948a,141,0.092702,0.004172,0.045000
z_0136_585.563707.png,#f58231,3202,2.105194,0.094734,0.045000
z_0136_585.563707.png,#f7dc6f,53,0.034845,0.001568,0.045000
z_0136_585.563707.png,#f8c471,1794,1.179487,0.053077,0.045000
z_0136_585.563707.png,#fad7a0,1046,0.687705,0.030947,0.045000
z_0137_586.575290.png,#0e6251,714,0.469428,0.021124,0.045000
z_0137_586.575290.png,#117a65,3947,2.595003,0.116775,0.045000
z_0137_586.575290.png,#145a32,991,0.651545,0.029320,0.045000
z_0137_586.575290.png,#154360,1771,1.164366,0.052396,0.045000
z_0137_586.575290.png,#196f3d,3295,2.166338,0.097485,0.045000
z_0137_586.575290.png,#1b4f72,2012,1.322814,0.059527,0.045000
z_0137_586.575290.png,#2e4053,1174,0.771861,0.034734,0.045000
z_0137_586.575290.png,#2ecc71,472,0.310322,0.013964,0.045000
z_0137_586.575290.png,#3b3b98,735,0.483235,0.021746,0.045000
z_0137_586.575290.png,#48c9b0,4758,3.128205,0.140769,0.045000
z_0137_586.575290.png,#4a235a,7992,5.254438,0.236450,0.045000
z_0137_586.575290.png,#512e5f,1858,1.221565,0.054970,0.045000
z_0137_586.575290.png,#52be80,390,0.256410,0.011538,0.045000
z_0137_586.575290.png,#5499c7,5505,3.619329,0.162870,0.045000
z_0137_586.575290.png,#73c6b6,1112,0.731098,0.032899,0.045000
z_0137_586.575290.png,#7b241c,1339,0.880342,0.039615,0.045000
z_0137_586.575290.png,#82e0aa,1026,0.674556,0.030355,0.045000
z_0137_586.575290.png,#85c1e9,4319,2.839579,0.127781,0.045000
z_0137_586.575290.png,#922b21,2498,1.642341,0.073905,0.045000
z_0137_586.575290.png,#9a7d0a,5147,3.383958,0.152278,0.045000
z_0137_586.575290.png,#a3e4d7,134,0.088100,0.003964,0.045000
z_0137_586.575290.png,#a9cce3,220,0.144642,0.006509,0.045000
z_0137_586.575290.png,#af7ac5,713,0.468771,0.021095,0.045000
z_0137_586.575290.png,#b9770e,172,0.113083,0.005089,0.045000
z_0137_586.575290.png,#bb8fce,683,0.449047,0.020207,0.045000
z_0137_586.575290.png,#cb4335,1784,1.172913,0.052781,0.045000
z_0137_586.575290.png,#d2b4de,1160,0.762656,0.034320,0.045000
z_0137_586.575290.png,#d35400,2662,1.750164,0.078757,0.045000
z_0137_586.575290.png,#d68910,400,0.262985,0.011834,0.045000
z_0137_586.575290.png,#e59866,862,0.566732,0.025503,0.045000
z_0137_586.575290.png,#e74c3c,908,0.596976,0.026864,0.045000
z_0137_586.575290.png,#edbb99,5622,3.696252,0.166331,0.045000
z_0137_586.575290.png,#f1948a,112,0.073636,0.003314,0.045000
z_0137_586.575290.png,#f58231,3346,2.199869,0.098994,0.045000
z_0137_586.575290.png,#f7dc6f,69,0.045365,0.002041,0.045000
z_0137_586.575290.png,#f8c471,1708,1.122945,0.050533,0.045000
z_0137_586.575290.png,#fad7a0,1136,0.746877,0.033609,0.045000
z_0138_587.586873.png,#0e6251,709,0.466141,0.020976,0.045000
z_0138_587.586873.png,#117a65,3943,2.592373,0.116657,0.045000
z_0138_587.586873.png,#145a32,987,0.648915,0.029201,0.045000
z_0138_587.586873.png,#154360,1782,1.171598,0.052722,0.045000
z_0138_587.586873.png,#196f3d,3298,2.168310,0.097574,0.045000
z_0138_587.586873.png,#1b4f72,2015,1.324786,0.059615,0.045000
z_0138_587.586873.png,#2e4053,1181,0.776463,0.034941,0.045000
z_0138_587.586873.png,#2ecc71,475,0.312295,0.014053,0.045000
z_0138_587.586873.png,#3b3b98,732,0.481262,0.021657,0.045000
z_0138_587.586873.png,#48c9b0,4753,3.124918,0.140621,0.045000
z_0138_587.586873.png,#4a235a,7965,5.236686,0.235651,0.045000
z_0138_587.586873.png,#512e5f,1869,1.228797,0.055296,0.045000
z_0138_587.586873.png,#52be80,386,0.253780,0.011420,0.045000
z_0138_587.586873.png,#5499c7,5512,3.623932,0.163077,0.045000
z_0138_587.586873.png,#73c6b6,1112,0.731098,0.032899,0.045000
z_0138_587.586873.png,#7b241c,1328,0.873110,0.039290,0.045000
z_0138_587.586873.png,#82e0aa,1027,0.675214,0.030385,0.045000
z_0138_587.586873.png,#85c1e9,4329,2.846154,0.128077,0.045000
z_0138_587.586873.png,#922b21,2527,1.661407,0.074763,0.045000
z_0138_587.586873.png,#9a7d0a,5124,3.368836,0.151598,0.045000
z_0138_587.586873.png,#a3e4d7,137,0.090072,0.004053,0.045000
z_0138_587.586873.png,#a9cce3,217,0.142669,0.006420,0.045000
z_0138_587.586873.png,#af7ac5,715,0.470085,0.021154,0.045000
z_0138_587.586873.png,#b9770e,172,0.113083,0.005089,0.045000
z_0138_587.586873.png,#bb8fce,684,0.449704,0.020237,0.045000
z_0138_587.586873.png,#cb4335,1773,1.165680,0.052456,0.045000
z_0138_587.586873.png,#d2b4de,1168,0.767916,0.034556,0.045000
z_0138_587.586873.png,#d35400,2662,1.750164,0.078757,0.045000
z_0138_587.586873.png,#d68910,407,0.267587,0.012041,0.045000
z_0138_587.586873.png,#e59866,857,0.563445,0.025355,0.045000
z_0138_587.586873.png,#e74c3c,917,0.602893,0.027130,0.045000
z_0138_587.586873.png,#edbb99,5621,3.695595,0.166302,0.045000
z_0138_587.586873.png,#f1948a,112,0.073636,0.003314,0.045000
z_0138_587.586873.png,#f58231,3344,2.198554,0.098935,0.045000
z_0138_587.586873.png,#f7dc6f,68,0.044707,0.002012,0.045000
z_0138_587.586873.png,#f8c471,1694,1.113741,0.050118,0.045000
z_0138_587.586873.png,#fad7a0,1145,0.752794,0.033876,0.045000
z_0139_588.598456.png,#0e6251,656,0.431295,0.019408,0.045000
z_0139_588.598456.png,#117a65,4111,2.702827,0.121627,0.045000
z_0139_588.598456.png,#145a32,1174,0.771861,0.034734,0.045000
z_0139_588.598456.png,#154360,1811,1.190664,0.053580,0.045000
z_0139_588.598456.png,#196f3d,3176,2.088100,0.093964,0.045000
z_0139_588.598456.png,#1b4f72,2009,1.320842,0.059438,0.045000
z_0139_588.598456.png,#2e4053,1156,0.760026,0.034201,0.045000
z_0139_588.598456.png,#2ecc71,426,0.280079,0.012604,0.045000
z_0139_588.598456.png,#3b3b98,775,0.509533,0.022929,0.045000
z_0139_588.598456.png,#45b39d,203,0.133465,0.006006,0.045000
z_0139_588.598456.png,#48c9b0,5763,3.788955,0.170503,0.045000
z_0139_588.598456.png,#4a235a,6781,4.458251,0.200621,0.045000
z_0139_588.598456.png,#512e5f,2136,1.404339,0.063195,0.045000
z_0139_588.598456.png,#52be80,302,0.198554,0.008935,0.045000
z_0139_588.598456.png,#5499c7,4587,3.015779,0.135710,0.045000
z_0139_588.598456.png,#73c6b6,595,0.391190,0.017604,0.045000
z_0139_588.598456.png,#7b241c,1110,0.729783,0.032840,0.045000
z_0139_588.598456.png,#82e0aa,1058,0.695595,0.031302,0.045000
z_0139_588.598456.png,#85c1e9,3821,2.512163,0.113047,0.045000
z_0139_588.598456.png,#922b21,2915,1.916502,0.086243,0.045000
z_0139_588.598456.png,#9a7d0a,5174,3.401709,0.153077,0.045000
z_0139_588.598456.png,#a2d9ce,2,0.001315,0.000059,0.045000
z_0139_588.598456.png,#a3e4d7,157,0.103222,0.004645,0.045000
z_0139_588.598456.png,#a9cce3,266,0.174885,0.007870,0.045000
z_0139_588.598456.png,#af7ac5,788,0.518080,0.023314,0.045000
z_0139_588.598456.png,#b9770e,150,0.098619,0.004438,0.045000
z_0139_588.598456.png,#bb8fce,931,0.612097,0.027544,0.045000
z_0139_588.598456.png,#cb4335,1431,0.940828,0.042337,0.045000
z_0139_588.598456.png,#d2b4de,1190,0.782380,0.035207,0.045000
z_0139_588.598456.png,#d35400,3197,2.101907,0.094586,0.045000
z_0139_588.598456.png,#d68910,392,0.257725,0.011598,0.045000
z_0139_588.598456.png,#e59866,741,0.487179,0.021923,0.045000
z_0139_588.598456.png,#e74c3c,1070,0.703485,0.031657,0.045000
z_0139_588.598456.png,#edbb99,6130,4.030243,0.181361,0.045000
z_0139_588.598456.png,#f1948a,77,0.050625,0.002278,0.045000
z_0139_588.598456.png,#f58231,3620,2.380013,0.107101,0.045000
z_0139_588.598456.png,#f7dc6f,152,0.099934,0.004497,0.045000
z_0139_588.598456.png,#f8c471,1433,0.942143,0.042396,0.045000
z_0139_588.598456.png,#fad7a0,1341,0.881657,0.039675,0.045000
z_0140_589.610039.png,#0e6251,629,0.413544,0.018609,0.045000
z_0140_589.610039.png,#117a65,4118,2.707429,0.121834,0.045000
z_0140_589.610039.png,#145a32,1389,0.913215,0.041095,0.045000
z_0140_589.610039.png,#154360,1751,1.151216,0.051805,0.045000
z_0140_589.610039.png,#196f3d,3220,2.117028,0.095266,0.045000
z_0140_589.610039.png,#1b4f72,2033,1.336621,0.060148,0.045000
z_0140_589.610039.png,#2e4053,1139,0.748849,0.033698,0.045000
z_0140_589.610039.png,#2ecc71,353,0.232084,0.010444,0.045000
z_0140_589.610039.png,#3b3b98,817,0.537147,0.024172,0.045000
z_0140_589.610039.png,#45b39d,276,0.181460,0.008166,0.045000
z_0140_589.610039.png,#48c9b0,5900,3.879027,0.174556,0.045000
z_0140_589.610039.png,#4a235a,6405,4.211045,0.189497,0.045000
z_0140_589.610039.png,#512e5f,2145,1.410256,0.063462,0.045000
z_0140_589.610039.png,#52be80,239,0.157133,0.007071,0.045000
z_0140_589.610039.png,#5499c7,4487,2.950033,0.132751,0.045000
z_0140_589.610039.png,#73c6b6,428,0.281394,0.012663,0.045000
z_0140_589.610039.png,#7b241c,1040,0.683761,0.030769,0.045000
z_0140_589.610039.png,#82e0aa,1039,0.683103,0.030740,0.045000
z_0140_589.610039.png,#85c1e9,3444,2.264300,0.101893,0.045000
z_0140_589.610039.png,#922b21,3272,2.151216,0.096805,0.045000
z_0140_589.610039.png,#9a7d0a,5067,3.331361,0.149911,0.045000
z_0140_589.610039.png,#a2d9ce,3,0.001972,0.000089,0.045000
z_0140_589.610039.png,#a3e4d7,151,0.099277,0.004467,0.045000
z_0140_589.610039.png,#a9cce3,289,0.190007,0.008550,0.045000
z_0140_589.610039.png,#af7ac5,894,0.587771,0.026450,0.045000
z_0140_589.610039.png,#b9770e,127,0.083498,0.003757,0.045000
z_0140_589.610039.png,#bb8fce,987,0.648915,0.029201,0.045000
z_0140_589.610039.png,#cb4335,1304,0.857331,0.038580,0.045000
z_0140_589.610039.png,#d2b4de,1236,0.812623,0.036568,0.045000
z_0140_589.610039.png,#d35400,3292,2.164366,0.097396,0.045000
z_0140_589.610039.png,#d68910,485,0.318869,0.014349,0.045000
z_0140_589.610039.png,#e59866,675,0.443787,0.019970,0.045000
z_0140_589.610039.png,#e74c3c,1057,0.694938,0.031272,0.045000
z_0140_589.610039.png,#edbb99,6130,4.030243,0.181361,0.045000
z_0140_589.610039.png,#f1948a,75,0.049310,0.002219,0.045000
z_0140_589.610039.png,#f58231,3739,2.458251,0.110621,0.045000
z_0140_589.610039.png,#f7dc6f,230,0.151216,0.006805,0.045000
z_0140_589.610039.png,#f8c471,1293,0.850099,0.038254,0.045000
z_0140_589.610039.png,#fad7a0,1494,0.982249,0.044201,0.045000
z_0141_590.621622.png,#0e6251,616,0.404997,0.018225,0.045000
z_0141_590.621622.png,#117a65,4043,2.658120,0.119615,0.045000
z_0141_590.621622.png,#145a32,1426,0.937541,0.042189,0.045000
z_0141_590.621622.png,#154360,1760,1.157133,0.052071,0.045000
z_0141_590.621622.png,#196f3d,3149,2.070348,0.093166,0.045000
z_0141_590.621622.png,#1b4f72,2059,1.353715,0.060917,0.045000
z_0141_590.621622.png,#2e4053,1177,0.773833,0.034822,0.045000
z_0141_590.621622.png,#2ecc71,258,0.169625,0.007633,0.045000
z_0141_590.621622.png,#3b3b98,918,0.603550,0.027160,0.045000
z_0141_590.621622.png,#45b39d,340,0.223537,0.010059,0.045000
z_0141_590.621622.png,#48c9b0,6014,3.953978,0.177929,0.045000
z_0141_590.621622.png,#4a235a,6215,4.086128,0.183876,0.045000
z_0141_590.621622.png,#512e5f,2151,1.414201,0.063639,0.045000
z_0141_590.621622.png,#52be80,244,0.160421,0.007219,0.045000
z_0141_590.621622.png,#5499c7,4450,2.925707,0.131657,0.045000
z_0141_590.621622.png,#73c6b6,404,0.265615,0.011953,0.045000
z_0141_590.621622.png,#7b241c,1064,0.699540,0.031479,0.045000
z_0141_590.621622.png,#82e0aa,1032,0.678501,0.030533,0.045000
z_0141_590.621622.png,#85c1e9,3019,1.984878,0.089320,0.045000
z_0141_590.621622.png,#922b21,3571,2.347798,0.105651,0.045000
z_0141_590.621622.png,#9a7d0a,4901,3.222222,0.145000,0.045000
z_0141_590.621622.png,#a2d9ce,3,0.001972,0.000089,0.045000
z_0141_590.621622.png,#a3e4d7,133,0.087442,0.003935,0.045000
z_0141_590.621622.png,#a9cce3,325,0.213675,0.009615,0.045000
z_0141_590.621622.png,#af7ac5,1002,0.658777,0.029645,0.045000
z_0141_590.621622.png,#b9770e,130,0.085470,0.003846,0.045000
z_0141_590.621622.png,#bb8fce,1099,0.722551,0.032515,0.045000
z_0141_590.621622.png,#cb4335,1160,0.762656,0.034320,0.045000
z_0141_590.621622.png,#d2b4de,1223,0.804076,0.036183,0.045000
z_0141_590.621622.png,#d35400,3359,2.208416,0.099379,0.045000
z_0141_590.621622.png,#d68910,529,0.347798,0.015651,0.045000
z_0141_590.621622.png,#e59866,624,0.410256,0.018462,0.045000
z_0141_590.621622.png,#e74c3c,1028,0.675871,0.030414,0.045000
z_0141_590.621622.png,#edbb99,5876,3.863248,0.173846,0.045000
z_0141_590.621622.png,#f1948a,60,0.039448,0.001775,0.045000
z_0141_590.621622.png,#f58231,3742,2.460224,0.110710,0.045000
z_0141_590.621622.png,#f7dc6f,292,0.191979,0.008639,0.045000
z_0141_590.621622.png,#f8c471,1189,0.781723,0.035178,0.045000
z_0141_590.621622.png,#fad7a0,1550,1.019066,0.045858,0.045000
z_0142_591.633205.png,#0e6251,601,0.395135,0.017781,0.045000
z_0142_591.633205.png,#117a65,3689,2.425378,0.109142,0.045000
z_0142_591.633205.png,#145a32,1418,0.932281,0.041953,0.045000
z_0142_591.633205.png,#154360,1718,1.129520,0.050828,0.045000
z_0142_591.633205.png,#196f3d,3132,2.059172,0.092663,0.045000
z_0142_591.633205.png,#1b4f72,2043,1.343195,0.060444,0.045000
z_0142_591.633205.png,#2e4053,1199,0.788297,0.035473,0.045000
z_0142_591.633205.png,#2ecc71,225,0.147929,0.006657,0.045000
z_0142_591.633205.png,#3b3b98,983,0.646285,0.029083,0.045000
z_0142_591.633205.png,#45b39d,398,0.261670,0.011775,0.045000
z_0142_591.633205.png,#48c9b0,5904,3.881657,0.174675,0.045000
z_0142_591.633205.png,#4a235a,6198,4.074951,0.183373,0.045000
z_0142_591.633205.png,#512e5f,2144,1.409599,0.063432,0.045000
z_0142_591.633205.png,#52be80,288,0.189349,0.008521,0.045000
z_0142_591.633205.png,#5499c7,4415,2.902696,0.130621,0.045000
z_0142_591.633205.png,#73c6b6,354,0.232742,0.010473,0.045000
z_0142_591.633205.png,#7b241c,1008,0.662722,0.029822,0.045000
z_0142_591.633205.png,#82e0aa,1077,0.708087,0.031864,0.045000
z_0142_591.633205.png,#85c1e9,2801,1.841552,0.082870,0.045000
z_0142_591.633205.png,#922b21,3756,2.469428,0.111124,0.045000
z_0142_591.633205.png,#9a7d0a,4658,3.062459,0.137811,0.045000
z_0142_591.633205.png,#a2d9ce,14,0.009204,0.000414,0.045000
z_0142_591.633205.png,#a3e4d7,152,0.099934,0.004497,0.045000
z_0142_591.633205.png,#a9cce3,402,0.264300,0.011893,0.045000
z_0142_591.633205.png,#af601a,5,0.003287,0.000148,0.045000
z_0142_591.633205.png,#af7ac5,1179,0.775148,0.034882,0.045000
z_0142_591.633205.png,#b9770e,127,0.083498,0.003757,0.045000
z_0142_591.633205.png,#bb8fce,1149,0.755424,0.033994,0.045000
z_0142_591.633205.png,#cb4335,899,0.591059,0.026598,0.045000
z_0142_591.633205.png,#d2b4de,1150,0.756082,0.034024,0.045000
z_0142_591.633205.png,#d35400,3626,2.383958,0.107278,0.045000
z_0142_591.633205.png,#d68910,722,0.474688,0.021361,0.045000
z_0142_591.633205.png,#e59866,593,0.389875,0.017544,0.045000
z_0142_591.633205.png,#e74c3c,977,0.642341,0.028905,0.045000
z_0142_591.633205.png,#edbb99,5307,3.489152,0.157012,0.045000
z_0142_591.633205.png,#f1948a,44,0.028928,0.001302,0.045000
z_0142_591.633205.png,#f58231,3702,2.433925,0.109527,0.045000
z_0142_591.633205.png,#f7dc6f,343,0.225510,0.010148,0.045000
z_0142_591.633205.png,#f8c471,1105,0.726496,0.032692,0.045000
z_0142_591.633205.png,#fad7a0,1509,0.992110,0.044645,0.045000
z_0143_592.644788.png,#0e6251,619,0.406969,0.018314,0.045000
z_0143_592.644788.png,#117a65,3315,2.179487,0.098077,0.045000
z_0143_592.644788.png,#145a32,1324,0.870480,0.039172,0.045000
z_0143_592.644788.png,#154360,1644,1.080868,0.048639,0.045000
z_0143_592.644788.png,#196f3d,3110,2.044707,0.092012,0.045000
z_0143_592.644788.png,#1b4f72,2086,1.371466,0.061716,0.045000
z_0143_592.644788.png,#2e4053,1181,0.776463,0.034941,0.045000
z_0143_592.644788.png,#2ecc71,188,0.123603,0.005562,0.045000
z_0143_592.644788.png,#3b3b98,1030,0.677186,0.030473,0.045000
z_0143_592.644788.png,#45b39d,444,0.291913,0.013136,0.045000
z_0143_592.644788.png,#48c9b0,5579,3.667982,0.165059,0.045000
z_0143_592.644788.png,#4a235a,5997,3.942801,0.177426,0.045000
z_0143_592.644788.png,#512e5f,2104,1.383300,0.062249,0.045000
z_0143_592.644788.png,#52be80,395,0.259698,0.011686,0.045000
z_0143_592.644788.png,#5499c7,4923,3.236686,0.145651,0.045000
z_0143_592.644788.png,#73c6b6,304,0.199869,0.008994,0.045000
z_0143_592.644788.png,#7b241c,942,0.619329,0.027870,0.045000
z_0143_592.644788.png,#82e0aa,1168,0.767916,0.034556,0.045000
z_0143_592.644788.png,#85c1e9,2640,1.735700,0.078107,0.045000
z_0143_592.644788.png,#922b21,3953,2.598948,0.116953,0.045000
z_0143_592.644788.png,#9a7d0a,4322,2.841552,0.127870,0.045000
z_0143_592.644788.png,#a2d9ce,3,0.001972,0.000089,0.045000
z_0143_592.644788.png,#a3e4d7,145,0.095332,0.004290,0.045000
z_0143_592.644788.png,#a9cce3,520,0.341880,0.015385,0.045000
z_0143_592.644788.png,#af601a,65,0.042735,0.001923,0.045000
z_0143_592.644788.png,#af7ac5,1268,0.833662,0.037515,0.045000
z_0143_592.644788.png,#b9770e,117,0.076923,0.003462,0.045000
z_0143_592.644788.png,#bb8fce,1192,0.783695,0.035266,0.045000
z_0143_592.644788.png,#cb4335,769,0.505588,0.022751,0.045000
z_0143_592.644788.png,#d2b4de,878,0.577252,0.025976,0.045000
z_0143_592.644788.png,#d35400,3786,2.489152,0.112012,0.045000
z_0143_592.644788.png,#d68910,1097,0.721236,0.032456,0.045000
z_0143_592.644788.png,#e59866,562,0.369494,0.016627,0.045000
z_0143_592.644788.png,#e74c3c,982,0.645628,0.029053,0.045000
z_0143_592.644788.png,#edbb99,4232,2.782380,0.125207,0.045000
z_0143_592.644788.png,#f1948a,39,0.025641,0.001154,0.045000
z_0143_592.644788.png,#f58231,3375,2.218935,0.099852,0.045000
z_0143_592.644788.png,#f7dc6f,422,0.277449,0.012485,0.045000
z_0143_592.644788.png,#f8c471,960,0.631164,0.028402,0.045000
z_0143_592.644788.png,#fad7a0,1458,0.958580,0.043136,0.045000
z_0144_593.656371.png,#0e6251,621,0.408284,0.018373,0.045000
z_0144_593.656371.png,#117a65,3131,2.058514,0.092633,0.045000
z_0144_593.656371.png,#145a32,1249,0.821170,0.036953,0.045000
z_0144_593.656371.png,#154360,1668,1.096647,0.049349,0.045000
z_0144_593.656371.png,#196f3d,3088,2.030243,0.091361,0.045000
z_0144_593.656371.png,#1b4f72,2088,1.372781,0.061775,0.045000
z_0144_593.656371.png,#2e4053,1203,0.790927,0.035592,0.045000
z_0144_593.656371.png,#2ecc71,159,0.104536,0.004704,0.045000
z_0144_593.656371.png,#3b3b98,1100,0.723208,0.032544,0.045000
z_0144_593.656371.png,#45b39d,417,0.274162,0.012337,0.045000
z_0144_593.656371.png,#48c9b0,5313,3.493097,0.157189,0.045000
z_0144_593.656371.png,#4a235a,5794,3.809336,0.171420,0.045000
z_0144_593.656371.png,#512e5f,2099,1.380013,0.062101,0.045000
z_0144_593.656371.png,#52be80,548,0.360289,0.016213,0.045000
z_0144_593.656371.png,#5499c7,5252,3.452991,0.155385,0.045000
z_0144_593.656371.png,#73c6b6,278,0.182774,0.008225,0.045000
z_0144_593.656371.png,#7b241c,933,0.613412,0.027604,0.045000
z_0144_593.656371.png,#82e0aa,1163,0.764629,0.034408,0.045000
z_0144_593.656371.png,#85c1e9,2507,1.648258,0.074172,0.045000
z_0144_593.656371.png,#922b21,4078,2.681131,0.120651,0.045000
z_0144_593.656371.png,#9a7d0a,4232,2.782380,0.125207,0.045000
z_0144_593.656371.png,#a2d9ce,10,0.006575,0.000296,0.045000
z_0144_593.656371.png,#a3e4d7,152,0.099934,0.004497,0.045000
z_0144_593.656371.png,#a9cce3,531,0.349112,0.015710,0.045000
z_0144_593.656371.png,#af601a,103,0.067719,0.003047,0.045000
z_0144_593.656371.png,#af7ac5,1305,0.857988,0.038609,0.045000
z_0144_593.656371.png,#b9770e,123,0.080868,0.003639,0.045000
z_0144_593.656371.png,#bb8fce,1279,0.840894,0.037840,0.045000
z_0144_593.656371.png,#cb4335,594,0.390533,0.017574,0.045000
z_0144_593.656371.png,#d2b4de,786,0.516765,0.023254,0.045000
z_0144_593.656371.png,#d35400,3795,2.495069,0.112278,0.045000
z_0144_593.656371.png,#d68910,1489,0.978961,0.044053,0.045000
z_0144_593.656371.png,#e59866,589,0.387245,0.017426,0.045000
z_0144_593.656371.png,#e74c3c,958,0.629849,0.028343,0.045000
z_0144_593.656371.png,#edbb99,3418,2.247206,0.101124,0.045000
z_0144_593.656371.png,#f1948a,46,0.030243,0.001361,0.045000
z_0144_593.656371.png,#f58231,3150,2.071006,0.093195,0.045000
z_0144_593.656371.png,#f7dc6f,487,0.320184,0.014408,0.045000
z_0144_593.656371.png,#f8c471,828,0.544379,0.024497,0.045000
z_0144_593.656371.png,#fad7a0,1799,1.182774,0.053225,0.045000
z_0145_594.667954.png,#0e6251,637,0.418803,0.018846,0.045000
z_0145_594.667954.png,#117a65,2962,1.947403,0.087633,0.045000
z_0145_594.667954.png,#145a32,1231,0.809336,0.036420,0.045000
z_0145_594.667954.png,#154360,1702,1.119001,0.050355,0.045000
z_0145_594.667954.png,#196f3d,3099,2.037475,0.091686,0.045000
z_0145_594.667954.png,#1b4f72,2068,1.359632,0.061183,0.045000
z_0145_594.667954.png,#2e4053,1183,0.777778,0.035000,0.045000
z_0145_594.667954.png,#2ecc71,142,0.093360,0.004201,0.045000
z_0145_594.667954.png,#3b3b98,1163,0.764629,0.034408,0.045000
z_0145_594.667954.png,#45b39d,200,0.131492,0.005917,0.045000
z_0145_594.667954.png,#48c9b0,4979,3.273504,0.147308,0.045000
z_0145_594.667954.png,#4a235a,5648,3.713346,0.167101,0.045000
z_0145_594.667954.png,#512e5f,2042,1.342538,0.060414,0.045000
z_0145_594.667954.png,#52be80,704,0.462853,0.020828,0.045000
z_0145_594.667954.png,#5499c7,5455,3.586456,0.161391,0.045000
z_0145_594.667954.png,#73c6b6,242,0.159106,0.007160,0.045000
z_0145_594.667954.png,#7b241c,881,0.579224,0.026065,0.045000
z_0145_594.667954.png,#82e0aa,1143,0.751479,0.033817,0.045000
z_0145_594.667954.png,#85c1e9,2374,1.560815,0.070237,0.045000
z_0145_594.667954.png,#922b21,4202,2.762656,0.124320,0.045000
z_0145_594.667954.png,#9a7d0a,4239,2.786982,0.125414,0.045000
z_0145_594.667954.png,#a2d9ce,1,0.000657,0.000030,0.045000
z_0145_594.667954.png,#a3e4d7,143,0.094017,0.004231,0.045000
z_0145_594.667954.png,#a9cce3,509,0.334648,0.015059,0.045000
z_0145_594.667954.png,#af601a,147,0.096647,0.004349,0.045000
z_0145_594.667954.png,#af7ac5,1235,0.811966,0.036538,0.045000
z_0145_594.667954.png,#b9770e,144,0.094675,0.004260,0.045000
z_0145_594.667954.png,#bb8fce,1313,0.863248,0.038846,0.045000
z_0145_594.667954.png,#cb4335,487,0.320184,0.014408,0.045000
z_0145_594.667954.png,#d2b4de,851,0.559500,0.025178,0.045000
z_0145_594.667954.png,#d35400,3451,2.268902,0.102101,0.045000
z_0145_594.667954.png,#d68910,1706,1.121631,0.050473,0.045000
z_0145_594.667954.png,#e59866,550,0.361604,0.016272,0.045000
z_0145_594.667954.png,#e74c3c,949,0.623932,0.028077,0.045000
z_0145_594.667954.png,#edbb99,2930,1.926364,0.086686,0.045000
z_0145_594.667954.png,#f1948a,67,0.044050,0.001982,0.045000
z_0145_594.667954.png,#f58231,3053,2.007232,0.090325,0.045000
z_0145_594.667954.png,#f7dc6f,549,0.360947,0.016243,0.045000
z_0145_594.667954.png,#f8c471,702,0.461538,0.020769,0.045000
z_0145_594.667954.png,#fad7a0,2013,1.323471,0.059556,0.045000
z_0146_595.679537.png,#0e6251,641,0.421433,0.018964,0.045000
z_0146_595.679537.png,#117a65,2949,1.938856,0.087249,0.045000
z_0146_595.679537.png,#145a32,1228,0.807364,0.036331,0.045000
z_0146_595.679537.png,#154360,1710,1.124260,0.050592,0.045000
z_0146_595.679537.png,#196f3d,3098,2.036818,0.091657,0.045000
z_0146_595.679537.png,#1b4f72,2072,1.362262,0.061302,0.045000
z_0146_595.679537.png,#2e4053,1182,0.777120,0.034970,0.045000
z_0146_595.679537.png,#2ecc71,136,0.089415,0.004024,0.045000
z_0146_595.679537.png,#3b3b98,1169,0.768573,0.034586,0.045000
z_0146_595.679537.png,#45b39d,201,0.132150,0.005947,0.045000
z_0146_595.679537.png,#48c9b0,4978,3.272847,0.147278,0.045000
z_0146_595.679537.png,#4a235a,5651,3.715319,0.167189,0.045000
z_0146_595.679537.png,#512e5f,2037,1.339250,0.060266,0.045000
z_0146_595.679537.png,#52be80,702,0.461538,0.020769,0.045000
z_0146_595.679537.png,#5499c7,5465,3.593031,0.161686,0.045000
z_0146_595.679537.png,#73c6b6,241,0.158448,0.007130,0.045000
z_0146_595.679537.png,#7b241c,879,0.577909,0.026006,0.045000
z_0146_595.679537.png,#82e0aa,1142,0.750822,0.033787,0.045000
z_0146_595.679537.png,#85c1e9,2377,1.562788,0.070325,0.045000
z_0146_595.679537.png,#922b21,4194,2.757396,0.124083,0.045000
z_0146_595.679537.png,#9a7d0a,4251,2.794872,0.125769,0.045000
z_0146_595.679537.png,#a2d9ce,1,0.000657,0.000030,0.045000
z_0146_595.679537.png,#a3e4d7,148,0.097304,0.004379,0.045000
z_0146_595.679537.png,#a9cce3,504,0.331361,0.014911,0.045000
z_0146_595.679537.png,#af601a,145,0.095332,0.004290,0.045000
z_0146_595.679537.png,#af7ac5,1239,0.814596,0.036657,0.045000
z_0146_595.679537.png,#b9770e,136,0.089415,0.004024,0.045000
z_0146_595.679537.png,#bb8fce,1318,0.866535,0.038994,0.045000
z_0146_595.679537.png,#cb4335,487,0.320184,0.014408,0.045000
z_0146_595.679537.png,#d2b4de,852,0.560158,0.025207,0.045000
z_0146_595.679537.png,#d35400,3425,2.251808,0.101331,0.045000
z_0146_595.679537.png,#d68910,1703,1.119658,0.050385,0.045000
z_0146_595.679537.png,#e59866,547,0.359632,0.016183,0.045000
z_0146_595.679537.png,#e74c3c,950,0.624589,0.028107,0.045000
z_0146_595.679537.png,#edbb99,2928,1.925049,0.086627,0.045000
z_0146_595.679537.png,#f1948a,68,0.044707,0.002012,0.045000
z_0146_595.679537.png,#f58231,3043,2.000657,0.090030,0.045000
z_0146_595.679537.png,#f7dc6f,550,0.361604,0.016272,0.045000
z_0146_595.679537.png,#f8c471,707,0.464826,0.020917,0.045000
z_0146_595.679537.png,#fad7a0,2010,1.321499,0.059467,0.045000
z_0147_596.691120.png,#0e6251,656,0.431295,0.019408,0.045000
z_0147_596.691120.png,#117a65,2640,1.735700,0.078107,0.045000
z_0147_596.691120.png,#145a32,1267,0.833005,0.037485,0.045000
z_0147_596.691120.png,#154360,1796,1.180802,0.053136,0.045000
z_0147_596.691120.png,#196f3d,3109,2.044050,0.091982,0.045000
z_0147_596.691120.png,#1b4f72,2338,1.537147,0.069172,0.045000
z_0147_596.691120.png,#2e4053,1199,0.788297,0.035473,0.045000
z_0147_596.691120.png,#2ecc71,92,0.060487,0.002722,0.045000
z_0147_596.691120.png,#3b3b98,1322,0.869165,0.039112,0.045000
z_0147_596.691120.png,#45b39d,53,0.034845,0.001568,0.045000
z_0147_596.691120.png,#48c9b0,4404,2.895464,0.130296,0.045000
z_0147_596.691120.png,#4a235a,4757,3.127548,0.140740,0.045000
z_0147_596.691120.png,#512e5f,1965,1.291913,0.058136,0.045000
z_0147_596.691120.png,#52be80,887,0.583169,0.026243,0.045000
z_0147_596.691120.png,#5499c7,5694,3.743590,0.168462,0.045000
z_0147_596.691120.png,#73c6b6,185,0.121631,0.005473,0.045000
z_0147_596.691120.png,#7b241c,785,0.516108,0.023225,0.045000
z_0147_596.691120.png,#82e0aa,1086,0.714004,0.032130,0.045000
z_0147_596.691120.png,#85c1e9,3593,2.362262,0.106302,0.045000
z_0147_596.691120.png,#922b21,4804,3.158448,0.142130,0.045000
z_0147_596.691120.png,#9a7d0a,4695,3.086785,0.138905,0.045000
z_0147_596.691120.png,#a3e4d7,143,0.094017,0.004231,0.045000
z_0147_596.691120.png,#a9cce3,445,0.292571,0.013166,0.045000
z_0147_596.691120.png,#af601a,359,0.236029,0.010621,0.045000
z_0147_596.691120.png,#af7ac5,1242,0.816568,0.036746,0.045000
z_0147_596.691120.png,#b9770e,120,0.078895,0.003550,0.045000
z_0147_596.691120.png,#bb8fce,1386,0.911243,0.041006,0.045000
z_0147_596.691120.png,#cb4335,407,0.267587,0.012041,0.045000
z_0147_596.691120.png,#d2b4de,757,0.497699,0.022396,0.045000
z_0147_596.691120.png,#d35400,3322,2.184089,0.098284,0.045000
z_0147_596.691120.png,#d68910,1631,1.072321,0.048254,0.045000
z_0147_596.691120.png,#e59866,508,0.333991,0.015030,0.045000
z_0147_596.691120.png,#e74c3c,882,0.579882,0.026095,0.045000
z_0147_596.691120.png,#edbb99,2118,1.392505,0.062663,0.045000
z_0147_596.691120.png,#f1948a,85,0.055884,0.002515,0.045000
z_0147_596.691120.png,#f58231,2880,1.893491,0.085207,0.045000
z_0147_596.691120.png,#f7dc6f,638,0.419461,0.018876,0.045000
z_0147_596.691120.png,#f8c471,595,0.391190,0.017604,0.045000
z_0147_596.691120.png,#fad7a0,2601,1.710059,0.076953,0.045000
z_0148_597.702703.png,#0e6251,671,0.441157,0.019852,0.045000
z_0148_597.702703.png,#117a65,2820,1.854043,0.083432,0.045000
z_0148_597.702703.png,#145a32,1260,0.828402,0.037278,0.045000
z_0148_597.702703.png,#154360,1809,1.189349,0.053521,0.045000
z_0148_597.702703.png,#196f3d,3127,2.055884,0.092515,0.045000
z_0148_597.702703.png,#1b4f72,2343,1.540434,0.069320,0.045000
z_0148_597.702703.png,#2e4053,1324,0.870480,0.039172,0.045000
z_0148_597.702703.png,#2ecc71,87,0.057199,0.002574,0.045000
z_0148_597.702703.png,#3b3b98,1401,0.921105,0.041450,0.045000
z_0148_597.702703.png,#45b39d,30,0.019724,0.000888,0.045000
z_0148_597.702703.png,#48c9b0,3836,2.522025,0.113491,0.045000
z_0148_597.702703.png,#4a235a,4301,2.827745,0.127249,0.045000
z_0148_597.702703.png,#512e5f,1912,1.257068,0.056568,0.045000
z_0148_597.702703.png,#52be80,943,0.619987,0.027899,0.045000
z_0148_597.702703.png,#5499c7,5817,3.824458,0.172101,0.045000
z_0148_597.702703.png,#73c6b6,165,0.108481,0.004882,0.045000
z_0148_597.702703.png,#7b241c,777,0.510848,0.022988,0.045000
z_0148_597.702703.png,#82e0aa,1099,0.722551,0.032515,0.045000
z_0148_597.702703.png,#85c1e9,3893,2.559500,0.115178,0.045000
z_0148_597.702703.png,#922b21,4850,3.188692,0.143491,0.045000
z_0148_597.702703.png,#9a7d0a,4995,3.284024,0.147781,0.045000
z_0148_597.702703.png,#a3e4d7,150,0.098619,0.004438,0.045000
z_0148_597.702703.png,#a9cce3,384,0.252465,0.011361,0.045000
z_0148_597.702703.png,#af601a,566,0.372124,0.016746,0.045000
z_0148_597.702703.png,#af7ac5,1286,0.845496,0.038047,0.045000
z_0148_597.702703.png,#b9770e,120,0.078895,0.003550,0.045000
z_0148_597.702703.png,#bb8fce,1422,0.934911,0.042071,0.045000
z_0148_597.702703.png,#cb4335,362,0.238001,0.010710,0.045000
z_0148_597.702703.png,#d2b4de,743,0.488494,0.021982,0.045000
z_0148_597.702703.png,#d35400,3234,2.126233,0.095680,0.045000
z_0148_597.702703.png,#d68910,1522,1.000657,0.045030,0.045000
z_0148_597.702703.png,#e59866,481,0.316239,0.014231,0.045000
z_0148_597.702703.png,#e74c3c,858,0.564103,0.025385,0.045000
z_0148_597.702703.png,#edbb99,1700,1.117686,0.050296,0.045000
z_0148_597.702703.png,#f1948a,97,0.063774,0.002870,0.045000
z_0148_597.702703.png,#f58231,2740,1.801446,0.081065,0.045000
z_0148_597.702703.png,#f7dc6f,663,0.435897,0.019615,0.045000
z_0148_597.702703.png,#f8c471,540,0.355030,0.015976,0.045000
z_0148_597.702703.png,#fad7a0,2747,1.806049,0.081272,0.045000
z_0149_598.714286.png,#0e6251,697,0.458251,0.020621,0.045000
z_0149_598.714286.png,#117a65,3033,1.994083,0.089734,0.045000
z_0149_598.714286.png,#145a32,1276,0.838922,0.037751,0.045000
z_0149_598.714286.png,#154360,1771,1.164366,0.052396,0.045000
z_0149_598.714286.png,#196f3d,3239,2.129520,0.095828,0.045000
z_0149_598.714286.png,#1b4f72,2300,1.512163,0.068047,0.045000
z_0149_598.714286.png,#2e4053,1438,0.945431,0.042544,0.045000
z_0149_598.714286.png,#2ecc71,62,0.040763,0.001834,0.045000
z_0149_598.714286.png,#3b3b98,1396,0.917817,0.041302,0.045000
z_0149_598.714286.png,#45b39d,41,0.026956,0.001213,0.045000
z_0149_598.714286.png,#48c9b0,3472,2.282709,0.102722,0.045000
z_0149_598.714286.png,#4a235a,4071,2.676529,0.120444,0.045000
z_0149_598.714286.png,#512e5f,1858,1.221565,0.054970,0.045000
z_0149_598.714286.png,#52be80,1059,0.696252,0.031331,0.045000
z_0149_598.714286.png,#5499c7,5901,3.879684,0.174586,0.045000
z_0149_598.714286.png,#73c6b6,146,0.095989,0.004320,0.045000
z_0149_598.714286.png,#7b241c,750,0.493097,0.022189,0.045000
z_0149_598.714286.png,#82e0aa,1145,0.752794,0.033876,0.045000
z_0149_598.714286.png,#85c1e9,4049,2.662064,0.119793,0.045000
z_0149_598.714286.png,#922b21,5075,3.336621,0.150148,0.045000
z_0149_598.714286.png,#9a7d0a,5354,3.520053,0.158402,0.045000
z_0149_598.714286.png,#a2d9ce,1,0.000657,0.000030,0.045000
z_0149_598.714286.png,#a3e4d7,136,0.089415,0.004024,0.045000
z_0149_598.714286.png,#a9cce3,298,0.195924,0.008817,0.045000
z_0149_598.714286.png,#af601a,651,0.428008,0.019260,0.045000
z_0149_598.714286.png,#af7ac5,1241,0.815911,0.036716,0.045000
z_0149_598.714286.png,#b9770e,114,0.074951,0.003373,0.045000
z_0149_598.714286.png,#bb8fce,1414,0.929652,0.041834,0.045000
z_0149_598.714286.png,#cb4335,271,0.178172,0.008018,0.045000
z_0149_598.714286.png,#d2b4de,750,0.493097,0.022189,0.045000
z_0149_598.714286.png,#d35400,3074,2.021039,0.090947,0.045000
z_0149_598.714286.png,#d68910,1449,0.952663,0.042870,0.045000
z_0149_598.714286.png,#e59866,373,0.245233,0.011036,0.045000
z_0149_598.714286.png,#e74c3c,927,0.609467,0.027426,0.045000
z_0149_598.714286.png,#edbb99,1347,0.885602,0.039852,0.045000
z_0149_598.714286.png,#f1948a,112,0.073636,0.003314,0.045000
z_0149_598.714286.png,#f58231,2463,1.619329,0.072870,0.045000
z_0149_598.714286.png,#f7dc6f,708,0.465483,0.020947,0.045000
z_0149_598.714286.png,#f8c471,541,0.355687,0.016006,0.045000
z_0149_598.714286.png,#fad7a0,3058,2.010519,0.090473,0.045000
z_0150_599.725869.png,#0e6251,696,0.457594,0.020592,0.045000
z_0150_599.725869.png,#117a65,3337,2.193951,0.098728,0.045000
z_0150_599.725869.png,#145a32,1299,0.854043,0.038432,0.045000
z_0150_599.725869.png,#154360,1839,1.209073,0.054408,0.045000
z_0150_599.725869.png,#196f3d,3287,2.161078,0.097249,0.045000
z_0150_599.725869.png,#1b4f72,2446,1.608153,0.072367,0.045000
z_0150_599.725869.png,#2e4053,1606,1.055884,0.047515,0.045000
z_0150_599.725869.png,#2ecc71,121,0.079553,0.003580,0.045000
z_0150_599.725869.png,#3b3b98,1449,0.952663,0.042870,0.045000
z_0150_599.725869.png,#45b39d,37,0.024326,0.001095,0.045000
z_0150_599.725869.png,#48c9b0,3208,2.109139,0.094911,0.045000
z_0150_599.725869.png,#4a235a,3793,2.493754,0.112219,0.045000
z_0150_599.725869.png,#512e5f,1786,1.174227,0.052840,0.045000
z_0150_599.725869.png,#52be80,1195,0.785667,0.035355,0.045000
z_0150_599.725869.png,#5499c7,6280,4.128863,0.185799,0.045000
z_0150_599.725869.png,#73c6b6,139,0.091387,0.004112,0.045000
z_0150_599.725869.png,#7b241c,678,0.445759,0.020059,0.045000
z_0150_599.725869.png,#82e0aa,1156,0.760026,0.034201,0.045000
z_0150_599.725869.png,#85c1e9,3884,2.553583,0.114911,0.045000
z_0150_599.725869.png,#922b21,5057,3.324786,0.149615,0.045000
z_0150_599.725869.png,#9a7d0a,6124,4.026298,0.181183,0.045000
z_0150_599.725869.png,#a2d9ce,1,0.000657,0.000030,0.045000
z_0150_599.725869.png,#a3e4d7,138,0.090730,0.004083,0.045000
z_0150_599.725869.png,#a9cce3,232,0.152531,0.006864,0.045000
z_0150_599.725869.png,#af601a,715,0.470085,0.021154,0.045000
z_0150_599.725869.png,#af7ac5,1170,0.769231,0.034615,0.045000
z_0150_599.725869.png,#b9770e,132,0.086785,0.003905,0.045000
z_0150_599.725869.png,#bb8fce,1396,0.917817,0.041302,0.045000
z_0150_599.725869.png,#cb4335,238,0.156476,0.007041,0.045000
z_0150_599.725869.png,#d2b4de,723,0.475345,0.021391,0.045000
z_0150_599.725869.png,#d35400,2936,1.930309,0.086864,0.045000
z_0150_599.725869.png,#d68910,1434,0.942801,0.042426,0.045000
z_0150_599.725869.png,#e59866,323,0.212360,0.009556,0.045000
z_0150_599.725869.png,#e74c3c,974,0.640368,0.028817,0.045000
z_0150_599.725869.png,#edbb99,1202,0.790270,0.035562,0.045000
z_0150_599.725869.png,#f1948a,116,0.076266,0.003432,0.045000
z_0150_599.725869.png,#f58231,2283,1.500986,0.067544,0.045000
z_0150_599.725869.png,#f7dc6f,707,0.464826,0.020917,0.045000
z_0150_599.725869.png,#f8c471,513,0.337278,0.015178,0.045000
z_0150_599.725869.png,#fad7a0,3243,2.132150,0.095947,0.045000
z_0151_600.737452.png,#0e6251,702,0.461538,0.020769,0.045000
z_0151_600.737452.png,#117a65,3374,2.218277,0.099822,0.045000
z_0151_600.737452.png,#145a32,1211,0.796187,0.035828,0.045000
z_0151_600.737452.png,#154360,1766,1.161078,0.052249,0.045000
z_0151_600.737452.png,#196f3d,3453,2.270217,0.102160,0.045000
z_0151_600.737452.png,#1b4f72,2564,1.685733,0.075858,0.045000
z_0151_600.737452.png,#2e4053,1722,1.132150,0.050947,0.045000
z_0151_600.737452.png,#2ecc71,186,0.122288,0.005503,0.045000
z_0151_600.737452.png,#3b3b98,1439,0.946088,0.042574,0.045000
z_0151_600.737452.png,#45b39d,34,0.022354,0.001006,0.045000
z_0151_600.737452.png,#48c9b0,2986,1.963182,0.088343,0.045000
z_0151_600.737452.png,#4a235a,3537,2.325444,0.104645,0.045000
z_0151_600.737452.png,#512e5f,1721,1.131492,0.050917,0.045000
z_0151_600.737452.png,#52be80,1395,0.917160,0.041272,0.045000
z_0151_600.737452.png,#5499c7,6687,4.396450,0.197840,0.045000
z_0151_600.737452.png,#73c6b6,146,0.095989,0.004320,0.045000
z_0151_600.737452.png,#7b241c,714,0.469428,0.021124,0.045000
z_0151_600.737452.png,#82e0aa,1117,0.734385,0.033047,0.045000
z_0151_600.737452.png,#85c1e9,3864,2.540434,0.114320,0.045000
z_0151_600.737452.png,#922b21,4934,3.243918,0.145976,0.045000
z_0151_600.737452.png,#9a7d0a,6816,4.481262,0.201657,0.045000
z_0151_600.737452.png,#a3e4d7,151,0.099277,0.004467,0.045000
z_0151_600.737452.png,#a9cce3,194,0.127548,0.005740,0.045000
z_0151_600.737452.png,#af601a,761,0.500329,0.022515,0.045000
z_0151_600.737452.png,#af7ac5,1043,0.685733,0.030858,0.045000
z_0151_600.737452.png,#b9770e,122,0.080210,0.003609,0.045000
z_0151_600.737452.png,#bb8fce,1457,0.957922,0.043107,0.045000
z_0151_600.737452.png,#cb4335,211,0.138725,0.006243,0.045000
z_0151_600.737452.png,#d2b4de,758,0.498356,0.022426,0.045000
z_0151_600.737452.png,#d35400,3084,2.027613,0.091243,0.045000
z_0151_600.737452.png,#d68910,1601,1.052597,0.047367,0.045000
z_0151_600.737452.png,#e59866,258,0.169625,0.007633,0.045000
z_0151_600.737452.png,#e74c3c,999,0.656805,0.029556,0.045000
z_0151_600.737452.png,#edbb99,1063,0.698882,0.031450,0.045000
z_0151_600.737452.png,#f1948a,123,0.080868,0.003639,0.045000
z_0151_600.737452.png,#f58231,2135,1.403682,0.063166,0.045000
z_0151_600.737452.png,#f7dc6f,716,0.470743,0.021183,0.045000
z_0151_600.737452.png,#f8c471,536,0.352400,0.015858,0.045000
z_0151_600.737452.png,#fad7a0,3312,2.177515,0.097988,0.045000
z_0152_601.749035.png,#0e6251,714,0.469428,0.021124,0.045000
z_0152_601.749035.png,#117a65,3464,2.277449,0.102485,0.045000
z_0152_601.749035.png,#145a32,1200,0.788955,0.035503,0.045000
z_0152_601.749035.png,#154360,1857,1.220907,0.054941,0.045000
z_0152_601.749035.png,#196f3d,3571,2.347798,0.105651,0.045000
z_0152_601.749035.png,#1b4f72,2675,1.758711,0.079142,0.045000
z_0152_601.749035.png,#2e4053,1837,1.207758,0.054349,0.045000
z_0152_601.749035.png,#2ecc71,251,0.165023,0.007426,0.045000
z_0152_601.749035.png,#3b3b98,1398,0.919132,0.041361,0.045000
z_0152_601.749035.png,#45b39d,48,0.031558,0.001420,0.045000
z_0152_601.749035.png,#48c9b0,2798,1.839579,0.082781,0.045000
z_0152_601.749035.png,#4a235a,3359,2.208416,0.099379,0.045000
z_0152_601.749035.png,#512e5f,1568,1.030901,0.046391,0.045000
z_0152_601.749035.png,#52be80,1562,1.026956,0.046213,0.045000
z_0152_601.749035.png,#5499c7,6917,4.547666,0.204645,0.045000
z_0152_601.749035.png,#73c6b6,153,0.100592,0.004527,0.045000
z_0152_601.749035.png,#7b241c,763,0.501644,0.022574,0.045000
z_0152_601.749035.png,#82e0aa,1143,0.751479,0.033817,0.045000
z_0152_601.749035.png,#85c1e9,3836,2.522025,0.113491,0.045000
z_0152_601.749035.png,#922b21,4831,3.176200,0.142929,0.045000
z_0152_601.749035.png,#9a7d0a,7774,5.111111,0.230000,0.045000
z_0152_601.749035.png,#a2d9ce,1,0.000657,0.000030,0.045000
z_0152_601.749035.png,#a3e4d7,158,0.103879,0.004675,0.045000
z_0152_601.749035.png,#a9cce3,209,0.137410,0.006183,0.045000
z_0152_601.749035.png,#af601a,804,0.528600,0.023787,0.045000
z_0152_601.749035.png,#af7ac5,906,0.595661,0.026805,0.045000
z_0152_601.749035.png,#b9770e,121,0.079553,0.003580,0.045000
z_0152_601.749035.png,#bb8fce,1381,0.907955,0.040858,0.045000
z_0152_601.749035.png,#cb4335,192,0.126233,0.005680,0.045000
z_0152_601.749035.png,#d2b4de,716,0.470743,0.021183,0.045000
z_0152_601.749035.png,#d35400,3137,2.062459,0.092811,0.045000
z_0152_601.749035.png,#d68910,1683,1.106509,0.049793,0.045000
z_0152_601.749035.png,#e59866,233,0.153189,0.006893,0.045000
z_0152_601.749035.png,#e74c3c,1000,0.657462,0.029586,0.045000
z_0152_601.749035.png,#edbb99,855,0.562130,0.025296,0.045000
z_0152_601.749035.png,#f1948a,125,0.082183,0.003698,0.045000
z_0152_601.749035.png,#f58231,2100,1.380671,0.062130,0.045000
z_0152_601.749035.png,#f7dc6f,725,0.476660,0.021450,0.045000
z_0152_601.749035.png,#f8c471,550,0.361604,0.016272,0.045000
z_0152_601.749035.png,#fad7a0,3255,2.140039,0.096302,0.045000
z_0153_602.760618.png,#0e6251,693,0.455621,0.020503,0.045000
z_0153_602.760618.png,#117a65,3222,2.118343,0.095325,0.045000
z_0153_602.760618.png,#145a32,1135,0.746220,0.033580,0.045000
z_0153_602.760618.png,#154360,1905,1.252465,0.056361,0.045000
z_0153_602.760618.png,#196f3d,3641,2.393820,0.107722,0.045000
z_0153_602.760618.png,#1b4f72,2571,1.690335,0.076065,0.045000
z_0153_602.760618.png,#2e4053,1928,1.267587,0.057041,0.045000
z_0153_602.760618.png,#2ecc71,321,0.211045,0.009497,0.045000
z_0153_602.760618.png,#3b3b98,1190,0.782380,0.035207,0.045000
z_0153_602.760618.png,#45b39d,56,0.036818,0.001657,0.045000
z_0153_602.760618.png,#48c9b0,2784,1.830375,0.082367,0.045000
z_0153_602.760618.png,#4a235a,3220,2.117028,0.095266,0.045000
z_0153_602.760618.png,#512e5f,1469,0.965812,0.043462,0.045000
z_0153_602.760618.png,#52be80,1605,1.055227,0.047485,0.045000
z_0153_602.760618.png,#5499c7,7108,4.673241,0.210296,0.045000
z_0153_602.760618.png,#73c6b6,176,0.115713,0.005207,0.045000
z_0153_602.760618.png,#7b241c,746,0.490467,0.022071,0.045000
z_0153_602.760618.png,#82e0aa,1134,0.745562,0.033550,0.045000
z_0153_602.760618.png,#85c1e9,3603,2.368836,0.106598,0.045000
z_0153_602.760618.png,#922b21,4633,3.046022,0.137071,0.045000
z_0153_602.760618.png,#9a7d0a,8436,5.546351,0.249586,0.045000
z_0153_602.760618.png,#a2d9ce,1,0.000657,0.000030,0.045000
z_0153_602.760618.png,#a3e4d7,143,0.094017,0.004231,0.045000
z_0153_602.760618.png,#a9cce3,190,0.124918,0.005621,0.045000
z_0153_602.760618.png,#af601a,879,0.577909,0.026006,0.045000
z_0153_602.760618.png,#af7ac5,827,0.543721,0.024467,0.045000
z_0153_602.760618.png,#b9770e,114,0.074951,0.003373,0.045000
z_0153_602.760618.png,#bb8fce,1408,0.925707,0.041657,0.045000
z_0153_602.760618.png,#cb4335,230,0.151216,0.006805,0.045000
z_0153_602.760618.png,#d2b4de,679,0.446417,0.020089,0.045000
z_0153_602.760618.png,#d35400,3196,2.101249,0.094556,0.045000
z_0153_602.760618.png,#d68910,1798,1.182117,0.053195,0.045000
z_0153_602.760618.png,#e59866,234,0.153846,0.006923,0.045000
z_0153_602.760618.png,#e74c3c,1049,0.689678,0.031036,0.045000
z_0153_602.760618.png,#edbb99,838,0.550953,0.024793,0.045000
z_0153_602.760618.png,#f1948a,118,0.077581,0.003491,0.045000
z_0153_602.760618.png,#f58231,1989,1.307692,0.058846,0.045000
z_0153_602.760618.png,#f7dc6f,752,0.494412,0.022249,0.045000
z_0153_602.760618.png,#f8c471,624,0.410256,0.018462,0.045000
z_0153_602.760618.png,#fad7a0,3085,2.028271,0.091272,0.045000
z_0154_603.772201.png,#0e6251,653,0.429323,0.019320,0.045000
z_0154_603.772201.png,#117a65,3327,2.187377,0.098432,0.045000
z_0154_603.772201.png,#145a32,1101,0.723866,0.032574,0.045000
z_0154_603.772201.png,#154360,2024,1.330703,0.059882,0.045000
z_0154_603.772201.png,#196f3d,3767,2.476660,0.111450,0.045000
z_0154_603.772201.png,#1b4f72,2537,1.667982,0.075059,0.045000
z_0154_603.772201.png,#2e4053,2001,1.315582,0.059201,0.045000
z_0154_603.772201.png,#2ecc71,376,0.247206,0.011124,0.045000
z_0154_603.772201.png,#3b3b98,1095,0.719921,0.032396,0.045000
z_0154_603.772201.png,#45b39d,96,0.063116,0.002840,0.045000
z_0154_603.772201.png,#48c9b0,2765,1.817883,0.081805,0.045000
z_0154_603.772201.png,#4a235a,3265,2.146614,0.096598,0.045000
z_0154_603.772201.png,#512e5f,1460,0.959895,0.043195,0.045000
z_0154_603.772201.png,#52be80,1678,1.103222,0.049645,0.045000
z_0154_603.772201.png,#5499c7,6823,4.485865,0.201864,0.045000
z_0154_603.772201.png,#73c6b6,186,0.122288,0.005503,0.045000
z_0154_603.772201.png,#7b241c,767,0.504274,0.022692,0.045000
z_0154_603.772201.png,#82e0aa,1357,0.892176,0.040148,0.045000
z_0154_603.772201.png,#85c1e9,3618,2.378698,0.107041,0.045000
z_0154_603.772201.png,#922b21,4425,2.909270,0.130917,0.045000
z_0154_603.772201.png,#9a7d0a,9055,5.953320,0.267899,0.045000
z_0154_603.772201.png,#a2d9ce,3,0.001972,0.000089,0.045000
z_0154_603.772201.png,#a3e4d7,146,0.095989,0.004320,0.045000
z_0154_603.772201.png,#a9cce3,167,0.109796,0.004941,0.045000
z_0154_603.772201.png,#af601a,392,0.257725,0.011598,0.045000
z_0154_603.772201.png,#af7ac5,758,0.498356,0.022426,0.045000
z_0154_603.772201.png,#b9770e,129,0.084813,0.003817,0.045000
z_0154_603.772201.png,#bb8fce,1398,0.919132,0.041361,0.045000
z_0154_603.772201.png,#cb4335,252,0.165680,0.007456,0.045000
z_0154_603.772201.png,#d2b4de,715,0.470085,0.021154,0.045000
z_0154_603.772201.png,#d35400,3315,2.179487,0.098077,0.045000
z_0154_603.772201.png,#d68910,1988,1.307035,0.058817,0.045000
z_0154_603.772201.png,#e59866,258,0.169625,0.007633,0.045000
z_0154_603.772201.png,#e74c3c,1048,0.689020,0.031006,0.045000
z_0154_603.772201.png,#edbb99,859,0.564760,0.025414,0.045000
z_0154_603.772201.png,#f1948a,113,0.074293,0.003343,0.045000
z_0154_603.772201.png,#f58231,2001,1.315582,0.059201,0.045000
z_0154_603.772201.png,#f7dc6f,734,0.482577,0.021716,0.045000
z_0154_603.772201.png,#f8c471,629,0.413544,0.018609,0.045000
z_0154_603.772201.png,#fad7a0,2854,1.876397,0.084438,0.045000
z_0155_604.783784.png,#0e6251,639,0.420118,0.018905,0.045000
z_0155_604.783784.png,#117a65,3447,2.266272,0.101982,0.045000
z_0155_604.783784.png,#145a32,987,0.648915,0.029201,0.045000
z_0155_604.783784.png,#154360,2197,1.444444,0.065000,0.045000
z_0155_604.783784.png,#196f3d,3771,2.479290,0.111568,0.045000
z_0155_604.783784.png,#1b4f72,2727,1.792899,0.080680,0.045000
z_0155_604.783784.png,#2e4053,2059,1.353715,0.060917,0.045000
z_0155_604.783784.png,#2ecc71,430,0.282709,0.012722,0.045000
z_0155_604.783784.png,#3b3b98,1062,0.698225,0.031420,0.045000
z_0155_604.783784.png,#45b39d,156,0.102564,0.004615,0.045000
z_0155_604.783784.png,#48c9b0,2616,1.719921,0.077396,0.045000
z_0155_604.783784.png,#4a235a,3276,2.153846,0.096923,0.045000
z_0155_604.783784.png,#512e5f,1412,0.928337,0.041775,0.045000
z_0155_604.783784.png,#52be80,1720,1.130835,0.050888,0.045000
z_0155_604.783784.png,#5499c7,6292,4.136752,0.186154,0.045000
z_0155_604.783784.png,#73c6b6,217,0.142669,0.006420,0.045000
z_0155_604.783784.png,#7b241c,833,0.547666,0.024645,0.045000
z_0155_604.783784.png,#82e0aa,1573,1.034188,0.046538,0.045000
z_0155_604.783784.png,#85c1e9,3804,2.500986,0.112544,0.045000
z_0155_604.783784.png,#922b21,3952,2.598291,0.116923,0.045000
z_0155_604.783784.png,#9a7d0a,9698,6.376068,0.286923,0.045000
z_0155_604.783784.png,#a2d9ce,4,0.002630,0.000118,0.045000
z_0155_604.783784.png,#a3e4d7,148,0.097304,0.004379,0.045000
z_0155_604.783784.png,#a9cce3,156,0.102564,0.004615,0.045000
z_0155_604.783784.png,#af601a,351,0.230769,0.010385,0.045000
z_0155_604.783784.png,#af7ac5,714,0.469428,0.021124,0.045000
z_0155_604.783784.png,#b9770e,137,0.090072,0.004053,0.045000
z_0155_604.783784.png,#bb8fce,1384,0.909928,0.040947,0.045000
z_0155_604.783784.png,#cb4335,257,0.168968,0.007604,0.045000
z_0155_604.783784.png,#d2b4de,695,0.456936,0.020562,0.045000
z_0155_604.783784.png,#d35400,3311,2.176857,0.097959,0.045000
z_0155_604.783784.png,#d68910,2236,1.470085,0.066154,0.045000
z_0155_604.783784.png,#e59866,249,0.163708,0.007367,0.045000
z_0155_604.783784.png,#e74c3c,974,0.640368,0.028817,0.045000
z_0155_604.783784.png,#edbb99,901,0.592373,0.026657,0.045000
z_0155_604.783784.png,#f1948a,103,0.067719,0.003047,0.045000
z_0155_604.783784.png,#f58231,1912,1.257068,0.056568,0.045000
z_0155_604.783784.png,#f7dc6f,716,0.470743,0.021183,0.045000
z_0155_604.783784.png,#f8c471,624,0.410256,0.018462,0.045000
z_0155_604.783784.png,#fad7a0,2437,1.602235,0.072101,0.045000
z_0156_605.795367.png,#0e6251,636,0.418146,0.018817,0.045000
z_0156_605.795367.png,#117a65,3441,2.262327,0.101805,0.045000
z_0156_605.795367.png,#145a32,991,0.651545,0.029320,0.045000
z_0156_605.795367.png,#154360,2196,1.443787,0.064970,0.045000
z_0156_605.795367.png,#196f3d,3766,2.476003,0.111420,0.045000
z_0156_605.795367.png,#1b4f72,2735,1.798159,0.080917,0.045000
z_0156_605.795367.png,#2e4053,2053,1.349770,0.060740,0.045000
z_0156_605.795367.png,#2ecc71,432,0.284024,0.012781,0.045000
z_0156_605.795367.png,#3b3b98,1062,0.698225,0.031420,0.045000
z_0156_605.795367.png,#45b39d,159,0.104536,0.004704,0.045000
z_0156_605.795367.png,#48c9b0,2613,1.717949,0.077308,0.045000
z_0156_605.795367.png,#4a235a,3279,2.155819,0.097012,0.045000
z_0156_605.795367.png,#512e5f,1410,0.927022,0.041716,0.045000
z_0156_605.795367.png,#52be80,1715,1.127548,0.050740,0.045000
z_0156_605.795367.png,#5499c7,6302,4.143327,0.186450,0.045000
z_0156_605.795367.png,#73c6b6,222,0.145957,0.006568,0.045000
z_0156_605.795367.png,#7b241c,827,0.543721,0.024467,0.045000
z_0156_605.795367.png,#82e0aa,1580,1.038790,0.046746,0.045000
z_0156_605.795367.png,#85c1e9,3803,2.500329,0.112515,0.045000
z_0156_605.795367.png,#922b21,3959,2.602893,0.117130,0.045000
z_0156_605.795367.png,#9a7d0a,9704,6.380013,0.287101,0.045000
z_0156_605.795367.png,#a2d9ce,2,0.001315,0.000059,0.045000
z_0156_605.795367.png,#a3e4d7,148,0.097304,0.004379,0.045000
z_0156_605.795367.png,#a9cce3,157,0.103222,0.004645,0.045000
z_0156_605.795367.png,#af601a,349,0.229454,0.010325,0.045000
z_0156_605.795367.png,#af7ac5,710,0.466798,0.021006,0.045000
z_0156_605.795367.png,#b9770e,140,0.092045,0.004142,0.045000
z_0156_605.795367.png,#bb8fce,1387,0.911900,0.041036,0.045000
z_0156_605.795367.png,#cb4335,258,0.169625,0.007633,0.045000
z_0156_605.795367.png,#d2b4de,690,0.453649,0.020414,0.045000
z_0156_605.795367.png,#d35400,3304,2.172255,0.097751,0.045000
z_0156_605.795367.png,#d68910,2246,1.476660,0.066450,0.045000
z_0156_605.795367.png,#e59866,247,0.162393,0.007308,0.045000
z_0156_605.795367.png,#e74c3c,978,0.642998,0.028935,0.045000
z_0156_605.795367.png,#edbb99,906,0.595661,0.026805,0.045000
z_0156_605.795367.png,#f1948a,103,0.067719,0.003047,0.045000
z_0156_605.795367.png,#f58231,1920,1.262327,0.056805,0.045000
z_0156_605.795367.png,#f7dc6f,714,0.469428,0.021124,0.045000
z_0156_605.795367.png,#f8c471,628,0.412886,0.018580,0.045000
z_0156_605.795367.png,#fad7a0,2440,1.604208,0.072189,0.045000
z_0157_606.806950.png,#0e6251,549,0.360947,0.016243,0.045000
z_0157_606.806950.png,#117a65,4294,2.823143,0.127041,0.045000
z_0157_606.806950.png,#145a32,883,0.580539,0.026124,0.045000
z_0157_606.806950.png,#154360,2466,1.621302,0.072959,0.045000
z_0157_606.806950.png,#196f3d,4096,2.692965,0.121183,0.045000
z_0157_606.806950.png,#1b4f72,3356,2.206443,0.099290,0.045000
z_0157_606.806950.png,#2e4053,2187,1.437870,0.064704,0.045000
z_0157_606.806950.png,#2ecc71,551,0.362262,0.016302,0.045000
z_0157_606.806950.png,#3b3b98,930,0.611440,0.027515,0.045000
z_0157_606.806950.png,#45b39d,342,0.224852,0.010118,0.045000
z_0157_606.806950.png,#48c9b0,2416,1.588429,0.071479,0.045000
z_0157_606.806950.png,#4a235a,3178,2.089415,0.094024,0.045000
z_0157_606.806950.png,#512e5f,1990,1.308350,0.058876,0.045000
z_0157_606.806950.png,#52be80,1769,1.163051,0.052337,0.045000
z_0157_606.806950.png,#5499c7,6399,4.207101,0.189320,0.045000
z_0157_606.806950.png,#73c6b6,244,0.160421,0.007219,0.045000
z_0157_606.806950.png,#7b241c,743,0.488494,0.021982,0.045000
z_0157_606.806950.png,#82e0aa,1921,1.262985,0.056834,0.045000
z_0157_606.806950.png,#85c1e9,4123,2.710717,0.121982,0.045000
z_0157_606.806950.png,#922b21,3523,2.316239,0.104231,0.045000
z_0157_606.806950.png,#9a7d0a,11540,7.587114,0.341420,0.045000
z_0157_606.806950.png,#a2d9ce,2,0.001315,0.000059,0.045000
z_0157_606.806950.png,#a3e4d7,197,0.129520,0.005828,0.045000
z_0157_606.806950.png,#a9cce3,263,0.172913,0.007781,0.045000
z_0157_606.806950.png,#af601a,980,0.644313,0.028994,0.045000
z_0157_606.806950.png,#af7ac5,482,0.316897,0.014260,0.045000
z_0157_606.806950.png,#b9770e,249,0.163708,0.007367,0.045000
z_0157_606.806950.png,#bb8fce,1396,0.917817,0.041302,0.045000
z_0157_606.806950.png,#cb4335,251,0.165023,0.007426,0.045000
z_0157_606.806950.png,#d2b4de,645,0.424063,0.019083,0.045000
z_0157_606.806950.png,#d35400,3818,2.510191,0.112959,0.045000
z_0157_606.806950.png,#d68910,2550,1.676529,0.075444,0.045000
z_0157_606.806950.png,#e59866,258,0.169625,0.007633,0.045000
z_0157_606.806950.png,#e74c3c,977,0.642341,0.028905,0.045000
z_0157_606.806950.png,#edbb99,1264,0.831032,0.037396,0.045000
z_0157_606.806950.png,#f1948a,112,0.073636,0.003314,0.045000
z_0157_606.806950.png,#f58231,1587,1.043393,0.046953,0.045000
z_0157_606.806950.png,#f7dc6f,626,0.411571,0.018521,0.045000
z_0157_606.806950.png,#f8c471,900,0.591716,0.026627,0.045000
z_0157_606.806950.png,#fad7a0,1839,1.209073,0.054408,0.045000
z_0158_607.818533.png,#0e6251,544,0.357659,0.016095,0.045000
z_0158_607.818533.png,#117a65,4290,2.820513,0.126923,0.045000
z_0158_607.818533.png,#145a32,879,0.577909,0.026006,0.045000
z_0158_607.818533.png,#154360,2454,1.613412,0.072604,0.045000
z_0158_607.818533.png,#196f3d,4094,2.691650,0.121124,0.045000
z_0158_607.818533.png,#1b4f72,3358,2.207758,0.099349,0.045000
z_0158_607.818533.png,#2e4053,2190,1.439842,0.064793,0.045000
z_0158_607.818533.png,#2ecc71,550,0.361604,0.016272,0.045000
z_0158_607.818533.png,#3b3b98,927,0.609467,0.027426,0.045000
z_0158_607.818533.png,#45b39d,338,0.222222,0.010000,0.045000
z_0158_607.818533.png,#48c9b0,2419,1.590401,0.071568,0.045000
z_0158_607.818533.png,#4a235a,3197,2.101907,0.094586,0.045000
z_0158_607.818533.png,#512e5f,1992,1.309665,0.058935,0.045000
z_0158_607.818533.png,#52be80,1773,1.165680,0.052456,0.045000
z_0158_607.818533.png,#5499c7,6401,4.208416,0.189379,0.045000
z_0158_607.818533.png,#73c6b6,247,0.162393,0.007308,0.045000
z_0158_607.818533.png,#7b241c,740,0.486522,0.021893,0.045000
z_0158_607.818533.png,#82e0aa,1917,1.260355,0.056716,0.045000
z_0158_607.818533.png,#85c1e9,4112,2.703485,0.121657,0.045000
z_0158_607.818533.png,#922b21,3523,2.316239,0.104231,0.045000
z_0158_607.818533.png,#9a7d0a,11572,7.608153,0.342367,0.045000
z_0158_607.818533.png,#a2d9ce,2,0.001315,0.000059,0.045000
z_0158_607.818533.png,#a3e4d7,191,0.125575,0.005651,0.045000
z_0158_607.818533.png,#a9cce3,258,0.169625,0.007633,0.045000
z_0158_607.818533.png,#af601a,973,0.639711,0.028787,0.045000
z_0158_607.818533.png,#af7ac5,484,0.318212,0.014320,0.045000
z_0158_607.818533.png,#b9770e,257,0.168968,0.007604,0.045000
z_0158_607.818533.png,#bb8fce,1395,0.917160,0.041272,0.045000
z_0158_607.818533.png,#cb4335,247,0.162393,0.007308,0.045000
z_0158_607.818533.png,#d2b4de,640,0.420776,0.018935,0.045000
z_0158_607.818533.png,#d35400,3828,2.516765,0.113254,0.045000
z_0158_607.818533.png,#d68910,2535,1.666667,0.075000,0.045000
z_0158_607.818533.png,#e59866,258,0.169625,0.007633,0.045000
z_0158_607.818533.png,#e74c3c,980,0.644313,0.028994,0.045000
z_0158_607.818533.png,#edbb99,1263,0.830375,0.037367,0.045000
z_0158_607.818533.png,#f1948a,110,0.072321,0.003254,0.045000
z_0158_607.818533.png,#f58231,1593,1.047337,0.047130,0.045000
z_0158_607.818533.png,#f7dc6f,647,0.425378,0.019142,0.045000
z_0158_607.818533.png,#f8c471,900,0.591716,0.026627,0.045000
z_0158_607.818533.png,#fad7a0,1836,1.207101,0.054320,0.045000
z_0159_608.830116.png,#0e6251,534,0.351085,0.015799,0.045000
z_0159_608.830116.png,#117a65,4475,2.942143,0.132396,0.045000
z_0159_608.830116.png,#145a32,884,0.581197,0.026154,0.045000
z_0159_608.830116.png,#154360,2416,1.588429,0.071479,0.045000
z_0159_608.830116.png,#196f3d,4188,2.753452,0.123905,0.045000
z_0159_608.830116.png,#1b4f72,3263,2.145299,0.096538,0.045000
z_0159_608.830116.png,#2e4053,2113,1.389218,0.062515,0.045000
z_0159_608.830116.png,#2ecc71,581,0.381986,0.017189,0.045000
z_0159_608.830116.png,#3b3b98,862,0.566732,0.025503,0.045000
z_0159_608.830116.png,#45b39d,545,0.358317,0.016124,0.045000
z_0159_608.830116.png,#48c9b0,2258,1.484550,0.066805,0.045000
z_0159_608.830116.png,#4a235a,3501,2.301775,0.103580,0.045000
z_0159_608.830116.png,#512e5f,2100,1.380671,0.062130,0.045000
z_0159_608.830116.png,#52be80,1791,1.177515,0.052988,0.045000
z_0159_608.830116.png,#5499c7,6106,4.014464,0.180651,0.045000
z_0159_608.830116.png,#73c6b6,254,0.166995,0.007515,0.045000
z_0159_608.830116.png,#7b241c,729,0.479290,0.021568,0.045000
z_0159_608.830116.png,#82e0aa,1865,1.226167,0.055178,0.045000
z_0159_608.830116.png,#85c1e9,4193,2.756739,0.124053,0.045000
z_0159_608.830116.png,#922b21,3414,2.244576,0.101006,0.045000
z_0159_608.830116.png,#9a7d0a,11743,7.720579,0.347426,0.045000
z_0159_608.830116.png,#a2d9ce,6,0.003945,0.000178,0.045000
z_0159_608.830116.png,#a3e4d7,193,0.126890,0.005710,0.045000
z_0159_608.830116.png,#a9cce3,332,0.218277,0.009822,0.045000
z_0159_608.830116.png,#af601a,780,0.512821,0.023077,0.045000
z_0159_608.830116.png,#af7ac5,393,0.258383,0.011627,0.045000
z_0159_608.830116.png,#b9770e,317,0.208416,0.009379,0.045000
z_0159_608.830116.png,#bb8fce,1379,0.906640,0.040799,0.045000
z_0159_608.830116.png,#cb4335,240,0.157791,0.007101,0.045000
z_0159_608.830116.png,#d2b4de,677,0.445102,0.020030,0.045000
z_0159_608.830116.png,#d35400,3964,2.606180,0.117278,0.045000
z_0159_608.830116.png,#d68910,2913,1.915187,0.086183,0.045000
z_0159_608.830116.png,#e59866,243,0.159763,0.007189,0.045000
z_0159_608.830116.png,#e74c3c,1020,0.670611,0.030178,0.045000
z_0159_608.830116.png,#edbb99,1389,0.913215,0.041095,0.045000
z_0159_608.830116.png,#f1948a,97,0.063774,0.002870,0.045000
z_0159_608.830116.png,#f58231,1447,0.951348,0.042811,0.045000
z_0159_608.830116.png,#f7dc6f,338,0.222222,0.010000,0.045000
z_0159_608.830116.png,#f8c471,1016,0.667982,0.030059,0.045000
z_0159_608.830116.png,#fad7a0,1819,1.195924,0.053817,0.045000
z_0160_609.841699.png,#0e6251,519,0.341223,0.015355,0.045000
z_0160_609.841699.png,#117a65,4928,3.239974,0.145799,0.045000
z_0160_609.841699.png,#145a32,901,0.592373,0.026657,0.045000
z_0160_609.841699.png,#154360,2406,1.581854,0.071183,0.045000
z_0160_609.841699.png,#196f3d,4349,2.859303,0.128669,0.045000
z_0160_609.841699.png,#1b4f72,3311,2.176857,0.097959,0.045000
z_0160_609.841699.png,#2e4053,2128,1.399080,0.062959,0.045000
z_0160_609.841699.png,#2ecc71,620,0.407627,0.018343,0.045000
z_0160_609.841699.png,#3b3b98,853,0.560815,0.025237,0.045000
z_0160_609.841699.png,#45b39d,622,0.408941,0.018402,0.045000
z_0160_609.841699.png,#48c9b0,2175,1.429980,0.064349,0.045000
z_0160_609.841699.png,#4a235a,3531,2.321499,0.104467,0.045000
z_0160_609.841699.png,#512e5f,2176,1.430638,0.064379,0.045000
z_0160_609.841699.png,#52be80,1781,1.170940,0.052692,0.045000
z_0160_609.841699.png,#5499c7,5940,3.905325,0.175740,0.045000
z_0160_609.841699.png,#73c6b6,264,0.173570,0.007811,0.045000
z_0160_609.841699.png,#7b241c,733,0.481920,0.021686,0.045000
z_0160_609.841699.png,#82e0aa,1841,1.210388,0.054467,0.045000
z_0160_609.841699.png,#85c1e9,4316,2.837607,0.127692,0.045000
z_0160_609.841699.png,#922b21,3854,2.533859,0.114024,0.045000
z_0160_609.841699.png,#9a7d0a,11841,7.785010,0.350325,0.045000
z_0160_609.841699.png,#a2d9ce,3,0.001972,0.000089,0.045000
z_0160_609.841699.png,#a3e4d7,254,0.166995,0.007515,0.045000
z_0160_609.841699.png,#a9cce3,400,0.262985,0.011834,0.045000
z_0160_609.841699.png,#af601a,872,0.573307,0.025799,0.045000
z_0160_609.841699.png,#af7ac5,326,0.214333,0.009645,0.045000
z_0160_609.841699.png,#b9770e,361,0.237344,0.010680,0.045000
z_0160_609.841699.png,#bb8fce,1340,0.880999,0.039645,0.045000
z_0160_609.841699.png,#cb4335,220,0.144642,0.006509,0.045000
z_0160_609.841699.png,#d2b4de,638,0.419461,0.018876,0.045000
z_0160_609.841699.png,#d35400,4234,2.783695,0.125266,0.045000
z_0160_609.841699.png,#d68910,3461,2.275477,0.102396,0.045000
z_0160_609.841699.png,#e59866,207,0.136095,0.006124,0.045000
z_0160_609.841699.png,#e74c3c,1039,0.683103,0.030740,0.045000
z_0160_609.841699.png,#edbb99,1623,1.067061,0.048018,0.045000
z_0160_609.841699.png,#f1948a,103,0.067719,0.003047,0.045000
z_0160_609.841699.png,#f58231,1455,0.956607,0.043047,0.045000
z_0160_609.841699.png,#f7dc6f,243,0.159763,0.007189,0.045000
z_0160_609.841699.png,#f8c471,1186,0.779750,0.035089,0.045000
z_0160_609.841699.png,#fad7a0,1770,1.163708,0.052367,0.045000
z_0161_610.853282.png,#0e6251,477,0.313609,0.014112,0.045000
z_0161_610.853282.png,#117a65,5080,3.339908,0.150296,0.045000
z_0161_610.853282.png,#145a32,865,0.568705,0.025592,0.045000
z_0161_610.853282.png,#154360,2446,1.608153,0.072367,0.045000
z_0161_610.853282.png,#196f3d,4504,2.961210,0.133254,0.045000
z_0161_610.853282.png,#1b4f72,3489,2.293886,0.103225,0.045000
z_0161_610.853282.png,#2e4053,2231,1.466798,0.066006,0.045000
z_0161_610.853282.png,#2ecc71,626,0.411571,0.018521,0.045000
z_0161_610.853282.png,#3b3b98,791,0.520053,0.023402,0.045000
z_0161_610.853282.png,#45b39d,650,0.427350,0.019231,0.045000
z_0161_610.853282.png,#48c9b0,2173,1.428665,0.064290,0.045000
z_0161_610.853282.png,#4a235a,3830,2.518080,0.113314,0.045000
z_0161_610.853282.png,#512e5f,2171,1.427350,0.064231,0.045000
z_0161_610.853282.png,#52be80,1789,1.176200,0.052929,0.045000
z_0161_610.853282.png,#5499c7,5693,3.742932,0.168432,0.045000
z_0161_610.853282.png,#73c6b6,297,0.195266,0.008787,0.045000
z_0161_610.853282.png,#7b241c,719,0.472715,0.021272,0.045000
z_0161_610.853282.png,#82e0aa,1853,1.218277,0.054822,0.045000
z_0161_610.853282.png,#85c1e9,4444,2.921762,0.131479,0.045000
z_0161_610.853282.png,#922b21,3845,2.527942,0.113757,0.045000
z_0161_610.853282.png,#9a7d0a,11485,7.550953,0.339793,0.045000
z_0161_610.853282.png,#a2d9ce,3,0.001972,0.000089,0.045000
z_0161_610.853282.png,#a3e4d7,274,0.180145,0.008107,0.045000
z_0161_610.853282.png,#a9cce3,436,0.286654,0.012899,0.045000
z_0161_610.853282.png,#af601a,2679,1.761341,0.079260,0.045000
z_0161_610.853282.png,#af7ac5,277,0.182117,0.008195,0.045000
z_0161_610.853282.png,#b9770e,425,0.279421,0.012574,0.045000
z_0161_610.853282.png,#bb8fce,1378,0.905983,0.040769,0.045000
z_0161_610.853282.png,#cb4335,257,0.168968,0.007604,0.045000
z_0161_610.853282.png,#d2b4de,680,0.447074,0.020118,0.045000
z_0161_610.853282.png,#d35400,4354,2.862590,0.128817,0.045000
z_0161_610.853282.png,#d68910,3687,2.424063,0.109083,0.045000
z_0161_610.853282.png,#e59866,136,0.089415,0.004024,0.045000
z_0161_610.853282.png,#e74c3c,1103,0.725181,0.032633,0.045000
z_0161_610.853282.png,#edbb99,1925,1.265615,0.056953,0.045000
z_0161_610.853282.png,#f1948a,204,0.134122,0.006036,0.045000
z_0161_610.853282.png,#f58231,1696,1.115056,0.050178,0.045000
z_0161_610.853282.png,#f7dc6f,223,0.146614,0.006598,0.045000
z_0161_610.853282.png,#f8c471,1462,0.961210,0.043254,0.045000
z_0161_610.853282.png,#fad7a0,1866,1.226824,0.055207,0.045000
z_0162_611.864865.png,#0e6251,428,0.281394,0.012663,0.045000
z_0162_611.864865.png,#117a65,5294,3.480605,0.156627,0.045000
z_0162_611.864865.png,#145a32,817,0.537147,0.024172,0.045000
z_0162_611.864865.png,#154360,2770,1.821170,0.081953,0.045000
z_0162_611.864865.png,#196f3d,4794,3.151874,0.141834,0.045000
z_0162_611.864865.png,#1b4f72,3622,2.381328,0.107160,0.045000
z_0162_611.864865.png,#2e4053,2190,1.439842,0.064793,0.045000
z_0162_611.864865.png,#2ecc71,520,0.341880,0.015385,0.045000
z_0162_611.864865.png,#3b3b98,776,0.510191,0.022959,0.045000
z_0162_611.864865.png,#45b39d,769,0.505588,0.022751,0.045000
z_0162_611.864865.png,#48c9b0,2138,1.405654,0.063254,0.045000
z_0162_611.864865.png,#4a235a,4205,2.764629,0.124408,0.045000
z_0162_611.864865.png,#512e5f,2122,1.395135,0.062781,0.045000
z_0162_611.864865.png,#52be80,1722,1.132150,0.050947,0.045000
z_0162_611.864865.png,#5499c7,5010,3.293886,0.148225,0.045000
z_0162_611.864865.png,#73c6b6,278,0.182774,0.008225,0.045000
z_0162_611.864865.png,#7b241c,674,0.443130,0.019941,0.045000
z_0162_611.864865.png,#82e0aa,2027,1.332676,0.059970,0.045000
z_0162_611.864865.png,#85c1e9,4746,3.120316,0.140414,0.045000
z_0162_611.864865.png,#922b21,3433,2.257068,0.101568,0.045000
z_0162_611.864865.png,#9a7d0a,10836,7.124260,0.320592,0.045000
z_0162_611.864865.png,#a2d9ce,2,0.001315,0.000059,0.045000
z_0162_611.864865.png,#a3e4d7,264,0.173570,0.007811,0.045000
z_0162_611.864865.png,#a9cce3,443,0.291256,0.013107,0.045000
z_0162_611.864865.png,#af601a,2751,1.808679,0.081391,0.045000
z_0162_611.864865.png,#af7ac5,297,0.195266,0.008787,0.045000
z_0162_611.864865.png,#b9770e,569,0.374096,0.016834,0.045000
z_0162_611.864865.png,#bb8fce,1377,0.905325,0.040740,0.045000
z_0162_611.864865.png,#cb4335,263,0.172913,0.007781,0.045000
z_0162_611.864865.png,#d2b4de,871,0.572650,0.025769,0.045000
z_0162_611.864865.png,#d35400,4507,2.963182,0.133343,0.045000
z_0162_611.864865.png,#d68910,2594,1.705457,0.076746,0.045000
z_0162_611.864865.png,#e59866,34,0.022354,0.001006,0.045000
z_0162_611.864865.png,#e74c3c,1161,0.763314,0.034349,0.045000
z_0162_611.864865.png,#edbb99,3291,2.163708,0.097367,0.045000
z_0162_611.864865.png,#f1948a,376,0.247206,0.011124,0.045000
z_0162_611.864865.png,#f58231,1702,1.119001,0.050355,0.045000
z_0162_611.864865.png,#f7dc6f,208,0.136752,0.006154,0.045000
z_0162_611.864865.png,#f8c471,1758,1.155819,0.052012,0.045000
z_0162_611.864865.png,#fad7a0,1890,1.242604,0.055917,0.045000
z_0163_612.876448.png,#0e6251,426,0.280079,0.012604,0.045000
z_0163_612.876448.png,#117a65,5291,3.478632,0.156538,0.045000
z_0163_612.876448.png,#145a32,822,0.540434,0.024320,0.045000
z_0163_612.876448.png,#154360,2782,1.829060,0.082308,0.045000
z_0163_612.876448.png,#196f3d,4805,3.159106,0.142160,0.045000
z_0163_612.876448.png,#1b4f72,3649,2.399080,0.107959,0.045000
z_0163_612.876448.png,#2e4053,2194,1.442472,0.064911,0.045000
z_0163_612.876448.png,#2ecc71,518,0.340565,0.015325,0.045000
z_0163_612.876448.png,#3b3b98,778,0.511506,0.023018,0.045000
z_0163_612.876448.png,#45b39d,771,0.506903,0.022811,0.045000
z_0163_612.876448.png,#48c9b0,2139,1.406312,0.063284,0.045000
z_0163_612.876448.png,#4a235a,4208,2.766601,0.124497,0.045000
z_0163_612.876448.png,#512e5f,2138,1.405654,0.063254,0.045000
z_0163_612.876448.png,#52be80,1718,1.129520,0.050828,0.045000
z_0163_612.876448.png,#5499c7,4964,3.263642,0.146864,0.045000
z_0163_612.876448.png,#73c6b6,278,0.182774,0.008225,0.045000
z_0163_612.876448.png,#7b241c,671,0.441157,0.019852,0.045000
z_0163_612.876448.png,#82e0aa,2024,1.330703,0.059882,0.045000
z_0163_612.876448.png,#85c1e9,4747,3.120973,0.140444,0.045000
z_0163_612.876448.png,#922b21,3454,2.270874,0.102189,0.045000
z_0163_612.876448.png,#9a7d0a,10840,7.126890,0.320710,0.045000
z_0163_612.876448.png,#a2d9ce,2,0.001315,0.000059,0.045000
z_0163_612.876448.png,#a3e4d7,269,0.176857,0.007959,0.045000
z_0163_612.876448.png,#a9cce3,439,0.288626,0.012988,0.045000
z_0163_612.876448.png,#af601a,2749,1.807364,0.081331,0.045000
z_0163_612.876448.png,#af7ac5,291,0.191321,0.008609,0.045000
z_0163_612.876448.png,#b9770e,578,0.380013,0.017101,0.045000
z_0163_612.876448.png,#bb8fce,1380,0.907298,0.040828,0.045000
z_0163_612.876448.png,#cb4335,259,0.170283,0.007663,0.045000
z_0163_612.876448.png,#d2b4de,880,0.578567,0.026036,0.045000
z_0163_612.876448.png,#d35400,4494,2.954635,0.132959,0.045000
z_0163_612.876448.png,#d68910,2581,1.696910,0.076361,0.045000
z_0163_612.876448.png,#e59866,34,0.022354,0.001006,0.045000
z_0163_612.876448.png,#e74c3c,1155,0.759369,0.034172,0.045000
z_0163_612.876448.png,#edbb99,3286,2.160421,0.097219,0.045000
z_0163_612.876448.png,#f1948a,380,0.249836,0.011243,0.045000
z_0163_612.876448.png,#f58231,1692,1.112426,0.050059,0.045000
z_0163_612.876448.png,#f7dc6f,210,0.138067,0.006213,0.045000
z_0163_612.876448.png,#f8c471,1764,1.159763,0.052189,0.045000
z_0163_612.876448.png,#fad7a0,1895,1.245891,0.056065,0.045000
z_0164_613.888031.png,#0e6251,399,0.262327,0.011805,0.045000
z_0164_613.888031.png,#117a65,5406,3.554241,0.159941,0.045000
z_0164_613.888031.png,#145a32,781,0.513478,0.023107,0.045000
z_0164_613.888031.png,#154360,3020,1.985536,0.089349,0.045000
z_0164_613.888031.png,#196f3d,4524,2.974359,0.133846,0.045000
z_0164_613.888031.png,#1b4f72,3492,2.295858,0.103314,0.045000
z_0164_613.888031.png,#2e4053,2358,1.550296,0.069763,0.045000
z_0164_613.888031.png,#2ecc71,369,0.242604,0.010917,0.045000
z_0164_613.888031.png,#3b3b98,820,0.539119,0.024260,0.045000
z_0164_613.888031.png,#45b39d,781,0.513478,0.023107,0.045000
z_0164_613.888031.png,#48c9b0,2236,1.470085,0.066154,0.045000
z_0164_613.888031.png,#4a235a,4155,2.731755,0.122929,0.045000
z_0164_613.888031.png,#512e5f,1884,1.238659,0.055740,0.045000
z_0164_613.888031.png,#52be80,1720,1.130835,0.050888,0.045000
z_0164_613.888031.png,#5499c7,4406,2.896778,0.130355,0.045000
z_0164_613.888031.png,#73c6b6,232,0.152531,0.006864,0.045000
z_0164_613.888031.png,#7b241c,716,0.470743,0.021183,0.045000
z_0164_613.888031.png,#82e0aa,2016,1.325444,0.059645,0.045000
z_0164_613.888031.png,#85c1e9,4695,3.086785,0.138905,0.045000
z_0164_613.888031.png,#922b21,3241,2.130835,0.095888,0.045000
z_0164_613.888031.png,#9a7d0a,10558,6.941486,0.312367,0.045000
z_0164_613.888031.png,#a2d9ce,4,0.002630,0.000118,0.045000
z_0164_613.888031.png,#a3e4d7,282,0.185404,0.008343,0.045000
z_0164_613.888031.png,#a9cce3,532,0.349770,0.015740,0.045000
z_0164_613.888031.png,#af601a,2785,1.831032,0.082396,0.045000
z_0164_613.888031.png,#af7ac5,258,0.169625,0.007633,0.045000
z_0164_613.888031.png,#b9770e,625,0.410914,0.018491,0.045000
z_0164_613.888031.png,#bb8fce,1338,0.879684,0.039586,0.045000
z_0164_613.888031.png,#cb4335,254,0.166995,0.007515,0.045000
z_0164_613.888031.png,#d2b4de,940,0.618014,0.027811,0.045000
z_0164_613.888031.png,#d35400,4639,3.049967,0.137249,0.045000
z_0164_613.888031.png,#d68910,2475,1.627219,0.073225,0.045000
z_0164_613.888031.png,#e74c3c,1202,0.790270,0.035562,0.045000
z_0164_613.888031.png,#edbb99,3917,2.575279,0.115888,0.045000
z_0164_613.888031.png,#f1948a,581,0.381986,0.017189,0.045000
z_0164_613.888031.png,#f58231,1689,1.110454,0.049970,0.045000
z_0164_613.888031.png,#f7dc6f,266,0.174885,0.007870,0.045000
z_0164_613.888031.png,#f8c471,1799,1.182774,0.053225,0.045000
z_0164_613.888031.png,#fad7a0,1841,1.210388,0.054467,0.045000
z_0165_614.899614.png,#0e6251,394,0.259040,0.011657,0.045000
z_0165_614.899614.png,#117a65,5297,3.482577,0.156716,0.045000
z_0165_614.899614.png,#145a32,784,0.515450,0.023195,0.045000
z_0165_614.899614.png,#154360,3264,2.145957,0.096568,0.045000
z_0165_614.899614.png,#196f3d,4461,2.932939,0.131982,0.045000
z_0165_614.899614.png,#1b4f72,3526,2.318212,0.104320,0.045000
z_0165_614.899614.png,#2e4053,2375,1.561473,0.070266,0.045000
z_0165_614.899614.png,#2ecc71,368,0.241946,0.010888,0.045000
z_0165_614.899614.png,#3b3b98,838,0.550953,0.024793,0.045000
z_0165_614.899614.png,#45b39d,765,0.502959,0.022633,0.045000
z_0165_614.899614.png,#48c9b0,2214,1.455621,0.065503,0.045000
z_0165_614.899614.png,#4a235a,4193,2.756739,0.124053,0.045000
z_0165_614.899614.png,#512e5f,1684,1.107166,0.049822,0.045000
z_0165_614.899614.png,#52be80,1657,1.089415,0.049024,0.045000
z_0165_614.899614.png,#5499c7,4169,2.740960,0.123343,0.045000
z_0165_614.899614.png,#73c6b6,191,0.125575,0.005651,0.045000
z_0165_614.899614.png,#7b241c,744,0.489152,0.022012,0.045000
z_0165_614.899614.png,#82e0aa,2067,1.358974,0.061154,0.045000
z_0165_614.899614.png,#85c1e9,4605,3.027613,0.136243,0.045000
z_0165_614.899614.png,#922b21,2906,1.910585,0.085976,0.045000
z_0165_614.899614.png,#9a7d0a,10073,6.622617,0.298018,0.045000
z_0165_614.899614.png,#a2d9ce,10,0.006575,0.000296,0.045000
z_0165_614.899614.png,#a3e4d7,293,0.192636,0.008669,0.045000
z_0165_614.899614.png,#a9cce3,586,0.385273,0.017337,0.045000
z_0165_614.899614.png,#af601a,2799,1.840237,0.082811,0.045000
z_0165_614.899614.png,#af7ac5,243,0.159763,0.007189,0.045000
z_0165_614.899614.png,#b9770e,710,0.466798,0.021006,0.045000
z_0165_614.899614.png,#bb8fce,1328,0.873110,0.039290,0.045000
z_0165_614.899614.png,#cb4335,250,0.164366,0.007396,0.045000
z_0165_614.899614.png,#d2b4de,1178,0.774490,0.034852,0.045000
z_0165_614.899614.png,#d35400,4854,3.191321,0.143609,0.045000
z_0165_614.899614.png,#d68910,2861,1.880999,0.084645,0.045000
z_0165_614.899614.png,#e74c3c,1184,0.778435,0.035030,0.045000
z_0165_614.899614.png,#edbb99,4436,2.916502,0.131243,0.045000
z_0165_614.899614.png,#f1948a,623,0.409599,0.018432,0.045000
z_0165_614.899614.png,#f58231,1578,1.037475,0.046686,0.045000
z_0165_614.899614.png,#f7dc6f,237,0.155819,0.007012,0.045000
z_0165_614.899614.png,#f8c471,1789,1.176200,0.052929,0.045000
z_0165_614.899614.png,#fad7a0,1788,1.175542,0.052899,0.045000
z_0166_615.911197.png,#0e6251,424,0.278764,0.012544,0.045000
z_0166_615.911197.png,#117a65,5366,3.527942,0.158757,0.045000
z_0166_615.911197.png,#145a32,852,0.560158,0.025207,0.045000
z_0166_615.911197.png,#154360,3479,2.287311,0.102929,0.045000
z_0166_615.911197.png,#196f3d,4504,2.961210,0.133254,0.045000
z_0166_615.911197.png,#1b4f72,3342,2.197239,0.098876,0.045000
z_0166_615.911197.png,#2e4053,2540,1.669954,0.075148,0.045000
z_0166_615.911197.png,#2ecc71,501,0.329389,0.014822,0.045000
z_0166_615.911197.png,#3b3b98,798,0.524655,0.023609,0.045000
z_0166_615.911197.png,#45b39d,770,0.506246,0.022781,0.045000
z_0166_615.911197.png,#48c9b0,2146,1.410914,0.063491,0.045000
z_0166_615.911197.png,#4a235a,4170,2.741617,0.123373,0.045000
z_0166_615.911197.png,#512e5f,1313,0.863248,0.038846,0.045000
z_0166_615.911197.png,#52be80,1618,1.063774,0.047870,0.045000
z_0166_615.911197.png,#5499c7,4210,2.767916,0.124556,0.045000
z_0166_615.911197.png,#73c6b6,188,0.123603,0.005562,0.045000
z_0166_615.911197.png,#7b241c,767,0.504274,0.022692,0.045000
z_0166_615.911197.png,#82e0aa,2092,1.375411,0.061893,0.045000
z_0166_615.911197.png,#85c1e9,4513,2.967127,0.133521,0.045000
z_0166_615.911197.png,#922b21,2561,1.683761,0.075769,0.045000
z_0166_615.911197.png,#9a7d0a,9909,6.514793,0.293166,0.045000
z_0166_615.911197.png,#a2d9ce,5,0.003287,0.000148,0.045000
z_0166_615.911197.png,#a3e4d7,301,0.197896,0.008905,0.045000
z_0166_615.911197.png,#a9cce3,686,0.451019,0.020296,0.045000
z_0166_615.911197.png,#af601a,3002,1.973702,0.088817,0.045000
z_0166_615.911197.png,#af7ac5,245,0.161078,0.007249,0.045000
z_0166_615.911197.png,#b9770e,767,0.504274,0.022692,0.045000
z_0166_615.911197.png,#bb8fce,1290,0.848126,0.038166,0.045000
z_0166_615.911197.png,#cb4335,236,0.155161,0.006982,0.045000
z_0166_615.911197.png,#d2b4de,1621,1.065746,0.047959,0.045000
z_0166_615.911197.png,#d35400,4797,3.153846,0.141923,0.045000
z_0166_615.911197.png,#d68910,2761,1.815253,0.081686,0.045000
z_0166_615.911197.png,#e74c3c,1359,0.893491,0.040207,0.045000
z_0166_615.911197.png,#edbb99,2291,1.506246,0.067781,0.045000
z_0166_615.911197.png,#f1948a,704,0.462853,0.020828,0.045000
z_0166_615.911197.png,#f58231,1493,0.981591,0.044172,0.045000
z_0166_615.911197.png,#f7dc6f,281,0.184747,0.008314,0.045000
z_0166_615.911197.png,#f8c471,1718,1.129520,0.050828,0.045000
z_0166_615.911197.png,#fad7a0,1709,1.123603,0.050562,0.045000
z_0167_616.922780.png,#0e6251,417,0.274162,0.012337,0.045000
z_0167_616.922780.png,#117a65,5043,3.315582,0.149201,0.045000
z_0167_616.922780.png,#145a32,968,0.636423,0.028639,0.045000
z_0167_616.922780.png,#154360,3615,2.376726,0.106953,0.045000
z_0167_616.922780.png,#196f3d,4692,3.084813,0.138817,0.045000
z_0167_616.922780.png,#1b4f72,3333,2.191321,0.098609,0.045000
z_0167_616.922780.png,#2e4053,2714,1.784352,0.080296,0.045000
z_0167_616.922780.png,#2ecc71,598,0.393162,0.017692,0.045000
z_0167_616.922780.png,#3b3b98,713,0.468771,0.021095,0.045000
z_0167_616.922780.png,#45b39d,710,0.466798,0.021006,0.045000
z_0167_616.922780.png,#48c9b0,2093,1.376068,0.061923,0.045000
z_0167_616.922780.png,#4a235a,3959,2.602893,0.117130,0.045000
z_0167_616.922780.png,#512e5f,1240,0.815253,0.036686,0.045000
z_0167_616.922780.png,#52be80,1619,1.064431,0.047899,0.045000
z_0167_616.922780.png,#5499c7,4329,2.846154,0.128077,0.045000
z_0167_616.922780.png,#73c6b6,180,0.118343,0.005325,0.045000
z_0167_616.922780.png,#7b241c,813,0.534517,0.024053,0.045000
z_0167_616.922780.png,#82e0aa,2089,1.373439,0.061805,0.045000
z_0167_616.922780.png,#85c1e9,4460,2.932281,0.131953,0.045000
z_0167_616.922780.png,#922b21,2302,1.513478,0.068107,0.045000
z_0167_616.922780.png,#9a7d0a,9905,6.512163,0.293047,0.045000
z_0167_616.922780.png,#a2d9ce,3,0.001972,0.000089,0.045000
z_0167_616.922780.png,#a3e4d7,292,0.191979,0.008639,0.045000
z_0167_616.922780.png,#a9cce3,806,0.529915,0.023846,0.045000
z_0167_616.922780.png,#af601a,3481,2.288626,0.102988,0.045000
z_0167_616.922780.png,#af7ac5,253,0.166338,0.007485,0.045000
z_0167_616.922780.png,#b9770e,802,0.527285,0.023728,0.045000
z_0167_616.922780.png,#bb8fce,1260,0.828402,0.037278,0.045000
z_0167_616.922780.png,#cb4335,272,0.178830,0.008047,0.045000
z_0167_616.922780.png,#d2b4de,1745,1.147272,0.051627,0.045000
z_0167_616.922780.png,#d35400,4804,3.158448,0.142130,0.045000
z_0167_616.922780.png,#d68910,2722,1.789612,0.080533,0.045000
z_0167_616.922780.png,#e59866,2,0.001315,0.000059,0.045000
z_0167_616.922780.png,#e74c3c,1545,1.015779,0.045710,0.045000
z_0167_616.922780.png,#edbb99,6163,4.051940,0.182337,0.045000
z_0167_616.922780.png,#f1948a,665,0.437212,0.019675,0.045000
z_0167_616.922780.png,#f58231,1389,0.913215,0.041095,0.045000
z_0167_616.922780.png,#f7dc6f,180,0.118343,0.005325,0.045000
z_0167_616.922780.png,#f8c471,1671,1.098619,0.049438,0.045000
z_0167_616.922780.png,#fad7a0,1782,1.171598,0.052722,0.045000
z_0168_617.934363.png,#0e6251,435,0.285996,0.012870,0.045000
z_0168_617.934363.png,#117a65,4589,3.017094,0.135769,0.045000
z_0168_617.934363.png,#145a32,1043,0.685733,0.030858,0.045000
z_0168_617.934363.png,#154360,3754,2.468113,0.111065,0.045000
z_0168_617.934363.png,#196f3d,4757,3.127548,0.140740,0.045000
z_0168_617.934363.png,#1b4f72,3294,2.165680,0.097456,0.045000
z_0168_617.934363.png,#2e4053,3113,2.046680,0.092101,0.045000
z_0168_617.934363.png,#2ecc71,677,0.445102,0.020030,0.045000
z_0168_617.934363.png,#3b3b98,595,0.391190,0.017604,0.045000
z_0168_617.934363.png,#45b39d,712,0.468113,0.021065,0.045000
z_0168_617.934363.png,#48c9b0,2032,1.335963,0.060118,0.045000
z_0168_617.934363.png,#4a235a,3905,2.567390,0.115533,0.045000
z_0168_617.934363.png,#512e5f,1213,0.797502,0.035888,0.045000
z_0168_617.934363.png,#52be80,1568,1.030901,0.046391,0.045000
z_0168_617.934363.png,#5499c7,4695,3.086785,0.138905,0.045000
z_0168_617.934363.png,#73c6b6,181,0.119001,0.005355,0.045000
z_0168_617.934363.png,#7b241c,802,0.527285,0.023728,0.045000
z_0168_617.934363.png,#82e0aa,2092,1.375411,0.061893,0.045000
z_0168_617.934363.png,#85c1e9,4394,2.888889,0.130000,0.045000
z_0168_617.934363.png,#922b21,2310,1.518738,0.068343,0.045000
z_0168_617.934363.png,#9a7d0a,9458,6.218277,0.279822,0.045000
z_0168_617.934363.png,#a2d9ce,1,0.000657,0.000030,0.045000
z_0168_617.934363.png,#a3e4d7,280,0.184089,0.008284,0.045000
z_0168_617.934363.png,#a9cce3,904,0.594346,0.026746,0.045000
z_0168_617.934363.png,#af601a,3888,2.556213,0.115030,0.045000
z_0168_617.934363.png,#af7ac5,279,0.183432,0.008254,0.045000
z_0168_617.934363.png,#b9770e,825,0.542406,0.024408,0.045000
z_0168_617.934363.png,#bb8fce,1150,0.756082,0.034024,0.045000
z_0168_617.934363.png,#cb4335,291,0.191321,0.008609,0.045000
z_0168_617.934363.png,#d2b4de,1851,1.216963,0.054763,0.045000
z_0168_617.934363.png,#d35400,4784,3.145299,0.141538,0.045000
z_0168_617.934363.png,#d68910,2567,1.687705,0.075947,0.045000
z_0168_617.934363.png,#e74c3c,1654,1.087442,0.048935,0.045000
z_0168_617.934363.png,#edbb99,5950,3.911900,0.176036,0.045000
z_0168_617.934363.png,#f1948a,655,0.430638,0.019379,0.045000
z_0168_617.934363.png,#f58231,1294,0.850756,0.038284,0.045000
z_0168_617.934363.png,#f7dc6f,172,0.113083,0.005089,0.045000
z_0168_617.934363.png,#f8c471,1382,0.908613,0.040888,0.045000
z_0168_617.934363.png,#fad7a0,1884,1.238659,0.055740,0.045000
z_0169_618.945946.png,#0e6251,411,0.270217,0.012160,0.045000
z_0169_618.945946.png,#117a65,4392,2.887574,0.129941,0.045000
z_0169_618.945946.png,#145a32,1236,0.812623,0.036568,0.045000
z_0169_618.945946.png,#154360,3964,2.606180,0.117278,0.045000
z_0169_618.945946.png,#196f3d,5110,3.359632,0.151183,0.045000
z_0169_618.945946.png,#1b4f72,3249,2.136095,0.096124,0.045000
z_0169_618.945946.png,#2e4053,3339,2.195266,0.098787,0.045000
z_0169_618.945946.png,#2ecc71,720,0.473373,0.021302,0.045000
z_0169_618.945946.png,#3b3b98,490,0.322156,0.014497,0.045000
z_0169_618.945946.png,#45b39d,725,0.476660,0.021450,0.045000
z_0169_618.945946.png,#48c9b0,2141,1.407627,0.063343,0.045000
z_0169_618.945946.png,#4a235a,4142,2.723208,0.122544,0.045000
z_0169_618.945946.png,#512e5f,1142,0.750822,0.033787,0.045000
z_0169_618.945946.png,#52be80,1536,1.009862,0.045444,0.045000
z_0169_618.945946.png,#5499c7,4722,3.104536,0.139704,0.045000
z_0169_618.945946.png,#73c6b6,166,0.109139,0.004911,0.045000
z_0169_618.945946.png,#7b241c,765,0.502959,0.022633,0.045000
z_0169_618.945946.png,#82e0aa,2050,1.347798,0.060651,0.045000
z_0169_618.945946.png,#85c1e9,4268,2.806049,0.126272,0.045000
z_0169_618.945946.png,#922b21,2343,1.540434,0.069320,0.045000
z_0169_618.945946.png,#9a7d0a,8824,5.801446,0.261065,0.045000
z_0169_618.945946.png,#a2d9ce,4,0.002630,0.000118,0.045000
z_0169_618.945946.png,#a3e4d7,271,0.178172,0.008018,0.045000
z_0169_618.945946.png,#a9cce3,945,0.621302,0.027959,0.045000
z_0169_618.945946.png,#af601a,3971,2.610782,0.117485,0.045000
z_0169_618.945946.png,#af7ac5,314,0.206443,0.009290,0.045000
z_0169_618.945946.png,#b9770e,794,0.522025,0.023491,0.045000
z_0169_618.945946.png,#bb8fce,1107,0.727811,0.032751,0.045000
z_0169_618.945946.png,#cb4335,327,0.214990,0.009675,0.045000
z_0169_618.945946.png,#d2b4de,1813,1.191979,0.053639,0.045000
z_0169_618.945946.png,#d35400,4691,3.084155,0.138787,0.045000
z_0169_618.945946.png,#d68910,2406,1.581854,0.071183,0.045000
z_0169_618.945946.png,#e74c3c,1731,1.138067,0.051213,0.045000
z_0169_618.945946.png,#edbb99,5863,3.854701,0.173462,0.045000
z_0169_618.945946.png,#f1948a,296,0.194609,0.008757,0.045000
z_0169_618.945946.png,#f58231,1226,0.806049,0.036272,0.045000
z_0169_618.945946.png,#f7dc6f,167,0.109796,0.004941,0.045000
z_0169_618.945946.png,#f8c471,1233,0.810651,0.036479,0.045000
z_0169_618.945946.png,#fad7a0,1808,1.188692,0.053491,0.045000
z_0170_619.957529.png,#0e6251,411,0.270217,0.012160,0.045000
z_0170_619.957529.png,#117a65,4251,2.794872,0.125769,0.045000
z_0170_619.957529.png,#145a32,1427,0.938199,0.042219,0.045000
z_0170_619.957529.png,#154360,4303,2.829060,0.127308,0.045000
z_0170_619.957529.png,#196f3d,5301,3.485207,0.156834,0.045000
z_0170_619.957529.png,#1b4f72,3127,2.055884,0.092515,0.045000
z_0170_619.957529.png,#2e4053,3536,2.324786,0.104615,0.045000
z_0170_619.957529.png,#2ecc71,709,0.466141,0.020976,0.045000
z_0170_619.957529.png,#3b3b98,528,0.347140,0.015621,0.045000
z_0170_619.957529.png,#45b39d,823,0.541091,0.024349,0.045000
z_0170_619.957529.png,#48c9b0,2213,1.454964,0.065473,0.045000
z_0170_619.957529.png,#4a235a,3929,2.583169,0.116243,0.045000
z_0170_619.957529.png,#512e5f,1085,0.713346,0.032101,0.045000
z_0170_619.957529.png,#52be80,1500,0.986193,0.044379,0.045000
z_0170_619.957529.png,#5499c7,4484,2.948060,0.132663,0.045000
z_0170_619.957529.png,#73c6b6,160,0.105194,0.004734,0.045000
z_0170_619.957529.png,#7b241c,740,0.486522,0.021893,0.045000
z_0170_619.957529.png,#82e0aa,1988,1.307035,0.058817,0.045000
z_0170_619.957529.png,#85c1e9,4163,2.737015,0.123166,0.045000
z_0170_619.957529.png,#922b21,2344,1.541091,0.069349,0.045000
z_0170_619.957529.png,#9a7d0a,8173,5.373439,0.241805,0.045000
z_0170_619.957529.png,#a2d9ce,6,0.003945,0.000178,0.045000
z_0170_619.957529.png,#a3e4d7,263,0.172913,0.007781,0.045000
z_0170_619.957529.png,#a9cce3,1018,0.669297,0.030118,0.045000
z_0170_619.957529.png,#af601a,3989,2.622617,0.118018,0.045000
z_0170_619.957529.png,#af7ac5,367,0.241289,0.010858,0.045000
z_0170_619.957529.png,#b9770e,761,0.500329,0.022515,0.045000
z_0170_619.957529.png,#bb8fce,1056,0.694280,0.031243,0.045000
z_0170_619.957529.png,#cb4335,324,0.213018,0.009586,0.045000
z_0170_619.957529.png,#d2b4de,1721,1.131492,0.050917,0.045000
z_0170_619.957529.png,#d35400,4629,3.043393,0.136953,0.045000
z_0170_619.957529.png,#d68910,2300,1.512163,0.068047,0.045000
z_0170_619.957529.png,#e74c3c,1854,1.218935,0.054852,0.045000
z_0170_619.957529.png,#edbb99,5790,3.806706,0.171302,0.045000
z_0170_619.957529.png,#f1948a,256,0.168310,0.007574,0.045000
z_0170_619.957529.png,#f58231,1178,0.774490,0.034852,0.045000
z_0170_619.957529.png,#f7dc6f,152,0.099934,0.004497,0.045000
z_0170_619.957529.png,#f8c471,959,0.630506,0.028373,0.045000
z_0170_619.957529.png,#fad7a0,1737,1.142012,0.051391,0.045000
z_0171_620.969112.png,#0e6251,410,0.269560,0.012130,0.045000
z_0171_620.969112.png,#117a65,4263,2.802761,0.126124,0.045000
z_0171_620.969112.png,#145a32,1432,0.941486,0.042367,0.045000
z_0171_620.969112.png,#154360,4317,2.838264,0.127722,0.045000
z_0171_620.969112.png,#196f3d,5305,3.487837,0.156953,0.045000
z_0171_620.969112.png,#1b4f72,3125,2.054569,0.092456,0.045000
z_0171_620.969112.png,#2e4053,3539,2.326759,0.104704,0.045000
z_0171_620.969112.png,#2ecc71,705,0.463511,0.020858,0.045000
z_0171_620.969112.png,#3b3b98,539,0.354372,0.015947,0.045000
z_0171_620.969112.png,#45b39d,822,0.540434,0.024320,0.045000
z_0171_620.969112.png,#48c9b0,2218,1.458251,0.065621,0.045000
z_0171_620.969112.png,#4a235a,3933,2.585799,0.116361,0.045000
z_0171_620.969112.png,#512e5f,1089,0.715976,0.032219,0.045000
z_0171_620.969112.png,#52be80,1491,0.980276,0.044112,0.045000
z_0171_620.969112.png,#5499c7,4490,2.952005,0.132840,0.045000
z_0171_620.969112.png,#73c6b6,161,0.105851,0.004763,0.045000
z_0171_620.969112.png,#7b241c,738,0.485207,0.021834,0.045000
z_0171_620.969112.png,#82e0aa,1987,1.306377,0.058787,0.045000
z_0171_620.969112.png,#85c1e9,4160,2.735043,0.123077,0.045000
z_0171_620.969112.png,#922b21,2348,1.543721,0.069467,0.045000
z_0171_620.969112.png,#9a7d0a,8154,5.360947,0.241243,0.045000
z_0171_620.969112.png,#a2d9ce,3,0.001972,0.000089,0.045000
z_0171_620.969112.png,#a3e4d7,259,0.170283,0.007663,0.045000
z_0171_620.969112.png,#a9cce3,1016,0.667982,0.030059,0.045000
z_0171_620.969112.png,#af601a,3973,2.612097,0.117544,0.045000
z_0171_620.969112.png,#af7ac5,359,0.236029,0.010621,0.045000
z_0171_620.969112.png,#b9770e,757,0.497699,0.022396,0.045000
z_0171_620.969112.png,#bb8fce,1054,0.692965,0.031183,0.045000
z_0171_620.969112.png,#cb4335,323,0.212360,0.009556,0.045000
z_0171_620.969112.png,#d2b4de,1717,1.128863,0.050799,0.045000
z_0171_620.969112.png,#d35400,4629,3.043393,0.136953,0.045000
z_0171_620.969112.png,#d68910,2305,1.515450,0.068195,0.045000
z_0171_620.969112.png,#e59866,1,0.000657,0.000030,0.045000
z_0171_620.969112.png,#e74c3c,1853,1.218277,0.054822,0.045000
z_0171_620.969112.png,#edbb99,5791,3.807364,0.171331,0.045000
z_0171_620.969112.png,#f1948a,260,0.170940,0.007692,0.045000
z_0171_620.969112.png,#f58231,1175,0.772518,0.034763,0.045000
z_0171_620.969112.png,#f7dc6f,148,0.097304,0.004379,0.045000
z_0171_620.969112.png,#f8c471,966,0.635108,0.028580,0.045000
z_0171_620.969112.png,#fad7a0,1732,1.138725,0.051243,0.045000
z_0172_621.980695.png,#0e6251,392,0.257725,0.011598,0.045000
z_0172_621.980695.png,#117a65,4133,2.717291,0.122278,0.045000
z_0172_621.980695.png,#145a32,1766,1.161078,0.052249,0.045000
z_0172_621.980695.png,#154360,4792,3.150559,0.141775,0.045000
z_0172_621.980695.png,#196f3d,5561,3.656147,0.164527,0.045000
z_0172_621.980695.png,#1b4f72,3045,2.001972,0.090089,0.045000
z_0172_621.980695.png,#2e4053,3683,2.421433,0.108964,0.045000
z_0172_621.980695.png,#2ecc71,154,0.101249,0.004556,0.045000
z_0172_621.980695.png,#3b3b98,431,0.283366,0.012751,0.045000
z_0172_621.980695.png,#45b39d,819,0.538462,0.024231,0.045000
z_0172_621.980695.png,#48c9b0,2270,1.492439,0.067160,0.045000
z_0172_621.980695.png,#4a235a,3134,2.060487,0.092722,0.045000
z_0172_621.980695.png,#512e5f,1014,0.666667,0.030000,0.045000
z_0172_621.980695.png,#52be80,1458,0.958580,0.043136,0.045000
z_0172_621.980695.png,#5499c7,3794,2.494412,0.112249,0.045000
z_0172_621.980695.png,#73c6b6,158,0.103879,0.004675,0.045000
z_0172_621.980695.png,#7b241c,670,0.440500,0.019822,0.045000
z_0172_621.980695.png,#82e0aa,2053,1.349770,0.060740,0.045000
z_0172_621.980695.png,#85c1e9,3248,2.135437,0.096095,0.045000
z_0172_621.980695.png,#922b21,2299,1.511506,0.068018,0.045000
z_0172_621.980695.png,#9a7d0a,6878,4.522025,0.203491,0.045000
z_0172_621.980695.png,#a2d9ce,4,0.002630,0.000118,0.045000
z_0172_621.980695.png,#a3e4d7,254,0.166995,0.007515,0.045000
z_0172_621.980695.png,#a9cce3,1133,0.744905,0.033521,0.045000
z_0172_621.980695.png,#af601a,3294,2.165680,0.097456,0.045000
z_0172_621.980695.png,#af7ac5,347,0.228139,0.010266,0.045000
z_0172_621.980695.png,#b9770e,833,0.547666,0.024645,0.045000
z_0172_621.980695.png,#bb8fce,958,0.629849,0.028343,0.045000
z_0172_621.980695.png,#cb4335,330,0.216963,0.009763,0.045000
z_0172_621.980695.png,#d2b4de,1570,1.032216,0.046450,0.045000
z_0172_621.980695.png,#d35400,4444,2.921762,0.131479,0.045000
z_0172_621.980695.png,#d68910,1886,1.239974,0.055799,0.045000
z_0172_621.980695.png,#e74c3c,2062,1.355687,0.061006,0.045000
z_0172_621.980695.png,#edbb99,5246,3.449047,0.155207,0.045000
z_0172_621.980695.png,#f1948a,1,0.000657,0.000030,0.045000
z_0172_621.980695.png,#f58231,1123,0.738330,0.033225,0.045000
z_0172_621.980695.png,#f7dc6f,121,0.079553,0.003580,0.045000
z_0172_621.980695.png,#f8c471,980,0.644313,0.028994,0.045000
z_0172_621.980695.png,#fad7a0,1674,1.100592,0.049527,0.045000
z_0173_622.992278.png,#0e6251,396,0.260355,0.011716,0.045000
z_0173_622.992278.png,#117a65,4146,2.725838,0.122663,0.045000
z_0173_622.992278.png,#145a32,1765,1.160421,0.052219,0.045000
z_0173_622.992278.png,#154360,4781,3.143327,0.141450,0.045000
z_0173_622.992278.png,#196f3d,5567,3.660092,0.164704,0.045000
z_0173_622.992278.png,#1b4f72,3049,2.004602,0.090207,0.045000
z_0173_622.992278.png,#2e4053,3677,2.417488,0.108787,0.045000
z_0173_622.992278.png,#2ecc71,152,0.099934,0.004497,0.045000
z_0173_622.992278.png,#3b3b98,430,0.282709,0.012722,0.045000
z_0173_622.992278.png,#45b39d,821,0.539776,0.024290,0.045000
z_0173_622.992278.png,#48c9b0,2271,1.493097,0.067189,0.045000
z_0173_622.992278.png,#4a235a,3134,2.060487,0.092722,0.045000
z_0173_622.992278.png,#512e5f,1022,0.671926,0.030237,0.045000
z_0173_622.992278.png,#52be80,1461,0.960552,0.043225,0.045000
z_0173_622.992278.png,#5499c7,3799,2.497699,0.112396,0.045000
z_0173_622.992278.png,#73c6b6,158,0.103879,0.004675,0.045000
z_0173_622.992278.png,#7b241c,672,0.441815,0.019882,0.045000
z_0173_622.992278.png,#82e0aa,2059,1.353715,0.060917,0.045000
z_0173_622.992278.png,#85c1e9,3242,2.131492,0.095917,0.045000
z_0173_622.992278.png,#922b21,2307,1.516765,0.068254,0.045000
z_0173_622.992278.png,#9a7d0a,6871,4.517423,0.203284,0.045000
z_0173_622.992278.png,#a2d9ce,3,0.001972,0.000089,0.045000
z_0173_622.992278.png,#a3e4d7,252,0.165680,0.007456,0.045000
z_0173_622.992278.png,#a9cce3,1141,0.750164,0.033757,0.045000
z_0173_622.992278.png,#af601a,3298,2.168310,0.097574,0.045000
z_0173_622.992278.png,#af7ac5,345,0.226824,0.010207,0.045000
z_0173_622.992278.png,#b9770e,834,0.548323,0.024675,0.045000
z_0173_622.992278.png,#bb8fce,954,0.627219,0.028225,0.045000
z_0173_622.992278.png,#cb4335,328,0.215648,0.009704,0.045000
z_0173_622.992278.png,#d2b4de,1563,1.027613,0.046243,0.045000
z_0173_622.992278.png,#d35400,4414,2.902038,0.130592,0.045000
z_0173_622.992278.png,#d68910,1889,1.241946,0.055888,0.045000
z_0173_622.992278.png,#e74c3c,2063,1.356345,0.061036,0.045000
z_0173_622.992278.png,#edbb99,5226,3.435897,0.154615,0.045000
z_0173_622.992278.png,#f1948a,1,0.000657,0.000030,0.045000
z_0173_622.992278.png,#f58231,1123,0.738330,0.033225,0.045000
z_0173_622.992278.png,#f7dc6f,120,0.078895,0.003550,0.045000
z_0173_622.992278.png,#f8c471,984,0.646943,0.029112,0.045000
z_0173_622.992278.png,#fad7a0,1675,1.101249,0.049556,0.045000
z_0174_624.003861.png,#0e6251,392,0.257725,0.011598,0.045000
z_0174_624.003861.png,#117a65,3621,2.380671,0.107130,0.045000
z_0174_624.003861.png,#145a32,1849,1.215648,0.054704,0.045000
z_0174_624.003861.png,#154360,6216,4.086785,0.183905,0.045000
z_0174_624.003861.png,#196f3d,5228,3.437212,0.154675,0.045000
z_0174_624.003861.png,#1b4f72,5490,3.609467,0.162426,0.045000
z_0174_624.003861.png,#2e4053,4310,2.833662,0.127515,0.045000
z_0174_624.003861.png,#2ecc71,226,0.148586,0.006686,0.045000
z_0174_624.003861.png,#3b3b98,1299,0.854043,0.038432,0.045000
z_0174_624.003861.png,#45b39d,2497,1.641683,0.073876,0.045000
z_0174_624.003861.png,#48c9b0,2710,1.781723,0.080178,0.045000
z_0174_624.003861.png,#4a235a,1238,0.813938,0.036627,0.045000
z_0174_624.003861.png,#512e5f,894,0.587771,0.026450,0.045000
z_0174_624.003861.png,#52be80,1110,0.729783,0.032840,0.045000
z_0174_624.003861.png,#5499c7,2542,1.671269,0.075207,0.045000
z_0174_624.003861.png,#73c6b6,174,0.114398,0.005148,0.045000
z_0174_624.003861.png,#7b241c,409,0.268902,0.012101,0.045000
z_0174_624.003861.png,#82e0aa,1760,1.157133,0.052071,0.045000
z_0174_624.003861.png,#85c1e9,2501,1.644313,0.073994,0.045000
z_0174_624.003861.png,#922b21,1520,0.999343,0.044970,0.045000
z_0174_624.003861.png,#9a7d0a,5631,3.702170,0.166598,0.045000
z_0174_624.003861.png,#a2d9ce,22,0.014464,0.000651,0.045000
z_0174_624.003861.png,#a3e4d7,249,0.163708,0.007367,0.045000
z_0174_624.003861.png,#a9cce3,1361,0.894806,0.040266,0.045000
z_0174_624.003861.png,#af601a,1649,1.084155,0.048787,0.045000
z_0174_624.003861.png,#af7ac5,305,0.200526,0.009024,0.045000
z_0174_624.003861.png,#b9770e,970,0.637738,0.028698,0.045000
z_0174_624.003861.png,#bb8fce,830,0.545694,0.024556,0.045000
z_0174_624.003861.png,#cb4335,383,0.251808,0.011331,0.045000
z_0174_624.003861.png,#d2b4de,1095,0.719921,0.032396,0.045000
z_0174_624.003861.png,#d35400,4114,2.704799,0.121716,0.045000
z_0174_624.003861.png,#d68910,1436,0.944116,0.042485,0.045000
z_0174_624.003861.png,#e74c3c,2524,1.659435,0.074675,0.045000
z_0174_624.003861.png,#edbb99,4561,2.998685,0.134941,0.045000
z_0174_624.003861.png,#f1948a,1,0.000657,0.000030,0.045000
z_0174_624.003861.png,#f58231,1191,0.783037,0.035237,0.045000
z_0174_624.003861.png,#f8c471,515,0.338593,0.015237,0.045000
z_0174_624.003861.png,#fad7a0,1475,0.969757,0.043639,0.045000
z_0175_625.015444.png,#0e6251,384,0.252465,0.011361,0.045000
z_0175_625.015444.png,#117a65,3629,2.385930,0.107367,0.045000
z_0175_625.015444.png,#145a32,1854,1.218935,0.054852,0.045000
z_0175_625.015444.png,#154360,6212,4.084155,0.183787,0.045000
z_0175_625.015444.png,#196f3d,5243,3.447074,0.155118,0.045000
z_0175_625.015444.png,#1b4f72,5523,3.631164,0.163402,0.045000
z_0175_625.015444.png,#2e4053,4320,2.840237,0.127811,0.045000
z_0175_625.015444.png,#2ecc71,227,0.149244,0.006716,0.045000
z_0175_625.015444.png,#3b3b98,1296,0.852071,0.038343,0.045000
z_0175_625.015444.png,#45b39d,2495,1.640368,0.073817,0.045000
z_0175_625.015444.png,#48c9b0,2712,1.783037,0.080237,0.045000
z_0175_625.015444.png,#4a235a,1238,0.813938,0.036627,0.045000
z_0175_625.015444.png,#512e5f,891,0.585799,0.026361,0.045000
z_0175_625.015444.png,#52be80,1127,0.740960,0.033343,0.045000
z_0175_625.015444.png,#5499c7,2545,1.673241,0.075296,0.045000
z_0175_625.015444.png,#73c6b6,174,0.114398,0.005148,0.045000
z_0175_625.015444.png,#7b241c,408,0.268245,0.012071,0.045000
z_0175_625.015444.png,#82e0aa,1759,1.156476,0.052041,0.045000
z_0175_625.015444.png,#85c1e9,2496,1.641026,0.073846,0.045000
z_0175_625.015444.png,#922b21,1541,1.013149,0.045592,0.045000
z_0175_625.015444.png,#9a7d0a,5642,3.709402,0.166923,0.045000
z_0175_625.015444.png,#a2d9ce,20,0.013149,0.000592,0.045000
z_0175_625.015444.png,#a3e4d7,245,0.161078,0.007249,0.045000
z_0175_625.015444.png,#a9cce3,1366,0.898093,0.040414,0.045000
z_0175_625.015444.png,#af601a,1649,1.084155,0.048787,0.045000
z_0175_625.015444.png,#af7ac5,306,0.201183,0.009053,0.045000
z_0175_625.015444.png,#b9770e,968,0.636423,0.028639,0.045000
z_0175_625.015444.png,#bb8fce,828,0.544379,0.024497,0.045000
z_0175_625.015444.png,#cb4335,383,0.251808,0.011331,0.045000
z_0175_625.015444.png,#d2b4de,1096,0.720579,0.032426,0.045000
z_0175_625.015444.png,#d35400,4096,2.692965,0.121183,0.045000
z_0175_625.015444.png,#d68910,1447,0.951348,0.042811,0.045000
z_0175_625.015444.png,#e74c3c,2520,1.656805,0.074556,0.045000
z_0175_625.015444.png,#edbb99,4577,3.009204,0.135414,0.045000
z_0175_625.015444.png,#f1948a,3,0.001972,0.000089,0.045000
z_0175_625.015444.png,#f58231,1186,0.779750,0.035089,0.045000
z_0175_625.015444.png,#f8c471,517,0.339908,0.015296,0.045000
z_0175_625.015444.png,#fad7a0,1473,0.968442,0.043580,0.045000
z_0176_626.027027.png,#0e6251,388,0.255095,0.011479,0.045000
z_0176_626.027027.png,#117a65,3632,2.387903,0.107456,0.045000
z_0176_626.027027.png,#145a32,1854,1.218935,0.054852,0.045000
z_0176_626.027027.png,#154360,6179,4.062459,0.182811,0.045000
z_0176_626.027027.png,#196f3d,5232,3.439842,0.154793,0.045000
z_0176_626.027027.png,#1b4f72,5538,3.641026,0.163846,0.045000
z_0176_626.027027.png,#2e4053,4348,2.858646,0.128639,0.045000
z_0176_626.027027.png,#2ecc71,226,0.148586,0.006686,0.045000
z_0176_626.027027.png,#3b3b98,1296,0.852071,0.038343,0.045000
z_0176_626.027027.png,#45b39d,2501,1.644313,0.073994,0.045000
z_0176_626.027027.png,#48c9b0,2716,1.785667,0.080355,0.045000
z_0176_626.027027.png,#4a235a,1242,0.816568,0.036746,0.045000
z_0176_626.027027.png,#512e5f,890,0.585141,0.026331,0.045000
z_0176_626.027027.png,#52be80,1120,0.736358,0.033136,0.045000
z_0176_626.027027.png,#5499c7,2546,1.673899,0.075325,0.045000
z_0176_626.027027.png,#73c6b6,175,0.115056,0.005178,0.045000
z_0176_626.027027.png,#7b241c,407,0.267587,0.012041,0.045000
z_0176_626.027027.png,#82e0aa,1754,1.153189,0.051893,0.045000
z_0176_626.027027.png,#85c1e9,2506,1.647600,0.074142,0.045000
z_0176_626.027027.png,#922b21,1536,1.009862,0.045444,0.045000
z_0176_626.027027.png,#9a7d0a,5642,3.709402,0.166923,0.045000
z_0176_626.027027.png,#a2d9ce,21,0.013807,0.000621,0.045000
z_0176_626.027027.png,#a3e4d7,246,0.161736,0.007278,0.045000
z_0176_626.027027.png,#a9cce3,1372,0.902038,0.040592,0.045000
z_0176_626.027027.png,#af601a,1651,1.085470,0.048846,0.045000
z_0176_626.027027.png,#af7ac5,306,0.201183,0.009053,0.045000
z_0176_626.027027.png,#b9770e,975,0.641026,0.028846,0.045000
z_0176_626.027027.png,#bb8fce,814,0.535174,0.024083,0.045000
z_0176_626.027027.png,#cb4335,385,0.253123,0.011391,0.045000
z_0176_626.027027.png,#d2b4de,1101,0.723866,0.032574,0.045000
z_0176_626.027027.png,#d35400,4086,2.686391,0.120888,0.045000
z_0176_626.027027.png,#d68910,1384,0.909928,0.040947,0.045000
z_0176_626.027027.png,#e74c3c,2526,1.660750,0.074734,0.045000
z_0176_626.027027.png,#edbb99,4576,3.008547,0.135385,0.045000
z_0176_626.027027.png,#f1948a,3,0.001972,0.000089,0.045000
z_0176_626.027027.png,#f58231,1182,0.777120,0.034970,0.045000
z_0176_626.027027.png,#f8c471,508,0.333991,0.015030,0.045000
z_0176_626.027027.png,#fad7a0,1478,0.971729,0.043728,0.045000
z_0177_627.038610.png,#0e6251,410,0.269560,0.012130,0.045000
z_0177_627.038610.png,#117a65,3145,2.067719,0.093047,0.045000
z_0177_627.038610.png,#145a32,1660,1.091387,0.049112,0.045000
z_0177_627.038610.png,#154360,6474,4.256410,0.191538,0.045000
z_0177_627.038610.png,#196f3d,4918,3.233399,0.145503,0.045000
z_0177_627.038610.png,#1b4f72,3918,2.575937,0.115917,0.045000
z_0177_627.038610.png,#2e4053,4504,2.961210,0.133254,0.045000
z_0177_627.038610.png,#2ecc71,247,0.162393,0.007308,0.045000
z_0177_627.038610.png,#3b3b98,1443,0.948718,0.042692,0.045000
z_0177_627.038610.png,#45b39d,2660,1.748849,0.078698,0.045000
z_0177_627.038610.png,#48c9b0,2834,1.863248,0.083846,0.045000
z_0177_627.038610.png,#4a235a,1387,0.911900,0.041036,0.045000
z_0177_627.038610.png,#512e5f,883,0.580539,0.026124,0.045000
z_0177_627.038610.png,#52be80,1460,0.959895,0.043195,0.045000
z_0177_627.038610.png,#5499c7,2478,1.629191,0.073314,0.045000
z_0177_627.038610.png,#73c6b6,190,0.124918,0.005621,0.045000
z_0177_627.038610.png,#7b241c,351,0.230769,0.010385,0.045000
z_0177_627.038610.png,#82e0aa,1634,1.074293,0.048343,0.045000
z_0177_627.038610.png,#85c1e9,2398,1.576594,0.070947,0.045000
z_0177_627.038610.png,#922b21,1452,0.954635,0.042959,0.045000
z_0177_627.038610.png,#9a7d0a,5246,3.449047,0.155207,0.045000
z_0177_627.038610.png,#a2d9ce,35,0.023011,0.001036,0.045000
z_0177_627.038610.png,#a3e4d7,247,0.162393,0.007308,0.045000
z_0177_627.038610.png,#a9cce3,1387,0.911900,0.041036,0.045000
z_0177_627.038610.png,#af601a,1193,0.784352,0.035296,0.045000
z_0177_627.038610.png,#af7ac5,358,0.235371,0.010592,0.045000
z_0177_627.038610.png,#b9770e,1002,0.658777,0.029645,0.045000
z_0177_627.038610.png,#bb8fce,719,0.472715,0.021272,0.045000
z_0177_627.038610.png,#cb4335,376,0.247206,0.011124,0.045000
z_0177_627.038610.png,#d2b4de,1068,0.702170,0.031598,0.045000
z_0177_627.038610.png,#d35400,3997,2.627876,0.118254,0.045000
z_0177_627.038610.png,#d68910,1702,1.119001,0.050355,0.045000
z_0177_627.038610.png,#e74c3c,2613,1.717949,0.077308,0.045000
z_0177_627.038610.png,#edbb99,4305,2.830375,0.127367,0.045000
z_0177_627.038610.png,#f58231,1226,0.806049,0.036272,0.045000
z_0177_627.038610.png,#f7dc6f,15,0.009862,0.000444,0.045000
z_0177_627.038610.png,#f8c471,570,0.374753,0.016864,0.045000
z_0177_627.038610.png,#fad7a0,1382,0.908613,0.040888,0.045000
z_0178_628.050193.png,#0e6251,420,0.276134,0.012426,0.045000
z_0178_628.050193.png,#117a65,2754,1.810651,0.081479,0.045000
z_0178_628.050193.png,#145a32,1718,1.129520,0.050828,0.045000
z_0178_628.050193.png,#154360,6306,4.145957,0.186568,0.045000
z_0178_628.050193.png,#196f3d,4481,2.946088,0.132574,0.045000
z_0178_628.050193.png,#1b4f72,4167,2.739645,0.123284,0.045000
z_0178_628.050193.png,#2e4053,4704,3.092702,0.139172,0.045000
z_0178_628.050193.png,#2ecc71,269,0.176857,0.007959,0.045000
z_0178_628.050193.png,#3b3b98,1583,1.040763,0.046834,0.045000
z_0178_628.050193.png,#45b39d,2952,1.940828,0.087337,0.045000
z_0178_628.050193.png,#48c9b0,2914,1.915845,0.086213,0.045000
z_0178_628.050193.png,#4a235a,1510,0.992768,0.044675,0.045000
z_0178_628.050193.png,#512e5f,878,0.577252,0.025976,0.045000
z_0178_628.050193.png,#52be80,1883,1.238001,0.055710,0.045000
z_0178_628.050193.png,#5499c7,2477,1.628534,0.073284,0.045000
z_0178_628.050193.png,#73c6b6,207,0.136095,0.006124,0.045000
z_0178_628.050193.png,#7b241c,326,0.214333,0.009645,0.045000
z_0178_628.050193.png,#82e0aa,1536,1.009862,0.045444,0.045000
z_0178_628.050193.png,#85c1e9,2247,1.477318,0.066479,0.045000
z_0178_628.050193.png,#922b21,1431,0.940828,0.042337,0.045000
z_0178_628.050193.png,#9a7d0a,4975,3.270874,0.147189,0.045000
z_0178_628.050193.png,#a2d9ce,39,0.025641,0.001154,0.045000
z_0178_628.050193.png,#a3e4d7,229,0.150559,0.006775,0.045000
z_0178_628.050193.png,#a9cce3,1450,0.953320,0.042899,0.045000
z_0178_628.050193.png,#af601a,575,0.378041,0.017012,0.045000
z_0178_628.050193.png,#af7ac5,428,0.281394,0.012663,0.045000
z_0178_628.050193.png,#b9770e,1043,0.685733,0.030858,0.045000
z_0178_628.050193.png,#bb8fce,623,0.409599,0.018432,0.045000
z_0178_628.050193.png,#cb4335,407,0.267587,0.012041,0.045000
z_0178_628.050193.png,#d2b4de,1054,0.692965,0.031183,0.045000
z_0178_628.050193.png,#d35400,4029,2.648915,0.119201,0.045000
z_0178_628.050193.png,#d68910,1808,1.188692,0.053491,0.045000
z_0178_628.050193.png,#e74c3c,2710,1.781723,0.080178,0.045000
z_0178_628.050193.png,#edbb99,4274,2.809993,0.126450,0.045000
z_0178_628.050193.png,#f58231,1210,0.795529,0.035799,0.045000
z_0178_628.050193.png,#f7dc6f,28,0.018409,0.000828,0.045000
z_0178_628.050193.png,#f8c471,640,0.420776,0.018935,0.045000
z_0178_628.050193.png,#fad7a0,1374,0.903353,0.040651,0.045000
z_0179_629.061776.png,#0e6251,400,0.262985,0.011834,0.045000
z_0179_629.061776.png,#117a65,2521,1.657462,0.074586,0.045000
z_0179_629.061776.png,#145a32,1828,1.201841,0.054083,0.045000
z_0179_629.061776.png,#154360,6164,4.052597,0.182367,0.045000
z_0179_629.061776.png,#196f3d,4000,2.629849,0.118343,0.045000
z_0179_629.061776.png,#1b4f72,4102,2.696910,0.121361,0.045000
z_0179_629.061776.png,#2e4053,5084,3.342538,0.150414,0.045000
z_0179_629.061776.png,#2ecc71,314,0.206443,0.009290,0.045000
z_0179_629.061776.png,#3b3b98,1734,1.140039,0.051302,0.045000
z_0179_629.061776.png,#45b39d,3485,2.291256,0.103107,0.045000
z_0179_629.061776.png,#48c9b0,2885,1.896778,0.085355,0.045000
z_0179_629.061776.png,#4a235a,1673,1.099934,0.049497,0.045000
z_0179_629.061776.png,#512e5f,842,0.553583,0.024911,0.045000
z_0179_629.061776.png,#52be80,2443,1.606180,0.072278,0.045000
z_0179_629.061776.png,#5499c7,2345,1.541749,0.069379,0.045000
z_0179_629.061776.png,#73c6b6,213,0.140039,0.006302,0.045000
z_0179_629.061776.png,#7b241c,274,0.180145,0.008107,0.045000
z_0179_629.061776.png,#82e0aa,1406,0.924392,0.041598,0.045000
z_0179_629.061776.png,#85c1e9,1888,1.241289,0.055858,0.045000
z_0179_629.061776.png,#922b21,1380,0.907298,0.040828,0.045000
z_0179_629.061776.png,#9a7d0a,4790,3.149244,0.141716,0.045000
z_0179_629.061776.png,#a2d9ce,28,0.018409,0.000828,0.045000
z_0179_629.061776.png,#a3e4d7,214,0.140697,0.006331,0.045000
z_0179_629.061776.png,#a9cce3,1455,0.956607,0.043047,0.045000
z_0179_629.061776.png,#af601a,603,0.396450,0.017840,0.045000
z_0179_629.061776.png,#af7ac5,480,0.315582,0.014201,0.045000
z_0179_629.061776.png,#b9770e,1120,0.736358,0.033136,0.045000
z_0179_629.061776.png,#bb8fce,528,0.347140,0.015621,0.045000
z_0179_629.061776.png,#cb4335,402,0.264300,0.011893,0.045000
z_0179_629.061776.png,#d2b4de,1208,0.794214,0.035740,0.045000
z_0179_629.061776.png,#d35400,4087,2.687048,0.120917,0.045000
z_0179_629.061776.png,#d68910,1844,1.212360,0.054556,0.045000
z_0179_629.061776.png,#e74c3c,2921,1.920447,0.086420,0.045000
z_0179_629.061776.png,#edbb99,4276,2.811308,0.126509,0.045000
z_0179_629.061776.png,#f58231,1226,0.806049,0.036272,0.045000
z_0179_629.061776.png,#f7dc6f,40,0.026298,0.001183,0.045000
z_0179_629.061776.png,#f8c471,882,0.579882,0.026095,0.045000
z_0179_629.061776.png,#fad7a0,1251,0.822485,0.037012,0.045000
z_0180_630.073359.png,#0e6251,399,0.262327,0.011805,0.045000
z_0180_630.073359.png,#117a65,2517,1.654832,0.074467,0.045000
z_0180_630.073359.png,#145a32,1830,1.203156,0.054142,0.045000
z_0180_630.073359.png,#154360,6142,4.038133,0.181716,0.045000
z_0180_630.073359.png,#196f3d,3990,2.623274,0.118047,0.045000
z_0180_630.073359.png,#1b4f72,4106,2.699540,0.121479,0.045000
z_0180_630.073359.png,#2e4053,5084,3.342538,0.150414,0.045000
z_0180_630.073359.png,#2ecc71,308,0.202498,0.009112,0.045000
z_0180_630.073359.png,#3b3b98,1742,1.145299,0.051538,0.045000
z_0180_630.073359.png,#45b39d,3498,2.299803,0.103491,0.045000
z_0180_630.073359.png,#48c9b0,2887,1.898093,0.085414,0.045000
z_0180_630.073359.png,#4a235a,1689,1.110454,0.049970,0.045000
z_0180_630.073359.png,#512e5f,846,0.556213,0.025030,0.045000
z_0180_630.073359.png,#52be80,2442,1.605523,0.072249,0.045000
z_0180_630.073359.png,#5499c7,2342,1.539776,0.069290,0.045000
z_0180_630.073359.png,#73c6b6,216,0.142012,0.006391,0.045000
z_0180_630.073359.png,#7b241c,274,0.180145,0.008107,0.045000
z_0180_630.073359.png,#82e0aa,1405,0.923734,0.041568,0.045000
z_0180_630.073359.png,#85c1e9,1882,1.237344,0.055680,0.045000
z_0180_630.073359.png,#922b21,1377,0.905325,0.040740,0.045000
z_0180_630.073359.png,#9a7d0a,4782,3.143984,0.141479,0.045000
z_0180_630.073359.png,#a2d9ce,27,0.017751,0.000799,0.045000
z_0180_630.073359.png,#a3e4d7,209,0.137410,0.006183,0.045000
z_0180_630.073359.png,#a9cce3,1449,0.952663,0.042870,0.045000
z_0180_630.073359.png,#af601a,605,0.397765,0.017899,0.045000
z_0180_630.073359.png,#af7ac5,481,0.316239,0.014231,0.045000
z_0180_630.073359.png,#b9770e,1115,0.733070,0.032988,0.045000
z_0180_630.073359.png,#bb8fce,526,0.345825,0.015562,0.045000
z_0180_630.073359.png,#cb4335,409,0.268902,0.012101,0.045000
z_0180_630.073359.png,#d2b4de,1207,0.793557,0.035710,0.045000
z_0180_630.073359.png,#d35400,4018,2.641683,0.118876,0.045000
z_0180_630.073359.png,#d68910,1836,1.207101,0.054320,0.045000
z_0180_630.073359.png,#e74c3c,2928,1.925049,0.086627,0.045000
z_0180_630.073359.png,#edbb99,4283,2.815911,0.126716,0.045000
z_0180_630.073359.png,#f58231,1225,0.805391,0.036243,0.045000
z_0180_630.073359.png,#f7dc6f,40,0.026298,0.001183,0.045000
z_0180_630.073359.png,#f8c471,877,0.576594,0.025947,0.045000
z_0180_630.073359.png,#fad7a0,1251,0.822485,0.037012,0.045000
z_0181_631.084942.png,#0e6251,429,0.282051,0.012692,0.045000
z_0181_631.084942.png,#117a65,2462,1.618672,0.072840,0.045000
z_0181_631.084942.png,#145a32,1680,1.104536,0.049704,0.045000
z_0181_631.084942.png,#154360,5716,3.758054,0.169112,0.045000
z_0181_631.084942.png,#196f3d,4156,2.732413,0.122959,0.045000
z_0181_631.084942.png,#1b4f72,3350,2.202498,0.099112,0.045000
z_0181_631.084942.png,#2e4053,5221,3.432610,0.154467,0.045000
z_0181_631.084942.png,#2ecc71,297,0.195266,0.008787,0.045000
z_0181_631.084942.png,#3b3b98,1770,1.163708,0.052367,0.045000
z_0181_631.084942.png,#45b39d,3801,2.499014,0.112456,0.045000
z_0181_631.084942.png,#48c9b0,2895,1.903353,0.085651,0.045000
z_0181_631.084942.png,#4a235a,1674,1.100592,0.049527,0.045000
z_0181_631.084942.png,#512e5f,841,0.552926,0.024882,0.045000
z_0181_631.084942.png,#52be80,2586,1.700197,0.076509,0.045000
z_0181_631.084942.png,#5499c7,2182,1.434583,0.064556,0.045000
z_0181_631.084942.png,#73c6b6,203,0.133465,0.006006,0.045000
z_0181_631.084942.png,#7b241c,265,0.174227,0.007840,0.045000
z_0181_631.084942.png,#82e0aa,1304,0.857331,0.038580,0.045000
z_0181_631.084942.png,#85c1e9,1734,1.140039,0.051302,0.045000
z_0181_631.084942.png,#922b21,1228,0.807364,0.036331,0.045000
z_0181_631.084942.png,#9a7d0a,4860,3.195266,0.143787,0.045000
z_0181_631.084942.png,#a2d9ce,37,0.024326,0.001095,0.045000
z_0181_631.084942.png,#a3e4d7,190,0.124918,0.005621,0.045000
z_0181_631.084942.png,#a9cce3,1456,0.957265,0.043077,0.045000
z_0181_631.084942.png,#af601a,649,0.426693,0.019201,0.045000
z_0181_631.084942.png,#af7ac5,509,0.334648,0.015059,0.045000
z_0181_631.084942.png,#b9770e,1152,0.757396,0.034083,0.045000
z_0181_631.084942.png,#bb8fce,504,0.331361,0.014911,0.045000
z_0181_631.084942.png,#cb4335,403,0.264957,0.011923,0.045000
z_0181_631.084942.png,#d2b4de,1350,0.887574,0.039941,0.045000
z_0181_631.084942.png,#d35400,3854,2.533859,0.114024,0.045000
z_0181_631.084942.png,#d68910,1786,1.174227,0.052840,0.045000
z_0181_631.084942.png,#e74c3c,3038,1.997370,0.089882,0.045000
z_0181_631.084942.png,#edbb99,4480,2.945431,0.132544,0.045000
z_0181_631.084942.png,#f1948a,1,0.000657,0.000030,0.045000
z_0181_631.084942.png,#f58231,1141,0.750164,0.033757,0.045000
z_0181_631.084942.png,#f7dc6f,44,0.028928,0.001302,0.045000
z_0181_631.084942.png,#f8c471,1040,0.683761,0.030769,0.045000
z_0181_631.084942.png,#fad7a0,1231,0.809336,0.036420,0.045000
z_0182_632.096525.png,#0e6251,419,0.275477,0.012396,0.045000
z_0182_632.096525.png,#117a65,2434,1.600263,0.072012,0.045000
z_0182_632.096525.png,#145a32,1552,1.020381,0.045917,0.045000
z_0182_632.096525.png,#154360,5385,3.540434,0.159320,0.045000
z_0182_632.096525.png,#196f3d,4078,2.681131,0.120651,0.045000
z_0182_632.096525.png,#1b4f72,3429,2.254438,0.101450,0.045000
z_0182_632.096525.png,#2e4053,5060,3.326759,0.149704,0.045000
z_0182_632.096525.png,#2ecc71,321,0.211045,0.009497,0.045000
z_0182_632.096525.png,#3b3b98,1801,1.184089,0.053284,0.045000
z_0182_632.096525.png,#45b39d,3907,2.568705,0.115592,0.045000
z_0182_632.096525.png,#48c9b0,2708,1.780408,0.080118,0.045000
z_0182_632.096525.png,#4a235a,1719,1.130178,0.050858,0.045000
z_0182_632.096525.png,#512e5f,844,0.554898,0.024970,0.045000
z_0182_632.096525.png,#52be80,2849,1.873110,0.084290,0.045000
z_0182_632.096525.png,#5499c7,1928,1.267587,0.057041,0.045000
z_0182_632.096525.png,#73c6b6,229,0.150559,0.006775,0.045000
z_0182_632.096525.png,#7b241c,245,0.161078,0.007249,0.045000
z_0182_632.096525.png,#82e0aa,1231,0.809336,0.036420,0.045000
z_0182_632.096525.png,#85c1e9,1678,1.103222,0.049645,0.045000
z_0182_632.096525.png,#922b21,1299,0.854043,0.038432,0.045000
z_0182_632.096525.png,#9a7d0a,5249,3.451019,0.155296,0.045000
z_0182_632.096525.png,#a2d9ce,45,0.029586,0.001331,0.045000
z_0182_632.096525.png,#a3e4d7,160,0.105194,0.004734,0.045000
z_0182_632.096525.png,#a9cce3,1460,0.959895,0.043195,0.045000
z_0182_632.096525.png,#af601a,707,0.464826,0.020917,0.045000
z_0182_632.096525.png,#af7ac5,492,0.323471,0.014556,0.045000
z_0182_632.096525.png,#b9770e,1147,0.754109,0.033935,0.045000
z_0182_632.096525.png,#bb8fce,485,0.318869,0.014349,0.045000
z_0182_632.096525.png,#cb4335,415,0.272847,0.012278,0.045000
z_0182_632.096525.png,#d2b4de,1548,1.017751,0.045799,0.045000
z_0182_632.096525.png,#d35400,3625,2.383300,0.107249,0.045000
z_0182_632.096525.png,#d68910,1807,1.188034,0.053462,0.045000
z_0182_632.096525.png,#e74c3c,3207,2.108481,0.094882,0.045000
z_0182_632.096525.png,#edbb99,4587,3.015779,0.135710,0.045000
z_0182_632.096525.png,#f1948a,1,0.000657,0.000030,0.045000
z_0182_632.096525.png,#f58231,1099,0.722551,0.032515,0.045000
z_0182_632.096525.png,#f7dc6f,59,0.038790,0.001746,0.045000
z_0182_632.096525.png,#f8c471,1360,0.894149,0.040237,0.045000
z_0182_632.096525.png,#fad7a0,1161,0.763314,0.034349,0.045000
z_0183_633.108108.png,#0e6251,452,0.297173,0.013373,0.045000
z_0183_633.108108.png,#117a65,2279,1.498356,0.067426,0.045000
z_0183_633.108108.png,#145a32,1349,0.886917,0.039911,0.045000
z_0183_633.108108.png,#154360,4549,2.990796,0.134586,0.045000
z_0183_633.108108.png,#196f3d,3958,2.602235,0.117101,0.045000
z_0183_633.108108.png,#1b4f72,7696,5.059829,0.227692,0.045000
z_0183_633.108108.png,#2e4053,4527,2.976331,0.133935,0.045000
z_0183_633.108108.png,#2ecc71,507,0.333333,0.015000,0.045000
z_0183_633.108108.png,#3b3b98,1409,0.926364,0.041686,0.045000
z_0183_633.108108.png,#45b39d,4153,2.730440,0.122870,0.045000
z_0183_633.108108.png,#48c9b0,1746,1.147929,0.051657,0.045000
z_0183_633.108108.png,#4a235a,1732,1.138725,0.051243,0.045000
z_0183_633.108108.png,#512e5f,967,0.635766,0.028609,0.045000
z_0183_633.108108.png,#52be80,2917,1.917817,0.086302,0.045000
z_0183_633.108108.png,#5499c7,1729,1.136752,0.051154,0.045000
z_0183_633.108108.png,#73c6b6,204,0.134122,0.006036,0.045000
z_0183_633.108108.png,#7b241c,227,0.149244,0.006716,0.045000
z_0183_633.108108.png,#82e0aa,633,0.416174,0.018728,0.045000
z_0183_633.108108.png,#85c1e9,1514,0.995398,0.044793,0.045000
z_0183_633.108108.png,#922b21,1294,0.850756,0.038284,0.045000
z_0183_633.108108.png,#9a7d0a,6379,4.193951,0.188728,0.045000
z_0183_633.108108.png,#a2d9ce,43,0.028271,0.001272,0.045000
z_0183_633.108108.png,#a3e4d7,143,0.094017,0.004231,0.045000
z_0183_633.108108.png,#a9cce3,1384,0.909928,0.040947,0.045000
z_0183_633.108108.png,#af601a,796,0.523340,0.023550,0.045000
z_0183_633.108108.png,#af7ac5,388,0.255095,0.011479,0.045000
z_0183_633.108108.png,#b9770e,1109,0.729126,0.032811,0.045000
z_0183_633.108108.png,#bb8fce,427,0.280736,0.012633,0.045000
z_0183_633.108108.png,#cb4335,503,0.330703,0.014882,0.045000
z_0183_633.108108.png,#d2b4de,1883,1.238001,0.055710,0.045000
z_0183_633.108108.png,#d35400,3143,2.066404,0.092988,0.045000
z_0183_633.108108.png,#d68910,1723,1.132807,0.050976,0.045000
z_0183_633.108108.png,#e74c3c,3298,2.168310,0.097574,0.045000
z_0183_633.108108.png,#edbb99,4614,3.033531,0.136509,0.045000
z_0183_633.108108.png,#f58231,1024,0.673241,0.030296,0.045000
z_0183_633.108108.png,#f7dc6f,106,0.069691,0.003136,0.045000
z_0183_633.108108.png,#f8c471,1706,1.121631,0.050473,0.045000
z_0183_633.108108.png,#fad7a0,1094,0.719264,0.032367,0.045000
z_0184_634.119691.png,#0e6251,437,0.287311,0.012929,0.045000
z_0184_634.119691.png,#117a65,2375,1.561473,0.070266,0.045000
z_0184_634.119691.png,#145a32,1327,0.872452,0.039260,0.045000
z_0184_634.119691.png,#154360,3997,2.627876,0.118254,0.045000
z_0184_634.119691.png,#196f3d,4290,2.820513,0.126923,0.045000
z_0184_634.119691.png,#1b4f72,7630,5.016437,0.225740,0.045000
z_0184_634.119691.png,#2e4053,4427,2.910585,0.130976,0.045000
z_0184_634.119691.png,#2ecc71,495,0.325444,0.014645,0.045000
z_0184_634.119691.png,#3b3b98,1445,0.950033,0.042751,0.045000
z_0184_634.119691.png,#45b39d,4389,2.885602,0.129852,0.045000
z_0184_634.119691.png,#48c9b0,1518,0.998028,0.044911,0.045000
z_0184_634.119691.png,#4a235a,1819,1.195924,0.053817,0.045000
z_0184_634.119691.png,#512e5f,1124,0.738988,0.033254,0.045000
z_0184_634.119691.png,#52be80,2813,1.849441,0.083225,0.045000
z_0184_634.119691.png,#5499c7,1567,1.030243,0.046361,0.045000
z_0184_634.119691.png,#73c6b6,206,0.135437,0.006095,0.045000
z_0184_634.119691.png,#7b241c,224,0.147272,0.006627,0.045000
z_0184_634.119691.png,#82e0aa,392,0.257725,0.011598,0.045000
z_0184_634.119691.png,#85c1e9,1340,0.880999,0.039645,0.045000
z_0184_634.119691.png,#922b21,1248,0.820513,0.036923,0.045000
z_0184_634.119691.png,#9a7d0a,6829,4.489809,0.202041,0.045000
z_0184_634.119691.png,#a2d9ce,27,0.017751,0.000799,0.045000
z_0184_634.119691.png,#a3e4d7,135,0.088757,0.003994,0.045000
z_0184_634.119691.png,#a9cce3,1361,0.894806,0.040266,0.045000
z_0184_634.119691.png,#af601a,912,0.599606,0.026982,0.045000
z_0184_634.119691.png,#af7ac5,393,0.258383,0.011627,0.045000
z_0184_634.119691.png,#b9770e,1116,0.733728,0.033018,0.045000
z_0184_634.119691.png,#bb8fce,440,0.289283,0.013018,0.045000
z_0184_634.119691.png,#cb4335,508,0.333991,0.015030,0.045000
z_0184_634.119691.png,#d2b4de,1990,1.308350,0.058876,0.045000
z_0184_634.119691.png,#d35400,2898,1.905325,0.085740,0.045000
z_0184_634.119691.png,#d68910,1688,1.109796,0.049941,0.045000
z_0184_634.119691.png,#e74c3c,3297,2.167653,0.097544,0.045000
z_0184_634.119691.png,#edbb99,5180,3.405654,0.153254,0.045000
z_0184_634.119691.png,#f1948a,1,0.000657,0.000030,0.045000
z_0184_634.119691.png,#f58231,1096,0.720579,0.032426,0.045000
z_0184_634.119691.png,#f7dc6f,125,0.082183,0.003698,0.045000
z_0184_634.119691.png,#f8c471,1834,1.205786,0.054260,0.045000
z_0184_634.119691.png,#fad7a0,989,0.650230,0.029260,0.045000
z_0185_635.131274.png,#0e6251,452,0.297173,0.013373,0.045000
z_0185_635.131274.png,#117a65,2226,1.463511,0.065858,0.045000
z_0185_635.131274.png,#145a32,1231,0.809336,0.036420,0.045000
z_0185_635.131274.png,#154360,3566,2.344510,0.105503,0.045000
z_0185_635.131274.png,#196f3d,4340,2.853386,0.128402,0.045000
z_0185_635.131274.png,#1b4f72,7643,5.024984,0.226124,0.045000
z_0185_635.131274.png,#2e4053,4233,2.783037,0.125237,0.045000
z_0185_635.131274.png,#2ecc71,484,0.318212,0.014320,0.045000
z_0185_635.131274.png,#3b3b98,1478,0.971729,0.043728,0.045000
z_0185_635.131274.png,#45b39d,4758,3.128205,0.140769,0.045000
z_0185_635.131274.png,#48c9b0,1491,0.980276,0.044112,0.045000
z_0185_635.131274.png,#4a235a,1832,1.204471,0.054201,0.045000
z_0185_635.131274.png,#512e5f,1196,0.786325,0.035385,0.045000
z_0185_635.131274.png,#52be80,2640,1.735700,0.078107,0.045000
z_0185_635.131274.png,#5499c7,1379,0.906640,0.040799,0.045000
z_0185_635.131274.png,#73c6b6,209,0.137410,0.006183,0.045000
z_0185_635.131274.png,#7b241c,227,0.149244,0.006716,0.045000
z_0185_635.131274.png,#82e0aa,338,0.222222,0.010000,0.045000
z_0185_635.131274.png,#85c1e9,1131,0.743590,0.033462,0.045000
z_0185_635.131274.png,#922b21,1204,0.791584,0.035621,0.045000
z_0185_635.131274.png,#9a7d0a,7090,4.661407,0.209763,0.045000
z_0185_635.131274.png,#a2d9ce,26,0.017094,0.000769,0.045000
z_0185_635.131274.png,#a3e4d7,108,0.071006,0.003195,0.045000
z_0185_635.131274.png,#a9cce3,1289,0.847469,0.038136,0.045000
z_0185_635.131274.png,#af601a,1056,0.694280,0.031243,0.045000
z_0185_635.131274.png,#af7ac5,411,0.270217,0.012160,0.045000
z_0185_635.131274.png,#b9770e,1050,0.690335,0.031065,0.045000
z_0185_635.131274.png,#bb8fce,438,0.287968,0.012959,0.045000
z_0185_635.131274.png,#cb4335,570,0.374753,0.016864,0.045000
z_0185_635.131274.png,#d2b4de,2097,1.378698,0.062041,0.045000
z_0185_635.131274.png,#d35400,2745,1.804734,0.081213,0.045000
z_0185_635.131274.png,#d68910,1588,1.044050,0.046982,0.045000
z_0185_635.131274.png,#e74c3c,3208,2.109139,0.094911,0.045000
z_0185_635.131274.png,#edbb99,5496,3.613412,0.162604,0.045000
z_0185_635.131274.png,#f58231,1126,0.740302,0.033314,0.045000
z_0185_635.131274.png,#f7dc6f,179,0.117686,0.005296,0.045000
z_0185_635.131274.png,#f8c471,1933,1.270874,0.057189,0.045000
z_0185_635.131274.png,#fad7a0,821,0.539776,0.024290,0.045000
z_0186_636.142857.png,#0e6251,435,0.285996,0.012870,0.045000
z_0186_636.142857.png,#117a65,2325,1.528600,0.068787,0.045000
z_0186_636.142857.png,#145a32,1295,0.851414,0.038314,0.045000
z_0186_636.142857.png,#154360,2977,1.957265,0.088077,0.045000
z_0186_636.142857.png,#196f3d,4317,2.838264,0.127722,0.045000
z_0186_636.142857.png,#1b4f72,7617,5.007890,0.225355,0.045000
z_0186_636.142857.png,#2e4053,4072,2.677186,0.120473,0.045000
z_0186_636.142857.png,#2ecc71,392,0.257725,0.011598,0.045000
z_0186_636.142857.png,#3b3b98,1629,1.071006,0.048195,0.045000
z_0186_636.142857.png,#45b39d,5048,3.318869,0.149349,0.045000
z_0186_636.142857.png,#48c9b0,1481,0.973702,0.043817,0.045000
z_0186_636.142857.png,#4a235a,1989,1.307692,0.058846,0.045000
z_0186_636.142857.png,#512e5f,1272,0.836292,0.037633,0.045000
z_0186_636.142857.png,#52be80,2485,1.633794,0.073521,0.045000
z_0186_636.142857.png,#5499c7,1354,0.890204,0.040059,0.045000
z_0186_636.142857.png,#73c6b6,185,0.121631,0.005473,0.045000
z_0186_636.142857.png,#7b241c,174,0.114398,0.005148,0.045000
z_0186_636.142857.png,#82e0aa,332,0.218277,0.009822,0.045000
z_0186_636.142857.png,#85c1e9,968,0.636423,0.028639,0.045000
z_0186_636.142857.png,#922b21,1218,0.800789,0.036036,0.045000
z_0186_636.142857.png,#9a7d0a,7355,4.835634,0.217604,0.045000
z_0186_636.142857.png,#a2d9ce,33,0.021696,0.000976,0.045000
z_0186_636.142857.png,#a3e4d7,123,0.080868,0.003639,0.045000
z_0186_636.142857.png,#a9cce3,1236,0.812623,0.036568,0.045000
z_0186_636.142857.png,#af601a,1116,0.733728,0.033018,0.045000
z_0186_636.142857.png,#af7ac5,433,0.284681,0.012811,0.045000
z_0186_636.142857.png,#b9770e,970,0.637738,0.028698,0.045000
z_0186_636.142857.png,#bb8fce,502,0.330046,0.014852,0.045000
z_0186_636.142857.png,#cb4335,588,0.386588,0.017396,0.045000
z_0186_636.142857.png,#d2b4de,1993,1.310322,0.058964,0.045000
z_0186_636.142857.png,#d35400,2559,1.682446,0.075710,0.045000
z_0186_636.142857.png,#d68910,1426,0.937541,0.042189,0.045000
z_0186_636.142857.png,#e74c3c,3111,2.045365,0.092041,0.045000
z_0186_636.142857.png,#edbb99,5570,3.662064,0.164793,0.045000
z_0186_636.142857.png,#f58231,1263,0.830375,0.037367,0.045000
z_0186_636.142857.png,#f7dc6f,170,0.111769,0.005030,0.045000
z_0186_636.142857.png,#f8c471,2185,1.436555,0.064645,0.045000
z_0186_636.142857.png,#fad7a0,626,0.411571,0.018521,0.045000
z_0187_637.154440.png,#0e6251,442,0.290598,0.013077,0.045000
z_0187_637.154440.png,#117a65,2223,1.461538,0.065769,0.045000
z_0187_637.154440.png,#145a32,1327,0.872452,0.039260,0.045000
z_0187_637.154440.png,#154360,2710,1.781723,0.080178,0.045000
z_0187_637.154440.png,#196f3d,4283,2.815911,0.126716,0.045000
z_0187_637.154440.png,#1b4f72,7576,4.980934,0.224142,0.045000
z_0187_637.154440.png,#2e4053,4029,2.648915,0.119201,0.045000
z_0187_637.154440.png,#2ecc71,355,0.233399,0.010503,0.045000
z_0187_637.154440.png,#3b3b98,1722,1.132150,0.050947,0.045000
z_0187_637.154440.png,#45b39d,5493,3.611440,0.162515,0.045000
z_0187_637.154440.png,#48c9b0,1496,0.983563,0.044260,0.045000
z_0187_637.154440.png,#4a235a,2034,1.337278,0.060178,0.045000
z_0187_637.154440.png,#512e5f,1265,0.831690,0.037426,0.045000
z_0187_637.154440.png,#52be80,2200,1.446417,0.065089,0.045000
z_0187_637.154440.png,#5499c7,1252,0.823143,0.037041,0.045000
z_0187_637.154440.png,#73c6b6,184,0.120973,0.005444,0.045000
z_0187_637.154440.png,#7b241c,216,0.142012,0.006391,0.045000
z_0187_637.154440.png,#82e0aa,286,0.188034,0.008462,0.045000
z_0187_637.154440.png,#85c1e9,867,0.570020,0.025651,0.045000
z_0187_637.154440.png,#922b21,1069,0.702827,0.031627,0.045000
z_0187_637.154440.png,#9a7d0a,7489,4.923734,0.221568,0.045000
z_0187_637.154440.png,#a2d9ce,30,0.019724,0.000888,0.045000
z_0187_637.154440.png,#a3e4d7,126,0.082840,0.003728,0.045000
z_0187_637.154440.png,#a9cce3,1175,0.772518,0.034763,0.045000
z_0187_637.154440.png,#af601a,1065,0.700197,0.031509,0.045000
z_0187_637.154440.png,#af7ac5,448,0.294543,0.013254,0.045000
z_0187_637.154440.png,#b9770e,898,0.590401,0.026568,0.045000
z_0187_637.154440.png,#bb8fce,522,0.343195,0.015444,0.045000
z_0187_637.154440.png,#cb4335,616,0.404997,0.018225,0.045000
z_0187_637.154440.png,#d2b4de,1827,1.201183,0.054053,0.045000
z_0187_637.154440.png,#d35400,2410,1.584484,0.071302,0.045000
z_0187_637.154440.png,#d68910,1184,0.778435,0.035030,0.045000
z_0187_637.154440.png,#e74c3c,3020,1.985536,0.089349,0.045000
z_0187_637.154440.png,#edbb99,5428,3.568705,0.160592,0.045000
z_0187_637.154440.png,#f1948a,1,0.000657,0.000030,0.045000
z_0187_637.154440.png,#f58231,1256,0.825773,0.037160,0.045000
z_0187_637.154440.png,#f7dc6f,154,0.101249,0.004556,0.045000
z_0187_637.154440.png,#f8c471,2371,1.558843,0.070148,0.045000
z_0187_637.154440.png,#fad7a0,466,0.306377,0.013787,0.045000
z_0188_638.166023.png,#0e6251,422,0.277449,0.012485,0.045000
z_0188_638.166023.png,#117a65,2235,1.469428,0.066124,0.045000
z_0188_638.166023.png,#145a32,1382,0.908613,0.040888,0.045000
z_0188_638.166023.png,#154360,2411,1.585141,0.071331,0.045000
z_0188_638.166023.png,#196f3d,4416,2.903353,0.130651,0.045000
z_0188_638.166023.png,#1b4f72,7640,5.023011,0.226036,0.045000
z_0188_638.166023.png,#2e4053,3937,2.588429,0.116479,0.045000
z_0188_638.166023.png,#2ecc71,284,0.186719,0.008402,0.045000
z_0188_638.166023.png,#3b3b98,1704,1.120316,0.050414,0.045000
z_0188_638.166023.png,#45b39d,6059,3.983563,0.179260,0.045000
z_0188_638.166023.png,#48c9b0,1559,1.024984,0.046124,0.045000
z_0188_638.166023.png,#4a235a,2023,1.330046,0.059852,0.045000
z_0188_638.166023.png,#512e5f,1269,0.834320,0.037544,0.045000
z_0188_638.166023.png,#52be80,1740,1.143984,0.051479,0.045000
z_0188_638.166023.png,#5499c7,1370,0.900723,0.040533,0.045000
z_0188_638.166023.png,#73c6b6,191,0.125575,0.005651,0.045000
z_0188_638.166023.png,#7b241c,275,0.180802,0.008136,0.045000
z_0188_638.166023.png,#82e0aa,348,0.228797,0.010296,0.045000
z_0188_638.166023.png,#85c1e9,708,0.465483,0.020947,0.045000
z_0188_638.166023.png,#922b21,1101,0.723866,0.032574,0.045000
z_0188_638.166023.png,#9a7d0a,7563,4.972387,0.223757,0.045000
z_0188_638.166023.png,#a2d9ce,42,0.027613,0.001243,0.045000
z_0188_638.166023.png,#a3e4d7,116,0.076266,0.003432,0.045000
z_0188_638.166023.png,#a9cce3,1118,0.735043,0.033077,0.045000
z_0188_638.166023.png,#af601a,1025,0.673899,0.030325,0.045000
z_0188_638.166023.png,#af7ac5,483,0.317554,0.014290,0.045000
z_0188_638.166023.png,#b9770e,780,0.512821,0.023077,0.045000
z_0188_638.166023.png,#bb8fce,541,0.355687,0.016006,0.045000
z_0188_638.166023.png,#cb4335,633,0.416174,0.018728,0.045000
z_0188_638.166023.png,#d2b4de,1688,1.109796,0.049941,0.045000
z_0188_638.166023.png,#d35400,2246,1.476660,0.066450,0.045000
z_0188_638.166023.png,#d68910,983,0.646285,0.029083,0.045000
z_0188_638.166023.png,#e74c3c,2935,1.929652,0.086834,0.045000
z_0188_638.166023.png,#edbb99,5520,3.629191,0.163314,0.045000
z_0188_638.166023.png,#f58231,1246,0.819198,0.036864,0.045000
z_0188_638.166023.png,#f7dc6f,143,0.094017,0.004231,0.045000
z_0188_638.166023.png,#f8c471,2441,1.604865,0.072219,0.045000
z_0188_638.166023.png,#fad7a0,310,0.203813,0.009172,0.045000
z_0189_639.177606.png,#0e6251,429,0.282051,0.012692,0.045000
z_0189_639.177606.png,#117a65,2210,1.452991,0.065385,0.045000
z_0189_639.177606.png,#145a32,1422,0.934911,0.042071,0.045000
z_0189_639.177606.png,#154360,2176,1.430638,0.064379,0.045000
z_0189_639.177606.png,#196f3d,5124,3.368836,0.151598,0.045000
z_0189_639.177606.png,#1b4f72,8131,5.345825,0.240562,0.045000
z_0189_639.177606.png,#2e4053,3977,2.614727,0.117663,0.045000
z_0189_639.177606.png,#2ecc71,189,0.124260,0.005592,0.045000
z_0189_639.177606.png,#3b3b98,1531,1.006575,0.045296,0.045000
z_0189_639.177606.png,#45b39d,6333,4.163708,0.187367,0.045000
z_0189_639.177606.png,#48c9b0,1572,1.033531,0.046509,0.045000
z_0189_639.177606.png,#4a235a,1835,1.206443,0.054290,0.045000
z_0189_639.177606.png,#512e5f,1358,0.892834,0.040178,0.045000
z_0189_639.177606.png,#52be80,1420,0.933596,0.042012,0.045000
z_0189_639.177606.png,#5499c7,1504,0.988823,0.044497,0.045000
z_0189_639.177606.png,#73c6b6,198,0.130178,0.005858,0.045000
z_0189_639.177606.png,#7b241c,286,0.188034,0.008462,0.045000
z_0189_639.177606.png,#82e0aa,405,0.266272,0.011982,0.045000
z_0189_639.177606.png,#85c1e9,634,0.416831,0.018757,0.045000
z_0189_639.177606.png,#922b21,1265,0.831690,0.037426,0.045000
z_0189_639.177606.png,#9a7d0a,7942,5.221565,0.234970,0.045000
z_0189_639.177606.png,#a2d9ce,36,0.023669,0.001065,0.045000
z_0189_639.177606.png,#a3e4d7,118,0.077581,0.003491,0.045000
z_0189_639.177606.png,#a9cce3,1025,0.673899,0.030325,0.045000
z_0189_639.177606.png,#af601a,1109,0.729126,0.032811,0.045000
z_0189_639.177606.png,#af7ac5,533,0.350427,0.015769,0.045000
z_0189_639.177606.png,#b9770e,636,0.418146,0.018817,0.045000
z_0189_639.177606.png,#bb8fce,532,0.349770,0.015740,0.045000
z_0189_639.177606.png,#cb4335,646,0.424721,0.019112,0.045000
z_0189_639.177606.png,#d2b4de,1389,0.913215,0.041095,0.045000
z_0189_639.177606.png,#d35400,2076,1.364892,0.061420,0.045000
z_0189_639.177606.png,#d68910,744,0.489152,0.022012,0.045000
z_0189_639.177606.png,#e74c3c,2853,1.875740,0.084408,0.045000
z_0189_639.177606.png,#edbb99,5523,3.631164,0.163402,0.045000
z_0189_639.177606.png,#f58231,1164,0.765286,0.034438,0.045000
z_0189_639.177606.png,#f7dc6f,129,0.084813,0.003817,0.045000
z_0189_639.177606.png,#f8c471,2677,1.760026,0.079201,0.045000
z_0189_639.177606.png,#fad7a0,153,0.100592,0.004527,0.045000
z_0190_640.189189.png,#0e6251,392,0.257725,0.011598,0.045000
z_0190_640.189189.png,#117a65,2255,1.482577,0.066716,0.045000
z_0190_640.189189.png,#145a32,1500,0.986193,0.044379,0.045000
z_0190_640.189189.png,#154360,1978,1.300460,0.058521,0.045000
z_0190_640.189189.png,#196f3d,5540,3.642341,0.163905,0.045000
z_0190_640.189189.png,#1b4f72,8289,5.449704,0.245237,0.045000
z_0190_640.189189.png,#2e4053,4114,2.704799,0.121716,0.045000
z_0190_640.189189.png,#2ecc71,67,0.044050,0.001982,0.045000
z_0190_640.189189.png,#3b3b98,1400,0.920447,0.041420,0.045000
z_0190_640.189189.png,#45b39d,6362,4.182774,0.188225,0.045000
z_0190_640.189189.png,#48c9b0,1561,1.026298,0.046183,0.045000
z_0190_640.189189.png,#4a235a,1571,1.032873,0.046479,0.045000
z_0190_640.189189.png,#512e5f,1464,0.962525,0.043314,0.045000
z_0190_640.189189.png,#52be80,722,0.474688,0.021361,0.045000
z_0190_640.189189.png,#5499c7,1605,1.055227,0.047485,0.045000
z_0190_640.189189.png,#73c6b6,204,0.134122,0.006036,0.045000
z_0190_640.189189.png,#7b241c,304,0.199869,0.008994,0.045000
z_0190_640.189189.png,#82e0aa,408,0.268245,0.012071,0.045000
z_0190_640.189189.png,#85c1e9,597,0.392505,0.017663,0.045000
z_0190_640.189189.png,#922b21,1332,0.875740,0.039408,0.045000
z_0190_640.189189.png,#9a7d0a,8325,5.473373,0.246302,0.045000
z_0190_640.189189.png,#a2d9ce,22,0.014464,0.000651,0.045000
z_0190_640.189189.png,#a3e4d7,128,0.084155,0.003787,0.045000
z_0190_640.189189.png,#a9cce3,972,0.639053,0.028757,0.045000
z_0190_640.189189.png,#af601a,1209,0.794872,0.035769,0.045000
z_0190_640.189189.png,#af7ac5,599,0.393820,0.017722,0.045000
z_0190_640.189189.png,#b9770e,545,0.358317,0.016124,0.045000
z_0190_640.189189.png,#bb8fce,558,0.366864,0.016509,0.045000
z_0190_640.189189.png,#cb4335,657,0.431953,0.019438,0.045000
z_0190_640.189189.png,#d2b4de,1177,0.773833,0.034822,0.045000
z_0190_640.189189.png,#d35400,1710,1.124260,0.050592,0.045000
z_0190_640.189189.png,#d68910,526,0.345825,0.015562,0.045000
z_0190_640.189189.png,#e74c3c,2802,1.842209,0.082899,0.045000
z_0190_640.189189.png,#edbb99,5858,3.851414,0.173314,0.045000
z_0190_640.189189.png,#f1948a,1,0.000657,0.000030,0.045000
z_0190_640.189189.png,#f58231,1105,0.726496,0.032692,0.045000
z_0190_640.189189.png,#f7dc6f,107,0.070348,0.003166,0.045000
z_0190_640.189189.png,#f8c471,2743,1.803419,0.081154,0.045000
z_0190_640.189189.png,#fad7a0,170,0.111769,0.005030,0.045000
z_0191_641.200772.png,#0e6251,392,0.257725,0.011598,0.045000
z_0191_641.200772.png,#117a65,2255,1.482577,0.066716,0.045000
z_0191_641.200772.png,#145a32,1500,0.986193,0.044379,0.045000
z_0191_641.200772.png,#154360,1978,1.300460,0.058521,0.045000
z_0191_641.200772.png,#196f3d,5540,3.642341,0.163905,0.045000
z_0191_641.200772.png,#1b4f72,8289,5.449704,0.245237,0.045000
z_0191_641.200772.png,#2e4053,4114,2.704799,0.121716,0.045000
z_0191_641.200772.png,#2ecc71,67,0.044050,0.001982,0.045000
z_0191_641.200772.png,#3b3b98,1400,0.920447,0.041420,0.045000
z_0191_641.200772.png,#45b39d,6362,4.182774,0.188225,0.045000
z_0191_641.200772.png,#48c9b0,1561,1.026298,0.046183,0.045000
z_0191_641.200772.png,#4a235a,1571,1.032873,0.046479,0.045000
z_0191_641.200772.png,#512e5f,1464,0.962525,0.043314,0.045000
z_0191_641.200772.png,#52be80,722,0.474688,0.021361,0.045000
z_0191_641.200772.png,#5499c7,1605,1.055227,0.047485,0.045000
z_0191_641.200772.png,#73c6b6,204,0.134122,0.006036,0.045000
z_0191_641.200772.png,#7b241c,304,0.199869,0.008994,0.045000
z_0191_641.200772.png,#82e0aa,408,0.268245,0.012071,0.045000
z_0191_641.200772.png,#85c1e9,597,0.392505,0.017663,0.045000
z_0191_641.200772.png,#922b21,1332,0.875740,0.039408,0.045000
z_0191_641.200772.png,#9a7d0a,8325,5.473373,0.246302,0.045000
z_0191_641.200772.png,#a2d9ce,22,0.014464,0.000651,0.045000
z_0191_641.200772.png,#a3e4d7,128,0.084155,0.003787,0.045000
z_0191_641.200772.png,#a9cce3,972,0.639053,0.028757,0.045000
z_0191_641.200772.png,#af601a,1209,0.794872,0.035769,0.045000
z_0191_641.200772.png,#af7ac5,599,0.393820,0.017722,0.045000
z_0191_641.200772.png,#b9770e,545,0.358317,0.016124,0.045000
z_0191_641.200772.png,#bb8fce,558,0.366864,0.016509,0.045000
z_0191_641.200772.png,#cb4335,657,0.431953,0.019438,0.045000
z_0191_641.200772.png,#d2b4de,1177,0.773833,0.034822,0.045000
z_0191_641.200772.png,#d35400,1710,1.124260,0.050592,0.045000
z_0191_641.200772.png,#d68910,526,0.345825,0.015562,0.045000
z_0191_641.200772.png,#e74c3c,2802,1.842209,0.082899,0.045000
z_0191_641.200772.png,#edbb99,5858,3.851414,0.173314,0.045000
z_0191_641.200772.png,#f1948a,1,0.000657,0.000030,0.045000
z_0191_641.200772.png,#f58231,1105,0.726496,0.032692,0.045000
z_0191_641.200772.png,#f7dc6f,107,0.070348,0.003166,0.045000
z_0191_641.200772.png,#f8c471,2743,1.803419,0.081154,0.045000
z_0191_641.200772.png,#fad7a0,170,0.111769,0.005030,0.045000
z_0192_642.212355.png,#0e6251,363,0.238659,0.010740,0.045000
z_0192_642.212355.png,#117a65,2422,1.592373,0.071657,0.045000
z_0192_642.212355.png,#145a32,1589,1.044707,0.047012,0.045000
z_0192_642.212355.png,#154360,1499,0.985536,0.044349,0.045000
z_0192_642.212355.png,#196f3d,5451,3.583826,0.161272,0.045000
z_0192_642.212355.png,#1b4f72,7607,5.001315,0.225059,0.045000
z_0192_642.212355.png,#2e4053,4386,2.883629,0.129763,0.045000
z_0192_642.212355.png,#2ecc71,49,0.032216,0.001450,0.045000
z_0192_642.212355.png,#3b3b98,1132,0.744247,0.033491,0.045000
z_0192_642.212355.png,#45b39d,6074,3.993425,0.179704,0.045000
z_0192_642.212355.png,#48c9b0,1060,0.696910,0.031361,0.045000
z_0192_642.212355.png,#4a235a,1223,0.804076,0.036183,0.045000
z_0192_642.212355.png,#512e5f,1635,1.074951,0.048373,0.045000
z_0192_642.212355.png,#52be80,430,0.282709,0.012722,0.045000
z_0192_642.212355.png,#5499c7,1718,1.129520,0.050828,0.045000
z_0192_642.212355.png,#73c6b6,236,0.155161,0.006982,0.045000
z_0192_642.212355.png,#7b241c,360,0.236686,0.010651,0.045000
z_0192_642.212355.png,#82e0aa,389,0.255753,0.011509,0.045000
z_0192_642.212355.png,#85c1e9,527,0.346483,0.015592,0.045000
z_0192_642.212355.png,#922b21,2128,1.399080,0.062959,0.045000
z_0192_642.212355.png,#9a7d0a,8499,5.587771,0.251450,0.045000
z_0192_642.212355.png,#a2d9ce,65,0.042735,0.001923,0.045000
z_0192_642.212355.png,#a3e4d7,128,0.084155,0.003787,0.045000
z_0192_642.212355.png,#a9cce3,761,0.500329,0.022515,0.045000
z_0192_642.212355.png,#af601a,1384,0.909928,0.040947,0.045000
z_0192_642.212355.png,#af7ac5,787,0.517423,0.023284,0.045000
z_0192_642.212355.png,#b9770e,334,0.219592,0.009882,0.045000
z_0192_642.212355.png,#bb8fce,544,0.357659,0.016095,0.045000
z_0192_642.212355.png,#cb4335,637,0.418803,0.018846,0.045000
z_0192_642.212355.png,#d2b4de,812,0.533859,0.024024,0.045000
z_0192_642.212355.png,#d35400,1429,0.939513,0.042278,0.045000
z_0192_642.212355.png,#d68910,403,0.264957,0.011923,0.045000
z_0192_642.212355.png,#e74c3c,2418,1.589744,0.071538,0.045000
z_0192_642.212355.png,#edbb99,5973,3.927022,0.176716,0.045000
z_0192_642.212355.png,#f58231,1035,0.680473,0.030621,0.045000
z_0192_642.212355.png,#f7dc6f,88,0.057857,0.002604,0.045000
z_0192_642.212355.png,#f8c471,2898,1.905325,0.085740,0.045000
z_0192_642.212355.png,#fad7a0,196,0.128863,0.005799,0.045000
z_0193_643.223938.png,#0e6251,341,0.224195,0.010089,0.045000
z_0193_643.223938.png,#117a65,2541,1.670611,0.075178,0.045000
z_0193_643.223938.png,#145a32,1624,1.067719,0.048047,0.045000
z_0193_643.223938.png,#154360,1006,0.661407,0.029763,0.045000
z_0193_643.223938.png,#196f3d,5087,3.344510,0.150503,0.045000
z_0193_643.223938.png,#1b4f72,7452,4.899408,0.220473,0.045000
z_0193_643.223938.png,#2e4053,4324,2.842867,0.127929,0.045000
z_0193_643.223938.png,#2ecc71,60,0.039448,0.001775,0.045000
z_0193_643.223938.png,#3b3b98,1026,0.674556,0.030355,0.045000
z_0193_643.223938.png,#45b39d,5902,3.880342,0.174615,0.045000
z_0193_643.223938.png,#48c9b0,1075,0.706772,0.031805,0.045000
z_0193_643.223938.png,#4a235a,936,0.615385,0.027692,0.045000
z_0193_643.223938.png,#512e5f,1745,1.147272,0.051627,0.045000
z_0193_643.223938.png,#52be80,301,0.197896,0.008905,0.045000
z_0193_643.223938.png,#5499c7,1651,1.085470,0.048846,0.045000
z_0193_643.223938.png,#73c6b6,250,0.164366,0.007396,0.045000
z_0193_643.223938.png,#7b241c,353,0.232084,0.010444,0.045000
z_0193_643.223938.png,#82e0aa,392,0.257725,0.011598,0.045000
z_0193_643.223938.png,#85c1e9,500,0.328731,0.014793,0.045000
z_0193_643.223938.png,#922b21,2478,1.629191,0.073314,0.045000
z_0193_643.223938.png,#9a7d0a,8647,5.685076,0.255828,0.045000
z_0193_643.223938.png,#a2d9ce,31,0.020381,0.000917,0.045000
z_0193_643.223938.png,#a3e4d7,124,0.081525,0.003669,0.045000
z_0193_643.223938.png,#a9cce3,415,0.272847,0.012278,0.045000
z_0193_643.223938.png,#af601a,1448,0.952005,0.042840,0.045000
z_0193_643.223938.png,#af7ac5,920,0.604865,0.027219,0.045000
z_0193_643.223938.png,#b9770e,303,0.199211,0.008964,0.045000
z_0193_643.223938.png,#bb8fce,500,0.328731,0.014793,0.045000
z_0193_643.223938.png,#cb4335,631,0.414859,0.018669,0.045000
z_0193_643.223938.png,#d2b4de,725,0.476660,0.021450,0.045000
z_0193_643.223938.png,#d35400,1422,0.934911,0.042071,0.045000
z_0193_643.223938.png,#d68910,481,0.316239,0.014231,0.045000
z_0193_643.223938.png,#e74c3c,2285,1.502301,0.067604,0.045000
z_0193_643.223938.png,#edbb99,6190,4.069691,0.183136,0.045000
z_0193_643.223938.png,#f1948a,198,0.130178,0.005858,0.045000
z_0193_643.223938.png,#f58231,1049,0.689678,0.031036,0.045000
z_0193_643.223938.png,#f7dc6f,80,0.052597,0.002367,0.045000
z_0193_643.223938.png,#f8c471,296,0.194609,0.008757,0.045000
z_0193_643.223938.png,#fad7a0,187,0.122945,0.005533,0.045000
z_0194_644.235521.png,#0e6251,335,0.220250,0.009911,0.045000
z_0194_644.235521.png,#117a65,2608,1.714661,0.077160,0.045000
z_0194_644.235521.png,#145a32,1741,1.144642,0.051509,0.045000
z_0194_644.235521.png,#154360,689,0.452991,0.020385,0.045000
z_0194_644.235521.png,#196f3d,4513,2.967127,0.133521,0.045000
z_0194_644.235521.png,#1b4f72,7283,4.788297,0.215473,0.045000
z_0194_644.235521.png,#2e4053,4015,2.639711,0.118787,0.045000
z_0194_644.235521.png,#2ecc71,77,0.050625,0.002278,0.045000
z_0194_644.235521.png,#3b3b98,919,0.604208,0.027189,0.045000
z_0194_644.235521.png,#45b39d,5623,3.696910,0.166361,0.045000
z_0194_644.235521.png,#48c9b0,1059,0.696252,0.031331,0.045000
z_0194_644.235521.png,#4a235a,810,0.532544,0.023964,0.045000
z_0194_644.235521.png,#512e5f,1840,1.209730,0.054438,0.045000
z_0194_644.235521.png,#52be80,271,0.178172,0.008018,0.045000
z_0194_644.235521.png,#5499c7,1481,0.973702,0.043817,0.045000
z_0194_644.235521.png,#73c6b6,274,0.180145,0.008107,0.045000
z_0194_644.235521.png,#7b241c,371,0.243918,0.010976,0.045000
z_0194_644.235521.png,#82e0aa,397,0.261012,0.011746,0.045000
z_0194_644.235521.png,#85c1e9,500,0.328731,0.014793,0.045000
z_0194_644.235521.png,#922b21,2937,1.930966,0.086893,0.045000
z_0194_644.235521.png,#9a7d0a,8875,5.834977,0.262574,0.045000
z_0194_644.235521.png,#a2d9ce,40,0.026298,0.001183,0.045000
z_0194_644.235521.png,#a3e4d7,134,0.088100,0.003964,0.045000
z_0194_644.235521.png,#a9cce3,388,0.255095,0.011479,0.045000
z_0194_644.235521.png,#af601a,1525,1.002630,0.045118,0.045000
z_0194_644.235521.png,#af7ac5,1109,0.729126,0.032811,0.045000
z_0194_644.235521.png,#b9770e,275,0.180802,0.008136,0.045000
z_0194_644.235521.png,#bb8fce,490,0.322156,0.014497,0.045000
z_0194_644.235521.png,#cb4335,656,0.431295,0.019408,0.045000
z_0194_644.235521.png,#d2b4de,671,0.441157,0.019852,0.045000
z_0194_644.235521.png,#d35400,1471,0.967127,0.043521,0.045000
z_0194_644.235521.png,#d68910,507,0.333333,0.015000,0.045000
z_0194_644.235521.png,#e74c3c,2128,1.399080,0.062959,0.045000
z_0194_644.235521.png,#edbb99,5615,3.691650,0.166124,0.045000
z_0194_644.235521.png,#f1948a,430,0.282709,0.012722,0.045000
z_0194_644.235521.png,#f58231,1041,0.684418,0.030799,0.045000
z_0194_644.235521.png,#f7dc6f,68,0.044707,0.002012,0.045000
z_0194_644.235521.png,#f8c471,244,0.160421,0.007219,0.045000
z_0194_644.235521.png,#fad7a0,223,0.146614,0.006598,0.045000
z_0195_645.247104.png,#0e6251,336,0.220907,0.009941,0.045000
z_0195_645.247104.png,#117a65,2671,1.756082,0.079024,0.045000
z_0195_645.247104.png,#145a32,1874,1.232084,0.055444,0.045000
z_0195_645.247104.png,#154360,536,0.352400,0.015858,0.045000
z_0195_645.247104.png,#196f3d,3815,2.508218,0.112870,0.045000
z_0195_645.247104.png,#1b4f72,7166,4.711374,0.212012,0.045000
z_0195_645.247104.png,#2e4053,3421,2.249178,0.101213,0.045000
z_0195_645.247104.png,#2ecc71,92,0.060487,0.002722,0.045000
z_0195_645.247104.png,#3b3b98,815,0.535832,0.024112,0.045000
z_0195_645.247104.png,#45b39d,5356,3.521368,0.158462,0.045000
z_0195_645.247104.png,#48c9b0,1123,0.738330,0.033225,0.045000
z_0195_645.247104.png,#4a235a,794,0.522025,0.023491,0.045000
z_0195_645.247104.png,#512e5f,1917,1.260355,0.056716,0.045000
z_0195_645.247104.png,#52be80,295,0.193951,0.008728,0.045000
z_0195_645.247104.png,#5499c7,1186,0.779750,0.035089,0.045000
z_0195_645.247104.png,#73c6b6,304,0.199869,0.008994,0.045000
z_0195_645.247104.png,#7b241c,387,0.254438,0.011450,0.045000
z_0195_645.247104.png,#82e0aa,405,0.266272,0.011982,0.045000
z_0195_645.247104.png,#85c1e9,490,0.322156,0.014497,0.045000
z_0195_645.247104.png,#922b21,3225,2.120316,0.095414,0.045000
z_0195_645.247104.png,#9a7d0a,9073,5.965155,0.268432,0.045000
z_0195_645.247104.png,#a2d9ce,35,0.023011,0.001036,0.045000
z_0195_645.247104.png,#a3e4d7,120,0.078895,0.003550,0.045000
z_0195_645.247104.png,#a9cce3,417,0.274162,0.012337,0.045000
z_0195_645.247104.png,#af601a,1627,1.069691,0.048136,0.045000
z_0195_645.247104.png,#af7ac5,1102,0.724523,0.032604,0.045000
z_0195_645.247104.png,#b9770e,282,0.185404,0.008343,0.045000
z_0195_645.247104.png,#bb8fce,480,0.315582,0.014201,0.045000
z_0195_645.247104.png,#cb4335,696,0.457594,0.020592,0.045000
z_0195_645.247104.png,#d2b4de,576,0.378698,0.017041,0.045000
z_0195_645.247104.png,#d35400,1398,0.919132,0.041361,0.045000
z_0195_645.247104.png,#d68910,527,0.346483,0.015592,0.045000
z_0195_645.247104.png,#e74c3c,1882,1.237344,0.055680,0.045000
z_0195_645.247104.png,#edbb99,6125,4.026956,0.181213,0.045000
z_0195_645.247104.png,#f1948a,613,0.403024,0.018136,0.045000
z_0195_645.247104.png,#f58231,1001,0.658120,0.029615,0.045000
z_0195_645.247104.png,#f7dc6f,74,0.048652,0.002189,0.045000
z_0195_645.247104.png,#f8c471,3191,2.097962,0.094408,0.045000
z_0195_645.247104.png,#fad7a0,233,0.153189,0.006893,0.045000
z_0196_646.258687.png,#0e6251,345,0.226824,0.010207,0.045000
z_0196_646.258687.png,#117a65,2784,1.830375,0.082367,0.045000
z_0196_646.258687.png,#145a32,1940,1.275477,0.057396,0.045000
z_0196_646.258687.png,#154360,499,0.328074,0.014763,0.045000
z_0196_646.258687.png,#196f3d,3050,2.005260,0.090237,0.045000
z_0196_646.258687.png,#1b4f72,7112,4.675871,0.210414,0.045000
z_0196_646.258687.png,#2e4053,2742,1.802761,0.081124,0.045000
z_0196_646.258687.png,#2ecc71,112,0.073636,0.003314,0.045000
z_0196_646.258687.png,#3b3b98,783,0.514793,0.023166,0.045000
z_0196_646.258687.png,#45b39d,5160,3.392505,0.152663,0.045000
z_0196_646.258687.png,#48c9b0,1235,0.811966,0.036538,0.045000
z_0196_646.258687.png,#4a235a,775,0.509533,0.022929,0.045000
z_0196_646.258687.png,#512e5f,1996,1.312295,0.059053,0.045000
z_0196_646.258687.png,#52be80,309,0.203156,0.009142,0.045000
z_0196_646.258687.png,#5499c7,1182,0.777120,0.034970,0.045000
z_0196_646.258687.png,#73c6b6,337,0.221565,0.009970,0.045000
z_0196_646.258687.png,#7b241c,390,0.256410,0.011538,0.045000
z_0196_646.258687.png,#82e0aa,411,0.270217,0.012160,0.045000
z_0196_646.258687.png,#85c1e9,501,0.329389,0.014822,0.045000
z_0196_646.258687.png,#922b21,3362,2.210388,0.099467,0.045000
z_0196_646.258687.png,#9a7d0a,9482,6.234057,0.280533,0.045000
z_0196_646.258687.png,#a2d9ce,49,0.032216,0.001450,0.045000
z_0196_646.258687.png,#a3e4d7,141,0.092702,0.004172,0.045000
z_0196_646.258687.png,#a9cce3,484,0.318212,0.014320,0.045000
z_0196_646.258687.png,#af601a,1816,1.193951,0.053728,0.045000
z_0196_646.258687.png,#af7ac5,1201,0.789612,0.035533,0.045000
z_0196_646.258687.png,#b9770e,294,0.193294,0.008698,0.045000
z_0196_646.258687.png,#bb8fce,462,0.303748,0.013669,0.045000
z_0196_646.258687.png,#cb4335,741,0.487179,0.021923,0.045000
z_0196_646.258687.png,#d2b4de,596,0.391847,0.017633,0.045000
z_0196_646.258687.png,#d35400,1337,0.879027,0.039556,0.045000
z_0196_646.258687.png,#d68910,492,0.323471,0.014556,0.045000
z_0196_646.258687.png,#e74c3c,1657,1.089415,0.049024,0.045000
z_0196_646.258687.png,#edbb99,11091,7.291913,0.328136,0.045000
z_0196_646.258687.png,#f1948a,666,0.437870,0.019704,0.045000
z_0196_646.258687.png,#f58231,1005,0.660750,0.029734,0.045000
z_0196_646.258687.png,#f7dc6f,72,0.047337,0.002130,0.045000
z_0196_646.258687.png,#f8c471,3394,2.231427,0.100414,0.045000
z_0196_646.258687.png,#fad7a0,242,0.159106,0.007160,0.045000
z_0197_647.270270.png,#0e6251,324,0.213018,0.009586,0.045000
z_0197_647.270270.png,#117a65,2907,1.911243,0.086006,0.045000
z_0197_647.270270.png,#145a32,2097,1.378698,0.062041,0.045000
z_0197_647.270270.png,#154360,605,0.397765,0.017899,0.045000
z_0197_647.270270.png,#196f3d,2511,1.650888,0.074290,0.045000
z_0197_647.270270.png,#1b4f72,7135,4.690993,0.211095,0.045000
z_0197_647.270270.png,#2e4053,2134,1.403024,0.063136,0.045000
z_0197_647.270270.png,#2ecc71,143,0.094017,0.004231,0.045000
z_0197_647.270270.png,#3b3b98,764,0.502301,0.022604,0.045000
z_0197_647.270270.png,#45b39d,4949,3.253780,0.146420,0.045000
z_0197_647.270270.png,#48c9b0,1394,0.916502,0.041243,0.045000
z_0197_647.270270.png,#4a235a,745,0.489809,0.022041,0.045000
z_0197_647.270270.png,#512e5f,1935,1.272189,0.057249,0.045000
z_0197_647.270270.png,#52be80,346,0.227482,0.010237,0.045000
z_0197_647.270270.png,#5499c7,1245,0.818540,0.036834,0.045000
z_0197_647.270270.png,#73c6b6,352,0.231427,0.010414,0.045000
z_0197_647.270270.png,#7b241c,378,0.248521,0.011183,0.045000
z_0197_647.270270.png,#82e0aa,370,0.243261,0.010947,0.045000
z_0197_647.270270.png,#85c1e9,462,0.303748,0.013669,0.045000
z_0197_647.270270.png,#922b21,3928,2.582512,0.116213,0.045000
z_0197_647.270270.png,#9a7d0a,9595,6.308350,0.283876,0.045000
z_0197_647.270270.png,#a2d9ce,50,0.032873,0.001479,0.045000
z_0197_647.270270.png,#a3e4d7,167,0.109796,0.004941,0.045000
z_0197_647.270270.png,#a9cce3,548,0.360289,0.016213,0.045000
z_0197_647.270270.png,#af601a,2036,1.338593,0.060237,0.045000
z_0197_647.270270.png,#af7ac5,1312,0.862590,0.038817,0.045000
z_0197_647.270270.png,#b9770e,352,0.231427,0.010414,0.045000
z_0197_647.270270.png,#bb8fce,452,0.297173,0.013373,0.045000
z_0197_647.270270.png,#cb4335,820,0.539119,0.024260,0.045000
z_0197_647.270270.png,#d2b4de,594,0.390533,0.017574,0.045000
z_0197_647.270270.png,#d35400,1179,0.775148,0.034882,0.045000
z_0197_647.270270.png,#d68910,418,0.274819,0.012367,0.045000
z_0197_647.270270.png,#e74c3c,1221,0.802761,0.036124,0.045000
z_0197_647.270270.png,#edbb99,11198,7.362262,0.331302,0.045000
z_0197_647.270270.png,#f1948a,711,0.467456,0.021036,0.045000
z_0197_647.270270.png,#f58231,990,0.650888,0.029290,0.045000
z_0197_647.270270.png,#f7dc6f,65,0.042735,0.001923,0.045000
z_0197_647.270270.png,#f8c471,3535,2.324129,0.104586,0.045000
z_0197_647.270270.png,#fad7a0,265,0.174227,0.007840,0.045000
z_0198_648.281853.png,#0e6251,311,0.204471,0.009201,0.045000
z_0198_648.281853.png,#117a65,2998,1.971072,0.088698,0.045000
z_0198_648.281853.png,#145a32,2273,1.494412,0.067249,0.045000
z_0198_648.281853.png,#154360,725,0.476660,0.021450,0.045000
z_0198_648.281853.png,#196f3d,2157,1.418146,0.063817,0.045000
z_0198_648.281853.png,#1b4f72,6772,4.452334,0.200355,0.045000
z_0198_648.281853.png,#2e4053,1536,1.009862,0.045444,0.045000
z_0198_648.281853.png,#2ecc71,157,0.103222,0.004645,0.045000
z_0198_648.281853.png,#3b3b98,689,0.452991,0.020385,0.045000
z_0198_648.281853.png,#45b39d,4837,3.180145,0.143107,0.045000
z_0198_648.281853.png,#48c9b0,1658,1.090072,0.049053,0.045000
z_0198_648.281853.png,#4a235a,721,0.474030,0.021331,0.045000
z_0198_648.281853.png,#512e5f,2007,1.319527,0.059379,0.045000
z_0198_648.281853.png,#52be80,398,0.261670,0.011775,0.045000
z_0198_648.281853.png,#5499c7,1313,0.863248,0.038846,0.045000
z_0198_648.281853.png,#73c6b6,389,0.255753,0.011509,0.045000
z_0198_648.281853.png,#7b241c,384,0.252465,0.011361,0.045000
z_0198_648.281853.png,#82e0aa,383,0.251808,0.011331,0.045000
z_0198_648.281853.png,#85c1e9,419,0.275477,0.012396,0.045000
z_0198_648.281853.png,#922b21,4547,2.989481,0.134527,0.045000
z_0198_648.281853.png,#9a7d0a,9622,6.326101,0.284675,0.045000
z_0198_648.281853.png,#a2d9ce,61,0.040105,0.001805,0.045000
z_0198_648.281853.png,#a3e4d7,190,0.124918,0.005621,0.045000
z_0198_648.281853.png,#a9cce3,568,0.373439,0.016805,0.045000
z_0198_648.281853.png,#af601a,2019,1.327416,0.059734,0.045000
z_0198_648.281853.png,#af7ac5,1291,0.848784,0.038195,0.045000
z_0198_648.281853.png,#b9770e,359,0.236029,0.010621,0.045000
z_0198_648.281853.png,#bb8fce,464,0.305062,0.013728,0.045000
z_0198_648.281853.png,#cb4335,935,0.614727,0.027663,0.045000
z_0198_648.281853.png,#d2b4de,603,0.396450,0.017840,0.045000
z_0198_648.281853.png,#d35400,1054,0.692965,0.031183,0.045000
z_0198_648.281853.png,#d68910,301,0.197896,0.008905,0.045000
z_0198_648.281853.png,#e74c3c,842,0.553583,0.024911,0.045000
z_0198_648.281853.png,#edbb99,10634,6.991453,0.314615,0.045000
z_0198_648.281853.png,#f1948a,753,0.495069,0.022278,0.045000
z_0198_648.281853.png,#f58231,897,0.589744,0.026538,0.045000
z_0198_648.281853.png,#f7dc6f,79,0.051940,0.002337,0.045000
z_0198_648.281853.png,#f8c471,3603,2.368836,0.106598,0.045000
z_0198_648.281853.png,#fad7a0,260,0.170940,0.007692,0.045000
z_0199_649.293436.png,#0e6251,317,0.208416,0.009379,0.045000
z_0199_649.293436.png,#117a65,3169,2.083498,0.093757,0.045000
z_0199_649.293436.png,#145a32,2398,1.576594,0.070947,0.045000
z_0199_649.293436.png,#154360,740,0.486522,0.021893,0.045000
z_0199_649.293436.png,#196f3d,1746,1.147929,0.051657,0.045000
z_0199_649.293436.png,#1b4f72,6338,4.166995,0.187515,0.045000
z_0199_649.293436.png,#2e4053,1294,0.850756,0.038284,0.045000
z_0199_649.293436.png,#2ecc71,197,0.129520,0.005828,0.045000
z_0199_649.293436.png,#3b3b98,668,0.439185,0.019763,0.045000
z_0199_649.293436.png,#45b39d,4712,3.097962,0.139408,0.045000
z_0199_649.293436.png,#48c9b0,1842,1.211045,0.054497,0.045000
z_0199_649.293436.png,#4a235a,675,0.443787,0.019970,0.045000
z_0199_649.293436.png,#512e5f,2146,1.410914,0.063491,0.045000
z_0199_649.293436.png,#52be80,490,0.322156,0.014497,0.045000
z_0199_649.293436.png,#5499c7,1355,0.890861,0.040089,0.045000
z_0199_649.293436.png,#73c6b6,490,0.322156,0.014497,0.045000
z_0199_649.293436.png,#7b241c,343,0.225510,0.010148,0.045000
z_0199_649.293436.png,#82e0aa,357,0.234714,0.010562,0.045000
z_0199_649.293436.png,#85c1e9,322,0.211703,0.009527,0.045000
z_0199_649.293436.png,#922b21,5204,3.421433,0.153964,0.045000
z_0199_649.293436.png,#9a7d0a,9670,6.357659,0.286095,0.045000
z_0199_649.293436.png,#a2d9ce,68,0.044707,0.002012,0.045000
z_0199_649.293436.png,#a3e4d7,229,0.150559,0.006775,0.045000
z_0199_649.293436.png,#a9cce3,543,0.357002,0.016065,0.045000
z_0199_649.293436.png,#af601a,2055,1.351085,0.060799,0.045000
z_0199_649.293436.png,#af7ac5,1392,0.915187,0.041183,0.045000
z_0199_649.293436.png,#b9770e,423,0.278107,0.012515,0.045000
z_0199_649.293436.png,#bb8fce,457,0.300460,0.013521,0.045000
z_0199_649.293436.png,#cb4335,1042,0.685076,0.030828,0.045000
z_0199_649.293436.png,#d2b4de,593,0.389875,0.017544,0.045000
z_0199_649.293436.png,#d35400,941,0.618672,0.027840,0.045000
z_0199_649.293436.png,#d68910,195,0.128205,0.005769,0.045000
z_0199_649.293436.png,#e74c3c,641,0.421433,0.018964,0.045000
z_0199_649.293436.png,#edbb99,10106,6.644313,0.298994,0.045000
z_0199_649.293436.png,#f1948a,748,0.491782,0.022130,0.045000
z_0199_649.293436.png,#f58231,853,0.560815,0.025237,0.045000
z_0199_649.293436.png,#f7dc6f,76,0.049967,0.002249,0.045000
z_0199_649.293436.png,#f8c471,3691,2.426693,0.109201,0.045000
z_0199_649.293436.png,#fad7a0,265,0.174227,0.007840,0.045000
z_0200_650.305019.png,#0e6251,317,0.208416,0.009379,0.045000
z_0200_650.305019.png,#117a65,3169,2.083498,0.093757,0.045000
z_0200_650.305019.png,#145a32,2398,1.576594,0.070947,0.045000
z_0200_650.305019.png,#154360,740,0.486522,0.021893,0.045000
z_0200_650.305019.png,#196f3d,1746,1.147929,0.051657,0.045000
z_0200_650.305019.png,#1b4f72,6338,4.166995,0.187515,0.045000
z_0200_650.305019.png,#2e4053,1294,0.850756,0.038284,0.045000
z_0200_650.305019.png,#2ecc71,197,0.129520,0.005828,0.045000
z_0200_650.305019.png,#3b3b98,668,0.439185,0.019763,0.045000
z_0200_650.305019.png,#45b39d,4712,3.097962,0.139408,0.045000
z_0200_650.305019.png,#48c9b0,1842,1.211045,0.054497,0.045000
z_0200_650.305019.png,#4a235a,675,0.443787,0.019970,0.045000
z_0200_650.305019.png,#512e5f,2146,1.410914,0.063491,0.045000
z_0200_650.305019.png,#52be80,490,0.322156,0.014497,0.045000
z_0200_650.305019.png,#5499c7,1355,0.890861,0.040089,0.045000
z_0200_650.305019.png,#73c6b6,490,0.322156,0.014497,0.045000
z_0200_650.305019.png,#7b241c,343,0.225510,0.010148,0.045000
z_0200_650.305019.png,#82e0aa,357,0.234714,0.010562,0.045000
z_0200_650.305019.png,#85c1e9,322,0.211703,0.009527,0.045000
z_0200_650.305019.png,#922b21,5204,3.421433,0.153964,0.045000
z_0200_650.305019.png,#9a7d0a,9670,6.357659,0.286095,0.045000
z_0200_650.305019.png,#a2d9ce,68,0.044707,0.002012,0.045000
z_0200_650.305019.png,#a3e4d7,229,0.150559,0.006775,0.045000
z_0200_650.305019.png,#a9cce3,543,0.357002,0.016065,0.045000
z_0200_650.305019.png,#af601a,2055,1.351085,0.060799,0.045000
z_0200_650.305019.png,#af7ac5,1392,0.915187,0.041183,0.045000
z_0200_650.305019.png,#b9770e,423,0.278107,0.012515,0.045000
z_0200_650.305019.png,#bb8fce,457,0.300460,0.013521,0.045000
z_0200_650.305019.png,#cb4335,1042,0.685076,0.030828,0.045000
z_0200_650.305019.png,#d2b4de,593,0.389875,0.017544,0.045000
z_0200_650.305019.png,#d35400,941,0.618672,0.027840,0.045000
z_0200_650.305019.png,#d68910,195,0.128205,0.005769,0.045000
z_0200_650.305019.png,#e74c3c,641,0.421433,0.018964,0.045000
z_0200_650.305019.png,#edbb99,10106,6.644313,0.298994,0.045000
z_0200_650.305019.png,#f1948a,748,0.491782,0.022130,0.045000
z_0200_650.305019.png,#f58231,853,0.560815,0.025237,0.045000
z_0200_650.305019.png,#f7dc6f,76,0.049967,0.002249,0.045000
z_0200_650.305019.png,#f8c471,3691,2.426693,0.109201,0.045000
z_0200_650.305019.png,#fad7a0,265,0.174227,0.007840,0.045000
z_0201_651.316602.png,#0e6251,311,0.204471,0.009201,0.045000
z_0201_651.316602.png,#117a65,3176,2.088100,0.093964,0.045000
z_0201_651.316602.png,#145a32,2497,1.641683,0.073876,0.045000
z_0201_651.316602.png,#154360,819,0.538462,0.024231,0.045000
z_0201_651.316602.png,#196f3d,1406,0.924392,0.041598,0.045000
z_0201_651.316602.png,#1b4f72,5984,3.934254,0.177041,0.045000
z_0201_651.316602.png,#2e4053,1255,0.825115,0.037130,0.045000
z_0201_651.316602.png,#2ecc71,224,0.147272,0.006627,0.045000
z_0201_651.316602.png,#3b3b98,636,0.418146,0.018817,0.045000
z_0201_651.316602.png,#45b39d,4698,3.088757,0.138994,0.045000
z_0201_651.316602.png,#48c9b0,2054,1.350427,0.060769,0.045000
z_0201_651.316602.png,#4a235a,680,0.447074,0.020118,0.045000
z_0201_651.316602.png,#512e5f,2157,1.418146,0.063817,0.045000
z_0201_651.316602.png,#52be80,516,0.339250,0.015266,0.045000
z_0201_651.316602.png,#5499c7,1369,0.900066,0.040503,0.045000
z_0201_651.316602.png,#73c6b6,517,0.339908,0.015296,0.045000
z_0201_651.316602.png,#7b241c,379,0.249178,0.011213,0.045000
z_0201_651.316602.png,#82e0aa,403,0.264957,0.011923,0.045000
z_0201_651.316602.png,#85c1e9,310,0.203813,0.009172,0.045000
z_0201_651.316602.png,#922b21,6232,4.097304,0.184379,0.045000
z_0201_651.316602.png,#9a7d0a,9464,6.222222,0.280000,0.045000
z_0201_651.316602.png,#a2d9ce,47,0.030901,0.001391,0.045000
z_0201_651.316602.png,#a3e4d7,253,0.166338,0.007485,0.045000
z_0201_651.316602.png,#a9cce3,540,0.355030,0.015976,0.045000
z_0201_651.316602.png,#af601a,1949,1.281394,0.057663,0.045000
z_0201_651.316602.png,#af7ac5,1425,0.936884,0.042160,0.045000
z_0201_651.316602.png,#b9770e,473,0.310980,0.013994,0.045000
z_0201_651.316602.png,#bb8fce,434,0.285339,0.012840,0.045000
z_0201_651.316602.png,#cb4335,1086,0.714004,0.032130,0.045000
z_0201_651.316602.png,#d2b4de,525,0.345168,0.015533,0.045000
z_0201_651.316602.png,#d35400,747,0.491124,0.022101,0.045000
z_0201_651.316602.png,#d68910,69,0.045365,0.002041,0.045000
z_0201_651.316602.png,#e74c3c,570,0.374753,0.016864,0.045000
z_0201_651.316602.png,#edbb99,9834,6.465483,0.290947,0.045000
z_0201_651.316602.png,#f1948a,748,0.491782,0.022130,0.045000
z_0201_651.316602.png,#f58231,813,0.534517,0.024053,0.045000
z_0201_651.316602.png,#f7dc6f,89,0.058514,0.002633,0.045000
z_0201_651.316602.png,#f8c471,3716,2.443130,0.109941,0.045000
z_0201_651.316602.png,#fad7a0,267,0.175542,0.007899,0.045000
z_0202_652.328185.png,#0e6251,297,0.195266,0.008787,0.045000
z_0202_652.328185.png,#117a65,3286,2.160421,0.097219,0.045000
z_0202_652.328185.png,#145a32,2464,1.619987,0.072899,0.045000
z_0202_652.328185.png,#154360,911,0.598948,0.026953,0.045000
z_0202_652.328185.png,#196f3d,1142,0.750822,0.033787,0.045000
z_0202_652.328185.png,#1b4f72,5666,3.725181,0.167633,0.045000
z_0202_652.328185.png,#2e4053,1164,0.765286,0.034438,0.045000
z_0202_652.328185.png,#2ecc71,274,0.180145,0.008107,0.045000
z_0202_652.328185.png,#3b3b98,592,0.389218,0.017515,0.045000
z_0202_652.328185.png,#45b39d,4733,3.111769,0.140030,0.045000
z_0202_652.328185.png,#48c9b0,2210,1.452991,0.065385,0.045000
z_0202_652.328185.png,#4a235a,656,0.431295,0.019408,0.045000
z_0202_652.328185.png,#512e5f,2138,1.405654,0.063254,0.045000
z_0202_652.328185.png,#52be80,596,0.391847,0.017633,0.045000
z_0202_652.328185.png,#5499c7,1420,0.933596,0.042012,0.045000
z_0202_652.328185.png,#73c6b6,605,0.397765,0.017899,0.045000
z_0202_652.328185.png,#7b241c,370,0.243261,0.010947,0.045000
z_0202_652.328185.png,#82e0aa,509,0.334648,0.015059,0.045000
z_0202_652.328185.png,#85c1e9,309,0.203156,0.009142,0.045000
z_0202_652.328185.png,#922b21,7179,4.719921,0.212396,0.045000
z_0202_652.328185.png,#9a7d0a,9379,6.166338,0.277485,0.045000
z_0202_652.328185.png,#a2d9ce,94,0.061801,0.002781,0.045000
z_0202_652.328185.png,#a3e4d7,296,0.194609,0.008757,0.045000
z_0202_652.328185.png,#a9cce3,612,0.402367,0.018107,0.045000
z_0202_652.328185.png,#af601a,1791,1.177515,0.052988,0.045000
z_0202_652.328185.png,#af7ac5,1543,1.014464,0.045651,0.045000
z_0202_652.328185.png,#b9770e,486,0.319527,0.014379,0.045000
z_0202_652.328185.png,#bb8fce,461,0.303090,0.013639,0.045000
z_0202_652.328185.png,#cb4335,1096,0.720579,0.032426,0.045000
z_0202_652.328185.png,#d2b4de,495,0.325444,0.014645,0.045000
z_0202_652.328185.png,#d35400,768,0.504931,0.022722,0.045000
z_0202_652.328185.png,#e74c3c,452,0.297173,0.013373,0.045000
z_0202_652.328185.png,#edbb99,9320,6.127548,0.275740,0.045000
z_0202_652.328185.png,#f1948a,755,0.496384,0.022337,0.045000
z_0202_652.328185.png,#f58231,834,0.548323,0.024675,0.045000
z_0202_652.328185.png,#f7dc6f,88,0.057857,0.002604,0.045000
z_0202_652.328185.png,#f8c471,3735,2.455621,0.110503,0.045000
z_0202_652.328185.png,#fad7a0,293,0.192636,0.008669,0.045000
z_0203_653.339768.png,#0e6251,287,0.188692,0.008491,0.045000
z_0203_653.339768.png,#117a65,3312,2.177515,0.097988,0.045000
z_0203_653.339768.png,#145a32,2431,1.598291,0.071923,0.045000
z_0203_653.339768.png,#154360,1037,0.681788,0.030680,0.045000
z_0203_653.339768.png,#196f3d,917,0.602893,0.027130,0.045000
z_0203_653.339768.png,#1b4f72,5466,3.593688,0.161716,0.045000
z_0203_653.339768.png,#2e4053,1069,0.702827,0.031627,0.045000
z_0203_653.339768.png,#2ecc71,304,0.199869,0.008994,0.045000
z_0203_653.339768.png,#3b3b98,541,0.355687,0.016006,0.045000
z_0203_653.339768.png,#45b39d,4632,3.045365,0.137041,0.045000
z_0203_653.339768.png,#48c9b0,2271,1.493097,0.067189,0.045000
z_0203_653.339768.png,#4a235a,709,0.466141,0.020976,0.045000
z_0203_653.339768.png,#512e5f,2096,1.378041,0.062012,0.045000
z_0203_653.339768.png,#52be80,693,0.455621,0.020503,0.045000
z_0203_653.339768.png,#5499c7,1468,0.965155,0.043432,0.045000
z_0203_653.339768.png,#73c6b6,682,0.448389,0.020178,0.045000
z_0203_653.339768.png,#7b241c,356,0.234057,0.010533,0.045000
z_0203_653.339768.png,#82e0aa,491,0.322814,0.014527,0.045000
z_0203_653.339768.png,#85c1e9,305,0.200526,0.009024,0.045000
z_0203_653.339768.png,#922b21,8307,5.461538,0.245769,0.045000
z_0203_653.339768.png,#9a7d0a,9303,6.116371,0.275237,0.045000
z_0203_653.339768.png,#a2d9ce,56,0.036818,0.001657,0.045000
z_0203_653.339768.png,#a3e4d7,341,0.224195,0.010089,0.045000
z_0203_653.339768.png,#a9cce3,659,0.433268,0.019497,0.045000
z_0203_653.339768.png,#af601a,1298,0.853386,0.038402,0.045000
z_0203_653.339768.png,#af7ac5,1573,1.034188,0.046538,0.045000
z_0203_653.339768.png,#b9770e,515,0.338593,0.015237,0.045000
z_0203_653.339768.png,#bb8fce,450,0.295858,0.013314,0.045000
z_0203_653.339768.png,#cb4335,1018,0.669297,0.030118,0.045000
z_0203_653.339768.png,#d2b4de,455,0.299145,0.013462,0.045000
z_0203_653.339768.png,#d35400,789,0.518738,0.023343,0.045000
z_0203_653.339768.png,#e74c3c,485,0.318869,0.014349,0.045000
z_0203_653.339768.png,#edbb99,8432,5.543721,0.249467,0.045000
z_0203_653.339768.png,#f1948a,720,0.473373,0.021302,0.045000
z_0203_653.339768.png,#f58231,831,0.546351,0.024586,0.045000
z_0203_653.339768.png,#f7dc6f,105,0.069034,0.003107,0.045000
z_0203_653.339768.png,#f8c471,3813,2.506903,0.112811,0.045000
z_0203_653.339768.png,#fad7a0,322,0.211703,0.009527,0.045000
z_0204_654.351351.png,#0e6251,282,0.185404,0.008343,0.045000
z_0204_654.351351.png,#117a65,3329,2.188692,0.098491,0.045000
z_0204_654.351351.png,#145a32,2489,1.636423,0.073639,0.045000
z_0204_654.351351.png,#154360,1195,0.785667,0.035355,0.045000
z_0204_654.351351.png,#196f3d,741,0.487179,0.021923,0.045000
z_0204_654.351351.png,#1b4f72,5203,3.420776,0.153935,0.045000
z_0204_654.351351.png,#2e4053,919,0.604208,0.027189,0.045000
z_0204_654.351351.png,#2ecc71,375,0.246548,0.011095,0.045000
z_0204_654.351351.png,#3b3b98,487,0.320184,0.014408,0.045000
z_0204_654.351351.png,#45b39d,4470,2.938856,0.132249,0.045000
z_0204_654.351351.png,#48c9b0,2435,1.600920,0.072041,0.045000
z_0204_654.351351.png,#4a235a,718,0.472058,0.021243,0.045000
z_0204_654.351351.png,#512e5f,2038,1.339908,0.060296,0.045000
z_0204_654.351351.png,#52be80,763,0.501644,0.022574,0.045000
z_0204_654.351351.png,#5499c7,1507,0.990796,0.044586,0.045000
z_0204_654.351351.png,#73c6b6,809,0.531887,0.023935,0.045000
z_0204_654.351351.png,#7b241c,363,0.238659,0.010740,0.045000
z_0204_654.351351.png,#82e0aa,464,0.305062,0.013728,0.045000
z_0204_654.351351.png,#85c1e9,332,0.218277,0.009822,0.045000
z_0204_654.351351.png,#922b21,9377,6.165023,0.277426,0.045000
z_0204_654.351351.png,#9a7d0a,9080,5.969757,0.268639,0.045000
z_0204_654.351351.png,#a2d9ce,61,0.040105,0.001805,0.045000
z_0204_654.351351.png,#a3e4d7,340,0.223537,0.010059,0.045000
z_0204_654.351351.png,#a9cce3,694,0.456279,0.020533,0.045000
z_0204_654.351351.png,#af601a,1012,0.665352,0.029941,0.045000
z_0204_654.351351.png,#af7ac5,1716,1.128205,0.050769,0.045000
z_0204_654.351351.png,#b9770e,572,0.376068,0.016923,0.045000
z_0204_654.351351.png,#bb8fce,454,0.298488,0.013432,0.045000
z_0204_654.351351.png,#cb4335,946,0.621959,0.027988,0.045000
z_0204_654.351351.png,#d2b4de,557,0.366206,0.016479,0.045000
z_0204_654.351351.png,#d35400,872,0.573307,0.025799,0.045000
z_0204_654.351351.png,#e74c3c,731,0.480605,0.021627,0.045000
z_0204_654.351351.png,#edbb99,7791,5.122288,0.230503,0.045000
z_0204_654.351351.png,#f1948a,676,0.444444,0.020000,0.045000
z_0204_654.351351.png,#f58231,847,0.556870,0.025059,0.045000
z_0204_654.351351.png,#f7dc6f,96,0.063116,0.002840,0.045000
z_0204_654.351351.png,#f8c471,3820,2.511506,0.113018,0.045000
z_0204_654.351351.png,#fad7a0,331,0.217620,0.009793,0.045000
z_0205_655.362934.png,#0e6251,278,0.182774,0.008225,0.045000
z_0205_655.362934.png,#117a65,3353,2.204471,0.099201,0.045000
z_0205_655.362934.png,#145a32,2461,1.618014,0.072811,0.045000
z_0205_655.362934.png,#154360,1223,0.804076,0.036183,0.045000
z_0205_655.362934.png,#196f3d,417,0.274162,0.012337,0.045000
z_0205_655.362934.png,#1b4f72,4949,3.253780,0.146420,0.045000
z_0205_655.362934.png,#2e4053,748,0.491782,0.022130,0.045000
z_0205_655.362934.png,#2ecc71,493,0.324129,0.014586,0.045000
z_0205_655.362934.png,#3b3b98,438,0.287968,0.012959,0.045000
z_0205_655.362934.png,#45b39d,4359,2.865878,0.128964,0.045000
z_0205_655.362934.png,#48c9b0,2531,1.664037,0.074882,0.045000
z_0205_655.362934.png,#4a235a,783,0.514793,0.023166,0.045000
z_0205_655.362934.png,#512e5f,1962,1.289941,0.058047,0.045000
z_0205_655.362934.png,#52be80,850,0.558843,0.025148,0.045000
z_0205_655.362934.png,#5499c7,1565,1.028928,0.046302,0.045000
z_0205_655.362934.png,#73c6b6,924,0.607495,0.027337,0.045000
z_0205_655.362934.png,#7b241c,360,0.236686,0.010651,0.045000
z_0205_655.362934.png,#82e0aa,387,0.254438,0.011450,0.045000
z_0205_655.362934.png,#85c1e9,359,0.236029,0.010621,0.045000
z_0205_655.362934.png,#922b21,9924,6.524655,0.293609,0.045000
z_0205_655.362934.png,#9a7d0a,8702,5.721236,0.257456,0.045000
z_0205_655.362934.png,#a2d9ce,80,0.052597,0.002367,0.045000
z_0205_655.362934.png,#a3e4d7,378,0.248521,0.011183,0.045000
z_0205_655.362934.png,#a9cce3,717,0.471400,0.021213,0.045000
z_0205_655.362934.png,#af601a,861,0.566075,0.025473,0.045000
z_0205_655.362934.png,#af7ac5,1707,1.122288,0.050503,0.045000
z_0205_655.362934.png,#b9770e,609,0.400394,0.018018,0.045000
z_0205_655.362934.png,#bb8fce,451,0.296515,0.013343,0.045000
z_0205_655.362934.png,#cb4335,991,0.651545,0.029320,0.045000
z_0205_655.362934.png,#d2b4de,638,0.419461,0.018876,0.045000
z_0205_655.362934.png,#d35400,835,0.548981,0.024704,0.045000
z_0205_655.362934.png,#e74c3c,910,0.598291,0.026923,0.045000
z_0205_655.362934.png,#edbb99,7253,4.768573,0.214586,0.045000
z_0205_655.362934.png,#f1948a,613,0.403024,0.018136,0.045000
z_0205_655.362934.png,#f58231,878,0.577252,0.025976,0.045000
z_0205_655.362934.png,#f7dc6f,123,0.080868,0.003639,0.045000
z_0205_655.362934.png,#f8c471,3798,2.497041,0.112367,0.045000
z_0205_655.362934.png,#fad7a0,339,0.222880,0.010030,0.045000
z_0206_656.374517.png,#0e6251,279,0.183432,0.008254,0.045000
z_0206_656.374517.png,#117a65,3338,2.194609,0.098757,0.045000
z_0206_656.374517.png,#145a32,2528,1.662064,0.074793,0.045000
z_0206_656.374517.png,#154360,1293,0.850099,0.038254,0.045000
z_0206_656.374517.png,#196f3d,388,0.255095,0.011479,0.045000
z_0206_656.374517.png,#1b4f72,4568,3.003287,0.135148,0.045000
z_0206_656.374517.png,#2e4053,769,0.505588,0.022751,0.045000
z_0206_656.374517.png,#2ecc71,583,0.383300,0.017249,0.045000
z_0206_656.374517.png,#3b3b98,397,0.261012,0.011746,0.045000
z_0206_656.374517.png,#45b39d,4251,2.794872,0.125769,0.045000
z_0206_656.374517.png,#48c9b0,796,0.523340,0.023550,0.045000
z_0206_656.374517.png,#4a235a,855,0.562130,0.025296,0.045000
z_0206_656.374517.png,#512e5f,1874,1.232084,0.055444,0.045000
z_0206_656.374517.png,#52be80,909,0.597633,0.026893,0.045000
z_0206_656.374517.png,#5499c7,1579,1.038133,0.046716,0.045000
z_0206_656.374517.png,#73c6b6,1011,0.664694,0.029911,0.045000
z_0206_656.374517.png,#7b241c,365,0.239974,0.010799,0.045000
z_0206_656.374517.png,#82e0aa,376,0.247206,0.011124,0.045000
z_0206_656.374517.png,#85c1e9,366,0.240631,0.010828,0.045000
z_0206_656.374517.png,#922b21,10653,7.003945,0.315178,0.045000
z_0206_656.374517.png,#9a7d0a,8163,5.366864,0.241509,0.045000
z_0206_656.374517.png,#a2d9ce,64,0.042078,0.001893,0.045000
z_0206_656.374517.png,#a3e4d7,391,0.257068,0.011568,0.045000
z_0206_656.374517.png,#a9cce3,678,0.445759,0.020059,0.045000
z_0206_656.374517.png,#af601a,769,0.505588,0.022751,0.045000
z_0206_656.374517.png,#af7ac5,1767,1.161736,0.052278,0.045000
z_0206_656.374517.png,#b9770e,616,0.404997,0.018225,0.045000
z_0206_656.374517.png,#bb8fce,481,0.316239,0.014231,0.045000
z_0206_656.374517.png,#cb4335,1174,0.771861,0.034734,0.045000
z_0206_656.374517.png,#d2b4de,598,0.393162,0.017692,0.045000
z_0206_656.374517.png,#d35400,838,0.550953,0.024793,0.045000
z_0206_656.374517.png,#e74c3c,1166,0.766601,0.034497,0.045000
z_0206_656.374517.png,#edbb99,6612,4.347140,0.195621,0.045000
z_0206_656.374517.png,#f1948a,558,0.366864,0.016509,0.045000
z_0206_656.374517.png,#f58231,874,0.574622,0.025858,0.045000
z_0206_656.374517.png,#f7dc6f,125,0.082183,0.003698,0.045000
z_0206_656.374517.png,#f8c471,3731,2.452991,0.110385,0.045000
z_0206_656.374517.png,#fad7a0,287,0.188692,0.008491,0.045000
z_0207_657.386100.png,#0e6251,268,0.176200,0.007929,0.045000
z_0207_657.386100.png,#117a65,3301,2.170283,0.097663,0.045000
z_0207_657.386100.png,#145a32,2582,1.697567,0.076391,0.045000
z_0207_657.386100.png,#154360,1427,0.938199,0.042219,0.045000
z_0207_657.386100.png,#196f3d,453,0.297830,0.013402,0.045000
z_0207_657.386100.png,#1b4f72,4153,2.730440,0.122870,0.045000
z_0207_657.386100.png,#2e4053,691,0.454306,0.020444,0.045000
z_0207_657.386100.png,#2ecc71,611,0.401709,0.018077,0.045000
z_0207_657.386100.png,#3b3b98,389,0.255753,0.011509,0.045000
z_0207_657.386100.png,#45b39d,4241,2.788297,0.125473,0.045000
z_0207_657.386100.png,#48c9b0,2551,1.677186,0.075473,0.045000
z_0207_657.386100.png,#4a235a,948,0.623274,0.028047,0.045000
z_0207_657.386100.png,#512e5f,1710,1.124260,0.050592,0.045000
z_0207_657.386100.png,#52be80,1197,0.786982,0.035414,0.045000
z_0207_657.386100.png,#5499c7,1600,1.051940,0.047337,0.045000
z_0207_657.386100.png,#73c6b6,1305,0.857988,0.038609,0.045000
z_0207_657.386100.png,#7b241c,350,0.230112,0.010355,0.045000
z_0207_657.386100.png,#82e0aa,382,0.251151,0.011302,0.045000
z_0207_657.386100.png,#85c1e9,383,0.251808,0.011331,0.045000
z_0207_657.386100.png,#922b21,6263,4.117686,0.185296,0.045000
z_0207_657.386100.png,#9a7d0a,7602,4.998028,0.224911,0.045000
z_0207_657.386100.png,#a2d9ce,16,0.010519,0.000473,0.045000
z_0207_657.386100.png,#a3e4d7,378,0.248521,0.011183,0.045000
z_0207_657.386100.png,#a9cce3,654,0.429980,0.019349,0.045000
z_0207_657.386100.png,#af601a,701,0.460881,0.020740,0.045000
z_0207_657.386100.png,#af7ac5,547,0.359632,0.016183,0.045000
z_0207_657.386100.png,#b9770e,625,0.410914,0.018491,0.045000
z_0207_657.386100.png,#bb8fce,482,0.316897,0.014260,0.045000
z_0207_657.386100.png,#cb4335,1195,0.785667,0.035355,0.045000
z_0207_657.386100.png,#d2b4de,574,0.377383,0.016982,0.045000
z_0207_657.386100.png,#d35400,792,0.520710,0.023432,0.045000
z_0207_657.386100.png,#e74c3c,1494,0.982249,0.044201,0.045000
z_0207_657.386100.png,#edbb99,6048,3.976331,0.178935,0.045000
z_0207_657.386100.png,#f1948a,420,0.276134,0.012426,0.045000
z_0207_657.386100.png,#f58231,881,0.579224,0.026065,0.045000
z_0207_657.386100.png,#f7dc6f,123,0.080868,0.003639,0.045000
z_0207_657.386100.png,#f8c471,340,0.223537,0.010059,0.045000
z_0207_657.386100.png,#fad7a0,283,0.186062,0.008373,0.045000
z_0208_658.397683.png,#0e6251,271,0.178172,0.008018,0.045000
z_0208_658.397683.png,#117a65,3300,2.169625,0.097633,0.045000
z_0208_658.397683.png,#145a32,2559,1.682446,0.075710,0.045000
z_0208_658.397683.png,#154360,1517,0.997370,0.044882,0.045000
z_0208_658.397683.png,#196f3d,557,0.366206,0.016479,0.045000
z_0208_658.397683.png,#1b4f72,3796,2.495726,0.112308,0.045000
z_0208_658.397683.png,#2e4053,669,0.439842,0.019793,0.045000
z_0208_658.397683.png,#2ecc71,602,0.395792,0.017811,0.045000
z_0208_658.397683.png,#3b3b98,366,0.240631,0.010828,0.045000
z_0208_658.397683.png,#45b39d,4116,2.706114,0.121775,0.045000
z_0208_658.397683.png,#48c9b0,2619,1.721893,0.077485,0.045000
z_0208_658.397683.png,#4a235a,1171,0.769888,0.034645,0.045000
z_0208_658.397683.png,#512e5f,1542,1.013807,0.045621,0.045000
z_0208_658.397683.png,#52be80,1549,1.018409,0.045828,0.045000
z_0208_658.397683.png,#5499c7,1545,1.015779,0.045710,0.045000
z_0208_658.397683.png,#73c6b6,1580,1.038790,0.046746,0.045000
z_0208_658.397683.png,#7b241c,346,0.227482,0.010237,0.045000
z_0208_658.397683.png,#82e0aa,359,0.236029,0.010621,0.045000
z_0208_658.397683.png,#85c1e9,501,0.329389,0.014822,0.045000
z_0208_658.397683.png,#922b21,1026,0.674556,0.030355,0.045000
z_0208_658.397683.png,#9a7d0a,7064,4.644313,0.208994,0.045000
z_0208_658.397683.png,#a2d9ce,8,0.005260,0.000237,0.045000
z_0208_658.397683.png,#a3e4d7,393,0.258383,0.011627,0.045000
z_0208_658.397683.png,#a9cce3,613,0.403024,0.018136,0.045000
z_0208_658.397683.png,#af601a,684,0.449704,0.020237,0.045000
z_0208_658.397683.png,#af7ac5,622,0.408941,0.018402,0.045000
z_0208_658.397683.png,#b9770e,610,0.401052,0.018047,0.045000
z_0208_658.397683.png,#bb8fce,498,0.327416,0.014734,0.045000
z_0208_658.397683.png,#cb4335,1185,0.779093,0.035059,0.045000
z_0208_658.397683.png,#d2b4de,555,0.364892,0.016420,0.045000
z_0208_658.397683.png,#d35400,752,0.494412,0.022249,0.045000
z_0208_658.397683.png,#e74c3c,1792,1.178172,0.053018,0.045000
z_0208_658.397683.png,#edbb99,5973,3.927022,0.176716,0.045000
z_0208_658.397683.png,#f1948a,286,0.188034,0.008462,0.045000
z_0208_658.397683.png,#f58231,885,0.581854,0.026183,0.045000
z_0208_658.397683.png,#f7dc6f,119,0.078238,0.003521,0.045000
z_0208_658.397683.png,#f8c471,405,0.266272,0.011982,0.045000
z_0208_658.397683.png,#fad7a0,258,0.169625,0.007633,0.045000
z_0209_659.409266.png,#0e6251,270,0.177515,0.007988,0.045000
z_0209_659.409266.png,#117a65,3254,2.139382,0.096272,0.045000
z_0209_659.409266.png,#145a32,2560,1.683103,0.075740,0.045000
z_0209_659.409266.png,#154360,1682,1.105851,0.049763,0.045000
z_0209_659.409266.png,#196f3d,625,0.410914,0.018491,0.045000
z_0209_659.409266.png,#1b4f72,3603,2.368836,0.106598,0.045000
z_0209_659.409266.png,#2e4053,645,0.424063,0.019083,0.045000
z_0209_659.409266.png,#2ecc71,605,0.397765,0.017899,0.045000
z_0209_659.409266.png,#3b3b98,343,0.225510,0.010148,0.045000
z_0209_659.409266.png,#45b39d,4007,2.634451,0.118550,0.045000
z_0209_659.409266.png,#48c9b0,2714,1.784352,0.080296,0.045000
z_0209_659.409266.png,#4a235a,1296,0.852071,0.038343,0.045000
z_0209_659.409266.png,#512e5f,1413,0.928994,0.041805,0.045000
z_0209_659.409266.png,#52be80,1930,1.268902,0.057101,0.045000
z_0209_659.409266.png,#5499c7,1588,1.044050,0.046982,0.045000
z_0209_659.409266.png,#73c6b6,1768,1.162393,0.052308,0.045000
z_0209_659.409266.png,#7b241c,354,0.232742,0.010473,0.045000
z_0209_659.409266.png,#82e0aa,355,0.233399,0.010503,0.045000
z_0209_659.409266.png,#85c1e9,620,0.407627,0.018343,0.045000
z_0209_659.409266.png,#922b21,1070,0.703485,0.031657,0.045000
z_0209_659.409266.png,#9a7d0a,6691,4.399080,0.197959,0.045000
z_0209_659.409266.png,#a2d9ce,17,0.011177,0.000503,0.045000
z_0209_659.409266.png,#a3e4d7,402,0.264300,0.011893,0.045000
z_0209_659.409266.png,#a9cce3,536,0.352400,0.015858,0.045000
z_0209_659.409266.png,#af601a,653,0.429323,0.019320,0.045000
z_0209_659.409266.png,#af7ac5,303,0.199211,0.008964,0.045000
z_0209_659.409266.png,#b9770e,537,0.353057,0.015888,0.045000
z_0209_659.409266.png,#bb8fce,475,0.312295,0.014053,0.045000
z_0209_659.409266.png,#cb4335,1174,0.771861,0.034734,0.045000
z_0209_659.409266.png,#d2b4de,518,0.340565,0.015325,0.045000
z_0209_659.409266.png,#d35400,736,0.483892,0.021775,0.045000
z_0209_659.409266.png,#e74c3c,1895,1.245891,0.056065,0.045000
z_0209_659.409266.png,#edbb99,5580,3.668639,0.165089,0.045000
z_0209_659.409266.png,#f1948a,189,0.124260,0.005592,0.045000
z_0209_659.409266.png,#f58231,877,0.576594,0.025947,0.045000
z_0209_659.409266.png,#f7dc6f,116,0.076266,0.003432,0.045000
z_0209_659.409266.png,#f8c471,451,0.296515,0.013343,0.045000
z_0209_659.409266.png,#fad7a0,229,0.150559,0.006775,0.045000
z_0210_660.420849.png,#0e6251,287,0.188692,0.008491,0.045000
z_0210_660.420849.png,#117a65,3250,2.136752,0.096154,0.045000
z_0210_660.420849.png,#145a32,2484,1.633136,0.073491,0.045000
z_0210_660.420849.png,#154360,1821,1.197239,0.053876,0.045000
z_0210_660.420849.png,#196f3d,760,0.499671,0.022485,0.045000
z_0210_660.420849.png,#1b4f72,3414,2.244576,0.101006,0.045000
z_0210_660.420849.png,#2e4053,509,0.334648,0.015059,0.045000
z_0210_660.420849.png,#2ecc71,575,0.378041,0.017012,0.045000
z_0210_660.420849.png,#3b3b98,345,0.226824,0.010207,0.045000
z_0210_660.420849.png,#45b39d,4073,2.677844,0.120503,0.045000
z_0210_660.420849.png,#48c9b0,2899,1.905983,0.085769,0.045000
z_0210_660.420849.png,#4a235a,911,0.598948,0.026953,0.045000
z_0210_660.420849.png,#512e5f,1270,0.834977,0.037574,0.045000
z_0210_660.420849.png,#52be80,2238,1.471400,0.066213,0.045000
z_0210_660.420849.png,#5499c7,1540,1.012492,0.045562,0.045000
z_0210_660.420849.png,#73c6b6,2027,1.332676,0.059970,0.045000
z_0210_660.420849.png,#7b241c,342,0.224852,0.010118,0.045000
z_0210_660.420849.png,#82e0aa,380,0.249836,0.011243,0.045000
z_0210_660.420849.png,#85c1e9,756,0.497041,0.022367,0.045000
z_0210_660.420849.png,#922b21,1119,0.735700,0.033107,0.045000
z_0210_660.420849.png,#9a7d0a,6321,4.155819,0.187012,0.045000
z_0210_660.420849.png,#a2d9ce,16,0.010519,0.000473,0.045000
z_0210_660.420849.png,#a3e4d7,439,0.288626,0.012988,0.045000
z_0210_660.420849.png,#a9cce3,481,0.316239,0.014231,0.045000
z_0210_660.420849.png,#af601a,640,0.420776,0.018935,0.045000
z_0210_660.420849.png,#af7ac5,96,0.063116,0.002840,0.045000
z_0210_660.420849.png,#b9770e,476,0.312952,0.014083,0.045000
z_0210_660.420849.png,#bb8fce,500,0.328731,0.014793,0.045000
z_0210_660.420849.png,#cb4335,1113,0.731755,0.032929,0.045000
z_0210_660.420849.png,#d2b4de,498,0.327416,0.014734,0.045000
z_0210_660.420849.png,#d35400,605,0.397765,0.017899,0.045000
z_0210_660.420849.png,#e74c3c,1995,1.311637,0.059024,0.045000
z_0210_660.420849.png,#edbb99,5492,3.610782,0.162485,0.045000
z_0210_660.420849.png,#f1948a,77,0.050625,0.002278,0.045000
z_0210_660.420849.png,#f58231,869,0.571335,0.025710,0.045000
z_0210_660.420849.png,#f7dc6f,104,0.068376,0.003077,0.045000
z_0210_660.420849.png,#f8c471,494,0.324786,0.014615,0.045000
z_0210_660.420849.png,#fad7a0,226,0.148586,0.006686,0.045000
z_0211_661.432432.png,#0e6251,280,0.184089,0.008284,0.045000
z_0211_661.432432.png,#117a65,3240,2.130178,0.095858,0.045000
z_0211_661.432432.png,#145a32,2427,1.595661,0.071805,0.045000
z_0211_661.432432.png,#154360,1984,1.304405,0.058698,0.045000
z_0211_661.432432.png,#196f3d,938,0.616700,0.027751,0.045000
z_0211_661.432432.png,#1b4f72,3009,1.978304,0.089024,0.045000
z_0211_661.432432.png,#2e4053,471,0.309665,0.013935,0.045000
z_0211_661.432432.png,#2ecc71,586,0.385273,0.017337,0.045000
z_0211_661.432432.png,#3b3b98,343,0.225510,0.010148,0.045000
z_0211_661.432432.png,#45b39d,3919,2.576594,0.115947,0.045000
z_0211_661.432432.png,#48c9b0,3201,2.104536,0.094704,0.045000
z_0211_661.432432.png,#4a235a,956,0.628534,0.028284,0.045000
z_0211_661.432432.png,#512e5f,1175,0.772518,0.034763,0.045000
z_0211_661.432432.png,#52be80,2649,1.741617,0.078373,0.045000
z_0211_661.432432.png,#5499c7,1555,1.022354,0.046006,0.045000
z_0211_661.432432.png,#73c6b6,673,0.442472,0.019911,0.045000
z_0211_661.432432.png,#7b241c,369,0.242604,0.010917,0.045000
z_0211_661.432432.png,#82e0aa,364,0.239316,0.010769,0.045000
z_0211_661.432432.png,#85c1e9,969,0.637081,0.028669,0.045000
z_0211_661.432432.png,#922b21,8766,5.763314,0.259349,0.045000
z_0211_661.432432.png,#9a7d0a,5996,3.942143,0.177396,0.045000
z_0211_661.432432.png,#a2d9ce,18,0.011834,0.000533,0.045000
z_0211_661.432432.png,#a3e4d7,438,0.287968,0.012959,0.045000
z_0211_661.432432.png,#a9cce3,433,0.284681,0.012811,0.045000
z_0211_661.432432.png,#af601a,634,0.416831,0.018757,0.045000
z_0211_661.432432.png,#af7ac5,101,0.066404,0.002988,0.045000
z_0211_661.432432.png,#b9770e,373,0.245233,0.011036,0.045000
z_0211_661.432432.png,#bb8fce,530,0.348455,0.015680,0.045000
z_0211_661.432432.png,#cb4335,991,0.651545,0.029320,0.045000
z_0211_661.432432.png,#d2b4de,441,0.289941,0.013047,0.045000
z_0211_661.432432.png,#d35400,612,0.402367,0.018107,0.045000
z_0211_661.432432.png,#e74c3c,1995,1.311637,0.059024,0.045000
z_0211_661.432432.png,#edbb99,4923,3.236686,0.145651,0.045000
z_0211_661.432432.png,#f1948a,74,0.048652,0.002189,0.045000
z_0211_661.432432.png,#f58231,842,0.553583,0.024911,0.045000
z_0211_661.432432.png,#f7dc6f,85,0.055884,0.002515,0.045000
z_0211_661.432432.png,#f8c471,421,0.276792,0.012456,0.045000
z_0211_661.432432.png,#fad7a0,202,0.132807,0.005976,0.045000
z_0212_662.444015.png,#0e6251,291,0.191321,0.008609,0.045000
z_0212_662.444015.png,#117a65,3278,2.155161,0.096982,0.045000
z_0212_662.444015.png,#145a32,2467,1.621959,0.072988,0.045000
z_0212_662.444015.png,#154360,2103,1.382643,0.062219,0.045000
z_0212_662.444015.png,#196f3d,1118,0.735043,0.033077,0.045000
z_0212_662.444015.png,#1b4f72,2873,1.888889,0.085000,0.045000
z_0212_662.444015.png,#2e4053,448,0.294543,0.013254,0.045000
z_0212_662.444015.png,#2ecc71,595,0.391190,0.017604,0.045000
z_0212_662.444015.png,#3b3b98,317,0.208416,0.009379,0.045000
z_0212_662.444015.png,#45b39d,3879,2.550296,0.114763,0.045000
z_0212_662.444015.png,#48c9b0,3396,2.232742,0.100473,0.045000
z_0212_662.444015.png,#4a235a,1070,0.703485,0.031657,0.045000
z_0212_662.444015.png,#512e5f,1075,0.706772,0.031805,0.045000
z_0212_662.444015.png,#52be80,3256,2.140697,0.096331,0.045000
z_0212_662.444015.png,#5499c7,1544,1.015122,0.045680,0.045000
z_0212_662.444015.png,#73c6b6,549,0.360947,0.016243,0.045000
z_0212_662.444015.png,#7b241c,397,0.261012,0.011746,0.045000
z_0212_662.444015.png,#82e0aa,365,0.239974,0.010799,0.045000
z_0212_662.444015.png,#85c1e9,1299,0.854043,0.038432,0.045000
z_0212_662.444015.png,#922b21,8327,5.474688,0.246361,0.045000
z_0212_662.444015.png,#9a7d0a,5753,3.782380,0.170207,0.045000
z_0212_662.444015.png,#a2d9ce,9,0.005917,0.000266,0.045000
z_0212_662.444015.png,#a3e4d7,412,0.270874,0.012189,0.045000
z_0212_662.444015.png,#a9cce3,427,0.280736,0.012633,0.045000
z_0212_662.444015.png,#af601a,669,0.439842,0.019793,0.045000
z_0212_662.444015.png,#af7ac5,127,0.083498,0.003757,0.045000
z_0212_662.444015.png,#b9770e,356,0.234057,0.010533,0.045000
z_0212_662.444015.png,#bb8fce,536,0.352400,0.015858,0.045000
z_0212_662.444015.png,#cb4335,894,0.587771,0.026450,0.045000
z_0212_662.444015.png,#d2b4de,396,0.260355,0.011716,0.045000
z_0212_662.444015.png,#d35400,607,0.399080,0.017959,0.045000
z_0212_662.444015.png,#e74c3c,2036,1.338593,0.060237,0.045000
z_0212_662.444015.png,#edbb99,4452,2.927022,0.131716,0.045000
z_0212_662.444015.png,#f1948a,90,0.059172,0.002663,0.045000
z_0212_662.444015.png,#f58231,814,0.535174,0.024083,0.045000
z_0212_662.444015.png,#f7dc6f,83,0.054569,0.002456,0.045000
z_0212_662.444015.png,#f8c471,358,0.235371,0.010592,0.045000
z_0212_662.444015.png,#fad7a0,174,0.114398,0.005148,0.045000
z_0213_663.455598.png,#0e6251,280,0.184089,0.008284,0.045000
z_0213_663.455598.png,#117a65,3320,2.182774,0.098225,0.045000
z_0213_663.455598.png,#145a32,2447,1.608810,0.072396,0.045000
z_0213_663.455598.png,#154360,2251,1.479947,0.066598,0.045000
z_0213_663.455598.png,#196f3d,1289,0.847469,0.038136,0.045000
z_0213_663.455598.png,#1b4f72,3009,1.978304,0.089024,0.045000
z_0213_663.455598.png,#2e4053,455,0.299145,0.013462,0.045000
z_0213_663.455598.png,#2ecc71,572,0.376068,0.016923,0.045000
z_0213_663.455598.png,#3b3b98,298,0.195924,0.008817,0.045000
z_0213_663.455598.png,#45b39d,3843,2.526627,0.113698,0.045000
z_0213_663.455598.png,#48c9b0,3623,2.381986,0.107189,0.045000
z_0213_663.455598.png,#4a235a,1131,0.743590,0.033462,0.045000
z_0213_663.455598.png,#512e5f,926,0.608810,0.027396,0.045000
z_0213_663.455598.png,#52be80,3504,2.303748,0.103669,0.045000
z_0213_663.455598.png,#5499c7,1506,0.990138,0.044556,0.045000
z_0213_663.455598.png,#73c6b6,180,0.118343,0.005325,0.045000
z_0213_663.455598.png,#7b241c,441,0.289941,0.013047,0.045000
z_0213_663.455598.png,#82e0aa,339,0.222880,0.010030,0.045000
z_0213_663.455598.png,#85c1e9,1522,1.000657,0.045030,0.045000
z_0213_663.455598.png,#922b21,7475,4.914530,0.221154,0.045000
z_0213_663.455598.png,#9a7d0a,5593,3.677186,0.165473,0.045000
z_0213_663.455598.png,#a2d9ce,15,0.009862,0.000444,0.045000
z_0213_663.455598.png,#a3e4d7,413,0.271532,0.012219,0.045000
z_0213_663.455598.png,#a9cce3,401,0.263642,0.011864,0.045000
z_0213_663.455598.png,#af601a,663,0.435897,0.019615,0.045000
z_0213_663.455598.png,#af7ac5,863,0.567390,0.025533,0.045000
z_0213_663.455598.png,#b9770e,347,0.228139,0.010266,0.045000
z_0213_663.455598.png,#bb8fce,575,0.378041,0.017012,0.045000
z_0213_663.455598.png,#cb4335,820,0.539119,0.024260,0.045000
z_0213_663.455598.png,#d2b4de,386,0.253780,0.011420,0.045000
z_0213_663.455598.png,#d35400,587,0.385930,0.017367,0.045000
z_0213_663.455598.png,#e74c3c,2026,1.332018,0.059941,0.045000
z_0213_663.455598.png,#edbb99,3942,2.591716,0.116627,0.045000
z_0213_663.455598.png,#f1948a,75,0.049310,0.002219,0.045000
z_0213_663.455598.png,#f58231,773,0.508218,0.022870,0.045000
z_0213_663.455598.png,#f7dc6f,76,0.049967,0.002249,0.045000
z_0213_663.455598.png,#f8c471,232,0.152531,0.006864,0.045000
z_0213_663.455598.png,#fad7a0,169,0.111111,0.005000,0.045000
z_0214_664.467181.png,#0e6251,292,0.191979,0.008639,0.045000
z_0214_664.467181.png,#117a65,3331,2.190007,0.098550,0.045000
z_0214_664.467181.png,#145a32,2427,1.595661,0.071805,0.045000
z_0214_664.467181.png,#154360,2396,1.575279,0.070888,0.045000
z_0214_664.467181.png,#196f3d,1386,0.911243,0.041006,0.045000
z_0214_664.467181.png,#1b4f72,3188,2.095989,0.094320,0.045000
z_0214_664.467181.png,#2e4053,400,0.262985,0.011834,0.045000
z_0214_664.467181.png,#2ecc71,581,0.381986,0.017189,0.045000
z_0214_664.467181.png,#3b3b98,271,0.178172,0.008018,0.045000
z_0214_664.467181.png,#45b39d,3919,2.576594,0.115947,0.045000
z_0214_664.467181.png,#48c9b0,4304,2.829717,0.127337,0.045000
z_0214_664.467181.png,#4a235a,1152,0.757396,0.034083,0.045000
z_0214_664.467181.png,#512e5f,732,0.481262,0.021657,0.045000
z_0214_664.467181.png,#52be80,3856,2.535174,0.114083,0.045000
z_0214_664.467181.png,#5499c7,1426,0.937541,0.042189,0.045000
z_0214_664.467181.png,#73c6b6,96,0.063116,0.002840,0.045000
z_0214_664.467181.png,#7b241c,462,0.303748,0.013669,0.045000
z_0214_664.467181.png,#82e0aa,334,0.219592,0.009882,0.045000
z_0214_664.467181.png,#85c1e9,1694,1.113741,0.050118,0.045000
z_0214_664.467181.png,#922b21,6569,4.318869,0.194349,0.045000
z_0214_664.467181.png,#9a7d0a,5414,3.559500,0.160178,0.045000
z_0214_664.467181.png,#a2d9ce,10,0.006575,0.000296,0.045000
z_0214_664.467181.png,#a3e4d7,301,0.197896,0.008905,0.045000
z_0214_664.467181.png,#a9cce3,423,0.278107,0.012515,0.045000
z_0214_664.467181.png,#af601a,647,0.425378,0.019142,0.045000
z_0214_664.467181.png,#af7ac5,701,0.460881,0.020740,0.045000
z_0214_664.467181.png,#b9770e,311,0.204471,0.009201,0.045000
z_0214_664.467181.png,#bb8fce,580,0.381328,0.017160,0.045000
z_0214_664.467181.png,#cb4335,736,0.483892,0.021775,0.045000
z_0214_664.467181.png,#d2b4de,349,0.229454,0.010325,0.045000
z_0214_664.467181.png,#d35400,565,0.371466,0.016716,0.045000
z_0214_664.467181.png,#e74c3c,1959,1.287968,0.057959,0.045000
z_0214_664.467181.png,#edbb99,3394,2.231427,0.100414,0.045000
z_0214_664.467181.png,#f1948a,75,0.049310,0.002219,0.045000
z_0214_664.467181.png,#f58231,776,0.510191,0.022959,0.045000
z_0214_664.467181.png,#f7dc6f,75,0.049310,0.002219,0.045000
z_0214_664.467181.png,#f8c471,170,0.111769,0.005030,0.045000
z_0214_664.467181.png,#fad7a0,167,0.109796,0.004941,0.045000
z_0215_665.478764.png,#0e6251,298,0.195924,0.008817,0.045000
z_0215_665.478764.png,#117a65,3344,2.198554,0.098935,0.045000
z_0215_665.478764.png,#145a32,2443,1.606180,0.072278,0.045000
z_0215_665.478764.png,#154360,2439,1.603550,0.072160,0.045000
z_0215_665.478764.png,#196f3d,1630,1.071663,0.048225,0.045000
z_0215_665.478764.png,#1b4f72,3298,2.168310,0.097574,0.045000
z_0215_665.478764.png,#2e4053,318,0.209073,0.009408,0.045000
z_0215_665.478764.png,#2ecc71,549,0.360947,0.016243,0.045000
z_0215_665.478764.png,#3b3b98,256,0.168310,0.007574,0.045000
z_0215_665.478764.png,#45b39d,3989,2.622617,0.118018,0.045000
z_0215_665.478764.png,#48c9b0,4851,3.189349,0.143521,0.045000
z_0215_665.478764.png,#4a235a,1065,0.700197,0.031509,0.045000
z_0215_665.478764.png,#512e5f,540,0.355030,0.015976,0.045000
z_0215_665.478764.png,#52be80,4140,2.721893,0.122485,0.045000
z_0215_665.478764.png,#5499c7,1411,0.927679,0.041746,0.045000
z_0215_665.478764.png,#73c6b6,269,0.176857,0.007959,0.045000
z_0215_665.478764.png,#7b241c,448,0.294543,0.013254,0.045000
z_0215_665.478764.png,#82e0aa,330,0.216963,0.009763,0.045000
z_0215_665.478764.png,#85c1e9,1754,1.153189,0.051893,0.045000
z_0215_665.478764.png,#922b21,6258,4.114398,0.185148,0.045000
z_0215_665.478764.png,#9a7d0a,5171,3.399737,0.152988,0.045000
z_0215_665.478764.png,#a2d9ce,10,0.006575,0.000296,0.045000
z_0215_665.478764.png,#a3e4d7,296,0.194609,0.008757,0.045000
z_0215_665.478764.png,#a9cce3,394,0.259040,0.011657,0.045000
z_0215_665.478764.png,#af601a,559,0.367521,0.016538,0.045000
z_0215_665.478764.png,#af7ac5,477,0.313609,0.014112,0.045000
z_0215_665.478764.png,#b9770e,319,0.209730,0.009438,0.045000
z_0215_665.478764.png,#bb8fce,550,0.361604,0.016272,0.045000
z_0215_665.478764.png,#cb4335,636,0.418146,0.018817,0.045000
z_0215_665.478764.png,#d2b4de,288,0.189349,0.008521,0.045000
z_0215_665.478764.png,#d35400,582,0.382643,0.017219,0.045000
z_0215_665.478764.png,#e74c3c,1947,1.280079,0.057604,0.045000
z_0215_665.478764.png,#edbb99,3188,2.095989,0.094320,0.045000
z_0215_665.478764.png,#f1948a,53,0.034845,0.001568,0.045000
z_0215_665.478764.png,#f58231,806,0.529915,0.023846,0.045000
z_0215_665.478764.png,#f7dc6f,71,0.046680,0.002101,0.045000
z_0215_665.478764.png,#f8c471,73,0.047995,0.002160,0.045000
z_0215_665.478764.png,#fad7a0,155,0.101907,0.004586,0.045000
z_0216_666.490347.png,#0e6251,289,0.190007,0.008550,0.045000
z_0216_666.490347.png,#117a65,3299,2.168968,0.097604,0.045000
z_0216_666.490347.png,#145a32,2562,1.684418,0.075799,0.045000
z_0216_666.490347.png,#154360,2404,1.580539,0.071124,0.045000
z_0216_666.490347.png,#196f3d,1793,1.178830,0.053047,0.045000
z_0216_666.490347.png,#1b4f72,3234,2.126233,0.095680,0.045000
z_0216_666.490347.png,#2e4053,394,0.259040,0.011657,0.045000
z_0216_666.490347.png,#2ecc71,543,0.357002,0.016065,0.045000
z_0216_666.490347.png,#3b3b98,228,0.149901,0.006746,0.045000
z_0216_666.490347.png,#45b39d,3875,2.547666,0.114645,0.045000
z_0216_666.490347.png,#48c9b0,5288,3.476660,0.156450,0.045000
z_0216_666.490347.png,#4a235a,883,0.580539,0.026124,0.045000
z_0216_666.490347.png,#512e5f,276,0.181460,0.008166,0.045000
z_0216_666.490347.png,#52be80,4452,2.927022,0.131716,0.045000
z_0216_666.490347.png,#5499c7,1374,0.903353,0.040651,0.045000
z_0216_666.490347.png,#73c6b6,638,0.419461,0.018876,0.045000
z_0216_666.490347.png,#7b241c,444,0.291913,0.013136,0.045000
z_0216_666.490347.png,#82e0aa,330,0.216963,0.009763,0.045000
z_0216_666.490347.png,#85c1e9,1640,1.078238,0.048521,0.045000
z_0216_666.490347.png,#922b21,5157,3.390533,0.152574,0.045000
z_0216_666.490347.png,#9a7d0a,4915,3.231427,0.145414,0.045000
z_0216_666.490347.png,#a2d9ce,7,0.004602,0.000207,0.045000
z_0216_666.490347.png,#a3e4d7,301,0.197896,0.008905,0.045000
z_0216_666.490347.png,#a9cce3,367,0.241289,0.010858,0.045000
z_0216_666.490347.png,#af601a,533,0.350427,0.015769,0.045000
z_0216_666.490347.png,#af7ac5,424,0.278764,0.012544,0.045000
z_0216_666.490347.png,#b9770e,325,0.213675,0.009615,0.045000
z_0216_666.490347.png,#bb8fce,535,0.351742,0.015828,0.045000
z_0216_666.490347.png,#cb4335,551,0.362262,0.016302,0.045000
z_0216_666.490347.png,#d2b4de,252,0.165680,0.007456,0.045000
z_0216_666.490347.png,#d35400,540,0.355030,0.015976,0.045000
z_0216_666.490347.png,#e74c3c,1908,1.254438,0.056450,0.045000
z_0216_666.490347.png,#edbb99,2911,1.913872,0.086124,0.045000
z_0216_666.490347.png,#f1948a,67,0.044050,0.001982,0.045000
z_0216_666.490347.png,#f58231,792,0.520710,0.023432,0.045000
z_0216_666.490347.png,#f7dc6f,60,0.039448,0.001775,0.045000
z_0216_666.490347.png,#f8c471,1012,0.665352,0.029941,0.045000
z_0216_666.490347.png,#fad7a0,151,0.099277,0.004467,0.045000
z_0217_667.501931.png,#0e6251,304,0.199869,0.008994,0.045000
z_0217_667.501931.png,#117a65,3213,2.112426,0.095059,0.045000
z_0217_667.501931.png,#145a32,2633,1.731098,0.077899,0.045000
z_0217_667.501931.png,#154360,2489,1.636423,0.073639,0.045000
z_0217_667.501931.png,#196f3d,2022,1.329389,0.059822,0.045000
z_0217_667.501931.png,#1b4f72,3228,2.122288,0.095503,0.045000
z_0217_667.501931.png,#2e4053,402,0.264300,0.011893,0.045000
z_0217_667.501931.png,#2ecc71,523,0.343853,0.015473,0.045000
z_0217_667.501931.png,#3b3b98,239,0.157133,0.007071,0.045000
z_0217_667.501931.png,#45b39d,3635,2.389875,0.107544,0.045000
z_0217_667.501931.png,#48c9b0,5784,3.802761,0.171124,0.045000
z_0217_667.501931.png,#4a235a,837,0.550296,0.024763,0.045000
z_0217_667.501931.png,#512e5f,158,0.103879,0.004675,0.045000
z_0217_667.501931.png,#52be80,4568,3.003287,0.135148,0.045000
z_0217_667.501931.png,#5499c7,1311,0.861933,0.038787,0.045000
z_0217_667.501931.png,#73c6b6,814,0.535174,0.024083,0.045000
z_0217_667.501931.png,#7b241c,450,0.295858,0.013314,0.045000
z_0217_667.501931.png,#82e0aa,318,0.209073,0.009408,0.045000
z_0217_667.501931.png,#85c1e9,1428,0.938856,0.042249,0.045000
z_0217_667.501931.png,#922b21,4271,2.808021,0.126361,0.045000
z_0217_667.501931.png,#9a7d0a,4696,3.087442,0.138935,0.045000
z_0217_667.501931.png,#a2d9ce,27,0.017751,0.000799,0.045000
z_0217_667.501931.png,#a3e4d7,307,0.201841,0.009083,0.045000
z_0217_667.501931.png,#a9cce3,384,0.252465,0.011361,0.045000
z_0217_667.501931.png,#af601a,493,0.324129,0.014586,0.045000
z_0217_667.501931.png,#af7ac5,401,0.263642,0.011864,0.045000
z_0217_667.501931.png,#b9770e,288,0.189349,0.008521,0.045000
z_0217_667.501931.png,#bb8fce,480,0.315582,0.014201,0.045000
z_0217_667.501931.png,#cb4335,530,0.348455,0.015680,0.045000
z_0217_667.501931.png,#d2b4de,96,0.063116,0.002840,0.045000
z_0217_667.501931.png,#d35400,523,0.343853,0.015473,0.045000
z_0217_667.501931.png,#e74c3c,1724,1.133465,0.051006,0.045000
z_0217_667.501931.png,#edbb99,2532,1.664694,0.074911,0.045000
z_0217_667.501931.png,#f1948a,60,0.039448,0.001775,0.045000
z_0217_667.501931.png,#f58231,789,0.518738,0.023343,0.045000
z_0217_667.501931.png,#f7dc6f,59,0.038790,0.001746,0.045000
z_0217_667.501931.png,#f8c471,725,0.476660,0.021450,0.045000
z_0217_667.501931.png,#fad7a0,147,0.096647,0.004349,0.045000
z_0218_668.513514.png,#0e6251,298,0.195924,0.008817,0.045000
z_0218_668.513514.png,#117a65,3150,2.071006,0.093195,0.045000
z_0218_668.513514.png,#145a32,2699,1.774490,0.079852,0.045000
z_0218_668.513514.png,#154360,2546,1.673899,0.075325,0.045000
z_0218_668.513514.png,#196f3d,2188,1.438527,0.064734,0.045000
z_0218_668.513514.png,#1b4f72,3182,2.092045,0.094142,0.045000
z_0218_668.513514.png,#2e4053,401,0.263642,0.011864,0.045000
z_0218_668.513514.png,#2ecc71,515,0.338593,0.015237,0.045000
z_0218_668.513514.png,#3b3b98,245,0.161078,0.007249,0.045000
z_0218_668.513514.png,#45b39d,3606,2.370809,0.106686,0.045000
z_0218_668.513514.png,#48c9b0,6147,4.041420,0.181864,0.045000
z_0218_668.513514.png,#4a235a,734,0.482577,0.021716,0.045000
z_0218_668.513514.png,#512e5f,129,0.084813,0.003817,0.045000
z_0218_668.513514.png,#52be80,4661,3.064431,0.137899,0.045000
z_0218_668.513514.png,#5499c7,1221,0.802761,0.036124,0.045000
z_0218_668.513514.png,#73c6b6,5053,3.322156,0.149497,0.045000
z_0218_668.513514.png,#7b241c,491,0.322814,0.014527,0.045000
z_0218_668.513514.png,#82e0aa,317,0.208416,0.009379,0.045000
z_0218_668.513514.png,#85c1e9,1202,0.790270,0.035562,0.045000
z_0218_668.513514.png,#922b21,3673,2.414859,0.108669,0.045000
z_0218_668.513514.png,#9a7d0a,4446,2.923077,0.131538,0.045000
z_0218_668.513514.png,#a2d9ce,7,0.004602,0.000207,0.045000
z_0218_668.513514.png,#a3e4d7,283,0.186062,0.008373,0.045000
z_0218_668.513514.png,#a9cce3,364,0.239316,0.010769,0.045000
z_0218_668.513514.png,#af601a,478,0.314267,0.014142,0.045000
z_0218_668.513514.png,#af7ac5,412,0.270874,0.012189,0.045000
z_0218_668.513514.png,#b9770e,283,0.186062,0.008373,0.045000
z_0218_668.513514.png,#bb8fce,456,0.299803,0.013491,0.045000
z_0218_668.513514.png,#cb4335,487,0.320184,0.014408,0.045000
z_0218_668.513514.png,#d2b4de,48,0.031558,0.001420,0.045000
z_0218_668.513514.png,#d35400,546,0.358974,0.016154,0.045000
z_0218_668.513514.png,#e74c3c,1568,1.030901,0.046391,0.045000
z_0218_668.513514.png,#edbb99,2022,1.329389,0.059822,0.045000
z_0218_668.513514.png,#f1948a,60,0.039448,0.001775,0.045000
z_0218_668.513514.png,#f58231,788,0.518080,0.023314,0.045000
z_0218_668.513514.png,#f7dc6f,59,0.038790,0.001746,0.045000
z_0218_668.513514.png,#f8c471,577,0.379356,0.017071,0.045000
z_0218_668.513514.png,#fad7a0,141,0.092702,0.004172,0.045000
z_0219_669.525097.png,#0e6251,320,0.210388,0.009467,0.045000
z_0219_669.525097.png,#117a65,3169,2.083498,0.093757,0.045000
z_0219_669.525097.png,#145a32,2787,1.832347,0.082456,0.045000
z_0219_669.525097.png,#154360,2597,1.707429,0.076834,0.045000
z_0219_669.525097.png,#196f3d,2316,1.522682,0.068521,0.045000
z_0219_669.525097.png,#1b4f72,3034,1.994740,0.089763,0.045000
z_0219_669.525097.png,#2e4053,404,0.265615,0.011953,0.045000
z_0219_669.525097.png,#2ecc71,526,0.345825,0.015562,0.045000
z_0219_669.525097.png,#3b3b98,444,0.291913,0.013136,0.045000
z_0219_669.525097.png,#45b39d,3581,2.354372,0.105947,0.045000
z_0219_669.525097.png,#48c9b0,4007,2.634451,0.118550,0.045000
z_0219_669.525097.png,#4a235a,612,0.402367,0.018107,0.045000
z_0219_669.525097.png,#512e5f,132,0.086785,0.003905,0.045000
z_0219_669.525097.png,#52be80,4800,3.155819,0.142012,0.045000
z_0219_669.525097.png,#5499c7,1204,0.791584,0.035621,0.045000
z_0219_669.525097.png,#73c6b6,5225,3.435240,0.154586,0.045000
z_0219_669.525097.png,#7b241c,459,0.301775,0.013580,0.045000
z_0219_669.525097.png,#82e0aa,310,0.203813,0.009172,0.045000
z_0219_669.525097.png,#85c1e9,1076,0.707429,0.031834,0.045000
z_0219_669.525097.png,#922b21,3813,2.506903,0.112811,0.045000
z_0219_669.525097.png,#9a7d0a,4092,2.690335,0.121065,0.045000
z_0219_669.525097.png,#a2d9ce,13,0.008547,0.000385,0.045000
z_0219_669.525097.png,#a3e4d7,313,0.205786,0.009260,0.045000
z_0219_669.525097.png,#a9cce3,337,0.221565,0.009970,0.045000
z_0219_669.525097.png,#af601a,489,0.321499,0.014467,0.045000
z_0219_669.525097.png,#af7ac5,462,0.303748,0.013669,0.045000
z_0219_669.525097.png,#b9770e,289,0.190007,0.008550,0.045000
z_0219_669.525097.png,#bb8fce,476,0.312952,0.014083,0.045000
z_0219_669.525097.png,#cb4335,481,0.316239,0.014231,0.045000
z_0219_669.525097.png,#d2b4de,41,0.026956,0.001213,0.045000
z_0219_669.525097.png,#d35400,562,0.369494,0.016627,0.045000
z_0219_669.525097.png,#e74c3c,1412,0.928337,0.041775,0.045000
z_0219_669.525097.png,#edbb99,1365,0.897436,0.040385,0.045000
z_0219_669.525097.png,#f1948a,68,0.044707,0.002012,0.045000
z_0219_669.525097.png,#f58231,807,0.530572,0.023876,0.045000
z_0219_669.525097.png,#f7dc6f,61,0.040105,0.001805,0.045000
z_0219_669.525097.png,#f8c471,416,0.273504,0.012308,0.045000
z_0219_669.525097.png,#fad7a0,136,0.089415,0.004024,0.045000
z_0220_670.536680.png,#0e6251,315,0.207101,0.009320,0.045000
z_0220_670.536680.png,#117a65,3080,2.024984,0.091124,0.045000
z_0220_670.536680.png,#145a32,2974,1.955293,0.087988,0.045000
z_0220_670.536680.png,#154360,2667,1.753452,0.078905,0.045000
z_0220_670.536680.png,#196f3d,2384,1.567390,0.070533,0.045000
z_0220_670.536680.png,#1b4f72,2947,1.937541,0.087189,0.045000
z_0220_670.536680.png,#2e4053,403,0.264957,0.011923,0.045000
z_0220_670.536680.png,#2ecc71,540,0.355030,0.015976,0.045000
z_0220_670.536680.png,#3b3b98,600,0.394477,0.017751,0.045000
z_0220_670.536680.png,#45b39d,3569,2.346483,0.105592,0.045000
z_0220_670.536680.png,#48c9b0,4238,2.786325,0.125385,0.045000
z_0220_670.536680.png,#4a235a,516,0.339250,0.015266,0.045000
z_0220_670.536680.png,#512e5f,140,0.092045,0.004142,0.045000
z_0220_670.536680.png,#52be80,4747,3.120973,0.140444,0.045000
z_0220_670.536680.png,#5499c7,1175,0.772518,0.034763,0.045000
z_0220_670.536680.png,#73c6b6,5352,3.518738,0.158343,0.045000
z_0220_670.536680.png,#7b241c,497,0.326759,0.014704,0.045000
z_0220_670.536680.png,#82e0aa,337,0.221565,0.009970,0.045000
z_0220_670.536680.png,#85c1e9,891,0.585799,0.026361,0.045000
z_0220_670.536680.png,#922b21,3607,2.371466,0.106716,0.045000
z_0220_670.536680.png,#9a7d0a,3967,2.608153,0.117367,0.045000
z_0220_670.536680.png,#a2d9ce,6,0.003945,0.000178,0.045000
z_0220_670.536680.png,#a3e4d7,309,0.203156,0.009142,0.045000
z_0220_670.536680.png,#a9cce3,330,0.216963,0.009763,0.045000
z_0220_670.536680.png,#af601a,509,0.334648,0.015059,0.045000
z_0220_670.536680.png,#af7ac5,526,0.345825,0.015562,0.045000
z_0220_670.536680.png,#b9770e,313,0.205786,0.009260,0.045000
z_0220_670.536680.png,#bb8fce,478,0.314267,0.014142,0.045000
z_0220_670.536680.png,#cb4335,470,0.309007,0.013905,0.045000
z_0220_670.536680.png,#d2b4de,38,0.024984,0.001124,0.045000
z_0220_670.536680.png,#d35400,575,0.378041,0.017012,0.045000
z_0220_670.536680.png,#e74c3c,1309,0.860618,0.038728,0.045000
z_0220_670.536680.png,#edbb99,925,0.608153,0.027367,0.045000
z_0220_670.536680.png,#f1948a,94,0.061801,0.002781,0.045000
z_0220_670.536680.png,#f58231,794,0.522025,0.023491,0.045000
z_0220_670.536680.png,#f7dc6f,75,0.049310,0.002219,0.045000
z_0220_670.536680.png,#f8c471,275,0.180802,0.008136,0.045000
z_0220_670.536680.png,#fad7a0,108,0.071006,0.003195,0.045000
z_0221_671.548263.png,#0e6251,340,0.223537,0.010059,0.045000
z_0221_671.548263.png,#117a65,3027,1.990138,0.089556,0.045000
z_0221_671.548263.png,#145a32,3188,2.095989,0.094320,0.045000
z_0221_671.548263.png,#154360,2553,1.678501,0.075533,0.045000
z_0221_671.548263.png,#196f3d,2473,1.625904,0.073166,0.045000
z_0221_671.548263.png,#1b4f72,2953,1.941486,0.087367,0.045000
z_0221_671.548263.png,#2e4053,403,0.264957,0.011923,0.045000
z_0221_671.548263.png,#2ecc71,533,0.350427,0.015769,0.045000
z_0221_671.548263.png,#3b3b98,830,0.545694,0.024556,0.045000
z_0221_671.548263.png,#45b39d,3492,2.295858,0.103314,0.045000
z_0221_671.548263.png,#48c9b0,4435,2.915845,0.131213,0.045000
z_0221_671.548263.png,#4a235a,403,0.264957,0.011923,0.045000
z_0221_671.548263.png,#512e5f,118,0.077581,0.003491,0.045000
z_0221_671.548263.png,#52be80,5064,3.329389,0.149822,0.045000
z_0221_671.548263.png,#5499c7,1164,0.765286,0.034438,0.045000
z_0221_671.548263.png,#73c6b6,5461,3.590401,0.161568,0.045000
z_0221_671.548263.png,#7b241c,474,0.311637,0.014024,0.045000
z_0221_671.548263.png,#82e0aa,347,0.228139,0.010266,0.045000
z_0221_671.548263.png,#85c1e9,770,0.506246,0.022781,0.045000
z_0221_671.548263.png,#922b21,3384,2.224852,0.100118,0.045000
z_0221_671.548263.png,#9a7d0a,3603,2.368836,0.106598,0.045000
z_0221_671.548263.png,#a2d9ce,15,0.009862,0.000444,0.045000
z_0221_671.548263.png,#a3e4d7,324,0.213018,0.009586,0.045000
z_0221_671.548263.png,#a9cce3,305,0.200526,0.009024,0.045000
z_0221_671.548263.png,#af601a,564,0.370809,0.016686,0.045000
z_0221_671.548263.png,#af7ac5,630,0.414201,0.018639,0.045000
z_0221_671.548263.png,#b9770e,339,0.222880,0.010030,0.045000
z_0221_671.548263.png,#bb8fce,449,0.295201,0.013284,0.045000
z_0221_671.548263.png,#cb4335,501,0.329389,0.014822,0.045000
z_0221_671.548263.png,#d2b4de,44,0.028928,0.001302,0.045000
z_0221_671.548263.png,#d35400,603,0.396450,0.017840,0.045000
z_0221_671.548263.png,#e74c3c,1226,0.806049,0.036272,0.045000
z_0221_671.548263.png,#edbb99,670,0.440500,0.019822,0.045000
z_0221_671.548263.png,#f1948a,76,0.049967,0.002249,0.045000
z_0221_671.548263.png,#f58231,826,0.543064,0.024438,0.045000
z_0221_671.548263.png,#f7dc6f,71,0.046680,0.002101,0.045000
z_0221_671.548263.png,#f8c471,176,0.115713,0.005207,0.045000
z_0221_671.548263.png,#fad7a0,95,0.062459,0.002811,0.045000
z_0222_672.559846.png,#0e6251,351,0.230769,0.010385,0.045000
z_0222_672.559846.png,#117a65,2898,1.905325,0.085740,0.045000
z_0222_672.559846.png,#145a32,3427,2.253123,0.101391,0.045000
z_0222_672.559846.png,#154360,2394,1.573964,0.070828,0.045000
z_0222_672.559846.png,#196f3d,2233,1.468113,0.066065,0.045000
z_0222_672.559846.png,#1b4f72,2993,1.967784,0.088550,0.045000
z_0222_672.559846.png,#2e4053,380,0.249836,0.011243,0.045000
z_0222_672.559846.png,#2ecc71,537,0.353057,0.015888,0.045000
z_0222_672.559846.png,#3b3b98,976,0.641683,0.028876,0.045000
z_0222_672.559846.png,#45b39d,3381,2.222880,0.100030,0.045000
z_0222_672.559846.png,#48c9b0,4698,3.088757,0.138994,0.045000
z_0222_672.559846.png,#4a235a,363,0.238659,0.010740,0.045000
z_0222_672.559846.png,#512e5f,116,0.076266,0.003432,0.045000
z_0222_672.559846.png,#52be80,4913,3.230112,0.145355,0.045000
z_0222_672.559846.png,#5499c7,1107,0.727811,0.032751,0.045000
z_0222_672.559846.png,#73c6b6,5501,3.616700,0.162751,0.045000
z_0222_672.559846.png,#7b241c,488,0.320842,0.014438,0.045000
z_0222_672.559846.png,#82e0aa,357,0.234714,0.010562,0.045000
z_0222_672.559846.png,#85c1e9,750,0.493097,0.022189,0.045000
z_0222_672.559846.png,#922b21,3291,2.163708,0.097367,0.045000
z_0222_672.559846.png,#9a7d0a,3338,2.194609,0.098757,0.045000
z_0222_672.559846.png,#a2d9ce,6,0.003945,0.000178,0.045000
z_0222_672.559846.png,#a3e4d7,315,0.207101,0.009320,0.045000
z_0222_672.559846.png,#a9cce3,432,0.284024,0.012781,0.045000
z_0222_672.559846.png,#af601a,590,0.387903,0.017456,0.045000
z_0222_672.559846.png,#af7ac5,717,0.471400,0.021213,0.045000
z_0222_672.559846.png,#b9770e,386,0.253780,0.011420,0.045000
z_0222_672.559846.png,#bb8fce,454,0.298488,0.013432,0.045000
z_0222_672.559846.png,#cb4335,620,0.407627,0.018343,0.045000
z_0222_672.559846.png,#d2b4de,70,0.046022,0.002071,0.045000
z_0222_672.559846.png,#d35400,659,0.433268,0.019497,0.045000
z_0222_672.559846.png,#e74c3c,1050,0.690335,0.031065,0.045000
z_0222_672.559846.png,#edbb99,584,0.383958,0.017278,0.045000
z_0222_672.559846.png,#f1948a,80,0.052597,0.002367,0.045000
z_0222_672.559846.png,#f58231,786,0.516765,0.023254,0.045000
z_0222_672.559846.png,#f7dc6f,68,0.044707,0.002012,0.045000
z_0222_672.559846.png,#f8c471,36,0.023669,0.001065,0.045000
z_0222_672.559846.png,#fad7a0,90,0.059172,0.002663,0.045000
z_0223_673.571429.png,#0e6251,398,0.261670,0.011775,0.045000
z_0223_673.571429.png,#117a65,2852,1.875082,0.084379,0.045000
z_0223_673.571429.png,#145a32,3993,2.625247,0.118136,0.045000
z_0223_673.571429.png,#154360,2204,1.449047,0.065207,0.045000
z_0223_673.571429.png,#196f3d,1987,1.306377,0.058787,0.045000
z_0223_673.571429.png,#1b4f72,3014,1.981591,0.089172,0.045000
z_0223_673.571429.png,#2e4053,720,0.473373,0.021302,0.045000
z_0223_673.571429.png,#2ecc71,526,0.345825,0.015562,0.045000
z_0223_673.571429.png,#3b3b98,1107,0.727811,0.032751,0.045000
z_0223_673.571429.png,#45b39d,3298,2.168310,0.097574,0.045000
z_0223_673.571429.png,#48c9b0,4791,3.149901,0.141746,0.045000
z_0223_673.571429.png,#4a235a,320,0.210388,0.009467,0.045000
z_0223_673.571429.png,#512e5f,123,0.080868,0.003639,0.045000
z_0223_673.571429.png,#52be80,4945,3.251151,0.146302,0.045000
z_0223_673.571429.png,#5499c7,1037,0.681788,0.030680,0.045000
z_0223_673.571429.png,#73c6b6,5483,3.604865,0.162219,0.045000
z_0223_673.571429.png,#7b241c,523,0.343853,0.015473,0.045000
z_0223_673.571429.png,#82e0aa,380,0.249836,0.011243,0.045000
z_0223_673.571429.png,#85c1e9,677,0.445102,0.020030,0.045000
z_0223_673.571429.png,#922b21,3132,2.059172,0.092663,0.045000
z_0223_673.571429.png,#9a7d0a,3007,1.976989,0.088964,0.045000
z_0223_673.571429.png,#a2d9ce,24,0.015779,0.000710,0.045000
z_0223_673.571429.png,#a3e4d7,325,0.213675,0.009615,0.045000
z_0223_673.571429.png,#a9cce3,540,0.355030,0.015976,0.045000
z_0223_673.571429.png,#af601a,599,0.393820,0.017722,0.045000
z_0223_673.571429.png,#af7ac5,812,0.533859,0.024024,0.045000
z_0223_673.571429.png,#b9770e,374,0.245891,0.011065,0.045000
z_0223_673.571429.png,#bb8fce,432,0.284024,0.012781,0.045000
z_0223_673.571429.png,#cb4335,706,0.464168,0.020888,0.045000
z_0223_673.571429.png,#d2b4de,74,0.048652,0.002189,0.045000
z_0223_673.571429.png,#d35400,685,0.450362,0.020266,0.045000
z_0223_673.571429.png,#e74c3c,954,0.627219,0.028225,0.045000
z_0223_673.571429.png,#edbb99,520,0.341880,0.015385,0.045000
z_0223_673.571429.png,#f1948a,115,0.075608,0.003402,0.045000
z_0223_673.571429.png,#f58231,779,0.512163,0.023047,0.045000
z_0223_673.571429.png,#f7dc6f,56,0.036818,0.001657,0.045000
z_0223_673.571429.png,#fad7a0,88,0.057857,0.002604,0.045000
z_0224_674.583012.png,#0e6251,391,0.257068,0.011568,0.045000
z_0224_674.583012.png,#117a65,2852,1.875082,0.084379,0.045000
z_0224_674.583012.png,#145a32,4033,2.651545,0.119320,0.045000
z_0224_674.583012.png,#154360,2177,1.431295,0.064408,0.045000
z_0224_674.583012.png,#196f3d,1986,1.305720,0.058757,0.045000
z_0224_674.583012.png,#1b4f72,3000,1.972387,0.088757,0.045000
z_0224_674.583012.png,#2e4053,724,0.476003,0.021420,0.045000
z_0224_674.583012.png,#2ecc71,525,0.345168,0.015533,0.045000
z_0224_674.583012.png,#3b3b98,1073,0.705457,0.031746,0.045000
z_0224_674.583012.png,#45b39d,3313,2.178172,0.098018,0.045000
z_0224_674.583012.png,#48c9b0,4786,3.146614,0.141598,0.045000
z_0224_674.583012.png,#4a235a,311,0.204471,0.009201,0.045000
z_0224_674.583012.png,#512e5f,117,0.076923,0.003462,0.045000
z_0224_674.583012.png,#52be80,4953,3.256410,0.146538,0.045000
z_0224_674.583012.png,#5499c7,1049,0.689678,0.031036,0.045000
z_0224_674.583012.png,#73c6b6,5466,3.593688,0.161716,0.045000
z_0224_674.583012.png,#7b241c,510,0.335306,0.015089,0.045000
z_0224_674.583012.png,#82e0aa,374,0.245891,0.011065,0.045000
z_0224_674.583012.png,#85c1e9,670,0.440500,0.019822,0.045000
z_0224_674.583012.png,#922b21,3125,2.054569,0.092456,0.045000
z_0224_674.583012.png,#9a7d0a,2999,1.971729,0.088728,0.045000
z_0224_674.583012.png,#a2d9ce,12,0.007890,0.000355,0.045000
z_0224_674.583012.png,#a3e4d7,329,0.216305,0.009734,0.045000
z_0224_674.583012.png,#a9cce3,536,0.352400,0.015858,0.045000
z_0224_674.583012.png,#af601a,589,0.387245,0.017426,0.045000
z_0224_674.583012.png,#af7ac5,823,0.541091,0.024349,0.045000
z_0224_674.583012.png,#b9770e,377,0.247863,0.011154,0.045000
z_0224_674.583012.png,#bb8fce,418,0.274819,0.012367,0.045000
z_0224_674.583012.png,#cb4335,723,0.475345,0.021391,0.045000
z_0224_674.583012.png,#d2b4de,74,0.048652,0.002189,0.045000
z_0224_674.583012.png,#d35400,680,0.447074,0.020118,0.045000
z_0224_674.583012.png,#e74c3c,948,0.623274,0.028047,0.045000
z_0224_674.583012.png,#edbb99,521,0.342538,0.015414,0.045000
z_0224_674.583012.png,#f1948a,118,0.077581,0.003491,0.045000
z_0224_674.583012.png,#f58231,771,0.506903,0.022811,0.045000
z_0224_674.583012.png,#f7dc6f,49,0.032216,0.001450,0.045000
z_0224_674.583012.png,#fad7a0,89,0.058514,0.002633,0.045000
z_0225_675.594595.png,#0e6251,408,0.268245,0.012071,0.045000
z_0225_675.594595.png,#117a65,2618,1.721236,0.077456,0.045000
z_0225_675.594595.png,#145a32,4916,3.232084,0.145444,0.045000
z_0225_675.594595.png,#154360,1543,1.014464,0.045651,0.045000
z_0225_675.594595.png,#196f3d,1683,1.106509,0.049793,0.045000
z_0225_675.594595.png,#1b4f72,3051,2.005917,0.090266,0.045000
z_0225_675.594595.png,#2e4053,916,0.602235,0.027101,0.045000
z_0225_675.594595.png,#2ecc71,443,0.291256,0.013107,0.045000
z_0225_675.594595.png,#3b3b98,1648,1.083498,0.048757,0.045000
z_0225_675.594595.png,#45b39d,2976,1.956607,0.088047,0.045000
z_0225_675.594595.png,#48c9b0,5135,3.376068,0.151923,0.045000
z_0225_675.594595.png,#4a235a,197,0.129520,0.005828,0.045000
z_0225_675.594595.png,#512e5f,100,0.065746,0.002959,0.045000
z_0225_675.594595.png,#52be80,5266,3.462196,0.155799,0.045000
z_0225_675.594595.png,#5499c7,1012,0.665352,0.029941,0.045000
z_0225_675.594595.png,#73c6b6,4842,3.183432,0.143254,0.045000
z_0225_675.594595.png,#7b241c,557,0.366206,0.016479,0.045000
z_0225_675.594595.png,#82e0aa,426,0.280079,0.012604,0.045000
z_0225_675.594595.png,#85c1e9,672,0.441815,0.019882,0.045000
z_0225_675.594595.png,#922b21,2490,1.637081,0.073669,0.045000
z_0225_675.594595.png,#9a7d0a,2471,1.624589,0.073107,0.045000
z_0225_675.594595.png,#a2d9ce,5,0.003287,0.000148,0.045000
z_0225_675.594595.png,#a3e4d7,344,0.226167,0.010178,0.045000
z_0225_675.594595.png,#a9cce3,532,0.349770,0.015740,0.045000
z_0225_675.594595.png,#af601a,582,0.382643,0.017219,0.045000
z_0225_675.594595.png,#af7ac5,1041,0.684418,0.030799,0.045000
z_0225_675.594595.png,#b9770e,391,0.257068,0.011568,0.045000
z_0225_675.594595.png,#bb8fce,337,0.221565,0.009970,0.045000
z_0225_675.594595.png,#cb4335,854,0.561473,0.025266,0.045000
z_0225_675.594595.png,#d2b4de,66,0.043393,0.001953,0.045000
z_0225_675.594595.png,#d35400,779,0.512163,0.023047,0.045000
z_0225_675.594595.png,#e74c3c,898,0.590401,0.026568,0.045000
z_0225_675.594595.png,#edbb99,414,0.272189,0.012249,0.045000
z_0225_675.594595.png,#f1948a,344,0.226167,0.010178,0.045000
z_0225_675.594595.png,#f58231,737,0.484550,0.021805,0.045000
z_0225_675.594595.png,#f7dc6f,43,0.028271,0.001272,0.045000
z_0225_675.594595.png,#fad7a0,65,0.042735,0.001923,0.045000
z_0226_676.606178.png,#0e6251,447,0.293886,0.013225,0.045000
z_0226_676.606178.png,#117a65,2526,1.660750,0.074734,0.045000
z_0226_676.606178.png,#145a32,5240,3.445102,0.155030,0.045000
z_0226_676.606178.png,#154360,1201,0.789612,0.035533,0.045000
z_0226_676.606178.png,#196f3d,1552,1.020381,0.045917,0.045000
z_0226_676.606178.png,#1b4f72,3002,1.973702,0.088817,0.045000
z_0226_676.606178.png,#2e4053,1064,0.699540,0.031479,0.045000
z_0226_676.606178.png,#2ecc71,423,0.278107,0.012515,0.045000
z_0226_676.606178.png,#3b3b98,2295,1.508876,0.067899,0.045000
z_0226_676.606178.png,#45b39d,3288,2.161736,0.097278,0.045000
z_0226_676.606178.png,#48c9b0,4773,3.138067,0.141213,0.045000
z_0226_676.606178.png,#4a235a,145,0.095332,0.004290,0.045000
z_0226_676.606178.png,#512e5f,137,0.090072,0.004053,0.045000
z_0226_676.606178.png,#52be80,4933,3.243261,0.145947,0.045000
z_0226_676.606178.png,#5499c7,863,0.567390,0.025533,0.045000
z_0226_676.606178.png,#73c6b6,4159,2.734385,0.123047,0.045000
z_0226_676.606178.png,#7b241c,628,0.412886,0.018580,0.045000
z_0226_676.606178.png,#82e0aa,519,0.341223,0.015355,0.045000
z_0226_676.606178.png,#85c1e9,592,0.389218,0.017515,0.045000
z_0226_676.606178.png,#922b21,1841,1.210388,0.054467,0.045000
z_0226_676.606178.png,#9a7d0a,2258,1.484550,0.066805,0.045000
z_0226_676.606178.png,#a2d9ce,24,0.015779,0.000710,0.045000
z_0226_676.606178.png,#a3e4d7,304,0.199869,0.008994,0.045000
z_0226_676.606178.png,#a9cce3,1367,0.898751,0.040444,0.045000
z_0226_676.606178.png,#af601a,580,0.381328,0.017160,0.045000
z_0226_676.606178.png,#af7ac5,986,0.648258,0.029172,0.045000
z_0226_676.606178.png,#b9770e,423,0.278107,0.012515,0.045000
z_0226_676.606178.png,#bb8fce,409,0.268902,0.012101,0.045000
z_0226_676.606178.png,#cb4335,699,0.459566,0.020680,0.045000
z_0226_676.606178.png,#d2b4de,69,0.045365,0.002041,0.045000
z_0226_676.606178.png,#d35400,895,0.588429,0.026479,0.045000
z_0226_676.606178.png,#e74c3c,834,0.548323,0.024675,0.045000
z_0226_676.606178.png,#edbb99,364,0.239316,0.010769,0.045000
z_0226_676.606178.png,#f1948a,300,0.197239,0.008876,0.045000
z_0226_676.606178.png,#f58231,723,0.475345,0.021391,0.045000
z_0226_676.606178.png,#f7dc6f,49,0.032216,0.001450,0.045000
z_0226_676.606178.png,#fad7a0,66,0.043393,0.001953,0.045000
z_0227_677.617761.png,#0e6251,442,0.290598,0.013077,0.045000
z_0227_677.617761.png,#117a65,2542,1.671269,0.075207,0.045000
z_0227_677.617761.png,#145a32,5255,3.454964,0.155473,0.045000
z_0227_677.617761.png,#154360,1203,0.790927,0.035592,0.045000
z_0227_677.617761.png,#196f3d,1554,1.021696,0.045976,0.045000
z_0227_677.617761.png,#1b4f72,2994,1.968442,0.088580,0.045000
z_0227_677.617761.png,#2e4053,1072,0.704799,0.031716,0.045000
z_0227_677.617761.png,#2ecc71,424,0.278764,0.012544,0.045000
z_0227_677.617761.png,#3b3b98,2315,1.522025,0.068491,0.045000
z_0227_677.617761.png,#45b39d,3287,2.161078,0.097249,0.045000
z_0227_677.617761.png,#48c9b0,4767,3.134122,0.141036,0.045000
z_0227_677.617761.png,#4a235a,145,0.095332,0.004290,0.045000
z_0227_677.617761.png,#512e5f,136,0.089415,0.004024,0.045000
z_0227_677.617761.png,#52be80,4894,3.217620,0.144793,0.045000
z_0227_677.617761.png,#5499c7,860,0.565417,0.025444,0.045000
z_0227_677.617761.png,#73c6b6,4189,2.754109,0.123935,0.045000
z_0227_677.617761.png,#7b241c,631,0.414859,0.018669,0.045000
z_0227_677.617761.png,#82e0aa,521,0.342538,0.015414,0.045000
z_0227_677.617761.png,#85c1e9,590,0.387903,0.017456,0.045000
z_0227_677.617761.png,#922b21,1854,1.218935,0.054852,0.045000
z_0227_677.617761.png,#9a7d0a,2282,1.500329,0.067515,0.045000
z_0227_677.617761.png,#a2d9ce,24,0.015779,0.000710,0.045000
z_0227_677.617761.png,#a3e4d7,303,0.199211,0.008964,0.045000
z_0227_677.617761.png,#a9cce3,1370,0.900723,0.040533,0.045000
z_0227_677.617761.png,#af601a,591,0.388560,0.017485,0.045000
z_0227_677.617761.png,#af7ac5,984,0.646943,0.029112,0.045000
z_0227_677.617761.png,#b9770e,423,0.278107,0.012515,0.045000
z_0227_677.617761.png,#bb8fce,409,0.268902,0.012101,0.045000
z_0227_677.617761.png,#cb4335,690,0.453649,0.020414,0.045000
z_0227_677.617761.png,#d2b4de,77,0.050625,0.002278,0.045000
z_0227_677.617761.png,#d35400,909,0.597633,0.026893,0.045000
z_0227_677.617761.png,#e74c3c,835,0.548981,0.024704,0.045000
z_0227_677.617761.png,#edbb99,377,0.247863,0.011154,0.045000
z_0227_677.617761.png,#f1948a,302,0.198554,0.008935,0.045000
z_0227_677.617761.png,#f58231,726,0.477318,0.021479,0.045000
z_0227_677.617761.png,#f7dc6f,50,0.032873,0.001479,0.045000
z_0227_677.617761.png,#fad7a0,66,0.043393,0.001953,0.045000
z_0228_678.629344.png,#0e6251,459,0.301775,0.013580,0.045000
z_0228_678.629344.png,#117a65,2462,1.618672,0.072840,0.045000
z_0228_678.629344.png,#145a32,5316,3.495069,0.157278,0.045000
z_0228_678.629344.png,#154360,1134,0.745562,0.033550,0.045000
z_0228_678.629344.png,#196f3d,1461,0.960552,0.043225,0.045000
z_0228_678.629344.png,#1b4f72,2813,1.849441,0.083225,0.045000
z_0228_678.629344.png,#2e4053,1129,0.742275,0.033402,0.045000
z_0228_678.629344.png,#2ecc71,399,0.262327,0.011805,0.045000
z_0228_678.629344.png,#3b3b98,3076,2.022354,0.091006,0.045000
z_0228_678.629344.png,#45b39d,3411,2.242604,0.100917,0.045000
z_0228_678.629344.png,#48c9b0,4321,2.840894,0.127840,0.045000
z_0228_678.629344.png,#4a235a,142,0.093360,0.004201,0.045000
z_0228_678.629344.png,#512e5f,155,0.101907,0.004586,0.045000
z_0228_678.629344.png,#52be80,4991,3.281394,0.147663,0.045000
z_0228_678.629344.png,#5499c7,814,0.535174,0.024083,0.045000
z_0228_678.629344.png,#73c6b6,3923,2.579224,0.116065,0.045000
z_0228_678.629344.png,#7b241c,663,0.435897,0.019615,0.045000
z_0228_678.629344.png,#82e0aa,572,0.376068,0.016923,0.045000
z_0228_678.629344.png,#85c1e9,551,0.362262,0.016302,0.045000
z_0228_678.629344.png,#922b21,1639,1.077581,0.048491,0.045000
z_0228_678.629344.png,#9a7d0a,1759,1.156476,0.052041,0.045000
z_0228_678.629344.png,#a2d9ce,23,0.015122,0.000680,0.045000
z_0228_678.629344.png,#a3e4d7,328,0.215648,0.009704,0.045000
z_0228_678.629344.png,#a9cce3,1715,1.127548,0.050740,0.045000
z_0228_678.629344.png,#af601a,649,0.426693,0.019201,0.045000
z_0228_678.629344.png,#af7ac5,2867,1.884944,0.084822,0.045000
z_0228_678.629344.png,#b9770e,435,0.285996,0.012870,0.045000
z_0228_678.629344.png,#bb8fce,461,0.303090,0.013639,0.045000
z_0228_678.629344.png,#cb4335,669,0.439842,0.019793,0.045000
z_0228_678.629344.png,#d2b4de,75,0.049310,0.002219,0.045000
z_0228_678.629344.png,#d35400,1036,0.681131,0.030651,0.045000
z_0228_678.629344.png,#e74c3c,1055,0.693623,0.031213,0.045000
z_0228_678.629344.png,#edbb99,375,0.246548,0.011095,0.045000
z_0228_678.629344.png,#f1948a,305,0.200526,0.009024,0.045000
z_0228_678.629344.png,#f58231,749,0.492439,0.022160,0.045000
z_0228_678.629344.png,#f7dc6f,50,0.032873,0.001479,0.045000
z_0228_678.629344.png,#fad7a0,88,0.057857,0.002604,0.045000
z_0229_679.640927.png,#0e6251,462,0.303748,0.013669,0.045000
z_0229_679.640927.png,#117a65,2352,1.546351,0.069586,0.045000
z_0229_679.640927.png,#145a32,5007,3.291913,0.148136,0.045000
z_0229_679.640927.png,#154360,1121,0.737015,0.033166,0.045000
z_0229_679.640927.png,#196f3d,1379,0.906640,0.040799,0.045000
z_0229_679.640927.png,#1b4f72,2679,1.761341,0.079260,0.045000
z_0229_679.640927.png,#2e4053,1185,0.779093,0.035059,0.045000
z_0229_679.640927.png,#2ecc71,399,0.262327,0.011805,0.045000
z_0229_679.640927.png,#3b3b98,3973,2.612097,0.117544,0.045000
z_0229_679.640927.png,#45b39d,3428,2.253780,0.101420,0.045000
z_0229_679.640927.png,#48c9b0,4236,2.785010,0.125325,0.045000
z_0229_679.640927.png,#4a235a,154,0.101249,0.004556,0.045000
z_0229_679.640927.png,#512e5f,180,0.118343,0.005325,0.045000
z_0229_679.640927.png,#52be80,4714,3.099277,0.139467,0.045000
z_0229_679.640927.png,#5499c7,787,0.517423,0.023284,0.045000
z_0229_679.640927.png,#73c6b6,3469,2.280736,0.102633,0.045000
z_0229_679.640927.png,#7b241c,693,0.455621,0.020503,0.045000
z_0229_679.640927.png,#82e0aa,628,0.412886,0.018580,0.045000
z_0229_679.640927.png,#85c1e9,471,0.309665,0.013935,0.045000
z_0229_679.640927.png,#922b21,1480,0.973044,0.043787,0.045000
z_0229_679.640927.png,#9a7d0a,1747,1.148586,0.051686,0.045000
z_0229_679.640927.png,#a2d9ce,39,0.025641,0.001154,0.045000
z_0229_679.640927.png,#a3e4d7,388,0.255095,0.011479,0.045000
z_0229_679.640927.png,#a9cce3,2026,1.332018,0.059941,0.045000
z_0229_679.640927.png,#af601a,711,0.467456,0.021036,0.045000
z_0229_679.640927.png,#af7ac5,2769,1.820513,0.081923,0.045000
z_0229_679.640927.png,#b9770e,442,0.290598,0.013077,0.045000
z_0229_679.640927.png,#bb8fce,532,0.349770,0.015740,0.045000
z_0229_679.640927.png,#cb4335,551,0.362262,0.016302,0.045000
z_0229_679.640927.png,#d2b4de,58,0.038133,0.001716,0.045000
z_0229_679.640927.png,#d35400,1206,0.792899,0.035680,0.045000
z_0229_679.640927.png,#e74c3c,1143,0.751479,0.033817,0.045000
z_0229_679.640927.png,#edbb99,370,0.243261,0.010947,0.045000
z_0229_679.640927.png,#f1948a,308,0.202498,0.009112,0.045000
z_0229_679.640927.png,#f58231,765,0.502959,0.022633,0.045000
z_0229_679.640927.png,#f7dc6f,49,0.032216,0.001450,0.045000
z_0229_679.640927.png,#fad7a0,102,0.067061,0.003018,0.045000
z_0230_680.652510.png,#0e6251,451,0.296515,0.013343,0.045000
z_0230_680.652510.png,#117a65,2308,1.517423,0.068284,0.045000
z_0230_680.652510.png,#145a32,4418,2.904668,0.130710,0.045000
z_0230_680.652510.png,#154360,1080,0.710059,0.031953,0.045000
z_0230_680.652510.png,#196f3d,1370,0.900723,0.040533,0.045000
z_0230_680.652510.png,#1b4f72,2379,1.564103,0.070385,0.045000
z_0230_680.652510.png,#2e4053,1264,0.831032,0.037396,0.045000
z_0230_680.652510.png,#2ecc71,398,0.261670,0.011775,0.045000
z_0230_680.652510.png,#3b3b98,4970,3.267587,0.147041,0.045000
z_0230_680.652510.png,#45b39d,3486,2.291913,0.103136,0.045000
z_0230_680.652510.png,#48c9b0,3860,2.537804,0.114201,0.045000
z_0230_680.652510.png,#4a235a,182,0.119658,0.005385,0.045000
z_0230_680.652510.png,#512e5f,88,0.057857,0.002604,0.045000
z_0230_680.652510.png,#52be80,4908,3.226824,0.145207,0.045000
z_0230_680.652510.png,#5499c7,731,0.480605,0.021627,0.045000
z_0230_680.652510.png,#73c6b6,2551,1.677186,0.075473,0.045000
z_0230_680.652510.png,#7b241c,729,0.479290,0.021568,0.045000
z_0230_680.652510.png,#82e0aa,783,0.514793,0.023166,0.045000
z_0230_680.652510.png,#85c1e9,320,0.210388,0.009467,0.045000
z_0230_680.652510.png,#922b21,1300,0.854701,0.038462,0.045000
z_0230_680.652510.png,#9a7d0a,1823,1.198554,0.053935,0.045000
z_0230_680.652510.png,#a2d9ce,32,0.021039,0.000947,0.045000
z_0230_680.652510.png,#a3e4d7,289,0.190007,0.008550,0.045000
z_0230_680.652510.png,#a9cce3,2351,1.545694,0.069556,0.045000
z_0230_680.652510.png,#af601a,765,0.502959,0.022633,0.045000
z_0230_680.652510.png,#af7ac5,2594,1.705457,0.076746,0.045000
z_0230_680.652510.png,#b9770e,468,0.307692,0.013846,0.045000
z_0230_680.652510.png,#bb8fce,601,0.395135,0.017781,0.045000
z_0230_680.652510.png,#cb4335,538,0.353715,0.015917,0.045000
z_0230_680.652510.png,#d2b4de,74,0.048652,0.002189,0.045000
z_0230_680.652510.png,#d35400,1424,0.936226,0.042130,0.045000
z_0230_680.652510.png,#e74c3c,1276,0.838922,0.037751,0.045000
z_0230_680.652510.png,#edbb99,411,0.270217,0.012160,0.045000
z_0230_680.652510.png,#f1948a,320,0.210388,0.009467,0.045000
z_0230_680.652510.png,#f58231,725,0.476660,0.021450,0.045000
z_0230_680.652510.png,#f7dc6f,49,0.032216,0.001450,0.045000
z_0230_680.652510.png,#fad7a0,102,0.067061,0.003018,0.045000
z_0231_681.664093.png,#0e6251,447,0.293886,0.013225,0.045000
z_0231_681.664093.png,#117a65,2339,1.537804,0.069201,0.045000
z_0231_681.664093.png,#145a32,4428,2.911243,0.131006,0.045000
z_0231_681.664093.png,#154360,1073,0.705457,0.031746,0.045000
z_0231_681.664093.png,#196f3d,1364,0.896778,0.040355,0.045000
z_0231_681.664093.png,#1b4f72,2374,1.560815,0.070237,0.045000
z_0231_681.664093.png,#2e4053,1257,0.826430,0.037189,0.045000
z_0231_681.664093.png,#2ecc71,397,0.261012,0.011746,0.045000
z_0231_681.664093.png,#3b3b98,4959,3.260355,0.146716,0.045000
z_0231_681.664093.png,#45b39d,3486,2.291913,0.103136,0.045000
z_0231_681.664093.png,#48c9b0,3855,2.534517,0.114053,0.045000
z_0231_681.664093.png,#4a235a,182,0.119658,0.005385,0.045000
z_0231_681.664093.png,#512e5f,89,0.058514,0.002633,0.045000
z_0231_681.664093.png,#52be80,4927,3.239316,0.145769,0.045000
z_0231_681.664093.png,#5499c7,727,0.477975,0.021509,0.045000
z_0231_681.664093.png,#73c6b6,2546,1.673899,0.075325,0.045000
z_0231_681.664093.png,#7b241c,723,0.475345,0.021391,0.045000
z_0231_681.664093.png,#82e0aa,787,0.517423,0.023284,0.045000
z_0231_681.664093.png,#85c1e9,308,0.202498,0.009112,0.045000
z_0231_681.664093.png,#922b21,1307,0.859303,0.038669,0.045000
z_0231_681.664093.png,#9a7d0a,1827,1.201183,0.054053,0.045000
z_0231_681.664093.png,#a2d9ce,30,0.019724,0.000888,0.045000
z_0231_681.664093.png,#a3e4d7,293,0.192636,0.008669,0.045000
z_0231_681.664093.png,#a9cce3,2361,1.552268,0.069852,0.045000
z_0231_681.664093.png,#af601a,766,0.503616,0.022663,0.045000
z_0231_681.664093.png,#af7ac5,2605,1.712689,0.077071,0.045000
z_0231_681.664093.png,#b9770e,466,0.306377,0.013787,0.045000
z_0231_681.664093.png,#bb8fce,599,0.393820,0.017722,0.045000
z_0231_681.664093.png,#cb4335,544,0.357659,0.016095,0.045000
z_0231_681.664093.png,#d2b4de,77,0.050625,0.002278,0.045000
z_0231_681.664093.png,#d35400,1411,0.927679,0.041746,0.045000
z_0231_681.664093.png,#e74c3c,1284,0.844181,0.037988,0.045000
z_0231_681.664093.png,#edbb99,410,0.269560,0.012130,0.045000
z_0231_681.664093.png,#f1948a,319,0.209730,0.009438,0.045000
z_0231_681.664093.png,#f58231,732,0.481262,0.021657,0.045000
z_0231_681.664093.png,#f7dc6f,49,0.032216,0.001450,0.045000
z_0231_681.664093.png,#fad7a0,100,0.065746,0.002959,0.045000
z_0232_682.675676.png,#0e6251,425,0.279421,0.012574,0.045000
z_0232_682.675676.png,#117a65,2316,1.522682,0.068521,0.045000
z_0232_682.675676.png,#145a32,4240,2.787640,0.125444,0.045000
z_0232_682.675676.png,#154360,1013,0.666009,0.029970,0.045000
z_0232_682.675676.png,#196f3d,1401,0.921105,0.041450,0.045000
z_0232_682.675676.png,#1b4f72,2146,1.410914,0.063491,0.045000
z_0232_682.675676.png,#2e4053,1244,0.817883,0.036805,0.045000
z_0232_682.675676.png,#2ecc71,355,0.233399,0.010503,0.045000
z_0232_682.675676.png,#3b3b98,5124,3.368836,0.151598,0.045000
z_0232_682.675676.png,#45b39d,3421,2.249178,0.101213,0.045000
z_0232_682.675676.png,#48c9b0,3676,2.416831,0.108757,0.045000
z_0232_682.675676.png,#4a235a,198,0.130178,0.005858,0.045000
z_0232_682.675676.png,#512e5f,67,0.044050,0.001982,0.045000
z_0232_682.675676.png,#52be80,4553,2.993425,0.134704,0.045000
z_0232_682.675676.png,#5499c7,715,0.470085,0.021154,0.045000
z_0232_682.675676.png,#73c6b6,2223,1.461538,0.065769,0.045000
z_0232_682.675676.png,#7b241c,751,0.493754,0.022219,0.045000
z_0232_682.675676.png,#82e0aa,843,0.554241,0.024941,0.045000
z_0232_682.675676.png,#85c1e9,275,0.180802,0.008136,0.045000
z_0232_682.675676.png,#922b21,1176,0.773176,0.034793,0.045000
z_0232_682.675676.png,#9a7d0a,1780,1.170283,0.052663,0.045000
z_0232_682.675676.png,#a2d9ce,26,0.017094,0.000769,0.045000
z_0232_682.675676.png,#a3e4d7,286,0.188034,0.008462,0.045000
z_0232_682.675676.png,#a9cce3,2408,1.583169,0.071243,0.045000
z_0232_682.675676.png,#af601a,765,0.502959,0.022633,0.045000
z_0232_682.675676.png,#af7ac5,2652,1.743590,0.078462,0.045000
z_0232_682.675676.png,#b9770e,497,0.326759,0.014704,0.045000
z_0232_682.675676.png,#bb8fce,627,0.412229,0.018550,0.045000
z_0232_682.675676.png,#cb4335,520,0.341880,0.015385,0.045000
z_0232_682.675676.png,#d2b4de,70,0.046022,0.002071,0.045000
z_0232_682.675676.png,#d35400,1487,0.977646,0.043994,0.045000
z_0232_682.675676.png,#e74c3c,1227,0.806706,0.036302,0.045000
z_0232_682.675676.png,#edbb99,430,0.282709,0.012722,0.045000
z_0232_682.675676.png,#f1948a,310,0.203813,0.009172,0.045000
z_0232_682.675676.png,#f58231,748,0.491782,0.022130,0.045000
z_0232_682.675676.png,#f7dc6f,36,0.023669,0.001065,0.045000
z_0232_682.675676.png,#fad7a0,99,0.065089,0.002929,0.045000
z_0233_683.687259.png,#0e6251,432,0.284024,0.012781,0.045000
z_0233_683.687259.png,#117a65,2289,1.504931,0.067722,0.045000
z_0233_683.687259.png,#145a32,4025,2.646285,0.119083,0.045000
z_0233_683.687259.png,#154360,1033,0.679158,0.030562,0.045000
z_0233_683.687259.png,#196f3d,1393,0.915845,0.041213,0.045000
z_0233_683.687259.png,#1b4f72,1993,1.310322,0.058964,0.045000
z_0233_683.687259.png,#2e4053,1269,0.834320,0.037544,0.045000
z_0233_683.687259.png,#2ecc71,355,0.233399,0.010503,0.045000
z_0233_683.687259.png,#3b3b98,5236,3.442472,0.154911,0.045000
z_0233_683.687259.png,#45b39d,3390,2.228797,0.100296,0.045000
z_0233_683.687259.png,#48c9b0,3532,2.322156,0.104497,0.045000
z_0233_683.687259.png,#4a235a,237,0.155819,0.007012,0.045000
z_0233_683.687259.png,#512e5f,31,0.020381,0.000917,0.045000
z_0233_683.687259.png,#52be80,4407,2.897436,0.130385,0.045000
z_0233_683.687259.png,#5499c7,619,0.406969,0.018314,0.045000
z_0233_683.687259.png,#73c6b6,1882,1.237344,0.055680,0.045000
z_0233_683.687259.png,#7b241c,757,0.497699,0.022396,0.045000
z_0233_683.687259.png,#82e0aa,968,0.636423,0.028639,0.045000
z_0233_683.687259.png,#85c1e9,262,0.172255,0.007751,0.045000
z_0233_683.687259.png,#922b21,1048,0.689020,0.031006,0.045000
z_0233_683.687259.png,#9a7d0a,1710,1.124260,0.050592,0.045000
z_0233_683.687259.png,#a2d9ce,20,0.013149,0.000592,0.045000
z_0233_683.687259.png,#a3e4d7,258,0.169625,0.007633,0.045000
z_0233_683.687259.png,#a9cce3,2260,1.485865,0.066864,0.045000
z_0233_683.687259.png,#af601a,765,0.502959,0.022633,0.045000
z_0233_683.687259.png,#af7ac5,4172,2.742932,0.123432,0.045000
z_0233_683.687259.png,#b9770e,496,0.326101,0.014675,0.045000
z_0233_683.687259.png,#bb8fce,660,0.433925,0.019527,0.045000
z_0233_683.687259.png,#cb4335,414,0.272189,0.012249,0.045000
z_0233_683.687259.png,#d2b4de,73,0.047995,0.002160,0.045000
z_0233_683.687259.png,#d35400,1467,0.964497,0.043402,0.045000
z_0233_683.687259.png,#e74c3c,1244,0.817883,0.036805,0.045000
z_0233_683.687259.png,#edbb99,450,0.295858,0.013314,0.045000
z_0233_683.687259.png,#f1948a,330,0.216963,0.009763,0.045000
z_0233_683.687259.png,#f58231,747,0.491124,0.022101,0.045000
z_0233_683.687259.png,#f7dc6f,31,0.020381,0.000917,0.045000
z_0233_683.687259.png,#fad7a0,102,0.067061,0.003018,0.045000
z_0234_684.698842.png,#0e6251,459,0.301775,0.013580,0.045000
z_0234_684.698842.png,#117a65,2215,1.456279,0.065533,0.045000
z_0234_684.698842.png,#145a32,3796,2.495726,0.112308,0.045000
z_0234_684.698842.png,#154360,1073,0.705457,0.031746,0.045000
z_0234_684.698842.png,#196f3d,1368,0.899408,0.040473,0.045000
z_0234_684.698842.png,#1b4f72,1982,1.303090,0.058639,0.045000
z_0234_684.698842.png,#2e4053,1185,0.779093,0.035059,0.045000
z_0234_684.698842.png,#2ecc71,325,0.213675,0.009615,0.045000
z_0234_684.698842.png,#3b3b98,5145,3.382643,0.152219,0.045000
z_0234_684.698842.png,#45b39d,3324,2.185404,0.098343,0.045000
z_0234_684.698842.png,#48c9b0,3445,2.264957,0.101923,0.045000
z_0234_684.698842.png,#4a235a,240,0.157791,0.007101,0.045000
z_0234_684.698842.png,#52be80,4215,2.771203,0.124704,0.045000
z_0234_684.698842.png,#5499c7,595,0.391190,0.017604,0.045000
z_0234_684.698842.png,#73c6b6,1546,1.016437,0.045740,0.045000
z_0234_684.698842.png,#7b241c,710,0.466798,0.021006,0.045000
z_0234_684.698842.png,#82e0aa,957,0.629191,0.028314,0.045000
z_0234_684.698842.png,#85c1e9,224,0.147272,0.006627,0.045000
z_0234_684.698842.png,#922b21,909,0.597633,0.026893,0.045000
z_0234_684.698842.png,#9a7d0a,1674,1.100592,0.049527,0.045000
z_0234_684.698842.png,#a2d9ce,22,0.014464,0.000651,0.045000
z_0234_684.698842.png,#a3e4d7,243,0.159763,0.007189,0.045000
z_0234_684.698842.png,#a9cce3,2111,1.387903,0.062456,0.045000
z_0234_684.698842.png,#af601a,803,0.527942,0.023757,0.045000
z_0234_684.698842.png,#af7ac5,4105,2.698882,0.121450,0.045000
z_0234_684.698842.png,#b9770e,533,0.350427,0.015769,0.045000
z_0234_684.698842.png,#bb8fce,697,0.458251,0.020621,0.045000
z_0234_684.698842.png,#cb4335,266,0.174885,0.007870,0.045000
z_0234_684.698842.png,#d2b4de,53,0.034845,0.001568,0.045000
z_0234_684.698842.png,#d35400,1379,0.906640,0.040799,0.045000
z_0234_684.698842.png,#e74c3c,1091,0.717291,0.032278,0.045000
z_0234_684.698842.png,#edbb99,494,0.324786,0.014615,0.045000
z_0234_684.698842.png,#f1948a,359,0.236029,0.010621,0.045000
z_0234_684.698842.png,#f58231,751,0.493754,0.022219,0.045000
z_0234_684.698842.png,#f7dc6f,45,0.029586,0.001331,0.045000
z_0234_684.698842.png,#fad7a0,92,0.060487,0.002722,0.045000
z_0235_685.710425.png,#0e6251,458,0.301118,0.013550,0.045000
z_0235_685.710425.png,#117a65,2215,1.456279,0.065533,0.045000
z_0235_685.710425.png,#145a32,3790,2.491782,0.112130,0.045000
z_0235_685.710425.png,#154360,1069,0.702827,0.031627,0.045000
z_0235_685.710425.png,#196f3d,1375,0.904011,0.040680,0.045000
z_0235_685.710425.png,#1b4f72,1985,1.305062,0.058728,0.045000
z_0235_685.710425.png,#2e4053,1183,0.777778,0.035000,0.045000
z_0235_685.710425.png,#2ecc71,325,0.213675,0.009615,0.045000
z_0235_685.710425.png,#3b3b98,5132,3.374096,0.151834,0.045000
z_0235_685.710425.png,#45b39d,3332,2.190664,0.098580,0.045000
z_0235_685.710425.png,#48c9b0,3431,2.255753,0.101509,0.045000
z_0235_685.710425.png,#4a235a,250,0.164366,0.007396,0.045000
z_0235_685.710425.png,#52be80,4219,2.773833,0.124822,0.045000
z_0235_685.710425.png,#5499c7,599,0.393820,0.017722,0.045000
z_0235_685.710425.png,#73c6b6,1548,1.017751,0.045799,0.045000
z_0235_685.710425.png,#7b241c,716,0.470743,0.021183,0.045000
z_0235_685.710425.png,#82e0aa,953,0.626561,0.028195,0.045000
z_0235_685.710425.png,#85c1e9,228,0.149901,0.006746,0.045000
z_0235_685.710425.png,#922b21,905,0.595003,0.026775,0.045000
z_0235_685.710425.png,#9a7d0a,1667,1.095989,0.049320,0.045000
z_0235_685.710425.png,#a2d9ce,22,0.014464,0.000651,0.045000
z_0235_685.710425.png,#a3e4d7,251,0.165023,0.007426,0.045000
z_0235_685.710425.png,#a9cce3,2093,1.376068,0.061923,0.045000
z_0235_685.710425.png,#af601a,806,0.529915,0.023846,0.045000
z_0235_685.710425.png,#af7ac5,4103,2.697567,0.121391,0.045000
z_0235_685.710425.png,#b9770e,532,0.349770,0.015740,0.045000
z_0235_685.710425.png,#bb8fce,700,0.460224,0.020710,0.045000
z_0235_685.710425.png,#cb4335,272,0.178830,0.008047,0.045000
z_0235_685.710425.png,#d2b4de,57,0.037475,0.001686,0.045000
z_0235_685.710425.png,#d35400,1378,0.905983,0.040769,0.045000
z_0235_685.710425.png,#e74c3c,1091,0.717291,0.032278,0.045000
z_0235_685.710425.png,#edbb99,494,0.324786,0.014615,0.045000
z_0235_685.710425.png,#f1948a,358,0.235371,0.010592,0.045000
z_0235_685.710425.png,#f58231,757,0.497699,0.022396,0.045000
z_0235_685.710425.png,#f7dc6f,45,0.029586,0.001331,0.045000
z_0235_685.710425.png,#fad7a0,90,0.059172,0.002663,0.045000
z_0236_686.722008.png,#0e6251,476,0.312952,0.014083,0.045000
z_0236_686.722008.png,#117a65,1534,1.008547,0.045385,0.045000
z_0236_686.722008.png,#145a32,2633,1.731098,0.077899,0.045000
z_0236_686.722008.png,#154360,574,0.377383,0.016982,0.045000
z_0236_686.722008.png,#196f3d,895,0.588429,0.026479,0.045000
z_0236_686.722008.png,#1b4f72,1794,1.179487,0.053077,0.045000
z_0236_686.722008.png,#2e4053,924,0.607495,0.027337,0.045000
z_0236_686.722008.png,#2ecc71,215,0.141354,0.006361,0.045000
z_0236_686.722008.png,#3b3b98,6797,4.468771,0.201095,0.045000
z_0236_686.722008.png,#45b39d,3806,2.502301,0.112604,0.045000
z_0236_686.722008.png,#48c9b0,4877,3.206443,0.144290,0.045000
z_0236_686.722008.png,#4a235a,329,0.216305,0.009734,0.045000
z_0236_686.722008.png,#52be80,4046,2.660092,0.119704,0.045000
z_0236_686.722008.png,#5499c7,461,0.303090,0.013639,0.045000
z_0236_686.722008.png,#73c6b6,228,0.149901,0.006746,0.045000
z_0236_686.722008.png,#7b241c,463,0.304405,0.013698,0.045000
z_0236_686.722008.png,#82e0aa,1338,0.879684,0.039586,0.045000
z_0236_686.722008.png,#85c1e9,208,0.136752,0.006154,0.045000
z_0236_686.722008.png,#922b21,690,0.453649,0.020414,0.045000
z_0236_686.722008.png,#9a7d0a,1932,1.270217,0.057160,0.045000
z_0236_686.722008.png,#a2d9ce,21,0.013807,0.000621,0.045000
z_0236_686.722008.png,#a3e4d7,217,0.142669,0.006420,0.045000
z_0236_686.722008.png,#a9cce3,457,0.300460,0.013521,0.045000
z_0236_686.722008.png,#af601a,751,0.493754,0.022219,0.045000
z_0236_686.722008.png,#af7ac5,3580,2.353715,0.105917,0.045000
z_0236_686.722008.png,#b9770e,505,0.332018,0.014941,0.045000
z_0236_686.722008.png,#bb8fce,663,0.435897,0.019615,0.045000
z_0236_686.722008.png,#cb4335,278,0.182774,0.008225,0.045000
z_0236_686.722008.png,#d2b4de,117,0.076923,0.003462,0.045000
z_0236_686.722008.png,#d35400,481,0.316239,0.014231,0.045000
z_0236_686.722008.png,#e74c3c,790,0.519395,0.023373,0.045000
z_0236_686.722008.png,#edbb99,599,0.393820,0.017722,0.045000
z_0236_686.722008.png,#f1948a,417,0.274162,0.012337,0.045000
z_0236_686.722008.png,#f58231,605,0.397765,0.017899,0.045000
z_0236_686.722008.png,#f7dc6f,155,0.101907,0.004586,0.045000
z_0236_686.722008.png,#fad7a0,254,0.166995,0.007515,0.045000
z_0237_687.733591.png,#0e6251,480,0.315582,0.014201,0.045000
z_0237_687.733591.png,#117a65,1538,1.011177,0.045503,0.045000
z_0237_687.733591.png,#145a32,2638,1.734385,0.078047,0.045000
z_0237_687.733591.png,#154360,579,0.380671,0.017130,0.045000
z_0237_687.733591.png,#196f3d,908,0.596976,0.026864,0.045000
z_0237_687.733591.png,#1b4f72,1797,1.181460,0.053166,0.045000
z_0237_687.733591.png,#2e4053,933,0.613412,0.027604,0.045000
z_0237_687.733591.png,#2ecc71,216,0.142012,0.006391,0.045000
z_0237_687.733591.png,#3b3b98,6815,4.480605,0.201627,0.045000
z_0237_687.733591.png,#45b39d,3801,2.499014,0.112456,0.045000
z_0237_687.733591.png,#48c9b0,4864,3.197896,0.143905,0.045000
z_0237_687.733591.png,#4a235a,329,0.216305,0.009734,0.045000
z_0237_687.733591.png,#52be80,4045,2.659435,0.119675,0.045000
z_0237_687.733591.png,#5499c7,466,0.306377,0.013787,0.045000
z_0237_687.733591.png,#73c6b6,232,0.152531,0.006864,0.045000
z_0237_687.733591.png,#7b241c,474,0.311637,0.014024,0.045000
z_0237_687.733591.png,#82e0aa,1342,0.882314,0.039704,0.045000
z_0237_687.733591.png,#85c1e9,208,0.136752,0.006154,0.045000
z_0237_687.733591.png,#922b21,688,0.452334,0.020355,0.045000
z_0237_687.733591.png,#9a7d0a,1936,1.272847,0.057278,0.045000
z_0237_687.733591.png,#a2d9ce,21,0.013807,0.000621,0.045000
z_0237_687.733591.png,#a3e4d7,216,0.142012,0.006391,0.045000
z_0237_687.733591.png,#a9cce3,462,0.303748,0.013669,0.045000
z_0237_687.733591.png,#af601a,757,0.497699,0.022396,0.045000
z_0237_687.733591.png,#af7ac5,3646,2.397107,0.107870,0.045000
z_0237_687.733591.png,#b9770e,507,0.333333,0.015000,0.045000
z_0237_687.733591.png,#bb8fce,666,0.437870,0.019704,0.045000
z_0237_687.733591.png,#cb4335,278,0.182774,0.008225,0.045000
z_0237_687.733591.png,#d2b4de,113,0.074293,0.003343,0.045000
z_0237_687.733591.png,#d35400,484,0.318212,0.014320,0.045000
z_0237_687.733591.png,#e74c3c,786,0.516765,0.023254,0.045000
z_0237_687.733591.png,#edbb99,600,0.394477,0.017751,0.045000
z_0237_687.733591.png,#f1948a,418,0.274819,0.012367,0.045000
z_0237_687.733591.png,#f58231,607,0.399080,0.017959,0.045000
z_0237_687.733591.png,#f7dc6f,154,0.101249,0.004556,0.045000
z_0237_687.733591.png,#fad7a0,255,0.167653,0.007544,0.045000
z_0238_688.745174.png,#0e6251,621,0.408284,0.018373,0.045000
z_0238_688.745174.png,#117a65,1557,1.023669,0.046065,0.045000
z_0238_688.745174.png,#145a32,2419,1.590401,0.071568,0.045000
z_0238_688.745174.png,#154360,439,0.288626,0.012988,0.045000
z_0238_688.745174.png,#196f3d,850,0.558843,0.025148,0.045000
z_0238_688.745174.png,#1b4f72,1853,1.218277,0.054822,0.045000
z_0238_688.745174.png,#2e4053,851,0.559500,0.025178,0.045000
z_0238_688.745174.png,#2ecc71,224,0.147272,0.006627,0.045000
z_0238_688.745174.png,#3b3b98,7640,5.023011,0.226036,0.045000
z_0238_688.745174.png,#45b39d,3910,2.570677,0.115680,0.045000
z_0238_688.745174.png,#48c9b0,4694,3.086128,0.138876,0.045000
z_0238_688.745174.png,#4a235a,340,0.223537,0.010059,0.045000
z_0238_688.745174.png,#52be80,3832,2.519395,0.113373,0.045000
z_0238_688.745174.png,#5499c7,472,0.310322,0.013964,0.045000
z_0238_688.745174.png,#73c6b6,176,0.115713,0.005207,0.045000
z_0238_688.745174.png,#7b241c,324,0.213018,0.009586,0.045000
z_0238_688.745174.png,#82e0aa,1431,0.940828,0.042337,0.045000
z_0238_688.745174.png,#85c1e9,193,0.126890,0.005710,0.045000
z_0238_688.745174.png,#922b21,707,0.464826,0.020917,0.045000
z_0238_688.745174.png,#9a7d0a,2024,1.330703,0.059882,0.045000
z_0238_688.745174.png,#a2d9ce,18,0.011834,0.000533,0.045000
z_0238_688.745174.png,#a3e4d7,229,0.150559,0.006775,0.045000
z_0238_688.745174.png,#a9cce3,230,0.151216,0.006805,0.045000
z_0238_688.745174.png,#af601a,738,0.485207,0.021834,0.045000
z_0238_688.745174.png,#af7ac5,3747,2.463511,0.110858,0.045000
z_0238_688.745174.png,#b9770e,505,0.332018,0.014941,0.045000
z_0238_688.745174.png,#bb8fce,641,0.421433,0.018964,0.045000
z_0238_688.745174.png,#cb4335,295,0.193951,0.008728,0.045000
z_0238_688.745174.png,#d2b4de,499,0.328074,0.014763,0.045000
z_0238_688.745174.png,#d35400,463,0.304405,0.013698,0.045000
z_0238_688.745174.png,#e74c3c,702,0.461538,0.020769,0.045000
z_0238_688.745174.png,#edbb99,752,0.494412,0.022249,0.045000
z_0238_688.745174.png,#f1948a,529,0.347798,0.015651,0.045000
z_0238_688.745174.png,#f58231,581,0.381986,0.017189,0.045000
z_0238_688.745174.png,#f7dc6f,76,0.049967,0.002249,0.045000
z_0238_688.745174.png,#fad7a0,244,0.160421,0.007219,0.045000
z_0239_689.756757.png,#0e6251,623,0.409599,0.018432,0.045000
z_0239_689.756757.png,#117a65,1555,1.022354,0.046006,0.045000
z_0239_689.756757.png,#145a32,2406,1.581854,0.071183,0.045000
z_0239_689.756757.png,#154360,431,0.283366,0.012751,0.045000
z_0239_689.756757.png,#196f3d,857,0.563445,0.025355,0.045000
z_0239_689.756757.png,#1b4f72,1856,1.220250,0.054911,0.045000
z_0239_689.756757.png,#2e4053,849,0.558185,0.025118,0.045000
z_0239_689.756757.png,#2ecc71,227,0.149244,0.006716,0.045000
z_0239_689.756757.png,#3b3b98,7652,5.030901,0.226391,0.045000
z_0239_689.756757.png,#45b39d,3912,2.571992,0.115740,0.045000
z_0239_689.756757.png,#48c9b0,4666,3.067719,0.138047,0.045000
z_0239_689.756757.png,#4a235a,343,0.225510,0.010148,0.045000
z_0239_689.756757.png,#52be80,3800,2.498356,0.112426,0.045000
z_0239_689.756757.png,#5499c7,473,0.310980,0.013994,0.045000
z_0239_689.756757.png,#73c6b6,176,0.115713,0.005207,0.045000
z_0239_689.756757.png,#7b241c,327,0.214990,0.009675,0.045000
z_0239_689.756757.png,#82e0aa,1441,0.947403,0.042633,0.045000
z_0239_689.756757.png,#85c1e9,195,0.128205,0.005769,0.045000
z_0239_689.756757.png,#922b21,706,0.464168,0.020888,0.045000
z_0239_689.756757.png,#9a7d0a,2022,1.329389,0.059822,0.045000
z_0239_689.756757.png,#a2d9ce,18,0.011834,0.000533,0.045000
z_0239_689.756757.png,#a3e4d7,229,0.150559,0.006775,0.045000
z_0239_689.756757.png,#a9cce3,230,0.151216,0.006805,0.045000
z_0239_689.756757.png,#af601a,737,0.484550,0.021805,0.045000
z_0239_689.756757.png,#af7ac5,3754,2.468113,0.111065,0.045000
z_0239_689.756757.png,#b9770e,504,0.331361,0.014911,0.045000
z_0239_689.756757.png,#bb8fce,637,0.418803,0.018846,0.045000
z_0239_689.756757.png,#cb4335,296,0.194609,0.008757,0.045000
z_0239_689.756757.png,#d2b4de,497,0.326759,0.014704,0.045000
z_0239_689.756757.png,#d35400,467,0.307035,0.013817,0.045000
z_0239_689.756757.png,#e74c3c,697,0.458251,0.020621,0.045000
z_0239_689.756757.png,#edbb99,749,0.492439,0.022160,0.045000
z_0239_689.756757.png,#f1948a,527,0.346483,0.015592,0.045000
z_0239_689.756757.png,#f58231,586,0.385273,0.017337,0.045000
z_0239_689.756757.png,#f7dc6f,76,0.049967,0.002249,0.045000
z_0239_689.756757.png,#fad7a0,243,0.159763,0.007189,0.045000
z_0240_690.768340.png,#0e6251,1172,0.770546,0.034675,0.045000
z_0240_690.768340.png,#117a65,1745,1.147272,0.051627,0.045000
z_0240_690.768340.png,#145a32,3649,2.399080,0.107959,0.045000
z_0240_690.768340.png,#154360,34,0.022354,0.001006,0.045000
z_0240_690.768340.png,#196f3d,1356,0.891519,0.040118,0.045000
z_0240_690.768340.png,#1b4f72,2339,1.537804,0.069201,0.045000
z_0240_690.768340.png,#2e4053,486,0.319527,0.014379,0.045000
z_0240_690.768340.png,#2ecc71,190,0.124918,0.005621,0.045000
z_0240_690.768340.png,#3b3b98,8796,5.783037,0.260237,0.045000
z_0240_690.768340.png,#45b39d,3897,2.562130,0.115296,0.045000
z_0240_690.768340.png,#48c9b0,3443,2.263642,0.101864,0.045000
z_0240_690.768340.png,#4a235a,394,0.259040,0.011657,0.045000
z_0240_690.768340.png,#52be80,3047,2.003287,0.090148,0.045000
z_0240_690.768340.png,#5499c7,583,0.383300,0.017249,0.045000
z_0240_690.768340.png,#82e0aa,1800,1.183432,0.053254,0.045000
z_0240_690.768340.png,#85c1e9,228,0.149901,0.006746,0.045000
z_0240_690.768340.png,#922b21,512,0.336621,0.015148,0.045000
z_0240_690.768340.png,#9a7d0a,1862,1.224195,0.055089,0.045000
z_0240_690.768340.png,#a2d9ce,15,0.009862,0.000444,0.045000
z_0240_690.768340.png,#a3e4d7,193,0.126890,0.005710,0.045000
z_0240_690.768340.png,#a9cce3,861,0.566075,0.025473,0.045000
z_0240_690.768340.png,#af601a,732,0.481262,0.021657,0.045000
z_0240_690.768340.png,#af7ac5,3499,2.300460,0.103521,0.045000
z_0240_690.768340.png,#b9770e,442,0.290598,0.013077,0.045000
z_0240_690.768340.png,#bb8fce,552,0.362919,0.016331,0.045000
z_0240_690.768340.png,#cb4335,256,0.168310,0.007574,0.045000
z_0240_690.768340.png,#d2b4de,871,0.572650,0.025769,0.045000
z_0240_690.768340.png,#d35400,384,0.252465,0.011361,0.045000
z_0240_690.768340.png,#e74c3c,1158,0.761341,0.034260,0.045000
z_0240_690.768340.png,#edbb99,785,0.516108,0.023225,0.045000
z_0240_690.768340.png,#f1948a,807,0.530572,0.023876,0.045000
z_0240_690.768340.png,#f58231,544,0.357659,0.016095,0.045000
z_0240_690.768340.png,#f7dc6f,46,0.030243,0.001361,0.045000
z_0241_691.779923.png,#0e6251,1176,0.773176,0.034793,0.045000
z_0241_691.779923.png,#117a65,1747,1.148586,0.051686,0.045000
z_0241_691.779923.png,#145a32,3648,2.398422,0.107929,0.045000
z_0241_691.779923.png,#154360,34,0.022354,0.001006,0.045000
z_0241_691.779923.png,#196f3d,1359,0.893491,0.040207,0.045000
z_0241_691.779923.png,#1b4f72,2320,1.525312,0.068639,0.045000
z_0241_691.779923.png,#2e4053,486,0.319527,0.014379,0.045000
z_0241_691.779923.png,#2ecc71,191,0.125575,0.005651,0.045000
z_0241_691.779923.png,#3b3b98,8779,5.771861,0.259734,0.045000
z_0241_691.779923.png,#45b39d,3898,2.562788,0.115325,0.045000
z_0241_691.779923.png,#48c9b0,3442,2.262985,0.101834,0.045000
z_0241_691.779923.png,#4a235a,396,0.260355,0.011716,0.045000
z_0241_691.779923.png,#52be80,3048,2.003945,0.090178,0.045000
z_0241_691.779923.png,#5499c7,584,0.383958,0.017278,0.045000
z_0241_691.779923.png,#82e0aa,1812,1.191321,0.053609,0.045000
z_0241_691.779923.png,#85c1e9,223,0.146614,0.006598,0.045000
z_0241_691.779923.png,#922b21,512,0.336621,0.015148,0.045000
z_0241_691.779923.png,#9a7d0a,1853,1.218277,0.054822,0.045000
z_0241_691.779923.png,#a2d9ce,15,0.009862,0.000444,0.045000
z_0241_691.779923.png,#a3e4d7,191,0.125575,0.005651,0.045000
z_0241_691.779923.png,#a9cce3,861,0.566075,0.025473,0.045000
z_0241_691.779923.png,#af601a,726,0.477318,0.021479,0.045000
z_0241_691.779923.png,#af7ac5,3511,2.308350,0.103876,0.045000
z_0241_691.779923.png,#b9770e,440,0.289283,0.013018,0.045000
z_0241_691.779923.png,#bb8fce,549,0.360947,0.016243,0.045000
z_0241_691.779923.png,#cb4335,253,0.166338,0.007485,0.045000
z_0241_691.779923.png,#d2b4de,874,0.574622,0.025858,0.045000
z_0241_691.779923.png,#d35400,384,0.252465,0.011361,0.045000
z_0241_691.779923.png,#e74c3c,1156,0.760026,0.034201,0.045000
z_0241_691.779923.png,#edbb99,799,0.525312,0.023639,0.045000
z_0241_691.779923.png,#f1948a,804,0.528600,0.023787,0.045000
z_0241_691.779923.png,#f58231,549,0.360947,0.016243,0.045000
z_0241_691.779923.png,#f7dc6f,45,0.029586,0.001331,0.045000
z_0242_692.791506.png,#0e6251,1349,0.886917,0.039911,0.045000
z_0242_692.791506.png,#117a65,1771,1.164366,0.052396,0.045000
z_0242_692.791506.png,#145a32,4090,2.689020,0.121006,0.045000
z_0242_692.791506.png,#154360,30,0.019724,0.000888,0.045000
z_0242_692.791506.png,#196f3d,1533,1.007890,0.045355,0.045000
z_0242_692.791506.png,#1b4f72,2668,1.754109,0.078935,0.045000
z_0242_692.791506.png,#2e4053,450,0.295858,0.013314,0.045000
z_0242_692.791506.png,#2ecc71,200,0.131492,0.005917,0.045000
z_0242_692.791506.png,#3b3b98,8521,5.602235,0.252101,0.045000
z_0242_692.791506.png,#45b39d,3718,2.444444,0.110000,0.045000
z_0242_692.791506.png,#48c9b0,2862,1.881657,0.084675,0.045000
z_0242_692.791506.png,#4a235a,420,0.276134,0.012426,0.045000
z_0242_692.791506.png,#52be80,2935,1.929652,0.086834,0.045000
z_0242_692.791506.png,#5499c7,628,0.412886,0.018580,0.045000
z_0242_692.791506.png,#82e0aa,2042,1.342538,0.060414,0.045000
z_0242_692.791506.png,#85c1e9,334,0.219592,0.009882,0.045000
z_0242_692.791506.png,#922b21,381,0.250493,0.011272,0.045000
z_0242_692.791506.png,#9a7d0a,1981,1.302433,0.058609,0.045000
z_0242_692.791506.png,#a2d9ce,17,0.011177,0.000503,0.045000
z_0242_692.791506.png,#a3e4d7,220,0.144642,0.006509,0.045000
z_0242_692.791506.png,#a9cce3,1457,0.957922,0.043107,0.045000
z_0242_692.791506.png,#af601a,805,0.529257,0.023817,0.045000
z_0242_692.791506.png,#af7ac5,3615,2.376726,0.106953,0.045000
z_0242_692.791506.png,#b9770e,452,0.297173,0.013373,0.045000
z_0242_692.791506.png,#bb8fce,566,0.372124,0.016746,0.045000
z_0242_692.791506.png,#cb4335,218,0.143327,0.006450,0.045000
z_0242_692.791506.png,#d2b4de,1068,0.702170,0.031598,0.045000
z_0242_692.791506.png,#d35400,372,0.244576,0.011006,0.045000
z_0242_692.791506.png,#e74c3c,1016,0.667982,0.030059,0.045000
z_0242_692.791506.png,#edbb99,836,0.549638,0.024734,0.045000
z_0242_692.791506.png,#f1948a,1078,0.708744,0.031893,0.045000
z_0242_692.791506.png,#f58231,559,0.367521,0.016538,0.045000
z_0242_692.791506.png,#f7dc6f,45,0.029586,0.001331,0.045000
z_0243_693.803089.png,#0e6251,1544,1.015122,0.045680,0.045000
z_0243_693.803089.png,#117a65,1854,1.218935,0.054852,0.045000
z_0243_693.803089.png,#145a32,1769,1.163051,0.052337,0.045000
z_0243_693.803089.png,#196f3d,1782,1.171598,0.052722,0.045000
z_0243_693.803089.png,#1b4f72,3162,2.078895,0.093550,0.045000
z_0243_693.803089.png,#2e4053,401,0.263642,0.011864,0.045000
z_0243_693.803089.png,#2ecc71,199,0.130835,0.005888,0.045000
z_0243_693.803089.png,#3b3b98,8007,5.264300,0.236893,0.045000
z_0243_693.803089.png,#45b39d,3550,2.333991,0.105030,0.045000
z_0243_693.803089.png,#48c9b0,2427,1.595661,0.071805,0.045000
z_0243_693.803089.png,#4a235a,399,0.262327,0.011805,0.045000
z_0243_693.803089.png,#52be80,2743,1.803419,0.081154,0.045000
z_0243_693.803089.png,#5499c7,625,0.410914,0.018491,0.045000
z_0243_693.803089.png,#82e0aa,2168,1.425378,0.064142,0.045000
z_0243_693.803089.png,#85c1e9,407,0.267587,0.012041,0.045000
z_0243_693.803089.png,#922b21,385,0.253123,0.011391,0.045000
z_0243_693.803089.png,#9a7d0a,2093,1.376068,0.061923,0.045000
z_0243_693.803089.png,#a2d9ce,23,0.015122,0.000680,0.045000
z_0243_693.803089.png,#a3e4d7,189,0.124260,0.005592,0.045000
z_0243_693.803089.png,#a9cce3,2208,1.451677,0.065325,0.045000
z_0243_693.803089.png,#af601a,855,0.562130,0.025296,0.045000
z_0243_693.803089.png,#af7ac5,3766,2.476003,0.111420,0.045000
z_0243_693.803089.png,#b9770e,440,0.289283,0.013018,0.045000
z_0243_693.803089.png,#bb8fce,502,0.330046,0.014852,0.045000
z_0243_693.803089.png,#cb4335,163,0.107166,0.004822,0.045000
z_0243_693.803089.png,#d2b4de,1154,0.758711,0.034142,0.045000
z_0243_693.803089.png,#d35400,359,0.236029,0.010621,0.045000
z_0243_693.803089.png,#e74c3c,944,0.620644,0.027929,0.045000
z_0243_693.803089.png,#edbb99,828,0.544379,0.024497,0.045000
z_0243_693.803089.png,#f1948a,1360,0.894149,0.040237,0.045000
z_0243_693.803089.png,#f58231,528,0.347140,0.015621,0.045000
z_0244_694.814672.png,#0e6251,1631,1.072321,0.048254,0.045000
z_0244_694.814672.png,#117a65,1903,1.251151,0.056302,0.045000
z_0244_694.814672.png,#145a32,1932,1.270217,0.057160,0.045000
z_0244_694.814672.png,#196f3d,2019,1.327416,0.059734,0.045000
z_0244_694.814672.png,#1b4f72,3322,2.184089,0.098284,0.045000
z_0244_694.814672.png,#2e4053,369,0.242604,0.010917,0.045000
z_0244_694.814672.png,#2ecc71,204,0.134122,0.006036,0.045000
z_0244_694.814672.png,#3b3b98,7469,4.910585,0.220976,0.045000
z_0244_694.814672.png,#45b39d,3368,2.214333,0.099645,0.045000
z_0244_694.814672.png,#48c9b0,2256,1.483235,0.066746,0.045000
z_0244_694.814672.png,#4a235a,501,0.329389,0.014822,0.045000
z_0244_694.814672.png,#52be80,2377,1.562788,0.070325,0.045000
z_0244_694.814672.png,#5499c7,731,0.480605,0.021627,0.045000
z_0244_694.814672.png,#82e0aa,2275,1.495726,0.067308,0.045000
z_0244_694.814672.png,#85c1e9,493,0.324129,0.014586,0.045000
z_0244_694.814672.png,#922b21,372,0.244576,0.011006,0.045000
z_0244_694.814672.png,#9a7d0a,2199,1.445759,0.065059,0.045000
z_0244_694.814672.png,#a2d9ce,12,0.007890,0.000355,0.045000
z_0244_694.814672.png,#a3e4d7,176,0.115713,0.005207,0.045000
z_0244_694.814672.png,#a9cce3,2928,1.925049,0.086627,0.045000
z_0244_694.814672.png,#af601a,879,0.577909,0.026006,0.045000
z_0244_694.814672.png,#af7ac5,4089,2.688363,0.120976,0.045000
z_0244_694.814672.png,#b9770e,428,0.281394,0.012663,0.045000
z_0244_694.814672.png,#bb8fce,462,0.303748,0.013669,0.045000
z_0244_694.814672.png,#cb4335,89,0.058514,0.002633,0.045000
z_0244_694.814672.png,#d2b4de,1194,0.785010,0.035325,0.045000
z_0244_694.814672.png,#d35400,279,0.183432,0.008254,0.045000
z_0244_694.814672.png,#e74c3c,863,0.567390,0.025533,0.045000
z_0244_694.814672.png,#edbb99,766,0.503616,0.022663,0.045000
z_0244_694.814672.png,#f1948a,1539,1.011834,0.045533,0.045000
z_0244_694.814672.png,#f58231,518,0.340565,0.015325,0.045000
z_0244_694.814672.png,#f7dc6f,17,0.011177,0.000503,0.045000
z_0245_695.826255.png,#0e6251,2617,1.720579,0.077426,0.045000
z_0245_695.826255.png,#117a65,1920,1.262327,0.056805,0.045000
z_0245_695.826255.png,#145a32,2066,1.358317,0.061124,0.045000
z_0245_695.826255.png,#196f3d,2146,1.410914,0.063491,0.045000
z_0245_695.826255.png,#1b4f72,3437,2.259698,0.101686,0.045000
z_0245_695.826255.png,#2e4053,331,0.217620,0.009793,0.045000
z_0245_695.826255.png,#2ecc71,221,0.145299,0.006538,0.045000
z_0245_695.826255.png,#3b3b98,7267,4.777778,0.215000,0.045000
z_0245_695.826255.png,#45b39d,3073,2.020381,0.090917,0.045000
z_0245_695.826255.png,#48c9b0,1985,1.305062,0.058728,0.045000
z_0245_695.826255.png,#4a235a,842,0.553583,0.024911,0.045000
z_0245_695.826255.png,#52be80,2109,1.386588,0.062396,0.045000
z_0245_695.826255.png,#5499c7,761,0.500329,0.022515,0.045000
z_0245_695.826255.png,#82e0aa,2354,1.547666,0.069645,0.045000
z_0245_695.826255.png,#85c1e9,589,0.387245,0.017426,0.045000
z_0245_695.826255.png,#922b21,348,0.228797,0.010296,0.045000
z_0245_695.826255.png,#9a7d0a,2332,1.533202,0.068994,0.045000
z_0245_695.826255.png,#a2d9ce,32,0.021039,0.000947,0.045000
z_0245_695.826255.png,#a3e4d7,236,0.155161,0.006982,0.045000
z_0245_695.826255.png,#a9cce3,3646,2.397107,0.107870,0.045000
z_0245_695.826255.png,#af601a,865,0.568705,0.025592,0.045000
z_0245_695.826255.png,#af7ac5,3900,2.564103,0.115385,0.045000
z_0245_695.826255.png,#b9770e,422,0.277449,0.012485,0.045000
z_0245_695.826255.png,#bb8fce,427,0.280736,0.012633,0.045000
z_0245_695.826255.png,#cb4335,30,0.019724,0.000888,0.045000
z_0245_695.826255.png,#d2b4de,1294,0.850756,0.038284,0.045000
z_0245_695.826255.png,#d35400,132,0.086785,0.003905,0.045000
z_0245_695.826255.png,#e74c3c,695,0.456936,0.020562,0.045000
z_0245_695.826255.png,#edbb99,758,0.498356,0.022426,0.045000
z_0245_695.826255.png,#f1948a,1829,1.202498,0.054112,0.045000
z_0245_695.826255.png,#f58231,523,0.343853,0.015473,0.045000
z_0246_696.837838.png,#0e6251,373,0.245233,0.011036,0.045000
z_0246_696.837838.png,#117a65,1914,1.258383,0.056627,0.045000
z_0246_696.837838.png,#145a32,2300,1.512163,0.068047,0.045000
z_0246_696.837838.png,#196f3d,2301,1.512821,0.068077,0.045000
z_0246_696.837838.png,#1b4f72,3379,2.221565,0.099970,0.045000
z_0246_696.837838.png,#2e4053,310,0.203813,0.009172,0.045000
z_0246_696.837838.png,#2ecc71,217,0.142669,0.006420,0.045000
z_0246_696.837838.png,#3b3b98,7071,4.648915,0.209201,0.045000
z_0246_696.837838.png,#45b39d,2808,1.846154,0.083077,0.045000
z_0246_696.837838.png,#48c9b0,1816,1.193951,0.053728,0.045000
z_0246_696.837838.png,#4a235a,1334,0.877055,0.039467,0.045000
z_0246_696.837838.png,#52be80,1836,1.207101,0.054320,0.045000
z_0246_696.837838.png,#5499c7,759,0.499014,0.022456,0.045000
z_0246_696.837838.png,#82e0aa,2375,1.561473,0.070266,0.045000
z_0246_696.837838.png,#85c1e9,685,0.450362,0.020266,0.045000
z_0246_696.837838.png,#922b21,356,0.234057,0.010533,0.045000
z_0246_696.837838.png,#9a7d0a,2411,1.585141,0.071331,0.045000
z_0246_696.837838.png,#a2d9ce,30,0.019724,0.000888,0.045000
z_0246_696.837838.png,#a3e4d7,272,0.178830,0.008047,0.045000
z_0246_696.837838.png,#a9cce3,4485,2.948718,0.132692,0.045000
z_0246_696.837838.png,#af601a,835,0.548981,0.024704,0.045000
z_0246_696.837838.png,#af7ac5,3887,2.555556,0.115000,0.045000
z_0246_696.837838.png,#b9770e,402,0.264300,0.011893,0.045000
z_0246_696.837838.png,#bb8fce,410,0.269560,0.012130,0.045000
z_0246_696.837838.png,#d2b4de,1311,0.861933,0.038787,0.045000
z_0246_696.837838.png,#d35400,109,0.071663,0.003225,0.045000
z_0246_696.837838.png,#e74c3c,639,0.420118,0.018905,0.045000
z_0246_696.837838.png,#edbb99,692,0.454964,0.020473,0.045000
z_0246_696.837838.png,#f1948a,2130,1.400394,0.063018,0.045000
z_0246_696.837838.png,#f58231,526,0.345825,0.015562,0.045000
z_0246_696.837838.png,#f7dc6f,5,0.003287,0.000148,0.045000
z_0247_697.849421.png,#0e6251,368,0.241946,0.010888,0.045000
z_0247_697.849421.png,#117a65,1858,1.221565,0.054970,0.045000
z_0247_697.849421.png,#145a32,2018,1.326759,0.059704,0.045000
z_0247_697.849421.png,#196f3d,2530,1.663379,0.074852,0.045000
z_0247_697.849421.png,#1b4f72,3462,2.276134,0.102426,0.045000
z_0247_697.849421.png,#2e4053,292,0.191979,0.008639,0.045000
z_0247_697.849421.png,#2ecc71,223,0.146614,0.006598,0.045000
z_0247_697.849421.png,#3b3b98,6628,4.357659,0.196095,0.045000
z_0247_697.849421.png,#45b39d,2526,1.660750,0.074734,0.045000
z_0247_697.849421.png,#48c9b0,1817,1.194609,0.053757,0.045000
z_0247_697.849421.png,#4a235a,1814,1.192636,0.053669,0.045000
z_0247_697.849421.png,#52be80,1502,0.987508,0.044438,0.045000
z_0247_697.849421.png,#5499c7,748,0.491782,0.022130,0.045000
z_0247_697.849421.png,#82e0aa,2378,1.563445,0.070355,0.045000
z_0247_697.849421.png,#85c1e9,835,0.548981,0.024704,0.045000
z_0247_697.849421.png,#922b21,334,0.219592,0.009882,0.045000
z_0247_697.849421.png,#9a7d0a,2381,1.565417,0.070444,0.045000
z_0247_697.849421.png,#a2d9ce,18,0.011834,0.000533,0.045000
z_0247_697.849421.png,#a3e4d7,337,0.221565,0.009970,0.045000
z_0247_697.849421.png,#a9cce3,5120,3.366206,0.151479,0.045000
z_0247_697.849421.png,#af601a,823,0.541091,0.024349,0.045000
z_0247_697.849421.png,#af7ac5,4033,2.651545,0.119320,0.045000
z_0247_697.849421.png,#b9770e,372,0.244576,0.011006,0.045000
z_0247_697.849421.png,#bb8fce,381,0.250493,0.011272,0.045000
z_0247_697.849421.png,#d2b4de,1339,0.880342,0.039615,0.045000
z_0247_697.849421.png,#d35400,106,0.069691,0.003136,0.045000
z_0247_697.849421.png,#e74c3c,588,0.386588,0.017396,0.045000
z_0247_697.849421.png,#edbb99,564,0.370809,0.016686,0.045000
z_0247_697.849421.png,#f1948a,2365,1.554898,0.069970,0.045000
z_0247_697.849421.png,#f58231,518,0.340565,0.015325,0.045000
z_0247_697.849421.png,#f7dc6f,56,0.036818,0.001657,0.045000
z_0248_698.861004.png,#0e6251,370,0.243261,0.010947,0.045000
z_0248_698.861004.png,#117a65,1657,1.089415,0.049024,0.045000
z_0248_698.861004.png,#145a32,2438,1.602893,0.072130,0.045000
z_0248_698.861004.png,#196f3d,2742,1.802761,0.081124,0.045000
z_0248_698.861004.png,#1b4f72,3353,2.204471,0.099201,0.045000
z_0248_698.861004.png,#2e4053,314,0.206443,0.009290,0.045000
z_0248_698.861004.png,#2ecc71,236,0.155161,0.006982,0.045000
z_0248_698.861004.png,#3b3b98,6065,3.987508,0.179438,0.045000
z_0248_698.861004.png,#45b39d,2248,1.477975,0.066509,0.045000
z_0248_698.861004.png,#48c9b0,2002,1.316239,0.059231,0.045000
z_0248_698.861004.png,#4a235a,2230,1.466141,0.065976,0.045000
z_0248_698.861004.png,#52be80,840,0.552268,0.024852,0.045000
z_0248_698.861004.png,#5499c7,724,0.476003,0.021420,0.045000
z_0248_698.861004.png,#82e0aa,2412,1.585799,0.071361,0.045000
z_0248_698.861004.png,#85c1e9,965,0.634451,0.028550,0.045000
z_0248_698.861004.png,#922b21,319,0.209730,0.009438,0.045000
z_0248_698.861004.png,#9a7d0a,2365,1.554898,0.069970,0.045000
z_0248_698.861004.png,#a2d9ce,28,0.018409,0.000828,0.045000
z_0248_698.861004.png,#a3e4d7,383,0.251808,0.011331,0.045000
z_0248_698.861004.png,#a9cce3,5814,3.822485,0.172012,0.045000
z_0248_698.861004.png,#af601a,714,0.469428,0.021124,0.045000
z_0248_698.861004.png,#af7ac5,4183,2.750164,0.123757,0.045000
z_0248_698.861004.png,#b9770e,360,0.236686,0.010651,0.045000
z_0248_698.861004.png,#bb8fce,332,0.218277,0.009822,0.045000
z_0248_698.861004.png,#d2b4de,1361,0.894806,0.040266,0.045000
z_0248_698.861004.png,#d35400,103,0.067719,0.003047,0.045000
z_0248_698.861004.png,#e74c3c,510,0.335306,0.015089,0.045000
z_0248_698.861004.png,#edbb99,425,0.279421,0.012574,0.045000
z_0248_698.861004.png,#f1948a,2807,1.845496,0.083047,0.045000
z_0248_698.861004.png,#f58231,525,0.345168,0.015533,0.045000
z_0248_698.861004.png,#f7dc6f,79,0.051940,0.002337,0.045000
z_0249_699.872587.png,#0e6251,362,0.238001,0.010710,0.045000
z_0249_699.872587.png,#117a65,1546,1.016437,0.045740,0.045000
z_0249_699.872587.png,#145a32,2484,1.633136,0.073491,0.045000
z_0249_699.872587.png,#196f3d,2947,1.937541,0.087189,0.045000
z_0249_699.872587.png,#1b4f72,3399,2.234714,0.100562,0.045000
z_0249_699.872587.png,#2e4053,322,0.211703,0.009527,0.045000
z_0249_699.872587.png,#2ecc71,252,0.165680,0.007456,0.045000
z_0249_699.872587.png,#3b3b98,5613,3.690335,0.166065,0.045000
z_0249_699.872587.png,#45b39d,2006,1.318869,0.059349,0.045000
z_0249_699.872587.png,#48c9b0,2167,1.424721,0.064112,0.045000
z_0249_699.872587.png,#4a235a,2403,1.579882,0.071095,0.045000
z_0249_699.872587.png,#52be80,735,0.483235,0.021746,0.045000
z_0249_699.872587.png,#5499c7,682,0.448389,0.020178,0.045000
z_0249_699.872587.png,#82e0aa,2443,1.606180,0.072278,0.045000
z_0249_699.872587.png,#85c1e9,1160,0.762656,0.034320,0.045000
z_0249_699.872587.png,#922b21,299,0.196581,0.008846,0.045000
z_0249_699.872587.png,#9a7d0a,2347,1.543064,0.069438,0.045000
z_0249_699.872587.png,#a2d9ce,23,0.015122,0.000680,0.045000
z_0249_699.872587.png,#a3e4d7,554,0.364234,0.016391,0.045000
z_0249_699.872587.png,#a9cce3,6247,4.107166,0.184822,0.045000
z_0249_699.872587.png,#af601a,587,0.385930,0.017367,0.045000
z_0249_699.872587.png,#af7ac5,4033,2.651545,0.119320,0.045000
z_0249_699.872587.png,#b9770e,317,0.208416,0.009379,0.045000
z_0249_699.872587.png,#bb8fce,301,0.197896,0.008905,0.045000
z_0249_699.872587.png,#d2b4de,1377,0.905325,0.040740,0.045000
z_0249_699.872587.png,#d35400,75,0.049310,0.002219,0.045000
z_0249_699.872587.png,#e74c3c,440,0.289283,0.013018,0.045000
z_0249_699.872587.png,#edbb99,365,0.239974,0.010799,0.045000
z_0249_699.872587.png,#f1948a,3190,2.097304,0.094379,0.045000
z_0249_699.872587.png,#f58231,513,0.337278,0.015178,0.045000
z_0249_699.872587.png,#f7dc6f,85,0.055884,0.002515,0.045000
z_0250_700.884170.png,#0e6251,341,0.224195,0.010089,0.045000
z_0250_700.884170.png,#117a65,1668,1.096647,0.049349,0.045000
z_0250_700.884170.png,#145a32,3256,2.140697,0.096331,0.045000
z_0250_700.884170.png,#196f3d,3061,2.012492,0.090562,0.045000
z_0250_700.884170.png,#1b4f72,3289,2.162393,0.097308,0.045000
z_0250_700.884170.png,#2e4053,296,0.194609,0.008757,0.045000
z_0250_700.884170.png,#2ecc71,257,0.168968,0.007604,0.045000
z_0250_700.884170.png,#3b3b98,5269,3.464168,0.155888,0.045000
z_0250_700.884170.png,#45b39d,2057,1.352400,0.060858,0.045000
z_0250_700.884170.png,#48c9b0,2256,1.483235,0.066746,0.045000
z_0250_700.884170.png,#4a235a,2551,1.677186,0.075473,0.045000
z_0250_700.884170.png,#52be80,732,0.481262,0.021657,0.045000
z_0250_700.884170.png,#5499c7,668,0.439185,0.019763,0.045000
z_0250_700.884170.png,#82e0aa,2397,1.575937,0.070917,0.045000
z_0250_700.884170.png,#85c1e9,1397,0.918475,0.041331,0.045000
z_0250_700.884170.png,#922b21,271,0.178172,0.008018,0.045000
z_0250_700.884170.png,#9a7d0a,2257,1.483892,0.066775,0.045000
z_0250_700.884170.png,#a2d9ce,14,0.009204,0.000414,0.045000
z_0250_700.884170.png,#a3e4d7,745,0.489809,0.022041,0.045000
z_0250_700.884170.png,#a9cce3,7343,4.827745,0.217249,0.045000
z_0250_700.884170.png,#af601a,178,0.117028,0.005266,0.045000
z_0250_700.884170.png,#af7ac5,4013,2.638396,0.118728,0.045000
z_0250_700.884170.png,#b9770e,298,0.195924,0.008817,0.045000
z_0250_700.884170.png,#bb8fce,280,0.184089,0.008284,0.045000
z_0250_700.884170.png,#d2b4de,1368,0.899408,0.040473,0.045000
z_0250_700.884170.png,#d35400,67,0.044050,0.001982,0.045000
z_0250_700.884170.png,#e74c3c,439,0.288626,0.012988,0.045000
z_0250_700.884170.png,#edbb99,319,0.209730,0.009438,0.045000
z_0250_700.884170.png,#f1948a,3488,2.293228,0.103195,0.045000
z_0250_700.884170.png,#f58231,536,0.352400,0.015858,0.045000
z_0250_700.884170.png,#f7dc6f,85,0.055884,0.002515,0.045000
z_0251_701.895753.png,#0e6251,343,0.225510,0.010148,0.045000
z_0251_701.895753.png,#117a65,1803,1.185404,0.053343,0.045000
z_0251_701.895753.png,#145a32,3815,2.508218,0.112870,0.045000
z_0251_701.895753.png,#196f3d,3152,2.072321,0.093254,0.045000
z_0251_701.895753.png,#1b4f72,3317,2.180802,0.098136,0.045000
z_0251_701.895753.png,#2e4053,268,0.176200,0.007929,0.045000
z_0251_701.895753.png,#2ecc71,288,0.189349,0.008521,0.045000
z_0251_701.895753.png,#3b3b98,4802,3.157133,0.142071,0.045000
z_0251_701.895753.png,#45b39d,1981,1.302433,0.058609,0.045000
z_0251_701.895753.png,#48c9b0,2376,1.562130,0.070296,0.045000
z_0251_701.895753.png,#4a235a,2731,1.795529,0.080799,0.045000
z_0251_701.895753.png,#52be80,729,0.479290,0.021568,0.045000
z_0251_701.895753.png,#5499c7,657,0.431953,0.019438,0.045000
z_0251_701.895753.png,#82e0aa,2426,1.595003,0.071775,0.045000
z_0251_701.895753.png,#85c1e9,1549,1.018409,0.045828,0.045000
z_0251_701.895753.png,#922b21,244,0.160421,0.007219,0.045000
z_0251_701.895753.png,#9a7d0a,2285,1.502301,0.067604,0.045000
z_0251_701.895753.png,#a2d9ce,27,0.017751,0.000799,0.045000
z_0251_701.895753.png,#a3e4d7,963,0.633136,0.028491,0.045000
z_0251_701.895753.png,#a9cce3,7762,5.103222,0.229645,0.045000
z_0251_701.895753.png,#af7ac5,4104,2.698225,0.121420,0.045000
z_0251_701.895753.png,#b9770e,262,0.172255,0.007751,0.045000
z_0251_701.895753.png,#bb8fce,261,0.171598,0.007722,0.045000
z_0251_701.895753.png,#d2b4de,1417,0.931624,0.041923,0.045000
z_0251_701.895753.png,#d35400,51,0.033531,0.001509,0.045000
z_0251_701.895753.png,#e74c3c,468,0.307692,0.013846,0.045000
z_0251_701.895753.png,#edbb99,269,0.176857,0.007959,0.045000
z_0251_701.895753.png,#f1948a,3990,2.623274,0.118047,0.045000
z_0251_701.895753.png,#f58231,512,0.336621,0.015148,0.045000
z_0251_701.895753.png,#f7dc6f,133,0.087442,0.003935,0.045000
z_0252_702.907336.png,#0e6251,323,0.212360,0.009556,0.045000
z_0252_702.907336.png,#117a65,1868,1.228139,0.055266,0.045000
z_0252_702.907336.png,#145a32,4078,2.681131,0.120651,0.045000
z_0252_702.907336.png,#196f3d,3360,2.209073,0.099408,0.045000
z_0252_702.907336.png,#1b4f72,3279,2.155819,0.097012,0.045000
z_0252_702.907336.png,#2e4053,243,0.159763,0.007189,0.045000
z_0252_702.907336.png,#2ecc71,328,0.215648,0.009704,0.045000
z_0252_702.907336.png,#3b3b98,4197,2.759369,0.124172,0.045000
z_0252_702.907336.png,#45b39d,1996,1.312295,0.059053,0.045000
z_0252_702.907336.png,#48c9b0,2450,1.610782,0.072485,0.045000
z_0252_702.907336.png,#4a235a,2849,1.873110,0.084290,0.045000
z_0252_702.907336.png,#52be80,654,0.429980,0.019349,0.045000
z_0252_702.907336.png,#5499c7,666,0.437870,0.019704,0.045000
z_0252_702.907336.png,#82e0aa,2431,1.598291,0.071923,0.045000
z_0252_702.907336.png,#85c1e9,1574,1.034845,0.046568,0.045000
z_0252_702.907336.png,#922b21,217,0.142669,0.006420,0.045000
z_0252_702.907336.png,#9a7d0a,2335,1.535174,0.069083,0.045000
z_0252_702.907336.png,#a2d9ce,25,0.016437,0.000740,0.045000
z_0252_702.907336.png,#a3e4d7,1097,0.721236,0.032456,0.045000
z_0252_702.907336.png,#a9cce3,8423,5.537804,0.249201,0.045000
z_0252_702.907336.png,#af7ac5,3932,2.585141,0.116331,0.045000
z_0252_702.907336.png,#b9770e,252,0.165680,0.007456,0.045000
z_0252_702.907336.png,#bb8fce,241,0.158448,0.007130,0.045000
z_0252_702.907336.png,#d2b4de,1406,0.924392,0.041598,0.045000
z_0252_702.907336.png,#d35400,54,0.035503,0.001598,0.045000
z_0252_702.907336.png,#e74c3c,508,0.333991,0.015030,0.045000
z_0252_702.907336.png,#edbb99,174,0.114398,0.005148,0.045000
z_0252_702.907336.png,#f1948a,4151,2.729126,0.122811,0.045000
z_0252_702.907336.png,#f58231,519,0.341223,0.015355,0.045000
z_0252_702.907336.png,#f7dc6f,123,0.080868,0.003639,0.045000
z_0253_703.918919.png,#0e6251,332,0.218277,0.009822,0.045000
z_0253_703.918919.png,#117a65,1868,1.228139,0.055266,0.045000
z_0253_703.918919.png,#145a32,4230,2.781065,0.125148,0.045000
z_0253_703.918919.png,#196f3d,3410,2.241946,0.100888,0.045000
z_0253_703.918919.png,#1b4f72,3225,2.120316,0.095414,0.045000
z_0253_703.918919.png,#2e4053,267,0.175542,0.007899,0.045000
z_0253_703.918919.png,#2ecc71,325,0.213675,0.009615,0.045000
z_0253_703.918919.png,#3b3b98,3391,2.229454,0.100325,0.045000
z_0253_703.918919.png,#45b39d,2052,1.349112,0.060710,0.045000
z_0253_703.918919.png,#48c9b0,2505,1.646943,0.074112,0.045000
z_0253_703.918919.png,#4a235a,2847,1.871795,0.084231,0.045000
z_0253_703.918919.png,#52be80,651,0.428008,0.019260,0.045000
z_0253_703.918919.png,#5499c7,672,0.441815,0.019882,0.045000
z_0253_703.918919.png,#82e0aa,2517,1.654832,0.074467,0.045000
z_0253_703.918919.png,#85c1e9,1476,0.970414,0.043669,0.045000
z_0253_703.918919.png,#922b21,178,0.117028,0.005266,0.045000
z_0253_703.918919.png,#9a7d0a,2405,1.581197,0.071154,0.045000
z_0253_703.918919.png,#a2d9ce,23,0.015122,0.000680,0.045000
z_0253_703.918919.png,#a3e4d7,1155,0.759369,0.034172,0.045000
z_0253_703.918919.png,#a9cce3,9251,6.082183,0.273698,0.045000
z_0253_703.918919.png,#af7ac5,3462,2.276134,0.102426,0.045000
z_0253_703.918919.png,#b9770e,232,0.152531,0.006864,0.045000
z_0253_703.918919.png,#bb8fce,224,0.147272,0.006627,0.045000
z_0253_703.918919.png,#d2b4de,1396,0.917817,0.041302,0.045000
z_0253_703.918919.png,#d35400,51,0.033531,0.001509,0.045000
z_0253_703.918919.png,#e74c3c,518,0.340565,0.015325,0.045000
z_0253_703.918919.png,#edbb99,154,0.101249,0.004556,0.045000
z_0253_703.918919.png,#f1948a,4243,2.789612,0.125533,0.045000
z_0253_703.918919.png,#f58231,529,0.347798,0.015651,0.045000
z_0253_703.918919.png,#f7dc6f,102,0.067061,0.003018,0.045000
z_0254_704.930502.png,#0e6251,4204,2.763971,0.124379,0.045000
z_0254_704.930502.png,#117a65,1909,1.255095,0.056479,0.045000
z_0254_704.930502.png,#145a32,4057,2.667324,0.120030,0.045000
z_0254_704.930502.png,#196f3d,3509,2.307035,0.103817,0.045000
z_0254_704.930502.png,#1b4f72,3114,2.047337,0.092130,0.045000
z_0254_704.930502.png,#2e4053,267,0.175542,0.007899,0.045000
z_0254_704.930502.png,#2ecc71,339,0.222880,0.010030,0.045000
z_0254_704.930502.png,#3b3b98,2702,1.776463,0.079941,0.045000
z_0254_704.930502.png,#45b39d,2016,1.325444,0.059645,0.045000
z_0254_704.930502.png,#48c9b0,2608,1.714661,0.077160,0.045000
z_0254_704.930502.png,#4a235a,2779,1.827087,0.082219,0.045000
z_0254_704.930502.png,#52be80,770,0.506246,0.022781,0.045000
z_0254_704.930502.png,#5499c7,707,0.464826,0.020917,0.045000
z_0254_704.930502.png,#82e0aa,2577,1.694280,0.076243,0.045000
z_0254_704.930502.png,#85c1e9,1399,0.919790,0.041391,0.045000
z_0254_704.930502.png,#922b21,160,0.105194,0.004734,0.045000
z_0254_704.930502.png,#9a7d0a,2564,1.685733,0.075858,0.045000
z_0254_704.930502.png,#a2d9ce,12,0.007890,0.000355,0.045000
z_0254_704.930502.png,#a3e4d7,1175,0.772518,0.034763,0.045000
z_0254_704.930502.png,#a9cce3,9983,6.563445,0.295355,0.045000
z_0254_704.930502.png,#af7ac5,2767,1.819198,0.081864,0.045000
z_0254_704.930502.png,#b9770e,234,0.153846,0.006923,0.045000
z_0254_704.930502.png,#bb8fce,218,0.143327,0.006450,0.045000
z_0254_704.930502.png,#d2b4de,1373,0.902696,0.040621,0.045000
z_0254_704.930502.png,#d35400,45,0.029586,0.001331,0.045000
z_0254_704.930502.png,#e74c3c,464,0.305062,0.013728,0.045000
z_0254_704.930502.png,#edbb99,217,0.142669,0.006420,0.045000
z_0254_704.930502.png,#f1948a,4216,2.771861,0.124734,0.045000
z_0254_704.930502.png,#f58231,529,0.347798,0.015651,0.045000
z_0254_704.930502.png,#f7dc6f,129,0.084813,0.003817,0.045000
z_0255_705.942085.png,#0e6251,4204,2.763971,0.124379,0.045000
z_0255_705.942085.png,#117a65,1909,1.255095,0.056479,0.045000
z_0255_705.942085.png,#145a32,4057,2.667324,0.120030,0.045000
z_0255_705.942085.png,#196f3d,3509,2.307035,0.103817,0.045000
z_0255_705.942085.png,#1b4f72,3114,2.047337,0.092130,0.045000
z_0255_705.942085.png,#2e4053,267,0.175542,0.007899,0.045000
z_0255_705.942085.png,#2ecc71,339,0.222880,0.010030,0.045000
z_0255_705.942085.png,#3b3b98,2702,1.776463,0.079941,0.045000
z_0255_705.942085.png,#45b39d,2016,1.325444,0.059645,0.045000
z_0255_705.942085.png,#48c9b0,2608,1.714661,0.077160,0.045000
z_0255_705.942085.png,#4a235a,2779,1.827087,0.082219,0.045000
z_0255_705.942085.png,#52be80,770,0.506246,0.022781,0.045000
z_0255_705.942085.png,#5499c7,707,0.464826,0.020917,0.045000
z_0255_705.942085.png,#82e0aa,2577,1.694280,0.076243,0.045000
z_0255_705.942085.png,#85c1e9,1399,0.919790,0.041391,0.045000
z_0255_705.942085.png,#922b21,160,0.105194,0.004734,0.045000
z_0255_705.942085.png,#9a7d0a,2564,1.685733,0.075858,0.045000
z_0255_705.942085.png,#a2d9ce,12,0.007890,0.000355,0.045000
z_0255_705.942085.png,#a3e4d7,1175,0.772518,0.034763,0.045000
z_0255_705.942085.png,#a9cce3,9983,6.563445,0.295355,0.045000
z_0255_705.942085.png,#af7ac5,2767,1.819198,0.081864,0.045000
z_0255_705.942085.png,#b9770e,234,0.153846,0.006923,0.045000
z_0255_705.942085.png,#bb8fce,218,0.143327,0.006450,0.045000
z_0255_705.942085.png,#d2b4de,1373,0.902696,0.040621,0.045000
z_0255_705.942085.png,#d35400,45,0.029586,0.001331,0.045000
z_0255_705.942085.png,#e74c3c,464,0.305062,0.013728,0.045000
z_0255_705.942085.png,#edbb99,217,0.142669,0.006420,0.045000
z_0255_705.942085.png,#f1948a,4216,2.771861,0.124734,0.045000
z_0255_705.942085.png,#f58231,529,0.347798,0.015651,0.045000
z_0255_705.942085.png,#f7dc6f,129,0.084813,0.003817,0.045000
z_0256_706.953668.png,#0e6251,377,0.247863,0.011154,0.045000
z_0256_706.953668.png,#117a65,1989,1.307692,0.058846,0.045000
z_0256_706.953668.png,#145a32,4576,3.008547,0.135385,0.045000
z_0256_706.953668.png,#196f3d,3795,2.495069,0.112278,0.045000
z_0256_706.953668.png,#1b4f72,2865,1.883629,0.084763,0.045000
z_0256_706.953668.png,#2e4053,304,0.199869,0.008994,0.045000
z_0256_706.953668.png,#2ecc71,384,0.252465,0.011361,0.045000
z_0256_706.953668.png,#3b3b98,1294,0.850756,0.038284,0.045000
z_0256_706.953668.png,#45b39d,1763,1.159106,0.052160,0.045000
z_0256_706.953668.png,#48c9b0,3039,1.998028,0.089911,0.045000
z_0256_706.953668.png,#4a235a,2453,1.612755,0.072574,0.045000
z_0256_706.953668.png,#52be80,1249,0.821170,0.036953,0.045000
z_0256_706.953668.png,#5499c7,766,0.503616,0.022663,0.045000
z_0256_706.953668.png,#82e0aa,2538,1.668639,0.075089,0.045000
z_0256_706.953668.png,#85c1e9,1135,0.746220,0.033580,0.045000
z_0256_706.953668.png,#922b21,126,0.082840,0.003728,0.045000
z_0256_706.953668.png,#9a7d0a,2658,1.747535,0.078639,0.045000
z_0256_706.953668.png,#a2d9ce,12,0.007890,0.000355,0.045000
z_0256_706.953668.png,#a3e4d7,1166,0.766601,0.034497,0.045000
z_0256_706.953668.png,#a9cce3,11087,7.289283,0.328018,0.045000
z_0256_706.953668.png,#af7ac5,1995,1.311637,0.059024,0.045000
z_0256_706.953668.png,#b9770e,220,0.144642,0.006509,0.045000
z_0256_706.953668.png,#bb8fce,291,0.191321,0.008609,0.045000
z_0256_706.953668.png,#d2b4de,1418,0.932281,0.041953,0.045000
z_0256_706.953668.png,#d35400,62,0.040763,0.001834,0.045000
z_0256_706.953668.png,#e74c3c,295,0.193951,0.008728,0.045000
z_0256_706.953668.png,#edbb99,515,0.338593,0.015237,0.045000
z_0256_706.953668.png,#f1948a,4531,2.978961,0.134053,0.045000
z_0256_706.953668.png,#f58231,582,0.382643,0.017219,0.045000
z_0256_706.953668.png,#f7dc6f,166,0.109139,0.004911,0.045000
z_0257_707.965251.png,#0e6251,366,0.240631,0.010828,0.045000
z_0257_707.965251.png,#117a65,1992,1.309665,0.058935,0.045000
z_0257_707.965251.png,#145a32,3991,2.623932,0.118077,0.045000
z_0257_707.965251.png,#196f3d,3750,2.465483,0.110947,0.045000
z_0257_707.965251.png,#1b4f72,2684,1.764629,0.079408,0.045000
z_0257_707.965251.png,#2e4053,438,0.287968,0.012959,0.045000
z_0257_707.965251.png,#2ecc71,387,0.254438,0.011450,0.045000
z_0257_707.965251.png,#3b3b98,936,0.615385,0.027692,0.045000
z_0257_707.965251.png,#45b39d,1599,1.051282,0.047308,0.045000
z_0257_707.965251.png,#48c9b0,3368,2.214333,0.099645,0.045000
z_0257_707.965251.png,#4a235a,1881,1.236686,0.055651,0.045000
z_0257_707.965251.png,#52be80,766,0.503616,0.022663,0.045000
z_0257_707.965251.png,#5499c7,721,0.474030,0.021331,0.045000
z_0257_707.965251.png,#82e0aa,2457,1.615385,0.072692,0.045000
z_0257_707.965251.png,#85c1e9,1051,0.690993,0.031095,0.045000
z_0257_707.965251.png,#922b21,112,0.073636,0.003314,0.045000
z_0257_707.965251.png,#9a7d0a,2639,1.735043,0.078077,0.045000
z_0257_707.965251.png,#a2d9ce,24,0.015779,0.000710,0.045000
z_0257_707.965251.png,#a3e4d7,1037,0.681788,0.030680,0.045000
z_0257_707.965251.png,#a9cce3,11424,7.510848,0.337988,0.045000
z_0257_707.965251.png,#af7ac5,1634,1.074293,0.048343,0.045000
z_0257_707.965251.png,#b9770e,190,0.124918,0.005621,0.045000
z_0257_707.965251.png,#bb8fce,298,0.195924,0.008817,0.045000
z_0257_707.965251.png,#d2b4de,1403,0.922419,0.041509,0.045000
z_0257_707.965251.png,#d35400,52,0.034188,0.001538,0.045000
z_0257_707.965251.png,#e74c3c,244,0.160421,0.007219,0.045000
z_0257_707.965251.png,#edbb99,615,0.404339,0.018195,0.045000
z_0257_707.965251.png,#f1948a,4650,3.057199,0.137574,0.045000
z_0257_707.965251.png,#f58231,587,0.385930,0.017367,0.045000
z_0257_707.965251.png,#f7dc6f,181,0.119001,0.005355,0.045000
z_0258_708.976834.png,#0e6251,355,0.233399,0.010503,0.045000
z_0258_708.976834.png,#117a65,1936,1.272847,0.057278,0.045000
z_0258_708.976834.png,#145a32,3582,2.355030,0.105976,0.045000
z_0258_708.976834.png,#196f3d,3810,2.504931,0.112722,0.045000
z_0258_708.976834.png,#1b4f72,2505,1.646943,0.074112,0.045000
z_0258_708.976834.png,#2e4053,529,0.347798,0.015651,0.045000
z_0258_708.976834.png,#2ecc71,443,0.291256,0.013107,0.045000
z_0258_708.976834.png,#3b3b98,573,0.376726,0.016953,0.045000
z_0258_708.976834.png,#45b39d,1430,0.940171,0.042308,0.045000
z_0258_708.976834.png,#48c9b0,3740,2.458909,0.110651,0.045000
z_0258_708.976834.png,#4a235a,1578,1.037475,0.046686,0.045000
z_0258_708.976834.png,#52be80,801,0.526627,0.023698,0.045000
z_0258_708.976834.png,#5499c7,682,0.448389,0.020178,0.045000
z_0258_708.976834.png,#82e0aa,2317,1.523340,0.068550,0.045000
z_0258_708.976834.png,#85c1e9,934,0.614070,0.027633,0.045000
z_0258_708.976834.png,#922b21,146,0.095989,0.004320,0.045000
z_0258_708.976834.png,#9a7d0a,2636,1.733070,0.077988,0.045000
z_0258_708.976834.png,#a2d9ce,35,0.023011,0.001036,0.045000
z_0258_708.976834.png,#a3e4d7,960,0.631164,0.028402,0.045000
z_0258_708.976834.png,#a9cce3,11525,7.577252,0.340976,0.045000
z_0258_708.976834.png,#af7ac5,1515,0.996055,0.044822,0.045000
z_0258_708.976834.png,#b9770e,154,0.101249,0.004556,0.045000
z_0258_708.976834.png,#bb8fce,321,0.211045,0.009497,0.045000
z_0258_708.976834.png,#d2b4de,1378,0.905983,0.040769,0.045000
z_0258_708.976834.png,#d35400,67,0.044050,0.001982,0.045000
z_0258_708.976834.png,#e74c3c,264,0.173570,0.007811,0.045000
z_0258_708.976834.png,#edbb99,678,0.445759,0.020059,0.045000
z_0258_708.976834.png,#f1948a,4642,3.051940,0.137337,0.045000
z_0258_708.976834.png,#f58231,565,0.371466,0.016716,0.045000
z_0258_708.976834.png,#f7dc6f,132,0.086785,0.003905,0.045000
z_0259_709.988417.png,#0e6251,352,0.231427,0.010414,0.045000
z_0259_709.988417.png,#117a65,1918,1.261012,0.056746,0.045000
z_0259_709.988417.png,#145a32,3786,2.489152,0.112012,0.045000
z_0259_709.988417.png,#196f3d,3818,2.510191,0.112959,0.045000
z_0259_709.988417.png,#1b4f72,2247,1.477318,0.066479,0.045000
z_0259_709.988417.png,#2e4053,634,0.416831,0.018757,0.045000
z_0259_709.988417.png,#2ecc71,504,0.331361,0.014911,0.045000
z_0259_709.988417.png,#3b3b98,411,0.270217,0.012160,0.045000
z_0259_709.988417.png,#45b39d,1218,0.800789,0.036036,0.045000
z_0259_709.988417.png,#48c9b0,4135,2.718606,0.122337,0.045000
z_0259_709.988417.png,#4a235a,1274,0.837607,0.037692,0.045000
z_0259_709.988417.png,#52be80,715,0.470085,0.021154,0.045000
z_0259_709.988417.png,#5499c7,682,0.448389,0.020178,0.045000
z_0259_709.988417.png,#82e0aa,2066,1.358317,0.061124,0.045000
z_0259_709.988417.png,#85c1e9,720,0.473373,0.021302,0.045000
z_0259_709.988417.png,#922b21,209,0.137410,0.006183,0.045000
z_0259_709.988417.png,#9a7d0a,2741,1.802104,0.081095,0.045000
z_0259_709.988417.png,#a2d9ce,15,0.009862,0.000444,0.045000
z_0259_709.988417.png,#a3e4d7,672,0.441815,0.019882,0.045000
z_0259_709.988417.png,#a9cce3,11088,7.289941,0.328047,0.045000
z_0259_709.988417.png,#af7ac5,1200,0.788955,0.035503,0.045000
z_0259_709.988417.png,#b9770e,161,0.105851,0.004763,0.045000
z_0259_709.988417.png,#bb8fce,352,0.231427,0.010414,0.045000
z_0259_709.988417.png,#d2b4de,1282,0.842867,0.037929,0.045000
z_0259_709.988417.png,#e74c3c,282,0.185404,0.008343,0.045000
z_0259_709.988417.png,#edbb99,823,0.541091,0.024349,0.045000
z_0259_709.988417.png,#f1948a,4673,3.072321,0.138254,0.045000
z_0259_709.988417.png,#f58231,564,0.370809,0.016686,0.045000
z_0259_709.988417.png,#f7dc6f,77,0.050625,0.002278,0.045000
z_0260_711.000000.png,#0e6251,371,0.243918,0.010976,0.045000
z_0260_711.000000.png,#117a65,1835,1.206443,0.054290,0.045000
z_0260_711.000000.png,#145a32,2786,1.831690,0.082426,0.045000
z_0260_711.000000.png,#196f3d,3772,2.479947,0.111598,0.045000
z_0260_711.000000.png,#1b4f72,2090,1.374096,0.061834,0.045000
z_0260_711.000000.png,#2e4053,667,0.438527,0.019734,0.045000
z_0260_711.000000.png,#2ecc71,536,0.352400,0.015858,0.045000
z_0260_711.000000.png,#3b3b98,379,0.249178,0.011213,0.045000
z_0260_711.000000.png,#45b39d,1108,0.728468,0.032781,0.045000
z_0260_711.000000.png,#48c9b0,4362,2.867850,0.129053,0.045000
z_0260_711.000000.png,#4a235a,949,0.623932,0.028077,0.045000
z_0260_711.000000.png,#52be80,704,0.462853,0.020828,0.045000
z_0260_711.000000.png,#5499c7,585,0.384615,0.017308,0.045000
z_0260_711.000000.png,#82e0aa,1801,1.184089,0.053284,0.045000
z_0260_711.000000.png,#85c1e9,750,0.493097,0.022189,0.045000
z_0260_711.000000.png,#922b21,296,0.194609,0.008757,0.045000
z_0260_711.000000.png,#9a7d0a,2671,1.756082,0.079024,0.045000
z_0260_711.000000.png,#a2d9ce,21,0.013807,0.000621,0.045000
z_0260_711.000000.png,#a3e4d7,432,0.284024,0.012781,0.045000
z_0260_711.000000.png,#a9cce3,10397,6.835634,0.307604,0.045000
z_0260_711.000000.png,#af7ac5,1240,0.815253,0.036686,0.045000
z_0260_711.000000.png,#b9770e,133,0.087442,0.003935,0.045000
z_0260_711.000000.png,#bb8fce,358,0.235371,0.010592,0.045000
z_0260_711.000000.png,#d2b4de,1166,0.766601,0.034497,0.045000
z_0260_711.000000.png,#e74c3c,290,0.190664,0.008580,0.045000
z_0260_711.000000.png,#edbb99,984,0.646943,0.029112,0.045000
z_0260_711.000000.png,#f1948a,4670,3.070348,0.138166,0.045000
z_0260_711.000000.png,#f58231,586,0.385273,0.017337,0.045000
z_0260_711.000000.png,#f7dc6f,66,0.043393,0.001953,0.045000
