slice_file,color_hex,blob_count,perimeter_px,perimeter_um,slice_area_um2,slice_thickness_um
z_0001_449.000000.png,#0e6251,1,152.710678,5.206046,0.208242,0.040000
z_0001_449.000000.png,#1b4f72,1,27.556349,0.939421,0.037577,0.040000
z_0001_449.000000.png,#2ecc71,2,266.752309,9.093829,0.363753,0.040000
z_0001_449.000000.png,#4a235a,4,264.793939,9.027066,0.361083,0.040000
z_0001_449.000000.png,#512e5f,3,149.438600,5.094498,0.203780,0.040000
z_0001_449.000000.png,#52be80,2,279.663997,9.534000,0.381360,0.040000
z_0001_449.000000.png,#5499c7,2,269.036580,9.171702,0.366868,0.040000
z_0001_449.000000.png,#7b241c,1,171.095454,5.832800,0.233312,0.040000
z_0001_449.000000.png,#82e0aa,1,91.840620,3.130930,0.125237,0.040000
z_0001_449.000000.png,#9a7d0a,1,151.681241,5.170951,0.206838,0.040000
z_0001_449.000000.png,#a3e4d7,1,65.556349,2.234876,0.089395,0.040000
z_0001_449.000000.png,#a9cce3,4,19.313708,0.658422,0.026337,0.040000
z_0001_449.000000.png,#d2b4de,2,108.325902,3.692928,0.147717,0.040000
z_0001_449.000000.png,#e59866,3,193.722871,6.604189,0.264168,0.040000
z_0001_449.000000.png,#f1948a,1,66.284271,2.259691,0.090388,0.040000
z_0001_449.000000.png,#f7dc6f,2,134.710678,4.592409,0.183696,0.040000
z_0001_449.000000.png,#f8c471,1,51.213203,1.745905,0.069836,0.040000
z_0001_449.000000.png,#fad7a0,2,151.539105,5.166106,0.206644,0.040000
z_0002_450.011583.png,#0e6251,1,153.882251,5.245986,0.209839,0.040000
z_0002_450.011583.png,#1b4f72,2,362.232539,12.348837,0.493953,0.040000
z_0002_450.011583.png,#2ecc71,2,268.308658,9.146886,0.365875,0.040000
z_0002_450.011583.png,#4a235a,4,264.350288,9.011942,0.360478,0.040000
z_0002_450.011583.png,#512e5f,3,152.852814,5.210891,0.208436,0.040000
z_0002_450.011583.png,#52be80,2,282.391919,9.626997,0.385080,0.040000
z_0002_450.011583.png,#5499c7,2,265.379726,9.047036,0.361881,0.040000
z_0002_450.011583.png,#7b241c,1,167.338095,5.704708,0.228188,0.040000
z_0002_450.011583.png,#82e0aa,1,90.183766,3.074447,0.122978,0.040000
z_0002_450.011583.png,#9a7d0a,1,153.195959,5.222590,0.208904,0.040000
z_0002_450.011583.png,#a3e4d7,1,59.798990,2.038602,0.081544,0.040000
z_0002_450.011583.png,#a9cce3,4,15.313708,0.522058,0.020882,0.040000
z_0002_450.011583.png,#d2b4de,2,109.497475,3.732868,0.149315,0.040000
z_0002_450.011583.png,#e59866,3,190.551299,6.496067,0.259843,0.040000
z_0002_450.011583.png,#f1948a,1,76.426407,2.605446,0.104218,0.040000
z_0002_450.011583.png,#f7dc6f,3,118.710678,4.046955,0.161878,0.040000
z_0002_450.011583.png,#f8c471,1,50.627417,1.725935,0.069037,0.040000
z_0002_450.011583.png,#fad7a0,2,153.882251,5.245986,0.209839,0.040000
z_0003_451.023166.png,#0e6251,1,151.396970,5.161260,0.206450,0.040000
z_0003_451.023166.png,#1b4f72,2,363.646753,12.397048,0.495882,0.040000
z_0003_451.023166.png,#2ecc71,2,270.651804,9.226766,0.369071,0.040000
z_0003_451.023166.png,#4a235a,3,267.421356,9.116637,0.364665,0.040000
z_0003_451.023166.png,#512e5f,3,160.610173,5.475347,0.219014,0.040000
z_0003_451.023166.png,#52be80,2,281.563492,9.598755,0.383950,0.040000
z_0003_451.023166.png,#5499c7,2,271.521861,9.256427,0.370257,0.040000
z_0003_451.023166.png,#7b241c,1,169.681241,5.784588,0.231384,0.040000
z_0003_451.023166.png,#82e0aa,1,90.426407,3.082718,0.123309,0.040000
z_0003_451.023166.png,#9a7d0a,1,152.610173,5.202620,0.208105,0.040000
z_0003_451.023166.png,#a3e4d7,1,57.798990,1.970420,0.078817,0.040000
z_0003_451.023166.png,#a9cce3,6,24.970563,0.851269,0.034051,0.040000
z_0003_451.023166.png,#d2b4de,2,110.568542,3.769382,0.150775,0.040000
z_0003_451.023166.png,#e59866,3,196.066017,6.684069,0.267363,0.040000
z_0003_451.023166.png,#f1948a,2,85.497475,2.914687,0.116587,0.040000
z_0003_451.023166.png,#f7dc6f,2,64.769553,2.208053,0.088322,0.040000
z_0003_451.023166.png,#f8c471,1,51.213203,1.745905,0.069836,0.040000
z_0003_451.023166.png,#fad7a0,3,140.468037,4.788683,0.191547,0.040000
z_0004_452.034749.png,#0e6251,1,147.882251,5.041440,0.201658,0.040000
z_0004_452.034749.png,#1b4f72,2,354.918831,12.099506,0.483980,0.040000
z_0004_452.034749.png,#2ecc71,3,295.722871,10.081462,0.403258,0.040000
z_0004_452.034749.png,#4a235a,3,247.178716,8.426547,0.337062,0.040000
z_0004_452.034749.png,#512e5f,3,167.195959,5.699862,0.227994,0.040000
z_0004_452.034749.png,#52be80,3,272.149278,9.277816,0.371113,0.040000
z_0004_452.034749.png,#5499c7,3,263.865007,8.995398,0.359816,0.040000
z_0004_452.034749.png,#7b241c,1,161.095454,5.491890,0.219676,0.040000
z_0004_452.034749.png,#82e0aa,1,89.840620,3.062748,0.122510,0.040000
z_0004_452.034749.png,#9a7d0a,1,155.438600,5.299043,0.211962,0.040000
z_0004_452.034749.png,#a3e4d7,1,53.798990,1.834056,0.073362,0.040000
z_0004_452.034749.png,#a9cce3,7,39.798990,1.356784,0.054271,0.040000
z_0004_452.034749.png,#d2b4de,2,106.325902,3.624747,0.144990,0.040000
z_0004_452.034749.png,#e59866,5,214.551299,7.314249,0.292570,0.040000
z_0004_452.034749.png,#e74c3c,1,146.710678,5.001500,0.200060,0.040000
z_0004_452.034749.png,#f1948a,1,87.597980,2.986295,0.119452,0.040000
z_0004_452.034749.png,#f7dc6f,1,57.941125,1.975266,0.079011,0.040000
z_0004_452.034749.png,#f8c471,1,50.627417,1.725935,0.069037,0.040000
z_0004_452.034749.png,#fad7a0,2,113.740115,3.877504,0.155100,0.040000
z_0005_453.046332.png,#0e6251,1,155.781746,5.310741,0.212430,0.040000
z_0005_453.046332.png,#1b4f72,2,352.534055,12.018206,0.480728,0.040000
z_0005_453.046332.png,#2ecc71,3,325.421356,11.093910,0.443756,0.040000
z_0005_453.046332.png,#4a235a,3,243.178716,8.290183,0.331607,0.040000
z_0005_453.046332.png,#512e5f,3,159.781746,5.447105,0.217884,0.040000
z_0005_453.046332.png,#52be80,2,263.663997,8.988545,0.359542,0.040000
z_0005_453.046332.png,#5499c7,2,276.793939,9.436157,0.377446,0.040000
z_0005_453.046332.png,#7b241c,1,161.923882,5.520132,0.220805,0.040000
z_0005_453.046332.png,#82e0aa,1,91.012193,3.102688,0.124108,0.040000
z_0005_453.046332.png,#9a7d0a,1,156.610173,5.338983,0.213559,0.040000
z_0005_453.046332.png,#a3e4d7,1,50.727922,1.729361,0.069174,0.040000
z_0005_453.046332.png,#a9cce3,3,20.485281,0.698362,0.027934,0.040000
z_0005_453.046332.png,#d2b4de,2,107.154329,3.652988,0.146120,0.040000
z_0005_453.046332.png,#e59866,4,243.521861,8.301882,0.332075,0.040000
z_0005_453.046332.png,#e74c3c,1,145.639610,4.964987,0.198599,0.040000
z_0005_453.046332.png,#f1948a,1,90.669048,3.090990,0.123640,0.040000
z_0005_453.046332.png,#f7dc6f,1,50.526912,1.722508,0.068900,0.040000
z_0005_453.046332.png,#f8c471,1,48.627417,1.657753,0.066310,0.040000
z_0005_453.046332.png,#fad7a0,2,116.325902,3.965656,0.158626,0.040000
z_0006_454.057915.png,#0e6251,1,152.953319,5.214318,0.208573,0.040000
z_0006_454.057915.png,#1b4f72,2,349.462987,11.913511,0.476540,0.040000
z_0006_454.057915.png,#2ecc71,3,351.663997,11.988545,0.479542,0.040000
z_0006_454.057915.png,#4a235a,3,227.622366,7.759853,0.310394,0.040000
z_0006_454.057915.png,#512e5f,3,158.367532,5.398893,0.215956,0.040000
z_0006_454.057915.png,#52be80,2,255.279221,8.702701,0.348108,0.040000
z_0006_454.057915.png,#5499c7,2,269.137085,9.175128,0.367005,0.040000
z_0006_454.057915.png,#7b241c,1,160.267027,5.463649,0.218546,0.040000
z_0006_454.057915.png,#82e0aa,1,89.597980,3.054477,0.122179,0.040000
z_0006_454.057915.png,#9a7d0a,1,155.781746,5.310741,0.212430,0.040000
z_0006_454.057915.png,#a3e4d7,1,47.556349,1.621239,0.064850,0.040000
z_0006_454.057915.png,#a9cce3,5,18.142136,0.618482,0.024739,0.040000
z_0006_454.057915.png,#d2b4de,2,105.154329,3.584807,0.143392,0.040000
z_0006_454.057915.png,#e59866,5,251.622366,8.578035,0.343121,0.040000
z_0006_454.057915.png,#e74c3c,1,149.296465,5.089652,0.203586,0.040000
z_0006_454.057915.png,#f1948a,1,95.254834,3.247324,0.129893,0.040000
z_0006_454.057915.png,#f7dc6f,1,55.112698,1.878842,0.075154,0.040000
z_0006_454.057915.png,#f8c471,1,48.041631,1.637783,0.065511,0.040000
z_0006_454.057915.png,#fad7a0,2,116.911688,3.985626,0.159425,0.040000
z_0007_455.069498.png,#0e6251,1,153.539105,5.234288,0.209372,0.040000
z_0007_455.069498.png,#1b4f72,2,350.776695,11.958296,0.478332,0.040000
z_0007_455.069498.png,#2ecc71,3,353.078210,12.036757,0.481470,0.040000
z_0007_455.069498.png,#4a235a,3,228.208153,7.779823,0.311193,0.040000
z_0007_455.069498.png,#512e5f,3,158.367532,5.398893,0.215956,0.040000
z_0007_455.069498.png,#52be80,2,256.107648,8.730943,0.349238,0.040000
z_0007_455.069498.png,#5499c7,2,270.450793,9.219913,0.368797,0.040000
z_0007_455.069498.png,#7b241c,1,161.095454,5.491890,0.219676,0.040000
z_0007_455.069498.png,#82e0aa,1,89.597980,3.054477,0.122179,0.040000
z_0007_455.069498.png,#9a7d0a,1,155.781746,5.310741,0.212430,0.040000
z_0007_455.069498.png,#a3e4d7,1,47.556349,1.621239,0.064850,0.040000
z_0007_455.069498.png,#a9cce3,4,13.313708,0.453876,0.018155,0.040000
z_0007_455.069498.png,#d2b4de,2,106.568542,3.633018,0.145321,0.040000
z_0007_455.069498.png,#e59866,5,251.622366,8.578035,0.343121,0.040000
z_0007_455.069498.png,#e74c3c,1,149.296465,5.089652,0.203586,0.040000
z_0007_455.069498.png,#f1948a,1,96.083261,3.275566,0.131023,0.040000
z_0007_455.069498.png,#f7dc6f,1,55.941125,1.907084,0.076283,0.040000
z_0007_455.069498.png,#f8c471,1,48.041631,1.637783,0.065511,0.040000
z_0007_455.069498.png,#fad7a0,2,117.497475,4.005596,0.160224,0.040000
z_0008_456.081081.png,#0e6251,1,148.124892,5.049712,0.201988,0.040000
z_0008_456.081081.png,#1b4f72,2,353.119841,12.038176,0.481527,0.040000
z_0008_456.081081.png,#2ecc71,2,400.433550,13.651144,0.546046,0.040000
z_0008_456.081081.png,#4a235a,4,331.320851,11.295029,0.451801,0.040000
z_0008_456.081081.png,#512e5f,3,164.852814,5.619982,0.224799,0.040000
z_0008_456.081081.png,#52be80,1,255.279221,8.702701,0.348108,0.040000
z_0008_456.081081.png,#5499c7,2,252.208153,8.598005,0.343920,0.040000
z_0008_456.081081.png,#7b241c,1,154.953319,5.282500,0.211300,0.040000
z_0008_456.081081.png,#82e0aa,1,89.597980,3.054477,0.122179,0.040000
z_0008_456.081081.png,#9a7d0a,1,158.024387,5.387195,0.215488,0.040000
z_0008_456.081081.png,#a3e4d7,1,42.142136,1.436664,0.057467,0.040000
z_0008_456.081081.png,#a9cce3,5,36.142136,1.232118,0.049285,0.040000
z_0008_456.081081.png,#d2b4de,2,102.669048,3.500081,0.140003,0.040000
z_0008_456.081081.png,#e59866,4,265.279221,9.043610,0.361744,0.040000
z_0008_456.081081.png,#e74c3c,1,144.811183,4.936745,0.197470,0.040000
z_0008_456.081081.png,#f1948a,1,107.497475,3.664687,0.146587,0.040000
z_0008_456.081081.png,#f7dc6f,1,65.112698,2.219751,0.088790,0.040000
z_0008_456.081081.png,#f8c471,1,44.970563,1.533087,0.061323,0.040000
z_0008_456.081081.png,#fad7a0,2,118.568542,4.042109,0.161684,0.040000
z_0009_457.092664.png,#0e6251,1,146.124892,4.981530,0.199261,0.040000
z_0009_457.092664.png,#1b4f72,2,350.048773,11.933481,0.477339,0.040000
z_0009_457.092664.png,#2ecc71,2,398.090404,13.571264,0.542851,0.040000
z_0009_457.092664.png,#4a235a,4,324.149278,11.050544,0.442022,0.040000
z_0009_457.092664.png,#512e5f,3,170.509668,5.812830,0.232513,0.040000
z_0009_457.092664.png,#52be80,1,255.865007,8.722671,0.348907,0.040000
z_0009_457.092664.png,#5499c7,2,246.693434,8.410003,0.336400,0.040000
z_0009_457.092664.png,#7b241c,1,150.468037,5.129592,0.205184,0.040000
z_0009_457.092664.png,#82e0aa,1,90.769553,3.094417,0.123777,0.040000
z_0009_457.092664.png,#9a7d0a,1,158.166522,5.392041,0.215682,0.040000
z_0009_457.092664.png,#a3e4d7,1,44.384776,1.513117,0.060525,0.040000
z_0009_457.092664.png,#a9cce3,3,10.485281,0.357453,0.014298,0.040000
z_0009_457.092664.png,#d2b4de,2,98.083261,3.343748,0.133750,0.040000
z_0009_457.092664.png,#e59866,3,277.521861,9.460973,0.378439,0.040000
z_0009_457.092664.png,#e74c3c,1,145.740115,4.968413,0.198737,0.040000
z_0009_457.092664.png,#f1948a,1,115.154329,3.925716,0.157029,0.040000
z_0009_457.092664.png,#f7dc6f,1,86.769553,2.958053,0.118322,0.040000
z_0009_457.092664.png,#f8c471,1,44.384776,1.513117,0.060525,0.040000
z_0009_457.092664.png,#fad7a0,2,117.154329,3.993898,0.159756,0.040000
z_0010_458.104247.png,#0e6251,1,140.710678,4.796955,0.191878,0.040000
z_0010_458.104247.png,#1b4f72,2,333.705627,11.376328,0.455053,0.040000
z_0010_458.104247.png,#2ecc71,2,393.504617,13.414930,0.536597,0.040000
z_0010_458.104247.png,#4a235a,4,291.078210,9.923121,0.396925,0.040000
z_0010_458.104247.png,#512e5f,3,180.852814,6.165437,0.246617,0.040000
z_0010_458.104247.png,#52be80,1,252.450793,8.606277,0.344251,0.040000
z_0010_458.104247.png,#5499c7,2,241.279221,8.225428,0.329017,0.040000
z_0010_458.104247.png,#7b241c,1,149.053824,5.081380,0.203255,0.040000
z_0010_458.104247.png,#82e0aa,1,90.526912,3.086145,0.123446,0.040000
z_0010_458.104247.png,#9a7d0a,1,155.923882,5.315587,0.212623,0.040000
z_0010_458.104247.png,#a3e4d7,1,45.213203,1.541359,0.061654,0.040000
z_0010_458.104247.png,#a9cce3,1,6.828427,0.232787,0.009311,0.040000
z_0010_458.104247.png,#d2b4de,2,98.183766,3.347174,0.133887,0.040000
z_0010_458.104247.png,#e59866,3,291.320851,9.931393,0.397256,0.040000
z_0010_458.104247.png,#e74c3c,1,135.497475,4.619232,0.184769,0.040000
z_0010_458.104247.png,#f1948a,1,118.911688,4.053808,0.162152,0.040000
z_0010_458.104247.png,#f7dc6f,1,98.083261,3.343748,0.133750,0.040000
z_0010_458.104247.png,#f8c471,1,45.213203,1.541359,0.061654,0.040000
z_0010_458.104247.png,#fad7a0,2,116.083261,3.957384,0.158295,0.040000
z_0011_459.115830.png,#0e6251,1,137.882251,4.700531,0.188021,0.040000
z_0011_459.115830.png,#1b4f72,2,330.877200,11.279905,0.451196,0.040000
z_0011_459.115830.png,#2ecc71,2,384.575685,13.110535,0.524421,0.040000
z_0011_459.115830.png,#4a235a,5,269.421356,9.184819,0.367393,0.040000
z_0011_459.115830.png,#512e5f,3,192.166522,6.551131,0.262045,0.040000
z_0011_459.115830.png,#52be80,1,252.793939,8.617975,0.344719,0.040000
z_0011_459.115830.png,#5499c7,2,246.450793,8.401732,0.336069,0.040000
z_0011_459.115830.png,#7b241c,1,150.225397,5.121320,0.204853,0.040000
z_0011_459.115830.png,#82e0aa,1,93.840620,3.199112,0.127964,0.040000
z_0011_459.115830.png,#9a7d0a,1,152.852814,5.210891,0.208436,0.040000
z_0011_459.115830.png,#a3e4d7,1,42.627417,1.453207,0.058128,0.040000
z_0011_459.115830.png,#a9cce3,2,7.656854,0.261029,0.010441,0.040000
z_0011_459.115830.png,#d2b4de,2,94.426407,3.219082,0.128763,0.040000
z_0011_459.115830.png,#e59866,3,291.906638,9.951363,0.398055,0.040000
z_0011_459.115830.png,#e74c3c,1,137.740115,4.695686,0.187827,0.040000
z_0011_459.115830.png,#f1948a,2,127.154329,4.334807,0.173392,0.040000
z_0011_459.115830.png,#f7dc6f,2,110.568542,3.769382,0.150775,0.040000
z_0011_459.115830.png,#f8c471,2,71.597980,2.440840,0.097634,0.040000
z_0011_459.115830.png,#fad7a0,2,114.669048,3.909172,0.156367,0.040000
z_0012_460.127413.png,#0e6251,1,133.882251,4.564168,0.182567,0.040000
z_0012_460.127413.png,#1b4f72,2,320.291414,10.919025,0.436761,0.040000
z_0012_460.127413.png,#2ecc71,2,386.333044,13.170445,0.526818,0.040000
z_0012_460.127413.png,#4a235a,4,258.936075,8.827366,0.353095,0.040000
z_0012_460.127413.png,#512e5f,3,203.722871,6.945098,0.277804,0.040000
z_0012_460.127413.png,#52be80,1,242.894444,8.280492,0.331220,0.040000
z_0012_460.127413.png,#5499c7,2,241.279221,8.225428,0.329017,0.040000
z_0012_460.127413.png,#7b241c,1,147.396970,5.024897,0.200996,0.040000
z_0012_460.127413.png,#82e0aa,1,90.183766,3.074447,0.122978,0.040000
z_0012_460.127413.png,#922b21,1,13.071068,0.445605,0.017824,0.040000
z_0012_460.127413.png,#9a7d0a,1,151.438600,5.162680,0.206507,0.040000
z_0012_460.127413.png,#a3e4d7,1,39.798990,1.356784,0.054271,0.040000
z_0012_460.127413.png,#a9cce3,4,11.313708,0.385695,0.015428,0.040000
z_0012_460.127413.png,#d2b4de,2,91.012193,3.102688,0.124108,0.040000
z_0012_460.127413.png,#e59866,4,244.450793,8.333550,0.333342,0.040000
z_0012_460.127413.png,#e74c3c,1,136.911688,4.667444,0.186698,0.040000
z_0012_460.127413.png,#f1948a,1,130.710678,4.456046,0.178242,0.040000
z_0012_460.127413.png,#f7dc6f,2,115.396970,3.933988,0.157360,0.040000
z_0012_460.127413.png,#f8c471,2,83.597980,2.849931,0.113997,0.040000
z_0012_460.127413.png,#fad7a0,2,117.154329,3.993898,0.159756,0.040000
z_0013_461.138996.png,#0e6251,1,136.710678,4.660591,0.186424,0.040000
z_0013_461.138996.png,#1b4f72,4,297.421356,10.139364,0.405575,0.040000
z_0013_461.138996.png,#2ecc71,2,388.676190,13.250325,0.530013,0.040000
z_0013_461.138996.png,#4a235a,4,265.521861,9.051882,0.362075,0.040000
z_0013_461.138996.png,#512e5f,3,226.308658,7.715068,0.308603,0.040000
z_0013_461.138996.png,#52be80,1,236.409163,8.059403,0.322376,0.040000
z_0013_461.138996.png,#5499c7,2,233.279221,7.952701,0.318108,0.040000
z_0013_461.138996.png,#7b241c,1,144.811183,4.936745,0.197470,0.040000
z_0013_461.138996.png,#82e0aa,1,88.526912,3.017963,0.120719,0.040000
z_0013_461.138996.png,#922b21,1,18.485281,0.630180,0.025207,0.040000
z_0013_461.138996.png,#9a7d0a,1,149.195959,5.086226,0.203449,0.040000
z_0013_461.138996.png,#a3e4d7,1,41.213203,1.404996,0.056200,0.040000
z_0013_461.138996.png,#a9cce3,3,10.485281,0.357453,0.014298,0.040000
z_0013_461.138996.png,#d2b4de,2,89.840620,3.062748,0.122510,0.040000
z_0013_461.138996.png,#e59866,3,223.722871,7.626916,0.305077,0.040000
z_0013_461.138996.png,#e74c3c,1,138.568542,4.723928,0.188957,0.040000
z_0013_461.138996.png,#f1948a,1,135.781746,4.628923,0.185157,0.040000
z_0013_461.138996.png,#f7dc6f,2,117.154329,3.993898,0.159756,0.040000
z_0013_461.138996.png,#f8c471,2,88.183766,3.006265,0.120251,0.040000
z_0013_461.138996.png,#fad7a0,2,117.396970,4.002169,0.160087,0.040000
z_0014_462.150579.png,#0e6251,1,131.639610,4.487714,0.179509,0.040000
z_0014_462.150579.png,#1b4f72,2,285.178716,9.722002,0.388880,0.040000
z_0014_462.150579.png,#2ecc71,2,378.090404,12.889446,0.515578,0.040000
z_0014_462.150579.png,#4a235a,5,307.563492,10.485119,0.419405,0.040000
z_0014_462.150579.png,#512e5f,2,244.793939,8.345248,0.333810,0.040000
z_0014_462.150579.png,#52be80,1,226.994949,7.738464,0.309539,0.040000
z_0014_462.150579.png,#5499c7,2,226.308658,7.715068,0.308603,0.040000
z_0014_462.150579.png,#7b241c,1,140.811183,4.800381,0.192015,0.040000
z_0014_462.150579.png,#82e0aa,1,89.012193,3.034507,0.121380,0.040000
z_0014_462.150579.png,#922b21,1,20.485281,0.698362,0.027934,0.040000
z_0014_462.150579.png,#9a7d0a,1,149.781746,5.106196,0.204248,0.040000
z_0014_462.150579.png,#a3e4d7,1,43.213203,1.473177,0.058927,0.040000
z_0014_462.150579.png,#a9cce3,3,10.485281,0.357453,0.014298,0.040000
z_0014_462.150579.png,#d2b4de,2,90.911688,3.099262,0.123970,0.040000
z_0014_462.150579.png,#e59866,3,220.752309,7.525647,0.301026,0.040000
z_0014_462.150579.png,#e74c3c,1,136.811183,4.664018,0.186561,0.040000
z_0014_462.150579.png,#f7dc6f,3,115.740115,3.945686,0.157827,0.040000
z_0014_462.150579.png,#f8c471,2,92.769553,3.162598,0.126504,0.040000
z_0014_462.150579.png,#fad7a0,2,123.053824,4.195017,0.167801,0.040000
z_0015_463.162162.png,#0e6251,1,133.882251,4.564168,0.182567,0.040000
z_0015_463.162162.png,#1b4f72,2,269.622366,9.191672,0.367667,0.040000
z_0015_463.162162.png,#2ecc71,2,375.261977,12.793022,0.511721,0.040000
z_0015_463.162162.png,#4a235a,5,322.534055,10.995479,0.439819,0.040000
z_0015_463.162162.png,#512e5f,3,224.208153,7.643460,0.305738,0.040000
z_0015_463.162162.png,#52be80,1,228.066017,7.774978,0.310999,0.040000
z_0015_463.162162.png,#5499c7,2,221.379726,7.547036,0.301881,0.040000
z_0015_463.162162.png,#7b241c,1,140.811183,4.800381,0.192015,0.040000
z_0015_463.162162.png,#82e0aa,1,88.769553,3.026235,0.121049,0.040000
z_0015_463.162162.png,#922b21,2,34.727922,1.183906,0.047356,0.040000
z_0015_463.162162.png,#9a7d0a,1,150.024387,5.114468,0.204579,0.040000
z_0015_463.162162.png,#a3e4d7,1,44.627417,1.521389,0.060856,0.040000
z_0015_463.162162.png,#a9cce3,2,5.656854,0.192847,0.007714,0.040000
z_0015_463.162162.png,#d2b4de,2,88.426407,3.014537,0.120581,0.040000
z_0015_463.162162.png,#e59866,3,223.823376,7.630342,0.305214,0.040000
z_0015_463.162162.png,#e74c3c,1,131.497475,4.482868,0.179315,0.040000
z_0015_463.162162.png,#f7dc6f,3,117.740115,4.013868,0.160555,0.040000
z_0015_463.162162.png,#f8c471,2,94.769553,3.230780,0.129231,0.040000
z_0015_463.162162.png,#fad7a0,2,125.396970,4.274897,0.170996,0.040000
z_0016_464.173745.png,#0e6251,1,141.781746,4.833469,0.193339,0.040000
z_0016_464.173745.png,#1b4f72,2,259.137085,8.834219,0.353369,0.040000
z_0016_464.173745.png,#2ecc71,2,399.261977,13.611204,0.544448,0.040000
z_0016_464.173745.png,#4a235a,5,333.261977,11.361204,0.454448,0.040000
z_0016_464.173745.png,#512e5f,4,204.409163,6.968494,0.278740,0.040000
z_0016_464.173745.png,#52be80,1,228.066017,7.774978,0.310999,0.040000
z_0016_464.173745.png,#5499c7,2,221.965512,7.567006,0.302680,0.040000
z_0016_464.173745.png,#7b241c,1,131.639610,4.487714,0.179509,0.040000
z_0016_464.173745.png,#82e0aa,1,90.526912,3.086145,0.123446,0.040000
z_0016_464.173745.png,#922b21,2,59.941125,2.043447,0.081738,0.040000
z_0016_464.173745.png,#9a7d0a,1,146.024387,4.978104,0.199124,0.040000
z_0016_464.173745.png,#a3e4d7,1,49.698485,1.694267,0.067771,0.040000
z_0016_464.173745.png,#a9cce3,3,8.485281,0.289271,0.011571,0.040000
z_0016_464.173745.png,#d2b4de,2,89.254834,3.042778,0.121711,0.040000
z_0016_464.173745.png,#e59866,3,237.722871,8.104189,0.324168,0.040000
z_0016_464.173745.png,#e74c3c,1,131.740115,4.491140,0.179646,0.040000
z_0016_464.173745.png,#f1948a,1,2.828427,0.096424,0.003857,0.040000
z_0016_464.173745.png,#f7dc6f,3,117.154329,3.993898,0.159756,0.040000
z_0016_464.173745.png,#f8c471,2,97.355339,3.318932,0.132757,0.040000
z_0016_464.173745.png,#fad7a0,2,128.225397,4.371320,0.174853,0.040000
z_0017_465.185328.png,#0e6251,3,196.894444,6.712311,0.268492,0.040000
z_0017_465.185328.png,#1b4f72,2,262.793939,8.958884,0.358355,0.040000
z_0017_465.185328.png,#2ecc71,2,389.119841,13.265449,0.530618,0.040000
z_0017_465.185328.png,#4a235a,5,354.676190,12.091234,0.483649,0.040000
z_0017_465.185328.png,#512e5f,4,158.024387,5.387195,0.215488,0.040000
z_0017_465.185328.png,#52be80,1,234.793939,8.004339,0.320174,0.040000
z_0017_465.185328.png,#5499c7,2,209.480231,7.141372,0.285655,0.040000
z_0017_465.185328.png,#7b241c,1,125.053824,4.263199,0.170528,0.040000
z_0017_465.185328.png,#82e0aa,1,91.355339,3.114387,0.124575,0.040000
z_0017_465.185328.png,#922b21,2,75.012193,2.557234,0.102289,0.040000
z_0017_465.185328.png,#9a7d0a,1,147.438600,5.026316,0.201053,0.040000
z_0017_465.185328.png,#a3e4d7,1,50.284271,1.714237,0.068569,0.040000
z_0017_465.185328.png,#a9cce3,2,5.656854,0.192847,0.007714,0.040000
z_0017_465.185328.png,#d2b4de,2,88.426407,3.014537,0.120581,0.040000
z_0017_465.185328.png,#e59866,4,251.722871,8.581462,0.343258,0.040000
z_0017_465.185328.png,#e74c3c,1,130.325902,4.442928,0.177717,0.040000
z_0017_465.185328.png,#f7dc6f,3,110.568542,3.769382,0.150775,0.040000
z_0017_465.185328.png,#f8c471,2,100.183766,3.415356,0.136614,0.040000
z_0017_465.185328.png,#fad7a0,2,129.740115,4.422958,0.176918,0.040000
z_0018_466.196911.png,#0e6251,1,198.651804,6.772221,0.270889,0.040000
z_0018_466.196911.png,#1b4f72,2,251.137085,8.561492,0.342460,0.040000
z_0018_466.196911.png,#2ecc71,3,366.877200,12.507177,0.500287,0.040000
z_0018_466.196911.png,#4a235a,5,371.060967,12.649806,0.505992,0.040000
z_0018_466.196911.png,#512e5f,3,129.396970,4.411260,0.176450,0.040000
z_0018_466.196911.png,#52be80,1,227.965512,7.771552,0.310862,0.040000
z_0018_466.196911.png,#5499c7,2,189.823376,6.471251,0.258850,0.040000
z_0018_466.196911.png,#7b241c,1,121.882251,4.155077,0.166203,0.040000
z_0018_466.196911.png,#82e0aa,1,95.012193,3.239052,0.129562,0.040000
z_0018_466.196911.png,#922b21,2,85.497475,2.914687,0.116587,0.040000
z_0018_466.196911.png,#9a7d0a,1,147.438600,5.026316,0.201053,0.040000
z_0018_466.196911.png,#a3e4d7,1,57.112698,1.947024,0.077881,0.040000
z_0018_466.196911.png,#a9cce3,1,2.828427,0.096424,0.003857,0.040000
z_0018_466.196911.png,#d2b4de,2,85.840620,2.926385,0.117055,0.040000
z_0018_466.196911.png,#e59866,5,305.906638,10.428635,0.417145,0.040000
z_0018_466.196911.png,#e74c3c,1,125.154329,4.266625,0.170665,0.040000
z_0018_466.196911.png,#f7dc6f,3,100.669048,3.431899,0.137276,0.040000
z_0018_466.196911.png,#f8c471,2,101.012193,3.443597,0.137744,0.040000
z_0018_466.196911.png,#fad7a0,2,131.053824,4.467744,0.178710,0.040000
z_0019_467.208494.png,#0e6251,1,205.237590,6.996736,0.279869,0.040000
z_0019_467.208494.png,#1b4f72,2,251.965512,8.589733,0.343589,0.040000
z_0019_467.208494.png,#2ecc71,2,359.705627,12.262692,0.490508,0.040000
z_0019_467.208494.png,#4a235a,5,375.203102,12.791015,0.511641,0.040000
z_0019_467.208494.png,#512e5f,3,113.497475,3.869232,0.154769,0.040000
z_0019_467.208494.png,#52be80,2,223.480231,7.618644,0.304746,0.040000
z_0019_467.208494.png,#5499c7,2,189.480231,6.459553,0.258382,0.040000
z_0019_467.208494.png,#7b241c,1,119.639610,4.078623,0.163145,0.040000
z_0019_467.208494.png,#82e0aa,1,96.669048,3.295536,0.131821,0.040000
z_0019_467.208494.png,#922b21,2,103.154329,3.516625,0.140665,0.040000
z_0019_467.208494.png,#9a7d0a,1,146.852814,5.006346,0.200254,0.040000
z_0019_467.208494.png,#a3e4d7,1,81.012193,2.761779,0.110471,0.040000
z_0019_467.208494.png,#a9cce3,5,14.142136,0.482118,0.019285,0.040000
z_0019_467.208494.png,#d2b4de,2,84.183766,2.869901,0.114796,0.040000
z_0019_467.208494.png,#e59866,5,357.119841,12.174540,0.486982,0.040000
z_0019_467.208494.png,#e74c3c,1,120.911688,4.121989,0.164880,0.040000
z_0019_467.208494.png,#f1948a,1,2.828427,0.096424,0.003857,0.040000
z_0019_467.208494.png,#f7dc6f,3,93.840620,3.199112,0.127964,0.040000
z_0019_467.208494.png,#f8c471,2,100.526912,3.427054,0.137082,0.040000
z_0019_467.208494.png,#fad7a0,2,134.710678,4.592409,0.183696,0.040000
z_0020_468.220077.png,#0e6251,1,203.338095,6.931981,0.277279,0.040000
z_0020_468.220077.png,#1b4f72,2,256.208153,8.734369,0.349375,0.040000
z_0020_468.220077.png,#2ecc71,2,348.391919,11.876997,0.475080,0.040000
z_0020_468.220077.png,#4a235a,5,395.060967,13.467987,0.538719,0.040000
z_0020_468.220077.png,#512e5f,2,64.526912,2.199781,0.087991,0.040000
z_0020_468.220077.png,#52be80,2,214.651804,7.317675,0.292707,0.040000
z_0020_468.220077.png,#5499c7,2,186.409163,6.354858,0.254194,0.040000
z_0020_468.220077.png,#7b241c,1,114.568542,3.905746,0.156230,0.040000
z_0020_468.220077.png,#82e0aa,1,99.154329,3.380261,0.135210,0.040000
z_0020_468.220077.png,#922b21,2,104.568542,3.564837,0.142593,0.040000
z_0020_468.220077.png,#9a7d0a,2,171.580736,5.849343,0.233974,0.040000
z_0020_468.220077.png,#a3e4d7,1,82.769553,2.821689,0.112868,0.040000
z_0020_468.220077.png,#a9cce3,6,22.970563,0.783087,0.031323,0.040000
z_0020_468.220077.png,#d2b4de,2,89.497475,3.051050,0.122042,0.040000
z_0020_468.220077.png,#e59866,5,387.161472,13.198687,0.527947,0.040000
z_0020_468.220077.png,#e74c3c,1,117.497475,4.005596,0.160224,0.040000
z_0020_468.220077.png,#f58231,1,24.727922,0.842997,0.033720,0.040000
z_0020_468.220077.png,#f7dc6f,2,83.941125,2.861629,0.114465,0.040000
z_0020_468.220077.png,#f8c471,1,41.798990,1.424966,0.056999,0.040000
z_0020_468.220077.png,#fad7a0,2,138.367532,4.717075,0.188683,0.040000
z_0021_469.231660.png,#0e6251,1,206.651804,7.044948,0.281798,0.040000
z_0021_469.231660.png,#1b4f72,2,270.936075,9.236457,0.369458,0.040000
z_0021_469.231660.png,#2ecc71,2,348.776695,11.890115,0.475605,0.040000
z_0021_469.231660.png,#4a235a,9,492.073160,16.775221,0.671009,0.040000
z_0021_469.231660.png,#512e5f,2,67.941125,2.316175,0.092647,0.040000
z_0021_469.231660.png,#52be80,2,212.066017,7.229523,0.289181,0.040000
z_0021_469.231660.png,#5499c7,3,214.066017,7.297705,0.291908,0.040000
z_0021_469.231660.png,#7b241c,1,111.740115,3.809322,0.152373,0.040000
z_0021_469.231660.png,#82e0aa,1,100.325902,3.420201,0.136808,0.040000
z_0021_469.231660.png,#922b21,2,120.124892,4.095167,0.163807,0.040000
z_0021_469.231660.png,#9a7d0a,2,172.166522,5.869313,0.234773,0.040000
z_0021_469.231660.png,#a3e4d7,1,89.012193,3.034507,0.121380,0.040000
z_0021_469.231660.png,#a9cce3,5,22.142136,0.754846,0.030194,0.040000
z_0021_469.231660.png,#d2b4de,2,93.254834,3.179142,0.127166,0.040000
z_0021_469.231660.png,#e59866,5,436.374675,14.876409,0.595056,0.040000
z_0021_469.231660.png,#e74c3c,1,110.769553,3.776235,0.151049,0.040000
z_0021_469.231660.png,#f58231,1,59.112698,2.015206,0.080608,0.040000
z_0021_469.231660.png,#f7dc6f,2,68.870058,2.347843,0.093914,0.040000
z_0021_469.231660.png,#f8c471,2,97.355339,3.318932,0.132757,0.040000
z_0021_469.231660.png,#fad7a0,2,140.852814,4.801800,0.192072,0.040000
z_0022_470.243243.png,#0e6251,1,223.237590,7.610372,0.304415,0.040000
z_0022_470.243243.png,#1b4f72,2,309.320851,10.545029,0.421801,0.040000
z_0022_470.243243.png,#2ecc71,2,351.119841,11.969995,0.478800,0.040000
z_0022_470.243243.png,#4a235a,9,516.658946,17.613373,0.704535,0.040000
z_0022_470.243243.png,#512e5f,2,65.698485,2.239721,0.089589,0.040000
z_0022_470.243243.png,#52be80,2,210.066017,7.161341,0.286454,0.040000
z_0022_470.243243.png,#5499c7,3,207.823376,7.084888,0.283396,0.040000
z_0022_470.243243.png,#7b241c,1,104.669048,3.568263,0.142731,0.040000
z_0022_470.243243.png,#82e0aa,1,103.982756,3.544867,0.141795,0.040000
z_0022_470.243243.png,#922b21,3,158.267027,5.395467,0.215819,0.040000
z_0022_470.243243.png,#9a7d0a,2,168.509668,5.744648,0.229786,0.040000
z_0022_470.243243.png,#a3e4d7,1,93.840620,3.199112,0.127964,0.040000
z_0022_470.243243.png,#a9cce3,4,11.313708,0.385695,0.015428,0.040000
z_0022_470.243243.png,#d2b4de,2,95.012193,3.239052,0.129562,0.040000
z_0022_470.243243.png,#e59866,2,444.918831,15.167687,0.606707,0.040000
z_0022_470.243243.png,#e74c3c,1,109.355339,3.728023,0.149121,0.040000
z_0022_470.243243.png,#f58231,1,63.698485,2.171539,0.086862,0.040000
z_0022_470.243243.png,#f7dc6f,2,63.213203,2.154996,0.086200,0.040000
z_0022_470.243243.png,#f8c471,2,95.355339,3.250750,0.130030,0.040000
z_0022_470.243243.png,#fad7a0,2,142.367532,4.853439,0.194138,0.040000
z_0023_471.254826.png,#0e6251,1,224.651804,7.658584,0.306343,0.040000
z_0023_471.254826.png,#1b4f72,2,320.048773,10.910754,0.436430,0.040000
z_0023_471.254826.png,#2ecc71,3,328.877200,11.211723,0.448469,0.040000
z_0023_471.254826.png,#4a235a,11,564.943218,19.259428,0.770377,0.040000
z_0023_471.254826.png,#512e5f,2,64.284271,2.191509,0.087660,0.040000
z_0023_471.254826.png,#52be80,2,204.651804,6.976766,0.279071,0.040000
z_0023_471.254826.png,#5499c7,3,214.409163,7.309403,0.292376,0.040000
z_0023_471.254826.png,#7b241c,1,101.740115,3.468413,0.138737,0.040000
z_0023_471.254826.png,#82e0aa,1,102.911688,3.508353,0.140334,0.040000
z_0023_471.254826.png,#922b21,1,182.166522,6.210222,0.248409,0.040000
z_0023_471.254826.png,#9a7d0a,2,169.338095,5.772890,0.230916,0.040000
z_0023_471.254826.png,#a3e4d7,1,94.911688,3.235626,0.129425,0.040000
z_0023_471.254826.png,#a9cce3,2,7.656854,0.261029,0.010441,0.040000
z_0023_471.254826.png,#d2b4de,2,96.568542,3.292109,0.131684,0.040000
z_0023_471.254826.png,#e59866,2,438.818326,14.959716,0.598389,0.040000
z_0023_471.254826.png,#e74c3c,1,109.840620,3.744567,0.149783,0.040000
z_0023_471.254826.png,#f58231,1,75.597980,2.577204,0.103088,0.040000
z_0023_471.254826.png,#f7dc6f,2,67.112698,2.287933,0.091517,0.040000
z_0023_471.254826.png,#f8c471,2,94.183766,3.210810,0.128432,0.040000
z_0023_471.254826.png,#fad7a0,2,144.367532,4.921620,0.196865,0.040000
z_0024_472.266409.png,#0e6251,1,226.308658,7.715068,0.308603,0.040000
z_0024_472.266409.png,#1b4f72,2,321.462987,10.958965,0.438359,0.040000
z_0024_472.266409.png,#2ecc71,3,310.048773,10.569845,0.422794,0.040000
z_0024_472.266409.png,#4a235a,11,620.700577,21.160247,0.846410,0.040000
z_0024_472.266409.png,#512e5f,2,61.455844,2.095086,0.083803,0.040000
z_0024_472.266409.png,#52be80,2,201.480231,6.868644,0.274746,0.040000
z_0024_472.266409.png,#5499c7,3,214.066017,7.297705,0.291908,0.040000
z_0024_472.266409.png,#7b241c,1,96.183766,3.278992,0.131160,0.040000
z_0024_472.266409.png,#82e0aa,1,103.982756,3.544867,0.141795,0.040000
z_0024_472.266409.png,#922b21,2,176.409163,6.013949,0.240558,0.040000
z_0024_472.266409.png,#9a7d0a,2,167.580736,5.712980,0.228519,0.040000
z_0024_472.266409.png,#a3e4d7,1,94.911688,3.235626,0.129425,0.040000
z_0024_472.266409.png,#a9cce3,3,10.485281,0.357453,0.014298,0.040000
z_0024_472.266409.png,#d2b4de,2,96.568542,3.292109,0.131684,0.040000
z_0024_472.266409.png,#e59866,3,433.889394,14.791684,0.591667,0.040000
z_0024_472.266409.png,#e74c3c,1,103.941125,3.543447,0.141738,0.040000
z_0024_472.266409.png,#f58231,1,86.083261,2.934657,0.117386,0.040000
z_0024_472.266409.png,#f7dc6f,2,66.526912,2.267963,0.090719,0.040000
z_0024_472.266409.png,#f8c471,2,94.769553,3.230780,0.129231,0.040000
z_0024_472.266409.png,#fad7a0,2,145.438600,4.958134,0.198325,0.040000
z_0025_473.277992.png,#0e6251,1,214.166522,7.301131,0.292045,0.040000
z_0025_473.277992.png,#1b4f72,2,324.391919,11.058815,0.442353,0.040000
z_0025_473.277992.png,#2ecc71,3,283.421356,9.662092,0.386484,0.040000
z_0025_473.277992.png,#4a235a,10,667.470129,22.754664,0.910187,0.040000
z_0025_473.277992.png,#512e5f,2,58.041631,1.978692,0.079148,0.040000
z_0025_473.277992.png,#52be80,2,195.722871,6.672371,0.266895,0.040000
z_0025_473.277992.png,#5499c7,3,219.965512,7.498824,0.299953,0.040000
z_0025_473.277992.png,#7b241c,1,93.012193,3.170870,0.126835,0.040000
z_0025_473.277992.png,#82e0aa,1,104.083261,3.548293,0.141932,0.040000
z_0025_473.277992.png,#922b21,1,165.681241,5.648224,0.225929,0.040000
z_0025_473.277992.png,#9a7d0a,2,164.752309,5.616556,0.224662,0.040000
z_0025_473.277992.png,#a3e4d7,1,97.982756,3.340321,0.133613,0.040000
z_0025_473.277992.png,#a9cce3,3,10.485281,0.357453,0.014298,0.040000
z_0025_473.277992.png,#d2b4de,2,93.982756,3.203958,0.128158,0.040000
z_0025_473.277992.png,#e59866,4,400.374675,13.649137,0.545965,0.040000
z_0025_473.277992.png,#e74c3c,1,103.254834,3.520051,0.140802,0.040000
z_0025_473.277992.png,#f58231,1,91.740115,3.127504,0.125100,0.040000
z_0025_473.277992.png,#f7dc6f,2,65.941125,2.247993,0.089920,0.040000
z_0025_473.277992.png,#f8c471,2,89.597980,3.054477,0.122179,0.040000
z_0025_473.277992.png,#fad7a0,2,149.681241,5.102770,0.204111,0.040000
z_0026_474.289575.png,#0e6251,1,206.994949,7.056646,0.282266,0.040000
z_0026_474.289575.png,#1b4f72,2,338.291414,11.532662,0.461306,0.040000
z_0026_474.289575.png,#2ecc71,3,249.865007,8.518125,0.340725,0.040000
z_0026_474.289575.png,#4a235a,9,742.381818,25.308471,1.012339,0.040000
z_0026_474.289575.png,#512e5f,2,60.284271,2.055146,0.082206,0.040000
z_0026_474.289575.png,#52be80,2,198.308658,6.760522,0.270421,0.040000
z_0026_474.289575.png,#5499c7,3,220.066017,7.502251,0.300090,0.040000
z_0026_474.289575.png,#7b241c,1,93.012193,3.170870,0.126835,0.040000
z_0026_474.289575.png,#82e0aa,1,103.497475,3.528323,0.141133,0.040000
z_0026_474.289575.png,#922b21,2,192.166522,6.551131,0.262045,0.040000
z_0026_474.289575.png,#9a7d0a,2,159.681241,5.443679,0.217747,0.040000
z_0026_474.289575.png,#a3e4d7,1,98.669048,3.363718,0.134549,0.040000
z_0026_474.289575.png,#a9cce3,4,13.313708,0.453876,0.018155,0.040000
z_0026_474.289575.png,#d2b4de,2,92.083261,3.139202,0.125568,0.040000
z_0026_474.289575.png,#e59866,4,364.575685,12.428717,0.497149,0.040000
z_0026_474.289575.png,#e74c3c,1,101.840620,3.471839,0.138874,0.040000
z_0026_474.289575.png,#f58231,1,96.325902,3.283838,0.131354,0.040000
z_0026_474.289575.png,#f7dc6f,2,63.941125,2.179811,0.087192,0.040000
z_0026_474.289575.png,#f8c471,2,88.426407,3.014537,0.120581,0.040000
z_0026_474.289575.png,#fad7a0,2,153.681241,5.239133,0.209565,0.040000
z_0027_475.301158.png,#0e6251,1,202.066017,6.888614,0.275545,0.040000
z_0027_475.301158.png,#1b4f72,3,321.705627,10.967237,0.438689,0.040000
z_0027_475.301158.png,#2ecc71,3,233.379726,7.956127,0.318245,0.040000
z_0027_475.301158.png,#4a235a,10,727.553391,24.802956,0.992118,0.040000
z_0027_475.301158.png,#512e5f,2,60.284271,2.055146,0.082206,0.040000
z_0027_475.301158.png,#52be80,2,192.894444,6.575947,0.263038,0.040000
z_0027_475.301158.png,#5499c7,3,221.722871,7.558734,0.302349,0.040000
z_0027_475.301158.png,#7b241c,1,92.426407,3.150900,0.126036,0.040000
z_0027_475.301158.png,#82e0aa,1,107.497475,3.664687,0.146587,0.040000
z_0027_475.301158.png,#922b21,1,195.338095,6.659253,0.266370,0.040000
z_0027_475.301158.png,#9a7d0a,2,155.539105,5.302469,0.212099,0.040000
z_0027_475.301158.png,#a3e4d7,1,97.497475,3.323778,0.132951,0.040000
z_0027_475.301158.png,#a9cce3,6,26.970563,0.919451,0.036778,0.040000
z_0027_475.301158.png,#d2b4de,2,89.254834,3.042778,0.121711,0.040000
z_0027_475.301158.png,#e59866,4,341.605122,11.645629,0.465825,0.040000
z_0027_475.301158.png,#e74c3c,1,97.254834,3.315506,0.132620,0.040000
z_0027_475.301158.png,#f58231,1,97.497475,3.323778,0.132951,0.040000
z_0027_475.301158.png,#f7dc6f,2,62.284271,2.123327,0.084933,0.040000
z_0027_475.301158.png,#f8c471,2,85.355339,2.909841,0.116394,0.040000
z_0027_475.301158.png,#fad7a0,2,154.752309,5.275647,0.211026,0.040000
z_0028_476.312741.png,#0e6251,1,201.580736,6.872071,0.274883,0.040000
z_0028_476.312741.png,#1b4f72,3,319.119841,10.879085,0.435163,0.040000
z_0028_476.312741.png,#2ecc71,3,221.137085,7.538764,0.301551,0.040000
z_0028_476.312741.png,#4a235a,12,788.038672,26.864955,1.074598,0.040000
z_0028_476.312741.png,#512e5f,2,64.526912,2.199781,0.087991,0.040000
z_0028_476.312741.png,#52be80,2,188.651804,6.431311,0.257252,0.040000
z_0028_476.312741.png,#5499c7,3,219.722871,7.490552,0.299622,0.040000
z_0028_476.312741.png,#7b241c,1,94.426407,3.219082,0.128763,0.040000
z_0028_476.312741.png,#82e0aa,1,106.911688,3.644717,0.145789,0.040000
z_0028_476.312741.png,#922b21,1,197.338095,6.727435,0.269097,0.040000
z_0028_476.312741.png,#9a7d0a,3,147.053824,5.013199,0.200528,0.040000
z_0028_476.312741.png,#a3e4d7,1,94.325902,3.215656,0.128626,0.040000
z_0028_476.312741.png,#a9cce3,2,9.656854,0.329211,0.013168,0.040000
z_0028_476.312741.png,#d2b4de,2,88.083261,3.002838,0.120114,0.040000
z_0028_476.312741.png,#e59866,4,305.362482,10.410085,0.416403,0.040000
z_0028_476.312741.png,#e74c3c,1,92.769553,3.162598,0.126504,0.040000
z_0028_476.312741.png,#f58231,1,98.911688,3.371989,0.134880,0.040000
z_0028_476.312741.png,#f7dc6f,2,64.526912,2.199781,0.087991,0.040000
z_0028_476.312741.png,#f8c471,2,83.112698,2.833387,0.113335,0.040000
z_0028_476.312741.png,#fad7a0,2,157.923882,5.383769,0.215351,0.040000
z_0029_477.324324.png,#0e6251,1,201.823376,6.880342,0.275214,0.040000
z_0029_477.324324.png,#1b4f72,3,307.705627,10.489965,0.419599,0.040000
z_0029_477.324324.png,#2ecc71,3,206.308658,7.033250,0.281330,0.040000
z_0029_477.324324.png,#4a235a,11,840.607214,28.657064,1.146283,0.040000
z_0029_477.324324.png,#512e5f,2,71.597980,2.440840,0.097634,0.040000
z_0029_477.324324.png,#52be80,2,186.651804,6.363130,0.254525,0.040000
z_0029_477.324324.png,#5499c7,3,210.409163,7.173040,0.286922,0.040000
z_0029_477.324324.png,#7b241c,1,97.497475,3.323778,0.132951,0.040000
z_0029_477.324324.png,#82e0aa,1,105.254834,3.588233,0.143529,0.040000
z_0029_477.324324.png,#922b21,1,206.066017,7.024978,0.280999,0.040000
z_0029_477.324324.png,#9a7d0a,2,138.468037,4.720501,0.188820,0.040000
z_0029_477.324324.png,#a3e4d7,1,86.669048,2.954627,0.118185,0.040000
z_0029_477.324324.png,#a9cce3,3,18.485281,0.630180,0.025207,0.040000
z_0029_477.324324.png,#d2b4de,2,83.012193,2.829961,0.113198,0.040000
z_0029_477.324324.png,#e59866,3,295.563492,10.076028,0.403041,0.040000
z_0029_477.324324.png,#e74c3c,1,91.941125,3.134357,0.125374,0.040000
z_0029_477.324324.png,#f58231,1,98.669048,3.363718,0.134549,0.040000
z_0029_477.324324.png,#f7dc6f,2,62.769553,2.139871,0.085595,0.040000
z_0029_477.324324.png,#f8c471,2,85.112698,2.901569,0.116063,0.040000
z_0029_477.324324.png,#fad7a0,2,161.823376,5.516706,0.220668,0.040000
z_0030_478.335907.png,#0e6251,1,201.237590,6.860372,0.274415,0.040000
z_0030_478.335907.png,#1b4f72,2,300.634560,10.248905,0.409956,0.040000
z_0030_478.335907.png,#2ecc71,3,198.752309,6.775647,0.271026,0.040000
z_0030_478.335907.png,#4a235a,12,938.004184,31.977415,1.279097,0.040000
z_0030_478.335907.png,#512e5f,2,68.526912,2.336145,0.093446,0.040000
z_0030_478.335907.png,#52be80,2,182.651804,6.226766,0.249071,0.040000
z_0030_478.335907.png,#5499c7,3,207.338095,7.068344,0.282734,0.040000
z_0030_478.335907.png,#7b241c,1,101.254834,3.451869,0.138075,0.040000
z_0030_478.335907.png,#82e0aa,1,106.911688,3.644717,0.145789,0.040000
z_0030_478.335907.png,#922b21,2,187.580736,6.394798,0.255792,0.040000
z_0030_478.335907.png,#9a7d0a,2,138.468037,4.720501,0.188820,0.040000
z_0030_478.335907.png,#a3e4d7,1,80.183766,2.733537,0.109341,0.040000
z_0030_478.335907.png,#a9cce3,3,24.485281,0.834726,0.033389,0.040000
z_0030_478.335907.png,#d2b4de,2,91.497475,3.119232,0.124769,0.040000
z_0030_478.335907.png,#e59866,3,298.776695,10.185569,0.407423,0.040000
z_0030_478.335907.png,#e74c3c,1,90.769553,3.094417,0.123777,0.040000
z_0030_478.335907.png,#f58231,1,99.012193,3.375416,0.135017,0.040000
z_0030_478.335907.png,#f7dc6f,2,57.455844,1.958722,0.078349,0.040000
z_0030_478.335907.png,#f8c471,2,84.769553,2.889871,0.115595,0.040000
z_0030_478.335907.png,#fad7a0,2,167.923882,5.724678,0.228987,0.040000
z_0031_479.347490.png,#0e6251,1,200.409163,6.832131,0.273285,0.040000
z_0031_479.347490.png,#1b4f72,2,292.492424,9.971333,0.398853,0.040000
z_0031_479.347490.png,#2ecc71,3,180.509668,6.153739,0.246150,0.040000
z_0031_479.347490.png,#4a235a,10,979.602164,33.395528,1.335821,0.040000
z_0031_479.347490.png,#512e5f,2,70.526912,2.404327,0.096173,0.040000
z_0031_479.347490.png,#52be80,2,181.237590,6.178554,0.247142,0.040000
z_0031_479.347490.png,#5499c7,3,207.923882,7.088314,0.283533,0.040000
z_0031_479.347490.png,#7b241c,1,103.012193,3.511779,0.140471,0.040000
z_0031_479.347490.png,#82e0aa,1,106.911688,3.644717,0.145789,0.040000
z_0031_479.347490.png,#922b21,2,190.852814,6.506346,0.260254,0.040000
z_0031_479.347490.png,#9a7d0a,2,142.367532,4.853439,0.194138,0.040000
z_0031_479.347490.png,#a3e4d7,1,73.941125,2.520720,0.100829,0.040000
z_0031_479.347490.png,#a9cce3,5,40.142136,1.368482,0.054739,0.040000
z_0031_479.347490.png,#d2b4de,2,98.911688,3.371989,0.134880,0.040000
z_0031_479.347490.png,#e59866,3,297.119841,10.129085,0.405163,0.040000
z_0031_479.347490.png,#e74c3c,1,88.769553,3.026235,0.121049,0.040000
z_0031_479.347490.png,#f58231,1,99.012193,3.375416,0.135017,0.040000
z_0031_479.347490.png,#f7dc6f,2,54.041631,1.842328,0.073693,0.040000
z_0031_479.347490.png,#f8c471,2,87.941125,2.997993,0.119920,0.040000
z_0031_479.347490.png,#fad7a0,2,170.509668,5.812830,0.232513,0.040000
z_0032_480.359073.png,#0e6251,1,204.066017,6.956796,0.278272,0.040000
z_0032_480.359073.png,#1b4f72,2,285.663997,9.738545,0.389542,0.040000
z_0032_480.359073.png,#2ecc71,3,165.053824,5.626835,0.225073,0.040000
z_0032_480.359073.png,#4a235a,9,996.974747,33.987775,1.359511,0.040000
z_0032_480.359073.png,#512e5f,2,65.455844,2.231449,0.089258,0.040000
z_0032_480.359073.png,#52be80,2,174.166522,5.937495,0.237500,0.040000
z_0032_480.359073.png,#5499c7,3,206.994949,7.056646,0.282266,0.040000
z_0032_480.359073.png,#7b241c,1,102.183766,3.483537,0.139341,0.040000
z_0032_480.359073.png,#82e0aa,1,109.982756,3.749412,0.149976,0.040000
z_0032_480.359073.png,#922b21,2,180.994949,6.170282,0.246811,0.040000
z_0032_480.359073.png,#9a7d0a,2,141.539105,4.825197,0.193008,0.040000
z_0032_480.359073.png,#a3e4d7,1,73.941125,2.520720,0.100829,0.040000
z_0032_480.359073.png,#a9cce3,3,14.485281,0.493816,0.019753,0.040000
z_0032_480.359073.png,#d2b4de,2,102.083261,3.480111,0.139204,0.040000
z_0032_480.359073.png,#e59866,4,277.906638,9.474090,0.378964,0.040000
z_0032_480.359073.png,#e74c3c,1,85.698485,2.921539,0.116862,0.040000
z_0032_480.359073.png,#f58231,1,97.840620,3.335476,0.133419,0.040000
z_0032_480.359073.png,#f7dc6f,2,54.284271,1.850600,0.074024,0.040000
z_0032_480.359073.png,#f8c471,2,88.526912,3.017963,0.120719,0.040000
z_0032_480.359073.png,#fad7a0,2,173.338095,5.909253,0.236370,0.040000
z_0033_481.370656.png,#0e6251,1,205.480231,7.005008,0.280200,0.040000
z_0033_481.370656.png,#1b4f72,2,282.492424,9.630424,0.385217,0.040000
z_0033_481.370656.png,#2ecc71,3,162.124892,5.526985,0.221079,0.040000
z_0033_481.370656.png,#4a235a,11,924.991991,31.533818,1.261353,0.040000
z_0033_481.370656.png,#512e5f,2,61.213203,2.086814,0.083473,0.040000
z_0033_481.370656.png,#52be80,2,169.338095,5.772890,0.230916,0.040000
z_0033_481.370656.png,#5499c7,3,206.752309,7.048374,0.281935,0.040000
z_0033_481.370656.png,#7b241c,1,103.012193,3.511779,0.140471,0.040000
z_0033_481.370656.png,#82e0aa,1,110.225397,3.757684,0.150307,0.040000
z_0033_481.370656.png,#922b21,3,155.781746,5.310741,0.212430,0.040000
z_0033_481.370656.png,#9a7d0a,2,139.882251,4.768713,0.190749,0.040000
z_0033_481.370656.png,#a3e4d7,1,65.355339,2.228023,0.089121,0.040000
z_0033_481.370656.png,#a9cce3,2,9.656854,0.329211,0.013168,0.040000
z_0033_481.370656.png,#d2b4de,2,105.497475,3.596505,0.143860,0.040000
z_0033_481.370656.png,#e59866,4,274.735065,9.365968,0.374639,0.040000
z_0033_481.370656.png,#e74c3c,1,87.698485,2.989721,0.119589,0.040000
z_0033_481.370656.png,#f58231,1,96.669048,3.295536,0.131821,0.040000
z_0033_481.370656.png,#f7dc6f,2,55.112698,1.878842,0.075154,0.040000
z_0033_481.370656.png,#f8c471,2,92.769553,3.162598,0.126504,0.040000
z_0033_481.370656.png,#fad7a0,2,174.267027,5.940921,0.237637,0.040000
z_0034_482.382239.png,#0e6251,1,206.308658,7.033250,0.281330,0.040000
z_0034_482.382239.png,#1b4f72,2,273.320851,9.317756,0.372710,0.040000
z_0034_482.382239.png,#2ecc71,3,161.539105,5.507015,0.220281,0.040000
z_0034_482.382239.png,#4a235a,16,1209.040764,41.217299,1.648692,0.040000
z_0034_482.382239.png,#512e5f,1,52.627417,1.794116,0.071765,0.040000
z_0034_482.382239.png,#52be80,2,166.409163,5.673040,0.226922,0.040000
z_0034_482.382239.png,#5499c7,3,206.752309,7.048374,0.281935,0.040000
z_0034_482.382239.png,#7b241c,1,101.355339,3.455296,0.138212,0.040000
z_0034_482.382239.png,#82e0aa,1,109.882251,3.745986,0.149839,0.040000
z_0034_482.382239.png,#922b21,3,144.468037,4.925047,0.197002,0.040000
z_0034_482.382239.png,#9a7d0a,2,141.882251,4.836895,0.193476,0.040000
z_0034_482.382239.png,#a3e4d7,2,75.497475,2.573778,0.102951,0.040000
z_0034_482.382239.png,#a9cce3,3,8.485281,0.289271,0.011571,0.040000
z_0034_482.382239.png,#d2b4de,2,108.325902,3.692928,0.147717,0.040000
z_0034_482.382239.png,#e59866,4,256.835570,8.755758,0.350230,0.040000
z_0034_482.382239.png,#e74c3c,1,88.526912,3.017963,0.120719,0.040000
z_0034_482.382239.png,#f1948a,1,76.426407,2.605446,0.104218,0.040000
z_0034_482.382239.png,#f58231,1,95.840620,3.267294,0.130692,0.040000
z_0034_482.382239.png,#f7dc6f,2,49.455844,1.685995,0.067440,0.040000
z_0034_482.382239.png,#f8c471,2,95.840620,3.267294,0.130692,0.040000
z_0034_482.382239.png,#fad7a0,2,174.509668,5.949193,0.237968,0.040000
z_0035_483.393822.png,#0e6251,1,212.409163,7.241221,0.289649,0.040000
z_0035_483.393822.png,#1b4f72,2,271.663997,9.261273,0.370451,0.040000
z_0035_483.393822.png,#2ecc71,3,162.024387,5.523559,0.220942,0.040000
z_0035_483.393822.png,#4a235a,14,1271.425540,43.344053,1.733762,0.040000
z_0035_483.393822.png,#512e5f,1,52.627417,1.794116,0.071765,0.040000
z_0035_483.393822.png,#52be80,2,165.923882,5.656496,0.226260,0.040000
z_0035_483.393822.png,#5499c7,3,210.409163,7.173040,0.286922,0.040000
z_0035_483.393822.png,#7b241c,1,107.740115,3.672958,0.146918,0.040000
z_0035_483.393822.png,#82e0aa,1,107.982756,3.681230,0.147249,0.040000
z_0035_483.393822.png,#922b21,2,125.982756,4.294867,0.171795,0.040000
z_0035_483.393822.png,#9a7d0a,3,149.539105,5.097924,0.203917,0.040000
z_0035_483.393822.png,#a3e4d7,2,90.568542,3.087564,0.123503,0.040000
z_0035_483.393822.png,#d2b4de,2,111.497475,3.801050,0.152042,0.040000
z_0035_483.393822.png,#e59866,4,237.178716,8.085638,0.323426,0.040000
z_0035_483.393822.png,#e74c3c,1,88.284271,3.009691,0.120388,0.040000
z_0035_483.393822.png,#f1948a,1,51.213203,1.745905,0.069836,0.040000
z_0035_483.393822.png,#f58231,1,95.840620,3.267294,0.130692,0.040000
z_0035_483.393822.png,#f7dc6f,2,48.041631,1.637783,0.065511,0.040000
z_0035_483.393822.png,#f8c471,2,91.941125,3.134357,0.125374,0.040000
z_0035_483.393822.png,#fad7a0,2,175.095454,5.969163,0.238767,0.040000
z_0036_484.405405.png,#0e6251,1,215.480231,7.345917,0.293837,0.040000
z_0036_484.405405.png,#1b4f72,2,272.735065,9.297786,0.371911,0.040000
z_0036_484.405405.png,#2ecc71,3,160.367532,5.467075,0.218683,0.040000
z_0036_484.405405.png,#4a235a,13,1276.981890,43.533474,1.741339,0.040000
z_0036_484.405405.png,#512e5f,1,51.455844,1.754177,0.070167,0.040000
z_0036_484.405405.png,#52be80,2,157.681241,5.375497,0.215020,0.040000
z_0036_484.405405.png,#5499c7,3,203.681241,6.943679,0.277747,0.040000
z_0036_484.405405.png,#7b241c,1,106.083261,3.616475,0.144659,0.040000
z_0036_484.405405.png,#82e0aa,1,110.568542,3.769382,0.150775,0.040000
z_0036_484.405405.png,#922b21,2,126.811183,4.323109,0.172924,0.040000
z_0036_484.405405.png,#9a7d0a,4,216.308658,7.374159,0.294966,0.040000
z_0036_484.405405.png,#a3e4d7,2,113.539105,3.870651,0.154826,0.040000
z_0036_484.405405.png,#a9cce3,1,2.828427,0.096424,0.003857,0.040000
z_0036_484.405405.png,#d2b4de,2,113.982756,3.885776,0.155431,0.040000
z_0036_484.405405.png,#e59866,4,234.350288,7.989214,0.319569,0.040000
z_0036_484.405405.png,#e74c3c,1,86.870058,2.961479,0.118459,0.040000
z_0036_484.405405.png,#f1948a,1,40.041631,1.365056,0.054602,0.040000
z_0036_484.405405.png,#f58231,1,93.012193,3.170870,0.126835,0.040000
z_0036_484.405405.png,#f7dc6f,2,47.798990,1.629511,0.065180,0.040000
z_0036_484.405405.png,#f8c471,2,94.183766,3.210810,0.128432,0.040000
z_0036_484.405405.png,#fad7a0,2,176.852814,6.029073,0.241163,0.040000
z_0037_485.416988.png,#0e6251,1,220.551299,7.518794,0.300752,0.040000
z_0037_485.416988.png,#1b4f72,2,270.149278,9.209634,0.368385,0.040000
z_0037_485.416988.png,#2ecc71,3,155.296465,5.294198,0.211768,0.040000
z_0037_485.416988.png,#4a235a,15,1339.366666,45.660227,1.826409,0.040000
z_0037_485.416988.png,#512e5f,1,49.213203,1.677723,0.067109,0.040000
z_0037_485.416988.png,#52be80,2,163.580736,5.576616,0.223065,0.040000
z_0037_485.416988.png,#5499c7,3,209.480231,7.141372,0.285655,0.040000
z_0037_485.416988.png,#7b241c,1,123.740115,4.218413,0.168737,0.040000
z_0037_485.416988.png,#82e0aa,1,112.568542,3.837564,0.153503,0.040000
z_0037_485.416988.png,#922b21,2,120.325902,4.102019,0.164081,0.040000
z_0037_485.416988.png,#9a7d0a,3,239.622366,8.168944,0.326758,0.040000
z_0037_485.416988.png,#a3e4d7,1,124.509668,4.244648,0.169786,0.040000
z_0037_485.416988.png,#a9cce3,6,20.970563,0.714906,0.028596,0.040000
z_0037_485.416988.png,#d2b4de,2,119.154329,4.062079,0.162483,0.040000
z_0037_485.416988.png,#e59866,4,228.936075,7.804639,0.312186,0.040000
z_0037_485.416988.png,#e74c3c,1,85.698485,2.921539,0.116862,0.040000
z_0037_485.416988.png,#f1948a,1,34.142136,1.163936,0.046557,0.040000
z_0037_485.416988.png,#f58231,1,91.254834,3.110960,0.124438,0.040000
z_0037_485.416988.png,#f7dc6f,2,44.627417,1.521389,0.060856,0.040000
z_0037_485.416988.png,#f8c471,2,93.012193,3.170870,0.126835,0.040000
z_0037_485.416988.png,#fad7a0,2,182.752309,6.230192,0.249208,0.040000
z_0038_486.428571.png,#0e6251,1,223.480231,7.618644,0.304746,0.040000
z_0038_486.428571.png,#1b4f72,2,264.693434,9.023640,0.360946,0.040000
z_0038_486.428571.png,#2ecc71,3,157.438600,5.367225,0.214689,0.040000
z_0038_486.428571.png,#4a235a,14,1420.680374,48.432285,1.937291,0.040000
z_0038_486.428571.png,#512e5f,1,48.627417,1.657753,0.066310,0.040000
z_0038_486.428571.png,#52be80,2,158.509668,5.403739,0.216150,0.040000
z_0038_486.428571.png,#5499c7,3,199.681241,6.807315,0.272293,0.040000
z_0038_486.428571.png,#7b241c,1,120.911688,4.121989,0.164880,0.040000
z_0038_486.428571.png,#82e0aa,1,109.154329,3.721170,0.148847,0.040000
z_0038_486.428571.png,#922b21,2,123.982756,4.226685,0.169067,0.040000
z_0038_486.428571.png,#9a7d0a,2,257.421356,8.775728,0.351029,0.040000
z_0038_486.428571.png,#a3e4d7,1,124.024387,4.228104,0.169124,0.040000
z_0038_486.428571.png,#a9cce3,1,12.828427,0.437333,0.017493,0.040000
z_0038_486.428571.png,#d2b4de,2,120.911688,4.121989,0.164880,0.040000
z_0038_486.428571.png,#e59866,4,214.894444,7.325947,0.293038,0.040000
z_0038_486.428571.png,#e74c3c,1,82.870058,2.825116,0.113005,0.040000
z_0038_486.428571.png,#f1948a,1,31.556349,1.075785,0.043031,0.040000
z_0038_486.428571.png,#f58231,1,90.183766,3.074447,0.122978,0.040000
z_0038_486.428571.png,#f7dc6f,2,46.041631,1.569601,0.062784,0.040000
z_0038_486.428571.png,#f8c471,2,95.597980,3.259022,0.130361,0.040000
z_0038_486.428571.png,#fad7a0,2,180.994949,6.170282,0.246811,0.040000
z_0039_487.440154.png,#0e6251,1,226.208153,7.711642,0.308466,0.040000
z_0039_487.440154.png,#1b4f72,2,263.279221,8.975428,0.359017,0.040000
z_0039_487.440154.png,#2ecc71,3,147.882251,5.041440,0.201658,0.040000
z_0039_487.440154.png,#4a235a,15,1423.207286,48.518430,1.940737,0.040000
z_0039_487.440154.png,#512e5f,1,50.041631,1.705965,0.068239,0.040000
z_0039_487.440154.png,#52be80,2,156.509668,5.335557,0.213422,0.040000
z_0039_487.440154.png,#5499c7,3,193.923882,6.611041,0.264442,0.040000
z_0039_487.440154.png,#7b241c,1,126.568542,4.314837,0.172593,0.040000
z_0039_487.440154.png,#82e0aa,1,111.982756,3.817594,0.152704,0.040000
z_0039_487.440154.png,#922b21,2,120.811183,4.118563,0.164743,0.040000
z_0039_487.440154.png,#9a7d0a,3,257.421356,8.775728,0.351029,0.040000
z_0039_487.440154.png,#a3e4d7,1,116.367532,3.967075,0.158683,0.040000
z_0039_487.440154.png,#a9cce3,2,11.656854,0.397393,0.015896,0.040000
z_0039_487.440154.png,#d2b4de,2,126.811183,4.323109,0.172924,0.040000
z_0039_487.440154.png,#e59866,5,170.267027,5.804558,0.232182,0.040000
z_0039_487.440154.png,#e74c3c,1,83.112698,2.833387,0.113335,0.040000
z_0039_487.440154.png,#f1948a,1,32.142136,1.095755,0.043830,0.040000
z_0039_487.440154.png,#f58231,1,87.012193,2.966325,0.118653,0.040000
z_0039_487.440154.png,#f7dc6f,2,43.455844,1.481449,0.059258,0.040000
z_0039_487.440154.png,#f8c471,2,97.012193,3.307234,0.132289,0.040000
z_0039_487.440154.png,#fad7a0,2,186.509668,6.358284,0.254331,0.040000
z_0040_488.451737.png,#0e6251,1,230.208153,7.848005,0.313920,0.040000
z_0040_488.451737.png,#1b4f72,2,263.279221,8.975428,0.359017,0.040000
z_0040_488.451737.png,#2ecc71,3,146.468037,4.993229,0.199729,0.040000
z_0040_488.451737.png,#4a235a,16,1420.295598,48.419168,1.936767,0.040000
z_0040_488.451737.png,#512e5f,1,52.627417,1.794116,0.071765,0.040000
z_0040_488.451737.png,#52be80,2,153.095454,5.219163,0.208767,0.040000
z_0040_488.451737.png,#5499c7,3,192.509668,6.562830,0.262513,0.040000
z_0040_488.451737.png,#7b241c,1,130.811183,4.459472,0.178379,0.040000
z_0040_488.451737.png,#82e0aa,1,110.568542,3.769382,0.150775,0.040000
z_0040_488.451737.png,#922b21,2,117.053824,3.990471,0.159619,0.040000
z_0040_488.451737.png,#9a7d0a,3,235.965512,8.044279,0.321771,0.040000
z_0040_488.451737.png,#a3e4d7,1,111.882251,3.814168,0.152567,0.040000
z_0040_488.451737.png,#a9cce3,4,33.313708,1.135695,0.045428,0.040000
z_0040_488.451737.png,#d2b4de,2,135.296465,4.612379,0.184495,0.040000
z_0040_488.451737.png,#e59866,3,138.710678,4.728773,0.189151,0.040000
z_0040_488.451737.png,#e74c3c,1,78.870058,2.688752,0.107550,0.040000
z_0040_488.451737.png,#f1948a,1,31.313708,1.067513,0.042701,0.040000
z_0040_488.451737.png,#f58231,1,84.769553,2.889871,0.115595,0.040000
z_0040_488.451737.png,#f7dc6f,2,50.627417,1.725935,0.069037,0.040000
z_0040_488.451737.png,#f8c471,2,97.254834,3.315506,0.132620,0.040000
z_0040_488.451737.png,#fad7a0,2,191.823376,6.539433,0.261577,0.040000
z_0041_489.463320.png,#0e6251,1,235.965512,8.044279,0.321771,0.040000
z_0041_489.463320.png,#1b4f72,2,262.107648,8.935488,0.357420,0.040000
z_0041_489.463320.png,#2ecc71,3,144.468037,4.925047,0.197002,0.040000
z_0041_489.463320.png,#4a235a,17,1479.893578,50.450917,2.018037,0.040000
z_0041_489.463320.png,#512e5f,1,51.455844,1.754177,0.070167,0.040000
z_0041_489.463320.png,#52be80,2,153.438600,5.230861,0.209234,0.040000
z_0041_489.463320.png,#5499c7,3,186.267027,6.350012,0.254000,0.040000
z_0041_489.463320.png,#7b241c,1,130.811183,4.459472,0.178379,0.040000
z_0041_489.463320.png,#82e0aa,1,112.225397,3.825866,0.153035,0.040000
z_0041_489.463320.png,#922b21,2,122.468037,4.175047,0.167002,0.040000
z_0041_489.463320.png,#9a7d0a,4,213.237590,7.269463,0.290779,0.040000
z_0041_489.463320.png,#a3e4d7,2,96.225397,3.280411,0.131216,0.040000
z_0041_489.463320.png,#a9cce3,3,16.485281,0.561998,0.022480,0.040000
z_0041_489.463320.png,#b9770e,1,32.970563,1.123996,0.044960,0.040000
z_0041_489.463320.png,#d2b4de,2,144.124892,4.913349,0.196534,0.040000
z_0041_489.463320.png,#e59866,3,142.024387,4.841740,0.193670,0.040000
z_0041_489.463320.png,#e74c3c,1,79.698485,2.716994,0.108680,0.040000
z_0041_489.463320.png,#f1948a,1,31.313708,1.067513,0.042701,0.040000
z_0041_489.463320.png,#f58231,1,82.183766,2.801719,0.112069,0.040000
z_0041_489.463320.png,#f7dc6f,2,56.526912,1.927054,0.077082,0.040000
z_0041_489.463320.png,#f8c471,2,101.012193,3.443597,0.137744,0.040000
z_0041_489.463320.png,#fad7a0,2,194.994949,6.647555,0.265902,0.040000
z_0042_490.474903.png,#0e6251,1,234.551299,7.996067,0.319843,0.040000
z_0042_490.474903.png,#1b4f72,2,255.036580,8.694429,0.347777,0.040000
z_0042_490.474903.png,#2ecc71,3,139.296465,4.748743,0.189950,0.040000
z_0042_490.474903.png,#4a235a,17,1538.989032,52.465535,2.098621,0.040000
z_0042_490.474903.png,#512e5f,1,48.384776,1.649481,0.065979,0.040000
z_0042_490.474903.png,#52be80,2,152.267027,5.190921,0.207637,0.040000
z_0042_490.474903.png,#5499c7,3,182.024387,6.205377,0.248215,0.040000
z_0042_490.474903.png,#7b241c,1,137.053824,4.672289,0.186892,0.040000
z_0042_490.474903.png,#82e0aa,1,111.396970,3.797624,0.151905,0.040000
z_0042_490.474903.png,#922b21,2,133.639610,4.555896,0.182236,0.040000
z_0042_490.474903.png,#9a7d0a,4,171.539105,5.847924,0.233917,0.040000
z_0042_490.474903.png,#a3e4d7,1,35.798990,1.220420,0.048817,0.040000
z_0042_490.474903.png,#a9cce3,2,17.656854,0.601938,0.024078,0.040000
z_0042_490.474903.png,#b9770e,1,50.041631,1.705965,0.068239,0.040000
z_0042_490.474903.png,#d2b4de,2,159.539105,5.438833,0.217553,0.040000
z_0042_490.474903.png,#e59866,3,134.710678,4.592409,0.183696,0.040000
z_0042_490.474903.png,#e74c3c,1,78.284271,2.668782,0.106751,0.040000
z_0042_490.474903.png,#edbb99,1,36.970563,1.260360,0.050414,0.040000
z_0042_490.474903.png,#f1948a,1,28.142136,0.959391,0.038376,0.040000
z_0042_490.474903.png,#f58231,1,77.012193,2.625416,0.105017,0.040000
z_0042_490.474903.png,#f7dc6f,2,59.455844,2.026904,0.081076,0.040000
z_0042_490.474903.png,#f8c471,2,97.254834,3.315506,0.132620,0.040000
z_0042_490.474903.png,#fad7a0,2,198.994949,6.783919,0.271357,0.040000
z_0043_491.486486.png,#0e6251,1,234.551299,7.996067,0.319843,0.040000
z_0043_491.486486.png,#1b4f72,2,255.036580,8.694429,0.347777,0.040000
z_0043_491.486486.png,#2ecc71,3,139.296465,4.748743,0.189950,0.040000
z_0043_491.486486.png,#4a235a,17,1544.160605,52.641839,2.105674,0.040000
z_0043_491.486486.png,#512e5f,1,48.384776,1.649481,0.065979,0.040000
z_0043_491.486486.png,#52be80,2,153.095454,5.219163,0.208767,0.040000
z_0043_491.486486.png,#5499c7,3,180.852814,6.165437,0.246617,0.040000
z_0043_491.486486.png,#7b241c,1,136.468037,4.652319,0.186093,0.040000
z_0043_491.486486.png,#82e0aa,1,110.811183,3.777654,0.151106,0.040000
z_0043_491.486486.png,#922b21,2,133.882251,4.564168,0.182567,0.040000
z_0043_491.486486.png,#9a7d0a,4,170.953319,5.827954,0.233118,0.040000
z_0043_491.486486.png,#a3e4d7,1,35.798990,1.220420,0.048817,0.040000
z_0043_491.486486.png,#a9cce3,2,17.656854,0.601938,0.024078,0.040000
z_0043_491.486486.png,#b9770e,1,50.041631,1.705965,0.068239,0.040000
z_0043_491.486486.png,#d2b4de,2,160.710678,5.478773,0.219151,0.040000
z_0043_491.486486.png,#e59866,3,134.710678,4.592409,0.183696,0.040000
z_0043_491.486486.png,#e74c3c,1,79.112698,2.697024,0.107881,0.040000
z_0043_491.486486.png,#edbb99,1,36.970563,1.260360,0.050414,0.040000
z_0043_491.486486.png,#f1948a,1,27.556349,0.939421,0.037577,0.040000
z_0043_491.486486.png,#f58231,1,77.012193,2.625416,0.105017,0.040000
z_0043_491.486486.png,#f7dc6f,2,59.455844,2.026904,0.081076,0.040000
z_0043_491.486486.png,#f8c471,2,96.669048,3.295536,0.131821,0.040000
z_0043_491.486486.png,#fad7a0,2,200.409163,6.832131,0.273285,0.040000
z_0044_492.498069.png,#0e6251,1,243.722871,8.308734,0.332349,0.040000
z_0044_492.498069.png,#1b4f72,2,262.350288,8.943760,0.357750,0.040000
z_0044_492.498069.png,#2ecc71,3,129.882251,4.427804,0.177112,0.040000
z_0044_492.498069.png,#4a235a,16,1438.361615,49.035055,1.961402,0.040000
z_0044_492.498069.png,#512e5f,1,52.870058,1.802388,0.072096,0.040000
z_0044_492.498069.png,#52be80,2,144.852814,4.938164,0.197527,0.040000
z_0044_492.498069.png,#5499c7,3,176.267027,6.009103,0.240364,0.040000
z_0044_492.498069.png,#7b241c,1,143.396970,4.888533,0.195541,0.040000
z_0044_492.498069.png,#82e0aa,1,112.568542,3.837564,0.153503,0.040000
z_0044_492.498069.png,#922b21,2,138.811183,4.732199,0.189288,0.040000
z_0044_492.498069.png,#9a7d0a,2,114.325902,3.897474,0.155899,0.040000
z_0044_492.498069.png,#a3e4d7,1,28.970563,0.987633,0.039505,0.040000
z_0044_492.498069.png,#a9cce3,6,34.970563,1.192178,0.047687,0.040000
z_0044_492.498069.png,#b9770e,1,66.526912,2.267963,0.090719,0.040000
z_0044_492.498069.png,#d2b4de,2,177.882251,6.064168,0.242567,0.040000
z_0044_492.498069.png,#e59866,5,234.066017,7.979523,0.319181,0.040000
z_0044_492.498069.png,#e74c3c,1,79.213203,2.700450,0.108018,0.040000
z_0044_492.498069.png,#edbb99,1,67.455844,2.299631,0.091985,0.040000
z_0044_492.498069.png,#f1948a,1,27.313708,0.931149,0.037246,0.040000
z_0044_492.498069.png,#f58231,1,57.112698,1.947024,0.077881,0.040000
z_0044_492.498069.png,#f7dc6f,2,73.355339,2.500750,0.100030,0.040000
z_0044_492.498069.png,#f8c471,2,98.426407,3.355446,0.134218,0.040000
z_0044_492.498069.png,#fad7a0,2,210.166522,7.164768,0.286591,0.040000
z_0045_493.509653.png,#0e6251,1,242.409163,8.263949,0.330558,0.040000
z_0045_493.509653.png,#1b4f72,2,264.936075,9.031912,0.361276,0.040000
z_0045_493.509653.png,#2ecc71,3,126.367532,4.307984,0.172319,0.040000
z_0045_493.509653.png,#4a235a,15,1428.562625,48.700999,1.948040,0.040000
z_0045_493.509653.png,#512e5f,1,56.526912,1.927054,0.077082,0.040000
z_0045_493.509653.png,#52be80,2,145.681241,4.966406,0.198656,0.040000
z_0045_493.509653.png,#5499c7,3,166.953319,5.691590,0.227664,0.040000
z_0045_493.509653.png,#7b241c,1,137.982756,4.703958,0.188158,0.040000
z_0045_493.509653.png,#82e0aa,1,114.911688,3.917444,0.156698,0.040000
z_0045_493.509653.png,#922b21,2,136.710678,4.660591,0.186424,0.040000
z_0045_493.509653.png,#9a7d0a,2,110.568542,3.769382,0.150775,0.040000
z_0045_493.509653.png,#a3e4d7,1,32.142136,1.095755,0.043830,0.040000
z_0045_493.509653.png,#a9cce3,4,23.313708,0.794786,0.031791,0.040000
z_0045_493.509653.png,#b9770e,1,74.526912,2.540690,0.101628,0.040000
z_0045_493.509653.png,#d2b4de,2,173.053824,5.899562,0.235982,0.040000
z_0045_493.509653.png,#e59866,6,344.048773,11.728935,0.469157,0.040000
z_0045_493.509653.png,#e74c3c,1,81.112698,2.765206,0.110608,0.040000
z_0045_493.509653.png,#edbb99,1,73.941125,2.520720,0.100829,0.040000
z_0045_493.509653.png,#f1948a,1,28.727922,0.979361,0.039174,0.040000
z_0045_493.509653.png,#f58231,1,41.455844,1.413267,0.056531,0.040000
z_0045_493.509653.png,#f7dc6f,2,87.355339,2.978023,0.119121,0.040000
z_0045_493.509653.png,#f8c471,3,122.811183,4.186745,0.167470,0.040000
z_0045_493.509653.png,#fad7a0,2,207.237590,7.064918,0.282597,0.040000
z_0046_494.521236.png,#0e6251,1,241.823376,8.243979,0.329759,0.040000
z_0046_494.521236.png,#1b4f72,2,264.936075,9.031912,0.361276,0.040000
z_0046_494.521236.png,#2ecc71,3,126.124892,4.299712,0.171988,0.040000
z_0046_494.521236.png,#4a235a,15,1427.491557,48.664485,1.946579,0.040000
z_0046_494.521236.png,#512e5f,1,56.526912,1.927054,0.077082,0.040000
z_0046_494.521236.png,#52be80,2,147.681241,5.034588,0.201384,0.040000
z_0046_494.521236.png,#5499c7,3,167.539105,5.711560,0.228462,0.040000
z_0046_494.521236.png,#7b241c,1,137.982756,4.703958,0.188158,0.040000
z_0046_494.521236.png,#82e0aa,1,115.497475,3.937414,0.157497,0.040000
z_0046_494.521236.png,#922b21,2,134.468037,4.584138,0.183366,0.040000
z_0046_494.521236.png,#9a7d0a,2,110.568542,3.769382,0.150775,0.040000
z_0046_494.521236.png,#a3e4d7,1,32.142136,1.095755,0.043830,0.040000
z_0046_494.521236.png,#a9cce3,3,22.485281,0.766544,0.030662,0.040000
z_0046_494.521236.png,#b9770e,1,75.355339,2.568932,0.102757,0.040000
z_0046_494.521236.png,#d2b4de,2,172.811183,5.891290,0.235652,0.040000
z_0046_494.521236.png,#e59866,6,347.220346,11.837057,0.473482,0.040000
z_0046_494.521236.png,#e74c3c,1,80.284271,2.736964,0.109479,0.040000
z_0046_494.521236.png,#edbb99,1,74.526912,2.540690,0.101628,0.040000
z_0046_494.521236.png,#f1948a,1,28.727922,0.979361,0.039174,0.040000
z_0046_494.521236.png,#f58231,1,40.041631,1.365056,0.054602,0.040000
z_0046_494.521236.png,#f7dc6f,2,88.769553,3.026235,0.121049,0.040000
z_0046_494.521236.png,#f8c471,3,121.982756,4.158503,0.166340,0.040000
z_0046_494.521236.png,#fad7a0,2,206.651804,7.044948,0.281798,0.040000
z_0047_495.532819.png,#0e6251,1,220.509668,7.517375,0.300695,0.040000
z_0047_495.532819.png,#1b4f72,2,249.764502,8.514699,0.340588,0.040000
z_0047_495.532819.png,#2ecc71,3,119.539105,4.075197,0.163008,0.040000
z_0047_495.532819.png,#4a235a,14,1470.219480,50.121119,2.004845,0.040000
z_0047_495.532819.png,#512e5f,1,68.526912,2.336145,0.093446,0.040000
z_0047_495.532819.png,#52be80,2,134.367532,4.580711,0.183228,0.040000
z_0047_495.532819.png,#5499c7,3,172.610173,5.884438,0.235378,0.040000
z_0047_495.532819.png,#7b241c,1,142.710678,4.865137,0.194605,0.040000
z_0047_495.532819.png,#82e0aa,1,119.053824,4.058653,0.162346,0.040000
z_0047_495.532819.png,#922b21,2,129.639610,4.419532,0.176781,0.040000
z_0047_495.532819.png,#9a7d0a,2,110.911688,3.781080,0.151243,0.040000
z_0047_495.532819.png,#a3e4d7,1,35.798990,1.220420,0.048817,0.040000
z_0047_495.532819.png,#a9cce3,2,13.656854,0.465575,0.018623,0.040000
z_0047_495.532819.png,#b9770e,1,98.083261,3.343748,0.133750,0.040000
z_0047_495.532819.png,#d2b4de,2,183.296465,6.248743,0.249950,0.040000
z_0047_495.532819.png,#e59866,7,557.529004,19.006671,0.760267,0.040000
z_0047_495.532819.png,#e74c3c,1,70.041631,2.387783,0.095511,0.040000
z_0047_495.532819.png,#edbb99,1,99.012193,3.375416,0.135017,0.040000
z_0047_495.532819.png,#f1948a,1,58.041631,1.978692,0.079148,0.040000
z_0047_495.532819.png,#f58231,1,28.485281,0.971089,0.038844,0.040000
z_0047_495.532819.png,#f7dc6f,1,107.012193,3.648143,0.145926,0.040000
z_0047_495.532819.png,#f8c471,2,145.882251,4.973259,0.198930,0.040000
z_0047_495.532819.png,#fad7a0,2,208.994949,7.124828,0.284993,0.040000
z_0048_496.544402.png,#0e6251,1,220.509668,7.517375,0.300695,0.040000
z_0048_496.544402.png,#1b4f72,2,249.764502,8.514699,0.340588,0.040000
z_0048_496.544402.png,#2ecc71,3,119.539105,4.075197,0.163008,0.040000
z_0048_496.544402.png,#4a235a,14,1464.562625,49.928271,1.997131,0.040000
z_0048_496.544402.png,#512e5f,1,68.526912,2.336145,0.093446,0.040000
z_0048_496.544402.png,#52be80,2,134.610173,4.588983,0.183559,0.040000
z_0048_496.544402.png,#5499c7,3,173.438600,5.912680,0.236507,0.040000
z_0048_496.544402.png,#7b241c,1,141.882251,4.836895,0.193476,0.040000
z_0048_496.544402.png,#82e0aa,1,119.053824,4.058653,0.162346,0.040000
z_0048_496.544402.png,#922b21,2,129.053824,4.399562,0.175982,0.040000
z_0048_496.544402.png,#9a7d0a,2,109.740115,3.741140,0.149646,0.040000
z_0048_496.544402.png,#a3e4d7,1,35.798990,1.220420,0.048817,0.040000
z_0048_496.544402.png,#a9cce3,4,13.313708,0.453876,0.018155,0.040000
z_0048_496.544402.png,#b9770e,1,98.083261,3.343748,0.133750,0.040000
z_0048_496.544402.png,#d2b4de,2,187.438600,6.389952,0.255598,0.040000
z_0048_496.544402.png,#e59866,7,552.801082,18.845491,0.753820,0.040000
z_0048_496.544402.png,#e74c3c,1,70.041631,2.387783,0.095511,0.040000
z_0048_496.544402.png,#edbb99,1,99.012193,3.375416,0.135017,0.040000
z_0048_496.544402.png,#f1948a,1,58.284271,1.986964,0.079479,0.040000
z_0048_496.544402.png,#f58231,1,27.071068,0.922877,0.036915,0.040000
z_0048_496.544402.png,#f7dc6f,1,107.012193,3.648143,0.145926,0.040000
z_0048_496.544402.png,#f8c471,2,145.296465,4.953289,0.198132,0.040000
z_0048_496.544402.png,#fad7a0,2,208.409163,7.104858,0.284194,0.040000
z_0049_497.555985.png,#0e6251,1,227.480231,7.755008,0.310200,0.040000
z_0049_497.555985.png,#1b4f72,2,248.936075,8.486457,0.339458,0.040000
z_0049_497.555985.png,#2ecc71,3,113.053824,3.854108,0.154164,0.040000
z_0049_497.555985.png,#4a235a,13,1470.663130,50.136243,2.005450,0.040000
z_0049_497.555985.png,#512e5f,1,69.941125,2.384357,0.095374,0.040000
z_0049_497.555985.png,#52be80,2,134.367532,4.580711,0.183228,0.040000
z_0049_497.555985.png,#5499c7,3,174.852814,5.960891,0.238436,0.040000
z_0049_497.555985.png,#7b241c,1,137.396970,4.683988,0.187360,0.040000
z_0049_497.555985.png,#82e0aa,1,120.468037,4.106865,0.164275,0.040000
z_0049_497.555985.png,#922b21,2,129.982756,4.431230,0.177249,0.040000
z_0049_497.555985.png,#9a7d0a,2,105.497475,3.596505,0.143860,0.040000
z_0049_497.555985.png,#a3e4d7,1,36.142136,1.232118,0.049285,0.040000
z_0049_497.555985.png,#a9cce3,6,24.970563,0.851269,0.034051,0.040000
z_0049_497.555985.png,#b9770e,1,110.325902,3.761110,0.150444,0.040000
z_0049_497.555985.png,#d2b4de,2,162.710678,5.546955,0.221878,0.040000
z_0049_497.555985.png,#e59866,9,543.629509,18.532824,0.741313,0.040000
z_0049_497.555985.png,#e74c3c,1,70.870058,2.416025,0.096641,0.040000
z_0049_497.555985.png,#edbb99,1,122.325902,4.170201,0.166808,0.040000
z_0049_497.555985.png,#f1948a,1,68.526912,2.336145,0.093446,0.040000
z_0049_497.555985.png,#f58231,1,24.485281,0.834726,0.033389,0.040000
z_0049_497.555985.png,#f7dc6f,1,103.497475,3.528323,0.141133,0.040000
z_0049_497.555985.png,#f8c471,2,150.610173,5.134438,0.205378,0.040000
z_0049_497.555985.png,#fad7a0,2,215.237590,7.337645,0.293506,0.040000
z_0050_498.567568.png,#0e6251,1,230.066017,7.843160,0.313726,0.040000
z_0050_498.567568.png,#1b4f72,2,251.421356,8.571183,0.342847,0.040000
z_0050_498.567568.png,#2ecc71,3,117.539105,4.007015,0.160281,0.040000
z_0050_498.567568.png,#4a235a,13,1459.391052,49.751968,1.990079,0.040000
z_0050_498.567568.png,#512e5f,1,72.183766,2.460810,0.098432,0.040000
z_0050_498.567568.png,#52be80,2,135.195959,4.608953,0.184358,0.040000
z_0050_498.567568.png,#5499c7,3,177.195959,6.040771,0.241631,0.040000
z_0050_498.567568.png,#7b241c,1,137.982756,4.703958,0.188158,0.040000
z_0050_498.567568.png,#82e0aa,1,121.539105,4.143379,0.165735,0.040000
z_0050_498.567568.png,#922b21,2,128.568542,4.383018,0.175321,0.040000
z_0050_498.567568.png,#9a7d0a,2,102.669048,3.500081,0.140003,0.040000
z_0050_498.567568.png,#a3e4d7,1,38.384776,1.308572,0.052343,0.040000
z_0050_498.567568.png,#a9cce3,1,10.828427,0.369151,0.014766,0.040000
z_0050_498.567568.png,#b9770e,1,121.740115,4.150231,0.166009,0.040000
z_0050_498.567568.png,#d2b4de,2,158.124892,5.390621,0.215625,0.040000
z_0050_498.567568.png,#e59866,8,533.386868,18.183643,0.727346,0.040000
z_0050_498.567568.png,#e74c3c,1,75.455844,2.572358,0.102894,0.040000
z_0050_498.567568.png,#edbb99,1,131.396970,4.479442,0.179178,0.040000
z_0050_498.567568.png,#f1948a,1,77.941125,2.657084,0.106283,0.040000
z_0050_498.567568.png,#f58231,1,24.142136,0.823027,0.032921,0.040000
z_0050_498.567568.png,#f7dc6f,1,108.669048,3.704627,0.148185,0.040000
z_0050_498.567568.png,#f8c471,2,152.852814,5.210891,0.208436,0.040000
z_0050_498.567568.png,#fad7a0,2,214.409163,7.309403,0.292376,0.040000
z_0051_499.579151.png,#0e6251,1,230.308658,7.851432,0.314057,0.040000
z_0051_499.579151.png,#1b4f72,2,248.350288,8.466487,0.338659,0.040000
z_0051_499.579151.png,#2ecc71,3,118.124892,4.026985,0.161079,0.040000
z_0051_499.579151.png,#4a235a,15,1451.533188,49.484086,1.979363,0.040000
z_0051_499.579151.png,#512e5f,1,75.355339,2.568932,0.102757,0.040000
z_0051_499.579151.png,#52be80,2,129.539105,4.416106,0.176644,0.040000
z_0051_499.579151.png,#5499c7,3,182.166522,6.210222,0.248409,0.040000
z_0051_499.579151.png,#7b241c,1,137.053824,4.672289,0.186892,0.040000
z_0051_499.579151.png,#82e0aa,1,124.124892,4.231530,0.169261,0.040000
z_0051_499.579151.png,#922b21,2,124.811183,4.254927,0.170197,0.040000
z_0051_499.579151.png,#9a7d0a,2,98.325902,3.352019,0.134081,0.040000
z_0051_499.579151.png,#a3e4d7,1,40.970563,1.396724,0.055869,0.040000
z_0051_499.579151.png,#a9cce3,7,29.798990,1.015875,0.040635,0.040000
z_0051_499.579151.png,#af7ac5,2,28.970563,0.987633,0.039505,0.040000
z_0051_499.579151.png,#b9770e,1,130.811183,4.459472,0.178379,0.040000
z_0051_499.579151.png,#d2b4de,3,158.367532,5.398893,0.215956,0.040000
z_0051_499.579151.png,#e59866,8,537.972655,18.339977,0.733599,0.040000
z_0051_499.579151.png,#e74c3c,1,77.941125,2.657084,0.106283,0.040000
z_0051_499.579151.png,#edbb99,1,137.053824,4.672289,0.186892,0.040000
z_0051_499.579151.png,#f1948a,1,83.840620,2.858203,0.114328,0.040000
z_0051_499.579151.png,#f58231,2,43.455844,1.481449,0.059258,0.040000
z_0051_499.579151.png,#f7dc6f,2,119.497475,4.073778,0.162951,0.040000
z_0051_499.579151.png,#f8c471,2,152.367532,5.194348,0.207774,0.040000
z_0051_499.579151.png,#fad7a0,2,218.066017,7.434069,0.297363,0.040000
z_0052_500.590734.png,#0e6251,1,230.066017,7.843160,0.313726,0.040000
z_0052_500.590734.png,#1b4f72,2,246.350288,8.398305,0.335932,0.040000
z_0052_500.590734.png,#2ecc71,3,116.710678,3.978773,0.159151,0.040000
z_0052_500.590734.png,#4a235a,12,1439.893578,49.087281,1.963491,0.040000
z_0052_500.590734.png,#512e5f,1,75.597980,2.577204,0.103088,0.040000
z_0052_500.590734.png,#52be80,2,126.468037,4.311410,0.172456,0.040000
z_0052_500.590734.png,#5499c7,3,179.338095,6.113799,0.244552,0.040000
z_0052_500.590734.png,#7b241c,1,131.154329,4.471170,0.178847,0.040000
z_0052_500.590734.png,#82e0aa,1,126.710678,4.319682,0.172787,0.040000
z_0052_500.590734.png,#922b21,2,126.225397,4.303139,0.172126,0.040000
z_0052_500.590734.png,#9a7d0a,2,97.840620,3.335476,0.133419,0.040000
z_0052_500.590734.png,#a3e4d7,1,45.455844,1.549631,0.061985,0.040000
z_0052_500.590734.png,#a9cce3,5,20.142136,0.686664,0.027467,0.040000
z_0052_500.590734.png,#af7ac5,2,52.526912,1.790690,0.071628,0.040000
z_0052_500.590734.png,#b9770e,1,139.053824,4.740471,0.189619,0.040000
z_0052_500.590734.png,#d2b4de,2,154.124892,5.254258,0.210170,0.040000
z_0052_500.590734.png,#e59866,8,531.002092,18.102344,0.724094,0.040000
z_0052_500.590734.png,#e74c3c,1,78.526912,2.677054,0.107082,0.040000
z_0052_500.590734.png,#edbb99,1,140.124892,4.776985,0.191079,0.040000
z_0052_500.590734.png,#f1948a,1,90.083261,3.071020,0.122841,0.040000
z_0052_500.590734.png,#f58231,2,96.325902,3.283838,0.131354,0.040000
z_0052_500.590734.png,#f7dc6f,2,114.325902,3.897474,0.155899,0.040000
z_0052_500.590734.png,#f8c471,2,156.953319,5.350681,0.214027,0.040000
z_0052_500.590734.png,#fad7a0,2,217.580736,7.417525,0.296701,0.040000
z_0053_501.602317.png,#0e6251,1,230.066017,7.843160,0.313726,0.040000
z_0053_501.602317.png,#1b4f72,2,242.693434,8.273640,0.330946,0.040000
z_0053_501.602317.png,#2ecc71,3,114.811183,3.914018,0.156561,0.040000
z_0053_501.602317.png,#4a235a,20,1473.006276,50.216123,2.008645,0.040000
z_0053_501.602317.png,#512e5f,1,76.526912,2.608872,0.104355,0.040000
z_0053_501.602317.png,#52be80,2,119.396970,4.070351,0.162814,0.040000
z_0053_501.602317.png,#5499c7,3,179.095454,6.105527,0.244221,0.040000
z_0053_501.602317.png,#7b241c,2,147.154329,5.016625,0.200665,0.040000
z_0053_501.602317.png,#82e0aa,1,130.367532,4.444348,0.177774,0.040000
z_0053_501.602317.png,#922b21,2,128.568542,4.383018,0.175321,0.040000
z_0053_501.602317.png,#9a7d0a,2,113.740115,3.877504,0.155100,0.040000
z_0053_501.602317.png,#a3e4d7,1,48.870058,1.666025,0.066641,0.040000
z_0053_501.602317.png,#a9cce3,4,19.313708,0.658422,0.026337,0.040000
z_0053_501.602317.png,#af7ac5,1,59.941125,2.043447,0.081738,0.040000
z_0053_501.602317.png,#b9770e,1,145.296465,4.953289,0.198132,0.040000
z_0053_501.602317.png,#d2b4de,2,147.882251,5.041440,0.201658,0.040000
z_0053_501.602317.png,#e59866,8,544.558441,18.564492,0.742580,0.040000
z_0053_501.602317.png,#e74c3c,1,82.769553,2.821689,0.112868,0.040000
z_0053_501.602317.png,#edbb99,1,143.296465,4.885107,0.195404,0.040000
z_0053_501.602317.png,#f1948a,1,95.740115,3.263868,0.130555,0.040000
z_0053_501.602317.png,#f58231,2,107.154329,3.652988,0.146120,0.040000
z_0053_501.602317.png,#f7dc6f,2,109.012193,3.716325,0.148653,0.040000
z_0053_501.602317.png,#f8c471,2,162.267027,5.531830,0.221273,0.040000
z_0053_501.602317.png,#fad7a0,2,214.651804,7.317675,0.292707,0.040000
z_0054_502.613900.png,#0e6251,1,230.066017,7.843160,0.313726,0.040000
z_0054_502.613900.png,#1b4f72,2,238.693434,8.137276,0.325491,0.040000
z_0054_502.613900.png,#2ecc71,3,119.053824,4.058653,0.162346,0.040000
z_0054_502.613900.png,#4a235a,14,1286.798123,43.868118,1.754725,0.040000
z_0054_502.613900.png,#512e5f,1,73.112698,2.492478,0.099699,0.040000
z_0054_502.613900.png,#52be80,2,119.882251,4.086895,0.163476,0.040000
z_0054_502.613900.png,#5499c7,3,182.509668,6.221920,0.248877,0.040000
z_0054_502.613900.png,#7b241c,2,168.953319,5.759772,0.230391,0.040000
z_0054_502.613900.png,#82e0aa,1,129.882251,4.427804,0.177112,0.040000
z_0054_502.613900.png,#922b21,2,132.325902,4.511110,0.180444,0.040000
z_0054_502.613900.png,#9a7d0a,2,114.911688,3.917444,0.156698,0.040000
z_0054_502.613900.png,#a3e4d7,1,52.284271,1.782418,0.071297,0.040000
z_0054_502.613900.png,#a9cce3,3,10.485281,0.357453,0.014298,0.040000
z_0054_502.613900.png,#af7ac5,1,67.698485,2.307903,0.092316,0.040000
z_0054_502.613900.png,#b9770e,1,148.710678,5.069682,0.202787,0.040000
z_0054_502.613900.png,#d2b4de,2,140.710678,4.796955,0.191878,0.040000
z_0054_502.613900.png,#e59866,9,516.315801,17.601675,0.704067,0.040000
z_0054_502.613900.png,#e74c3c,1,79.941125,2.725266,0.109011,0.040000
z_0054_502.613900.png,#edbb99,2,145.539105,4.961560,0.198462,0.040000
z_0054_502.613900.png,#f1948a,1,98.911688,3.371989,0.134880,0.040000
z_0054_502.613900.png,#f58231,2,115.154329,3.925716,0.157029,0.040000
z_0054_502.613900.png,#f7dc6f,3,109.840620,3.744567,0.149783,0.040000
z_0054_502.613900.png,#f8c471,2,167.195959,5.699862,0.227994,0.040000
z_0054_502.613900.png,#fad7a0,2,218.894444,7.462311,0.298492,0.040000
z_0055_503.625483.png,#0e6251,1,225.338095,7.681981,0.307279,0.040000
z_0055_503.625483.png,#1b4f72,2,237.521861,8.097336,0.323893,0.040000
z_0055_503.625483.png,#2ecc71,3,122.124892,4.163349,0.166534,0.040000
z_0055_503.625483.png,#4a235a,14,1382.195093,47.120287,1.884811,0.040000
z_0055_503.625483.png,#512e5f,1,76.183766,2.597174,0.103887,0.040000
z_0055_503.625483.png,#52be80,2,115.639610,3.942259,0.157690,0.040000
z_0055_503.625483.png,#5499c7,3,184.610173,6.293529,0.251741,0.040000
z_0055_503.625483.png,#7b241c,2,176.710678,6.024228,0.240969,0.040000
z_0055_503.625483.png,#82e0aa,1,130.225397,4.439502,0.177580,0.040000
z_0055_503.625483.png,#922b21,2,129.154329,4.402988,0.176120,0.040000
z_0055_503.625483.png,#9a7d0a,3,132.568542,4.519382,0.180775,0.040000
z_0055_503.625483.png,#a3e4d7,1,55.941125,1.907084,0.076283,0.040000
z_0055_503.625483.png,#a9cce3,4,13.313708,0.453876,0.018155,0.040000
z_0055_503.625483.png,#af7ac5,2,70.870058,2.416025,0.096641,0.040000
z_0055_503.625483.png,#b9770e,1,148.811183,5.073109,0.202924,0.040000
z_0055_503.625483.png,#d2b4de,2,136.468037,4.652319,0.186093,0.040000
z_0055_503.625483.png,#e59866,9,514.315801,17.533493,0.701340,0.040000
z_0055_503.625483.png,#e74c3c,1,79.455844,2.708722,0.108349,0.040000
z_0055_503.625483.png,#edbb99,2,138.367532,4.717075,0.188683,0.040000
z_0055_503.625483.png,#f1948a,1,104.811183,3.573109,0.142924,0.040000
z_0055_503.625483.png,#f58231,2,132.953319,4.532500,0.181300,0.040000
z_0055_503.625483.png,#f7dc6f,2,111.254834,3.792778,0.151711,0.040000
z_0055_503.625483.png,#f8c471,2,176.752309,6.025647,0.241026,0.040000
z_0055_503.625483.png,#fad7a0,2,218.066017,7.434069,0.297363,0.040000
z_0056_504.637066.png,#0e6251,1,223.923882,7.633769,0.305351,0.040000
z_0056_504.637066.png,#1b4f72,2,231.622366,7.896217,0.315849,0.040000
z_0056_504.637066.png,#2ecc71,3,122.468037,4.175047,0.167002,0.040000
z_0056_504.637066.png,#4a235a,13,902.991991,30.783818,1.231353,0.040000
z_0056_504.637066.png,#512e5f,1,74.526912,2.540690,0.101628,0.040000
z_0056_504.637066.png,#52be80,2,108.325902,3.692928,0.147717,0.040000
z_0056_504.637066.png,#5499c7,3,187.338095,6.386526,0.255461,0.040000
z_0056_504.637066.png,#7b241c,2,184.367532,6.285257,0.251410,0.040000
z_0056_504.637066.png,#82e0aa,1,131.497475,4.482868,0.179315,0.040000
z_0056_504.637066.png,#922b21,2,131.154329,4.471170,0.178847,0.040000
z_0056_504.637066.png,#9a7d0a,2,147.539105,5.029742,0.201190,0.040000
z_0056_504.637066.png,#a3e4d7,1,58.526912,1.995236,0.079809,0.040000
z_0056_504.637066.png,#a9cce3,3,16.485281,0.561998,0.022480,0.040000
z_0056_504.637066.png,#af7ac5,2,70.526912,2.404327,0.096173,0.040000
z_0056_504.637066.png,#b9770e,1,151.053824,5.149562,0.205982,0.040000
z_0056_504.637066.png,#d2b4de,2,130.325902,4.442928,0.177717,0.040000
z_0056_504.637066.png,#e59866,9,518.416306,17.673283,0.706931,0.040000
z_0056_504.637066.png,#e74c3c,1,81.112698,2.765206,0.110608,0.040000
z_0056_504.637066.png,#edbb99,2,119.882251,4.086895,0.163476,0.040000
z_0056_504.637066.png,#f1948a,1,108.568542,3.701200,0.148048,0.040000
z_0056_504.637066.png,#f58231,2,154.367532,5.262530,0.210501,0.040000
z_0056_504.637066.png,#f7dc6f,3,88.526912,3.017963,0.120719,0.040000
z_0056_504.637066.png,#f8c471,2,184.509668,6.290102,0.251604,0.040000
z_0056_504.637066.png,#fad7a0,2,220.551299,7.518794,0.300752,0.040000
z_0057_505.648649.png,#0e6251,1,224.509668,7.653739,0.306150,0.040000
z_0057_505.648649.png,#1b4f72,2,231.036580,7.876247,0.315050,0.040000
z_0057_505.648649.png,#2ecc71,3,122.468037,4.175047,0.167002,0.040000
z_0057_505.648649.png,#4a235a,13,906.891486,30.916755,1.236670,0.040000
z_0057_505.648649.png,#512e5f,1,74.526912,2.540690,0.101628,0.040000
z_0057_505.648649.png,#52be80,2,107.740115,3.672958,0.146918,0.040000
z_0057_505.648649.png,#5499c7,3,185.923882,6.338314,0.253533,0.040000
z_0057_505.648649.png,#7b241c,2,184.367532,6.285257,0.251410,0.040000
z_0057_505.648649.png,#82e0aa,1,132.911688,4.531080,0.181243,0.040000
z_0057_505.648649.png,#922b21,2,131.982756,4.499412,0.179976,0.040000
z_0057_505.648649.png,#9a7d0a,2,147.539105,5.029742,0.201190,0.040000
z_0057_505.648649.png,#a3e4d7,1,58.526912,1.995236,0.079809,0.040000
z_0057_505.648649.png,#a9cce3,1,10.828427,0.369151,0.014766,0.040000
z_0057_505.648649.png,#af7ac5,2,69.355339,2.364387,0.094575,0.040000
z_0057_505.648649.png,#b9770e,1,151.053824,5.149562,0.205982,0.040000
z_0057_505.648649.png,#d2b4de,2,129.740115,4.422958,0.176918,0.040000
z_0057_505.648649.png,#e59866,9,517.244733,17.633343,0.705334,0.040000
z_0057_505.648649.png,#e74c3c,1,80.526912,2.745236,0.109809,0.040000
z_0057_505.648649.png,#edbb99,2,119.296465,4.066925,0.162677,0.040000
z_0057_505.648649.png,#f1948a,1,110.568542,3.769382,0.150775,0.040000
z_0057_505.648649.png,#f58231,2,154.367532,5.262530,0.210501,0.040000
z_0057_505.648649.png,#f7dc6f,3,88.769553,3.026235,0.121049,0.040000
z_0057_505.648649.png,#f8c471,2,183.338095,6.250162,0.250006,0.040000
z_0057_505.648649.png,#fad7a0,2,219.379726,7.478854,0.299154,0.040000
z_0058_506.660232.png,#0e6251,1,225.681241,7.693679,0.307747,0.040000
z_0058_506.660232.png,#1b4f72,2,214.994949,7.329373,0.293175,0.040000
z_0058_506.660232.png,#2ecc71,3,121.882251,4.155077,0.166203,0.040000
z_0058_506.660232.png,#4a235a,11,1057.702669,36.058046,1.442322,0.040000
z_0058_506.660232.png,#512e5f,1,71.941125,2.452538,0.098102,0.040000
z_0058_506.660232.png,#52be80,2,95.840620,3.267294,0.130692,0.040000
z_0058_506.660232.png,#5499c7,3,200.024387,6.819013,0.272761,0.040000
z_0058_506.660232.png,#7b241c,3,183.681241,6.261860,0.250474,0.040000
z_0058_506.660232.png,#82e0aa,1,135.982756,4.635776,0.185431,0.040000
z_0058_506.660232.png,#85c1e9,2,136.669048,4.659172,0.186367,0.040000
z_0058_506.660232.png,#922b21,2,133.396970,4.547624,0.181905,0.040000
z_0058_506.660232.png,#9a7d0a,4,209.438600,7.139952,0.285598,0.040000
z_0058_506.660232.png,#a3e4d7,1,65.112698,2.219751,0.088790,0.040000
z_0058_506.660232.png,#a9cce3,4,11.313708,0.385695,0.015428,0.040000
z_0058_506.660232.png,#af7ac5,2,89.740115,3.059322,0.122373,0.040000
z_0058_506.660232.png,#b9770e,1,163.053824,5.558653,0.222346,0.040000
z_0058_506.660232.png,#d2b4de,2,118.911688,4.053808,0.162152,0.040000
z_0058_506.660232.png,#e59866,10,528.374675,18.012773,0.720511,0.040000
z_0058_506.660232.png,#e74c3c,1,78.526912,2.677054,0.107082,0.040000
z_0058_506.660232.png,#edbb99,2,109.053824,3.717744,0.148710,0.040000
z_0058_506.660232.png,#f1948a,1,120.225397,4.098593,0.163944,0.040000
z_0058_506.660232.png,#f58231,1,191.137085,6.516037,0.260641,0.040000
z_0058_506.660232.png,#f7dc6f,2,57.455844,1.958722,0.078349,0.040000
z_0058_506.660232.png,#f8c471,2,215.480231,7.345917,0.293837,0.040000
z_0058_506.660232.png,#fad7a0,2,212.894444,7.257765,0.290311,0.040000
z_0059_507.671815.png,#0e6251,1,225.338095,7.681981,0.307279,0.040000
z_0059_507.671815.png,#1b4f72,2,216.166522,7.369313,0.294773,0.040000
z_0059_507.671815.png,#2ecc71,3,121.882251,4.155077,0.166203,0.040000
z_0059_507.671815.png,#4a235a,11,1056.388960,36.013260,1.440530,0.040000
z_0059_507.671815.png,#512e5f,1,71.355339,2.432568,0.097303,0.040000
z_0059_507.671815.png,#52be80,2,96.083261,3.275566,0.131023,0.040000
z_0059_507.671815.png,#5499c7,3,200.024387,6.819013,0.272761,0.040000
z_0059_507.671815.png,#7b241c,3,184.267027,6.281830,0.251273,0.040000
z_0059_507.671815.png,#82e0aa,1,135.982756,4.635776,0.185431,0.040000
z_0059_507.671815.png,#85c1e9,2,136.669048,4.659172,0.186367,0.040000
z_0059_507.671815.png,#922b21,2,135.396970,4.615806,0.184632,0.040000
z_0059_507.671815.png,#9a7d0a,4,208.610173,7.111710,0.284468,0.040000
z_0059_507.671815.png,#a3e4d7,1,65.112698,2.219751,0.088790,0.040000
z_0059_507.671815.png,#a9cce3,4,11.313708,0.385695,0.015428,0.040000
z_0059_507.671815.png,#af7ac5,2,89.740115,3.059322,0.122373,0.040000
z_0059_507.671815.png,#b9770e,1,162.225397,5.530411,0.221216,0.040000
z_0059_507.671815.png,#d2b4de,2,118.911688,4.053808,0.162152,0.040000
z_0059_507.671815.png,#e59866,10,529.788889,18.060985,0.722439,0.040000
z_0059_507.671815.png,#e74c3c,1,79.112698,2.697024,0.107881,0.040000
z_0059_507.671815.png,#edbb99,2,111.296465,3.794198,0.151768,0.040000
z_0059_507.671815.png,#f1948a,1,120.225397,4.098593,0.163944,0.040000
z_0059_507.671815.png,#f58231,1,191.137085,6.516037,0.260641,0.040000
z_0059_507.671815.png,#f7dc6f,2,54.870058,1.870570,0.074823,0.040000
z_0059_507.671815.png,#f8c471,2,212.651804,7.249493,0.289980,0.040000
z_0059_507.671815.png,#fad7a0,2,212.894444,7.257765,0.290311,0.040000
z_0060_508.683398.png,#0e6251,1,221.338095,7.545617,0.301825,0.040000
z_0060_508.683398.png,#1b4f72,2,196.166522,6.687495,0.267500,0.040000
z_0060_508.683398.png,#2ecc71,3,115.639610,3.942259,0.157690,0.040000
z_0060_508.683398.png,#4a235a,10,991.661038,33.806626,1.352265,0.040000
z_0060_508.683398.png,#512e5f,1,71.355339,2.432568,0.097303,0.040000
z_0060_508.683398.png,#52be80,2,79.355339,2.705296,0.108212,0.040000
z_0060_508.683398.png,#5499c7,3,210.852814,7.188164,0.287527,0.040000
z_0060_508.683398.png,#7b241c,3,185.438600,6.321770,0.252871,0.040000
z_0060_508.683398.png,#82e0aa,1,133.497475,4.551050,0.182042,0.040000
z_0060_508.683398.png,#85c1e9,2,126.669048,4.318263,0.172731,0.040000
z_0060_508.683398.png,#922b21,2,134.568542,4.587564,0.183503,0.040000
z_0060_508.683398.png,#9a7d0a,2,212.994949,7.261191,0.290448,0.040000
z_0060_508.683398.png,#a3e4d7,1,69.112698,2.356115,0.094245,0.040000
z_0060_508.683398.png,#a9cce3,5,26.142136,0.891209,0.035648,0.040000
z_0060_508.683398.png,#af7ac5,2,92.325902,3.147474,0.125899,0.040000
z_0060_508.683398.png,#b9770e,1,170.610173,5.816256,0.232650,0.040000
z_0060_508.683398.png,#d2b4de,2,102.911688,3.508353,0.140334,0.040000
z_0060_508.683398.png,#e59866,7,567.529004,19.347580,0.773903,0.040000
z_0060_508.683398.png,#e74c3c,1,75.698485,2.580630,0.103225,0.040000
z_0060_508.683398.png,#edbb99,2,89.597980,3.054477,0.122179,0.040000
z_0060_508.683398.png,#f1948a,1,126.124892,4.299712,0.171988,0.040000
z_0060_508.683398.png,#f58231,1,222.208153,7.575278,0.303011,0.040000
z_0060_508.683398.png,#f7dc6f,2,48.284271,1.646055,0.065842,0.040000
z_0060_508.683398.png,#f8c471,2,206.308658,7.033250,0.281330,0.040000
z_0060_508.683398.png,#fad7a0,2,211.237590,7.201281,0.288051,0.040000
z_0061_509.694981.png,#0e6251,1,221.923882,7.565587,0.302623,0.040000
z_0061_509.694981.png,#1b4f72,2,196.166522,6.687495,0.267500,0.040000
z_0061_509.694981.png,#2ecc71,3,116.225397,3.962229,0.158489,0.040000
z_0061_509.694981.png,#4a235a,10,995.075252,33.923020,1.356921,0.040000
z_0061_509.694981.png,#512e5f,1,70.769553,2.412598,0.096504,0.040000
z_0061_509.694981.png,#52be80,2,79.355339,2.705296,0.108212,0.040000
z_0061_509.694981.png,#5499c7,3,210.024387,7.159922,0.286397,0.040000
z_0061_509.694981.png,#7b241c,3,185.681241,6.330042,0.253202,0.040000
z_0061_509.694981.png,#82e0aa,1,134.083261,4.571020,0.182841,0.040000
z_0061_509.694981.png,#85c1e9,2,125.254834,4.270051,0.170802,0.040000
z_0061_509.694981.png,#922b21,2,135.154329,4.607534,0.184301,0.040000
z_0061_509.694981.png,#9a7d0a,2,213.823376,7.289433,0.291577,0.040000
z_0061_509.694981.png,#a3e4d7,1,69.112698,2.356115,0.094245,0.040000
z_0061_509.694981.png,#a9cce3,6,26.970563,0.919451,0.036778,0.040000
z_0061_509.694981.png,#af7ac5,2,91.154329,3.107534,0.124301,0.040000
z_0061_509.694981.png,#b9770e,1,169.781746,5.788014,0.231521,0.040000
z_0061_509.694981.png,#d2b4de,2,103.497475,3.528323,0.141133,0.040000
z_0061_509.694981.png,#e59866,7,565.872150,19.291096,0.771644,0.040000
z_0061_509.694981.png,#e74c3c,1,74.870058,2.552388,0.102096,0.040000
z_0061_509.694981.png,#edbb99,2,89.012193,3.034507,0.121380,0.040000
z_0061_509.694981.png,#f1948a,1,126.710678,4.319682,0.172787,0.040000
z_0061_509.694981.png,#f58231,1,224.208153,7.643460,0.305738,0.040000
z_0061_509.694981.png,#f7dc6f,2,48.284271,1.646055,0.065842,0.040000
z_0061_509.694981.png,#f8c471,1,211.722871,7.217825,0.288713,0.040000
z_0061_509.694981.png,#fad7a0,2,210.651804,7.181311,0.287252,0.040000
z_0062_510.706564.png,#0e6251,1,220.752309,7.525647,0.301026,0.040000
z_0062_510.706564.png,#1b4f72,2,181.781746,6.197105,0.247884,0.040000
z_0062_510.706564.png,#2ecc71,4,142.124892,4.845167,0.193807,0.040000
z_0062_510.706564.png,#4a235a,7,841.837662,28.699011,1.147960,0.040000
z_0062_510.706564.png,#512e5f,1,67.355339,2.296205,0.091848,0.040000
z_0062_510.706564.png,#52be80,3,107.740115,3.672958,0.146918,0.040000
z_0062_510.706564.png,#5499c7,3,220.852814,7.529073,0.301163,0.040000
z_0062_510.706564.png,#7b241c,3,201.923882,6.883769,0.275351,0.040000
z_0062_510.706564.png,#82e0aa,1,149.053824,5.081380,0.203255,0.040000
z_0062_510.706564.png,#85c1e9,2,101.597980,3.463567,0.138543,0.040000
z_0062_510.706564.png,#922b21,2,118.911688,4.053808,0.162152,0.040000
z_0062_510.706564.png,#9a7d0a,2,197.580736,6.735707,0.269428,0.040000
z_0062_510.706564.png,#a3e4d7,1,88.183766,3.006265,0.120251,0.040000
z_0062_510.706564.png,#a9cce3,7,23.798990,0.811329,0.032453,0.040000
z_0062_510.706564.png,#af7ac5,2,64.769553,2.208053,0.088322,0.040000
z_0062_510.706564.png,#b9770e,1,170.610173,5.816256,0.232650,0.040000
z_0062_510.706564.png,#d2b4de,2,101.154329,3.448443,0.137938,0.040000
z_0062_510.706564.png,#e59866,7,541.487373,18.459797,0.738392,0.040000
z_0062_510.706564.png,#e74c3c,1,72.284271,2.464237,0.098569,0.040000
z_0062_510.706564.png,#edbb99,2,85.355339,2.909841,0.116394,0.040000
z_0062_510.706564.png,#f1948a,1,138.710678,4.728773,0.189151,0.040000
z_0062_510.706564.png,#f58231,2,239.521861,8.165518,0.326621,0.040000
z_0062_510.706564.png,#f7dc6f,3,98.426407,3.355446,0.134218,0.040000
z_0062_510.706564.png,#f8c471,2,183.580736,6.258434,0.250337,0.040000
z_0062_510.706564.png,#fad7a0,2,221.237590,7.542191,0.301688,0.040000
z_0063_511.718147.png,#0e6251,1,220.752309,7.525647,0.301026,0.040000
z_0063_511.718147.png,#1b4f72,2,183.195959,6.245317,0.249813,0.040000
z_0063_511.718147.png,#2ecc71,4,141.296465,4.816925,0.192677,0.040000
z_0063_511.718147.png,#4a235a,7,844.322943,28.783737,1.151349,0.040000
z_0063_511.718147.png,#512e5f,1,67.355339,2.296205,0.091848,0.040000
z_0063_511.718147.png,#52be80,3,108.568542,3.701200,0.148048,0.040000
z_0063_511.718147.png,#5499c7,3,220.852814,7.529073,0.301163,0.040000
z_0063_511.718147.png,#7b241c,3,202.752309,6.912011,0.276480,0.040000
z_0063_511.718147.png,#82e0aa,1,151.053824,5.149562,0.205982,0.040000
z_0063_511.718147.png,#85c1e9,2,102.183766,3.483537,0.139341,0.040000
z_0063_511.718147.png,#922b21,2,118.911688,4.053808,0.162152,0.040000
z_0063_511.718147.png,#9a7d0a,2,198.166522,6.755677,0.270227,0.040000
z_0063_511.718147.png,#a3e4d7,1,88.183766,3.006265,0.120251,0.040000
z_0063_511.718147.png,#a9cce3,7,23.798990,0.811329,0.032453,0.040000
z_0063_511.718147.png,#af7ac5,2,64.769553,2.208053,0.088322,0.040000
z_0063_511.718147.png,#b9770e,1,170.610173,5.816256,0.232650,0.040000
z_0063_511.718147.png,#d2b4de,2,99.740115,3.400231,0.136009,0.040000
z_0063_511.718147.png,#e59866,7,540.558441,18.428129,0.737125,0.040000
z_0063_511.718147.png,#e74c3c,1,72.284271,2.464237,0.098569,0.040000
z_0063_511.718147.png,#edbb99,2,85.941125,2.929811,0.117192,0.040000
z_0063_511.718147.png,#f1948a,1,137.882251,4.700531,0.188021,0.040000
z_0063_511.718147.png,#f58231,2,239.521861,8.165518,0.326621,0.040000
z_0063_511.718147.png,#f7dc6f,3,97.840620,3.335476,0.133419,0.040000
z_0063_511.718147.png,#f8c471,2,184.166522,6.278404,0.251136,0.040000
z_0063_511.718147.png,#fad7a0,2,220.066017,7.502251,0.300090,0.040000
z_0064_512.729730.png,#0e6251,1,218.509668,7.449193,0.297968,0.040000
z_0064_512.729730.png,#1b4f72,2,176.994949,6.033919,0.241357,0.040000
z_0064_512.729730.png,#2ecc71,4,161.438600,5.503589,0.220144,0.040000
z_0064_512.729730.png,#4a235a,7,825.394011,28.138432,1.125537,0.040000
z_0064_512.729730.png,#512e5f,1,62.870058,2.143297,0.085732,0.040000
z_0064_512.729730.png,#52be80,4,133.882251,4.564168,0.182567,0.040000
z_0064_512.729730.png,#5499c7,3,223.923882,7.633769,0.305351,0.040000
z_0064_512.729730.png,#7b241c,3,209.237590,7.133100,0.285324,0.040000
z_0064_512.729730.png,#82e0aa,1,155.882251,5.314168,0.212567,0.040000
z_0064_512.729730.png,#85c1e9,2,92.284271,3.146055,0.125842,0.040000
z_0064_512.729730.png,#922b21,2,117.254834,3.997324,0.159893,0.040000
z_0064_512.729730.png,#9a7d0a,2,201.923882,6.883769,0.275351,0.040000
z_0064_512.729730.png,#a3e4d7,1,83.941125,2.861629,0.114465,0.040000
z_0064_512.729730.png,#a9cce3,3,8.485281,0.289271,0.011571,0.040000
z_0064_512.729730.png,#af7ac5,2,64.284271,2.191509,0.087660,0.040000
z_0064_512.729730.png,#b9770e,1,168.367532,5.739802,0.229592,0.040000
z_0064_512.729730.png,#d2b4de,2,94.083261,3.207384,0.128295,0.040000
z_0064_512.729730.png,#e59866,7,556.215295,18.961885,0.758475,0.040000
z_0064_512.729730.png,#e74c3c,1,73.112698,2.492478,0.099699,0.040000
z_0064_512.729730.png,#edbb99,2,87.597980,2.986295,0.119452,0.040000
z_0064_512.729730.png,#f1948a,1,141.781746,4.833469,0.193339,0.040000
z_0064_512.729730.png,#f58231,2,233.137085,7.947855,0.317914,0.040000
z_0064_512.729730.png,#f7dc6f,2,65.455844,2.231449,0.089258,0.040000
z_0064_512.729730.png,#f8c471,2,158.852814,5.415437,0.216617,0.040000
z_0064_512.729730.png,#fad7a0,2,216.308658,7.374159,0.294966,0.040000
z_0065_513.741313.png,#0e6251,1,221.095454,7.537345,0.301494,0.040000
z_0065_513.741313.png,#1b4f72,2,177.237590,6.042191,0.241688,0.040000
z_0065_513.741313.png,#2ecc71,4,175.923882,5.997405,0.239896,0.040000
z_0065_513.741313.png,#4a235a,9,852.707720,29.069581,1.162783,0.040000
z_0065_513.741313.png,#512e5f,1,56.970563,1.942178,0.077687,0.040000
z_0065_513.741313.png,#52be80,4,195.580736,6.667525,0.266701,0.040000
z_0065_513.741313.png,#5499c7,4,276.693434,9.432731,0.377309,0.040000
z_0065_513.741313.png,#7b241c,3,221.237590,7.542191,0.301688,0.040000
z_0065_513.741313.png,#82e0aa,2,148.124892,5.049712,0.201988,0.040000
z_0065_513.741313.png,#85c1e9,2,96.769553,3.298962,0.131958,0.040000
z_0065_513.741313.png,#922b21,2,111.597980,3.804477,0.152179,0.040000
z_0065_513.741313.png,#9a7d0a,2,198.166522,6.755677,0.270227,0.040000
z_0065_513.741313.png,#a3e4d7,1,80.526912,2.745236,0.109809,0.040000
z_0065_513.741313.png,#a9cce3,2,9.656854,0.329211,0.013168,0.040000
z_0065_513.741313.png,#af7ac5,3,85.597980,2.918113,0.116725,0.040000
z_0065_513.741313.png,#b9770e,1,168.953319,5.759772,0.230391,0.040000
z_0065_513.741313.png,#d2b4de,2,96.325902,3.283838,0.131354,0.040000
z_0065_513.741313.png,#e59866,8,541.244733,18.451525,0.738061,0.040000
z_0065_513.741313.png,#e74c3c,1,69.698485,2.376085,0.095043,0.040000
z_0065_513.741313.png,#edbb99,2,91.012193,3.102688,0.124108,0.040000
z_0065_513.741313.png,#f1948a,1,141.539105,4.825197,0.193008,0.040000
z_0065_513.741313.png,#f58231,2,225.137085,7.675128,0.307005,0.040000
z_0065_513.741313.png,#f7dc6f,2,62.627417,2.135026,0.085401,0.040000
z_0065_513.741313.png,#f8c471,2,131.639610,4.487714,0.179509,0.040000
z_0065_513.741313.png,#fad7a0,2,214.409163,7.309403,0.292376,0.040000
z_0066_514.752896.png,#0e6251,1,223.923882,7.633769,0.305351,0.040000
z_0066_514.752896.png,#1b4f72,2,176.409163,6.013949,0.240558,0.040000
z_0066_514.752896.png,#2ecc71,4,176.509668,6.017375,0.240695,0.040000
z_0066_514.752896.png,#4a235a,8,843.293506,28.748642,1.149946,0.040000
z_0066_514.752896.png,#512e5f,1,55.455844,1.890540,0.075622,0.040000
z_0066_514.752896.png,#52be80,4,256.450793,8.742641,0.349706,0.040000
z_0066_514.752896.png,#5499c7,5,319.078210,10.877666,0.435107,0.040000
z_0066_514.752896.png,#7b241c,3,240.208153,8.188914,0.327557,0.040000
z_0066_514.752896.png,#82e0aa,2,143.053824,4.876835,0.195073,0.040000
z_0066_514.752896.png,#85c1e9,2,91.941125,3.134357,0.125374,0.040000
z_0066_514.752896.png,#922b21,2,107.012193,3.648143,0.145926,0.040000
z_0066_514.752896.png,#9a7d0a,1,32.970563,1.123996,0.044960,0.040000
z_0066_514.752896.png,#a3e4d7,1,76.526912,2.608872,0.104355,0.040000
z_0066_514.752896.png,#a9cce3,4,11.313708,0.385695,0.015428,0.040000
z_0066_514.752896.png,#af7ac5,4,121.497475,4.141959,0.165678,0.040000
z_0066_514.752896.png,#b9770e,1,166.367532,5.671620,0.226865,0.040000
z_0066_514.752896.png,#d2b4de,2,94.911688,3.235626,0.129425,0.040000
z_0066_514.752896.png,#e59866,8,548.416306,18.696010,0.747840,0.040000
z_0066_514.752896.png,#e74c3c,1,71.941125,2.452538,0.098102,0.040000
z_0066_514.752896.png,#edbb99,2,91.840620,3.130930,0.125237,0.040000
z_0066_514.752896.png,#f1948a,1,145.539105,4.961560,0.198462,0.040000
z_0066_514.752896.png,#f58231,2,221.965512,7.567006,0.302680,0.040000
z_0066_514.752896.png,#f7dc6f,2,61.213203,2.086814,0.083473,0.040000
z_0066_514.752896.png,#f8c471,1,109.740115,3.741140,0.149646,0.040000
z_0066_514.752896.png,#fad7a0,2,214.166522,7.301131,0.292045,0.040000
z_0067_515.764479.png,#0e6251,1,222.509668,7.585557,0.303422,0.040000
z_0067_515.764479.png,#1b4f72,2,182.752309,6.230192,0.249208,0.040000
z_0067_515.764479.png,#2ecc71,5,205.237590,6.996736,0.279869,0.040000
z_0067_515.764479.png,#4a235a,13,935.820418,31.902969,1.276119,0.040000
z_0067_515.764479.png,#512e5f,1,51.213203,1.745905,0.069836,0.040000
z_0067_515.764479.png,#52be80,4,281.965512,9.612461,0.384498,0.040000
z_0067_515.764479.png,#5499c7,3,339.563492,11.576028,0.463041,0.040000
z_0067_515.764479.png,#7b241c,3,253.480231,8.641372,0.345655,0.040000
z_0067_515.764479.png,#82e0aa,1,136.568542,4.655746,0.186230,0.040000
z_0067_515.764479.png,#85c1e9,2,93.840620,3.199112,0.127964,0.040000
z_0067_515.764479.png,#922b21,2,99.840620,3.403658,0.136146,0.040000
z_0067_515.764479.png,#9a7d0a,1,32.142136,1.095755,0.043830,0.040000
z_0067_515.764479.png,#a3e4d7,1,69.455844,2.367813,0.094713,0.040000
z_0067_515.764479.png,#a9cce3,3,10.485281,0.357453,0.014298,0.040000
z_0067_515.764479.png,#af7ac5,3,131.154329,4.471170,0.178847,0.040000
z_0067_515.764479.png,#b9770e,1,165.053824,5.626835,0.225073,0.040000
z_0067_515.764479.png,#d2b4de,2,87.840620,2.994567,0.119783,0.040000
z_0067_515.764479.png,#e59866,7,556.901587,18.985281,0.759411,0.040000
z_0067_515.764479.png,#e74c3c,1,77.355339,2.637114,0.105485,0.040000
z_0067_515.764479.png,#edbb99,2,96.426407,3.287264,0.131491,0.040000
z_0067_515.764479.png,#f1948a,1,148.124892,5.049712,0.201988,0.040000
z_0067_515.764479.png,#f58231,2,224.793939,7.663430,0.306537,0.040000
z_0067_515.764479.png,#f7dc6f,1,19.071068,0.650150,0.026006,0.040000
z_0067_515.764479.png,#f8c471,2,131.396970,4.479442,0.179178,0.040000
z_0067_515.764479.png,#fad7a0,2,217.137085,7.402401,0.296096,0.040000
z_0068_516.776062.png,#0e6251,1,225.580736,7.690252,0.307610,0.040000
z_0068_516.776062.png,#1b4f72,2,177.237590,6.042191,0.241688,0.040000
z_0068_516.776062.png,#2ecc71,5,213.137085,7.266037,0.290641,0.040000
z_0068_516.776062.png,#4a235a,13,901.193001,30.722489,1.228900,0.040000
z_0068_516.776062.png,#512e5f,1,50.284271,1.714237,0.068569,0.040000
z_0068_516.776062.png,#52be80,3,307.764502,10.491972,0.419679,0.040000
z_0068_516.776062.png,#5499c7,3,328.391919,11.195179,0.447807,0.040000
z_0068_516.776062.png,#7b241c,3,234.994949,8.011191,0.320448,0.040000
z_0068_516.776062.png,#82e0aa,1,139.639610,4.760441,0.190418,0.040000
z_0068_516.776062.png,#85c1e9,2,97.597980,3.327204,0.133088,0.040000
z_0068_516.776062.png,#922b21,2,97.840620,3.335476,0.133419,0.040000
z_0068_516.776062.png,#9a7d0a,1,32.142136,1.095755,0.043830,0.040000
z_0068_516.776062.png,#a3e4d7,1,40.041631,1.365056,0.054602,0.040000
z_0068_516.776062.png,#a9cce3,5,22.142136,0.754846,0.030194,0.040000
z_0068_516.776062.png,#af7ac5,3,141.639610,4.828623,0.193145,0.040000
z_0068_516.776062.png,#b9770e,1,163.639610,5.578623,0.223145,0.040000
z_0068_516.776062.png,#d2b4de,3,84.083261,2.866475,0.114659,0.040000
z_0068_516.776062.png,#e59866,8,556.558441,18.973583,0.758943,0.040000
z_0068_516.776062.png,#e74c3c,1,77.840620,2.653658,0.106146,0.040000
z_0068_516.776062.png,#edbb99,2,95.497475,3.255596,0.130224,0.040000
z_0068_516.776062.png,#f1948a,1,151.195959,5.154408,0.206176,0.040000
z_0068_516.776062.png,#f58231,2,223.137085,7.606946,0.304278,0.040000
z_0068_516.776062.png,#f7dc6f,1,34.627417,1.180480,0.047219,0.040000
z_0068_516.776062.png,#f8c471,2,141.396970,4.820351,0.192814,0.040000
z_0068_516.776062.png,#fad7a0,2,212.308658,7.237795,0.289512,0.040000
z_0069_517.787645.png,#0e6251,1,224.752309,7.662011,0.306480,0.040000
z_0069_517.787645.png,#1b4f72,2,176.994949,6.033919,0.241357,0.040000
z_0069_517.787645.png,#2ecc71,5,209.823376,7.153070,0.286123,0.040000
z_0069_517.787645.png,#4a235a,13,819.737157,27.945585,1.117823,0.040000
z_0069_517.787645.png,#512e5f,1,46.627417,1.589571,0.063583,0.040000
z_0069_517.787645.png,#52be80,3,315.521861,10.756427,0.430257,0.040000
z_0069_517.787645.png,#5499c7,3,306.592929,10.452032,0.418081,0.040000
z_0069_517.787645.png,#7b241c,3,190.710678,6.501500,0.260060,0.040000
z_0069_517.787645.png,#82e0aa,1,145.053824,4.945017,0.197801,0.040000
z_0069_517.787645.png,#85c1e9,2,101.497475,3.460141,0.138406,0.040000
z_0069_517.787645.png,#922b21,2,92.669048,3.159172,0.126367,0.040000
z_0069_517.787645.png,#9a7d0a,1,30.727922,1.047543,0.041902,0.040000
z_0069_517.787645.png,#a3e4d7,1,31.556349,1.075785,0.043031,0.040000
z_0069_517.787645.png,#a9cce3,3,12.485281,0.425635,0.017025,0.040000
z_0069_517.787645.png,#af7ac5,2,172.166522,5.869313,0.234773,0.040000
z_0069_517.787645.png,#b9770e,1,160.811183,5.482199,0.219288,0.040000
z_0069_517.787645.png,#d2b4de,2,78.769553,2.685326,0.107413,0.040000
z_0069_517.787645.png,#e59866,8,543.386868,18.524552,0.740982,0.040000
z_0069_517.787645.png,#e74c3c,1,78.769553,2.685326,0.107413,0.040000
z_0069_517.787645.png,#edbb99,2,96.325902,3.283838,0.131354,0.040000
z_0069_517.787645.png,#f1948a,1,155.195959,5.290771,0.211631,0.040000
z_0069_517.787645.png,#f58231,2,225.965512,7.703370,0.308135,0.040000
z_0069_517.787645.png,#f7dc6f,1,38.041631,1.296874,0.051875,0.040000
z_0069_517.787645.png,#f8c471,2,155.053824,5.285926,0.211437,0.040000
z_0069_517.787645.png,#fad7a0,2,214.066017,7.297705,0.291908,0.040000
z_0070_518.799228.png,#0e6251,1,228.066017,7.774978,0.310999,0.040000
z_0070_518.799228.png,#1b4f72,2,180.509668,6.153739,0.246150,0.040000
z_0070_518.799228.png,#2ecc71,5,200.409163,6.832131,0.273285,0.040000
z_0070_518.799228.png,#4a235a,12,729.938167,24.884256,0.995370,0.040000
z_0070_518.799228.png,#512e5f,1,44.627417,1.521389,0.060856,0.040000
z_0070_518.799228.png,#52be80,4,340.149278,11.595998,0.463840,0.040000
z_0070_518.799228.png,#5499c7,3,301.906638,10.292272,0.411691,0.040000
z_0070_518.799228.png,#7b241c,2,174.367532,5.944348,0.237774,0.040000
z_0070_518.799228.png,#82e0aa,1,133.396970,4.547624,0.181905,0.040000
z_0070_518.799228.png,#85c1e9,2,106.325902,3.624747,0.144990,0.040000
z_0070_518.799228.png,#922b21,2,88.669048,3.022808,0.120912,0.040000
z_0070_518.799228.png,#9a7d0a,1,29.313708,0.999331,0.039973,0.040000
z_0070_518.799228.png,#a3e4d7,1,44.284271,1.509691,0.060388,0.040000
z_0070_518.799228.png,#a9cce3,5,22.142136,0.754846,0.030194,0.040000
z_0070_518.799228.png,#af7ac5,2,169.580736,5.781161,0.231246,0.040000
z_0070_518.799228.png,#b9770e,1,160.811183,5.482199,0.219288,0.040000
z_0070_518.799228.png,#d2b4de,2,73.941125,2.520720,0.100829,0.040000
z_0070_518.799228.png,#e59866,8,546.357431,18.625822,0.745033,0.040000
z_0070_518.799228.png,#e74c3c,1,79.112698,2.697024,0.107881,0.040000
z_0070_518.799228.png,#edbb99,2,97.740115,3.332049,0.133282,0.040000
z_0070_518.799228.png,#f1948a,1,158.267027,5.395467,0.215819,0.040000
z_0070_518.799228.png,#f58231,3,263.178716,8.972002,0.358880,0.040000
z_0070_518.799228.png,#f7dc6f,2,54.284271,1.850600,0.074024,0.040000
z_0070_518.799228.png,#f8c471,1,153.396970,5.229442,0.209178,0.040000
z_0070_518.799228.png,#fad7a0,2,202.308658,6.896886,0.275875,0.040000
z_0071_519.810811.png,#0e6251,1,226.651804,7.726766,0.309071,0.040000
z_0071_519.810811.png,#1b4f72,2,180.509668,6.153739,0.246150,0.040000
z_0071_519.810811.png,#2ecc71,5,201.237590,6.860372,0.274415,0.040000
z_0071_519.810811.png,#4a235a,12,730.766594,24.912498,0.996500,0.040000
z_0071_519.810811.png,#512e5f,1,44.627417,1.521389,0.060856,0.040000
z_0071_519.810811.png,#52be80,4,340.492424,11.607696,0.464308,0.040000
z_0071_519.810811.png,#5499c7,3,303.320851,10.340484,0.413619,0.040000
z_0071_519.810811.png,#7b241c,2,175.781746,5.992560,0.239702,0.040000
z_0071_519.810811.png,#82e0aa,1,133.396970,4.547624,0.181905,0.040000
z_0071_519.810811.png,#85c1e9,2,105.740115,3.604777,0.144191,0.040000
z_0071_519.810811.png,#922b21,2,89.254834,3.042778,0.121711,0.040000
z_0071_519.810811.png,#9a7d0a,1,29.313708,0.999331,0.039973,0.040000
z_0071_519.810811.png,#a3e4d7,1,45.698485,1.557903,0.062316,0.040000
z_0071_519.810811.png,#a9cce3,7,27.798990,0.947693,0.037908,0.040000
z_0071_519.810811.png,#af7ac5,2,169.580736,5.781161,0.231246,0.040000
z_0071_519.810811.png,#b9770e,1,160.811183,5.482199,0.219288,0.040000
z_0071_519.810811.png,#d2b4de,2,73.355339,2.500750,0.100030,0.040000
z_0071_519.810811.png,#e59866,8,552.357431,18.830367,0.753215,0.040000
z_0071_519.810811.png,#e74c3c,1,79.112698,2.697024,0.107881,0.040000
z_0071_519.810811.png,#edbb99,2,97.740115,3.332049,0.133282,0.040000
z_0071_519.810811.png,#f1948a,1,157.438600,5.367225,0.214689,0.040000
z_0071_519.810811.png,#f58231,3,262.936075,8.963730,0.358549,0.040000
z_0071_519.810811.png,#f7dc6f,2,49.455844,1.685995,0.067440,0.040000
z_0071_519.810811.png,#f8c471,1,154.225397,5.257684,0.210307,0.040000
z_0071_519.810811.png,#fad7a0,2,202.894444,6.916856,0.276674,0.040000
z_0072_520.822394.png,#0e6251,1,230.651804,7.863130,0.314525,0.040000
z_0072_520.822394.png,#1b4f72,2,175.338095,5.977435,0.239097,0.040000
z_0072_520.822394.png,#2ecc71,4,208.066017,7.093160,0.283726,0.040000
z_0072_520.822394.png,#4a235a,12,550.842712,18.778729,0.751149,0.040000
z_0072_520.822394.png,#512e5f,1,46.041631,1.569601,0.062784,0.040000
z_0072_520.822394.png,#52be80,5,353.948268,12.066418,0.482657,0.040000
z_0072_520.822394.png,#5499c7,4,292.735065,9.979604,0.399184,0.040000
z_0072_520.822394.png,#7b241c,2,142.367532,4.853439,0.194138,0.040000
z_0072_520.822394.png,#82e0aa,1,133.396970,4.547624,0.181905,0.040000
z_0072_520.822394.png,#85c1e9,2,99.740115,3.400231,0.136009,0.040000
z_0072_520.822394.png,#922b21,2,81.254834,2.770051,0.110802,0.040000
z_0072_520.822394.png,#9a7d0a,2,132.225397,4.507684,0.180307,0.040000
z_0072_520.822394.png,#a3e4d7,1,71.497475,2.437414,0.097497,0.040000
z_0072_520.822394.png,#a9cce3,5,14.142136,0.482118,0.019285,0.040000
z_0072_520.822394.png,#af7ac5,2,172.651804,5.885857,0.235434,0.040000
z_0072_520.822394.png,#b9770e,1,158.468037,5.402319,0.216093,0.040000
z_0072_520.822394.png,#cb4335,1,35.798990,1.220420,0.048817,0.040000
z_0072_520.822394.png,#d2b4de,2,67.597980,2.304477,0.092179,0.040000
z_0072_520.822394.png,#e59866,8,503.730014,17.172614,0.686905,0.040000
z_0072_520.822394.png,#e74c3c,1,81.941125,2.793447,0.111738,0.040000
z_0072_520.822394.png,#edbb99,2,100.083261,3.411929,0.136477,0.040000
z_0072_520.822394.png,#f1948a,1,157.539105,5.370651,0.214826,0.040000
z_0072_520.822394.png,#f58231,4,344.190909,11.733781,0.469351,0.040000
z_0072_520.822394.png,#f7dc6f,1,43.213203,1.473177,0.058927,0.040000
z_0072_520.822394.png,#f8c471,1,163.740115,5.582049,0.223282,0.040000
z_0072_520.822394.png,#fad7a0,2,201.965512,6.885188,0.275408,0.040000
z_0073_521.833977.png,#0e6251,1,231.480231,7.891372,0.315655,0.040000
z_0073_521.833977.png,#1b4f72,2,174.752309,5.957465,0.238299,0.040000
z_0073_521.833977.png,#2ecc71,4,206.651804,7.044948,0.281798,0.040000
z_0073_521.833977.png,#4a235a,11,496.901587,16.939827,0.677593,0.040000
z_0073_521.833977.png,#512e5f,1,46.041631,1.569601,0.062784,0.040000
z_0073_521.833977.png,#52be80,6,322.048773,10.978935,0.439157,0.040000
z_0073_521.833977.png,#5499c7,4,281.421356,9.593910,0.383756,0.040000
z_0073_521.833977.png,#7b241c,2,138.953319,4.737045,0.189482,0.040000
z_0073_521.833977.png,#82e0aa,1,135.639610,4.624078,0.184963,0.040000
z_0073_521.833977.png,#85c1e9,3,117.154329,3.993898,0.159756,0.040000
z_0073_521.833977.png,#922b21,2,82.669048,2.818263,0.112731,0.040000
z_0073_521.833977.png,#9a7d0a,2,123.154329,4.198443,0.167938,0.040000
z_0073_521.833977.png,#a3e4d7,1,88.325902,3.011110,0.120444,0.040000
z_0073_521.833977.png,#a9cce3,8,48.627417,1.657753,0.066310,0.040000
z_0073_521.833977.png,#af7ac5,3,191.379726,6.524309,0.260972,0.040000
z_0073_521.833977.png,#b9770e,1,153.396970,5.229442,0.209178,0.040000
z_0073_521.833977.png,#d2b4de,3,66.769553,2.276235,0.091049,0.040000
z_0073_521.833977.png,#e59866,8,434.960461,14.828198,0.593128,0.040000
z_0073_521.833977.png,#e74c3c,1,81.355339,2.773477,0.110939,0.040000
z_0073_521.833977.png,#edbb99,2,99.254834,3.383688,0.135348,0.040000
z_0073_521.833977.png,#f1948a,1,159.882251,5.450531,0.218021,0.040000
z_0073_521.833977.png,#f58231,3,340.877200,11.620814,0.464833,0.040000
z_0073_521.833977.png,#f7dc6f,1,44.627417,1.521389,0.060856,0.040000
z_0073_521.833977.png,#f8c471,1,166.468037,5.675047,0.227002,0.040000
z_0073_521.833977.png,#fad7a0,2,199.137085,6.788764,0.271551,0.040000
z_0074_522.845560.png,#0e6251,1,235.965512,8.044279,0.321771,0.040000
z_0074_522.845560.png,#1b4f72,2,175.095454,5.969163,0.238767,0.040000
z_0074_522.845560.png,#2ecc71,4,209.580736,7.144798,0.285792,0.040000
z_0074_522.845560.png,#4a235a,10,532.658946,18.158828,0.726353,0.040000
z_0074_522.845560.png,#512e5f,1,52.870058,1.802388,0.072096,0.040000
z_0074_522.845560.png,#52be80,7,305.320851,10.408665,0.416347,0.040000
z_0074_522.845560.png,#5499c7,4,274.936075,9.372821,0.374913,0.040000
z_0074_522.845560.png,#7b241c,2,137.539105,4.688833,0.187553,0.040000
z_0074_522.845560.png,#82e0aa,2,135.882251,4.632349,0.185294,0.040000
z_0074_522.845560.png,#85c1e9,3,143.882251,4.905077,0.196203,0.040000
z_0074_522.845560.png,#922b21,2,88.325902,3.011110,0.120444,0.040000
z_0074_522.845560.png,#9a7d0a,2,109.840620,3.744567,0.149783,0.040000
z_0074_522.845560.png,#a3e4d7,1,97.982756,3.340321,0.133613,0.040000
z_0074_522.845560.png,#a9cce3,10,36.284271,1.236964,0.049479,0.040000
z_0074_522.845560.png,#af7ac5,5,268.735065,9.161423,0.366457,0.040000
z_0074_522.845560.png,#b9770e,1,152.225397,5.189502,0.207580,0.040000
z_0074_522.845560.png,#d2b4de,2,61.698485,2.103357,0.084134,0.040000
z_0074_522.845560.png,#e59866,8,377.747258,12.877747,0.515110,0.040000
z_0074_522.845560.png,#e74c3c,1,81.355339,2.773477,0.110939,0.040000
z_0074_522.845560.png,#edbb99,2,98.426407,3.355446,0.134218,0.040000
z_0074_522.845560.png,#f1948a,1,157.639610,5.374078,0.214963,0.040000
z_0074_522.845560.png,#f58231,3,354.877200,12.098086,0.483923,0.040000
z_0074_522.845560.png,#f7dc6f,1,41.213203,1.404996,0.056200,0.040000
z_0074_522.845560.png,#f8c471,2,165.396970,5.638533,0.225541,0.040000
z_0074_522.845560.png,#fad7a0,2,194.066017,6.615887,0.264635,0.040000
z_0075_523.857143.png,#0e6251,1,236.793939,8.072521,0.322901,0.040000
z_0075_523.857143.png,#1b4f72,2,180.166522,6.142041,0.245682,0.040000
z_0075_523.857143.png,#2ecc71,4,218.208153,7.438914,0.297557,0.040000
z_0075_523.857143.png,#4a235a,11,515.931024,17.588558,0.703542,0.040000
z_0075_523.857143.png,#512e5f,1,55.698485,1.898812,0.075952,0.040000
z_0075_523.857143.png,#52be80,7,334.048773,11.388026,0.455521,0.040000
z_0075_523.857143.png,#5499c7,4,276.350288,9.421033,0.376841,0.040000
z_0075_523.857143.png,#7b241c,2,129.639610,4.419532,0.176781,0.040000
z_0075_523.857143.png,#82e0aa,1,131.882251,4.495986,0.179839,0.040000
z_0075_523.857143.png,#85c1e9,2,197.379726,6.728854,0.269154,0.040000
z_0075_523.857143.png,#922b21,2,89.497475,3.051050,0.122042,0.040000
z_0075_523.857143.png,#9a7d0a,2,103.497475,3.528323,0.141133,0.040000
z_0075_523.857143.png,#a3e4d7,1,94.568542,3.223928,0.128957,0.040000
z_0075_523.857143.png,#a9cce3,8,38.627417,1.316844,0.052674,0.040000
z_0075_523.857143.png,#af7ac5,5,280.391919,9.558815,0.382353,0.040000
z_0075_523.857143.png,#b9770e,1,149.053824,5.081380,0.203255,0.040000
z_0075_523.857143.png,#d2b4de,2,61.941125,2.111629,0.084465,0.040000
z_0075_523.857143.png,#e59866,7,337.847763,11.517537,0.460701,0.040000
z_0075_523.857143.png,#e74c3c,1,84.526912,2.881599,0.115264,0.040000
z_0075_523.857143.png,#edbb99,2,98.426407,3.355446,0.134218,0.040000
z_0075_523.857143.png,#f1948a,1,155.396970,5.297624,0.211905,0.040000
z_0075_523.857143.png,#f58231,3,358.048773,12.206208,0.488248,0.040000
z_0075_523.857143.png,#f7dc6f,1,36.384776,1.240390,0.049616,0.040000
z_0075_523.857143.png,#f8c471,2,161.053824,5.490471,0.219619,0.040000
z_0075_523.857143.png,#fad7a0,2,197.722871,6.740552,0.269622,0.040000
z_0076_524.868726.png,#0e6251,1,239.036580,8.148974,0.325959,0.040000
z_0076_524.868726.png,#1b4f72,2,176.752309,6.025647,0.241026,0.040000
z_0076_524.868726.png,#2ecc71,4,217.379726,7.410672,0.296427,0.040000
z_0076_524.868726.png,#4a235a,12,567.327994,19.340727,0.773629,0.040000
z_0076_524.868726.png,#512e5f,1,56.284271,1.918782,0.076751,0.040000
z_0076_524.868726.png,#52be80,7,336.048773,11.456208,0.458248,0.040000
z_0076_524.868726.png,#5499c7,4,270.936075,9.236457,0.369458,0.040000
z_0076_524.868726.png,#7b241c,2,125.882251,4.291440,0.171658,0.040000
z_0076_524.868726.png,#82e0aa,2,132.710678,4.524228,0.180969,0.040000
z_0076_524.868726.png,#85c1e9,2,200.208153,6.825278,0.273011,0.040000
z_0076_524.868726.png,#922b21,2,92.669048,3.159172,0.126367,0.040000
z_0076_524.868726.png,#9a7d0a,2,97.012193,3.307234,0.132289,0.040000
z_0076_524.868726.png,#a3e4d7,1,93.740115,3.195686,0.127827,0.040000
z_0076_524.868726.png,#a9cce3,7,25.798990,0.879511,0.035180,0.040000
z_0076_524.868726.png,#af7ac5,5,305.320851,10.408665,0.416347,0.040000
z_0076_524.868726.png,#b9770e,1,144.325902,4.920201,0.196808,0.040000
z_0076_524.868726.png,#d2b4de,4,65.840620,2.244567,0.089783,0.040000
z_0076_524.868726.png,#e59866,7,316.877200,10.802632,0.432105,0.040000
z_0076_524.868726.png,#e74c3c,1,83.355339,2.841659,0.113666,0.040000
z_0076_524.868726.png,#edbb99,2,102.325902,3.488383,0.139535,0.040000
z_0076_524.868726.png,#f1948a,1,156.811183,5.345836,0.213833,0.040000
z_0076_524.868726.png,#f58231,3,363.806133,12.402482,0.496099,0.040000
z_0076_524.868726.png,#f7dc6f,1,30.970563,1.055815,0.042233,0.040000
z_0076_524.868726.png,#f8c471,2,160.811183,5.482199,0.219288,0.040000
z_0076_524.868726.png,#fad7a0,2,196.409163,6.695767,0.267831,0.040000
z_0077_525.880309.png,#0e6251,1,242.450793,8.265368,0.330615,0.040000
z_0077_525.880309.png,#154360,1,87.941125,2.997993,0.119920,0.040000
z_0077_525.880309.png,#1b4f72,2,178.509668,6.085557,0.243422,0.040000
z_0077_525.880309.png,#2ecc71,4,212.793939,7.254339,0.290174,0.040000
z_0077_525.880309.png,#4a235a,14,574.600072,19.588639,0.783546,0.040000
z_0077_525.880309.png,#512e5f,1,58.183766,1.983537,0.079341,0.040000
z_0077_525.880309.png,#52be80,6,333.806133,11.379755,0.455190,0.040000
z_0077_525.880309.png,#5499c7,4,268.007143,9.136607,0.365464,0.040000
z_0077_525.880309.png,#7b241c,2,122.225397,4.166775,0.166671,0.040000
z_0077_525.880309.png,#82e0aa,1,129.882251,4.427804,0.177112,0.040000
z_0077_525.880309.png,#85c1e9,2,206.208153,7.029823,0.281193,0.040000
z_0077_525.880309.png,#922b21,2,97.154329,3.312079,0.132483,0.040000
z_0077_525.880309.png,#9a7d0a,2,72.183766,2.460810,0.098432,0.040000
z_0077_525.880309.png,#a3e4d7,1,85.740115,2.922958,0.116918,0.040000
z_0077_525.880309.png,#a9cce3,5,16.142136,0.550300,0.022012,0.040000
z_0077_525.880309.png,#af7ac5,5,307.078210,10.468575,0.418743,0.040000
z_0077_525.880309.png,#b9770e,1,137.497475,4.687414,0.187497,0.040000
z_0077_525.880309.png,#d2b4de,2,58.284271,1.986964,0.079479,0.040000
z_0077_525.880309.png,#e59866,7,314.149278,10.709634,0.428385,0.040000
z_0077_525.880309.png,#e74c3c,1,85.941125,2.929811,0.117192,0.040000
z_0077_525.880309.png,#edbb99,2,103.982756,3.544867,0.141795,0.040000
z_0077_525.880309.png,#f1948a,1,159.296465,5.430561,0.217222,0.040000
z_0077_525.880309.png,#f58231,3,370.291414,12.623571,0.504943,0.040000
z_0077_525.880309.png,#f7dc6f,1,25.313708,0.862967,0.034519,0.040000
z_0077_525.880309.png,#f8c471,2,161.639610,5.510441,0.220418,0.040000
z_0077_525.880309.png,#fad7a0,2,195.965512,6.680642,0.267226,0.040000
z_0078_526.891892.png,#0e6251,1,244.350288,8.330123,0.333205,0.040000
z_0078_526.891892.png,#154360,1,85.597980,2.918113,0.116725,0.040000
z_0078_526.891892.png,#1b4f72,2,178.166522,6.073859,0.242954,0.040000
z_0078_526.891892.png,#2ecc71,4,215.137085,7.334219,0.293369,0.040000
z_0078_526.891892.png,#48c9b0,1,13.899495,0.473846,0.018954,0.040000
z_0078_526.891892.png,#4a235a,14,559.771645,19.083124,0.763325,0.040000
z_0078_526.891892.png,#512e5f,1,55.455844,1.890540,0.075622,0.040000
z_0078_526.891892.png,#52be80,5,356.391919,12.149725,0.485989,0.040000
z_0078_526.891892.png,#5499c7,4,254.208153,8.666187,0.346647,0.040000
z_0078_526.891892.png,#7b241c,2,119.639610,4.078623,0.163145,0.040000
z_0078_526.891892.png,#82e0aa,2,134.225397,4.575866,0.183035,0.040000
z_0078_526.891892.png,#85c1e9,3,183.095454,6.241890,0.249676,0.040000
z_0078_526.891892.png,#922b21,2,97.740115,3.332049,0.133282,0.040000
z_0078_526.891892.png,#9a7d0a,1,35.798990,1.220420,0.048817,0.040000
z_0078_526.891892.png,#a3e4d7,4,81.254834,2.770051,0.110802,0.040000
z_0078_526.891892.png,#a9cce3,6,26.970563,0.919451,0.036778,0.040000
z_0078_526.891892.png,#af7ac5,4,323.806133,11.038845,0.441554,0.040000
z_0078_526.891892.png,#b9770e,1,133.982756,4.567594,0.182704,0.040000
z_0078_526.891892.png,#d2b4de,4,64.183766,2.188083,0.087523,0.040000
z_0078_526.891892.png,#e59866,9,299.663997,10.215818,0.408633,0.040000
z_0078_526.891892.png,#e74c3c,1,84.183766,2.869901,0.114796,0.040000
z_0078_526.891892.png,#edbb99,2,103.840620,3.540021,0.141601,0.040000
z_0078_526.891892.png,#f1948a,1,153.740115,5.241140,0.209646,0.040000
z_0078_526.891892.png,#f58231,3,375.362482,12.796448,0.511858,0.040000
z_0078_526.891892.png,#f7dc6f,1,20.485281,0.698362,0.027934,0.040000
z_0078_526.891892.png,#f8c471,2,159.053824,5.422289,0.216892,0.040000
z_0078_526.891892.png,#fad7a0,2,197.722871,6.740552,0.269622,0.040000
z_0079_527.903475.png,#0e6251,1,240.208153,8.188914,0.327557,0.040000
z_0079_527.903475.png,#154360,1,88.183766,3.006265,0.120251,0.040000
z_0079_527.903475.png,#1b4f72,2,177.338095,6.045617,0.241825,0.040000
z_0079_527.903475.png,#2ecc71,4,219.279221,7.475428,0.299017,0.040000
z_0079_527.903475.png,#48c9b0,1,20.727922,0.706634,0.028265,0.040000
z_0079_527.903475.png,#4a235a,13,554.073160,18.888858,0.755554,0.040000
z_0079_527.903475.png,#512e5f,1,59.112698,2.015206,0.080608,0.040000
z_0079_527.903475.png,#52be80,5,349.320851,11.908665,0.476347,0.040000
z_0079_527.903475.png,#5499c7,3,228.450793,7.788095,0.311524,0.040000
z_0079_527.903475.png,#7b241c,2,117.982756,4.022139,0.160886,0.040000
z_0079_527.903475.png,#82e0aa,1,125.154329,4.266625,0.170665,0.040000
z_0079_527.903475.png,#85c1e9,3,177.195959,6.040771,0.241631,0.040000
z_0079_527.903475.png,#922b21,2,104.568542,3.564837,0.142593,0.040000
z_0079_527.903475.png,#9a7d0a,1,35.213203,1.200450,0.048018,0.040000
z_0079_527.903475.png,#a3e4d7,3,65.355339,2.228023,0.089121,0.040000
z_0079_527.903475.png,#a9cce3,7,21.798990,0.743147,0.029726,0.040000
z_0079_527.903475.png,#af7ac5,4,328.291414,11.191753,0.447670,0.040000
z_0079_527.903475.png,#b9770e,1,117.497475,4.005596,0.160224,0.040000
z_0079_527.903475.png,#d2b4de,2,57.698485,1.966994,0.078680,0.040000
z_0079_527.903475.png,#e59866,7,301.036580,10.262611,0.410504,0.040000
z_0079_527.903475.png,#e74c3c,1,83.355339,2.841659,0.113666,0.040000
z_0079_527.903475.png,#edbb99,2,104.568542,3.564837,0.142593,0.040000
z_0079_527.903475.png,#f1948a,1,154.225397,5.257684,0.210307,0.040000
z_0079_527.903475.png,#f58231,3,370.634560,12.635269,0.505411,0.040000
z_0079_527.903475.png,#f7dc6f,1,8.828427,0.300969,0.012039,0.040000
z_0079_527.903475.png,#f8c471,2,158.225397,5.394048,0.215762,0.040000
z_0079_527.903475.png,#fad7a0,2,196.551299,6.700612,0.268024,0.040000
z_0080_528.915058.png,#0e6251,1,243.521861,8.301882,0.332075,0.040000
z_0080_528.915058.png,#154360,1,87.840620,2.994567,0.119783,0.040000
z_0080_528.915058.png,#1b4f72,2,172.509668,5.881011,0.235240,0.040000
z_0080_528.915058.png,#2ecc71,4,225.137085,7.675128,0.307005,0.040000
z_0080_528.915058.png,#48c9b0,1,21.899495,0.746574,0.029863,0.040000
z_0080_528.915058.png,#4a235a,13,534.215295,18.211885,0.728475,0.040000
z_0080_528.915058.png,#512e5f,1,61.112698,2.083387,0.083335,0.040000
z_0080_528.915058.png,#52be80,5,340.391919,11.604270,0.464171,0.040000
z_0080_528.915058.png,#5499c7,3,216.651804,7.385857,0.295434,0.040000
z_0080_528.915058.png,#7b241c,2,119.639610,4.078623,0.163145,0.040000
z_0080_528.915058.png,#82e0aa,1,123.740115,4.218413,0.168737,0.040000
z_0080_528.915058.png,#85c1e9,4,190.409163,6.491221,0.259649,0.040000
z_0080_528.915058.png,#922b21,2,104.325902,3.556565,0.142263,0.040000
z_0080_528.915058.png,#9a7d0a,1,35.213203,1.200450,0.048018,0.040000
z_0080_528.915058.png,#a3e4d7,1,54.284271,1.850600,0.074024,0.040000
z_0080_528.915058.png,#a9cce3,5,22.142136,0.754846,0.030194,0.040000
z_0080_528.915058.png,#af7ac5,5,302.149278,10.300544,0.412022,0.040000
z_0080_528.915058.png,#b9770e,1,108.325902,3.692928,0.147717,0.040000
z_0080_528.915058.png,#d2b4de,2,61.112698,2.083387,0.083335,0.040000
z_0080_528.915058.png,#e59866,7,292.894444,9.985038,0.399402,0.040000
z_0080_528.915058.png,#e74c3c,1,82.769553,2.821689,0.112868,0.040000
z_0080_528.915058.png,#edbb99,2,105.154329,3.584807,0.143392,0.040000
z_0080_528.915058.png,#f1948a,1,152.811183,5.209472,0.208379,0.040000
z_0080_528.915058.png,#f58231,3,369.948268,12.611873,0.504475,0.040000
z_0080_528.915058.png,#f8c471,2,153.296465,5.226016,0.209041,0.040000
z_0080_528.915058.png,#fad7a0,2,198.793939,6.777066,0.271083,0.040000
z_0081_529.926641.png,#0e6251,1,245.279221,8.361792,0.334472,0.040000
z_0081_529.926641.png,#154360,1,87.012193,2.966325,0.118653,0.040000
z_0081_529.926641.png,#1b4f72,2,168.509668,5.744648,0.229786,0.040000
z_0081_529.926641.png,#2ecc71,4,233.965512,7.976097,0.319044,0.040000
z_0081_529.926641.png,#48c9b0,1,24.727922,0.842997,0.033720,0.040000
z_0081_529.926641.png,#4a235a,13,548.315801,18.692584,0.747703,0.040000
z_0081_529.926641.png,#512e5f,1,60.870058,2.075116,0.083005,0.040000
z_0081_529.926641.png,#52be80,6,344.877200,11.757177,0.470287,0.040000
z_0081_529.926641.png,#5499c7,3,213.379726,7.274309,0.290972,0.040000
z_0081_529.926641.png,#7b241c,2,119.639610,4.078623,0.163145,0.040000
z_0081_529.926641.png,#82e0aa,2,127.740115,4.354777,0.174191,0.040000
z_0081_529.926641.png,#85c1e9,3,187.338095,6.386526,0.255461,0.040000
z_0081_529.926641.png,#922b21,2,108.811183,3.709472,0.148379,0.040000
z_0081_529.926641.png,#9a7d0a,1,38.384776,1.308572,0.052343,0.040000
z_0081_529.926641.png,#a3e4d7,1,54.284271,1.850600,0.074024,0.040000
z_0081_529.926641.png,#a9cce3,7,29.798990,1.015875,0.040635,0.040000
z_0081_529.926641.png,#af7ac5,4,255.279221,8.702701,0.348108,0.040000
z_0081_529.926641.png,#b9770e,1,102.325902,3.488383,0.139535,0.040000
z_0081_529.926641.png,#d2b4de,3,63.355339,2.159841,0.086394,0.040000
z_0081_529.926641.png,#e59866,7,290.793939,9.913430,0.396537,0.040000
z_0081_529.926641.png,#e74c3c,1,83.597980,2.849931,0.113997,0.040000
z_0081_529.926641.png,#edbb99,2,106.325902,3.624747,0.144990,0.040000
z_0081_529.926641.png,#f1948a,1,151.882251,5.177804,0.207112,0.040000
z_0081_529.926641.png,#f58231,3,365.806133,12.470664,0.498827,0.040000
z_0081_529.926641.png,#f8c471,2,149.296465,5.089652,0.203586,0.040000
z_0081_529.926641.png,#fad7a0,2,198.894444,6.780492,0.271220,0.040000
z_0082_530.938224.png,#0e6251,1,250.936075,8.554639,0.342186,0.040000
z_0082_530.938224.png,#154360,1,89.497475,3.051050,0.122042,0.040000
z_0082_530.938224.png,#1b4f72,2,165.681241,5.648224,0.225929,0.040000
z_0082_530.938224.png,#2ecc71,4,241.622366,8.237126,0.329485,0.040000
z_0082_530.938224.png,#48c9b0,1,23.313708,0.794786,0.031791,0.040000
z_0082_530.938224.png,#4a235a,12,522.114790,17.799368,0.711975,0.040000
z_0082_530.938224.png,#512e5f,1,60.284271,2.055146,0.082206,0.040000
z_0082_530.938224.png,#52be80,5,343.847763,11.722083,0.468883,0.040000
z_0082_530.938224.png,#5499c7,3,208.308658,7.101432,0.284057,0.040000
z_0082_530.938224.png,#7b241c,2,120.225397,4.098593,0.163944,0.040000
z_0082_530.938224.png,#82e0aa,3,130.911688,4.462898,0.178516,0.040000
z_0082_530.938224.png,#85c1e9,3,182.166522,6.210222,0.248409,0.040000
z_0082_530.938224.png,#922b21,2,112.911688,3.849262,0.153970,0.040000
z_0082_530.938224.png,#9a7d0a,1,38.627417,1.316844,0.052674,0.040000
z_0082_530.938224.png,#a3e4d7,2,51.455844,1.754177,0.070167,0.040000
z_0082_530.938224.png,#a9cce3,3,14.485281,0.493816,0.019753,0.040000
z_0082_530.938224.png,#af7ac5,3,241.137085,8.220582,0.328823,0.040000
z_0082_530.938224.png,#b9770e,1,98.325902,3.352019,0.134081,0.040000
z_0082_530.938224.png,#d2b4de,3,62.526912,2.131599,0.085264,0.040000
z_0082_530.938224.png,#e59866,7,286.107648,9.753670,0.390147,0.040000
z_0082_530.938224.png,#e74c3c,1,83.597980,2.849931,0.113997,0.040000
z_0082_530.938224.png,#edbb99,2,106.568542,3.633018,0.145321,0.040000
z_0082_530.938224.png,#f1948a,1,150.367532,5.126166,0.205047,0.040000
z_0082_530.938224.png,#f58231,3,363.563492,12.394210,0.495768,0.040000
z_0082_530.938224.png,#f8c471,2,142.225397,4.848593,0.193944,0.040000
z_0082_530.938224.png,#fad7a0,2,197.379726,6.728854,0.269154,0.040000
z_0083_531.949807.png,#0e6251,1,250.936075,8.554639,0.342186,0.040000
z_0083_531.949807.png,#154360,1,89.497475,3.051050,0.122042,0.040000
z_0083_531.949807.png,#1b4f72,2,165.095454,5.628254,0.225130,0.040000
z_0083_531.949807.png,#2ecc71,4,242.208153,8.257096,0.330284,0.040000
z_0083_531.949807.png,#48c9b0,1,24.142136,0.823027,0.032921,0.040000
z_0083_531.949807.png,#4a235a,12,519.043723,17.694672,0.707787,0.040000
z_0083_531.949807.png,#512e5f,1,61.698485,2.103357,0.084134,0.040000
z_0083_531.949807.png,#52be80,5,342.676190,11.682143,0.467286,0.040000
z_0083_531.949807.png,#5499c7,3,208.308658,7.101432,0.284057,0.040000
z_0083_531.949807.png,#7b241c,2,121.639610,4.146805,0.165872,0.040000
z_0083_531.949807.png,#82e0aa,3,131.497475,4.482868,0.179315,0.040000
z_0083_531.949807.png,#85c1e9,3,183.923882,6.270132,0.250805,0.040000
z_0083_531.949807.png,#922b21,2,112.911688,3.849262,0.153970,0.040000
z_0083_531.949807.png,#9a7d0a,1,38.627417,1.316844,0.052674,0.040000
z_0083_531.949807.png,#a3e4d7,2,50.627417,1.725935,0.069037,0.040000
z_0083_531.949807.png,#a9cce3,3,14.485281,0.493816,0.019753,0.040000
z_0083_531.949807.png,#af7ac5,3,240.308658,8.192341,0.327694,0.040000
z_0083_531.949807.png,#b9770e,1,99.154329,3.380261,0.135210,0.040000
z_0083_531.949807.png,#d2b4de,3,62.526912,2.131599,0.085264,0.040000
z_0083_531.949807.png,#e59866,7,287.279221,9.793610,0.391744,0.040000
z_0083_531.949807.png,#e74c3c,1,83.597980,2.849931,0.113997,0.040000
z_0083_531.949807.png,#edbb99,2,106.325902,3.624747,0.144990,0.040000
z_0083_531.949807.png,#f1948a,1,150.367532,5.126166,0.205047,0.040000
z_0083_531.949807.png,#f58231,3,363.806133,12.402482,0.496099,0.040000
z_0083_531.949807.png,#f8c471,2,141.982756,4.840321,0.193613,0.040000
z_0083_531.949807.png,#fad7a0,2,196.551299,6.700612,0.268024,0.040000
z_0084_532.961390.png,#0e6251,2,291.320851,9.931393,0.397256,0.040000
z_0084_532.961390.png,#154360,1,90.083261,3.071020,0.122841,0.040000
z_0084_532.961390.png,#1b4f72,2,162.367532,5.535257,0.221410,0.040000
z_0084_532.961390.png,#2ecc71,4,246.107648,8.390033,0.335601,0.040000
z_0084_532.961390.png,#48c9b0,1,17.899495,0.610210,0.024408,0.040000
z_0084_532.961390.png,#4a235a,12,472.759451,16.116799,0.644672,0.040000
z_0084_532.961390.png,#512e5f,1,63.941125,2.179811,0.087192,0.040000
z_0084_532.961390.png,#52be80,4,312.735065,10.661423,0.426457,0.040000
z_0084_532.961390.png,#5499c7,3,207.480231,7.073190,0.282928,0.040000
z_0084_532.961390.png,#7b241c,2,135.053824,4.604108,0.184164,0.040000
z_0084_532.961390.png,#82e0aa,1,123.740115,4.218413,0.168737,0.040000
z_0084_532.961390.png,#85c1e9,4,191.438600,6.526316,0.261053,0.040000
z_0084_532.961390.png,#922b21,2,112.325902,3.829292,0.153172,0.040000
z_0084_532.961390.png,#9a7d0a,1,40.627417,1.385026,0.055401,0.040000
z_0084_532.961390.png,#a3e4d7,4,63.112698,2.151569,0.086063,0.040000
z_0084_532.961390.png,#a9cce3,5,16.142136,0.550300,0.022012,0.040000
z_0084_532.961390.png,#af7ac5,3,235.137085,8.016037,0.320641,0.040000
z_0084_532.961390.png,#b9770e,1,89.740115,3.059322,0.122373,0.040000
z_0084_532.961390.png,#d2b4de,4,61.698485,2.103357,0.084134,0.040000
z_0084_532.961390.png,#e59866,7,300.735065,10.252332,0.410093,0.040000
z_0084_532.961390.png,#e74c3c,1,83.012193,2.829961,0.113198,0.040000
z_0084_532.961390.png,#edbb99,2,106.568542,3.633018,0.145321,0.040000
z_0084_532.961390.png,#f1948a,1,144.953319,4.941590,0.197664,0.040000
z_0084_532.961390.png,#f58231,3,366.391919,12.490634,0.499625,0.040000
z_0084_532.961390.png,#f8c471,2,139.154329,4.743898,0.189756,0.040000
z_0084_532.961390.png,#fad7a0,3,260.107648,8.867306,0.354692,0.040000
z_0085_533.972973.png,#0e6251,2,321.261977,10.952113,0.438085,0.040000
z_0085_533.972973.png,#154360,1,85.597980,2.918113,0.116725,0.040000
z_0085_533.972973.png,#1b4f72,2,159.781746,5.447105,0.217884,0.040000
z_0085_533.972973.png,#2ecc71,4,245.622366,8.373490,0.334940,0.040000
z_0085_533.972973.png,#48c9b0,1,15.656854,0.533756,0.021350,0.040000
z_0085_533.972973.png,#4a235a,13,498.658946,16.999737,0.679989,0.040000
z_0085_533.972973.png,#512e5f,1,68.183766,2.324447,0.092978,0.040000
z_0085_533.972973.png,#52be80,4,304.977705,10.396967,0.415879,0.040000
z_0085_533.972973.png,#5499c7,3,197.480231,6.732281,0.269291,0.040000
z_0085_533.972973.png,#7b241c,2,147.539105,5.029742,0.201190,0.040000
z_0085_533.972973.png,#82e0aa,1,124.325902,4.238383,0.169535,0.040000
z_0085_533.972973.png,#85c1e9,4,214.267027,7.304558,0.292182,0.040000
z_0085_533.972973.png,#922b21,2,115.154329,3.925716,0.157029,0.040000
z_0085_533.972973.png,#9a7d0a,1,40.627417,1.385026,0.055401,0.040000
z_0085_533.972973.png,#a3e4d7,4,90.769553,3.094417,0.123777,0.040000
z_0085_533.972973.png,#a9cce3,3,8.485281,0.289271,0.011571,0.040000
z_0085_533.972973.png,#af7ac5,2,229.823376,7.834888,0.313396,0.040000
z_0085_533.972973.png,#b9770e,2,64.284271,2.191509,0.087660,0.040000
z_0085_533.972973.png,#d2b4de,3,57.355339,1.955296,0.078212,0.040000
z_0085_533.972973.png,#e59866,7,275.421356,9.389364,0.375575,0.040000
z_0085_533.972973.png,#e74c3c,1,81.355339,2.773477,0.110939,0.040000
z_0085_533.972973.png,#edbb99,2,106.325902,3.624747,0.144990,0.040000
z_0085_533.972973.png,#f1948a,1,138.225397,4.712229,0.188489,0.040000
z_0085_533.972973.png,#f58231,3,372.977705,12.715149,0.508606,0.040000
z_0085_533.972973.png,#f8c471,2,137.982756,4.703958,0.188158,0.040000
z_0085_533.972973.png,#fad7a0,3,274.835570,9.369394,0.374776,0.040000
z_0086_534.984556.png,#0e6251,1,337.119841,11.492722,0.459709,0.040000
z_0086_534.984556.png,#154360,1,86.183766,2.938083,0.117523,0.040000
z_0086_534.984556.png,#1b4f72,2,157.195959,5.358953,0.214358,0.040000
z_0086_534.984556.png,#2ecc71,4,250.107648,8.526397,0.341056,0.040000
z_0086_534.984556.png,#48c9b0,1,11.071068,0.377423,0.015097,0.040000
z_0086_534.984556.png,#4a235a,14,574.742207,19.593484,0.783739,0.040000
z_0086_534.984556.png,#512e5f,1,69.355339,2.364387,0.094575,0.040000
z_0086_534.984556.png,#52be80,4,303.764502,10.355608,0.414224,0.040000
z_0086_534.984556.png,#5499c7,3,200.651804,6.840402,0.273616,0.040000
z_0086_534.984556.png,#7b241c,2,152.953319,5.214318,0.208573,0.040000
z_0086_534.984556.png,#82e0aa,2,124.568542,4.246655,0.169866,0.040000
z_0086_534.984556.png,#85c1e9,5,267.722871,9.126916,0.365077,0.040000
z_0086_534.984556.png,#922b21,2,116.568542,3.973928,0.158957,0.040000
z_0086_534.984556.png,#9a7d0a,1,41.213203,1.404996,0.056200,0.040000
z_0086_534.984556.png,#a3e4d7,2,92.426407,3.150900,0.126036,0.040000
z_0086_534.984556.png,#a9cce3,4,15.313708,0.522058,0.020882,0.040000
z_0086_534.984556.png,#af7ac5,2,224.994949,7.670282,0.306811,0.040000
z_0086_534.984556.png,#b9770e,1,36.142136,1.232118,0.049285,0.040000
z_0086_534.984556.png,#d2b4de,2,58.284271,1.986964,0.079479,0.040000
z_0086_534.984556.png,#e59866,7,254.693434,8.682731,0.347309,0.040000
z_0086_534.984556.png,#e74c3c,1,79.698485,2.716994,0.108680,0.040000
z_0086_534.984556.png,#edbb99,2,103.497475,3.528323,0.141133,0.040000
z_0086_534.984556.png,#f1948a,1,133.396970,4.547624,0.181905,0.040000
z_0086_534.984556.png,#f58231,3,372.977705,12.715149,0.508606,0.040000
z_0086_534.984556.png,#f8c471,2,137.882251,4.700531,0.188021,0.040000
z_0086_534.984556.png,#fad7a0,3,277.906638,9.474090,0.378964,0.040000
z_0087_535.996139.png,#0e6251,1,314.391919,10.717906,0.428716,0.040000
z_0087_535.996139.png,#154360,1,85.012193,2.898143,0.115926,0.040000
z_0087_535.996139.png,#1b4f72,2,155.781746,5.310741,0.212430,0.040000
z_0087_535.996139.png,#2ecc71,4,252.693434,8.614549,0.344582,0.040000
z_0087_535.996139.png,#48c9b0,1,9.656854,0.329211,0.013168,0.040000
z_0087_535.996139.png,#4a235a,11,543.972655,18.544522,0.741781,0.040000
z_0087_535.996139.png,#512e5f,1,72.526912,2.472508,0.098900,0.040000
z_0087_535.996139.png,#52be80,4,297.078210,10.127666,0.405107,0.040000
z_0087_535.996139.png,#5499c7,3,201.338095,6.863799,0.274552,0.040000
z_0087_535.996139.png,#7b241c,2,160.852814,5.483619,0.219345,0.040000
z_0087_535.996139.png,#82e0aa,2,126.225397,4.303139,0.172126,0.040000
z_0087_535.996139.png,#85c1e9,4,288.835570,9.846667,0.393867,0.040000
z_0087_535.996139.png,#922b21,2,102.325902,3.488383,0.139535,0.040000
z_0087_535.996139.png,#9a7d0a,1,42.041631,1.433237,0.057329,0.040000
z_0087_535.996139.png,#a3e4d7,2,93.840620,3.199112,0.127964,0.040000
z_0087_535.996139.png,#a9cce3,3,18.485281,0.630180,0.025207,0.040000
z_0087_535.996139.png,#af7ac5,2,218.651804,7.454039,0.298162,0.040000
z_0087_535.996139.png,#b9770e,1,35.556349,1.212148,0.048486,0.040000
z_0087_535.996139.png,#d2b4de,2,63.112698,2.151569,0.086063,0.040000
z_0087_535.996139.png,#e59866,7,243.036580,8.285338,0.331414,0.040000
z_0087_535.996139.png,#e74c3c,1,79.355339,2.705296,0.108212,0.040000
z_0087_535.996139.png,#edbb99,2,102.325902,3.488383,0.139535,0.040000
z_0087_535.996139.png,#f1948a,1,125.497475,4.278323,0.171133,0.040000
z_0087_535.996139.png,#f58231,3,389.220346,13.268875,0.530755,0.040000
z_0087_535.996139.png,#f8c471,2,137.296465,4.680561,0.187222,0.040000
z_0087_535.996139.png,#fad7a0,3,279.663997,9.534000,0.381360,0.040000
z_0088_537.007722.png,#0e6251,1,312.391919,10.649725,0.425989,0.040000
z_0088_537.007722.png,#154360,1,85.012193,2.898143,0.115926,0.040000
z_0088_537.007722.png,#1b4f72,2,154.953319,5.282500,0.211300,0.040000
z_0088_537.007722.png,#2ecc71,4,252.107648,8.594579,0.343783,0.040000
z_0088_537.007722.png,#48c9b0,1,11.071068,0.377423,0.015097,0.040000
z_0088_537.007722.png,#4a235a,11,545.730014,18.604432,0.744177,0.040000
z_0088_537.007722.png,#512e5f,1,72.526912,2.472508,0.098900,0.040000
z_0088_537.007722.png,#52be80,4,296.835570,10.119394,0.404776,0.040000
z_0088_537.007722.png,#5499c7,3,201.923882,6.883769,0.275351,0.040000
z_0088_537.007722.png,#7b241c,2,160.267027,5.463649,0.218546,0.040000
z_0088_537.007722.png,#82e0aa,2,126.811183,4.323109,0.172924,0.040000
z_0088_537.007722.png,#85c1e9,4,287.663997,9.806727,0.392269,0.040000
z_0088_537.007722.png,#922b21,2,105.154329,3.584807,0.143392,0.040000
z_0088_537.007722.png,#9a7d0a,1,41.213203,1.404996,0.056200,0.040000
z_0088_537.007722.png,#a3e4d7,2,93.840620,3.199112,0.127964,0.040000
z_0088_537.007722.png,#a9cce3,3,18.485281,0.630180,0.025207,0.040000
z_0088_537.007722.png,#af7ac5,2,217.823376,7.425797,0.297032,0.040000
z_0088_537.007722.png,#b9770e,1,36.142136,1.232118,0.049285,0.040000
z_0088_537.007722.png,#d2b4de,2,63.355339,2.159841,0.086394,0.040000
z_0088_537.007722.png,#e59866,7,243.622366,8.305308,0.332212,0.040000
z_0088_537.007722.png,#e74c3c,1,79.355339,2.705296,0.108212,0.040000
z_0088_537.007722.png,#edbb99,2,101.497475,3.460141,0.138406,0.040000
z_0088_537.007722.png,#f1948a,1,124.911688,4.258353,0.170334,0.040000
z_0088_537.007722.png,#f58231,3,387.806133,13.220664,0.528827,0.040000
z_0088_537.007722.png,#f8c471,2,136.225397,4.644048,0.185762,0.040000
z_0088_537.007722.png,#fad7a0,3,279.663997,9.534000,0.381360,0.040000
z_0089_538.019305.png,#0e6251,1,314.492424,10.721333,0.428853,0.040000
z_0089_538.019305.png,#154360,1,86.669048,2.954627,0.118185,0.040000
z_0089_538.019305.png,#1b4f72,2,159.195959,5.427135,0.217085,0.040000
z_0089_538.019305.png,#2ecc71,4,261.521861,8.915518,0.356621,0.040000
z_0089_538.019305.png,#48c9b0,1,13.071068,0.445605,0.017824,0.040000
z_0089_538.019305.png,#4a235a,11,528.658946,18.022464,0.720899,0.040000
z_0089_538.019305.png,#512e5f,1,75.597980,2.577204,0.103088,0.040000
z_0089_538.019305.png,#52be80,3,243.379726,8.297036,0.331881,0.040000
z_0089_538.019305.png,#5499c7,3,203.580736,6.940252,0.277610,0.040000
z_0089_538.019305.png,#7b241c,1,76.284271,2.600600,0.104024,0.040000
z_0089_538.019305.png,#82e0aa,1,124.568542,4.246655,0.169866,0.040000
z_0089_538.019305.png,#85c1e9,3,261.865007,8.927216,0.357089,0.040000
z_0089_538.019305.png,#922b21,1,23.313708,0.794786,0.031791,0.040000
z_0089_538.019305.png,#9a7d0a,1,44.284271,1.509691,0.060388,0.040000
z_0089_538.019305.png,#a3e4d7,2,102.769553,3.503507,0.140140,0.040000
z_0089_538.019305.png,#a9cce3,2,5.656854,0.192847,0.007714,0.040000
z_0089_538.019305.png,#af7ac5,3,168.367532,5.739802,0.229592,0.040000
z_0089_538.019305.png,#b9770e,1,37.556349,1.280330,0.051213,0.040000
z_0089_538.019305.png,#d2b4de,2,66.526912,2.267963,0.090719,0.040000
z_0089_538.019305.png,#e59866,5,189.923882,6.474678,0.258987,0.040000
z_0089_538.019305.png,#e74c3c,1,77.355339,2.637114,0.105485,0.040000
z_0089_538.019305.png,#edbb99,2,96.669048,3.295536,0.131821,0.040000
z_0089_538.019305.png,#f1948a,1,112.325902,3.829292,0.153172,0.040000
z_0089_538.019305.png,#f58231,3,442.132034,15.072683,0.602907,0.040000
z_0089_538.019305.png,#f8c471,2,125.982756,4.294867,0.171795,0.040000
z_0089_538.019305.png,#fad7a0,3,287.563492,9.803301,0.392132,0.040000
z_0090_539.030888.png,#0e6251,1,330.877200,11.279905,0.451196,0.040000
z_0090_539.030888.png,#117a65,1,39.455844,1.345086,0.053803,0.040000
z_0090_539.030888.png,#154360,1,91.497475,3.119232,0.124769,0.040000
z_0090_539.030888.png,#1b4f72,2,158.468037,5.402319,0.216093,0.040000
z_0090_539.030888.png,#2ecc71,4,280.835570,9.573940,0.382958,0.040000
z_0090_539.030888.png,#48c9b0,1,16.485281,0.561998,0.022480,0.040000
z_0090_539.030888.png,#4a235a,9,477.788889,16.288258,0.651530,0.040000
z_0090_539.030888.png,#512e5f,1,78.183766,2.665356,0.106614,0.040000
z_0090_539.030888.png,#52be80,3,239.722871,8.172371,0.326895,0.040000
z_0090_539.030888.png,#5499c7,3,197.580736,6.735707,0.269428,0.040000
z_0090_539.030888.png,#7b241c,1,77.112698,2.628842,0.105154,0.040000
z_0090_539.030888.png,#82e0aa,3,129.882251,4.427804,0.177112,0.040000
z_0090_539.030888.png,#85c1e9,3,236.066017,8.047705,0.321908,0.040000
z_0090_539.030888.png,#922b21,1,28.142136,0.959391,0.038376,0.040000
z_0090_539.030888.png,#9a7d0a,1,43.698485,1.489721,0.059589,0.040000
z_0090_539.030888.png,#a3e4d7,2,89.112698,3.037933,0.121517,0.040000
z_0090_539.030888.png,#a9cce3,3,8.485281,0.289271,0.011571,0.040000
z_0090_539.030888.png,#af7ac5,2,102.426407,3.491809,0.139672,0.040000
z_0090_539.030888.png,#b9770e,1,24.727922,0.842997,0.033720,0.040000
z_0090_539.030888.png,#d2b4de,2,62.870058,2.143297,0.085732,0.040000
z_0090_539.030888.png,#e59866,6,209.580736,7.144798,0.285792,0.040000
z_0090_539.030888.png,#e74c3c,1,73.112698,2.492478,0.099699,0.040000
z_0090_539.030888.png,#edbb99,2,94.911688,3.235626,0.129425,0.040000
z_0090_539.030888.png,#f1948a,1,93.012193,3.170870,0.126835,0.040000
z_0090_539.030888.png,#f58231,5,451.404112,15.388777,0.615551,0.040000
z_0090_539.030888.png,#f7dc6f,1,90.083261,3.071020,0.122841,0.040000
z_0090_539.030888.png,#f8c471,2,118.325902,4.033838,0.161354,0.040000
z_0090_539.030888.png,#fad7a0,3,306.977705,10.465149,0.418606,0.040000
z_0091_540.042471.png,#0e6251,1,343.948268,11.725509,0.469020,0.040000
z_0091_540.042471.png,#117a65,1,40.041631,1.365056,0.054602,0.040000
z_0091_540.042471.png,#154360,1,90.083261,3.071020,0.122841,0.040000
z_0091_540.042471.png,#1b4f72,2,157.053824,5.354108,0.214164,0.040000
z_0091_540.042471.png,#2ecc71,4,281.906638,9.610454,0.384418,0.040000
z_0091_540.042471.png,#48c9b0,1,16.485281,0.561998,0.022480,0.040000
z_0091_540.042471.png,#4a235a,9,479.688384,16.353013,0.654121,0.040000
z_0091_540.042471.png,#512e5f,1,78.183766,2.665356,0.106614,0.040000
z_0091_540.042471.png,#52be80,3,241.965512,8.248824,0.329953,0.040000
z_0091_540.042471.png,#5499c7,3,198.166522,6.755677,0.270227,0.040000
z_0091_540.042471.png,#7b241c,1,75.698485,2.580630,0.103225,0.040000
z_0091_540.042471.png,#82e0aa,2,127.053824,4.331380,0.173255,0.040000
z_0091_540.042471.png,#85c1e9,3,236.651804,8.067675,0.322707,0.040000
z_0091_540.042471.png,#922b21,1,28.142136,0.959391,0.038376,0.040000
z_0091_540.042471.png,#9a7d0a,1,43.698485,1.489721,0.059589,0.040000
z_0091_540.042471.png,#a3e4d7,2,88.526912,3.017963,0.120719,0.040000
z_0091_540.042471.png,#a9cce3,3,8.485281,0.289271,0.011571,0.040000
z_0091_540.042471.png,#af7ac5,2,102.426407,3.491809,0.139672,0.040000
z_0091_540.042471.png,#b9770e,1,24.142136,0.823027,0.032921,0.040000
z_0091_540.042471.png,#d2b4de,2,62.284271,2.123327,0.084933,0.040000
z_0091_540.042471.png,#e59866,7,217.823376,7.425797,0.297032,0.040000
z_0091_540.042471.png,#e74c3c,1,73.112698,2.492478,0.099699,0.040000
z_0091_540.042471.png,#edbb99,2,95.497475,3.255596,0.130224,0.040000
z_0091_540.042471.png,#f1948a,1,93.012193,3.170870,0.126835,0.040000
z_0091_540.042471.png,#f58231,5,449.404112,15.320595,0.612824,0.040000
z_0091_540.042471.png,#f7dc6f,1,91.840620,3.130930,0.125237,0.040000
z_0091_540.042471.png,#f8c471,2,119.740115,4.082049,0.163282,0.040000
z_0091_540.042471.png,#fad7a0,3,306.977705,10.465149,0.418606,0.040000
z_0092_541.054054.png,#0e6251,1,344.190909,11.733781,0.469351,0.040000
z_0092_541.054054.png,#117a65,2,65.355339,2.228023,0.089121,0.040000
z_0092_541.054054.png,#154360,2,148.024387,5.046286,0.201851,0.040000
z_0092_541.054054.png,#1b4f72,2,161.639610,5.510441,0.220418,0.040000
z_0092_541.054054.png,#2ecc71,4,290.835570,9.914849,0.396594,0.040000
z_0092_541.054054.png,#48c9b0,1,17.656854,0.601938,0.024078,0.040000
z_0092_541.054054.png,#4a235a,10,469.788889,16.015530,0.640621,0.040000
z_0092_541.054054.png,#512e5f,1,78.769553,2.685326,0.107413,0.040000
z_0092_541.054054.png,#52be80,4,232.308658,7.919613,0.316785,0.040000
z_0092_541.054054.png,#5499c7,3,208.409163,7.104858,0.284194,0.040000
z_0092_541.054054.png,#7b241c,1,77.355339,2.637114,0.105485,0.040000
z_0092_541.054054.png,#82e0aa,2,128.468037,4.379592,0.175184,0.040000
z_0092_541.054054.png,#85c1e9,2,231.137085,7.879673,0.315187,0.040000
z_0092_541.054054.png,#922b21,1,26.727922,0.911179,0.036447,0.040000
z_0092_541.054054.png,#9a7d0a,2,74.426407,2.537264,0.101491,0.040000
z_0092_541.054054.png,#a3e4d7,1,84.526912,2.881599,0.115264,0.040000
z_0092_541.054054.png,#a9cce3,3,12.485281,0.425635,0.017025,0.040000
z_0092_541.054054.png,#af7ac5,2,92.769553,3.162598,0.126504,0.040000
z_0092_541.054054.png,#b9770e,1,22.727922,0.774816,0.030993,0.040000
z_0092_541.054054.png,#d2b4de,2,62.769553,2.139871,0.085595,0.040000
z_0092_541.054054.png,#e59866,6,233.137085,7.947855,0.317914,0.040000
z_0092_541.054054.png,#e74c3c,1,71.112698,2.424297,0.096972,0.040000
z_0092_541.054054.png,#edbb99,2,96.911688,3.303808,0.132152,0.040000
z_0092_541.054054.png,#f1948a,1,82.183766,2.801719,0.112069,0.040000
z_0092_541.054054.png,#f58231,4,469.889394,16.018957,0.640758,0.040000
z_0092_541.054054.png,#f7dc6f,1,91.497475,3.119232,0.124769,0.040000
z_0092_541.054054.png,#f8c471,2,116.225397,3.962229,0.158489,0.040000
z_0092_541.054054.png,#fad7a0,3,300.391919,10.240634,0.409625,0.040000
z_0093_542.065637.png,#0e6251,1,357.847763,12.199356,0.487974,0.040000
z_0093_542.065637.png,#117a65,2,122.710678,4.183319,0.167333,0.040000
z_0093_542.065637.png,#154360,2,171.580736,5.849343,0.233974,0.040000
z_0093_542.065637.png,#1b4f72,3,180.710678,6.160591,0.246424,0.040000
z_0093_542.065637.png,#2ecc71,4,337.806133,11.516118,0.460645,0.040000
z_0093_542.065637.png,#48c9b0,1,17.656854,0.601938,0.024078,0.040000
z_0093_542.065637.png,#4a235a,9,425.161472,14.494141,0.579766,0.040000
z_0093_542.065637.png,#512e5f,1,87.012193,2.966325,0.118653,0.040000
z_0093_542.065637.png,#52be80,3,227.379726,7.751582,0.310063,0.040000
z_0093_542.065637.png,#5499c7,3,202.752309,6.912011,0.276480,0.040000
z_0093_542.065637.png,#7b241c,1,87.597980,2.986295,0.119452,0.040000
z_0093_542.065637.png,#82e0aa,1,118.811183,4.050381,0.162015,0.040000
z_0093_542.065637.png,#85c1e9,2,236.793939,8.072521,0.322901,0.040000
z_0093_542.065637.png,#922b21,1,24.727922,0.842997,0.033720,0.040000
z_0093_542.065637.png,#9a7d0a,3,225.279221,7.679973,0.307199,0.040000
z_0093_542.065637.png,#a3e4d7,1,87.597980,2.986295,0.119452,0.040000
z_0093_542.065637.png,#a9cce3,4,13.313708,0.453876,0.018155,0.040000
z_0093_542.065637.png,#af7ac5,2,70.870058,2.416025,0.096641,0.040000
z_0093_542.065637.png,#b9770e,1,21.313708,0.726604,0.029064,0.040000
z_0093_542.065637.png,#d2b4de,2,63.112698,2.151569,0.086063,0.040000
z_0093_542.065637.png,#e59866,5,253.823376,8.653070,0.346123,0.040000
z_0093_542.065637.png,#e74c3c,1,71.597980,2.440840,0.097634,0.040000
z_0093_542.065637.png,#edbb99,2,100.426407,3.423628,0.136945,0.040000
z_0093_542.065637.png,#f1948a,1,36.384776,1.240390,0.049616,0.040000
z_0093_542.065637.png,#f58231,4,457.261977,15.588476,0.623539,0.040000
z_0093_542.065637.png,#f7dc6f,2,70.284271,2.396055,0.095842,0.040000
z_0093_542.065637.png,#f8c471,3,109.740115,3.741140,0.149646,0.040000
z_0093_542.065637.png,#fad7a0,3,317.362482,10.819176,0.432767,0.040000
z_0094_543.077220.png,#0e6251,1,347.605122,11.850175,0.474007,0.040000
z_0094_543.077220.png,#117a65,2,127.539105,4.347924,0.173917,0.040000
z_0094_543.077220.png,#154360,2,172.166522,5.869313,0.234773,0.040000
z_0094_543.077220.png,#1b4f72,3,182.367532,6.217075,0.248683,0.040000
z_0094_543.077220.png,#2ecc71,4,338.391919,11.536088,0.461444,0.040000
z_0094_543.077220.png,#48c9b0,1,16.242641,0.553726,0.022149,0.040000
z_0094_543.077220.png,#4a235a,9,427.404112,14.570595,0.582824,0.040000
z_0094_543.077220.png,#512e5f,1,87.012193,2.966325,0.118653,0.040000
z_0094_543.077220.png,#52be80,3,227.379726,7.751582,0.310063,0.040000
z_0094_543.077220.png,#5499c7,3,202.994949,6.920282,0.276811,0.040000
z_0094_543.077220.png,#7b241c,1,88.769553,3.026235,0.121049,0.040000
z_0094_543.077220.png,#82e0aa,1,119.053824,4.058653,0.162346,0.040000
z_0094_543.077220.png,#85c1e9,2,236.793939,8.072521,0.322901,0.040000
z_0094_543.077220.png,#922b21,2,32.970563,1.123996,0.044960,0.040000
z_0094_543.077220.png,#9a7d0a,3,220.208153,7.507096,0.300284,0.040000
z_0094_543.077220.png,#a3e4d7,1,87.597980,2.986295,0.119452,0.040000
z_0094_543.077220.png,#a9cce3,3,8.485281,0.289271,0.011571,0.040000
z_0094_543.077220.png,#af7ac5,2,71.455844,2.435995,0.097440,0.040000
z_0094_543.077220.png,#b9770e,1,21.313708,0.726604,0.029064,0.040000
z_0094_543.077220.png,#d2b4de,2,63.112698,2.151569,0.086063,0.040000
z_0094_543.077220.png,#e59866,5,253.580736,8.644798,0.345792,0.040000
z_0094_543.077220.png,#e74c3c,1,71.597980,2.440840,0.097634,0.040000
z_0094_543.077220.png,#edbb99,2,101.012193,3.443597,0.137744,0.040000
z_0094_543.077220.png,#f1948a,1,36.384776,1.240390,0.049616,0.040000
z_0094_543.077220.png,#f58231,4,457.504617,15.596748,0.623870,0.040000
z_0094_543.077220.png,#f7dc6f,2,71.698485,2.444267,0.097771,0.040000
z_0094_543.077220.png,#f8c471,3,108.083261,3.684657,0.147386,0.040000
z_0094_543.077220.png,#fad7a0,3,313.119841,10.674540,0.426982,0.040000
z_0095_544.088803.png,#0e6251,1,353.019336,12.034750,0.481390,0.040000
z_0095_544.088803.png,#117a65,2,146.124892,4.981530,0.199261,0.040000
z_0095_544.088803.png,#154360,2,174.509668,5.949193,0.237968,0.040000
z_0095_544.088803.png,#1b4f72,2,196.509668,6.699193,0.267968,0.040000
z_0095_544.088803.png,#2ecc71,4,345.806133,11.788845,0.471554,0.040000
z_0095_544.088803.png,#48c9b0,1,18.485281,0.630180,0.025207,0.040000
z_0095_544.088803.png,#4a235a,9,422.818326,14.414261,0.576570,0.040000
z_0095_544.088803.png,#512e5f,1,86.426407,2.946355,0.117854,0.040000
z_0095_544.088803.png,#52be80,3,224.308658,7.646886,0.305875,0.040000
z_0095_544.088803.png,#5499c7,3,195.137085,6.652401,0.266096,0.040000
z_0095_544.088803.png,#7b241c,1,99.154329,3.380261,0.135210,0.040000
z_0095_544.088803.png,#82e0aa,1,121.396970,4.138533,0.165541,0.040000
z_0095_544.088803.png,#85c1e9,2,248.107648,8.458215,0.338329,0.040000
z_0095_544.088803.png,#922b21,2,46.627417,1.589571,0.063583,0.040000
z_0095_544.088803.png,#9a7d0a,3,296.877200,10.120814,0.404833,0.040000
z_0095_544.088803.png,#a3e4d7,1,87.597980,2.986295,0.119452,0.040000
z_0095_544.088803.png,#a9cce3,2,5.656854,0.192847,0.007714,0.040000
z_0095_544.088803.png,#af7ac5,1,47.556349,1.621239,0.064850,0.040000
z_0095_544.088803.png,#b9770e,1,23.313708,0.794786,0.031791,0.040000
z_0095_544.088803.png,#d2b4de,2,65.112698,2.219751,0.088790,0.040000
z_0095_544.088803.png,#e59866,5,264.651804,9.022221,0.360889,0.040000
z_0095_544.088803.png,#e74c3c,1,66.526912,2.267963,0.090719,0.040000
z_0095_544.088803.png,#edbb99,2,100.426407,3.423628,0.136945,0.040000
z_0095_544.088803.png,#f1948a,1,32.142136,1.095755,0.043830,0.040000
z_0095_544.088803.png,#f58231,4,468.374675,15.967318,0.638693,0.040000
z_0095_544.088803.png,#f7dc6f,2,40.384776,1.376754,0.055070,0.040000
z_0095_544.088803.png,#f8c471,3,99.840620,3.403658,0.136146,0.040000
z_0095_544.088803.png,#fad7a0,3,311.806133,10.629755,0.425190,0.040000
z_0096_545.100386.png,#0e6251,1,346.433550,11.810235,0.472409,0.040000
z_0096_545.100386.png,#117a65,2,167.923882,5.724678,0.228987,0.040000
z_0096_545.100386.png,#154360,2,162.024387,5.523559,0.220942,0.040000
z_0096_545.100386.png,#1b4f72,2,192.852814,6.574528,0.262981,0.040000
z_0096_545.100386.png,#2ecc71,4,352.534055,12.018206,0.480728,0.040000
z_0096_545.100386.png,#48c9b0,1,17.313708,0.590240,0.023610,0.040000
z_0096_545.100386.png,#4a235a,9,413.161472,14.085050,0.563402,0.040000
z_0096_545.100386.png,#512e5f,1,86.183766,2.938083,0.117523,0.040000
z_0096_545.100386.png,#52be80,3,226.308658,7.715068,0.308603,0.040000
z_0096_545.100386.png,#5499c7,3,199.480231,6.800462,0.272018,0.040000
z_0096_545.100386.png,#7b241c,1,113.740115,3.877504,0.155100,0.040000
z_0096_545.100386.png,#82e0aa,1,119.882251,4.086895,0.163476,0.040000
z_0096_545.100386.png,#85c1e9,3,261.078210,8.900394,0.356016,0.040000
z_0096_545.100386.png,#922b21,2,50.041631,1.705965,0.068239,0.040000
z_0096_545.100386.png,#9a7d0a,2,319.504617,10.892203,0.435688,0.040000
z_0096_545.100386.png,#a3e4d7,1,88.769553,3.026235,0.121049,0.040000
z_0096_545.100386.png,#a9cce3,4,11.313708,0.385695,0.015428,0.040000
z_0096_545.100386.png,#af7ac5,1,42.142136,1.436664,0.057467,0.040000
z_0096_545.100386.png,#b9770e,1,25.556349,0.871239,0.034850,0.040000
z_0096_545.100386.png,#d2b4de,2,69.597980,2.372658,0.094906,0.040000
z_0096_545.100386.png,#e59866,7,274.350288,9.352851,0.374114,0.040000
z_0096_545.100386.png,#e74c3c,1,68.526912,2.336145,0.093446,0.040000
z_0096_545.100386.png,#edbb99,2,98.183766,3.347174,0.133887,0.040000
z_0096_545.100386.png,#f1948a,1,22.142136,0.754846,0.030194,0.040000
z_0096_545.100386.png,#f58231,4,469.889394,16.018957,0.640758,0.040000
z_0096_545.100386.png,#f7dc6f,1,20.727922,0.706634,0.028265,0.040000
z_0096_545.100386.png,#f8c471,3,93.254834,3.179142,0.127166,0.040000
z_0096_545.100386.png,#fad7a0,3,315.462987,10.754420,0.430177,0.040000
z_0097_546.111969.png,#0e6251,1,362.333044,12.352263,0.494091,0.040000
z_0097_546.111969.png,#117a65,2,177.580736,6.053889,0.242156,0.040000
z_0097_546.111969.png,#154360,2,160.610173,5.475347,0.219014,0.040000
z_0097_546.111969.png,#1b4f72,2,187.539105,6.393379,0.255735,0.040000
z_0097_546.111969.png,#2ecc71,4,357.705627,12.194510,0.487780,0.040000
z_0097_546.111969.png,#48c9b0,1,15.071068,0.513786,0.020551,0.040000
z_0097_546.111969.png,#4a235a,9,397.847763,13.562992,0.542520,0.040000
z_0097_546.111969.png,#512e5f,1,87.012193,2.966325,0.118653,0.040000
z_0097_546.111969.png,#52be80,4,246.551299,8.405158,0.336206,0.040000
z_0097_546.111969.png,#5499c7,3,200.994949,6.852101,0.274084,0.040000
z_0097_546.111969.png,#7b241c,2,142.852814,4.869982,0.194799,0.040000
z_0097_546.111969.png,#82e0aa,1,121.396970,4.138533,0.165541,0.040000
z_0097_546.111969.png,#85c1e9,3,243.421356,8.298455,0.331938,0.040000
z_0097_546.111969.png,#922b21,2,59.455844,2.026904,0.081076,0.040000
z_0097_546.111969.png,#9a7d0a,2,327.019336,11.148386,0.445935,0.040000
z_0097_546.111969.png,#a3e4d7,1,87.012193,2.966325,0.118653,0.040000
z_0097_546.111969.png,#a9cce3,3,14.485281,0.493816,0.019753,0.040000
z_0097_546.111969.png,#af7ac5,1,40.384776,1.376754,0.055070,0.040000
z_0097_546.111969.png,#b9770e,1,27.798990,0.947693,0.037908,0.040000
z_0097_546.111969.png,#d2b4de,2,73.840620,2.517294,0.100692,0.040000
z_0097_546.111969.png,#e59866,6,306.977705,10.465149,0.418606,0.040000
z_0097_546.111969.png,#e74c3c,1,68.769553,2.344417,0.093777,0.040000
z_0097_546.111969.png,#edbb99,2,98.769553,3.367144,0.134686,0.040000
z_0097_546.111969.png,#f1948a,1,27.313708,0.931149,0.037246,0.040000
z_0097_546.111969.png,#f58231,6,477.060967,16.263442,0.650538,0.040000
z_0097_546.111969.png,#f7dc6f,1,21.899495,0.746574,0.029863,0.040000
z_0097_546.111969.png,#f8c471,3,97.497475,3.323778,0.132951,0.040000
z_0097_546.111969.png,#fad7a0,3,311.806133,10.629755,0.425190,0.040000
z_0098_547.123552.png,#0e6251,1,362.918831,12.372233,0.494889,0.040000
z_0098_547.123552.png,#117a65,2,178.994949,6.102101,0.244084,0.040000
z_0098_547.123552.png,#154360,2,160.610173,5.475347,0.219014,0.040000
z_0098_547.123552.png,#1b4f72,2,186.710678,6.365137,0.254605,0.040000
z_0098_547.123552.png,#2ecc71,4,361.605122,12.327447,0.493098,0.040000
z_0098_547.123552.png,#48c9b0,1,15.656854,0.533756,0.021350,0.040000
z_0098_547.123552.png,#4a235a,9,399.261977,13.611204,0.544448,0.040000
z_0098_547.123552.png,#512e5f,1,85.355339,2.909841,0.116394,0.040000
z_0098_547.123552.png,#52be80,4,246.551299,8.405158,0.336206,0.040000
z_0098_547.123552.png,#5499c7,3,200.994949,6.852101,0.274084,0.040000
z_0098_547.123552.png,#7b241c,1,142.852814,4.869982,0.194799,0.040000
z_0098_547.123552.png,#82e0aa,1,122.225397,4.166775,0.166671,0.040000
z_0098_547.123552.png,#85c1e9,3,243.421356,8.298455,0.331938,0.040000
z_0098_547.123552.png,#922b21,2,59.455844,2.026904,0.081076,0.040000
z_0098_547.123552.png,#9a7d0a,2,328.190909,11.188326,0.447533,0.040000
z_0098_547.123552.png,#a3e4d7,1,87.840620,2.994567,0.119783,0.040000
z_0098_547.123552.png,#a9cce3,3,10.485281,0.357453,0.014298,0.040000
z_0098_547.123552.png,#af7ac5,1,41.213203,1.404996,0.056200,0.040000
z_0098_547.123552.png,#b9770e,1,27.798990,0.947693,0.037908,0.040000
z_0098_547.123552.png,#cb4335,1,7.656854,0.261029,0.010441,0.040000
z_0098_547.123552.png,#d2b4de,2,73.012193,2.489052,0.099562,0.040000
z_0098_547.123552.png,#e59866,6,304.634560,10.385269,0.415411,0.040000
z_0098_547.123552.png,#e74c3c,1,69.355339,2.364387,0.094575,0.040000
z_0098_547.123552.png,#edbb99,2,98.183766,3.347174,0.133887,0.040000
z_0098_547.123552.png,#f1948a,1,27.899495,0.951119,0.038045,0.040000
z_0098_547.123552.png,#f58231,6,477.889394,16.291684,0.651667,0.040000
z_0098_547.123552.png,#f7dc6f,1,21.899495,0.746574,0.029863,0.040000
z_0098_547.123552.png,#f8c471,3,95.497475,3.255596,0.130224,0.040000
z_0098_547.123552.png,#fad7a0,3,311.806133,10.629755,0.425190,0.040000
z_0099_548.135135.png,#0e6251,2,348.291414,11.873571,0.474943,0.040000
z_0099_548.135135.png,#117a65,4,232.936075,7.941003,0.317640,0.040000
z_0099_548.135135.png,#154360,2,146.953319,5.009772,0.200391,0.040000
z_0099_548.135135.png,#1b4f72,2,179.781746,6.128923,0.245157,0.040000
z_0099_548.135135.png,#2ecc71,5,350.391919,11.945179,0.477807,0.040000
z_0099_548.135135.png,#48c9b0,1,18.485281,0.630180,0.025207,0.040000
z_0099_548.135135.png,#4a235a,9,386.232539,13.167018,0.526681,0.040000
z_0099_548.135135.png,#512e5f,1,88.426407,3.014537,0.120581,0.040000
z_0099_548.135135.png,#52be80,5,253.622366,8.646217,0.345849,0.040000
z_0099_548.135135.png,#5499c7,3,203.480231,6.936826,0.277473,0.040000
z_0099_548.135135.png,#7b241c,2,119.982756,4.090321,0.163613,0.040000
z_0099_548.135135.png,#82e0aa,1,117.497475,4.005596,0.160224,0.040000
z_0099_548.135135.png,#85c1e9,4,229.036580,7.808065,0.312323,0.040000
z_0099_548.135135.png,#922b21,2,65.698485,2.239721,0.089589,0.040000
z_0099_548.135135.png,#9a7d0a,2,353.504617,12.051294,0.482052,0.040000
z_0099_548.135135.png,#a3e4d7,1,86.183766,2.938083,0.117523,0.040000
z_0099_548.135135.png,#a9cce3,3,8.485281,0.289271,0.011571,0.040000
z_0099_548.135135.png,#af7ac5,1,36.384776,1.240390,0.049616,0.040000
z_0099_548.135135.png,#b9770e,1,29.798990,1.015875,0.040635,0.040000
z_0099_548.135135.png,#d2b4de,2,69.355339,2.364387,0.094575,0.040000
z_0099_548.135135.png,#e59866,4,298.391919,10.172452,0.406898,0.040000
z_0099_548.135135.png,#e74c3c,1,70.183766,2.392628,0.095705,0.040000
z_0099_548.135135.png,#edbb99,2,97.355339,3.318932,0.132757,0.040000
z_0099_548.135135.png,#f1948a,1,30.142136,1.027573,0.041103,0.040000
z_0099_548.135135.png,#f58231,4,422.333044,14.397717,0.575909,0.040000
z_0099_548.135135.png,#f7dc6f,1,24.970563,0.851269,0.034051,0.040000
z_0099_548.135135.png,#f8c471,2,63.455844,2.163267,0.086531,0.040000
z_0099_548.135135.png,#fad7a0,3,301.362482,10.273721,0.410949,0.040000
z_0100_549.146718.png,#0e6251,2,323.663997,11.034000,0.441360,0.040000
z_0100_549.146718.png,#117a65,3,236.693434,8.069094,0.322764,0.040000
z_0100_549.146718.png,#154360,2,132.124892,4.504258,0.180170,0.040000
z_0100_549.146718.png,#1b4f72,2,178.852814,6.097255,0.243890,0.040000
z_0100_549.146718.png,#2ecc71,5,343.806133,11.720664,0.468827,0.040000
z_0100_549.146718.png,#48c9b0,1,20.727922,0.706634,0.028265,0.040000
z_0100_549.146718.png,#4a235a,8,363.161472,12.380505,0.495220,0.040000
z_0100_549.146718.png,#512e5f,1,86.769553,2.958053,0.118322,0.040000
z_0100_549.146718.png,#52be80,5,253.622366,8.646217,0.345849,0.040000
z_0100_549.146718.png,#5499c7,3,207.480231,7.073190,0.282928,0.040000
z_0100_549.146718.png,#7b241c,2,106.083261,3.616475,0.144659,0.040000
z_0100_549.146718.png,#82e0aa,1,115.254834,3.929142,0.157166,0.040000
z_0100_549.146718.png,#85c1e9,4,234.551299,7.996067,0.319843,0.040000
z_0100_549.146718.png,#922b21,2,64.526912,2.199781,0.087991,0.040000
z_0100_549.146718.png,#9a7d0a,2,361.404112,12.320595,0.492824,0.040000
z_0100_549.146718.png,#a3e4d7,1,87.254834,2.974597,0.118984,0.040000
z_0100_549.146718.png,#a9cce3,3,10.485281,0.357453,0.014298,0.040000
z_0100_549.146718.png,#af7ac5,1,34.142136,1.163936,0.046557,0.040000
z_0100_549.146718.png,#b9770e,1,29.556349,1.007603,0.040304,0.040000
z_0100_549.146718.png,#d2b4de,2,74.426407,2.537264,0.101491,0.040000
z_0100_549.146718.png,#e59866,4,311.705627,10.626328,0.425053,0.040000
z_0100_549.146718.png,#e74c3c,1,70.183766,2.392628,0.095705,0.040000
z_0100_549.146718.png,#edbb99,2,97.012193,3.307234,0.132289,0.040000
z_0100_549.146718.png,#f1948a,1,31.556349,1.075785,0.043031,0.040000
z_0100_549.146718.png,#f58231,4,400.433550,13.651144,0.546046,0.040000
z_0100_549.146718.png,#f7dc6f,1,43.112698,1.469751,0.058790,0.040000
z_0100_549.146718.png,#f8c471,2,67.941125,2.316175,0.092647,0.040000
z_0100_549.146718.png,#fad7a0,3,290.977705,9.919695,0.396788,0.040000
z_0101_550.158301.png,#0e6251,2,300.936075,10.259184,0.410367,0.040000
z_0101_550.158301.png,#117a65,3,243.521861,8.301882,0.332075,0.040000
z_0101_550.158301.png,#145a32,1,115.053824,3.922289,0.156892,0.040000
z_0101_550.158301.png,#154360,2,125.053824,4.263199,0.170528,0.040000
z_0101_550.158301.png,#196f3d,1,10.242641,0.349181,0.013967,0.040000
z_0101_550.158301.png,#1b4f72,2,177.781746,6.060741,0.242430,0.040000
z_0101_550.158301.png,#2ecc71,5,335.906638,11.451363,0.458055,0.040000
z_0101_550.158301.png,#48c9b0,1,23.313708,0.794786,0.031791,0.040000
z_0101_550.158301.png,#4a235a,8,377.161472,12.857777,0.514311,0.040000
z_0101_550.158301.png,#512e5f,1,87.012193,2.966325,0.118653,0.040000
z_0101_550.158301.png,#52be80,5,245.036580,8.353520,0.334141,0.040000
z_0101_550.158301.png,#5499c7,3,201.237590,6.860372,0.274415,0.040000
z_0101_550.158301.png,#7b241c,2,108.669048,3.704627,0.148185,0.040000
z_0101_550.158301.png,#82e0aa,1,116.083261,3.957384,0.158295,0.040000
z_0101_550.158301.png,#85c1e9,4,236.551299,8.064249,0.322570,0.040000
z_0101_550.158301.png,#922b21,2,61.455844,2.095086,0.083803,0.040000
z_0101_550.158301.png,#9a7d0a,2,369.989899,12.613292,0.504532,0.040000
z_0101_550.158301.png,#a3e4d7,1,86.426407,2.946355,0.117854,0.040000
z_0101_550.158301.png,#a9cce3,3,10.485281,0.357453,0.014298,0.040000
z_0101_550.158301.png,#af7ac5,1,37.213203,1.268632,0.050745,0.040000
z_0101_550.158301.png,#b9770e,1,31.313708,1.067513,0.042701,0.040000
z_0101_550.158301.png,#d2b4de,2,76.426407,2.605446,0.104218,0.040000
z_0101_550.158301.png,#e59866,5,279.764502,9.537426,0.381497,0.040000
z_0101_550.158301.png,#e74c3c,1,71.597980,2.440840,0.097634,0.040000
z_0101_550.158301.png,#edbb99,2,95.254834,3.247324,0.129893,0.040000
z_0101_550.158301.png,#f1948a,1,34.384776,1.172208,0.046888,0.040000
z_0101_550.158301.png,#f58231,4,378.291414,12.896298,0.515852,0.040000
z_0101_550.158301.png,#f7dc6f,1,44.627417,1.521389,0.060856,0.040000
z_0101_550.158301.png,#f8c471,2,67.355339,2.296205,0.091848,0.040000
z_0101_550.158301.png,#fad7a0,3,286.149278,9.755089,0.390204,0.040000
z_0102_551.169884.png,#0e6251,2,293.663997,10.011273,0.400451,0.040000
z_0102_551.169884.png,#117a65,3,245.521861,8.370063,0.334803,0.040000
z_0102_551.169884.png,#145a32,1,113.639610,3.874078,0.154963,0.040000
z_0102_551.169884.png,#154360,2,122.811183,4.186745,0.167470,0.040000
z_0102_551.169884.png,#196f3d,1,23.899495,0.814756,0.032590,0.040000
z_0102_551.169884.png,#1b4f72,2,177.781746,6.060741,0.242430,0.040000
z_0102_551.169884.png,#2ecc71,5,329.563492,11.235119,0.449405,0.040000
z_0102_551.169884.png,#48c9b0,1,24.727922,0.842997,0.033720,0.040000
z_0102_551.169884.png,#4a235a,8,366.333044,12.488627,0.499545,0.040000
z_0102_551.169884.png,#512e5f,1,87.840620,2.994567,0.119783,0.040000
z_0102_551.169884.png,#52be80,6,228.793939,7.799793,0.311992,0.040000
z_0102_551.169884.png,#5499c7,3,196.994949,6.715737,0.268629,0.040000
z_0102_551.169884.png,#7b241c,2,114.325902,3.897474,0.155899,0.040000
z_0102_551.169884.png,#82e0aa,2,118.911688,4.053808,0.162152,0.040000
z_0102_551.169884.png,#85c1e9,4,247.865007,8.449943,0.337998,0.040000
z_0102_551.169884.png,#922b21,2,66.526912,2.267963,0.090719,0.040000
z_0102_551.169884.png,#9a7d0a,2,373.060967,12.717987,0.508719,0.040000
z_0102_551.169884.png,#a3e4d7,1,83.254834,2.838233,0.113529,0.040000
z_0102_551.169884.png,#a9cce3,1,6.828427,0.232787,0.009311,0.040000
z_0102_551.169884.png,#af7ac5,1,35.556349,1.212148,0.048486,0.040000
z_0102_551.169884.png,#b9770e,1,31.313708,1.067513,0.042701,0.040000
z_0102_551.169884.png,#d2b4de,2,84.669048,2.886445,0.115458,0.040000
z_0102_551.169884.png,#e59866,6,270.450793,9.219913,0.368797,0.040000
z_0102_551.169884.png,#e74c3c,1,72.183766,2.460810,0.098432,0.040000
z_0102_551.169884.png,#edbb99,2,101.497475,3.460141,0.138406,0.040000
z_0102_551.169884.png,#f1948a,1,35.213203,1.200450,0.048018,0.040000
z_0102_551.169884.png,#f58231,4,362.391919,12.354270,0.494171,0.040000
z_0102_551.169884.png,#f7dc6f,1,46.870058,1.597843,0.063914,0.040000
z_0102_551.169884.png,#f8c471,2,70.183766,2.392628,0.095705,0.040000
z_0102_551.169884.png,#fad7a0,3,278.492424,9.494060,0.379762,0.040000
z_0103_552.181467.png,#0e6251,2,299.663997,10.215818,0.408633,0.040000
z_0103_552.181467.png,#117a65,3,251.521861,8.574609,0.342984,0.040000
z_0103_552.181467.png,#145a32,1,110.811183,3.777654,0.151106,0.040000
z_0103_552.181467.png,#154360,2,121.053824,4.126835,0.165073,0.040000
z_0103_552.181467.png,#196f3d,2,81.355339,2.773477,0.110939,0.040000
z_0103_552.181467.png,#1b4f72,2,170.367532,5.807984,0.232319,0.040000
z_0103_552.181467.png,#2ecc71,5,335.220346,11.427966,0.457119,0.040000
z_0103_552.181467.png,#48c9b0,1,24.727922,0.842997,0.033720,0.040000
z_0103_552.181467.png,#4a235a,7,391.261977,13.338476,0.533539,0.040000
z_0103_552.181467.png,#512e5f,1,89.497475,3.051050,0.122042,0.040000
z_0103_552.181467.png,#52be80,5,225.965512,7.703370,0.308135,0.040000
z_0103_552.181467.png,#5499c7,3,202.166522,6.892041,0.275682,0.040000
z_0103_552.181467.png,#7b241c,2,102.083261,3.480111,0.139204,0.040000
z_0103_552.181467.png,#82e0aa,2,117.396970,4.002169,0.160087,0.040000
z_0103_552.181467.png,#85c1e9,4,268.350288,9.148305,0.365932,0.040000
z_0103_552.181467.png,#922b21,2,67.840620,2.312748,0.092510,0.040000
z_0103_552.181467.png,#9a7d0a,2,380.717821,12.979017,0.519161,0.040000
z_0103_552.181467.png,#a3e4d7,2,87.840620,2.994567,0.119783,0.040000
z_0103_552.181467.png,#a9cce3,4,13.313708,0.453876,0.018155,0.040000
z_0103_552.181467.png,#af7ac5,1,32.142136,1.095755,0.043830,0.040000
z_0103_552.181467.png,#b9770e,1,30.485281,1.039271,0.041571,0.040000
z_0103_552.181467.png,#d2b4de,2,83.012193,2.829961,0.113198,0.040000
z_0103_552.181467.png,#e59866,5,211.237590,7.201281,0.288051,0.040000
z_0103_552.181467.png,#e74c3c,1,73.840620,2.517294,0.100692,0.040000
z_0103_552.181467.png,#edbb99,2,100.911688,3.440171,0.137607,0.040000
z_0103_552.181467.png,#f1948a,1,38.384776,1.308572,0.052343,0.040000
z_0103_552.181467.png,#f58231,4,336.492424,11.471333,0.458853,0.040000
z_0103_552.181467.png,#f7dc6f,1,44.284271,1.509691,0.060388,0.040000
z_0103_552.181467.png,#f8c471,2,67.698485,2.307903,0.092316,0.040000
z_0103_552.181467.png,#fad7a0,3,274.492424,9.357696,0.374308,0.040000
z_0104_553.193050.png,#0e6251,3,282.492424,9.630424,0.385217,0.040000
z_0104_553.193050.png,#117a65,2,258.350288,8.807396,0.352296,0.040000
z_0104_553.193050.png,#145a32,1,105.740115,3.604777,0.144191,0.040000
z_0104_553.193050.png,#154360,2,116.325902,3.965656,0.158626,0.040000
z_0104_553.193050.png,#196f3d,1,94.526912,3.222508,0.128900,0.040000
z_0104_553.193050.png,#1b4f72,2,170.610173,5.816256,0.232650,0.040000
z_0104_553.193050.png,#2ecc71,4,265.865007,9.063580,0.362543,0.040000
z_0104_553.193050.png,#48c9b0,1,23.313708,0.794786,0.031791,0.040000
z_0104_553.193050.png,#4a235a,7,414.132034,14.118138,0.564726,0.040000
z_0104_553.193050.png,#512e5f,1,92.083261,3.139202,0.125568,0.040000
z_0104_553.193050.png,#52be80,3,206.994949,7.056646,0.282266,0.040000
z_0104_553.193050.png,#5499c7,3,188.752309,6.434738,0.257390,0.040000
z_0104_553.193050.png,#7b241c,2,95.254834,3.247324,0.129893,0.040000
z_0104_553.193050.png,#82e0aa,4,121.639610,4.146805,0.165872,0.040000
z_0104_553.193050.png,#85c1e9,4,288.492424,9.834969,0.393399,0.040000
z_0104_553.193050.png,#922b21,2,71.254834,2.429142,0.097166,0.040000
z_0104_553.193050.png,#9a7d0a,2,389.646753,13.283412,0.531336,0.040000
z_0104_553.193050.png,#a3e4d7,1,79.597980,2.713567,0.108543,0.040000
z_0104_553.193050.png,#a9cce3,6,26.970563,0.919451,0.036778,0.040000
z_0104_553.193050.png,#af7ac5,1,31.899495,1.087483,0.043499,0.040000
z_0104_553.193050.png,#b9770e,1,34.727922,1.183906,0.047356,0.040000
z_0104_553.193050.png,#d2b4de,2,84.669048,2.886445,0.115458,0.040000
z_0104_553.193050.png,#e59866,5,217.237590,7.405827,0.296233,0.040000
z_0104_553.193050.png,#e74c3c,1,73.597980,2.509022,0.100361,0.040000
z_0104_553.193050.png,#edbb99,2,102.083261,3.480111,0.139204,0.040000
z_0104_553.193050.png,#f1948a,1,41.313708,1.408422,0.056337,0.040000
z_0104_553.193050.png,#f58231,3,295.764502,10.082881,0.403315,0.040000
z_0104_553.193050.png,#f7dc6f,1,57.698485,1.966994,0.078680,0.040000
z_0104_553.193050.png,#f8c471,2,62.284271,2.123327,0.084933,0.040000
z_0104_553.193050.png,#fad7a0,3,269.764502,9.196517,0.367861,0.040000
z_0105_554.204633.png,#0e6251,1,165.681241,5.648224,0.225929,0.040000
z_0105_554.204633.png,#117a65,2,257.521861,8.779154,0.351166,0.040000
z_0105_554.204633.png,#145a32,1,105.982756,3.613049,0.144522,0.040000
z_0105_554.204633.png,#154360,2,117.982756,4.022139,0.160886,0.040000
z_0105_554.204633.png,#196f3d,1,105.112698,3.583387,0.143335,0.040000
z_0105_554.204633.png,#1b4f72,2,172.367532,5.876166,0.235047,0.040000
z_0105_554.204633.png,#2ecc71,3,256.208153,8.734369,0.349375,0.040000
z_0105_554.204633.png,#48c9b0,1,26.727922,0.911179,0.036447,0.040000
z_0105_554.204633.png,#4a235a,9,452.960461,15.441834,0.617673,0.040000
z_0105_554.204633.png,#512e5f,1,88.325902,3.011110,0.120444,0.040000
z_0105_554.204633.png,#52be80,3,229.137085,7.811492,0.312460,0.040000
z_0105_554.204633.png,#5499c7,3,190.994949,6.511191,0.260448,0.040000
z_0105_554.204633.png,#7b241c,2,97.497475,3.323778,0.132951,0.040000
z_0105_554.204633.png,#82e0aa,1,97.254834,3.315506,0.132620,0.040000
z_0105_554.204633.png,#85c1e9,4,302.149278,10.300544,0.412022,0.040000
z_0105_554.204633.png,#922b21,2,69.597980,2.372658,0.094906,0.040000
z_0105_554.204633.png,#9a7d0a,3,508.215295,17.325521,0.693021,0.040000
z_0105_554.204633.png,#a3e4d7,3,87.597980,2.986295,0.119452,0.040000
z_0105_554.204633.png,#a9cce3,5,14.142136,0.482118,0.019285,0.040000
z_0105_554.204633.png,#af7ac5,1,31.313708,1.067513,0.042701,0.040000
z_0105_554.204633.png,#b9770e,1,37.798990,1.288602,0.051544,0.040000
z_0105_554.204633.png,#d2b4de,2,87.740115,2.991140,0.119646,0.040000
z_0105_554.204633.png,#e59866,4,226.208153,7.711642,0.308466,0.040000
z_0105_554.204633.png,#e74c3c,1,72.769553,2.480780,0.099231,0.040000
z_0105_554.204633.png,#edbb99,2,99.597980,3.395386,0.135815,0.040000
z_0105_554.204633.png,#f1948a,1,42.041631,1.433237,0.057329,0.040000
z_0105_554.204633.png,#f58231,3,273.137085,9.311492,0.372460,0.040000
z_0105_554.204633.png,#f7dc6f,1,56.526912,1.927054,0.077082,0.040000
z_0105_554.204633.png,#f8c471,2,67.112698,2.287933,0.091517,0.040000
z_0105_554.204633.png,#fad7a0,3,271.521861,9.256427,0.370257,0.040000
z_0106_555.216216.png,#0e6251,1,162.852814,5.551800,0.222072,0.040000
z_0106_555.216216.png,#117a65,2,260.350288,8.875578,0.355023,0.040000
z_0106_555.216216.png,#145a32,1,107.053824,3.649562,0.145982,0.040000
z_0106_555.216216.png,#154360,2,115.396970,3.933988,0.157360,0.040000
z_0106_555.216216.png,#1b4f72,2,170.024387,5.796286,0.231851,0.040000
z_0106_555.216216.png,#2ecc71,4,242.208153,8.257096,0.330284,0.040000
z_0106_555.216216.png,#48c9b0,1,28.970563,0.987633,0.039505,0.040000
z_0106_555.216216.png,#4a235a,9,475.102597,16.196679,0.647867,0.040000
z_0106_555.216216.png,#512e5f,1,84.669048,2.886445,0.115458,0.040000
z_0106_555.216216.png,#52be80,4,246.936075,8.418275,0.336731,0.040000
z_0106_555.216216.png,#5499c7,3,198.651804,6.772221,0.270889,0.040000
z_0106_555.216216.png,#7b241c,3,112.669048,3.840990,0.153640,0.040000
z_0106_555.216216.png,#82e0aa,1,94.183766,3.210810,0.128432,0.040000
z_0106_555.216216.png,#85c1e9,4,315.705627,10.762692,0.430508,0.040000
z_0106_555.216216.png,#922b21,2,76.769553,2.617144,0.104686,0.040000
z_0106_555.216216.png,#9a7d0a,3,527.529004,17.983943,0.719358,0.040000
z_0106_555.216216.png,#a3e4d7,2,79.355339,2.705296,0.108212,0.040000
z_0106_555.216216.png,#a9cce3,5,16.142136,0.550300,0.022012,0.040000
z_0106_555.216216.png,#af7ac5,1,29.556349,1.007603,0.040304,0.040000
z_0106_555.216216.png,#b9770e,1,40.627417,1.385026,0.055401,0.040000
z_0106_555.216216.png,#d2b4de,2,89.497475,3.051050,0.122042,0.040000
z_0106_555.216216.png,#e59866,4,207.137085,7.061492,0.282460,0.040000
z_0106_555.216216.png,#e74c3c,1,76.769553,2.617144,0.104686,0.040000
z_0106_555.216216.png,#edbb99,2,94.426407,3.219082,0.128763,0.040000
z_0106_555.216216.png,#f1948a,1,42.384776,1.444936,0.057797,0.040000
z_0106_555.216216.png,#f58231,3,272.592929,9.292941,0.371718,0.040000
z_0106_555.216216.png,#f7dc6f,1,57.698485,1.966994,0.078680,0.040000
z_0106_555.216216.png,#f8c471,2,70.183766,2.392628,0.095705,0.040000
z_0106_555.216216.png,#fad7a0,3,270.350288,9.216487,0.368659,0.040000
z_0107_556.227799.png,#0e6251,1,162.509668,5.540102,0.221604,0.040000
z_0107_556.227799.png,#117a65,2,252.450793,8.606277,0.344251,0.040000
z_0107_556.227799.png,#145a32,1,103.396970,3.524897,0.140996,0.040000
z_0107_556.227799.png,#154360,2,112.083261,3.821020,0.152841,0.040000
z_0107_556.227799.png,#1b4f72,2,167.539105,5.711560,0.228462,0.040000
z_0107_556.227799.png,#2ecc71,3,232.066017,7.911341,0.316454,0.040000
z_0107_556.227799.png,#48c9b0,1,27.313708,0.931149,0.037246,0.040000
z_0107_556.227799.png,#4a235a,9,470.031529,16.023802,0.640952,0.040000
z_0107_556.227799.png,#512e5f,1,87.497475,2.982868,0.119315,0.040000
z_0107_556.227799.png,#52be80,3,223.137085,7.606946,0.304278,0.040000
z_0107_556.227799.png,#5499c7,3,211.823376,7.221251,0.288850,0.040000
z_0107_556.227799.png,#7b241c,3,113.497475,3.869232,0.154769,0.040000
z_0107_556.227799.png,#82e0aa,1,94.183766,3.210810,0.128432,0.040000
z_0107_556.227799.png,#85c1e9,4,327.605122,11.168356,0.446734,0.040000
z_0107_556.227799.png,#922b21,2,74.183766,2.528992,0.101160,0.040000
z_0107_556.227799.png,#9a7d0a,3,531.529004,18.120307,0.724812,0.040000
z_0107_556.227799.png,#a3e4d7,2,78.769553,2.685326,0.107413,0.040000
z_0107_556.227799.png,#a9cce3,3,16.485281,0.561998,0.022480,0.040000
z_0107_556.227799.png,#af7ac5,1,34.627417,1.180480,0.047219,0.040000
z_0107_556.227799.png,#b9770e,1,39.213203,1.336814,0.053473,0.040000
z_0107_556.227799.png,#d2b4de,2,87.012193,2.966325,0.118653,0.040000
z_0107_556.227799.png,#e59866,4,197.823376,6.743979,0.269759,0.040000
z_0107_556.227799.png,#e74c3c,1,78.769553,2.685326,0.107413,0.040000
z_0107_556.227799.png,#edbb99,2,93.355339,3.182568,0.127303,0.040000
z_0107_556.227799.png,#f1948a,1,42.627417,1.453207,0.058128,0.040000
z_0107_556.227799.png,#f58231,3,273.279221,9.316337,0.372653,0.040000
z_0107_556.227799.png,#f7dc6f,1,63.698485,2.171539,0.086862,0.040000
z_0107_556.227799.png,#f8c471,2,64.870058,2.211479,0.088459,0.040000
z_0107_556.227799.png,#fad7a0,3,267.865007,9.131762,0.365270,0.040000
z_0108_557.239382.png,#0e6251,1,162.509668,5.540102,0.221604,0.040000
z_0108_557.239382.png,#117a65,2,251.036580,8.558065,0.342323,0.040000
z_0108_557.239382.png,#145a32,1,103.396970,3.524897,0.140996,0.040000
z_0108_557.239382.png,#154360,2,113.840620,3.880930,0.155237,0.040000
z_0108_557.239382.png,#1b4f72,2,168.953319,5.759772,0.230391,0.040000
z_0108_557.239382.png,#2ecc71,3,230.894444,7.871402,0.314856,0.040000
z_0108_557.239382.png,#48c9b0,1,27.313708,0.931149,0.037246,0.040000
z_0108_557.239382.png,#4a235a,9,470.274170,16.032074,0.641283,0.040000
z_0108_557.239382.png,#512e5f,1,86.669048,2.954627,0.118185,0.040000
z_0108_557.239382.png,#52be80,3,223.722871,7.626916,0.305077,0.040000
z_0108_557.239382.png,#5499c7,3,212.409163,7.241221,0.289649,0.040000
z_0108_557.239382.png,#7b241c,3,112.669048,3.840990,0.153640,0.040000
z_0108_557.239382.png,#82e0aa,1,94.426407,3.219082,0.128763,0.040000
z_0108_557.239382.png,#85c1e9,4,325.847763,11.108446,0.444338,0.040000
z_0108_557.239382.png,#922b21,2,74.769553,2.548962,0.101958,0.040000
z_0108_557.239382.png,#9a7d0a,3,530.014285,18.068669,0.722747,0.040000
z_0108_557.239382.png,#a3e4d7,2,78.769553,2.685326,0.107413,0.040000
z_0108_557.239382.png,#a9cce3,3,18.485281,0.630180,0.025207,0.040000
z_0108_557.239382.png,#af7ac5,1,33.213203,1.132268,0.045291,0.040000
z_0108_557.239382.png,#b9770e,1,39.798990,1.356784,0.054271,0.040000
z_0108_557.239382.png,#d2b4de,2,86.183766,2.938083,0.117523,0.040000
z_0108_557.239382.png,#e59866,4,200.066017,6.820432,0.272817,0.040000
z_0108_557.239382.png,#e74c3c,1,78.769553,2.685326,0.107413,0.040000
z_0108_557.239382.png,#edbb99,2,93.355339,3.182568,0.127303,0.040000
z_0108_557.239382.png,#f1948a,1,43.455844,1.481449,0.059258,0.040000
z_0108_557.239382.png,#f58231,3,271.865007,9.268125,0.370725,0.040000
z_0108_557.239382.png,#f7dc6f,1,61.698485,2.103357,0.084134,0.040000
z_0108_557.239382.png,#f8c471,2,64.870058,2.211479,0.088459,0.040000
z_0108_557.239382.png,#fad7a0,3,267.036580,9.103520,0.364141,0.040000
z_0109_558.250965.png,#0e6251,1,156.267027,5.327285,0.213091,0.040000
z_0109_558.250965.png,#117a65,2,248.107648,8.458215,0.338329,0.040000
z_0109_558.250965.png,#145a32,1,102.225397,3.484957,0.139398,0.040000
z_0109_558.250965.png,#154360,2,111.254834,3.792778,0.151711,0.040000
z_0109_558.250965.png,#1b4f72,2,162.225397,5.530411,0.221216,0.040000
z_0109_558.250965.png,#2ecc71,3,202.994949,6.920282,0.276811,0.040000
z_0109_558.250965.png,#48c9b0,1,35.798990,1.220420,0.048817,0.040000
z_0109_558.250965.png,#4a235a,9,515.872150,17.586551,0.703462,0.040000
z_0109_558.250965.png,#512e5f,1,91.740115,3.127504,0.125100,0.040000
z_0109_558.250965.png,#52be80,3,178.166522,6.073859,0.242954,0.040000
z_0109_558.250965.png,#5499c7,3,213.338095,7.272890,0.290916,0.040000
z_0109_558.250965.png,#7b241c,3,165.095454,5.628254,0.225130,0.040000
z_0109_558.250965.png,#82e0aa,1,87.840620,2.994567,0.119783,0.040000
z_0109_558.250965.png,#85c1e9,4,403.546248,13.757258,0.550290,0.040000
z_0109_558.250965.png,#922b21,2,74.083261,2.525566,0.101023,0.040000
z_0109_558.250965.png,#9a7d0a,2,517.345238,17.636769,0.705471,0.040000
z_0109_558.250965.png,#a3e4d7,2,77.012193,2.625416,0.105017,0.040000
z_0109_558.250965.png,#a9cce3,5,24.142136,0.823027,0.032921,0.040000
z_0109_558.250965.png,#af7ac5,1,39.798990,1.356784,0.054271,0.040000
z_0109_558.250965.png,#b9770e,1,43.455844,1.481449,0.059258,0.040000
z_0109_558.250965.png,#d2b4de,2,88.769553,3.026235,0.121049,0.040000
z_0109_558.250965.png,#e59866,4,201.480231,6.868644,0.274746,0.040000
z_0109_558.250965.png,#e74c3c,1,81.355339,2.773477,0.110939,0.040000
z_0109_558.250965.png,#edbb99,2,124.911688,4.258353,0.170334,0.040000
z_0109_558.250965.png,#f1948a,1,42.627417,1.453207,0.058128,0.040000
z_0109_558.250965.png,#f58231,3,253.480231,8.641372,0.345655,0.040000
z_0109_558.250965.png,#f7dc6f,1,43.556349,1.484876,0.059395,0.040000
z_0109_558.250965.png,#f8c471,3,100.083261,3.411929,0.136477,0.040000
z_0109_558.250965.png,#fad7a0,3,274.450793,9.356277,0.374251,0.040000
z_0110_559.262548.png,#0e6251,1,151.195959,5.154408,0.206176,0.040000
z_0110_559.262548.png,#117a65,2,247.379726,8.433400,0.337336,0.040000
z_0110_559.262548.png,#145a32,1,100.568542,3.428473,0.137139,0.040000
z_0110_559.262548.png,#154360,2,111.497475,3.801050,0.152042,0.040000
z_0110_559.262548.png,#1b4f72,2,164.468037,5.606865,0.224275,0.040000
z_0110_559.262548.png,#2ecc71,3,190.166522,6.482950,0.259318,0.040000
z_0110_559.262548.png,#48c9b0,1,50.627417,1.725935,0.069037,0.040000
z_0110_559.262548.png,#4a235a,8,510.600072,17.406821,0.696273,0.040000
z_0110_559.262548.png,#512e5f,1,88.568542,3.019382,0.120775,0.040000
z_0110_559.262548.png,#52be80,3,147.195959,5.018044,0.200722,0.040000
z_0110_559.262548.png,#5499c7,4,267.622366,9.123490,0.364940,0.040000
z_0110_559.262548.png,#7b241c,3,164.367532,5.603439,0.224138,0.040000
z_0110_559.262548.png,#82e0aa,1,87.597980,2.986295,0.119452,0.040000
z_0110_559.262548.png,#85c1e9,5,441.102597,15.037589,0.601504,0.040000
z_0110_559.262548.png,#922b21,2,73.254834,2.497324,0.099893,0.040000
z_0110_559.262548.png,#9a7d0a,3,499.203102,17.018288,0.680732,0.040000
z_0110_559.262548.png,#a3e4d7,1,69.698485,2.376085,0.095043,0.040000
z_0110_559.262548.png,#a9cce3,9,47.455844,1.617813,0.064713,0.040000
z_0110_559.262548.png,#af7ac5,1,43.455844,1.481449,0.059258,0.040000
z_0110_559.262548.png,#b9770e,1,46.041631,1.569601,0.062784,0.040000
z_0110_559.262548.png,#d2b4de,2,89.254834,3.042778,0.121711,0.040000
z_0110_559.262548.png,#e59866,4,200.409163,6.832131,0.273285,0.040000
z_0110_559.262548.png,#e74c3c,1,83.112698,2.833387,0.113335,0.040000
z_0110_559.262548.png,#edbb99,2,132.568542,4.519382,0.180775,0.040000
z_0110_559.262548.png,#f1948a,1,43.112698,1.469751,0.058790,0.040000
z_0110_559.262548.png,#f58231,3,257.379726,8.774309,0.350972,0.040000
z_0110_559.262548.png,#f7dc6f,1,48.384776,1.649481,0.065979,0.040000
z_0110_559.262548.png,#f8c471,3,112.325902,3.829292,0.153172,0.040000
z_0110_559.262548.png,#fad7a0,3,280.450793,9.560823,0.382433,0.040000
z_0111_560.274131.png,#0e6251,1,152.852814,5.210891,0.208436,0.040000
z_0111_560.274131.png,#117a65,2,249.036580,8.489883,0.339595,0.040000
z_0111_560.274131.png,#145a32,1,100.568542,3.428473,0.137139,0.040000
z_0111_560.274131.png,#154360,2,110.669048,3.772808,0.150912,0.040000
z_0111_560.274131.png,#1b4f72,2,165.639610,5.646805,0.225872,0.040000
z_0111_560.274131.png,#2ecc71,3,192.994949,6.579373,0.263175,0.040000
z_0111_560.274131.png,#48c9b0,1,50.627417,1.725935,0.069037,0.040000
z_0111_560.274131.png,#4a235a,8,509.771645,17.378579,0.695143,0.040000
z_0111_560.274131.png,#512e5f,1,88.568542,3.019382,0.120775,0.040000
z_0111_560.274131.png,#52be80,3,147.195959,5.018044,0.200722,0.040000
z_0111_560.274131.png,#5499c7,4,268.107648,9.140033,0.365601,0.040000
z_0111_560.274131.png,#7b241c,3,164.367532,5.603439,0.224138,0.040000
z_0111_560.274131.png,#82e0aa,1,87.597980,2.986295,0.119452,0.040000
z_0111_560.274131.png,#85c1e9,5,439.931024,14.997649,0.599906,0.040000
z_0111_560.274131.png,#922b21,2,73.840620,2.517294,0.100692,0.040000
z_0111_560.274131.png,#9a7d0a,3,497.546248,16.961804,0.678472,0.040000
z_0111_560.274131.png,#a3e4d7,1,69.698485,2.376085,0.095043,0.040000
z_0111_560.274131.png,#a9cce3,9,39.455844,1.345086,0.053803,0.040000
z_0111_560.274131.png,#af7ac5,1,44.284271,1.509691,0.060388,0.040000
z_0111_560.274131.png,#b9770e,1,45.455844,1.549631,0.061985,0.040000
z_0111_560.274131.png,#d2b4de,2,89.254834,3.042778,0.121711,0.040000
z_0111_560.274131.png,#e59866,4,200.409163,6.832131,0.273285,0.040000
z_0111_560.274131.png,#e74c3c,1,83.941125,2.861629,0.114465,0.040000
z_0111_560.274131.png,#edbb99,2,131.154329,4.471170,0.178847,0.040000
z_0111_560.274131.png,#f1948a,1,43.698485,1.489721,0.059589,0.040000
z_0111_560.274131.png,#f58231,3,258.551299,8.814249,0.352570,0.040000
z_0111_560.274131.png,#f7dc6f,1,47.798990,1.629511,0.065180,0.040000
z_0111_560.274131.png,#f8c471,3,112.325902,3.829292,0.153172,0.040000
z_0111_560.274131.png,#fad7a0,3,281.036580,9.580792,0.383232,0.040000
z_0112_561.285714.png,#0e6251,1,144.124892,4.913349,0.196534,0.040000
z_0112_561.285714.png,#117a65,3,241.622366,8.237126,0.329485,0.040000
z_0112_561.285714.png,#145a32,1,99.982756,3.408503,0.136340,0.040000
z_0112_561.285714.png,#154360,2,118.468037,4.038683,0.161547,0.040000
z_0112_561.285714.png,#1b4f72,2,160.124892,5.458803,0.218352,0.040000
z_0112_561.285714.png,#2ecc71,1,130.710678,4.456046,0.178242,0.040000
z_0112_561.285714.png,#48c9b0,1,85.012193,2.898143,0.115926,0.040000
z_0112_561.285714.png,#4a235a,6,549.629509,18.737370,0.749495,0.040000
z_0112_561.285714.png,#512e5f,1,92.568542,3.155746,0.126230,0.040000
z_0112_561.285714.png,#52be80,2,87.355339,2.978023,0.119121,0.040000
z_0112_561.285714.png,#5499c7,4,332.977705,11.351513,0.454061,0.040000
z_0112_561.285714.png,#7b241c,3,190.752309,6.502920,0.260117,0.040000
z_0112_561.285714.png,#82e0aa,1,86.426407,2.946355,0.117854,0.040000
z_0112_561.285714.png,#85c1e9,6,608.641702,20.749149,0.829966,0.040000
z_0112_561.285714.png,#922b21,2,79.254834,2.701869,0.108075,0.040000
z_0112_561.285714.png,#9a7d0a,6,527.688384,17.989377,0.719575,0.040000
z_0112_561.285714.png,#a3e4d7,2,62.041631,2.115056,0.084602,0.040000
z_0112_561.285714.png,#a9cce3,6,24.970563,0.851269,0.034051,0.040000
z_0112_561.285714.png,#af7ac5,1,55.213203,1.882268,0.075291,0.040000
z_0112_561.285714.png,#b9770e,1,52.041631,1.774146,0.070966,0.040000
z_0112_561.285714.png,#cb4335,1,29.556349,1.007603,0.040304,0.040000
z_0112_561.285714.png,#d2b4de,2,93.740115,3.195686,0.127827,0.040000
z_0112_561.285714.png,#e59866,3,185.338095,6.318344,0.252734,0.040000
z_0112_561.285714.png,#e74c3c,1,89.254834,3.042778,0.121711,0.040000
z_0112_561.285714.png,#edbb99,1,175.154329,5.971170,0.238847,0.040000
z_0112_561.285714.png,#f1948a,1,44.284271,1.509691,0.060388,0.040000
z_0112_561.285714.png,#f58231,3,277.622366,9.464399,0.378576,0.040000
z_0112_561.285714.png,#f7dc6f,1,60.041631,2.046874,0.081875,0.040000
z_0112_561.285714.png,#f8c471,3,147.296465,5.021470,0.200859,0.040000
z_0112_561.285714.png,#fad7a0,5,281.563492,9.598755,0.383950,0.040000
z_0113_562.297297.png,#0e6251,1,144.124892,4.913349,0.196534,0.040000
z_0113_562.297297.png,#117a65,3,241.622366,8.237126,0.329485,0.040000
z_0113_562.297297.png,#145a32,1,99.982756,3.408503,0.136340,0.040000
z_0113_562.297297.png,#154360,2,118.468037,4.038683,0.161547,0.040000
z_0113_562.297297.png,#1b4f72,2,160.124892,5.458803,0.218352,0.040000
z_0113_562.297297.png,#2ecc71,1,129.882251,4.427804,0.177112,0.040000
z_0113_562.297297.png,#48c9b0,1,84.183766,2.869901,0.114796,0.040000
z_0113_562.297297.png,#4a235a,6,548.215295,18.689158,0.747566,0.040000
z_0113_562.297297.png,#512e5f,1,92.568542,3.155746,0.126230,0.040000
z_0113_562.297297.png,#52be80,2,87.355339,2.978023,0.119121,0.040000
z_0113_562.297297.png,#5499c7,4,329.320851,11.226847,0.449074,0.040000
z_0113_562.297297.png,#7b241c,3,193.338095,6.591071,0.263643,0.040000
z_0113_562.297297.png,#82e0aa,1,88.669048,3.022808,0.120912,0.040000
z_0113_562.297297.png,#85c1e9,6,609.712770,20.785663,0.831427,0.040000
z_0113_562.297297.png,#922b21,2,79.254834,2.701869,0.108075,0.040000
z_0113_562.297297.png,#9a7d0a,5,536.759451,18.298618,0.731945,0.040000
z_0113_562.297297.png,#a3e4d7,1,59.213203,2.018632,0.080745,0.040000
z_0113_562.297297.png,#a9cce3,5,16.142136,0.550300,0.022012,0.040000
z_0113_562.297297.png,#af7ac5,1,55.213203,1.882268,0.075291,0.040000
z_0113_562.297297.png,#b9770e,1,52.627417,1.794116,0.071765,0.040000
z_0113_562.297297.png,#cb4335,1,29.556349,1.007603,0.040304,0.040000
z_0113_562.297297.png,#d2b4de,2,93.740115,3.195686,0.127827,0.040000
z_0113_562.297297.png,#e59866,3,185.338095,6.318344,0.252734,0.040000
z_0113_562.297297.png,#e74c3c,1,89.840620,3.062748,0.122510,0.040000
z_0113_562.297297.png,#edbb99,1,173.982756,5.931230,0.237249,0.040000
z_0113_562.297297.png,#f1948a,1,44.284271,1.509691,0.060388,0.040000
z_0113_562.297297.png,#f58231,3,279.036580,9.512611,0.380504,0.040000
z_0113_562.297297.png,#f7dc6f,1,60.041631,2.046874,0.081875,0.040000
z_0113_562.297297.png,#f8c471,3,146.710678,5.001500,0.200060,0.040000
z_0113_562.297297.png,#fad7a0,5,280.391919,9.558815,0.382353,0.040000
z_0114_563.308880.png,#0e6251,1,153.882251,5.245986,0.209839,0.040000
z_0114_563.308880.png,#117a65,3,232.894444,7.939583,0.317583,0.040000
z_0114_563.308880.png,#145a32,1,98.568542,3.360291,0.134412,0.040000
z_0114_563.308880.png,#154360,2,119.740115,4.082049,0.163282,0.040000
z_0114_563.308880.png,#196f3d,1,113.840620,3.880930,0.155237,0.040000
z_0114_563.308880.png,#1b4f72,2,165.296465,5.635107,0.225404,0.040000
z_0114_563.308880.png,#2ecc71,1,126.468037,4.311410,0.172456,0.040000
z_0114_563.308880.png,#48c9b0,1,90.083261,3.071020,0.122841,0.040000
z_0114_563.308880.png,#4a235a,6,557.771645,19.014942,0.760598,0.040000
z_0114_563.308880.png,#512e5f,1,94.325902,3.215656,0.128626,0.040000
z_0114_563.308880.png,#52be80,2,91.840620,3.130930,0.125237,0.040000
z_0114_563.308880.png,#5499c7,4,338.492424,11.539514,0.461581,0.040000
z_0114_563.308880.png,#7b241c,3,207.580736,7.076616,0.283065,0.040000
z_0114_563.308880.png,#82e0aa,1,87.254834,2.974597,0.118984,0.040000
z_0114_563.308880.png,#85c1e9,8,638.884343,21.780148,0.871206,0.040000
z_0114_563.308880.png,#922b21,3,117.396970,4.002169,0.160087,0.040000
z_0114_563.308880.png,#9a7d0a,6,468.132034,15.959047,0.638362,0.040000
z_0114_563.308880.png,#a3e4d7,2,60.627417,2.066844,0.082674,0.040000
z_0114_563.308880.png,#a9cce3,6,26.970563,0.919451,0.036778,0.040000
z_0114_563.308880.png,#af7ac5,1,61.112698,2.083387,0.083335,0.040000
z_0114_563.308880.png,#b9770e,1,51.213203,1.745905,0.069836,0.040000
z_0114_563.308880.png,#cb4335,1,24.485281,0.834726,0.033389,0.040000
z_0114_563.308880.png,#d2b4de,2,93.254834,3.179142,0.127166,0.040000
z_0114_563.308880.png,#e59866,3,187.580736,6.394798,0.255792,0.040000
z_0114_563.308880.png,#e74c3c,1,91.497475,3.119232,0.124769,0.040000
z_0114_563.308880.png,#edbb99,1,175.882251,5.995986,0.239839,0.040000
z_0114_563.308880.png,#f1948a,1,46.284271,1.577873,0.063115,0.040000
z_0114_563.308880.png,#f58231,3,282.693434,9.637276,0.385491,0.040000
z_0114_563.308880.png,#f7dc6f,1,64.284271,2.191509,0.087660,0.040000
z_0114_563.308880.png,#f8c471,3,150.953319,5.146136,0.205845,0.040000
z_0114_563.308880.png,#fad7a0,4,201.338095,6.863799,0.274552,0.040000
z_0115_564.320463.png,#0e6251,1,154.367532,5.262530,0.210501,0.040000
z_0115_564.320463.png,#117a65,3,232.894444,7.939583,0.317583,0.040000
z_0115_564.320463.png,#145a32,1,99.396970,3.388533,0.135541,0.040000
z_0115_564.320463.png,#154360,2,118.325902,4.033838,0.161354,0.040000
z_0115_564.320463.png,#196f3d,1,113.840620,3.880930,0.155237,0.040000
z_0115_564.320463.png,#1b4f72,2,164.468037,5.606865,0.224275,0.040000
z_0115_564.320463.png,#2ecc71,1,124.225397,4.234957,0.169398,0.040000
z_0115_564.320463.png,#48c9b0,1,90.083261,3.071020,0.122841,0.040000
z_0115_564.320463.png,#4a235a,6,556.357431,18.966731,0.758669,0.040000
z_0115_564.320463.png,#512e5f,1,93.740115,3.195686,0.127827,0.040000
z_0115_564.320463.png,#52be80,2,92.083261,3.139202,0.125568,0.040000
z_0115_564.320463.png,#5499c7,4,340.149278,11.595998,0.463840,0.040000
z_0115_564.320463.png,#7b241c,3,207.580736,7.076616,0.283065,0.040000
z_0115_564.320463.png,#82e0aa,1,85.840620,2.926385,0.117055,0.040000
z_0115_564.320463.png,#85c1e9,8,640.884343,21.848330,0.873933,0.040000
z_0115_564.320463.png,#922b21,3,116.568542,3.973928,0.158957,0.040000
z_0115_564.320463.png,#9a7d0a,6,470.960461,16.055470,0.642219,0.040000
z_0115_564.320463.png,#a3e4d7,3,64.870058,2.211479,0.088459,0.040000
z_0115_564.320463.png,#a9cce3,5,22.142136,0.754846,0.030194,0.040000
z_0115_564.320463.png,#af7ac5,1,61.112698,2.083387,0.083335,0.040000
z_0115_564.320463.png,#b9770e,1,51.213203,1.745905,0.069836,0.040000
z_0115_564.320463.png,#cb4335,1,23.899495,0.814756,0.032590,0.040000
z_0115_564.320463.png,#d2b4de,2,93.254834,3.179142,0.127166,0.040000
z_0115_564.320463.png,#e59866,3,188.409163,6.423040,0.256922,0.040000
z_0115_564.320463.png,#e74c3c,1,90.669048,3.090990,0.123640,0.040000
z_0115_564.320463.png,#edbb99,1,176.468037,6.015956,0.240638,0.040000
z_0115_564.320463.png,#f1948a,1,45.698485,1.557903,0.062316,0.040000
z_0115_564.320463.png,#f58231,3,282.693434,9.637276,0.385491,0.040000
z_0115_564.320463.png,#f7dc6f,1,62.870058,2.143297,0.085732,0.040000
z_0115_564.320463.png,#f8c471,3,151.781746,5.174378,0.206975,0.040000
z_0115_564.320463.png,#fad7a0,4,199.923882,6.815587,0.272623,0.040000
z_0116_565.332046.png,#0e6251,1,155.539105,5.302469,0.212099,0.040000
z_0116_565.332046.png,#117a65,3,233.137085,7.947855,0.317914,0.040000
z_0116_565.332046.png,#145a32,1,99.982756,3.408503,0.136340,0.040000
z_0116_565.332046.png,#154360,2,116.911688,3.985626,0.159425,0.040000
z_0116_565.332046.png,#196f3d,1,114.669048,3.909172,0.156367,0.040000
z_0116_565.332046.png,#1b4f72,2,164.468037,5.606865,0.224275,0.040000
z_0116_565.332046.png,#2ecc71,1,124.225397,4.234957,0.169398,0.040000
z_0116_565.332046.png,#48c9b0,1,90.083261,3.071020,0.122841,0.040000
z_0116_565.332046.png,#4a235a,6,556.357431,18.966731,0.758669,0.040000
z_0116_565.332046.png,#512e5f,1,93.740115,3.195686,0.127827,0.040000
z_0116_565.332046.png,#52be80,2,92.911688,3.167444,0.126698,0.040000
z_0116_565.332046.png,#5499c7,4,338.735065,11.547786,0.461911,0.040000
z_0116_565.332046.png,#7b241c,3,207.580736,7.076616,0.283065,0.040000
z_0116_565.332046.png,#82e0aa,1,85.840620,2.926385,0.117055,0.040000
z_0116_565.332046.png,#85c1e9,8,638.298557,21.760178,0.870407,0.040000
z_0116_565.332046.png,#922b21,3,117.396970,4.002169,0.160087,0.040000
z_0116_565.332046.png,#9a7d0a,6,470.475180,16.038927,0.641557,0.040000
z_0116_565.332046.png,#a3e4d7,3,64.870058,2.211479,0.088459,0.040000
z_0116_565.332046.png,#a9cce3,5,22.142136,0.754846,0.030194,0.040000
z_0116_565.332046.png,#af7ac5,1,61.112698,2.083387,0.083335,0.040000
z_0116_565.332046.png,#b9770e,1,51.213203,1.745905,0.069836,0.040000
z_0116_565.332046.png,#cb4335,1,23.899495,0.814756,0.032590,0.040000
z_0116_565.332046.png,#d2b4de,2,93.254834,3.179142,0.127166,0.040000
z_0116_565.332046.png,#e59866,3,187.580736,6.394798,0.255792,0.040000
z_0116_565.332046.png,#e74c3c,1,90.669048,3.090990,0.123640,0.040000
z_0116_565.332046.png,#edbb99,1,176.468037,6.015956,0.240638,0.040000
z_0116_565.332046.png,#f1948a,1,45.698485,1.557903,0.062316,0.040000
z_0116_565.332046.png,#f58231,3,284.936075,9.713730,0.388549,0.040000
z_0116_565.332046.png,#f7dc6f,1,64.284271,2.191509,0.087660,0.040000
z_0116_565.332046.png,#f8c471,3,154.610173,5.270801,0.210832,0.040000
z_0116_565.332046.png,#fad7a0,4,200.166522,6.823859,0.272954,0.040000
z_0117_566.343629.png,#0e6251,1,109.982756,3.749412,0.149976,0.040000
z_0117_566.343629.png,#117a65,4,286.249783,9.758515,0.390341,0.040000
z_0117_566.343629.png,#145a32,1,97.639610,3.328623,0.133145,0.040000
z_0117_566.343629.png,#154360,3,172.710678,5.887864,0.235515,0.040000
z_0117_566.343629.png,#196f3d,2,153.195959,5.222590,0.208904,0.040000
z_0117_566.343629.png,#1b4f72,1,121.396970,4.138533,0.165541,0.040000
z_0117_566.343629.png,#2e4053,3,125.154329,4.266625,0.170665,0.040000
z_0117_566.343629.png,#2ecc71,2,125.296465,4.271470,0.170859,0.040000
z_0117_566.343629.png,#3b3b98,1,28.727922,0.979361,0.039174,0.040000
z_0117_566.343629.png,#48c9b0,4,208.793939,7.117975,0.284719,0.040000
z_0117_566.343629.png,#4a235a,8,955.435642,32.571670,1.302867,0.040000
z_0117_566.343629.png,#512e5f,1,73.254834,2.497324,0.099893,0.040000
z_0117_566.343629.png,#52be80,3,239.965512,8.180642,0.327226,0.040000
z_0117_566.343629.png,#5499c7,4,395.989899,13.499656,0.539986,0.040000
z_0117_566.343629.png,#73c6b6,1,54.627417,1.862298,0.074492,0.040000
z_0117_566.343629.png,#7b241c,5,324.776695,11.071933,0.442877,0.040000
z_0117_566.343629.png,#82e0aa,2,136.468037,4.652319,0.186093,0.040000
z_0117_566.343629.png,#85c1e9,8,560.256926,19.099668,0.763987,0.040000
z_0117_566.343629.png,#922b21,3,287.078210,9.786757,0.391470,0.040000
z_0117_566.343629.png,#9a7d0a,4,272.492424,9.289514,0.371581,0.040000
z_0117_566.343629.png,#a2d9ce,2,136.083261,4.639202,0.185568,0.040000
z_0117_566.343629.png,#a3e4d7,5,58.526912,1.995236,0.079809,0.040000
z_0117_566.343629.png,#a9cce3,5,32.142136,1.095755,0.043830,0.040000
z_0117_566.343629.png,#af7ac5,1,88.183766,3.006265,0.120251,0.040000
z_0117_566.343629.png,#b9770e,1,53.112698,1.810660,0.072426,0.040000
z_0117_566.343629.png,#cb4335,1,21.071068,0.718332,0.028733,0.040000
z_0117_566.343629.png,#d2b4de,2,115.740115,3.945686,0.157827,0.040000
z_0117_566.343629.png,#d68910,2,53.698485,1.830630,0.073225,0.040000
z_0117_566.343629.png,#e59866,2,123.396970,4.206715,0.168269,0.040000
z_0117_566.343629.png,#e74c3c,1,93.012193,3.170870,0.126835,0.040000
z_0117_566.343629.png,#edbb99,2,259.923882,8.861041,0.354442,0.040000
z_0117_566.343629.png,#f1948a,1,34.485281,1.175635,0.047025,0.040000
z_0117_566.343629.png,#f58231,2,261.320851,8.908665,0.356347,0.040000
z_0117_566.343629.png,#f7dc6f,1,77.254834,2.633688,0.105348,0.040000
z_0117_566.343629.png,#f8c471,3,188.509668,6.426466,0.257059,0.040000
z_0117_566.343629.png,#fad7a0,4,214.752309,7.321101,0.292844,0.040000
z_0118_567.355212.png,#0e6251,1,109.982756,3.749412,0.149976,0.040000
z_0118_567.355212.png,#117a65,4,286.249783,9.758515,0.390341,0.040000
z_0118_567.355212.png,#145a32,1,97.639610,3.328623,0.133145,0.040000
z_0118_567.355212.png,#154360,3,172.124892,5.867894,0.234716,0.040000
z_0118_567.355212.png,#196f3d,2,153.195959,5.222590,0.208904,0.040000
z_0118_567.355212.png,#1b4f72,1,121.396970,4.138533,0.165541,0.040000
z_0118_567.355212.png,#2e4053,3,125.154329,4.266625,0.170665,0.040000
z_0118_567.355212.png,#2ecc71,2,125.296465,4.271470,0.170859,0.040000
z_0118_567.355212.png,#3b3b98,1,28.727922,0.979361,0.039174,0.040000
z_0118_567.355212.png,#48c9b0,4,208.208153,7.098005,0.283920,0.040000
z_0118_567.355212.png,#4a235a,8,965.820418,32.925696,1.317028,0.040000
z_0118_567.355212.png,#512e5f,1,75.254834,2.565506,0.102620,0.040000
z_0118_567.355212.png,#52be80,3,239.137085,8.152401,0.326096,0.040000
z_0118_567.355212.png,#5499c7,4,397.989899,13.567837,0.542713,0.040000
z_0118_567.355212.png,#73c6b6,1,54.041631,1.842328,0.073693,0.040000
z_0118_567.355212.png,#7b241c,5,324.190909,11.051963,0.442079,0.040000
z_0118_567.355212.png,#82e0aa,2,135.296465,4.612379,0.184495,0.040000
z_0118_567.355212.png,#85c1e9,8,560.842712,19.119638,0.764786,0.040000
z_0118_567.355212.png,#922b21,3,286.249783,9.758515,0.390341,0.040000
z_0118_567.355212.png,#9a7d0a,4,270.249783,9.213061,0.368522,0.040000
z_0118_567.355212.png,#a2d9ce,2,136.083261,4.639202,0.185568,0.040000
z_0118_567.355212.png,#a3e4d7,6,60.526912,2.063417,0.082537,0.040000
z_0118_567.355212.png,#a9cce3,5,32.142136,1.095755,0.043830,0.040000
z_0118_567.355212.png,#af7ac5,1,88.769553,3.026235,0.121049,0.040000
z_0118_567.355212.png,#b9770e,1,52.284271,1.782418,0.071297,0.040000
z_0118_567.355212.png,#cb4335,1,21.071068,0.718332,0.028733,0.040000
z_0118_567.355212.png,#d2b4de,2,117.740115,4.013868,0.160555,0.040000
z_0118_567.355212.png,#d68910,2,54.284271,1.850600,0.074024,0.040000
z_0118_567.355212.png,#e59866,2,123.396970,4.206715,0.168269,0.040000
z_0118_567.355212.png,#e74c3c,1,94.183766,3.210810,0.128432,0.040000
z_0118_567.355212.png,#edbb99,2,261.338095,8.909253,0.356370,0.040000
z_0118_567.355212.png,#f1948a,1,34.485281,1.175635,0.047025,0.040000
z_0118_567.355212.png,#f58231,2,260.735065,8.888695,0.355548,0.040000
z_0118_567.355212.png,#f7dc6f,1,76.669048,2.613718,0.104549,0.040000
z_0118_567.355212.png,#f8c471,3,186.267027,6.350012,0.254000,0.040000
z_0118_567.355212.png,#fad7a0,4,215.338095,7.341071,0.293643,0.040000
z_0119_568.366795.png,#0e6251,1,110.568542,3.769382,0.150775,0.040000
z_0119_568.366795.png,#117a65,4,286.249783,9.758515,0.390341,0.040000
z_0119_568.366795.png,#145a32,1,97.053824,3.308653,0.132346,0.040000
z_0119_568.366795.png,#154360,3,172.710678,5.887864,0.235515,0.040000
z_0119_568.366795.png,#196f3d,2,153.195959,5.222590,0.208904,0.040000
z_0119_568.366795.png,#1b4f72,1,121.396970,4.138533,0.165541,0.040000
z_0119_568.366795.png,#2e4053,3,125.982756,4.294867,0.171795,0.040000
z_0119_568.366795.png,#2ecc71,2,125.296465,4.271470,0.170859,0.040000
z_0119_568.366795.png,#3b3b98,1,28.727922,0.979361,0.039174,0.040000
z_0119_568.366795.png,#48c9b0,4,207.379726,7.069763,0.282791,0.040000
z_0119_568.366795.png,#4a235a,8,961.092496,32.764517,1.310581,0.040000
z_0119_568.366795.png,#512e5f,1,74.083261,2.525566,0.101023,0.040000
z_0119_568.366795.png,#52be80,3,239.137085,8.152401,0.326096,0.040000
z_0119_568.366795.png,#5499c7,4,396.575685,13.519626,0.540785,0.040000
z_0119_568.366795.png,#73c6b6,1,53.455844,1.822358,0.072894,0.040000
z_0119_568.366795.png,#7b241c,5,323.362482,11.023721,0.440949,0.040000
z_0119_568.366795.png,#82e0aa,2,135.296465,4.612379,0.184495,0.040000
z_0119_568.366795.png,#85c1e9,8,559.428499,19.071426,0.762857,0.040000
z_0119_568.366795.png,#922b21,3,285.421356,9.730274,0.389211,0.040000
z_0119_568.366795.png,#9a7d0a,4,271.320851,9.249574,0.369983,0.040000
z_0119_568.366795.png,#a2d9ce,2,136.083261,4.639202,0.185568,0.040000
z_0119_568.366795.png,#a3e4d7,5,57.112698,1.947024,0.077881,0.040000
z_0119_568.366795.png,#a9cce3,5,32.142136,1.095755,0.043830,0.040000
z_0119_568.366795.png,#af7ac5,1,88.769553,3.026235,0.121049,0.040000
z_0119_568.366795.png,#b9770e,1,52.870058,1.802388,0.072096,0.040000
z_0119_568.366795.png,#cb4335,1,21.071068,0.718332,0.028733,0.040000
z_0119_568.366795.png,#d2b4de,2,117.740115,4.013868,0.160555,0.040000
z_0119_568.366795.png,#d68910,2,54.284271,1.850600,0.074024,0.040000
z_0119_568.366795.png,#e59866,2,123.396970,4.206715,0.168269,0.040000
z_0119_568.366795.png,#e74c3c,1,94.183766,3.210810,0.128432,0.040000
z_0119_568.366795.png,#edbb99,2,261.338095,8.909253,0.356370,0.040000
z_0119_568.366795.png,#f1948a,1,34.485281,1.175635,0.047025,0.040000
z_0119_568.366795.png,#f58231,2,260.735065,8.888695,0.355548,0.040000
z_0119_568.366795.png,#f7dc6f,1,75.012193,2.557234,0.102289,0.040000
z_0119_568.366795.png,#f8c471,3,186.267027,6.350012,0.254000,0.040000
z_0119_568.366795.png,#fad7a0,4,214.752309,7.321101,0.292844,0.040000
z_0120_569.378378.png,#0e6251,1,110.568542,3.769382,0.150775,0.040000
z_0120_569.378378.png,#117a65,4,286.249783,9.758515,0.390341,0.040000
z_0120_569.378378.png,#145a32,1,97.639610,3.328623,0.133145,0.040000
z_0120_569.378378.png,#154360,3,172.710678,5.887864,0.235515,0.040000
z_0120_569.378378.png,#196f3d,2,153.195959,5.222590,0.208904,0.040000
z_0120_569.378378.png,#1b4f72,2,165.438600,5.639952,0.225598,0.040000
z_0120_569.378378.png,#2e4053,3,124.325902,4.238383,0.169535,0.040000
z_0120_569.378378.png,#2ecc71,2,125.053824,4.263199,0.170528,0.040000
z_0120_569.378378.png,#3b3b98,1,28.727922,0.979361,0.039174,0.040000
z_0120_569.378378.png,#48c9b0,4,207.379726,7.069763,0.282791,0.040000
z_0120_569.378378.png,#4a235a,8,954.749350,32.548273,1.301931,0.040000
z_0120_569.378378.png,#512e5f,1,74.669048,2.545536,0.101821,0.040000
z_0120_569.378378.png,#52be80,3,239.137085,8.152401,0.326096,0.040000
z_0120_569.378378.png,#5499c7,4,395.747258,13.491384,0.539655,0.040000
z_0120_569.378378.png,#73c6b6,1,53.455844,1.822358,0.072894,0.040000
z_0120_569.378378.png,#7b241c,5,323.362482,11.023721,0.440949,0.040000
z_0120_569.378378.png,#82e0aa,2,135.296465,4.612379,0.184495,0.040000
z_0120_569.378378.png,#85c1e9,8,558.842712,19.051456,0.762058,0.040000
z_0120_569.378378.png,#922b21,3,281.764502,9.605608,0.384224,0.040000
z_0120_569.378378.png,#9a7d0a,4,269.078210,9.173121,0.366925,0.040000
z_0120_569.378378.png,#a2d9ce,2,137.497475,4.687414,0.187497,0.040000
z_0120_569.378378.png,#a3e4d7,5,58.526912,1.995236,0.079809,0.040000
z_0120_569.378378.png,#a9cce3,5,30.142136,1.027573,0.041103,0.040000
z_0120_569.378378.png,#af7ac5,1,88.769553,3.026235,0.121049,0.040000
z_0120_569.378378.png,#b9770e,1,53.698485,1.830630,0.073225,0.040000
z_0120_569.378378.png,#cb4335,1,21.071068,0.718332,0.028733,0.040000
z_0120_569.378378.png,#d2b4de,2,117.154329,3.993898,0.159756,0.040000
z_0120_569.378378.png,#d68910,2,53.698485,1.830630,0.073225,0.040000
z_0120_569.378378.png,#e59866,2,123.982756,4.226685,0.169067,0.040000
z_0120_569.378378.png,#e74c3c,1,93.597980,3.190840,0.127634,0.040000
z_0120_569.378378.png,#edbb99,2,262.166522,8.937495,0.357500,0.040000
z_0120_569.378378.png,#f1948a,1,34.485281,1.175635,0.047025,0.040000
z_0120_569.378378.png,#f58231,2,260.735065,8.888695,0.355548,0.040000
z_0120_569.378378.png,#f7dc6f,1,75.012193,2.557234,0.102289,0.040000
z_0120_569.378378.png,#f8c471,3,186.852814,6.369982,0.254799,0.040000
z_0120_569.378378.png,#fad7a0,4,214.752309,7.321101,0.292844,0.040000
z_0121_570.389961.png,#0e6251,1,107.396970,3.661260,0.146450,0.040000
z_0121_570.389961.png,#117a65,4,288.350288,9.830123,0.393205,0.040000
z_0121_570.389961.png,#145a32,1,97.982756,3.340321,0.133613,0.040000
z_0121_570.389961.png,#154360,3,173.539105,5.916106,0.236644,0.040000
z_0121_570.389961.png,#196f3d,2,219.923882,7.497405,0.299896,0.040000
z_0121_570.389961.png,#1b4f72,2,162.024387,5.523559,0.220942,0.040000
z_0121_570.389961.png,#2e4053,3,124.811183,4.254927,0.170197,0.040000
z_0121_570.389961.png,#2ecc71,2,125.882251,4.291440,0.171658,0.040000
z_0121_570.389961.png,#3b3b98,1,29.798990,1.015875,0.040635,0.040000
z_0121_570.389961.png,#48c9b0,4,204.651804,6.976766,0.279071,0.040000
z_0121_570.389961.png,#4a235a,8,1009.518903,34.415417,1.376617,0.040000
z_0121_570.389961.png,#512e5f,1,71.597980,2.440840,0.097634,0.040000
z_0121_570.389961.png,#52be80,3,236.409163,8.059403,0.322376,0.040000
z_0121_570.389961.png,#5499c7,4,409.060967,13.945260,0.557810,0.040000
z_0121_570.389961.png,#73c6b6,1,52.870058,1.802388,0.072096,0.040000
z_0121_570.389961.png,#7b241c,4,337.806133,11.516118,0.460645,0.040000
z_0121_570.389961.png,#82e0aa,2,149.053824,5.081380,0.203255,0.040000
z_0121_570.389961.png,#85c1e9,7,523.529004,17.847580,0.713903,0.040000
z_0121_570.389961.png,#922b21,3,293.178716,9.994729,0.399789,0.040000
z_0121_570.389961.png,#9a7d0a,5,283.078210,9.650394,0.386016,0.040000
z_0121_570.389961.png,#a2d9ce,2,117.840620,4.017294,0.160692,0.040000
z_0121_570.389961.png,#a3e4d7,4,61.698485,2.103357,0.084134,0.040000
z_0121_570.389961.png,#a9cce3,6,24.970563,0.851269,0.034051,0.040000
z_0121_570.389961.png,#af7ac5,1,90.870058,3.097843,0.123914,0.040000
z_0121_570.389961.png,#b9770e,1,52.526912,1.790690,0.071628,0.040000
z_0121_570.389961.png,#cb4335,1,21.313708,0.726604,0.029064,0.040000
z_0121_570.389961.png,#d2b4de,2,118.669048,4.045536,0.161821,0.040000
z_0121_570.389961.png,#d68910,2,57.698485,1.966994,0.078680,0.040000
z_0121_570.389961.png,#e59866,2,107.740115,3.672958,0.146918,0.040000
z_0121_570.389961.png,#e74c3c,1,99.497475,3.391959,0.135678,0.040000
z_0121_570.389961.png,#edbb99,3,280.994949,9.579373,0.383175,0.040000
z_0121_570.389961.png,#f1948a,1,30.727922,1.047543,0.041902,0.040000
z_0121_570.389961.png,#f58231,2,251.078210,8.559484,0.342379,0.040000
z_0121_570.389961.png,#f7dc6f,1,87.740115,2.991140,0.119646,0.040000
z_0121_570.389961.png,#f8c471,3,186.367532,6.353439,0.254138,0.040000
z_0121_570.389961.png,#fad7a0,4,227.237590,7.746736,0.309869,0.040000
z_0122_571.401544.png,#0e6251,1,100.325902,3.420201,0.136808,0.040000
z_0122_571.401544.png,#117a65,4,291.178716,9.926547,0.397062,0.040000
z_0122_571.401544.png,#145a32,1,93.497475,3.187414,0.127497,0.040000
z_0122_571.401544.png,#154360,3,172.852814,5.892710,0.235708,0.040000
z_0122_571.401544.png,#196f3d,2,190.752309,6.502920,0.260117,0.040000
z_0122_571.401544.png,#1b4f72,2,160.852814,5.483619,0.219345,0.040000
z_0122_571.401544.png,#2e4053,3,141.154329,4.812079,0.192483,0.040000
z_0122_571.401544.png,#2ecc71,2,119.154329,4.062079,0.162483,0.040000
z_0122_571.401544.png,#3b3b98,1,29.313708,0.999331,0.039973,0.040000
z_0122_571.401544.png,#48c9b0,3,222.651804,7.590402,0.303616,0.040000
z_0122_571.401544.png,#4a235a,7,1167.744299,39.809465,1.592379,0.040000
z_0122_571.401544.png,#512e5f,1,79.840620,2.721839,0.108874,0.040000
z_0122_571.401544.png,#52be80,4,182.852814,6.233619,0.249345,0.040000
z_0122_571.401544.png,#5499c7,4,430.617316,14.680136,0.587205,0.040000
z_0122_571.401544.png,#73c6b6,1,52.870058,1.802388,0.072096,0.040000
z_0122_571.401544.png,#7b241c,4,347.806133,11.857027,0.474281,0.040000
z_0122_571.401544.png,#82e0aa,2,161.639610,5.510441,0.220418,0.040000
z_0122_571.401544.png,#85c1e9,9,559.227489,19.064573,0.762583,0.040000
z_0122_571.401544.png,#922b21,3,287.421356,9.798455,0.391938,0.040000
z_0122_571.401544.png,#9a7d0a,7,398.232539,13.576109,0.543044,0.040000
z_0122_571.401544.png,#a2d9ce,1,114.426407,3.900900,0.156036,0.040000
z_0122_571.401544.png,#a3e4d7,9,98.183766,3.347174,0.133887,0.040000
z_0122_571.401544.png,#a9cce3,9,33.455844,1.140540,0.045622,0.040000
z_0122_571.401544.png,#af7ac5,1,101.254834,3.451869,0.138075,0.040000
z_0122_571.401544.png,#b9770e,1,45.455844,1.549631,0.061985,0.040000
z_0122_571.401544.png,#cb4335,1,28.970563,0.987633,0.039505,0.040000
z_0122_571.401544.png,#d2b4de,3,117.740115,4.013868,0.160555,0.040000
z_0122_571.401544.png,#d35400,1,23.899495,0.814756,0.032590,0.040000
z_0122_571.401544.png,#d68910,2,56.284271,1.918782,0.076751,0.040000
z_0122_571.401544.png,#e59866,1,77.012193,2.625416,0.105017,0.040000
z_0122_571.401544.png,#e74c3c,1,95.355339,3.250750,0.130030,0.040000
z_0122_571.401544.png,#edbb99,3,338.793939,11.549793,0.461992,0.040000
z_0122_571.401544.png,#f1948a,1,29.313708,0.999331,0.039973,0.040000
z_0122_571.401544.png,#f58231,2,233.279221,7.952701,0.318108,0.040000
z_0122_571.401544.png,#f7dc6f,1,69.941125,2.384357,0.095374,0.040000
z_0122_571.401544.png,#f8c471,3,194.752309,6.639283,0.265571,0.040000
z_0122_571.401544.png,#fad7a0,5,228.409163,7.786676,0.311467,0.040000
z_0123_572.413127.png,#0e6251,1,100.911688,3.440171,0.137607,0.040000
z_0123_572.413127.png,#117a65,4,290.007143,9.886607,0.395464,0.040000
z_0123_572.413127.png,#145a32,1,93.497475,3.187414,0.127497,0.040000
z_0123_572.413127.png,#154360,3,172.267027,5.872740,0.234910,0.040000
z_0123_572.413127.png,#196f3d,2,191.923882,6.542860,0.261714,0.040000
z_0123_572.413127.png,#1b4f72,2,162.852814,5.551800,0.222072,0.040000
z_0123_572.413127.png,#2e4053,3,139.982756,4.772139,0.190886,0.040000
z_0123_572.413127.png,#2ecc71,2,119.154329,4.062079,0.162483,0.040000
z_0123_572.413127.png,#3b3b98,1,29.313708,0.999331,0.039973,0.040000
z_0123_572.413127.png,#48c9b0,3,224.066017,7.638614,0.305545,0.040000
z_0123_572.413127.png,#4a235a,8,1175.744299,40.082192,1.603288,0.040000
z_0123_572.413127.png,#512e5f,1,79.840620,2.721839,0.108874,0.040000
z_0123_572.413127.png,#52be80,4,180.610173,6.157165,0.246287,0.040000
z_0123_572.413127.png,#5499c7,4,430.617316,14.680136,0.587205,0.040000
z_0123_572.413127.png,#73c6b6,1,52.870058,1.802388,0.072096,0.040000
z_0123_572.413127.png,#7b241c,4,341.563492,11.644210,0.465768,0.040000
z_0123_572.413127.png,#82e0aa,2,161.639610,5.510441,0.220418,0.040000
z_0123_572.413127.png,#85c1e9,9,558.641702,19.044603,0.761784,0.040000
z_0123_572.413127.png,#922b21,3,290.492424,9.903151,0.396126,0.040000
z_0123_572.413127.png,#9a7d0a,7,396.575685,13.519626,0.540785,0.040000
z_0123_572.413127.png,#a2d9ce,1,114.669048,3.909172,0.156367,0.040000
z_0123_572.413127.png,#a3e4d7,9,98.183766,3.347174,0.133887,0.040000
z_0123_572.413127.png,#a9cce3,10,34.284271,1.168782,0.046751,0.040000
z_0123_572.413127.png,#af7ac5,1,101.254834,3.451869,0.138075,0.040000
z_0123_572.413127.png,#b9770e,1,45.455844,1.549631,0.061985,0.040000
z_0123_572.413127.png,#cb4335,1,28.970563,0.987633,0.039505,0.040000
z_0123_572.413127.png,#d2b4de,3,117.740115,4.013868,0.160555,0.040000
z_0123_572.413127.png,#d35400,1,24.727922,0.842997,0.033720,0.040000
z_0123_572.413127.png,#d68910,2,56.284271,1.918782,0.076751,0.040000
z_0123_572.413127.png,#e59866,1,77.012193,2.625416,0.105017,0.040000
z_0123_572.413127.png,#e74c3c,1,97.355339,3.318932,0.132757,0.040000
z_0123_572.413127.png,#edbb99,3,339.965512,11.589733,0.463589,0.040000
z_0123_572.413127.png,#f1948a,1,29.313708,0.999331,0.039973,0.040000
z_0123_572.413127.png,#f58231,2,234.693434,8.000913,0.320037,0.040000
z_0123_572.413127.png,#f7dc6f,1,73.012193,2.489052,0.099562,0.040000
z_0123_572.413127.png,#f8c471,3,194.752309,6.639283,0.265571,0.040000
z_0123_572.413127.png,#fad7a0,5,228.409163,7.786676,0.311467,0.040000
z_0124_573.424710.png,#0e6251,1,100.568542,3.428473,0.137139,0.040000
z_0124_573.424710.png,#117a65,4,281.865007,9.609034,0.384361,0.040000
z_0124_573.424710.png,#145a32,1,95.154329,3.243898,0.129756,0.040000
z_0124_573.424710.png,#154360,3,166.953319,5.691590,0.227664,0.040000
z_0124_573.424710.png,#196f3d,2,198.994949,6.783919,0.271357,0.040000
z_0124_573.424710.png,#1b4f72,2,155.438600,5.299043,0.211962,0.040000
z_0124_573.424710.png,#2e4053,3,147.296465,5.021470,0.200859,0.040000
z_0124_573.424710.png,#2ecc71,2,111.740115,3.809322,0.152373,0.040000
z_0124_573.424710.png,#3b3b98,1,28.142136,0.959391,0.038376,0.040000
z_0124_573.424710.png,#48c9b0,3,232.894444,7.939583,0.317583,0.040000
z_0124_573.424710.png,#4a235a,9,1145.744299,39.059465,1.562379,0.040000
z_0124_573.424710.png,#512e5f,1,85.840620,2.926385,0.117055,0.040000
z_0124_573.424710.png,#52be80,4,146.953319,5.009772,0.200391,0.040000
z_0124_573.424710.png,#5499c7,4,457.445743,15.594741,0.623790,0.040000
z_0124_573.424710.png,#73c6b6,1,52.870058,1.802388,0.072096,0.040000
z_0124_573.424710.png,#7b241c,5,368.433550,12.560235,0.502409,0.040000
z_0124_573.424710.png,#82e0aa,2,159.053824,5.422289,0.216892,0.040000
z_0124_573.424710.png,#85c1e9,9,567.771645,19.355852,0.774234,0.040000
z_0124_573.424710.png,#922b21,3,303.078210,10.332212,0.413288,0.040000
z_0124_573.424710.png,#9a7d0a,8,416.274170,14.191165,0.567647,0.040000
z_0124_573.424710.png,#a2d9ce,1,109.597980,3.736295,0.149452,0.040000
z_0124_573.424710.png,#a3e4d7,8,80.526912,2.745236,0.109809,0.040000
z_0124_573.424710.png,#a9cce3,5,22.142136,0.754846,0.030194,0.040000
z_0124_573.424710.png,#af7ac5,1,105.012193,3.579961,0.143198,0.040000
z_0124_573.424710.png,#b9770e,1,45.455844,1.549631,0.061985,0.040000
z_0124_573.424710.png,#cb4335,2,171.923882,5.861041,0.234442,0.040000
z_0124_573.424710.png,#d2b4de,4,119.154329,4.062079,0.162483,0.040000
z_0124_573.424710.png,#d35400,1,21.313708,0.726604,0.029064,0.040000
z_0124_573.424710.png,#d68910,2,58.284271,1.986964,0.079479,0.040000
z_0124_573.424710.png,#e59866,1,71.254834,2.429142,0.097166,0.040000
z_0124_573.424710.png,#e74c3c,1,94.526912,3.222508,0.128900,0.040000
z_0124_573.424710.png,#edbb99,4,424.048773,14.456208,0.578248,0.040000
z_0124_573.424710.png,#f1948a,1,31.556349,1.075785,0.043031,0.040000
z_0124_573.424710.png,#f58231,2,227.379726,7.751582,0.310063,0.040000
z_0124_573.424710.png,#f7dc6f,1,61.455844,2.095086,0.083803,0.040000
z_0124_573.424710.png,#f8c471,3,201.237590,6.860372,0.274415,0.040000
z_0124_573.424710.png,#fad7a0,5,219.237590,7.474009,0.298960,0.040000
z_0125_574.436293.png,#0e6251,1,96.568542,3.292109,0.131684,0.040000
z_0125_574.436293.png,#117a65,4,280.450793,9.560823,0.382433,0.040000
z_0125_574.436293.png,#145a32,1,95.497475,3.255596,0.130224,0.040000
z_0125_574.436293.png,#154360,3,165.580736,5.644798,0.225792,0.040000
z_0125_574.436293.png,#196f3d,2,195.095454,6.650981,0.266039,0.040000
z_0125_574.436293.png,#1b4f72,2,152.610173,5.202620,0.208105,0.040000
z_0125_574.436293.png,#2e4053,3,145.053824,4.945017,0.197801,0.040000
z_0125_574.436293.png,#2ecc71,2,111.982756,3.817594,0.152704,0.040000
z_0125_574.436293.png,#3b3b98,1,29.899495,1.019301,0.040772,0.040000
z_0125_574.436293.png,#48c9b0,3,235.965512,8.044279,0.321771,0.040000
z_0125_574.436293.png,#4a235a,8,1098.531096,37.449924,1.497997,0.040000
z_0125_574.436293.png,#512e5f,1,93.982756,3.203958,0.128158,0.040000
z_0125_574.436293.png,#52be80,4,127.982756,4.363049,0.174522,0.040000
z_0125_574.436293.png,#5499c7,5,508.215295,17.325521,0.693021,0.040000
z_0125_574.436293.png,#73c6b6,1,55.698485,1.898812,0.075952,0.040000
z_0125_574.436293.png,#7b241c,5,396.575685,13.519626,0.540785,0.040000
z_0125_574.436293.png,#82e0aa,2,163.781746,5.583469,0.223339,0.040000
z_0125_574.436293.png,#85c1e9,9,559.286363,19.066581,0.762663,0.040000
z_0125_574.436293.png,#922b21,4,276.007143,9.409334,0.376373,0.040000
z_0125_574.436293.png,#9a7d0a,8,440.132034,15.004501,0.600180,0.040000
z_0125_574.436293.png,#a2d9ce,1,109.497475,3.732868,0.149315,0.040000
z_0125_574.436293.png,#a3e4d7,8,65.941125,2.247993,0.089920,0.040000
z_0125_574.436293.png,#a9cce3,9,31.455844,1.072358,0.042894,0.040000
z_0125_574.436293.png,#af7ac5,1,109.497475,3.732868,0.149315,0.040000
z_0125_574.436293.png,#b9770e,1,42.627417,1.453207,0.058128,0.040000
z_0125_574.436293.png,#cb4335,2,161.438600,5.503589,0.220144,0.040000
z_0125_574.436293.png,#d2b4de,2,101.840620,3.471839,0.138874,0.040000
z_0125_574.436293.png,#d35400,1,21.899495,0.746574,0.029863,0.040000
z_0125_574.436293.png,#d68910,2,62.627417,2.135026,0.085401,0.040000
z_0125_574.436293.png,#e59866,2,54.870058,1.870570,0.074823,0.040000
z_0125_574.436293.png,#e74c3c,1,91.355339,3.114387,0.124575,0.040000
z_0125_574.436293.png,#edbb99,4,464.918831,15.849506,0.633980,0.040000
z_0125_574.436293.png,#f1948a,1,29.556349,1.007603,0.040304,0.040000
z_0125_574.436293.png,#f58231,2,211.580736,7.212980,0.288519,0.040000
z_0125_574.436293.png,#f7dc6f,1,52.041631,1.774146,0.070966,0.040000
z_0125_574.436293.png,#f8c471,3,210.752309,7.184738,0.287390,0.040000
z_0125_574.436293.png,#fad7a0,5,210.066017,7.161341,0.286454,0.040000
z_0126_575.447876.png,#0e6251,1,92.325902,3.147474,0.125899,0.040000
z_0126_575.447876.png,#117a65,5,293.320851,9.999574,0.399983,0.040000
z_0126_575.447876.png,#145a32,1,92.426407,3.150900,0.126036,0.040000
z_0126_575.447876.png,#154360,3,167.681241,5.716406,0.228656,0.040000
z_0126_575.447876.png,#196f3d,3,292.793939,9.981612,0.399264,0.040000
z_0126_575.447876.png,#1b4f72,2,150.610173,5.134438,0.205378,0.040000
z_0126_575.447876.png,#2e4053,3,137.396970,4.683988,0.187360,0.040000
z_0126_575.447876.png,#2ecc71,2,114.811183,3.914018,0.156561,0.040000
z_0126_575.447876.png,#3b3b98,1,32.384776,1.104026,0.044161,0.040000
z_0126_575.447876.png,#48c9b0,4,240.450793,8.197186,0.327887,0.040000
z_0126_575.447876.png,#4a235a,7,1061.862048,36.199843,1.447994,0.040000
z_0126_575.447876.png,#512e5f,1,96.568542,3.292109,0.131684,0.040000
z_0126_575.447876.png,#52be80,4,120.811183,4.118563,0.164743,0.040000
z_0126_575.447876.png,#5499c7,6,581.813275,19.834543,0.793382,0.040000
z_0126_575.447876.png,#73c6b6,1,53.698485,1.830630,0.073225,0.040000
z_0126_575.447876.png,#7b241c,5,429.788889,14.651894,0.586076,0.040000
z_0126_575.447876.png,#82e0aa,2,147.882251,5.041440,0.201658,0.040000
z_0126_575.447876.png,#85c1e9,9,575.570635,19.621726,0.784869,0.040000
z_0126_575.447876.png,#922b21,4,261.279221,8.907246,0.356290,0.040000
z_0126_575.447876.png,#9a7d0a,8,484.759451,16.525890,0.661036,0.040000
z_0126_575.447876.png,#a2d9ce,1,108.568542,3.701200,0.148048,0.040000
z_0126_575.447876.png,#a3e4d7,10,76.769553,2.617144,0.104686,0.040000
z_0126_575.447876.png,#a9cce3,12,47.941125,1.634357,0.065374,0.040000
z_0126_575.447876.png,#af7ac5,1,116.325902,3.965656,0.158626,0.040000
z_0126_575.447876.png,#b9770e,1,43.455844,1.481449,0.059258,0.040000
z_0126_575.447876.png,#cb4335,3,213.137085,7.266037,0.290641,0.040000
z_0126_575.447876.png,#d2b4de,4,156.367532,5.330711,0.213228,0.040000
z_0126_575.447876.png,#d35400,1,21.313708,0.726604,0.029064,0.040000
z_0126_575.447876.png,#d68910,2,70.769553,2.412598,0.096504,0.040000
z_0126_575.447876.png,#e59866,1,42.041631,1.433237,0.057329,0.040000
z_0126_575.447876.png,#e74c3c,1,87.840620,2.994567,0.119783,0.040000
z_0126_575.447876.png,#edbb99,4,491.646753,16.760685,0.670427,0.040000
z_0126_575.447876.png,#f1948a,1,34.384776,1.172208,0.046888,0.040000
z_0126_575.447876.png,#f58231,2,205.823376,7.016706,0.280668,0.040000
z_0126_575.447876.png,#f7dc6f,1,44.627417,1.521389,0.060856,0.040000
z_0126_575.447876.png,#f8c471,3,272.350288,9.284669,0.371387,0.040000
z_0126_575.447876.png,#fad7a0,5,186.509668,6.358284,0.254331,0.040000
z_0127_576.459459.png,#0e6251,1,92.083261,3.139202,0.125568,0.040000
z_0127_576.459459.png,#117a65,7,359.362482,12.250994,0.490040,0.040000
z_0127_576.459459.png,#145a32,1,95.497475,3.255596,0.130224,0.040000
z_0127_576.459459.png,#154360,3,170.267027,5.804558,0.232182,0.040000
z_0127_576.459459.png,#196f3d,3,299.865007,10.222671,0.408907,0.040000
z_0127_576.459459.png,#1b4f72,2,145.539105,4.961560,0.198462,0.040000
z_0127_576.459459.png,#2e4053,3,132.811183,4.527654,0.181106,0.040000
z_0127_576.459459.png,#2ecc71,2,112.225397,3.825866,0.153035,0.040000
z_0127_576.459459.png,#3b3b98,2,53.455844,1.822358,0.072894,0.040000
z_0127_576.459459.png,#48c9b0,4,204.651804,6.976766,0.279071,0.040000
z_0127_576.459459.png,#4a235a,7,1059.075252,36.104838,1.444194,0.040000
z_0127_576.459459.png,#512e5f,1,99.840620,3.403658,0.136146,0.040000
z_0127_576.459459.png,#52be80,4,99.740115,3.400231,0.136009,0.040000
z_0127_576.459459.png,#5499c7,6,607.327994,20.704363,0.828175,0.040000
z_0127_576.459459.png,#73c6b6,1,53.455844,1.822358,0.072894,0.040000
z_0127_576.459459.png,#7b241c,4,478.416306,16.309647,0.652386,0.040000
z_0127_576.459459.png,#82e0aa,2,142.468037,4.856865,0.194275,0.040000
z_0127_576.459459.png,#85c1e9,11,650.724963,22.183806,0.887352,0.040000
z_0127_576.459459.png,#922b21,5,320.492424,10.925878,0.437035,0.040000
z_0127_576.459459.png,#9a7d0a,6,519.002092,17.693253,0.707730,0.040000
z_0127_576.459459.png,#a2d9ce,1,100.669048,3.431899,0.137276,0.040000
z_0127_576.459459.png,#a3e4d7,5,56.284271,1.918782,0.076751,0.040000
z_0127_576.459459.png,#a9cce3,12,53.941125,1.838902,0.073556,0.040000
z_0127_576.459459.png,#af7ac5,1,130.811183,4.459472,0.178379,0.040000
z_0127_576.459459.png,#b9770e,1,42.627417,1.453207,0.058128,0.040000
z_0127_576.459459.png,#cb4335,2,205.137085,6.993310,0.279732,0.040000
z_0127_576.459459.png,#d2b4de,3,168.994949,5.761191,0.230448,0.040000
z_0127_576.459459.png,#d35400,1,22.142136,0.754846,0.030194,0.040000
z_0127_576.459459.png,#d68910,2,78.426407,2.673628,0.106945,0.040000
z_0127_576.459459.png,#e59866,1,39.455844,1.345086,0.053803,0.040000
z_0127_576.459459.png,#e74c3c,1,86.183766,2.938083,0.117523,0.040000
z_0127_576.459459.png,#edbb99,6,515.060967,17.558897,0.702356,0.040000
z_0127_576.459459.png,#f1948a,1,33.798990,1.152238,0.046090,0.040000
z_0127_576.459459.png,#f58231,2,203.722871,6.945098,0.277804,0.040000
z_0127_576.459459.png,#f7dc6f,1,42.041631,1.433237,0.057329,0.040000
z_0127_576.459459.png,#f8c471,3,292.977705,9.987876,0.399515,0.040000
z_0127_576.459459.png,#fad7a0,4,170.024387,5.796286,0.231851,0.040000
z_0128_577.471042.png,#0e6251,1,88.669048,3.022808,0.120912,0.040000
z_0128_577.471042.png,#117a65,6,432.617316,14.748318,0.589933,0.040000
z_0128_577.471042.png,#145a32,1,93.254834,3.179142,0.127166,0.040000
z_0128_577.471042.png,#154360,3,166.852814,5.688164,0.227527,0.040000
z_0128_577.471042.png,#196f3d,5,306.592929,10.452032,0.418081,0.040000
z_0128_577.471042.png,#1b4f72,2,146.610173,4.998074,0.199923,0.040000
z_0128_577.471042.png,#2e4053,3,130.468037,4.447774,0.177911,0.040000
z_0128_577.471042.png,#2ecc71,2,109.154329,3.721170,0.148847,0.040000
z_0128_577.471042.png,#3b3b98,2,86.911688,2.962898,0.118516,0.040000
z_0128_577.471042.png,#48c9b0,4,189.095454,6.446436,0.257857,0.040000
z_0128_577.471042.png,#4a235a,7,1034.347330,35.261841,1.410474,0.040000
z_0128_577.471042.png,#512e5f,1,100.911688,3.440171,0.137607,0.040000
z_0128_577.471042.png,#52be80,2,67.355339,2.296205,0.091848,0.040000
z_0128_577.471042.png,#5499c7,6,717.210245,24.450349,0.978014,0.040000
z_0128_577.471042.png,#73c6b6,1,54.284271,1.850600,0.074024,0.040000
z_0128_577.471042.png,#7b241c,5,482.859956,16.461135,0.658445,0.040000
z_0128_577.471042.png,#82e0aa,2,134.225397,4.575866,0.183035,0.040000
z_0128_577.471042.png,#85c1e9,9,676.766594,23.071588,0.922864,0.040000
z_0128_577.471042.png,#922b21,5,306.249783,10.440334,0.417613,0.040000
z_0128_577.471042.png,#9a7d0a,9,592.742207,20.207121,0.808285,0.040000
z_0128_577.471042.png,#a2d9ce,1,93.597980,3.190840,0.127634,0.040000
z_0128_577.471042.png,#a3e4d7,7,58.870058,2.006934,0.080277,0.040000
z_0128_577.471042.png,#a9cce3,14,49.597980,1.690840,0.067634,0.040000
z_0128_577.471042.png,#af7ac5,2,127.882251,4.359622,0.174385,0.040000
z_0128_577.471042.png,#b9770e,1,41.798990,1.424966,0.056999,0.040000
z_0128_577.471042.png,#cb4335,2,222.450793,7.583550,0.303342,0.040000
z_0128_577.471042.png,#d2b4de,3,172.267027,5.872740,0.234910,0.040000
z_0128_577.471042.png,#d35400,1,26.727922,0.911179,0.036447,0.040000
z_0128_577.471042.png,#d68910,2,80.426407,2.741809,0.109672,0.040000
z_0128_577.471042.png,#e59866,1,34.970563,1.192178,0.047687,0.040000
z_0128_577.471042.png,#e74c3c,1,83.012193,2.829961,0.113198,0.040000
z_0128_577.471042.png,#edbb99,5,461.847763,15.744810,0.629792,0.040000
z_0128_577.471042.png,#f1948a,1,32.384776,1.104026,0.044161,0.040000
z_0128_577.471042.png,#f58231,2,197.580736,6.735707,0.269428,0.040000
z_0128_577.471042.png,#f7dc6f,1,39.798990,1.356784,0.054271,0.040000
z_0128_577.471042.png,#f8c471,2,302.977705,10.328785,0.413151,0.040000
z_0128_577.471042.png,#fad7a0,4,160.610173,5.475347,0.219014,0.040000
z_0129_578.482625.png,#0e6251,1,87.840620,2.994567,0.119783,0.040000
z_0129_578.482625.png,#117a65,6,430.617316,14.680136,0.587205,0.040000
z_0129_578.482625.png,#145a32,1,93.254834,3.179142,0.127166,0.040000
z_0129_578.482625.png,#154360,3,167.681241,5.716406,0.228656,0.040000
z_0129_578.482625.png,#196f3d,5,306.835570,10.460304,0.418412,0.040000
z_0129_578.482625.png,#1b4f72,2,146.610173,4.998074,0.199923,0.040000
z_0129_578.482625.png,#2e4053,3,129.639610,4.419532,0.176781,0.040000
z_0129_578.482625.png,#2ecc71,2,108.568542,3.701200,0.148048,0.040000
z_0129_578.482625.png,#3b3b98,2,84.669048,2.886445,0.115458,0.040000
z_0129_578.482625.png,#48c9b0,4,189.923882,6.474678,0.258987,0.040000
z_0129_578.482625.png,#4a235a,7,1028.690476,35.068993,1.402760,0.040000
z_0129_578.482625.png,#512e5f,1,100.911688,3.440171,0.137607,0.040000
z_0129_578.482625.png,#52be80,2,66.526912,2.267963,0.090719,0.040000
z_0129_578.482625.png,#5499c7,6,718.281313,24.486863,0.979475,0.040000
z_0129_578.482625.png,#73c6b6,1,54.284271,1.850600,0.074024,0.040000
z_0129_578.482625.png,#7b241c,5,480.617316,16.384681,0.655387,0.040000
z_0129_578.482625.png,#82e0aa,2,135.639610,4.624078,0.184963,0.040000
z_0129_578.482625.png,#85c1e9,9,677.938167,23.111528,0.924461,0.040000
z_0129_578.482625.png,#922b21,5,308.007143,10.500244,0.420010,0.040000
z_0129_578.482625.png,#9a7d0a,9,599.813275,20.448180,0.817927,0.040000
z_0129_578.482625.png,#a2d9ce,1,94.183766,3.210810,0.128432,0.040000
z_0129_578.482625.png,#a3e4d7,7,58.870058,2.006934,0.080277,0.040000
z_0129_578.482625.png,#a9cce3,11,39.112698,1.333387,0.053335,0.040000
z_0129_578.482625.png,#af7ac5,2,127.053824,4.331380,0.173255,0.040000
z_0129_578.482625.png,#b9770e,1,41.213203,1.404996,0.056200,0.040000
z_0129_578.482625.png,#cb4335,3,221.279221,7.543610,0.301744,0.040000
z_0129_578.482625.png,#d2b4de,3,174.509668,5.949193,0.237968,0.040000
z_0129_578.482625.png,#d35400,1,29.556349,1.007603,0.040304,0.040000
z_0129_578.482625.png,#d68910,2,80.426407,2.741809,0.109672,0.040000
z_0129_578.482625.png,#e59866,1,34.970563,1.192178,0.047687,0.040000
z_0129_578.482625.png,#e74c3c,1,83.012193,2.829961,0.113198,0.040000
z_0129_578.482625.png,#edbb99,4,455.847763,15.540265,0.621611,0.040000
z_0129_578.482625.png,#f1948a,1,32.970563,1.123996,0.044960,0.040000
z_0129_578.482625.png,#f58231,2,196.994949,6.715737,0.268629,0.040000
z_0129_578.482625.png,#f7dc6f,1,39.798990,1.356784,0.054271,0.040000
z_0129_578.482625.png,#f8c471,2,302.391919,10.308815,0.412353,0.040000
z_0129_578.482625.png,#fad7a0,4,160.024387,5.455377,0.218215,0.040000
z_0130_579.494208.png,#0e6251,1,85.597980,2.918113,0.116725,0.040000
z_0130_579.494208.png,#117a65,7,489.144228,16.675371,0.667015,0.040000
z_0130_579.494208.png,#145a32,1,91.497475,3.119232,0.124769,0.040000
z_0130_579.494208.png,#154360,4,200.651804,6.840402,0.273616,0.040000
z_0130_579.494208.png,#196f3d,6,364.433550,12.423871,0.496955,0.040000
z_0130_579.494208.png,#1b4f72,4,219.965512,7.498824,0.299953,0.040000
z_0130_579.494208.png,#2e4053,3,160.367532,5.467075,0.218683,0.040000
z_0130_579.494208.png,#2ecc71,2,88.426407,3.014537,0.120581,0.040000
z_0130_579.494208.png,#3b3b98,3,121.740115,4.150231,0.166009,0.040000
z_0130_579.494208.png,#48c9b0,8,425.546248,14.507258,0.580290,0.040000
z_0130_579.494208.png,#4a235a,8,1012.648845,34.522120,1.380885,0.040000
z_0130_579.494208.png,#512e5f,1,114.325902,3.897474,0.155899,0.040000
z_0130_579.494208.png,#52be80,3,89.254834,3.042778,0.121711,0.040000
z_0130_579.494208.png,#5499c7,5,645.026479,21.989539,0.879582,0.040000
z_0130_579.494208.png,#73c6b6,2,114.225397,3.894048,0.155762,0.040000
z_0130_579.494208.png,#7b241c,6,363.161472,12.380505,0.495220,0.040000
z_0130_579.494208.png,#82e0aa,2,131.497475,4.482868,0.179315,0.040000
z_0130_579.494208.png,#85c1e9,10,741.778787,25.287913,1.011517,0.040000
z_0130_579.494208.png,#922b21,6,336.391919,11.467906,0.458716,0.040000
z_0130_579.494208.png,#9a7d0a,7,557.428499,19.003244,0.760130,0.040000
z_0130_579.494208.png,#a3e4d7,12,67.012193,2.284507,0.091380,0.040000
z_0130_579.494208.png,#a9cce3,15,100.124892,3.413349,0.136534,0.040000
z_0130_579.494208.png,#af7ac5,2,98.911688,3.371989,0.134880,0.040000
z_0130_579.494208.png,#b9770e,1,39.798990,1.356784,0.054271,0.040000
z_0130_579.494208.png,#cb4335,2,197.965512,6.748824,0.269953,0.040000
z_0130_579.494208.png,#d2b4de,6,179.923882,6.133769,0.245351,0.040000
z_0130_579.494208.png,#d35400,3,300.249783,10.235788,0.409432,0.040000
z_0130_579.494208.png,#d68910,2,109.396970,3.729442,0.149178,0.040000
z_0130_579.494208.png,#e59866,2,111.154329,3.789352,0.151574,0.040000
z_0130_579.494208.png,#e74c3c,2,106.468037,3.629592,0.145184,0.040000
z_0130_579.494208.png,#edbb99,6,488.475180,16.652563,0.666103,0.040000
z_0130_579.494208.png,#f1948a,1,32.384776,1.104026,0.044161,0.040000
z_0130_579.494208.png,#f58231,2,208.894444,7.121402,0.284856,0.040000
z_0130_579.494208.png,#f7dc6f,1,24.727922,0.842997,0.033720,0.040000
z_0130_579.494208.png,#f8c471,2,241.379726,8.228854,0.329154,0.040000
z_0130_579.494208.png,#fad7a0,4,174.509668,5.949193,0.237968,0.040000
z_0131_580.505792.png,#0e6251,1,85.597980,2.918113,0.116725,0.040000
z_0131_580.505792.png,#117a65,7,489.386868,16.683643,0.667346,0.040000
z_0131_580.505792.png,#145a32,1,92.911688,3.167444,0.126698,0.040000
z_0131_580.505792.png,#154360,4,201.237590,6.860372,0.274415,0.040000
z_0131_580.505792.png,#196f3d,6,363.605122,12.395629,0.495825,0.040000
z_0131_580.505792.png,#1b4f72,4,220.308658,7.510522,0.300421,0.040000
z_0131_580.505792.png,#2e4053,3,160.367532,5.467075,0.218683,0.040000
z_0131_580.505792.png,#2ecc71,2,88.426407,3.014537,0.120581,0.040000
z_0131_580.505792.png,#3b3b98,3,120.325902,4.102019,0.164081,0.040000
z_0131_580.505792.png,#48c9b0,8,428.960461,14.623652,0.584946,0.040000
z_0131_580.505792.png,#4a235a,8,1016.406204,34.650212,1.386008,0.040000
z_0131_580.505792.png,#512e5f,1,115.154329,3.925716,0.157029,0.040000
z_0131_580.505792.png,#52be80,3,90.083261,3.071020,0.122841,0.040000
z_0131_580.505792.png,#5499c7,5,644.198052,21.961297,0.878452,0.040000
z_0131_580.505792.png,#73c6b6,2,118.225397,4.030411,0.161216,0.040000
z_0131_580.505792.png,#7b241c,6,366.575685,12.496898,0.499876,0.040000
z_0131_580.505792.png,#82e0aa,2,131.497475,4.482868,0.179315,0.040000
z_0131_580.505792.png,#85c1e9,10,740.121933,25.231430,1.009257,0.040000
z_0131_580.505792.png,#922b21,6,333.906638,11.383181,0.455327,0.040000
z_0131_580.505792.png,#9a7d0a,7,556.256926,18.963304,0.758532,0.040000
z_0131_580.505792.png,#a3e4d7,12,67.012193,2.284507,0.091380,0.040000
z_0131_580.505792.png,#a9cce3,14,97.296465,3.316925,0.132677,0.040000
z_0131_580.505792.png,#af7ac5,2,102.911688,3.508353,0.140334,0.040000
z_0131_580.505792.png,#b9770e,1,39.798990,1.356784,0.054271,0.040000
z_0131_580.505792.png,#cb4335,2,198.551299,6.768794,0.270752,0.040000
z_0131_580.505792.png,#d2b4de,6,179.923882,6.133769,0.245351,0.040000
z_0131_580.505792.png,#d35400,3,297.663997,10.147636,0.405905,0.040000
z_0131_580.505792.png,#d68910,2,109.396970,3.729442,0.149178,0.040000
z_0131_580.505792.png,#e59866,2,111.740115,3.809322,0.152373,0.040000
z_0131_580.505792.png,#e74c3c,2,106.468037,3.629592,0.145184,0.040000
z_0131_580.505792.png,#edbb99,5,483.060967,16.467987,0.658719,0.040000
z_0131_580.505792.png,#f1948a,1,32.970563,1.123996,0.044960,0.040000
z_0131_580.505792.png,#f58231,2,208.066017,7.093160,0.283726,0.040000
z_0131_580.505792.png,#f7dc6f,1,24.727922,0.842997,0.033720,0.040000
z_0131_580.505792.png,#f8c471,2,239.965512,8.180642,0.327226,0.040000
z_0131_580.505792.png,#fad7a0,4,175.681241,5.989133,0.239565,0.040000
z_0132_581.517375.png,#0e6251,1,83.941125,2.861629,0.114465,0.040000
z_0132_581.517375.png,#117a65,7,490.558441,16.723583,0.668943,0.040000
z_0132_581.517375.png,#145a32,1,94.669048,3.227354,0.129094,0.040000
z_0132_581.517375.png,#154360,4,207.823376,7.084888,0.283396,0.040000
z_0132_581.517375.png,#196f3d,7,374.534055,12.768206,0.510728,0.040000
z_0132_581.517375.png,#1b4f72,4,224.450793,7.651732,0.306069,0.040000
z_0132_581.517375.png,#2e4053,3,184.267027,6.281830,0.251273,0.040000
z_0132_581.517375.png,#2ecc71,2,86.083261,2.934657,0.117386,0.040000
z_0132_581.517375.png,#3b3b98,3,126.225397,4.303139,0.172126,0.040000
z_0132_581.517375.png,#48c9b0,8,471.244733,16.065161,0.642606,0.040000
z_0132_581.517375.png,#4a235a,8,1007.719913,34.354088,1.374164,0.040000
z_0132_581.517375.png,#512e5f,1,115.154329,3.925716,0.157029,0.040000
z_0132_581.517375.png,#52be80,3,92.911688,3.167444,0.126698,0.040000
z_0132_581.517375.png,#5499c7,5,626.097546,21.344235,0.853769,0.040000
z_0132_581.517375.png,#73c6b6,2,136.953319,4.668863,0.186755,0.040000
z_0132_581.517375.png,#7b241c,5,320.877200,10.938995,0.437560,0.040000
z_0132_581.517375.png,#82e0aa,2,124.811183,4.254927,0.170197,0.040000
z_0132_581.517375.png,#85c1e9,10,729.293506,24.862279,0.994491,0.040000
z_0132_581.517375.png,#922b21,6,341.078210,11.627666,0.465107,0.040000
z_0132_581.517375.png,#9a7d0a,8,569.327994,19.408909,0.776356,0.040000
z_0132_581.517375.png,#a3e4d7,11,57.597980,1.963567,0.078543,0.040000
z_0132_581.517375.png,#a9cce3,6,59.355339,2.023477,0.080939,0.040000
z_0132_581.517375.png,#af7ac5,2,100.911688,3.440171,0.137607,0.040000
z_0132_581.517375.png,#b9770e,1,38.384776,1.308572,0.052343,0.040000
z_0132_581.517375.png,#bb8fce,1,2.828427,0.096424,0.003857,0.040000
z_0132_581.517375.png,#cb4335,2,195.480231,6.664099,0.266564,0.040000
z_0132_581.517375.png,#d2b4de,5,169.338095,5.772890,0.230916,0.040000
z_0132_581.517375.png,#d35400,4,297.764502,10.151063,0.406043,0.040000
z_0132_581.517375.png,#d68910,2,121.639610,4.146805,0.165872,0.040000
z_0132_581.517375.png,#e59866,1,135.781746,4.628923,0.185157,0.040000
z_0132_581.517375.png,#e74c3c,2,106.710678,3.637864,0.145515,0.040000
z_0132_581.517375.png,#edbb99,5,458.960461,15.646379,0.625855,0.040000
z_0132_581.517375.png,#f1948a,1,32.970563,1.123996,0.044960,0.040000
z_0132_581.517375.png,#f58231,2,207.237590,7.064918,0.282597,0.040000
z_0132_581.517375.png,#f7dc6f,1,19.899495,0.678392,0.027136,0.040000
z_0132_581.517375.png,#f8c471,2,233.480231,7.959553,0.318382,0.040000
z_0132_581.517375.png,#fad7a0,4,179.095454,6.105527,0.244221,0.040000
z_0133_582.528958.png,#0e6251,1,82.426407,2.809991,0.112400,0.040000
z_0133_582.528958.png,#117a65,8,481.386868,16.410916,0.656437,0.040000
z_0133_582.528958.png,#145a32,1,96.669048,3.295536,0.131821,0.040000
z_0133_582.528958.png,#154360,4,217.480231,7.414099,0.296564,0.040000
z_0133_582.528958.png,#196f3d,5,377.747258,12.877747,0.515110,0.040000
z_0133_582.528958.png,#1b4f72,4,223.480231,7.618644,0.304746,0.040000
z_0133_582.528958.png,#2e4053,3,186.852814,6.369982,0.254799,0.040000
z_0133_582.528958.png,#2ecc71,2,89.497475,3.051050,0.122042,0.040000
z_0133_582.528958.png,#3b3b98,3,131.396970,4.479442,0.179178,0.040000
z_0133_582.528958.png,#48c9b0,10,568.399062,19.377241,0.775090,0.040000
z_0133_582.528958.png,#4a235a,12,947.820418,32.312060,1.292482,0.040000
z_0133_582.528958.png,#512e5f,2,148.468037,5.061410,0.202456,0.040000
z_0133_582.528958.png,#52be80,3,95.154329,3.243898,0.129756,0.040000
z_0133_582.528958.png,#5499c7,5,604.399062,20.604513,0.824181,0.040000
z_0133_582.528958.png,#73c6b6,2,177.681241,6.057315,0.242293,0.040000
z_0133_582.528958.png,#7b241c,4,261.178716,8.903820,0.356153,0.040000
z_0133_582.528958.png,#82e0aa,2,124.568542,4.246655,0.169866,0.040000
z_0133_582.528958.png,#85c1e9,9,717.837662,24.471738,0.978870,0.040000
z_0133_582.528958.png,#922b21,6,344.391919,11.740634,0.469625,0.040000
z_0133_582.528958.png,#9a7d0a,8,575.629509,19.623733,0.784949,0.040000
z_0133_582.528958.png,#a3e4d7,10,59.941125,2.043447,0.081738,0.040000
z_0133_582.528958.png,#a9cce3,10,96.325902,3.283838,0.131354,0.040000
z_0133_582.528958.png,#af7ac5,2,106.911688,3.644717,0.145789,0.040000
z_0133_582.528958.png,#b9770e,1,35.313708,1.203876,0.048155,0.040000
z_0133_582.528958.png,#cb4335,2,197.722871,6.740552,0.269622,0.040000
z_0133_582.528958.png,#d2b4de,4,165.338095,5.636526,0.225461,0.040000
z_0133_582.528958.png,#d35400,4,303.764502,10.355608,0.414224,0.040000
z_0133_582.528958.png,#d68910,2,124.367532,4.239802,0.169592,0.040000
z_0133_582.528958.png,#e59866,1,117.396970,4.002169,0.160087,0.040000
z_0133_582.528958.png,#e74c3c,3,118.468037,4.038683,0.161547,0.040000
z_0133_582.528958.png,#edbb99,5,454.132034,15.481774,0.619271,0.040000
z_0133_582.528958.png,#f1948a,1,35.798990,1.220420,0.048817,0.040000
z_0133_582.528958.png,#f58231,2,211.237590,7.201281,0.288051,0.040000
z_0133_582.528958.png,#f7dc6f,1,17.313708,0.590240,0.023610,0.040000
z_0133_582.528958.png,#f8c471,2,222.409163,7.582131,0.303285,0.040000
z_0133_582.528958.png,#fad7a0,4,188.166522,6.414768,0.256591,0.040000
z_0134_583.540541.png,#0e6251,1,81.012193,2.761779,0.110471,0.040000
z_0134_583.540541.png,#117a65,8,474.457936,16.174702,0.646988,0.040000
z_0134_583.540541.png,#145a32,1,98.911688,3.371989,0.134880,0.040000
z_0134_583.540541.png,#154360,4,217.823376,7.425797,0.297032,0.040000
z_0134_583.540541.png,#196f3d,5,387.989899,13.226928,0.529077,0.040000
z_0134_583.540541.png,#1b4f72,4,232.308658,7.919613,0.316785,0.040000
z_0134_583.540541.png,#2e4053,3,193.095454,6.582800,0.263312,0.040000
z_0134_583.540541.png,#2ecc71,2,90.083261,3.071020,0.122841,0.040000
z_0134_583.540541.png,#3b3b98,3,131.982756,4.499412,0.179976,0.040000
z_0134_583.540541.png,#48c9b0,10,644.825469,21.982686,0.879307,0.040000
z_0134_583.540541.png,#4a235a,11,845.636652,28.828522,1.153141,0.040000
z_0134_583.540541.png,#512e5f,3,176.367532,6.012530,0.240501,0.040000
z_0134_583.540541.png,#52be80,3,95.597980,3.259022,0.130361,0.040000
z_0134_583.540541.png,#5499c7,5,593.570635,20.235363,0.809415,0.040000
z_0134_583.540541.png,#73c6b6,1,185.781746,6.333469,0.253339,0.040000
z_0134_583.540541.png,#7b241c,4,222.066017,7.570432,0.302817,0.040000
z_0134_583.540541.png,#82e0aa,2,121.396970,4.138533,0.165541,0.040000
z_0134_583.540541.png,#85c1e9,9,721.494516,24.596404,0.983856,0.040000
z_0134_583.540541.png,#922b21,7,340.291414,11.600844,0.464034,0.040000
z_0134_583.540541.png,#9a7d0a,7,616.884343,21.030148,0.841206,0.040000
z_0134_583.540541.png,#a3e4d7,14,74.083261,2.525566,0.101023,0.040000
z_0134_583.540541.png,#a9cce3,13,102.225397,3.484957,0.139398,0.040000
z_0134_583.540541.png,#af7ac5,2,104.669048,3.568263,0.142731,0.040000
z_0134_583.540541.png,#b9770e,1,37.213203,1.268632,0.050745,0.040000
z_0134_583.540541.png,#cb4335,2,194.409163,6.627585,0.265103,0.040000
z_0134_583.540541.png,#d2b4de,4,210.551299,7.177885,0.287115,0.040000
z_0134_583.540541.png,#d35400,4,325.906638,11.110454,0.444418,0.040000
z_0134_583.540541.png,#d68910,2,123.053824,4.195017,0.167801,0.040000
z_0134_583.540541.png,#e59866,1,122.468037,4.175047,0.167002,0.040000
z_0134_583.540541.png,#e74c3c,2,122.225397,4.166775,0.166671,0.040000
z_0134_583.540541.png,#edbb99,4,501.730014,17.104432,0.684177,0.040000
z_0134_583.540541.png,#f1948a,1,36.384776,1.240390,0.049616,0.040000
z_0134_583.540541.png,#f58231,3,239.865007,8.177216,0.327089,0.040000
z_0134_583.540541.png,#f7dc6f,1,19.313708,0.658422,0.026337,0.040000
z_0134_583.540541.png,#f8c471,2,216.166522,7.369313,0.294773,0.040000
z_0134_583.540541.png,#fad7a0,4,197.480231,6.732281,0.269291,0.040000
z_0135_584.552124.png,#0e6251,1,82.426407,2.809991,0.112400,0.040000
z_0135_584.552124.png,#117a65,9,518.457936,17.674702,0.706988,0.040000
z_0135_584.552124.png,#145a32,1,101.840620,3.471839,0.138874,0.040000
z_0135_584.552124.png,#154360,4,227.480231,7.755008,0.310200,0.040000
z_0135_584.552124.png,#196f3d,5,390.090404,13.298536,0.531941,0.040000
z_0135_584.552124.png,#1b4f72,4,229.722871,7.831462,0.313258,0.040000
z_0135_584.552124.png,#2e4053,3,178.367532,6.080711,0.243228,0.040000
z_0135_584.552124.png,#2ecc71,2,92.325902,3.147474,0.125899,0.040000
z_0135_584.552124.png,#3b3b98,3,138.468037,4.720501,0.188820,0.040000
z_0135_584.552124.png,#48c9b0,12,739.553391,25.212047,1.008482,0.040000
z_0135_584.552124.png,#4a235a,10,745.796031,25.424865,1.016995,0.040000
z_0135_584.552124.png,#512e5f,3,188.610173,6.429892,0.257196,0.040000
z_0135_584.552124.png,#52be80,3,92.183766,3.142628,0.125705,0.040000
z_0135_584.552124.png,#5499c7,8,553.244733,18.860616,0.754425,0.040000
z_0135_584.552124.png,#73c6b6,2,193.095454,6.582800,0.263312,0.040000
z_0135_584.552124.png,#7b241c,4,208.793939,7.117975,0.284719,0.040000
z_0135_584.552124.png,#82e0aa,2,121.982756,4.158503,0.166340,0.040000
z_0135_584.552124.png,#85c1e9,9,766.808225,26.141189,1.045648,0.040000
z_0135_584.552124.png,#922b21,8,367.362482,12.523721,0.500949,0.040000
z_0135_584.552124.png,#9a7d0a,7,627.227489,21.382755,0.855310,0.040000
z_0135_584.552124.png,#a3e4d7,15,82.911688,2.826535,0.113061,0.040000
z_0135_584.552124.png,#a9cce3,13,97.053824,3.308653,0.132346,0.040000
z_0135_584.552124.png,#af7ac5,3,115.154329,3.925716,0.157029,0.040000
z_0135_584.552124.png,#b9770e,1,36.384776,1.240390,0.049616,0.040000
z_0135_584.552124.png,#cb4335,2,194.409163,6.627585,0.265103,0.040000
z_0135_584.552124.png,#d2b4de,4,235.279221,8.020883,0.320835,0.040000
z_0135_584.552124.png,#d35400,4,329.421356,11.230274,0.449211,0.040000
z_0135_584.552124.png,#d68910,4,117.154329,3.993898,0.159756,0.040000
z_0135_584.552124.png,#e59866,1,131.639610,4.487714,0.179509,0.040000
z_0135_584.552124.png,#e74c3c,2,127.639610,4.351350,0.174054,0.040000
z_0135_584.552124.png,#edbb99,4,495.587878,16.895041,0.675802,0.040000
z_0135_584.552124.png,#f1948a,1,32.142136,1.095755,0.043830,0.040000
z_0135_584.552124.png,#f58231,2,260.107648,8.867306,0.354692,0.040000
z_0135_584.552124.png,#f7dc6f,1,23.556349,0.803057,0.032122,0.040000
z_0135_584.552124.png,#f8c471,3,205.338095,7.000162,0.280006,0.040000
z_0135_584.552124.png,#fad7a0,4,200.066017,6.820432,0.272817,0.040000
z_0136_585.563707.png,#0e6251,1,83.497475,2.846505,0.113860,0.040000
z_0136_585.563707.png,#117a65,9,516.215295,17.598249,0.703930,0.040000
z_0136_585.563707.png,#145a32,1,101.840620,3.471839,0.138874,0.040000
z_0136_585.563707.png,#154360,4,227.722871,7.763280,0.310531,0.040000
z_0136_585.563707.png,#196f3d,5,390.090404,13.298536,0.531941,0.040000
z_0136_585.563707.png,#1b4f72,4,230.308658,7.851432,0.314057,0.040000
z_0136_585.563707.png,#2e4053,3,178.610173,6.088983,0.243559,0.040000
z_0136_585.563707.png,#2ecc71,2,92.325902,3.147474,0.125899,0.040000
z_0136_585.563707.png,#3b3b98,3,137.053824,4.672289,0.186892,0.040000
z_0136_585.563707.png,#48c9b0,11,740.724963,25.251987,1.010079,0.040000
z_0136_585.563707.png,#4a235a,10,744.139177,25.368381,1.014735,0.040000
z_0136_585.563707.png,#512e5f,3,189.438600,6.458134,0.258325,0.040000
z_0136_585.563707.png,#52be80,3,91.597980,3.122658,0.124906,0.040000
z_0136_585.563707.png,#5499c7,8,552.416306,18.832374,0.753295,0.040000
z_0136_585.563707.png,#73c6b6,2,192.267027,6.554558,0.262182,0.040000
z_0136_585.563707.png,#7b241c,4,206.551299,7.041522,0.281661,0.040000
z_0136_585.563707.png,#82e0aa,2,122.568542,4.178473,0.167139,0.040000
z_0136_585.563707.png,#85c1e9,9,774.121933,26.390520,1.055621,0.040000
z_0136_585.563707.png,#922b21,8,375.019336,12.784750,0.511390,0.040000
z_0136_585.563707.png,#9a7d0a,7,626.298557,21.351087,0.854043,0.040000
z_0136_585.563707.png,#a3e4d7,15,82.911688,2.826535,0.113061,0.040000
z_0136_585.563707.png,#a9cce3,13,97.053824,3.308653,0.132346,0.040000
z_0136_585.563707.png,#af7ac5,3,115.740115,3.945686,0.157827,0.040000
z_0136_585.563707.png,#b9770e,1,36.384776,1.240390,0.049616,0.040000
z_0136_585.563707.png,#cb4335,2,194.994949,6.647555,0.265902,0.040000
z_0136_585.563707.png,#d2b4de,4,237.521861,8.097336,0.323893,0.040000
z_0136_585.563707.png,#d35400,4,330.835570,11.278485,0.451139,0.040000
z_0136_585.563707.png,#d68910,4,117.982756,4.022139,0.160886,0.040000
z_0136_585.563707.png,#e59866,1,133.053824,4.535926,0.181437,0.040000
z_0136_585.563707.png,#e74c3c,2,127.639610,4.351350,0.174054,0.040000
z_0136_585.563707.png,#edbb99,4,495.587878,16.895041,0.675802,0.040000
z_0136_585.563707.png,#f1948a,1,31.556349,1.075785,0.043031,0.040000
z_0136_585.563707.png,#f58231,2,258.693434,8.819094,0.352764,0.040000
z_0136_585.563707.png,#f7dc6f,1,23.556349,0.803057,0.032122,0.040000
z_0136_585.563707.png,#f8c471,3,206.166522,7.028404,0.281136,0.040000
z_0136_585.563707.png,#fad7a0,4,203.480231,6.936826,0.277473,0.040000
z_0137_586.575290.png,#0e6251,1,79.740115,2.718413,0.108737,0.040000
z_0137_586.575290.png,#117a65,6,532.357431,18.148549,0.725942,0.040000
z_0137_586.575290.png,#145a32,2,141.982756,4.840321,0.193613,0.040000
z_0137_586.575290.png,#154360,3,230.551299,7.859703,0.314388,0.040000
z_0137_586.575290.png,#196f3d,7,400.575685,13.655989,0.546240,0.040000
z_0137_586.575290.png,#1b4f72,3,215.379726,7.342491,0.293700,0.040000
z_0137_586.575290.png,#2e4053,3,173.781746,5.924378,0.236975,0.040000
z_0137_586.575290.png,#2ecc71,2,94.669048,3.227354,0.129094,0.040000
z_0137_586.575290.png,#3b3b98,3,145.882251,4.973259,0.198930,0.040000
z_0137_586.575290.png,#45b39d,1,44.870058,1.529661,0.061186,0.040000
z_0137_586.575290.png,#48c9b0,8,797.109740,27.174196,1.086968,0.040000
z_0137_586.575290.png,#4a235a,10,644.783838,21.981267,0.879251,0.040000
z_0137_586.575290.png,#512e5f,3,224.166522,7.642041,0.305682,0.040000
z_0137_586.575290.png,#52be80,3,84.183766,2.869901,0.114796,0.040000
z_0137_586.575290.png,#5499c7,5,424.575685,14.474171,0.578967,0.040000
z_0137_586.575290.png,#73c6b6,3,122.083261,4.161929,0.166477,0.040000
z_0137_586.575290.png,#7b241c,3,162.953319,5.555227,0.222209,0.040000
z_0137_586.575290.png,#82e0aa,2,121.639610,4.146805,0.165872,0.040000
z_0137_586.575290.png,#85c1e9,8,699.837662,23.858102,0.954324,0.040000
z_0137_586.575290.png,#922b21,8,417.889394,14.246229,0.569849,0.040000
z_0137_586.575290.png,#9a7d0a,7,634.298557,21.623814,0.864953,0.040000
z_0137_586.575290.png,#a2d9ce,2,13.656854,0.465575,0.018623,0.040000
z_0137_586.575290.png,#a3e4d7,22,140.367532,4.785257,0.191410,0.040000
z_0137_586.575290.png,#a9cce3,10,107.154329,3.652988,0.146120,0.040000
z_0137_586.575290.png,#af7ac5,3,122.568542,4.178473,0.167139,0.040000
z_0137_586.575290.png,#b9770e,1,35.213203,1.200450,0.048018,0.040000
z_0137_586.575290.png,#cb4335,2,177.781746,6.060741,0.242430,0.040000
z_0137_586.575290.png,#d2b4de,5,255.865007,8.722671,0.348907,0.040000
z_0137_586.575290.png,#d35400,4,402.291414,13.714480,0.548579,0.040000
z_0137_586.575290.png,#d68910,3,113.396970,3.865806,0.154632,0.040000
z_0137_586.575290.png,#e59866,2,113.740115,3.877504,0.155100,0.040000
z_0137_586.575290.png,#e74c3c,2,138.468037,4.720501,0.188820,0.040000
z_0137_586.575290.png,#edbb99,3,512.658946,17.477010,0.699080,0.040000
z_0137_586.575290.png,#f1948a,1,26.727922,0.911179,0.036447,0.040000
z_0137_586.575290.png,#f58231,2,281.906638,9.610454,0.384418,0.040000
z_0137_586.575290.png,#f7dc6f,1,36.970563,1.260360,0.050414,0.040000
z_0137_586.575290.png,#f8c471,2,167.539105,5.711560,0.228462,0.040000
z_0137_586.575290.png,#fad7a0,4,215.137085,7.334219,0.293369,0.040000
z_0138_587.586873.png,#0e6251,1,79.154329,2.698443,0.107938,0.040000
z_0138_587.586873.png,#117a65,6,537.771645,18.333124,0.733325,0.040000
z_0138_587.586873.png,#145a32,2,165.882251,5.655077,0.226203,0.040000
z_0138_587.586873.png,#154360,3,223.480231,7.618644,0.304746,0.040000
z_0138_587.586873.png,#196f3d,7,379.705627,12.944510,0.517780,0.040000
z_0138_587.586873.png,#1b4f72,3,213.480231,7.277735,0.291109,0.040000
z_0138_587.586873.png,#2e4053,3,171.781746,5.856196,0.234248,0.040000
z_0138_587.586873.png,#2ecc71,2,92.669048,3.159172,0.126367,0.040000
z_0138_587.586873.png,#3b3b98,3,152.710678,5.206046,0.208242,0.040000
z_0138_587.586873.png,#45b39d,1,57.455844,1.958722,0.078349,0.040000
z_0138_587.586873.png,#48c9b0,7,773.938167,26.384256,1.055370,0.040000
z_0138_587.586873.png,#4a235a,10,625.570635,21.326272,0.853051,0.040000
z_0138_587.586873.png,#512e5f,3,223.338095,7.613799,0.304552,0.040000
z_0138_587.586873.png,#52be80,2,62.769553,2.139871,0.085595,0.040000
z_0138_587.586873.png,#5499c7,6,433.161472,14.766868,0.590675,0.040000
z_0138_587.586873.png,#73c6b6,2,82.426407,2.809991,0.112400,0.040000
z_0138_587.586873.png,#7b241c,2,129.882251,4.427804,0.177112,0.040000
z_0138_587.586873.png,#82e0aa,2,123.639610,4.214987,0.168599,0.040000
z_0138_587.586873.png,#85c1e9,9,691.210245,23.563986,0.942559,0.040000
z_0138_587.586873.png,#922b21,6,436.132034,14.868138,0.594726,0.040000
z_0138_587.586873.png,#9a7d0a,8,624.055916,21.274633,0.850985,0.040000
z_0138_587.586873.png,#a3e4d7,18,99.396970,3.388533,0.135541,0.040000
z_0138_587.586873.png,#a9cce3,9,101.154329,3.448443,0.137938,0.040000
z_0138_587.586873.png,#af7ac5,4,162.367532,5.535257,0.221410,0.040000
z_0138_587.586873.png,#b9770e,1,33.556349,1.143966,0.045759,0.040000
z_0138_587.586873.png,#bb8fce,1,2.828427,0.096424,0.003857,0.040000
z_0138_587.586873.png,#cb4335,2,167.539105,5.711560,0.228462,0.040000
z_0138_587.586873.png,#d2b4de,5,295.764502,10.082881,0.403315,0.040000
z_0138_587.586873.png,#d35400,4,415.019336,14.148386,0.565935,0.040000
z_0138_587.586873.png,#d68910,3,134.468037,4.584138,0.183366,0.040000
z_0138_587.586873.png,#e59866,2,109.154329,3.721170,0.148847,0.040000
z_0138_587.586873.png,#e74c3c,2,141.781746,4.833469,0.193339,0.040000
z_0138_587.586873.png,#edbb99,3,513.345238,17.500406,0.700016,0.040000
z_0138_587.586873.png,#f1948a,1,26.142136,0.891209,0.035648,0.040000
z_0138_587.586873.png,#f58231,2,284.249783,9.690334,0.387613,0.040000
z_0138_587.586873.png,#f7dc6f,1,44.041631,1.501419,0.060057,0.040000
z_0138_587.586873.png,#f8c471,2,164.367532,5.603439,0.224138,0.040000
z_0138_587.586873.png,#fad7a0,4,222.308658,7.578704,0.303148,0.040000
z_0139_588.598456.png,#0e6251,1,79.154329,2.698443,0.107938,0.040000
z_0139_588.598456.png,#117a65,5,578.700577,19.728429,0.789137,0.040000
z_0139_588.598456.png,#145a32,2,170.953319,5.827954,0.233118,0.040000
z_0139_588.598456.png,#154360,3,213.237590,7.269463,0.290779,0.040000
z_0139_588.598456.png,#196f3d,7,362.534055,12.359115,0.494365,0.040000
z_0139_588.598456.png,#1b4f72,3,215.137085,7.334219,0.293369,0.040000
z_0139_588.598456.png,#2e4053,3,169.539105,5.779742,0.231190,0.040000
z_0139_588.598456.png,#2ecc71,3,77.941125,2.657084,0.106283,0.040000
z_0139_588.598456.png,#3b3b98,2,160.610173,5.475347,0.219014,0.040000
z_0139_588.598456.png,#45b39d,1,71.698485,2.444267,0.097771,0.040000
z_0139_588.598456.png,#48c9b0,8,771.695526,26.307802,1.052312,0.040000
z_0139_588.598456.png,#4a235a,11,668.825469,22.800868,0.912035,0.040000
z_0139_588.598456.png,#512e5f,2,224.409163,7.650312,0.306012,0.040000
z_0139_588.598456.png,#52be80,2,68.769553,2.344417,0.093777,0.040000
z_0139_588.598456.png,#5499c7,7,457.747258,15.605020,0.624201,0.040000
z_0139_588.598456.png,#73c6b6,2,81.012193,2.761779,0.110471,0.040000
z_0139_588.598456.png,#7b241c,2,125.396970,4.274897,0.170996,0.040000
z_0139_588.598456.png,#82e0aa,2,125.053824,4.263199,0.170528,0.040000
z_0139_588.598456.png,#85c1e9,11,650.381818,22.172107,0.886884,0.040000
z_0139_588.598456.png,#922b21,6,443.303607,15.112623,0.604505,0.040000
z_0139_588.598456.png,#9a7d0a,7,604.842712,20.619638,0.824786,0.040000
z_0139_588.598456.png,#a2d9ce,3,20.485281,0.698362,0.027934,0.040000
z_0139_588.598456.png,#a3e4d7,19,98.468037,3.356865,0.134275,0.040000
z_0139_588.598456.png,#a9cce3,9,97.396970,3.320351,0.132814,0.040000
z_0139_588.598456.png,#af7ac5,4,176.852814,6.029073,0.241163,0.040000
z_0139_588.598456.png,#b9770e,1,33.556349,1.143966,0.045759,0.040000
z_0139_588.598456.png,#bb8fce,1,2.828427,0.096424,0.003857,0.040000
z_0139_588.598456.png,#cb4335,2,170.367532,5.807984,0.232319,0.040000
z_0139_588.598456.png,#d2b4de,5,280.208153,9.552551,0.382102,0.040000
z_0139_588.598456.png,#d35400,4,425.847763,14.517537,0.580701,0.040000
z_0139_588.598456.png,#d68910,4,134.710678,4.592409,0.183696,0.040000
z_0139_588.598456.png,#e59866,2,104.911688,3.576535,0.143061,0.040000
z_0139_588.598456.png,#e74c3c,2,141.195959,4.813499,0.192540,0.040000
z_0139_588.598456.png,#edbb99,3,503.345238,17.159497,0.686380,0.040000
z_0139_588.598456.png,#f1948a,1,23.899495,0.814756,0.032590,0.040000
z_0139_588.598456.png,#f58231,2,289.421356,9.866637,0.394665,0.040000
z_0139_588.598456.png,#f7dc6f,1,49.698485,1.694267,0.067771,0.040000
z_0139_588.598456.png,#f8c471,2,163.681241,5.580042,0.223202,0.040000
z_0139_588.598456.png,#fad7a0,4,223.237590,7.610372,0.304415,0.040000
z_0140_589.610039.png,#0e6251,1,80.325902,2.738383,0.109535,0.040000
z_0140_589.610039.png,#117a65,8,529.830519,18.062404,0.722496,0.040000
z_0140_589.610039.png,#145a32,2,171.539105,5.847924,0.233917,0.040000
z_0140_589.610039.png,#154360,3,209.237590,7.133100,0.285324,0.040000
z_0140_589.610039.png,#196f3d,6,352.492424,12.016787,0.480671,0.040000
z_0140_589.610039.png,#1b4f72,3,216.551299,7.382431,0.295297,0.040000
z_0140_589.610039.png,#2e4053,3,173.438600,5.912680,0.236507,0.040000
z_0140_589.610039.png,#2ecc71,3,70.870058,2.416025,0.096641,0.040000
z_0140_589.610039.png,#3b3b98,2,160.024387,5.455377,0.218215,0.040000
z_0140_589.610039.png,#45b39d,1,85.355339,2.909841,0.116394,0.040000
z_0140_589.610039.png,#48c9b0,8,746.867099,25.461378,1.018455,0.040000
z_0140_589.610039.png,#4a235a,11,684.482323,23.334625,0.933385,0.040000
z_0140_589.610039.png,#512e5f,2,219.823376,7.493979,0.299759,0.040000
z_0140_589.610039.png,#52be80,2,76.669048,2.613718,0.104549,0.040000
z_0140_589.610039.png,#5499c7,8,484.173665,16.505920,0.660237,0.040000
z_0140_589.610039.png,#73c6b6,2,73.840620,2.517294,0.100692,0.040000
z_0140_589.610039.png,#7b241c,2,122.225397,4.166775,0.166671,0.040000
z_0140_589.610039.png,#82e0aa,2,123.882251,4.223259,0.168930,0.040000
z_0140_589.610039.png,#85c1e9,11,611.068109,20.831867,0.833275,0.040000
z_0140_589.610039.png,#922b21,6,452.759451,15.434981,0.617399,0.040000
z_0140_589.610039.png,#9a7d0a,9,590.600072,20.134093,0.805364,0.040000
z_0140_589.610039.png,#a2d9ce,5,20.142136,0.686664,0.027467,0.040000
z_0140_589.610039.png,#a3e4d7,19,94.710678,3.228773,0.129151,0.040000
z_0140_589.610039.png,#a9cce3,9,107.639610,3.669532,0.146781,0.040000
z_0140_589.610039.png,#af601a,1,4.828427,0.164605,0.006584,0.040000
z_0140_589.610039.png,#af7ac5,3,195.338095,6.659253,0.266370,0.040000
z_0140_589.610039.png,#b9770e,1,32.970563,1.123996,0.044960,0.040000
z_0140_589.610039.png,#cb4335,3,155.539105,5.302469,0.212099,0.040000
z_0140_589.610039.png,#d2b4de,8,263.036580,8.967156,0.358686,0.040000
z_0140_589.610039.png,#d35400,5,476.232539,16.235200,0.649408,0.040000
z_0140_589.610039.png,#d68910,4,174.610173,5.952620,0.238105,0.040000
z_0140_589.610039.png,#e59866,2,104.811183,3.573109,0.142924,0.040000
z_0140_589.610039.png,#e74c3c,2,137.438600,4.685407,0.187416,0.040000
z_0140_589.610039.png,#edbb99,3,533.043723,18.171945,0.726878,0.040000
z_0140_589.610039.png,#f1948a,1,20.727922,0.706634,0.028265,0.040000
z_0140_589.610039.png,#f58231,2,296.977705,10.124240,0.404970,0.040000
z_0140_589.610039.png,#f7dc6f,1,55.698485,1.898812,0.075952,0.040000
z_0140_589.610039.png,#f8c471,2,165.923882,5.656496,0.226260,0.040000
z_0140_589.610039.png,#fad7a0,4,233.622366,7.964399,0.318576,0.040000
z_0141_590.621622.png,#0e6251,1,79.497475,2.710141,0.108406,0.040000
z_0141_590.621622.png,#117a65,7,478.859956,16.324771,0.652991,0.040000
z_0141_590.621622.png,#145a32,2,166.124892,5.663349,0.226534,0.040000
z_0141_590.621622.png,#154360,3,204.066017,6.956796,0.278272,0.040000
z_0141_590.621622.png,#196f3d,6,352.977705,12.033331,0.481333,0.040000
z_0141_590.621622.png,#1b4f72,4,231.622366,7.896217,0.315849,0.040000
z_0141_590.621622.png,#2e4053,3,173.438600,5.912680,0.236507,0.040000
z_0141_590.621622.png,#2ecc71,3,68.769553,2.344417,0.093777,0.040000
z_0141_590.621622.png,#3b3b98,2,164.852814,5.619982,0.224799,0.040000
z_0141_590.621622.png,#45b39d,1,92.183766,3.142628,0.125705,0.040000
z_0141_590.621622.png,#48c9b0,9,714.381818,24.353926,0.974157,0.040000
z_0141_590.621622.png,#4a235a,11,681.854906,23.245054,0.929802,0.040000
z_0141_590.621622.png,#512e5f,2,206.267027,7.031830,0.281273,0.040000
z_0141_590.621622.png,#52be80,2,93.497475,3.187414,0.127497,0.040000
z_0141_590.621622.png,#5499c7,10,620.298557,21.146542,0.845862,0.040000
z_0141_590.621622.png,#73c6b6,2,71.355339,2.432568,0.097303,0.040000
z_0141_590.621622.png,#7b241c,2,119.296465,4.066925,0.162677,0.040000
z_0141_590.621622.png,#82e0aa,2,127.053824,4.331380,0.173255,0.040000
z_0141_590.621622.png,#85c1e9,11,590.967604,20.146623,0.805865,0.040000
z_0141_590.621622.png,#922b21,6,464.516811,15.835800,0.633432,0.040000
z_0141_590.621622.png,#9a7d0a,9,551.587878,18.804132,0.752165,0.040000
z_0141_590.621622.png,#a2d9ce,5,30.142136,1.027573,0.041103,0.040000
z_0141_590.621622.png,#a3e4d7,12,68.083261,2.321020,0.092841,0.040000
z_0141_590.621622.png,#a9cce3,8,120.468037,4.106865,0.164275,0.040000
z_0141_590.621622.png,#af601a,1,22.727922,0.774816,0.030993,0.040000
z_0141_590.621622.png,#af7ac5,3,201.338095,6.863799,0.274552,0.040000
z_0141_590.621622.png,#b9770e,1,30.384776,1.035845,0.041434,0.040000
z_0141_590.621622.png,#bb8fce,1,2.828427,0.096424,0.003857,0.040000
z_0141_590.621622.png,#cb4335,3,136.124892,4.640621,0.185625,0.040000
z_0141_590.621622.png,#d2b4de,7,218.894444,7.462311,0.298492,0.040000
z_0141_590.621622.png,#d35400,3,515.445743,17.572014,0.702881,0.040000
z_0141_590.621622.png,#d68910,5,254.107648,8.662761,0.346510,0.040000
z_0141_590.621622.png,#e59866,2,101.154329,3.448443,0.137938,0.040000
z_0141_590.621622.png,#e74c3c,2,144.024387,4.909922,0.196397,0.040000
z_0141_590.621622.png,#edbb99,6,484.315801,16.510766,0.660431,0.040000
z_0141_590.621622.png,#f1948a,1,18.485281,0.630180,0.025207,0.040000
z_0141_590.621622.png,#f58231,2,292.835570,9.983031,0.399321,0.040000
z_0141_590.621622.png,#f7dc6f,1,60.526912,2.063417,0.082537,0.040000
z_0141_590.621622.png,#f8c471,3,162.166522,5.528404,0.221136,0.040000
z_0141_590.621622.png,#fad7a0,5,228.208153,7.779823,0.311193,0.040000
z_0142_591.633205.png,#0e6251,1,81.497475,2.778323,0.111133,0.040000
z_0142_591.633205.png,#117a65,6,470.031529,16.023802,0.640952,0.040000
z_0142_591.633205.png,#145a32,2,152.124892,5.186076,0.207443,0.040000
z_0142_591.633205.png,#154360,3,202.066017,6.888614,0.275545,0.040000
z_0142_591.633205.png,#196f3d,6,345.663997,11.784000,0.471360,0.040000
z_0142_591.633205.png,#1b4f72,4,238.551299,8.132431,0.325297,0.040000
z_0142_591.633205.png,#2e4053,3,180.752309,6.162011,0.246480,0.040000
z_0142_591.633205.png,#2ecc71,3,61.355339,2.091659,0.083666,0.040000
z_0142_591.633205.png,#3b3b98,2,169.681241,5.784588,0.231384,0.040000
z_0142_591.633205.png,#45b39d,1,96.769553,3.298962,0.131958,0.040000
z_0142_591.633205.png,#48c9b0,11,651.997041,22.227172,0.889087,0.040000
z_0142_591.633205.png,#4a235a,11,689.612265,23.509509,0.940380,0.040000
z_0142_591.633205.png,#512e5f,2,203.438600,6.935407,0.277416,0.040000
z_0142_591.633205.png,#52be80,3,120.710678,4.115137,0.164605,0.040000
z_0142_591.633205.png,#5499c7,10,685.068109,23.354595,0.934184,0.040000
z_0142_591.633205.png,#73c6b6,2,63.112698,2.151569,0.086063,0.040000
z_0142_591.633205.png,#7b241c,2,118.568542,4.042109,0.161684,0.040000
z_0142_591.633205.png,#82e0aa,2,128.124892,4.367894,0.174716,0.040000
z_0142_591.633205.png,#85c1e9,11,595.068109,20.286413,0.811457,0.040000
z_0142_591.633205.png,#922b21,6,464.173665,15.824102,0.632964,0.040000
z_0142_591.633205.png,#9a7d0a,10,564.114790,19.231186,0.769247,0.040000
z_0142_591.633205.png,#a2d9ce,4,23.313708,0.794786,0.031791,0.040000
z_0142_591.633205.png,#a3e4d7,15,85.982756,2.931230,0.117249,0.040000
z_0142_591.633205.png,#a9cce3,13,128.024387,4.364468,0.174579,0.040000
z_0142_591.633205.png,#af601a,1,30.384776,1.035845,0.041434,0.040000
z_0142_591.633205.png,#af7ac5,3,208.894444,7.121402,0.284856,0.040000
z_0142_591.633205.png,#b9770e,1,32.970563,1.123996,0.044960,0.040000
z_0142_591.633205.png,#bb8fce,1,2.828427,0.096424,0.003857,0.040000
z_0142_591.633205.png,#cb4335,2,103.740115,3.536595,0.141464,0.040000
z_0142_591.633205.png,#d2b4de,7,197.823376,6.743979,0.269759,0.040000
z_0142_591.633205.png,#d35400,4,512.516811,17.472164,0.698887,0.040000
z_0142_591.633205.png,#d68910,3,268.007143,9.136607,0.365464,0.040000
z_0142_591.633205.png,#e59866,2,113.882251,3.882349,0.155294,0.040000
z_0142_591.633205.png,#e74c3c,2,141.539105,4.825197,0.193008,0.040000
z_0142_591.633205.png,#edbb99,6,400.232539,13.644291,0.545772,0.040000
z_0142_591.633205.png,#f1948a,1,19.899495,0.678392,0.027136,0.040000
z_0142_591.633205.png,#f58231,1,247.965512,8.453370,0.338135,0.040000
z_0142_591.633205.png,#f7dc6f,1,65.840620,2.244567,0.089783,0.040000
z_0142_591.633205.png,#f8c471,3,150.024387,5.114468,0.204579,0.040000
z_0142_591.633205.png,#fad7a0,4,268.007143,9.136607,0.365464,0.040000
z_0143_592.644788.png,#0e6251,1,82.083261,2.798293,0.111932,0.040000
z_0143_592.644788.png,#117a65,7,436.818326,14.891534,0.595661,0.040000
z_0143_592.644788.png,#145a32,2,152.953319,5.214318,0.208573,0.040000
z_0143_592.644788.png,#154360,3,199.823376,6.812161,0.272486,0.040000
z_0143_592.644788.png,#196f3d,6,346.835570,11.823940,0.472958,0.040000
z_0143_592.644788.png,#1b4f72,4,243.823376,8.312161,0.332486,0.040000
z_0143_592.644788.png,#2e4053,3,184.752309,6.298374,0.251935,0.040000
z_0143_592.644788.png,#2ecc71,3,58.284271,1.986964,0.079479,0.040000
z_0143_592.644788.png,#3b3b98,2,175.438600,5.980861,0.239234,0.040000
z_0143_592.644788.png,#45b39d,3,73.597980,2.509022,0.100361,0.040000
z_0143_592.644788.png,#48c9b0,9,606.641702,20.680967,0.827239,0.040000
z_0143_592.644788.png,#4a235a,11,690.683333,23.546023,0.941841,0.040000
z_0143_592.644788.png,#512e5f,2,201.095454,6.855527,0.274221,0.040000
z_0143_592.644788.png,#52be80,2,130.124892,4.436076,0.177443,0.040000
z_0143_592.644788.png,#5499c7,10,709.854906,24.199599,0.967984,0.040000
z_0143_592.644788.png,#73c6b6,2,58.627417,1.998662,0.079946,0.040000
z_0143_592.644788.png,#7b241c,2,113.154329,3.857534,0.154301,0.040000
z_0143_592.644788.png,#82e0aa,2,128.568542,4.383018,0.175321,0.040000
z_0143_592.644788.png,#85c1e9,11,586.340187,19.988870,0.799555,0.040000
z_0143_592.644788.png,#922b21,7,489.144228,16.675371,0.667015,0.040000
z_0143_592.644788.png,#9a7d0a,9,569.629509,19.419188,0.776768,0.040000
z_0143_592.644788.png,#a2d9ce,6,18.970563,0.646724,0.025869,0.040000
z_0143_592.644788.png,#a3e4d7,14,81.982756,2.794867,0.111795,0.040000
z_0143_592.644788.png,#a9cce3,12,118.124892,4.026985,0.161079,0.040000
z_0143_592.644788.png,#af601a,1,35.313708,1.203876,0.048155,0.040000
z_0143_592.644788.png,#af7ac5,4,206.450793,7.038095,0.281524,0.040000
z_0143_592.644788.png,#b9770e,1,36.970563,1.260360,0.050414,0.040000
z_0143_592.644788.png,#cb4335,1,71.597980,2.440840,0.097634,0.040000
z_0143_592.644788.png,#d2b4de,6,191.823376,6.539433,0.261577,0.040000
z_0143_592.644788.png,#d35400,7,483.445743,16.481105,0.659244,0.040000
z_0143_592.644788.png,#d68910,2,237.379726,8.092491,0.323700,0.040000
z_0143_592.644788.png,#e59866,3,110.124892,3.754258,0.150170,0.040000
z_0143_592.644788.png,#e74c3c,2,140.124892,4.776985,0.191079,0.040000
z_0143_592.644788.png,#edbb99,5,354.291414,12.078116,0.483125,0.040000
z_0143_592.644788.png,#f1948a,1,22.142136,0.754846,0.030194,0.040000
z_0143_592.644788.png,#f58231,1,236.208153,8.052551,0.322102,0.040000
z_0143_592.644788.png,#f7dc6f,1,68.183766,2.324447,0.092978,0.040000
z_0143_592.644788.png,#f8c471,3,144.367532,4.921620,0.196865,0.040000
z_0143_592.644788.png,#fad7a0,4,282.835570,9.642122,0.385685,0.040000
z_0144_593.656371.png,#0e6251,1,82.083261,2.798293,0.111932,0.040000
z_0144_593.656371.png,#117a65,7,435.161472,14.835050,0.593402,0.040000
z_0144_593.656371.png,#145a32,2,152.367532,5.194348,0.207774,0.040000
z_0144_593.656371.png,#154360,3,200.994949,6.852101,0.274084,0.040000
z_0144_593.656371.png,#196f3d,6,344.592929,11.747486,0.469899,0.040000
z_0144_593.656371.png,#1b4f72,4,244.409163,8.332131,0.333285,0.040000
z_0144_593.656371.png,#2e4053,3,187.580736,6.394798,0.255792,0.040000
z_0144_593.656371.png,#2ecc71,3,58.284271,1.986964,0.079479,0.040000
z_0144_593.656371.png,#3b3b98,2,175.438600,5.980861,0.239234,0.040000
z_0144_593.656371.png,#45b39d,3,73.597980,2.509022,0.100361,0.040000
z_0144_593.656371.png,#48c9b0,9,611.470129,20.845573,0.833823,0.040000
z_0144_593.656371.png,#4a235a,11,692.340187,23.602506,0.944100,0.040000
z_0144_593.656371.png,#512e5f,2,201.095454,6.855527,0.274221,0.040000
z_0144_593.656371.png,#52be80,2,130.124892,4.436076,0.177443,0.040000
z_0144_593.656371.png,#5499c7,10,713.653896,24.329110,0.973164,0.040000
z_0144_593.656371.png,#73c6b6,2,58.384776,1.990390,0.079616,0.040000
z_0144_593.656371.png,#7b241c,2,112.568542,3.837564,0.153503,0.040000
z_0144_593.656371.png,#82e0aa,2,128.568542,4.383018,0.175321,0.040000
z_0144_593.656371.png,#85c1e9,11,587.997041,20.045354,0.801814,0.040000
z_0144_593.656371.png,#922b21,7,488.215295,16.643703,0.665748,0.040000
z_0144_593.656371.png,#9a7d0a,9,569.872150,19.427460,0.777098,0.040000
z_0144_593.656371.png,#a2d9ce,6,18.970563,0.646724,0.025869,0.040000
z_0144_593.656371.png,#a3e4d7,13,81.154329,2.766625,0.110665,0.040000
z_0144_593.656371.png,#a9cce3,14,131.781746,4.492560,0.179702,0.040000
z_0144_593.656371.png,#af601a,1,35.313708,1.203876,0.048155,0.040000
z_0144_593.656371.png,#af7ac5,4,205.036580,6.989883,0.279595,0.040000
z_0144_593.656371.png,#b9770e,1,35.556349,1.212148,0.048486,0.040000
z_0144_593.656371.png,#cb4335,1,71.597980,2.440840,0.097634,0.040000
z_0144_593.656371.png,#d2b4de,5,188.409163,6.423040,0.256922,0.040000
z_0144_593.656371.png,#d35400,6,481.788889,16.424621,0.656985,0.040000
z_0144_593.656371.png,#d68910,2,238.208153,8.120732,0.324829,0.040000
z_0144_593.656371.png,#e59866,3,110.124892,3.754258,0.150170,0.040000
z_0144_593.656371.png,#e74c3c,2,141.296465,4.816925,0.192677,0.040000
z_0144_593.656371.png,#edbb99,5,353.705627,12.058146,0.482326,0.040000
z_0144_593.656371.png,#f1948a,1,22.142136,0.754846,0.030194,0.040000
z_0144_593.656371.png,#f58231,1,237.622366,8.100762,0.324030,0.040000
z_0144_593.656371.png,#f7dc6f,1,67.597980,2.304477,0.092179,0.040000
z_0144_593.656371.png,#f8c471,3,145.781746,4.969832,0.198793,0.040000
z_0144_593.656371.png,#fad7a0,4,278.936075,9.509184,0.380367,0.040000
z_0145_594.667954.png,#0e6251,1,81.012193,2.761779,0.110471,0.040000
z_0145_594.667954.png,#117a65,7,408.333044,13.920445,0.556818,0.040000
z_0145_594.667954.png,#145a32,2,158.610173,5.407165,0.216287,0.040000
z_0145_594.667954.png,#154360,3,205.338095,7.000162,0.280006,0.040000
z_0145_594.667954.png,#196f3d,6,343.663997,11.715818,0.468633,0.040000
z_0145_594.667954.png,#1b4f72,5,317.421356,10.821183,0.432847,0.040000
z_0145_594.667954.png,#2e4053,5,206.894444,7.053220,0.282129,0.040000
z_0145_594.667954.png,#2ecc71,3,42.041631,1.433237,0.057329,0.040000
z_0145_594.667954.png,#3b3b98,2,201.237590,6.860372,0.274415,0.040000
z_0145_594.667954.png,#45b39d,1,21.313708,0.726604,0.029064,0.040000
z_0145_594.667954.png,#48c9b0,9,563.085353,19.196092,0.767844,0.040000
z_0145_594.667954.png,#4a235a,10,670.783838,22.867631,0.914705,0.040000
z_0145_594.667954.png,#512e5f,2,187.681241,6.398224,0.255929,0.040000
z_0145_594.667954.png,#52be80,2,145.195959,4.949862,0.197994,0.040000
z_0145_594.667954.png,#5499c7,11,817.394011,27.865705,1.114628,0.040000
z_0145_594.667954.png,#73c6b6,1,36.970563,1.260360,0.050414,0.040000
z_0145_594.667954.png,#7b241c,2,111.740115,3.809322,0.152373,0.040000
z_0145_594.667954.png,#82e0aa,2,123.982756,4.226685,0.169067,0.040000
z_0145_594.667954.png,#85c1e9,9,573.085353,19.537001,0.781480,0.040000
z_0145_594.667954.png,#922b21,5,521.529004,17.779398,0.711176,0.040000
z_0145_594.667954.png,#9a7d0a,9,609.369624,20.773964,0.830959,0.040000
z_0145_594.667954.png,#a2d9ce,1,2.828427,0.096424,0.003857,0.040000
z_0145_594.667954.png,#a3e4d7,12,74.325902,2.533838,0.101354,0.040000
z_0145_594.667954.png,#a9cce3,15,146.024387,4.978104,0.199124,0.040000
z_0145_594.667954.png,#af601a,1,54.627417,1.862298,0.074492,0.040000
z_0145_594.667954.png,#af7ac5,4,207.480231,7.073190,0.282928,0.040000
z_0145_594.667954.png,#b9770e,1,32.142136,1.095755,0.043830,0.040000
z_0145_594.667954.png,#cb4335,1,70.426407,2.400900,0.096036,0.040000
z_0145_594.667954.png,#d2b4de,5,182.509668,6.221920,0.248877,0.040000
z_0145_594.667954.png,#d35400,5,393.504617,13.414930,0.536597,0.040000
z_0145_594.667954.png,#d68910,3,244.107648,8.321852,0.332874,0.040000
z_0145_594.667954.png,#e59866,2,96.568542,3.292109,0.131684,0.040000
z_0145_594.667954.png,#e74c3c,2,118.568542,4.042109,0.161684,0.040000
z_0145_594.667954.png,#edbb99,8,309.663997,10.556727,0.422269,0.040000
z_0145_594.667954.png,#f1948a,1,26.727922,0.911179,0.036447,0.040000
z_0145_594.667954.png,#f58231,1,230.308658,7.851432,0.314057,0.040000
z_0145_594.667954.png,#f7dc6f,1,75.840620,2.585476,0.103419,0.040000
z_0145_594.667954.png,#f8c471,4,121.639610,4.146805,0.165872,0.040000
z_0145_594.667954.png,#fad7a0,5,347.462987,11.845329,0.473813,0.040000
z_0146_595.679537.png,#0e6251,1,81.254834,2.770051,0.110802,0.040000
z_0146_595.679537.png,#117a65,7,427.989899,14.590565,0.583623,0.040000
z_0146_595.679537.png,#145a32,2,164.024387,5.591740,0.223670,0.040000
z_0146_595.679537.png,#154360,3,212.166522,7.232950,0.289318,0.040000
z_0146_595.679537.png,#196f3d,6,347.948268,11.861873,0.474475,0.040000
z_0146_595.679537.png,#1b4f72,5,311.421356,10.616637,0.424665,0.040000
z_0146_595.679537.png,#2e4053,6,234.936075,8.009184,0.320367,0.040000
z_0146_595.679537.png,#2ecc71,3,38.627417,1.316844,0.052674,0.040000
z_0146_595.679537.png,#3b3b98,1,190.994949,6.511191,0.260448,0.040000
z_0146_595.679537.png,#45b39d,1,18.242641,0.621908,0.024876,0.040000
z_0146_595.679537.png,#48c9b0,9,486.073160,16.570676,0.662827,0.040000
z_0146_595.679537.png,#4a235a,12,626.984848,21.374483,0.854979,0.040000
z_0146_595.679537.png,#512e5f,2,178.852814,6.097255,0.243890,0.040000
z_0146_595.679537.png,#52be80,2,138.024387,4.705377,0.188215,0.040000
z_0146_595.679537.png,#5499c7,10,815.210245,27.791258,1.111650,0.040000
z_0146_595.679537.png,#73c6b6,1,36.627417,1.248662,0.049946,0.040000
z_0146_595.679537.png,#7b241c,2,112.325902,3.829292,0.153172,0.040000
z_0146_595.679537.png,#82e0aa,2,130.468037,4.447774,0.177911,0.040000
z_0146_595.679537.png,#85c1e9,9,615.369624,20.978510,0.839140,0.040000
z_0146_595.679537.png,#922b21,5,511.570635,17.439908,0.697596,0.040000
z_0146_595.679537.png,#9a7d0a,10,620.055916,21.138270,0.845531,0.040000
z_0146_595.679537.png,#a2d9ce,1,6.828427,0.232787,0.009311,0.040000
z_0146_595.679537.png,#a3e4d7,9,89.840620,3.062748,0.122510,0.040000
z_0146_595.679537.png,#a9cce3,18,139.438600,4.753589,0.190144,0.040000
z_0146_595.679537.png,#af601a,1,82.325902,2.806565,0.112263,0.040000
z_0146_595.679537.png,#af7ac5,3,211.137085,7.197855,0.287914,0.040000
z_0146_595.679537.png,#b9770e,1,33.556349,1.143966,0.045759,0.040000
z_0146_595.679537.png,#bb8fce,1,2.828427,0.096424,0.003857,0.040000
z_0146_595.679537.png,#cb4335,1,73.597980,2.509022,0.100361,0.040000
z_0146_595.679537.png,#d2b4de,6,186.651804,6.363130,0.254525,0.040000
z_0146_595.679537.png,#d35400,5,393.747258,13.423202,0.536928,0.040000
z_0146_595.679537.png,#d68910,5,258.107648,8.799124,0.351965,0.040000
z_0146_595.679537.png,#e59866,2,91.254834,3.110960,0.124438,0.040000
z_0146_595.679537.png,#e74c3c,2,117.639610,4.010441,0.160418,0.040000
z_0146_595.679537.png,#edbb99,9,280.149278,9.550544,0.382022,0.040000
z_0146_595.679537.png,#f1948a,1,28.142136,0.959391,0.038376,0.040000
z_0146_595.679537.png,#f58231,2,231.823376,7.903070,0.316123,0.040000
z_0146_595.679537.png,#f7dc6f,1,74.183766,2.528992,0.101160,0.040000
z_0146_595.679537.png,#f8c471,3,111.740115,3.809322,0.152373,0.040000
z_0146_595.679537.png,#fad7a0,5,364.776695,12.435569,0.497423,0.040000
z_0147_596.691120.png,#0e6251,1,84.669048,2.886445,0.115458,0.040000
z_0147_596.691120.png,#117a65,7,444.717821,15.160835,0.606433,0.040000
z_0147_596.691120.png,#145a32,2,170.166522,5.801131,0.232045,0.040000
z_0147_596.691120.png,#154360,3,203.195959,6.927135,0.277085,0.040000
z_0147_596.691120.png,#196f3d,6,358.634560,12.226178,0.489047,0.040000
z_0147_596.691120.png,#1b4f72,5,305.078210,10.400394,0.416016,0.040000
z_0147_596.691120.png,#2e4053,6,251.521861,8.574609,0.342984,0.040000
z_0147_596.691120.png,#2ecc71,2,31.798990,1.084056,0.043362,0.040000
z_0147_596.691120.png,#3b3b98,1,188.166522,6.414768,0.256591,0.040000
z_0147_596.691120.png,#45b39d,1,18.727922,0.638452,0.025538,0.040000
z_0147_596.691120.png,#48c9b0,8,443.345238,15.114042,0.604562,0.040000
z_0147_596.691120.png,#4a235a,12,604.641702,20.612785,0.824511,0.040000
z_0147_596.691120.png,#512e5f,2,180.267027,6.145467,0.245819,0.040000
z_0147_596.691120.png,#52be80,2,145.195959,4.949862,0.197994,0.040000
z_0147_596.691120.png,#5499c7,11,825.251875,28.133587,1.125343,0.040000
z_0147_596.691120.png,#73c6b6,1,34.970563,1.192178,0.047687,0.040000
z_0147_596.691120.png,#7b241c,2,109.497475,3.732868,0.149315,0.040000
z_0147_596.691120.png,#82e0aa,2,131.296465,4.476016,0.179041,0.040000
z_0147_596.691120.png,#85c1e9,8,615.955411,20.998480,0.839939,0.040000
z_0147_596.691120.png,#922b21,5,569.612265,19.418600,0.776744,0.040000
z_0147_596.691120.png,#9a7d0a,11,653.411255,22.275384,0.891015,0.040000
z_0147_596.691120.png,#a2d9ce,2,5.656854,0.192847,0.007714,0.040000
z_0147_596.691120.png,#a3e4d7,14,84.568542,2.883018,0.115321,0.040000
z_0147_596.691120.png,#a9cce3,18,131.195959,4.472590,0.178904,0.040000
z_0147_596.691120.png,#af601a,1,87.254834,2.974597,0.118984,0.040000
z_0147_596.691120.png,#af7ac5,3,197.480231,6.732281,0.269291,0.040000
z_0147_596.691120.png,#b9770e,1,30.970563,1.055815,0.042233,0.040000
z_0147_596.691120.png,#cb4335,2,69.355339,2.364387,0.094575,0.040000
z_0147_596.691120.png,#d2b4de,5,181.681241,6.193679,0.247747,0.040000
z_0147_596.691120.png,#d35400,6,368.190909,12.551963,0.502079,0.040000
z_0147_596.691120.png,#d68910,4,266.835570,9.096667,0.363867,0.040000
z_0147_596.691120.png,#e59866,2,80.669048,2.750081,0.110003,0.040000
z_0147_596.691120.png,#e74c3c,2,117.396970,4.002169,0.160087,0.040000
z_0147_596.691120.png,#edbb99,6,209.480231,7.141372,0.285655,0.040000
z_0147_596.691120.png,#f1948a,1,30.384776,1.035845,0.041434,0.040000
z_0147_596.691120.png,#f58231,2,208.509668,7.108284,0.284331,0.040000
z_0147_596.691120.png,#f7dc6f,1,78.769553,2.685326,0.107413,0.040000
z_0147_596.691120.png,#f8c471,3,112.325902,3.829292,0.153172,0.040000
z_0147_596.691120.png,#fad7a0,4,392.918831,13.394960,0.535798,0.040000
z_0148_597.702703.png,#0e6251,1,82.769553,2.821689,0.112868,0.040000
z_0148_597.702703.png,#117a65,6,449.889394,15.337138,0.613486,0.040000
z_0148_597.702703.png,#145a32,2,177.923882,6.065587,0.242623,0.040000
z_0148_597.702703.png,#154360,3,211.095454,7.196436,0.287857,0.040000
z_0148_597.702703.png,#196f3d,6,365.119841,12.447267,0.497891,0.040000
z_0148_597.702703.png,#1b4f72,4,336.190909,11.461054,0.458442,0.040000
z_0148_597.702703.png,#2e4053,6,275.764502,9.401063,0.376043,0.040000
z_0148_597.702703.png,#2ecc71,3,54.627417,1.862298,0.074492,0.040000
z_0148_597.702703.png,#3b3b98,1,194.066017,6.615887,0.264635,0.040000
z_0148_597.702703.png,#45b39d,1,18.485281,0.630180,0.025207,0.040000
z_0148_597.702703.png,#48c9b0,8,400.132034,13.640865,0.545635,0.040000
z_0148_597.702703.png,#4a235a,12,578.215295,19.711885,0.788475,0.040000
z_0148_597.702703.png,#512e5f,2,176.610173,6.020801,0.240832,0.040000
z_0148_597.702703.png,#52be80,2,151.539105,5.166106,0.206644,0.040000
z_0148_597.702703.png,#5499c7,12,925.435642,31.548942,1.261958,0.040000
z_0148_597.702703.png,#73c6b6,1,34.142136,1.163936,0.046557,0.040000
z_0148_597.702703.png,#7b241c,2,110.669048,3.772808,0.150912,0.040000
z_0148_597.702703.png,#82e0aa,3,140.124892,4.776985,0.191079,0.040000
z_0148_597.702703.png,#85c1e9,8,579.570635,19.758090,0.790324,0.040000
z_0148_597.702703.png,#922b21,5,566.825469,19.323596,0.772944,0.040000
z_0148_597.702703.png,#9a7d0a,9,702.825469,23.959959,0.958398,0.040000
z_0148_597.702703.png,#a3e4d7,14,86.568542,2.951200,0.118048,0.040000
z_0148_597.702703.png,#a9cce3,21,147.195959,5.018044,0.200722,0.040000
z_0148_597.702703.png,#af601a,1,92.325902,3.147474,0.125899,0.040000
z_0148_597.702703.png,#af7ac5,3,192.752309,6.571101,0.262844,0.040000
z_0148_597.702703.png,#b9770e,1,31.556349,1.075785,0.043031,0.040000
z_0148_597.702703.png,#cb4335,2,64.870058,2.211479,0.088459,0.040000
z_0148_597.702703.png,#d2b4de,6,184.024387,6.273559,0.250942,0.040000
z_0148_597.702703.png,#d35400,5,331.906638,11.314999,0.452600,0.040000
z_0148_597.702703.png,#d68910,7,264.208153,9.007096,0.360284,0.040000
z_0148_597.702703.png,#e59866,2,69.840620,2.380930,0.095237,0.040000
z_0148_597.702703.png,#e74c3c,2,112.225397,3.825866,0.153035,0.040000
z_0148_597.702703.png,#edbb99,7,189.480231,6.459553,0.258382,0.040000
z_0148_597.702703.png,#f1948a,1,31.556349,1.075785,0.043031,0.040000
z_0148_597.702703.png,#f58231,2,201.338095,6.863799,0.274552,0.040000
z_0148_597.702703.png,#f7dc6f,1,78.426407,2.673628,0.106945,0.040000
z_0148_597.702703.png,#f8c471,3,112.911688,3.849262,0.153970,0.040000
z_0148_597.702703.png,#fad7a0,4,419.504617,14.301294,0.572052,0.040000
z_0149_598.714286.png,#0e6251,1,84.183766,2.869901,0.114796,0.040000
z_0149_598.714286.png,#117a65,6,448.960461,15.305470,0.612219,0.040000
z_0149_598.714286.png,#145a32,3,178.610173,6.088983,0.243559,0.040000
z_0149_598.714286.png,#154360,3,201.580736,6.872071,0.274883,0.040000
z_0149_598.714286.png,#196f3d,6,382.048773,13.024390,0.520976,0.040000
z_0149_598.714286.png,#1b4f72,4,358.534055,12.222752,0.488910,0.040000
z_0149_598.714286.png,#2e4053,6,279.663997,9.534000,0.381360,0.040000
z_0149_598.714286.png,#2ecc71,3,66.526912,2.267963,0.090719,0.040000
z_0149_598.714286.png,#3b3b98,1,193.237590,6.587645,0.263506,0.040000
z_0149_598.714286.png,#45b39d,1,17.899495,0.610210,0.024408,0.040000
z_0149_598.714286.png,#48c9b0,8,378.818326,12.914261,0.516570,0.040000
z_0149_598.714286.png,#4a235a,12,567.286363,19.339308,0.773572,0.040000
z_0149_598.714286.png,#512e5f,2,179.438600,6.117225,0.244689,0.040000
z_0149_598.714286.png,#52be80,2,179.823376,6.130342,0.245214,0.040000
z_0149_598.714286.png,#5499c7,12,973.820418,33.198423,1.327937,0.040000
z_0149_598.714286.png,#73c6b6,1,36.142136,1.232118,0.049285,0.040000
z_0149_598.714286.png,#7b241c,2,112.811183,3.845836,0.153833,0.040000
z_0149_598.714286.png,#82e0aa,4,147.195959,5.018044,0.200722,0.040000
z_0149_598.714286.png,#85c1e9,8,568.014285,19.364123,0.774565,0.040000
z_0149_598.714286.png,#922b21,5,554.925974,18.917931,0.756717,0.040000
z_0149_598.714286.png,#9a7d0a,8,701.695526,23.921438,0.956858,0.040000
z_0149_598.714286.png,#a3e4d7,13,76.911688,2.621989,0.104880,0.040000
z_0149_598.714286.png,#a9cce3,23,160.509668,5.471920,0.218877,0.040000
z_0149_598.714286.png,#af601a,2,130.953319,4.464318,0.178573,0.040000
z_0149_598.714286.png,#af7ac5,3,182.024387,6.205377,0.248215,0.040000
z_0149_598.714286.png,#b9770e,1,29.556349,1.007603,0.040304,0.040000
z_0149_598.714286.png,#cb4335,2,64.526912,2.199781,0.087991,0.040000
z_0149_598.714286.png,#d2b4de,6,191.438600,6.526316,0.261053,0.040000
z_0149_598.714286.png,#d35400,5,347.462987,11.845329,0.473813,0.040000
z_0149_598.714286.png,#d68910,5,282.936075,9.645548,0.385822,0.040000
z_0149_598.714286.png,#e59866,3,62.426407,2.128173,0.085127,0.040000
z_0149_598.714286.png,#e74c3c,2,109.396970,3.729442,0.149178,0.040000
z_0149_598.714286.png,#edbb99,6,166.024387,5.659922,0.226397,0.040000
z_0149_598.714286.png,#f1948a,1,32.970563,1.123996,0.044960,0.040000
z_0149_598.714286.png,#f58231,2,195.338095,6.659253,0.266370,0.040000
z_0149_598.714286.png,#f7dc6f,1,77.840620,2.653658,0.106146,0.040000
z_0149_598.714286.png,#f8c471,3,116.083261,3.957384,0.158295,0.040000
z_0149_598.714286.png,#fad7a0,3,415.705627,14.171783,0.566871,0.040000
z_0150_599.725869.png,#0e6251,1,85.012193,2.898143,0.115926,0.040000
z_0150_599.725869.png,#117a65,6,464.516811,15.835800,0.633432,0.040000
z_0150_599.725869.png,#145a32,3,175.539105,5.984288,0.239372,0.040000
z_0150_599.725869.png,#154360,3,215.823376,7.357615,0.294305,0.040000
z_0150_599.725869.png,#196f3d,6,395.705627,13.489965,0.539599,0.040000
z_0150_599.725869.png,#1b4f72,4,359.220346,12.246148,0.489846,0.040000
z_0150_599.725869.png,#2e4053,6,298.149278,10.164180,0.406567,0.040000
z_0150_599.725869.png,#2ecc71,3,74.769553,2.548962,0.101958,0.040000
z_0150_599.725869.png,#3b3b98,1,190.509668,6.494648,0.259786,0.040000
z_0150_599.725869.png,#45b39d,1,19.313708,0.658422,0.026337,0.040000
z_0150_599.725869.png,#48c9b0,7,349.948268,11.930055,0.477202,0.040000
z_0150_599.725869.png,#4a235a,12,553.872150,18.882005,0.755280,0.040000
z_0150_599.725869.png,#512e5f,3,191.237590,6.519463,0.260779,0.040000
z_0150_599.725869.png,#52be80,1,184.894444,6.303220,0.252129,0.040000
z_0150_599.725869.png,#5499c7,14,1017.518903,34.688144,1.387526,0.040000
z_0150_599.725869.png,#73c6b6,1,36.384776,1.240390,0.049616,0.040000
z_0150_599.725869.png,#7b241c,2,116.911688,3.985626,0.159425,0.040000
z_0150_599.725869.png,#82e0aa,3,152.024387,5.182650,0.207306,0.040000
z_0150_599.725869.png,#85c1e9,9,538.315801,18.351675,0.734067,0.040000
z_0150_599.725869.png,#922b21,6,554.440692,18.901387,0.756055,0.040000
z_0150_599.725869.png,#9a7d0a,6,721.938167,24.611528,0.984461,0.040000
z_0150_599.725869.png,#a3e4d7,10,79.254834,2.701869,0.108075,0.040000
z_0150_599.725869.png,#a9cce3,21,178.367532,6.080711,0.243228,0.040000
z_0150_599.725869.png,#af601a,3,167.823376,5.721251,0.228850,0.040000
z_0150_599.725869.png,#af7ac5,3,160.124892,5.458803,0.218352,0.040000
z_0150_599.725869.png,#b9770e,1,32.970563,1.123996,0.044960,0.040000
z_0150_599.725869.png,#cb4335,1,42.970563,1.464906,0.058596,0.040000
z_0150_599.725869.png,#d2b4de,6,191.923882,6.542860,0.261714,0.040000
z_0150_599.725869.png,#d35400,5,351.019336,11.966568,0.478663,0.040000
z_0150_599.725869.png,#d68910,4,291.806133,9.947936,0.397917,0.040000
z_0150_599.725869.png,#e59866,1,48.041631,1.637783,0.065511,0.040000
z_0150_599.725869.png,#e74c3c,2,111.396970,3.797624,0.151905,0.040000
z_0150_599.725869.png,#edbb99,4,132.953319,4.532500,0.181300,0.040000
z_0150_599.725869.png,#f1948a,1,32.970563,1.123996,0.044960,0.040000
z_0150_599.725869.png,#f58231,2,192.994949,6.579373,0.263175,0.040000
z_0150_599.725869.png,#f7dc6f,1,82.426407,2.809991,0.112400,0.040000
z_0150_599.725869.png,#f8c471,3,121.053824,4.126835,0.165073,0.040000
z_0150_599.725869.png,#fad7a0,4,419.462987,14.299875,0.571995,0.040000
z_0151_600.737452.png,#0e6251,1,81.597980,2.781749,0.111270,0.040000
z_0151_600.737452.png,#117a65,7,430.374675,14.671864,0.586875,0.040000
z_0151_600.737452.png,#145a32,3,171.681241,5.852770,0.234111,0.040000
z_0151_600.737452.png,#154360,3,222.409163,7.582131,0.303285,0.040000
z_0151_600.737452.png,#196f3d,5,393.605122,13.418356,0.536734,0.040000
z_0151_600.737452.png,#1b4f72,4,338.877200,11.552632,0.462105,0.040000
z_0151_600.737452.png,#2e4053,6,312.534055,10.654570,0.426183,0.040000
z_0151_600.737452.png,#2ecc71,3,83.840620,2.858203,0.114328,0.040000
z_0151_600.737452.png,#3b3b98,3,161.539105,5.507015,0.220281,0.040000
z_0151_600.737452.png,#45b39d,1,18.727922,0.638452,0.025538,0.040000
z_0151_600.737452.png,#48c9b0,6,332.090404,11.321264,0.452851,0.040000
z_0151_600.737452.png,#4a235a,11,529.043723,18.035581,0.721423,0.040000
z_0151_600.737452.png,#512e5f,3,183.923882,6.270132,0.250805,0.040000
z_0151_600.737452.png,#52be80,1,176.166522,6.005677,0.240227,0.040000
z_0151_600.737452.png,#5499c7,13,1016.187950,34.642771,1.385711,0.040000
z_0151_600.737452.png,#73c6b6,1,38.384776,1.308572,0.052343,0.040000
z_0151_600.737452.png,#7b241c,2,126.568542,4.314837,0.172593,0.040000
z_0151_600.737452.png,#82e0aa,3,159.438600,5.435407,0.217416,0.040000
z_0151_600.737452.png,#85c1e9,8,443.889394,15.132593,0.605304,0.040000
z_0151_600.737452.png,#922b21,5,538.884343,18.371057,0.734842,0.040000
z_0151_600.737452.png,#9a7d0a,6,733.595021,25.008921,1.000357,0.040000
z_0151_600.737452.png,#a2d9ce,2,9.656854,0.329211,0.013168,0.040000
z_0151_600.737452.png,#a3e4d7,10,78.426407,2.673628,0.106945,0.040000
z_0151_600.737452.png,#a9cce3,17,89.053824,3.035926,0.121437,0.040000
z_0151_600.737452.png,#af601a,3,176.409163,6.013949,0.240558,0.040000
z_0151_600.737452.png,#af7ac5,3,146.953319,5.009772,0.200391,0.040000
z_0151_600.737452.png,#b9770e,1,29.313708,0.999331,0.039973,0.040000
z_0151_600.737452.png,#cb4335,1,47.455844,1.617813,0.064713,0.040000
z_0151_600.737452.png,#d2b4de,7,183.681241,6.261860,0.250474,0.040000
z_0151_600.737452.png,#d35400,5,358.534055,12.222752,0.488910,0.040000
z_0151_600.737452.png,#d68910,4,255.421356,8.707546,0.348302,0.040000
z_0151_600.737452.png,#e59866,1,46.870058,1.597843,0.063914,0.040000
z_0151_600.737452.png,#e74c3c,2,110.568542,3.769382,0.150775,0.040000
z_0151_600.737452.png,#edbb99,4,135.296465,4.612379,0.184495,0.040000
z_0151_600.737452.png,#f1948a,1,30.142136,1.027573,0.041103,0.040000
z_0151_600.737452.png,#f58231,2,204.409163,6.968494,0.278740,0.040000
z_0151_600.737452.png,#f7dc6f,1,80.669048,2.750081,0.110003,0.040000
z_0151_600.737452.png,#f8c471,3,132.468037,4.515956,0.180638,0.040000
z_0151_600.737452.png,#fad7a0,3,401.806133,13.697936,0.547917,0.040000
z_0152_601.749035.png,#0e6251,1,79.355339,2.705296,0.108212,0.040000
z_0152_601.749035.png,#117a65,5,398.575685,13.587807,0.543512,0.040000
z_0152_601.749035.png,#145a32,3,168.610173,5.748074,0.229923,0.040000
z_0152_601.749035.png,#154360,3,232.409163,7.923040,0.316922,0.040000
z_0152_601.749035.png,#196f3d,4,372.776695,12.708296,0.508332,0.040000
z_0152_601.749035.png,#1b4f72,4,334.877200,11.416268,0.456651,0.040000
z_0152_601.749035.png,#2e4053,6,327.362482,11.160085,0.446403,0.040000
z_0152_601.749035.png,#2ecc71,3,92.568542,3.155746,0.126230,0.040000
z_0152_601.749035.png,#3b3b98,2,131.396970,4.479442,0.179178,0.040000
z_0152_601.749035.png,#45b39d,2,37.213203,1.268632,0.050745,0.040000
z_0152_601.749035.png,#48c9b0,5,311.119841,10.606358,0.424254,0.040000
z_0152_601.749035.png,#4a235a,12,547.872150,18.677460,0.747098,0.040000
z_0152_601.749035.png,#512e5f,3,178.166522,6.073859,0.242954,0.040000
z_0152_601.749035.png,#52be80,1,173.580736,5.917525,0.236701,0.040000
z_0152_601.749035.png,#5499c7,15,1061.986940,36.204100,1.448164,0.040000
z_0152_601.749035.png,#73c6b6,1,39.556349,1.348512,0.053940,0.040000
z_0152_601.749035.png,#7b241c,2,130.325902,4.442928,0.177717,0.040000
z_0152_601.749035.png,#82e0aa,6,213.137085,7.266037,0.290641,0.040000
z_0152_601.749035.png,#85c1e9,6,409.889394,13.973502,0.558940,0.040000
z_0152_601.749035.png,#922b21,6,549.470129,18.731936,0.749277,0.040000
z_0152_601.749035.png,#9a7d0a,6,772.565584,26.337463,1.053499,0.040000
z_0152_601.749035.png,#a2d9ce,2,9.656854,0.329211,0.013168,0.040000
z_0152_601.749035.png,#a3e4d7,9,71.355339,2.432568,0.097303,0.040000
z_0152_601.749035.png,#a9cce3,20,108.953319,3.714318,0.148573,0.040000
z_0152_601.749035.png,#af601a,2,87.497475,2.982868,0.119315,0.040000
z_0152_601.749035.png,#af7ac5,3,137.982756,4.703958,0.188158,0.040000
z_0152_601.749035.png,#b9770e,1,30.970563,1.055815,0.042233,0.040000
z_0152_601.749035.png,#bb8fce,1,2.828427,0.096424,0.003857,0.040000
z_0152_601.749035.png,#cb4335,1,48.041631,1.637783,0.065511,0.040000
z_0152_601.749035.png,#d2b4de,6,183.923882,6.270132,0.250805,0.040000
z_0152_601.749035.png,#d35400,5,362.433550,12.355689,0.494228,0.040000
z_0152_601.749035.png,#d68910,3,265.421356,9.048455,0.361938,0.040000
z_0152_601.749035.png,#e59866,1,49.698485,1.694267,0.067771,0.040000
z_0152_601.749035.png,#e74c3c,2,110.225397,3.757684,0.150307,0.040000
z_0152_601.749035.png,#edbb99,5,142.367532,4.853439,0.194138,0.040000
z_0152_601.749035.png,#f1948a,1,31.556349,1.075785,0.043031,0.040000
z_0152_601.749035.png,#f58231,2,196.066017,6.684069,0.267363,0.040000
z_0152_601.749035.png,#f7dc6f,1,78.426407,2.673628,0.106945,0.040000
z_0152_601.749035.png,#f8c471,3,128.811183,4.391290,0.175652,0.040000
z_0152_601.749035.png,#fad7a0,4,382.433550,13.037507,0.521500,0.040000
z_0153_602.760618.png,#0e6251,1,77.597980,2.645386,0.105815,0.040000
z_0153_602.760618.png,#117a65,6,419.989899,14.317837,0.572713,0.040000
z_0153_602.760618.png,#145a32,3,157.539105,5.370651,0.214826,0.040000
z_0153_602.760618.png,#154360,3,240.409163,8.195767,0.327831,0.040000
z_0153_602.760618.png,#196f3d,4,337.462987,11.504420,0.460177,0.040000
z_0153_602.760618.png,#1b4f72,5,367.847763,12.540265,0.501611,0.040000
z_0153_602.760618.png,#2e4053,6,326.877200,11.143541,0.445742,0.040000
z_0153_602.760618.png,#2ecc71,3,102.325902,3.488383,0.139535,0.040000
z_0153_602.760618.png,#3b3b98,2,125.982756,4.294867,0.171795,0.040000
z_0153_602.760618.png,#45b39d,2,49.112698,1.674297,0.066972,0.040000
z_0153_602.760618.png,#48c9b0,5,304.048773,10.365299,0.414612,0.040000
z_0153_602.760618.png,#4a235a,12,538.600072,18.361366,0.734455,0.040000
z_0153_602.760618.png,#512e5f,3,170.367532,5.807984,0.232319,0.040000
z_0153_602.760618.png,#52be80,1,166.752309,5.684738,0.227390,0.040000
z_0153_602.760618.png,#5499c7,12,876.222438,29.871219,1.194849,0.040000
z_0153_602.760618.png,#73c6b6,1,41.556349,1.416694,0.056668,0.040000
z_0153_602.760618.png,#7b241c,2,141.639610,4.828623,0.193145,0.040000
z_0153_602.760618.png,#82e0aa,3,230.308658,7.851432,0.314057,0.040000
z_0153_602.760618.png,#85c1e9,5,412.717821,14.069926,0.562797,0.040000
z_0153_602.760618.png,#922b21,7,517.629509,17.646461,0.705858,0.040000
z_0153_602.760618.png,#9a7d0a,6,854.707720,29.137763,1.165511,0.040000
z_0153_602.760618.png,#a2d9ce,4,15.313708,0.522058,0.020882,0.040000
z_0153_602.760618.png,#a3e4d7,11,69.254834,2.360960,0.094438,0.040000
z_0153_602.760618.png,#a9cce3,10,68.669048,2.340990,0.093640,0.040000
z_0153_602.760618.png,#af601a,2,79.740115,2.718413,0.108737,0.040000
z_0153_602.760618.png,#af7ac5,3,133.053824,4.535926,0.181437,0.040000
z_0153_602.760618.png,#b9770e,1,32.970563,1.123996,0.044960,0.040000
z_0153_602.760618.png,#bb8fce,1,2.828427,0.096424,0.003857,0.040000
z_0153_602.760618.png,#cb4335,1,49.455844,1.685995,0.067440,0.040000
z_0153_602.760618.png,#d2b4de,6,186.166522,6.346586,0.253863,0.040000
z_0153_602.760618.png,#d35400,6,383.261977,13.065749,0.522630,0.040000
z_0153_602.760618.png,#d68910,3,279.178716,9.517456,0.380698,0.040000
z_0153_602.760618.png,#e59866,1,50.041631,1.705965,0.068239,0.040000
z_0153_602.760618.png,#e74c3c,1,92.669048,3.159172,0.126367,0.040000
z_0153_602.760618.png,#edbb99,5,138.710678,4.728773,0.189151,0.040000
z_0153_602.760618.png,#f1948a,1,24.727922,0.842997,0.033720,0.040000
z_0153_602.760618.png,#f58231,2,191.823376,6.539433,0.261577,0.040000
z_0153_602.760618.png,#f7dc6f,1,77.597980,2.645386,0.105815,0.040000
z_0153_602.760618.png,#f8c471,3,121.982756,4.158503,0.166340,0.040000
z_0153_602.760618.png,#fad7a0,4,325.663997,11.102182,0.444087,0.040000
z_0154_603.772201.png,#0e6251,1,76.769553,2.617144,0.104686,0.040000
z_0154_603.772201.png,#117a65,6,417.989899,14.249656,0.569986,0.040000
z_0154_603.772201.png,#145a32,3,156.124892,5.322439,0.212898,0.040000
z_0154_603.772201.png,#154360,3,241.237590,8.224009,0.328960,0.040000
z_0154_603.772201.png,#196f3d,4,336.877200,11.484450,0.459378,0.040000
z_0154_603.772201.png,#1b4f72,5,367.847763,12.540265,0.501611,0.040000
z_0154_603.772201.png,#2e4053,6,326.291414,11.123571,0.444943,0.040000
z_0154_603.772201.png,#2ecc71,3,100.911688,3.440171,0.137607,0.040000
z_0154_603.772201.png,#3b3b98,2,125.982756,4.294867,0.171795,0.040000
z_0154_603.772201.png,#45b39d,2,49.941125,1.702538,0.068102,0.040000
z_0154_603.772201.png,#48c9b0,5,306.048773,10.433481,0.417339,0.040000
z_0154_603.772201.png,#4a235a,12,537.872150,18.336551,0.733462,0.040000
z_0154_603.772201.png,#512e5f,3,169.781746,5.788014,0.231521,0.040000
z_0154_603.772201.png,#52be80,1,166.752309,5.684738,0.227390,0.040000
z_0154_603.772201.png,#5499c7,12,879.536147,29.984187,1.199367,0.040000
z_0154_603.772201.png,#73c6b6,1,42.970563,1.464906,0.058596,0.040000
z_0154_603.772201.png,#7b241c,2,137.982756,4.703958,0.188158,0.040000
z_0154_603.772201.png,#82e0aa,3,230.551299,7.859703,0.314388,0.040000
z_0154_603.772201.png,#85c1e9,5,412.132034,14.049956,0.561998,0.040000
z_0154_603.772201.png,#922b21,7,524.457936,17.879248,0.715170,0.040000
z_0154_603.772201.png,#9a7d0a,7,856.950360,29.214217,1.168569,0.040000
z_0154_603.772201.png,#a2d9ce,3,10.485281,0.357453,0.014298,0.040000
z_0154_603.772201.png,#a3e4d7,10,64.426407,2.196355,0.087854,0.040000
z_0154_603.772201.png,#a9cce3,12,80.325902,2.738383,0.109535,0.040000
z_0154_603.772201.png,#af601a,2,78.911688,2.690171,0.107607,0.040000
z_0154_603.772201.png,#af7ac5,3,132.225397,4.507684,0.180307,0.040000
z_0154_603.772201.png,#b9770e,1,32.970563,1.123996,0.044960,0.040000
z_0154_603.772201.png,#bb8fce,1,2.828427,0.096424,0.003857,0.040000
z_0154_603.772201.png,#cb4335,1,49.455844,1.685995,0.067440,0.040000
z_0154_603.772201.png,#d2b4de,6,184.409163,6.286676,0.251467,0.040000
z_0154_603.772201.png,#d35400,6,384.676190,13.113961,0.524558,0.040000
z_0154_603.772201.png,#d68910,3,280.007143,9.545698,0.381828,0.040000
z_0154_603.772201.png,#e59866,1,50.041631,1.705965,0.068239,0.040000
z_0154_603.772201.png,#e74c3c,1,92.669048,3.159172,0.126367,0.040000
z_0154_603.772201.png,#edbb99,5,139.539105,4.757015,0.190281,0.040000
z_0154_603.772201.png,#f1948a,1,24.727922,0.842997,0.033720,0.040000
z_0154_603.772201.png,#f58231,2,192.651804,6.567675,0.262707,0.040000
z_0154_603.772201.png,#f7dc6f,1,77.597980,2.645386,0.105815,0.040000
z_0154_603.772201.png,#f8c471,3,122.811183,4.186745,0.167470,0.040000
z_0154_603.772201.png,#fad7a0,4,325.906638,11.110454,0.444418,0.040000
z_0155_604.783784.png,#0e6251,1,70.526912,2.404327,0.096173,0.040000
z_0155_604.783784.png,#117a65,8,552.014285,18.818669,0.752747,0.040000
z_0155_604.783784.png,#145a32,3,147.296465,5.021470,0.200859,0.040000
z_0155_604.783784.png,#154360,3,255.036580,8.694429,0.347777,0.040000
z_0155_604.783784.png,#196f3d,4,335.847763,11.449356,0.457974,0.040000
z_0155_604.783784.png,#1b4f72,6,452.374675,15.421864,0.616875,0.040000
z_0155_604.783784.png,#2e4053,6,351.060967,11.967987,0.478719,0.040000
z_0155_604.783784.png,#2ecc71,3,115.639610,3.942259,0.157690,0.040000
z_0155_604.783784.png,#3b3b98,1,101.497475,3.460141,0.138406,0.040000
z_0155_604.783784.png,#45b39d,2,75.597980,2.577204,0.103088,0.040000
z_0155_604.783784.png,#48c9b0,5,308.249783,10.508515,0.420341,0.040000
z_0155_604.783784.png,#4a235a,9,477.872150,16.291096,0.651644,0.040000
z_0155_604.783784.png,#512e5f,4,238.793939,8.140702,0.325628,0.040000
z_0155_604.783784.png,#52be80,1,154.024387,5.250831,0.210033,0.040000
z_0155_604.783784.png,#5499c7,8,890.607214,30.361610,1.214464,0.040000
z_0155_604.783784.png,#73c6b6,1,45.455844,1.549631,0.061985,0.040000
z_0155_604.783784.png,#7b241c,2,110.911688,3.781080,0.151243,0.040000
z_0155_604.783784.png,#82e0aa,4,254.793939,8.686157,0.347446,0.040000
z_0155_604.783784.png,#85c1e9,5,428.859956,14.620226,0.584809,0.040000
z_0155_604.783784.png,#922b21,7,509.144228,17.357190,0.694288,0.040000
z_0155_604.783784.png,#9a7d0a,8,1101.744299,37.559465,1.502379,0.040000
z_0155_604.783784.png,#a2d9ce,3,14.485281,0.493816,0.019753,0.040000
z_0155_604.783784.png,#a3e4d7,15,86.568542,2.951200,0.118048,0.040000
z_0155_604.783784.png,#a9cce3,13,99.882251,3.405077,0.136203,0.040000
z_0155_604.783784.png,#af601a,4,196.994949,6.715737,0.268629,0.040000
z_0155_604.783784.png,#af7ac5,3,112.426407,3.832718,0.153309,0.040000
z_0155_604.783784.png,#b9770e,1,48.870058,1.666025,0.066641,0.040000
z_0155_604.783784.png,#cb4335,1,48.041631,1.637783,0.065511,0.040000
z_0155_604.783784.png,#d2b4de,7,179.923882,6.133769,0.245351,0.040000
z_0155_604.783784.png,#d35400,4,414.918831,14.144960,0.565798,0.040000
z_0155_604.783784.png,#d68910,3,342.090404,11.662173,0.466487,0.040000
z_0155_604.783784.png,#e59866,2,52.526912,1.790690,0.071628,0.040000
z_0155_604.783784.png,#e74c3c,2,97.497475,3.323778,0.132951,0.040000
z_0155_604.783784.png,#edbb99,6,186.752309,6.366556,0.254662,0.040000
z_0155_604.783784.png,#f1948a,1,29.556349,1.007603,0.040304,0.040000
z_0155_604.783784.png,#f58231,2,163.923882,5.588314,0.223533,0.040000
z_0155_604.783784.png,#f7dc6f,1,89.840620,3.062748,0.122510,0.040000
z_0155_604.783784.png,#f8c471,4,170.024387,5.796286,0.231851,0.040000
z_0155_604.783784.png,#fad7a0,4,246.693434,8.410003,0.336400,0.040000
z_0156_605.795367.png,#0e6251,1,69.112698,2.356115,0.094245,0.040000
z_0156_605.795367.png,#117a65,9,556.256926,18.963304,0.758532,0.040000
z_0156_605.795367.png,#145a32,3,147.296465,5.021470,0.200859,0.040000
z_0156_605.795367.png,#154360,3,253.279221,8.634519,0.345381,0.040000
z_0156_605.795367.png,#196f3d,4,335.261977,11.429386,0.457175,0.040000
z_0156_605.795367.png,#1b4f72,6,455.203102,15.518288,0.620732,0.040000
z_0156_605.795367.png,#2e4053,6,350.232539,11.939746,0.477590,0.040000
z_0156_605.795367.png,#2ecc71,3,115.639610,3.942259,0.157690,0.040000
z_0156_605.795367.png,#3b3b98,1,101.497475,3.460141,0.138406,0.040000
z_0156_605.795367.png,#45b39d,2,76.426407,2.605446,0.104218,0.040000
z_0156_605.795367.png,#48c9b0,5,311.563492,10.621483,0.424859,0.040000
z_0156_605.795367.png,#4a235a,9,476.801082,16.254582,0.650183,0.040000
z_0156_605.795367.png,#512e5f,4,239.379726,8.160672,0.326427,0.040000
z_0156_605.795367.png,#52be80,1,152.852814,5.210891,0.208436,0.040000
z_0156_605.795367.png,#5499c7,8,886.607214,30.225246,1.209010,0.040000
z_0156_605.795367.png,#73c6b6,1,45.455844,1.549631,0.061985,0.040000
z_0156_605.795367.png,#7b241c,2,112.325902,3.829292,0.153172,0.040000
z_0156_605.795367.png,#82e0aa,4,252.793939,8.617975,0.344719,0.040000
z_0156_605.795367.png,#85c1e9,5,428.617316,14.611954,0.584478,0.040000
z_0156_605.795367.png,#922b21,7,513.144228,17.493553,0.699742,0.040000
z_0156_605.795367.png,#9a7d0a,8,1108.129076,37.777128,1.511085,0.040000
z_0156_605.795367.png,#a2d9ce,4,17.313708,0.590240,0.023610,0.040000
z_0156_605.795367.png,#a3e4d7,15,86.568542,2.951200,0.118048,0.040000
z_0156_605.795367.png,#a9cce3,12,99.053824,3.376835,0.135073,0.040000
z_0156_605.795367.png,#af601a,4,196.166522,6.687495,0.267500,0.040000
z_0156_605.795367.png,#af7ac5,3,111.497475,3.801050,0.152042,0.040000
z_0156_605.795367.png,#b9770e,1,46.041631,1.569601,0.062784,0.040000
z_0156_605.795367.png,#cb4335,1,48.041631,1.637783,0.065511,0.040000
z_0156_605.795367.png,#d2b4de,7,179.923882,6.133769,0.245351,0.040000
z_0156_605.795367.png,#d35400,4,414.918831,14.144960,0.565798,0.040000
z_0156_605.795367.png,#d68910,3,343.019336,11.693841,0.467754,0.040000
z_0156_605.795367.png,#e59866,2,52.526912,1.790690,0.071628,0.040000
z_0156_605.795367.png,#e74c3c,2,98.911688,3.371989,0.134880,0.040000
z_0156_605.795367.png,#edbb99,5,187.338095,6.386526,0.255461,0.040000
z_0156_605.795367.png,#f1948a,1,29.556349,1.007603,0.040304,0.040000
z_0156_605.795367.png,#f58231,2,163.095454,5.560072,0.222403,0.040000
z_0156_605.795367.png,#f7dc6f,1,94.083261,3.207384,0.128295,0.040000
z_0156_605.795367.png,#f8c471,4,173.095454,5.900981,0.236039,0.040000
z_0156_605.795367.png,#fad7a0,4,245.036580,8.353520,0.334141,0.040000
z_0157_606.806950.png,#0e6251,1,68.183766,2.324447,0.092978,0.040000
z_0157_606.806950.png,#117a65,8,560.256926,19.099668,0.763987,0.040000
z_0157_606.806950.png,#145a32,3,142.710678,4.865137,0.194605,0.040000
z_0157_606.806950.png,#154360,3,253.036580,8.626247,0.345050,0.040000
z_0157_606.806950.png,#196f3d,4,339.362482,11.569176,0.462767,0.040000
z_0157_606.806950.png,#1b4f72,6,412.575685,14.065080,0.562603,0.040000
z_0157_606.806950.png,#2e4053,6,341.847763,11.653901,0.466156,0.040000
z_0157_606.806950.png,#2ecc71,3,114.468037,3.902319,0.156093,0.040000
z_0157_606.806950.png,#3b3b98,1,97.012193,3.307234,0.132289,0.040000
z_0157_606.806950.png,#45b39d,2,97.154329,3.312079,0.132483,0.040000
z_0157_606.806950.png,#48c9b0,5,287.663997,9.806727,0.392269,0.040000
z_0157_606.806950.png,#4a235a,9,525.185858,17.904063,0.716163,0.040000
z_0157_606.806950.png,#512e5f,4,245.379726,8.365218,0.334609,0.040000
z_0157_606.806950.png,#52be80,1,156.852814,5.347255,0.213890,0.040000
z_0157_606.806950.png,#5499c7,11,871.778787,29.719731,1.188789,0.040000
z_0157_606.806950.png,#73c6b6,1,44.627417,1.521389,0.060856,0.040000
z_0157_606.806950.png,#7b241c,2,113.154329,3.857534,0.154301,0.040000
z_0157_606.806950.png,#82e0aa,4,264.592929,9.020213,0.360809,0.040000
z_0157_606.806950.png,#85c1e9,6,448.516811,15.290346,0.611614,0.040000
z_0157_606.806950.png,#922b21,8,560.742207,19.116212,0.764648,0.040000
z_0157_606.806950.png,#9a7d0a,9,1165.827561,39.744121,1.589765,0.040000
z_0157_606.806950.png,#a2d9ce,1,6.828427,0.232787,0.009311,0.040000
z_0157_606.806950.png,#a3e4d7,9,95.597980,3.259022,0.130361,0.040000
z_0157_606.806950.png,#a9cce3,16,167.781746,5.719832,0.228793,0.040000
z_0157_606.806950.png,#af601a,4,159.438600,5.435407,0.217416,0.040000
z_0157_606.806950.png,#af7ac5,3,97.840620,3.335476,0.133419,0.040000
z_0157_606.806950.png,#b9770e,1,54.041631,1.842328,0.073693,0.040000
z_0157_606.806950.png,#cb4335,1,46.384776,1.581299,0.063252,0.040000
z_0157_606.806950.png,#d2b4de,5,183.923882,6.270132,0.250805,0.040000
z_0157_606.806950.png,#d35400,4,427.504617,14.574021,0.582961,0.040000
z_0157_606.806950.png,#d68910,4,413.788889,14.106439,0.564258,0.040000
z_0157_606.806950.png,#e59866,1,47.213203,1.609541,0.064382,0.040000
z_0157_606.806950.png,#e74c3c,2,103.740115,3.536595,0.141464,0.040000
z_0157_606.806950.png,#edbb99,6,212.894444,7.257765,0.290311,0.040000
z_0157_606.806950.png,#f1948a,1,26.384776,0.899481,0.035979,0.040000
z_0157_606.806950.png,#f58231,2,160.509668,5.471920,0.218877,0.040000
z_0157_606.806950.png,#f7dc6f,2,80.769553,2.753507,0.110140,0.040000
z_0157_606.806950.png,#f8c471,4,184.267027,6.281830,0.251273,0.040000
z_0157_606.806950.png,#fad7a0,4,235.622366,8.032581,0.321303,0.040000
z_0158_607.818533.png,#0e6251,1,69.941125,2.384357,0.095374,0.040000
z_0158_607.818533.png,#117a65,7,597.913780,20.383424,0.815337,0.040000
z_0158_607.818533.png,#145a32,3,147.296465,5.021470,0.200859,0.040000
z_0158_607.818533.png,#154360,4,259.379726,8.842491,0.353700,0.040000
z_0158_607.818533.png,#196f3d,4,344.433550,11.742053,0.469682,0.040000
z_0158_607.818533.png,#1b4f72,4,383.747258,13.082293,0.523292,0.040000
z_0158_607.818533.png,#2e4053,6,348.433550,11.878416,0.475137,0.040000
z_0158_607.818533.png,#2ecc71,3,116.710678,3.978773,0.159151,0.040000
z_0158_607.818533.png,#3b3b98,1,97.254834,3.315506,0.132620,0.040000
z_0158_607.818533.png,#45b39d,2,103.497475,3.528323,0.141133,0.040000
z_0158_607.818533.png,#48c9b0,5,281.521861,9.597336,0.383893,0.040000
z_0158_607.818533.png,#4a235a,8,522.457936,17.811066,0.712443,0.040000
z_0158_607.818533.png,#512e5f,4,248.450793,8.469913,0.338797,0.040000
z_0158_607.818533.png,#52be80,1,155.438600,5.299043,0.211962,0.040000
z_0158_607.818533.png,#5499c7,12,902.891486,30.780392,1.231216,0.040000
z_0158_607.818533.png,#73c6b6,1,46.627417,1.589571,0.063583,0.040000
z_0158_607.818533.png,#7b241c,2,113.982756,3.885776,0.155431,0.040000
z_0158_607.818533.png,#82e0aa,4,266.936075,9.100093,0.364004,0.040000
z_0158_607.818533.png,#85c1e9,6,446.516811,15.222164,0.608887,0.040000
z_0158_607.818533.png,#922b21,7,632.198052,21.552206,0.862088,0.040000
z_0158_607.818533.png,#9a7d0a,12,1202.756493,41.003062,1.640122,0.040000
z_0158_607.818533.png,#a2d9ce,3,10.485281,0.357453,0.014298,0.040000
z_0158_607.818533.png,#a3e4d7,7,70.526912,2.404327,0.096173,0.040000
z_0158_607.818533.png,#a9cce3,18,155.095454,5.287345,0.211494,0.040000
z_0158_607.818533.png,#af601a,4,179.095454,6.105527,0.244221,0.040000
z_0158_607.818533.png,#af7ac5,3,87.497475,2.982868,0.119315,0.040000
z_0158_607.818533.png,#b9770e,1,59.698485,2.035176,0.081407,0.040000
z_0158_607.818533.png,#cb4335,1,44.627417,1.521389,0.060856,0.040000
z_0158_607.818533.png,#d2b4de,5,165.195959,5.631680,0.225267,0.040000
z_0158_607.818533.png,#d35400,3,445.404112,15.184231,0.607369,0.040000
z_0158_607.818533.png,#d68910,3,368.048773,12.547117,0.501885,0.040000
z_0158_607.818533.png,#e59866,3,48.284271,1.646055,0.065842,0.040000
z_0158_607.818533.png,#e74c3c,2,107.497475,3.664687,0.146587,0.040000
z_0158_607.818533.png,#edbb99,7,247.480231,8.436826,0.337473,0.040000
z_0158_607.818533.png,#f1948a,1,26.142136,0.891209,0.035648,0.040000
z_0158_607.818533.png,#f58231,2,160.267027,5.463649,0.218546,0.040000
z_0158_607.818533.png,#f7dc6f,2,62.870058,2.143297,0.085732,0.040000
z_0158_607.818533.png,#f8c471,4,200.752309,6.843829,0.273753,0.040000
z_0158_607.818533.png,#fad7a0,4,233.622366,7.964399,0.318576,0.040000
z_0159_608.830116.png,#0e6251,1,64.526912,2.199781,0.087991,0.040000
z_0159_608.830116.png,#117a65,7,598.600072,20.406821,0.816273,0.040000
z_0159_608.830116.png,#145a32,3,149.882251,5.109622,0.204385,0.040000
z_0159_608.830116.png,#154360,4,270.793939,9.231612,0.369264,0.040000
z_0159_608.830116.png,#196f3d,5,363.362482,12.387357,0.495494,0.040000
z_0159_608.830116.png,#1b4f72,4,386.090404,13.162173,0.526487,0.040000
z_0159_608.830116.png,#2e4053,6,379.989899,12.954201,0.518168,0.040000
z_0159_608.830116.png,#2ecc71,3,117.639610,4.010441,0.160418,0.040000
z_0159_608.830116.png,#3b3b98,1,96.911688,3.303808,0.132152,0.040000
z_0159_608.830116.png,#45b39d,2,104.669048,3.568263,0.142731,0.040000
z_0159_608.830116.png,#48c9b0,6,300.835570,10.255758,0.410230,0.040000
z_0159_608.830116.png,#4a235a,8,550.943218,18.782155,0.751286,0.040000
z_0159_608.830116.png,#512e5f,4,264.208153,9.007096,0.360284,0.040000
z_0159_608.830116.png,#52be80,1,149.539105,5.097924,0.203917,0.040000
z_0159_608.830116.png,#5499c7,12,898.104689,30.617205,1.224688,0.040000
z_0159_608.830116.png,#73c6b6,1,49.455844,1.685995,0.067440,0.040000
z_0159_608.830116.png,#7b241c,2,110.083261,3.752838,0.150114,0.040000
z_0159_608.830116.png,#82e0aa,4,291.421356,9.934819,0.397393,0.040000
z_0159_608.830116.png,#85c1e9,5,444.374675,15.149137,0.605965,0.040000
z_0159_608.830116.png,#922b21,5,601.470129,20.504664,0.820187,0.040000
z_0159_608.830116.png,#9a7d0a,13,1224.070201,41.729666,1.669187,0.040000
z_0159_608.830116.png,#a2d9ce,1,8.828427,0.300969,0.012039,0.040000
z_0159_608.830116.png,#a3e4d7,6,63.355339,2.159841,0.086394,0.040000
z_0159_608.830116.png,#a9cce3,20,168.752309,5.752920,0.230117,0.040000
z_0159_608.830116.png,#af601a,4,191.823376,6.539433,0.261577,0.040000
z_0159_608.830116.png,#af7ac5,3,77.012193,2.625416,0.105017,0.040000
z_0159_608.830116.png,#b9770e,1,61.698485,2.103357,0.084134,0.040000
z_0159_608.830116.png,#cb4335,1,45.455844,1.549631,0.061985,0.040000
z_0159_608.830116.png,#d2b4de,5,169.438600,5.776316,0.231053,0.040000
z_0159_608.830116.png,#d35400,3,428.090404,14.593991,0.583760,0.040000
z_0159_608.830116.png,#d68910,2,357.806133,12.197936,0.487917,0.040000
z_0159_608.830116.png,#e59866,1,34.142136,1.163936,0.046557,0.040000
z_0159_608.830116.png,#e74c3c,2,113.396970,3.865806,0.154632,0.040000
z_0159_608.830116.png,#edbb99,5,266.450793,9.083550,0.363342,0.040000
z_0159_608.830116.png,#f1948a,2,64.870058,2.211479,0.088459,0.040000
z_0159_608.830116.png,#f58231,2,198.994949,6.783919,0.271357,0.040000
z_0159_608.830116.png,#f7dc6f,2,67.355339,2.296205,0.091848,0.040000
z_0159_608.830116.png,#f8c471,4,225.137085,7.675128,0.307005,0.040000
z_0159_608.830116.png,#fad7a0,4,248.793939,8.481612,0.339264,0.040000
z_0160_609.841699.png,#0e6251,1,65.941125,2.247993,0.089920,0.040000
z_0160_609.841699.png,#117a65,8,663.168614,22.608021,0.904321,0.040000
z_0160_609.841699.png,#145a32,3,138.811183,4.732199,0.189288,0.040000
z_0160_609.841699.png,#154360,4,300.835570,10.255758,0.410230,0.040000
z_0160_609.841699.png,#196f3d,5,405.788889,13.833712,0.553348,0.040000
z_0160_609.841699.png,#1b4f72,4,421.646753,14.374321,0.574973,0.040000
z_0160_609.841699.png,#2e4053,7,368.190909,12.551963,0.502079,0.040000
z_0160_609.841699.png,#2ecc71,3,122.124892,4.163349,0.166534,0.040000
z_0160_609.841699.png,#3b3b98,1,92.325902,3.147474,0.125899,0.040000
z_0160_609.841699.png,#45b39d,2,113.154329,3.857534,0.154301,0.040000
z_0160_609.841699.png,#48c9b0,5,317.663997,10.829454,0.433178,0.040000
z_0160_609.841699.png,#4a235a,8,614.055916,20.933724,0.837349,0.040000
z_0160_609.841699.png,#512e5f,3,293.521861,10.006427,0.400257,0.040000
z_0160_609.841699.png,#52be80,1,148.953319,5.077954,0.203118,0.040000
z_0160_609.841699.png,#5499c7,10,775.293506,26.430460,1.057218,0.040000
z_0160_609.841699.png,#73c6b6,1,46.627417,1.589571,0.063583,0.040000
z_0160_609.841699.png,#7b241c,2,104.669048,3.568263,0.142731,0.040000
z_0160_609.841699.png,#82e0aa,5,308.249783,10.508515,0.420341,0.040000
z_0160_609.841699.png,#85c1e9,4,434.374675,14.808228,0.592329,0.040000
z_0160_609.841699.png,#922b21,6,540.215295,18.416431,0.736657,0.040000
z_0160_609.841699.png,#9a7d0a,10,1181.099639,40.264760,1.610590,0.040000
z_0160_609.841699.png,#a2d9ce,3,10.485281,0.357453,0.014298,0.040000
z_0160_609.841699.png,#a3e4d7,6,63.112698,2.151569,0.086063,0.040000
z_0160_609.841699.png,#a9cce3,15,142.610173,4.861710,0.194468,0.040000
z_0160_609.841699.png,#af601a,7,387.989899,13.226928,0.529077,0.040000
z_0160_609.841699.png,#af7ac5,3,81.597980,2.781749,0.111270,0.040000
z_0160_609.841699.png,#b9770e,1,68.870058,2.347843,0.093914,0.040000
z_0160_609.841699.png,#cb4335,1,46.384776,1.581299,0.063252,0.040000
z_0160_609.841699.png,#d2b4de,5,192.166522,6.551131,0.262045,0.040000
z_0160_609.841699.png,#d35400,4,404.333044,13.784081,0.551363,0.040000
z_0160_609.841699.png,#d68910,2,338.492424,11.539514,0.461581,0.040000
z_0160_609.841699.png,#e59866,2,19.313708,0.658422,0.026337,0.040000
z_0160_609.841699.png,#e74c3c,2,120.225397,4.098593,0.163944,0.040000
z_0160_609.841699.png,#edbb99,5,399.060967,13.604351,0.544174,0.040000
z_0160_609.841699.png,#f1948a,2,100.225397,3.416775,0.136671,0.040000
z_0160_609.841699.png,#f58231,2,189.681241,6.466406,0.258656,0.040000
z_0160_609.841699.png,#f7dc6f,2,76.911688,2.621989,0.104880,0.040000
z_0160_609.841699.png,#f8c471,3,249.764502,8.514699,0.340588,0.040000
z_0160_609.841699.png,#fad7a0,5,245.279221,8.361792,0.334472,0.040000
z_0161_610.853282.png,#0e6251,1,65.941125,2.247993,0.089920,0.040000
z_0161_610.853282.png,#117a65,8,665.997041,22.704445,0.908178,0.040000
z_0161_610.853282.png,#145a32,3,139.639610,4.760441,0.190418,0.040000
z_0161_610.853282.png,#154360,4,302.835570,10.323940,0.412958,0.040000
z_0161_610.853282.png,#196f3d,5,406.374675,13.853682,0.554147,0.040000
z_0161_610.853282.png,#1b4f72,4,420.475180,14.334381,0.573375,0.040000
z_0161_610.853282.png,#2e4053,7,367.019336,12.512023,0.500481,0.040000
z_0161_610.853282.png,#2ecc71,3,122.124892,4.163349,0.166534,0.040000
z_0161_610.853282.png,#3b3b98,1,93.154329,3.175716,0.127029,0.040000
z_0161_610.853282.png,#45b39d,2,112.568542,3.837564,0.153503,0.040000
z_0161_610.853282.png,#48c9b0,5,318.492424,10.857696,0.434308,0.040000
z_0161_610.853282.png,#4a235a,8,614.641702,20.953694,0.838148,0.040000
z_0161_610.853282.png,#512e5f,3,293.178716,9.994729,0.399789,0.040000
z_0161_610.853282.png,#52be80,1,148.953319,5.077954,0.203118,0.040000
z_0161_610.853282.png,#5499c7,10,772.364574,26.330610,1.053224,0.040000
z_0161_610.853282.png,#73c6b6,1,46.627417,1.589571,0.063583,0.040000
z_0161_610.853282.png,#7b241c,2,104.911688,3.576535,0.143061,0.040000
z_0161_610.853282.png,#82e0aa,5,305.663997,10.420364,0.416815,0.040000
z_0161_610.853282.png,#85c1e9,4,431.788889,14.720076,0.588803,0.040000
z_0161_610.853282.png,#922b21,6,542.215295,18.484612,0.739384,0.040000
z_0161_610.853282.png,#9a7d0a,10,1184.756493,40.389426,1.615577,0.040000
z_0161_610.853282.png,#a2d9ce,3,10.485281,0.357453,0.014298,0.040000
z_0161_610.853282.png,#a3e4d7,5,59.941125,2.043447,0.081738,0.040000
z_0161_610.853282.png,#a9cce3,14,146.610173,4.998074,0.199923,0.040000
z_0161_610.853282.png,#af601a,7,386.475180,13.175290,0.527012,0.040000
z_0161_610.853282.png,#af7ac5,3,82.183766,2.801719,0.112069,0.040000
z_0161_610.853282.png,#b9770e,1,68.284271,2.327873,0.093115,0.040000
z_0161_610.853282.png,#cb4335,1,46.384776,1.581299,0.063252,0.040000
z_0161_610.853282.png,#d2b4de,5,190.166522,6.482950,0.259318,0.040000
z_0161_610.853282.png,#d35400,4,402.918831,13.735869,0.549435,0.040000
z_0161_610.853282.png,#d68910,2,337.078210,11.491303,0.459652,0.040000
z_0161_610.853282.png,#e59866,2,19.313708,0.658422,0.026337,0.040000
z_0161_610.853282.png,#e74c3c,2,119.396970,4.070351,0.162814,0.040000
z_0161_610.853282.png,#edbb99,5,399.646753,13.624321,0.544973,0.040000
z_0161_610.853282.png,#f1948a,2,99.396970,3.388533,0.135541,0.040000
z_0161_610.853282.png,#f58231,2,189.681241,6.466406,0.258656,0.040000
z_0161_610.853282.png,#f7dc6f,2,76.911688,2.621989,0.104880,0.040000
z_0161_610.853282.png,#f8c471,3,250.350288,8.534669,0.341387,0.040000
z_0161_610.853282.png,#fad7a0,5,244.693434,8.341822,0.333673,0.040000
z_0162_611.864865.png,#0e6251,1,60.284271,2.055146,0.082206,0.040000
z_0162_611.864865.png,#117a65,8,668.867099,22.802287,0.912091,0.040000
z_0162_611.864865.png,#145a32,3,140.710678,4.796955,0.191878,0.040000
z_0162_611.864865.png,#154360,4,322.007143,10.977516,0.439101,0.040000
z_0162_611.864865.png,#196f3d,6,388.575685,13.246898,0.529876,0.040000
z_0162_611.864865.png,#1b4f72,5,405.303607,13.817168,0.552687,0.040000
z_0162_611.864865.png,#2e4053,6,387.847763,13.222083,0.528883,0.040000
z_0162_611.864865.png,#2ecc71,4,110.568542,3.769382,0.150775,0.040000
z_0162_611.864865.png,#3b3b98,1,93.740115,3.195686,0.127827,0.040000
z_0162_611.864865.png,#45b39d,2,117.396970,4.002169,0.160087,0.040000
z_0162_611.864865.png,#48c9b0,5,322.391919,10.990634,0.439625,0.040000
z_0162_611.864865.png,#4a235a,8,583.612265,19.895873,0.795835,0.040000
z_0162_611.864865.png,#512e5f,4,277.521861,9.460973,0.378439,0.040000
z_0162_611.864865.png,#52be80,1,150.610173,5.134438,0.205378,0.040000
z_0162_611.864865.png,#5499c7,13,743.109740,25.333287,1.013331,0.040000
z_0162_611.864865.png,#73c6b6,1,44.384776,1.513117,0.060525,0.040000
z_0162_611.864865.png,#7b241c,2,107.497475,3.664687,0.146587,0.040000
z_0162_611.864865.png,#82e0aa,5,314.492424,10.721333,0.428853,0.040000
z_0162_611.864865.png,#85c1e9,4,422.132034,14.390865,0.575635,0.040000
z_0162_611.864865.png,#922b21,7,515.102597,17.560316,0.702413,0.040000
z_0162_611.864865.png,#9a7d0a,11,1185.869191,40.427359,1.617094,0.040000
z_0162_611.864865.png,#a2d9ce,2,9.656854,0.329211,0.013168,0.040000
z_0162_611.864865.png,#a3e4d7,13,135.396970,4.615806,0.184632,0.040000
z_0162_611.864865.png,#a9cce3,19,156.752309,5.343829,0.213753,0.040000
z_0162_611.864865.png,#af601a,7,404.575685,13.792353,0.551694,0.040000
z_0162_611.864865.png,#af7ac5,3,80.183766,2.733537,0.109341,0.040000
z_0162_611.864865.png,#b9770e,1,71.455844,2.435995,0.097440,0.040000
z_0162_611.864865.png,#cb4335,1,47.213203,1.609541,0.064382,0.040000
z_0162_611.864865.png,#d2b4de,5,195.338095,6.659253,0.266370,0.040000
z_0162_611.864865.png,#d35400,3,377.504617,12.869476,0.514779,0.040000
z_0162_611.864865.png,#d68910,3,322.835570,11.005758,0.440230,0.040000
z_0162_611.864865.png,#e74c3c,2,120.811183,4.118563,0.164743,0.040000
z_0162_611.864865.png,#edbb99,4,470.960461,16.055470,0.642219,0.040000
z_0162_611.864865.png,#f1948a,1,121.882251,4.155077,0.166203,0.040000
z_0162_611.864865.png,#f58231,2,179.681241,6.125497,0.245020,0.040000
z_0162_611.864865.png,#f7dc6f,3,82.325902,2.806565,0.112263,0.040000
z_0162_611.864865.png,#f8c471,3,254.735065,8.684150,0.347366,0.040000
z_0162_611.864865.png,#fad7a0,4,245.036580,8.353520,0.334141,0.040000
z_0163_612.876448.png,#0e6251,1,60.041631,2.046874,0.081875,0.040000
z_0163_612.876448.png,#117a65,8,657.310750,22.408321,0.896333,0.040000
z_0163_612.876448.png,#145a32,4,150.710678,5.137864,0.205515,0.040000
z_0163_612.876448.png,#154360,3,325.078210,11.082212,0.443288,0.040000
z_0163_612.876448.png,#196f3d,5,354.534055,12.086388,0.483456,0.040000
z_0163_612.876448.png,#1b4f72,5,394.190909,13.438326,0.537533,0.040000
z_0163_612.876448.png,#2e4053,6,383.261977,13.065749,0.522630,0.040000
z_0163_612.876448.png,#2ecc71,4,111.154329,3.789352,0.151574,0.040000
z_0163_612.876448.png,#3b3b98,1,99.740115,3.400231,0.136009,0.040000
z_0163_612.876448.png,#45b39d,2,114.811183,3.914018,0.156561,0.040000
z_0163_612.876448.png,#48c9b0,5,336.776695,11.481024,0.459241,0.040000
z_0163_612.876448.png,#4a235a,7,543.227489,18.519119,0.740765,0.040000
z_0163_612.876448.png,#512e5f,4,268.693434,9.160003,0.366400,0.040000
z_0163_612.876448.png,#52be80,1,149.438600,5.094498,0.203780,0.040000
z_0163_612.876448.png,#5499c7,13,674.683333,23.000568,0.920023,0.040000
z_0163_612.876448.png,#73c6b6,1,40.970563,1.396724,0.055869,0.040000
z_0163_612.876448.png,#7b241c,2,111.982756,3.817594,0.152704,0.040000
z_0163_612.876448.png,#82e0aa,4,299.521861,10.210973,0.408439,0.040000
z_0163_612.876448.png,#85c1e9,4,423.546248,14.439077,0.577563,0.040000
z_0163_612.876448.png,#922b21,7,502.901587,17.144372,0.685775,0.040000
z_0163_612.876448.png,#9a7d0a,12,1135.685425,38.716549,1.548662,0.040000
z_0163_612.876448.png,#a2d9ce,2,13.656854,0.465575,0.018623,0.040000
z_0163_612.876448.png,#a3e4d7,14,145.396970,4.956715,0.198269,0.040000
z_0163_612.876448.png,#a9cce3,20,179.480231,6.118644,0.244746,0.040000
z_0163_612.876448.png,#af601a,7,416.031529,14.182893,0.567316,0.040000
z_0163_612.876448.png,#af7ac5,2,62.870058,2.143297,0.085732,0.040000
z_0163_612.876448.png,#b9770e,1,76.870058,2.620570,0.104823,0.040000
z_0163_612.876448.png,#cb4335,1,46.041631,1.569601,0.062784,0.040000
z_0163_612.876448.png,#d2b4de,7,234.793939,8.004339,0.320174,0.040000
z_0163_612.876448.png,#d35400,3,364.190909,12.415599,0.496624,0.040000
z_0163_612.876448.png,#d68910,4,385.847763,13.153901,0.526156,0.040000
z_0163_612.876448.png,#e74c3c,2,122.811183,4.186745,0.167470,0.040000
z_0163_612.876448.png,#edbb99,5,514.901587,17.553463,0.702139,0.040000
z_0163_612.876448.png,#f1948a,1,130.468037,4.447774,0.177911,0.040000
z_0163_612.876448.png,#f58231,2,176.752309,6.025647,0.241026,0.040000
z_0163_612.876448.png,#f7dc6f,2,75.497475,2.573778,0.102951,0.040000
z_0163_612.876448.png,#f8c471,3,250.835570,8.551213,0.342049,0.040000
z_0163_612.876448.png,#fad7a0,4,243.036580,8.285338,0.331414,0.040000
z_0164_613.888031.png,#0e6251,1,61.112698,2.083387,0.083335,0.040000
z_0164_613.888031.png,#117a65,8,650.683333,22.182386,0.887295,0.040000
z_0164_613.888031.png,#145a32,4,160.124892,5.458803,0.218352,0.040000
z_0164_613.888031.png,#154360,3,326.391919,11.126997,0.445080,0.040000
z_0164_613.888031.png,#196f3d,5,350.977705,11.965149,0.478606,0.040000
z_0164_613.888031.png,#1b4f72,5,383.504617,13.074021,0.522961,0.040000
z_0164_613.888031.png,#2e4053,6,393.646753,13.419776,0.536791,0.040000
z_0164_613.888031.png,#2ecc71,5,156.024387,5.319013,0.212761,0.040000
z_0164_613.888031.png,#3b3b98,1,91.840620,3.130930,0.125237,0.040000
z_0164_613.888031.png,#45b39d,2,113.882251,3.882349,0.155294,0.040000
z_0164_613.888031.png,#48c9b0,5,319.362482,10.887357,0.435494,0.040000
z_0164_613.888031.png,#4a235a,7,521.428499,17.775972,0.711039,0.040000
z_0164_613.888031.png,#512e5f,3,171.580736,5.849343,0.233974,0.040000
z_0164_613.888031.png,#52be80,1,146.267027,4.986376,0.199455,0.040000
z_0164_613.888031.png,#5499c7,11,646.156421,22.028060,0.881122,0.040000
z_0164_613.888031.png,#73c6b6,1,38.970563,1.328542,0.053142,0.040000
z_0164_613.888031.png,#7b241c,2,116.568542,3.973928,0.158957,0.040000
z_0164_613.888031.png,#82e0aa,3,273.521861,9.324609,0.372984,0.040000
z_0164_613.888031.png,#85c1e9,4,409.445743,13.958378,0.558335,0.040000
z_0164_613.888031.png,#922b21,9,455.587878,15.531405,0.621256,0.040000
z_0164_613.888031.png,#9a7d0a,13,1183.040764,40.330935,1.613237,0.040000
z_0164_613.888031.png,#a2d9ce,3,10.485281,0.357453,0.014298,0.040000
z_0164_613.888031.png,#a3e4d7,10,78.911688,2.690171,0.107607,0.040000
z_0164_613.888031.png,#a9cce3,17,179.580736,6.122071,0.244883,0.040000
z_0164_613.888031.png,#af601a,7,442.558441,15.087220,0.603489,0.040000
z_0164_613.888031.png,#af7ac5,2,65.698485,2.239721,0.089589,0.040000
z_0164_613.888031.png,#b9770e,1,81.698485,2.785176,0.111407,0.040000
z_0164_613.888031.png,#cb4335,1,43.798990,1.493147,0.059726,0.040000
z_0164_613.888031.png,#d2b4de,4,292.977705,9.987876,0.399515,0.040000
z_0164_613.888031.png,#d35400,3,361.563492,12.326028,0.493041,0.040000
z_0164_613.888031.png,#d68910,5,365.462987,12.458965,0.498359,0.040000
z_0164_613.888031.png,#e74c3c,3,161.882251,5.518713,0.220749,0.040000
z_0164_613.888031.png,#edbb99,4,329.320851,11.226847,0.449074,0.040000
z_0164_613.888031.png,#f1948a,1,139.882251,4.768713,0.190749,0.040000
z_0164_613.888031.png,#f58231,2,167.338095,5.704708,0.228188,0.040000
z_0164_613.888031.png,#f7dc6f,2,85.396970,2.911260,0.116450,0.040000
z_0164_613.888031.png,#f8c471,3,254.492424,8.675878,0.347035,0.040000
z_0164_613.888031.png,#fad7a0,5,235.379726,8.024309,0.320972,0.040000
z_0165_614.899614.png,#0e6251,1,61.112698,2.083387,0.083335,0.040000
z_0165_614.899614.png,#117a65,8,631.511760,21.528810,0.861152,0.040000
z_0165_614.899614.png,#145a32,4,176.852814,6.029073,0.241163,0.040000
z_0165_614.899614.png,#154360,3,323.806133,11.038845,0.441554,0.040000
z_0165_614.899614.png,#196f3d,5,373.261977,12.724840,0.508994,0.040000
z_0165_614.899614.png,#1b4f72,6,400.575685,13.655989,0.546240,0.040000
z_0165_614.899614.png,#2e4053,6,404.333044,13.784081,0.551363,0.040000
z_0165_614.899614.png,#2ecc71,5,170.610173,5.816256,0.232650,0.040000
z_0165_614.899614.png,#3b3b98,1,86.669048,2.954627,0.118185,0.040000
z_0165_614.899614.png,#45b39d,2,110.325902,3.761110,0.150444,0.040000
z_0165_614.899614.png,#48c9b0,6,310.249783,10.576697,0.423068,0.040000
z_0165_614.899614.png,#4a235a,9,524.215295,17.870976,0.714839,0.040000
z_0165_614.899614.png,#512e5f,3,163.296465,5.566925,0.222677,0.040000
z_0165_614.899614.png,#52be80,1,152.509668,5.199193,0.207968,0.040000
z_0165_614.899614.png,#5499c7,10,620.499567,21.153394,0.846136,0.040000
z_0165_614.899614.png,#73c6b6,1,36.970563,1.260360,0.050414,0.040000
z_0165_614.899614.png,#7b241c,2,121.982756,4.158503,0.166340,0.040000
z_0165_614.899614.png,#82e0aa,3,259.521861,8.847336,0.353893,0.040000
z_0165_614.899614.png,#85c1e9,4,407.546248,13.893622,0.555745,0.040000
z_0165_614.899614.png,#922b21,7,404.031529,13.773802,0.550952,0.040000
z_0165_614.899614.png,#9a7d0a,10,1177.584920,40.144940,1.605798,0.040000
z_0165_614.899614.png,#a2d9ce,1,4.828427,0.164605,0.006584,0.040000
z_0165_614.899614.png,#a3e4d7,11,98.325902,3.352019,0.134081,0.040000
z_0165_614.899614.png,#a9cce3,17,170.066017,5.797705,0.231908,0.040000
z_0165_614.899614.png,#af601a,7,497.671140,16.966062,0.678642,0.040000
z_0165_614.899614.png,#af7ac5,2,65.455844,2.231449,0.089258,0.040000
z_0165_614.899614.png,#b9770e,1,84.769553,2.889871,0.115595,0.040000
z_0165_614.899614.png,#cb4335,1,48.041631,1.637783,0.065511,0.040000
z_0165_614.899614.png,#d2b4de,4,288.007143,9.818425,0.392737,0.040000
z_0165_614.899614.png,#d35400,3,350.977705,11.965149,0.478606,0.040000
z_0165_614.899614.png,#d68910,4,347.705627,11.853601,0.474144,0.040000
z_0165_614.899614.png,#e74c3c,3,179.095454,6.105527,0.244221,0.040000
z_0165_614.899614.png,#edbb99,6,707.494516,24.119131,0.964765,0.040000
z_0165_614.899614.png,#f1948a,1,156.610173,5.338983,0.213559,0.040000
z_0165_614.899614.png,#f58231,2,160.024387,5.455377,0.218215,0.040000
z_0165_614.899614.png,#f7dc6f,2,57.597980,1.963567,0.078543,0.040000
z_0165_614.899614.png,#f8c471,3,254.592929,8.679304,0.347172,0.040000
z_0165_614.899614.png,#fad7a0,5,245.379726,8.365218,0.334609,0.040000
z_0166_615.911197.png,#0e6251,1,61.355339,2.091659,0.083666,0.040000
z_0166_615.911197.png,#117a65,8,584.055916,19.910997,0.796440,0.040000
z_0166_615.911197.png,#145a32,4,184.852814,6.301800,0.252072,0.040000
z_0166_615.911197.png,#154360,3,326.291414,11.123571,0.444943,0.040000
z_0166_615.911197.png,#196f3d,5,387.060967,13.195260,0.527810,0.040000
z_0166_615.911197.png,#1b4f72,6,399.261977,13.611204,0.544448,0.040000
z_0166_615.911197.png,#2e4053,6,449.546248,15.325440,0.613018,0.040000
z_0166_615.911197.png,#2ecc71,5,175.195959,5.972590,0.238904,0.040000
z_0166_615.911197.png,#3b3b98,1,75.597980,2.577204,0.103088,0.040000
z_0166_615.911197.png,#45b39d,2,107.982756,3.681230,0.147249,0.040000
z_0166_615.911197.png,#48c9b0,5,269.521861,9.188245,0.367530,0.040000
z_0166_615.911197.png,#4a235a,11,586.499567,19.994303,0.799772,0.040000
z_0166_615.911197.png,#512e5f,3,157.781746,5.378923,0.215157,0.040000
z_0166_615.911197.png,#52be80,1,150.509668,5.131011,0.205240,0.040000
z_0166_615.911197.png,#5499c7,7,656.198052,22.370388,0.894816,0.040000
z_0166_615.911197.png,#73c6b6,1,39.798990,1.356784,0.054271,0.040000
z_0166_615.911197.png,#7b241c,1,120.811183,4.118563,0.164743,0.040000
z_0166_615.911197.png,#82e0aa,3,247.137085,8.425128,0.337005,0.040000
z_0166_615.911197.png,#85c1e9,4,397.788889,13.560985,0.542439,0.040000
z_0166_615.911197.png,#922b21,6,389.404112,13.275140,0.531006,0.040000
z_0166_615.911197.png,#9a7d0a,10,1128.330086,38.465798,1.538632,0.040000
z_0166_615.911197.png,#a2d9ce,2,5.656854,0.192847,0.007714,0.040000
z_0166_615.911197.png,#a3e4d7,10,94.325902,3.215656,0.128626,0.040000
z_0166_615.911197.png,#a9cce3,10,151.195959,5.154408,0.206176,0.040000
z_0166_615.911197.png,#af601a,4,505.327994,17.227091,0.689084,0.040000
z_0166_615.911197.png,#af7ac5,2,66.870058,2.279661,0.091186,0.040000
z_0166_615.911197.png,#b9770e,1,85.355339,2.909841,0.116394,0.040000
z_0166_615.911197.png,#cb4335,1,51.455844,1.754177,0.070167,0.040000
z_0166_615.911197.png,#d2b4de,4,282.350288,9.625578,0.385023,0.040000
z_0166_615.911197.png,#d35400,3,342.977705,11.692422,0.467697,0.040000
z_0166_615.911197.png,#d68910,4,326.877200,11.143541,0.445742,0.040000
z_0166_615.911197.png,#e74c3c,3,186.994949,6.374828,0.254993,0.040000
z_0166_615.911197.png,#edbb99,8,711.494516,24.255495,0.970220,0.040000
z_0166_615.911197.png,#f1948a,2,154.953319,5.282500,0.211300,0.040000
z_0166_615.911197.png,#f58231,2,151.539105,5.166106,0.206644,0.040000
z_0166_615.911197.png,#f7dc6f,2,57.012193,1.943597,0.077744,0.040000
z_0166_615.911197.png,#f8c471,4,229.379726,7.819763,0.312791,0.040000
z_0166_615.911197.png,#fad7a0,5,247.379726,8.433400,0.337336,0.040000
z_0167_616.922780.png,#0e6251,1,61.698485,2.103357,0.084134,0.040000
z_0167_616.922780.png,#117a65,8,554.114790,18.890277,0.755611,0.040000
z_0167_616.922780.png,#145a32,4,218.308658,7.442341,0.297694,0.040000
z_0167_616.922780.png,#154360,4,341.019336,11.625659,0.465026,0.040000
z_0167_616.922780.png,#196f3d,4,393.889394,13.428048,0.537122,0.040000
z_0167_616.922780.png,#1b4f72,6,395.261977,13.474840,0.538994,0.040000
z_0167_616.922780.png,#2e4053,5,454.475180,15.493472,0.619739,0.040000
z_0167_616.922780.png,#2ecc71,4,168.024387,5.728104,0.229124,0.040000
z_0167_616.922780.png,#3b3b98,1,66.769553,2.276235,0.091049,0.040000
z_0167_616.922780.png,#45b39d,2,115.396970,3.933988,0.157360,0.040000
z_0167_616.922780.png,#48c9b0,4,287.421356,9.798455,0.391938,0.040000
z_0167_616.922780.png,#4a235a,10,639.168614,21.789839,0.871594,0.040000
z_0167_616.922780.png,#512e5f,3,152.953319,5.214318,0.208573,0.040000
z_0167_616.922780.png,#52be80,1,149.338095,5.091071,0.203643,0.040000
z_0167_616.922780.png,#5499c7,8,679.612265,23.168600,0.926744,0.040000
z_0167_616.922780.png,#73c6b6,1,36.727922,1.252088,0.050084,0.040000
z_0167_616.922780.png,#7b241c,1,114.225397,3.894048,0.155762,0.040000
z_0167_616.922780.png,#82e0aa,3,227.237590,7.746736,0.309869,0.040000
z_0167_616.922780.png,#85c1e9,4,390.717821,13.319926,0.532797,0.040000
z_0167_616.922780.png,#922b21,6,378.676190,12.909416,0.516377,0.040000
z_0167_616.922780.png,#9a7d0a,12,1055.702669,35.989864,1.439595,0.040000
z_0167_616.922780.png,#a2d9ce,1,4.828427,0.164605,0.006584,0.040000
z_0167_616.922780.png,#a3e4d7,7,86.669048,2.954627,0.118185,0.040000
z_0167_616.922780.png,#a9cce3,19,193.237590,6.587645,0.263506,0.040000
z_0167_616.922780.png,#af601a,4,511.529004,17.438489,0.697540,0.040000
z_0167_616.922780.png,#af7ac5,2,71.355339,2.432568,0.097303,0.040000
z_0167_616.922780.png,#b9770e,1,87.597980,2.986295,0.119452,0.040000
z_0167_616.922780.png,#cb4335,1,53.455844,1.822358,0.072894,0.040000
z_0167_616.922780.png,#d2b4de,5,282.936075,9.645548,0.385822,0.040000
z_0167_616.922780.png,#d35400,3,342.977705,11.692422,0.467697,0.040000
z_0167_616.922780.png,#d68910,4,309.462987,10.549875,0.421995,0.040000
z_0167_616.922780.png,#e74c3c,3,192.166522,6.551131,0.262045,0.040000
z_0167_616.922780.png,#edbb99,7,712.423448,24.287163,0.971487,0.040000
z_0167_616.922780.png,#f1948a,2,83.112698,2.833387,0.113335,0.040000
z_0167_616.922780.png,#f58231,2,146.124892,4.981530,0.199261,0.040000
z_0167_616.922780.png,#f7dc6f,2,57.355339,1.955296,0.078212,0.040000
z_0167_616.922780.png,#f8c471,4,225.965512,7.703370,0.308135,0.040000
z_0167_616.922780.png,#fad7a0,5,235.480231,8.027735,0.321109,0.040000
z_0168_617.934363.png,#0e6251,1,61.112698,2.083387,0.083335,0.040000
z_0168_617.934363.png,#117a65,10,578.600072,19.725002,0.789000,0.040000
z_0168_617.934363.png,#145a32,4,233.965512,7.976097,0.319044,0.040000
z_0168_617.934363.png,#154360,4,404.575685,13.792353,0.551694,0.040000
z_0168_617.934363.png,#196f3d,4,417.688384,14.239377,0.569575,0.040000
z_0168_617.934363.png,#1b4f72,6,388.776695,13.253751,0.530150,0.040000
z_0168_617.934363.png,#2e4053,5,453.889394,15.473502,0.618940,0.040000
z_0168_617.934363.png,#2ecc71,4,166.267027,5.668194,0.226728,0.040000
z_0168_617.934363.png,#3b3b98,3,105.982756,3.613049,0.144522,0.040000
z_0168_617.934363.png,#45b39d,2,124.568542,4.246655,0.169866,0.040000
z_0168_617.934363.png,#48c9b0,4,298.391919,10.172452,0.406898,0.040000
z_0168_617.934363.png,#4a235a,9,609.085353,20.764273,0.830571,0.040000
z_0168_617.934363.png,#512e5f,3,149.053824,5.081380,0.203255,0.040000
z_0168_617.934363.png,#52be80,1,149.338095,5.091071,0.203643,0.040000
z_0168_617.934363.png,#5499c7,10,638.298557,21.760178,0.870407,0.040000
z_0168_617.934363.png,#73c6b6,1,35.556349,1.212148,0.048486,0.040000
z_0168_617.934363.png,#7b241c,1,107.639610,3.669532,0.146781,0.040000
z_0168_617.934363.png,#82e0aa,3,214.651804,7.317675,0.292707,0.040000
z_0168_617.934363.png,#85c1e9,4,394.475180,13.448018,0.537921,0.040000
z_0168_617.934363.png,#922b21,6,376.090404,12.821264,0.512851,0.040000
z_0168_617.934363.png,#9a7d0a,12,979.619408,33.396116,1.335845,0.040000
z_0168_617.934363.png,#a2d9ce,2,11.656854,0.397393,0.015896,0.040000
z_0168_617.934363.png,#a3e4d7,10,88.911688,3.031080,0.121243,0.040000
z_0168_617.934363.png,#a9cce3,15,194.409163,6.627585,0.265103,0.040000
z_0168_617.934363.png,#af601a,3,498.943218,17.009428,0.680377,0.040000
z_0168_617.934363.png,#af7ac5,2,79.597980,2.713567,0.108543,0.040000
z_0168_617.934363.png,#b9770e,1,89.254834,3.042778,0.121711,0.040000
z_0168_617.934363.png,#cb4335,1,54.627417,1.862298,0.074492,0.040000
z_0168_617.934363.png,#d2b4de,6,272.693434,9.296367,0.371855,0.040000
z_0168_617.934363.png,#d35400,3,344.048773,11.728935,0.469157,0.040000
z_0168_617.934363.png,#d68910,4,298.735065,10.184150,0.407366,0.040000
z_0168_617.934363.png,#e74c3c,3,196.752309,6.707465,0.268299,0.040000
z_0168_617.934363.png,#edbb99,7,705.210245,24.041258,0.961650,0.040000
z_0168_617.934363.png,#f1948a,1,63.455844,2.163267,0.086531,0.040000
z_0168_617.934363.png,#f58231,2,141.053824,4.808653,0.192346,0.040000
z_0168_617.934363.png,#f7dc6f,2,54.526912,1.858872,0.074355,0.040000
z_0168_617.934363.png,#f8c471,4,169.681241,5.784588,0.231384,0.040000
z_0168_617.934363.png,#fad7a0,5,208.509668,7.108284,0.284331,0.040000
z_0169_618.945946.png,#0e6251,1,61.112698,2.083387,0.083335,0.040000
z_0169_618.945946.png,#117a65,10,578.256926,19.713304,0.788532,0.040000
z_0169_618.945946.png,#145a32,4,234.551299,7.996067,0.319843,0.040000
z_0169_618.945946.png,#154360,5,408.232539,13.917018,0.556681,0.040000
z_0169_618.945946.png,#196f3d,4,418.274170,14.259347,0.570374,0.040000
z_0169_618.945946.png,#1b4f72,6,388.776695,13.253751,0.530150,0.040000
z_0169_618.945946.png,#2e4053,5,452.232539,15.417018,0.616681,0.040000
z_0169_618.945946.png,#2ecc71,4,166.267027,5.668194,0.226728,0.040000
z_0169_618.945946.png,#3b3b98,3,108.811183,3.709472,0.148379,0.040000
z_0169_618.945946.png,#45b39d,2,124.568542,4.246655,0.169866,0.040000
z_0169_618.945946.png,#48c9b0,4,298.391919,10.172452,0.406898,0.040000
z_0169_618.945946.png,#4a235a,9,610.742207,20.820757,0.832830,0.040000
z_0169_618.945946.png,#512e5f,3,149.882251,5.109622,0.204385,0.040000
z_0169_618.945946.png,#52be80,1,149.580736,5.099343,0.203974,0.040000
z_0169_618.945946.png,#5499c7,10,639.126984,21.788420,0.871537,0.040000
z_0169_618.945946.png,#73c6b6,1,35.556349,1.212148,0.048486,0.040000
z_0169_618.945946.png,#7b241c,1,107.053824,3.649562,0.145982,0.040000
z_0169_618.945946.png,#82e0aa,3,215.480231,7.345917,0.293837,0.040000
z_0169_618.945946.png,#85c1e9,4,394.475180,13.448018,0.537921,0.040000
z_0169_618.945946.png,#922b21,6,375.504617,12.801294,0.512052,0.040000
z_0169_618.945946.png,#9a7d0a,12,979.376767,33.387844,1.335514,0.040000
z_0169_618.945946.png,#a2d9ce,1,8.828427,0.300969,0.012039,0.040000
z_0169_618.945946.png,#a3e4d7,10,86.669048,2.954627,0.118185,0.040000
z_0169_618.945946.png,#a9cce3,15,194.409163,6.627585,0.265103,0.040000
z_0169_618.945946.png,#af601a,3,498.357431,16.989458,0.679578,0.040000
z_0169_618.945946.png,#af7ac5,2,80.426407,2.741809,0.109672,0.040000
z_0169_618.945946.png,#b9770e,1,88.669048,3.022808,0.120912,0.040000
z_0169_618.945946.png,#cb4335,1,54.627417,1.862298,0.074492,0.040000
z_0169_618.945946.png,#d2b4de,6,272.107648,9.276397,0.371056,0.040000
z_0169_618.945946.png,#d35400,3,341.220346,11.632512,0.465300,0.040000
z_0169_618.945946.png,#d68910,4,299.563492,10.212392,0.408496,0.040000
z_0169_618.945946.png,#e74c3c,3,199.823376,6.812161,0.272486,0.040000
z_0169_618.945946.png,#edbb99,7,702.867099,23.961378,0.958455,0.040000
z_0169_618.945946.png,#f1948a,1,63.455844,2.163267,0.086531,0.040000
z_0169_618.945946.png,#f58231,2,140.468037,4.788683,0.191547,0.040000
z_0169_618.945946.png,#f7dc6f,2,51.698485,1.762448,0.070498,0.040000
z_0169_618.945946.png,#f8c471,4,172.509668,5.881011,0.235240,0.040000
z_0169_618.945946.png,#fad7a0,5,207.580736,7.076616,0.283065,0.040000
z_0170_619.957529.png,#0e6251,1,58.870058,2.006934,0.080277,0.040000
z_0170_619.957529.png,#117a65,7,530.073160,18.070676,0.722827,0.040000
z_0170_619.957529.png,#145a32,4,255.379726,8.706127,0.348245,0.040000
z_0170_619.957529.png,#154360,3,470.658946,16.045191,0.641808,0.040000
z_0170_619.957529.png,#196f3d,4,439.144228,14.970826,0.598833,0.040000
z_0170_619.957529.png,#1b4f72,5,374.877200,12.779905,0.511196,0.040000
z_0170_619.957529.png,#2e4053,5,463.445743,15.799287,0.631971,0.040000
z_0170_619.957529.png,#2ecc71,2,46.627417,1.589571,0.063583,0.040000
z_0170_619.957529.png,#3b3b98,3,106.325902,3.624747,0.144990,0.040000
z_0170_619.957529.png,#45b39d,2,123.254834,4.201869,0.168075,0.040000
z_0170_619.957529.png,#48c9b0,4,302.391919,10.308815,0.412353,0.040000
z_0170_619.957529.png,#4a235a,9,551.185858,18.790427,0.751617,0.040000
z_0170_619.957529.png,#512e5f,3,145.296465,4.953289,0.198132,0.040000
z_0170_619.957529.png,#52be80,2,168.166522,5.732950,0.229318,0.040000
z_0170_619.957529.png,#5499c7,7,512.073160,17.457040,0.698282,0.040000
z_0170_619.957529.png,#73c6b6,1,38.384776,1.308572,0.052343,0.040000
z_0170_619.957529.png,#7b241c,1,97.154329,3.312079,0.132483,0.040000
z_0170_619.957529.png,#82e0aa,2,214.994949,7.329373,0.293175,0.040000
z_0170_619.957529.png,#85c1e9,4,318.190909,10.847417,0.433897,0.040000
z_0170_619.957529.png,#922b21,6,367.261977,12.520295,0.500812,0.040000
z_0170_619.957529.png,#9a7d0a,11,811.879292,27.677703,1.107108,0.040000
z_0170_619.957529.png,#a2d9ce,1,2.828427,0.096424,0.003857,0.040000
z_0170_619.957529.png,#a3e4d7,8,81.840620,2.790021,0.111601,0.040000
z_0170_619.957529.png,#a9cce3,6,135.639610,4.624078,0.184963,0.040000
z_0170_619.957529.png,#af601a,4,397.161472,13.539596,0.541584,0.040000
z_0170_619.957529.png,#af7ac5,2,78.426407,2.673628,0.106945,0.040000
z_0170_619.957529.png,#b9770e,1,92.669048,3.159172,0.126367,0.040000
z_0170_619.957529.png,#cb4335,1,55.213203,1.882268,0.075291,0.040000
z_0170_619.957529.png,#d2b4de,5,219.338095,7.477435,0.299097,0.040000
z_0170_619.957529.png,#d35400,1,293.764502,10.014699,0.400588,0.040000
z_0170_619.957529.png,#d68910,4,272.350288,9.284669,0.371387,0.040000
z_0170_619.957529.png,#e74c3c,3,215.480231,7.345917,0.293837,0.040000
z_0170_619.957529.png,#edbb99,7,619.612265,21.123145,0.844926,0.040000
z_0170_619.957529.png,#f58231,2,137.296465,4.680561,0.187222,0.040000
z_0170_619.957529.png,#f7dc6f,2,45.213203,1.541359,0.061654,0.040000
z_0170_619.957529.png,#f8c471,3,158.852814,5.415437,0.216617,0.040000
z_0170_619.957529.png,#fad7a0,4,178.852814,6.097255,0.243890,0.040000
z_0171_620.969112.png,#0e6251,1,58.870058,2.006934,0.080277,0.040000
z_0171_620.969112.png,#117a65,7,532.658946,18.158828,0.726353,0.040000
z_0171_620.969112.png,#145a32,4,255.379726,8.706127,0.348245,0.040000
z_0171_620.969112.png,#154360,3,467.002092,15.920526,0.636821,0.040000
z_0171_620.969112.png,#196f3d,4,441.144228,15.039008,0.601560,0.040000
z_0171_620.969112.png,#1b4f72,5,380.291414,12.964480,0.518579,0.040000
z_0171_620.969112.png,#2e4053,5,461.445743,15.731105,0.629244,0.040000
z_0171_620.969112.png,#2ecc71,2,46.627417,1.589571,0.063583,0.040000
z_0171_620.969112.png,#3b3b98,3,106.325902,3.624747,0.144990,0.040000
z_0171_620.969112.png,#45b39d,2,124.083261,4.230111,0.169204,0.040000
z_0171_620.969112.png,#48c9b0,4,301.563492,10.280574,0.411223,0.040000
z_0171_620.969112.png,#4a235a,9,550.600072,18.770457,0.750818,0.040000
z_0171_620.969112.png,#512e5f,3,145.882251,4.973259,0.198930,0.040000
z_0171_620.969112.png,#52be80,2,166.166522,5.664768,0.226591,0.040000
z_0171_620.969112.png,#5499c7,7,507.830519,17.312404,0.692496,0.040000
z_0171_620.969112.png,#73c6b6,1,37.556349,1.280330,0.051213,0.040000
z_0171_620.969112.png,#7b241c,1,97.154329,3.312079,0.132483,0.040000
z_0171_620.969112.png,#82e0aa,2,216.166522,7.369313,0.294773,0.040000
z_0171_620.969112.png,#85c1e9,4,319.605122,10.895629,0.435825,0.040000
z_0171_620.969112.png,#922b21,6,367.847763,12.540265,0.501611,0.040000
z_0171_620.969112.png,#9a7d0a,11,815.293506,27.794097,1.111764,0.040000
z_0171_620.969112.png,#a2d9ce,1,2.828427,0.096424,0.003857,0.040000
z_0171_620.969112.png,#a3e4d7,8,83.840620,2.858203,0.114328,0.040000
z_0171_620.969112.png,#a9cce3,8,149.296465,5.089652,0.203586,0.040000
z_0171_620.969112.png,#af601a,4,396.818326,13.527897,0.541116,0.040000
z_0171_620.969112.png,#af7ac5,2,77.597980,2.645386,0.105815,0.040000
z_0171_620.969112.png,#b9770e,1,92.669048,3.159172,0.126367,0.040000
z_0171_620.969112.png,#cb4335,1,55.213203,1.882268,0.075291,0.040000
z_0171_620.969112.png,#d2b4de,5,219.095454,7.469163,0.298767,0.040000
z_0171_620.969112.png,#d35400,1,301.421356,10.275728,0.411029,0.040000
z_0171_620.969112.png,#d68910,4,274.350288,9.352851,0.374114,0.040000
z_0171_620.969112.png,#e74c3c,3,213.823376,7.289433,0.291577,0.040000
z_0171_620.969112.png,#edbb99,7,621.612265,21.191327,0.847653,0.040000
z_0171_620.969112.png,#f58231,2,137.882251,4.700531,0.188021,0.040000
z_0171_620.969112.png,#f7dc6f,2,45.213203,1.541359,0.061654,0.040000
z_0171_620.969112.png,#f8c471,3,159.681241,5.443679,0.217747,0.040000
z_0171_620.969112.png,#fad7a0,4,179.438600,6.117225,0.244689,0.040000
z_0172_621.980695.png,#0e6251,1,59.112698,2.015206,0.080608,0.040000
z_0172_621.980695.png,#117a65,6,457.788889,15.606439,0.624258,0.040000
z_0172_621.980695.png,#145a32,4,274.107648,9.344579,0.373783,0.040000
z_0172_621.980695.png,#154360,2,690.967604,23.555714,0.942229,0.040000
z_0172_621.980695.png,#196f3d,6,528.943218,18.032155,0.721286,0.040000
z_0172_621.980695.png,#1b4f72,7,642.340187,21.897961,0.875918,0.040000
z_0172_621.980695.png,#2e4053,5,485.587878,16.554132,0.662165,0.040000
z_0172_621.980695.png,#2ecc71,2,60.870058,2.075116,0.083005,0.040000
z_0172_621.980695.png,#3b3b98,4,215.580736,7.349343,0.293974,0.040000
z_0172_621.980695.png,#45b39d,5,354.534055,12.086388,0.483456,0.040000
z_0172_621.980695.png,#48c9b0,7,374.918831,12.781324,0.511253,0.040000
z_0172_621.980695.png,#4a235a,6,241.036580,8.217156,0.328686,0.040000
z_0172_621.980695.png,#512e5f,3,140.225397,4.780411,0.191216,0.040000
z_0172_621.980695.png,#52be80,4,195.580736,6.667525,0.266701,0.040000
z_0172_621.980695.png,#5499c7,5,289.421356,9.866637,0.394665,0.040000
z_0172_621.980695.png,#73c6b6,1,36.384776,1.240390,0.049616,0.040000
z_0172_621.980695.png,#7b241c,1,65.941125,2.247993,0.089920,0.040000
z_0172_621.980695.png,#82e0aa,2,184.994949,6.306646,0.252266,0.040000
z_0172_621.980695.png,#85c1e9,4,268.450793,9.151732,0.366069,0.040000
z_0172_621.980695.png,#922b21,5,266.693434,9.091822,0.363673,0.040000
z_0172_621.980695.png,#9a7d0a,12,727.896536,24.814655,0.992586,0.040000
z_0172_621.980695.png,#a2d9ce,11,49.112698,1.674297,0.066972,0.040000
z_0172_621.980695.png,#a3e4d7,6,62.526912,2.131599,0.085264,0.040000
z_0172_621.980695.png,#a9cce3,12,165.923882,5.656496,0.226260,0.040000
z_0172_621.980695.png,#af601a,3,237.379726,8.092491,0.323700,0.040000
z_0172_621.980695.png,#af7ac5,2,74.669048,2.545536,0.101821,0.040000
z_0172_621.980695.png,#b9770e,1,100.325902,3.420201,0.136808,0.040000
z_0172_621.980695.png,#cb4335,1,59.698485,2.035176,0.081407,0.040000
z_0172_621.980695.png,#d2b4de,4,171.296465,5.839652,0.233586,0.040000
z_0172_621.980695.png,#d35400,2,322.634560,10.998905,0.439956,0.040000
z_0172_621.980695.png,#d68910,3,216.894444,7.394129,0.295765,0.040000
z_0172_621.980695.png,#e74c3c,3,238.693434,8.137276,0.325491,0.040000
z_0172_621.980695.png,#edbb99,8,587.671140,20.034243,0.801370,0.040000
z_0172_621.980695.png,#f58231,2,154.953319,5.282500,0.211300,0.040000
z_0172_621.980695.png,#f8c471,1,67.941125,2.316175,0.092647,0.040000
z_0172_621.980695.png,#fad7a0,3,141.781746,4.833469,0.193339,0.040000
z_0173_622.992278.png,#0e6251,1,59.112698,2.015206,0.080608,0.040000
z_0173_622.992278.png,#117a65,6,459.788889,15.674621,0.626985,0.040000
z_0173_622.992278.png,#145a32,4,275.865007,9.404489,0.376180,0.040000
z_0173_622.992278.png,#154360,2,680.724963,23.206533,0.928261,0.040000
z_0173_622.992278.png,#196f3d,6,532.114790,18.140277,0.725611,0.040000
z_0173_622.992278.png,#1b4f72,6,643.754401,21.946173,0.877847,0.040000
z_0173_622.992278.png,#2e4053,5,485.688384,16.557559,0.662302,0.040000
z_0173_622.992278.png,#2ecc71,2,60.870058,2.075116,0.083005,0.040000
z_0173_622.992278.png,#3b3b98,4,214.752309,7.321101,0.292844,0.040000
z_0173_622.992278.png,#45b39d,5,352.534055,12.018206,0.480728,0.040000
z_0173_622.992278.png,#48c9b0,7,376.918831,12.849506,0.513980,0.040000
z_0173_622.992278.png,#4a235a,6,241.036580,8.217156,0.328686,0.040000
z_0173_622.992278.png,#512e5f,3,140.468037,4.788683,0.191547,0.040000
z_0173_622.992278.png,#52be80,4,196.166522,6.687495,0.267500,0.040000
z_0173_622.992278.png,#5499c7,5,291.421356,9.934819,0.397393,0.040000
z_0173_622.992278.png,#73c6b6,1,36.384776,1.240390,0.049616,0.040000
z_0173_622.992278.png,#7b241c,1,66.769553,2.276235,0.091049,0.040000
z_0173_622.992278.png,#82e0aa,2,184.409163,6.286676,0.251467,0.040000
z_0173_622.992278.png,#85c1e9,4,269.279221,9.179973,0.367199,0.040000
z_0173_622.992278.png,#922b21,5,270.350288,9.216487,0.368659,0.040000
z_0173_622.992278.png,#9a7d0a,12,727.310750,24.794685,0.991787,0.040000
z_0173_622.992278.png,#a2d9ce,10,44.284271,1.509691,0.060388,0.040000
z_0173_622.992278.png,#a3e4d7,7,63.355339,2.159841,0.086394,0.040000
z_0173_622.992278.png,#a9cce3,12,169.681241,5.784588,0.231384,0.040000
z_0173_622.992278.png,#af601a,3,234.551299,7.996067,0.319843,0.040000
z_0173_622.992278.png,#af7ac5,2,74.669048,2.545536,0.101821,0.040000
z_0173_622.992278.png,#b9770e,1,100.568542,3.428473,0.137139,0.040000
z_0173_622.992278.png,#cb4335,1,59.112698,2.015206,0.080608,0.040000
z_0173_622.992278.png,#d2b4de,4,173.053824,5.899562,0.235982,0.040000
z_0173_622.992278.png,#d35400,2,324.877200,11.075359,0.443014,0.040000
z_0173_622.992278.png,#d68910,3,216.894444,7.394129,0.295765,0.040000
z_0173_622.992278.png,#e74c3c,3,238.936075,8.145548,0.325822,0.040000
z_0173_622.992278.png,#edbb99,8,587.085353,20.014273,0.800571,0.040000
z_0173_622.992278.png,#f58231,2,155.781746,5.310741,0.212430,0.040000
z_0173_622.992278.png,#f8c471,1,67.112698,2.287933,0.091517,0.040000
z_0173_622.992278.png,#fad7a0,3,142.367532,4.853439,0.194138,0.040000
z_0174_624.003861.png,#0e6251,1,59.112698,2.015206,0.080608,0.040000
z_0174_624.003861.png,#117a65,6,457.788889,15.606439,0.624258,0.040000
z_0174_624.003861.png,#145a32,4,277.521861,9.460973,0.378439,0.040000
z_0174_624.003861.png,#154360,2,690.139177,23.527472,0.941099,0.040000
z_0174_624.003861.png,#196f3d,6,531.771645,18.128579,0.725143,0.040000
z_0174_624.003861.png,#1b4f72,6,644.925974,21.986113,0.879445,0.040000
z_0174_624.003861.png,#2e4053,5,484.274170,16.509347,0.660374,0.040000
z_0174_624.003861.png,#2ecc71,2,60.870058,2.075116,0.083005,0.040000
z_0174_624.003861.png,#3b3b98,4,215.580736,7.349343,0.293974,0.040000
z_0174_624.003861.png,#45b39d,5,352.190909,12.006508,0.480260,0.040000
z_0174_624.003861.png,#48c9b0,7,378.333044,12.897717,0.515909,0.040000
z_0174_624.003861.png,#4a235a,6,239.622366,8.168944,0.326758,0.040000
z_0174_624.003861.png,#512e5f,3,141.053824,4.808653,0.192346,0.040000
z_0174_624.003861.png,#52be80,4,195.580736,6.667525,0.266701,0.040000
z_0174_624.003861.png,#5499c7,5,290.007143,9.886607,0.395464,0.040000
z_0174_624.003861.png,#73c6b6,1,36.384776,1.240390,0.049616,0.040000
z_0174_624.003861.png,#7b241c,1,66.769553,2.276235,0.091049,0.040000
z_0174_624.003861.png,#82e0aa,2,185.237590,6.314918,0.252597,0.040000
z_0174_624.003861.png,#85c1e9,4,268.450793,9.151732,0.366069,0.040000
z_0174_624.003861.png,#922b21,5,271.178716,9.244729,0.369789,0.040000
z_0174_624.003861.png,#9a7d0a,12,725.553391,24.734775,0.989391,0.040000
z_0174_624.003861.png,#a2d9ce,10,42.284271,1.441509,0.057660,0.040000
z_0174_624.003861.png,#a3e4d7,6,60.526912,2.063417,0.082537,0.040000
z_0174_624.003861.png,#a9cce3,13,174.509668,5.949193,0.237968,0.040000
z_0174_624.003861.png,#af601a,3,233.722871,7.967825,0.318713,0.040000
z_0174_624.003861.png,#af7ac5,2,74.669048,2.545536,0.101821,0.040000
z_0174_624.003861.png,#b9770e,1,100.568542,3.428473,0.137139,0.040000
z_0174_624.003861.png,#cb4335,1,58.870058,2.006934,0.080277,0.040000
z_0174_624.003861.png,#d2b4de,4,173.053824,5.899562,0.235982,0.040000
z_0174_624.003861.png,#d35400,2,324.291414,11.055389,0.442216,0.040000
z_0174_624.003861.png,#d68910,3,200.651804,6.840402,0.273616,0.040000
z_0174_624.003861.png,#e74c3c,3,239.521861,8.165518,0.326621,0.040000
z_0174_624.003861.png,#edbb99,8,588.499567,20.062485,0.802499,0.040000
z_0174_624.003861.png,#f58231,2,155.195959,5.290771,0.211631,0.040000
z_0174_624.003861.png,#f8c471,1,68.769553,2.344417,0.093777,0.040000
z_0174_624.003861.png,#fad7a0,3,141.781746,4.833469,0.193339,0.040000
z_0175_625.015444.png,#0e6251,1,61.597980,2.099931,0.083997,0.040000
z_0175_625.015444.png,#117a65,6,397.161472,13.539596,0.541584,0.040000
z_0175_625.015444.png,#145a32,4,263.622366,8.987126,0.359485,0.040000
z_0175_625.015444.png,#154360,2,690.281313,23.532317,0.941293,0.040000
z_0175_625.015444.png,#196f3d,6,514.215295,17.530067,0.701203,0.040000
z_0175_625.015444.png,#1b4f72,6,674.967604,23.010259,0.920410,0.040000
z_0175_625.015444.png,#2e4053,4,458.031529,15.614711,0.624588,0.040000
z_0175_625.015444.png,#2ecc71,2,65.698485,2.239721,0.089589,0.040000
z_0175_625.015444.png,#3b3b98,4,245.965512,8.385188,0.335408,0.040000
z_0175_625.015444.png,#45b39d,5,356.634560,12.157996,0.486320,0.040000
z_0175_625.015444.png,#48c9b0,7,386.717821,13.183562,0.527342,0.040000
z_0175_625.015444.png,#4a235a,4,243.137085,8.288764,0.331551,0.040000
z_0175_625.015444.png,#512e5f,3,139.882251,4.768713,0.190749,0.040000
z_0175_625.015444.png,#52be80,3,225.722871,7.695098,0.307804,0.040000
z_0175_625.015444.png,#5499c7,5,290.007143,9.886607,0.395464,0.040000
z_0175_625.015444.png,#73c6b6,1,38.970563,1.328542,0.053142,0.040000
z_0175_625.015444.png,#7b241c,1,59.112698,2.015206,0.080608,0.040000
z_0175_625.015444.png,#82e0aa,2,172.752309,5.889283,0.235571,0.040000
z_0175_625.015444.png,#85c1e9,4,267.521861,9.120063,0.364803,0.040000
z_0175_625.015444.png,#922b21,5,261.036580,8.898974,0.355959,0.040000
z_0175_625.015444.png,#9a7d0a,12,677.997041,23.113536,0.924541,0.040000
z_0175_625.015444.png,#a2d9ce,9,55.455844,1.890540,0.075622,0.040000
z_0175_625.015444.png,#a3e4d7,5,63.355339,2.159841,0.086394,0.040000
z_0175_625.015444.png,#a9cce3,11,164.752309,5.616556,0.224662,0.040000
z_0175_625.015444.png,#af601a,3,209.137085,7.129673,0.285187,0.040000
z_0175_625.015444.png,#af7ac5,3,92.669048,3.159172,0.126367,0.040000
z_0175_625.015444.png,#b9770e,1,101.396970,3.456715,0.138269,0.040000
z_0175_625.015444.png,#cb4335,1,60.284271,2.055146,0.082206,0.040000
z_0175_625.015444.png,#d2b4de,5,174.953319,5.964318,0.238573,0.040000
z_0175_625.015444.png,#d35400,2,351.261977,11.974840,0.478994,0.040000
z_0175_625.015444.png,#d68910,2,223.379726,7.615218,0.304609,0.040000
z_0175_625.015444.png,#e74c3c,3,238.208153,8.120732,0.324829,0.040000
z_0175_625.015444.png,#edbb99,8,532.457936,18.151975,0.726079,0.040000
z_0175_625.015444.png,#f58231,2,154.267027,5.259103,0.210364,0.040000
z_0175_625.015444.png,#f7dc6f,1,15.071068,0.513786,0.020551,0.040000
z_0175_625.015444.png,#f8c471,2,88.183766,3.006265,0.120251,0.040000
z_0175_625.015444.png,#fad7a0,3,139.781746,4.765287,0.190611,0.040000
z_0176_626.027027.png,#0e6251,1,63.112698,2.151569,0.086063,0.040000
z_0176_626.027027.png,#117a65,5,337.806133,11.516118,0.460645,0.040000
z_0176_626.027027.png,#145a32,4,264.793939,9.027066,0.361083,0.040000
z_0176_626.027027.png,#154360,3,659.452886,22.481348,0.899254,0.040000
z_0176_626.027027.png,#196f3d,7,479.386868,16.342734,0.653709,0.040000
z_0176_626.027027.png,#1b4f72,8,723.494516,24.664586,0.986583,0.040000
z_0176_626.027027.png,#2e4053,4,475.688384,16.216649,0.648666,0.040000
z_0176_626.027027.png,#2ecc71,2,65.941125,2.247993,0.089920,0.040000
z_0176_626.027027.png,#3b3b98,3,248.793939,8.481612,0.339264,0.040000
z_0176_626.027027.png,#45b39d,5,383.989899,13.090565,0.523623,0.040000
z_0176_626.027027.png,#48c9b0,7,398.031529,13.569257,0.542770,0.040000
z_0176_626.027027.png,#4a235a,4,254.208153,8.666187,0.346647,0.040000
z_0176_626.027027.png,#512e5f,3,136.710678,4.660591,0.186424,0.040000
z_0176_626.027027.png,#52be80,3,245.279221,8.361792,0.334472,0.040000
z_0176_626.027027.png,#5499c7,5,292.249783,9.963061,0.398522,0.040000
z_0176_626.027027.png,#73c6b6,1,39.556349,1.348512,0.053940,0.040000
z_0176_626.027027.png,#7b241c,1,55.698485,1.898812,0.075952,0.040000
z_0176_626.027027.png,#82e0aa,3,169.681241,5.784588,0.231384,0.040000
z_0176_626.027027.png,#85c1e9,4,257.865007,8.790853,0.351634,0.040000
z_0176_626.027027.png,#922b21,4,245.137085,8.356946,0.334278,0.040000
z_0176_626.027027.png,#9a7d0a,10,624.440692,21.287751,0.851510,0.040000
z_0176_626.027027.png,#a2d9ce,5,30.142136,1.027573,0.041103,0.040000
z_0176_626.027027.png,#a3e4d7,6,57.941125,1.975266,0.079011,0.040000
z_0176_626.027027.png,#a9cce3,6,152.509668,5.199193,0.207968,0.040000
z_0176_626.027027.png,#af601a,2,94.669048,3.227354,0.129094,0.040000
z_0176_626.027027.png,#af7ac5,3,106.325902,3.624747,0.144990,0.040000
z_0176_626.027027.png,#b9770e,1,106.568542,3.633018,0.145321,0.040000
z_0176_626.027027.png,#bb8fce,1,2.828427,0.096424,0.003857,0.040000
z_0176_626.027027.png,#cb4335,1,60.384776,2.058572,0.082343,0.040000
z_0176_626.027027.png,#d2b4de,4,175.195959,5.972590,0.238904,0.040000
z_0176_626.027027.png,#d35400,2,352.776695,12.026478,0.481059,0.040000
z_0176_626.027027.png,#d68910,2,213.722871,7.286007,0.291440,0.040000
z_0176_626.027027.png,#e74c3c,3,245.279221,8.361792,0.334472,0.040000
z_0176_626.027027.png,#edbb99,7,504.215295,17.189158,0.687566,0.040000
z_0176_626.027027.png,#f58231,2,153.438600,5.230861,0.209234,0.040000
z_0176_626.027027.png,#f7dc6f,1,16.485281,0.561998,0.022480,0.040000
z_0176_626.027027.png,#f8c471,3,107.254834,3.656415,0.146257,0.040000
z_0176_626.027027.png,#fad7a0,3,131.195959,4.472590,0.178904,0.040000
z_0177_627.038610.png,#0e6251,1,60.526912,2.063417,0.082537,0.040000
z_0177_627.038610.png,#117a65,4,295.764502,10.082881,0.403315,0.040000
z_0177_627.038610.png,#145a32,4,299.279221,10.202701,0.408108,0.040000
z_0177_627.038610.png,#154360,3,658.340187,22.443415,0.897737,0.040000
z_0177_627.038610.png,#196f3d,7,443.730014,15.127160,0.605086,0.040000
z_0177_627.038610.png,#1b4f72,9,839.577777,28.621970,1.144879,0.040000
z_0177_627.038610.png,#2e4053,3,474.759451,16.184981,0.647399,0.040000
z_0177_627.038610.png,#2ecc71,2,73.597980,2.509022,0.100361,0.040000
z_0177_627.038610.png,#3b3b98,3,254.308658,8.669613,0.346785,0.040000
z_0177_627.038610.png,#45b39d,5,422.132034,14.390865,0.575635,0.040000
z_0177_627.038610.png,#48c9b0,7,401.345238,13.682224,0.547289,0.040000
z_0177_627.038610.png,#4a235a,3,240.551299,8.200612,0.328024,0.040000
z_0177_627.038610.png,#512e5f,3,140.225397,4.780411,0.191216,0.040000
z_0177_627.038610.png,#52be80,4,287.421356,9.798455,0.391938,0.040000
z_0177_627.038610.png,#5499c7,5,293.563492,10.007846,0.400314,0.040000
z_0177_627.038610.png,#73c6b6,1,40.627417,1.385026,0.055401,0.040000
z_0177_627.038610.png,#7b241c,1,51.455844,1.754177,0.070167,0.040000
z_0177_627.038610.png,#82e0aa,2,165.681241,5.648224,0.225929,0.040000
z_0177_627.038610.png,#85c1e9,4,236.308658,8.055977,0.322239,0.040000
z_0177_627.038610.png,#922b21,4,224.409163,7.650312,0.306012,0.040000
z_0177_627.038610.png,#9a7d0a,10,609.854906,20.790508,0.831620,0.040000
z_0177_627.038610.png,#a2d9ce,10,60.284271,2.055146,0.082206,0.040000
z_0177_627.038610.png,#a3e4d7,1,39.213203,1.336814,0.053473,0.040000
z_0177_627.038610.png,#a9cce3,8,165.438600,5.639952,0.225598,0.040000
z_0177_627.038610.png,#af601a,2,90.911688,3.099262,0.123970,0.040000
z_0177_627.038610.png,#af7ac5,3,112.325902,3.829292,0.153172,0.040000
z_0177_627.038610.png,#b9770e,1,106.911688,3.644717,0.145789,0.040000
z_0177_627.038610.png,#cb4335,1,61.213203,2.086814,0.083473,0.040000
z_0177_627.038610.png,#d2b4de,5,220.651804,7.522221,0.300889,0.040000
z_0177_627.038610.png,#d35400,3,380.090404,12.957627,0.518305,0.040000
z_0177_627.038610.png,#d68910,2,188.509668,6.426466,0.257059,0.040000
z_0177_627.038610.png,#e74c3c,3,257.663997,8.784000,0.351360,0.040000
z_0177_627.038610.png,#edbb99,9,523.327994,17.840727,0.713629,0.040000
z_0177_627.038610.png,#f58231,2,163.095454,5.560072,0.222403,0.040000
z_0177_627.038610.png,#f7dc6f,1,20.485281,0.698362,0.027934,0.040000
z_0177_627.038610.png,#f8c471,3,156.953319,5.350681,0.214027,0.040000
z_0177_627.038610.png,#fad7a0,3,132.953319,4.532500,0.181300,0.040000
z_0178_628.050193.png,#0e6251,1,59.941125,2.043447,0.081738,0.040000
z_0178_628.050193.png,#117a65,4,295.764502,10.082881,0.403315,0.040000
z_0178_628.050193.png,#145a32,4,300.936075,10.259184,0.410367,0.040000
z_0178_628.050193.png,#154360,3,656.340187,22.375234,0.895009,0.040000
z_0178_628.050193.png,#196f3d,7,443.144228,15.107190,0.604288,0.040000
z_0178_628.050193.png,#1b4f72,9,841.820418,28.698423,1.147937,0.040000
z_0178_628.050193.png,#2e4053,3,476.759451,16.253163,0.650127,0.040000
z_0178_628.050193.png,#2ecc71,2,73.012193,2.489052,0.099562,0.040000
z_0178_628.050193.png,#3b3b98,3,255.722871,8.717825,0.348713,0.040000
z_0178_628.050193.png,#45b39d,5,422.717821,14.410835,0.576433,0.040000
z_0178_628.050193.png,#48c9b0,7,403.102597,13.742134,0.549685,0.040000
z_0178_628.050193.png,#4a235a,3,240.551299,8.200612,0.328024,0.040000
z_0178_628.050193.png,#512e5f,3,140.225397,4.780411,0.191216,0.040000
z_0178_628.050193.png,#52be80,4,286.592929,9.770213,0.390809,0.040000
z_0178_628.050193.png,#5499c7,5,292.391919,9.967906,0.398716,0.040000
z_0178_628.050193.png,#73c6b6,1,41.213203,1.404996,0.056200,0.040000
z_0178_628.050193.png,#7b241c,1,51.455844,1.754177,0.070167,0.040000
z_0178_628.050193.png,#82e0aa,2,165.438600,5.639952,0.225598,0.040000
z_0178_628.050193.png,#85c1e9,4,235.237590,8.019463,0.320779,0.040000
z_0178_628.050193.png,#922b21,4,222.994949,7.602101,0.304084,0.040000
z_0178_628.050193.png,#9a7d0a,10,611.026479,20.830448,0.833218,0.040000
z_0178_628.050193.png,#a2d9ce,12,61.941125,2.111629,0.084465,0.040000
z_0178_628.050193.png,#a3e4d7,3,44.870058,1.529661,0.061186,0.040000
z_0178_628.050193.png,#a9cce3,8,162.852814,5.551800,0.222072,0.040000
z_0178_628.050193.png,#af601a,2,90.325902,3.079292,0.123172,0.040000
z_0178_628.050193.png,#af7ac5,3,111.740115,3.809322,0.152373,0.040000
z_0178_628.050193.png,#b9770e,1,107.740115,3.672958,0.146918,0.040000
z_0178_628.050193.png,#cb4335,1,61.213203,2.086814,0.083473,0.040000
z_0178_628.050193.png,#d2b4de,5,220.066017,7.502251,0.300090,0.040000
z_0178_628.050193.png,#d35400,3,392.818326,13.391534,0.535661,0.040000
z_0178_628.050193.png,#d68910,2,188.509668,6.426466,0.257059,0.040000
z_0178_628.050193.png,#e74c3c,3,257.421356,8.775728,0.351029,0.040000
z_0178_628.050193.png,#edbb99,9,524.256926,17.872395,0.714896,0.040000
z_0178_628.050193.png,#f58231,2,162.267027,5.531830,0.221273,0.040000
z_0178_628.050193.png,#f7dc6f,1,20.485281,0.698362,0.027934,0.040000
z_0178_628.050193.png,#f8c471,3,156.953319,5.350681,0.214027,0.040000
z_0178_628.050193.png,#fad7a0,3,132.124892,4.504258,0.180170,0.040000
z_0179_629.061776.png,#0e6251,1,59.355339,2.023477,0.080939,0.040000
z_0179_629.061776.png,#117a65,4,287.622366,9.805308,0.392212,0.040000
z_0179_629.061776.png,#145a32,4,282.835570,9.642122,0.385685,0.040000
z_0179_629.061776.png,#154360,3,630.541197,21.495723,0.859829,0.040000
z_0179_629.061776.png,#196f3d,6,471.002092,16.056890,0.642276,0.040000
z_0179_629.061776.png,#1b4f72,7,862.104689,29.389933,1.175597,0.040000
z_0179_629.061776.png,#2e4053,4,475.144228,16.198099,0.647924,0.040000
z_0179_629.061776.png,#2ecc71,2,68.769553,2.344417,0.093777,0.040000
z_0179_629.061776.png,#3b3b98,3,261.480231,8.914099,0.356564,0.040000
z_0179_629.061776.png,#45b39d,6,481.830519,16.426040,0.657042,0.040000
z_0179_629.061776.png,#48c9b0,7,408.274170,13.918438,0.556738,0.040000
z_0179_629.061776.png,#4a235a,3,241.137085,8.220582,0.328823,0.040000
z_0179_629.061776.png,#512e5f,3,141.053824,4.808653,0.192346,0.040000
z_0179_629.061776.png,#52be80,3,245.965512,8.385188,0.335408,0.040000
z_0179_629.061776.png,#5499c7,5,294.735065,10.047786,0.401911,0.040000
z_0179_629.061776.png,#73c6b6,1,41.213203,1.404996,0.056200,0.040000
z_0179_629.061776.png,#7b241c,1,49.455844,1.685995,0.067440,0.040000
z_0179_629.061776.png,#82e0aa,4,168.166522,5.732950,0.229318,0.040000
z_0179_629.061776.png,#85c1e9,4,235.379726,8.024309,0.320972,0.040000
z_0179_629.061776.png,#922b21,4,200.409163,6.832131,0.273285,0.040000
z_0179_629.061776.png,#9a7d0a,10,591.529004,20.165761,0.806630,0.040000
z_0179_629.061776.png,#a2d9ce,9,29.455844,1.004177,0.040167,0.040000
z_0179_629.061776.png,#a3e4d7,7,81.941125,2.793447,0.111738,0.040000
z_0179_629.061776.png,#a9cce3,7,155.338095,5.295617,0.211825,0.040000
z_0179_629.061776.png,#af601a,2,100.568542,3.428473,0.137139,0.040000
z_0179_629.061776.png,#af7ac5,3,114.911688,3.917444,0.156698,0.040000
z_0179_629.061776.png,#b9770e,1,108.911688,3.712898,0.148516,0.040000
z_0179_629.061776.png,#cb4335,1,61.698485,2.103357,0.084134,0.040000
z_0179_629.061776.png,#d2b4de,5,243.965512,8.317006,0.332680,0.040000
z_0179_629.061776.png,#d35400,2,383.261977,13.065749,0.522630,0.040000
z_0179_629.061776.png,#d68910,2,182.024387,6.205377,0.248215,0.040000
z_0179_629.061776.png,#e74c3c,3,257.865007,8.790853,0.351634,0.040000
z_0179_629.061776.png,#edbb99,8,535.629509,18.260097,0.730404,0.040000
z_0179_629.061776.png,#f58231,3,158.024387,5.387195,0.215488,0.040000
z_0179_629.061776.png,#f7dc6f,1,18.242641,0.621908,0.024876,0.040000
z_0179_629.061776.png,#f8c471,3,180.166522,6.142041,0.245682,0.040000
z_0179_629.061776.png,#fad7a0,3,135.539105,4.620651,0.184826,0.040000
z_0180_630.073359.png,#0e6251,1,61.941125,2.111629,0.084465,0.040000
z_0180_630.073359.png,#117a65,4,294.249783,10.031243,0.401250,0.040000
z_0180_630.073359.png,#145a32,4,276.249783,9.417606,0.376704,0.040000
z_0180_630.073359.png,#154360,2,570.984848,19.465393,0.778616,0.040000
z_0180_630.073359.png,#196f3d,6,451.244733,15.383343,0.615334,0.040000
z_0180_630.073359.png,#1b4f72,7,867.761543,29.582780,1.183311,0.040000
z_0180_630.073359.png,#2e4053,4,469.487373,16.005251,0.640210,0.040000
z_0180_630.073359.png,#2ecc71,2,68.526912,2.336145,0.093446,0.040000
z_0180_630.073359.png,#3b3b98,3,262.308658,8.942341,0.357694,0.040000
z_0180_630.073359.png,#45b39d,6,495.487373,16.891615,0.675665,0.040000
z_0180_630.073359.png,#48c9b0,7,395.646753,13.487957,0.539518,0.040000
z_0180_630.073359.png,#4a235a,4,251.865007,8.586307,0.343452,0.040000
z_0180_630.073359.png,#512e5f,3,145.882251,4.973259,0.198930,0.040000
z_0180_630.073359.png,#52be80,2,248.107648,8.458215,0.338329,0.040000
z_0180_630.073359.png,#5499c7,5,290.735065,9.911423,0.396457,0.040000
z_0180_630.073359.png,#73c6b6,1,44.627417,1.521389,0.060856,0.040000
z_0180_630.073359.png,#7b241c,1,48.870058,1.666025,0.066641,0.040000
z_0180_630.073359.png,#82e0aa,2,164.953319,5.623409,0.224936,0.040000
z_0180_630.073359.png,#85c1e9,5,249.722871,8.513280,0.340531,0.040000
z_0180_630.073359.png,#922b21,5,234.450793,7.992641,0.319706,0.040000
z_0180_630.073359.png,#9a7d0a,10,614.499567,20.948849,0.837954,0.040000
z_0180_630.073359.png,#a2d9ce,13,58.769553,2.003507,0.080140,0.040000
z_0180_630.073359.png,#a3e4d7,7,63.355339,2.159841,0.086394,0.040000
z_0180_630.073359.png,#a9cce3,5,145.438600,4.958134,0.198325,0.040000
z_0180_630.073359.png,#af601a,2,106.225397,3.621320,0.144853,0.040000
z_0180_630.073359.png,#af7ac5,3,111.740115,3.809322,0.152373,0.040000
z_0180_630.073359.png,#b9770e,1,108.083261,3.684657,0.147386,0.040000
z_0180_630.073359.png,#cb4335,1,62.526912,2.131599,0.085264,0.040000
z_0180_630.073359.png,#d2b4de,4,260.208153,8.870732,0.354829,0.040000
z_0180_630.073359.png,#d35400,2,366.433550,12.492053,0.499682,0.040000
z_0180_630.073359.png,#d68910,2,184.509668,6.290102,0.251604,0.040000
z_0180_630.073359.png,#e74c3c,3,269.078210,9.173121,0.366925,0.040000
z_0180_630.073359.png,#edbb99,8,519.629509,17.714642,0.708586,0.040000
z_0180_630.073359.png,#f58231,3,159.438600,5.435407,0.217416,0.040000
z_0180_630.073359.png,#f7dc6f,1,23.071068,0.786514,0.031461,0.040000
z_0180_630.073359.png,#f8c471,3,217.865007,7.427216,0.297089,0.040000
z_0180_630.073359.png,#fad7a0,3,132.953319,4.532500,0.181300,0.040000
z_0181_631.084942.png,#0e6251,1,60.284271,2.055146,0.082206,0.040000
z_0181_631.084942.png,#117a65,4,284.007143,9.682062,0.387282,0.040000
z_0181_631.084942.png,#145a32,4,247.722871,8.445098,0.337804,0.040000
z_0181_631.084942.png,#154360,2,553.428499,18.866881,0.754675,0.040000
z_0181_631.084942.png,#196f3d,6,421.445743,14.367469,0.574699,0.040000
z_0181_631.084942.png,#1b4f72,7,876.347330,29.875477,1.195019,0.040000
z_0181_631.084942.png,#2e4053,4,431.203102,14.700106,0.588004,0.040000
z_0181_631.084942.png,#2ecc71,2,86.669048,2.954627,0.118185,0.040000
z_0181_631.084942.png,#3b3b98,4,225.823376,7.698524,0.307941,0.040000
z_0181_631.084942.png,#45b39d,6,500.315801,17.056220,0.682249,0.040000
z_0181_631.084942.png,#48c9b0,8,412.717821,14.069926,0.562797,0.040000
z_0181_631.084942.png,#4a235a,4,258.107648,8.799124,0.351965,0.040000
z_0181_631.084942.png,#512e5f,3,152.124892,5.186076,0.207443,0.040000
z_0181_631.084942.png,#52be80,2,239.622366,8.168944,0.326758,0.040000
z_0181_631.084942.png,#5499c7,6,288.391919,9.831543,0.393262,0.040000
z_0181_631.084942.png,#73c6b6,1,43.213203,1.473177,0.058927,0.040000
z_0181_631.084942.png,#7b241c,1,46.526912,1.586145,0.063446,0.040000
z_0181_631.084942.png,#82e0aa,3,174.852814,5.960891,0.238436,0.040000
z_0181_631.084942.png,#85c1e9,4,248.894444,8.485038,0.339402,0.040000
z_0181_631.084942.png,#922b21,5,243.663997,8.306727,0.332269,0.040000
z_0181_631.084942.png,#9a7d0a,12,691.068109,23.559140,0.942366,0.040000
z_0181_631.084942.png,#a2d9ce,6,24.970563,0.851269,0.034051,0.040000
z_0181_631.084942.png,#a3e4d7,11,73.497475,2.505596,0.100224,0.040000
z_0181_631.084942.png,#a9cce3,11,160.852814,5.483619,0.219345,0.040000
z_0181_631.084942.png,#af601a,2,106.568542,3.633018,0.145321,0.040000
z_0181_631.084942.png,#af7ac5,3,104.911688,3.576535,0.143061,0.040000
z_0181_631.084942.png,#b9770e,1,106.669048,3.636445,0.145458,0.040000
z_0181_631.084942.png,#cb4335,1,63.941125,2.179811,0.087192,0.040000
z_0181_631.084942.png,#d2b4de,5,283.421356,9.662092,0.386484,0.040000
z_0181_631.084942.png,#d35400,2,378.676190,12.909416,0.516377,0.040000
z_0181_631.084942.png,#d68910,2,181.438600,6.185407,0.247416,0.040000
z_0181_631.084942.png,#e74c3c,3,274.149278,9.345998,0.373840,0.040000
z_0181_631.084942.png,#edbb99,9,603.227489,20.564573,0.822583,0.040000
z_0181_631.084942.png,#f58231,3,153.539105,5.234288,0.209372,0.040000
z_0181_631.084942.png,#f7dc6f,1,26.485281,0.902907,0.036116,0.040000
z_0181_631.084942.png,#f8c471,3,269.663997,9.193091,0.367724,0.040000
z_0181_631.084942.png,#fad7a0,3,133.781746,4.560741,0.182430,0.040000
z_0182_632.096525.png,#0e6251,1,62.769553,2.139871,0.085595,0.040000
z_0182_632.096525.png,#117a65,4,279.178716,9.517456,0.380698,0.040000
z_0182_632.096525.png,#145a32,4,224.551299,7.655158,0.306206,0.040000
z_0182_632.096525.png,#154360,4,545.286363,18.589308,0.743572,0.040000
z_0182_632.096525.png,#196f3d,8,457.830519,15.607859,0.624314,0.040000
z_0182_632.096525.png,#1b4f72,7,888.347330,30.284568,1.211383,0.040000
z_0182_632.096525.png,#2e4053,4,401.261977,13.679386,0.547175,0.040000
z_0182_632.096525.png,#2ecc71,1,94.325902,3.215656,0.128626,0.040000
z_0182_632.096525.png,#3b3b98,4,220.024387,7.500831,0.300033,0.040000
z_0182_632.096525.png,#45b39d,6,483.688384,16.489377,0.659575,0.040000
z_0182_632.096525.png,#48c9b0,10,353.605122,12.054720,0.482189,0.040000
z_0182_632.096525.png,#4a235a,4,268.107648,9.140033,0.365601,0.040000
z_0182_632.096525.png,#512e5f,2,161.539105,5.507015,0.220281,0.040000
z_0182_632.096525.png,#52be80,2,238.208153,8.120732,0.324829,0.040000
z_0182_632.096525.png,#5499c7,6,278.835570,9.505758,0.380230,0.040000
z_0182_632.096525.png,#73c6b6,1,40.142136,1.368482,0.054739,0.040000
z_0182_632.096525.png,#7b241c,1,48.870058,1.666025,0.066641,0.040000
z_0182_632.096525.png,#82e0aa,3,136.367532,4.648893,0.185956,0.040000
z_0182_632.096525.png,#85c1e9,4,247.379726,8.433400,0.337336,0.040000
z_0182_632.096525.png,#922b21,5,239.421356,8.162092,0.326484,0.040000
z_0182_632.096525.png,#9a7d0a,11,770.180808,26.256164,1.050247,0.040000
z_0182_632.096525.png,#a2d9ce,13,56.769553,1.935326,0.077413,0.040000
z_0182_632.096525.png,#a3e4d7,7,50.526912,1.722508,0.068900,0.040000
z_0182_632.096525.png,#a9cce3,11,166.852814,5.688164,0.227527,0.040000
z_0182_632.096525.png,#af601a,2,109.396970,3.729442,0.149178,0.040000
z_0182_632.096525.png,#af7ac5,3,98.911688,3.371989,0.134880,0.040000
z_0182_632.096525.png,#b9770e,1,107.497475,3.664687,0.146587,0.040000
z_0182_632.096525.png,#cb4335,1,68.041631,2.319601,0.092784,0.040000
z_0182_632.096525.png,#d2b4de,4,288.592929,9.838395,0.393536,0.040000
z_0182_632.096525.png,#d35400,3,357.119841,12.174540,0.486982,0.040000
z_0182_632.096525.png,#d68910,2,180.610173,6.157165,0.246287,0.040000
z_0182_632.096525.png,#e74c3c,3,276.835570,9.437576,0.377503,0.040000
z_0182_632.096525.png,#edbb99,8,669.210245,22.813986,0.912559,0.040000
z_0182_632.096525.png,#f1948a,1,2.828427,0.096424,0.003857,0.040000
z_0182_632.096525.png,#f58231,3,149.539105,5.097924,0.203917,0.040000
z_0182_632.096525.png,#f7dc6f,1,26.485281,0.902907,0.036116,0.040000
z_0182_632.096525.png,#f8c471,3,249.521861,8.506427,0.340257,0.040000
z_0182_632.096525.png,#fad7a0,3,137.195959,4.677135,0.187085,0.040000
z_0183_633.108108.png,#0e6251,1,61.112698,2.083387,0.083335,0.040000
z_0183_633.108108.png,#117a65,4,275.521861,9.392791,0.375712,0.040000
z_0183_633.108108.png,#145a32,5,220.894444,7.530492,0.301220,0.040000
z_0183_633.108108.png,#154360,3,524.943218,17.895792,0.715832,0.040000
z_0183_633.108108.png,#196f3d,7,481.043723,16.399218,0.655969,0.040000
z_0183_633.108108.png,#1b4f72,9,893.577777,30.462879,1.218515,0.040000
z_0183_633.108108.png,#2e4053,4,402.190909,13.711054,0.548442,0.040000
z_0183_633.108108.png,#2ecc71,1,95.497475,3.255596,0.130224,0.040000
z_0183_633.108108.png,#3b3b98,3,203.195959,6.927135,0.277085,0.040000
z_0183_633.108108.png,#45b39d,7,522.114790,17.799368,0.711975,0.040000
z_0183_633.108108.png,#48c9b0,7,309.563492,10.553301,0.422132,0.040000
z_0183_633.108108.png,#4a235a,4,289.178716,9.858365,0.394335,0.040000
z_0183_633.108108.png,#512e5f,2,157.539105,5.370651,0.214826,0.040000
z_0183_633.108108.png,#52be80,2,234.107648,7.980943,0.319238,0.040000
z_0183_633.108108.png,#5499c7,6,269.036580,9.171702,0.366868,0.040000
z_0183_633.108108.png,#73c6b6,1,42.627417,1.453207,0.058128,0.040000
z_0183_633.108108.png,#7b241c,1,46.627417,1.589571,0.063583,0.040000
z_0183_633.108108.png,#82e0aa,3,99.154329,3.380261,0.135210,0.040000
z_0183_633.108108.png,#85c1e9,4,242.551299,8.268794,0.330752,0.040000
z_0183_633.108108.png,#922b21,5,233.379726,7.956127,0.318245,0.040000
z_0183_633.108108.png,#9a7d0a,11,819.678282,27.943578,1.117743,0.040000
z_0183_633.108108.png,#a2d9ce,14,57.597980,1.963567,0.078543,0.040000
z_0183_633.108108.png,#a3e4d7,11,67.597980,2.304477,0.092179,0.040000
z_0183_633.108108.png,#a9cce3,11,172.752309,5.889283,0.235571,0.040000
z_0183_633.108108.png,#af601a,2,129.539105,4.416106,0.176644,0.040000
z_0183_633.108108.png,#af7ac5,3,97.254834,3.315506,0.132620,0.040000
z_0183_633.108108.png,#b9770e,1,107.740115,3.672958,0.146918,0.040000
z_0183_633.108108.png,#cb4335,1,66.041631,2.251419,0.090057,0.040000
z_0183_633.108108.png,#d2b4de,4,297.563492,10.144210,0.405768,0.040000
z_0183_633.108108.png,#d35400,2,304.007143,10.363880,0.414555,0.040000
z_0183_633.108108.png,#d68910,3,224.651804,7.658584,0.306343,0.040000
z_0183_633.108108.png,#e74c3c,3,276.249783,9.417606,0.376704,0.040000
z_0183_633.108108.png,#edbb99,9,763.577777,26.031061,1.041242,0.040000
z_0183_633.108108.png,#f58231,3,154.367532,5.262530,0.210501,0.040000
z_0183_633.108108.png,#f7dc6f,1,32.727922,1.115725,0.044629,0.040000
z_0183_633.108108.png,#f8c471,3,243.622366,8.305308,0.332212,0.040000
z_0183_633.108108.png,#fad7a0,3,134.367532,4.580711,0.183228,0.040000
z_0184_634.119691.png,#0e6251,1,61.698485,2.103357,0.084134,0.040000
z_0184_634.119691.png,#117a65,4,259.279221,8.839064,0.353563,0.040000
z_0184_634.119691.png,#145a32,4,200.166522,6.823859,0.272954,0.040000
z_0184_634.119691.png,#154360,3,517.730014,17.649887,0.705995,0.040000
z_0184_634.119691.png,#196f3d,7,475.972655,16.226341,0.649054,0.040000
z_0184_634.119691.png,#1b4f72,9,892.950360,30.441490,1.217660,0.040000
z_0184_634.119691.png,#2e4053,4,386.676190,13.182143,0.527286,0.040000
z_0184_634.119691.png,#2ecc71,1,97.012193,3.307234,0.132289,0.040000
z_0184_634.119691.png,#3b3b98,4,223.338095,7.613799,0.304552,0.040000
z_0184_634.119691.png,#45b39d,6,544.014285,18.545942,0.741838,0.040000
z_0184_634.119691.png,#48c9b0,7,344.291414,11.737207,0.469488,0.040000
z_0184_634.119691.png,#4a235a,4,278.107648,9.480943,0.379238,0.040000
z_0184_634.119691.png,#512e5f,2,160.267027,5.463649,0.218546,0.040000
z_0184_634.119691.png,#52be80,2,226.208153,7.711642,0.308466,0.040000
z_0184_634.119691.png,#5499c7,6,255.764502,8.719244,0.348770,0.040000
z_0184_634.119691.png,#73c6b6,1,44.041631,1.501419,0.060057,0.040000
z_0184_634.119691.png,#7b241c,1,48.627417,1.657753,0.066310,0.040000
z_0184_634.119691.png,#82e0aa,3,86.669048,2.954627,0.118185,0.040000
z_0184_634.119691.png,#85c1e9,5,219.823376,7.493979,0.299759,0.040000
z_0184_634.119691.png,#922b21,5,232.450793,7.924459,0.316978,0.040000
z_0184_634.119691.png,#9a7d0a,12,860.205194,29.325177,1.173007,0.040000
z_0184_634.119691.png,#a2d9ce,13,40.769553,1.389871,0.055595,0.040000
z_0184_634.119691.png,#a3e4d7,7,53.112698,1.810660,0.072426,0.040000
z_0184_634.119691.png,#a9cce3,7,150.710678,5.137864,0.205515,0.040000
z_0184_634.119691.png,#af601a,2,148.367532,5.057984,0.202319,0.040000
z_0184_634.119691.png,#af7ac5,3,102.669048,3.500081,0.140003,0.040000
z_0184_634.119691.png,#b9770e,1,107.154329,3.652988,0.146120,0.040000
z_0184_634.119691.png,#cb4335,1,73.112698,2.492478,0.099699,0.040000
z_0184_634.119691.png,#d2b4de,6,330.634560,11.271633,0.450865,0.040000
z_0184_634.119691.png,#d35400,2,287.279221,9.793610,0.391744,0.040000
z_0184_634.119691.png,#d68910,3,200.752309,6.843829,0.273753,0.040000
z_0184_634.119691.png,#e74c3c,3,271.764502,9.264699,0.370588,0.040000
z_0184_634.119691.png,#edbb99,8,662.038672,22.569500,0.902780,0.040000
z_0184_634.119691.png,#f58231,3,163.781746,5.583469,0.223339,0.040000
z_0184_634.119691.png,#f7dc6f,1,40.727922,1.388452,0.055538,0.040000
z_0184_634.119691.png,#f8c471,3,221.480231,7.550462,0.302018,0.040000
z_0184_634.119691.png,#fad7a0,3,123.396970,4.206715,0.168269,0.040000
z_0185_635.131274.png,#0e6251,1,60.284271,2.055146,0.082206,0.040000
z_0185_635.131274.png,#117a65,4,266.592929,9.088395,0.363536,0.040000
z_0185_635.131274.png,#145a32,4,208.409163,7.104858,0.284194,0.040000
z_0185_635.131274.png,#154360,3,445.889394,15.200775,0.608031,0.040000
z_0185_635.131274.png,#196f3d,7,480.315801,16.374402,0.654976,0.040000
z_0185_635.131274.png,#1b4f72,10,889.778787,30.333368,1.213335,0.040000
z_0185_635.131274.png,#2e4053,5,406.433550,13.855689,0.554228,0.040000
z_0185_635.131274.png,#2ecc71,2,74.284271,2.532418,0.101297,0.040000
z_0185_635.131274.png,#3b3b98,3,246.166522,8.392041,0.335682,0.040000
z_0185_635.131274.png,#45b39d,8,612.340187,20.875234,0.835009,0.040000
z_0185_635.131274.png,#48c9b0,6,273.521861,9.324609,0.372984,0.040000
z_0185_635.131274.png,#4a235a,3,292.835570,9.983031,0.399321,0.040000
z_0185_635.131274.png,#512e5f,2,166.509668,5.676466,0.227059,0.040000
z_0185_635.131274.png,#52be80,2,223.622366,7.623490,0.304940,0.040000
z_0185_635.131274.png,#5499c7,7,271.521861,9.256427,0.370257,0.040000
z_0185_635.131274.png,#73c6b6,1,42.384776,1.444936,0.057797,0.040000
z_0185_635.131274.png,#7b241c,1,40.870058,1.393297,0.055732,0.040000
z_0185_635.131274.png,#82e0aa,3,83.597980,2.849931,0.113997,0.040000
z_0185_635.131274.png,#85c1e9,4,181.681241,6.193679,0.247747,0.040000
z_0185_635.131274.png,#922b21,5,241.622366,8.237126,0.329485,0.040000
z_0185_635.131274.png,#9a7d0a,12,880.347330,30.011841,1.200474,0.040000
z_0185_635.131274.png,#a2d9ce,18,100.911688,3.440171,0.137607,0.040000
z_0185_635.131274.png,#a3e4d7,9,63.355339,2.159841,0.086394,0.040000
z_0185_635.131274.png,#a9cce3,4,137.539105,4.688833,0.187553,0.040000
z_0185_635.131274.png,#af601a,2,168.367532,5.739802,0.229592,0.040000
z_0185_635.131274.png,#af7ac5,3,96.426407,3.287264,0.131491,0.040000
z_0185_635.131274.png,#b9770e,1,109.740115,3.741140,0.149646,0.040000
z_0185_635.131274.png,#cb4335,1,70.870058,2.416025,0.096641,0.040000
z_0185_635.131274.png,#d2b4de,3,299.764502,10.219244,0.408770,0.040000
z_0185_635.131274.png,#d35400,3,285.036580,9.717156,0.388686,0.040000
z_0185_635.131274.png,#d68910,2,159.539105,5.438833,0.217553,0.040000
z_0185_635.131274.png,#e74c3c,3,271.078210,9.241303,0.369652,0.040000
z_0185_635.131274.png,#edbb99,9,675.352380,23.023377,0.920935,0.040000
z_0185_635.131274.png,#f58231,3,185.095454,6.310072,0.252403,0.040000
z_0185_635.131274.png,#f7dc6f,1,41.556349,1.416694,0.056668,0.040000
z_0185_635.131274.png,#f8c471,3,235.279221,8.020883,0.320835,0.040000
z_0185_635.131274.png,#fad7a0,3,110.568542,3.769382,0.150775,0.040000
z_0186_636.142857.png,#0e6251,1,59.698485,2.035176,0.081407,0.040000
z_0186_636.142857.png,#117a65,4,257.865007,8.790853,0.351634,0.040000
z_0186_636.142857.png,#145a32,4,207.237590,7.064918,0.282597,0.040000
z_0186_636.142857.png,#154360,3,379.261977,12.929386,0.517175,0.040000
z_0186_636.142857.png,#196f3d,7,499.286363,17.021126,0.680845,0.040000
z_0186_636.142857.png,#1b4f72,11,858.180808,29.256164,1.170247,0.040000
z_0186_636.142857.png,#2e4053,5,399.362482,13.614630,0.544585,0.040000
z_0186_636.142857.png,#2ecc71,1,60.284271,2.055146,0.082206,0.040000
z_0186_636.142857.png,#3b3b98,2,256.166522,8.732950,0.349318,0.040000
z_0186_636.142857.png,#45b39d,6,643.269119,21.929629,0.877185,0.040000
z_0186_636.142857.png,#48c9b0,6,280.450793,9.560823,0.382433,0.040000
z_0186_636.142857.png,#4a235a,3,293.764502,10.014699,0.400588,0.040000
z_0186_636.142857.png,#512e5f,3,167.338095,5.704708,0.228188,0.040000
z_0186_636.142857.png,#52be80,2,211.965512,7.226097,0.289044,0.040000
z_0186_636.142857.png,#5499c7,6,239.722871,8.172371,0.326895,0.040000
z_0186_636.142857.png,#73c6b6,1,42.970563,1.464906,0.058596,0.040000
z_0186_636.142857.png,#7b241c,1,44.627417,1.521389,0.060856,0.040000
z_0186_636.142857.png,#82e0aa,3,79.112698,2.697024,0.107881,0.040000
z_0186_636.142857.png,#85c1e9,4,173.095454,5.900981,0.236039,0.040000
z_0186_636.142857.png,#922b21,6,229.622366,7.828035,0.313121,0.040000
z_0186_636.142857.png,#9a7d0a,12,905.376767,30.865117,1.234605,0.040000
z_0186_636.142857.png,#a2d9ce,13,52.769553,1.798962,0.071958,0.040000
z_0186_636.142857.png,#a3e4d7,8,73.941125,2.520720,0.100829,0.040000
z_0186_636.142857.png,#a9cce3,3,135.882251,4.632349,0.185294,0.040000
z_0186_636.142857.png,#af601a,3,175.195959,5.972590,0.238904,0.040000
z_0186_636.142857.png,#af7ac5,3,105.840620,3.608203,0.144328,0.040000
z_0186_636.142857.png,#b9770e,1,107.154329,3.652988,0.146120,0.040000
z_0186_636.142857.png,#cb4335,1,74.526912,2.540690,0.101628,0.040000
z_0186_636.142857.png,#d2b4de,3,273.237590,9.314918,0.372597,0.040000
z_0186_636.142857.png,#d35400,3,262.793939,8.958884,0.358355,0.040000
z_0186_636.142857.png,#d68910,2,129.882251,4.427804,0.177112,0.040000
z_0186_636.142857.png,#e74c3c,3,268.007143,9.136607,0.365464,0.040000
z_0186_636.142857.png,#edbb99,9,654.724963,22.320169,0.892807,0.040000
z_0186_636.142857.png,#f58231,3,189.580736,6.462980,0.258519,0.040000
z_0186_636.142857.png,#f7dc6f,1,40.142136,1.368482,0.054739,0.040000
z_0186_636.142857.png,#f8c471,3,231.379726,7.887945,0.315518,0.040000
z_0186_636.142857.png,#fad7a0,3,100.811183,3.436745,0.137470,0.040000
z_0187_637.154440.png,#0e6251,1,60.769553,2.071689,0.082868,0.040000
z_0187_637.154440.png,#117a65,4,256.208153,8.734369,0.349375,0.040000
z_0187_637.154440.png,#145a32,4,208.409163,7.104858,0.284194,0.040000
z_0187_637.154440.png,#154360,4,339.220346,11.564330,0.462573,0.040000
z_0187_637.154440.png,#196f3d,7,560.256926,19.099668,0.763987,0.040000
z_0187_637.154440.png,#1b4f72,12,876.322943,29.874646,1.194986,0.040000
z_0187_637.154440.png,#2e4053,5,395.948268,13.498236,0.539929,0.040000
z_0187_637.154440.png,#2ecc71,1,55.112698,1.878842,0.075154,0.040000
z_0187_637.154440.png,#3b3b98,2,243.338095,8.295617,0.331825,0.040000
z_0187_637.154440.png,#45b39d,4,640.340187,21.829779,0.873191,0.040000
z_0187_637.154440.png,#48c9b0,6,298.007143,10.159334,0.406373,0.040000
z_0187_637.154440.png,#4a235a,3,301.521861,10.279154,0.411166,0.040000
z_0187_637.154440.png,#512e5f,3,162.610173,5.543529,0.221741,0.040000
z_0187_637.154440.png,#52be80,2,160.852814,5.483619,0.219345,0.040000
z_0187_637.154440.png,#5499c7,6,249.965512,8.521552,0.340862,0.040000
z_0187_637.154440.png,#73c6b6,1,40.970563,1.396724,0.055869,0.040000
z_0187_637.154440.png,#7b241c,1,55.112698,1.878842,0.075154,0.040000
z_0187_637.154440.png,#82e0aa,3,89.840620,3.062748,0.122510,0.040000
z_0187_637.154440.png,#85c1e9,4,147.497475,5.028323,0.201133,0.040000
z_0187_637.154440.png,#922b21,6,233.137085,7.947855,0.317914,0.040000
z_0187_637.154440.png,#9a7d0a,11,891.619408,30.396116,1.215845,0.040000
z_0187_637.154440.png,#a2d9ce,6,26.970563,0.919451,0.036778,0.040000
z_0187_637.154440.png,#a3e4d7,12,82.083261,2.798293,0.111932,0.040000
z_0187_637.154440.png,#a9cce3,6,142.367532,4.853439,0.194138,0.040000
z_0187_637.154440.png,#af601a,4,163.539105,5.575197,0.223008,0.040000
z_0187_637.154440.png,#af7ac5,3,110.083261,3.752838,0.150114,0.040000
z_0187_637.154440.png,#b9770e,1,116.568542,3.973928,0.158957,0.040000
z_0187_637.154440.png,#cb4335,1,73.112698,2.492478,0.099699,0.040000
z_0187_637.154440.png,#d2b4de,3,265.965512,9.067006,0.362680,0.040000
z_0187_637.154440.png,#d35400,3,252.509668,8.608284,0.344331,0.040000
z_0187_637.154440.png,#d68910,2,114.225397,3.894048,0.155762,0.040000
z_0187_637.154440.png,#e74c3c,3,265.421356,9.048455,0.361938,0.040000
z_0187_637.154440.png,#edbb99,10,879.376767,29.978753,1.199150,0.040000
z_0187_637.154440.png,#f58231,3,187.438600,6.389952,0.255598,0.040000
z_0187_637.154440.png,#f7dc6f,1,37.556349,1.280330,0.051213,0.040000
z_0187_637.154440.png,#f8c471,3,223.237590,7.610372,0.304415,0.040000
z_0187_637.154440.png,#fad7a0,3,82.426407,2.809991,0.112400,0.040000
z_0188_638.166023.png,#0e6251,1,59.941125,2.043447,0.081738,0.040000
z_0188_638.166023.png,#117a65,4,253.036580,8.626247,0.345050,0.040000
z_0188_638.166023.png,#145a32,4,218.308658,7.442341,0.297694,0.040000
z_0188_638.166023.png,#154360,4,309.806133,10.561573,0.422463,0.040000
z_0188_638.166023.png,#196f3d,7,663.369624,22.614874,0.904595,0.040000
z_0188_638.166023.png,#1b4f72,10,914.908730,31.190070,1.247603,0.040000
z_0188_638.166023.png,#2e4053,4,415.161472,14.153232,0.566129,0.040000
z_0188_638.166023.png,#2ecc71,1,45.698485,1.557903,0.062316,0.040000
z_0188_638.166023.png,#3b3b98,2,218.852814,7.460891,0.298436,0.040000
z_0188_638.166023.png,#45b39d,4,648.239682,22.099080,0.883963,0.040000
z_0188_638.166023.png,#48c9b0,6,316.492424,10.789514,0.431581,0.040000
z_0188_638.166023.png,#4a235a,4,298.107648,10.162761,0.406510,0.040000
z_0188_638.166023.png,#512e5f,3,167.438600,5.708134,0.228325,0.040000
z_0188_638.166023.png,#52be80,2,149.195959,5.086226,0.203449,0.040000
z_0188_638.166023.png,#5499c7,6,265.279221,9.043610,0.361744,0.040000
z_0188_638.166023.png,#73c6b6,1,38.970563,1.328542,0.053142,0.040000
z_0188_638.166023.png,#7b241c,1,55.112698,1.878842,0.075154,0.040000
z_0188_638.166023.png,#82e0aa,2,92.911688,3.167444,0.126698,0.040000
z_0188_638.166023.png,#85c1e9,4,139.396970,4.752169,0.190087,0.040000
z_0188_638.166023.png,#922b21,7,260.592929,8.883850,0.355354,0.040000
z_0188_638.166023.png,#9a7d0a,12,915.477272,31.209452,1.248378,0.040000
z_0188_638.166023.png,#a2d9ce,12,67.941125,2.316175,0.092647,0.040000
z_0188_638.166023.png,#a3e4d7,12,84.669048,2.886445,0.115458,0.040000
z_0188_638.166023.png,#a9cce3,8,153.781746,5.242560,0.209702,0.040000
z_0188_638.166023.png,#af601a,3,168.610173,5.748074,0.229923,0.040000
z_0188_638.166023.png,#af7ac5,3,113.740115,3.877504,0.155100,0.040000
z_0188_638.166023.png,#b9770e,2,107.497475,3.664687,0.146587,0.040000
z_0188_638.166023.png,#bb8fce,1,2.828427,0.096424,0.003857,0.040000
z_0188_638.166023.png,#cb4335,1,75.941125,2.588902,0.103556,0.040000
z_0188_638.166023.png,#d2b4de,4,235.622366,8.032581,0.321303,0.040000
z_0188_638.166023.png,#d35400,3,248.894444,8.485038,0.339402,0.040000
z_0188_638.166023.png,#d68910,2,97.982756,3.340321,0.133613,0.040000
z_0188_638.166023.png,#e74c3c,3,263.521861,8.983700,0.359348,0.040000
z_0188_638.166023.png,#edbb99,11,929.418398,31.684718,1.267389,0.040000
z_0188_638.166023.png,#f58231,4,176.024387,6.000831,0.240033,0.040000
z_0188_638.166023.png,#f7dc6f,1,35.556349,1.212148,0.048486,0.040000
z_0188_638.166023.png,#f8c471,3,227.722871,7.763280,0.310531,0.040000
z_0188_638.166023.png,#fad7a0,2,47.455844,1.617813,0.064713,0.040000
z_0189_639.177606.png,#0e6251,1,56.526912,1.927054,0.077082,0.040000
z_0189_639.177606.png,#117a65,4,253.865007,8.654489,0.346180,0.040000
z_0189_639.177606.png,#145a32,4,225.580736,7.690252,0.307610,0.040000
z_0189_639.177606.png,#154360,3,268.007143,9.136607,0.365464,0.040000
z_0189_639.177606.png,#196f3d,5,689.369624,23.501237,0.940049,0.040000
z_0189_639.177606.png,#1b4f72,11,946.565584,32.269281,1.290771,0.040000
z_0189_639.177606.png,#2e4053,4,443.889394,15.132593,0.605304,0.040000
z_0189_639.177606.png,#2ecc71,1,24.142136,0.823027,0.032921,0.040000
z_0189_639.177606.png,#3b3b98,2,196.124892,6.686076,0.267443,0.040000
z_0189_639.177606.png,#45b39d,4,653.754401,22.287082,0.891483,0.040000
z_0189_639.177606.png,#48c9b0,8,339.220346,11.564330,0.462573,0.040000
z_0189_639.177606.png,#4a235a,4,245.722871,8.376916,0.335077,0.040000
z_0189_639.177606.png,#512e5f,3,171.923882,5.861041,0.234442,0.040000
z_0189_639.177606.png,#52be80,3,121.154329,4.130261,0.165210,0.040000
z_0189_639.177606.png,#5499c7,6,282.007143,9.613880,0.384555,0.040000
z_0189_639.177606.png,#73c6b6,1,39.556349,1.348512,0.053940,0.040000
z_0189_639.177606.png,#7b241c,1,58.284271,1.986964,0.079479,0.040000
z_0189_639.177606.png,#82e0aa,2,93.154329,3.175716,0.127029,0.040000
z_0189_639.177606.png,#85c1e9,4,134.811183,4.595836,0.183833,0.040000
z_0189_639.177606.png,#922b21,7,278.936075,9.509184,0.380367,0.040000
z_0189_639.177606.png,#9a7d0a,12,940.146320,32.050443,1.282018,0.040000
z_0189_639.177606.png,#a2d9ce,12,57.941125,1.975266,0.079011,0.040000
z_0189_639.177606.png,#a3e4d7,9,73.355339,2.500750,0.100030,0.040000
z_0189_639.177606.png,#a9cce3,6,147.438600,5.026316,0.201053,0.040000
z_0189_639.177606.png,#af601a,3,177.923882,6.065587,0.242623,0.040000
z_0189_639.177606.png,#af7ac5,3,120.911688,4.121989,0.164880,0.040000
z_0189_639.177606.png,#b9770e,2,99.840620,3.403658,0.136146,0.040000
z_0189_639.177606.png,#cb4335,1,78.183766,2.665356,0.106614,0.040000
z_0189_639.177606.png,#d2b4de,5,207.823376,7.084888,0.283396,0.040000
z_0189_639.177606.png,#d35400,3,206.166522,7.028404,0.281136,0.040000
z_0189_639.177606.png,#d68910,2,88.083261,3.002838,0.120114,0.040000
z_0189_639.177606.png,#e74c3c,3,271.421356,9.253001,0.370120,0.040000
z_0189_639.177606.png,#edbb99,13,1039.928066,35.452093,1.418084,0.040000
z_0189_639.177606.png,#f1948a,1,2.828427,0.096424,0.003857,0.040000
z_0189_639.177606.png,#f58231,4,164.267027,5.600012,0.224000,0.040000
z_0189_639.177606.png,#f7dc6f,1,31.556349,1.075785,0.043031,0.040000
z_0189_639.177606.png,#f8c471,3,227.137085,7.743310,0.309732,0.040000
z_0189_639.177606.png,#fad7a0,2,55.698485,1.898812,0.075952,0.040000
z_0190_640.189189.png,#0e6251,1,54.284271,1.850600,0.074024,0.040000
z_0190_640.189189.png,#117a65,4,258.693434,8.819094,0.352764,0.040000
z_0190_640.189189.png,#145a32,4,224.651804,7.658584,0.306343,0.040000
z_0190_640.189189.png,#154360,3,255.279221,8.702701,0.348108,0.040000
z_0190_640.189189.png,#196f3d,6,673.712770,22.967481,0.918699,0.040000
z_0190_640.189189.png,#1b4f72,12,907.251875,30.929041,1.237162,0.040000
z_0190_640.189189.png,#2e4053,4,490.558441,16.723583,0.668943,0.040000
z_0190_640.189189.png,#2ecc71,1,23.899495,0.814756,0.032590,0.040000
z_0190_640.189189.png,#3b3b98,2,172.225397,5.871320,0.234853,0.040000
z_0190_640.189189.png,#45b39d,6,667.026479,22.739539,0.909582,0.040000
z_0190_640.189189.png,#48c9b0,7,253.965512,8.657915,0.346317,0.040000
z_0190_640.189189.png,#4a235a,4,228.409163,7.786676,0.311467,0.040000
z_0190_640.189189.png,#512e5f,3,181.095454,6.173709,0.246948,0.040000
z_0190_640.189189.png,#52be80,2,86.426407,2.946355,0.117854,0.040000
z_0190_640.189189.png,#5499c7,5,287.421356,9.798455,0.391938,0.040000
z_0190_640.189189.png,#73c6b6,1,42.384776,1.444936,0.057797,0.040000
z_0190_640.189189.png,#7b241c,1,57.941125,1.975266,0.079011,0.040000
z_0190_640.189189.png,#82e0aa,2,95.740115,3.263868,0.130555,0.040000
z_0190_640.189189.png,#85c1e9,4,133.396970,4.547624,0.181905,0.040000
z_0190_640.189189.png,#922b21,8,339.320851,11.567756,0.462710,0.040000
z_0190_640.189189.png,#9a7d0a,13,916.974747,31.260503,1.250420,0.040000
z_0190_640.189189.png,#a2d9ce,14,53.597980,1.827204,0.073088,0.040000
z_0190_640.189189.png,#a3e4d7,14,88.669048,3.022808,0.120912,0.040000
z_0190_640.189189.png,#a9cce3,11,165.095454,5.628254,0.225130,0.040000
z_0190_640.189189.png,#af601a,3,184.852814,6.301800,0.252072,0.040000
z_0190_640.189189.png,#af7ac5,5,147.882251,5.041440,0.201658,0.040000
z_0190_640.189189.png,#b9770e,2,86.769553,2.958053,0.118322,0.040000
z_0190_640.189189.png,#cb4335,1,77.012193,2.625416,0.105017,0.040000
z_0190_640.189189.png,#d2b4de,5,170.166522,5.801131,0.232045,0.040000
z_0190_640.189189.png,#d35400,3,194.509668,6.631011,0.265240,0.040000
z_0190_640.189189.png,#d68910,2,89.840620,3.062748,0.122510,0.040000
z_0190_640.189189.png,#e74c3c,4,288.007143,9.818425,0.392737,0.040000
z_0190_640.189189.png,#edbb99,13,1028.129076,35.049855,1.401994,0.040000
z_0190_640.189189.png,#f58231,4,159.095454,5.423709,0.216948,0.040000
z_0190_640.189189.png,#f7dc6f,1,30.727922,1.047543,0.041902,0.040000
z_0190_640.189189.png,#f8c471,3,226.551299,7.723340,0.308934,0.040000
z_0190_640.189189.png,#fad7a0,2,56.870058,1.938752,0.077550,0.040000
z_0191_641.200772.png,#0e6251,1,54.041631,1.842328,0.073693,0.040000
z_0191_641.200772.png,#117a65,4,266.936075,9.100093,0.364004,0.040000
z_0191_641.200772.png,#145a32,4,233.137085,7.947855,0.317914,0.040000
z_0191_641.200772.png,#154360,3,242.208153,8.257096,0.330284,0.040000
z_0191_641.200772.png,#196f3d,6,646.499567,22.039758,0.881590,0.040000
z_0191_641.200772.png,#1b4f72,11,857.695526,29.239620,1.169585,0.040000
z_0191_641.200772.png,#2e4053,2,526.114790,17.935731,0.717429,0.040000
z_0191_641.200772.png,#2ecc71,1,20.485281,0.698362,0.027934,0.040000
z_0191_641.200772.png,#3b3b98,2,163.296465,5.566925,0.222677,0.040000
z_0191_641.200772.png,#45b39d,6,653.026479,22.262266,0.890491,0.040000
z_0191_641.200772.png,#48c9b0,7,248.793939,8.481612,0.339264,0.040000
z_0191_641.200772.png,#4a235a,4,214.409163,7.309403,0.292376,0.040000
z_0191_641.200772.png,#512e5f,3,180.509668,6.153739,0.246150,0.040000
z_0191_641.200772.png,#52be80,2,76.526912,2.608872,0.104355,0.040000
z_0191_641.200772.png,#5499c7,4,296.007143,10.091153,0.403646,0.040000
z_0191_641.200772.png,#73c6b6,1,46.870058,1.597843,0.063914,0.040000
z_0191_641.200772.png,#7b241c,1,57.112698,1.947024,0.077881,0.040000
z_0191_641.200772.png,#82e0aa,2,89.840620,3.062748,0.122510,0.040000
z_0191_641.200772.png,#85c1e9,4,129.882251,4.427804,0.177112,0.040000
z_0191_641.200772.png,#922b21,7,386.735065,13.184150,0.527366,0.040000
z_0191_641.200772.png,#9a7d0a,13,857.234631,29.223908,1.168956,0.040000
z_0191_641.200772.png,#a2d9ce,13,56.769553,1.935326,0.077413,0.040000
z_0191_641.200772.png,#a3e4d7,6,45.455844,1.549631,0.061985,0.040000
z_0191_641.200772.png,#a9cce3,6,163.438600,5.571770,0.222871,0.040000
z_0191_641.200772.png,#af601a,3,198.994949,6.783919,0.271357,0.040000
z_0191_641.200772.png,#af7ac5,4,165.539105,5.643379,0.225735,0.040000
z_0191_641.200772.png,#b9770e,2,72.526912,2.472508,0.098900,0.040000
z_0191_641.200772.png,#cb4335,1,73.012193,2.489052,0.099562,0.040000
z_0191_641.200772.png,#d2b4de,2,114.325902,3.897474,0.155899,0.040000
z_0191_641.200772.png,#d35400,3,192.509668,6.562830,0.262513,0.040000
z_0191_641.200772.png,#d68910,1,63.941125,2.179811,0.087192,0.040000
z_0191_641.200772.png,#e74c3c,4,282.835570,9.642122,0.385685,0.040000
z_0191_641.200772.png,#edbb99,13,1015.158513,34.607677,1.384307,0.040000
z_0191_641.200772.png,#f58231,3,136.124892,4.640621,0.185625,0.040000
z_0191_641.200772.png,#f7dc6f,1,28.384776,0.967663,0.038707,0.040000
z_0191_641.200772.png,#f8c471,3,228.208153,7.779823,0.311193,0.040000
z_0191_641.200772.png,#fad7a0,2,55.698485,1.898812,0.075952,0.040000
z_0192_642.212355.png,#0e6251,1,54.284271,1.850600,0.074024,0.040000
z_0192_642.212355.png,#117a65,4,274.007143,9.341153,0.373646,0.040000
z_0192_642.212355.png,#145a32,4,238.450793,8.129004,0.325160,0.040000
z_0192_642.212355.png,#154360,4,205.480231,7.005008,0.280200,0.040000
z_0192_642.212355.png,#196f3d,7,635.470129,21.663754,0.866550,0.040000
z_0192_642.212355.png,#1b4f72,11,825.896536,28.155564,1.126223,0.040000
z_0192_642.212355.png,#2e4053,3,482.457936,16.447430,0.657897,0.040000
z_0192_642.212355.png,#2ecc71,1,20.727922,0.706634,0.028265,0.040000
z_0192_642.212355.png,#3b3b98,2,147.154329,5.016625,0.200665,0.040000
z_0192_642.212355.png,#45b39d,7,630.298557,21.487451,0.859498,0.040000
z_0192_642.212355.png,#48c9b0,7,254.450793,8.674459,0.346978,0.040000
z_0192_642.212355.png,#4a235a,3,159.639610,5.442259,0.217690,0.040000
z_0192_642.212355.png,#512e5f,4,209.137085,7.129673,0.285187,0.040000
z_0192_642.212355.png,#52be80,2,67.112698,2.287933,0.091517,0.040000
z_0192_642.212355.png,#5499c7,5,298.492424,10.175878,0.407035,0.040000
z_0192_642.212355.png,#73c6b6,1,44.384776,1.513117,0.060525,0.040000
z_0192_642.212355.png,#7b241c,1,57.112698,1.947024,0.077881,0.040000
z_0192_642.212355.png,#82e0aa,2,84.526912,2.881599,0.115264,0.040000
z_0192_642.212355.png,#85c1e9,4,122.468037,4.175047,0.167002,0.040000
z_0192_642.212355.png,#922b21,7,381.421356,13.003001,0.520120,0.040000
z_0192_642.212355.png,#9a7d0a,11,858.406204,29.263848,1.170554,0.040000
z_0192_642.212355.png,#a2d9ce,12,45.941125,1.566175,0.062647,0.040000
z_0192_642.212355.png,#a3e4d7,8,54.526912,1.858872,0.074355,0.040000
z_0192_642.212355.png,#a9cce3,8,125.539105,4.279742,0.171190,0.040000
z_0192_642.212355.png,#af601a,3,200.994949,6.852101,0.274084,0.040000
z_0192_642.212355.png,#af7ac5,5,189.195959,6.449862,0.257994,0.040000
z_0192_642.212355.png,#b9770e,2,70.526912,2.404327,0.096173,0.040000
z_0192_642.212355.png,#cb4335,1,75.840620,2.585476,0.103419,0.040000
z_0192_642.212355.png,#d2b4de,2,100.669048,3.431899,0.137276,0.040000
z_0192_642.212355.png,#d35400,4,207.823376,7.084888,0.283396,0.040000
z_0192_642.212355.png,#d68910,1,68.284271,2.327873,0.093115,0.040000
z_0192_642.212355.png,#e74c3c,4,272.936075,9.304639,0.372186,0.040000
z_0192_642.212355.png,#edbb99,14,1033.259018,35.224739,1.408990,0.040000
z_0192_642.212355.png,#f1948a,3,58.870058,2.006934,0.080277,0.040000
z_0192_642.212355.png,#f58231,3,133.781746,4.560741,0.182430,0.040000
z_0192_642.212355.png,#f7dc6f,1,25.313708,0.862967,0.034519,0.040000
z_0192_642.212355.png,#f8c471,3,227.622366,7.759853,0.310394,0.040000
z_0192_642.212355.png,#fad7a0,2,53.941125,1.838902,0.073556,0.040000
z_0193_643.223938.png,#0e6251,1,52.041631,1.774146,0.070966,0.040000
z_0193_643.223938.png,#117a65,4,277.421356,9.457546,0.378302,0.040000
z_0193_643.223938.png,#145a32,4,248.350288,8.466487,0.338659,0.040000
z_0193_643.223938.png,#154360,4,154.710678,5.274228,0.210969,0.040000
z_0193_643.223938.png,#196f3d,8,609.854906,20.790508,0.831620,0.040000
z_0193_643.223938.png,#1b4f72,11,781.955411,26.657571,1.066303,0.040000
z_0193_643.223938.png,#2e4053,3,475.629509,16.214642,0.648586,0.040000
z_0193_643.223938.png,#2ecc71,1,24.142136,0.823027,0.032921,0.040000
z_0193_643.223938.png,#3b3b98,2,135.396970,4.615806,0.184632,0.040000
z_0193_643.223938.png,#45b39d,8,631.085353,21.514273,0.860571,0.040000
z_0193_643.223938.png,#48c9b0,7,239.036580,8.148974,0.325959,0.040000
z_0193_643.223938.png,#4a235a,2,126.225397,4.303139,0.172126,0.040000
z_0193_643.223938.png,#512e5f,4,224.308658,7.646886,0.305875,0.040000
z_0193_643.223938.png,#52be80,2,65.213203,2.223177,0.088927,0.040000
z_0193_643.223938.png,#5499c7,5,291.078210,9.923121,0.396925,0.040000
z_0193_643.223938.png,#73c6b6,1,46.627417,1.589571,0.063583,0.040000
z_0193_643.223938.png,#7b241c,1,59.698485,2.035176,0.081407,0.040000
z_0193_643.223938.png,#82e0aa,2,83.112698,2.833387,0.113335,0.040000
z_0193_643.223938.png,#85c1e9,4,121.882251,4.155077,0.166203,0.040000
z_0193_643.223938.png,#922b21,6,433.747258,14.786838,0.591474,0.040000
z_0193_643.223938.png,#9a7d0a,11,843.394011,28.752069,1.150083,0.040000
z_0193_643.223938.png,#a2d9ce,9,37.455844,1.276904,0.051076,0.040000
z_0193_643.223938.png,#a3e4d7,8,68.526912,2.336145,0.093446,0.040000
z_0193_643.223938.png,#a9cce3,7,119.296465,4.066925,0.162677,0.040000
z_0193_643.223938.png,#af601a,3,209.137085,7.129673,0.285187,0.040000
z_0193_643.223938.png,#af7ac5,4,225.580736,7.690252,0.307610,0.040000
z_0193_643.223938.png,#b9770e,2,66.769553,2.276235,0.091049,0.040000
z_0193_643.223938.png,#cb4335,1,81.254834,2.770051,0.110802,0.040000
z_0193_643.223938.png,#d2b4de,3,99.012193,3.375416,0.135017,0.040000
z_0193_643.223938.png,#d35400,4,225.823376,7.698524,0.307941,0.040000
z_0193_643.223938.png,#d68910,1,69.112698,2.356115,0.094245,0.040000
z_0193_643.223938.png,#e74c3c,3,255.521861,8.710973,0.348439,0.040000
z_0193_643.223938.png,#edbb99,10,1060.957503,36.169006,1.446760,0.040000
z_0193_643.223938.png,#f1948a,3,86.083261,2.934657,0.117386,0.040000
z_0193_643.223938.png,#f58231,3,135.438600,4.617225,0.184689,0.040000
z_0193_643.223938.png,#f7dc6f,1,23.313708,0.794786,0.031791,0.040000
z_0193_643.223938.png,#f8c471,3,228.208153,7.779823,0.311193,0.040000
z_0193_643.223938.png,#fad7a0,2,61.112698,2.083387,0.083335,0.040000
z_0194_644.235521.png,#0e6251,1,52.627417,1.794116,0.071765,0.040000
z_0194_644.235521.png,#117a65,4,280.007143,9.545698,0.381828,0.040000
z_0194_644.235521.png,#145a32,4,258.592929,8.815668,0.352627,0.040000
z_0194_644.235521.png,#154360,4,132.468037,4.515956,0.180638,0.040000
z_0194_644.235521.png,#196f3d,9,531.327994,18.113454,0.724538,0.040000
z_0194_644.235521.png,#1b4f72,11,803.068109,27.377322,1.095093,0.040000
z_0194_644.235521.png,#2e4053,4,462.416306,15.764192,0.630568,0.040000
z_0194_644.235521.png,#2ecc71,1,26.727922,0.911179,0.036447,0.040000
z_0194_644.235521.png,#3b3b98,2,124.325902,4.238383,0.169535,0.040000
z_0194_644.235521.png,#45b39d,9,635.085353,21.650637,0.866025,0.040000
z_0194_644.235521.png,#48c9b0,7,238.208153,8.120732,0.324829,0.040000
z_0194_644.235521.png,#4a235a,2,124.811183,4.254927,0.170197,0.040000
z_0194_644.235521.png,#512e5f,4,223.823376,7.630342,0.305214,0.040000
z_0194_644.235521.png,#52be80,2,67.355339,2.296205,0.091848,0.040000
z_0194_644.235521.png,#5499c7,5,216.066017,7.365887,0.294635,0.040000
z_0194_644.235521.png,#73c6b6,1,50.041631,1.705965,0.068239,0.040000
z_0194_644.235521.png,#7b241c,1,61.355339,2.091659,0.083666,0.040000
z_0194_644.235521.png,#82e0aa,2,83.941125,2.861629,0.114465,0.040000
z_0194_644.235521.png,#85c1e9,4,127.296465,4.339652,0.173586,0.040000
z_0194_644.235521.png,#922b21,7,440.717821,15.024471,0.600979,0.040000
z_0194_644.235521.png,#9a7d0a,11,815.879292,27.814067,1.112563,0.040000
z_0194_644.235521.png,#a2d9ce,20,80.568542,2.746655,0.109866,0.040000
z_0194_644.235521.png,#a3e4d7,12,108.426407,3.696355,0.147854,0.040000
z_0194_644.235521.png,#a9cce3,9,128.367532,4.376166,0.175047,0.040000
z_0194_644.235521.png,#af601a,3,222.894444,7.598674,0.303947,0.040000
z_0194_644.235521.png,#af7ac5,4,226.894444,7.735038,0.309402,0.040000
z_0194_644.235521.png,#b9770e,2,64.769553,2.208053,0.088322,0.040000
z_0194_644.235521.png,#cb4335,1,83.497475,2.846505,0.113860,0.040000
z_0194_644.235521.png,#d2b4de,4,95.254834,3.247324,0.129893,0.040000
z_0194_644.235521.png,#d35400,3,222.651804,7.590402,0.303616,0.040000
z_0194_644.235521.png,#d68910,1,69.698485,2.376085,0.095043,0.040000
z_0194_644.235521.png,#e74c3c,3,240.793939,8.208884,0.328355,0.040000
z_0194_644.235521.png,#edbb99,9,1073.969696,36.612603,1.464504,0.040000
z_0194_644.235521.png,#f1948a,2,99.053824,3.376835,0.135073,0.040000
z_0194_644.235521.png,#f58231,3,132.852814,4.529073,0.181163,0.040000
z_0194_644.235521.png,#f7dc6f,1,24.142136,0.823027,0.032921,0.040000
z_0194_644.235521.png,#f8c471,3,240.793939,8.208884,0.328355,0.040000
z_0194_644.235521.png,#fad7a0,2,58.041631,1.978692,0.079148,0.040000
z_0195_645.247104.png,#0e6251,1,52.870058,1.802388,0.072096,0.040000
z_0195_645.247104.png,#117a65,4,283.320851,9.658665,0.386347,0.040000
z_0195_645.247104.png,#145a32,4,264.350288,9.011942,0.360478,0.040000
z_0195_645.247104.png,#154360,5,137.296465,4.680561,0.187222,0.040000
z_0195_645.247104.png,#196f3d,8,437.788889,14.924621,0.596985,0.040000
z_0195_645.247104.png,#1b4f72,12,801.411255,27.320838,1.092834,0.040000
z_0195_645.247104.png,#2e4053,5,410.132034,13.981774,0.559271,0.040000
z_0195_645.247104.png,#2ecc71,1,30.970563,1.055815,0.042233,0.040000
z_0195_645.247104.png,#3b3b98,2,118.811183,4.050381,0.162015,0.040000
z_0195_645.247104.png,#45b39d,10,622.399062,21.218150,0.848726,0.040000
z_0195_645.247104.png,#48c9b0,7,255.036580,8.694429,0.347777,0.040000
z_0195_645.247104.png,#4a235a,2,117.154329,3.993898,0.159756,0.040000
z_0195_645.247104.png,#512e5f,4,230.308658,7.851432,0.314057,0.040000
z_0195_645.247104.png,#52be80,2,71.112698,2.424297,0.096972,0.040000
z_0195_645.247104.png,#5499c7,4,211.480231,7.209553,0.288382,0.040000
z_0195_645.247104.png,#73c6b6,1,52.870058,1.802388,0.072096,0.040000
z_0195_645.247104.png,#7b241c,1,61.941125,2.111629,0.084465,0.040000
z_0195_645.247104.png,#82e0aa,2,85.254834,2.906415,0.116257,0.040000
z_0195_645.247104.png,#85c1e9,4,127.882251,4.359622,0.174385,0.040000
z_0195_645.247104.png,#922b21,7,460.901587,15.712554,0.628502,0.040000
z_0195_645.247104.png,#9a7d0a,7,843.678282,28.761760,1.150470,0.040000
z_0195_645.247104.png,#a2d9ce,9,39.455844,1.345086,0.053803,0.040000
z_0195_645.247104.png,#a3e4d7,9,72.769553,2.480780,0.099231,0.040000
z_0195_645.247104.png,#a9cce3,8,134.367532,4.580711,0.183228,0.040000
z_0195_645.247104.png,#af601a,3,238.894444,8.144129,0.325765,0.040000
z_0195_645.247104.png,#af7ac5,4,229.722871,7.831462,0.313258,0.040000
z_0195_645.247104.png,#b9770e,2,65.698485,2.239721,0.089589,0.040000
z_0195_645.247104.png,#cb4335,1,88.669048,3.022808,0.120912,0.040000
z_0195_645.247104.png,#d2b4de,5,116.568542,3.973928,0.158957,0.040000
z_0195_645.247104.png,#d35400,4,219.965512,7.498824,0.299953,0.040000
z_0195_645.247104.png,#d68910,1,67.597980,2.304477,0.092179,0.040000
z_0195_645.247104.png,#e74c3c,3,224.551299,7.655158,0.306206,0.040000
z_0195_645.247104.png,#edbb99,8,1110.354473,37.852993,1.514120,0.040000
z_0195_645.247104.png,#f1948a,2,102.124892,3.481530,0.139261,0.040000
z_0195_645.247104.png,#f58231,3,133.438600,4.549043,0.181962,0.040000
z_0195_645.247104.png,#f7dc6f,1,21.313708,0.726604,0.029064,0.040000
z_0195_645.247104.png,#f8c471,2,242.450793,8.265368,0.330615,0.040000
z_0195_645.247104.png,#fad7a0,2,59.698485,2.035176,0.081407,0.040000
z_0196_646.258687.png,#0e6251,1,51.213203,1.745905,0.069836,0.040000
z_0196_646.258687.png,#117a65,4,289.320851,9.863211,0.394528,0.040000
z_0196_646.258687.png,#145a32,4,276.936075,9.441003,0.377640,0.040000
z_0196_646.258687.png,#154360,5,157.781746,5.378923,0.215157,0.040000
z_0196_646.258687.png,#196f3d,8,391.989899,13.363292,0.534532,0.040000
z_0196_646.258687.png,#1b4f72,9,815.695526,27.807802,1.112312,0.040000
z_0196_646.258687.png,#2e4053,6,378.232539,12.894291,0.515772,0.040000
z_0196_646.258687.png,#2ecc71,1,34.970563,1.192178,0.047687,0.040000
z_0196_646.258687.png,#3b3b98,2,113.154329,3.857534,0.154301,0.040000
z_0196_646.258687.png,#45b39d,11,628.884343,21.439239,0.857570,0.040000
z_0196_646.258687.png,#48c9b0,8,304.592929,10.383850,0.415354,0.040000
z_0196_646.258687.png,#4a235a,2,113.982756,3.885776,0.155431,0.040000
z_0196_646.258687.png,#512e5f,4,227.722871,7.763280,0.310531,0.040000
z_0196_646.258687.png,#52be80,2,79.012193,2.693597,0.107744,0.040000
z_0196_646.258687.png,#5499c7,4,206.509668,7.040102,0.281604,0.040000
z_0196_646.258687.png,#73c6b6,1,53.698485,1.830630,0.073225,0.040000
z_0196_646.258687.png,#7b241c,1,60.284271,2.055146,0.082206,0.040000
z_0196_646.258687.png,#82e0aa,2,77.941125,2.657084,0.106283,0.040000
z_0196_646.258687.png,#85c1e9,4,118.225397,4.030411,0.161216,0.040000
z_0196_646.258687.png,#922b21,8,531.185858,18.108609,0.724344,0.040000
z_0196_646.258687.png,#9a7d0a,8,804.607214,27.429791,1.097192,0.040000
z_0196_646.258687.png,#a2d9ce,17,94.083261,3.207384,0.128295,0.040000
z_0196_646.258687.png,#a3e4d7,14,138.911688,4.735626,0.189425,0.040000
z_0196_646.258687.png,#a9cce3,10,175.681241,5.989133,0.239565,0.040000
z_0196_646.258687.png,#af601a,2,270.592929,9.224759,0.368990,0.040000
z_0196_646.258687.png,#af7ac5,4,235.237590,8.019463,0.320779,0.040000
z_0196_646.258687.png,#b9770e,3,90.568542,3.087564,0.123503,0.040000
z_0196_646.258687.png,#cb4335,1,112.568542,3.837564,0.153503,0.040000
z_0196_646.258687.png,#d2b4de,3,114.325902,3.897474,0.155899,0.040000
z_0196_646.258687.png,#d35400,4,200.994949,6.852101,0.274084,0.040000
z_0196_646.258687.png,#d68910,1,62.183766,2.119901,0.084796,0.040000
z_0196_646.258687.png,#e74c3c,3,193.480231,6.595917,0.263837,0.040000
z_0196_646.258687.png,#edbb99,8,1162.822510,39.641676,1.585667,0.040000
z_0196_646.258687.png,#f1948a,1,98.568542,3.360291,0.134412,0.040000
z_0196_646.258687.png,#f58231,3,133.296465,4.544198,0.181768,0.040000
z_0196_646.258687.png,#f7dc6f,1,20.485281,0.698362,0.027934,0.040000
z_0196_646.258687.png,#f8c471,2,233.722871,7.967825,0.318713,0.040000
z_0196_646.258687.png,#fad7a0,2,62.526912,2.131599,0.085264,0.040000
z_0197_647.270270.png,#0e6251,1,50.627417,1.725935,0.069037,0.040000
z_0197_647.270270.png,#117a65,4,299.220346,10.200694,0.408028,0.040000
z_0197_647.270270.png,#145a32,4,277.421356,9.457546,0.378302,0.040000
z_0197_647.270270.png,#154360,4,174.509668,5.949193,0.237968,0.040000
z_0197_647.270270.png,#196f3d,6,345.847763,11.790265,0.471611,0.040000
z_0197_647.270270.png,#1b4f72,9,781.796031,26.652137,1.066085,0.040000
z_0197_647.270270.png,#2e4053,5,291.906638,9.951363,0.398055,0.040000
z_0197_647.270270.png,#2ecc71,1,36.727922,1.252088,0.050084,0.040000
z_0197_647.270270.png,#3b3b98,2,108.568542,3.701200,0.148048,0.040000
z_0197_647.270270.png,#45b39d,9,625.913780,21.337970,0.853519,0.040000
z_0197_647.270270.png,#48c9b0,7,319.119841,10.879085,0.435163,0.040000
z_0197_647.270270.png,#4a235a,2,110.083261,3.752838,0.150114,0.040000
z_0197_647.270270.png,#512e5f,4,230.450793,7.856277,0.314251,0.040000
z_0197_647.270270.png,#52be80,2,81.355339,2.773477,0.110939,0.040000
z_0197_647.270270.png,#5499c7,4,209.580736,7.144798,0.285792,0.040000
z_0197_647.270270.png,#73c6b6,1,57.698485,1.966994,0.078680,0.040000
z_0197_647.270270.png,#7b241c,1,58.284271,1.986964,0.079479,0.040000
z_0197_647.270270.png,#82e0aa,3,95.497475,3.255596,0.130224,0.040000
z_0197_647.270270.png,#85c1e9,4,111.982756,3.817594,0.152704,0.040000
z_0197_647.270270.png,#922b21,8,601.026479,20.489539,0.819582,0.040000
z_0197_647.270270.png,#9a7d0a,9,810.121933,27.617793,1.104712,0.040000
z_0197_647.270270.png,#a2d9ce,15,100.426407,3.423628,0.136945,0.040000
z_0197_647.270270.png,#a3e4d7,13,86.669048,2.954627,0.118185,0.040000
z_0197_647.270270.png,#a9cce3,7,149.781746,5.106196,0.204248,0.040000
z_0197_647.270270.png,#af601a,2,266.350288,9.080123,0.363205,0.040000
z_0197_647.270270.png,#af7ac5,4,226.409163,7.718494,0.308740,0.040000
z_0197_647.270270.png,#b9770e,3,86.183766,2.938083,0.117523,0.040000
z_0197_647.270270.png,#cb4335,1,119.396970,4.070351,0.162814,0.040000
z_0197_647.270270.png,#d2b4de,3,121.982756,4.158503,0.166340,0.040000
z_0197_647.270270.png,#d35400,4,198.894444,6.780492,0.271220,0.040000
z_0197_647.270270.png,#d68910,1,54.526912,1.858872,0.074355,0.040000
z_0197_647.270270.png,#e74c3c,4,158.166522,5.392041,0.215682,0.040000
z_0197_647.270270.png,#edbb99,7,1102.839754,37.596810,1.503872,0.040000
z_0197_647.270270.png,#f1948a,1,97.982756,3.340321,0.133613,0.040000
z_0197_647.270270.png,#f58231,3,123.296465,4.203289,0.168132,0.040000
z_0197_647.270270.png,#f7dc6f,1,25.313708,0.862967,0.034519,0.040000
z_0197_647.270270.png,#f8c471,2,230.208153,7.848005,0.313920,0.040000
z_0197_647.270270.png,#fad7a0,2,61.455844,2.095086,0.083803,0.040000
z_0198_648.281853.png,#0e6251,1,50.041631,1.705965,0.068239,0.040000
z_0198_648.281853.png,#117a65,4,303.948268,10.361873,0.414475,0.040000
z_0198_648.281853.png,#145a32,4,287.421356,9.798455,0.391938,0.040000
z_0198_648.281853.png,#154360,4,170.267027,5.804558,0.232182,0.040000
z_0198_648.281853.png,#196f3d,6,294.391919,10.036088,0.401444,0.040000
z_0198_648.281853.png,#1b4f72,9,769.352380,26.227922,1.049117,0.040000
z_0198_648.281853.png,#2e4053,3,224.752309,7.662011,0.306480,0.040000
z_0198_648.281853.png,#2ecc71,1,44.627417,1.521389,0.060856,0.040000
z_0198_648.281853.png,#3b3b98,2,103.497475,3.528323,0.141133,0.040000
z_0198_648.281853.png,#45b39d,8,607.813275,20.720907,0.828836,0.040000
z_0198_648.281853.png,#48c9b0,7,326.977705,11.146967,0.445879,0.040000
z_0198_648.281853.png,#4a235a,2,106.911688,3.644717,0.145789,0.040000
z_0198_648.281853.png,#512e5f,4,249.379726,8.501582,0.340063,0.040000
z_0198_648.281853.png,#52be80,2,88.183766,3.006265,0.120251,0.040000
z_0198_648.281853.png,#5499c7,4,208.994949,7.124828,0.284993,0.040000
z_0198_648.281853.png,#73c6b6,2,82.426407,2.809991,0.112400,0.040000
z_0198_648.281853.png,#7b241c,1,55.798990,1.902238,0.076090,0.040000
z_0198_648.281853.png,#82e0aa,3,87.012193,2.966325,0.118653,0.040000
z_0198_648.281853.png,#85c1e9,3,87.254834,2.974597,0.118984,0.040000
z_0198_648.281853.png,#922b21,7,615.896536,20.996473,0.839859,0.040000
z_0198_648.281853.png,#9a7d0a,9,818.364574,27.898792,1.115952,0.040000
z_0198_648.281853.png,#a2d9ce,20,112.568542,3.837564,0.153503,0.040000
z_0198_648.281853.png,#a3e4d7,17,109.882251,3.745986,0.149839,0.040000
z_0198_648.281853.png,#a9cce3,11,153.539105,5.234288,0.209372,0.040000
z_0198_648.281853.png,#af601a,3,289.663997,9.874909,0.394996,0.040000
z_0198_648.281853.png,#af7ac5,4,230.166522,7.846586,0.313863,0.040000
z_0198_648.281853.png,#b9770e,2,95.355339,3.250750,0.130030,0.040000
z_0198_648.281853.png,#bb8fce,2,5.656854,0.192847,0.007714,0.040000
z_0198_648.281853.png,#cb4335,1,133.396970,4.547624,0.181905,0.040000
z_0198_648.281853.png,#d2b4de,3,121.639610,4.146805,0.165872,0.040000
z_0198_648.281853.png,#d35400,4,192.994949,6.579373,0.263175,0.040000
z_0198_648.281853.png,#d68910,1,42.041631,1.433237,0.057329,0.040000
z_0198_648.281853.png,#e74c3c,2,103.740115,3.536595,0.141464,0.040000
z_0198_648.281853.png,#edbb99,10,1104.655988,37.658727,1.506349,0.040000
z_0198_648.281853.png,#f1948a,1,95.154329,3.243898,0.129756,0.040000
z_0198_648.281853.png,#f58231,2,102.568542,3.496655,0.139866,0.040000
z_0198_648.281853.png,#f7dc6f,1,25.313708,0.862967,0.034519,0.040000
z_0198_648.281853.png,#f8c471,2,229.965512,7.839733,0.313589,0.040000
z_0198_648.281853.png,#fad7a0,2,58.870058,2.006934,0.080277,0.040000
z_0199_649.293436.png,#0e6251,1,50.627417,1.725935,0.069037,0.040000
z_0199_649.293436.png,#117a65,4,311.605122,10.622902,0.424916,0.040000
z_0199_649.293436.png,#145a32,4,290.107648,9.890033,0.395601,0.040000
z_0199_649.293436.png,#154360,4,182.267027,6.213649,0.248546,0.040000
z_0199_649.293436.png,#196f3d,7,252.835570,8.619394,0.344776,0.040000
z_0199_649.293436.png,#1b4f72,10,760.281313,25.918681,1.036747,0.040000
z_0199_649.293436.png,#2e4053,3,213.438600,7.276316,0.291053,0.040000
z_0199_649.293436.png,#2ecc71,1,46.970563,1.601269,0.064051,0.040000
z_0199_649.293436.png,#3b3b98,2,100.911688,3.440171,0.137607,0.040000
z_0199_649.293436.png,#45b39d,7,612.641702,20.885513,0.835421,0.040000
z_0199_649.293436.png,#48c9b0,6,335.948268,11.452782,0.458111,0.040000
z_0199_649.293436.png,#4a235a,2,104.911688,3.576535,0.143061,0.040000
z_0199_649.293436.png,#512e5f,4,251.178716,8.562911,0.342516,0.040000
z_0199_649.293436.png,#52be80,2,92.669048,3.159172,0.126367,0.040000
z_0199_649.293436.png,#5499c7,4,211.480231,7.209553,0.288382,0.040000
z_0199_649.293436.png,#73c6b6,2,92.669048,3.159172,0.126367,0.040000
z_0199_649.293436.png,#7b241c,1,56.526912,1.927054,0.077082,0.040000
z_0199_649.293436.png,#82e0aa,3,93.497475,3.187414,0.127497,0.040000
z_0199_649.293436.png,#85c1e9,3,85.012193,2.898143,0.115926,0.040000
z_0199_649.293436.png,#922b21,7,705.737157,24.059221,0.962369,0.040000
z_0199_649.293436.png,#9a7d0a,10,798.707720,27.228672,1.089147,0.040000
z_0199_649.293436.png,#a2d9ce,13,88.769553,3.026235,0.121049,0.040000
z_0199_649.293436.png,#a3e4d7,6,65.355339,2.228023,0.089121,0.040000
z_0199_649.293436.png,#a9cce3,7,151.296465,5.157834,0.206313,0.040000
z_0199_649.293436.png,#af601a,2,272.793939,9.299793,0.371992,0.040000
z_0199_649.293436.png,#af7ac5,4,233.580736,7.962980,0.318519,0.040000
z_0199_649.293436.png,#b9770e,2,96.183766,3.278992,0.131160,0.040000
z_0199_649.293436.png,#cb4335,1,139.882251,4.768713,0.190749,0.040000
z_0199_649.293436.png,#d2b4de,4,117.882251,4.018713,0.160749,0.040000
z_0199_649.293436.png,#d35400,4,165.195959,5.631680,0.225267,0.040000
z_0199_649.293436.png,#d68910,1,24.142136,0.823027,0.032921,0.040000
z_0199_649.293436.png,#e74c3c,2,97.840620,3.335476,0.133419,0.040000
z_0199_649.293436.png,#edbb99,9,1065.158513,36.312222,1.452489,0.040000
z_0199_649.293436.png,#f1948a,2,100.568542,3.428473,0.137139,0.040000
z_0199_649.293436.png,#f58231,2,99.497475,3.391959,0.135678,0.040000
z_0199_649.293436.png,#f7dc6f,1,26.485281,0.902907,0.036116,0.040000
z_0199_649.293436.png,#f8c471,2,228.208153,7.779823,0.311193,0.040000
z_0199_649.293436.png,#fad7a0,2,55.112698,1.878842,0.075154,0.040000
z_0200_650.305019.png,#0e6251,1,49.213203,1.677723,0.067109,0.040000
z_0200_650.305019.png,#117a65,4,322.190909,10.983781,0.439351,0.040000
z_0200_650.305019.png,#145a32,5,288.936075,9.850093,0.394004,0.040000
z_0200_650.305019.png,#154360,4,189.681241,6.466406,0.258656,0.040000
z_0200_650.305019.png,#196f3d,6,208.066017,7.093160,0.283726,0.040000
z_0200_650.305019.png,#1b4f72,12,751.695526,25.625984,1.025039,0.040000
z_0200_650.305019.png,#2e4053,3,209.781746,7.151650,0.286066,0.040000
z_0200_650.305019.png,#2ecc71,1,51.455844,1.754177,0.070167,0.040000
z_0200_650.305019.png,#3b3b98,2,97.497475,3.323778,0.132951,0.040000
z_0200_650.305019.png,#45b39d,6,615.529004,20.983943,0.839358,0.040000
z_0200_650.305019.png,#48c9b0,6,334.735065,11.411423,0.456457,0.040000
z_0200_650.305019.png,#4a235a,2,104.083261,3.548293,0.141932,0.040000
z_0200_650.305019.png,#512e5f,4,242.793939,8.277066,0.331083,0.040000
z_0200_650.305019.png,#52be80,2,99.740115,3.400231,0.136009,0.040000
z_0200_650.305019.png,#5499c7,4,212.308658,7.237795,0.289512,0.040000
z_0200_650.305019.png,#73c6b6,2,102.669048,3.500081,0.140003,0.040000
z_0200_650.305019.png,#7b241c,1,56.870058,1.938752,0.077550,0.040000
z_0200_650.305019.png,#82e0aa,2,96.911688,3.303808,0.132152,0.040000
z_0200_650.305019.png,#85c1e9,3,89.597980,3.054477,0.122179,0.040000
z_0200_650.305019.png,#922b21,8,782.991991,26.692909,1.067716,0.040000
z_0200_650.305019.png,#9a7d0a,9,802.121933,27.345066,1.093803,0.040000
z_0200_650.305019.png,#a2d9ce,14,61.597980,2.099931,0.083997,0.040000
z_0200_650.305019.png,#a3e4d7,9,91.012193,3.102688,0.124108,0.040000
z_0200_650.305019.png,#a9cce3,7,152.953319,5.214318,0.208573,0.040000
z_0200_650.305019.png,#af601a,2,261.036580,8.898974,0.355959,0.040000
z_0200_650.305019.png,#af7ac5,4,235.480231,8.027735,0.321109,0.040000
z_0200_650.305019.png,#b9770e,2,92.426407,3.150900,0.126036,0.040000
z_0200_650.305019.png,#cb4335,1,140.225397,4.780411,0.191216,0.040000
z_0200_650.305019.png,#d2b4de,5,116.468037,3.970501,0.158820,0.040000
z_0200_650.305019.png,#d35400,6,178.852814,6.097255,0.243890,0.040000
z_0200_650.305019.png,#e74c3c,2,90.325902,3.079292,0.123172,0.040000
z_0200_650.305019.png,#edbb99,10,1070.815367,36.505069,1.460203,0.040000
z_0200_650.305019.png,#f1948a,2,103.396970,3.524897,0.140996,0.040000
z_0200_650.305019.png,#f58231,2,97.254834,3.315506,0.132620,0.040000
z_0200_650.305019.png,#f7dc6f,1,26.970563,0.919451,0.036778,0.040000
z_0200_650.305019.png,#f8c471,2,233.622366,7.964399,0.318576,0.040000
z_0200_650.305019.png,#fad7a0,1,48.041631,1.637783,0.065511,0.040000
z_0201_651.316602.png,#0e6251,1,50.627417,1.725935,0.069037,0.040000
z_0201_651.316602.png,#117a65,4,320.534055,10.927297,0.437092,0.040000
z_0201_651.316602.png,#145a32,5,286.793939,9.777066,0.391083,0.040000
z_0201_651.316602.png,#154360,4,196.852814,6.710891,0.268436,0.040000
z_0201_651.316602.png,#196f3d,6,191.237590,6.519463,0.260779,0.040000
z_0201_651.316602.png,#1b4f72,12,772.322943,26.329191,1.053168,0.040000
z_0201_651.316602.png,#2e4053,3,208.367532,7.103439,0.284138,0.040000
z_0201_651.316602.png,#2ecc71,1,55.455844,1.890540,0.075622,0.040000
z_0201_651.316602.png,#3b3b98,2,93.254834,3.179142,0.127166,0.040000
z_0201_651.316602.png,#45b39d,6,593.771645,20.242215,0.809689,0.040000
z_0201_651.316602.png,#48c9b0,6,319.622366,10.896217,0.435849,0.040000
z_0201_651.316602.png,#4a235a,3,126.710678,4.319682,0.172787,0.040000
z_0201_651.316602.png,#512e5f,4,245.622366,8.373490,0.334940,0.040000
z_0201_651.316602.png,#52be80,2,109.396970,3.729442,0.149178,0.040000
z_0201_651.316602.png,#5499c7,4,211.480231,7.209553,0.288382,0.040000
z_0201_651.316602.png,#73c6b6,2,115.982756,3.953958,0.158158,0.040000
z_0201_651.316602.png,#7b241c,1,56.041631,1.910510,0.076420,0.040000
z_0201_651.316602.png,#82e0aa,2,95.154329,3.243898,0.129756,0.040000
z_0201_651.316602.png,#85c1e9,3,90.183766,3.074447,0.122978,0.040000
z_0201_651.316602.png,#922b21,10,899.134126,30.652300,1.226092,0.040000
z_0201_651.316602.png,#9a7d0a,9,801.536147,27.325096,1.093004,0.040000
z_0201_651.316602.png,#a2d9ce,17,84.083261,2.866475,0.114659,0.040000
z_0201_651.316602.png,#a3e4d7,9,80.669048,2.750081,0.110003,0.040000
z_0201_651.316602.png,#a9cce3,6,153.438600,5.230861,0.209234,0.040000
z_0201_651.316602.png,#af601a,4,216.894444,7.394129,0.295765,0.040000
z_0201_651.316602.png,#af7ac5,4,239.823376,8.175797,0.327032,0.040000
z_0201_651.316602.png,#b9770e,2,93.012193,3.170870,0.126835,0.040000
z_0201_651.316602.png,#bb8fce,1,2.828427,0.096424,0.003857,0.040000
z_0201_651.316602.png,#cb4335,2,139.053824,4.740471,0.189619,0.040000
z_0201_651.316602.png,#d2b4de,4,112.225397,3.825866,0.153035,0.040000
z_0201_651.316602.png,#d35400,6,184.852814,6.301800,0.252072,0.040000
z_0201_651.316602.png,#e74c3c,4,113.639610,3.874078,0.154963,0.040000
z_0201_651.316602.png,#edbb99,12,963.820418,32.857514,1.314301,0.040000
z_0201_651.316602.png,#f1948a,1,101.639610,3.464987,0.138599,0.040000
z_0201_651.316602.png,#f58231,2,102.426407,3.491809,0.139672,0.040000
z_0201_651.316602.png,#f7dc6f,1,28.727922,0.979361,0.039174,0.040000
z_0201_651.316602.png,#f8c471,2,243.279221,8.293610,0.331744,0.040000
z_0201_651.316602.png,#fad7a0,1,52.870058,1.802388,0.072096,0.040000
z_0202_652.328185.png,#0e6251,1,50.627417,1.725935,0.069037,0.040000
z_0202_652.328185.png,#117a65,4,330.090404,11.253082,0.450123,0.040000
z_0202_652.328185.png,#145a32,5,283.764502,9.673790,0.386952,0.040000
z_0202_652.328185.png,#154360,4,203.095454,6.923709,0.276948,0.040000
z_0202_652.328185.png,#196f3d,5,162.710678,5.546955,0.221878,0.040000
z_0202_652.328185.png,#1b4f72,11,743.695526,25.353257,1.014130,0.040000
z_0202_652.328185.png,#2e4053,3,195.296465,6.657834,0.266313,0.040000
z_0202_652.328185.png,#2ecc71,1,60.384776,2.058572,0.082343,0.040000
z_0202_652.328185.png,#3b3b98,2,91.254834,3.110960,0.124438,0.040000
z_0202_652.328185.png,#45b39d,6,573.629509,19.555551,0.782222,0.040000
z_0202_652.328185.png,#48c9b0,6,330.007143,11.250244,0.450010,0.040000
z_0202_652.328185.png,#4a235a,3,121.396970,4.138533,0.165541,0.040000
z_0202_652.328185.png,#512e5f,4,243.279221,8.293610,0.331744,0.040000
z_0202_652.328185.png,#52be80,2,118.811183,4.050381,0.162015,0.040000
z_0202_652.328185.png,#5499c7,4,213.722871,7.286007,0.291440,0.040000
z_0202_652.328185.png,#73c6b6,2,133.053824,4.535926,0.181437,0.040000
z_0202_652.328185.png,#7b241c,1,54.870058,1.870570,0.074823,0.040000
z_0202_652.328185.png,#82e0aa,2,92.083261,3.139202,0.125568,0.040000
z_0202_652.328185.png,#85c1e9,3,93.012193,3.170870,0.126835,0.040000
z_0202_652.328185.png,#922b21,8,946.104689,32.253569,1.290143,0.040000
z_0202_652.328185.png,#9a7d0a,9,786.222438,26.803038,1.072122,0.040000
z_0202_652.328185.png,#a2d9ce,14,93.597980,3.190840,0.127634,0.040000
z_0202_652.328185.png,#a3e4d7,11,128.325902,4.374747,0.174990,0.040000
z_0202_652.328185.png,#a9cce3,9,170.267027,5.804558,0.232182,0.040000
z_0202_652.328185.png,#af601a,4,172.267027,5.872740,0.234910,0.040000
z_0202_652.328185.png,#af7ac5,4,243.722871,8.308734,0.332349,0.040000
z_0202_652.328185.png,#b9770e,2,94.669048,3.227354,0.129094,0.040000
z_0202_652.328185.png,#bb8fce,1,2.828427,0.096424,0.003857,0.040000
z_0202_652.328185.png,#cb4335,2,130.568542,4.451200,0.178048,0.040000
z_0202_652.328185.png,#d2b4de,3,148.367532,5.057984,0.202319,0.040000
z_0202_652.328185.png,#d35400,5,187.338095,6.386526,0.255461,0.040000
z_0202_652.328185.png,#e74c3c,3,147.053824,5.013199,0.200528,0.040000
z_0202_652.328185.png,#edbb99,9,863.193001,29.427034,1.177081,0.040000
z_0202_652.328185.png,#f1948a,1,102.225397,3.484957,0.139398,0.040000
z_0202_652.328185.png,#f58231,2,103.254834,3.520051,0.140802,0.040000
z_0202_652.328185.png,#f7dc6f,1,30.727922,1.047543,0.041902,0.040000
z_0202_652.328185.png,#f8c471,2,235.622366,8.032581,0.321303,0.040000
z_0202_652.328185.png,#fad7a0,1,54.526912,1.858872,0.074355,0.040000
z_0203_653.339768.png,#0e6251,1,52.870058,1.802388,0.072096,0.040000
z_0203_653.339768.png,#117a65,4,335.847763,11.449356,0.457974,0.040000
z_0203_653.339768.png,#145a32,5,284.693434,9.705458,0.388218,0.040000
z_0203_653.339768.png,#154360,4,205.095454,6.991890,0.279676,0.040000
z_0203_653.339768.png,#196f3d,6,121.982756,4.158503,0.166340,0.040000
z_0203_653.339768.png,#1b4f72,12,708.825469,24.164505,0.966580,0.040000
z_0203_653.339768.png,#2e4053,3,145.154329,4.948443,0.197938,0.040000
z_0203_653.339768.png,#2ecc71,1,73.455844,2.504177,0.100167,0.040000
z_0203_653.339768.png,#3b3b98,2,82.426407,2.809991,0.112400,0.040000
z_0203_653.339768.png,#45b39d,6,536.759451,18.298618,0.731945,0.040000
z_0203_653.339768.png,#48c9b0,7,462.132034,15.754501,0.630180,0.040000
z_0203_653.339768.png,#4a235a,3,128.124892,4.367894,0.174716,0.040000
z_0203_653.339768.png,#512e5f,4,244.350288,8.330123,0.333205,0.040000
z_0203_653.339768.png,#52be80,2,120.225397,4.098593,0.163944,0.040000
z_0203_653.339768.png,#5499c7,4,211.237590,7.201281,0.288051,0.040000
z_0203_653.339768.png,#73c6b6,2,150.953319,5.146136,0.205845,0.040000
z_0203_653.339768.png,#7b241c,1,54.627417,1.862298,0.074492,0.040000
z_0203_653.339768.png,#82e0aa,2,81.597980,2.781749,0.111270,0.040000
z_0203_653.339768.png,#85c1e9,3,93.254834,3.179142,0.127166,0.040000
z_0203_653.339768.png,#922b21,9,973.418398,33.184718,1.327389,0.040000
z_0203_653.339768.png,#9a7d0a,9,774.808225,26.413917,1.056557,0.040000
z_0203_653.339768.png,#a2d9ce,12,75.941125,2.588902,0.103556,0.040000
z_0203_653.339768.png,#a3e4d7,11,102.568542,3.496655,0.139866,0.040000
z_0203_653.339768.png,#a9cce3,10,186.166522,6.346586,0.253863,0.040000
z_0203_653.339768.png,#af601a,3,152.367532,5.194348,0.207774,0.040000
z_0203_653.339768.png,#af7ac5,4,252.208153,8.598005,0.343920,0.040000
z_0203_653.339768.png,#b9770e,2,101.740115,3.468413,0.138737,0.040000
z_0203_653.339768.png,#bb8fce,1,2.828427,0.096424,0.003857,0.040000
z_0203_653.339768.png,#cb4335,3,159.539105,5.438833,0.217553,0.040000
z_0203_653.339768.png,#d2b4de,2,132.811183,4.527654,0.181106,0.040000
z_0203_653.339768.png,#d35400,5,177.438600,6.049043,0.241962,0.040000
z_0203_653.339768.png,#e74c3c,3,168.024387,5.728104,0.229124,0.040000
z_0203_653.339768.png,#edbb99,9,813.737157,27.741039,1.109642,0.040000
z_0203_653.339768.png,#f1948a,2,103.296465,3.521470,0.140859,0.040000
z_0203_653.339768.png,#f58231,2,106.669048,3.636445,0.145458,0.040000
z_0203_653.339768.png,#f7dc6f,1,34.970563,1.192178,0.047687,0.040000
z_0203_653.339768.png,#f8c471,2,241.865007,8.245398,0.329816,0.040000
z_0203_653.339768.png,#fad7a0,1,54.284271,1.850600,0.074024,0.040000
z_0204_654.351351.png,#0e6251,1,52.870058,1.802388,0.072096,0.040000
z_0204_654.351351.png,#117a65,4,341.261977,11.633931,0.465357,0.040000
z_0204_654.351351.png,#145a32,5,286.107648,9.753670,0.390147,0.040000
z_0204_654.351351.png,#154360,5,220.308658,7.510522,0.300421,0.040000
z_0204_654.351351.png,#196f3d,4,107.740115,3.672958,0.146918,0.040000
z_0204_654.351351.png,#1b4f72,11,689.026479,23.489539,0.939582,0.040000
z_0204_654.351351.png,#2e4053,3,146.568542,4.996655,0.199866,0.040000
z_0204_654.351351.png,#2ecc71,1,76.284271,2.600600,0.104024,0.040000
z_0204_654.351351.png,#3b3b98,2,78.426407,2.673628,0.106945,0.040000
z_0204_654.351351.png,#45b39d,5,507.102597,17.287589,0.691504,0.040000
z_0204_654.351351.png,#48c9b0,6,435.019336,14.830205,0.593208,0.040000
z_0204_654.351351.png,#4a235a,3,142.953319,4.873409,0.194936,0.040000
z_0204_654.351351.png,#512e5f,4,240.793939,8.208884,0.328355,0.040000
z_0204_654.351351.png,#52be80,2,133.296465,4.544198,0.181768,0.040000
z_0204_654.351351.png,#5499c7,4,208.651804,7.113130,0.284525,0.040000
z_0204_654.351351.png,#73c6b6,2,159.781746,5.447105,0.217884,0.040000
z_0204_654.351351.png,#7b241c,1,57.455844,1.958722,0.078349,0.040000
z_0204_654.351351.png,#82e0aa,2,75.355339,2.568932,0.102757,0.040000
z_0204_654.351351.png,#85c1e9,3,96.669048,3.295536,0.131821,0.040000
z_0204_654.351351.png,#922b21,8,1048.531096,35.745378,1.429815,0.040000
z_0204_654.351351.png,#9a7d0a,11,743.210245,25.336713,1.013469,0.040000
z_0204_654.351351.png,#a2d9ce,19,131.740115,4.491140,0.179646,0.040000
z_0204_654.351351.png,#a3e4d7,9,92.911688,3.167444,0.126698,0.040000
z_0204_654.351351.png,#a9cce3,5,143.639610,4.896805,0.195872,0.040000
z_0204_654.351351.png,#af601a,3,142.852814,4.869982,0.194799,0.040000
z_0204_654.351351.png,#af7ac5,4,237.379726,8.092491,0.323700,0.040000
z_0204_654.351351.png,#b9770e,2,103.982756,3.544867,0.141795,0.040000
z_0204_654.351351.png,#bb8fce,1,2.828427,0.096424,0.003857,0.040000
z_0204_654.351351.png,#cb4335,2,173.681241,5.920951,0.236838,0.040000
z_0204_654.351351.png,#d2b4de,3,126.568542,4.314837,0.172593,0.040000
z_0204_654.351351.png,#d35400,5,177.095454,6.037345,0.241494,0.040000
z_0204_654.351351.png,#e74c3c,3,185.095454,6.310072,0.252403,0.040000
z_0204_654.351351.png,#edbb99,7,694.624458,23.680379,0.947215,0.040000
z_0204_654.351351.png,#f1948a,1,100.811183,3.436745,0.137470,0.040000
z_0204_654.351351.png,#f58231,2,99.840620,3.403658,0.136146,0.040000
z_0204_654.351351.png,#f7dc6f,1,34.970563,1.192178,0.047687,0.040000
z_0204_654.351351.png,#f8c471,2,251.521861,8.574609,0.342984,0.040000
z_0204_654.351351.png,#fad7a0,1,52.526912,1.790690,0.071628,0.040000
z_0205_655.362934.png,#0e6251,1,55.112698,1.878842,0.075154,0.040000
z_0205_655.362934.png,#117a65,5,334.391919,11.399725,0.455989,0.040000
z_0205_655.362934.png,#145a32,5,284.693434,9.705458,0.388218,0.040000
z_0205_655.362934.png,#154360,4,228.551299,7.791522,0.311661,0.040000
z_0205_655.362934.png,#196f3d,4,118.225397,4.030411,0.161216,0.040000
z_0205_655.362934.png,#1b4f72,13,635.511760,21.665174,0.866607,0.040000
z_0205_655.362934.png,#2e4053,3,140.325902,4.783838,0.191354,0.040000
z_0205_655.362934.png,#2ecc71,1,77.698485,2.648812,0.105952,0.040000
z_0205_655.362934.png,#3b3b98,2,77.840620,2.653658,0.106146,0.040000
z_0205_655.362934.png,#45b39d,5,502.274170,17.122983,0.684919,0.040000
z_0205_655.362934.png,#48c9b0,6,399.504617,13.619476,0.544779,0.040000
z_0205_655.362934.png,#4a235a,3,152.953319,5.214318,0.208573,0.040000
z_0205_655.362934.png,#512e5f,5,233.036580,7.944429,0.317777,0.040000
z_0205_655.362934.png,#52be80,3,176.024387,6.000831,0.240033,0.040000
z_0205_655.362934.png,#5499c7,4,205.237590,6.996736,0.279869,0.040000
z_0205_655.362934.png,#73c6b6,1,199.781746,6.810741,0.272430,0.040000
z_0205_655.362934.png,#7b241c,1,56.870058,1.938752,0.077550,0.040000
z_0205_655.362934.png,#82e0aa,2,71.941125,2.452538,0.098102,0.040000
z_0205_655.362934.png,#85c1e9,3,103.254834,3.520051,0.140802,0.040000
z_0205_655.362934.png,#922b21,7,1135.401154,38.706858,1.548274,0.040000
z_0205_655.362934.png,#9a7d0a,10,705.553391,24.052956,0.962118,0.040000
z_0205_655.362934.png,#a2d9ce,14,65.597980,2.236295,0.089452,0.040000
z_0205_655.362934.png,#a3e4d7,9,89.840620,3.062748,0.122510,0.040000
z_0205_655.362934.png,#a9cce3,9,151.781746,5.174378,0.206975,0.040000
z_0205_655.362934.png,#af601a,3,131.296465,4.476016,0.179041,0.040000
z_0205_655.362934.png,#af7ac5,4,248.450793,8.469913,0.338797,0.040000
z_0205_655.362934.png,#b9770e,2,103.982756,3.544867,0.141795,0.040000
z_0205_655.362934.png,#cb4335,2,167.539105,5.711560,0.228462,0.040000
z_0205_655.362934.png,#d2b4de,6,134.124892,4.572439,0.182898,0.040000
z_0205_655.362934.png,#d35400,5,184.994949,6.306646,0.252266,0.040000
z_0205_655.362934.png,#e74c3c,2,194.409163,6.627585,0.265103,0.040000
z_0205_655.362934.png,#edbb99,6,591.369624,20.160328,0.806413,0.040000
z_0205_655.362934.png,#f1948a,2,92.911688,3.167444,0.126698,0.040000
z_0205_655.362934.png,#f58231,2,100.183766,3.415356,0.136614,0.040000
z_0205_655.362934.png,#f7dc6f,1,33.798990,1.152238,0.046090,0.040000
z_0205_655.362934.png,#f8c471,2,259.279221,8.839064,0.353563,0.040000
z_0205_655.362934.png,#fad7a0,1,52.870058,1.802388,0.072096,0.040000
z_0206_656.374517.png,#0e6251,1,52.870058,1.802388,0.072096,0.040000
z_0206_656.374517.png,#117a65,5,321.220346,10.950694,0.438028,0.040000
z_0206_656.374517.png,#145a32,5,290.735065,9.911423,0.396457,0.040000
z_0206_656.374517.png,#154360,4,244.450793,8.333550,0.333342,0.040000
z_0206_656.374517.png,#196f3d,4,131.639610,4.487714,0.179509,0.040000
z_0206_656.374517.png,#1b4f72,12,596.499567,20.335213,0.813409,0.040000
z_0206_656.374517.png,#2e4053,3,144.468037,4.925047,0.197002,0.040000
z_0206_656.374517.png,#2ecc71,1,74.284271,2.532418,0.101297,0.040000
z_0206_656.374517.png,#3b3b98,2,73.597980,2.509022,0.100361,0.040000
z_0206_656.374517.png,#45b39d,5,452.132034,15.413592,0.616544,0.040000
z_0206_656.374517.png,#48c9b0,6,391.989899,13.363292,0.534532,0.040000
z_0206_656.374517.png,#4a235a,2,180.610173,6.157165,0.246287,0.040000
z_0206_656.374517.png,#512e5f,5,215.237590,7.337645,0.293506,0.040000
z_0206_656.374517.png,#52be80,4,247.237590,8.428554,0.337142,0.040000
z_0206_656.374517.png,#5499c7,4,195.338095,6.659253,0.266370,0.040000
z_0206_656.374517.png,#73c6b6,2,261.237590,8.905827,0.356233,0.040000
z_0206_656.374517.png,#7b241c,1,57.112698,1.947024,0.077881,0.040000
z_0206_656.374517.png,#82e0aa,2,71.112698,2.424297,0.096972,0.040000
z_0206_656.374517.png,#85c1e9,4,126.468037,4.311410,0.172456,0.040000
z_0206_656.374517.png,#922b21,6,1070.288455,36.487106,1.459484,0.040000
z_0206_656.374517.png,#9a7d0a,11,686.381818,23.399380,0.935975,0.040000
z_0206_656.374517.png,#a2d9ce,11,51.112698,1.742478,0.069699,0.040000
z_0206_656.374517.png,#a3e4d7,8,103.254834,3.520051,0.140802,0.040000
z_0206_656.374517.png,#a9cce3,8,142.953319,4.873409,0.194936,0.040000
z_0206_656.374517.png,#af601a,3,129.539105,4.416106,0.176644,0.040000
z_0206_656.374517.png,#af7ac5,4,275.421356,9.389364,0.375575,0.040000
z_0206_656.374517.png,#b9770e,2,106.911688,3.644717,0.145789,0.040000
z_0206_656.374517.png,#bb8fce,1,2.828427,0.096424,0.003857,0.040000
z_0206_656.374517.png,#cb4335,2,161.296465,5.498743,0.219950,0.040000
z_0206_656.374517.png,#d2b4de,5,124.811183,4.254927,0.170197,0.040000
z_0206_656.374517.png,#d35400,5,175.923882,5.997405,0.239896,0.040000
z_0206_656.374517.png,#e74c3c,1,207.823376,7.084888,0.283396,0.040000
z_0206_656.374517.png,#edbb99,6,587.955411,20.043934,0.801757,0.040000
z_0206_656.374517.png,#f1948a,2,79.497475,2.710141,0.108406,0.040000
z_0206_656.374517.png,#f58231,1,85.941125,2.929811,0.117192,0.040000
z_0206_656.374517.png,#f7dc6f,1,31.556349,1.075785,0.043031,0.040000
z_0206_656.374517.png,#f8c471,2,262.936075,8.963730,0.358549,0.040000
z_0206_656.374517.png,#fad7a0,1,50.284271,1.714237,0.068569,0.040000
z_0207_657.386100.png,#0e6251,1,53.112698,1.810660,0.072426,0.040000
z_0207_657.386100.png,#117a65,4,310.291414,10.578116,0.423125,0.040000
z_0207_657.386100.png,#145a32,5,299.220346,10.200694,0.408028,0.040000
z_0207_657.386100.png,#154360,6,293.220346,9.996148,0.399846,0.040000
z_0207_657.386100.png,#196f3d,4,139.053824,4.740471,0.189619,0.040000
z_0207_657.386100.png,#1b4f72,12,587.227489,20.019119,0.800765,0.040000
z_0207_657.386100.png,#2e4053,3,141.740115,4.832049,0.193282,0.040000
z_0207_657.386100.png,#2ecc71,1,75.355339,2.568932,0.102757,0.040000
z_0207_657.386100.png,#3b3b98,2,73.112698,2.492478,0.099699,0.040000
z_0207_657.386100.png,#45b39d,5,434.433550,14.810235,0.592409,0.040000
z_0207_657.386100.png,#48c9b0,6,391.989899,13.363292,0.534532,0.040000
z_0207_657.386100.png,#4a235a,3,192.267027,6.554558,0.262182,0.040000
z_0207_657.386100.png,#512e5f,5,206.651804,7.044948,0.281798,0.040000
z_0207_657.386100.png,#52be80,3,271.379726,9.251582,0.370063,0.040000
z_0207_657.386100.png,#5499c7,3,194.610173,6.634438,0.265378,0.040000
z_0207_657.386100.png,#73c6b6,2,385.362482,13.137357,0.525494,0.040000
z_0207_657.386100.png,#7b241c,1,55.213203,1.882268,0.075291,0.040000
z_0207_657.386100.png,#82e0aa,2,75.355339,2.568932,0.102757,0.040000
z_0207_657.386100.png,#85c1e9,4,138.124892,4.708803,0.188352,0.040000
z_0207_657.386100.png,#922b21,7,1110.229581,37.848736,1.513949,0.040000
z_0207_657.386100.png,#9a7d0a,11,659.754401,22.491627,0.899665,0.040000
z_0207_657.386100.png,#a2d9ce,12,67.941125,2.316175,0.092647,0.040000
z_0207_657.386100.png,#a3e4d7,13,121.639610,4.146805,0.165872,0.040000
z_0207_657.386100.png,#a9cce3,8,138.710678,4.728773,0.189151,0.040000
z_0207_657.386100.png,#af601a,3,130.468037,4.447774,0.177911,0.040000
z_0207_657.386100.png,#af7ac5,3,322.534055,10.995479,0.439819,0.040000
z_0207_657.386100.png,#b9770e,2,97.840620,3.335476,0.133419,0.040000
z_0207_657.386100.png,#cb4335,2,158.124892,5.390621,0.215625,0.040000
z_0207_657.386100.png,#d2b4de,4,113.053824,3.854108,0.154164,0.040000
z_0207_657.386100.png,#d35400,5,176.852814,6.029073,0.241163,0.040000
z_0207_657.386100.png,#e74c3c,1,210.793939,7.186157,0.287446,0.040000
z_0207_657.386100.png,#edbb99,4,547.570635,18.667181,0.746687,0.040000
z_0207_657.386100.png,#f1948a,2,58.769553,2.003507,0.080140,0.040000
z_0207_657.386100.png,#f58231,1,84.526912,2.881599,0.115264,0.040000
z_0207_657.386100.png,#f7dc6f,1,33.556349,1.143966,0.045759,0.040000
z_0207_657.386100.png,#f8c471,2,264.007143,9.000244,0.360010,0.040000
z_0207_657.386100.png,#fad7a0,1,49.213203,1.677723,0.067109,0.040000
z_0208_658.397683.png,#0e6251,1,54.526912,1.858872,0.074355,0.040000
z_0208_658.397683.png,#117a65,4,306.634560,10.453451,0.418138,0.040000
z_0208_658.397683.png,#145a32,5,285.320851,9.726847,0.389074,0.040000
z_0208_658.397683.png,#154360,6,307.019336,10.466568,0.418663,0.040000
z_0208_658.397683.png,#196f3d,4,154.124892,5.254258,0.210170,0.040000
z_0208_658.397683.png,#1b4f72,11,563.529004,19.211216,0.768449,0.040000
z_0208_658.397683.png,#2e4053,3,111.840620,3.812748,0.152510,0.040000
z_0208_658.397683.png,#2ecc71,1,73.355339,2.500750,0.100030,0.040000
z_0208_658.397683.png,#3b3b98,2,74.183766,2.528992,0.101160,0.040000
z_0208_658.397683.png,#45b39d,5,429.847763,14.653901,0.586156,0.040000
z_0208_658.397683.png,#48c9b0,6,395.646753,13.487957,0.539518,0.040000
z_0208_658.397683.png,#4a235a,3,148.710678,5.069682,0.202787,0.040000
z_0208_658.397683.png,#512e5f,6,201.823376,6.880342,0.275214,0.040000
z_0208_658.397683.png,#52be80,4,293.137085,9.993310,0.399732,0.040000
z_0208_658.397683.png,#5499c7,3,192.267027,6.554558,0.262182,0.040000
z_0208_658.397683.png,#73c6b6,3,433.806133,14.788845,0.591554,0.040000
z_0208_658.397683.png,#7b241c,1,57.213203,1.950450,0.078018,0.040000
z_0208_658.397683.png,#82e0aa,2,75.698485,2.580630,0.103225,0.040000
z_0208_658.397683.png,#85c1e9,4,153.438600,5.230861,0.209234,0.040000
z_0208_658.397683.png,#922b21,6,1140.614357,38.884580,1.555383,0.040000
z_0208_658.397683.png,#9a7d0a,11,633.854906,21.608690,0.864348,0.040000
z_0208_658.397683.png,#a2d9ce,7,25.798990,0.879511,0.035180,0.040000
z_0208_658.397683.png,#a3e4d7,10,113.154329,3.857534,0.154301,0.040000
z_0208_658.397683.png,#a9cce3,8,140.811183,4.800381,0.192015,0.040000
z_0208_658.397683.png,#af601a,3,124.225397,4.234957,0.169398,0.040000
z_0208_658.397683.png,#af7ac5,2,343.161472,11.698687,0.467947,0.040000
z_0208_658.397683.png,#b9770e,2,87.941125,2.997993,0.119920,0.040000
z_0208_658.397683.png,#cb4335,2,156.124892,5.322439,0.212898,0.040000
z_0208_658.397683.png,#d2b4de,5,105.396970,3.593079,0.143723,0.040000
z_0208_658.397683.png,#d35400,5,159.195959,5.427135,0.217085,0.040000
z_0208_658.397683.png,#e74c3c,1,209.237590,7.133100,0.285324,0.040000
z_0208_658.397683.png,#edbb99,5,537.085353,18.309728,0.732389,0.040000
z_0208_658.397683.png,#f1948a,1,26.142136,0.891209,0.035648,0.040000
z_0208_658.397683.png,#f58231,1,85.840620,2.926385,0.117055,0.040000
z_0208_658.397683.png,#f7dc6f,1,27.556349,0.939421,0.037577,0.040000
z_0208_658.397683.png,#f8c471,2,268.391919,9.149725,0.365989,0.040000
z_0208_658.397683.png,#fad7a0,1,47.556349,1.621239,0.064850,0.040000
z_0209_659.409266.png,#0e6251,1,54.284271,1.850600,0.074024,0.040000
z_0209_659.409266.png,#117a65,4,308.190909,10.506508,0.420260,0.040000
z_0209_659.409266.png,#145a32,5,285.178716,9.722002,0.388880,0.040000
z_0209_659.409266.png,#154360,6,318.291414,10.850844,0.434034,0.040000
z_0209_659.409266.png,#196f3d,4,190.409163,6.491221,0.259649,0.040000
z_0209_659.409266.png,#1b4f72,11,513.629509,17.510097,0.700404,0.040000
z_0209_659.409266.png,#2e4053,3,105.254834,3.588233,0.143529,0.040000
z_0209_659.409266.png,#2ecc71,1,72.769553,2.480780,0.099231,0.040000
z_0209_659.409266.png,#3b3b98,2,74.769553,2.548962,0.101958,0.040000
z_0209_659.409266.png,#45b39d,5,420.676190,14.341234,0.573649,0.040000
z_0209_659.409266.png,#48c9b0,6,408.818326,13.936988,0.557480,0.040000
z_0209_659.409266.png,#4a235a,3,150.367532,5.126166,0.205047,0.040000
z_0209_659.409266.png,#512e5f,4,195.237590,6.655827,0.266233,0.040000
z_0209_659.409266.png,#52be80,3,317.036580,10.808065,0.432323,0.040000
z_0209_659.409266.png,#5499c7,3,188.509668,6.426466,0.257059,0.040000
z_0209_659.409266.png,#73c6b6,5,477.688384,16.284831,0.651393,0.040000
z_0209_659.409266.png,#7b241c,1,58.041631,1.978692,0.079148,0.040000
z_0209_659.409266.png,#82e0aa,2,74.769553,2.548962,0.101958,0.040000
z_0209_659.409266.png,#85c1e9,4,167.438600,5.708134,0.228325,0.040000
z_0209_659.409266.png,#922b21,8,1148.614357,39.157308,1.566292,0.040000
z_0209_659.409266.png,#9a7d0a,11,607.955411,20.725753,0.829030,0.040000
z_0209_659.409266.png,#a2d9ce,9,53.455844,1.822358,0.072894,0.040000
z_0209_659.409266.png,#a3e4d7,9,100.669048,3.431899,0.137276,0.040000
z_0209_659.409266.png,#a9cce3,10,135.882251,4.632349,0.185294,0.040000
z_0209_659.409266.png,#af601a,3,122.710678,4.183319,0.167333,0.040000
z_0209_659.409266.png,#af7ac5,2,333.119841,11.356358,0.454254,0.040000
z_0209_659.409266.png,#b9770e,1,54.384776,1.854026,0.074161,0.040000
z_0209_659.409266.png,#cb4335,2,142.225397,4.848593,0.193944,0.040000
z_0209_659.409266.png,#d2b4de,4,85.982756,2.931230,0.117249,0.040000
z_0209_659.409266.png,#d35400,4,147.639610,5.033169,0.201327,0.040000
z_0209_659.409266.png,#e74c3c,1,207.379726,7.069763,0.282791,0.040000
z_0209_659.409266.png,#edbb99,6,511.529004,17.438489,0.697540,0.040000
z_0209_659.409266.png,#f1948a,2,27.798990,0.947693,0.037908,0.040000
z_0209_659.409266.png,#f58231,1,85.254834,2.906415,0.116257,0.040000
z_0209_659.409266.png,#f7dc6f,1,24.727922,0.842997,0.033720,0.040000
z_0209_659.409266.png,#f8c471,2,265.421356,9.048455,0.361938,0.040000
z_0209_659.409266.png,#fad7a0,1,44.384776,1.513117,0.060525,0.040000
z_0210_660.420849.png,#0e6251,1,52.284271,1.782418,0.071297,0.040000
z_0210_660.420849.png,#117a65,4,309.119841,10.538176,0.421527,0.040000
z_0210_660.420849.png,#145a32,5,292.735065,9.979604,0.399184,0.040000
z_0210_660.420849.png,#154360,6,318.007143,10.841153,0.433646,0.040000
z_0210_660.420849.png,#196f3d,4,202.994949,6.920282,0.276811,0.040000
z_0210_660.420849.png,#1b4f72,9,474.173665,16.165011,0.646600,0.040000
z_0210_660.420849.png,#2e4053,3,110.568542,3.769382,0.150775,0.040000
z_0210_660.420849.png,#2ecc71,1,74.769553,2.548962,0.101958,0.040000
z_0210_660.420849.png,#3b3b98,2,73.597980,2.509022,0.100361,0.040000
z_0210_660.420849.png,#45b39d,5,414.717821,14.138108,0.565524,0.040000
z_0210_660.420849.png,#48c9b0,6,403.989899,13.772383,0.550895,0.040000
z_0210_660.420849.png,#4a235a,4,176.610173,6.020801,0.240832,0.040000
z_0210_660.420849.png,#512e5f,4,193.923882,6.611041,0.264442,0.040000
z_0210_660.420849.png,#52be80,3,362.735065,12.365968,0.494639,0.040000
z_0210_660.420849.png,#5499c7,3,193.095454,6.582800,0.263312,0.040000
z_0210_660.420849.png,#73c6b6,5,481.889394,16.428048,0.657122,0.040000
z_0210_660.420849.png,#7b241c,1,59.698485,2.035176,0.081407,0.040000
z_0210_660.420849.png,#82e0aa,2,73.597980,2.509022,0.100361,0.040000
z_0210_660.420849.png,#85c1e9,4,210.308658,7.169613,0.286785,0.040000
z_0210_660.420849.png,#922b21,7,1119.158513,38.153131,1.526125,0.040000
z_0210_660.420849.png,#9a7d0a,10,605.854906,20.654145,0.826166,0.040000
z_0210_660.420849.png,#a2d9ce,5,16.142136,0.550300,0.022012,0.040000
z_0210_660.420849.png,#a3e4d7,8,105.840620,3.608203,0.144328,0.040000
z_0210_660.420849.png,#a9cce3,8,129.053824,4.399562,0.175982,0.040000
z_0210_660.420849.png,#af601a,3,128.124892,4.367894,0.174716,0.040000
z_0210_660.420849.png,#af7ac5,4,371.362482,12.660085,0.506403,0.040000
z_0210_660.420849.png,#b9770e,1,54.284271,1.850600,0.074024,0.040000
z_0210_660.420849.png,#cb4335,2,134.811183,4.595836,0.183833,0.040000
z_0210_660.420849.png,#d2b4de,3,75.497475,2.573778,0.102951,0.040000
z_0210_660.420849.png,#d35400,4,137.882251,4.700531,0.188021,0.040000
z_0210_660.420849.png,#e74c3c,1,205.137085,6.993310,0.279732,0.040000
z_0210_660.420849.png,#edbb99,6,463.487373,15.800706,0.632028,0.040000
z_0210_660.420849.png,#f1948a,1,28.970563,0.987633,0.039505,0.040000
z_0210_660.420849.png,#f58231,1,83.012193,2.829961,0.113198,0.040000
z_0210_660.420849.png,#f7dc6f,1,24.727922,0.842997,0.033720,0.040000
z_0210_660.420849.png,#f8c471,3,263.663997,8.988545,0.359542,0.040000
z_0210_660.420849.png,#fad7a0,1,37.556349,1.280330,0.051213,0.040000
z_0211_661.432432.png,#0e6251,1,51.698485,1.762448,0.070498,0.040000
z_0211_661.432432.png,#117a65,4,311.563492,10.621483,0.424859,0.040000
z_0211_661.432432.png,#145a32,5,285.906638,9.746817,0.389873,0.040000
z_0211_661.432432.png,#154360,6,334.291414,11.396298,0.455852,0.040000
z_0211_661.432432.png,#196f3d,4,208.308658,7.101432,0.284057,0.040000
z_0211_661.432432.png,#1b4f72,10,517.872150,17.654732,0.706189,0.040000
z_0211_661.432432.png,#2e4053,3,105.982756,3.613049,0.144522,0.040000
z_0211_661.432432.png,#2ecc71,1,72.769553,2.480780,0.099231,0.040000
z_0211_661.432432.png,#3b3b98,2,71.355339,2.432568,0.097303,0.040000
z_0211_661.432432.png,#45b39d,5,405.788889,13.833712,0.553348,0.040000
z_0211_661.432432.png,#48c9b0,5,348.492424,11.880424,0.475217,0.040000
z_0211_661.432432.png,#4a235a,3,177.781746,6.060741,0.242430,0.040000
z_0211_661.432432.png,#512e5f,4,183.923882,6.270132,0.250805,0.040000
z_0211_661.432432.png,#52be80,3,380.048773,12.956208,0.518248,0.040000
z_0211_661.432432.png,#5499c7,3,194.409163,6.627585,0.265103,0.040000
z_0211_661.432432.png,#73c6b6,6,490.173665,16.710466,0.668419,0.040000
z_0211_661.432432.png,#7b241c,1,63.355339,2.159841,0.086394,0.040000
z_0211_661.432432.png,#82e0aa,2,72.183766,2.460810,0.098432,0.040000
z_0211_661.432432.png,#85c1e9,4,229.965512,7.839733,0.313589,0.040000
z_0211_661.432432.png,#922b21,8,1097.602164,37.418256,1.496730,0.040000
z_0211_661.432432.png,#9a7d0a,10,612.683333,20.886932,0.835477,0.040000
z_0211_661.432432.png,#a2d9ce,10,54.284271,1.850600,0.074024,0.040000
z_0211_661.432432.png,#a3e4d7,9,110.083261,3.752838,0.150114,0.040000
z_0211_661.432432.png,#a9cce3,10,131.740115,4.491140,0.179646,0.040000
z_0211_661.432432.png,#af601a,3,128.710678,4.387864,0.175515,0.040000
z_0211_661.432432.png,#af7ac5,4,412.918831,14.076778,0.563071,0.040000
z_0211_661.432432.png,#b9770e,1,52.627417,1.794116,0.071765,0.040000
z_0211_661.432432.png,#bb8fce,1,2.828427,0.096424,0.003857,0.040000
z_0211_661.432432.png,#cb4335,2,126.911688,4.326535,0.173061,0.040000
z_0211_661.432432.png,#d2b4de,2,70.426407,2.400900,0.096036,0.040000
z_0211_661.432432.png,#d35400,4,134.811183,4.595836,0.183833,0.040000
z_0211_661.432432.png,#e74c3c,1,210.551299,7.177885,0.287115,0.040000
z_0211_661.432432.png,#edbb99,4,406.031529,13.841984,0.553679,0.040000
z_0211_661.432432.png,#f1948a,1,23.313708,0.794786,0.031791,0.040000
z_0211_661.432432.png,#f58231,1,80.669048,2.750081,0.110003,0.040000
z_0211_661.432432.png,#f7dc6f,1,22.727922,0.774816,0.030993,0.040000
z_0211_661.432432.png,#f8c471,3,257.178716,8.767456,0.350698,0.040000
z_0211_661.432432.png,#fad7a0,1,36.384776,1.240390,0.049616,0.040000
z_0212_662.444015.png,#0e6251,1,52.284271,1.782418,0.071297,0.040000
z_0212_662.444015.png,#117a65,3,309.220346,10.541603,0.421664,0.040000
z_0212_662.444015.png,#145a32,5,275.663997,9.397636,0.375905,0.040000
z_0212_662.444015.png,#154360,6,343.119841,11.697267,0.467891,0.040000
z_0212_662.444015.png,#196f3d,4,227.722871,7.763280,0.310531,0.040000
z_0212_662.444015.png,#1b4f72,9,555.085353,18.923364,0.756935,0.040000
z_0212_662.444015.png,#2e4053,3,102.325902,3.488383,0.139535,0.040000
z_0212_662.444015.png,#2ecc71,1,74.183766,2.528992,0.101160,0.040000
z_0212_662.444015.png,#3b3b98,2,65.355339,2.228023,0.089121,0.040000
z_0212_662.444015.png,#45b39d,5,400.132034,13.640865,0.545635,0.040000
z_0212_662.444015.png,#48c9b0,6,431.847763,14.722083,0.588883,0.040000
z_0212_662.444015.png,#4a235a,3,177.396970,6.047624,0.241905,0.040000
z_0212_662.444015.png,#512e5f,4,167.539105,5.711560,0.228462,0.040000
z_0212_662.444015.png,#52be80,3,414.291414,14.123571,0.564943,0.040000
z_0212_662.444015.png,#5499c7,3,178.024387,6.069013,0.242761,0.040000
z_0212_662.444015.png,#73c6b6,3,561.345238,19.136769,0.765471,0.040000
z_0212_662.444015.png,#7b241c,1,63.112698,2.151569,0.086063,0.040000
z_0212_662.444015.png,#82e0aa,2,72.526912,2.472508,0.098900,0.040000
z_0212_662.444015.png,#85c1e9,3,252.450793,8.606277,0.344251,0.040000
z_0212_662.444015.png,#922b21,10,970.832611,33.096566,1.323863,0.040000
z_0212_662.444015.png,#9a7d0a,10,635.168614,21.653475,0.866139,0.040000
z_0212_662.444015.png,#a2d9ce,8,36.627417,1.248662,0.049946,0.040000
z_0212_662.444015.png,#a3e4d7,15,125.982756,4.294867,0.171795,0.040000
z_0212_662.444015.png,#a9cce3,8,120.225397,4.098593,0.163944,0.040000
z_0212_662.444015.png,#af601a,4,134.124892,4.572439,0.182898,0.040000
z_0212_662.444015.png,#af7ac5,4,387.705627,13.217237,0.528689,0.040000
z_0212_662.444015.png,#b9770e,1,49.798990,1.697693,0.067908,0.040000
z_0212_662.444015.png,#cb4335,2,119.982756,4.090321,0.163613,0.040000
z_0212_662.444015.png,#d2b4de,5,81.254834,2.770051,0.110802,0.040000
z_0212_662.444015.png,#d35400,4,126.568542,4.314837,0.172593,0.040000
z_0212_662.444015.png,#e74c3c,2,204.651804,6.976766,0.279071,0.040000
z_0212_662.444015.png,#edbb99,5,377.161472,12.857777,0.514311,0.040000
z_0212_662.444015.png,#f1948a,2,26.142136,0.891209,0.035648,0.040000
z_0212_662.444015.png,#f58231,1,81.012193,2.761779,0.110471,0.040000
z_0212_662.444015.png,#f7dc6f,1,24.142136,0.823027,0.032921,0.040000
z_0212_662.444015.png,#f8c471,3,240.350288,8.193760,0.327750,0.040000
z_0212_662.444015.png,#fad7a0,1,37.213203,1.268632,0.050745,0.040000
z_0213_663.455598.png,#0e6251,1,51.798990,1.765875,0.070635,0.040000
z_0213_663.455598.png,#117a65,3,307.078210,10.468575,0.418743,0.040000
z_0213_663.455598.png,#145a32,5,278.835570,9.505758,0.380230,0.040000
z_0213_663.455598.png,#154360,6,350.634560,11.953451,0.478138,0.040000
z_0213_663.455598.png,#196f3d,4,260.350288,8.875578,0.355023,0.040000
z_0213_663.455598.png,#1b4f72,9,571.671140,19.488789,0.779552,0.040000
z_0213_663.455598.png,#2e4053,3,88.325902,3.011110,0.120444,0.040000
z_0213_663.455598.png,#2ecc71,1,70.769553,2.412598,0.096504,0.040000
z_0213_663.455598.png,#3b3b98,2,63.597980,2.168113,0.086725,0.040000
z_0213_663.455598.png,#45b39d,5,403.102597,13.742134,0.549685,0.040000
z_0213_663.455598.png,#48c9b0,6,480.232539,16.371564,0.654863,0.040000
z_0213_663.455598.png,#4a235a,3,178.610173,6.088983,0.243559,0.040000
z_0213_663.455598.png,#512e5f,4,154.225397,5.257684,0.210307,0.040000
z_0213_663.455598.png,#52be80,3,429.605122,14.645629,0.585825,0.040000
z_0213_663.455598.png,#5499c7,3,178.852814,6.097255,0.243890,0.040000
z_0213_663.455598.png,#73c6b6,4,580.215295,19.780067,0.791203,0.040000
z_0213_663.455598.png,#7b241c,1,64.183766,2.188083,0.087523,0.040000
z_0213_663.455598.png,#82e0aa,2,71.112698,2.424297,0.096972,0.040000
z_0213_663.455598.png,#85c1e9,3,267.663997,9.124909,0.364996,0.040000
z_0213_663.455598.png,#922b21,8,903.862048,30.813479,1.232539,0.040000
z_0213_663.455598.png,#9a7d0a,10,622.541197,21.222995,0.848920,0.040000
z_0213_663.455598.png,#a2d9ce,9,33.455844,1.140540,0.045622,0.040000
z_0213_663.455598.png,#a3e4d7,12,96.325902,3.283838,0.131354,0.040000
z_0213_663.455598.png,#a9cce3,11,152.710678,5.206046,0.208242,0.040000
z_0213_663.455598.png,#af601a,3,109.396970,3.729442,0.149178,0.040000
z_0213_663.455598.png,#af7ac5,4,360.977705,12.306058,0.492242,0.040000
z_0213_663.455598.png,#b9770e,1,50.627417,1.725935,0.069037,0.040000
z_0213_663.455598.png,#cb4335,2,113.740115,3.877504,0.155100,0.040000
z_0213_663.455598.png,#d2b4de,2,66.183766,2.256265,0.090251,0.040000
z_0213_663.455598.png,#d35400,4,129.539105,4.416106,0.176644,0.040000
z_0213_663.455598.png,#e74c3c,2,206.066017,7.024978,0.280999,0.040000
z_0213_663.455598.png,#edbb99,4,325.220346,11.087057,0.443482,0.040000
z_0213_663.455598.png,#f1948a,1,23.313708,0.794786,0.031791,0.040000
z_0213_663.455598.png,#f58231,1,81.254834,2.770051,0.110802,0.040000
z_0213_663.455598.png,#f7dc6f,1,21.899495,0.746574,0.029863,0.040000
z_0213_663.455598.png,#f8c471,3,207.379726,7.069763,0.282791,0.040000
z_0213_663.455598.png,#fad7a0,1,35.798990,1.220420,0.048817,0.040000
z_0214_664.467181.png,#0e6251,1,52.870058,1.802388,0.072096,0.040000
z_0214_664.467181.png,#117a65,3,301.421356,10.275728,0.411029,0.040000
z_0214_664.467181.png,#145a32,5,289.421356,9.866637,0.394665,0.040000
z_0214_664.467181.png,#154360,6,348.977705,11.896967,0.475879,0.040000
z_0214_664.467181.png,#196f3d,3,272.592929,9.292941,0.371718,0.040000
z_0214_664.467181.png,#1b4f72,10,553.771645,18.878579,0.755143,0.040000
z_0214_664.467181.png,#2e4053,3,103.982756,3.544867,0.141795,0.040000
z_0214_664.467181.png,#2ecc71,1,68.526912,2.336145,0.093446,0.040000
z_0214_664.467181.png,#3b3b98,2,60.284271,2.055146,0.082206,0.040000
z_0214_664.467181.png,#45b39d,5,383.989899,13.090565,0.523623,0.040000
z_0214_664.467181.png,#48c9b0,6,522.374675,17.808228,0.712329,0.040000
z_0214_664.467181.png,#4a235a,3,169.781746,5.788014,0.231521,0.040000
z_0214_664.467181.png,#512e5f,5,96.426407,3.287264,0.131491,0.040000
z_0214_664.467181.png,#52be80,3,449.060967,15.308897,0.612356,0.040000
z_0214_664.467181.png,#5499c7,3,177.781746,6.060741,0.242430,0.040000
z_0214_664.467181.png,#73c6b6,3,643.327994,21.931636,0.877265,0.040000
z_0214_664.467181.png,#7b241c,1,65.012193,2.216325,0.088653,0.040000
z_0214_664.467181.png,#82e0aa,3,72.284271,2.464237,0.098569,0.040000
z_0214_664.467181.png,#85c1e9,3,275.220346,9.382512,0.375300,0.040000
z_0214_664.467181.png,#922b21,9,744.038672,25.364955,1.014598,0.040000
z_0214_664.467181.png,#9a7d0a,9,605.269119,20.634175,0.825367,0.040000
z_0214_664.467181.png,#a2d9ce,6,16.970563,0.578542,0.023142,0.040000
z_0214_664.467181.png,#a3e4d7,6,68.769553,2.344417,0.093777,0.040000
z_0214_664.467181.png,#a9cce3,8,122.811183,4.186745,0.167470,0.040000
z_0214_664.467181.png,#af601a,3,112.669048,3.840990,0.153640,0.040000
z_0214_664.467181.png,#af7ac5,4,351.764502,11.991972,0.479679,0.040000
z_0214_664.467181.png,#b9770e,1,51.455844,1.754177,0.070167,0.040000
z_0214_664.467181.png,#cb4335,2,101.396970,3.456715,0.138269,0.040000
z_0214_664.467181.png,#d2b4de,3,63.355339,2.159841,0.086394,0.040000
z_0214_664.467181.png,#d35400,4,119.740115,4.082049,0.163282,0.040000
z_0214_664.467181.png,#e74c3c,2,194.308658,6.624159,0.264966,0.040000
z_0214_664.467181.png,#edbb99,3,288.249783,9.826697,0.393068,0.040000
z_0214_664.467181.png,#f1948a,1,24.485281,0.834726,0.033389,0.040000
z_0214_664.467181.png,#f58231,1,82.426407,2.809991,0.112400,0.040000
z_0214_664.467181.png,#f7dc6f,1,21.313708,0.726604,0.029064,0.040000
z_0214_664.467181.png,#f8c471,3,205.823376,7.016706,0.280668,0.040000
z_0214_664.467181.png,#fad7a0,1,35.213203,1.200450,0.048018,0.040000
z_0215_665.478764.png,#0e6251,1,52.041631,1.774146,0.070966,0.040000
z_0215_665.478764.png,#117a65,3,292.936075,9.986457,0.399458,0.040000
z_0215_665.478764.png,#145a32,5,293.421356,10.003001,0.400120,0.040000
z_0215_665.478764.png,#154360,6,364.149278,12.414180,0.496567,0.040000
z_0215_665.478764.png,#196f3d,3,281.663997,9.602182,0.384087,0.040000
z_0215_665.478764.png,#1b4f72,9,542.700577,18.501156,0.740046,0.040000
z_0215_665.478764.png,#2e4053,3,109.154329,3.721170,0.148847,0.040000
z_0215_665.478764.png,#2ecc71,1,69.355339,2.364387,0.094575,0.040000
z_0215_665.478764.png,#3b3b98,2,63.355339,2.159841,0.086394,0.040000
z_0215_665.478764.png,#45b39d,5,370.960461,12.646379,0.505855,0.040000
z_0215_665.478764.png,#48c9b0,6,560.801082,19.118219,0.764729,0.040000
z_0215_665.478764.png,#4a235a,3,165.539105,5.643379,0.225735,0.040000
z_0215_665.478764.png,#512e5f,2,48.870058,1.666025,0.066641,0.040000
z_0215_665.478764.png,#52be80,4,451.060967,15.377078,0.615083,0.040000
z_0215_665.478764.png,#5499c7,3,174.124892,5.936076,0.237443,0.040000
z_0215_665.478764.png,#73c6b6,3,664.984848,22.669938,0.906798,0.040000
z_0215_665.478764.png,#7b241c,1,65.597980,2.236295,0.089452,0.040000
z_0215_665.478764.png,#82e0aa,2,72.870058,2.484207,0.099368,0.040000
z_0215_665.478764.png,#85c1e9,3,248.249783,8.463061,0.338522,0.040000
z_0215_665.478764.png,#922b21,9,613.612265,20.918600,0.836744,0.040000
z_0215_665.478764.png,#9a7d0a,9,604.055916,20.592815,0.823713,0.040000
z_0215_665.478764.png,#a2d9ce,8,32.627417,1.112298,0.044492,0.040000
z_0215_665.478764.png,#a3e4d7,13,117.396970,4.002169,0.160087,0.040000
z_0215_665.478764.png,#a9cce3,8,129.053824,4.399562,0.175982,0.040000
z_0215_665.478764.png,#af601a,3,114.669048,3.909172,0.156367,0.040000
z_0215_665.478764.png,#af7ac5,3,100.911688,3.440171,0.137607,0.040000
z_0215_665.478764.png,#b9770e,1,47.798990,1.629511,0.065180,0.040000
z_0215_665.478764.png,#cb4335,2,98.083261,3.343748,0.133750,0.040000
z_0215_665.478764.png,#d2b4de,3,46.041631,1.569601,0.062784,0.040000
z_0215_665.478764.png,#d35400,3,111.740115,3.809322,0.152373,0.040000
z_0215_665.478764.png,#e74c3c,2,191.823376,6.539433,0.261577,0.040000
z_0215_665.478764.png,#edbb99,3,274.693434,9.364549,0.374582,0.040000
z_0215_665.478764.png,#f1948a,2,25.313708,0.862967,0.034519,0.040000
z_0215_665.478764.png,#f58231,1,80.669048,2.750081,0.110003,0.040000
z_0215_665.478764.png,#f7dc6f,1,18.485281,0.630180,0.025207,0.040000
z_0215_665.478764.png,#f8c471,3,174.267027,5.940921,0.237637,0.040000
z_0215_665.478764.png,#fad7a0,1,33.798990,1.152238,0.046090,0.040000
z_0216_666.490347.png,#0e6251,1,52.041631,1.774146,0.070966,0.040000
z_0216_666.490347.png,#117a65,3,289.178716,9.858365,0.394335,0.040000
z_0216_666.490347.png,#145a32,5,301.421356,10.275728,0.411029,0.040000
z_0216_666.490347.png,#154360,5,364.877200,12.438995,0.497560,0.040000
z_0216_666.490347.png,#196f3d,3,297.563492,10.144210,0.405768,0.040000
z_0216_666.490347.png,#1b4f72,9,537.043723,18.308309,0.732332,0.040000
z_0216_666.490347.png,#2e4053,3,101.012193,3.443597,0.137744,0.040000
z_0216_666.490347.png,#2ecc71,1,68.526912,2.336145,0.093446,0.040000
z_0216_666.490347.png,#3b3b98,2,66.769553,2.276235,0.091049,0.040000
z_0216_666.490347.png,#45b39d,5,386.374675,13.171864,0.526875,0.040000
z_0216_666.490347.png,#48c9b0,6,572.315801,19.510766,0.780431,0.040000
z_0216_666.490347.png,#4a235a,4,157.195959,5.358953,0.214358,0.040000
z_0216_666.490347.png,#512e5f,2,40.384776,1.376754,0.055070,0.040000
z_0216_666.490347.png,#52be80,4,469.546248,16.007258,0.640290,0.040000
z_0216_666.490347.png,#5499c7,3,166.610173,5.679892,0.227196,0.040000
z_0216_666.490347.png,#73c6b6,4,641.529004,21.870307,0.874812,0.040000
z_0216_666.490347.png,#7b241c,1,65.355339,2.228023,0.089121,0.040000
z_0216_666.490347.png,#82e0aa,2,66.284271,2.259691,0.090388,0.040000
z_0216_666.490347.png,#85c1e9,3,197.237590,6.724009,0.268960,0.040000
z_0216_666.490347.png,#922b21,7,505.487373,17.232524,0.689301,0.040000
z_0216_666.490347.png,#9a7d0a,8,571.671140,19.488789,0.779552,0.040000
z_0216_666.490347.png,#a2d9ce,7,27.798990,0.947693,0.037908,0.040000
z_0216_666.490347.png,#a3e4d7,18,158.710678,5.410591,0.216424,0.040000
z_0216_666.490347.png,#a9cce3,7,131.195959,4.472590,0.178904,0.040000
z_0216_666.490347.png,#af601a,3,112.669048,3.840990,0.153640,0.040000
z_0216_666.490347.png,#af7ac5,3,106.568542,3.633018,0.145321,0.040000
z_0216_666.490347.png,#b9770e,1,49.213203,1.677723,0.067109,0.040000
z_0216_666.490347.png,#bb8fce,1,2.828427,0.096424,0.003857,0.040000
z_0216_666.490347.png,#cb4335,2,95.740115,3.263868,0.130555,0.040000
z_0216_666.490347.png,#d2b4de,2,21.313708,0.726604,0.029064,0.040000
z_0216_666.490347.png,#d35400,3,117.396970,4.002169,0.160087,0.040000
z_0216_666.490347.png,#e74c3c,2,177.580736,6.053889,0.242156,0.040000
z_0216_666.490347.png,#edbb99,3,257.865007,8.790853,0.351634,0.040000
z_0216_666.490347.png,#f1948a,1,21.899495,0.746574,0.029863,0.040000
z_0216_666.490347.png,#f58231,1,80.183766,2.733537,0.109341,0.040000
z_0216_666.490347.png,#f7dc6f,1,19.899495,0.678392,0.027136,0.040000
z_0216_666.490347.png,#f8c471,4,115.882251,3.950531,0.158021,0.040000
z_0216_666.490347.png,#fad7a0,1,32.970563,1.123996,0.044960,0.040000
z_0217_667.501931.png,#0e6251,1,50.970563,1.737633,0.069505,0.040000
z_0217_667.501931.png,#117a65,3,287.178716,9.790183,0.391607,0.040000
z_0217_667.501931.png,#145a32,4,296.350288,10.102851,0.404114,0.040000
z_0217_667.501931.png,#154360,4,370.048773,12.615299,0.504612,0.040000
z_0217_667.501931.png,#196f3d,3,305.362482,10.410085,0.416403,0.040000
z_0217_667.501931.png,#1b4f72,9,487.102597,16.605770,0.664231,0.040000
z_0217_667.501931.png,#2e4053,3,101.497475,3.460141,0.138406,0.040000
z_0217_667.501931.png,#2ecc71,1,67.698485,2.307903,0.092316,0.040000
z_0217_667.501931.png,#3b3b98,3,107.740115,3.672958,0.146918,0.040000
z_0217_667.501931.png,#45b39d,5,376.717821,12.842653,0.513706,0.040000
z_0217_667.501931.png,#48c9b0,7,633.913780,21.610697,0.864428,0.040000
z_0217_667.501931.png,#4a235a,4,127.639610,4.351350,0.174054,0.040000
z_0217_667.501931.png,#512e5f,2,42.627417,1.453207,0.058128,0.040000
z_0217_667.501931.png,#52be80,4,474.960461,16.191834,0.647673,0.040000
z_0217_667.501931.png,#5499c7,3,167.195959,5.699862,0.227994,0.040000
z_0217_667.501931.png,#73c6b6,4,624.600072,21.293184,0.851727,0.040000
z_0217_667.501931.png,#7b241c,1,62.526912,2.131599,0.085264,0.040000
z_0217_667.501931.png,#82e0aa,2,68.769553,2.344417,0.093777,0.040000
z_0217_667.501931.png,#85c1e9,3,162.852814,5.551800,0.222072,0.040000
z_0217_667.501931.png,#922b21,6,485.688384,16.557559,0.662302,0.040000
z_0217_667.501931.png,#9a7d0a,8,536.215295,18.280067,0.731203,0.040000
z_0217_667.501931.png,#a2d9ce,4,17.313708,0.590240,0.023610,0.040000
z_0217_667.501931.png,#a3e4d7,24,165.095454,5.628254,0.225130,0.040000
z_0217_667.501931.png,#a9cce3,7,109.053824,3.717744,0.148710,0.040000
z_0217_667.501931.png,#af601a,3,111.740115,3.809322,0.152373,0.040000
z_0217_667.501931.png,#af7ac5,3,110.083261,3.752838,0.150114,0.040000
z_0217_667.501931.png,#b9770e,1,50.384776,1.717663,0.068707,0.040000
z_0217_667.501931.png,#cb4335,2,93.396970,3.183988,0.127360,0.040000
z_0217_667.501931.png,#d2b4de,5,28.970563,0.987633,0.039505,0.040000
z_0217_667.501931.png,#d35400,3,119.053824,4.058653,0.162346,0.040000
z_0217_667.501931.png,#e74c3c,2,190.066017,6.479523,0.259181,0.040000
z_0217_667.501931.png,#edbb99,4,218.208153,7.438914,0.297557,0.040000
z_0217_667.501931.png,#f1948a,3,29.899495,1.019301,0.040772,0.040000
z_0217_667.501931.png,#f58231,1,81.597980,2.781749,0.111270,0.040000
z_0217_667.501931.png,#f7dc6f,1,21.556349,0.734876,0.029395,0.040000
z_0217_667.501931.png,#f8c471,2,74.183766,2.528992,0.101160,0.040000
z_0217_667.501931.png,#fad7a0,1,32.384776,1.104026,0.044161,0.040000
z_0218_668.513514.png,#0e6251,1,52.627417,1.794116,0.071765,0.040000
z_0218_668.513514.png,#117a65,3,279.521861,9.529154,0.381166,0.040000
z_0218_668.513514.png,#145a32,5,329.806133,11.243391,0.449736,0.040000
z_0218_668.513514.png,#154360,4,370.634560,12.635269,0.505411,0.040000
z_0218_668.513514.png,#196f3d,3,313.362482,10.682812,0.427312,0.040000
z_0218_668.513514.png,#1b4f72,8,457.303607,15.589896,0.623596,0.040000
z_0218_668.513514.png,#2e4053,3,101.740115,3.468413,0.138737,0.040000
z_0218_668.513514.png,#2ecc71,1,70.183766,2.392628,0.095705,0.040000
z_0218_668.513514.png,#3b3b98,3,123.740115,4.218413,0.168737,0.040000
z_0218_668.513514.png,#45b39d,5,377.889394,12.882593,0.515304,0.040000
z_0218_668.513514.png,#48c9b0,7,691.955411,23.589389,0.943576,0.040000
z_0218_668.513514.png,#4a235a,4,110.669048,3.772808,0.150912,0.040000
z_0218_668.513514.png,#512e5f,2,46.627417,1.589571,0.063583,0.040000
z_0218_668.513514.png,#52be80,4,467.587878,15.940496,0.637620,0.040000
z_0218_668.513514.png,#5499c7,3,163.539105,5.575197,0.223008,0.040000
z_0218_668.513514.png,#73c6b6,4,632.700577,21.569338,0.862774,0.040000
z_0218_668.513514.png,#7b241c,1,64.769553,2.208053,0.088322,0.040000
z_0218_668.513514.png,#82e0aa,2,73.941125,2.520720,0.100829,0.040000
z_0218_668.513514.png,#85c1e9,2,136.468037,4.652319,0.186093,0.040000
z_0218_668.513514.png,#922b21,6,452.031529,15.410166,0.616407,0.040000
z_0218_668.513514.png,#9a7d0a,8,521.386868,17.774552,0.710982,0.040000
z_0218_668.513514.png,#a2d9ce,6,24.970563,0.851269,0.034051,0.040000
z_0218_668.513514.png,#a3e4d7,24,154.752309,5.275647,0.211026,0.040000
z_0218_668.513514.png,#a9cce3,10,134.710678,4.592409,0.183696,0.040000
z_0218_668.513514.png,#af601a,3,111.982756,3.817594,0.152704,0.040000
z_0218_668.513514.png,#af7ac5,3,118.083261,4.025566,0.161023,0.040000
z_0218_668.513514.png,#b9770e,1,55.698485,1.898812,0.075952,0.040000
z_0218_668.513514.png,#cb4335,2,96.568542,3.292109,0.131684,0.040000
z_0218_668.513514.png,#d2b4de,2,22.142136,0.754846,0.030194,0.040000
z_0218_668.513514.png,#d35400,3,120.811183,4.118563,0.164743,0.040000
z_0218_668.513514.png,#e74c3c,2,155.338095,5.295617,0.211825,0.040000
z_0218_668.513514.png,#edbb99,4,170.610173,5.816256,0.232650,0.040000
z_0218_668.513514.png,#f1948a,1,25.313708,0.862967,0.034519,0.040000
z_0218_668.513514.png,#f58231,1,81.012193,2.761779,0.110471,0.040000
z_0218_668.513514.png,#f7dc6f,1,23.556349,0.803057,0.032122,0.040000
z_0218_668.513514.png,#f8c471,2,66.183766,2.256265,0.090251,0.040000
z_0218_668.513514.png,#fad7a0,1,28.727922,0.979361,0.039174,0.040000
z_0219_669.525097.png,#0e6251,1,54.627417,1.862298,0.074492,0.040000
z_0219_669.525097.png,#117a65,3,276.592929,9.429304,0.377172,0.040000
z_0219_669.525097.png,#145a32,5,352.291414,12.009935,0.480397,0.040000
z_0219_669.525097.png,#154360,4,367.078210,12.514030,0.500561,0.040000
z_0219_669.525097.png,#196f3d,3,326.676190,11.136688,0.445468,0.040000
z_0219_669.525097.png,#1b4f72,8,442.232539,15.076109,0.603044,0.040000
z_0219_669.525097.png,#2e4053,3,101.154329,3.448443,0.137938,0.040000
z_0219_669.525097.png,#2ecc71,1,68.526912,2.336145,0.093446,0.040000
z_0219_669.525097.png,#3b3b98,3,145.539105,4.961560,0.198462,0.040000
z_0219_669.525097.png,#45b39d,5,379.060967,12.922533,0.516901,0.040000
z_0219_669.525097.png,#48c9b0,6,732.440692,24.969569,0.998783,0.040000
z_0219_669.525097.png,#4a235a,2,71.355339,2.432568,0.097303,0.040000
z_0219_669.525097.png,#512e5f,2,43.798990,1.493147,0.059726,0.040000
z_0219_669.525097.png,#52be80,4,496.759451,16.934981,0.677399,0.040000
z_0219_669.525097.png,#5499c7,3,164.367532,5.603439,0.224138,0.040000
z_0219_669.525097.png,#73c6b6,3,617.629509,21.055551,0.842222,0.040000
z_0219_669.525097.png,#7b241c,1,63.941125,2.179811,0.087192,0.040000
z_0219_669.525097.png,#82e0aa,2,71.112698,2.424297,0.096972,0.040000
z_0219_669.525097.png,#85c1e9,2,125.053824,4.263199,0.170528,0.040000
z_0219_669.525097.png,#922b21,4,391.747258,13.355020,0.534201,0.040000
z_0219_669.525097.png,#9a7d0a,9,497.244733,16.951525,0.678061,0.040000
z_0219_669.525097.png,#a2d9ce,9,37.455844,1.276904,0.051076,0.040000
z_0219_669.525097.png,#a3e4d7,19,141.539105,4.825197,0.193008,0.040000
z_0219_669.525097.png,#a9cce3,9,120.124892,4.095167,0.163807,0.040000
z_0219_669.525097.png,#af601a,3,116.468037,3.970501,0.158820,0.040000
z_0219_669.525097.png,#af7ac5,3,123.497475,4.210141,0.168406,0.040000
z_0219_669.525097.png,#b9770e,1,57.112698,1.947024,0.077881,0.040000
z_0219_669.525097.png,#cb4335,2,99.639610,3.396805,0.135872,0.040000
z_0219_669.525097.png,#d2b4de,3,24.970563,0.851269,0.034051,0.040000
z_0219_669.525097.png,#d35400,3,128.710678,4.387864,0.175515,0.040000
z_0219_669.525097.png,#e74c3c,2,150.267027,5.122740,0.204910,0.040000
z_0219_669.525097.png,#edbb99,4,130.225397,4.439502,0.177580,0.040000
z_0219_669.525097.png,#f1948a,2,27.899495,0.951119,0.038045,0.040000
z_0219_669.525097.png,#f58231,1,81.597980,2.781749,0.111270,0.040000
z_0219_669.525097.png,#f7dc6f,1,22.142136,0.754846,0.030194,0.040000
z_0219_669.525097.png,#f8c471,2,49.455844,1.685995,0.067440,0.040000
z_0219_669.525097.png,#fad7a0,1,28.727922,0.979361,0.039174,0.040000
z_0220_670.536680.png,#0e6251,1,56.041631,1.910510,0.076420,0.040000
z_0220_670.536680.png,#117a65,3,264.450793,9.015368,0.360615,0.040000
z_0220_670.536680.png,#145a32,5,376.534055,12.836388,0.513456,0.040000
z_0220_670.536680.png,#154360,5,364.634560,12.430724,0.497229,0.040000
z_0220_670.536680.png,#196f3d,4,338.676190,11.545779,0.461831,0.040000
z_0220_670.536680.png,#1b4f72,8,441.060967,15.036169,0.601447,0.040000
z_0220_670.536680.png,#2e4053,3,98.083261,3.343748,0.133750,0.040000
z_0220_670.536680.png,#2ecc71,1,69.941125,2.384357,0.095374,0.040000
z_0220_670.536680.png,#3b3b98,3,155.882251,5.314168,0.212567,0.040000
z_0220_670.536680.png,#45b39d,6,381.847763,13.017537,0.520701,0.040000
z_0220_670.536680.png,#48c9b0,6,751.269119,25.611447,1.024458,0.040000
z_0220_670.536680.png,#4a235a,2,70.526912,2.404327,0.096173,0.040000
z_0220_670.536680.png,#512e5f,2,40.041631,1.365056,0.054602,0.040000
z_0220_670.536680.png,#52be80,4,498.516811,16.994891,0.679796,0.040000
z_0220_670.536680.png,#5499c7,3,160.953319,5.487045,0.219482,0.040000
z_0220_670.536680.png,#73c6b6,3,625.730014,21.331705,0.853268,0.040000
z_0220_670.536680.png,#7b241c,1,64.769553,2.208053,0.088322,0.040000
z_0220_670.536680.png,#82e0aa,2,68.870058,2.347843,0.093914,0.040000
z_0220_670.536680.png,#85c1e9,2,121.982756,4.158503,0.166340,0.040000
z_0220_670.536680.png,#922b21,4,364.291414,12.419025,0.496761,0.040000
z_0220_670.536680.png,#9a7d0a,9,485.830519,16.562404,0.662496,0.040000
z_0220_670.536680.png,#a2d9ce,4,21.313708,0.726604,0.029064,0.040000
z_0220_670.536680.png,#a3e4d7,15,119.882251,4.086895,0.163476,0.040000
z_0220_670.536680.png,#a9cce3,9,148.953319,5.077954,0.203118,0.040000
z_0220_670.536680.png,#af601a,3,117.539105,4.007015,0.160281,0.040000
z_0220_670.536680.png,#af7ac5,3,137.639610,4.692259,0.187690,0.040000
z_0220_670.536680.png,#b9770e,1,61.941125,2.111629,0.084465,0.040000
z_0220_670.536680.png,#cb4335,3,139.195959,4.745317,0.189813,0.040000
z_0220_670.536680.png,#d2b4de,5,33.455844,1.140540,0.045622,0.040000
z_0220_670.536680.png,#d35400,3,133.781746,4.560741,0.182430,0.040000
z_0220_670.536680.png,#e74c3c,3,137.781746,4.697105,0.187884,0.040000
z_0220_670.536680.png,#edbb99,3,115.740115,3.945686,0.157827,0.040000
z_0220_670.536680.png,#f1948a,1,25.899495,0.882937,0.035317,0.040000
z_0220_670.536680.png,#f58231,1,79.355339,2.705296,0.108212,0.040000
z_0220_670.536680.png,#f7dc6f,1,20.727922,0.706634,0.028265,0.040000
z_0220_670.536680.png,#f8c471,1,15.071068,0.513786,0.020551,0.040000
z_0220_670.536680.png,#fad7a0,1,27.899495,0.951119,0.038045,0.040000
z_0221_671.548263.png,#0e6251,1,61.941125,2.111629,0.084465,0.040000
z_0221_671.548263.png,#117a65,3,262.450793,8.947186,0.357887,0.040000
z_0221_671.548263.png,#145a32,5,483.730014,16.490796,0.659632,0.040000
z_0221_671.548263.png,#154360,5,350.149278,11.936907,0.477476,0.040000
z_0221_671.548263.png,#196f3d,3,297.362482,10.137357,0.405494,0.040000
z_0221_671.548263.png,#1b4f72,8,425.989899,14.522383,0.580895,0.040000
z_0221_671.548263.png,#2e4053,4,166.752309,5.684738,0.227390,0.040000
z_0221_671.548263.png,#2ecc71,1,67.698485,2.307903,0.092316,0.040000
z_0221_671.548263.png,#3b3b98,3,161.882251,5.518713,0.220749,0.040000
z_0221_671.548263.png,#45b39d,6,381.261977,12.997567,0.519903,0.040000
z_0221_671.548263.png,#48c9b0,6,765.712770,26.103844,1.044154,0.040000
z_0221_671.548263.png,#4a235a,2,63.355339,2.159841,0.086394,0.040000
z_0221_671.548263.png,#512e5f,2,44.627417,1.521389,0.060856,0.040000
z_0221_671.548263.png,#52be80,5,505.730014,17.240796,0.689632,0.040000
z_0221_671.548263.png,#5499c7,3,159.296465,5.430561,0.217222,0.040000
z_0221_671.548263.png,#73c6b6,3,623.487373,21.255251,0.850210,0.040000
z_0221_671.548263.png,#7b241c,1,67.112698,2.287933,0.091517,0.040000
z_0221_671.548263.png,#82e0aa,2,69.698485,2.376085,0.095043,0.040000
z_0221_671.548263.png,#85c1e9,2,111.982756,3.817594,0.152704,0.040000
z_0221_671.548263.png,#922b21,4,339.119841,11.560904,0.462436,0.040000
z_0221_671.548263.png,#9a7d0a,9,463.203102,15.791015,0.631641,0.040000
z_0221_671.548263.png,#a2d9ce,12,71.941125,2.452538,0.098102,0.040000
z_0221_671.548263.png,#a3e4d7,24,187.923882,6.406496,0.256260,0.040000
z_0221_671.548263.png,#a9cce3,11,168.367532,5.739802,0.229592,0.040000
z_0221_671.548263.png,#af601a,3,111.154329,3.789352,0.151574,0.040000
z_0221_671.548263.png,#af7ac5,3,143.053824,4.876835,0.195073,0.040000
z_0221_671.548263.png,#b9770e,1,60.284271,2.055146,0.082206,0.040000
z_0221_671.548263.png,#cb4335,4,165.681241,5.648224,0.225929,0.040000
z_0221_671.548263.png,#d2b4de,5,37.213203,1.268632,0.050745,0.040000
z_0221_671.548263.png,#d35400,3,134.468037,4.584138,0.183366,0.040000
z_0221_671.548263.png,#e74c3c,2,116.468037,3.970501,0.158820,0.040000
z_0221_671.548263.png,#edbb99,3,109.982756,3.749412,0.149976,0.040000
z_0221_671.548263.png,#f1948a,3,43.112698,1.469751,0.058790,0.040000
z_0221_671.548263.png,#f58231,1,77.698485,2.648812,0.105952,0.040000
z_0221_671.548263.png,#f7dc6f,1,19.899495,0.678392,0.027136,0.040000
z_0221_671.548263.png,#fad7a0,1,28.727922,0.979361,0.039174,0.040000
z_0222_672.559846.png,#0e6251,1,61.941125,2.111629,0.084465,0.040000
z_0222_672.559846.png,#117a65,3,263.036580,8.967156,0.358686,0.040000
z_0222_672.559846.png,#145a32,5,481.730014,16.422614,0.656905,0.040000
z_0222_672.559846.png,#154360,5,351.806133,11.993391,0.479736,0.040000
z_0222_672.559846.png,#196f3d,3,297.362482,10.137357,0.405494,0.040000
z_0222_672.559846.png,#1b4f72,8,427.646753,14.578867,0.583155,0.040000
z_0222_672.559846.png,#2e4053,4,165.580736,5.644798,0.225792,0.040000
z_0222_672.559846.png,#2ecc71,1,67.698485,2.307903,0.092316,0.040000
z_0222_672.559846.png,#3b3b98,3,161.882251,5.518713,0.220749,0.040000
z_0222_672.559846.png,#45b39d,6,380.433550,12.969326,0.518773,0.040000
z_0222_672.559846.png,#48c9b0,6,771.026479,26.284994,1.051400,0.040000
z_0222_672.559846.png,#4a235a,2,65.012193,2.216325,0.088653,0.040000
z_0222_672.559846.png,#512e5f,2,41.213203,1.404996,0.056200,0.040000
z_0222_672.559846.png,#52be80,5,517.386868,17.638189,0.705528,0.040000
z_0222_672.559846.png,#5499c7,3,159.539105,5.438833,0.217553,0.040000
z_0222_672.559846.png,#73c6b6,3,622.658946,21.227010,0.849080,0.040000
z_0222_672.559846.png,#7b241c,1,67.112698,2.287933,0.091517,0.040000
z_0222_672.559846.png,#82e0aa,2,71.112698,2.424297,0.096972,0.040000
z_0222_672.559846.png,#85c1e9,2,111.740115,3.809322,0.152373,0.040000
z_0222_672.559846.png,#922b21,4,337.948268,11.520964,0.460839,0.040000
z_0222_672.559846.png,#9a7d0a,9,460.475180,15.698018,0.627921,0.040000
z_0222_672.559846.png,#a2d9ce,11,69.112698,2.356115,0.094245,0.040000
z_0222_672.559846.png,#a3e4d7,26,196.752309,6.707465,0.268299,0.040000
z_0222_672.559846.png,#a9cce3,10,163.539105,5.575197,0.223008,0.040000
z_0222_672.559846.png,#af601a,3,110.325902,3.761110,0.150444,0.040000
z_0222_672.559846.png,#af7ac5,3,143.053824,4.876835,0.195073,0.040000
z_0222_672.559846.png,#b9770e,1,60.284271,2.055146,0.082206,0.040000
z_0222_672.559846.png,#cb4335,4,165.681241,5.648224,0.225929,0.040000
z_0222_672.559846.png,#d2b4de,5,37.213203,1.268632,0.050745,0.040000
z_0222_672.559846.png,#d35400,3,134.468037,4.584138,0.183366,0.040000
z_0222_672.559846.png,#e74c3c,2,116.468037,3.970501,0.158820,0.040000
z_0222_672.559846.png,#edbb99,3,109.639610,3.737714,0.149509,0.040000
z_0222_672.559846.png,#f1948a,3,42.284271,1.441509,0.057660,0.040000
z_0222_672.559846.png,#f58231,1,77.698485,2.648812,0.105952,0.040000
z_0222_672.559846.png,#f7dc6f,1,19.899495,0.678392,0.027136,0.040000
z_0222_672.559846.png,#fad7a0,1,28.727922,0.979361,0.039174,0.040000
z_0223_673.571429.png,#0e6251,1,61.112698,2.083387,0.083335,0.040000
z_0223_673.571429.png,#117a65,3,253.279221,8.634519,0.345381,0.040000
z_0223_673.571429.png,#145a32,3,552.700577,18.842065,0.753683,0.040000
z_0223_673.571429.png,#154360,6,284.208153,9.688914,0.387557,0.040000
z_0223_673.571429.png,#196f3d,3,246.350288,8.398305,0.335932,0.040000
z_0223_673.571429.png,#1b4f72,6,412.676190,14.068506,0.562740,0.040000
z_0223_673.571429.png,#2e4053,4,169.580736,5.781161,0.231246,0.040000
z_0223_673.571429.png,#2ecc71,1,60.870058,2.075116,0.083005,0.040000
z_0223_673.571429.png,#3b3b98,4,239.722871,8.172371,0.326895,0.040000
z_0223_673.571429.png,#45b39d,6,364.433550,12.423871,0.496955,0.040000
z_0223_673.571429.png,#48c9b0,5,851.068109,29.013686,1.160547,0.040000
z_0223_673.571429.png,#4a235a,1,40.041631,1.365056,0.054602,0.040000
z_0223_673.571429.png,#512e5f,2,41.213203,1.404996,0.056200,0.040000
z_0223_673.571429.png,#52be80,5,556.641702,18.976422,0.759057,0.040000
z_0223_673.571429.png,#5499c7,3,157.296465,5.362379,0.214495,0.040000
z_0223_673.571429.png,#73c6b6,4,596.516811,20.335800,0.813432,0.040000
z_0223_673.571429.png,#7b241c,1,70.769553,2.412598,0.096504,0.040000
z_0223_673.571429.png,#82e0aa,2,73.941125,2.520720,0.100829,0.040000
z_0223_673.571429.png,#85c1e9,2,109.740115,3.741140,0.149646,0.040000
z_0223_673.571429.png,#922b21,4,302.835570,10.323940,0.412958,0.040000
z_0223_673.571429.png,#9a7d0a,8,397.989899,13.567837,0.542713,0.040000
z_0223_673.571429.png,#a2d9ce,5,20.142136,0.686664,0.027467,0.040000
z_0223_673.571429.png,#a3e4d7,19,126.610173,4.316256,0.172650,0.040000
z_0223_673.571429.png,#a9cce3,8,145.053824,4.945017,0.197801,0.040000
z_0223_673.571429.png,#af601a,3,111.154329,3.789352,0.151574,0.040000
z_0223_673.571429.png,#af7ac5,3,166.468037,5.675047,0.227002,0.040000
z_0223_673.571429.png,#b9770e,1,60.627417,2.066844,0.082674,0.040000
z_0223_673.571429.png,#cb4335,3,189.095454,6.446436,0.257857,0.040000
z_0223_673.571429.png,#d2b4de,3,27.556349,0.939421,0.037577,0.040000
z_0223_673.571429.png,#d35400,3,151.781746,5.174378,0.206975,0.040000
z_0223_673.571429.png,#e74c3c,2,112.911688,3.849262,0.153970,0.040000
z_0223_673.571429.png,#edbb99,3,100.083261,3.411929,0.136477,0.040000
z_0223_673.571429.png,#f1948a,2,83.112698,2.833387,0.113335,0.040000
z_0223_673.571429.png,#f58231,1,77.941125,2.657084,0.106283,0.040000
z_0223_673.571429.png,#f7dc6f,1,19.899495,0.678392,0.027136,0.040000
z_0223_673.571429.png,#fad7a0,1,21.899495,0.746574,0.029863,0.040000
z_0224_674.583012.png,#0e6251,1,64.183766,2.188083,0.087523,0.040000
z_0224_674.583012.png,#117a65,3,245.622366,8.373490,0.334940,0.040000
z_0224_674.583012.png,#145a32,3,606.884343,20.689239,0.827570,0.040000
z_0224_674.583012.png,#154360,5,227.722871,7.763280,0.310531,0.040000
z_0224_674.583012.png,#196f3d,3,230.107648,7.844579,0.313783,0.040000
z_0224_674.583012.png,#1b4f72,7,397.261977,13.543022,0.541721,0.040000
z_0224_674.583012.png,#2e4053,2,178.852814,6.097255,0.243890,0.040000
z_0224_674.583012.png,#2ecc71,1,62.769553,2.139871,0.085595,0.040000
z_0224_674.583012.png,#3b3b98,6,341.563492,11.644210,0.465768,0.040000
z_0224_674.583012.png,#45b39d,5,435.102597,14.833043,0.593322,0.040000
z_0224_674.583012.png,#48c9b0,7,917.394011,31.274796,1.250992,0.040000
z_0224_674.583012.png,#4a235a,1,35.213203,1.200450,0.048018,0.040000
z_0224_674.583012.png,#512e5f,2,46.041631,1.569601,0.062784,0.040000
z_0224_674.583012.png,#52be80,6,571.470129,19.481936,0.779277,0.040000
z_0224_674.583012.png,#5499c7,3,146.710678,5.001500,0.200060,0.040000
z_0224_674.583012.png,#73c6b6,4,463.161472,15.789596,0.631584,0.040000
z_0224_674.583012.png,#7b241c,1,78.083261,2.661929,0.106477,0.040000
z_0224_674.583012.png,#82e0aa,2,84.183766,2.869901,0.114796,0.040000
z_0224_674.583012.png,#85c1e9,2,101.740115,3.468413,0.138737,0.040000
z_0224_674.583012.png,#922b21,4,244.793939,8.345248,0.333810,0.040000
z_0224_674.583012.png,#9a7d0a,7,370.433550,12.628416,0.505137,0.040000
z_0224_674.583012.png,#a2d9ce,7,35.798990,1.220420,0.048817,0.040000
z_0224_674.583012.png,#a3e4d7,27,204.994949,6.988464,0.279539,0.040000
z_0224_674.583012.png,#a9cce3,7,271.521861,9.256427,0.370257,0.040000
z_0224_674.583012.png,#af601a,3,112.225397,3.825866,0.153035,0.040000
z_0224_674.583012.png,#af7ac5,4,175.296465,5.976016,0.239041,0.040000
z_0224_674.583012.png,#b9770e,1,61.455844,2.095086,0.083803,0.040000
z_0224_674.583012.png,#cb4335,4,170.852814,5.824528,0.232981,0.040000
z_0224_674.583012.png,#d2b4de,5,42.627417,1.453207,0.058128,0.040000
z_0224_674.583012.png,#d35400,3,166.024387,5.659922,0.226397,0.040000
z_0224_674.583012.png,#e74c3c,2,109.982756,3.749412,0.149976,0.040000
z_0224_674.583012.png,#edbb99,3,93.597980,3.190840,0.127634,0.040000
z_0224_674.583012.png,#f1948a,1,69.455844,2.367813,0.094713,0.040000
z_0224_674.583012.png,#f58231,1,75.698485,2.580630,0.103225,0.040000
z_0224_674.583012.png,#f7dc6f,1,19.899495,0.678392,0.027136,0.040000
z_0224_674.583012.png,#fad7a0,1,22.142136,0.754846,0.030194,0.040000
z_0225_675.594595.png,#0e6251,1,64.183766,2.188083,0.087523,0.040000
z_0225_675.594595.png,#117a65,3,244.208153,8.325278,0.333011,0.040000
z_0225_675.594595.png,#145a32,3,606.641702,20.680967,0.827239,0.040000
z_0225_675.594595.png,#154360,5,226.894444,7.735038,0.309402,0.040000
z_0225_675.594595.png,#196f3d,3,228.450793,7.788095,0.311524,0.040000
z_0225_675.594595.png,#1b4f72,7,396.433550,13.514780,0.540591,0.040000
z_0225_675.594595.png,#2e4053,2,179.681241,6.125497,0.245020,0.040000
z_0225_675.594595.png,#2ecc71,1,62.183766,2.119901,0.084796,0.040000
z_0225_675.594595.png,#3b3b98,6,349.806133,11.925209,0.477008,0.040000
z_0225_675.594595.png,#45b39d,5,439.102597,14.969407,0.598776,0.040000
z_0225_675.594595.png,#48c9b0,7,920.707720,31.387763,1.255511,0.040000
z_0225_675.594595.png,#4a235a,1,35.213203,1.200450,0.048018,0.040000
z_0225_675.594595.png,#512e5f,2,46.041631,1.569601,0.062784,0.040000
z_0225_675.594595.png,#52be80,6,569.227489,19.405483,0.776219,0.040000
z_0225_675.594595.png,#5499c7,3,146.124892,4.981530,0.199261,0.040000
z_0225_675.594595.png,#73c6b6,4,450.776695,15.367387,0.614695,0.040000
z_0225_675.594595.png,#7b241c,1,78.083261,2.661929,0.106477,0.040000
z_0225_675.594595.png,#82e0aa,2,85.012193,2.898143,0.115926,0.040000
z_0225_675.594595.png,#85c1e9,2,100.911688,3.440171,0.137607,0.040000
z_0225_675.594595.png,#922b21,4,243.379726,8.297036,0.331881,0.040000
z_0225_675.594595.png,#9a7d0a,7,368.433550,12.560235,0.502409,0.040000
z_0225_675.594595.png,#a2d9ce,8,38.627417,1.316844,0.052674,0.040000
z_0225_675.594595.png,#a3e4d7,31,204.308658,6.965068,0.278603,0.040000
z_0225_675.594595.png,#a9cce3,7,273.521861,9.324609,0.372984,0.040000
z_0225_675.594595.png,#af601a,3,113.053824,3.854108,0.154164,0.040000
z_0225_675.594595.png,#af7ac5,4,177.539105,6.052469,0.242099,0.040000
z_0225_675.594595.png,#b9770e,1,62.041631,2.115056,0.084602,0.040000
z_0225_675.594595.png,#cb4335,4,170.267027,5.804558,0.232182,0.040000
z_0225_675.594595.png,#d2b4de,5,43.213203,1.473177,0.058927,0.040000
z_0225_675.594595.png,#d35400,3,166.852814,5.688164,0.227527,0.040000
z_0225_675.594595.png,#e74c3c,2,109.982756,3.749412,0.149976,0.040000
z_0225_675.594595.png,#edbb99,3,95.012193,3.239052,0.129562,0.040000
z_0225_675.594595.png,#f1948a,1,69.455844,2.367813,0.094713,0.040000
z_0225_675.594595.png,#f58231,1,76.526912,2.608872,0.104355,0.040000
z_0225_675.594595.png,#f7dc6f,1,19.899495,0.678392,0.027136,0.040000
z_0225_675.594595.png,#fad7a0,1,22.142136,0.754846,0.030194,0.040000
z_0226_676.606178.png,#0e6251,1,60.769553,2.071689,0.082868,0.040000
z_0226_676.606178.png,#117a65,3,236.793939,8.072521,0.322901,0.040000
z_0226_676.606178.png,#145a32,2,642.097546,21.889689,0.875588,0.040000
z_0226_676.606178.png,#154360,4,203.722871,6.945098,0.277804,0.040000
z_0226_676.606178.png,#196f3d,3,219.965512,7.498824,0.299953,0.040000
z_0226_676.606178.png,#1b4f72,8,384.190909,13.097417,0.523897,0.040000
z_0226_676.606178.png,#2e4053,2,173.195959,5.904408,0.236176,0.040000
z_0226_676.606178.png,#2ecc71,1,61.941125,2.111629,0.084465,0.040000
z_0226_676.606178.png,#3b3b98,3,389.847763,13.290265,0.531611,0.040000
z_0226_676.606178.png,#45b39d,6,462.801082,15.777310,0.631092,0.040000
z_0226_676.606178.png,#48c9b0,7,887.251875,30.247223,1.209889,0.040000
z_0226_676.606178.png,#4a235a,1,34.384776,1.172208,0.046888,0.040000
z_0226_676.606178.png,#512e5f,2,52.870058,1.802388,0.072096,0.040000
z_0226_676.606178.png,#52be80,6,562.742207,19.184393,0.767376,0.040000
z_0226_676.606178.png,#5499c7,3,143.195959,4.881680,0.195267,0.040000
z_0226_676.606178.png,#73c6b6,4,539.203102,18.381924,0.735277,0.040000
z_0226_676.606178.png,#7b241c,1,81.840620,2.790021,0.111601,0.040000
z_0226_676.606178.png,#82e0aa,2,89.254834,3.042778,0.121711,0.040000
z_0226_676.606178.png,#85c1e9,2,94.669048,3.227354,0.129094,0.040000
z_0226_676.606178.png,#922b21,3,210.551299,7.177885,0.287115,0.040000
z_0226_676.606178.png,#9a7d0a,8,329.119841,11.219995,0.448800,0.040000
z_0226_676.606178.png,#a2d9ce,10,56.284271,1.918782,0.076751,0.040000
z_0226_676.606178.png,#a3e4d7,26,216.752309,7.389283,0.295571,0.040000
z_0226_676.606178.png,#a9cce3,10,312.634560,10.657996,0.426320,0.040000
z_0226_676.606178.png,#af601a,3,122.811183,4.186745,0.167470,0.040000
z_0226_676.606178.png,#af7ac5,6,500.960461,17.078198,0.683128,0.040000
z_0226_676.606178.png,#b9770e,1,62.870058,2.143297,0.085732,0.040000
z_0226_676.606178.png,#cb4335,3,163.539105,5.575197,0.223008,0.040000
z_0226_676.606178.png,#d2b4de,3,29.556349,1.007603,0.040304,0.040000
z_0226_676.606178.png,#d35400,3,182.066017,6.206796,0.248272,0.040000
z_0226_676.606178.png,#e74c3c,2,157.195959,5.358953,0.214358,0.040000
z_0226_676.606178.png,#edbb99,4,91.840620,3.130930,0.125237,0.040000
z_0226_676.606178.png,#f1948a,1,70.769553,2.412598,0.096504,0.040000
z_0226_676.606178.png,#f58231,1,79.597980,2.713567,0.108543,0.040000
z_0226_676.606178.png,#f7dc6f,1,20.142136,0.686664,0.027467,0.040000
z_0226_676.606178.png,#fad7a0,1,24.727922,0.842997,0.033720,0.040000
z_0227_677.617761.png,#0e6251,1,61.112698,2.083387,0.083335,0.040000
z_0227_677.617761.png,#117a65,3,233.480231,7.959553,0.318382,0.040000
z_0227_677.617761.png,#145a32,4,615.369624,20.978510,0.839140,0.040000
z_0227_677.617761.png,#154360,4,197.237590,6.724009,0.268960,0.040000
z_0227_677.617761.png,#196f3d,3,208.651804,7.113130,0.284525,0.040000
z_0227_677.617761.png,#1b4f72,7,374.232539,12.757927,0.510317,0.040000
z_0227_677.617761.png,#2e4053,3,199.923882,6.815587,0.272623,0.040000
z_0227_677.617761.png,#2ecc71,1,58.284271,1.986964,0.079479,0.040000
z_0227_677.617761.png,#3b3b98,3,434.818326,14.823352,0.592934,0.040000
z_0227_677.617761.png,#45b39d,6,475.730014,16.218069,0.648723,0.040000
z_0227_677.617761.png,#48c9b0,6,877.595021,29.918012,1.196720,0.040000
z_0227_677.617761.png,#4a235a,1,37.213203,1.268632,0.050745,0.040000
z_0227_677.617761.png,#512e5f,2,53.213203,1.814086,0.072563,0.040000
z_0227_677.617761.png,#52be80,6,550.357431,18.762185,0.750487,0.040000
z_0227_677.617761.png,#5499c7,3,141.882251,4.836895,0.193476,0.040000
z_0227_677.617761.png,#73c6b6,4,505.404112,17.229686,0.689187,0.040000
z_0227_677.617761.png,#7b241c,1,81.597980,2.781749,0.111270,0.040000
z_0227_677.617761.png,#82e0aa,2,94.083261,3.207384,0.128295,0.040000
z_0227_677.617761.png,#85c1e9,2,83.597980,2.849931,0.113997,0.040000
z_0227_677.617761.png,#922b21,3,194.752309,6.639283,0.265571,0.040000
z_0227_677.617761.png,#9a7d0a,8,332.776695,11.344660,0.453786,0.040000
z_0227_677.617761.png,#a2d9ce,11,47.112698,1.606115,0.064245,0.040000
z_0227_677.617761.png,#a3e4d7,27,185.965512,6.339733,0.253589,0.040000
z_0227_677.617761.png,#a9cce3,11,358.575685,12.224171,0.488967,0.040000
z_0227_677.617761.png,#af601a,3,126.811183,4.323109,0.172924,0.040000
z_0227_677.617761.png,#af7ac5,8,503.445743,17.162923,0.686517,0.040000
z_0227_677.617761.png,#b9770e,1,62.041631,2.115056,0.084602,0.040000
z_0227_677.617761.png,#cb4335,3,124.124892,4.231530,0.169261,0.040000
z_0227_677.617761.png,#d2b4de,5,36.627417,1.248662,0.049946,0.040000
z_0227_677.617761.png,#d35400,2,182.894444,6.235038,0.249402,0.040000
z_0227_677.617761.png,#e74c3c,2,162.953319,5.555227,0.222209,0.040000
z_0227_677.617761.png,#edbb99,3,96.911688,3.303808,0.132152,0.040000
z_0227_677.617761.png,#f1948a,1,61.698485,2.103357,0.084134,0.040000
z_0227_677.617761.png,#f58231,1,79.941125,2.725266,0.109011,0.040000
z_0227_677.617761.png,#f7dc6f,1,19.071068,0.650150,0.026006,0.040000
z_0227_677.617761.png,#fad7a0,1,28.142136,0.959391,0.038376,0.040000
z_0228_678.629344.png,#0e6251,1,59.455844,2.026904,0.081076,0.040000
z_0228_678.629344.png,#117a65,4,259.178716,8.835638,0.353426,0.040000
z_0228_678.629344.png,#145a32,5,530.842712,18.096911,0.723876,0.040000
z_0228_678.629344.png,#154360,4,192.994949,6.579373,0.263175,0.040000
z_0228_678.629344.png,#196f3d,3,202.894444,6.916856,0.276674,0.040000
z_0228_678.629344.png,#1b4f72,7,347.119841,11.833631,0.473345,0.040000
z_0228_678.629344.png,#2e4053,3,188.267027,6.418194,0.256728,0.040000
z_0228_678.629344.png,#2ecc71,1,57.698485,1.966994,0.078680,0.040000
z_0228_678.629344.png,#3b3b98,3,493.688384,16.830286,0.673211,0.040000
z_0228_678.629344.png,#45b39d,6,483.144228,16.470826,0.658833,0.040000
z_0228_678.629344.png,#48c9b0,6,507.203102,17.291015,0.691641,0.040000
z_0228_678.629344.png,#4a235a,1,39.798990,1.356784,0.054271,0.040000
z_0228_678.629344.png,#512e5f,1,26.485281,0.902907,0.036116,0.040000
z_0228_678.629344.png,#52be80,7,575.227489,19.610028,0.784401,0.040000
z_0228_678.629344.png,#5499c7,3,147.195959,5.018044,0.200722,0.040000
z_0228_678.629344.png,#73c6b6,5,413.605122,14.100175,0.564007,0.040000
z_0228_678.629344.png,#7b241c,1,82.769553,2.821689,0.112868,0.040000
z_0228_678.629344.png,#82e0aa,2,110.325902,3.761110,0.150444,0.040000
z_0228_678.629344.png,#85c1e9,1,52.870058,1.802388,0.072096,0.040000
z_0228_678.629344.png,#922b21,3,182.024387,6.205377,0.248215,0.040000
z_0228_678.629344.png,#9a7d0a,8,365.847763,12.472083,0.498883,0.040000
z_0228_678.629344.png,#a2d9ce,10,38.284271,1.305146,0.052206,0.040000
z_0228_678.629344.png,#a3e4d7,31,191.722871,6.536007,0.261440,0.040000
z_0228_678.629344.png,#a9cce3,7,380.475180,12.970745,0.518830,0.040000
z_0228_678.629344.png,#af601a,3,132.568542,4.519382,0.180775,0.040000
z_0228_678.629344.png,#af7ac5,5,540.600072,18.429548,0.737182,0.040000
z_0228_678.629344.png,#b9770e,1,63.112698,2.151569,0.086063,0.040000
z_0228_678.629344.png,#bb8fce,1,2.828427,0.096424,0.003857,0.040000
z_0228_678.629344.png,#cb4335,2,103.497475,3.528323,0.141133,0.040000
z_0228_678.629344.png,#d2b4de,7,42.284271,1.441509,0.057660,0.040000
z_0228_678.629344.png,#d35400,2,199.137085,6.788764,0.271551,0.040000
z_0228_678.629344.png,#e74c3c,2,167.882251,5.723259,0.228930,0.040000
z_0228_678.629344.png,#edbb99,3,101.740115,3.468413,0.138737,0.040000
z_0228_678.629344.png,#f1948a,2,63.112698,2.151569,0.086063,0.040000
z_0228_678.629344.png,#f58231,1,78.769553,2.685326,0.107413,0.040000
z_0228_678.629344.png,#f7dc6f,1,21.313708,0.726604,0.029064,0.040000
z_0228_678.629344.png,#fad7a0,1,30.142136,1.027573,0.041103,0.040000
z_0229_679.640927.png,#0e6251,1,60.041631,2.046874,0.081875,0.040000
z_0229_679.640927.png,#117a65,3,262.592929,8.952032,0.358081,0.040000
z_0229_679.640927.png,#145a32,5,531.771645,18.128579,0.725143,0.040000
z_0229_679.640927.png,#154360,4,192.994949,6.579373,0.263175,0.040000
z_0229_679.640927.png,#196f3d,3,201.480231,6.868644,0.274746,0.040000
z_0229_679.640927.png,#1b4f72,7,345.705627,11.785419,0.471417,0.040000
z_0229_679.640927.png,#2e4053,3,187.438600,6.389952,0.255598,0.040000
z_0229_679.640927.png,#2ecc71,1,56.870058,1.938752,0.077550,0.040000
z_0229_679.640927.png,#3b3b98,3,495.931024,16.906739,0.676270,0.040000
z_0229_679.640927.png,#45b39d,6,487.386868,16.615461,0.664618,0.040000
z_0229_679.640927.png,#48c9b0,6,516.031529,17.591984,0.703679,0.040000
z_0229_679.640927.png,#4a235a,1,39.798990,1.356784,0.054271,0.040000
z_0229_679.640927.png,#512e5f,1,26.485281,0.902907,0.036116,0.040000
z_0229_679.640927.png,#52be80,7,583.227489,19.882755,0.795310,0.040000
z_0229_679.640927.png,#5499c7,3,147.195959,5.018044,0.200722,0.040000
z_0229_679.640927.png,#73c6b6,5,421.161472,14.357777,0.574311,0.040000
z_0229_679.640927.png,#7b241c,1,82.769553,2.821689,0.112868,0.040000
z_0229_679.640927.png,#82e0aa,2,110.325902,3.761110,0.150444,0.040000
z_0229_679.640927.png,#85c1e9,1,52.870058,1.802388,0.072096,0.040000
z_0229_679.640927.png,#922b21,3,183.681241,6.261860,0.250474,0.040000
z_0229_679.640927.png,#9a7d0a,8,367.261977,12.520295,0.500812,0.040000
z_0229_679.640927.png,#a2d9ce,10,40.284271,1.373327,0.054933,0.040000
z_0229_679.640927.png,#a3e4d7,27,182.409163,6.218494,0.248740,0.040000
z_0229_679.640927.png,#a9cce3,7,379.060967,12.922533,0.516901,0.040000
z_0229_679.640927.png,#af601a,3,133.396970,4.547624,0.181905,0.040000
z_0229_679.640927.png,#af7ac5,5,541.043723,18.444672,0.737787,0.040000
z_0229_679.640927.png,#b9770e,1,63.112698,2.151569,0.086063,0.040000
z_0229_679.640927.png,#cb4335,2,103.497475,3.528323,0.141133,0.040000
z_0229_679.640927.png,#d2b4de,8,45.941125,1.566175,0.062647,0.040000
z_0229_679.640927.png,#d35400,2,199.722871,6.808734,0.272349,0.040000
z_0229_679.640927.png,#e74c3c,2,167.882251,5.723259,0.228930,0.040000
z_0229_679.640927.png,#edbb99,3,101.740115,3.468413,0.138737,0.040000
z_0229_679.640927.png,#f1948a,2,63.112698,2.151569,0.086063,0.040000
z_0229_679.640927.png,#f58231,1,77.941125,2.657084,0.106283,0.040000
z_0229_679.640927.png,#f7dc6f,1,21.313708,0.726604,0.029064,0.040000
z_0229_679.640927.png,#fad7a0,1,30.142136,1.027573,0.041103,0.040000
z_0230_680.652510.png,#0e6251,1,60.526912,2.063417,0.082537,0.040000
z_0230_680.652510.png,#117a65,3,256.793939,8.754339,0.350174,0.040000
z_0230_680.652510.png,#145a32,4,493.144228,16.811735,0.672469,0.040000
z_0230_680.652510.png,#154360,4,182.166522,6.210222,0.248409,0.040000
z_0230_680.652510.png,#196f3d,3,210.793939,7.186157,0.287446,0.040000
z_0230_680.652510.png,#1b4f72,6,305.220346,10.405239,0.416210,0.040000
z_0230_680.652510.png,#2e4053,3,182.024387,6.205377,0.248215,0.040000
z_0230_680.652510.png,#2ecc71,1,53.698485,1.830630,0.073225,0.040000
z_0230_680.652510.png,#3b3b98,3,506.516811,17.267619,0.690705,0.040000
z_0230_680.652510.png,#45b39d,5,460.901587,15.712554,0.628502,0.040000
z_0230_680.652510.png,#48c9b0,5,511.303607,17.430805,0.697232,0.040000
z_0230_680.652510.png,#4a235a,1,44.041631,1.501419,0.060057,0.040000
z_0230_680.652510.png,#512e5f,1,22.485281,0.766544,0.030662,0.040000
z_0230_680.652510.png,#52be80,6,499.286363,17.021126,0.680845,0.040000
z_0230_680.652510.png,#5499c7,3,143.539105,4.893379,0.195735,0.040000
z_0230_680.652510.png,#73c6b6,5,345.220346,11.768875,0.470755,0.040000
z_0230_680.652510.png,#7b241c,1,85.941125,2.929811,0.117192,0.040000
z_0230_680.652510.png,#82e0aa,2,120.811183,4.118563,0.164743,0.040000
z_0230_680.652510.png,#85c1e9,1,49.455844,1.685995,0.067440,0.040000
z_0230_680.652510.png,#922b21,3,170.124892,5.799712,0.231988,0.040000
z_0230_680.652510.png,#9a7d0a,8,358.575685,12.224171,0.488967,0.040000
z_0230_680.652510.png,#a2d9ce,19,83.740115,2.854777,0.114191,0.040000
z_0230_680.652510.png,#a3e4d7,16,109.154329,3.721170,0.148847,0.040000
z_0230_680.652510.png,#a9cce3,7,382.374675,13.035500,0.521420,0.040000
z_0230_680.652510.png,#af601a,3,130.811183,4.459472,0.178379,0.040000
z_0230_680.652510.png,#af7ac5,7,543.771645,18.537670,0.741507,0.040000
z_0230_680.652510.png,#b9770e,1,65.698485,2.239721,0.089589,0.040000
z_0230_680.652510.png,#cb4335,2,103.982756,3.544867,0.141795,0.040000
z_0230_680.652510.png,#d2b4de,5,37.798990,1.288602,0.051544,0.040000
z_0230_680.652510.png,#d35400,2,205.722871,7.013280,0.280531,0.040000
z_0230_680.652510.png,#e74c3c,2,169.639610,5.783169,0.231327,0.040000
z_0230_680.652510.png,#edbb99,3,105.982756,3.613049,0.144522,0.040000
z_0230_680.652510.png,#f1948a,1,59.455844,2.026904,0.081076,0.040000
z_0230_680.652510.png,#f58231,1,83.597980,2.849931,0.113997,0.040000
z_0230_680.652510.png,#f7dc6f,1,17.313708,0.590240,0.023610,0.040000
z_0230_680.652510.png,#fad7a0,1,30.142136,1.027573,0.041103,0.040000
z_0231_681.664093.png,#0e6251,1,59.698485,2.035176,0.081407,0.040000
z_0231_681.664093.png,#117a65,3,262.450793,8.947186,0.357887,0.040000
z_0231_681.664093.png,#145a32,5,477.730014,16.286250,0.651450,0.040000
z_0231_681.664093.png,#154360,4,190.409163,6.491221,0.259649,0.040000
z_0231_681.664093.png,#196f3d,3,212.208153,7.234369,0.289375,0.040000
z_0231_681.664093.png,#1b4f72,5,269.220346,9.177966,0.367119,0.040000
z_0231_681.664093.png,#2e4053,3,183.095454,6.241890,0.249676,0.040000
z_0231_681.664093.png,#2ecc71,1,54.284271,1.850600,0.074024,0.040000
z_0231_681.664093.png,#3b3b98,5,499.830519,17.039677,0.681587,0.040000
z_0231_681.664093.png,#45b39d,6,470.457936,16.038339,0.641534,0.040000
z_0231_681.664093.png,#48c9b0,4,529.203102,18.041015,0.721641,0.040000
z_0231_681.664093.png,#4a235a,1,45.798990,1.561329,0.062453,0.040000
z_0231_681.664093.png,#512e5f,1,15.313708,0.522058,0.020882,0.040000
z_0231_681.664093.png,#52be80,6,454.416306,15.491465,0.619659,0.040000
z_0231_681.664093.png,#5499c7,3,125.982756,4.294867,0.171795,0.040000
z_0231_681.664093.png,#73c6b6,6,277.622366,9.464399,0.378576,0.040000
z_0231_681.664093.png,#7b241c,1,87.355339,2.978023,0.119121,0.040000
z_0231_681.664093.png,#82e0aa,2,137.982756,4.703958,0.188158,0.040000
z_0231_681.664093.png,#85c1e9,1,45.213203,1.541359,0.061654,0.040000
z_0231_681.664093.png,#922b21,3,163.195959,5.563499,0.222540,0.040000
z_0231_681.664093.png,#9a7d0a,9,370.918831,12.644960,0.505798,0.040000
z_0231_681.664093.png,#a2d9ce,11,31.112698,1.060660,0.042426,0.040000
z_0231_681.664093.png,#a3e4d7,25,202.024387,6.887195,0.275488,0.040000
z_0231_681.664093.png,#a9cce3,5,354.575685,12.087807,0.483512,0.040000
z_0231_681.664093.png,#af601a,3,125.982756,4.294867,0.171795,0.040000
z_0231_681.664093.png,#af7ac5,6,508.416306,17.332374,0.693295,0.040000
z_0231_681.664093.png,#b9770e,1,65.455844,2.231449,0.089258,0.040000
z_0231_681.664093.png,#bb8fce,1,2.828427,0.096424,0.003857,0.040000
z_0231_681.664093.png,#cb4335,2,84.669048,2.886445,0.115458,0.040000
z_0231_681.664093.png,#d2b4de,2,33.556349,1.143966,0.045759,0.040000
z_0231_681.664093.png,#d35400,2,224.208153,7.643460,0.305738,0.040000
z_0231_681.664093.png,#e74c3c,2,178.710678,6.092409,0.243696,0.040000
z_0231_681.664093.png,#edbb99,4,107.781746,3.674378,0.146975,0.040000
z_0231_681.664093.png,#f1948a,1,62.183766,2.119901,0.084796,0.040000
z_0231_681.664093.png,#f58231,1,89.497475,3.051050,0.122042,0.040000
z_0231_681.664093.png,#f7dc6f,1,19.313708,0.658422,0.026337,0.040000
z_0231_681.664093.png,#fad7a0,1,30.970563,1.055815,0.042233,0.040000
z_0232_682.675676.png,#0e6251,1,59.355339,2.023477,0.080939,0.040000
z_0232_682.675676.png,#117a65,3,268.350288,9.148305,0.365932,0.040000
z_0232_682.675676.png,#145a32,5,437.203102,14.904651,0.596186,0.040000
z_0232_682.675676.png,#154360,4,198.066017,6.752251,0.270090,0.040000
z_0232_682.675676.png,#196f3d,3,209.622366,7.146217,0.285849,0.040000
z_0232_682.675676.png,#1b4f72,5,270.492424,9.221333,0.368853,0.040000
z_0232_682.675676.png,#2e4053,3,180.267027,6.145467,0.245819,0.040000
z_0232_682.675676.png,#2ecc71,1,50.870058,1.734207,0.069368,0.040000
z_0232_682.675676.png,#3b3b98,5,476.173665,16.233193,0.649328,0.040000
z_0232_682.675676.png,#45b39d,6,399.504617,13.619476,0.544779,0.040000
z_0232_682.675676.png,#48c9b0,4,590.073160,20.116130,0.804645,0.040000
z_0232_682.675676.png,#4a235a,1,44.384776,1.513117,0.060525,0.040000
z_0232_682.675676.png,#52be80,5,426.859956,14.552044,0.582082,0.040000
z_0232_682.675676.png,#5499c7,3,113.740115,3.877504,0.155100,0.040000
z_0232_682.675676.png,#73c6b6,3,187.580736,6.394798,0.255792,0.040000
z_0232_682.675676.png,#7b241c,1,89.355339,3.046205,0.121848,0.040000
z_0232_682.675676.png,#82e0aa,2,123.639610,4.214987,0.168599,0.040000
z_0232_682.675676.png,#85c1e9,1,43.213203,1.473177,0.058927,0.040000
z_0232_682.675676.png,#922b21,3,147.053824,5.013199,0.200528,0.040000
z_0232_682.675676.png,#9a7d0a,9,343.119841,11.697267,0.467891,0.040000
z_0232_682.675676.png,#a2d9ce,13,52.769553,1.798962,0.071958,0.040000
z_0232_682.675676.png,#a3e4d7,28,179.095454,6.105527,0.244221,0.040000
z_0232_682.675676.png,#a9cce3,7,353.161472,12.039596,0.481584,0.040000
z_0232_682.675676.png,#af601a,3,135.639610,4.624078,0.184963,0.040000
z_0232_682.675676.png,#af7ac5,6,506.658946,17.272464,0.690899,0.040000
z_0232_682.675676.png,#b9770e,1,65.455844,2.231449,0.089258,0.040000
z_0232_682.675676.png,#bb8fce,1,2.828427,0.096424,0.003857,0.040000
z_0232_682.675676.png,#cb4335,1,49.112698,1.674297,0.066972,0.040000
z_0232_682.675676.png,#d2b4de,5,33.213203,1.132268,0.045291,0.040000
z_0232_682.675676.png,#d35400,4,229.036580,7.808065,0.312323,0.040000
z_0232_682.675676.png,#e74c3c,2,171.438600,5.844498,0.233780,0.040000
z_0232_682.675676.png,#edbb99,3,110.468037,3.765956,0.150638,0.040000
z_0232_682.675676.png,#f1948a,1,62.526912,2.131599,0.085264,0.040000
z_0232_682.675676.png,#f58231,1,110.568542,3.769382,0.150775,0.040000
z_0232_682.675676.png,#f7dc6f,1,19.313708,0.658422,0.026337,0.040000
z_0232_682.675676.png,#fad7a0,1,27.313708,0.931149,0.037246,0.040000
z_0233_683.687259.png,#0e6251,1,59.355339,2.023477,0.080939,0.040000
z_0233_683.687259.png,#117a65,3,268.936075,9.168275,0.366731,0.040000
z_0233_683.687259.png,#145a32,5,435.688384,14.853013,0.594121,0.040000
z_0233_683.687259.png,#154360,4,198.651804,6.772221,0.270889,0.040000
z_0233_683.687259.png,#196f3d,3,211.036580,7.194429,0.287777,0.040000
z_0233_683.687259.png,#1b4f72,5,270.492424,9.221333,0.368853,0.040000
z_0233_683.687259.png,#2e4053,3,180.267027,6.145467,0.245819,0.040000
z_0233_683.687259.png,#2ecc71,1,50.870058,1.734207,0.069368,0.040000
z_0233_683.687259.png,#3b3b98,5,475.688384,16.216649,0.648666,0.040000
z_0233_683.687259.png,#45b39d,6,400.333044,13.647717,0.545909,0.040000
z_0233_683.687259.png,#48c9b0,6,589.487373,20.096160,0.803846,0.040000
z_0233_683.687259.png,#4a235a,1,44.970563,1.533087,0.061323,0.040000
z_0233_683.687259.png,#52be80,5,427.445743,14.572014,0.582881,0.040000
z_0233_683.687259.png,#5499c7,3,116.568542,3.973928,0.158957,0.040000
z_0233_683.687259.png,#73c6b6,3,188.066017,6.411341,0.256454,0.040000
z_0233_683.687259.png,#7b241c,1,89.355339,3.046205,0.121848,0.040000
z_0233_683.687259.png,#82e0aa,2,123.639610,4.214987,0.168599,0.040000
z_0233_683.687259.png,#85c1e9,1,43.213203,1.473177,0.058927,0.040000
z_0233_683.687259.png,#922b21,3,147.296465,5.021470,0.200859,0.040000
z_0233_683.687259.png,#9a7d0a,9,340.291414,11.600844,0.464034,0.040000
z_0233_683.687259.png,#a2d9ce,13,56.769553,1.935326,0.077413,0.040000
z_0233_683.687259.png,#a3e4d7,33,207.237590,7.064918,0.282597,0.040000
z_0233_683.687259.png,#a9cce3,6,351.504617,11.983112,0.479324,0.040000
z_0233_683.687259.png,#af601a,3,134.811183,4.595836,0.183833,0.040000
z_0233_683.687259.png,#af7ac5,6,507.244733,17.292434,0.691697,0.040000
z_0233_683.687259.png,#b9770e,1,65.455844,2.231449,0.089258,0.040000
z_0233_683.687259.png,#cb4335,1,49.698485,1.694267,0.067771,0.040000
z_0233_683.687259.png,#d2b4de,3,29.798990,1.015875,0.040635,0.040000
z_0233_683.687259.png,#d35400,4,228.450793,7.788095,0.311524,0.040000
z_0233_683.687259.png,#e74c3c,2,174.267027,5.940921,0.237637,0.040000
z_0233_683.687259.png,#edbb99,3,112.468037,3.834138,0.153366,0.040000
z_0233_683.687259.png,#f1948a,1,62.526912,2.131599,0.085264,0.040000
z_0233_683.687259.png,#f58231,1,110.568542,3.769382,0.150775,0.040000
z_0233_683.687259.png,#f7dc6f,1,19.313708,0.658422,0.026337,0.040000
z_0233_683.687259.png,#fad7a0,1,27.313708,0.931149,0.037246,0.040000
z_0234_684.698842.png,#0e6251,1,63.698485,2.171539,0.086862,0.040000
z_0234_684.698842.png,#117a65,4,229.036580,7.808065,0.312323,0.040000
z_0234_684.698842.png,#145a32,4,384.232539,13.098837,0.523953,0.040000
z_0234_684.698842.png,#154360,3,152.610173,5.202620,0.208105,0.040000
z_0234_684.698842.png,#196f3d,4,166.752309,5.684738,0.227390,0.040000
z_0234_684.698842.png,#1b4f72,5,280.735065,9.570514,0.382821,0.040000
z_0234_684.698842.png,#2e4053,2,171.781746,5.856196,0.234248,0.040000
z_0234_684.698842.png,#2ecc71,1,46.041631,1.569601,0.062784,0.040000
z_0234_684.698842.png,#3b3b98,4,443.830519,15.130586,0.605223,0.040000
z_0234_684.698842.png,#45b39d,6,394.818326,13.459716,0.538389,0.040000
z_0234_684.698842.png,#48c9b0,3,834.139177,28.436563,1.137463,0.040000
z_0234_684.698842.png,#4a235a,1,51.213203,1.745905,0.069836,0.040000
z_0234_684.698842.png,#52be80,4,397.788889,13.560985,0.542439,0.040000
z_0234_684.698842.png,#5499c7,2,78.526912,2.677054,0.107082,0.040000
z_0234_684.698842.png,#73c6b6,3,130.225397,4.439502,0.177580,0.040000
z_0234_684.698842.png,#7b241c,1,94.183766,3.210810,0.128432,0.040000
z_0234_684.698842.png,#82e0aa,2,130.367532,4.444348,0.177774,0.040000
z_0234_684.698842.png,#85c1e9,1,41.798990,1.424966,0.056999,0.040000
z_0234_684.698842.png,#922b21,3,117.396970,4.002169,0.160087,0.040000
z_0234_684.698842.png,#9a7d0a,6,306.492424,10.448605,0.417944,0.040000
z_0234_684.698842.png,#a2d9ce,11,49.112698,1.674297,0.066972,0.040000
z_0234_684.698842.png,#a3e4d7,32,184.409163,6.286676,0.251467,0.040000
z_0234_684.698842.png,#a9cce3,7,237.137085,8.084219,0.323369,0.040000
z_0234_684.698842.png,#af601a,3,131.639610,4.487714,0.179509,0.040000
z_0234_684.698842.png,#af7ac5,8,509.203102,17.359197,0.694368,0.040000
z_0234_684.698842.png,#b9770e,1,67.112698,2.287933,0.091517,0.040000
z_0234_684.698842.png,#cb4335,1,45.213203,1.541359,0.061654,0.040000
z_0234_684.698842.png,#d2b4de,4,38.384776,1.308572,0.052343,0.040000
z_0234_684.698842.png,#d35400,4,159.195959,5.427135,0.217085,0.040000
z_0234_684.698842.png,#e74c3c,2,144.124892,4.913349,0.196534,0.040000
z_0234_684.698842.png,#edbb99,3,108.911688,3.712898,0.148516,0.040000
z_0234_684.698842.png,#f1948a,1,67.941125,2.316175,0.092647,0.040000
z_0234_684.698842.png,#f58231,2,118.811183,4.050381,0.162015,0.040000
z_0234_684.698842.png,#f7dc6f,1,24.970563,0.851269,0.034051,0.040000
z_0234_684.698842.png,#fad7a0,1,28.970563,0.987633,0.039505,0.040000
z_0235_685.710425.png,#0e6251,1,66.284271,2.259691,0.090388,0.040000
z_0235_685.710425.png,#117a65,4,223.622366,7.623490,0.304940,0.040000
z_0235_685.710425.png,#145a32,5,361.320851,12.317756,0.492710,0.040000
z_0235_685.710425.png,#154360,3,127.154329,4.334807,0.173392,0.040000
z_0235_685.710425.png,#196f3d,4,150.367532,5.126166,0.205047,0.040000
z_0235_685.710425.png,#1b4f72,5,260.592929,8.883850,0.355354,0.040000
z_0235_685.710425.png,#2e4053,3,154.811183,5.277654,0.211106,0.040000
z_0235_685.710425.png,#2ecc71,1,40.384776,1.376754,0.055070,0.040000
z_0235_685.710425.png,#3b3b98,6,584.700577,19.932974,0.797319,0.040000
z_0235_685.710425.png,#45b39d,6,407.404112,13.888777,0.555551,0.040000
z_0235_685.710425.png,#48c9b0,5,797.896536,27.201018,1.088041,0.040000
z_0235_685.710425.png,#4a235a,1,54.284271,1.850600,0.074024,0.040000
z_0235_685.710425.png,#52be80,3,341.019336,11.625659,0.465026,0.040000
z_0235_685.710425.png,#5499c7,2,79.012193,2.693597,0.107744,0.040000
z_0235_685.710425.png,#73c6b6,2,62.526912,2.131599,0.085264,0.040000
z_0235_685.710425.png,#7b241c,3,108.325902,3.692928,0.147717,0.040000
z_0235_685.710425.png,#82e0aa,2,138.710678,4.728773,0.189151,0.040000
z_0235_685.710425.png,#85c1e9,1,39.798990,1.356784,0.054271,0.040000
z_0235_685.710425.png,#922b21,3,138.367532,4.717075,0.188683,0.040000
z_0235_685.710425.png,#9a7d0a,6,304.835570,10.392122,0.415685,0.040000
z_0235_685.710425.png,#a2d9ce,9,47.455844,1.617813,0.064713,0.040000
z_0235_685.710425.png,#a3e4d7,25,170.267027,5.804558,0.232182,0.040000
z_0235_685.710425.png,#a9cce3,5,115.740115,3.945686,0.157827,0.040000
z_0235_685.710425.png,#af601a,3,128.911688,4.394717,0.175789,0.040000
z_0235_685.710425.png,#af7ac5,8,516.031529,17.591984,0.703679,0.040000
z_0235_685.710425.png,#b9770e,1,65.941125,2.247993,0.089920,0.040000
z_0235_685.710425.png,#cb4335,1,52.284271,1.782418,0.071297,0.040000
z_0235_685.710425.png,#d2b4de,3,42.041631,1.433237,0.057329,0.040000
z_0235_685.710425.png,#d35400,3,106.669048,3.636445,0.145458,0.040000
z_0235_685.710425.png,#e74c3c,3,136.710678,4.660591,0.186424,0.040000
z_0235_685.710425.png,#edbb99,3,117.396970,4.002169,0.160087,0.040000
z_0235_685.710425.png,#f1948a,1,76.769553,2.617144,0.104686,0.040000
z_0235_685.710425.png,#f58231,1,75.941125,2.588902,0.103556,0.040000
z_0235_685.710425.png,#f7dc6f,1,34.970563,1.192178,0.047687,0.040000
z_0235_685.710425.png,#fad7a0,1,56.284271,1.918782,0.076751,0.040000
z_0236_686.722008.png,#0e6251,1,66.870058,2.279661,0.091186,0.040000
z_0236_686.722008.png,#117a65,4,223.622366,7.623490,0.304940,0.040000
z_0236_686.722008.png,#145a32,5,359.563492,12.257846,0.490314,0.040000
z_0236_686.722008.png,#154360,3,127.154329,4.334807,0.173392,0.040000
z_0236_686.722008.png,#196f3d,4,152.024387,5.182650,0.207306,0.040000
z_0236_686.722008.png,#1b4f72,5,260.835570,8.892122,0.355685,0.040000
z_0236_686.722008.png,#2e4053,3,155.882251,5.314168,0.212567,0.040000
z_0236_686.722008.png,#2ecc71,1,40.970563,1.396724,0.055869,0.040000
z_0236_686.722008.png,#3b3b98,7,587.286363,20.021126,0.800845,0.040000
z_0236_686.722008.png,#45b39d,6,407.404112,13.888777,0.555551,0.040000
z_0236_686.722008.png,#48c9b0,5,796.482323,27.152806,1.086112,0.040000
z_0236_686.722008.png,#4a235a,1,53.698485,1.830630,0.073225,0.040000
z_0236_686.722008.png,#52be80,3,340.190909,11.597417,0.463897,0.040000
z_0236_686.722008.png,#5499c7,2,79.597980,2.713567,0.108543,0.040000
z_0236_686.722008.png,#73c6b6,2,62.526912,2.131599,0.085264,0.040000
z_0236_686.722008.png,#7b241c,2,106.911688,3.644717,0.145789,0.040000
z_0236_686.722008.png,#82e0aa,2,139.296465,4.748743,0.189950,0.040000
z_0236_686.722008.png,#85c1e9,1,39.798990,1.356784,0.054271,0.040000
z_0236_686.722008.png,#922b21,3,138.953319,4.737045,0.189482,0.040000
z_0236_686.722008.png,#9a7d0a,6,303.421356,10.343910,0.413756,0.040000
z_0236_686.722008.png,#a2d9ce,10,52.284271,1.782418,0.071297,0.040000
z_0236_686.722008.png,#a3e4d7,23,167.195959,5.699862,0.227994,0.040000
z_0236_686.722008.png,#a9cce3,5,116.568542,3.973928,0.158957,0.040000
z_0236_686.722008.png,#af601a,3,128.911688,4.394717,0.175789,0.040000
z_0236_686.722008.png,#af7ac5,8,535.002092,18.238708,0.729548,0.040000
z_0236_686.722008.png,#b9770e,1,65.941125,2.247993,0.089920,0.040000
z_0236_686.722008.png,#cb4335,1,51.698485,1.762448,0.070498,0.040000
z_0236_686.722008.png,#d2b4de,3,42.041631,1.433237,0.057329,0.040000
z_0236_686.722008.png,#d35400,3,106.669048,3.636445,0.145458,0.040000
z_0236_686.722008.png,#e74c3c,3,136.710678,4.660591,0.186424,0.040000
z_0236_686.722008.png,#edbb99,3,117.639610,4.010441,0.160418,0.040000
z_0236_686.722008.png,#f1948a,1,76.769553,2.617144,0.104686,0.040000
z_0236_686.722008.png,#f58231,1,75.941125,2.588902,0.103556,0.040000
z_0236_686.722008.png,#f7dc6f,1,34.970563,1.192178,0.047687,0.040000
z_0236_686.722008.png,#fad7a0,1,55.698485,1.898812,0.075952,0.040000
z_0237_687.733591.png,#0e6251,2,107.012193,3.648143,0.145926,0.040000
z_0237_687.733591.png,#117a65,4,221.379726,7.547036,0.301881,0.040000
z_0237_687.733591.png,#145a32,6,361.462987,12.322602,0.492904,0.040000
z_0237_687.733591.png,#154360,4,113.639610,3.874078,0.154963,0.040000
z_0237_687.733591.png,#196f3d,4,142.024387,4.841740,0.193670,0.040000
z_0237_687.733591.png,#1b4f72,5,275.320851,9.385938,0.375438,0.040000
z_0237_687.733591.png,#2e4053,3,145.982756,4.976685,0.199067,0.040000
z_0237_687.733591.png,#2ecc71,1,42.041631,1.433237,0.057329,0.040000
z_0237_687.733591.png,#3b3b98,5,606.499567,20.676122,0.827045,0.040000
z_0237_687.733591.png,#45b39d,6,417.161472,14.221414,0.568857,0.040000
z_0237_687.733591.png,#48c9b0,4,723.997041,24.681717,0.987269,0.040000
z_0237_687.733591.png,#4a235a,1,54.284271,1.850600,0.074024,0.040000
z_0237_687.733591.png,#52be80,3,351.119841,11.969995,0.478800,0.040000
z_0237_687.733591.png,#5499c7,2,83.012193,2.829961,0.113198,0.040000
z_0237_687.733591.png,#73c6b6,1,40.970563,1.396724,0.055869,0.040000
z_0237_687.733591.png,#7b241c,2,72.769553,2.480780,0.099231,0.040000
z_0237_687.733591.png,#82e0aa,2,148.124892,5.049712,0.201988,0.040000
z_0237_687.733591.png,#85c1e9,1,40.041631,1.365056,0.054602,0.040000
z_0237_687.733591.png,#922b21,3,133.154329,4.539352,0.181574,0.040000
z_0237_687.733591.png,#9a7d0a,6,314.291414,10.714480,0.428579,0.040000
z_0237_687.733591.png,#a2d9ce,12,61.941125,2.111629,0.084465,0.040000
z_0237_687.733591.png,#a3e4d7,35,207.480231,7.073190,0.282928,0.040000
z_0237_687.733591.png,#a9cce3,4,82.183766,2.801719,0.112069,0.040000
z_0237_687.733591.png,#af601a,3,124.568542,4.246655,0.169866,0.040000
z_0237_687.733591.png,#af7ac5,8,558.416306,19.036920,0.761477,0.040000
z_0237_687.733591.png,#b9770e,1,65.012193,2.216325,0.088653,0.040000
z_0237_687.733591.png,#bb8fce,1,2.828427,0.096424,0.003857,0.040000
z_0237_687.733591.png,#cb4335,1,52.041631,1.774146,0.070966,0.040000
z_0237_687.733591.png,#d2b4de,2,84.911688,2.894717,0.115789,0.040000
z_0237_687.733591.png,#d35400,3,102.083261,3.480111,0.139204,0.040000
z_0237_687.733591.png,#e74c3c,3,132.953319,4.532500,0.181300,0.040000
z_0237_687.733591.png,#edbb99,2,134.267027,4.577285,0.183091,0.040000
z_0237_687.733591.png,#f1948a,2,112.911688,3.849262,0.153970,0.040000
z_0237_687.733591.png,#f58231,1,70.769553,2.412598,0.096504,0.040000
z_0237_687.733591.png,#f7dc6f,1,27.556349,0.939421,0.037577,0.040000
z_0237_687.733591.png,#fad7a0,1,51.698485,1.762448,0.070498,0.040000
z_0238_688.745174.png,#0e6251,2,107.012193,3.648143,0.145926,0.040000
z_0238_688.745174.png,#117a65,4,223.137085,7.606946,0.304278,0.040000
z_0238_688.745174.png,#145a32,6,359.119841,12.242722,0.489709,0.040000
z_0238_688.745174.png,#154360,4,109.740115,3.741140,0.149646,0.040000
z_0238_688.745174.png,#196f3d,4,141.438600,4.821770,0.192871,0.040000
z_0238_688.745174.png,#1b4f72,5,276.492424,9.425878,0.377035,0.040000
z_0238_688.745174.png,#2e4053,3,145.982756,4.976685,0.199067,0.040000
z_0238_688.745174.png,#2ecc71,1,42.041631,1.433237,0.057329,0.040000
z_0238_688.745174.png,#3b3b98,5,611.085353,20.832455,0.833298,0.040000
z_0238_688.745174.png,#45b39d,6,415.504617,14.164930,0.566597,0.040000
z_0238_688.745174.png,#48c9b0,4,727.653896,24.806383,0.992255,0.040000
z_0238_688.745174.png,#4a235a,1,54.284271,1.850600,0.074024,0.040000
z_0238_688.745174.png,#52be80,4,354.534055,12.086388,0.483456,0.040000
z_0238_688.745174.png,#5499c7,2,83.012193,2.829961,0.113198,0.040000
z_0238_688.745174.png,#73c6b6,1,40.970563,1.396724,0.055869,0.040000
z_0238_688.745174.png,#7b241c,2,72.769553,2.480780,0.099231,0.040000
z_0238_688.745174.png,#82e0aa,2,148.124892,5.049712,0.201988,0.040000
z_0238_688.745174.png,#85c1e9,1,40.041631,1.365056,0.054602,0.040000
z_0238_688.745174.png,#922b21,3,133.154329,4.539352,0.181574,0.040000
z_0238_688.745174.png,#9a7d0a,6,312.048773,10.638026,0.425521,0.040000
z_0238_688.745174.png,#a2d9ce,12,57.941125,1.975266,0.079011,0.040000
z_0238_688.745174.png,#a3e4d7,36,192.308658,6.555977,0.262239,0.040000
z_0238_688.745174.png,#a9cce3,4,82.183766,2.801719,0.112069,0.040000
z_0238_688.745174.png,#af601a,3,125.154329,4.266625,0.170665,0.040000
z_0238_688.745174.png,#af7ac5,8,557.102597,18.992134,0.759685,0.040000
z_0238_688.745174.png,#b9770e,1,65.012193,2.216325,0.088653,0.040000
z_0238_688.745174.png,#bb8fce,1,2.828427,0.096424,0.003857,0.040000
z_0238_688.745174.png,#cb4335,1,51.213203,1.745905,0.069836,0.040000
z_0238_688.745174.png,#d2b4de,2,84.083261,2.866475,0.114659,0.040000
z_0238_688.745174.png,#d35400,3,103.497475,3.528323,0.141133,0.040000
z_0238_688.745174.png,#e74c3c,3,130.710678,4.456046,0.178242,0.040000
z_0238_688.745174.png,#edbb99,2,134.267027,4.577285,0.183091,0.040000
z_0238_688.745174.png,#f1948a,2,114.911688,3.917444,0.156698,0.040000
z_0238_688.745174.png,#f58231,1,70.769553,2.412598,0.096504,0.040000
z_0238_688.745174.png,#f7dc6f,1,27.556349,0.939421,0.037577,0.040000
z_0238_688.745174.png,#fad7a0,1,50.870058,1.734207,0.069368,0.040000
z_0239_689.756757.png,#0e6251,2,151.740115,5.172958,0.206918,0.040000
z_0239_689.756757.png,#117a65,4,246.450793,8.401732,0.336069,0.040000
z_0239_689.756757.png,#145a32,5,258.066017,8.797705,0.351908,0.040000
z_0239_689.756757.png,#154360,1,12.242641,0.417363,0.016695,0.040000
z_0239_689.756757.png,#196f3d,3,166.024387,5.659922,0.226397,0.040000
z_0239_689.756757.png,#1b4f72,2,273.663997,9.329454,0.373178,0.040000
z_0239_689.756757.png,#2e4053,1,70.526912,2.404327,0.096173,0.040000
z_0239_689.756757.png,#2ecc71,1,40.627417,1.385026,0.055401,0.040000
z_0239_689.756757.png,#3b3b98,3,685.612265,23.373145,0.934926,0.040000
z_0239_689.756757.png,#45b39d,8,472.759451,16.116799,0.644672,0.040000
z_0239_689.756757.png,#48c9b0,6,500.315801,17.056220,0.682249,0.040000
z_0239_689.756757.png,#4a235a,1,58.041631,1.978692,0.079148,0.040000
z_0239_689.756757.png,#52be80,3,252.007143,8.591153,0.343646,0.040000
z_0239_689.756757.png,#5499c7,2,95.254834,3.247324,0.129893,0.040000
z_0239_689.756757.png,#82e0aa,3,182.124892,6.208803,0.248352,0.040000
z_0239_689.756757.png,#85c1e9,2,61.355339,2.091659,0.083666,0.040000
z_0239_689.756757.png,#922b21,2,96.426407,3.287264,0.131491,0.040000
z_0239_689.756757.png,#9a7d0a,5,258.107648,8.799124,0.351965,0.040000
z_0239_689.756757.png,#a2d9ce,7,25.798990,0.879511,0.035180,0.040000
z_0239_689.756757.png,#a3e4d7,26,173.095454,5.900981,0.236039,0.040000
z_0239_689.756757.png,#a9cce3,8,195.237590,6.655827,0.266233,0.040000
z_0239_689.756757.png,#af601a,5,186.610173,6.361710,0.254468,0.040000
z_0239_689.756757.png,#af7ac5,8,552.457936,18.833793,0.753352,0.040000
z_0239_689.756757.png,#b9770e,1,62.769553,2.139871,0.085595,0.040000
z_0239_689.756757.png,#cb4335,1,53.455844,1.822358,0.072894,0.040000
z_0239_689.756757.png,#d2b4de,2,94.911688,3.235626,0.129425,0.040000
z_0239_689.756757.png,#d35400,2,78.183766,2.665356,0.106614,0.040000
z_0239_689.756757.png,#e74c3c,3,208.894444,7.121402,0.284856,0.040000
z_0239_689.756757.png,#edbb99,3,140.124892,4.776985,0.191079,0.040000
z_0239_689.756757.png,#f1948a,4,175.781746,5.992560,0.239702,0.040000
z_0239_689.756757.png,#f58231,1,65.455844,2.231449,0.089258,0.040000
z_0239_689.756757.png,#f7dc6f,1,19.899495,0.678392,0.027136,0.040000
z_0240_690.768340.png,#0e6251,2,151.740115,5.172958,0.206918,0.040000
z_0240_690.768340.png,#117a65,4,246.450793,8.401732,0.336069,0.040000
z_0240_690.768340.png,#145a32,5,257.480231,8.777735,0.351109,0.040000
z_0240_690.768340.png,#154360,1,12.242641,0.417363,0.016695,0.040000
z_0240_690.768340.png,#196f3d,3,166.024387,5.659922,0.226397,0.040000
z_0240_690.768340.png,#1b4f72,2,275.178716,9.381093,0.375244,0.040000
z_0240_690.768340.png,#2e4053,1,70.526912,2.404327,0.096173,0.040000
z_0240_690.768340.png,#2ecc71,1,40.627417,1.385026,0.055401,0.040000
z_0240_690.768340.png,#3b3b98,2,690.440692,23.537751,0.941510,0.040000
z_0240_690.768340.png,#45b39d,8,468.516811,15.972164,0.638887,0.040000
z_0240_690.768340.png,#48c9b0,6,497.487373,16.959797,0.678392,0.040000
z_0240_690.768340.png,#4a235a,1,58.041631,1.978692,0.079148,0.040000
z_0240_690.768340.png,#52be80,3,251.421356,8.571183,0.342847,0.040000
z_0240_690.768340.png,#5499c7,2,94.426407,3.219082,0.128763,0.040000
z_0240_690.768340.png,#82e0aa,3,182.953319,6.237045,0.249482,0.040000
z_0240_690.768340.png,#85c1e9,2,59.698485,2.035176,0.081407,0.040000
z_0240_690.768340.png,#922b21,2,95.597980,3.259022,0.130361,0.040000
z_0240_690.768340.png,#9a7d0a,5,258.693434,8.819094,0.352764,0.040000
z_0240_690.768340.png,#a2d9ce,8,26.627417,0.907753,0.036310,0.040000
z_0240_690.768340.png,#a3e4d7,23,192.610173,6.566256,0.262650,0.040000
z_0240_690.768340.png,#a9cce3,8,195.823376,6.675797,0.267032,0.040000
z_0240_690.768340.png,#af601a,5,188.024387,6.409922,0.256397,0.040000
z_0240_690.768340.png,#af7ac5,8,551.872150,18.813823,0.752553,0.040000
z_0240_690.768340.png,#b9770e,1,62.769553,2.139871,0.085595,0.040000
z_0240_690.768340.png,#cb4335,1,53.455844,1.822358,0.072894,0.040000
z_0240_690.768340.png,#d2b4de,3,98.325902,3.352019,0.134081,0.040000
z_0240_690.768340.png,#d35400,2,77.355339,2.637114,0.105485,0.040000
z_0240_690.768340.png,#e74c3c,3,209.480231,7.141372,0.285655,0.040000
z_0240_690.768340.png,#edbb99,3,140.953319,4.805227,0.192209,0.040000
z_0240_690.768340.png,#f1948a,4,175.195959,5.972590,0.238904,0.040000
z_0240_690.768340.png,#f58231,1,66.041631,2.251419,0.090057,0.040000
z_0240_690.768340.png,#f7dc6f,1,19.899495,0.678392,0.027136,0.040000
z_0241_691.779923.png,#0e6251,2,161.740115,5.513868,0.220555,0.040000
z_0241_691.779923.png,#117a65,4,256.450793,8.742641,0.349706,0.040000
z_0241_691.779923.png,#145a32,5,265.521861,9.051882,0.362075,0.040000
z_0241_691.779923.png,#154360,1,13.656854,0.465575,0.018623,0.040000
z_0241_691.779923.png,#196f3d,3,178.509668,6.085557,0.243422,0.040000
z_0241_691.779923.png,#1b4f72,3,282.492424,9.630424,0.385217,0.040000
z_0241_691.779923.png,#2e4053,1,78.083261,2.661929,0.106477,0.040000
z_0241_691.779923.png,#2ecc71,1,41.213203,1.404996,0.056200,0.040000
z_0241_691.779923.png,#3b3b98,5,662.742207,22.593484,0.903739,0.040000
z_0241_691.779923.png,#45b39d,8,464.658946,15.840646,0.633626,0.040000
z_0241_691.779923.png,#48c9b0,7,480.859956,16.392953,0.655718,0.040000
z_0241_691.779923.png,#4a235a,1,58.870058,2.006934,0.080277,0.040000
z_0241_691.779923.png,#52be80,3,242.107648,8.253670,0.330147,0.040000
z_0241_691.779923.png,#5499c7,2,96.083261,3.275566,0.131023,0.040000
z_0241_691.779923.png,#82e0aa,3,208.409163,7.104858,0.284194,0.040000
z_0241_691.779923.png,#85c1e9,4,94.325902,3.215656,0.128626,0.040000
z_0241_691.779923.png,#922b21,1,62.284271,2.123327,0.084933,0.040000
z_0241_691.779923.png,#9a7d0a,5,276.735065,9.434150,0.377366,0.040000
z_0241_691.779923.png,#a2d9ce,12,45.941125,1.566175,0.062647,0.040000
z_0241_691.779923.png,#a3e4d7,29,222.994949,7.602101,0.304084,0.040000
z_0241_691.779923.png,#a9cce3,10,314.149278,10.709634,0.428385,0.040000
z_0241_691.779923.png,#af601a,5,188.953319,6.441590,0.257664,0.040000
z_0241_691.779923.png,#af7ac5,10,559.327994,19.068000,0.762720,0.040000
z_0241_691.779923.png,#b9770e,1,60.769553,2.071689,0.082868,0.040000
z_0241_691.779923.png,#bb8fce,1,10.828427,0.369151,0.014766,0.040000
z_0241_691.779923.png,#cb4335,1,46.970563,1.601269,0.064051,0.040000
z_0241_691.779923.png,#d2b4de,5,122.811183,4.186745,0.167470,0.040000
z_0241_691.779923.png,#d35400,2,80.769553,2.753507,0.110140,0.040000
z_0241_691.779923.png,#e74c3c,3,182.267027,6.213649,0.248546,0.040000
z_0241_691.779923.png,#edbb99,2,134.811183,4.595836,0.183833,0.040000
z_0241_691.779923.png,#f1948a,4,208.166522,7.096586,0.283863,0.040000
z_0241_691.779923.png,#f58231,1,67.112698,2.287933,0.091517,0.040000
z_0241_691.779923.png,#f7dc6f,1,19.899495,0.678392,0.027136,0.040000
z_0242_692.791506.png,#0e6251,2,174.468037,5.947774,0.237911,0.040000
z_0242_692.791506.png,#117a65,4,264.450793,9.015368,0.360615,0.040000
z_0242_692.791506.png,#145a32,5,292.149278,9.959634,0.398385,0.040000
z_0242_692.791506.png,#196f3d,3,185.923882,6.338314,0.253533,0.040000
z_0242_692.791506.png,#1b4f72,2,262.835570,8.960304,0.358412,0.040000
z_0242_692.791506.png,#2e4053,1,71.012193,2.420870,0.096835,0.040000
z_0242_692.791506.png,#2ecc71,1,40.970563,1.396724,0.055869,0.040000
z_0242_692.791506.png,#3b3b98,6,613.771645,20.924033,0.836961,0.040000
z_0242_692.791506.png,#45b39d,7,459.203102,15.654651,0.626186,0.040000
z_0242_692.791506.png,#48c9b0,6,328.007143,11.182062,0.447282,0.040000
z_0242_692.791506.png,#4a235a,1,58.870058,2.006934,0.080277,0.040000
z_0242_692.791506.png,#52be80,3,252.007143,8.591153,0.343646,0.040000
z_0242_692.791506.png,#5499c7,2,97.840620,3.335476,0.133419,0.040000
z_0242_692.791506.png,#82e0aa,3,213.823376,7.289433,0.291577,0.040000
z_0242_692.791506.png,#85c1e9,4,109.740115,3.741140,0.149646,0.040000
z_0242_692.791506.png,#922b21,1,60.870058,2.075116,0.083005,0.040000
z_0242_692.791506.png,#9a7d0a,5,285.078210,9.718575,0.388743,0.040000
z_0242_692.791506.png,#a2d9ce,7,23.798990,0.811329,0.032453,0.040000
z_0242_692.791506.png,#a3e4d7,30,162.651804,5.544948,0.221798,0.040000
z_0242_692.791506.png,#a9cce3,6,357.504617,12.187657,0.487506,0.040000
z_0242_692.791506.png,#af601a,5,188.610173,6.429892,0.257196,0.040000
z_0242_692.791506.png,#af7ac5,9,585.227489,19.950937,0.798037,0.040000
z_0242_692.791506.png,#b9770e,1,58.284271,1.986964,0.079479,0.040000
z_0242_692.791506.png,#cb4335,1,38.870058,1.325116,0.053005,0.040000
z_0242_692.791506.png,#d2b4de,3,113.154329,3.857534,0.154301,0.040000
z_0242_692.791506.png,#d35400,2,78.526912,2.677054,0.107082,0.040000
z_0242_692.791506.png,#e74c3c,3,169.095454,5.764618,0.230585,0.040000
z_0242_692.791506.png,#edbb99,2,124.568542,4.246655,0.169866,0.040000
z_0242_692.791506.png,#f1948a,3,232.107648,7.912761,0.316510,0.040000
z_0242_692.791506.png,#f58231,1,65.941125,2.247993,0.089920,0.040000
z_0243_693.803089.png,#0e6251,3,187.539105,6.393379,0.255735,0.040000
z_0243_693.803089.png,#117a65,4,267.764502,9.128335,0.365133,0.040000
z_0243_693.803089.png,#145a32,6,323.462987,11.027147,0.441086,0.040000
z_0243_693.803089.png,#196f3d,3,200.752309,6.843829,0.273753,0.040000
z_0243_693.803089.png,#1b4f72,2,282.007143,9.613880,0.384555,0.040000
z_0243_693.803089.png,#2e4053,1,67.941125,2.316175,0.092647,0.040000
z_0243_693.803089.png,#2ecc71,1,41.213203,1.404996,0.056200,0.040000
z_0243_693.803089.png,#3b3b98,3,503.203102,17.154651,0.686186,0.040000
z_0243_693.803089.png,#45b39d,7,429.931024,14.656739,0.586270,0.040000
z_0243_693.803089.png,#48c9b0,5,325.563492,11.098755,0.443950,0.040000
z_0243_693.803089.png,#4a235a,1,67.455844,2.299631,0.091985,0.040000
z_0243_693.803089.png,#52be80,4,277.078210,9.445848,0.377834,0.040000
z_0243_693.803089.png,#5499c7,2,123.982756,4.226685,0.169067,0.040000
z_0243_693.803089.png,#82e0aa,3,216.551299,7.382431,0.295297,0.040000
z_0243_693.803089.png,#85c1e9,5,134.225397,4.575866,0.183035,0.040000
z_0243_693.803089.png,#922b21,1,56.870058,1.938752,0.077550,0.040000
z_0243_693.803089.png,#9a7d0a,5,291.178716,9.926547,0.397062,0.040000
z_0243_693.803089.png,#a2d9ce,8,44.627417,1.521389,0.060856,0.040000
z_0243_693.803089.png,#a3e4d7,19,146.225397,4.984957,0.199398,0.040000
z_0243_693.803089.png,#a9cce3,9,433.345238,14.773133,0.590925,0.040000
z_0243_693.803089.png,#af601a,6,196.752309,6.707465,0.268299,0.040000
z_0243_693.803089.png,#af7ac5,8,580.984848,19.806302,0.792252,0.040000
z_0243_693.803089.png,#b9770e,1,56.870058,1.938752,0.077550,0.040000
z_0243_693.803089.png,#bb8fce,1,2.828427,0.096424,0.003857,0.040000
z_0243_693.803089.png,#cb4335,1,26.727922,0.911179,0.036447,0.040000
z_0243_693.803089.png,#d2b4de,1,119.053824,4.058653,0.162346,0.040000
z_0243_693.803089.png,#d35400,2,66.526912,2.267963,0.090719,0.040000
z_0243_693.803089.png,#e74c3c,3,160.024387,5.455377,0.218215,0.040000
z_0243_693.803089.png,#edbb99,2,118.568542,4.042109,0.161684,0.040000
z_0243_693.803089.png,#f1948a,4,246.208153,8.393460,0.335738,0.040000
z_0243_693.803089.png,#f58231,1,64.284271,2.191509,0.087660,0.040000
z_0243_693.803089.png,#f7dc6f,1,11.313708,0.385695,0.015428,0.040000
z_0244_694.814672.png,#0e6251,3,315.036580,10.739883,0.429595,0.040000
z_0244_694.814672.png,#117a65,4,275.906638,9.405908,0.376236,0.040000
z_0244_694.814672.png,#145a32,8,350.877200,11.961723,0.478469,0.040000
z_0244_694.814672.png,#196f3d,3,194.752309,6.639283,0.265571,0.040000
z_0244_694.814672.png,#1b4f72,2,258.592929,8.815668,0.352627,0.040000
z_0244_694.814672.png,#2e4053,1,58.870058,2.006934,0.080277,0.040000
z_0244_694.814672.png,#2ecc71,1,43.213203,1.473177,0.058927,0.040000
z_0244_694.814672.png,#3b3b98,3,498.617316,16.998318,0.679933,0.040000
z_0244_694.814672.png,#45b39d,7,416.960461,14.214561,0.568582,0.040000
z_0244_694.814672.png,#48c9b0,5,329.948268,11.248236,0.449929,0.040000
z_0244_694.814672.png,#4a235a,2,117.154329,3.993898,0.159756,0.040000
z_0244_694.814672.png,#52be80,4,265.865007,9.063580,0.362543,0.040000
z_0244_694.814672.png,#5499c7,2,122.568542,4.178473,0.167139,0.040000
z_0244_694.814672.png,#82e0aa,3,221.237590,7.542191,0.301688,0.040000
z_0244_694.814672.png,#85c1e9,5,153.781746,5.242560,0.209702,0.040000
z_0244_694.814672.png,#922b21,1,57.698485,1.966994,0.078680,0.040000
z_0244_694.814672.png,#9a7d0a,4,319.948268,10.907327,0.436293,0.040000
z_0244_694.814672.png,#a2d9ce,10,36.284271,1.236964,0.049479,0.040000
z_0244_694.814672.png,#a3e4d7,20,128.468037,4.379592,0.175184,0.040000
z_0244_694.814672.png,#a9cce3,10,516.742207,17.616212,0.704648,0.040000
z_0244_694.814672.png,#af601a,3,170.610173,5.816256,0.232650,0.040000
z_0244_694.814672.png,#af7ac5,7,560.014285,19.091396,0.763656,0.040000
z_0244_694.814672.png,#b9770e,1,58.526912,1.995236,0.079809,0.040000
z_0244_694.814672.png,#cb4335,1,15.313708,0.522058,0.020882,0.040000
z_0244_694.814672.png,#d2b4de,2,114.568542,3.905746,0.156230,0.040000
z_0244_694.814672.png,#d35400,2,42.384776,1.444936,0.057797,0.040000
z_0244_694.814672.png,#e74c3c,3,138.710678,4.728773,0.189151,0.040000
z_0244_694.814672.png,#edbb99,4,123.639610,4.214987,0.168599,0.040000
z_0244_694.814672.png,#f1948a,5,299.563492,10.212392,0.408496,0.040000
z_0244_694.814672.png,#f58231,1,65.112698,2.219751,0.088790,0.040000
z_0245_695.826255.png,#0e6251,2,308.107648,10.503670,0.420147,0.040000
z_0245_695.826255.png,#117a65,4,280.735065,9.570514,0.382821,0.040000
z_0245_695.826255.png,#145a32,10,422.960461,14.419107,0.576764,0.040000
z_0245_695.826255.png,#196f3d,3,190.752309,6.502920,0.260117,0.040000
z_0245_695.826255.png,#1b4f72,2,245.279221,8.361792,0.334472,0.040000
z_0245_695.826255.png,#2e4053,1,57.112698,1.947024,0.077881,0.040000
z_0245_695.826255.png,#2ecc71,1,42.384776,1.444936,0.057797,0.040000
z_0245_695.826255.png,#3b3b98,3,489.646753,16.692503,0.667700,0.040000
z_0245_695.826255.png,#45b39d,7,382.433550,13.037507,0.521500,0.040000
z_0245_695.826255.png,#48c9b0,5,292.977705,9.987876,0.399515,0.040000
z_0245_695.826255.png,#4a235a,2,174.953319,5.964318,0.238573,0.040000
z_0245_695.826255.png,#52be80,4,259.622366,8.850762,0.354030,0.040000
z_0245_695.826255.png,#5499c7,2,122.468037,4.175047,0.167002,0.040000
z_0245_695.826255.png,#82e0aa,3,220.066017,7.502251,0.300090,0.040000
z_0245_695.826255.png,#85c1e9,5,164.367532,5.603439,0.224138,0.040000
z_0245_695.826255.png,#922b21,1,56.870058,1.938752,0.077550,0.040000
z_0245_695.826255.png,#9a7d0a,4,307.605122,10.486538,0.419462,0.040000
z_0245_695.826255.png,#a2d9ce,9,41.455844,1.413267,0.056531,0.040000
z_0245_695.826255.png,#a3e4d7,19,145.296465,4.953289,0.198132,0.040000
z_0245_695.826255.png,#a9cce3,8,520.399062,17.740877,0.709635,0.040000
z_0245_695.826255.png,#af601a,4,169.438600,5.776316,0.231053,0.040000
z_0245_695.826255.png,#af7ac5,7,551.244733,18.792434,0.751697,0.040000
z_0245_695.826255.png,#b9770e,1,59.355339,2.023477,0.080939,0.040000
z_0245_695.826255.png,#d2b4de,1,112.325902,3.829292,0.153172,0.040000
z_0245_695.826255.png,#d35400,1,29.899495,1.019301,0.040772,0.040000
z_0245_695.826255.png,#e74c3c,3,128.811183,4.391290,0.175652,0.040000
z_0245_695.826255.png,#edbb99,2,113.840620,3.880930,0.155237,0.040000
z_0245_695.826255.png,#f1948a,4,317.320851,10.817756,0.432710,0.040000
z_0245_695.826255.png,#f58231,1,65.941125,2.247993,0.089920,0.040000
z_0246_696.837838.png,#0e6251,2,368.291414,12.555389,0.502216,0.040000
z_0246_696.837838.png,#117a65,5,305.605122,10.418356,0.416734,0.040000
z_0246_696.837838.png,#145a32,6,337.362482,11.500994,0.460040,0.040000
z_0246_696.837838.png,#196f3d,3,196.267027,6.690921,0.267637,0.040000
z_0246_696.837838.png,#1b4f72,2,246.551299,8.405158,0.336206,0.040000
z_0246_696.837838.png,#2e4053,1,52.526912,1.790690,0.071628,0.040000
z_0246_696.837838.png,#2ecc71,1,42.142136,1.436664,0.057467,0.040000
z_0246_696.837838.png,#3b3b98,3,475.203102,16.200106,0.648004,0.040000
z_0246_696.837838.png,#45b39d,8,351.462987,11.981693,0.479268,0.040000
z_0246_696.837838.png,#48c9b0,3,242.693434,8.273640,0.330946,0.040000
z_0246_696.837838.png,#4a235a,2,210.852814,7.188164,0.287527,0.040000
z_0246_696.837838.png,#52be80,4,264.450793,9.015368,0.360615,0.040000
z_0246_696.837838.png,#5499c7,2,119.639610,4.078623,0.163145,0.040000
z_0246_696.837838.png,#82e0aa,3,222.166522,7.573859,0.302954,0.040000
z_0246_696.837838.png,#85c1e9,5,188.409163,6.423040,0.256922,0.040000
z_0246_696.837838.png,#922b21,1,54.284271,1.850600,0.074024,0.040000
z_0246_696.837838.png,#9a7d0a,4,306.291414,10.441753,0.417670,0.040000
z_0246_696.837838.png,#a2d9ce,13,46.769553,1.594417,0.063777,0.040000
z_0246_696.837838.png,#a3e4d7,13,132.225397,4.507684,0.180307,0.040000
z_0246_696.837838.png,#a9cce3,9,555.612265,18.941327,0.757653,0.040000
z_0246_696.837838.png,#af601a,2,164.852814,5.619982,0.224799,0.040000
z_0246_696.837838.png,#af7ac5,7,548.114790,18.685731,0.747429,0.040000
z_0246_696.837838.png,#b9770e,1,54.870058,1.870570,0.074823,0.040000
z_0246_696.837838.png,#d2b4de,2,119.053824,4.058653,0.162346,0.040000
z_0246_696.837838.png,#d35400,1,29.313708,0.999331,0.039973,0.040000
z_0246_696.837838.png,#e74c3c,3,122.568542,4.178473,0.167139,0.040000
z_0246_696.837838.png,#edbb99,2,98.769553,3.367144,0.134686,0.040000
z_0246_696.837838.png,#f1948a,5,319.806133,10.902482,0.436099,0.040000
z_0246_696.837838.png,#f58231,1,66.526912,2.267963,0.090719,0.040000
z_0246_696.837838.png,#f7dc6f,1,19.899495,0.678392,0.027136,0.040000
z_0247_697.849421.png,#0e6251,2,397.362482,13.546448,0.541858,0.040000
z_0247_697.849421.png,#117a65,5,277.320851,9.454120,0.378165,0.040000
z_0247_697.849421.png,#145a32,6,389.788889,13.288258,0.531530,0.040000
z_0247_697.849421.png,#196f3d,3,208.409163,7.104858,0.284194,0.040000
z_0247_697.849421.png,#1b4f72,2,239.722871,8.172371,0.326895,0.040000
z_0247_697.849421.png,#2e4053,1,57.112698,1.947024,0.077881,0.040000
z_0247_697.849421.png,#2ecc71,1,42.970563,1.464906,0.058596,0.040000
z_0247_697.849421.png,#3b3b98,3,468.717821,15.979017,0.639161,0.040000
z_0247_697.849421.png,#45b39d,7,310.048773,10.569845,0.422794,0.040000
z_0247_697.849421.png,#48c9b0,3,249.865007,8.518125,0.340725,0.040000
z_0247_697.849421.png,#4a235a,1,207.195959,7.063499,0.282540,0.040000
z_0247_697.849421.png,#52be80,5,183.438600,6.253589,0.250144,0.040000
z_0247_697.849421.png,#5499c7,2,110.568542,3.769382,0.150775,0.040000
z_0247_697.849421.png,#82e0aa,3,231.379726,7.887945,0.315518,0.040000
z_0247_697.849421.png,#85c1e9,5,203.338095,6.931981,0.277279,0.040000
z_0247_697.849421.png,#922b21,1,52.627417,1.794116,0.071765,0.040000
z_0247_697.849421.png,#9a7d0a,4,295.806133,10.084300,0.403372,0.040000
z_0247_697.849421.png,#a2d9ce,7,33.798990,1.152238,0.046090,0.040000
z_0247_697.849421.png,#a3e4d7,16,152.124892,5.186076,0.207443,0.040000
z_0247_697.849421.png,#a9cce3,8,578.097546,19.707871,0.788315,0.040000
z_0247_697.849421.png,#af601a,2,138.124892,4.708803,0.188352,0.040000
z_0247_697.849421.png,#af7ac5,7,589.227489,20.087301,0.803492,0.040000
z_0247_697.849421.png,#b9770e,1,53.455844,1.822358,0.072894,0.040000
z_0247_697.849421.png,#d2b4de,2,118.225397,4.030411,0.161216,0.040000
z_0247_697.849421.png,#d35400,1,27.313708,0.931149,0.037246,0.040000
z_0247_697.849421.png,#e74c3c,3,110.911688,3.781080,0.151243,0.040000
z_0247_697.849421.png,#edbb99,2,88.426407,3.014537,0.120581,0.040000
z_0247_697.849421.png,#f1948a,5,341.705627,11.649055,0.465962,0.040000
z_0247_697.849421.png,#f58231,1,65.941125,2.247993,0.089920,0.040000
z_0247_697.849421.png,#f7dc6f,1,25.556349,0.871239,0.034850,0.040000
z_0248_698.861004.png,#0e6251,2,416.232539,14.189746,0.567590,0.040000
z_0248_698.861004.png,#117a65,5,265.178716,9.040183,0.361607,0.040000
z_0248_698.861004.png,#145a32,6,349.161472,11.903232,0.476129,0.040000
z_0248_698.861004.png,#196f3d,3,221.137085,7.538764,0.301551,0.040000
z_0248_698.861004.png,#1b4f72,2,236.308658,8.055977,0.322239,0.040000
z_0248_698.861004.png,#2e4053,1,55.698485,1.898812,0.075952,0.040000
z_0248_698.861004.png,#2ecc71,1,44.384776,1.513117,0.060525,0.040000
z_0248_698.861004.png,#3b3b98,5,509.244733,17.360616,0.694425,0.040000
z_0248_698.861004.png,#45b39d,6,273.521861,9.324609,0.372984,0.040000
z_0248_698.861004.png,#48c9b0,4,288.492424,9.834969,0.393399,0.040000
z_0248_698.861004.png,#4a235a,1,205.681241,7.011860,0.280474,0.040000
z_0248_698.861004.png,#52be80,4,153.396970,5.229442,0.209178,0.040000
z_0248_698.861004.png,#5499c7,2,107.982756,3.681230,0.147249,0.040000
z_0248_698.861004.png,#82e0aa,3,239.379726,8.160672,0.326427,0.040000
z_0248_698.861004.png,#85c1e9,5,225.379726,7.683400,0.307336,0.040000
z_0248_698.861004.png,#922b21,1,51.455844,1.754177,0.070167,0.040000
z_0248_698.861004.png,#9a7d0a,4,285.806133,9.743391,0.389736,0.040000
z_0248_698.861004.png,#a2d9ce,7,27.798990,0.947693,0.037908,0.040000
z_0248_698.861004.png,#a3e4d7,22,191.480231,6.527735,0.261109,0.040000
z_0248_698.861004.png,#a9cce3,7,594.523953,20.267862,0.810714,0.040000
z_0248_698.861004.png,#af601a,1,111.154329,3.789352,0.151574,0.040000
z_0248_698.861004.png,#af7ac5,7,657.470129,22.413754,0.896550,0.040000
z_0248_698.861004.png,#b9770e,1,52.284271,1.782418,0.071297,0.040000
z_0248_698.861004.png,#bb8fce,1,2.828427,0.096424,0.003857,0.040000
z_0248_698.861004.png,#d2b4de,3,118.225397,4.030411,0.161216,0.040000
z_0248_698.861004.png,#d35400,1,25.556349,0.871239,0.034850,0.040000
z_0248_698.861004.png,#e74c3c,3,102.083261,3.480111,0.139204,0.040000
z_0248_698.861004.png,#edbb99,2,81.597980,2.781749,0.111270,0.040000
z_0248_698.861004.png,#f1948a,5,353.462987,12.049875,0.481995,0.040000
z_0248_698.861004.png,#f58231,1,65.112698,2.219751,0.088790,0.040000
z_0248_698.861004.png,#f7dc6f,1,25.899495,0.882937,0.035317,0.040000
z_0249_699.872587.png,#0e6251,2,470.658946,16.045191,0.641808,0.040000
z_0249_699.872587.png,#117a65,5,279.663997,9.534000,0.381360,0.040000
z_0249_699.872587.png,#145a32,8,475.788889,16.220076,0.648803,0.040000
z_0249_699.872587.png,#196f3d,3,221.965512,7.567006,0.302680,0.040000
z_0249_699.872587.png,#1b4f72,2,224.651804,7.658584,0.306343,0.040000
z_0249_699.872587.png,#2e4053,1,54.041631,1.842328,0.073693,0.040000
z_0249_699.872587.png,#2ecc71,1,44.142136,1.504846,0.060194,0.040000
z_0249_699.872587.png,#3b3b98,4,492.859956,16.802044,0.672082,0.040000
z_0249_699.872587.png,#45b39d,6,269.663997,9.193091,0.367724,0.040000
z_0249_699.872587.png,#48c9b0,4,285.906638,9.746817,0.389873,0.040000
z_0249_699.872587.png,#4a235a,1,208.166522,7.096586,0.283863,0.040000
z_0249_699.872587.png,#52be80,4,155.053824,5.285926,0.211437,0.040000
z_0249_699.872587.png,#5499c7,2,108.568542,3.701200,0.148048,0.040000
z_0249_699.872587.png,#82e0aa,3,229.137085,7.811492,0.312460,0.040000
z_0249_699.872587.png,#85c1e9,4,242.693434,8.273640,0.330946,0.040000
z_0249_699.872587.png,#922b21,1,47.455844,1.617813,0.064713,0.040000
z_0249_699.872587.png,#9a7d0a,4,260.107648,8.867306,0.354692,0.040000
z_0249_699.872587.png,#a2d9ce,14,41.597980,1.418113,0.056725,0.040000
z_0249_699.872587.png,#a3e4d7,13,188.509668,6.426466,0.257059,0.040000
z_0249_699.872587.png,#a9cce3,6,614.523953,20.949680,0.837987,0.040000
z_0249_699.872587.png,#af601a,3,66.627417,2.271389,0.090856,0.040000
z_0249_699.872587.png,#af7ac5,8,682.097546,23.253325,0.930133,0.040000
z_0249_699.872587.png,#b9770e,1,48.870058,1.666025,0.066641,0.040000
z_0249_699.872587.png,#bb8fce,2,5.656854,0.192847,0.007714,0.040000
z_0249_699.872587.png,#d2b4de,4,123.296465,4.203289,0.168132,0.040000
z_0249_699.872587.png,#d35400,1,26.142136,0.891209,0.035648,0.040000
z_0249_699.872587.png,#e74c3c,3,106.325902,3.624747,0.144990,0.040000
z_0249_699.872587.png,#edbb99,2,75.455844,2.572358,0.102894,0.040000
z_0249_699.872587.png,#f1948a,4,375.362482,12.796448,0.511858,0.040000
z_0249_699.872587.png,#f58231,1,66.769553,2.276235,0.091049,0.040000
z_0249_699.872587.png,#f7dc6f,1,28.970563,0.987633,0.039505,0.040000
z_0250_700.884170.png,#0e6251,2,480.658946,16.386100,0.655444,0.040000
z_0250_700.884170.png,#117a65,4,274.107648,9.344579,0.373783,0.040000
z_0250_700.884170.png,#145a32,6,519.972655,17.726341,0.709054,0.040000
z_0250_700.884170.png,#196f3d,2,46.627417,1.589571,0.063583,0.040000
z_0250_700.884170.png,#1b4f72,2,212.509668,7.244648,0.289786,0.040000
z_0250_700.884170.png,#2e4053,1,50.284271,1.714237,0.068569,0.040000
z_0250_700.884170.png,#2ecc71,1,47.798990,1.629511,0.065180,0.040000
z_0250_700.884170.png,#3b3b98,5,490.658946,16.727010,0.669080,0.040000
z_0250_700.884170.png,#45b39d,6,269.865007,9.199943,0.367998,0.040000
z_0250_700.884170.png,#48c9b0,4,293.663997,10.011273,0.400451,0.040000
z_0250_700.884170.png,#4a235a,1,205.095454,6.991890,0.279676,0.040000
z_0250_700.884170.png,#52be80,4,147.296465,5.021470,0.200859,0.040000
z_0250_700.884170.png,#5499c7,3,122.710678,4.183319,0.167333,0.040000
z_0250_700.884170.png,#82e0aa,3,231.722871,7.899643,0.315986,0.040000
z_0250_700.884170.png,#85c1e9,3,273.806133,9.334300,0.373372,0.040000
z_0250_700.884170.png,#922b21,1,43.213203,1.473177,0.058927,0.040000
z_0250_700.884170.png,#9a7d0a,4,260.350288,8.875578,0.355023,0.040000
z_0250_700.884170.png,#a2d9ce,4,21.313708,0.726604,0.029064,0.040000
z_0250_700.884170.png,#a3e4d7,10,192.267027,6.554558,0.262182,0.040000
z_0250_700.884170.png,#a9cce3,9,672.565584,22.928372,0.917135,0.040000
z_0250_700.884170.png,#af7ac5,7,672.097546,22.912416,0.916497,0.040000
z_0250_700.884170.png,#b9770e,1,45.798990,1.561329,0.062453,0.040000
z_0250_700.884170.png,#bb8fce,1,2.828427,0.096424,0.003857,0.040000
z_0250_700.884170.png,#d2b4de,5,128.953319,4.396136,0.175845,0.040000
z_0250_700.884170.png,#d35400,1,19.899495,0.678392,0.027136,0.040000
z_0250_700.884170.png,#e74c3c,2,103.254834,3.520051,0.140802,0.040000
z_0250_700.884170.png,#edbb99,2,70.183766,2.392628,0.095705,0.040000
z_0250_700.884170.png,#f1948a,4,407.404112,13.888777,0.555551,0.040000
z_0250_700.884170.png,#f58231,1,67.355339,2.296205,0.091848,0.040000
z_0250_700.884170.png,#f7dc6f,1,41.213203,1.404996,0.056200,0.040000
z_0251_701.895753.png,#0e6251,2,521.286363,17.771126,0.710845,0.040000
z_0251_701.895753.png,#117a65,4,269.521861,9.188245,0.367530,0.040000
z_0251_701.895753.png,#145a32,5,528.558441,18.019038,0.720762,0.040000
z_0251_701.895753.png,#196f3d,2,52.870058,1.802388,0.072096,0.040000
z_0251_701.895753.png,#1b4f72,2,208.852814,7.119982,0.284799,0.040000
z_0251_701.895753.png,#2e4053,1,47.213203,1.609541,0.064382,0.040000
z_0251_701.895753.png,#2ecc71,1,51.213203,1.745905,0.069836,0.040000
z_0251_701.895753.png,#3b3b98,6,449.989899,15.340565,0.613623,0.040000
z_0251_701.895753.png,#45b39d,6,268.350288,9.148305,0.365932,0.040000
z_0251_701.895753.png,#48c9b0,4,311.220346,10.609785,0.424391,0.040000
z_0251_701.895753.png,#4a235a,1,201.539105,6.870651,0.274826,0.040000
z_0251_701.895753.png,#52be80,3,122.225397,4.166775,0.166671,0.040000
z_0251_701.895753.png,#5499c7,3,124.811183,4.254927,0.170197,0.040000
z_0251_701.895753.png,#82e0aa,3,233.237590,7.951281,0.318051,0.040000
z_0251_701.895753.png,#85c1e9,5,291.462987,9.936238,0.397450,0.040000
z_0251_701.895753.png,#922b21,1,41.798990,1.424966,0.056999,0.040000
z_0251_701.895753.png,#9a7d0a,4,262.107648,8.935488,0.357420,0.040000
z_0251_701.895753.png,#a2d9ce,4,19.313708,0.658422,0.026337,0.040000
z_0251_701.895753.png,#a3e4d7,15,189.338095,6.454708,0.258188,0.040000
z_0251_701.895753.png,#a9cce3,9,739.678282,25.216305,1.008652,0.040000
z_0251_701.895753.png,#af7ac5,8,664.925974,22.667931,0.906717,0.040000
z_0251_701.895753.png,#b9770e,1,44.384776,1.513117,0.060525,0.040000
z_0251_701.895753.png,#bb8fce,1,4.828427,0.164605,0.006584,0.040000
z_0251_701.895753.png,#d2b4de,4,122.225397,4.166775,0.166671,0.040000
z_0251_701.895753.png,#d35400,1,21.313708,0.726604,0.029064,0.040000
z_0251_701.895753.png,#e74c3c,2,104.669048,3.568263,0.142731,0.040000
z_0251_701.895753.png,#edbb99,2,49.698485,1.694267,0.067771,0.040000
z_0251_701.895753.png,#f1948a,4,405.404112,13.820595,0.552824,0.040000
z_0251_701.895753.png,#f58231,1,68.183766,2.324447,0.092978,0.040000
z_0251_701.895753.png,#f7dc6f,1,42.627417,1.453207,0.058128,0.040000
z_0252_702.907336.png,#0e6251,2,562.256926,19.167850,0.766714,0.040000
z_0252_702.907336.png,#117a65,4,255.965512,8.726097,0.349044,0.040000
z_0252_702.907336.png,#145a32,6,497.587878,16.963223,0.678529,0.040000
z_0252_702.907336.png,#196f3d,2,55.112698,1.878842,0.075154,0.040000
z_0252_702.907336.png,#1b4f72,2,200.367532,6.830711,0.273228,0.040000
z_0252_702.907336.png,#2e4053,1,49.455844,1.685995,0.067440,0.040000
z_0252_702.907336.png,#2ecc71,1,49.798990,1.697693,0.067908,0.040000
z_0252_702.907336.png,#3b3b98,6,387.119841,13.197267,0.527891,0.040000
z_0252_702.907336.png,#45b39d,6,274.350288,9.352851,0.374114,0.040000
z_0252_702.907336.png,#48c9b0,5,324.291414,11.055389,0.442216,0.040000
z_0252_702.907336.png,#4a235a,1,203.781746,6.947105,0.277884,0.040000
z_0252_702.907336.png,#52be80,3,126.225397,4.303139,0.172126,0.040000
z_0252_702.907336.png,#5499c7,3,147.539105,5.029742,0.201190,0.040000
z_0252_702.907336.png,#82e0aa,4,261.036580,8.898974,0.355959,0.040000
z_0252_702.907336.png,#85c1e9,4,284.048773,9.683481,0.387339,0.040000
z_0252_702.907336.png,#922b21,1,39.213203,1.336814,0.053473,0.040000
z_0252_702.907336.png,#9a7d0a,4,257.379726,8.774309,0.350972,0.040000
z_0252_702.907336.png,#a2d9ce,5,16.142136,0.550300,0.022012,0.040000
z_0252_702.907336.png,#a3e4d7,14,227.338095,7.750162,0.310006,0.040000
z_0252_702.907336.png,#a9cce3,13,853.317893,29.090383,1.163615,0.040000
z_0252_702.907336.png,#af7ac5,10,640.641702,21.840058,0.873602,0.040000
z_0252_702.907336.png,#b9770e,1,45.213203,1.541359,0.061654,0.040000
z_0252_702.907336.png,#bb8fce,1,4.828427,0.164605,0.006584,0.040000
z_0252_702.907336.png,#d2b4de,1,114.225397,3.894048,0.155762,0.040000
z_0252_702.907336.png,#d35400,1,19.313708,0.658422,0.026337,0.040000
z_0252_702.907336.png,#e74c3c,2,106.568542,3.633018,0.145321,0.040000
z_0252_702.907336.png,#edbb99,2,50.870058,1.734207,0.069368,0.040000
z_0252_702.907336.png,#f1948a,5,399.605122,13.622902,0.544916,0.040000
z_0252_702.907336.png,#f58231,1,70.769553,2.412598,0.096504,0.040000
z_0252_702.907336.png,#f7dc6f,2,38.970563,1.328542,0.053142,0.040000
z_0253_703.918919.png,#0e6251,4,558.641702,19.044603,0.761784,0.040000
z_0253_703.918919.png,#117a65,4,261.865007,8.927216,0.357089,0.040000
z_0253_703.918919.png,#145a32,6,516.357431,17.603094,0.704124,0.040000
z_0253_703.918919.png,#196f3d,2,57.698485,1.966994,0.078680,0.040000
z_0253_703.918919.png,#1b4f72,2,193.781746,6.606196,0.264248,0.040000
z_0253_703.918919.png,#2e4053,1,49.213203,1.677723,0.067109,0.040000
z_0253_703.918919.png,#2ecc71,1,52.627417,1.794116,0.071765,0.040000
z_0253_703.918919.png,#3b3b98,5,341.078210,11.627666,0.465107,0.040000
z_0253_703.918919.png,#45b39d,4,254.551299,8.677885,0.347115,0.040000
z_0253_703.918919.png,#48c9b0,5,353.119841,12.038176,0.481527,0.040000
z_0253_703.918919.png,#4a235a,1,195.882251,6.677804,0.267112,0.040000
z_0253_703.918919.png,#52be80,4,153.781746,5.242560,0.209702,0.040000
z_0253_703.918919.png,#5499c7,3,146.468037,4.993229,0.199729,0.040000
z_0253_703.918919.png,#82e0aa,4,268.107648,9.140033,0.365601,0.040000
z_0253_703.918919.png,#85c1e9,5,281.806133,9.607027,0.384281,0.040000
z_0253_703.918919.png,#922b21,1,34.384776,1.172208,0.046888,0.040000
z_0253_703.918919.png,#9a7d0a,4,272.793939,9.299793,0.371992,0.040000
z_0253_703.918919.png,#a2d9ce,6,20.970563,0.714906,0.028596,0.040000
z_0253_703.918919.png,#a3e4d7,10,176.024387,6.000831,0.240033,0.040000
z_0253_703.918919.png,#a9cce3,13,894.773737,30.503650,1.220146,0.040000
z_0253_703.918919.png,#af7ac5,11,542.457936,18.492884,0.739715,0.040000
z_0253_703.918919.png,#b9770e,1,42.970563,1.464906,0.058596,0.040000
z_0253_703.918919.png,#bb8fce,1,4.828427,0.164605,0.006584,0.040000
z_0253_703.918919.png,#d2b4de,4,123.882251,4.223259,0.168930,0.040000
z_0253_703.918919.png,#d35400,1,19.313708,0.658422,0.026337,0.040000
z_0253_703.918919.png,#e74c3c,2,94.911688,3.235626,0.129425,0.040000
z_0253_703.918919.png,#edbb99,3,75.840620,2.585476,0.103419,0.040000
z_0253_703.918919.png,#f1948a,4,348.190909,11.870145,0.474806,0.040000
z_0253_703.918919.png,#f58231,1,70.183766,2.392628,0.095705,0.040000
z_0253_703.918919.png,#f7dc6f,1,43.798990,1.493147,0.059726,0.040000
z_0254_704.930502.png,#0e6251,4,542.215295,18.484612,0.739384,0.040000
z_0254_704.930502.png,#117a65,4,270.308658,9.215068,0.368603,0.040000
z_0254_704.930502.png,#145a32,7,580.742207,19.798030,0.791921,0.040000
z_0254_704.930502.png,#196f3d,2,71.698485,2.444267,0.097771,0.040000
z_0254_704.930502.png,#1b4f72,1,171.639610,5.851350,0.234054,0.040000
z_0254_704.930502.png,#2e4053,1,54.627417,1.862298,0.074492,0.040000
z_0254_704.930502.png,#2ecc71,1,59.455844,2.026904,0.081076,0.040000
z_0254_704.930502.png,#3b3b98,5,220.267027,7.509103,0.300364,0.040000
z_0254_704.930502.png,#45b39d,4,255.480231,8.709553,0.348382,0.040000
z_0254_704.930502.png,#48c9b0,9,624.700577,21.296611,0.851864,0.040000
z_0254_704.930502.png,#4a235a,1,188.468037,6.425047,0.257002,0.040000
z_0254_704.930502.png,#52be80,4,196.267027,6.690921,0.267637,0.040000
z_0254_704.930502.png,#5499c7,3,147.396970,5.024897,0.200996,0.040000
z_0254_704.930502.png,#82e0aa,4,300.249783,10.235788,0.409432,0.040000
z_0254_704.930502.png,#85c1e9,4,253.379726,8.637945,0.345518,0.040000
z_0254_704.930502.png,#922b21,1,31.798990,1.084056,0.043362,0.040000
z_0254_704.930502.png,#9a7d0a,3,262.793939,8.958884,0.358355,0.040000
z_0254_704.930502.png,#a2d9ce,9,79.455844,2.708722,0.108349,0.040000
z_0254_704.930502.png,#a3e4d7,19,254.066017,8.661341,0.346454,0.040000
z_0254_704.930502.png,#a9cce3,7,937.016377,31.943740,1.277750,0.040000
z_0254_704.930502.png,#af7ac5,10,439.504617,14.983112,0.599324,0.040000
z_0254_704.930502.png,#b9770e,1,40.970563,1.396724,0.055869,0.040000
z_0254_704.930502.png,#d2b4de,2,119.982756,4.090321,0.163613,0.040000
z_0254_704.930502.png,#d35400,1,20.485281,0.698362,0.027934,0.040000
z_0254_704.930502.png,#e74c3c,2,68.526912,2.336145,0.093446,0.040000
z_0254_704.930502.png,#edbb99,2,99.597980,3.395386,0.135815,0.040000
z_0254_704.930502.png,#f1948a,4,335.705627,11.444510,0.457780,0.040000
z_0254_704.930502.png,#f58231,1,74.426407,2.537264,0.101491,0.040000
z_0254_704.930502.png,#f7dc6f,1,39.899495,1.360210,0.054408,0.040000
z_0255_705.942085.png,#0e6251,4,533.972655,18.203613,0.728145,0.040000
z_0255_705.942085.png,#117a65,4,271.137085,9.243310,0.369732,0.040000
z_0255_705.942085.png,#145a32,7,575.955411,19.634844,0.785394,0.040000
z_0255_705.942085.png,#196f3d,2,71.355339,2.432568,0.097303,0.040000
z_0255_705.942085.png,#1b4f72,1,174.710678,5.956046,0.238242,0.040000
z_0255_705.942085.png,#2e4053,1,54.627417,1.862298,0.074492,0.040000
z_0255_705.942085.png,#2ecc71,1,59.455844,2.026904,0.081076,0.040000
z_0255_705.942085.png,#3b3b98,5,221.823376,7.562161,0.302486,0.040000
z_0255_705.942085.png,#45b39d,4,252.450793,8.606277,0.344251,0.040000
z_0255_705.942085.png,#48c9b0,9,624.499567,21.289758,0.851590,0.040000
z_0255_705.942085.png,#4a235a,1,189.296465,6.453289,0.258132,0.040000
z_0255_705.942085.png,#52be80,4,195.580736,6.667525,0.266701,0.040000
z_0255_705.942085.png,#5499c7,3,145.296465,4.953289,0.198132,0.040000
z_0255_705.942085.png,#82e0aa,4,296.249783,10.099424,0.403977,0.040000
z_0255_705.942085.png,#85c1e9,4,255.178716,8.699274,0.347971,0.040000
z_0255_705.942085.png,#922b21,1,30.970563,1.055815,0.042233,0.040000
z_0255_705.942085.png,#9a7d0a,3,259.622366,8.850762,0.354030,0.040000
z_0255_705.942085.png,#a2d9ce,6,32.970563,1.123996,0.044960,0.040000
z_0255_705.942085.png,#a3e4d7,20,230.066017,7.843160,0.313726,0.040000
z_0255_705.942085.png,#a9cce3,11,931.401154,31.752312,1.270092,0.040000
z_0255_705.942085.png,#af7ac5,10,434.333044,14.806808,0.592272,0.040000
z_0255_705.942085.png,#b9770e,1,40.142136,1.368482,0.054739,0.040000
z_0255_705.942085.png,#d2b4de,2,120.811183,4.118563,0.164743,0.040000
z_0255_705.942085.png,#d35400,1,19.899495,0.678392,0.027136,0.040000
z_0255_705.942085.png,#e74c3c,2,67.597980,2.304477,0.092179,0.040000
z_0255_705.942085.png,#edbb99,2,101.254834,3.451869,0.138075,0.040000
z_0255_705.942085.png,#f1948a,4,335.705627,11.444510,0.457780,0.040000
z_0255_705.942085.png,#f58231,1,73.012193,2.489052,0.099562,0.040000
z_0255_705.942085.png,#f7dc6f,1,42.142136,1.436664,0.057467,0.040000
z_0256_706.953668.png,#0e6251,4,564.156421,19.232605,0.769304,0.040000
z_0256_706.953668.png,#117a65,4,254.308658,8.669613,0.346785,0.040000
z_0256_706.953668.png,#145a32,7,488.357431,16.648549,0.665942,0.040000
z_0256_706.953668.png,#196f3d,2,79.597980,2.713567,0.108543,0.040000
z_0256_706.953668.png,#1b4f72,1,170.367532,5.807984,0.232319,0.040000
z_0256_706.953668.png,#2e4053,1,67.798990,2.311329,0.092453,0.040000
z_0256_706.953668.png,#2ecc71,1,56.041631,1.910510,0.076420,0.040000
z_0256_706.953668.png,#3b3b98,5,198.409163,6.763949,0.270558,0.040000
z_0256_706.953668.png,#45b39d,5,243.965512,8.317006,0.332680,0.040000
z_0256_706.953668.png,#48c9b0,6,509.546248,17.370895,0.694836,0.040000
z_0256_706.953668.png,#4a235a,2,183.639610,6.260441,0.250418,0.040000
z_0256_706.953668.png,#52be80,3,133.053824,4.535926,0.181437,0.040000
z_0256_706.953668.png,#5499c7,3,137.539105,4.688833,0.187553,0.040000
z_0256_706.953668.png,#82e0aa,3,297.119841,10.129085,0.405163,0.040000
z_0256_706.953668.png,#85c1e9,4,228.208153,7.779823,0.311193,0.040000
z_0256_706.953668.png,#922b21,1,30.970563,1.055815,0.042233,0.040000
z_0256_706.953668.png,#9a7d0a,3,255.865007,8.722671,0.348907,0.040000
z_0256_706.953668.png,#a2d9ce,4,11.313708,0.385695,0.015428,0.040000
z_0256_706.953668.png,#a3e4d7,8,167.882251,5.723259,0.228930,0.040000
z_0256_706.953668.png,#a9cce3,7,909.945310,31.020863,1.240835,0.040000
z_0256_706.953668.png,#af7ac5,9,369.119841,12.583631,0.503345,0.040000
z_0256_706.953668.png,#b9770e,1,36.727922,1.252088,0.050084,0.040000
z_0256_706.953668.png,#d2b4de,4,123.053824,4.195017,0.167801,0.040000
z_0256_706.953668.png,#d35400,1,22.485281,0.766544,0.030662,0.040000
z_0256_706.953668.png,#e74c3c,1,46.870058,1.597843,0.063914,0.040000
z_0256_706.953668.png,#edbb99,2,115.154329,3.925716,0.157029,0.040000
z_0256_706.953668.png,#f1948a,3,325.362482,11.091903,0.443676,0.040000
z_0256_706.953668.png,#f58231,1,71.597980,2.440840,0.097634,0.040000
z_0256_706.953668.png,#f7dc6f,1,42.627417,1.453207,0.058128,0.040000
z_0257_707.965251.png,#0e6251,4,569.712770,19.422026,0.776881,0.040000
z_0257_707.965251.png,#117a65,4,253.722871,8.649643,0.345986,0.040000
z_0257_707.965251.png,#145a32,7,459.144228,15.652644,0.626106,0.040000
z_0257_707.965251.png,#196f3d,2,75.597980,2.577204,0.103088,0.040000
z_0257_707.965251.png,#1b4f72,1,172.124892,5.867894,0.234716,0.040000
z_0257_707.965251.png,#2e4053,1,76.284271,2.600600,0.104024,0.040000
z_0257_707.965251.png,#2ecc71,1,58.627417,1.998662,0.079946,0.040000
z_0257_707.965251.png,#3b3b98,4,136.225397,4.644048,0.185762,0.040000
z_0257_707.965251.png,#45b39d,5,233.237590,7.951281,0.318051,0.040000
z_0257_707.965251.png,#48c9b0,7,488.374675,16.649137,0.665965,0.040000
z_0257_707.965251.png,#4a235a,2,170.953319,5.827954,0.233118,0.040000
z_0257_707.965251.png,#52be80,3,132.225397,4.507684,0.180307,0.040000
z_0257_707.965251.png,#5499c7,2,126.124892,4.299712,0.171988,0.040000
z_0257_707.965251.png,#82e0aa,3,292.977705,9.987876,0.399515,0.040000
z_0257_707.965251.png,#85c1e9,4,215.865007,7.359034,0.294361,0.040000
z_0257_707.965251.png,#922b21,2,43.213203,1.473177,0.058927,0.040000
z_0257_707.965251.png,#9a7d0a,3,235.036580,8.012611,0.320504,0.040000
z_0257_707.965251.png,#a2d9ce,10,42.284271,1.441509,0.057660,0.040000
z_0257_707.965251.png,#a3e4d7,16,203.923882,6.951951,0.278078,0.040000
z_0257_707.965251.png,#a9cce3,5,911.359523,31.069075,1.242763,0.040000
z_0257_707.965251.png,#af7ac5,9,366.291414,12.487207,0.499488,0.040000
z_0257_707.965251.png,#b9770e,1,36.970563,1.260360,0.050414,0.040000
z_0257_707.965251.png,#d2b4de,2,121.882251,4.155077,0.166203,0.040000
z_0257_707.965251.png,#d35400,1,23.313708,0.794786,0.031791,0.040000
z_0257_707.965251.png,#e74c3c,2,81.840620,2.790021,0.111601,0.040000
z_0257_707.965251.png,#edbb99,2,114.811183,3.914018,0.156561,0.040000
z_0257_707.965251.png,#f1948a,3,320.048773,10.910754,0.436430,0.040000
z_0257_707.965251.png,#f58231,1,71.355339,2.432568,0.097303,0.040000
z_0257_707.965251.png,#f7dc6f,1,36.384776,1.240390,0.049616,0.040000
z_0258_708.976834.png,#0e6251,3,576.055916,19.638270,0.785531,0.040000
z_0258_708.976834.png,#117a65,4,243.480231,8.300462,0.332018,0.040000
z_0258_708.976834.png,#145a32,8,483.830519,16.494222,0.659769,0.040000
z_0258_708.976834.png,#196f3d,2,79.012193,2.693597,0.107744,0.040000
z_0258_708.976834.png,#1b4f72,1,152.225397,5.189502,0.207580,0.040000
z_0258_708.976834.png,#2e4053,1,80.769553,2.753507,0.110140,0.040000
z_0258_708.976834.png,#2ecc71,1,62.284271,2.123327,0.084933,0.040000
z_0258_708.976834.png,#3b3b98,3,98.911688,3.371989,0.134880,0.040000
z_0258_708.976834.png,#45b39d,4,187.923882,6.406496,0.256260,0.040000
z_0258_708.976834.png,#48c9b0,6,443.546248,15.120895,0.604836,0.040000
z_0258_708.976834.png,#4a235a,2,150.225397,5.121320,0.204853,0.040000
z_0258_708.976834.png,#52be80,2,112.568542,3.837564,0.153503,0.040000
z_0258_708.976834.png,#5499c7,3,145.539105,4.961560,0.198462,0.040000
z_0258_708.976834.png,#82e0aa,4,283.279221,9.657246,0.386290,0.040000
z_0258_708.976834.png,#85c1e9,4,173.095454,5.900981,0.236039,0.040000
z_0258_708.976834.png,#922b21,2,61.455844,2.095086,0.083803,0.040000
z_0258_708.976834.png,#9a7d0a,3,251.764502,8.582881,0.343315,0.040000
z_0258_708.976834.png,#a2d9ce,4,29.313708,0.999331,0.039973,0.040000
z_0258_708.976834.png,#a3e4d7,13,156.267027,5.327285,0.213091,0.040000
z_0258_708.976834.png,#a9cce3,9,922.045815,31.433380,1.257335,0.040000
z_0258_708.976834.png,#af7ac5,9,300.693434,10.250913,0.410037,0.040000
z_0258_708.976834.png,#b9770e,1,33.899495,1.155665,0.046227,0.040000
z_0258_708.976834.png,#d2b4de,1,119.882251,4.086895,0.163476,0.040000
z_0258_708.976834.png,#e74c3c,2,117.982756,4.022139,0.160886,0.040000
z_0258_708.976834.png,#edbb99,2,127.296465,4.339652,0.173586,0.040000
z_0258_708.976834.png,#f1948a,3,324.634560,11.067087,0.442683,0.040000
z_0258_708.976834.png,#f58231,1,69.355339,2.364387,0.094575,0.040000
z_0258_708.976834.png,#f7dc6f,1,28.142136,0.959391,0.038376,0.040000
z_0259_709.988417.png,#0e6251,3,591.269119,20.156902,0.806276,0.040000
z_0259_709.988417.png,#117a65,4,238.894444,8.144129,0.325765,0.040000
z_0259_709.988417.png,#145a32,9,452.759451,15.434981,0.617399,0.040000
z_0259_709.988417.png,#196f3d,2,60.526912,2.063417,0.082537,0.040000
z_0259_709.988417.png,#1b4f72,1,145.053824,4.945017,0.197801,0.040000
z_0259_709.988417.png,#2e4053,1,79.355339,2.705296,0.108212,0.040000
z_0259_709.988417.png,#2ecc71,1,65.941125,2.247993,0.089920,0.040000
z_0259_709.988417.png,#3b3b98,3,97.740115,3.332049,0.133282,0.040000
z_0259_709.988417.png,#45b39d,4,183.923882,6.270132,0.250805,0.040000
z_0259_709.988417.png,#48c9b0,4,411.504617,14.028567,0.561143,0.040000
z_0259_709.988417.png,#4a235a,2,133.396970,4.547624,0.181905,0.040000
z_0259_709.988417.png,#52be80,2,111.254834,3.792778,0.151711,0.040000
z_0259_709.988417.png,#5499c7,3,137.296465,4.680561,0.187222,0.040000
z_0259_709.988417.png,#82e0aa,4,262.936075,8.963730,0.358549,0.040000
z_0259_709.988417.png,#85c1e9,4,169.923882,5.792860,0.231714,0.040000
z_0259_709.988417.png,#922b21,2,83.112698,2.833387,0.113335,0.040000
z_0259_709.988417.png,#9a7d0a,3,253.279221,8.634519,0.345381,0.040000
z_0259_709.988417.png,#a2d9ce,6,38.970563,1.328542,0.053142,0.040000
z_0259_709.988417.png,#a3e4d7,9,116.710678,3.978773,0.159151,0.040000
z_0259_709.988417.png,#a9cce3,8,858.004184,29.250143,1.170006,0.040000
z_0259_709.988417.png,#af7ac5,9,319.078210,10.877666,0.435107,0.040000
z_0259_709.988417.png,#b9770e,1,33.899495,1.155665,0.046227,0.040000
z_0259_709.988417.png,#bb8fce,1,8.828427,0.300969,0.012039,0.040000
z_0259_709.988417.png,#d2b4de,2,121.639610,4.146805,0.165872,0.040000
z_0259_709.988417.png,#e74c3c,2,130.124892,4.436076,0.177443,0.040000
z_0259_709.988417.png,#edbb99,2,136.367532,4.648893,0.185956,0.040000
z_0259_709.988417.png,#f1948a,3,318.291414,10.850844,0.434034,0.040000
z_0259_709.988417.png,#f58231,1,70.769553,2.412598,0.096504,0.040000
z_0259_709.988417.png,#f7dc6f,1,22.485281,0.766544,0.030662,0.040000
z_0260_711.000000.png,#0e6251,3,634.239682,21.621807,0.864872,0.040000
z_0260_711.000000.png,#117a65,3,214.894444,7.325947,0.293038,0.040000
z_0260_711.000000.png,#145a32,8,420.658946,14.340646,0.573626,0.040000
z_0260_711.000000.png,#196f3d,2,62.526912,2.131599,0.085264,0.040000
z_0260_711.000000.png,#1b4f72,1,139.639610,4.760441,0.190418,0.040000
z_0260_711.000000.png,#2e4053,1,81.355339,2.773477,0.110939,0.040000
z_0260_711.000000.png,#2ecc71,1,67.597980,2.304477,0.092179,0.040000
z_0260_711.000000.png,#3b3b98,3,100.911688,3.440171,0.137607,0.040000
z_0260_711.000000.png,#45b39d,4,192.994949,6.579373,0.263175,0.040000
z_0260_711.000000.png,#48c9b0,3,400.190909,13.642872,0.545715,0.040000
z_0260_711.000000.png,#4a235a,2,103.840620,3.540021,0.141601,0.040000
z_0260_711.000000.png,#52be80,2,111.982756,3.817594,0.152704,0.040000
z_0260_711.000000.png,#5499c7,3,124.225397,4.234957,0.169398,0.040000
z_0260_711.000000.png,#82e0aa,4,292.350288,9.966487,0.398659,0.040000
z_0260_711.000000.png,#85c1e9,4,175.681241,5.989133,0.239565,0.040000
z_0260_711.000000.png,#922b21,2,95.941125,3.270720,0.130829,0.040000
z_0260_711.000000.png,#9a7d0a,4,253.421356,8.639364,0.345575,0.040000
z_0260_711.000000.png,#a2d9ce,4,15.313708,0.522058,0.020882,0.040000
z_0260_711.000000.png,#a3e4d7,5,66.426407,2.264537,0.090581,0.040000
z_0260_711.000000.png,#a9cce3,10,870.447835,29.674358,1.186974,0.040000
z_0260_711.000000.png,#af7ac5,7,253.237590,8.633100,0.345324,0.040000
z_0260_711.000000.png,#b9770e,1,34.384776,1.172208,0.046888,0.040000
z_0260_711.000000.png,#d2b4de,4,126.225397,4.303139,0.172126,0.040000
z_0260_711.000000.png,#e74c3c,2,139.539105,4.757015,0.190281,0.040000
z_0260_711.000000.png,#edbb99,2,144.367532,4.921620,0.196865,0.040000
z_0260_711.000000.png,#f1948a,3,314.634560,10.726178,0.429047,0.040000
z_0260_711.000000.png,#f58231,1,71.941125,2.452538,0.098102,0.040000
z_0260_711.000000.png,#f7dc6f,1,28.384776,0.967663,0.038707,0.040000
