slice_file,color_hex,area_px,cross_section_area_um2,slice_volume_um3,slice_thickness_um
z_0001_449.000000.png,#0e6251,1249,1.451575,0.058063,0.040000
z_0001_449.000000.png,#1b4f72,45,0.052299,0.002092,0.040000
z_0001_449.000000.png,#2ecc71,1560,1.813017,0.072521,0.040000
z_0001_449.000000.png,#4a235a,1349,1.567794,0.062712,0.040000
z_0001_449.000000.png,#512e5f,675,0.784478,0.031379,0.040000
z_0001_449.000000.png,#52be80,1519,1.765367,0.070615,0.040000
z_0001_449.000000.png,#5499c7,1145,1.330708,0.053228,0.040000
z_0001_449.000000.png,#7b241c,1482,1.722366,0.068895,0.040000
z_0001_449.000000.png,#82e0aa,579,0.672908,0.026916,0.040000
z_0001_449.000000.png,#9a7d0a,1291,1.500387,0.060015,0.040000
z_0001_449.000000.png,#a3e4d7,185,0.215005,0.008600,0.040000
z_0001_449.000000.png,#a9cce3,8,0.009298,0.000372,0.040000
z_0001_449.000000.png,#d2b4de,363,0.421875,0.016875,0.040000
z_0001_449.000000.png,#e59866,920,1.069215,0.042769,0.040000
z_0001_449.000000.png,#f1948a,303,0.352144,0.014086,0.040000
z_0001_449.000000.png,#f7dc6f,353,0.410253,0.016410,0.040000
z_0001_449.000000.png,#f8c471,188,0.218492,0.008740,0.040000
z_0001_449.000000.png,#fad7a0,553,0.642691,0.025708,0.040000
z_0002_450.011583.png,#0e6251,1223,1.421358,0.056854,0.040000
z_0002_450.011583.png,#1b4f72,3332,3.872417,0.154897,0.040000
z_0002_450.011583.png,#2ecc71,1577,1.832774,0.073311,0.040000
z_0002_450.011583.png,#4a235a,1345,1.563146,0.062526,0.040000
z_0002_450.011583.png,#512e5f,697,0.810046,0.032402,0.040000
z_0002_450.011583.png,#52be80,1611,1.872288,0.074892,0.040000
z_0002_450.011583.png,#5499c7,1120,1.301653,0.052066,0.040000
z_0002_450.011583.png,#7b241c,1436,1.668905,0.066756,0.040000
z_0002_450.011583.png,#82e0aa,567,0.658962,0.026358,0.040000
z_0002_450.011583.png,#9a7d0a,1384,1.608471,0.064339,0.040000
z_0002_450.011583.png,#a3e4d7,176,0.204545,0.008182,0.040000
z_0002_450.011583.png,#a9cce3,6,0.006973,0.000279,0.040000
z_0002_450.011583.png,#d2b4de,374,0.434659,0.017386,0.040000
z_0002_450.011583.png,#e59866,900,1.045971,0.041839,0.040000
z_0002_450.011583.png,#f1948a,370,0.430010,0.017200,0.040000
z_0002_450.011583.png,#f7dc6f,234,0.271952,0.010878,0.040000
z_0002_450.011583.png,#f8c471,184,0.213843,0.008554,0.040000
z_0002_450.011583.png,#fad7a0,545,0.633394,0.025336,0.040000
z_0003_451.023166.png,#0e6251,1171,1.360925,0.054437,0.040000
z_0003_451.023166.png,#1b4f72,3388,3.937500,0.157500,0.040000
z_0003_451.023166.png,#2ecc71,1568,1.822314,0.072893,0.040000
z_0003_451.023166.png,#4a235a,1393,1.618931,0.064757,0.040000
z_0003_451.023166.png,#512e5f,725,0.842588,0.033704,0.040000
z_0003_451.023166.png,#52be80,1681,1.953642,0.078146,0.040000
z_0003_451.023166.png,#5499c7,1117,1.298166,0.051927,0.040000
z_0003_451.023166.png,#7b241c,1397,1.623580,0.064943,0.040000
z_0003_451.023166.png,#82e0aa,564,0.655475,0.026219,0.040000
z_0003_451.023166.png,#9a7d0a,1406,1.634039,0.065362,0.040000
z_0003_451.023166.png,#a3e4d7,177,0.205708,0.008228,0.040000
z_0003_451.023166.png,#a9cce3,10,0.011622,0.000465,0.040000
z_0003_451.023166.png,#d2b4de,388,0.450930,0.018037,0.040000
z_0003_451.023166.png,#e59866,903,1.049458,0.041978,0.040000
z_0003_451.023166.png,#f1948a,424,0.492769,0.019711,0.040000
z_0003_451.023166.png,#f7dc6f,138,0.160382,0.006415,0.040000
z_0003_451.023166.png,#f8c471,183,0.212681,0.008507,0.040000
z_0003_451.023166.png,#fad7a0,488,0.567149,0.022686,0.040000
z_0004_452.034749.png,#0e6251,1131,1.314437,0.052577,0.040000
z_0004_452.034749.png,#1b4f72,3350,3.893337,0.155733,0.040000
z_0004_452.034749.png,#2ecc71,1627,1.890883,0.075635,0.040000
z_0004_452.034749.png,#4a235a,1342,1.559659,0.062386,0.040000
z_0004_452.034749.png,#512e5f,783,0.909995,0.036400,0.040000
z_0004_452.034749.png,#52be80,1637,1.902505,0.076100,0.040000
z_0004_452.034749.png,#5499c7,1132,1.315599,0.052624,0.040000
z_0004_452.034749.png,#7b241c,1346,1.564308,0.062572,0.040000
z_0004_452.034749.png,#82e0aa,566,0.657800,0.026312,0.040000
z_0004_452.034749.png,#9a7d0a,1462,1.699122,0.067965,0.040000
z_0004_452.034749.png,#a3e4d7,150,0.174329,0.006973,0.040000
z_0004_452.034749.png,#a9cce3,17,0.019757,0.000790,0.040000
z_0004_452.034749.png,#d2b4de,388,0.450930,0.018037,0.040000
z_0004_452.034749.png,#e59866,891,1.035511,0.041420,0.040000
z_0004_452.034749.png,#e74c3c,1019,1.184272,0.047371,0.040000
z_0004_452.034749.png,#f1948a,465,0.540418,0.021617,0.040000
z_0004_452.034749.png,#f7dc6f,172,0.199897,0.007996,0.040000
z_0004_452.034749.png,#f8c471,183,0.212681,0.008507,0.040000
z_0004_452.034749.png,#fad7a0,440,0.511364,0.020455,0.040000
z_0005_453.046332.png,#0e6251,1105,1.284220,0.051369,0.040000
z_0005_453.046332.png,#1b4f72,3361,3.906121,0.156245,0.040000
z_0005_453.046332.png,#2ecc71,1779,2.067536,0.082701,0.040000
z_0005_453.046332.png,#4a235a,1309,1.521307,0.060852,0.040000
z_0005_453.046332.png,#512e5f,730,0.848399,0.033936,0.040000
z_0005_453.046332.png,#52be80,1738,2.019886,0.080795,0.040000
z_0005_453.046332.png,#5499c7,1246,1.448089,0.057924,0.040000
z_0005_453.046332.png,#7b241c,1351,1.570119,0.062805,0.040000
z_0005_453.046332.png,#82e0aa,575,0.668259,0.026730,0.040000
z_0005_453.046332.png,#9a7d0a,1488,1.729339,0.069174,0.040000
z_0005_453.046332.png,#a3e4d7,136,0.158058,0.006322,0.040000
z_0005_453.046332.png,#a9cce3,9,0.010460,0.000418,0.040000
z_0005_453.046332.png,#d2b4de,402,0.467200,0.018688,0.040000
z_0005_453.046332.png,#e59866,949,1.102918,0.044117,0.040000
z_0005_453.046332.png,#e74c3c,1035,1.202867,0.048115,0.040000
z_0005_453.046332.png,#f1948a,517,0.600852,0.024034,0.040000
z_0005_453.046332.png,#f7dc6f,169,0.196410,0.007856,0.040000
z_0005_453.046332.png,#f8c471,167,0.194086,0.007763,0.040000
z_0005_453.046332.png,#fad7a0,452,0.525310,0.021012,0.040000
z_0006_454.057915.png,#0e6251,1044,1.213326,0.048533,0.040000
z_0006_454.057915.png,#1b4f72,3368,3.914256,0.156570,0.040000
z_0006_454.057915.png,#2ecc71,1950,2.266271,0.090651,0.040000
z_0006_454.057915.png,#4a235a,1323,1.537577,0.061503,0.040000
z_0006_454.057915.png,#512e5f,723,0.840263,0.033611,0.040000
z_0006_454.057915.png,#52be80,1814,2.108213,0.084329,0.040000
z_0006_454.057915.png,#5499c7,1200,1.394628,0.055785,0.040000
z_0006_454.057915.png,#7b241c,1310,1.522469,0.060899,0.040000
z_0006_454.057915.png,#82e0aa,564,0.655475,0.026219,0.040000
z_0006_454.057915.png,#9a7d0a,1510,1.754907,0.070196,0.040000
z_0006_454.057915.png,#a3e4d7,127,0.147598,0.005904,0.040000
z_0006_454.057915.png,#a9cce3,7,0.008135,0.000325,0.040000
z_0006_454.057915.png,#d2b4de,414,0.481147,0.019246,0.040000
z_0006_454.057915.png,#e59866,948,1.101756,0.044070,0.040000
z_0006_454.057915.png,#e74c3c,1039,1.207515,0.048301,0.040000
z_0006_454.057915.png,#f1948a,577,0.670584,0.026823,0.040000
z_0006_454.057915.png,#f7dc6f,191,0.221978,0.008879,0.040000
z_0006_454.057915.png,#f8c471,162,0.188275,0.007531,0.040000
z_0006_454.057915.png,#fad7a0,473,0.549716,0.021989,0.040000
z_0007_455.069498.png,#0e6251,1047,1.216813,0.048673,0.040000
z_0007_455.069498.png,#1b4f72,3370,3.916581,0.156663,0.040000
z_0007_455.069498.png,#2ecc71,1958,2.275568,0.091023,0.040000
z_0007_455.069498.png,#4a235a,1330,1.545713,0.061829,0.040000
z_0007_455.069498.png,#512e5f,722,0.839101,0.033564,0.040000
z_0007_455.069498.png,#52be80,1808,2.101240,0.084050,0.040000
z_0007_455.069498.png,#5499c7,1208,1.403926,0.056157,0.040000
z_0007_455.069498.png,#7b241c,1314,1.527118,0.061085,0.040000
z_0007_455.069498.png,#82e0aa,563,0.654313,0.026173,0.040000
z_0007_455.069498.png,#9a7d0a,1511,1.756069,0.070243,0.040000
z_0007_455.069498.png,#a3e4d7,128,0.148760,0.005950,0.040000
z_0007_455.069498.png,#a9cce3,5,0.005811,0.000232,0.040000
z_0007_455.069498.png,#d2b4de,415,0.482309,0.019292,0.040000
z_0007_455.069498.png,#e59866,950,1.104081,0.044163,0.040000
z_0007_455.069498.png,#e74c3c,1041,1.209840,0.048394,0.040000
z_0007_455.069498.png,#f1948a,578,0.671746,0.026870,0.040000
z_0007_455.069498.png,#f7dc6f,190,0.220816,0.008833,0.040000
z_0007_455.069498.png,#f8c471,161,0.187113,0.007485,0.040000
z_0007_455.069498.png,#fad7a0,476,0.553202,0.022128,0.040000
z_0008_456.081081.png,#0e6251,959,1.114540,0.044582,0.040000
z_0008_456.081081.png,#1b4f72,3289,3.822443,0.152898,0.040000
z_0008_456.081081.png,#2ecc71,2337,2.716038,0.108642,0.040000
z_0008_456.081081.png,#4a235a,1769,2.055914,0.082237,0.040000
z_0008_456.081081.png,#512e5f,723,0.840263,0.033611,0.040000
z_0008_456.081081.png,#52be80,1974,2.294163,0.091767,0.040000
z_0008_456.081081.png,#5499c7,1225,1.423683,0.056947,0.040000
z_0008_456.081081.png,#7b241c,1237,1.437629,0.057505,0.040000
z_0008_456.081081.png,#82e0aa,538,0.625258,0.025010,0.040000
z_0008_456.081081.png,#9a7d0a,1542,1.792097,0.071684,0.040000
z_0008_456.081081.png,#a3e4d7,103,0.119706,0.004788,0.040000
z_0008_456.081081.png,#a9cce3,16,0.018595,0.000744,0.040000
z_0008_456.081081.png,#d2b4de,400,0.464876,0.018595,0.040000
z_0008_456.081081.png,#e59866,1025,1.191245,0.047650,0.040000
z_0008_456.081081.png,#e74c3c,997,1.158704,0.046348,0.040000
z_0008_456.081081.png,#f1948a,736,0.855372,0.034215,0.040000
z_0008_456.081081.png,#f7dc6f,226,0.262655,0.010506,0.040000
z_0008_456.081081.png,#f8c471,147,0.170842,0.006834,0.040000
z_0008_456.081081.png,#fad7a0,473,0.549716,0.021989,0.040000
z_0009_457.092664.png,#0e6251,956,1.111054,0.044442,0.040000
z_0009_457.092664.png,#1b4f72,3214,3.735279,0.149411,0.040000
z_0009_457.092664.png,#2ecc71,2406,2.796229,0.111849,0.040000
z_0009_457.092664.png,#4a235a,1619,1.881586,0.075263,0.040000
z_0009_457.092664.png,#512e5f,741,0.861183,0.034447,0.040000
z_0009_457.092664.png,#52be80,2037,2.367381,0.094695,0.040000
z_0009_457.092664.png,#5499c7,1183,1.374871,0.054995,0.040000
z_0009_457.092664.png,#7b241c,1201,1.395790,0.055832,0.040000
z_0009_457.092664.png,#82e0aa,544,0.632231,0.025289,0.040000
z_0009_457.092664.png,#9a7d0a,1539,1.788611,0.071544,0.040000
z_0009_457.092664.png,#a3e4d7,108,0.125517,0.005021,0.040000
z_0009_457.092664.png,#a9cce3,4,0.004649,0.000186,0.040000
z_0009_457.092664.png,#d2b4de,367,0.426524,0.017061,0.040000
z_0009_457.092664.png,#e59866,1117,1.298166,0.051927,0.040000
z_0009_457.092664.png,#e74c3c,969,1.126162,0.045046,0.040000
z_0009_457.092664.png,#f1948a,823,0.956482,0.038259,0.040000
z_0009_457.092664.png,#f7dc6f,261,0.303332,0.012133,0.040000
z_0009_457.092664.png,#f8c471,141,0.163869,0.006555,0.040000
z_0009_457.092664.png,#fad7a0,474,0.550878,0.022035,0.040000
z_0010_458.104247.png,#0e6251,906,1.052944,0.042118,0.040000
z_0010_458.104247.png,#1b4f72,3085,3.585356,0.143414,0.040000
z_0010_458.104247.png,#2ecc71,2462,2.861312,0.114452,0.040000
z_0010_458.104247.png,#4a235a,1454,1.689824,0.067593,0.040000
z_0010_458.104247.png,#512e5f,783,0.909995,0.036400,0.040000
z_0010_458.104247.png,#52be80,2030,2.359246,0.094370,0.040000
z_0010_458.104247.png,#5499c7,1120,1.301653,0.052066,0.040000
z_0010_458.104247.png,#7b241c,1209,1.405088,0.056204,0.040000
z_0010_458.104247.png,#82e0aa,544,0.632231,0.025289,0.040000
z_0010_458.104247.png,#9a7d0a,1513,1.758394,0.070336,0.040000
z_0010_458.104247.png,#a3e4d7,125,0.145274,0.005811,0.040000
z_0010_458.104247.png,#a9cce3,3,0.003487,0.000139,0.040000
z_0010_458.104247.png,#d2b4de,353,0.410253,0.016410,0.040000
z_0010_458.104247.png,#e59866,1169,1.358600,0.054344,0.040000
z_0010_458.104247.png,#e74c3c,907,1.054106,0.042164,0.040000
z_0010_458.104247.png,#f1948a,909,1.056431,0.042257,0.040000
z_0010_458.104247.png,#f7dc6f,301,0.349819,0.013993,0.040000
z_0010_458.104247.png,#f8c471,145,0.168518,0.006741,0.040000
z_0010_458.104247.png,#fad7a0,461,0.535770,0.021431,0.040000
z_0011_459.115830.png,#0e6251,881,1.023889,0.040956,0.040000
z_0011_459.115830.png,#1b4f72,3040,3.533058,0.141322,0.040000
z_0011_459.115830.png,#2ecc71,2569,2.985666,0.119427,0.040000
z_0011_459.115830.png,#4a235a,1354,1.573605,0.062944,0.040000
z_0011_459.115830.png,#512e5f,850,0.987862,0.039514,0.040000
z_0011_459.115830.png,#52be80,2087,2.425491,0.097020,0.040000
z_0011_459.115830.png,#5499c7,1080,1.255165,0.050207,0.040000
z_0011_459.115830.png,#7b241c,1201,1.395790,0.055832,0.040000
z_0011_459.115830.png,#82e0aa,548,0.636880,0.025475,0.040000
z_0011_459.115830.png,#9a7d0a,1496,1.738636,0.069545,0.040000
z_0011_459.115830.png,#a3e4d7,106,0.123192,0.004928,0.040000
z_0011_459.115830.png,#a9cce3,3,0.003487,0.000139,0.040000
z_0011_459.115830.png,#d2b4de,342,0.397469,0.015899,0.040000
z_0011_459.115830.png,#e59866,1107,1.286544,0.051462,0.040000
z_0011_459.115830.png,#e74c3c,911,1.058755,0.042350,0.040000
z_0011_459.115830.png,#f1948a,975,1.133135,0.045325,0.040000
z_0011_459.115830.png,#f7dc6f,280,0.325413,0.013017,0.040000
z_0011_459.115830.png,#f8c471,189,0.219654,0.008786,0.040000
z_0011_459.115830.png,#fad7a0,454,0.527634,0.021105,0.040000
z_0012_460.127413.png,#0e6251,869,1.009943,0.040398,0.040000
z_0012_460.127413.png,#1b4f72,3029,3.520274,0.140811,0.040000
z_0012_460.127413.png,#2ecc71,2665,3.097237,0.123889,0.040000
z_0012_460.127413.png,#4a235a,1324,1.538740,0.061550,0.040000
z_0012_460.127413.png,#512e5f,858,0.997159,0.039886,0.040000
z_0012_460.127413.png,#52be80,2129,2.474303,0.098972,0.040000
z_0012_460.127413.png,#5499c7,1063,1.235408,0.049416,0.040000
z_0012_460.127413.png,#7b241c,1180,1.371384,0.054855,0.040000
z_0012_460.127413.png,#82e0aa,539,0.626420,0.025057,0.040000
z_0012_460.127413.png,#922b21,11,0.012784,0.000511,0.040000
z_0012_460.127413.png,#9a7d0a,1461,1.697960,0.067918,0.040000
z_0012_460.127413.png,#a3e4d7,98,0.113895,0.004556,0.040000
z_0012_460.127413.png,#a9cce3,4,0.004649,0.000186,0.040000
z_0012_460.127413.png,#d2b4de,336,0.390496,0.015620,0.040000
z_0012_460.127413.png,#e59866,967,1.123838,0.044954,0.040000
z_0012_460.127413.png,#e74c3c,914,1.062242,0.042490,0.040000
z_0012_460.127413.png,#f1948a,1051,1.221462,0.048858,0.040000
z_0012_460.127413.png,#f7dc6f,292,0.339360,0.013574,0.040000
z_0012_460.127413.png,#f8c471,227,0.263817,0.010553,0.040000
z_0012_460.127413.png,#fad7a0,475,0.552040,0.022082,0.040000
z_0013_461.138996.png,#0e6251,902,1.048295,0.041932,0.040000
z_0013_461.138996.png,#1b4f72,2843,3.304106,0.132164,0.040000
z_0013_461.138996.png,#2ecc71,2749,3.194861,0.127794,0.040000
z_0013_461.138996.png,#4a235a,1333,1.549199,0.061968,0.040000
z_0013_461.138996.png,#512e5f,907,1.054106,0.042164,0.040000
z_0013_461.138996.png,#52be80,2164,2.514979,0.100599,0.040000
z_0013_461.138996.png,#5499c7,1046,1.215651,0.048626,0.040000
z_0013_461.138996.png,#7b241c,1138,1.322572,0.052903,0.040000
z_0013_461.138996.png,#82e0aa,528,0.613636,0.024545,0.040000
z_0013_461.138996.png,#922b21,23,0.026730,0.001069,0.040000
z_0013_461.138996.png,#9a7d0a,1429,1.660770,0.066431,0.040000
z_0013_461.138996.png,#a3e4d7,105,0.122030,0.004881,0.040000
z_0013_461.138996.png,#a9cce3,4,0.004649,0.000186,0.040000
z_0013_461.138996.png,#d2b4de,327,0.380036,0.015201,0.040000
z_0013_461.138996.png,#e59866,998,1.159866,0.046395,0.040000
z_0013_461.138996.png,#e74c3c,933,1.084323,0.043373,0.040000
z_0013_461.138996.png,#f1948a,1122,1.303977,0.052159,0.040000
z_0013_461.138996.png,#f7dc6f,274,0.318440,0.012738,0.040000
z_0013_461.138996.png,#f8c471,260,0.302169,0.012087,0.040000
z_0013_461.138996.png,#fad7a0,487,0.565987,0.022639,0.040000
z_0014_462.150579.png,#0e6251,922,1.071539,0.042862,0.040000
z_0014_462.150579.png,#1b4f72,2798,3.251808,0.130072,0.040000
z_0014_462.150579.png,#2ecc71,2743,3.187887,0.127515,0.040000
z_0014_462.150579.png,#4a235a,1395,1.621255,0.064850,0.040000
z_0014_462.150579.png,#512e5f,920,1.069215,0.042769,0.040000
z_0014_462.150579.png,#52be80,2160,2.510331,0.100413,0.040000
z_0014_462.150579.png,#5499c7,1017,1.181947,0.047278,0.040000
z_0014_462.150579.png,#7b241c,1094,1.271436,0.050857,0.040000
z_0014_462.150579.png,#82e0aa,518,0.602014,0.024081,0.040000
z_0014_462.150579.png,#922b21,30,0.034866,0.001395,0.040000
z_0014_462.150579.png,#9a7d0a,1411,1.639850,0.065594,0.040000
z_0014_462.150579.png,#a3e4d7,115,0.133652,0.005346,0.040000
z_0014_462.150579.png,#a9cce3,4,0.004649,0.000186,0.040000
z_0014_462.150579.png,#d2b4de,328,0.381198,0.015248,0.040000
z_0014_462.150579.png,#e59866,986,1.145919,0.045837,0.040000
z_0014_462.150579.png,#e74c3c,947,1.100594,0.044024,0.040000
z_0014_462.150579.png,#f7dc6f,241,0.280088,0.011204,0.040000
z_0014_462.150579.png,#f8c471,303,0.352144,0.014086,0.040000
z_0014_462.150579.png,#fad7a0,518,0.602014,0.024081,0.040000
z_0015_463.162162.png,#0e6251,958,1.113378,0.044535,0.040000
z_0015_463.162162.png,#1b4f72,2774,3.223915,0.128957,0.040000
z_0015_463.162162.png,#2ecc71,2757,3.204158,0.128166,0.040000
z_0015_463.162162.png,#4a235a,1429,1.660770,0.066431,0.040000
z_0015_463.162162.png,#512e5f,796,0.925103,0.037004,0.040000
z_0015_463.162162.png,#52be80,2195,2.551007,0.102040,0.040000
z_0015_463.162162.png,#5499c7,1025,1.191245,0.047650,0.040000
z_0015_463.162162.png,#7b241c,1088,1.264463,0.050579,0.040000
z_0015_463.162162.png,#82e0aa,518,0.602014,0.024081,0.040000
z_0015_463.162162.png,#922b21,47,0.054623,0.002185,0.040000
z_0015_463.162162.png,#9a7d0a,1399,1.625904,0.065036,0.040000
z_0015_463.162162.png,#a3e4d7,124,0.144112,0.005764,0.040000
z_0015_463.162162.png,#a9cce3,2,0.002324,0.000093,0.040000
z_0015_463.162162.png,#d2b4de,331,0.384685,0.015387,0.040000
z_0015_463.162162.png,#e59866,979,1.137784,0.045511,0.040000
z_0015_463.162162.png,#e74c3c,914,1.062242,0.042490,0.040000
z_0015_463.162162.png,#f7dc6f,262,0.304494,0.012180,0.040000
z_0015_463.162162.png,#f8c471,325,0.377712,0.015108,0.040000
z_0015_463.162162.png,#fad7a0,533,0.619447,0.024778,0.040000
z_0016_464.173745.png,#0e6251,1072,1.245868,0.049835,0.040000
z_0016_464.173745.png,#1b4f72,2711,3.150697,0.126028,0.040000
z_0016_464.173745.png,#2ecc71,2814,3.270403,0.130816,0.040000
z_0016_464.173745.png,#4a235a,1474,1.713068,0.068523,0.040000
z_0016_464.173745.png,#512e5f,646,0.750775,0.030031,0.040000
z_0016_464.173745.png,#52be80,2161,2.511493,0.100460,0.040000
z_0016_464.173745.png,#5499c7,998,1.159866,0.046395,0.040000
z_0016_464.173745.png,#7b241c,1030,1.197056,0.047882,0.040000
z_0016_464.173745.png,#82e0aa,542,0.629907,0.025196,0.040000
z_0016_464.173745.png,#922b21,111,0.129003,0.005160,0.040000
z_0016_464.173745.png,#9a7d0a,1365,1.586389,0.063456,0.040000
z_0016_464.173745.png,#a3e4d7,151,0.175491,0.007020,0.040000
z_0016_464.173745.png,#a9cce3,3,0.003487,0.000139,0.040000
z_0016_464.173745.png,#d2b4de,326,0.378874,0.015155,0.040000
z_0016_464.173745.png,#e59866,988,1.148244,0.045930,0.040000
z_0016_464.173745.png,#e74c3c,906,1.052944,0.042118,0.040000
z_0016_464.173745.png,#f1948a,1,0.001162,0.000046,0.040000
z_0016_464.173745.png,#f7dc6f,289,0.335873,0.013435,0.040000
z_0016_464.173745.png,#f8c471,338,0.392820,0.015713,0.040000
z_0016_464.173745.png,#fad7a0,570,0.662448,0.026498,0.040000
z_0017_465.185328.png,#0e6251,1252,1.455062,0.058202,0.040000
z_0017_465.185328.png,#1b4f72,2709,3.148373,0.125935,0.040000
z_0017_465.185328.png,#2ecc71,2725,3.166968,0.126679,0.040000
z_0017_465.185328.png,#4a235a,1538,1.787448,0.071498,0.040000
z_0017_465.185328.png,#512e5f,468,0.543905,0.021756,0.040000
z_0017_465.185328.png,#52be80,2097,2.437113,0.097485,0.040000
z_0017_465.185328.png,#5499c7,966,1.122676,0.044907,0.040000
z_0017_465.185328.png,#7b241c,969,1.126162,0.045046,0.040000
z_0017_465.185328.png,#82e0aa,559,0.649664,0.025987,0.040000
z_0017_465.185328.png,#922b21,173,0.201059,0.008042,0.040000
z_0017_465.185328.png,#9a7d0a,1325,1.539902,0.061596,0.040000
z_0017_465.185328.png,#a3e4d7,159,0.184788,0.007392,0.040000
z_0017_465.185328.png,#a9cce3,2,0.002324,0.000093,0.040000
z_0017_465.185328.png,#d2b4de,311,0.361441,0.014458,0.040000
z_0017_465.185328.png,#e59866,1017,1.181947,0.047278,0.040000
z_0017_465.185328.png,#e74c3c,846,0.983213,0.039329,0.040000
z_0017_465.185328.png,#f7dc6f,273,0.317278,0.012691,0.040000
z_0017_465.185328.png,#f8c471,354,0.411415,0.016457,0.040000
z_0017_465.185328.png,#fad7a0,589,0.684530,0.027381,0.040000
z_0018_466.196911.png,#0e6251,1444,1.678202,0.067128,0.040000
z_0018_466.196911.png,#1b4f72,2682,3.116994,0.124680,0.040000
z_0018_466.196911.png,#2ecc71,2543,2.955449,0.118218,0.040000
z_0018_466.196911.png,#4a235a,1588,1.845558,0.073822,0.040000
z_0018_466.196911.png,#512e5f,388,0.450930,0.018037,0.040000
z_0018_466.196911.png,#52be80,2016,2.342975,0.093719,0.040000
z_0018_466.196911.png,#5499c7,1001,1.163352,0.046534,0.040000
z_0018_466.196911.png,#7b241c,951,1.105243,0.044210,0.040000
z_0018_466.196911.png,#82e0aa,584,0.678719,0.027149,0.040000
z_0018_466.196911.png,#922b21,213,0.247546,0.009902,0.040000
z_0018_466.196911.png,#9a7d0a,1304,1.515496,0.060620,0.040000
z_0018_466.196911.png,#a3e4d7,202,0.234762,0.009390,0.040000
z_0018_466.196911.png,#a9cce3,1,0.001162,0.000046,0.040000
z_0018_466.196911.png,#d2b4de,283,0.328900,0.013156,0.040000
z_0018_466.196911.png,#e59866,1131,1.314437,0.052577,0.040000
z_0018_466.196911.png,#e74c3c,803,0.933239,0.037330,0.040000
z_0018_466.196911.png,#f7dc6f,245,0.284737,0.011389,0.040000
z_0018_466.196911.png,#f8c471,349,0.405604,0.016224,0.040000
z_0018_466.196911.png,#fad7a0,617,0.717071,0.028683,0.040000
z_0019_467.208494.png,#0e6251,1537,1.786286,0.071451,0.040000
z_0019_467.208494.png,#1b4f72,2711,3.150697,0.126028,0.040000
z_0019_467.208494.png,#2ecc71,2514,2.921746,0.116870,0.040000
z_0019_467.208494.png,#4a235a,1570,1.824638,0.072986,0.040000
z_0019_467.208494.png,#512e5f,304,0.353306,0.014132,0.040000
z_0019_467.208494.png,#52be80,2001,2.325542,0.093022,0.040000
z_0019_467.208494.png,#5499c7,972,1.129649,0.045186,0.040000
z_0019_467.208494.png,#7b241c,905,1.051782,0.042071,0.040000
z_0019_467.208494.png,#82e0aa,584,0.678719,0.027149,0.040000
z_0019_467.208494.png,#922b21,267,0.310305,0.012412,0.040000
z_0019_467.208494.png,#9a7d0a,1271,1.477144,0.059086,0.040000
z_0019_467.208494.png,#a3e4d7,318,0.369576,0.014783,0.040000
z_0019_467.208494.png,#a9cce3,5,0.005811,0.000232,0.040000
z_0019_467.208494.png,#d2b4de,275,0.319602,0.012784,0.040000
z_0019_467.208494.png,#e59866,1329,1.544551,0.061782,0.040000
z_0019_467.208494.png,#e74c3c,776,0.901860,0.036074,0.040000
z_0019_467.208494.png,#f1948a,1,0.001162,0.000046,0.040000
z_0019_467.208494.png,#f7dc6f,208,0.241736,0.009669,0.040000
z_0019_467.208494.png,#f8c471,352,0.409091,0.016364,0.040000
z_0019_467.208494.png,#fad7a0,636,0.739153,0.029566,0.040000
z_0020_468.220077.png,#0e6251,1510,1.754907,0.070196,0.040000
z_0020_468.220077.png,#1b4f72,2676,3.110021,0.124401,0.040000
z_0020_468.220077.png,#2ecc71,2331,2.709065,0.108363,0.040000
z_0020_468.220077.png,#4a235a,1556,1.808368,0.072335,0.040000
z_0020_468.220077.png,#512e5f,167,0.194086,0.007763,0.040000
z_0020_468.220077.png,#52be80,1957,2.274406,0.090976,0.040000
z_0020_468.220077.png,#5499c7,860,0.999483,0.039979,0.040000
z_0020_468.220077.png,#7b241c,816,0.948347,0.037934,0.040000
z_0020_468.220077.png,#82e0aa,599,0.696152,0.027846,0.040000
z_0020_468.220077.png,#922b21,287,0.333549,0.013342,0.040000
z_0020_468.220077.png,#9a7d0a,1310,1.522469,0.060899,0.040000
z_0020_468.220077.png,#a3e4d7,341,0.396307,0.015852,0.040000
z_0020_468.220077.png,#a9cce3,9,0.010460,0.000418,0.040000
z_0020_468.220077.png,#d2b4de,287,0.333549,0.013342,0.040000
z_0020_468.220077.png,#e59866,1536,1.785124,0.071405,0.040000
z_0020_468.220077.png,#e74c3c,707,0.821668,0.032867,0.040000
z_0020_468.220077.png,#f58231,40,0.046488,0.001860,0.040000
z_0020_468.220077.png,#f7dc6f,246,0.285899,0.011436,0.040000
z_0020_468.220077.png,#f8c471,123,0.142949,0.005718,0.040000
z_0020_468.220077.png,#fad7a0,667,0.775181,0.031007,0.040000
z_0021_469.231660.png,#0e6251,1657,1.925749,0.077030,0.040000
z_0021_469.231660.png,#1b4f72,2769,3.218104,0.128724,0.040000
z_0021_469.231660.png,#2ecc71,2210,2.568440,0.102738,0.040000
z_0021_469.231660.png,#4a235a,1759,2.044292,0.081772,0.040000
z_0021_469.231660.png,#512e5f,194,0.225465,0.009019,0.040000
z_0021_469.231660.png,#52be80,1914,2.224432,0.088977,0.040000
z_0021_469.231660.png,#5499c7,917,1.065728,0.042629,0.040000
z_0021_469.231660.png,#7b241c,758,0.880940,0.035238,0.040000
z_0021_469.231660.png,#82e0aa,632,0.734504,0.029380,0.040000
z_0021_469.231660.png,#922b21,372,0.432335,0.017293,0.040000
z_0021_469.231660.png,#9a7d0a,1265,1.470170,0.058807,0.040000
z_0021_469.231660.png,#a3e4d7,400,0.464876,0.018595,0.040000
z_0021_469.231660.png,#a9cce3,9,0.010460,0.000418,0.040000
z_0021_469.231660.png,#d2b4de,317,0.368414,0.014737,0.040000
z_0021_469.231660.png,#e59866,1891,2.197701,0.087908,0.040000
z_0021_469.231660.png,#e74c3c,676,0.785640,0.031426,0.040000
z_0021_469.231660.png,#f58231,159,0.184788,0.007392,0.040000
z_0021_469.231660.png,#f7dc6f,163,0.189437,0.007577,0.040000
z_0021_469.231660.png,#f8c471,314,0.364928,0.014597,0.040000
z_0021_469.231660.png,#fad7a0,699,0.812371,0.032495,0.040000
z_0022_470.243243.png,#0e6251,1834,2.131457,0.085258,0.040000
z_0022_470.243243.png,#1b4f72,2902,3.372676,0.134907,0.040000
z_0022_470.243243.png,#2ecc71,2038,2.368543,0.094742,0.040000
z_0022_470.243243.png,#4a235a,1855,2.155863,0.086235,0.040000
z_0022_470.243243.png,#512e5f,178,0.206870,0.008275,0.040000
z_0022_470.243243.png,#52be80,1872,2.175620,0.087025,0.040000
z_0022_470.243243.png,#5499c7,924,1.073864,0.042955,0.040000
z_0022_470.243243.png,#7b241c,694,0.806560,0.032262,0.040000
z_0022_470.243243.png,#82e0aa,661,0.768208,0.030728,0.040000
z_0022_470.243243.png,#922b21,461,0.535770,0.021431,0.040000
z_0022_470.243243.png,#9a7d0a,1227,1.426007,0.057040,0.040000
z_0022_470.243243.png,#a3e4d7,455,0.528796,0.021152,0.040000
z_0022_470.243243.png,#a9cce3,4,0.004649,0.000186,0.040000
z_0022_470.243243.png,#d2b4de,333,0.387009,0.015480,0.040000
z_0022_470.243243.png,#e59866,2156,2.505682,0.100227,0.040000
z_0022_470.243243.png,#e74c3c,656,0.762397,0.030496,0.040000
z_0022_470.243243.png,#f58231,226,0.262655,0.010506,0.040000
z_0022_470.243243.png,#f7dc6f,149,0.173166,0.006927,0.040000
z_0022_470.243243.png,#f8c471,300,0.348657,0.013946,0.040000
z_0022_470.243243.png,#fad7a0,717,0.833290,0.033332,0.040000
z_0023_471.254826.png,#0e6251,2014,2.340651,0.093626,0.040000
z_0023_471.254826.png,#1b4f72,2866,3.330837,0.133233,0.040000
z_0023_471.254826.png,#2ecc71,1751,2.034995,0.081400,0.040000
z_0023_471.254826.png,#4a235a,1993,2.316245,0.092650,0.040000
z_0023_471.254826.png,#512e5f,169,0.196410,0.007856,0.040000
z_0023_471.254826.png,#52be80,1838,2.136105,0.085444,0.040000
z_0023_471.254826.png,#5499c7,965,1.121513,0.044861,0.040000
z_0023_471.254826.png,#7b241c,560,0.650826,0.026033,0.040000
z_0023_471.254826.png,#82e0aa,672,0.780992,0.031240,0.040000
z_0023_471.254826.png,#922b21,616,0.715909,0.028636,0.040000
z_0023_471.254826.png,#9a7d0a,1191,1.384168,0.055367,0.040000
z_0023_471.254826.png,#a3e4d7,475,0.552040,0.022082,0.040000
z_0023_471.254826.png,#a9cce3,3,0.003487,0.000139,0.040000
z_0023_471.254826.png,#d2b4de,336,0.390496,0.015620,0.040000
z_0023_471.254826.png,#e59866,2349,2.729985,0.109199,0.040000
z_0023_471.254826.png,#e74c3c,642,0.746126,0.029845,0.040000
z_0023_471.254826.png,#f58231,297,0.345170,0.013807,0.040000
z_0023_471.254826.png,#f7dc6f,164,0.190599,0.007624,0.040000
z_0023_471.254826.png,#f8c471,287,0.333549,0.013342,0.040000
z_0023_471.254826.png,#fad7a0,745,0.865832,0.034633,0.040000
z_0024_472.266409.png,#0e6251,2191,2.546358,0.101854,0.040000
z_0024_472.266409.png,#1b4f72,2934,3.409866,0.136395,0.040000
z_0024_472.266409.png,#2ecc71,1592,1.850207,0.074008,0.040000
z_0024_472.266409.png,#4a235a,2219,2.578900,0.103156,0.040000
z_0024_472.266409.png,#512e5f,156,0.181302,0.007252,0.040000
z_0024_472.266409.png,#52be80,1782,2.071023,0.082841,0.040000
z_0024_472.266409.png,#5499c7,995,1.156379,0.046255,0.040000
z_0024_472.266409.png,#7b241c,519,0.603177,0.024127,0.040000
z_0024_472.266409.png,#82e0aa,692,0.804236,0.032169,0.040000
z_0024_472.266409.png,#922b21,679,0.789127,0.031565,0.040000
z_0024_472.266409.png,#9a7d0a,1143,1.328383,0.053135,0.040000
z_0024_472.266409.png,#a3e4d7,475,0.552040,0.022082,0.040000
z_0024_472.266409.png,#a9cce3,4,0.004649,0.000186,0.040000
z_0024_472.266409.png,#d2b4de,338,0.392820,0.015713,0.040000
z_0024_472.266409.png,#e59866,2297,2.669551,0.106782,0.040000
z_0024_472.266409.png,#e74c3c,616,0.715909,0.028636,0.040000
z_0024_472.266409.png,#f58231,375,0.435821,0.017433,0.040000
z_0024_472.266409.png,#f7dc6f,158,0.183626,0.007345,0.040000
z_0024_472.266409.png,#f8c471,282,0.327738,0.013110,0.040000
z_0024_472.266409.png,#fad7a0,768,0.892562,0.035702,0.040000
z_0025_473.277992.png,#0e6251,2229,2.590522,0.103621,0.040000
z_0025_473.277992.png,#1b4f72,2934,3.409866,0.136395,0.040000
z_0025_473.277992.png,#2ecc71,1401,1.628228,0.065129,0.040000
z_0025_473.277992.png,#4a235a,2490,2.893853,0.115754,0.040000
z_0025_473.277992.png,#512e5f,148,0.172004,0.006880,0.040000
z_0025_473.277992.png,#52be80,1674,1.945506,0.077820,0.040000
z_0025_473.277992.png,#5499c7,1016,1.180785,0.047231,0.040000
z_0025_473.277992.png,#7b241c,496,0.576446,0.023058,0.040000
z_0025_473.277992.png,#82e0aa,702,0.815857,0.032634,0.040000
z_0025_473.277992.png,#922b21,718,0.834452,0.033378,0.040000
z_0025_473.277992.png,#9a7d0a,1110,1.290031,0.051601,0.040000
z_0025_473.277992.png,#a3e4d7,472,0.548554,0.021942,0.040000
z_0025_473.277992.png,#a9cce3,4,0.004649,0.000186,0.040000
z_0025_473.277992.png,#d2b4de,321,0.373063,0.014923,0.040000
z_0025_473.277992.png,#e59866,2154,2.503357,0.100134,0.040000
z_0025_473.277992.png,#e74c3c,597,0.693827,0.027753,0.040000
z_0025_473.277992.png,#f58231,410,0.476498,0.019060,0.040000
z_0025_473.277992.png,#f7dc6f,158,0.183626,0.007345,0.040000
z_0025_473.277992.png,#f8c471,252,0.292872,0.011715,0.040000
z_0025_473.277992.png,#fad7a0,805,0.935563,0.037423,0.040000
z_0026_474.289575.png,#0e6251,2299,2.671875,0.106875,0.040000
z_0026_474.289575.png,#1b4f72,3000,3.486570,0.139463,0.040000
z_0026_474.289575.png,#2ecc71,1284,1.492252,0.059690,0.040000
z_0026_474.289575.png,#4a235a,2851,3.313404,0.132536,0.040000
z_0026_474.289575.png,#512e5f,151,0.175491,0.007020,0.040000
z_0026_474.289575.png,#52be80,1655,1.923425,0.076937,0.040000
z_0026_474.289575.png,#5499c7,1044,1.213326,0.048533,0.040000
z_0026_474.289575.png,#7b241c,495,0.575284,0.023011,0.040000
z_0026_474.289575.png,#82e0aa,715,0.830966,0.033239,0.040000
z_0026_474.289575.png,#922b21,815,0.947185,0.037887,0.040000
z_0026_474.289575.png,#9a7d0a,1064,1.236570,0.049463,0.040000
z_0026_474.289575.png,#a3e4d7,481,0.559013,0.022361,0.040000
z_0026_474.289575.png,#a9cce3,5,0.005811,0.000232,0.040000
z_0026_474.289575.png,#d2b4de,307,0.356792,0.014272,0.040000
z_0026_474.289575.png,#e59866,2068,2.403409,0.096136,0.040000
z_0026_474.289575.png,#e74c3c,576,0.669421,0.026777,0.040000
z_0026_474.289575.png,#f58231,479,0.556689,0.022268,0.040000
z_0026_474.289575.png,#f7dc6f,139,0.161544,0.006462,0.040000
z_0026_474.289575.png,#f8c471,248,0.288223,0.011529,0.040000
z_0026_474.289575.png,#fad7a0,864,1.004132,0.040165,0.040000
z_0027_475.301158.png,#0e6251,2325,2.702092,0.108084,0.040000
z_0027_475.301158.png,#1b4f72,2891,3.359892,0.134396,0.040000
z_0027_475.301158.png,#2ecc71,1196,1.389979,0.055599,0.040000
z_0027_475.301158.png,#4a235a,2934,3.409866,0.136395,0.040000
z_0027_475.301158.png,#512e5f,158,0.183626,0.007345,0.040000
z_0027_475.301158.png,#52be80,1632,1.896694,0.075868,0.040000
z_0027_475.301158.png,#5499c7,1042,1.211002,0.048440,0.040000
z_0027_475.301158.png,#7b241c,497,0.577608,0.023104,0.040000
z_0027_475.301158.png,#82e0aa,742,0.862345,0.034494,0.040000
z_0027_475.301158.png,#922b21,871,1.012268,0.040491,0.040000
z_0027_475.301158.png,#9a7d0a,988,1.148244,0.045930,0.040000
z_0027_475.301158.png,#a3e4d7,469,0.545067,0.021803,0.040000
z_0027_475.301158.png,#a9cce3,11,0.012784,0.000511,0.040000
z_0027_475.301158.png,#d2b4de,287,0.333549,0.013342,0.040000
z_0027_475.301158.png,#e59866,2023,2.351111,0.094044,0.040000
z_0027_475.301158.png,#e74c3c,502,0.583419,0.023337,0.040000
z_0027_475.301158.png,#f58231,551,0.640367,0.025615,0.040000
z_0027_475.301158.png,#f7dc6f,133,0.154571,0.006183,0.040000
z_0027_475.301158.png,#f8c471,245,0.284737,0.011389,0.040000
z_0027_475.301158.png,#fad7a0,887,1.030863,0.041235,0.040000
z_0028_476.312741.png,#0e6251,2360,2.742769,0.109711,0.040000
z_0028_476.312741.png,#1b4f72,2881,3.348270,0.133931,0.040000
z_0028_476.312741.png,#2ecc71,1095,1.272598,0.050904,0.040000
z_0028_476.312741.png,#4a235a,3217,3.738765,0.149551,0.040000
z_0028_476.312741.png,#512e5f,174,0.202221,0.008089,0.040000
z_0028_476.312741.png,#52be80,1581,1.837423,0.073497,0.040000
z_0028_476.312741.png,#5499c7,1037,1.205191,0.048208,0.040000
z_0028_476.312741.png,#7b241c,546,0.634556,0.025382,0.040000
z_0028_476.312741.png,#82e0aa,758,0.880940,0.035238,0.040000
z_0028_476.312741.png,#922b21,908,1.055269,0.042211,0.040000
z_0028_476.312741.png,#9a7d0a,889,1.033187,0.041327,0.040000
z_0028_476.312741.png,#a3e4d7,440,0.511364,0.020455,0.040000
z_0028_476.312741.png,#a9cce3,4,0.004649,0.000186,0.040000
z_0028_476.312741.png,#d2b4de,273,0.317278,0.012691,0.040000
z_0028_476.312741.png,#e59866,1938,2.252324,0.090093,0.040000
z_0028_476.312741.png,#e74c3c,473,0.549716,0.021989,0.040000
z_0028_476.312741.png,#f58231,593,0.689179,0.027567,0.040000
z_0028_476.312741.png,#f7dc6f,146,0.169680,0.006787,0.040000
z_0028_476.312741.png,#f8c471,237,0.275439,0.011018,0.040000
z_0028_476.312741.png,#fad7a0,929,1.079675,0.043187,0.040000
z_0029_477.324324.png,#0e6251,2444,2.840393,0.113616,0.040000
z_0029_477.324324.png,#1b4f72,2800,3.254132,0.130165,0.040000
z_0029_477.324324.png,#2ecc71,969,1.126162,0.045046,0.040000
z_0029_477.324324.png,#4a235a,3579,4.159478,0.166379,0.040000
z_0029_477.324324.png,#512e5f,198,0.230114,0.009205,0.040000
z_0029_477.324324.png,#52be80,1560,1.813017,0.072521,0.040000
z_0029_477.324324.png,#5499c7,981,1.140108,0.045604,0.040000
z_0029_477.324324.png,#7b241c,591,0.686854,0.027474,0.040000
z_0029_477.324324.png,#82e0aa,733,0.851885,0.034075,0.040000
z_0029_477.324324.png,#922b21,888,1.032025,0.041281,0.040000
z_0029_477.324324.png,#9a7d0a,845,0.982051,0.039282,0.040000
z_0029_477.324324.png,#a3e4d7,386,0.448605,0.017944,0.040000
z_0029_477.324324.png,#a9cce3,8,0.009298,0.000372,0.040000
z_0029_477.324324.png,#d2b4de,254,0.295196,0.011808,0.040000
z_0029_477.324324.png,#e59866,1873,2.176782,0.087071,0.040000
z_0029_477.324324.png,#e74c3c,458,0.532283,0.021291,0.040000
z_0029_477.324324.png,#f58231,618,0.718233,0.028729,0.040000
z_0029_477.324324.png,#f7dc6f,120,0.139463,0.005579,0.040000
z_0029_477.324324.png,#f8c471,246,0.285899,0.011436,0.040000
z_0029_477.324324.png,#fad7a0,949,1.102918,0.044117,0.040000
z_0030_478.335907.png,#0e6251,2515,2.922908,0.116916,0.040000
z_0030_478.335907.png,#1b4f72,2804,3.258781,0.130351,0.040000
z_0030_478.335907.png,#2ecc71,885,1.028538,0.041142,0.040000
z_0030_478.335907.png,#4a235a,4069,4.728951,0.189158,0.040000
z_0030_478.335907.png,#512e5f,210,0.244060,0.009762,0.040000
z_0030_478.335907.png,#52be80,1502,1.745610,0.069824,0.040000
z_0030_478.335907.png,#5499c7,955,1.109892,0.044396,0.040000
z_0030_478.335907.png,#7b241c,687,0.798425,0.031937,0.040000
z_0030_478.335907.png,#82e0aa,733,0.851885,0.034075,0.040000
z_0030_478.335907.png,#922b21,871,1.012268,0.040491,0.040000
z_0030_478.335907.png,#9a7d0a,793,0.921617,0.036865,0.040000
z_0030_478.335907.png,#a3e4d7,336,0.390496,0.015620,0.040000
z_0030_478.335907.png,#a9cce3,11,0.012784,0.000511,0.040000
z_0030_478.335907.png,#d2b4de,300,0.348657,0.013946,0.040000
z_0030_478.335907.png,#e59866,1790,2.080320,0.083213,0.040000
z_0030_478.335907.png,#e74c3c,447,0.519499,0.020780,0.040000
z_0030_478.335907.png,#f58231,633,0.735666,0.029427,0.040000
z_0030_478.335907.png,#f7dc6f,112,0.130165,0.005207,0.040000
z_0030_478.335907.png,#f8c471,249,0.289385,0.011575,0.040000
z_0030_478.335907.png,#fad7a0,1021,1.186596,0.047464,0.040000
z_0031_479.347490.png,#0e6251,2584,3.003099,0.120124,0.040000
z_0031_479.347490.png,#1b4f72,2791,3.243673,0.129747,0.040000
z_0031_479.347490.png,#2ecc71,773,0.898373,0.035935,0.040000
z_0031_479.347490.png,#4a235a,4583,5.326317,0.213053,0.040000
z_0031_479.347490.png,#512e5f,206,0.239411,0.009576,0.040000
z_0031_479.347490.png,#52be80,1423,1.653796,0.066152,0.040000
z_0031_479.347490.png,#5499c7,967,1.123838,0.044954,0.040000
z_0031_479.347490.png,#7b241c,703,0.817020,0.032681,0.040000
z_0031_479.347490.png,#82e0aa,749,0.870480,0.034819,0.040000
z_0031_479.347490.png,#922b21,829,0.963456,0.038538,0.040000
z_0031_479.347490.png,#9a7d0a,755,0.877454,0.035098,0.040000
z_0031_479.347490.png,#a3e4d7,282,0.327738,0.013110,0.040000
z_0031_479.347490.png,#a9cce3,18,0.020919,0.000837,0.040000
z_0031_479.347490.png,#d2b4de,336,0.390496,0.015620,0.040000
z_0031_479.347490.png,#e59866,1699,1.974561,0.078982,0.040000
z_0031_479.347490.png,#e74c3c,428,0.497417,0.019897,0.040000
z_0031_479.347490.png,#f58231,646,0.750775,0.030031,0.040000
z_0031_479.347490.png,#f7dc6f,97,0.112732,0.004509,0.040000
z_0031_479.347490.png,#f8c471,259,0.301007,0.012040,0.040000
z_0031_479.347490.png,#fad7a0,1065,1.237732,0.049509,0.040000
z_0032_480.359073.png,#0e6251,2718,3.158833,0.126353,0.040000
z_0032_480.359073.png,#1b4f72,2746,3.191374,0.127655,0.040000
z_0032_480.359073.png,#2ecc71,681,0.791451,0.031658,0.040000
z_0032_480.359073.png,#4a235a,5045,5.863249,0.234530,0.040000
z_0032_480.359073.png,#512e5f,199,0.231276,0.009251,0.040000
z_0032_480.359073.png,#52be80,1356,1.575930,0.063037,0.040000
z_0032_480.359073.png,#5499c7,958,1.113378,0.044535,0.040000
z_0032_480.359073.png,#7b241c,693,0.805398,0.032216,0.040000
z_0032_480.359073.png,#82e0aa,754,0.876291,0.035052,0.040000
z_0032_480.359073.png,#922b21,680,0.790289,0.031612,0.040000
z_0032_480.359073.png,#9a7d0a,727,0.844912,0.033796,0.040000
z_0032_480.359073.png,#a3e4d7,265,0.307980,0.012319,0.040000
z_0032_480.359073.png,#a9cce3,6,0.006973,0.000279,0.040000
z_0032_480.359073.png,#d2b4de,371,0.431173,0.017247,0.040000
z_0032_480.359073.png,#e59866,1477,1.716555,0.068662,0.040000
z_0032_480.359073.png,#e74c3c,410,0.476498,0.019060,0.040000
z_0032_480.359073.png,#f58231,640,0.743802,0.029752,0.040000
z_0032_480.359073.png,#f7dc6f,94,0.109246,0.004370,0.040000
z_0032_480.359073.png,#f8c471,266,0.309143,0.012366,0.040000
z_0032_480.359073.png,#fad7a0,1119,1.300491,0.052020,0.040000
z_0033_481.370656.png,#0e6251,2778,3.228564,0.129143,0.040000
z_0033_481.370656.png,#1b4f72,2718,3.158833,0.126353,0.040000
z_0033_481.370656.png,#2ecc71,657,0.763559,0.030542,0.040000
z_0033_481.370656.png,#4a235a,4728,5.494835,0.219793,0.040000
z_0033_481.370656.png,#512e5f,190,0.220816,0.008833,0.040000
z_0033_481.370656.png,#52be80,1307,1.518982,0.060759,0.040000
z_0033_481.370656.png,#5499c7,958,1.113378,0.044535,0.040000
z_0033_481.370656.png,#7b241c,689,0.800749,0.032030,0.040000
z_0033_481.370656.png,#82e0aa,766,0.890238,0.035610,0.040000
z_0033_481.370656.png,#922b21,542,0.629907,0.025196,0.040000
z_0033_481.370656.png,#9a7d0a,708,0.822831,0.032913,0.040000
z_0033_481.370656.png,#a3e4d7,196,0.227789,0.009112,0.040000
z_0033_481.370656.png,#a9cce3,4,0.004649,0.000186,0.040000
z_0033_481.370656.png,#d2b4de,391,0.454416,0.018177,0.040000
z_0033_481.370656.png,#e59866,1427,1.658445,0.066338,0.040000
z_0033_481.370656.png,#e74c3c,427,0.496255,0.019850,0.040000
z_0033_481.370656.png,#f58231,629,0.731018,0.029241,0.040000
z_0033_481.370656.png,#f7dc6f,98,0.113895,0.004556,0.040000
z_0033_481.370656.png,#f8c471,290,0.337035,0.013481,0.040000
z_0033_481.370656.png,#fad7a0,1142,1.327221,0.053089,0.040000
z_0034_482.382239.png,#0e6251,2857,3.320377,0.132815,0.040000
z_0034_482.382239.png,#1b4f72,2647,3.076317,0.123053,0.040000
z_0034_482.382239.png,#2ecc71,636,0.739153,0.029566,0.040000
z_0034_482.382239.png,#4a235a,5618,6.529184,0.261167,0.040000
z_0034_482.382239.png,#512e5f,186,0.216167,0.008647,0.040000
z_0034_482.382239.png,#52be80,1274,1.480630,0.059225,0.040000
z_0034_482.382239.png,#5499c7,951,1.105243,0.044210,0.040000
z_0034_482.382239.png,#7b241c,684,0.794938,0.031798,0.040000
z_0034_482.382239.png,#82e0aa,748,0.869318,0.034773,0.040000
z_0034_482.382239.png,#922b21,499,0.579933,0.023197,0.040000
z_0034_482.382239.png,#9a7d0a,692,0.804236,0.032169,0.040000
z_0034_482.382239.png,#a3e4d7,149,0.173166,0.006927,0.040000
z_0034_482.382239.png,#a9cce3,3,0.003487,0.000139,0.040000
z_0034_482.382239.png,#d2b4de,423,0.491606,0.019664,0.040000
z_0034_482.382239.png,#e59866,1253,1.456224,0.058249,0.040000
z_0034_482.382239.png,#e74c3c,413,0.479985,0.019199,0.040000
z_0034_482.382239.png,#f1948a,277,0.321927,0.012877,0.040000
z_0034_482.382239.png,#f58231,606,0.704287,0.028171,0.040000
z_0034_482.382239.png,#f7dc6f,85,0.098786,0.003951,0.040000
z_0034_482.382239.png,#f8c471,305,0.354468,0.014179,0.040000
z_0034_482.382239.png,#fad7a0,1153,1.340005,0.053600,0.040000
z_0035_483.393822.png,#0e6251,2887,3.355243,0.134210,0.040000
z_0035_483.393822.png,#1b4f72,2611,3.034478,0.121379,0.040000
z_0035_483.393822.png,#2ecc71,621,0.721720,0.028869,0.040000
z_0035_483.393822.png,#4a235a,6158,7.156767,0.286271,0.040000
z_0035_483.393822.png,#512e5f,185,0.215005,0.008600,0.040000
z_0035_483.393822.png,#52be80,1236,1.436467,0.057459,0.040000
z_0035_483.393822.png,#5499c7,948,1.101756,0.044070,0.040000
z_0035_483.393822.png,#7b241c,695,0.807722,0.032309,0.040000
z_0035_483.393822.png,#82e0aa,754,0.876291,0.035052,0.040000
z_0035_483.393822.png,#922b21,488,0.567149,0.022686,0.040000
z_0035_483.393822.png,#9a7d0a,655,0.761235,0.030449,0.040000
z_0035_483.393822.png,#a3e4d7,209,0.242898,0.009716,0.040000
z_0035_483.393822.png,#d2b4de,459,0.533445,0.021338,0.040000
z_0035_483.393822.png,#e59866,1127,1.309788,0.052392,0.040000
z_0035_483.393822.png,#e74c3c,411,0.477660,0.019106,0.040000
z_0035_483.393822.png,#f1948a,170,0.197572,0.007903,0.040000
z_0035_483.393822.png,#f58231,597,0.693827,0.027753,0.040000
z_0035_483.393822.png,#f7dc6f,76,0.088326,0.003533,0.040000
z_0035_483.393822.png,#f8c471,285,0.331224,0.013249,0.040000
z_0035_483.393822.png,#fad7a0,1181,1.372546,0.054902,0.040000
z_0036_484.405405.png,#0e6251,2959,3.438920,0.137557,0.040000
z_0036_484.405405.png,#1b4f72,2537,2.948476,0.117939,0.040000
z_0036_484.405405.png,#2ecc71,594,0.690341,0.027614,0.040000
z_0036_484.405405.png,#4a235a,6215,7.223011,0.288920,0.040000
z_0036_484.405405.png,#512e5f,177,0.205708,0.008228,0.040000
z_0036_484.405405.png,#52be80,1192,1.385331,0.055413,0.040000
z_0036_484.405405.png,#5499c7,918,1.066890,0.042676,0.040000
z_0036_484.405405.png,#7b241c,709,0.823993,0.032960,0.040000
z_0036_484.405405.png,#82e0aa,780,0.906508,0.036260,0.040000
z_0036_484.405405.png,#922b21,506,0.588068,0.023523,0.040000
z_0036_484.405405.png,#9a7d0a,786,0.913481,0.036539,0.040000
z_0036_484.405405.png,#a3e4d7,309,0.359117,0.014365,0.040000
z_0036_484.405405.png,#a9cce3,1,0.001162,0.000046,0.040000
z_0036_484.405405.png,#d2b4de,513,0.596204,0.023848,0.040000
z_0036_484.405405.png,#e59866,970,1.127324,0.045093,0.040000
z_0036_484.405405.png,#e74c3c,391,0.454416,0.018177,0.040000
z_0036_484.405405.png,#f1948a,107,0.124354,0.004974,0.040000
z_0036_484.405405.png,#f58231,573,0.665935,0.026637,0.040000
z_0036_484.405405.png,#f7dc6f,75,0.087164,0.003487,0.040000
z_0036_484.405405.png,#f8c471,285,0.331224,0.013249,0.040000
z_0036_484.405405.png,#fad7a0,1203,1.398115,0.055925,0.040000
z_0037_485.416988.png,#0e6251,2936,3.412190,0.136488,0.040000
z_0037_485.416988.png,#1b4f72,2487,2.890367,0.115615,0.040000
z_0037_485.416988.png,#2ecc71,577,0.670584,0.026823,0.040000
z_0037_485.416988.png,#4a235a,6492,7.544938,0.301798,0.040000
z_0037_485.416988.png,#512e5f,163,0.189437,0.007577,0.040000
z_0037_485.416988.png,#52be80,1179,1.370222,0.054809,0.040000
z_0037_485.416988.png,#5499c7,921,1.070377,0.042815,0.040000
z_0037_485.416988.png,#7b241c,769,0.893724,0.035749,0.040000
z_0037_485.416988.png,#82e0aa,784,0.911157,0.036446,0.040000
z_0037_485.416988.png,#922b21,486,0.564824,0.022593,0.040000
z_0037_485.416988.png,#9a7d0a,890,1.034349,0.041374,0.040000
z_0037_485.416988.png,#a3e4d7,407,0.473011,0.018920,0.040000
z_0037_485.416988.png,#a9cce3,8,0.009298,0.000372,0.040000
z_0037_485.416988.png,#d2b4de,566,0.657800,0.026312,0.040000
z_0037_485.416988.png,#e59866,761,0.884427,0.035377,0.040000
z_0037_485.416988.png,#e74c3c,389,0.452092,0.018084,0.040000
z_0037_485.416988.png,#f1948a,83,0.096462,0.003858,0.040000
z_0037_485.416988.png,#f58231,549,0.638042,0.025522,0.040000
z_0037_485.416988.png,#f7dc6f,67,0.077867,0.003115,0.040000
z_0037_485.416988.png,#f8c471,288,0.334711,0.013388,0.040000
z_0037_485.416988.png,#fad7a0,1246,1.448089,0.057924,0.040000
z_0038_486.428571.png,#0e6251,2947,3.424974,0.136999,0.040000
z_0038_486.428571.png,#1b4f72,2376,2.761364,0.110455,0.040000
z_0038_486.428571.png,#2ecc71,544,0.632231,0.025289,0.040000
z_0038_486.428571.png,#4a235a,6998,8.133006,0.325320,0.040000
z_0038_486.428571.png,#512e5f,162,0.188275,0.007531,0.040000
z_0038_486.428571.png,#52be80,1116,1.297004,0.051880,0.040000
z_0038_486.428571.png,#5499c7,876,1.018079,0.040723,0.040000
z_0038_486.428571.png,#7b241c,831,0.965780,0.038631,0.040000
z_0038_486.428571.png,#82e0aa,783,0.909995,0.036400,0.040000
z_0038_486.428571.png,#922b21,507,0.589230,0.023569,0.040000
z_0038_486.428571.png,#9a7d0a,916,1.064566,0.042583,0.040000
z_0038_486.428571.png,#a3e4d7,423,0.491606,0.019664,0.040000
z_0038_486.428571.png,#a9cce3,6,0.006973,0.000279,0.040000
z_0038_486.428571.png,#d2b4de,600,0.697314,0.027893,0.040000
z_0038_486.428571.png,#e59866,557,0.647340,0.025894,0.040000
z_0038_486.428571.png,#e74c3c,355,0.412577,0.016503,0.040000
z_0038_486.428571.png,#f1948a,65,0.075542,0.003022,0.040000
z_0038_486.428571.png,#f58231,530,0.615961,0.024638,0.040000
z_0038_486.428571.png,#f7dc6f,67,0.077867,0.003115,0.040000
z_0038_486.428571.png,#f8c471,286,0.332386,0.013295,0.040000
z_0038_486.428571.png,#fad7a0,1257,1.460873,0.058435,0.040000
z_0039_487.440154.png,#0e6251,2965,3.445894,0.137836,0.040000
z_0039_487.440154.png,#1b4f72,2305,2.678848,0.107154,0.040000
z_0039_487.440154.png,#2ecc71,520,0.604339,0.024174,0.040000
z_0039_487.440154.png,#4a235a,7325,8.513042,0.340522,0.040000
z_0039_487.440154.png,#512e5f,170,0.197572,0.007903,0.040000
z_0039_487.440154.png,#52be80,1064,1.236570,0.049463,0.040000
z_0039_487.440154.png,#5499c7,853,0.991348,0.039654,0.040000
z_0039_487.440154.png,#7b241c,899,1.044809,0.041792,0.040000
z_0039_487.440154.png,#82e0aa,803,0.933239,0.037330,0.040000
z_0039_487.440154.png,#922b21,480,0.557851,0.022314,0.040000
z_0039_487.440154.png,#9a7d0a,889,1.033187,0.041327,0.040000
z_0039_487.440154.png,#a3e4d7,419,0.486958,0.019478,0.040000
z_0039_487.440154.png,#a9cce3,5,0.005811,0.000232,0.040000
z_0039_487.440154.png,#d2b4de,645,0.749613,0.029985,0.040000
z_0039_487.440154.png,#e59866,326,0.378874,0.015155,0.040000
z_0039_487.440154.png,#e74c3c,349,0.405604,0.016224,0.040000
z_0039_487.440154.png,#f1948a,71,0.082515,0.003301,0.040000
z_0039_487.440154.png,#f58231,489,0.568311,0.022732,0.040000
z_0039_487.440154.png,#f7dc6f,57,0.066245,0.002650,0.040000
z_0039_487.440154.png,#f8c471,294,0.341684,0.013667,0.040000
z_0039_487.440154.png,#fad7a0,1313,1.525956,0.061038,0.040000
z_0040_488.451737.png,#0e6251,2972,3.454029,0.138161,0.040000
z_0040_488.451737.png,#1b4f72,2196,2.552169,0.102087,0.040000
z_0040_488.451737.png,#2ecc71,497,0.577608,0.023104,0.040000
z_0040_488.451737.png,#4a235a,7497,8.712939,0.348518,0.040000
z_0040_488.451737.png,#512e5f,174,0.202221,0.008089,0.040000
z_0040_488.451737.png,#52be80,998,1.159866,0.046395,0.040000
z_0040_488.451737.png,#5499c7,834,0.969267,0.038771,0.040000
z_0040_488.451737.png,#7b241c,954,1.108729,0.044349,0.040000
z_0040_488.451737.png,#82e0aa,801,0.930914,0.037237,0.040000
z_0040_488.451737.png,#922b21,461,0.535770,0.021431,0.040000
z_0040_488.451737.png,#9a7d0a,819,0.951834,0.038073,0.040000
z_0040_488.451737.png,#a3e4d7,357,0.414902,0.016596,0.040000
z_0040_488.451737.png,#a9cce3,15,0.017433,0.000697,0.040000
z_0040_488.451737.png,#d2b4de,673,0.782154,0.031286,0.040000
z_0040_488.451737.png,#e59866,313,0.363765,0.014551,0.040000
z_0040_488.451737.png,#e74c3c,326,0.378874,0.015155,0.040000
z_0040_488.451737.png,#f1948a,70,0.081353,0.003254,0.040000
z_0040_488.451737.png,#f58231,467,0.542743,0.021710,0.040000
z_0040_488.451737.png,#f7dc6f,80,0.092975,0.003719,0.040000
z_0040_488.451737.png,#f8c471,305,0.354468,0.014179,0.040000
z_0040_488.451737.png,#fad7a0,1317,1.530604,0.061224,0.040000
z_0041_489.463320.png,#0e6251,2993,3.478435,0.139137,0.040000
z_0041_489.463320.png,#1b4f72,2143,2.490573,0.099623,0.040000
z_0041_489.463320.png,#2ecc71,495,0.575284,0.023011,0.040000
z_0041_489.463320.png,#4a235a,7807,9.073218,0.362929,0.040000
z_0041_489.463320.png,#512e5f,162,0.188275,0.007531,0.040000
z_0041_489.463320.png,#52be80,986,1.145919,0.045837,0.040000
z_0041_489.463320.png,#5499c7,783,0.909995,0.036400,0.040000
z_0041_489.463320.png,#7b241c,969,1.126162,0.045046,0.040000
z_0041_489.463320.png,#82e0aa,823,0.956482,0.038259,0.040000
z_0041_489.463320.png,#922b21,493,0.572960,0.022918,0.040000
z_0041_489.463320.png,#9a7d0a,672,0.780992,0.031240,0.040000
z_0041_489.463320.png,#a3e4d7,238,0.276601,0.011064,0.040000
z_0041_489.463320.png,#a9cce3,7,0.008135,0.000325,0.040000
z_0041_489.463320.png,#b9770e,69,0.080191,0.003208,0.040000
z_0041_489.463320.png,#d2b4de,713,0.828642,0.033146,0.040000
z_0041_489.463320.png,#e59866,331,0.384685,0.015387,0.040000
z_0041_489.463320.png,#e74c3c,342,0.397469,0.015899,0.040000
z_0041_489.463320.png,#f1948a,67,0.077867,0.003115,0.040000
z_0041_489.463320.png,#f58231,406,0.471849,0.018874,0.040000
z_0041_489.463320.png,#f7dc6f,94,0.109246,0.004370,0.040000
z_0041_489.463320.png,#f8c471,317,0.368414,0.014737,0.040000
z_0041_489.463320.png,#fad7a0,1385,1.609633,0.064385,0.040000
z_0042_490.474903.png,#0e6251,2978,3.461002,0.138440,0.040000
z_0042_490.474903.png,#1b4f72,2051,2.383652,0.095346,0.040000
z_0042_490.474903.png,#2ecc71,450,0.522986,0.020919,0.040000
z_0042_490.474903.png,#4a235a,8171,9.496255,0.379850,0.040000
z_0042_490.474903.png,#512e5f,155,0.180139,0.007206,0.040000
z_0042_490.474903.png,#52be80,965,1.121513,0.044861,0.040000
z_0042_490.474903.png,#5499c7,744,0.864669,0.034587,0.040000
z_0042_490.474903.png,#7b241c,1010,1.173812,0.046952,0.040000
z_0042_490.474903.png,#82e0aa,835,0.970429,0.038817,0.040000
z_0042_490.474903.png,#922b21,497,0.577608,0.023104,0.040000
z_0042_490.474903.png,#9a7d0a,503,0.584582,0.023383,0.040000
z_0042_490.474903.png,#a3e4d7,77,0.089489,0.003580,0.040000
z_0042_490.474903.png,#a9cce3,8,0.009298,0.000372,0.040000
z_0042_490.474903.png,#b9770e,165,0.191761,0.007670,0.040000
z_0042_490.474903.png,#d2b4de,779,0.905346,0.036214,0.040000
z_0042_490.474903.png,#e59866,324,0.376550,0.015062,0.040000
z_0042_490.474903.png,#e74c3c,332,0.385847,0.015434,0.040000
z_0042_490.474903.png,#edbb99,82,0.095300,0.003812,0.040000
z_0042_490.474903.png,#f1948a,55,0.063920,0.002557,0.040000
z_0042_490.474903.png,#f58231,337,0.391658,0.015666,0.040000
z_0042_490.474903.png,#f7dc6f,108,0.125517,0.005021,0.040000
z_0042_490.474903.png,#f8c471,303,0.352144,0.014086,0.040000
z_0042_490.474903.png,#fad7a0,1449,1.684013,0.067361,0.040000
z_0043_491.486486.png,#0e6251,2975,3.457515,0.138301,0.040000
z_0043_491.486486.png,#1b4f72,2056,2.389463,0.095579,0.040000
z_0043_491.486486.png,#2ecc71,446,0.518337,0.020733,0.040000
z_0043_491.486486.png,#4a235a,8192,9.520661,0.380826,0.040000
z_0043_491.486486.png,#512e5f,155,0.180139,0.007206,0.040000
z_0043_491.486486.png,#52be80,965,1.121513,0.044861,0.040000
z_0043_491.486486.png,#5499c7,745,0.865832,0.034633,0.040000
z_0043_491.486486.png,#7b241c,1011,1.174974,0.046999,0.040000
z_0043_491.486486.png,#82e0aa,832,0.966942,0.038678,0.040000
z_0043_491.486486.png,#922b21,499,0.579933,0.023197,0.040000
z_0043_491.486486.png,#9a7d0a,498,0.578771,0.023151,0.040000
z_0043_491.486486.png,#a3e4d7,79,0.091813,0.003673,0.040000
z_0043_491.486486.png,#a9cce3,8,0.009298,0.000372,0.040000
z_0043_491.486486.png,#b9770e,164,0.190599,0.007624,0.040000
z_0043_491.486486.png,#d2b4de,780,0.906508,0.036260,0.040000
z_0043_491.486486.png,#e59866,323,0.375387,0.015015,0.040000
z_0043_491.486486.png,#e74c3c,336,0.390496,0.015620,0.040000
z_0043_491.486486.png,#edbb99,82,0.095300,0.003812,0.040000
z_0043_491.486486.png,#f1948a,54,0.062758,0.002510,0.040000
z_0043_491.486486.png,#f58231,337,0.391658,0.015666,0.040000
z_0043_491.486486.png,#f7dc6f,109,0.126679,0.005067,0.040000
z_0043_491.486486.png,#f8c471,297,0.345170,0.013807,0.040000
z_0043_491.486486.png,#fad7a0,1455,1.690987,0.067639,0.040000
z_0044_492.498069.png,#0e6251,3060,3.556302,0.142252,0.040000
z_0044_492.498069.png,#1b4f72,2007,2.332515,0.093301,0.040000
z_0044_492.498069.png,#2ecc71,385,0.447443,0.017898,0.040000
z_0044_492.498069.png,#4a235a,7817,9.084840,0.363394,0.040000
z_0044_492.498069.png,#512e5f,180,0.209194,0.008368,0.040000
z_0044_492.498069.png,#52be80,858,0.997159,0.039886,0.040000
z_0044_492.498069.png,#5499c7,720,0.836777,0.033471,0.040000
z_0044_492.498069.png,#7b241c,1071,1.244706,0.049788,0.040000
z_0044_492.498069.png,#82e0aa,839,0.975077,0.039003,0.040000
z_0044_492.498069.png,#922b21,551,0.640367,0.025615,0.040000
z_0044_492.498069.png,#9a7d0a,371,0.431173,0.017247,0.040000
z_0044_492.498069.png,#a3e4d7,57,0.066245,0.002650,0.040000
z_0044_492.498069.png,#a9cce3,15,0.017433,0.000697,0.040000
z_0044_492.498069.png,#b9770e,274,0.318440,0.012738,0.040000
z_0044_492.498069.png,#d2b4de,900,1.045971,0.041839,0.040000
z_0044_492.498069.png,#e59866,611,0.710098,0.028404,0.040000
z_0044_492.498069.png,#e74c3c,338,0.392820,0.015713,0.040000
z_0044_492.498069.png,#edbb99,277,0.321927,0.012877,0.040000
z_0044_492.498069.png,#f1948a,53,0.061596,0.002464,0.040000
z_0044_492.498069.png,#f58231,182,0.211519,0.008461,0.040000
z_0044_492.498069.png,#f7dc6f,149,0.173166,0.006927,0.040000
z_0044_492.498069.png,#f8c471,309,0.359117,0.014365,0.040000
z_0044_492.498069.png,#fad7a0,1571,1.825801,0.073032,0.040000
z_0045_493.509653.png,#0e6251,3123,3.629520,0.145181,0.040000
z_0045_493.509653.png,#1b4f72,1991,2.313920,0.092557,0.040000
z_0045_493.509653.png,#2ecc71,362,0.420713,0.016829,0.040000
z_0045_493.509653.png,#4a235a,7791,9.054623,0.362185,0.040000
z_0045_493.509653.png,#512e5f,212,0.246384,0.009855,0.040000
z_0045_493.509653.png,#52be80,835,0.970429,0.038817,0.040000
z_0045_493.509653.png,#5499c7,696,0.808884,0.032355,0.040000
z_0045_493.509653.png,#7b241c,1062,1.234246,0.049370,0.040000
z_0045_493.509653.png,#82e0aa,853,0.991348,0.039654,0.040000
z_0045_493.509653.png,#922b21,542,0.629907,0.025196,0.040000
z_0045_493.509653.png,#9a7d0a,380,0.441632,0.017665,0.040000
z_0045_493.509653.png,#a3e4d7,69,0.080191,0.003208,0.040000
z_0045_493.509653.png,#a9cce3,10,0.011622,0.000465,0.040000
z_0045_493.509653.png,#b9770e,334,0.388171,0.015527,0.040000
z_0045_493.509653.png,#d2b4de,914,1.062242,0.042490,0.040000
z_0045_493.509653.png,#e59866,1018,1.183110,0.047324,0.040000
z_0045_493.509653.png,#e74c3c,347,0.403280,0.016131,0.040000
z_0045_493.509653.png,#edbb99,325,0.377712,0.015108,0.040000
z_0045_493.509653.png,#f1948a,55,0.063920,0.002557,0.040000
z_0045_493.509653.png,#f58231,106,0.123192,0.004928,0.040000
z_0045_493.509653.png,#f7dc6f,190,0.220816,0.008833,0.040000
z_0045_493.509653.png,#f8c471,358,0.416064,0.016643,0.040000
z_0045_493.509653.png,#fad7a0,1557,1.809530,0.072381,0.040000
z_0046_494.521236.png,#0e6251,3118,3.623709,0.144948,0.040000
z_0046_494.521236.png,#1b4f72,1994,2.317407,0.092696,0.040000
z_0046_494.521236.png,#2ecc71,356,0.413740,0.016550,0.040000
z_0046_494.521236.png,#4a235a,7804,9.069731,0.362789,0.040000
z_0046_494.521236.png,#512e5f,212,0.246384,0.009855,0.040000
z_0046_494.521236.png,#52be80,841,0.977402,0.039096,0.040000
z_0046_494.521236.png,#5499c7,700,0.813533,0.032541,0.040000
z_0046_494.521236.png,#7b241c,1061,1.233084,0.049323,0.040000
z_0046_494.521236.png,#82e0aa,855,0.993673,0.039747,0.040000
z_0046_494.521236.png,#922b21,533,0.619447,0.024778,0.040000
z_0046_494.521236.png,#9a7d0a,378,0.439308,0.017572,0.040000
z_0046_494.521236.png,#a3e4d7,69,0.080191,0.003208,0.040000
z_0046_494.521236.png,#a9cce3,10,0.011622,0.000465,0.040000
z_0046_494.521236.png,#b9770e,339,0.393982,0.015759,0.040000
z_0046_494.521236.png,#d2b4de,908,1.055269,0.042211,0.040000
z_0046_494.521236.png,#e59866,1022,1.187758,0.047510,0.040000
z_0046_494.521236.png,#e74c3c,344,0.399793,0.015992,0.040000
z_0046_494.521236.png,#edbb99,327,0.380036,0.015201,0.040000
z_0046_494.521236.png,#f1948a,55,0.063920,0.002557,0.040000
z_0046_494.521236.png,#f58231,106,0.123192,0.004928,0.040000
z_0046_494.521236.png,#f7dc6f,192,0.223140,0.008926,0.040000
z_0046_494.521236.png,#f8c471,352,0.409091,0.016364,0.040000
z_0046_494.521236.png,#fad7a0,1552,1.803719,0.072149,0.040000
z_0047_495.532819.png,#0e6251,3124,3.630682,0.145227,0.040000
z_0047_495.532819.png,#1b4f72,1974,2.294163,0.091767,0.040000
z_0047_495.532819.png,#2ecc71,311,0.361441,0.014458,0.040000
z_0047_495.532819.png,#4a235a,6259,7.274148,0.290966,0.040000
z_0047_495.532819.png,#512e5f,322,0.374225,0.014969,0.040000
z_0047_495.532819.png,#52be80,732,0.850723,0.034029,0.040000
z_0047_495.532819.png,#5499c7,731,0.849561,0.033982,0.040000
z_0047_495.532819.png,#7b241c,1053,1.223786,0.048951,0.040000
z_0047_495.532819.png,#82e0aa,916,1.064566,0.042583,0.040000
z_0047_495.532819.png,#922b21,536,0.622934,0.024917,0.040000
z_0047_495.532819.png,#9a7d0a,408,0.474174,0.018967,0.040000
z_0047_495.532819.png,#a3e4d7,83,0.096462,0.003858,0.040000
z_0047_495.532819.png,#a9cce3,6,0.006973,0.000279,0.040000
z_0047_495.532819.png,#b9770e,587,0.682206,0.027288,0.040000
z_0047_495.532819.png,#d2b4de,913,1.061080,0.042443,0.040000
z_0047_495.532819.png,#e59866,2144,2.491736,0.099669,0.040000
z_0047_495.532819.png,#e74c3c,283,0.328900,0.013156,0.040000
z_0047_495.532819.png,#edbb99,494,0.574122,0.022965,0.040000
z_0047_495.532819.png,#f1948a,193,0.224303,0.008972,0.040000
z_0047_495.532819.png,#f58231,53,0.061596,0.002464,0.040000
z_0047_495.532819.png,#f7dc6f,321,0.373063,0.014923,0.040000
z_0047_495.532819.png,#f8c471,535,0.621772,0.024871,0.040000
z_0047_495.532819.png,#fad7a0,1642,1.908316,0.076333,0.040000
z_0048_496.544402.png,#0e6251,3125,3.631844,0.145274,0.040000
z_0048_496.544402.png,#1b4f72,1971,2.290677,0.091627,0.040000
z_0048_496.544402.png,#2ecc71,311,0.361441,0.014458,0.040000
z_0048_496.544402.png,#4a235a,6289,7.309013,0.292361,0.040000
z_0048_496.544402.png,#512e5f,322,0.374225,0.014969,0.040000
z_0048_496.544402.png,#52be80,733,0.851885,0.034075,0.040000
z_0048_496.544402.png,#5499c7,730,0.848399,0.033936,0.040000
z_0048_496.544402.png,#7b241c,1050,1.220300,0.048812,0.040000
z_0048_496.544402.png,#82e0aa,916,1.064566,0.042583,0.040000
z_0048_496.544402.png,#922b21,541,0.628745,0.025150,0.040000
z_0048_496.544402.png,#9a7d0a,408,0.474174,0.018967,0.040000
z_0048_496.544402.png,#a3e4d7,83,0.096462,0.003858,0.040000
z_0048_496.544402.png,#a9cce3,5,0.005811,0.000232,0.040000
z_0048_496.544402.png,#b9770e,585,0.679881,0.027195,0.040000
z_0048_496.544402.png,#d2b4de,914,1.062242,0.042490,0.040000
z_0048_496.544402.png,#e59866,2138,2.484762,0.099390,0.040000
z_0048_496.544402.png,#e74c3c,282,0.327738,0.013110,0.040000
z_0048_496.544402.png,#edbb99,495,0.575284,0.023011,0.040000
z_0048_496.544402.png,#f1948a,190,0.220816,0.008833,0.040000
z_0048_496.544402.png,#f58231,48,0.055785,0.002231,0.040000
z_0048_496.544402.png,#f7dc6f,320,0.371901,0.014876,0.040000
z_0048_496.544402.png,#f8c471,531,0.617123,0.024685,0.040000
z_0048_496.544402.png,#fad7a0,1642,1.908316,0.076333,0.040000
z_0049_497.555985.png,#0e6251,3183,3.699251,0.147970,0.040000
z_0049_497.555985.png,#1b4f72,1968,2.287190,0.091488,0.040000
z_0049_497.555985.png,#2ecc71,292,0.339360,0.013574,0.040000
z_0049_497.555985.png,#4a235a,6370,7.403151,0.296126,0.040000
z_0049_497.555985.png,#512e5f,339,0.393982,0.015759,0.040000
z_0049_497.555985.png,#52be80,713,0.828642,0.033146,0.040000
z_0049_497.555985.png,#5499c7,747,0.868156,0.034726,0.040000
z_0049_497.555985.png,#7b241c,1064,1.236570,0.049463,0.040000
z_0049_497.555985.png,#82e0aa,926,1.076188,0.043048,0.040000
z_0049_497.555985.png,#922b21,556,0.646178,0.025847,0.040000
z_0049_497.555985.png,#9a7d0a,392,0.455579,0.018223,0.040000
z_0049_497.555985.png,#a3e4d7,83,0.096462,0.003858,0.040000
z_0049_497.555985.png,#a9cce3,10,0.011622,0.000465,0.040000
z_0049_497.555985.png,#b9770e,707,0.821668,0.032867,0.040000
z_0049_497.555985.png,#d2b4de,814,0.946023,0.037841,0.040000
z_0049_497.555985.png,#e59866,2196,2.552169,0.102087,0.040000
z_0049_497.555985.png,#e74c3c,285,0.331224,0.013249,0.040000
z_0049_497.555985.png,#edbb99,588,0.683368,0.027335,0.040000
z_0049_497.555985.png,#f1948a,272,0.316116,0.012645,0.040000
z_0049_497.555985.png,#f58231,40,0.046488,0.001860,0.040000
z_0049_497.555985.png,#f7dc6f,301,0.349819,0.013993,0.040000
z_0049_497.555985.png,#f8c471,559,0.649664,0.025987,0.040000
z_0049_497.555985.png,#fad7a0,1710,1.987345,0.079494,0.040000
z_0050_498.567568.png,#0e6251,3237,3.762009,0.150480,0.040000
z_0050_498.567568.png,#1b4f72,1939,2.253487,0.090139,0.040000
z_0050_498.567568.png,#2ecc71,302,0.350981,0.014039,0.040000
z_0050_498.567568.png,#4a235a,6392,7.428719,0.297149,0.040000
z_0050_498.567568.png,#512e5f,362,0.420713,0.016829,0.040000
z_0050_498.567568.png,#52be80,667,0.775181,0.031007,0.040000
z_0050_498.567568.png,#5499c7,748,0.869318,0.034773,0.040000
z_0050_498.567568.png,#7b241c,1076,1.250517,0.050021,0.040000
z_0050_498.567568.png,#82e0aa,928,1.078512,0.043140,0.040000
z_0050_498.567568.png,#922b21,555,0.645015,0.025801,0.040000
z_0050_498.567568.png,#9a7d0a,376,0.436983,0.017479,0.040000
z_0050_498.567568.png,#a3e4d7,93,0.108084,0.004323,0.040000
z_0050_498.567568.png,#a9cce3,5,0.005811,0.000232,0.040000
z_0050_498.567568.png,#b9770e,855,0.993673,0.039747,0.040000
z_0050_498.567568.png,#d2b4de,817,0.949509,0.037980,0.040000
z_0050_498.567568.png,#e59866,2291,2.662577,0.106503,0.040000
z_0050_498.567568.png,#e74c3c,303,0.352144,0.014086,0.040000
z_0050_498.567568.png,#edbb99,651,0.756586,0.030263,0.040000
z_0050_498.567568.png,#f1948a,340,0.395145,0.015806,0.040000
z_0050_498.567568.png,#f58231,34,0.039514,0.001581,0.040000
z_0050_498.567568.png,#f7dc6f,330,0.383523,0.015341,0.040000
z_0050_498.567568.png,#f8c471,562,0.653151,0.026126,0.040000
z_0050_498.567568.png,#fad7a0,1743,2.025697,0.081028,0.040000
z_0051_499.579151.png,#0e6251,3218,3.739928,0.149597,0.040000
z_0051_499.579151.png,#1b4f72,1931,2.244189,0.089768,0.040000
z_0051_499.579151.png,#2ecc71,308,0.357955,0.014318,0.040000
z_0051_499.579151.png,#4a235a,6341,7.369447,0.294778,0.040000
z_0051_499.579151.png,#512e5f,377,0.438146,0.017526,0.040000
z_0051_499.579151.png,#52be80,605,0.703125,0.028125,0.040000
z_0051_499.579151.png,#5499c7,763,0.886751,0.035470,0.040000
z_0051_499.579151.png,#7b241c,1064,1.236570,0.049463,0.040000
z_0051_499.579151.png,#82e0aa,954,1.108729,0.044349,0.040000
z_0051_499.579151.png,#922b21,536,0.622934,0.024917,0.040000
z_0051_499.579151.png,#9a7d0a,339,0.393982,0.015759,0.040000
z_0051_499.579151.png,#a3e4d7,101,0.117381,0.004695,0.040000
z_0051_499.579151.png,#a9cce3,12,0.013946,0.000558,0.040000
z_0051_499.579151.png,#af7ac5,30,0.034866,0.001395,0.040000
z_0051_499.579151.png,#b9770e,982,1.141271,0.045651,0.040000
z_0051_499.579151.png,#d2b4de,776,0.901860,0.036074,0.040000
z_0051_499.579151.png,#e59866,2429,2.822960,0.112918,0.040000
z_0051_499.579151.png,#e74c3c,317,0.368414,0.014737,0.040000
z_0051_499.579151.png,#edbb99,685,0.796100,0.031844,0.040000
z_0051_499.579151.png,#f1948a,402,0.467200,0.018688,0.040000
z_0051_499.579151.png,#f58231,60,0.069731,0.002789,0.040000
z_0051_499.579151.png,#f7dc6f,301,0.349819,0.013993,0.040000
z_0051_499.579151.png,#f8c471,586,0.681043,0.027242,0.040000
z_0051_499.579151.png,#fad7a0,1797,2.088456,0.083538,0.040000
z_0052_500.590734.png,#0e6251,3192,3.709711,0.148388,0.040000
z_0052_500.590734.png,#1b4f72,1896,2.203512,0.088140,0.040000
z_0052_500.590734.png,#2ecc71,308,0.357955,0.014318,0.040000
z_0052_500.590734.png,#4a235a,6476,7.526343,0.301054,0.040000
z_0052_500.590734.png,#512e5f,384,0.446281,0.017851,0.040000
z_0052_500.590734.png,#52be80,581,0.675232,0.027009,0.040000
z_0052_500.590734.png,#5499c7,734,0.853048,0.034122,0.040000
z_0052_500.590734.png,#7b241c,1001,1.163352,0.046534,0.040000
z_0052_500.590734.png,#82e0aa,974,1.131973,0.045279,0.040000
z_0052_500.590734.png,#922b21,546,0.634556,0.025382,0.040000
z_0052_500.590734.png,#9a7d0a,338,0.392820,0.015713,0.040000
z_0052_500.590734.png,#a3e4d7,128,0.148760,0.005950,0.040000
z_0052_500.590734.png,#a9cce3,8,0.009298,0.000372,0.040000
z_0052_500.590734.png,#af7ac5,79,0.091813,0.003673,0.040000
z_0052_500.590734.png,#b9770e,1110,1.290031,0.051601,0.040000
z_0052_500.590734.png,#d2b4de,765,0.889075,0.035563,0.040000
z_0052_500.590734.png,#e59866,2464,2.863636,0.114545,0.040000
z_0052_500.590734.png,#e74c3c,322,0.374225,0.014969,0.040000
z_0052_500.590734.png,#edbb99,705,0.819344,0.032774,0.040000
z_0052_500.590734.png,#f1948a,469,0.545067,0.021803,0.040000
z_0052_500.590734.png,#f58231,255,0.296358,0.011854,0.040000
z_0052_500.590734.png,#f7dc6f,315,0.366090,0.014644,0.040000
z_0052_500.590734.png,#f8c471,622,0.722882,0.028915,0.040000
z_0052_500.590734.png,#fad7a0,1794,2.084969,0.083399,0.040000
z_0053_501.602317.png,#0e6251,3183,3.699251,0.147970,0.040000
z_0053_501.602317.png,#1b4f72,1850,2.150052,0.086002,0.040000
z_0053_501.602317.png,#2ecc71,304,0.353306,0.014132,0.040000
z_0053_501.602317.png,#4a235a,6470,7.519370,0.300775,0.040000
z_0053_501.602317.png,#512e5f,401,0.466038,0.018642,0.040000
z_0053_501.602317.png,#52be80,524,0.608988,0.024360,0.040000
z_0053_501.602317.png,#5499c7,748,0.869318,0.034773,0.040000
z_0053_501.602317.png,#7b241c,952,1.106405,0.044256,0.040000
z_0053_501.602317.png,#82e0aa,982,1.141271,0.045651,0.040000
z_0053_501.602317.png,#922b21,561,0.651989,0.026080,0.040000
z_0053_501.602317.png,#9a7d0a,419,0.486958,0.019478,0.040000
z_0053_501.602317.png,#a3e4d7,156,0.181302,0.007252,0.040000
z_0053_501.602317.png,#a9cce3,8,0.009298,0.000372,0.040000
z_0053_501.602317.png,#af7ac5,125,0.145274,0.005811,0.040000
z_0053_501.602317.png,#b9770e,1205,1.400439,0.056018,0.040000
z_0053_501.602317.png,#d2b4de,697,0.810046,0.032402,0.040000
z_0053_501.602317.png,#e59866,2441,2.836906,0.113476,0.040000
z_0053_501.602317.png,#e74c3c,335,0.389334,0.015573,0.040000
z_0053_501.602317.png,#edbb99,712,0.827479,0.033099,0.040000
z_0053_501.602317.png,#f1948a,521,0.605501,0.024220,0.040000
z_0053_501.602317.png,#f58231,356,0.413740,0.016550,0.040000
z_0053_501.602317.png,#f7dc6f,256,0.297521,0.011901,0.040000
z_0053_501.602317.png,#f8c471,666,0.774019,0.030961,0.040000
z_0053_501.602317.png,#fad7a0,1779,2.067536,0.082701,0.040000
z_0054_502.613900.png,#0e6251,3108,3.612087,0.144483,0.040000
z_0054_502.613900.png,#1b4f72,1791,2.081482,0.083259,0.040000
z_0054_502.613900.png,#2ecc71,317,0.368414,0.014737,0.040000
z_0054_502.613900.png,#4a235a,6334,7.361312,0.294452,0.040000
z_0054_502.613900.png,#512e5f,370,0.430010,0.017200,0.040000
z_0054_502.613900.png,#52be80,513,0.596204,0.023848,0.040000
z_0054_502.613900.png,#5499c7,762,0.885589,0.035424,0.040000
z_0054_502.613900.png,#7b241c,964,1.120351,0.044814,0.040000
z_0054_502.613900.png,#82e0aa,1019,1.184272,0.047371,0.040000
z_0054_502.613900.png,#922b21,582,0.676395,0.027056,0.040000
z_0054_502.613900.png,#9a7d0a,443,0.514850,0.020594,0.040000
z_0054_502.613900.png,#a3e4d7,174,0.202221,0.008089,0.040000
z_0054_502.613900.png,#a9cce3,4,0.004649,0.000186,0.040000
z_0054_502.613900.png,#af7ac5,146,0.169680,0.006787,0.040000
z_0054_502.613900.png,#b9770e,1308,1.520145,0.060806,0.040000
z_0054_502.613900.png,#d2b4de,647,0.751937,0.030077,0.040000
z_0054_502.613900.png,#e59866,2398,2.786932,0.111477,0.040000
z_0054_502.613900.png,#e74c3c,331,0.384685,0.015387,0.040000
z_0054_502.613900.png,#edbb99,676,0.785640,0.031426,0.040000
z_0054_502.613900.png,#f1948a,577,0.670584,0.026823,0.040000
z_0054_502.613900.png,#f58231,435,0.505553,0.020222,0.040000
z_0054_502.613900.png,#f7dc6f,232,0.269628,0.010785,0.040000
z_0054_502.613900.png,#f8c471,723,0.840263,0.033611,0.040000
z_0054_502.613900.png,#fad7a0,1818,2.112862,0.084514,0.040000
z_0055_503.625483.png,#0e6251,3035,3.527247,0.141090,0.040000
z_0055_503.625483.png,#1b4f72,1705,1.981534,0.079261,0.040000
z_0055_503.625483.png,#2ecc71,325,0.377712,0.015108,0.040000
z_0055_503.625483.png,#4a235a,6871,7.985408,0.319416,0.040000
z_0055_503.625483.png,#512e5f,372,0.432335,0.017293,0.040000
z_0055_503.625483.png,#52be80,468,0.543905,0.021756,0.040000
z_0055_503.625483.png,#5499c7,781,0.907670,0.036307,0.040000
z_0055_503.625483.png,#7b241c,969,1.126162,0.045046,0.040000
z_0055_503.625483.png,#82e0aa,1065,1.237732,0.049509,0.040000
z_0055_503.625483.png,#922b21,575,0.668259,0.026730,0.040000
z_0055_503.625483.png,#9a7d0a,453,0.526472,0.021059,0.040000
z_0055_503.625483.png,#a3e4d7,194,0.225465,0.009019,0.040000
z_0055_503.625483.png,#a9cce3,5,0.005811,0.000232,0.040000
z_0055_503.625483.png,#af7ac5,141,0.163869,0.006555,0.040000
z_0055_503.625483.png,#b9770e,1339,1.556173,0.062247,0.040000
z_0055_503.625483.png,#d2b4de,590,0.685692,0.027428,0.040000
z_0055_503.625483.png,#e59866,2419,2.811338,0.112454,0.040000
z_0055_503.625483.png,#e74c3c,332,0.385847,0.015434,0.040000
z_0055_503.625483.png,#edbb99,590,0.685692,0.027428,0.040000
z_0055_503.625483.png,#f1948a,665,0.772856,0.030914,0.040000
z_0055_503.625483.png,#f58231,533,0.619447,0.024778,0.040000
z_0055_503.625483.png,#f7dc6f,251,0.291710,0.011668,0.040000
z_0055_503.625483.png,#f8c471,782,0.908833,0.036353,0.040000
z_0055_503.625483.png,#fad7a0,1831,2.127970,0.085119,0.040000
z_0056_504.637066.png,#0e6251,2986,3.470300,0.138812,0.040000
z_0056_504.637066.png,#1b4f72,1604,1.864153,0.074566,0.040000
z_0056_504.637066.png,#2ecc71,332,0.385847,0.015434,0.040000
z_0056_504.637066.png,#4a235a,4408,5.122934,0.204917,0.040000
z_0056_504.637066.png,#512e5f,366,0.425362,0.017014,0.040000
z_0056_504.637066.png,#52be80,421,0.489282,0.019571,0.040000
z_0056_504.637066.png,#5499c7,788,0.915806,0.036632,0.040000
z_0056_504.637066.png,#7b241c,1015,1.179623,0.047185,0.040000
z_0056_504.637066.png,#82e0aa,1093,1.270274,0.050811,0.040000
z_0056_504.637066.png,#922b21,579,0.672908,0.026916,0.040000
z_0056_504.637066.png,#9a7d0a,637,0.740315,0.029613,0.040000
z_0056_504.637066.png,#a3e4d7,214,0.248709,0.009948,0.040000
z_0056_504.637066.png,#a9cce3,7,0.008135,0.000325,0.040000
z_0056_504.637066.png,#af7ac5,131,0.152247,0.006090,0.040000
z_0056_504.637066.png,#b9770e,1411,1.639850,0.065594,0.040000
z_0056_504.637066.png,#d2b4de,548,0.636880,0.025475,0.040000
z_0056_504.637066.png,#e59866,2477,2.878745,0.115150,0.040000
z_0056_504.637066.png,#e74c3c,339,0.393982,0.015759,0.040000
z_0056_504.637066.png,#edbb99,466,0.541581,0.021663,0.040000
z_0056_504.637066.png,#f1948a,751,0.872805,0.034912,0.040000
z_0056_504.637066.png,#f58231,678,0.787965,0.031519,0.040000
z_0056_504.637066.png,#f7dc6f,146,0.169680,0.006787,0.040000
z_0056_504.637066.png,#f8c471,810,0.941374,0.037655,0.040000
z_0056_504.637066.png,#fad7a0,1861,2.162836,0.086513,0.040000
z_0057_505.648649.png,#0e6251,2996,3.481921,0.139277,0.040000
z_0057_505.648649.png,#1b4f72,1605,1.865315,0.074613,0.040000
z_0057_505.648649.png,#2ecc71,332,0.385847,0.015434,0.040000
z_0057_505.648649.png,#4a235a,4412,5.127583,0.205103,0.040000
z_0057_505.648649.png,#512e5f,368,0.427686,0.017107,0.040000
z_0057_505.648649.png,#52be80,421,0.489282,0.019571,0.040000
z_0057_505.648649.png,#5499c7,800,0.929752,0.037190,0.040000
z_0057_505.648649.png,#7b241c,1011,1.174974,0.046999,0.040000
z_0057_505.648649.png,#82e0aa,1095,1.272598,0.050904,0.040000
z_0057_505.648649.png,#922b21,584,0.678719,0.027149,0.040000
z_0057_505.648649.png,#9a7d0a,639,0.742639,0.029706,0.040000
z_0057_505.648649.png,#a3e4d7,214,0.248709,0.009948,0.040000
z_0057_505.648649.png,#a9cce3,5,0.005811,0.000232,0.040000
z_0057_505.648649.png,#af7ac5,128,0.148760,0.005950,0.040000
z_0057_505.648649.png,#b9770e,1411,1.639850,0.065594,0.040000
z_0057_505.648649.png,#d2b4de,545,0.633394,0.025336,0.040000
z_0057_505.648649.png,#e59866,2474,2.875258,0.115010,0.040000
z_0057_505.648649.png,#e74c3c,339,0.393982,0.015759,0.040000
z_0057_505.648649.png,#edbb99,464,0.539256,0.021570,0.040000
z_0057_505.648649.png,#f1948a,761,0.884427,0.035377,0.040000
z_0057_505.648649.png,#f58231,675,0.784478,0.031379,0.040000
z_0057_505.648649.png,#f7dc6f,147,0.170842,0.006834,0.040000
z_0057_505.648649.png,#f8c471,813,0.944861,0.037794,0.040000
z_0057_505.648649.png,#fad7a0,1863,2.165160,0.086606,0.040000
z_0058_506.660232.png,#0e6251,2992,3.477273,0.139091,0.040000
z_0058_506.660232.png,#1b4f72,1427,1.658445,0.066338,0.040000
z_0058_506.660232.png,#2ecc71,334,0.388171,0.015527,0.040000
z_0058_506.660232.png,#4a235a,5971,6.939437,0.277577,0.040000
z_0058_506.660232.png,#512e5f,343,0.398631,0.015945,0.040000
z_0058_506.660232.png,#52be80,324,0.376550,0.015062,0.040000
z_0058_506.660232.png,#5499c7,869,1.009943,0.040398,0.040000
z_0058_506.660232.png,#7b241c,893,1.037836,0.041513,0.040000
z_0058_506.660232.png,#82e0aa,1139,1.323735,0.052949,0.040000
z_0058_506.660232.png,#85c1e9,617,0.717071,0.028683,0.040000
z_0058_506.660232.png,#922b21,587,0.682206,0.027288,0.040000
z_0058_506.660232.png,#9a7d0a,616,0.715909,0.028636,0.040000
z_0058_506.660232.png,#a3e4d7,250,0.290548,0.011622,0.040000
z_0058_506.660232.png,#a9cce3,4,0.004649,0.000186,0.040000
z_0058_506.660232.png,#af7ac5,195,0.226627,0.009065,0.040000
z_0058_506.660232.png,#b9770e,1557,1.809530,0.072381,0.040000
z_0058_506.660232.png,#d2b4de,440,0.511364,0.020455,0.040000
z_0058_506.660232.png,#e59866,2385,2.771823,0.110873,0.040000
z_0058_506.660232.png,#e74c3c,348,0.404442,0.016178,0.040000
z_0058_506.660232.png,#edbb99,376,0.436983,0.017479,0.040000
z_0058_506.660232.png,#f1948a,897,1.042485,0.041699,0.040000
z_0058_506.660232.png,#f58231,988,1.148244,0.045930,0.040000
z_0058_506.660232.png,#f7dc6f,80,0.092975,0.003719,0.040000
z_0058_506.660232.png,#f8c471,1021,1.186596,0.047464,0.040000
z_0058_506.660232.png,#fad7a0,1836,2.133781,0.085351,0.040000
z_0059_507.671815.png,#0e6251,2991,3.476111,0.139044,0.040000
z_0059_507.671815.png,#1b4f72,1425,1.656121,0.066245,0.040000
z_0059_507.671815.png,#2ecc71,333,0.387009,0.015480,0.040000
z_0059_507.671815.png,#4a235a,5956,6.922004,0.276880,0.040000
z_0059_507.671815.png,#512e5f,340,0.395145,0.015806,0.040000
z_0059_507.671815.png,#52be80,321,0.373063,0.014923,0.040000
z_0059_507.671815.png,#5499c7,870,1.011105,0.040444,0.040000
z_0059_507.671815.png,#7b241c,895,1.040160,0.041606,0.040000
z_0059_507.671815.png,#82e0aa,1141,1.326059,0.053042,0.040000
z_0059_507.671815.png,#85c1e9,621,0.721720,0.028869,0.040000
z_0059_507.671815.png,#922b21,592,0.688017,0.027521,0.040000
z_0059_507.671815.png,#9a7d0a,622,0.722882,0.028915,0.040000
z_0059_507.671815.png,#a3e4d7,250,0.290548,0.011622,0.040000
z_0059_507.671815.png,#a9cce3,4,0.004649,0.000186,0.040000
z_0059_507.671815.png,#af7ac5,196,0.227789,0.009112,0.040000
z_0059_507.671815.png,#b9770e,1564,1.817665,0.072707,0.040000
z_0059_507.671815.png,#d2b4de,441,0.512526,0.020501,0.040000
z_0059_507.671815.png,#e59866,2381,2.767175,0.110687,0.040000
z_0059_507.671815.png,#e74c3c,351,0.407929,0.016317,0.040000
z_0059_507.671815.png,#edbb99,382,0.443957,0.017758,0.040000
z_0059_507.671815.png,#f1948a,899,1.044809,0.041792,0.040000
z_0059_507.671815.png,#f58231,987,1.147082,0.045883,0.040000
z_0059_507.671815.png,#f7dc6f,90,0.104597,0.004184,0.040000
z_0059_507.671815.png,#f8c471,1023,1.188920,0.047557,0.040000
z_0059_507.671815.png,#fad7a0,1835,2.132619,0.085305,0.040000
z_0060_508.683398.png,#0e6251,2941,3.418001,0.136720,0.040000
z_0060_508.683398.png,#1b4f72,1220,1.417872,0.056715,0.040000
z_0060_508.683398.png,#2ecc71,295,0.342846,0.013714,0.040000
z_0060_508.683398.png,#4a235a,5452,6.336260,0.253450,0.040000
z_0060_508.683398.png,#512e5f,328,0.381198,0.015248,0.040000
z_0060_508.683398.png,#52be80,198,0.230114,0.009205,0.040000
z_0060_508.683398.png,#5499c7,942,1.094783,0.043791,0.040000
z_0060_508.683398.png,#7b241c,824,0.957645,0.038306,0.040000
z_0060_508.683398.png,#82e0aa,1150,1.336519,0.053461,0.040000
z_0060_508.683398.png,#85c1e9,572,0.664773,0.026591,0.040000
z_0060_508.683398.png,#922b21,577,0.670584,0.026823,0.040000
z_0060_508.683398.png,#9a7d0a,989,1.149406,0.045976,0.040000
z_0060_508.683398.png,#a3e4d7,278,0.323089,0.012924,0.040000
z_0060_508.683398.png,#a9cce3,11,0.012784,0.000511,0.040000
z_0060_508.683398.png,#af7ac5,228,0.264979,0.010599,0.040000
z_0060_508.683398.png,#b9770e,1675,1.946668,0.077867,0.040000
z_0060_508.683398.png,#d2b4de,341,0.396307,0.015852,0.040000
z_0060_508.683398.png,#e59866,2650,3.079804,0.123192,0.040000
z_0060_508.683398.png,#e74c3c,321,0.373063,0.014923,0.040000
z_0060_508.683398.png,#edbb99,264,0.306818,0.012273,0.040000
z_0060_508.683398.png,#f1948a,1054,1.224948,0.048998,0.040000
z_0060_508.683398.png,#f58231,1367,1.588714,0.063549,0.040000
z_0060_508.683398.png,#f7dc6f,94,0.109246,0.004370,0.040000
z_0060_508.683398.png,#f8c471,1081,1.256327,0.050253,0.040000
z_0060_508.683398.png,#fad7a0,1816,2.110537,0.084421,0.040000
z_0061_509.694981.png,#0e6251,2944,3.421488,0.136860,0.040000
z_0061_509.694981.png,#1b4f72,1218,1.415548,0.056622,0.040000
z_0061_509.694981.png,#2ecc71,296,0.344008,0.013760,0.040000
z_0061_509.694981.png,#4a235a,5468,6.354855,0.254194,0.040000
z_0061_509.694981.png,#512e5f,326,0.378874,0.015155,0.040000
z_0061_509.694981.png,#52be80,198,0.230114,0.009205,0.040000
z_0061_509.694981.png,#5499c7,940,1.092459,0.043698,0.040000
z_0061_509.694981.png,#7b241c,826,0.959969,0.038399,0.040000
z_0061_509.694981.png,#82e0aa,1154,1.341167,0.053647,0.040000
z_0061_509.694981.png,#85c1e9,566,0.657800,0.026312,0.040000
z_0061_509.694981.png,#922b21,579,0.672908,0.026916,0.040000
z_0061_509.694981.png,#9a7d0a,996,1.157541,0.046302,0.040000
z_0061_509.694981.png,#a3e4d7,277,0.321927,0.012877,0.040000
z_0061_509.694981.png,#a9cce3,11,0.012784,0.000511,0.040000
z_0061_509.694981.png,#af7ac5,224,0.260331,0.010413,0.040000
z_0061_509.694981.png,#b9770e,1674,1.945506,0.077820,0.040000
z_0061_509.694981.png,#d2b4de,342,0.397469,0.015899,0.040000
z_0061_509.694981.png,#e59866,2656,3.086777,0.123471,0.040000
z_0061_509.694981.png,#e74c3c,322,0.374225,0.014969,0.040000
z_0061_509.694981.png,#edbb99,262,0.304494,0.012180,0.040000
z_0061_509.694981.png,#f1948a,1056,1.227273,0.049091,0.040000
z_0061_509.694981.png,#f58231,1368,1.589876,0.063595,0.040000
z_0061_509.694981.png,#f7dc6f,94,0.109246,0.004370,0.040000
z_0061_509.694981.png,#f8c471,1095,1.272598,0.050904,0.040000
z_0061_509.694981.png,#fad7a0,1818,2.112862,0.084514,0.040000
z_0062_510.706564.png,#0e6251,2912,3.384298,0.135372,0.040000
z_0062_510.706564.png,#1b4f72,975,1.133135,0.045325,0.040000
z_0062_510.706564.png,#2ecc71,332,0.385847,0.015434,0.040000
z_0062_510.706564.png,#4a235a,4144,4.816116,0.192645,0.040000
z_0062_510.706564.png,#512e5f,272,0.316116,0.012645,0.040000
z_0062_510.706564.png,#52be80,251,0.291710,0.011668,0.040000
z_0062_510.706564.png,#5499c7,1018,1.183110,0.047324,0.040000
z_0062_510.706564.png,#7b241c,837,0.972753,0.038910,0.040000
z_0062_510.706564.png,#82e0aa,1113,1.293518,0.051741,0.040000
z_0062_510.706564.png,#85c1e9,368,0.427686,0.017107,0.040000
z_0062_510.706564.png,#922b21,468,0.543905,0.021756,0.040000
z_0062_510.706564.png,#9a7d0a,1041,1.209840,0.048394,0.040000
z_0062_510.706564.png,#a3e4d7,341,0.396307,0.015852,0.040000
z_0062_510.706564.png,#a9cce3,9,0.010460,0.000418,0.040000
z_0062_510.706564.png,#af7ac5,135,0.156896,0.006276,0.040000
z_0062_510.706564.png,#b9770e,1716,1.994318,0.079773,0.040000
z_0062_510.706564.png,#d2b4de,274,0.318440,0.012738,0.040000
z_0062_510.706564.png,#e59866,2709,3.148373,0.125935,0.040000
z_0062_510.706564.png,#e74c3c,307,0.356792,0.014272,0.040000
z_0062_510.706564.png,#edbb99,278,0.323089,0.012924,0.040000
z_0062_510.706564.png,#f1948a,1224,1.422521,0.056901,0.040000
z_0062_510.706564.png,#f58231,1502,1.745610,0.069824,0.040000
z_0062_510.706564.png,#f7dc6f,235,0.273115,0.010925,0.040000
z_0062_510.706564.png,#f8c471,898,1.043647,0.041746,0.040000
z_0062_510.706564.png,#fad7a0,1684,1.957128,0.078285,0.040000
z_0063_511.718147.png,#0e6251,2917,3.390108,0.135604,0.040000
z_0063_511.718147.png,#1b4f72,980,1.138946,0.045558,0.040000
z_0063_511.718147.png,#2ecc71,330,0.383523,0.015341,0.040000
z_0063_511.718147.png,#4a235a,4147,4.819602,0.192784,0.040000
z_0063_511.718147.png,#512e5f,276,0.320764,0.012831,0.040000
z_0063_511.718147.png,#52be80,253,0.294034,0.011761,0.040000
z_0063_511.718147.png,#5499c7,1017,1.181947,0.047278,0.040000
z_0063_511.718147.png,#7b241c,838,0.973915,0.038957,0.040000
z_0063_511.718147.png,#82e0aa,1109,1.288869,0.051555,0.040000
z_0063_511.718147.png,#85c1e9,371,0.431173,0.017247,0.040000
z_0063_511.718147.png,#922b21,461,0.535770,0.021431,0.040000
z_0063_511.718147.png,#9a7d0a,1044,1.213326,0.048533,0.040000
z_0063_511.718147.png,#a3e4d7,341,0.396307,0.015852,0.040000
z_0063_511.718147.png,#a9cce3,9,0.010460,0.000418,0.040000
z_0063_511.718147.png,#af7ac5,135,0.156896,0.006276,0.040000
z_0063_511.718147.png,#b9770e,1717,1.995480,0.079819,0.040000
z_0063_511.718147.png,#d2b4de,276,0.320764,0.012831,0.040000
z_0063_511.718147.png,#e59866,2712,3.151860,0.126074,0.040000
z_0063_511.718147.png,#e74c3c,306,0.355630,0.014225,0.040000
z_0063_511.718147.png,#edbb99,280,0.325413,0.013017,0.040000
z_0063_511.718147.png,#f1948a,1226,1.424845,0.056994,0.040000
z_0063_511.718147.png,#f58231,1494,1.736312,0.069452,0.040000
z_0063_511.718147.png,#f7dc6f,233,0.270790,0.010832,0.040000
z_0063_511.718147.png,#f8c471,902,1.048295,0.041932,0.040000
z_0063_511.718147.png,#fad7a0,1678,1.950155,0.078006,0.040000
z_0064_512.729730.png,#0e6251,2879,3.345945,0.133838,0.040000
z_0064_512.729730.png,#1b4f72,926,1.076188,0.043048,0.040000
z_0064_512.729730.png,#2ecc71,380,0.441632,0.017665,0.040000
z_0064_512.729730.png,#4a235a,3962,4.604597,0.184184,0.040000
z_0064_512.729730.png,#512e5f,243,0.282412,0.011296,0.040000
z_0064_512.729730.png,#52be80,331,0.384685,0.015387,0.040000
z_0064_512.729730.png,#5499c7,1022,1.187758,0.047510,0.040000
z_0064_512.729730.png,#7b241c,858,0.997159,0.039886,0.040000
z_0064_512.729730.png,#82e0aa,1111,1.291193,0.051648,0.040000
z_0064_512.729730.png,#85c1e9,327,0.380036,0.015201,0.040000
z_0064_512.729730.png,#922b21,435,0.505553,0.020222,0.040000
z_0064_512.729730.png,#9a7d0a,1134,1.317924,0.052717,0.040000
z_0064_512.729730.png,#a3e4d7,317,0.368414,0.014737,0.040000
z_0064_512.729730.png,#a9cce3,3,0.003487,0.000139,0.040000
z_0064_512.729730.png,#af7ac5,127,0.147598,0.005904,0.040000
z_0064_512.729730.png,#b9770e,1724,2.003616,0.080145,0.040000
z_0064_512.729730.png,#d2b4de,258,0.299845,0.011994,0.040000
z_0064_512.729730.png,#e59866,2781,3.232051,0.129282,0.040000
z_0064_512.729730.png,#e74c3c,309,0.359117,0.014365,0.040000
z_0064_512.729730.png,#edbb99,293,0.340522,0.013621,0.040000
z_0064_512.729730.png,#f1948a,1284,1.492252,0.059690,0.040000
z_0064_512.729730.png,#f58231,1523,1.770015,0.070801,0.040000
z_0064_512.729730.png,#f7dc6f,160,0.185950,0.007438,0.040000
z_0064_512.729730.png,#f8c471,792,0.920455,0.036818,0.040000
z_0064_512.729730.png,#fad7a0,1637,1.902505,0.076100,0.040000
z_0065_513.741313.png,#0e6251,2888,3.356405,0.134256,0.040000
z_0065_513.741313.png,#1b4f72,922,1.071539,0.042862,0.040000
z_0065_513.741313.png,#2ecc71,440,0.511364,0.020455,0.040000
z_0065_513.741313.png,#4a235a,3631,4.219912,0.168796,0.040000
z_0065_513.741313.png,#512e5f,219,0.254520,0.010181,0.040000
z_0065_513.741313.png,#52be80,579,0.672908,0.026916,0.040000
z_0065_513.741313.png,#5499c7,1142,1.327221,0.053089,0.040000
z_0065_513.741313.png,#7b241c,872,1.013430,0.040537,0.040000
z_0065_513.741313.png,#82e0aa,1075,1.249354,0.049974,0.040000
z_0065_513.741313.png,#85c1e9,333,0.387009,0.015480,0.040000
z_0065_513.741313.png,#922b21,395,0.459065,0.018363,0.040000
z_0065_513.741313.png,#9a7d0a,1141,1.326059,0.053042,0.040000
z_0065_513.741313.png,#a3e4d7,279,0.324251,0.012970,0.040000
z_0065_513.741313.png,#a9cce3,4,0.004649,0.000186,0.040000
z_0065_513.741313.png,#af7ac5,145,0.168518,0.006741,0.040000
z_0065_513.741313.png,#b9770e,1719,1.997805,0.079912,0.040000
z_0065_513.741313.png,#d2b4de,274,0.318440,0.012738,0.040000
z_0065_513.741313.png,#e59866,2752,3.198347,0.127934,0.040000
z_0065_513.741313.png,#e74c3c,293,0.340522,0.013621,0.040000
z_0065_513.741313.png,#edbb99,306,0.355630,0.014225,0.040000
z_0065_513.741313.png,#f1948a,1355,1.574768,0.062991,0.040000
z_0065_513.741313.png,#f58231,1552,1.803719,0.072149,0.040000
z_0065_513.741313.png,#f7dc6f,145,0.168518,0.006741,0.040000
z_0065_513.741313.png,#f8c471,733,0.851885,0.034075,0.040000
z_0065_513.741313.png,#fad7a0,1634,1.899019,0.075961,0.040000
z_0066_514.752896.png,#0e6251,2896,3.365702,0.134628,0.040000
z_0066_514.752896.png,#1b4f72,931,1.081999,0.043280,0.040000
z_0066_514.752896.png,#2ecc71,455,0.528796,0.021152,0.040000
z_0066_514.752896.png,#4a235a,3335,3.875904,0.155036,0.040000
z_0066_514.752896.png,#512e5f,214,0.248709,0.009948,0.040000
z_0066_514.752896.png,#52be80,885,1.028538,0.041142,0.040000
z_0066_514.752896.png,#5499c7,1329,1.544551,0.061782,0.040000
z_0066_514.752896.png,#7b241c,920,1.069215,0.042769,0.040000
z_0066_514.752896.png,#82e0aa,1111,1.291193,0.051648,0.040000
z_0066_514.752896.png,#85c1e9,309,0.359117,0.014365,0.040000
z_0066_514.752896.png,#922b21,372,0.432335,0.017293,0.040000
z_0066_514.752896.png,#9a7d0a,78,0.090651,0.003626,0.040000
z_0066_514.752896.png,#a3e4d7,229,0.266142,0.010646,0.040000
z_0066_514.752896.png,#a9cce3,4,0.004649,0.000186,0.040000
z_0066_514.752896.png,#af7ac5,216,0.251033,0.010041,0.040000
z_0066_514.752896.png,#b9770e,1701,1.976885,0.079075,0.040000
z_0066_514.752896.png,#d2b4de,253,0.294034,0.011761,0.040000
z_0066_514.752896.png,#e59866,2833,3.292485,0.131699,0.040000
z_0066_514.752896.png,#e74c3c,299,0.347495,0.013900,0.040000
z_0066_514.752896.png,#edbb99,304,0.353306,0.014132,0.040000
z_0066_514.752896.png,#f1948a,1400,1.627066,0.065083,0.040000
z_0066_514.752896.png,#f58231,1576,1.831612,0.073264,0.040000
z_0066_514.752896.png,#f7dc6f,148,0.172004,0.006880,0.040000
z_0066_514.752896.png,#f8c471,727,0.844912,0.033796,0.040000
z_0066_514.752896.png,#fad7a0,1670,1.940857,0.077634,0.040000
z_0067_515.764479.png,#0e6251,2875,3.341296,0.133652,0.040000
z_0067_515.764479.png,#1b4f72,967,1.123838,0.044954,0.040000
z_0067_515.764479.png,#2ecc71,504,0.585744,0.023430,0.040000
z_0067_515.764479.png,#4a235a,3466,4.028151,0.161126,0.040000
z_0067_515.764479.png,#512e5f,184,0.213843,0.008554,0.040000
z_0067_515.764479.png,#52be80,1038,1.206353,0.048254,0.040000
z_0067_515.764479.png,#5499c7,1483,1.723528,0.068941,0.040000
z_0067_515.764479.png,#7b241c,947,1.100594,0.044024,0.040000
z_0067_515.764479.png,#82e0aa,1101,1.279571,0.051183,0.040000
z_0067_515.764479.png,#85c1e9,313,0.363765,0.014551,0.040000
z_0067_515.764479.png,#922b21,314,0.364928,0.014597,0.040000
z_0067_515.764479.png,#9a7d0a,73,0.084840,0.003394,0.040000
z_0067_515.764479.png,#a3e4d7,160,0.185950,0.007438,0.040000
z_0067_515.764479.png,#a9cce3,4,0.004649,0.000186,0.040000
z_0067_515.764479.png,#af7ac5,345,0.400956,0.016038,0.040000
z_0067_515.764479.png,#b9770e,1688,1.961777,0.078471,0.040000
z_0067_515.764479.png,#d2b4de,221,0.256844,0.010274,0.040000
z_0067_515.764479.png,#e59866,2869,3.334323,0.133373,0.040000
z_0067_515.764479.png,#e74c3c,331,0.384685,0.015387,0.040000
z_0067_515.764479.png,#edbb99,323,0.375387,0.015015,0.040000
z_0067_515.764479.png,#f1948a,1446,1.680527,0.067221,0.040000
z_0067_515.764479.png,#f58231,1616,1.878099,0.075124,0.040000
z_0067_515.764479.png,#f7dc6f,25,0.029055,0.001162,0.040000
z_0067_515.764479.png,#f8c471,760,0.883264,0.035331,0.040000
z_0067_515.764479.png,#fad7a0,1724,2.003616,0.080145,0.040000
z_0068_516.776062.png,#0e6251,2846,3.307593,0.132304,0.040000
z_0068_516.776062.png,#1b4f72,923,1.072701,0.042908,0.040000
z_0068_516.776062.png,#2ecc71,518,0.602014,0.024081,0.040000
z_0068_516.776062.png,#4a235a,2940,3.416839,0.136674,0.040000
z_0068_516.776062.png,#512e5f,170,0.197572,0.007903,0.040000
z_0068_516.776062.png,#52be80,1238,1.438791,0.057552,0.040000
z_0068_516.776062.png,#5499c7,1489,1.730501,0.069220,0.040000
z_0068_516.776062.png,#7b241c,927,1.077350,0.043094,0.040000
z_0068_516.776062.png,#82e0aa,1093,1.270274,0.050811,0.040000
z_0068_516.776062.png,#85c1e9,314,0.364928,0.014597,0.040000
z_0068_516.776062.png,#922b21,308,0.357955,0.014318,0.040000
z_0068_516.776062.png,#9a7d0a,71,0.082515,0.003301,0.040000
z_0068_516.776062.png,#a3e4d7,75,0.087164,0.003487,0.040000
z_0068_516.776062.png,#a9cce3,9,0.010460,0.000418,0.040000
z_0068_516.776062.png,#af7ac5,424,0.492769,0.019711,0.040000
z_0068_516.776062.png,#b9770e,1696,1.971074,0.078843,0.040000
z_0068_516.776062.png,#d2b4de,209,0.242898,0.009716,0.040000
z_0068_516.776062.png,#e59866,2869,3.334323,0.133373,0.040000
z_0068_516.776062.png,#e74c3c,340,0.395145,0.015806,0.040000
z_0068_516.776062.png,#edbb99,329,0.382361,0.015294,0.040000
z_0068_516.776062.png,#f1948a,1479,1.718879,0.068755,0.040000
z_0068_516.776062.png,#f58231,1628,1.892045,0.075682,0.040000
z_0068_516.776062.png,#f7dc6f,63,0.073218,0.002929,0.040000
z_0068_516.776062.png,#f8c471,790,0.918130,0.036725,0.040000
z_0068_516.776062.png,#fad7a0,1729,2.009427,0.080377,0.040000
z_0069_517.787645.png,#0e6251,2824,3.282025,0.131281,0.040000
z_0069_517.787645.png,#1b4f72,914,1.062242,0.042490,0.040000
z_0069_517.787645.png,#2ecc71,509,0.591555,0.023662,0.040000
z_0069_517.787645.png,#4a235a,2558,2.972882,0.118915,0.040000
z_0069_517.787645.png,#512e5f,156,0.181302,0.007252,0.040000
z_0069_517.787645.png,#52be80,1314,1.527118,0.061085,0.040000
z_0069_517.787645.png,#5499c7,1429,1.660770,0.066431,0.040000
z_0069_517.787645.png,#7b241c,840,0.976240,0.039050,0.040000
z_0069_517.787645.png,#82e0aa,1115,1.295842,0.051834,0.040000
z_0069_517.787645.png,#85c1e9,341,0.396307,0.015852,0.040000
z_0069_517.787645.png,#922b21,280,0.325413,0.013017,0.040000
z_0069_517.787645.png,#9a7d0a,65,0.075542,0.003022,0.040000
z_0069_517.787645.png,#a3e4d7,67,0.077867,0.003115,0.040000
z_0069_517.787645.png,#a9cce3,5,0.005811,0.000232,0.040000
z_0069_517.787645.png,#af7ac5,545,0.633394,0.025336,0.040000
z_0069_517.787645.png,#b9770e,1706,1.982696,0.079308,0.040000
z_0069_517.787645.png,#d2b4de,194,0.225465,0.009019,0.040000
z_0069_517.787645.png,#e59866,2722,3.163481,0.126539,0.040000
z_0069_517.787645.png,#e74c3c,350,0.406767,0.016271,0.040000
z_0069_517.787645.png,#edbb99,336,0.390496,0.015620,0.040000
z_0069_517.787645.png,#f1948a,1505,1.749096,0.069964,0.040000
z_0069_517.787645.png,#f58231,1643,1.909478,0.076379,0.040000
z_0069_517.787645.png,#f7dc6f,82,0.095300,0.003812,0.040000
z_0069_517.787645.png,#f8c471,854,0.992510,0.039700,0.040000
z_0069_517.787645.png,#fad7a0,1746,2.029184,0.081167,0.040000
z_0070_518.799228.png,#0e6251,2835,3.294809,0.131792,0.040000
z_0070_518.799228.png,#1b4f72,953,1.107567,0.044303,0.040000
z_0070_518.799228.png,#2ecc71,505,0.586906,0.023476,0.040000
z_0070_518.799228.png,#4a235a,2285,2.655604,0.106224,0.040000
z_0070_518.799228.png,#512e5f,139,0.161544,0.006462,0.040000
z_0070_518.799228.png,#52be80,1256,1.459711,0.058388,0.040000
z_0070_518.799228.png,#5499c7,1416,1.645661,0.065826,0.040000
z_0070_518.799228.png,#7b241c,755,0.877454,0.035098,0.040000
z_0070_518.799228.png,#82e0aa,1129,1.312113,0.052485,0.040000
z_0070_518.799228.png,#85c1e9,361,0.419551,0.016782,0.040000
z_0070_518.799228.png,#922b21,258,0.299845,0.011994,0.040000
z_0070_518.799228.png,#9a7d0a,63,0.073218,0.002929,0.040000
z_0070_518.799228.png,#a3e4d7,113,0.131327,0.005253,0.040000
z_0070_518.799228.png,#a9cce3,9,0.010460,0.000418,0.040000
z_0070_518.799228.png,#af7ac5,610,0.708936,0.028357,0.040000
z_0070_518.799228.png,#b9770e,1706,1.982696,0.079308,0.040000
z_0070_518.799228.png,#d2b4de,181,0.210356,0.008414,0.040000
z_0070_518.799228.png,#e59866,2577,2.994964,0.119799,0.040000
z_0070_518.799228.png,#e74c3c,366,0.425362,0.017014,0.040000
z_0070_518.799228.png,#edbb99,357,0.414902,0.016596,0.040000
z_0070_518.799228.png,#f1948a,1571,1.825801,0.073032,0.040000
z_0070_518.799228.png,#f58231,1739,2.021049,0.080842,0.040000
z_0070_518.799228.png,#f7dc6f,105,0.122030,0.004881,0.040000
z_0070_518.799228.png,#f8c471,892,1.036674,0.041467,0.040000
z_0070_518.799228.png,#fad7a0,1772,2.059401,0.082376,0.040000
z_0071_519.810811.png,#0e6251,2831,3.290160,0.131606,0.040000
z_0071_519.810811.png,#1b4f72,951,1.105243,0.044210,0.040000
z_0071_519.810811.png,#2ecc71,513,0.596204,0.023848,0.040000
z_0071_519.810811.png,#4a235a,2288,2.659091,0.106364,0.040000
z_0071_519.810811.png,#512e5f,139,0.161544,0.006462,0.040000
z_0071_519.810811.png,#52be80,1259,1.463197,0.058528,0.040000
z_0071_519.810811.png,#5499c7,1419,1.649148,0.065966,0.040000
z_0071_519.810811.png,#7b241c,752,0.873967,0.034959,0.040000
z_0071_519.810811.png,#82e0aa,1130,1.313275,0.052531,0.040000
z_0071_519.810811.png,#85c1e9,360,0.418388,0.016736,0.040000
z_0071_519.810811.png,#922b21,259,0.301007,0.012040,0.040000
z_0071_519.810811.png,#9a7d0a,63,0.073218,0.002929,0.040000
z_0071_519.810811.png,#a3e4d7,119,0.138301,0.005532,0.040000
z_0071_519.810811.png,#a9cce3,11,0.012784,0.000511,0.040000
z_0071_519.810811.png,#af7ac5,610,0.708936,0.028357,0.040000
z_0071_519.810811.png,#b9770e,1712,1.989669,0.079587,0.040000
z_0071_519.810811.png,#d2b4de,180,0.209194,0.008368,0.040000
z_0071_519.810811.png,#e59866,2587,3.006586,0.120263,0.040000
z_0071_519.810811.png,#e74c3c,364,0.423037,0.016921,0.040000
z_0071_519.810811.png,#edbb99,354,0.411415,0.016457,0.040000
z_0071_519.810811.png,#f1948a,1572,1.826963,0.073079,0.040000
z_0071_519.810811.png,#f58231,1737,2.018724,0.080749,0.040000
z_0071_519.810811.png,#f7dc6f,99,0.115057,0.004602,0.040000
z_0071_519.810811.png,#f8c471,893,1.037836,0.041513,0.040000
z_0071_519.810811.png,#fad7a0,1770,2.057076,0.082283,0.040000
z_0072_520.822394.png,#0e6251,2905,3.376162,0.135046,0.040000
z_0072_520.822394.png,#1b4f72,923,1.072701,0.042908,0.040000
z_0072_520.822394.png,#2ecc71,606,0.704287,0.028171,0.040000
z_0072_520.822394.png,#4a235a,1773,2.060563,0.082423,0.040000
z_0072_520.822394.png,#512e5f,139,0.161544,0.006462,0.040000
z_0072_520.822394.png,#52be80,1120,1.301653,0.052066,0.040000
z_0072_520.822394.png,#5499c7,1382,1.606147,0.064246,0.040000
z_0072_520.822394.png,#7b241c,587,0.682206,0.027288,0.040000
z_0072_520.822394.png,#82e0aa,1131,1.314437,0.052577,0.040000
z_0072_520.822394.png,#85c1e9,335,0.389334,0.015573,0.040000
z_0072_520.822394.png,#922b21,225,0.261493,0.010460,0.040000
z_0072_520.822394.png,#9a7d0a,666,0.774019,0.030961,0.040000
z_0072_520.822394.png,#a3e4d7,205,0.238249,0.009530,0.040000
z_0072_520.822394.png,#a9cce3,5,0.005811,0.000232,0.040000
z_0072_520.822394.png,#af7ac5,628,0.729855,0.029194,0.040000
z_0072_520.822394.png,#b9770e,1639,1.904830,0.076193,0.040000
z_0072_520.822394.png,#cb4335,85,0.098786,0.003951,0.040000
z_0072_520.822394.png,#d2b4de,151,0.175491,0.007020,0.040000
z_0072_520.822394.png,#e59866,2013,2.339489,0.093580,0.040000
z_0072_520.822394.png,#e74c3c,393,0.456741,0.018270,0.040000
z_0072_520.822394.png,#edbb99,387,0.449768,0.017991,0.040000
z_0072_520.822394.png,#f1948a,1583,1.839747,0.073590,0.040000
z_0072_520.822394.png,#f58231,2205,2.562629,0.102505,0.040000
z_0072_520.822394.png,#f7dc6f,114,0.132490,0.005300,0.040000
z_0072_520.822394.png,#f8c471,934,1.085486,0.043419,0.040000
z_0072_520.822394.png,#fad7a0,1718,1.996643,0.079866,0.040000
z_0073_521.833977.png,#0e6251,2876,3.342459,0.133698,0.040000
z_0073_521.833977.png,#1b4f72,910,1.057593,0.042304,0.040000
z_0073_521.833977.png,#2ecc71,649,0.754261,0.030170,0.040000
z_0073_521.833977.png,#4a235a,1579,1.835098,0.073404,0.040000
z_0073_521.833977.png,#512e5f,131,0.152247,0.006090,0.040000
z_0073_521.833977.png,#52be80,996,1.157541,0.046302,0.040000
z_0073_521.833977.png,#5499c7,1312,1.524793,0.060992,0.040000
z_0073_521.833977.png,#7b241c,559,0.649664,0.025987,0.040000
z_0073_521.833977.png,#82e0aa,1102,1.280733,0.051229,0.040000
z_0073_521.833977.png,#85c1e9,368,0.427686,0.017107,0.040000
z_0073_521.833977.png,#922b21,235,0.273115,0.010925,0.040000
z_0073_521.833977.png,#9a7d0a,575,0.668259,0.026730,0.040000
z_0073_521.833977.png,#a3e4d7,275,0.319602,0.012784,0.040000
z_0073_521.833977.png,#a9cce3,21,0.024406,0.000976,0.040000
z_0073_521.833977.png,#af7ac5,687,0.798425,0.031937,0.040000
z_0073_521.833977.png,#b9770e,1589,1.846720,0.073869,0.040000
z_0073_521.833977.png,#d2b4de,140,0.162707,0.006508,0.040000
z_0073_521.833977.png,#e59866,1636,1.901343,0.076054,0.040000
z_0073_521.833977.png,#e74c3c,404,0.469525,0.018781,0.040000
z_0073_521.833977.png,#edbb99,388,0.450930,0.018037,0.040000
z_0073_521.833977.png,#f1948a,1605,1.865315,0.074613,0.040000
z_0073_521.833977.png,#f58231,2398,2.786932,0.111477,0.040000
z_0073_521.833977.png,#f7dc6f,113,0.131327,0.005253,0.040000
z_0073_521.833977.png,#f8c471,955,1.109892,0.044396,0.040000
z_0073_521.833977.png,#fad7a0,1693,1.967588,0.078704,0.040000
z_0074_522.845560.png,#0e6251,2951,3.429623,0.137185,0.040000
z_0074_522.845560.png,#1b4f72,934,1.085486,0.043419,0.040000
z_0074_522.845560.png,#2ecc71,687,0.798425,0.031937,0.040000
z_0074_522.845560.png,#4a235a,1649,1.916451,0.076658,0.040000
z_0074_522.845560.png,#512e5f,150,0.174329,0.006973,0.040000
z_0074_522.845560.png,#52be80,888,1.032025,0.041281,0.040000
z_0074_522.845560.png,#5499c7,1285,1.493414,0.059737,0.040000
z_0074_522.845560.png,#7b241c,522,0.606663,0.024267,0.040000
z_0074_522.845560.png,#82e0aa,1059,1.230759,0.049230,0.040000
z_0074_522.845560.png,#85c1e9,430,0.499742,0.019990,0.040000
z_0074_522.845560.png,#922b21,267,0.310305,0.012412,0.040000
z_0074_522.845560.png,#9a7d0a,469,0.545067,0.021803,0.040000
z_0074_522.845560.png,#a3e4d7,324,0.376550,0.015062,0.040000
z_0074_522.845560.png,#a9cce3,14,0.016271,0.000651,0.040000
z_0074_522.845560.png,#af7ac5,839,0.975077,0.039003,0.040000
z_0074_522.845560.png,#b9770e,1532,1.780475,0.071219,0.040000
z_0074_522.845560.png,#d2b4de,128,0.148760,0.005950,0.040000
z_0074_522.845560.png,#e59866,1353,1.572443,0.062898,0.040000
z_0074_522.845560.png,#e74c3c,405,0.470687,0.018827,0.040000
z_0074_522.845560.png,#edbb99,374,0.434659,0.017386,0.040000
z_0074_522.845560.png,#f1948a,1595,1.853693,0.074148,0.040000
z_0074_522.845560.png,#f58231,2601,3.022856,0.120914,0.040000
z_0074_522.845560.png,#f7dc6f,104,0.120868,0.004835,0.040000
z_0074_522.845560.png,#f8c471,899,1.044809,0.041792,0.040000
z_0074_522.845560.png,#fad7a0,1670,1.940857,0.077634,0.040000
z_0075_523.857143.png,#0e6251,2905,3.376162,0.135046,0.040000
z_0075_523.857143.png,#1b4f72,965,1.121513,0.044861,0.040000
z_0075_523.857143.png,#2ecc71,721,0.837939,0.033518,0.040000
z_0075_523.857143.png,#4a235a,1495,1.737474,0.069499,0.040000
z_0075_523.857143.png,#512e5f,159,0.184788,0.007392,0.040000
z_0075_523.857143.png,#52be80,1004,1.166839,0.046674,0.040000
z_0075_523.857143.png,#5499c7,1292,1.501550,0.060062,0.040000
z_0075_523.857143.png,#7b241c,489,0.568311,0.022732,0.040000
z_0075_523.857143.png,#82e0aa,1039,1.207515,0.048301,0.040000
z_0075_523.857143.png,#85c1e9,627,0.728693,0.029148,0.040000
z_0075_523.857143.png,#922b21,280,0.325413,0.013017,0.040000
z_0075_523.857143.png,#9a7d0a,403,0.468363,0.018735,0.040000
z_0075_523.857143.png,#a3e4d7,320,0.371901,0.014876,0.040000
z_0075_523.857143.png,#a9cce3,16,0.018595,0.000744,0.040000
z_0075_523.857143.png,#af7ac5,933,1.084323,0.043373,0.040000
z_0075_523.857143.png,#b9770e,1439,1.672392,0.066896,0.040000
z_0075_523.857143.png,#d2b4de,124,0.144112,0.005764,0.040000
z_0075_523.857143.png,#e59866,1167,1.356276,0.054251,0.040000
z_0075_523.857143.png,#e74c3c,428,0.497417,0.019897,0.040000
z_0075_523.857143.png,#edbb99,379,0.440470,0.017619,0.040000
z_0075_523.857143.png,#f1948a,1565,1.818827,0.072753,0.040000
z_0075_523.857143.png,#f58231,2716,3.156508,0.126260,0.040000
z_0075_523.857143.png,#f7dc6f,81,0.094137,0.003765,0.040000
z_0075_523.857143.png,#f8c471,861,1.000646,0.040026,0.040000
z_0075_523.857143.png,#fad7a0,1651,1.918776,0.076751,0.040000
z_0076_524.868726.png,#0e6251,2954,3.433110,0.137324,0.040000
z_0076_524.868726.png,#1b4f72,938,1.090134,0.043605,0.040000
z_0076_524.868726.png,#2ecc71,751,0.872805,0.034912,0.040000
z_0076_524.868726.png,#4a235a,1539,1.788611,0.071544,0.040000
z_0076_524.868726.png,#512e5f,168,0.195248,0.007810,0.040000
z_0076_524.868726.png,#52be80,1087,1.263301,0.050532,0.040000
z_0076_524.868726.png,#5499c7,1258,1.462035,0.058481,0.040000
z_0076_524.868726.png,#7b241c,462,0.536932,0.021477,0.040000
z_0076_524.868726.png,#82e0aa,1003,1.165677,0.046627,0.040000
z_0076_524.868726.png,#85c1e9,703,0.817020,0.032681,0.040000
z_0076_524.868726.png,#922b21,296,0.344008,0.013760,0.040000
z_0076_524.868726.png,#9a7d0a,318,0.369576,0.014783,0.040000
z_0076_524.868726.png,#a3e4d7,305,0.354468,0.014179,0.040000
z_0076_524.868726.png,#a9cce3,10,0.011622,0.000465,0.040000
z_0076_524.868726.png,#af7ac5,1118,1.299329,0.051973,0.040000
z_0076_524.868726.png,#b9770e,1313,1.525956,0.061038,0.040000
z_0076_524.868726.png,#d2b4de,118,0.137138,0.005486,0.040000
z_0076_524.868726.png,#e59866,1010,1.173812,0.046952,0.040000
z_0076_524.868726.png,#e74c3c,417,0.484633,0.019385,0.040000
z_0076_524.868726.png,#edbb99,389,0.452092,0.018084,0.040000
z_0076_524.868726.png,#f1948a,1550,1.801395,0.072056,0.040000
z_0076_524.868726.png,#f58231,2872,3.337810,0.133512,0.040000
z_0076_524.868726.png,#f7dc6f,67,0.077867,0.003115,0.040000
z_0076_524.868726.png,#f8c471,879,1.021565,0.040863,0.040000
z_0076_524.868726.png,#fad7a0,1652,1.919938,0.076798,0.040000
z_0077_525.880309.png,#0e6251,2970,3.451705,0.138068,0.040000
z_0077_525.880309.png,#154360,462,0.536932,0.021477,0.040000
z_0077_525.880309.png,#1b4f72,948,1.101756,0.044070,0.040000
z_0077_525.880309.png,#2ecc71,756,0.878616,0.035145,0.040000
z_0077_525.880309.png,#4a235a,1598,1.857180,0.074287,0.040000
z_0077_525.880309.png,#512e5f,187,0.217330,0.008693,0.040000
z_0077_525.880309.png,#52be80,1204,1.399277,0.055971,0.040000
z_0077_525.880309.png,#5499c7,1266,1.471333,0.058853,0.040000
z_0077_525.880309.png,#7b241c,437,0.507877,0.020315,0.040000
z_0077_525.880309.png,#82e0aa,1011,1.174974,0.046999,0.040000
z_0077_525.880309.png,#85c1e9,682,0.792614,0.031705,0.040000
z_0077_525.880309.png,#922b21,324,0.376550,0.015062,0.040000
z_0077_525.880309.png,#9a7d0a,174,0.202221,0.008089,0.040000
z_0077_525.880309.png,#a3e4d7,265,0.307980,0.012319,0.040000
z_0077_525.880309.png,#a9cce3,6,0.006973,0.000279,0.040000
z_0077_525.880309.png,#af7ac5,1309,1.521307,0.060852,0.040000
z_0077_525.880309.png,#b9770e,1186,1.378357,0.055134,0.040000
z_0077_525.880309.png,#d2b4de,114,0.132490,0.005300,0.040000
z_0077_525.880309.png,#e59866,851,0.989024,0.039561,0.040000
z_0077_525.880309.png,#e74c3c,451,0.524148,0.020966,0.040000
z_0077_525.880309.png,#edbb99,402,0.467200,0.018688,0.040000
z_0077_525.880309.png,#f1948a,1551,1.802557,0.072102,0.040000
z_0077_525.880309.png,#f58231,2927,3.401730,0.136069,0.040000
z_0077_525.880309.png,#f7dc6f,43,0.049974,0.001999,0.040000
z_0077_525.880309.png,#f8c471,900,1.045971,0.041839,0.040000
z_0077_525.880309.png,#fad7a0,1652,1.919938,0.076798,0.040000
z_0078_526.891892.png,#0e6251,2942,3.419163,0.136767,0.040000
z_0078_526.891892.png,#154360,452,0.525310,0.021012,0.040000
z_0078_526.891892.png,#1b4f72,962,1.118027,0.044721,0.040000
z_0078_526.891892.png,#2ecc71,747,0.868156,0.034726,0.040000
z_0078_526.891892.png,#48c9b0,12,0.013946,0.000558,0.040000
z_0078_526.891892.png,#4a235a,1537,1.786286,0.071451,0.040000
z_0078_526.891892.png,#512e5f,181,0.210356,0.008414,0.040000
z_0078_526.891892.png,#52be80,1503,1.746772,0.069871,0.040000
z_0078_526.891892.png,#5499c7,1222,1.420196,0.056808,0.040000
z_0078_526.891892.png,#7b241c,428,0.497417,0.019897,0.040000
z_0078_526.891892.png,#82e0aa,1023,1.188920,0.047557,0.040000
z_0078_526.891892.png,#85c1e9,572,0.664773,0.026591,0.040000
z_0078_526.891892.png,#922b21,336,0.390496,0.015620,0.040000
z_0078_526.891892.png,#9a7d0a,89,0.103435,0.004137,0.040000
z_0078_526.891892.png,#a3e4d7,212,0.246384,0.009855,0.040000
z_0078_526.891892.png,#a9cce3,11,0.012784,0.000511,0.040000
z_0078_526.891892.png,#af7ac5,1486,1.727014,0.069081,0.040000
z_0078_526.891892.png,#b9770e,1025,1.191245,0.047650,0.040000
z_0078_526.891892.png,#d2b4de,110,0.127841,0.005114,0.040000
z_0078_526.891892.png,#e59866,680,0.790289,0.031612,0.040000
z_0078_526.891892.png,#e74c3c,457,0.531121,0.021245,0.040000
z_0078_526.891892.png,#edbb99,395,0.459065,0.018363,0.040000
z_0078_526.891892.png,#f1948a,1485,1.725852,0.069034,0.040000
z_0078_526.891892.png,#f58231,3031,3.522598,0.140904,0.040000
z_0078_526.891892.png,#f7dc6f,26,0.030217,0.001209,0.040000
z_0078_526.891892.png,#f8c471,866,1.006457,0.040258,0.040000
z_0078_526.891892.png,#fad7a0,1698,1.973399,0.078936,0.040000
z_0079_527.903475.png,#0e6251,2935,3.411028,0.136441,0.040000
z_0079_527.903475.png,#154360,470,0.546229,0.021849,0.040000
z_0079_527.903475.png,#1b4f72,931,1.081999,0.043280,0.040000
z_0079_527.903475.png,#2ecc71,744,0.864669,0.034587,0.040000
z_0079_527.903475.png,#48c9b0,30,0.034866,0.001395,0.040000
z_0079_527.903475.png,#4a235a,1534,1.782800,0.071312,0.040000
z_0079_527.903475.png,#512e5f,206,0.239411,0.009576,0.040000
z_0079_527.903475.png,#52be80,1683,1.955966,0.078239,0.040000
z_0079_527.903475.png,#5499c7,1128,1.310950,0.052438,0.040000
z_0079_527.903475.png,#7b241c,425,0.493931,0.019757,0.040000
z_0079_527.903475.png,#82e0aa,973,1.130811,0.045232,0.040000
z_0079_527.903475.png,#85c1e9,547,0.635718,0.025429,0.040000
z_0079_527.903475.png,#922b21,381,0.442794,0.017712,0.040000
z_0079_527.903475.png,#9a7d0a,88,0.102273,0.004091,0.040000
z_0079_527.903475.png,#a3e4d7,198,0.230114,0.009205,0.040000
z_0079_527.903475.png,#a9cce3,8,0.009298,0.000372,0.040000
z_0079_527.903475.png,#af7ac5,1538,1.787448,0.071498,0.040000
z_0079_527.903475.png,#b9770e,841,0.977402,0.039096,0.040000
z_0079_527.903475.png,#d2b4de,102,0.118543,0.004742,0.040000
z_0079_527.903475.png,#e59866,713,0.828642,0.033146,0.040000
z_0079_527.903475.png,#e74c3c,441,0.512526,0.020501,0.040000
z_0079_527.903475.png,#edbb99,418,0.485795,0.019432,0.040000
z_0079_527.903475.png,#f1948a,1529,1.776989,0.071080,0.040000
z_0079_527.903475.png,#f58231,2989,3.473786,0.138951,0.040000
z_0079_527.903475.png,#f7dc6f,6,0.006973,0.000279,0.040000
z_0079_527.903475.png,#f8c471,880,1.022727,0.040909,0.040000
z_0079_527.903475.png,#fad7a0,1679,1.951317,0.078053,0.040000
z_0080_528.915058.png,#0e6251,2935,3.411028,0.136441,0.040000
z_0080_528.915058.png,#154360,454,0.527634,0.021105,0.040000
z_0080_528.915058.png,#1b4f72,913,1.061080,0.042443,0.040000
z_0080_528.915058.png,#2ecc71,785,0.912319,0.036493,0.040000
z_0080_528.915058.png,#48c9b0,35,0.040677,0.001627,0.040000
z_0080_528.915058.png,#4a235a,1581,1.837423,0.073497,0.040000
z_0080_528.915058.png,#512e5f,219,0.254520,0.010181,0.040000
z_0080_528.915058.png,#52be80,1754,2.038481,0.081539,0.040000
z_0080_528.915058.png,#5499c7,1062,1.234246,0.049370,0.040000
z_0080_528.915058.png,#7b241c,431,0.500904,0.020036,0.040000
z_0080_528.915058.png,#82e0aa,966,1.122676,0.044907,0.040000
z_0080_528.915058.png,#85c1e9,561,0.651989,0.026080,0.040000
z_0080_528.915058.png,#922b21,389,0.452092,0.018084,0.040000
z_0080_528.915058.png,#9a7d0a,89,0.103435,0.004137,0.040000
z_0080_528.915058.png,#a3e4d7,173,0.201059,0.008042,0.040000
z_0080_528.915058.png,#a9cce3,9,0.010460,0.000418,0.040000
z_0080_528.915058.png,#af7ac5,1410,1.638688,0.065548,0.040000
z_0080_528.915058.png,#b9770e,717,0.833290,0.033332,0.040000
z_0080_528.915058.png,#d2b4de,111,0.129003,0.005160,0.040000
z_0080_528.915058.png,#e59866,712,0.827479,0.033099,0.040000
z_0080_528.915058.png,#e74c3c,447,0.519499,0.020780,0.040000
z_0080_528.915058.png,#edbb99,435,0.505553,0.020222,0.040000
z_0080_528.915058.png,#f1948a,1480,1.720041,0.068802,0.040000
z_0080_528.915058.png,#f58231,2968,3.449380,0.137975,0.040000
z_0080_528.915058.png,#f8c471,831,0.965780,0.038631,0.040000
z_0080_528.915058.png,#fad7a0,1675,1.946668,0.077867,0.040000
z_0081_529.926641.png,#0e6251,2951,3.429623,0.137185,0.040000
z_0081_529.926641.png,#154360,443,0.514850,0.020594,0.040000
z_0081_529.926641.png,#1b4f72,906,1.052944,0.042118,0.040000
z_0081_529.926641.png,#2ecc71,855,0.993673,0.039747,0.040000
z_0081_529.926641.png,#48c9b0,43,0.049974,0.001999,0.040000
z_0081_529.926641.png,#4a235a,1541,1.790935,0.071637,0.040000
z_0081_529.926641.png,#512e5f,225,0.261493,0.010460,0.040000
z_0081_529.926641.png,#52be80,1793,2.083807,0.083352,0.040000
z_0081_529.926641.png,#5499c7,1038,1.206353,0.048254,0.040000
z_0081_529.926641.png,#7b241c,429,0.498580,0.019943,0.040000
z_0081_529.926641.png,#82e0aa,981,1.140108,0.045604,0.040000
z_0081_529.926641.png,#85c1e9,600,0.697314,0.027893,0.040000
z_0081_529.926641.png,#922b21,411,0.477660,0.019106,0.040000
z_0081_529.926641.png,#9a7d0a,101,0.117381,0.004695,0.040000
z_0081_529.926641.png,#a3e4d7,172,0.199897,0.007996,0.040000
z_0081_529.926641.png,#a9cce3,12,0.013946,0.000558,0.040000
z_0081_529.926641.png,#af7ac5,1275,1.481792,0.059272,0.040000
z_0081_529.926641.png,#b9770e,612,0.711260,0.028450,0.040000
z_0081_529.926641.png,#d2b4de,119,0.138301,0.005532,0.040000
z_0081_529.926641.png,#e59866,741,0.861183,0.034447,0.040000
z_0081_529.926641.png,#e74c3c,460,0.534607,0.021384,0.040000
z_0081_529.926641.png,#edbb99,438,0.509039,0.020362,0.040000
z_0081_529.926641.png,#f1948a,1430,1.661932,0.066477,0.040000
z_0081_529.926641.png,#f58231,2911,3.383135,0.135325,0.040000
z_0081_529.926641.png,#f8c471,772,0.897211,0.035888,0.040000
z_0081_529.926641.png,#fad7a0,1688,1.961777,0.078471,0.040000
z_0082_530.938224.png,#0e6251,3002,3.488895,0.139556,0.040000
z_0082_530.938224.png,#154360,436,0.506715,0.020269,0.040000
z_0082_530.938224.png,#1b4f72,905,1.051782,0.042071,0.040000
z_0082_530.938224.png,#2ecc71,898,1.043647,0.041746,0.040000
z_0082_530.938224.png,#48c9b0,40,0.046488,0.001860,0.040000
z_0082_530.938224.png,#4a235a,1446,1.680527,0.067221,0.040000
z_0082_530.938224.png,#512e5f,238,0.276601,0.011064,0.040000
z_0082_530.938224.png,#52be80,1781,2.069861,0.082794,0.040000
z_0082_530.938224.png,#5499c7,1024,1.190083,0.047603,0.040000
z_0082_530.938224.png,#7b241c,440,0.511364,0.020455,0.040000
z_0082_530.938224.png,#82e0aa,950,1.104081,0.044163,0.040000
z_0082_530.938224.png,#85c1e9,622,0.722882,0.028915,0.040000
z_0082_530.938224.png,#922b21,414,0.481147,0.019246,0.040000
z_0082_530.938224.png,#9a7d0a,101,0.117381,0.004695,0.040000
z_0082_530.938224.png,#a3e4d7,147,0.170842,0.006834,0.040000
z_0082_530.938224.png,#a9cce3,6,0.006973,0.000279,0.040000
z_0082_530.938224.png,#af7ac5,1212,1.408574,0.056343,0.040000
z_0082_530.938224.png,#b9770e,483,0.561338,0.022454,0.040000
z_0082_530.938224.png,#d2b4de,118,0.137138,0.005486,0.040000
z_0082_530.938224.png,#e59866,726,0.843750,0.033750,0.040000
z_0082_530.938224.png,#e74c3c,454,0.527634,0.021105,0.040000
z_0082_530.938224.png,#edbb99,440,0.511364,0.020455,0.040000
z_0082_530.938224.png,#f1948a,1396,1.622417,0.064897,0.040000
z_0082_530.938224.png,#f58231,2878,3.344783,0.133791,0.040000
z_0082_530.938224.png,#f8c471,752,0.873967,0.034959,0.040000
z_0082_530.938224.png,#fad7a0,1640,1.905992,0.076240,0.040000
z_0083_531.949807.png,#0e6251,3003,3.490057,0.139602,0.040000
z_0083_531.949807.png,#154360,439,0.510201,0.020408,0.040000
z_0083_531.949807.png,#1b4f72,906,1.052944,0.042118,0.040000
z_0083_531.949807.png,#2ecc71,896,1.041322,0.041653,0.040000
z_0083_531.949807.png,#48c9b0,40,0.046488,0.001860,0.040000
z_0083_531.949807.png,#4a235a,1447,1.681689,0.067268,0.040000
z_0083_531.949807.png,#512e5f,238,0.276601,0.011064,0.040000
z_0083_531.949807.png,#52be80,1787,2.076834,0.083073,0.040000
z_0083_531.949807.png,#5499c7,1029,1.195894,0.047836,0.040000
z_0083_531.949807.png,#7b241c,444,0.516012,0.020640,0.040000
z_0083_531.949807.png,#82e0aa,953,1.107567,0.044303,0.040000
z_0083_531.949807.png,#85c1e9,621,0.721720,0.028869,0.040000
z_0083_531.949807.png,#922b21,415,0.482309,0.019292,0.040000
z_0083_531.949807.png,#9a7d0a,102,0.118543,0.004742,0.040000
z_0083_531.949807.png,#a3e4d7,144,0.167355,0.006694,0.040000
z_0083_531.949807.png,#a9cce3,6,0.006973,0.000279,0.040000
z_0083_531.949807.png,#af7ac5,1216,1.413223,0.056529,0.040000
z_0083_531.949807.png,#b9770e,486,0.564824,0.022593,0.040000
z_0083_531.949807.png,#d2b4de,117,0.135976,0.005439,0.040000
z_0083_531.949807.png,#e59866,725,0.842588,0.033704,0.040000
z_0083_531.949807.png,#e74c3c,459,0.533445,0.021338,0.040000
z_0083_531.949807.png,#edbb99,442,0.513688,0.020548,0.040000
z_0083_531.949807.png,#f1948a,1395,1.621255,0.064850,0.040000
z_0083_531.949807.png,#f58231,2886,3.354081,0.134163,0.040000
z_0083_531.949807.png,#f8c471,752,0.873967,0.034959,0.040000
z_0083_531.949807.png,#fad7a0,1641,1.907154,0.076286,0.040000
z_0084_532.961390.png,#0e6251,3268,3.798037,0.151921,0.040000
z_0084_532.961390.png,#154360,469,0.545067,0.021803,0.040000
z_0084_532.961390.png,#1b4f72,879,1.021565,0.040863,0.040000
z_0084_532.961390.png,#2ecc71,962,1.118027,0.044721,0.040000
z_0084_532.961390.png,#48c9b0,20,0.023244,0.000930,0.040000
z_0084_532.961390.png,#4a235a,1343,1.560821,0.062433,0.040000
z_0084_532.961390.png,#512e5f,278,0.323089,0.012924,0.040000
z_0084_532.961390.png,#52be80,1748,2.031508,0.081260,0.040000
z_0084_532.961390.png,#5499c7,990,1.150568,0.046023,0.040000
z_0084_532.961390.png,#7b241c,520,0.604339,0.024174,0.040000
z_0084_532.961390.png,#82e0aa,954,1.108729,0.044349,0.040000
z_0084_532.961390.png,#85c1e9,623,0.724044,0.028962,0.040000
z_0084_532.961390.png,#922b21,428,0.497417,0.019897,0.040000
z_0084_532.961390.png,#9a7d0a,107,0.124354,0.004974,0.040000
z_0084_532.961390.png,#a3e4d7,153,0.177815,0.007113,0.040000
z_0084_532.961390.png,#a9cce3,6,0.006973,0.000279,0.040000
z_0084_532.961390.png,#af7ac5,1168,1.357438,0.054298,0.040000
z_0084_532.961390.png,#b9770e,223,0.259168,0.010367,0.040000
z_0084_532.961390.png,#d2b4de,101,0.117381,0.004695,0.040000
z_0084_532.961390.png,#e59866,709,0.823993,0.032960,0.040000
z_0084_532.961390.png,#e74c3c,471,0.547392,0.021896,0.040000
z_0084_532.961390.png,#edbb99,464,0.539256,0.021570,0.040000
z_0084_532.961390.png,#f1948a,1293,1.502712,0.060108,0.040000
z_0084_532.961390.png,#f58231,2965,3.445894,0.137836,0.040000
z_0084_532.961390.png,#f8c471,681,0.791451,0.031658,0.040000
z_0084_532.961390.png,#fad7a0,1928,2.240702,0.089628,0.040000
z_0085_533.972973.png,#0e6251,3436,3.993285,0.159731,0.040000
z_0085_533.972973.png,#154360,447,0.519499,0.020780,0.040000
z_0085_533.972973.png,#1b4f72,837,0.972753,0.038910,0.040000
z_0085_533.972973.png,#2ecc71,990,1.150568,0.046023,0.040000
z_0085_533.972973.png,#48c9b0,18,0.020919,0.000837,0.040000
z_0085_533.972973.png,#4a235a,1327,1.542226,0.061689,0.040000
z_0085_533.972973.png,#512e5f,312,0.362603,0.014504,0.040000
z_0085_533.972973.png,#52be80,1679,1.951317,0.078053,0.040000
z_0085_533.972973.png,#5499c7,934,1.085486,0.043419,0.040000
z_0085_533.972973.png,#7b241c,588,0.683368,0.027335,0.040000
z_0085_533.972973.png,#82e0aa,974,1.131973,0.045279,0.040000
z_0085_533.972973.png,#85c1e9,725,0.842588,0.033704,0.040000
z_0085_533.972973.png,#922b21,358,0.416064,0.016643,0.040000
z_0085_533.972973.png,#9a7d0a,107,0.124354,0.004974,0.040000
z_0085_533.972973.png,#a3e4d7,207,0.240573,0.009623,0.040000
z_0085_533.972973.png,#a9cce3,3,0.003487,0.000139,0.040000
z_0085_533.972973.png,#af7ac5,1137,1.321410,0.052856,0.040000
z_0085_533.972973.png,#b9770e,132,0.153409,0.006136,0.040000
z_0085_533.972973.png,#d2b4de,104,0.120868,0.004835,0.040000
z_0085_533.972973.png,#e59866,640,0.743802,0.029752,0.040000
z_0085_533.972973.png,#e74c3c,449,0.521823,0.020873,0.040000
z_0085_533.972973.png,#edbb99,467,0.542743,0.021710,0.040000
z_0085_533.972973.png,#f1948a,1241,1.442278,0.057691,0.040000
z_0085_533.972973.png,#f58231,3006,3.493543,0.139742,0.040000
z_0085_533.972973.png,#f8c471,634,0.736829,0.029473,0.040000
z_0085_533.972973.png,#fad7a0,2074,2.410382,0.096415,0.040000
z_0086_534.984556.png,#0e6251,3545,4.119964,0.164799,0.040000
z_0086_534.984556.png,#154360,438,0.509039,0.020362,0.040000
z_0086_534.984556.png,#1b4f72,833,0.968104,0.038724,0.040000
z_0086_534.984556.png,#2ecc71,1009,1.172650,0.046906,0.040000
z_0086_534.984556.png,#48c9b0,8,0.009298,0.000372,0.040000
z_0086_534.984556.png,#4a235a,1529,1.776989,0.071080,0.040000
z_0086_534.984556.png,#512e5f,339,0.393982,0.015759,0.040000
z_0086_534.984556.png,#52be80,1655,1.923425,0.076937,0.040000
z_0086_534.984556.png,#5499c7,952,1.106405,0.044256,0.040000
z_0086_534.984556.png,#7b241c,639,0.742639,0.029706,0.040000
z_0086_534.984556.png,#82e0aa,968,1.125000,0.045000,0.040000
z_0086_534.984556.png,#85c1e9,928,1.078512,0.043140,0.040000
z_0086_534.984556.png,#922b21,312,0.362603,0.014504,0.040000
z_0086_534.984556.png,#9a7d0a,114,0.132490,0.005300,0.040000
z_0086_534.984556.png,#a3e4d7,298,0.346333,0.013853,0.040000
z_0086_534.984556.png,#a9cce3,6,0.006973,0.000279,0.040000
z_0086_534.984556.png,#af7ac5,1104,1.283058,0.051322,0.040000
z_0086_534.984556.png,#b9770e,81,0.094137,0.003765,0.040000
z_0086_534.984556.png,#d2b4de,121,0.140625,0.005625,0.040000
z_0086_534.984556.png,#e59866,616,0.715909,0.028636,0.040000
z_0086_534.984556.png,#e74c3c,438,0.509039,0.020362,0.040000
z_0086_534.984556.png,#edbb99,449,0.521823,0.020873,0.040000
z_0086_534.984556.png,#f1948a,1177,1.367898,0.054716,0.040000
z_0086_534.984556.png,#f58231,2958,3.437758,0.137510,0.040000
z_0086_534.984556.png,#f8c471,623,0.724044,0.028962,0.040000
z_0086_534.984556.png,#fad7a0,2086,2.424329,0.096973,0.040000
z_0087_535.996139.png,#0e6251,3822,4.441890,0.177676,0.040000
z_0087_535.996139.png,#154360,424,0.492769,0.019711,0.040000
z_0087_535.996139.png,#1b4f72,811,0.942536,0.037701,0.040000
z_0087_535.996139.png,#2ecc71,1048,1.217975,0.048719,0.040000
z_0087_535.996139.png,#48c9b0,6,0.006973,0.000279,0.040000
z_0087_535.996139.png,#4a235a,1544,1.794421,0.071777,0.040000
z_0087_535.996139.png,#512e5f,357,0.414902,0.016596,0.040000
z_0087_535.996139.png,#52be80,1614,1.875775,0.075031,0.040000
z_0087_535.996139.png,#5499c7,956,1.111054,0.044442,0.040000
z_0087_535.996139.png,#7b241c,628,0.729855,0.029194,0.040000
z_0087_535.996139.png,#82e0aa,987,1.147082,0.045883,0.040000
z_0087_535.996139.png,#85c1e9,1172,1.362087,0.054483,0.040000
z_0087_535.996139.png,#922b21,313,0.363765,0.014551,0.040000
z_0087_535.996139.png,#9a7d0a,119,0.138301,0.005532,0.040000
z_0087_535.996139.png,#a3e4d7,348,0.404442,0.016178,0.040000
z_0087_535.996139.png,#a9cce3,8,0.009298,0.000372,0.040000
z_0087_535.996139.png,#af7ac5,956,1.111054,0.044442,0.040000
z_0087_535.996139.png,#b9770e,84,0.097624,0.003905,0.040000
z_0087_535.996139.png,#d2b4de,141,0.163869,0.006555,0.040000
z_0087_535.996139.png,#e59866,605,0.703125,0.028125,0.040000
z_0087_535.996139.png,#e74c3c,439,0.510201,0.020408,0.040000
z_0087_535.996139.png,#edbb99,455,0.528796,0.021152,0.040000
z_0087_535.996139.png,#f1948a,1028,1.194731,0.047789,0.040000
z_0087_535.996139.png,#f58231,3040,3.533058,0.141322,0.040000
z_0087_535.996139.png,#f8c471,594,0.690341,0.027614,0.040000
z_0087_535.996139.png,#fad7a0,2107,2.448735,0.097949,0.040000
z_0088_537.007722.png,#0e6251,3830,4.451188,0.178048,0.040000
z_0088_537.007722.png,#154360,424,0.492769,0.019711,0.040000
z_0088_537.007722.png,#1b4f72,811,0.942536,0.037701,0.040000
z_0088_537.007722.png,#2ecc71,1040,1.208678,0.048347,0.040000
z_0088_537.007722.png,#48c9b0,7,0.008135,0.000325,0.040000
z_0088_537.007722.png,#4a235a,1546,1.796746,0.071870,0.040000
z_0088_537.007722.png,#512e5f,358,0.416064,0.016643,0.040000
z_0088_537.007722.png,#52be80,1613,1.874613,0.074985,0.040000
z_0088_537.007722.png,#5499c7,956,1.111054,0.044442,0.040000
z_0088_537.007722.png,#7b241c,618,0.718233,0.028729,0.040000
z_0088_537.007722.png,#82e0aa,987,1.147082,0.045883,0.040000
z_0088_537.007722.png,#85c1e9,1179,1.370222,0.054809,0.040000
z_0088_537.007722.png,#922b21,320,0.371901,0.014876,0.040000
z_0088_537.007722.png,#9a7d0a,118,0.137138,0.005486,0.040000
z_0088_537.007722.png,#a3e4d7,345,0.400956,0.016038,0.040000
z_0088_537.007722.png,#a9cce3,8,0.009298,0.000372,0.040000
z_0088_537.007722.png,#af7ac5,964,1.120351,0.044814,0.040000
z_0088_537.007722.png,#b9770e,85,0.098786,0.003951,0.040000
z_0088_537.007722.png,#d2b4de,145,0.168518,0.006741,0.040000
z_0088_537.007722.png,#e59866,607,0.705449,0.028218,0.040000
z_0088_537.007722.png,#e74c3c,439,0.510201,0.020408,0.040000
z_0088_537.007722.png,#edbb99,452,0.525310,0.021012,0.040000
z_0088_537.007722.png,#f1948a,1023,1.188920,0.047557,0.040000
z_0088_537.007722.png,#f58231,3036,3.528409,0.141136,0.040000
z_0088_537.007722.png,#f8c471,593,0.689179,0.027567,0.040000
z_0088_537.007722.png,#fad7a0,2107,2.448735,0.097949,0.040000
z_0089_538.019305.png,#0e6251,3986,4.632490,0.185300,0.040000
z_0089_538.019305.png,#154360,413,0.479985,0.019199,0.040000
z_0089_538.019305.png,#1b4f72,838,0.973915,0.038957,0.040000
z_0089_538.019305.png,#2ecc71,1128,1.310950,0.052438,0.040000
z_0089_538.019305.png,#48c9b0,10,0.011622,0.000465,0.040000
z_0089_538.019305.png,#4a235a,1543,1.793259,0.071730,0.040000
z_0089_538.019305.png,#512e5f,387,0.449768,0.017991,0.040000
z_0089_538.019305.png,#52be80,1433,1.665418,0.066617,0.040000
z_0089_538.019305.png,#5499c7,956,1.111054,0.044442,0.040000
z_0089_538.019305.png,#7b241c,372,0.432335,0.017293,0.040000
z_0089_538.019305.png,#82e0aa,1020,1.185434,0.047417,0.040000
z_0089_538.019305.png,#85c1e9,1294,1.503874,0.060155,0.040000
z_0089_538.019305.png,#922b21,37,0.043001,0.001720,0.040000
z_0089_538.019305.png,#9a7d0a,126,0.146436,0.005857,0.040000
z_0089_538.019305.png,#a3e4d7,410,0.476498,0.019060,0.040000
z_0089_538.019305.png,#a9cce3,2,0.002324,0.000093,0.040000
z_0089_538.019305.png,#af7ac5,550,0.639205,0.025568,0.040000
z_0089_538.019305.png,#b9770e,87,0.101111,0.004044,0.040000
z_0089_538.019305.png,#d2b4de,146,0.169680,0.006787,0.040000
z_0089_538.019305.png,#e59866,524,0.608988,0.024360,0.040000
z_0089_538.019305.png,#e74c3c,421,0.489282,0.019571,0.040000
z_0089_538.019305.png,#edbb99,426,0.495093,0.019804,0.040000
z_0089_538.019305.png,#f1948a,837,0.972753,0.038910,0.040000
z_0089_538.019305.png,#f58231,3186,3.702738,0.148110,0.040000
z_0089_538.019305.png,#f8c471,541,0.628745,0.025150,0.040000
z_0089_538.019305.png,#fad7a0,2205,2.562629,0.102505,0.040000
z_0090_539.030888.png,#0e6251,3974,4.618543,0.184742,0.040000
z_0090_539.030888.png,#117a65,83,0.096462,0.003858,0.040000
z_0090_539.030888.png,#154360,450,0.522986,0.020919,0.040000
z_0090_539.030888.png,#1b4f72,850,0.987862,0.039514,0.040000
z_0090_539.030888.png,#2ecc71,1207,1.402763,0.056111,0.040000
z_0090_539.030888.png,#48c9b0,19,0.022082,0.000883,0.040000
z_0090_539.030888.png,#4a235a,1421,1.651472,0.066059,0.040000
z_0090_539.030888.png,#512e5f,407,0.473011,0.018920,0.040000
z_0090_539.030888.png,#52be80,1335,1.551524,0.062061,0.040000
z_0090_539.030888.png,#5499c7,927,1.077350,0.043094,0.040000
z_0090_539.030888.png,#7b241c,372,0.432335,0.017293,0.040000
z_0090_539.030888.png,#82e0aa,1027,1.193569,0.047743,0.040000
z_0090_539.030888.png,#85c1e9,1328,1.543388,0.061736,0.040000
z_0090_539.030888.png,#922b21,56,0.065083,0.002603,0.040000
z_0090_539.030888.png,#9a7d0a,123,0.142949,0.005718,0.040000
z_0090_539.030888.png,#a3e4d7,419,0.486958,0.019478,0.040000
z_0090_539.030888.png,#a9cce3,3,0.003487,0.000139,0.040000
z_0090_539.030888.png,#af7ac5,359,0.417226,0.016689,0.040000
z_0090_539.030888.png,#b9770e,40,0.046488,0.001860,0.040000
z_0090_539.030888.png,#d2b4de,138,0.160382,0.006415,0.040000
z_0090_539.030888.png,#e59866,585,0.679881,0.027195,0.040000
z_0090_539.030888.png,#e74c3c,372,0.432335,0.017293,0.040000
z_0090_539.030888.png,#edbb99,417,0.484633,0.019385,0.040000
z_0090_539.030888.png,#f1948a,489,0.568311,0.022732,0.040000
z_0090_539.030888.png,#f58231,3139,3.648115,0.145925,0.040000
z_0090_539.030888.png,#f7dc6f,448,0.520661,0.020826,0.040000
z_0090_539.030888.png,#f8c471,447,0.519499,0.020780,0.040000
z_0090_539.030888.png,#fad7a0,2389,2.776472,0.111059,0.040000
z_0091_540.042471.png,#0e6251,3974,4.618543,0.184742,0.040000
z_0091_540.042471.png,#117a65,86,0.099948,0.003998,0.040000
z_0091_540.042471.png,#154360,447,0.519499,0.020780,0.040000
z_0091_540.042471.png,#1b4f72,844,0.980888,0.039236,0.040000
z_0091_540.042471.png,#2ecc71,1213,1.409737,0.056389,0.040000
z_0091_540.042471.png,#48c9b0,19,0.022082,0.000883,0.040000
z_0091_540.042471.png,#4a235a,1435,1.667743,0.066710,0.040000
z_0091_540.042471.png,#512e5f,407,0.473011,0.018920,0.040000
z_0091_540.042471.png,#52be80,1344,1.561983,0.062479,0.040000
z_0091_540.042471.png,#5499c7,927,1.077350,0.043094,0.040000
z_0091_540.042471.png,#7b241c,374,0.434659,0.017386,0.040000
z_0091_540.042471.png,#82e0aa,1023,1.188920,0.047557,0.040000
z_0091_540.042471.png,#85c1e9,1334,1.550362,0.062014,0.040000
z_0091_540.042471.png,#922b21,58,0.067407,0.002696,0.040000
z_0091_540.042471.png,#9a7d0a,124,0.144112,0.005764,0.040000
z_0091_540.042471.png,#a3e4d7,415,0.482309,0.019292,0.040000
z_0091_540.042471.png,#a9cce3,3,0.003487,0.000139,0.040000
z_0091_540.042471.png,#af7ac5,357,0.414902,0.016596,0.040000
z_0091_540.042471.png,#b9770e,38,0.044163,0.001767,0.040000
z_0091_540.042471.png,#d2b4de,136,0.158058,0.006322,0.040000
z_0091_540.042471.png,#e59866,590,0.685692,0.027428,0.040000
z_0091_540.042471.png,#e74c3c,373,0.433497,0.017340,0.040000
z_0091_540.042471.png,#edbb99,420,0.488120,0.019525,0.040000
z_0091_540.042471.png,#f1948a,489,0.568311,0.022732,0.040000
z_0091_540.042471.png,#f58231,3127,3.634168,0.145367,0.040000
z_0091_540.042471.png,#f7dc6f,459,0.533445,0.021338,0.040000
z_0091_540.042471.png,#f8c471,460,0.534607,0.021384,0.040000
z_0091_540.042471.png,#fad7a0,2386,2.772986,0.110919,0.040000
z_0092_541.054054.png,#0e6251,3983,4.629003,0.185160,0.040000
z_0092_541.054054.png,#117a65,142,0.165031,0.006601,0.040000
z_0092_541.054054.png,#154360,574,0.667097,0.026684,0.040000
z_0092_541.054054.png,#1b4f72,862,1.001808,0.040072,0.040000
z_0092_541.054054.png,#2ecc71,1291,1.500387,0.060015,0.040000
z_0092_541.054054.png,#48c9b0,20,0.023244,0.000930,0.040000
z_0092_541.054054.png,#4a235a,1411,1.639850,0.065594,0.040000
z_0092_541.054054.png,#512e5f,421,0.489282,0.019571,0.040000
z_0092_541.054054.png,#52be80,1303,1.514334,0.060573,0.040000
z_0092_541.054054.png,#5499c7,938,1.090134,0.043605,0.040000
z_0092_541.054054.png,#7b241c,375,0.435821,0.017433,0.040000
z_0092_541.054054.png,#82e0aa,1009,1.172650,0.046906,0.040000
z_0092_541.054054.png,#85c1e9,1375,1.598011,0.063920,0.040000
z_0092_541.054054.png,#922b21,52,0.060434,0.002417,0.040000
z_0092_541.054054.png,#9a7d0a,149,0.173166,0.006927,0.040000
z_0092_541.054054.png,#a3e4d7,423,0.491606,0.019664,0.040000
z_0092_541.054054.png,#a9cce3,5,0.005811,0.000232,0.040000
z_0092_541.054054.png,#af7ac5,301,0.349819,0.013993,0.040000
z_0092_541.054054.png,#b9770e,33,0.038352,0.001534,0.040000
z_0092_541.054054.png,#d2b4de,137,0.159220,0.006369,0.040000
z_0092_541.054054.png,#e59866,650,0.755424,0.030217,0.040000
z_0092_541.054054.png,#e74c3c,360,0.418388,0.016736,0.040000
z_0092_541.054054.png,#edbb99,431,0.500904,0.020036,0.040000
z_0092_541.054054.png,#f1948a,354,0.411415,0.016457,0.040000
z_0092_541.054054.png,#f58231,3124,3.630682,0.145227,0.040000
z_0092_541.054054.png,#f7dc6f,314,0.364928,0.014597,0.040000
z_0092_541.054054.png,#f8c471,409,0.475336,0.019013,0.040000
z_0092_541.054054.png,#fad7a0,2419,2.811338,0.112454,0.040000
z_0093_542.065637.png,#0e6251,3981,4.626679,0.185067,0.040000
z_0093_542.065637.png,#117a65,459,0.533445,0.021338,0.040000
z_0093_542.065637.png,#154360,722,0.839101,0.033564,0.040000
z_0093_542.065637.png,#1b4f72,887,1.030863,0.041235,0.040000
z_0093_542.065637.png,#2ecc71,1570,1.824638,0.072986,0.040000
z_0093_542.065637.png,#48c9b0,20,0.023244,0.000930,0.040000
z_0093_542.065637.png,#4a235a,1307,1.518982,0.060759,0.040000
z_0093_542.065637.png,#512e5f,473,0.549716,0.021989,0.040000
z_0093_542.065637.png,#52be80,1202,1.396952,0.055878,0.040000
z_0093_542.065637.png,#5499c7,925,1.075026,0.043001,0.040000
z_0093_542.065637.png,#7b241c,420,0.488120,0.019525,0.040000
z_0093_542.065637.png,#82e0aa,940,1.092459,0.043698,0.040000
z_0093_542.065637.png,#85c1e9,1395,1.621255,0.064850,0.040000
z_0093_542.065637.png,#922b21,42,0.048812,0.001952,0.040000
z_0093_542.065637.png,#9a7d0a,728,0.846074,0.033843,0.040000
z_0093_542.065637.png,#a3e4d7,455,0.528796,0.021152,0.040000
z_0093_542.065637.png,#a9cce3,5,0.005811,0.000232,0.040000
z_0093_542.065637.png,#af7ac5,203,0.235925,0.009437,0.040000
z_0093_542.065637.png,#b9770e,29,0.033704,0.001348,0.040000
z_0093_542.065637.png,#d2b4de,150,0.174329,0.006973,0.040000
z_0093_542.065637.png,#e59866,740,0.860021,0.034401,0.040000
z_0093_542.065637.png,#e74c3c,339,0.393982,0.015759,0.040000
z_0093_542.065637.png,#edbb99,430,0.499742,0.019990,0.040000
z_0093_542.065637.png,#f1948a,85,0.098786,0.003951,0.040000
z_0093_542.065637.png,#f58231,3152,3.663223,0.146529,0.040000
z_0093_542.065637.png,#f7dc6f,166,0.192924,0.007717,0.040000
z_0093_542.065637.png,#f8c471,268,0.311467,0.012459,0.040000
z_0093_542.065637.png,#fad7a0,2537,2.948476,0.117939,0.040000
z_0094_543.077220.png,#0e6251,3989,4.635976,0.185439,0.040000
z_0094_543.077220.png,#117a65,469,0.545067,0.021803,0.040000
z_0094_543.077220.png,#154360,724,0.841426,0.033657,0.040000
z_0094_543.077220.png,#1b4f72,889,1.033187,0.041327,0.040000
z_0094_543.077220.png,#2ecc71,1578,1.833936,0.073357,0.040000
z_0094_543.077220.png,#48c9b0,17,0.019757,0.000790,0.040000
z_0094_543.077220.png,#4a235a,1307,1.518982,0.060759,0.040000
z_0094_543.077220.png,#512e5f,475,0.552040,0.022082,0.040000
z_0094_543.077220.png,#52be80,1200,1.394628,0.055785,0.040000
z_0094_543.077220.png,#5499c7,925,1.075026,0.043001,0.040000
z_0094_543.077220.png,#7b241c,425,0.493931,0.019757,0.040000
z_0094_543.077220.png,#82e0aa,939,1.091296,0.043652,0.040000
z_0094_543.077220.png,#85c1e9,1393,1.618931,0.064757,0.040000
z_0094_543.077220.png,#922b21,45,0.052299,0.002092,0.040000
z_0094_543.077220.png,#9a7d0a,708,0.822831,0.032913,0.040000
z_0094_543.077220.png,#a3e4d7,454,0.527634,0.021105,0.040000
z_0094_543.077220.png,#a9cce3,3,0.003487,0.000139,0.040000
z_0094_543.077220.png,#af7ac5,203,0.235925,0.009437,0.040000
z_0094_543.077220.png,#b9770e,30,0.034866,0.001395,0.040000
z_0094_543.077220.png,#d2b4de,152,0.176653,0.007066,0.040000
z_0094_543.077220.png,#e59866,740,0.860021,0.034401,0.040000
z_0094_543.077220.png,#e74c3c,339,0.393982,0.015759,0.040000
z_0094_543.077220.png,#edbb99,431,0.500904,0.020036,0.040000
z_0094_543.077220.png,#f1948a,88,0.102273,0.004091,0.040000
z_0094_543.077220.png,#f58231,3164,3.677169,0.147087,0.040000
z_0094_543.077220.png,#f7dc6f,174,0.202221,0.008089,0.040000
z_0094_543.077220.png,#f8c471,264,0.306818,0.012273,0.040000
z_0094_543.077220.png,#fad7a0,2535,2.946152,0.117846,0.040000
z_0095_544.088803.png,#0e6251,3862,4.488378,0.179535,0.040000
z_0095_544.088803.png,#117a65,578,0.671746,0.026870,0.040000
z_0095_544.088803.png,#154360,752,0.873967,0.034959,0.040000
z_0095_544.088803.png,#1b4f72,999,1.161028,0.046441,0.040000
z_0095_544.088803.png,#2ecc71,1582,1.838585,0.073543,0.040000
z_0095_544.088803.png,#48c9b0,24,0.027893,0.001116,0.040000
z_0095_544.088803.png,#4a235a,1306,1.517820,0.060713,0.040000
z_0095_544.088803.png,#512e5f,496,0.576446,0.023058,0.040000
z_0095_544.088803.png,#52be80,1176,1.366736,0.054669,0.040000
z_0095_544.088803.png,#5499c7,898,1.043647,0.041746,0.040000
z_0095_544.088803.png,#7b241c,450,0.522986,0.020919,0.040000
z_0095_544.088803.png,#82e0aa,928,1.078512,0.043140,0.040000
z_0095_544.088803.png,#85c1e9,1382,1.606147,0.064246,0.040000
z_0095_544.088803.png,#922b21,75,0.087164,0.003487,0.040000
z_0095_544.088803.png,#9a7d0a,1280,1.487603,0.059504,0.040000
z_0095_544.088803.png,#a3e4d7,460,0.534607,0.021384,0.040000
z_0095_544.088803.png,#a9cce3,2,0.002324,0.000093,0.040000
z_0095_544.088803.png,#af7ac5,147,0.170842,0.006834,0.040000
z_0095_544.088803.png,#b9770e,32,0.037190,0.001488,0.040000
z_0095_544.088803.png,#d2b4de,163,0.189437,0.007577,0.040000
z_0095_544.088803.png,#e59866,846,0.983213,0.039329,0.040000
z_0095_544.088803.png,#e74c3c,304,0.353306,0.014132,0.040000
z_0095_544.088803.png,#edbb99,416,0.483471,0.019339,0.040000
z_0095_544.088803.png,#f1948a,71,0.082515,0.003301,0.040000
z_0095_544.088803.png,#f58231,3192,3.709711,0.148388,0.040000
z_0095_544.088803.png,#f7dc6f,53,0.061596,0.002464,0.040000
z_0095_544.088803.png,#f8c471,237,0.275439,0.011018,0.040000
z_0095_544.088803.png,#fad7a0,2502,2.907800,0.116312,0.040000
z_0096_545.100386.png,#0e6251,3806,4.423295,0.176932,0.040000
z_0096_545.100386.png,#117a65,710,0.825155,0.033006,0.040000
z_0096_545.100386.png,#154360,672,0.780992,0.031240,0.040000
z_0096_545.100386.png,#1b4f72,996,1.157541,0.046302,0.040000
z_0096_545.100386.png,#2ecc71,1612,1.873450,0.074938,0.040000
z_0096_545.100386.png,#48c9b0,22,0.025568,0.001023,0.040000
z_0096_545.100386.png,#4a235a,1245,1.446927,0.057877,0.040000
z_0096_545.100386.png,#512e5f,521,0.605501,0.024220,0.040000
z_0096_545.100386.png,#52be80,1109,1.288869,0.051555,0.040000
z_0096_545.100386.png,#5499c7,881,1.023889,0.040956,0.040000
z_0096_545.100386.png,#7b241c,490,0.569473,0.022779,0.040000
z_0096_545.100386.png,#82e0aa,921,1.070377,0.042815,0.040000
z_0096_545.100386.png,#85c1e9,1338,1.555010,0.062200,0.040000
z_0096_545.100386.png,#922b21,102,0.118543,0.004742,0.040000
z_0096_545.100386.png,#9a7d0a,1874,2.177944,0.087118,0.040000
z_0096_545.100386.png,#a3e4d7,478,0.555527,0.022221,0.040000
z_0096_545.100386.png,#a9cce3,4,0.004649,0.000186,0.040000
z_0096_545.100386.png,#af7ac5,125,0.145274,0.005811,0.040000
z_0096_545.100386.png,#b9770e,37,0.043001,0.001720,0.040000
z_0096_545.100386.png,#d2b4de,165,0.191761,0.007670,0.040000
z_0096_545.100386.png,#e59866,831,0.965780,0.038631,0.040000
z_0096_545.100386.png,#e74c3c,310,0.360279,0.014411,0.040000
z_0096_545.100386.png,#edbb99,389,0.452092,0.018084,0.040000
z_0096_545.100386.png,#f1948a,33,0.038352,0.001534,0.040000
z_0096_545.100386.png,#f58231,3157,3.669034,0.146761,0.040000
z_0096_545.100386.png,#f7dc6f,29,0.033704,0.001348,0.040000
z_0096_545.100386.png,#f8c471,215,0.249871,0.009995,0.040000
z_0096_545.100386.png,#fad7a0,2515,2.922908,0.116916,0.040000
z_0097_546.111969.png,#0e6251,3706,4.307076,0.172283,0.040000
z_0097_546.111969.png,#117a65,796,0.925103,0.037004,0.040000
z_0097_546.111969.png,#154360,666,0.774019,0.030961,0.040000
z_0097_546.111969.png,#1b4f72,1002,1.164514,0.046581,0.040000
z_0097_546.111969.png,#2ecc71,1644,1.910640,0.076426,0.040000
z_0097_546.111969.png,#48c9b0,17,0.019757,0.000790,0.040000
z_0097_546.111969.png,#4a235a,1182,1.373709,0.054948,0.040000
z_0097_546.111969.png,#512e5f,515,0.598528,0.023941,0.040000
z_0097_546.111969.png,#52be80,1033,1.200542,0.048022,0.040000
z_0097_546.111969.png,#5499c7,900,1.045971,0.041839,0.040000
z_0097_546.111969.png,#7b241c,491,0.570635,0.022825,0.040000
z_0097_546.111969.png,#82e0aa,919,1.068053,0.042722,0.040000
z_0097_546.111969.png,#85c1e9,1258,1.462035,0.058481,0.040000
z_0097_546.111969.png,#922b21,145,0.168518,0.006741,0.040000
z_0097_546.111969.png,#9a7d0a,2254,2.619576,0.104783,0.040000
z_0097_546.111969.png,#a3e4d7,483,0.561338,0.022454,0.040000
z_0097_546.111969.png,#a9cce3,6,0.006973,0.000279,0.040000
z_0097_546.111969.png,#af7ac5,116,0.134814,0.005393,0.040000
z_0097_546.111969.png,#b9770e,46,0.053461,0.002138,0.040000
z_0097_546.111969.png,#d2b4de,190,0.220816,0.008833,0.040000
z_0097_546.111969.png,#e59866,925,1.075026,0.043001,0.040000
z_0097_546.111969.png,#e74c3c,317,0.368414,0.014737,0.040000
z_0097_546.111969.png,#edbb99,376,0.436983,0.017479,0.040000
z_0097_546.111969.png,#f1948a,55,0.063920,0.002557,0.040000
z_0097_546.111969.png,#f58231,3101,3.603951,0.144158,0.040000
z_0097_546.111969.png,#f7dc6f,34,0.039514,0.001581,0.040000
z_0097_546.111969.png,#f8c471,227,0.263817,0.010553,0.040000
z_0097_546.111969.png,#fad7a0,2509,2.915935,0.116637,0.040000
z_0098_547.123552.png,#0e6251,3708,4.309401,0.172376,0.040000
z_0098_547.123552.png,#117a65,793,0.921617,0.036865,0.040000
z_0098_547.123552.png,#154360,662,0.769370,0.030775,0.040000
z_0098_547.123552.png,#1b4f72,1001,1.163352,0.046534,0.040000
z_0098_547.123552.png,#2ecc71,1646,1.912965,0.076519,0.040000
z_0098_547.123552.png,#48c9b0,18,0.020919,0.000837,0.040000
z_0098_547.123552.png,#4a235a,1175,1.365573,0.054623,0.040000
z_0098_547.123552.png,#512e5f,507,0.589230,0.023569,0.040000
z_0098_547.123552.png,#52be80,1028,1.194731,0.047789,0.040000
z_0098_547.123552.png,#5499c7,904,1.050620,0.042025,0.040000
z_0098_547.123552.png,#7b241c,496,0.576446,0.023058,0.040000
z_0098_547.123552.png,#82e0aa,921,1.070377,0.042815,0.040000
z_0098_547.123552.png,#85c1e9,1259,1.463197,0.058528,0.040000
z_0098_547.123552.png,#922b21,146,0.169680,0.006787,0.040000
z_0098_547.123552.png,#9a7d0a,2258,2.624225,0.104969,0.040000
z_0098_547.123552.png,#a3e4d7,482,0.560176,0.022407,0.040000
z_0098_547.123552.png,#a9cce3,4,0.004649,0.000186,0.040000
z_0098_547.123552.png,#af7ac5,117,0.135976,0.005439,0.040000
z_0098_547.123552.png,#b9770e,46,0.053461,0.002138,0.040000
z_0098_547.123552.png,#cb4335,3,0.003487,0.000139,0.040000
z_0098_547.123552.png,#d2b4de,194,0.225465,0.009019,0.040000
z_0098_547.123552.png,#e59866,933,1.084323,0.043373,0.040000
z_0098_547.123552.png,#e74c3c,318,0.369576,0.014783,0.040000
z_0098_547.123552.png,#edbb99,374,0.434659,0.017386,0.040000
z_0098_547.123552.png,#f1948a,56,0.065083,0.002603,0.040000
z_0098_547.123552.png,#f58231,3092,3.593492,0.143740,0.040000
z_0098_547.123552.png,#f7dc6f,34,0.039514,0.001581,0.040000
z_0098_547.123552.png,#f8c471,216,0.251033,0.010041,0.040000
z_0098_547.123552.png,#fad7a0,2514,2.921746,0.116870,0.040000
z_0099_548.135135.png,#0e6251,3154,3.665548,0.146622,0.040000
z_0099_548.135135.png,#117a65,986,1.145919,0.045837,0.040000
z_0099_548.135135.png,#154360,574,0.667097,0.026684,0.040000
z_0099_548.135135.png,#1b4f72,1036,1.204029,0.048161,0.040000
z_0099_548.135135.png,#2ecc71,1634,1.899019,0.075961,0.040000
z_0099_548.135135.png,#48c9b0,21,0.024406,0.000976,0.040000
z_0099_548.135135.png,#4a235a,1117,1.298166,0.051927,0.040000
z_0099_548.135135.png,#512e5f,541,0.628745,0.025150,0.040000
z_0099_548.135135.png,#52be80,903,1.049458,0.041978,0.040000
z_0099_548.135135.png,#5499c7,917,1.065728,0.042629,0.040000
z_0099_548.135135.png,#7b241c,378,0.439308,0.017572,0.040000
z_0099_548.135135.png,#82e0aa,873,1.014592,0.040584,0.040000
z_0099_548.135135.png,#85c1e9,1180,1.371384,0.054855,0.040000
z_0099_548.135135.png,#922b21,193,0.224303,0.008972,0.040000
z_0099_548.135135.png,#9a7d0a,2657,3.087939,0.123518,0.040000
z_0099_548.135135.png,#a3e4d7,459,0.533445,0.021338,0.040000
z_0099_548.135135.png,#a9cce3,3,0.003487,0.000139,0.040000
z_0099_548.135135.png,#af7ac5,93,0.108084,0.004323,0.040000
z_0099_548.135135.png,#b9770e,52,0.060434,0.002417,0.040000
z_0099_548.135135.png,#d2b4de,192,0.223140,0.008926,0.040000
z_0099_548.135135.png,#e59866,1022,1.187758,0.047510,0.040000
z_0099_548.135135.png,#e74c3c,305,0.354468,0.014179,0.040000
z_0099_548.135135.png,#edbb99,385,0.447443,0.017898,0.040000
z_0099_548.135135.png,#f1948a,63,0.073218,0.002929,0.040000
z_0099_548.135135.png,#f58231,2882,3.349432,0.133977,0.040000
z_0099_548.135135.png,#f7dc6f,43,0.049974,0.001999,0.040000
z_0099_548.135135.png,#f8c471,147,0.170842,0.006834,0.040000
z_0099_548.135135.png,#fad7a0,2357,2.739282,0.109571,0.040000
z_0100_549.146718.png,#0e6251,2853,3.315728,0.132629,0.040000
z_0100_549.146718.png,#117a65,1082,1.257490,0.050300,0.040000
z_0100_549.146718.png,#154360,551,0.640367,0.025615,0.040000
z_0100_549.146718.png,#1b4f72,1038,1.206353,0.048254,0.040000
z_0100_549.146718.png,#2ecc71,1592,1.850207,0.074008,0.040000
z_0100_549.146718.png,#48c9b0,26,0.030217,0.001209,0.040000
z_0100_549.146718.png,#4a235a,1090,1.266787,0.050671,0.040000
z_0100_549.146718.png,#512e5f,526,0.611312,0.024452,0.040000
z_0100_549.146718.png,#52be80,928,1.078512,0.043140,0.040000
z_0100_549.146718.png,#5499c7,924,1.073864,0.042955,0.040000
z_0100_549.146718.png,#7b241c,370,0.430010,0.017200,0.040000
z_0100_549.146718.png,#82e0aa,860,0.999483,0.039979,0.040000
z_0100_549.146718.png,#85c1e9,1218,1.415548,0.056622,0.040000
z_0100_549.146718.png,#922b21,187,0.217330,0.008693,0.040000
z_0100_549.146718.png,#9a7d0a,2827,3.285511,0.131420,0.040000
z_0100_549.146718.png,#a3e4d7,460,0.534607,0.021384,0.040000
z_0100_549.146718.png,#a9cce3,4,0.004649,0.000186,0.040000
z_0100_549.146718.png,#af7ac5,83,0.096462,0.003858,0.040000
z_0100_549.146718.png,#b9770e,55,0.063920,0.002557,0.040000
z_0100_549.146718.png,#d2b4de,216,0.251033,0.010041,0.040000
z_0100_549.146718.png,#e59866,1023,1.188920,0.047557,0.040000
z_0100_549.146718.png,#e74c3c,306,0.355630,0.014225,0.040000
z_0100_549.146718.png,#edbb99,378,0.439308,0.017572,0.040000
z_0100_549.146718.png,#f1948a,70,0.081353,0.003254,0.040000
z_0100_549.146718.png,#f58231,2877,3.343621,0.133745,0.040000
z_0100_549.146718.png,#f7dc6f,91,0.105759,0.004230,0.040000
z_0100_549.146718.png,#f8c471,163,0.189437,0.007577,0.040000
z_0100_549.146718.png,#fad7a0,2265,2.632361,0.105294,0.040000
z_0101_550.158301.png,#0e6251,2566,2.982180,0.119287,0.040000
z_0101_550.158301.png,#117a65,1176,1.366736,0.054669,0.040000
z_0101_550.158301.png,#145a32,836,0.971591,0.038864,0.040000
z_0101_550.158301.png,#154360,544,0.632231,0.025289,0.040000
z_0101_550.158301.png,#196f3d,5,0.005811,0.000232,0.040000
z_0101_550.158301.png,#1b4f72,1048,1.217975,0.048719,0.040000
z_0101_550.158301.png,#2ecc71,1563,1.816503,0.072660,0.040000
z_0101_550.158301.png,#48c9b0,36,0.041839,0.001674,0.040000
z_0101_550.158301.png,#4a235a,1178,1.369060,0.054762,0.040000
z_0101_550.158301.png,#512e5f,538,0.625258,0.025010,0.040000
z_0101_550.158301.png,#52be80,894,1.038998,0.041560,0.040000
z_0101_550.158301.png,#5499c7,868,1.008781,0.040351,0.040000
z_0101_550.158301.png,#7b241c,380,0.441632,0.017665,0.040000
z_0101_550.158301.png,#82e0aa,872,1.013430,0.040537,0.040000
z_0101_550.158301.png,#85c1e9,1271,1.477144,0.059086,0.040000
z_0101_550.158301.png,#922b21,179,0.208032,0.008321,0.040000
z_0101_550.158301.png,#9a7d0a,2892,3.361054,0.134442,0.040000
z_0101_550.158301.png,#a3e4d7,475,0.552040,0.022082,0.040000
z_0101_550.158301.png,#a9cce3,4,0.004649,0.000186,0.040000
z_0101_550.158301.png,#af7ac5,95,0.110408,0.004416,0.040000
z_0101_550.158301.png,#b9770e,63,0.073218,0.002929,0.040000
z_0101_550.158301.png,#d2b4de,232,0.269628,0.010785,0.040000
z_0101_550.158301.png,#e59866,792,0.920455,0.036818,0.040000
z_0101_550.158301.png,#e74c3c,326,0.378874,0.015155,0.040000
z_0101_550.158301.png,#edbb99,368,0.427686,0.017107,0.040000
z_0101_550.158301.png,#f1948a,86,0.099948,0.003998,0.040000
z_0101_550.158301.png,#f58231,2766,3.214618,0.128585,0.040000
z_0101_550.158301.png,#f7dc6f,94,0.109246,0.004370,0.040000
z_0101_550.158301.png,#f8c471,163,0.189437,0.007577,0.040000
z_0101_550.158301.png,#fad7a0,2153,2.502195,0.100088,0.040000
z_0102_551.169884.png,#0e6251,2416,2.807851,0.112314,0.040000
z_0102_551.169884.png,#117a65,1244,1.445764,0.057831,0.040000
z_0102_551.169884.png,#145a32,796,0.925103,0.037004,0.040000
z_0102_551.169884.png,#154360,557,0.647340,0.025894,0.040000
z_0102_551.169884.png,#196f3d,33,0.038352,0.001534,0.040000
z_0102_551.169884.png,#1b4f72,1067,1.240057,0.049602,0.040000
z_0102_551.169884.png,#2ecc71,1506,1.750258,0.070010,0.040000
z_0102_551.169884.png,#48c9b0,41,0.047650,0.001906,0.040000
z_0102_551.169884.png,#4a235a,1240,1.441116,0.057645,0.040000
z_0102_551.169884.png,#512e5f,545,0.633394,0.025336,0.040000
z_0102_551.169884.png,#52be80,802,0.932076,0.037283,0.040000
z_0102_551.169884.png,#5499c7,834,0.969267,0.038771,0.040000
z_0102_551.169884.png,#7b241c,379,0.440470,0.017619,0.040000
z_0102_551.169884.png,#82e0aa,867,1.007619,0.040305,0.040000
z_0102_551.169884.png,#85c1e9,1329,1.544551,0.061782,0.040000
z_0102_551.169884.png,#922b21,186,0.216167,0.008647,0.040000
z_0102_551.169884.png,#9a7d0a,2948,3.426136,0.137045,0.040000
z_0102_551.169884.png,#a3e4d7,439,0.510201,0.020408,0.040000
z_0102_551.169884.png,#a9cce3,3,0.003487,0.000139,0.040000
z_0102_551.169884.png,#af7ac5,83,0.096462,0.003858,0.040000
z_0102_551.169884.png,#b9770e,61,0.070894,0.002836,0.040000
z_0102_551.169884.png,#d2b4de,257,0.298683,0.011947,0.040000
z_0102_551.169884.png,#e59866,640,0.743802,0.029752,0.040000
z_0102_551.169884.png,#e74c3c,345,0.400956,0.016038,0.040000
z_0102_551.169884.png,#edbb99,385,0.447443,0.017898,0.040000
z_0102_551.169884.png,#f1948a,90,0.104597,0.004184,0.040000
z_0102_551.169884.png,#f58231,2699,3.136751,0.125470,0.040000
z_0102_551.169884.png,#f7dc6f,96,0.111570,0.004463,0.040000
z_0102_551.169884.png,#f8c471,174,0.202221,0.008089,0.040000
z_0102_551.169884.png,#fad7a0,2060,2.394112,0.095764,0.040000
z_0103_552.181467.png,#0e6251,2265,2.632361,0.105294,0.040000
z_0103_552.181467.png,#117a65,1333,1.549199,0.061968,0.040000
z_0103_552.181467.png,#145a32,764,0.887913,0.035517,0.040000
z_0103_552.181467.png,#154360,547,0.635718,0.025429,0.040000
z_0103_552.181467.png,#196f3d,202,0.234762,0.009390,0.040000
z_0103_552.181467.png,#1b4f72,1084,1.259814,0.050393,0.040000
z_0103_552.181467.png,#2ecc71,1436,1.668905,0.066756,0.040000
z_0103_552.181467.png,#48c9b0,40,0.046488,0.001860,0.040000
z_0103_552.181467.png,#4a235a,1392,1.617769,0.064711,0.040000
z_0103_552.181467.png,#512e5f,541,0.628745,0.025150,0.040000
z_0103_552.181467.png,#52be80,835,0.970429,0.038817,0.040000
z_0103_552.181467.png,#5499c7,867,1.007619,0.040305,0.040000
z_0103_552.181467.png,#7b241c,332,0.385847,0.015434,0.040000
z_0103_552.181467.png,#82e0aa,816,0.948347,0.037934,0.040000
z_0103_552.181467.png,#85c1e9,1432,1.664256,0.066570,0.040000
z_0103_552.181467.png,#922b21,188,0.218492,0.008740,0.040000
z_0103_552.181467.png,#9a7d0a,3051,3.545842,0.141834,0.040000
z_0103_552.181467.png,#a3e4d7,428,0.497417,0.019897,0.040000
z_0103_552.181467.png,#a9cce3,5,0.005811,0.000232,0.040000
z_0103_552.181467.png,#af7ac5,63,0.073218,0.002929,0.040000
z_0103_552.181467.png,#b9770e,60,0.069731,0.002789,0.040000
z_0103_552.181467.png,#d2b4de,250,0.290548,0.011622,0.040000
z_0103_552.181467.png,#e59866,512,0.595041,0.023802,0.040000
z_0103_552.181467.png,#e74c3c,364,0.423037,0.016921,0.040000
z_0103_552.181467.png,#edbb99,394,0.457903,0.018316,0.040000
z_0103_552.181467.png,#f1948a,105,0.122030,0.004881,0.040000
z_0103_552.181467.png,#f58231,2584,3.003099,0.120124,0.040000
z_0103_552.181467.png,#f7dc6f,94,0.109246,0.004370,0.040000
z_0103_552.181467.png,#f8c471,157,0.182464,0.007299,0.040000
z_0103_552.181467.png,#fad7a0,1994,2.317407,0.092696,0.040000
z_0104_553.193050.png,#0e6251,1824,2.119835,0.084793,0.040000
z_0104_553.193050.png,#117a65,1471,1.709582,0.068383,0.040000
z_0104_553.193050.png,#145a32,716,0.832128,0.033285,0.040000
z_0104_553.193050.png,#154360,479,0.556689,0.022268,0.040000
z_0104_553.193050.png,#196f3d,358,0.416064,0.016643,0.040000
z_0104_553.193050.png,#1b4f72,1047,1.216813,0.048673,0.040000
z_0104_553.193050.png,#2ecc71,1240,1.441116,0.057645,0.040000
z_0104_553.193050.png,#48c9b0,35,0.040677,0.001627,0.040000
z_0104_553.193050.png,#4a235a,1504,1.747934,0.069917,0.040000
z_0104_553.193050.png,#512e5f,530,0.615961,0.024638,0.040000
z_0104_553.193050.png,#52be80,854,0.992510,0.039700,0.040000
z_0104_553.193050.png,#5499c7,818,0.950671,0.038027,0.040000
z_0104_553.193050.png,#7b241c,292,0.339360,0.013574,0.040000
z_0104_553.193050.png,#82e0aa,683,0.793776,0.031751,0.040000
z_0104_553.193050.png,#85c1e9,1470,1.708419,0.068337,0.040000
z_0104_553.193050.png,#922b21,184,0.213843,0.008554,0.040000
z_0104_553.193050.png,#9a7d0a,3053,3.548166,0.141927,0.040000
z_0104_553.193050.png,#a3e4d7,424,0.492769,0.019711,0.040000
z_0104_553.193050.png,#a9cce3,11,0.012784,0.000511,0.040000
z_0104_553.193050.png,#af7ac5,64,0.074380,0.002975,0.040000
z_0104_553.193050.png,#b9770e,79,0.091813,0.003673,0.040000
z_0104_553.193050.png,#d2b4de,252,0.292872,0.011715,0.040000
z_0104_553.193050.png,#e59866,575,0.668259,0.026730,0.040000
z_0104_553.193050.png,#e74c3c,368,0.427686,0.017107,0.040000
z_0104_553.193050.png,#edbb99,398,0.462552,0.018502,0.040000
z_0104_553.193050.png,#f1948a,115,0.133652,0.005346,0.040000
z_0104_553.193050.png,#f58231,2455,2.853177,0.114127,0.040000
z_0104_553.193050.png,#f7dc6f,112,0.130165,0.005207,0.040000
z_0104_553.193050.png,#f8c471,147,0.170842,0.006834,0.040000
z_0104_553.193050.png,#fad7a0,1924,2.236054,0.089442,0.040000
z_0105_554.204633.png,#0e6251,1445,1.679365,0.067175,0.040000
z_0105_554.204633.png,#117a65,1527,1.774664,0.070987,0.040000
z_0105_554.204633.png,#145a32,714,0.829804,0.033192,0.040000
z_0105_554.204633.png,#154360,490,0.569473,0.022779,0.040000
z_0105_554.204633.png,#196f3d,428,0.497417,0.019897,0.040000
z_0105_554.204633.png,#1b4f72,1109,1.288869,0.051555,0.040000
z_0105_554.204633.png,#2ecc71,1204,1.399277,0.055971,0.040000
z_0105_554.204633.png,#48c9b0,47,0.054623,0.002185,0.040000
z_0105_554.204633.png,#4a235a,1596,1.854855,0.074194,0.040000
z_0105_554.204633.png,#512e5f,511,0.593879,0.023755,0.040000
z_0105_554.204633.png,#52be80,900,1.045971,0.041839,0.040000
z_0105_554.204633.png,#5499c7,843,0.979726,0.039189,0.040000
z_0105_554.204633.png,#7b241c,299,0.347495,0.013900,0.040000
z_0105_554.204633.png,#82e0aa,603,0.700801,0.028032,0.040000
z_0105_554.204633.png,#85c1e9,1567,1.821152,0.072846,0.040000
z_0105_554.204633.png,#922b21,176,0.204545,0.008182,0.040000
z_0105_554.204633.png,#9a7d0a,3759,4.368673,0.174747,0.040000
z_0105_554.204633.png,#a3e4d7,422,0.490444,0.019618,0.040000
z_0105_554.204633.png,#a9cce3,5,0.005811,0.000232,0.040000
z_0105_554.204633.png,#af7ac5,57,0.066245,0.002650,0.040000
z_0105_554.204633.png,#b9770e,90,0.104597,0.004184,0.040000
z_0105_554.204633.png,#d2b4de,266,0.309143,0.012366,0.040000
z_0105_554.204633.png,#e59866,662,0.769370,0.030775,0.040000
z_0105_554.204633.png,#e74c3c,371,0.431173,0.017247,0.040000
z_0105_554.204633.png,#edbb99,395,0.459065,0.018363,0.040000
z_0105_554.204633.png,#f1948a,123,0.142949,0.005718,0.040000
z_0105_554.204633.png,#f58231,2389,2.776472,0.111059,0.040000
z_0105_554.204633.png,#f7dc6f,146,0.169680,0.006787,0.040000
z_0105_554.204633.png,#f8c471,159,0.184788,0.007392,0.040000
z_0105_554.204633.png,#fad7a0,1916,2.226756,0.089070,0.040000
z_0106_555.216216.png,#0e6251,1434,1.666581,0.066663,0.040000
z_0106_555.216216.png,#117a65,1604,1.864153,0.074566,0.040000
z_0106_555.216216.png,#145a32,711,0.826317,0.033053,0.040000
z_0106_555.216216.png,#154360,463,0.538094,0.021524,0.040000
z_0106_555.216216.png,#1b4f72,1101,1.279571,0.051183,0.040000
z_0106_555.216216.png,#2ecc71,1082,1.257490,0.050300,0.040000
z_0106_555.216216.png,#48c9b0,52,0.060434,0.002417,0.040000
z_0106_555.216216.png,#4a235a,1883,2.188404,0.087536,0.040000
z_0106_555.216216.png,#512e5f,482,0.560176,0.022407,0.040000
z_0106_555.216216.png,#52be80,881,1.023889,0.040956,0.040000
z_0106_555.216216.png,#5499c7,867,1.007619,0.040305,0.040000
z_0106_555.216216.png,#7b241c,304,0.353306,0.014132,0.040000
z_0106_555.216216.png,#82e0aa,610,0.708936,0.028357,0.040000
z_0106_555.216216.png,#85c1e9,1715,1.993156,0.079726,0.040000
z_0106_555.216216.png,#922b21,192,0.223140,0.008926,0.040000
z_0106_555.216216.png,#9a7d0a,3809,4.426782,0.177071,0.040000
z_0106_555.216216.png,#a3e4d7,405,0.470687,0.018827,0.040000
z_0106_555.216216.png,#a9cce3,6,0.006973,0.000279,0.040000
z_0106_555.216216.png,#af7ac5,51,0.059272,0.002371,0.040000
z_0106_555.216216.png,#b9770e,101,0.117381,0.004695,0.040000
z_0106_555.216216.png,#d2b4de,267,0.310305,0.012412,0.040000
z_0106_555.216216.png,#e59866,713,0.828642,0.033146,0.040000
z_0106_555.216216.png,#e74c3c,401,0.466038,0.018642,0.040000
z_0106_555.216216.png,#edbb99,360,0.418388,0.016736,0.040000
z_0106_555.216216.png,#f1948a,119,0.138301,0.005532,0.040000
z_0106_555.216216.png,#f58231,2436,2.831095,0.113244,0.040000
z_0106_555.216216.png,#f7dc6f,147,0.170842,0.006834,0.040000
z_0106_555.216216.png,#f8c471,159,0.184788,0.007392,0.040000
z_0106_555.216216.png,#fad7a0,1867,2.169809,0.086792,0.040000
z_0107_556.227799.png,#0e6251,1419,1.649148,0.065966,0.040000
z_0107_556.227799.png,#117a65,1567,1.821152,0.072846,0.040000
z_0107_556.227799.png,#145a32,687,0.798425,0.031937,0.040000
z_0107_556.227799.png,#154360,469,0.545067,0.021803,0.040000
z_0107_556.227799.png,#1b4f72,1094,1.271436,0.050857,0.040000
z_0107_556.227799.png,#2ecc71,1029,1.195894,0.047836,0.040000
z_0107_556.227799.png,#48c9b0,54,0.062758,0.002510,0.040000
z_0107_556.227799.png,#4a235a,2101,2.441761,0.097670,0.040000
z_0107_556.227799.png,#512e5f,485,0.563662,0.022546,0.040000
z_0107_556.227799.png,#52be80,779,0.905346,0.036214,0.040000
z_0107_556.227799.png,#5499c7,967,1.123838,0.044954,0.040000
z_0107_556.227799.png,#7b241c,297,0.345170,0.013807,0.040000
z_0107_556.227799.png,#82e0aa,593,0.689179,0.027567,0.040000
z_0107_556.227799.png,#85c1e9,1783,2.072185,0.082887,0.040000
z_0107_556.227799.png,#922b21,198,0.230114,0.009205,0.040000
z_0107_556.227799.png,#9a7d0a,3716,4.318698,0.172748,0.040000
z_0107_556.227799.png,#a3e4d7,383,0.445119,0.017805,0.040000
z_0107_556.227799.png,#a9cce3,7,0.008135,0.000325,0.040000
z_0107_556.227799.png,#af7ac5,66,0.076705,0.003068,0.040000
z_0107_556.227799.png,#b9770e,99,0.115057,0.004602,0.040000
z_0107_556.227799.png,#d2b4de,259,0.301007,0.012040,0.040000
z_0107_556.227799.png,#e59866,769,0.893724,0.035749,0.040000
z_0107_556.227799.png,#e74c3c,419,0.486958,0.019478,0.040000
z_0107_556.227799.png,#edbb99,348,0.404442,0.016178,0.040000
z_0107_556.227799.png,#f1948a,116,0.134814,0.005393,0.040000
z_0107_556.227799.png,#f58231,2431,2.825284,0.113011,0.040000
z_0107_556.227799.png,#f7dc6f,154,0.178977,0.007159,0.040000
z_0107_556.227799.png,#f8c471,158,0.183626,0.007345,0.040000
z_0107_556.227799.png,#fad7a0,1682,1.954804,0.078192,0.040000
z_0108_557.239382.png,#0e6251,1423,1.653796,0.066152,0.040000
z_0108_557.239382.png,#117a65,1569,1.823476,0.072939,0.040000
z_0108_557.239382.png,#145a32,687,0.798425,0.031937,0.040000
z_0108_557.239382.png,#154360,477,0.554365,0.022175,0.040000
z_0108_557.239382.png,#1b4f72,1096,1.273760,0.050950,0.040000
z_0108_557.239382.png,#2ecc71,1026,1.192407,0.047696,0.040000
z_0108_557.239382.png,#48c9b0,54,0.062758,0.002510,0.040000
z_0108_557.239382.png,#4a235a,2108,2.449897,0.097996,0.040000
z_0108_557.239382.png,#512e5f,484,0.562500,0.022500,0.040000
z_0108_557.239382.png,#52be80,776,0.901860,0.036074,0.040000
z_0108_557.239382.png,#5499c7,966,1.122676,0.044907,0.040000
z_0108_557.239382.png,#7b241c,289,0.335873,0.013435,0.040000
z_0108_557.239382.png,#82e0aa,597,0.693827,0.027753,0.040000
z_0108_557.239382.png,#85c1e9,1779,2.067536,0.082701,0.040000
z_0108_557.239382.png,#922b21,203,0.235925,0.009437,0.040000
z_0108_557.239382.png,#9a7d0a,3709,4.310563,0.172423,0.040000
z_0108_557.239382.png,#a3e4d7,383,0.445119,0.017805,0.040000
z_0108_557.239382.png,#a9cce3,8,0.009298,0.000372,0.040000
z_0108_557.239382.png,#af7ac5,65,0.075542,0.003022,0.040000
z_0108_557.239382.png,#b9770e,102,0.118543,0.004742,0.040000
z_0108_557.239382.png,#d2b4de,253,0.294034,0.011761,0.040000
z_0108_557.239382.png,#e59866,774,0.899535,0.035981,0.040000
z_0108_557.239382.png,#e74c3c,420,0.488120,0.019525,0.040000
z_0108_557.239382.png,#edbb99,351,0.407929,0.016317,0.040000
z_0108_557.239382.png,#f1948a,120,0.139463,0.005579,0.040000
z_0108_557.239382.png,#f58231,2422,2.814824,0.112593,0.040000
z_0108_557.239382.png,#f7dc6f,151,0.175491,0.007020,0.040000
z_0108_557.239382.png,#f8c471,161,0.187113,0.007485,0.040000
z_0108_557.239382.png,#fad7a0,1686,1.959452,0.078378,0.040000
z_0109_558.250965.png,#0e6251,1412,1.641012,0.065640,0.040000
z_0109_558.250965.png,#117a65,1581,1.837423,0.073497,0.040000
z_0109_558.250965.png,#145a32,668,0.776343,0.031054,0.040000
z_0109_558.250965.png,#154360,477,0.554365,0.022175,0.040000
z_0109_558.250965.png,#1b4f72,1041,1.209840,0.048394,0.040000
z_0109_558.250965.png,#2ecc71,948,1.101756,0.044070,0.040000
z_0109_558.250965.png,#48c9b0,83,0.096462,0.003858,0.040000
z_0109_558.250965.png,#4a235a,2598,3.019370,0.120775,0.040000
z_0109_558.250965.png,#512e5f,478,0.555527,0.022221,0.040000
z_0109_558.250965.png,#52be80,566,0.657800,0.026312,0.040000
z_0109_558.250965.png,#5499c7,1027,1.193569,0.047743,0.040000
z_0109_558.250965.png,#7b241c,420,0.488120,0.019525,0.040000
z_0109_558.250965.png,#82e0aa,541,0.628745,0.025150,0.040000
z_0109_558.250965.png,#85c1e9,2101,2.441761,0.097670,0.040000
z_0109_558.250965.png,#922b21,196,0.227789,0.009112,0.040000
z_0109_558.250965.png,#9a7d0a,3600,4.183884,0.167355,0.040000
z_0109_558.250965.png,#a3e4d7,355,0.412577,0.016503,0.040000
z_0109_558.250965.png,#a9cce3,10,0.011622,0.000465,0.040000
z_0109_558.250965.png,#af7ac5,100,0.116219,0.004649,0.040000
z_0109_558.250965.png,#b9770e,118,0.137138,0.005486,0.040000
z_0109_558.250965.png,#d2b4de,265,0.307980,0.012319,0.040000
z_0109_558.250965.png,#e59866,819,0.951834,0.038073,0.040000
z_0109_558.250965.png,#e74c3c,453,0.526472,0.021059,0.040000
z_0109_558.250965.png,#edbb99,451,0.524148,0.020966,0.040000
z_0109_558.250965.png,#f1948a,120,0.139463,0.005579,0.040000
z_0109_558.250965.png,#f58231,2415,2.806689,0.112268,0.040000
z_0109_558.250965.png,#f7dc6f,109,0.126679,0.005067,0.040000
z_0109_558.250965.png,#f8c471,228,0.264979,0.010599,0.040000
z_0109_558.250965.png,#fad7a0,1553,1.804881,0.072195,0.040000
z_0110_559.262548.png,#0e6251,1398,1.624742,0.064990,0.040000
z_0110_559.262548.png,#117a65,1571,1.825801,0.073032,0.040000
z_0110_559.262548.png,#145a32,656,0.762397,0.030496,0.040000
z_0110_559.262548.png,#154360,493,0.572960,0.022918,0.040000
z_0110_559.262548.png,#1b4f72,1080,1.255165,0.050207,0.040000
z_0110_559.262548.png,#2ecc71,930,1.080837,0.043233,0.040000
z_0110_559.262548.png,#48c9b0,131,0.152247,0.006090,0.040000
z_0110_559.262548.png,#4a235a,2785,3.236699,0.129468,0.040000
z_0110_559.262548.png,#512e5f,455,0.528796,0.021152,0.040000
z_0110_559.262548.png,#52be80,418,0.485795,0.019432,0.040000
z_0110_559.262548.png,#5499c7,1170,1.359762,0.054390,0.040000
z_0110_559.262548.png,#7b241c,412,0.478822,0.019153,0.040000
z_0110_559.262548.png,#82e0aa,507,0.589230,0.023569,0.040000
z_0110_559.262548.png,#85c1e9,2251,2.616090,0.104644,0.040000
z_0110_559.262548.png,#922b21,188,0.218492,0.008740,0.040000
z_0110_559.262548.png,#9a7d0a,3242,3.767820,0.150713,0.040000
z_0110_559.262548.png,#a3e4d7,321,0.373063,0.014923,0.040000
z_0110_559.262548.png,#a9cce3,20,0.023244,0.000930,0.040000
z_0110_559.262548.png,#af7ac5,118,0.137138,0.005486,0.040000
z_0110_559.262548.png,#b9770e,129,0.149923,0.005997,0.040000
z_0110_559.262548.png,#d2b4de,256,0.297521,0.011901,0.040000
z_0110_559.262548.png,#e59866,840,0.976240,0.039050,0.040000
z_0110_559.262548.png,#e74c3c,458,0.532283,0.021291,0.040000
z_0110_559.262548.png,#edbb99,554,0.643853,0.025754,0.040000
z_0110_559.262548.png,#f1948a,111,0.129003,0.005160,0.040000
z_0110_559.262548.png,#f58231,2489,2.892691,0.115708,0.040000
z_0110_559.262548.png,#f7dc6f,108,0.125517,0.005021,0.040000
z_0110_559.262548.png,#f8c471,293,0.340522,0.013621,0.040000
z_0110_559.262548.png,#fad7a0,1480,1.720041,0.068802,0.040000
z_0111_560.274131.png,#0e6251,1399,1.625904,0.065036,0.040000
z_0111_560.274131.png,#117a65,1569,1.823476,0.072939,0.040000
z_0111_560.274131.png,#145a32,656,0.762397,0.030496,0.040000
z_0111_560.274131.png,#154360,496,0.576446,0.023058,0.040000
z_0111_560.274131.png,#1b4f72,1081,1.256327,0.050253,0.040000
z_0111_560.274131.png,#2ecc71,938,1.090134,0.043605,0.040000
z_0111_560.274131.png,#48c9b0,131,0.152247,0.006090,0.040000
z_0111_560.274131.png,#4a235a,2784,3.235537,0.129421,0.040000
z_0111_560.274131.png,#512e5f,453,0.526472,0.021059,0.040000
z_0111_560.274131.png,#52be80,419,0.486958,0.019478,0.040000
z_0111_560.274131.png,#5499c7,1175,1.365573,0.054623,0.040000
z_0111_560.274131.png,#7b241c,412,0.478822,0.019153,0.040000
z_0111_560.274131.png,#82e0aa,505,0.586906,0.023476,0.040000
z_0111_560.274131.png,#85c1e9,2240,2.603306,0.104132,0.040000
z_0111_560.274131.png,#922b21,187,0.217330,0.008693,0.040000
z_0111_560.274131.png,#9a7d0a,3246,3.772469,0.150899,0.040000
z_0111_560.274131.png,#a3e4d7,318,0.369576,0.014783,0.040000
z_0111_560.274131.png,#a9cce3,16,0.018595,0.000744,0.040000
z_0111_560.274131.png,#af7ac5,119,0.138301,0.005532,0.040000
z_0111_560.274131.png,#b9770e,130,0.151085,0.006043,0.040000
z_0111_560.274131.png,#d2b4de,261,0.303332,0.012133,0.040000
z_0111_560.274131.png,#e59866,839,0.975077,0.039003,0.040000
z_0111_560.274131.png,#e74c3c,461,0.535770,0.021431,0.040000
z_0111_560.274131.png,#edbb99,551,0.640367,0.025615,0.040000
z_0111_560.274131.png,#f1948a,112,0.130165,0.005207,0.040000
z_0111_560.274131.png,#f58231,2492,2.896178,0.115847,0.040000
z_0111_560.274131.png,#f7dc6f,107,0.124354,0.004974,0.040000
z_0111_560.274131.png,#f8c471,295,0.342846,0.013714,0.040000
z_0111_560.274131.png,#fad7a0,1478,1.717717,0.068709,0.040000
z_0112_561.285714.png,#0e6251,1299,1.509685,0.060387,0.040000
z_0112_561.285714.png,#117a65,1425,1.656121,0.066245,0.040000
z_0112_561.285714.png,#145a32,659,0.765883,0.030635,0.040000
z_0112_561.285714.png,#154360,553,0.642691,0.025708,0.040000
z_0112_561.285714.png,#1b4f72,1039,1.207515,0.048301,0.040000
z_0112_561.285714.png,#2ecc71,793,0.921617,0.036865,0.040000
z_0112_561.285714.png,#48c9b0,264,0.306818,0.012273,0.040000
z_0112_561.285714.png,#4a235a,3201,3.720170,0.148807,0.040000
z_0112_561.285714.png,#512e5f,403,0.468363,0.018735,0.040000
z_0112_561.285714.png,#52be80,251,0.291710,0.011668,0.040000
z_0112_561.285714.png,#5499c7,1733,2.014075,0.080563,0.040000
z_0112_561.285714.png,#7b241c,584,0.678719,0.027149,0.040000
z_0112_561.285714.png,#82e0aa,413,0.479985,0.019199,0.040000
z_0112_561.285714.png,#85c1e9,2911,3.383135,0.135325,0.040000
z_0112_561.285714.png,#922b21,195,0.226627,0.009065,0.040000
z_0112_561.285714.png,#9a7d0a,2439,2.834582,0.113383,0.040000
z_0112_561.285714.png,#a3e4d7,243,0.282412,0.011296,0.040000
z_0112_561.285714.png,#a9cce3,10,0.011622,0.000465,0.040000
z_0112_561.285714.png,#af7ac5,201,0.233600,0.009344,0.040000
z_0112_561.285714.png,#b9770e,186,0.216167,0.008647,0.040000
z_0112_561.285714.png,#cb4335,53,0.061596,0.002464,0.040000
z_0112_561.285714.png,#d2b4de,279,0.324251,0.012970,0.040000
z_0112_561.285714.png,#e59866,834,0.969267,0.038771,0.040000
z_0112_561.285714.png,#e74c3c,534,0.620610,0.024824,0.040000
z_0112_561.285714.png,#edbb99,970,1.127324,0.045093,0.040000
z_0112_561.285714.png,#f1948a,115,0.133652,0.005346,0.040000
z_0112_561.285714.png,#f58231,2708,3.147211,0.125888,0.040000
z_0112_561.285714.png,#f7dc6f,165,0.191761,0.007670,0.040000
z_0112_561.285714.png,#f8c471,483,0.561338,0.022454,0.040000
z_0112_561.285714.png,#fad7a0,958,1.113378,0.044535,0.040000
z_0113_562.297297.png,#0e6251,1304,1.515496,0.060620,0.040000
z_0113_562.297297.png,#117a65,1424,1.654959,0.066198,0.040000
z_0113_562.297297.png,#145a32,659,0.765883,0.030635,0.040000
z_0113_562.297297.png,#154360,552,0.641529,0.025661,0.040000
z_0113_562.297297.png,#1b4f72,1037,1.205191,0.048208,0.040000
z_0113_562.297297.png,#2ecc71,786,0.913481,0.036539,0.040000
z_0113_562.297297.png,#48c9b0,264,0.306818,0.012273,0.040000
z_0113_562.297297.png,#4a235a,3208,3.728306,0.149132,0.040000
z_0113_562.297297.png,#512e5f,403,0.468363,0.018735,0.040000
z_0113_562.297297.png,#52be80,252,0.292872,0.011715,0.040000
z_0113_562.297297.png,#5499c7,1732,2.012913,0.080517,0.040000
z_0113_562.297297.png,#7b241c,588,0.683368,0.027335,0.040000
z_0113_562.297297.png,#82e0aa,412,0.478822,0.019153,0.040000
z_0113_562.297297.png,#85c1e9,2912,3.384298,0.135372,0.040000
z_0113_562.297297.png,#922b21,195,0.226627,0.009065,0.040000
z_0113_562.297297.png,#9a7d0a,2439,2.834582,0.113383,0.040000
z_0113_562.297297.png,#a3e4d7,241,0.280088,0.011204,0.040000
z_0113_562.297297.png,#a9cce3,6,0.006973,0.000279,0.040000
z_0113_562.297297.png,#af7ac5,201,0.233600,0.009344,0.040000
z_0113_562.297297.png,#b9770e,186,0.216167,0.008647,0.040000
z_0113_562.297297.png,#cb4335,57,0.066245,0.002650,0.040000
z_0113_562.297297.png,#d2b4de,279,0.324251,0.012970,0.040000
z_0113_562.297297.png,#e59866,829,0.963456,0.038538,0.040000
z_0113_562.297297.png,#e74c3c,536,0.622934,0.024917,0.040000
z_0113_562.297297.png,#edbb99,969,1.126162,0.045046,0.040000
z_0113_562.297297.png,#f1948a,115,0.133652,0.005346,0.040000
z_0113_562.297297.png,#f58231,2699,3.136751,0.125470,0.040000
z_0113_562.297297.png,#f7dc6f,165,0.191761,0.007670,0.040000
z_0113_562.297297.png,#f8c471,479,0.556689,0.022268,0.040000
z_0113_562.297297.png,#fad7a0,958,1.113378,0.044535,0.040000
z_0114_563.308880.png,#0e6251,1258,1.462035,0.058481,0.040000
z_0114_563.308880.png,#117a65,1408,1.636364,0.065455,0.040000
z_0114_563.308880.png,#145a32,623,0.724044,0.028962,0.040000
z_0114_563.308880.png,#154360,553,0.642691,0.025708,0.040000
z_0114_563.308880.png,#196f3d,378,0.439308,0.017572,0.040000
z_0114_563.308880.png,#1b4f72,1038,1.206353,0.048254,0.040000
z_0114_563.308880.png,#2ecc71,713,0.828642,0.033146,0.040000
z_0114_563.308880.png,#48c9b0,275,0.319602,0.012784,0.040000
z_0114_563.308880.png,#4a235a,3436,3.993285,0.159731,0.040000
z_0114_563.308880.png,#512e5f,379,0.440470,0.017619,0.040000
z_0114_563.308880.png,#52be80,274,0.318440,0.012738,0.040000
z_0114_563.308880.png,#5499c7,1855,2.155863,0.086235,0.040000
z_0114_563.308880.png,#7b241c,662,0.769370,0.030775,0.040000
z_0114_563.308880.png,#82e0aa,409,0.475336,0.019013,0.040000
z_0114_563.308880.png,#85c1e9,3071,3.569086,0.142763,0.040000
z_0114_563.308880.png,#922b21,295,0.342846,0.013714,0.040000
z_0114_563.308880.png,#9a7d0a,1780,2.068698,0.082748,0.040000
z_0114_563.308880.png,#a3e4d7,234,0.271952,0.010878,0.040000
z_0114_563.308880.png,#a9cce3,11,0.012784,0.000511,0.040000
z_0114_563.308880.png,#af7ac5,256,0.297521,0.011901,0.040000
z_0114_563.308880.png,#b9770e,177,0.205708,0.008228,0.040000
z_0114_563.308880.png,#cb4335,44,0.051136,0.002045,0.040000
z_0114_563.308880.png,#d2b4de,278,0.323089,0.012924,0.040000
z_0114_563.308880.png,#e59866,832,0.966942,0.038678,0.040000
z_0114_563.308880.png,#e74c3c,560,0.650826,0.026033,0.040000
z_0114_563.308880.png,#edbb99,1068,1.241219,0.049649,0.040000
z_0114_563.308880.png,#f1948a,124,0.144112,0.005764,0.040000
z_0114_563.308880.png,#f58231,2745,3.190212,0.127608,0.040000
z_0114_563.308880.png,#f7dc6f,174,0.202221,0.008089,0.040000
z_0114_563.308880.png,#f8c471,504,0.585744,0.023430,0.040000
z_0114_563.308880.png,#fad7a0,637,0.740315,0.029613,0.040000
z_0115_564.320463.png,#0e6251,1242,1.443440,0.057738,0.040000
z_0115_564.320463.png,#117a65,1413,1.642175,0.065687,0.040000
z_0115_564.320463.png,#145a32,623,0.724044,0.028962,0.040000
z_0115_564.320463.png,#154360,550,0.639205,0.025568,0.040000
z_0115_564.320463.png,#196f3d,381,0.442794,0.017712,0.040000
z_0115_564.320463.png,#1b4f72,1037,1.205191,0.048208,0.040000
z_0115_564.320463.png,#2ecc71,712,0.827479,0.033099,0.040000
z_0115_564.320463.png,#48c9b0,275,0.319602,0.012784,0.040000
z_0115_564.320463.png,#4a235a,3434,3.990961,0.159638,0.040000
z_0115_564.320463.png,#512e5f,379,0.440470,0.017619,0.040000
z_0115_564.320463.png,#52be80,273,0.317278,0.012691,0.040000
z_0115_564.320463.png,#5499c7,1865,2.167485,0.086699,0.040000
z_0115_564.320463.png,#7b241c,660,0.767045,0.030682,0.040000
z_0115_564.320463.png,#82e0aa,406,0.471849,0.018874,0.040000
z_0115_564.320463.png,#85c1e9,3082,3.581870,0.143275,0.040000
z_0115_564.320463.png,#922b21,295,0.342846,0.013714,0.040000
z_0115_564.320463.png,#9a7d0a,1780,2.068698,0.082748,0.040000
z_0115_564.320463.png,#a3e4d7,240,0.278926,0.011157,0.040000
z_0115_564.320463.png,#a9cce3,9,0.010460,0.000418,0.040000
z_0115_564.320463.png,#af7ac5,255,0.296358,0.011854,0.040000
z_0115_564.320463.png,#b9770e,177,0.205708,0.008228,0.040000
z_0115_564.320463.png,#cb4335,43,0.049974,0.001999,0.040000
z_0115_564.320463.png,#d2b4de,280,0.325413,0.013017,0.040000
z_0115_564.320463.png,#e59866,834,0.969267,0.038771,0.040000
z_0115_564.320463.png,#e74c3c,555,0.645015,0.025801,0.040000
z_0115_564.320463.png,#edbb99,1072,1.245868,0.049835,0.040000
z_0115_564.320463.png,#f1948a,122,0.141787,0.005671,0.040000
z_0115_564.320463.png,#f58231,2743,3.187887,0.127515,0.040000
z_0115_564.320463.png,#f7dc6f,174,0.202221,0.008089,0.040000
z_0115_564.320463.png,#f8c471,507,0.589230,0.023569,0.040000
z_0115_564.320463.png,#fad7a0,634,0.736829,0.029473,0.040000
z_0116_565.332046.png,#0e6251,1248,1.450413,0.058017,0.040000
z_0116_565.332046.png,#117a65,1412,1.641012,0.065640,0.040000
z_0116_565.332046.png,#145a32,625,0.726369,0.029055,0.040000
z_0116_565.332046.png,#154360,547,0.635718,0.025429,0.040000
z_0116_565.332046.png,#196f3d,380,0.441632,0.017665,0.040000
z_0116_565.332046.png,#1b4f72,1037,1.205191,0.048208,0.040000
z_0116_565.332046.png,#2ecc71,709,0.823993,0.032960,0.040000
z_0116_565.332046.png,#48c9b0,273,0.317278,0.012691,0.040000
z_0116_565.332046.png,#4a235a,3434,3.990961,0.159638,0.040000
z_0116_565.332046.png,#512e5f,378,0.439308,0.017572,0.040000
z_0116_565.332046.png,#52be80,276,0.320764,0.012831,0.040000
z_0116_565.332046.png,#5499c7,1859,2.160511,0.086420,0.040000
z_0116_565.332046.png,#7b241c,659,0.765883,0.030635,0.040000
z_0116_565.332046.png,#82e0aa,406,0.471849,0.018874,0.040000
z_0116_565.332046.png,#85c1e9,3079,3.578383,0.143135,0.040000
z_0116_565.332046.png,#922b21,295,0.342846,0.013714,0.040000
z_0116_565.332046.png,#9a7d0a,1776,2.064050,0.082562,0.040000
z_0116_565.332046.png,#a3e4d7,240,0.278926,0.011157,0.040000
z_0116_565.332046.png,#a9cce3,9,0.010460,0.000418,0.040000
z_0116_565.332046.png,#af7ac5,253,0.294034,0.011761,0.040000
z_0116_565.332046.png,#b9770e,177,0.205708,0.008228,0.040000
z_0116_565.332046.png,#cb4335,43,0.049974,0.001999,0.040000
z_0116_565.332046.png,#d2b4de,278,0.323089,0.012924,0.040000
z_0116_565.332046.png,#e59866,830,0.964618,0.038585,0.040000
z_0116_565.332046.png,#e74c3c,552,0.641529,0.025661,0.040000
z_0116_565.332046.png,#edbb99,1068,1.241219,0.049649,0.040000
z_0116_565.332046.png,#f1948a,122,0.141787,0.005671,0.040000
z_0116_565.332046.png,#f58231,2740,3.184401,0.127376,0.040000
z_0116_565.332046.png,#f7dc6f,176,0.204545,0.008182,0.040000
z_0116_565.332046.png,#f8c471,518,0.602014,0.024081,0.040000
z_0116_565.332046.png,#fad7a0,639,0.742639,0.029706,0.040000
z_0117_566.343629.png,#0e6251,843,0.979726,0.039189,0.040000
z_0117_566.343629.png,#117a65,1746,2.029184,0.081167,0.040000
z_0117_566.343629.png,#145a32,589,0.684530,0.027381,0.040000
z_0117_566.343629.png,#154360,787,0.914644,0.036586,0.040000
z_0117_566.343629.png,#196f3d,513,0.596204,0.023848,0.040000
z_0117_566.343629.png,#1b4f72,913,1.061080,0.042443,0.040000
z_0117_566.343629.png,#2e4053,314,0.364928,0.014597,0.040000
z_0117_566.343629.png,#2ecc71,577,0.670584,0.026823,0.040000
z_0117_566.343629.png,#3b3b98,41,0.047650,0.001906,0.040000
z_0117_566.343629.png,#48c9b0,786,0.913481,0.036539,0.040000
z_0117_566.343629.png,#4a235a,6828,7.935434,0.317417,0.040000
z_0117_566.343629.png,#512e5f,258,0.299845,0.011994,0.040000
z_0117_566.343629.png,#52be80,646,0.750775,0.030031,0.040000
z_0117_566.343629.png,#5499c7,2565,2.981018,0.119241,0.040000
z_0117_566.343629.png,#73c6b6,189,0.219654,0.008786,0.040000
z_0117_566.343629.png,#7b241c,1177,1.367898,0.054716,0.040000
z_0117_566.343629.png,#82e0aa,477,0.554365,0.022175,0.040000
z_0117_566.343629.png,#85c1e9,2527,2.936854,0.117474,0.040000
z_0117_566.343629.png,#922b21,1149,1.335356,0.053414,0.040000
z_0117_566.343629.png,#9a7d0a,1540,1.789773,0.071591,0.040000
z_0117_566.343629.png,#a2d9ce,510,0.592717,0.023709,0.040000
z_0117_566.343629.png,#a3e4d7,139,0.161544,0.006462,0.040000
z_0117_566.343629.png,#a9cce3,14,0.016271,0.000651,0.040000
z_0117_566.343629.png,#af7ac5,460,0.534607,0.021384,0.040000
z_0117_566.343629.png,#b9770e,153,0.177815,0.007113,0.040000
z_0117_566.343629.png,#cb4335,30,0.034866,0.001395,0.040000
z_0117_566.343629.png,#d2b4de,349,0.405604,0.016224,0.040000
z_0117_566.343629.png,#d68910,115,0.133652,0.005346,0.040000
z_0117_566.343629.png,#e59866,531,0.617123,0.024685,0.040000
z_0117_566.343629.png,#e74c3c,476,0.553202,0.022128,0.040000
z_0117_566.343629.png,#edbb99,1585,1.842071,0.073683,0.040000
z_0117_566.343629.png,#f1948a,76,0.088326,0.003533,0.040000
z_0117_566.343629.png,#f58231,2398,2.786932,0.111477,0.040000
z_0117_566.343629.png,#f7dc6f,219,0.254520,0.010181,0.040000
z_0117_566.343629.png,#f8c471,817,0.949509,0.037980,0.040000
z_0117_566.343629.png,#fad7a0,711,0.826317,0.033053,0.040000
z_0118_567.355212.png,#0e6251,844,0.980888,0.039236,0.040000
z_0118_567.355212.png,#117a65,1746,2.029184,0.081167,0.040000
z_0118_567.355212.png,#145a32,588,0.683368,0.027335,0.040000
z_0118_567.355212.png,#154360,782,0.908833,0.036353,0.040000
z_0118_567.355212.png,#196f3d,514,0.597366,0.023895,0.040000
z_0118_567.355212.png,#1b4f72,915,1.063404,0.042536,0.040000
z_0118_567.355212.png,#2e4053,313,0.363765,0.014551,0.040000
z_0118_567.355212.png,#2ecc71,577,0.670584,0.026823,0.040000
z_0118_567.355212.png,#3b3b98,42,0.048812,0.001952,0.040000
z_0118_567.355212.png,#48c9b0,789,0.916968,0.036679,0.040000
z_0118_567.355212.png,#4a235a,6881,7.997030,0.319881,0.040000
z_0118_567.355212.png,#512e5f,261,0.303332,0.012133,0.040000
z_0118_567.355212.png,#52be80,644,0.748450,0.029938,0.040000
z_0118_567.355212.png,#5499c7,2572,2.989153,0.119566,0.040000
z_0118_567.355212.png,#73c6b6,186,0.216167,0.008647,0.040000
z_0118_567.355212.png,#7b241c,1175,1.365573,0.054623,0.040000
z_0118_567.355212.png,#82e0aa,477,0.554365,0.022175,0.040000
z_0118_567.355212.png,#85c1e9,2536,2.947314,0.117893,0.040000
z_0118_567.355212.png,#922b21,1136,1.320248,0.052810,0.040000
z_0118_567.355212.png,#9a7d0a,1530,1.778151,0.071126,0.040000
z_0118_567.355212.png,#a2d9ce,517,0.600852,0.024034,0.040000
z_0118_567.355212.png,#a3e4d7,138,0.160382,0.006415,0.040000
z_0118_567.355212.png,#a9cce3,14,0.016271,0.000651,0.040000
z_0118_567.355212.png,#af7ac5,462,0.536932,0.021477,0.040000
z_0118_567.355212.png,#b9770e,148,0.172004,0.006880,0.040000
z_0118_567.355212.png,#cb4335,30,0.034866,0.001395,0.040000
z_0118_567.355212.png,#d2b4de,353,0.410253,0.016410,0.040000
z_0118_567.355212.png,#d68910,116,0.134814,0.005393,0.040000
z_0118_567.355212.png,#e59866,523,0.607825,0.024313,0.040000
z_0118_567.355212.png,#e74c3c,482,0.560176,0.022407,0.040000
z_0118_567.355212.png,#edbb99,1580,1.836260,0.073450,0.040000
z_0118_567.355212.png,#f1948a,76,0.088326,0.003533,0.040000
z_0118_567.355212.png,#f58231,2395,2.783445,0.111338,0.040000
z_0118_567.355212.png,#f7dc6f,217,0.252195,0.010088,0.040000
z_0118_567.355212.png,#f8c471,811,0.942536,0.037701,0.040000
z_0118_567.355212.png,#fad7a0,709,0.823993,0.032960,0.040000
z_0119_568.366795.png,#0e6251,847,0.984375,0.039375,0.040000
z_0119_568.366795.png,#117a65,1746,2.029184,0.081167,0.040000
z_0119_568.366795.png,#145a32,586,0.681043,0.027242,0.040000
z_0119_568.366795.png,#154360,789,0.916968,0.036679,0.040000
z_0119_568.366795.png,#196f3d,513,0.596204,0.023848,0.040000
z_0119_568.366795.png,#1b4f72,912,1.059917,0.042397,0.040000
z_0119_568.366795.png,#2e4053,314,0.364928,0.014597,0.040000
z_0119_568.366795.png,#2ecc71,578,0.671746,0.026870,0.040000
z_0119_568.366795.png,#3b3b98,42,0.048812,0.001952,0.040000
z_0119_568.366795.png,#48c9b0,785,0.912319,0.036493,0.040000
z_0119_568.366795.png,#4a235a,6900,8.019112,0.320764,0.040000
z_0119_568.366795.png,#512e5f,259,0.301007,0.012040,0.040000
z_0119_568.366795.png,#52be80,641,0.744964,0.029799,0.040000
z_0119_568.366795.png,#5499c7,2573,2.990315,0.119613,0.040000
z_0119_568.366795.png,#73c6b6,184,0.213843,0.008554,0.040000
z_0119_568.366795.png,#7b241c,1176,1.366736,0.054669,0.040000
z_0119_568.366795.png,#82e0aa,474,0.550878,0.022035,0.040000
z_0119_568.366795.png,#85c1e9,2536,2.947314,0.117893,0.040000
z_0119_568.366795.png,#922b21,1136,1.320248,0.052810,0.040000
z_0119_568.366795.png,#9a7d0a,1529,1.776989,0.071080,0.040000
z_0119_568.366795.png,#a2d9ce,518,0.602014,0.024081,0.040000
z_0119_568.366795.png,#a3e4d7,136,0.158058,0.006322,0.040000
z_0119_568.366795.png,#a9cce3,14,0.016271,0.000651,0.040000
z_0119_568.366795.png,#af7ac5,462,0.536932,0.021477,0.040000
z_0119_568.366795.png,#b9770e,149,0.173166,0.006927,0.040000
z_0119_568.366795.png,#cb4335,30,0.034866,0.001395,0.040000
z_0119_568.366795.png,#d2b4de,353,0.410253,0.016410,0.040000
z_0119_568.366795.png,#d68910,116,0.134814,0.005393,0.040000
z_0119_568.366795.png,#e59866,525,0.610150,0.024406,0.040000
z_0119_568.366795.png,#e74c3c,479,0.556689,0.022268,0.040000
z_0119_568.366795.png,#edbb99,1583,1.839747,0.073590,0.040000
z_0119_568.366795.png,#f1948a,76,0.088326,0.003533,0.040000
z_0119_568.366795.png,#f58231,2397,2.785770,0.111431,0.040000
z_0119_568.366795.png,#f7dc6f,222,0.258006,0.010320,0.040000
z_0119_568.366795.png,#f8c471,811,0.942536,0.037701,0.040000
z_0119_568.366795.png,#fad7a0,710,0.825155,0.033006,0.040000
z_0120_569.378378.png,#0e6251,847,0.984375,0.039375,0.040000
z_0120_569.378378.png,#117a65,1747,2.030346,0.081214,0.040000
z_0120_569.378378.png,#145a32,586,0.681043,0.027242,0.040000
z_0120_569.378378.png,#154360,789,0.916968,0.036679,0.040000
z_0120_569.378378.png,#196f3d,512,0.595041,0.023802,0.040000
z_0120_569.378378.png,#1b4f72,1035,1.202867,0.048115,0.040000
z_0120_569.378378.png,#2e4053,311,0.361441,0.014458,0.040000
z_0120_569.378378.png,#2ecc71,574,0.667097,0.026684,0.040000
z_0120_569.378378.png,#3b3b98,42,0.048812,0.001952,0.040000
z_0120_569.378378.png,#48c9b0,785,0.912319,0.036493,0.040000
z_0120_569.378378.png,#4a235a,6880,7.995868,0.319835,0.040000
z_0120_569.378378.png,#512e5f,258,0.299845,0.011994,0.040000
z_0120_569.378378.png,#52be80,642,0.746126,0.029845,0.040000
z_0120_569.378378.png,#5499c7,2575,2.992639,0.119706,0.040000
z_0120_569.378378.png,#73c6b6,183,0.212681,0.008507,0.040000
z_0120_569.378378.png,#7b241c,1183,1.374871,0.054995,0.040000
z_0120_569.378378.png,#82e0aa,477,0.554365,0.022175,0.040000
z_0120_569.378378.png,#85c1e9,2539,2.950801,0.118032,0.040000
z_0120_569.378378.png,#922b21,1134,1.317924,0.052717,0.040000
z_0120_569.378378.png,#9a7d0a,1517,1.763042,0.070522,0.040000
z_0120_569.378378.png,#a2d9ce,522,0.606663,0.024267,0.040000
z_0120_569.378378.png,#a3e4d7,139,0.161544,0.006462,0.040000
z_0120_569.378378.png,#a9cce3,13,0.015108,0.000604,0.040000
z_0120_569.378378.png,#af7ac5,463,0.538094,0.021524,0.040000
z_0120_569.378378.png,#b9770e,154,0.178977,0.007159,0.040000
z_0120_569.378378.png,#cb4335,30,0.034866,0.001395,0.040000
z_0120_569.378378.png,#d2b4de,351,0.407929,0.016317,0.040000
z_0120_569.378378.png,#d68910,115,0.133652,0.005346,0.040000
z_0120_569.378378.png,#e59866,524,0.608988,0.024360,0.040000
z_0120_569.378378.png,#e74c3c,478,0.555527,0.022221,0.040000
z_0120_569.378378.png,#edbb99,1581,1.837423,0.073497,0.040000
z_0120_569.378378.png,#f1948a,76,0.088326,0.003533,0.040000
z_0120_569.378378.png,#f58231,2401,2.790418,0.111617,0.040000
z_0120_569.378378.png,#f7dc6f,222,0.258006,0.010320,0.040000
z_0120_569.378378.png,#f8c471,810,0.941374,0.037655,0.040000
z_0120_569.378378.png,#fad7a0,710,0.825155,0.033006,0.040000
z_0121_570.389961.png,#0e6251,778,0.904184,0.036167,0.040000
z_0121_570.389961.png,#117a65,1729,2.009427,0.080377,0.040000
z_0121_570.389961.png,#145a32,578,0.671746,0.026870,0.040000
z_0121_570.389961.png,#154360,809,0.940212,0.037608,0.040000
z_0121_570.389961.png,#196f3d,839,0.975077,0.039003,0.040000
z_0121_570.389961.png,#1b4f72,1065,1.237732,0.049509,0.040000
z_0121_570.389961.png,#2e4053,318,0.369576,0.014783,0.040000
z_0121_570.389961.png,#2ecc71,605,0.703125,0.028125,0.040000
z_0121_570.389961.png,#3b3b98,46,0.053461,0.002138,0.040000
z_0121_570.389961.png,#48c9b0,779,0.905346,0.036214,0.040000
z_0121_570.389961.png,#4a235a,7213,8.382877,0.335315,0.040000
z_0121_570.389961.png,#512e5f,271,0.314954,0.012598,0.040000
z_0121_570.389961.png,#52be80,628,0.729855,0.029194,0.040000
z_0121_570.389961.png,#5499c7,2702,3.140238,0.125610,0.040000
z_0121_570.389961.png,#73c6b6,181,0.210356,0.008414,0.040000
z_0121_570.389961.png,#7b241c,1369,1.591038,0.063642,0.040000
z_0121_570.389961.png,#82e0aa,519,0.603177,0.024127,0.040000
z_0121_570.389961.png,#85c1e9,2416,2.807851,0.112314,0.040000
z_0121_570.389961.png,#922b21,1290,1.499225,0.059969,0.040000
z_0121_570.389961.png,#9a7d0a,1559,1.811854,0.072474,0.040000
z_0121_570.389961.png,#a2d9ce,444,0.516012,0.020640,0.040000
z_0121_570.389961.png,#a3e4d7,121,0.140625,0.005625,0.040000
z_0121_570.389961.png,#a9cce3,10,0.011622,0.000465,0.040000
z_0121_570.389961.png,#af7ac5,478,0.555527,0.022221,0.040000
z_0121_570.389961.png,#b9770e,145,0.168518,0.006741,0.040000
z_0121_570.389961.png,#cb4335,32,0.037190,0.001488,0.040000
z_0121_570.389961.png,#d2b4de,357,0.414902,0.016596,0.040000
z_0121_570.389961.png,#d68910,122,0.141787,0.005671,0.040000
z_0121_570.389961.png,#e59866,431,0.500904,0.020036,0.040000
z_0121_570.389961.png,#e74c3c,505,0.586906,0.023476,0.040000
z_0121_570.389961.png,#edbb99,1579,1.835098,0.073404,0.040000
z_0121_570.389961.png,#f1948a,55,0.063920,0.002557,0.040000
z_0121_570.389961.png,#f58231,2273,2.641658,0.105666,0.040000
z_0121_570.389961.png,#f7dc6f,239,0.277763,0.011111,0.040000
z_0121_570.389961.png,#f8c471,807,0.937887,0.037515,0.040000
z_0121_570.389961.png,#fad7a0,733,0.851885,0.034075,0.040000
z_0122_571.401544.png,#0e6251,686,0.797262,0.031890,0.040000
z_0122_571.401544.png,#117a65,1819,2.114024,0.084561,0.040000
z_0122_571.401544.png,#145a32,526,0.611312,0.024452,0.040000
z_0122_571.401544.png,#154360,777,0.903022,0.036121,0.040000
z_0122_571.401544.png,#196f3d,866,1.006457,0.040258,0.040000
z_0122_571.401544.png,#1b4f72,1014,1.178461,0.047138,0.040000
z_0122_571.401544.png,#2e4053,357,0.414902,0.016596,0.040000
z_0122_571.401544.png,#2ecc71,551,0.640367,0.025615,0.040000
z_0122_571.401544.png,#3b3b98,44,0.051136,0.002045,0.040000
z_0122_571.401544.png,#48c9b0,934,1.085486,0.043419,0.040000
z_0122_571.401544.png,#4a235a,7954,9.244060,0.369762,0.040000
z_0122_571.401544.png,#512e5f,350,0.406767,0.016271,0.040000
z_0122_571.401544.png,#52be80,375,0.435821,0.017433,0.040000
z_0122_571.401544.png,#5499c7,2923,3.397082,0.135883,0.040000
z_0122_571.401544.png,#73c6b6,184,0.213843,0.008554,0.040000
z_0122_571.401544.png,#7b241c,1544,1.794421,0.071777,0.040000
z_0122_571.401544.png,#82e0aa,588,0.683368,0.027335,0.040000
z_0122_571.401544.png,#85c1e9,2348,2.728822,0.109153,0.040000
z_0122_571.401544.png,#922b21,1410,1.638688,0.065548,0.040000
z_0122_571.401544.png,#9a7d0a,1876,2.180269,0.087211,0.040000
z_0122_571.401544.png,#a2d9ce,535,0.621772,0.024871,0.040000
z_0122_571.401544.png,#a3e4d7,120,0.139463,0.005579,0.040000
z_0122_571.401544.png,#a9cce3,13,0.015108,0.000604,0.040000
z_0122_571.401544.png,#af7ac5,488,0.567149,0.022686,0.040000
z_0122_571.401544.png,#b9770e,128,0.148760,0.005950,0.040000
z_0122_571.401544.png,#cb4335,58,0.067407,0.002696,0.040000
z_0122_571.401544.png,#d2b4de,322,0.374225,0.014969,0.040000
z_0122_571.401544.png,#d35400,38,0.044163,0.001767,0.040000
z_0122_571.401544.png,#d68910,142,0.165031,0.006601,0.040000
z_0122_571.401544.png,#e59866,295,0.342846,0.013714,0.040000
z_0122_571.401544.png,#e74c3c,509,0.591555,0.023662,0.040000
z_0122_571.401544.png,#edbb99,1777,2.065212,0.082608,0.040000
z_0122_571.401544.png,#f1948a,60,0.069731,0.002789,0.040000
z_0122_571.401544.png,#f58231,2095,2.434788,0.097392,0.040000
z_0122_571.401544.png,#f7dc6f,200,0.232438,0.009298,0.040000
z_0122_571.401544.png,#f8c471,881,1.023889,0.040956,0.040000
z_0122_571.401544.png,#fad7a0,657,0.763559,0.030542,0.040000
z_0123_572.413127.png,#0e6251,685,0.796100,0.031844,0.040000
z_0123_572.413127.png,#117a65,1816,2.110537,0.084421,0.040000
z_0123_572.413127.png,#145a32,527,0.612474,0.024499,0.040000
z_0123_572.413127.png,#154360,777,0.903022,0.036121,0.040000
z_0123_572.413127.png,#196f3d,867,1.007619,0.040305,0.040000
z_0123_572.413127.png,#1b4f72,1014,1.178461,0.047138,0.040000
z_0123_572.413127.png,#2e4053,353,0.410253,0.016410,0.040000
z_0123_572.413127.png,#2ecc71,549,0.638042,0.025522,0.040000
z_0123_572.413127.png,#3b3b98,44,0.051136,0.002045,0.040000
z_0123_572.413127.png,#48c9b0,942,1.094783,0.043791,0.040000
z_0123_572.413127.png,#4a235a,7942,9.230114,0.369205,0.040000
z_0123_572.413127.png,#512e5f,350,0.406767,0.016271,0.040000
z_0123_572.413127.png,#52be80,368,0.427686,0.017107,0.040000
z_0123_572.413127.png,#5499c7,2922,3.395919,0.135837,0.040000
z_0123_572.413127.png,#73c6b6,186,0.216167,0.008647,0.040000
z_0123_572.413127.png,#7b241c,1546,1.796746,0.071870,0.040000
z_0123_572.413127.png,#82e0aa,591,0.686854,0.027474,0.040000
z_0123_572.413127.png,#85c1e9,2344,2.724174,0.108967,0.040000
z_0123_572.413127.png,#922b21,1421,1.651472,0.066059,0.040000
z_0123_572.413127.png,#9a7d0a,1878,2.182593,0.087304,0.040000
z_0123_572.413127.png,#a2d9ce,534,0.620610,0.024824,0.040000
z_0123_572.413127.png,#a3e4d7,120,0.139463,0.005579,0.040000
z_0123_572.413127.png,#a9cce3,13,0.015108,0.000604,0.040000
z_0123_572.413127.png,#af7ac5,490,0.569473,0.022779,0.040000
z_0123_572.413127.png,#b9770e,128,0.148760,0.005950,0.040000
z_0123_572.413127.png,#cb4335,58,0.067407,0.002696,0.040000
z_0123_572.413127.png,#d2b4de,321,0.373063,0.014923,0.040000
z_0123_572.413127.png,#d35400,39,0.045325,0.001813,0.040000
z_0123_572.413127.png,#d68910,142,0.165031,0.006601,0.040000
z_0123_572.413127.png,#e59866,294,0.341684,0.013667,0.040000
z_0123_572.413127.png,#e74c3c,503,0.584582,0.023383,0.040000
z_0123_572.413127.png,#edbb99,1783,2.072185,0.082887,0.040000
z_0123_572.413127.png,#f1948a,60,0.069731,0.002789,0.040000
z_0123_572.413127.png,#f58231,2098,2.438275,0.097531,0.040000
z_0123_572.413127.png,#f7dc6f,203,0.235925,0.009437,0.040000
z_0123_572.413127.png,#f8c471,883,1.026214,0.041049,0.040000
z_0123_572.413127.png,#fad7a0,656,0.762397,0.030496,0.040000
z_0124_573.424710.png,#0e6251,652,0.757748,0.030310,0.040000
z_0124_573.424710.png,#117a65,1722,2.001291,0.080052,0.040000
z_0124_573.424710.png,#145a32,513,0.596204,0.023848,0.040000
z_0124_573.424710.png,#154360,774,0.899535,0.035981,0.040000
z_0124_573.424710.png,#196f3d,929,1.079675,0.043187,0.040000
z_0124_573.424710.png,#1b4f72,961,1.116865,0.044675,0.040000
z_0124_573.424710.png,#2e4053,382,0.443957,0.017758,0.040000
z_0124_573.424710.png,#2ecc71,492,0.571798,0.022872,0.040000
z_0124_573.424710.png,#3b3b98,45,0.052299,0.002092,0.040000
z_0124_573.424710.png,#48c9b0,988,1.148244,0.045930,0.040000
z_0124_573.424710.png,#4a235a,7913,9.196410,0.367856,0.040000
z_0124_573.424710.png,#512e5f,395,0.459065,0.018363,0.040000
z_0124_573.424710.png,#52be80,311,0.361441,0.014458,0.040000
z_0124_573.424710.png,#5499c7,3094,3.595816,0.143833,0.040000
z_0124_573.424710.png,#73c6b6,189,0.219654,0.008786,0.040000
z_0124_573.424710.png,#7b241c,1569,1.823476,0.072939,0.040000
z_0124_573.424710.png,#82e0aa,600,0.697314,0.027893,0.040000
z_0124_573.424710.png,#85c1e9,2443,2.839230,0.113569,0.040000
z_0124_573.424710.png,#922b21,1426,1.657283,0.066291,0.040000
z_0124_573.424710.png,#9a7d0a,1945,2.260460,0.090418,0.040000
z_0124_573.424710.png,#a2d9ce,497,0.577608,0.023104,0.040000
z_0124_573.424710.png,#a3e4d7,104,0.120868,0.004835,0.040000
z_0124_573.424710.png,#a9cce3,9,0.010460,0.000418,0.040000
z_0124_573.424710.png,#af7ac5,501,0.582257,0.023290,0.040000
z_0124_573.424710.png,#b9770e,131,0.152247,0.006090,0.040000
z_0124_573.424710.png,#cb4335,1342,1.559659,0.062386,0.040000
z_0124_573.424710.png,#d2b4de,342,0.397469,0.015899,0.040000
z_0124_573.424710.png,#d35400,28,0.032541,0.001302,0.040000
z_0124_573.424710.png,#d68910,155,0.180139,0.007206,0.040000
z_0124_573.424710.png,#e59866,217,0.252195,0.010088,0.040000
z_0124_573.424710.png,#e74c3c,491,0.570635,0.022825,0.040000
z_0124_573.424710.png,#edbb99,2176,2.528926,0.101157,0.040000
z_0124_573.424710.png,#f1948a,64,0.074380,0.002975,0.040000
z_0124_573.424710.png,#f58231,2024,2.352273,0.094091,0.040000
z_0124_573.424710.png,#f7dc6f,187,0.217330,0.008693,0.040000
z_0124_573.424710.png,#f8c471,903,1.049458,0.041978,0.040000
z_0124_573.424710.png,#fad7a0,601,0.698476,0.027939,0.040000
z_0125_574.436293.png,#0e6251,622,0.722882,0.028915,0.040000
z_0125_574.436293.png,#117a65,1648,1.915289,0.076612,0.040000
z_0125_574.436293.png,#145a32,506,0.588068,0.023523,0.040000
z_0125_574.436293.png,#154360,762,0.885589,0.035424,0.040000
z_0125_574.436293.png,#196f3d,961,1.116865,0.044675,0.040000
z_0125_574.436293.png,#1b4f72,964,1.120351,0.044814,0.040000
z_0125_574.436293.png,#2e4053,400,0.464876,0.018595,0.040000
z_0125_574.436293.png,#2ecc71,483,0.561338,0.022454,0.040000
z_0125_574.436293.png,#3b3b98,51,0.059272,0.002371,0.040000
z_0125_574.436293.png,#48c9b0,957,1.112216,0.044489,0.040000
z_0125_574.436293.png,#4a235a,7997,9.294034,0.371761,0.040000
z_0125_574.436293.png,#512e5f,463,0.538094,0.021524,0.040000
z_0125_574.436293.png,#52be80,267,0.310305,0.012412,0.040000
z_0125_574.436293.png,#5499c7,3327,3.866606,0.154664,0.040000
z_0125_574.436293.png,#73c6b6,214,0.248709,0.009948,0.040000
z_0125_574.436293.png,#7b241c,1661,1.930398,0.077216,0.040000
z_0125_574.436293.png,#82e0aa,728,0.846074,0.033843,0.040000
z_0125_574.436293.png,#85c1e9,2444,2.840393,0.113616,0.040000
z_0125_574.436293.png,#922b21,1352,1.571281,0.062851,0.040000
z_0125_574.436293.png,#9a7d0a,2038,2.368543,0.094742,0.040000
z_0125_574.436293.png,#a2d9ce,473,0.549716,0.021989,0.040000
z_0125_574.436293.png,#a3e4d7,88,0.102273,0.004091,0.040000
z_0125_574.436293.png,#a9cce3,12,0.013946,0.000558,0.040000
z_0125_574.436293.png,#af7ac5,506,0.588068,0.023523,0.040000
z_0125_574.436293.png,#b9770e,119,0.138301,0.005532,0.040000
z_0125_574.436293.png,#cb4335,1231,1.430656,0.057226,0.040000
z_0125_574.436293.png,#d2b4de,335,0.389334,0.015573,0.040000
z_0125_574.436293.png,#d35400,36,0.041839,0.001674,0.040000
z_0125_574.436293.png,#d68910,166,0.192924,0.007717,0.040000
z_0125_574.436293.png,#e59866,120,0.139463,0.005579,0.040000
z_0125_574.436293.png,#e74c3c,475,0.552040,0.022082,0.040000
z_0125_574.436293.png,#edbb99,2467,2.867123,0.114685,0.040000
z_0125_574.436293.png,#f1948a,60,0.069731,0.002789,0.040000
z_0125_574.436293.png,#f58231,1950,2.266271,0.090651,0.040000
z_0125_574.436293.png,#f7dc6f,154,0.178977,0.007159,0.040000
z_0125_574.436293.png,#f8c471,944,1.097107,0.043884,0.040000
z_0125_574.436293.png,#fad7a0,572,0.664773,0.026591,0.040000
z_0126_575.447876.png,#0e6251,582,0.676395,0.027056,0.040000
z_0126_575.447876.png,#117a65,1675,1.946668,0.077867,0.040000
z_0126_575.447876.png,#145a32,496,0.576446,0.023058,0.040000
z_0126_575.447876.png,#154360,804,0.934401,0.037376,0.040000
z_0126_575.447876.png,#196f3d,1617,1.879261,0.075170,0.040000
z_0126_575.447876.png,#1b4f72,959,1.114540,0.044582,0.040000
z_0126_575.447876.png,#2e4053,373,0.433497,0.017340,0.040000
z_0126_575.447876.png,#2ecc71,481,0.559013,0.022361,0.040000
z_0126_575.447876.png,#3b3b98,59,0.068569,0.002743,0.040000
z_0126_575.447876.png,#48c9b0,805,0.935563,0.037423,0.040000
z_0126_575.447876.png,#4a235a,7937,9.224303,0.368972,0.040000
z_0126_575.447876.png,#512e5f,500,0.581095,0.023244,0.040000
z_0126_575.447876.png,#52be80,237,0.275439,0.011018,0.040000
z_0126_575.447876.png,#5499c7,3606,4.190857,0.167634,0.040000
z_0126_575.447876.png,#73c6b6,199,0.231276,0.009251,0.040000
z_0126_575.447876.png,#7b241c,1767,2.053590,0.082144,0.040000
z_0126_575.447876.png,#82e0aa,750,0.871643,0.034866,0.040000
z_0126_575.447876.png,#85c1e9,2541,2.953125,0.118125,0.040000
z_0126_575.447876.png,#922b21,1240,1.441116,0.057645,0.040000
z_0126_575.447876.png,#9a7d0a,2135,2.481276,0.099251,0.040000
z_0126_575.447876.png,#a2d9ce,445,0.517175,0.020687,0.040000
z_0126_575.447876.png,#a3e4d7,90,0.104597,0.004184,0.040000
z_0126_575.447876.png,#a9cce3,19,0.022082,0.000883,0.040000
z_0126_575.447876.png,#af7ac5,500,0.581095,0.023244,0.040000
z_0126_575.447876.png,#b9770e,116,0.134814,0.005393,0.040000
z_0126_575.447876.png,#cb4335,1276,1.482955,0.059318,0.040000
z_0126_575.447876.png,#d2b4de,415,0.482309,0.019292,0.040000
z_0126_575.447876.png,#d35400,32,0.037190,0.001488,0.040000
z_0126_575.447876.png,#d68910,192,0.223140,0.008926,0.040000
z_0126_575.447876.png,#e59866,99,0.115057,0.004602,0.040000
z_0126_575.447876.png,#e74c3c,482,0.560176,0.022407,0.040000
z_0126_575.447876.png,#edbb99,2640,3.068182,0.122727,0.040000
z_0126_575.447876.png,#f1948a,78,0.090651,0.003626,0.040000
z_0126_575.447876.png,#f58231,1856,2.157025,0.086281,0.040000
z_0126_575.447876.png,#f7dc6f,133,0.154571,0.006183,0.040000
z_0126_575.447876.png,#f8c471,1117,1.298166,0.051927,0.040000
z_0126_575.447876.png,#fad7a0,493,0.572960,0.022918,0.040000
z_0127_576.459459.png,#0e6251,563,0.654313,0.026173,0.040000
z_0127_576.459459.png,#117a65,1799,2.090780,0.083631,0.040000
z_0127_576.459459.png,#145a32,526,0.611312,0.024452,0.040000
z_0127_576.459459.png,#154360,777,0.903022,0.036121,0.040000
z_0127_576.459459.png,#196f3d,1617,1.879261,0.075170,0.040000
z_0127_576.459459.png,#1b4f72,942,1.094783,0.043791,0.040000
z_0127_576.459459.png,#2e4053,390,0.453254,0.018130,0.040000
z_0127_576.459459.png,#2ecc71,451,0.524148,0.020966,0.040000
z_0127_576.459459.png,#3b3b98,98,0.113895,0.004556,0.040000
z_0127_576.459459.png,#48c9b0,688,0.799587,0.031983,0.040000
z_0127_576.459459.png,#4a235a,7929,9.215005,0.368600,0.040000
z_0127_576.459459.png,#512e5f,560,0.650826,0.026033,0.040000
z_0127_576.459459.png,#52be80,207,0.240573,0.009623,0.040000
z_0127_576.459459.png,#5499c7,3849,4.473270,0.178931,0.040000
z_0127_576.459459.png,#73c6b6,195,0.226627,0.009065,0.040000
z_0127_576.459459.png,#7b241c,1990,2.312758,0.092510,0.040000
z_0127_576.459459.png,#82e0aa,721,0.837939,0.033518,0.040000
z_0127_576.459459.png,#85c1e9,2739,3.183239,0.127330,0.040000
z_0127_576.459459.png,#922b21,1402,1.629390,0.065176,0.040000
z_0127_576.459459.png,#9a7d0a,2382,2.768337,0.110733,0.040000
z_0127_576.459459.png,#a2d9ce,414,0.481147,0.019246,0.040000
z_0127_576.459459.png,#a3e4d7,77,0.089489,0.003580,0.040000
z_0127_576.459459.png,#a9cce3,22,0.025568,0.001023,0.040000
z_0127_576.459459.png,#af7ac5,512,0.595041,0.023802,0.040000
z_0127_576.459459.png,#b9770e,120,0.139463,0.005579,0.040000
z_0127_576.459459.png,#cb4335,1285,1.493414,0.059737,0.040000
z_0127_576.459459.png,#d2b4de,475,0.552040,0.022082,0.040000
z_0127_576.459459.png,#d35400,35,0.040677,0.001627,0.040000
z_0127_576.459459.png,#d68910,219,0.254520,0.010181,0.040000
z_0127_576.459459.png,#e59866,98,0.113895,0.004556,0.040000
z_0127_576.459459.png,#e74c3c,488,0.567149,0.022686,0.040000
z_0127_576.459459.png,#edbb99,2667,3.099561,0.123982,0.040000
z_0127_576.459459.png,#f1948a,73,0.084840,0.003394,0.040000
z_0127_576.459459.png,#f58231,1839,2.137268,0.085491,0.040000
z_0127_576.459459.png,#f7dc6f,115,0.133652,0.005346,0.040000
z_0127_576.459459.png,#f8c471,1295,1.505036,0.060201,0.040000
z_0127_576.459459.png,#fad7a0,467,0.542743,0.021710,0.040000
z_0128_577.471042.png,#0e6251,542,0.629907,0.025196,0.040000
z_0128_577.471042.png,#117a65,2126,2.470816,0.098833,0.040000
z_0128_577.471042.png,#145a32,522,0.606663,0.024267,0.040000
z_0128_577.471042.png,#154360,772,0.897211,0.035888,0.040000
z_0128_577.471042.png,#196f3d,1638,1.903667,0.076147,0.040000
z_0128_577.471042.png,#1b4f72,939,1.091296,0.043652,0.040000
z_0128_577.471042.png,#2e4053,379,0.440470,0.017619,0.040000
z_0128_577.471042.png,#2ecc71,414,0.481147,0.019246,0.040000
z_0128_577.471042.png,#3b3b98,198,0.230114,0.009205,0.040000
z_0128_577.471042.png,#48c9b0,649,0.754261,0.030170,0.040000
z_0128_577.471042.png,#4a235a,7554,8.779184,0.351167,0.040000
z_0128_577.471042.png,#512e5f,600,0.697314,0.027893,0.040000
z_0128_577.471042.png,#52be80,164,0.190599,0.007624,0.040000
z_0128_577.471042.png,#5499c7,3985,4.631327,0.185253,0.040000
z_0128_577.471042.png,#73c6b6,194,0.225465,0.009019,0.040000
z_0128_577.471042.png,#7b241c,1896,2.203512,0.088140,0.040000
z_0128_577.471042.png,#82e0aa,638,0.741477,0.029659,0.040000
z_0128_577.471042.png,#85c1e9,2884,3.351756,0.134070,0.040000
z_0128_577.471042.png,#922b21,1299,1.509685,0.060387,0.040000
z_0128_577.471042.png,#9a7d0a,2642,3.070506,0.122820,0.040000
z_0128_577.471042.png,#a2d9ce,389,0.452092,0.018084,0.040000
z_0128_577.471042.png,#a3e4d7,63,0.073218,0.002929,0.040000
z_0128_577.471042.png,#a9cce3,19,0.022082,0.000883,0.040000
z_0128_577.471042.png,#af7ac5,437,0.507877,0.020315,0.040000
z_0128_577.471042.png,#b9770e,111,0.129003,0.005160,0.040000
z_0128_577.471042.png,#cb4335,1184,1.376033,0.055041,0.040000
z_0128_577.471042.png,#d2b4de,489,0.568311,0.022732,0.040000
z_0128_577.471042.png,#d35400,50,0.058110,0.002324,0.040000
z_0128_577.471042.png,#d68910,230,0.267304,0.010692,0.040000
z_0128_577.471042.png,#e59866,76,0.088326,0.003533,0.040000
z_0128_577.471042.png,#e74c3c,455,0.528796,0.021152,0.040000
z_0128_577.471042.png,#edbb99,2596,3.017045,0.120682,0.040000
z_0128_577.471042.png,#f1948a,69,0.080191,0.003208,0.040000
z_0128_577.471042.png,#f58231,1746,2.029184,0.081167,0.040000
z_0128_577.471042.png,#f7dc6f,97,0.112732,0.004509,0.040000
z_0128_577.471042.png,#f8c471,1317,1.530604,0.061224,0.040000
z_0128_577.471042.png,#fad7a0,413,0.479985,0.019199,0.040000
z_0129_578.482625.png,#0e6251,541,0.628745,0.025150,0.040000
z_0129_578.482625.png,#117a65,2117,2.460356,0.098414,0.040000
z_0129_578.482625.png,#145a32,520,0.604339,0.024174,0.040000
z_0129_578.482625.png,#154360,772,0.897211,0.035888,0.040000
z_0129_578.482625.png,#196f3d,1647,1.914127,0.076565,0.040000
z_0129_578.482625.png,#1b4f72,940,1.092459,0.043698,0.040000
z_0129_578.482625.png,#2e4053,383,0.445119,0.017805,0.040000
z_0129_578.482625.png,#2ecc71,416,0.483471,0.019339,0.040000
z_0129_578.482625.png,#3b3b98,192,0.223140,0.008926,0.040000
z_0129_578.482625.png,#48c9b0,653,0.758910,0.030356,0.040000
z_0129_578.482625.png,#4a235a,7557,8.782670,0.351307,0.040000
z_0129_578.482625.png,#512e5f,605,0.703125,0.028125,0.040000
z_0129_578.482625.png,#52be80,162,0.188275,0.007531,0.040000
z_0129_578.482625.png,#5499c7,3984,4.630165,0.185207,0.040000
z_0129_578.482625.png,#73c6b6,194,0.225465,0.009019,0.040000
z_0129_578.482625.png,#7b241c,1889,2.195377,0.087815,0.040000
z_0129_578.482625.png,#82e0aa,634,0.736829,0.029473,0.040000
z_0129_578.482625.png,#85c1e9,2888,3.356405,0.134256,0.040000
z_0129_578.482625.png,#922b21,1298,1.508523,0.060341,0.040000
z_0129_578.482625.png,#9a7d0a,2654,3.084452,0.123378,0.040000
z_0129_578.482625.png,#a2d9ce,392,0.455579,0.018223,0.040000
z_0129_578.482625.png,#a3e4d7,63,0.073218,0.002929,0.040000
z_0129_578.482625.png,#a9cce3,15,0.017433,0.000697,0.040000
z_0129_578.482625.png,#af7ac5,437,0.507877,0.020315,0.040000
z_0129_578.482625.png,#b9770e,110,0.127841,0.005114,0.040000
z_0129_578.482625.png,#cb4335,1178,1.369060,0.054762,0.040000
z_0129_578.482625.png,#d2b4de,489,0.568311,0.022732,0.040000
z_0129_578.482625.png,#d35400,60,0.069731,0.002789,0.040000
z_0129_578.482625.png,#d68910,230,0.267304,0.010692,0.040000
z_0129_578.482625.png,#e59866,77,0.089489,0.003580,0.040000
z_0129_578.482625.png,#e74c3c,456,0.529959,0.021198,0.040000
z_0129_578.482625.png,#edbb99,2589,3.008910,0.120356,0.040000
z_0129_578.482625.png,#f1948a,71,0.082515,0.003301,0.040000
z_0129_578.482625.png,#f58231,1745,2.028022,0.081121,0.040000
z_0129_578.482625.png,#f7dc6f,97,0.112732,0.004509,0.040000
z_0129_578.482625.png,#f8c471,1312,1.524793,0.060992,0.040000
z_0129_578.482625.png,#fad7a0,414,0.481147,0.019246,0.040000
z_0130_579.494208.png,#0e6251,484,0.562500,0.022500,0.040000
z_0130_579.494208.png,#117a65,2412,2.803202,0.112128,0.040000
z_0130_579.494208.png,#145a32,531,0.617123,0.024685,0.040000
z_0130_579.494208.png,#154360,864,1.004132,0.040165,0.040000
z_0130_579.494208.png,#196f3d,1629,1.893208,0.075728,0.040000
z_0130_579.494208.png,#1b4f72,1094,1.271436,0.050857,0.040000
z_0130_579.494208.png,#2e4053,476,0.553202,0.022128,0.040000
z_0130_579.494208.png,#2ecc71,315,0.366090,0.014644,0.040000
z_0130_579.494208.png,#3b3b98,313,0.363765,0.014551,0.040000
z_0130_579.494208.png,#48c9b0,1601,1.860666,0.074427,0.040000
z_0130_579.494208.png,#4a235a,6919,8.041193,0.321648,0.040000
z_0130_579.494208.png,#512e5f,788,0.915806,0.036632,0.040000
z_0130_579.494208.png,#52be80,201,0.233600,0.009344,0.040000
z_0130_579.494208.png,#5499c7,3887,4.517433,0.180697,0.040000
z_0130_579.494208.png,#73c6b6,357,0.414902,0.016596,0.040000
z_0130_579.494208.png,#7b241c,1327,1.542226,0.061689,0.040000
z_0130_579.494208.png,#82e0aa,575,0.668259,0.026730,0.040000
z_0130_579.494208.png,#85c1e9,2980,3.463326,0.138533,0.040000
z_0130_579.494208.png,#922b21,1375,1.598011,0.063920,0.040000
z_0130_579.494208.png,#9a7d0a,2548,2.961260,0.118450,0.040000
z_0130_579.494208.png,#a3e4d7,58,0.067407,0.002696,0.040000
z_0130_579.494208.png,#a9cce3,170,0.197572,0.007903,0.040000
z_0130_579.494208.png,#af7ac5,355,0.412577,0.016503,0.040000
z_0130_579.494208.png,#b9770e,99,0.115057,0.004602,0.040000
z_0130_579.494208.png,#cb4335,1135,1.319086,0.052763,0.040000
z_0130_579.494208.png,#d2b4de,436,0.506715,0.020269,0.040000
z_0130_579.494208.png,#d35400,1307,1.518982,0.060759,0.040000
z_0130_579.494208.png,#d68910,396,0.460227,0.018409,0.040000
z_0130_579.494208.png,#e59866,275,0.319602,0.012784,0.040000
z_0130_579.494208.png,#e74c3c,438,0.509039,0.020362,0.040000
z_0130_579.494208.png,#edbb99,2782,3.233213,0.129329,0.040000
z_0130_579.494208.png,#f1948a,70,0.081353,0.003254,0.040000
z_0130_579.494208.png,#f58231,1783,2.072185,0.082887,0.040000
z_0130_579.494208.png,#f7dc6f,35,0.040677,0.001627,0.040000
z_0130_579.494208.png,#f8c471,1162,1.350465,0.054019,0.040000
z_0130_579.494208.png,#fad7a0,480,0.557851,0.022314,0.040000
z_0131_580.505792.png,#0e6251,483,0.561338,0.022454,0.040000
z_0131_580.505792.png,#117a65,2418,2.810176,0.112407,0.040000
z_0131_580.505792.png,#145a32,536,0.622934,0.024917,0.040000
z_0131_580.505792.png,#154360,865,1.005294,0.040212,0.040000
z_0131_580.505792.png,#196f3d,1629,1.893208,0.075728,0.040000
z_0131_580.505792.png,#1b4f72,1099,1.277247,0.051090,0.040000
z_0131_580.505792.png,#2e4053,475,0.552040,0.022082,0.040000
z_0131_580.505792.png,#2ecc71,316,0.367252,0.014690,0.040000
z_0131_580.505792.png,#3b3b98,309,0.359117,0.014365,0.040000
z_0131_580.505792.png,#48c9b0,1601,1.860666,0.074427,0.040000
z_0131_580.505792.png,#4a235a,6921,8.043518,0.321741,0.040000
z_0131_580.505792.png,#512e5f,790,0.918130,0.036725,0.040000
z_0131_580.505792.png,#52be80,204,0.237087,0.009483,0.040000
z_0131_580.505792.png,#5499c7,3894,4.525568,0.181023,0.040000
z_0131_580.505792.png,#73c6b6,367,0.426524,0.017061,0.040000
z_0131_580.505792.png,#7b241c,1326,1.541064,0.061643,0.040000
z_0131_580.505792.png,#82e0aa,574,0.667097,0.026684,0.040000
z_0131_580.505792.png,#85c1e9,2963,3.443569,0.137743,0.040000
z_0131_580.505792.png,#922b21,1378,1.601498,0.064060,0.040000
z_0131_580.505792.png,#9a7d0a,2547,2.960098,0.118404,0.040000
z_0131_580.505792.png,#a3e4d7,58,0.067407,0.002696,0.040000
z_0131_580.505792.png,#a9cce3,169,0.196410,0.007856,0.040000
z_0131_580.505792.png,#af7ac5,360,0.418388,0.016736,0.040000
z_0131_580.505792.png,#b9770e,99,0.115057,0.004602,0.040000
z_0131_580.505792.png,#cb4335,1140,1.324897,0.052996,0.040000
z_0131_580.505792.png,#d2b4de,437,0.507877,0.020315,0.040000
z_0131_580.505792.png,#d35400,1309,1.521307,0.060852,0.040000
z_0131_580.505792.png,#d68910,395,0.459065,0.018363,0.040000
z_0131_580.505792.png,#e59866,277,0.321927,0.012877,0.040000
z_0131_580.505792.png,#e74c3c,442,0.513688,0.020548,0.040000
z_0131_580.505792.png,#edbb99,2779,3.229726,0.129189,0.040000
z_0131_580.505792.png,#f1948a,72,0.083678,0.003347,0.040000
z_0131_580.505792.png,#f58231,1785,2.074509,0.082980,0.040000
z_0131_580.505792.png,#f7dc6f,35,0.040677,0.001627,0.040000
z_0131_580.505792.png,#f8c471,1163,1.351627,0.054065,0.040000
z_0131_580.505792.png,#fad7a0,493,0.572960,0.022918,0.040000
z_0132_581.517375.png,#0e6251,468,0.543905,0.021756,0.040000
z_0132_581.517375.png,#117a65,2369,2.753228,0.110129,0.040000
z_0132_581.517375.png,#145a32,543,0.631069,0.025243,0.040000
z_0132_581.517375.png,#154360,902,1.048295,0.041932,0.040000
z_0132_581.517375.png,#196f3d,1670,1.940857,0.077634,0.040000
z_0132_581.517375.png,#1b4f72,1135,1.319086,0.052763,0.040000
z_0132_581.517375.png,#2e4053,592,0.688017,0.027521,0.040000
z_0132_581.517375.png,#2ecc71,275,0.319602,0.012784,0.040000
z_0132_581.517375.png,#3b3b98,341,0.396307,0.015852,0.040000
z_0132_581.517375.png,#48c9b0,1784,2.073347,0.082934,0.040000
z_0132_581.517375.png,#4a235a,6425,7.467071,0.298683,0.040000
z_0132_581.517375.png,#512e5f,803,0.933239,0.037330,0.040000
z_0132_581.517375.png,#52be80,227,0.263817,0.010553,0.040000
z_0132_581.517375.png,#5499c7,3772,4.383781,0.175351,0.040000
z_0132_581.517375.png,#73c6b6,434,0.504390,0.020176,0.040000
z_0132_581.517375.png,#7b241c,1177,1.367898,0.054716,0.040000
z_0132_581.517375.png,#82e0aa,579,0.672908,0.026916,0.040000
z_0132_581.517375.png,#85c1e9,2904,3.375000,0.135000,0.040000
z_0132_581.517375.png,#922b21,1386,1.610795,0.064432,0.040000
z_0132_581.517375.png,#9a7d0a,2568,2.984504,0.119380,0.040000
z_0132_581.517375.png,#a3e4d7,59,0.068569,0.002743,0.040000
z_0132_581.517375.png,#a9cce3,98,0.113895,0.004556,0.040000
z_0132_581.517375.png,#af7ac5,365,0.424199,0.016968,0.040000
z_0132_581.517375.png,#b9770e,90,0.104597,0.004184,0.040000
z_0132_581.517375.png,#bb8fce,1,0.001162,0.000046,0.040000
z_0132_581.517375.png,#cb4335,1111,1.291193,0.051648,0.040000
z_0132_581.517375.png,#d2b4de,417,0.484633,0.019385,0.040000
z_0132_581.517375.png,#d35400,1293,1.502712,0.060108,0.040000
z_0132_581.517375.png,#d68910,435,0.505553,0.020222,0.040000
z_0132_581.517375.png,#e59866,416,0.483471,0.019339,0.040000
z_0132_581.517375.png,#e74c3c,442,0.513688,0.020548,0.040000
z_0132_581.517375.png,#edbb99,2821,3.278538,0.131142,0.040000
z_0132_581.517375.png,#f1948a,68,0.079029,0.003161,0.040000
z_0132_581.517375.png,#f58231,1768,2.054752,0.082190,0.040000
z_0132_581.517375.png,#f7dc6f,25,0.029055,0.001162,0.040000
z_0132_581.517375.png,#f8c471,1131,1.314437,0.052577,0.040000
z_0132_581.517375.png,#fad7a0,505,0.586906,0.023476,0.040000
z_0133_582.528958.png,#0e6251,437,0.507877,0.020315,0.040000
z_0133_582.528958.png,#117a65,2188,2.542872,0.101715,0.040000
z_0133_582.528958.png,#145a32,535,0.621772,0.024871,0.040000
z_0133_582.528958.png,#154360,951,1.105243,0.044210,0.040000
z_0133_582.528958.png,#196f3d,1760,2.045455,0.081818,0.040000
z_0133_582.528958.png,#1b4f72,1149,1.335356,0.053414,0.040000
z_0133_582.528958.png,#2e4053,667,0.775181,0.031007,0.040000
z_0133_582.528958.png,#2ecc71,264,0.306818,0.012273,0.040000
z_0133_582.528958.png,#3b3b98,373,0.433497,0.017340,0.040000
z_0133_582.528958.png,#48c9b0,2072,2.408058,0.096322,0.040000
z_0133_582.528958.png,#4a235a,5476,6.364153,0.254566,0.040000
z_0133_582.528958.png,#512e5f,895,1.040160,0.041606,0.040000
z_0133_582.528958.png,#52be80,238,0.276601,0.011064,0.040000
z_0133_582.528958.png,#5499c7,3628,4.216426,0.168657,0.040000
z_0133_582.528958.png,#73c6b6,600,0.697314,0.027893,0.040000
z_0133_582.528958.png,#7b241c,965,1.121513,0.044861,0.040000
z_0133_582.528958.png,#82e0aa,583,0.677557,0.027102,0.040000
z_0133_582.528958.png,#85c1e9,2958,3.437758,0.137510,0.040000
z_0133_582.528958.png,#922b21,1392,1.617769,0.064711,0.040000
z_0133_582.528958.png,#9a7d0a,2603,3.025181,0.121007,0.040000
z_0133_582.528958.png,#a3e4d7,61,0.070894,0.002836,0.040000
z_0133_582.528958.png,#a9cce3,142,0.165031,0.006601,0.040000
z_0133_582.528958.png,#af7ac5,381,0.442794,0.017712,0.040000
z_0133_582.528958.png,#b9770e,83,0.096462,0.003858,0.040000
z_0133_582.528958.png,#cb4335,1082,1.257490,0.050300,0.040000
z_0133_582.528958.png,#d2b4de,487,0.565987,0.022639,0.040000
z_0133_582.528958.png,#d35400,1332,1.548037,0.061921,0.040000
z_0133_582.528958.png,#d68910,391,0.454416,0.018177,0.040000
z_0133_582.528958.png,#e59866,461,0.535770,0.021431,0.040000
z_0133_582.528958.png,#e74c3c,428,0.497417,0.019897,0.040000
z_0133_582.528958.png,#edbb99,2827,3.285511,0.131420,0.040000
z_0133_582.528958.png,#f1948a,81,0.094137,0.003765,0.040000
z_0133_582.528958.png,#f58231,1807,2.100077,0.084003,0.040000
z_0133_582.528958.png,#f7dc6f,20,0.023244,0.000930,0.040000
z_0133_582.528958.png,#f8c471,1075,1.249354,0.049974,0.040000
z_0133_582.528958.png,#fad7a0,548,0.636880,0.025475,0.040000
z_0134_583.540541.png,#0e6251,417,0.484633,0.019385,0.040000
z_0134_583.540541.png,#117a65,2164,2.514979,0.100599,0.040000
z_0134_583.540541.png,#145a32,536,0.622934,0.024917,0.040000
z_0134_583.540541.png,#154360,963,1.119189,0.044768,0.040000
z_0134_583.540541.png,#196f3d,1825,2.120997,0.084840,0.040000
z_0134_583.540541.png,#1b4f72,1161,1.349303,0.053972,0.040000
z_0134_583.540541.png,#2e4053,720,0.836777,0.033471,0.040000
z_0134_583.540541.png,#2ecc71,258,0.299845,0.011994,0.040000
z_0134_583.540541.png,#3b3b98,396,0.460227,0.018409,0.040000
z_0134_583.540541.png,#48c9b0,2284,2.654442,0.106178,0.040000
z_0134_583.540541.png,#4a235a,4998,5.808626,0.232345,0.040000
z_0134_583.540541.png,#512e5f,993,1.154055,0.046162,0.040000
z_0134_583.540541.png,#52be80,237,0.275439,0.011018,0.040000
z_0134_583.540541.png,#5499c7,3509,4.078125,0.163125,0.040000
z_0134_583.540541.png,#73c6b6,684,0.794938,0.031798,0.040000
z_0134_583.540541.png,#7b241c,806,0.936725,0.037469,0.040000
z_0134_583.540541.png,#82e0aa,568,0.660124,0.026405,0.040000
z_0134_583.540541.png,#85c1e9,3050,3.544680,0.141787,0.040000
z_0134_583.540541.png,#922b21,1324,1.538740,0.061550,0.040000
z_0134_583.540541.png,#9a7d0a,2829,3.287836,0.131513,0.040000
z_0134_583.540541.png,#a3e4d7,72,0.083678,0.003347,0.040000
z_0134_583.540541.png,#a9cce3,133,0.154571,0.006183,0.040000
z_0134_583.540541.png,#af7ac5,385,0.447443,0.017898,0.040000
z_0134_583.540541.png,#b9770e,94,0.109246,0.004370,0.040000
z_0134_583.540541.png,#cb4335,1035,1.202867,0.048115,0.040000
z_0134_583.540541.png,#d2b4de,589,0.684530,0.027381,0.040000
z_0134_583.540541.png,#d35400,1479,1.718879,0.068755,0.040000
z_0134_583.540541.png,#d68910,340,0.395145,0.015806,0.040000
z_0134_583.540541.png,#e59866,468,0.543905,0.021756,0.040000
z_0134_583.540541.png,#e74c3c,493,0.572960,0.022918,0.040000
z_0134_583.540541.png,#edbb99,3105,3.608600,0.144344,0.040000
z_0134_583.540541.png,#f1948a,76,0.088326,0.003533,0.040000
z_0134_583.540541.png,#f58231,1814,2.108213,0.084329,0.040000
z_0134_583.540541.png,#f7dc6f,24,0.027893,0.001116,0.040000
z_0134_583.540541.png,#f8c471,1006,1.169163,0.046767,0.040000
z_0134_583.540541.png,#fad7a0,601,0.698476,0.027939,0.040000
z_0135_584.552124.png,#0e6251,404,0.469525,0.018781,0.040000
z_0135_584.552124.png,#117a65,2215,2.574251,0.102970,0.040000
z_0135_584.552124.png,#145a32,557,0.647340,0.025894,0.040000
z_0135_584.552124.png,#154360,998,1.159866,0.046395,0.040000
z_0135_584.552124.png,#196f3d,1874,2.177944,0.087118,0.040000
z_0135_584.552124.png,#1b4f72,1110,1.290031,0.051601,0.040000
z_0135_584.552124.png,#2e4053,664,0.771694,0.030868,0.040000
z_0135_584.552124.png,#2ecc71,259,0.301007,0.012040,0.040000
z_0135_584.552124.png,#3b3b98,428,0.497417,0.019897,0.040000
z_0135_584.552124.png,#48c9b0,2669,3.101885,0.124075,0.040000
z_0135_584.552124.png,#4a235a,4514,5.246126,0.209845,0.040000
z_0135_584.552124.png,#512e5f,1068,1.241219,0.049649,0.040000
z_0135_584.552124.png,#52be80,213,0.247546,0.009902,0.040000
z_0135_584.552124.png,#5499c7,3121,3.627195,0.145088,0.040000
z_0135_584.552124.png,#73c6b6,636,0.739153,0.029566,0.040000
z_0135_584.552124.png,#7b241c,749,0.870480,0.034819,0.040000
z_0135_584.552124.png,#82e0aa,578,0.671746,0.026870,0.040000
z_0135_584.552124.png,#85c1e9,3019,3.508652,0.140346,0.040000
z_0135_584.552124.png,#922b21,1419,1.649148,0.065966,0.040000
z_0135_584.552124.png,#9a7d0a,2882,3.349432,0.133977,0.040000
z_0135_584.552124.png,#a3e4d7,73,0.084840,0.003394,0.040000
z_0135_584.552124.png,#a9cce3,121,0.140625,0.005625,0.040000
z_0135_584.552124.png,#af7ac5,402,0.467200,0.018688,0.040000
z_0135_584.552124.png,#b9770e,90,0.104597,0.004184,0.040000
z_0135_584.552124.png,#cb4335,995,1.156379,0.046255,0.040000
z_0135_584.552124.png,#d2b4de,644,0.748450,0.029938,0.040000
z_0135_584.552124.png,#d35400,1517,1.763042,0.070522,0.040000
z_0135_584.552124.png,#d68910,211,0.245222,0.009809,0.040000
z_0135_584.552124.png,#e59866,502,0.583419,0.023337,0.040000
z_0135_584.552124.png,#e74c3c,521,0.605501,0.024220,0.040000
z_0135_584.552124.png,#edbb99,3217,3.738765,0.149551,0.040000
z_0135_584.552124.png,#f1948a,64,0.074380,0.002975,0.040000
z_0135_584.552124.png,#f58231,1907,2.216296,0.088652,0.040000
z_0135_584.552124.png,#f7dc6f,32,0.037190,0.001488,0.040000
z_0135_584.552124.png,#f8c471,947,1.100594,0.044024,0.040000
z_0135_584.552124.png,#fad7a0,644,0.748450,0.029938,0.040000
z_0136_585.563707.png,#0e6251,403,0.468363,0.018735,0.040000
z_0136_585.563707.png,#117a65,2209,2.567278,0.102691,0.040000
z_0136_585.563707.png,#145a32,555,0.645015,0.025801,0.040000
z_0136_585.563707.png,#154360,1006,1.169163,0.046767,0.040000
z_0136_585.563707.png,#196f3d,1881,2.186080,0.087443,0.040000
z_0136_585.563707.png,#1b4f72,1113,1.293518,0.051741,0.040000
z_0136_585.563707.png,#2e4053,669,0.777505,0.031100,0.040000
z_0136_585.563707.png,#2ecc71,259,0.301007,0.012040,0.040000
z_0136_585.563707.png,#3b3b98,425,0.493931,0.019757,0.040000
z_0136_585.563707.png,#48c9b0,2685,3.120480,0.124819,0.040000
z_0136_585.563707.png,#4a235a,4488,5.215909,0.208636,0.040000
z_0136_585.563707.png,#512e5f,1070,1.243543,0.049742,0.040000
z_0136_585.563707.png,#52be80,212,0.246384,0.009855,0.040000
z_0136_585.563707.png,#5499c7,3114,3.619060,0.144762,0.040000
z_0136_585.563707.png,#73c6b6,635,0.737991,0.029520,0.040000
z_0136_585.563707.png,#7b241c,744,0.864669,0.034587,0.040000
z_0136_585.563707.png,#82e0aa,583,0.677557,0.027102,0.040000
z_0136_585.563707.png,#85c1e9,3026,3.516787,0.140671,0.040000
z_0136_585.563707.png,#922b21,1442,1.675878,0.067035,0.040000
z_0136_585.563707.png,#9a7d0a,2879,3.345945,0.133838,0.040000
z_0136_585.563707.png,#a3e4d7,76,0.088326,0.003533,0.040000
z_0136_585.563707.png,#a9cce3,121,0.140625,0.005625,0.040000
z_0136_585.563707.png,#af7ac5,403,0.468363,0.018735,0.040000
z_0136_585.563707.png,#b9770e,90,0.104597,0.004184,0.040000
z_0136_585.563707.png,#cb4335,994,1.155217,0.046209,0.040000
z_0136_585.563707.png,#d2b4de,651,0.756586,0.030263,0.040000
z_0136_585.563707.png,#d35400,1516,1.761880,0.070475,0.040000
z_0136_585.563707.png,#d68910,212,0.246384,0.009855,0.040000
z_0136_585.563707.png,#e59866,499,0.579933,0.023197,0.040000
z_0136_585.563707.png,#e74c3c,523,0.607825,0.024313,0.040000
z_0136_585.563707.png,#edbb99,3216,3.737603,0.149504,0.040000
z_0136_585.563707.png,#f1948a,63,0.073218,0.002929,0.040000
z_0136_585.563707.png,#f58231,1901,2.209323,0.088373,0.040000
z_0136_585.563707.png,#f7dc6f,32,0.037190,0.001488,0.040000
z_0136_585.563707.png,#f8c471,941,1.093621,0.043745,0.040000
z_0136_585.563707.png,#fad7a0,652,0.757748,0.030310,0.040000
z_0137_586.575290.png,#0e6251,369,0.428848,0.017154,0.040000
z_0137_586.575290.png,#117a65,2321,2.697443,0.107898,0.040000
z_0137_586.575290.png,#145a32,674,0.783316,0.031333,0.040000
z_0137_586.575290.png,#154360,1025,1.191245,0.047650,0.040000
z_0137_586.575290.png,#196f3d,1822,2.117510,0.084700,0.040000
z_0137_586.575290.png,#1b4f72,1152,1.338843,0.053554,0.040000
z_0137_586.575290.png,#2e4053,655,0.761235,0.030449,0.040000
z_0137_586.575290.png,#2ecc71,235,0.273115,0.010925,0.040000
z_0137_586.575290.png,#3b3b98,433,0.503228,0.020129,0.040000
z_0137_586.575290.png,#45b39d,113,0.131327,0.005253,0.040000
z_0137_586.575290.png,#48c9b0,3221,3.743414,0.149737,0.040000
z_0137_586.575290.png,#4a235a,3824,4.444215,0.177769,0.040000
z_0137_586.575290.png,#512e5f,1214,1.410899,0.056436,0.040000
z_0137_586.575290.png,#52be80,162,0.188275,0.007531,0.040000
z_0137_586.575290.png,#5499c7,2612,3.035640,0.121426,0.040000
z_0137_586.575290.png,#73c6b6,315,0.366090,0.014644,0.040000
z_0137_586.575290.png,#7b241c,652,0.757748,0.030310,0.040000
z_0137_586.575290.png,#82e0aa,609,0.707774,0.028311,0.040000
z_0137_586.575290.png,#85c1e9,2771,3.220429,0.128817,0.040000
z_0137_586.575290.png,#922b21,1657,1.925749,0.077030,0.040000
z_0137_586.575290.png,#9a7d0a,2925,3.399406,0.135976,0.040000
z_0137_586.575290.png,#a2d9ce,6,0.006973,0.000279,0.040000
z_0137_586.575290.png,#a3e4d7,109,0.126679,0.005067,0.040000
z_0137_586.575290.png,#a9cce3,167,0.194086,0.007763,0.040000
z_0137_586.575290.png,#af7ac5,435,0.505553,0.020222,0.040000
z_0137_586.575290.png,#b9770e,82,0.095300,0.003812,0.040000
z_0137_586.575290.png,#cb4335,799,0.928590,0.037144,0.040000
z_0137_586.575290.png,#d2b4de,664,0.771694,0.030868,0.040000
z_0137_586.575290.png,#d35400,1797,2.088456,0.083538,0.040000
z_0137_586.575290.png,#d68910,230,0.267304,0.010692,0.040000
z_0137_586.575290.png,#e59866,427,0.496255,0.019850,0.040000
z_0137_586.575290.png,#e74c3c,591,0.686854,0.027474,0.040000
z_0137_586.575290.png,#edbb99,3486,4.051395,0.162056,0.040000
z_0137_586.575290.png,#f1948a,45,0.052299,0.002092,0.040000
z_0137_586.575290.png,#f58231,2074,2.410382,0.096415,0.040000
z_0137_586.575290.png,#f7dc6f,82,0.095300,0.003812,0.040000
z_0137_586.575290.png,#f8c471,797,0.926265,0.037051,0.040000
z_0137_586.575290.png,#fad7a0,771,0.896049,0.035842,0.040000
z_0138_587.586873.png,#0e6251,355,0.412577,0.016503,0.040000
z_0138_587.586873.png,#117a65,2322,2.698605,0.107944,0.040000
z_0138_587.586873.png,#145a32,800,0.929752,0.037190,0.040000
z_0138_587.586873.png,#154360,998,1.159866,0.046395,0.040000
z_0138_587.586873.png,#196f3d,1798,2.089618,0.083585,0.040000
z_0138_587.586873.png,#1b4f72,1154,1.341167,0.053647,0.040000
z_0138_587.586873.png,#2e4053,644,0.748450,0.029938,0.040000
z_0138_587.586873.png,#2ecc71,200,0.232438,0.009298,0.040000
z_0138_587.586873.png,#3b3b98,475,0.552040,0.022082,0.040000
z_0138_587.586873.png,#45b39d,155,0.180139,0.007206,0.040000
z_0138_587.586873.png,#48c9b0,3287,3.820119,0.152805,0.040000
z_0138_587.586873.png,#4a235a,3603,4.187371,0.167495,0.040000
z_0138_587.586873.png,#512e5f,1201,1.395790,0.055832,0.040000
z_0138_587.586873.png,#52be80,127,0.147598,0.005904,0.040000
z_0138_587.586873.png,#5499c7,2570,2.986829,0.119473,0.040000
z_0138_587.586873.png,#73c6b6,230,0.267304,0.010692,0.040000
z_0138_587.586873.png,#7b241c,607,0.705449,0.028218,0.040000
z_0138_587.586873.png,#82e0aa,612,0.711260,0.028450,0.040000
z_0138_587.586873.png,#85c1e9,2567,2.983342,0.119334,0.040000
z_0138_587.586873.png,#922b21,1845,2.144241,0.085770,0.040000
z_0138_587.586873.png,#9a7d0a,2847,3.308755,0.132350,0.040000
z_0138_587.586873.png,#a3e4d7,93,0.108084,0.004323,0.040000
z_0138_587.586873.png,#a9cce3,174,0.202221,0.008089,0.040000
z_0138_587.586873.png,#af7ac5,521,0.605501,0.024220,0.040000
z_0138_587.586873.png,#b9770e,75,0.087164,0.003487,0.040000
z_0138_587.586873.png,#bb8fce,1,0.001162,0.000046,0.040000
z_0138_587.586873.png,#cb4335,705,0.819344,0.032774,0.040000
z_0138_587.586873.png,#d2b4de,686,0.797262,0.031890,0.040000
z_0138_587.586873.png,#d35400,1874,2.177944,0.087118,0.040000
z_0138_587.586873.png,#d68910,274,0.318440,0.012738,0.040000
z_0138_587.586873.png,#e59866,389,0.452092,0.018084,0.040000
z_0138_587.586873.png,#e74c3c,598,0.694990,0.027800,0.040000
z_0138_587.586873.png,#edbb99,3457,4.017691,0.160708,0.040000
z_0138_587.586873.png,#f1948a,41,0.047650,0.001906,0.040000
z_0138_587.586873.png,#f58231,2109,2.451059,0.098042,0.040000
z_0138_587.586873.png,#f7dc6f,123,0.142949,0.005718,0.040000
z_0138_587.586873.png,#f8c471,749,0.870480,0.034819,0.040000
z_0138_587.586873.png,#fad7a0,836,0.971591,0.038864,0.040000
z_0139_588.598456.png,#0e6251,353,0.410253,0.016410,0.040000
z_0139_588.598456.png,#117a65,2321,2.697443,0.107898,0.040000
z_0139_588.598456.png,#145a32,819,0.951834,0.038073,0.040000
z_0139_588.598456.png,#154360,1002,1.164514,0.046581,0.040000
z_0139_588.598456.png,#196f3d,1770,2.057076,0.082283,0.040000
z_0139_588.598456.png,#1b4f72,1158,1.345816,0.053833,0.040000
z_0139_588.598456.png,#2e4053,668,0.776343,0.031054,0.040000
z_0139_588.598456.png,#2ecc71,127,0.147598,0.005904,0.040000
z_0139_588.598456.png,#3b3b98,515,0.598528,0.023941,0.040000
z_0139_588.598456.png,#45b39d,189,0.219654,0.008786,0.040000
z_0139_588.598456.png,#48c9b0,3374,3.921229,0.156849,0.040000
z_0139_588.598456.png,#4a235a,3545,4.119964,0.164799,0.040000
z_0139_588.598456.png,#512e5f,1222,1.420196,0.056808,0.040000
z_0139_588.598456.png,#52be80,136,0.158058,0.006322,0.040000
z_0139_588.598456.png,#5499c7,2526,2.935692,0.117428,0.040000
z_0139_588.598456.png,#73c6b6,226,0.262655,0.010506,0.040000
z_0139_588.598456.png,#7b241c,606,0.704287,0.028171,0.040000
z_0139_588.598456.png,#82e0aa,617,0.717071,0.028683,0.040000
z_0139_588.598456.png,#85c1e9,2348,2.728822,0.109153,0.040000
z_0139_588.598456.png,#922b21,2023,2.351111,0.094044,0.040000
z_0139_588.598456.png,#9a7d0a,2794,3.247159,0.129886,0.040000
z_0139_588.598456.png,#a2d9ce,9,0.010460,0.000418,0.040000
z_0139_588.598456.png,#a3e4d7,85,0.098786,0.003951,0.040000
z_0139_588.598456.png,#a9cce3,186,0.216167,0.008647,0.040000
z_0139_588.598456.png,#af7ac5,570,0.662448,0.026498,0.040000
z_0139_588.598456.png,#b9770e,75,0.087164,0.003487,0.040000
z_0139_588.598456.png,#bb8fce,1,0.001162,0.000046,0.040000
z_0139_588.598456.png,#cb4335,649,0.754261,0.030170,0.040000
z_0139_588.598456.png,#d2b4de,655,0.761235,0.030449,0.040000
z_0139_588.598456.png,#d35400,1896,2.203512,0.088140,0.040000
z_0139_588.598456.png,#d68910,280,0.325413,0.013017,0.040000
z_0139_588.598456.png,#e59866,370,0.430010,0.017200,0.040000
z_0139_588.598456.png,#e74c3c,584,0.678719,0.027149,0.040000
z_0139_588.598456.png,#edbb99,3297,3.831741,0.153270,0.040000
z_0139_588.598456.png,#f1948a,38,0.044163,0.001767,0.040000
z_0139_588.598456.png,#f58231,2108,2.449897,0.097996,0.040000
z_0139_588.598456.png,#f7dc6f,162,0.188275,0.007531,0.040000
z_0139_588.598456.png,#f8c471,682,0.792614,0.031705,0.040000
z_0139_588.598456.png,#fad7a0,867,1.007619,0.040305,0.040000
z_0140_589.610039.png,#0e6251,350,0.406767,0.016271,0.040000
z_0140_589.610039.png,#117a65,2102,2.442924,0.097717,0.040000
z_0140_589.610039.png,#145a32,813,0.944861,0.037794,0.040000
z_0140_589.610039.png,#154360,982,1.141271,0.045651,0.040000
z_0140_589.610039.png,#196f3d,1780,2.068698,0.082748,0.040000
z_0140_589.610039.png,#1b4f72,1154,1.341167,0.053647,0.040000
z_0140_589.610039.png,#2e4053,664,0.771694,0.030868,0.040000
z_0140_589.610039.png,#2ecc71,110,0.127841,0.005114,0.040000
z_0140_589.610039.png,#3b3b98,555,0.645015,0.025801,0.040000
z_0140_589.610039.png,#45b39d,222,0.258006,0.010320,0.040000
z_0140_589.610039.png,#48c9b0,3320,3.858471,0.154339,0.040000
z_0140_589.610039.png,#4a235a,3531,4.103693,0.164148,0.040000
z_0140_589.610039.png,#512e5f,1214,1.410899,0.056436,0.040000
z_0140_589.610039.png,#52be80,168,0.195248,0.007810,0.040000
z_0140_589.610039.png,#5499c7,2536,2.947314,0.117893,0.040000
z_0140_589.610039.png,#73c6b6,197,0.228951,0.009158,0.040000
z_0140_589.610039.png,#7b241c,572,0.664773,0.026591,0.040000
z_0140_589.610039.png,#82e0aa,619,0.719396,0.028776,0.040000
z_0140_589.610039.png,#85c1e9,2216,2.575413,0.103017,0.040000
z_0140_589.610039.png,#922b21,2147,2.495222,0.099809,0.040000
z_0140_589.610039.png,#9a7d0a,2647,3.076317,0.123053,0.040000
z_0140_589.610039.png,#a2d9ce,8,0.009298,0.000372,0.040000
z_0140_589.610039.png,#a3e4d7,90,0.104597,0.004184,0.040000
z_0140_589.610039.png,#a9cce3,226,0.262655,0.010506,0.040000
z_0140_589.610039.png,#af601a,2,0.002324,0.000093,0.040000
z_0140_589.610039.png,#af7ac5,666,0.774019,0.030961,0.040000
z_0140_589.610039.png,#b9770e,74,0.086002,0.003440,0.040000
z_0140_589.610039.png,#cb4335,501,0.582257,0.023290,0.040000
z_0140_589.610039.png,#d2b4de,617,0.717071,0.028683,0.040000
z_0140_589.610039.png,#d35400,1999,2.323218,0.092929,0.040000
z_0140_589.610039.png,#d68910,400,0.464876,0.018595,0.040000
z_0140_589.610039.png,#e59866,342,0.397469,0.015899,0.040000
z_0140_589.610039.png,#e74c3c,548,0.636880,0.025475,0.040000
z_0140_589.610039.png,#edbb99,3012,3.500517,0.140021,0.040000
z_0140_589.610039.png,#f1948a,30,0.034866,0.001395,0.040000
z_0140_589.610039.png,#f58231,2084,2.422004,0.096880,0.040000
z_0140_589.610039.png,#f7dc6f,203,0.235925,0.009437,0.040000
z_0140_589.610039.png,#f8c471,644,0.748450,0.029938,0.040000
z_0140_589.610039.png,#fad7a0,836,0.971591,0.038864,0.040000
z_0141_590.621622.png,#0e6251,359,0.417226,0.016689,0.040000
z_0141_590.621622.png,#117a65,1904,2.212810,0.088512,0.040000
z_0141_590.621622.png,#145a32,767,0.891400,0.035656,0.040000
z_0141_590.621622.png,#154360,938,1.090134,0.043605,0.040000
z_0141_590.621622.png,#196f3d,1759,2.044292,0.081772,0.040000
z_0141_590.621622.png,#1b4f72,1175,1.365573,0.054623,0.040000
z_0141_590.621622.png,#2e4053,668,0.776343,0.031054,0.040000
z_0141_590.621622.png,#2ecc71,104,0.120868,0.004835,0.040000
z_0141_590.621622.png,#3b3b98,606,0.704287,0.028171,0.040000
z_0141_590.621622.png,#45b39d,242,0.281250,0.011250,0.040000
z_0141_590.621622.png,#48c9b0,3165,3.678332,0.147133,0.040000
z_0141_590.621622.png,#4a235a,3399,3.950284,0.158011,0.040000
z_0141_590.621622.png,#512e5f,1196,1.389979,0.055599,0.040000
z_0141_590.621622.png,#52be80,214,0.248709,0.009948,0.040000
z_0141_590.621622.png,#5499c7,2835,3.294809,0.131792,0.040000
z_0141_590.621622.png,#73c6b6,173,0.201059,0.008042,0.040000
z_0141_590.621622.png,#7b241c,547,0.635718,0.025429,0.040000
z_0141_590.621622.png,#82e0aa,665,0.772856,0.030914,0.040000
z_0141_590.621622.png,#85c1e9,2103,2.444086,0.097763,0.040000
z_0141_590.621622.png,#922b21,2255,2.620739,0.104830,0.040000
z_0141_590.621622.png,#9a7d0a,2439,2.834582,0.113383,0.040000
z_0141_590.621622.png,#a2d9ce,13,0.015108,0.000604,0.040000
z_0141_590.621622.png,#a3e4d7,85,0.098786,0.003951,0.040000
z_0141_590.621622.png,#a9cce3,296,0.344008,0.013760,0.040000
z_0141_590.621622.png,#af601a,36,0.041839,0.001674,0.040000
z_0141_590.621622.png,#af7ac5,702,0.815857,0.032634,0.040000
z_0141_590.621622.png,#b9770e,66,0.076705,0.003068,0.040000
z_0141_590.621622.png,#bb8fce,1,0.001162,0.000046,0.040000
z_0141_590.621622.png,#cb4335,427,0.496255,0.019850,0.040000
z_0141_590.621622.png,#d2b4de,488,0.567149,0.022686,0.040000
z_0141_590.621622.png,#d35400,2175,2.527763,0.101111,0.040000
z_0141_590.621622.png,#d68910,633,0.735666,0.029427,0.040000
z_0141_590.621622.png,#e59866,329,0.382361,0.015294,0.040000
z_0141_590.621622.png,#e74c3c,553,0.642691,0.025708,0.040000
z_0141_590.621622.png,#edbb99,2375,2.760201,0.110408,0.040000
z_0141_590.621622.png,#f1948a,23,0.026730,0.001069,0.040000
z_0141_590.621622.png,#f58231,1915,2.225594,0.089024,0.040000
z_0141_590.621622.png,#f7dc6f,237,0.275439,0.011018,0.040000
z_0141_590.621622.png,#f8c471,541,0.628745,0.025150,0.040000
z_0141_590.621622.png,#fad7a0,820,0.952996,0.038120,0.040000
z_0142_591.633205.png,#0e6251,357,0.414902,0.016596,0.040000
z_0142_591.633205.png,#117a65,1783,2.072185,0.082887,0.040000
z_0142_591.633205.png,#145a32,696,0.808884,0.032355,0.040000
z_0142_591.633205.png,#154360,961,1.116865,0.044675,0.040000
z_0142_591.633205.png,#196f3d,1762,2.047779,0.081911,0.040000
z_0142_591.633205.png,#1b4f72,1175,1.365573,0.054623,0.040000
z_0142_591.633205.png,#2e4053,688,0.799587,0.031983,0.040000
z_0142_591.633205.png,#2ecc71,85,0.098786,0.003951,0.040000
z_0142_591.633205.png,#3b3b98,640,0.743802,0.029752,0.040000
z_0142_591.633205.png,#45b39d,230,0.267304,0.010692,0.040000
z_0142_591.633205.png,#48c9b0,3003,3.490057,0.139602,0.040000
z_0142_591.633205.png,#4a235a,3268,3.798037,0.151921,0.040000
z_0142_591.633205.png,#512e5f,1176,1.366736,0.054669,0.040000
z_0142_591.633205.png,#52be80,302,0.350981,0.014039,0.040000
z_0142_591.633205.png,#5499c7,2990,3.474948,0.138998,0.040000
z_0142_591.633205.png,#73c6b6,149,0.173166,0.006927,0.040000
z_0142_591.633205.png,#7b241c,543,0.631069,0.025243,0.040000
z_0142_591.633205.png,#82e0aa,664,0.771694,0.030868,0.040000
z_0142_591.633205.png,#85c1e9,2018,2.345300,0.093812,0.040000
z_0142_591.633205.png,#922b21,2333,2.711389,0.108456,0.040000
z_0142_591.633205.png,#9a7d0a,2339,2.718363,0.108735,0.040000
z_0142_591.633205.png,#a2d9ce,10,0.011622,0.000465,0.040000
z_0142_591.633205.png,#a3e4d7,93,0.108084,0.004323,0.040000
z_0142_591.633205.png,#a9cce3,300,0.348657,0.013946,0.040000
z_0142_591.633205.png,#af601a,61,0.070894,0.002836,0.040000
z_0142_591.633205.png,#af7ac5,750,0.871643,0.034866,0.040000
z_0142_591.633205.png,#b9770e,75,0.087164,0.003487,0.040000
z_0142_591.633205.png,#bb8fce,1,0.001162,0.000046,0.040000
z_0142_591.633205.png,#cb4335,345,0.400956,0.016038,0.040000
z_0142_591.633205.png,#d2b4de,451,0.524148,0.020966,0.040000
z_0142_591.633205.png,#d35400,2172,2.524277,0.100971,0.040000
z_0142_591.633205.png,#d68910,847,0.984375,0.039375,0.040000
z_0142_591.633205.png,#e59866,332,0.385847,0.015434,0.040000
z_0142_591.633205.png,#e74c3c,520,0.604339,0.024174,0.040000
z_0142_591.633205.png,#edbb99,1934,2.247676,0.089907,0.040000
z_0142_591.633205.png,#f1948a,26,0.030217,0.001209,0.040000
z_0142_591.633205.png,#f58231,1783,2.072185,0.082887,0.040000
z_0142_591.633205.png,#f7dc6f,286,0.332386,0.013295,0.040000
z_0142_591.633205.png,#f8c471,466,0.541581,0.021663,0.040000
z_0142_591.633205.png,#fad7a0,1024,1.190083,0.047603,0.040000
z_0143_592.644788.png,#0e6251,355,0.412577,0.016503,0.040000
z_0143_592.644788.png,#117a65,1702,1.978048,0.079122,0.040000
z_0143_592.644788.png,#145a32,700,0.813533,0.032541,0.040000
z_0143_592.644788.png,#154360,963,1.119189,0.044768,0.040000
z_0143_592.644788.png,#196f3d,1766,2.052428,0.082097,0.040000
z_0143_592.644788.png,#1b4f72,1147,1.333032,0.053321,0.040000
z_0143_592.644788.png,#2e4053,672,0.780992,0.031240,0.040000
z_0143_592.644788.png,#2ecc71,78,0.090651,0.003626,0.040000
z_0143_592.644788.png,#3b3b98,674,0.783316,0.031333,0.040000
z_0143_592.644788.png,#45b39d,119,0.138301,0.005532,0.040000
z_0143_592.644788.png,#48c9b0,2836,3.295971,0.131839,0.040000
z_0143_592.644788.png,#4a235a,3156,3.667872,0.146715,0.040000
z_0143_592.644788.png,#512e5f,1161,1.349303,0.053972,0.040000
z_0143_592.644788.png,#52be80,424,0.492769,0.019711,0.040000
z_0143_592.644788.png,#5499c7,3096,3.598140,0.143926,0.040000
z_0143_592.644788.png,#73c6b6,135,0.156896,0.006276,0.040000
z_0143_592.644788.png,#7b241c,486,0.564824,0.022593,0.040000
z_0143_592.644788.png,#82e0aa,650,0.755424,0.030217,0.040000
z_0143_592.644788.png,#85c1e9,1953,2.269757,0.090790,0.040000
z_0143_592.644788.png,#922b21,2391,2.778796,0.111152,0.040000
z_0143_592.644788.png,#9a7d0a,2401,2.790418,0.111617,0.040000
z_0143_592.644788.png,#a2d9ce,7,0.008135,0.000325,0.040000
z_0143_592.644788.png,#a3e4d7,91,0.105759,0.004230,0.040000
z_0143_592.644788.png,#a9cce3,300,0.348657,0.013946,0.040000
z_0143_592.644788.png,#af601a,86,0.099948,0.003998,0.040000
z_0143_592.644788.png,#af7ac5,707,0.821668,0.032867,0.040000
z_0143_592.644788.png,#b9770e,85,0.098786,0.003951,0.040000
z_0143_592.644788.png,#cb4335,273,0.317278,0.012691,0.040000
z_0143_592.644788.png,#d2b4de,456,0.529959,0.021198,0.040000
z_0143_592.644788.png,#d35400,1937,2.251162,0.090046,0.040000
z_0143_592.644788.png,#d68910,958,1.113378,0.044535,0.040000
z_0143_592.644788.png,#e59866,322,0.374225,0.014969,0.040000
z_0143_592.644788.png,#e74c3c,533,0.619447,0.024778,0.040000
z_0143_592.644788.png,#edbb99,1673,1.944344,0.077774,0.040000
z_0143_592.644788.png,#f1948a,30,0.034866,0.001395,0.040000
z_0143_592.644788.png,#f58231,1758,2.043130,0.081725,0.040000
z_0143_592.644788.png,#f7dc6f,308,0.357955,0.014318,0.040000
z_0143_592.644788.png,#f8c471,389,0.452092,0.018084,0.040000
z_0143_592.644788.png,#fad7a0,1157,1.344654,0.053786,0.040000
z_0144_593.656371.png,#0e6251,353,0.410253,0.016410,0.040000
z_0144_593.656371.png,#117a65,1701,1.976885,0.079075,0.040000
z_0144_593.656371.png,#145a32,700,0.813533,0.032541,0.040000
z_0144_593.656371.png,#154360,963,1.119189,0.044768,0.040000
z_0144_593.656371.png,#196f3d,1762,2.047779,0.081911,0.040000
z_0144_593.656371.png,#1b4f72,1147,1.333032,0.053321,0.040000
z_0144_593.656371.png,#2e4053,662,0.769370,0.030775,0.040000
z_0144_593.656371.png,#2ecc71,78,0.090651,0.003626,0.040000
z_0144_593.656371.png,#3b3b98,674,0.783316,0.031333,0.040000
z_0144_593.656371.png,#45b39d,119,0.138301,0.005532,0.040000
z_0144_593.656371.png,#48c9b0,2838,3.298295,0.131932,0.040000
z_0144_593.656371.png,#4a235a,3146,3.656250,0.146250,0.040000
z_0144_593.656371.png,#512e5f,1161,1.349303,0.053972,0.040000
z_0144_593.656371.png,#52be80,422,0.490444,0.019618,0.040000
z_0144_593.656371.png,#5499c7,3086,3.586519,0.143461,0.040000
z_0144_593.656371.png,#73c6b6,133,0.154571,0.006183,0.040000
z_0144_593.656371.png,#7b241c,485,0.563662,0.022546,0.040000
z_0144_593.656371.png,#82e0aa,651,0.756586,0.030263,0.040000
z_0144_593.656371.png,#85c1e9,1951,2.267433,0.090697,0.040000
z_0144_593.656371.png,#922b21,2386,2.772986,0.110919,0.040000
z_0144_593.656371.png,#9a7d0a,2401,2.790418,0.111617,0.040000
z_0144_593.656371.png,#a2d9ce,7,0.008135,0.000325,0.040000
z_0144_593.656371.png,#a3e4d7,91,0.105759,0.004230,0.040000
z_0144_593.656371.png,#a9cce3,307,0.356792,0.014272,0.040000
z_0144_593.656371.png,#af601a,86,0.099948,0.003998,0.040000
z_0144_593.656371.png,#af7ac5,711,0.826317,0.033053,0.040000
z_0144_593.656371.png,#b9770e,80,0.092975,0.003719,0.040000
z_0144_593.656371.png,#cb4335,275,0.319602,0.012784,0.040000
z_0144_593.656371.png,#d2b4de,452,0.525310,0.021012,0.040000
z_0144_593.656371.png,#d35400,1914,2.224432,0.088977,0.040000
z_0144_593.656371.png,#d68910,957,1.112216,0.044489,0.040000
z_0144_593.656371.png,#e59866,320,0.371901,0.014876,0.040000
z_0144_593.656371.png,#e74c3c,538,0.625258,0.025010,0.040000
z_0144_593.656371.png,#edbb99,1665,1.935046,0.077402,0.040000
z_0144_593.656371.png,#f1948a,30,0.034866,0.001395,0.040000
z_0144_593.656371.png,#f58231,1745,2.028022,0.081121,0.040000
z_0144_593.656371.png,#f7dc6f,311,0.361441,0.014458,0.040000
z_0144_593.656371.png,#f8c471,389,0.452092,0.018084,0.040000
z_0144_593.656371.png,#fad7a0,1154,1.341167,0.053647,0.040000
z_0145_594.667954.png,#0e6251,361,0.419551,0.016782,0.040000
z_0145_594.667954.png,#117a65,1504,1.747934,0.069917,0.040000
z_0145_594.667954.png,#145a32,727,0.844912,0.033796,0.040000
z_0145_594.667954.png,#154360,1026,1.192407,0.047696,0.040000
z_0145_594.667954.png,#196f3d,1748,2.031508,0.081260,0.040000
z_0145_594.667954.png,#1b4f72,1312,1.524793,0.060992,0.040000
z_0145_594.667954.png,#2e4053,665,0.772856,0.030914,0.040000
z_0145_594.667954.png,#2ecc71,38,0.044163,0.001767,0.040000
z_0145_594.667954.png,#3b3b98,762,0.885589,0.035424,0.040000
z_0145_594.667954.png,#45b39d,31,0.036028,0.001441,0.040000
z_0145_594.667954.png,#48c9b0,2480,2.882231,0.115289,0.040000
z_0145_594.667954.png,#4a235a,2721,3.162319,0.126493,0.040000
z_0145_594.667954.png,#512e5f,1115,1.295842,0.051834,0.040000
z_0145_594.667954.png,#52be80,507,0.589230,0.023569,0.040000
z_0145_594.667954.png,#5499c7,3231,3.755036,0.150201,0.040000
z_0145_594.667954.png,#73c6b6,96,0.111570,0.004463,0.040000
z_0145_594.667954.png,#7b241c,438,0.509039,0.020362,0.040000
z_0145_594.667954.png,#82e0aa,608,0.706612,0.028264,0.040000
z_0145_594.667954.png,#85c1e9,2029,2.358084,0.094323,0.040000
z_0145_594.667954.png,#922b21,2762,3.209969,0.128399,0.040000
z_0145_594.667954.png,#9a7d0a,2660,3.091426,0.123657,0.040000
z_0145_594.667954.png,#a2d9ce,1,0.001162,0.000046,0.040000
z_0145_594.667954.png,#a3e4d7,90,0.104597,0.004184,0.040000
z_0145_594.667954.png,#a9cce3,267,0.310305,0.012412,0.040000
z_0145_594.667954.png,#af601a,202,0.234762,0.009390,0.040000
z_0145_594.667954.png,#af7ac5,686,0.797262,0.031890,0.040000
z_0145_594.667954.png,#b9770e,71,0.082515,0.003301,0.040000
z_0145_594.667954.png,#cb4335,228,0.264979,0.010599,0.040000
z_0145_594.667954.png,#d2b4de,421,0.489282,0.019571,0.040000
z_0145_594.667954.png,#d35400,1858,2.159349,0.086374,0.040000
z_0145_594.667954.png,#d68910,937,1.088972,0.043559,0.040000
z_0145_594.667954.png,#e59866,292,0.339360,0.013574,0.040000
z_0145_594.667954.png,#e74c3c,487,0.565987,0.022639,0.040000
z_0145_594.667954.png,#edbb99,1185,1.377195,0.055088,0.040000
z_0145_594.667954.png,#f1948a,47,0.054623,0.002185,0.040000
z_0145_594.667954.png,#f58231,1637,1.902505,0.076100,0.040000
z_0145_594.667954.png,#f7dc6f,359,0.417226,0.016689,0.040000
z_0145_594.667954.png,#f8c471,334,0.388171,0.015527,0.040000
z_0145_594.667954.png,#fad7a0,1451,1.686338,0.067454,0.040000
z_0146_595.679537.png,#0e6251,367,0.426524,0.017061,0.040000
z_0146_595.679537.png,#117a65,1595,1.853693,0.074148,0.040000
z_0146_595.679537.png,#145a32,729,0.847237,0.033889,0.040000
z_0146_595.679537.png,#154360,1066,1.238895,0.049556,0.040000
z_0146_595.679537.png,#196f3d,1759,2.044292,0.081772,0.040000
z_0146_595.679537.png,#1b4f72,1303,1.514334,0.060573,0.040000
z_0146_595.679537.png,#2e4053,748,0.869318,0.034773,0.040000
z_0146_595.679537.png,#2ecc71,33,0.038352,0.001534,0.040000
z_0146_595.679537.png,#3b3b98,805,0.935563,0.037423,0.040000
z_0146_595.679537.png,#45b39d,23,0.026730,0.001069,0.040000
z_0146_595.679537.png,#48c9b0,2130,2.475465,0.099019,0.040000
z_0146_595.679537.png,#4a235a,2436,2.831095,0.113244,0.040000
z_0146_595.679537.png,#512e5f,1074,1.248192,0.049928,0.040000
z_0146_595.679537.png,#52be80,532,0.618285,0.024731,0.040000
z_0146_595.679537.png,#5499c7,3302,3.837552,0.153502,0.040000
z_0146_595.679537.png,#73c6b6,94,0.109246,0.004370,0.040000
z_0146_595.679537.png,#7b241c,448,0.520661,0.020826,0.040000
z_0146_595.679537.png,#82e0aa,633,0.735666,0.029427,0.040000
z_0146_595.679537.png,#85c1e9,2193,2.548683,0.101947,0.040000
z_0146_595.679537.png,#922b21,2762,3.209969,0.128399,0.040000
z_0146_595.679537.png,#9a7d0a,2838,3.298295,0.131932,0.040000
z_0146_595.679537.png,#a2d9ce,3,0.003487,0.000139,0.040000
z_0146_595.679537.png,#a3e4d7,101,0.117381,0.004695,0.040000
z_0146_595.679537.png,#a9cce3,230,0.267304,0.010692,0.040000
z_0146_595.679537.png,#af601a,327,0.380036,0.015201,0.040000
z_0146_595.679537.png,#af7ac5,739,0.858858,0.034354,0.040000
z_0146_595.679537.png,#b9770e,71,0.082515,0.003301,0.040000
z_0146_595.679537.png,#bb8fce,1,0.001162,0.000046,0.040000
z_0146_595.679537.png,#cb4335,206,0.239411,0.009576,0.040000
z_0146_595.679537.png,#d2b4de,418,0.485795,0.019432,0.040000
z_0146_595.679537.png,#d35400,1826,2.122159,0.084886,0.040000
z_0146_595.679537.png,#d68910,879,1.021565,0.040863,0.040000
z_0146_595.679537.png,#e59866,282,0.327738,0.013110,0.040000
z_0146_595.679537.png,#e74c3c,503,0.584582,0.023383,0.040000
z_0146_595.679537.png,#edbb99,932,1.083161,0.043326,0.040000
z_0146_595.679537.png,#f1948a,56,0.065083,0.002603,0.040000
z_0146_595.679537.png,#f58231,1551,1.802557,0.072102,0.040000
z_0146_595.679537.png,#f7dc6f,379,0.440470,0.017619,0.040000
z_0146_595.679537.png,#f8c471,312,0.362603,0.014504,0.040000
z_0146_595.679537.png,#fad7a0,1560,1.813017,0.072521,0.040000
z_0147_596.691120.png,#0e6251,400,0.464876,0.018595,0.040000
z_0147_596.691120.png,#117a65,1695,1.969912,0.078796,0.040000
z_0147_596.691120.png,#145a32,729,0.847237,0.033889,0.040000
z_0147_596.691120.png,#154360,1002,1.164514,0.046581,0.040000
z_0147_596.691120.png,#196f3d,1845,2.144241,0.085770,0.040000
z_0147_596.691120.png,#1b4f72,1306,1.517820,0.060713,0.040000
z_0147_596.691120.png,#2e4053,808,0.939050,0.037562,0.040000
z_0147_596.691120.png,#2ecc71,33,0.038352,0.001534,0.040000
z_0147_596.691120.png,#3b3b98,808,0.939050,0.037562,0.040000
z_0147_596.691120.png,#45b39d,24,0.027893,0.001116,0.040000
z_0147_596.691120.png,#48c9b0,1952,2.268595,0.090744,0.040000
z_0147_596.691120.png,#4a235a,2307,2.681173,0.107247,0.040000
z_0147_596.691120.png,#512e5f,1059,1.230759,0.049230,0.040000
z_0147_596.691120.png,#52be80,593,0.689179,0.027567,0.040000
z_0147_596.691120.png,#5499c7,3320,3.858471,0.154339,0.040000
z_0147_596.691120.png,#73c6b6,84,0.097624,0.003905,0.040000
z_0147_596.691120.png,#7b241c,414,0.481147,0.019246,0.040000
z_0147_596.691120.png,#82e0aa,645,0.749613,0.029985,0.040000
z_0147_596.691120.png,#85c1e9,2254,2.619576,0.104783,0.040000
z_0147_596.691120.png,#922b21,2876,3.342459,0.133698,0.040000
z_0147_596.691120.png,#9a7d0a,3085,3.585356,0.143414,0.040000
z_0147_596.691120.png,#a2d9ce,2,0.002324,0.000093,0.040000
z_0147_596.691120.png,#a3e4d7,89,0.103435,0.004137,0.040000
z_0147_596.691120.png,#a9cce3,184,0.213843,0.008554,0.040000
z_0147_596.691120.png,#af601a,374,0.434659,0.017386,0.040000
z_0147_596.691120.png,#af7ac5,690,0.801911,0.032076,0.040000
z_0147_596.691120.png,#b9770e,65,0.075542,0.003022,0.040000
z_0147_596.691120.png,#cb4335,155,0.180139,0.007206,0.040000
z_0147_596.691120.png,#d2b4de,406,0.471849,0.018874,0.040000
z_0147_596.691120.png,#d35400,1745,2.028022,0.081121,0.040000
z_0147_596.691120.png,#d68910,819,0.951834,0.038073,0.040000
z_0147_596.691120.png,#e59866,208,0.241736,0.009669,0.040000
z_0147_596.691120.png,#e74c3c,525,0.610150,0.024406,0.040000
z_0147_596.691120.png,#edbb99,752,0.873967,0.034959,0.040000
z_0147_596.691120.png,#f1948a,63,0.073218,0.002929,0.040000
z_0147_596.691120.png,#f58231,1408,1.636364,0.065455,0.040000
z_0147_596.691120.png,#f7dc6f,407,0.473011,0.018920,0.040000
z_0147_596.691120.png,#f8c471,310,0.360279,0.014411,0.040000
z_0147_596.691120.png,#fad7a0,1742,2.024535,0.080981,0.040000
z_0148_597.702703.png,#0e6251,400,0.464876,0.018595,0.040000
z_0148_597.702703.png,#117a65,1889,2.195377,0.087815,0.040000
z_0148_597.702703.png,#145a32,748,0.869318,0.034773,0.040000
z_0148_597.702703.png,#154360,1050,1.220300,0.048812,0.040000
z_0148_597.702703.png,#196f3d,1879,2.183755,0.087350,0.040000
z_0148_597.702703.png,#1b4f72,1394,1.620093,0.064804,0.040000
z_0148_597.702703.png,#2e4053,900,1.045971,0.041839,0.040000
z_0148_597.702703.png,#2ecc71,69,0.080191,0.003208,0.040000
z_0148_597.702703.png,#3b3b98,827,0.961131,0.038445,0.040000
z_0148_597.702703.png,#45b39d,23,0.026730,0.001069,0.040000
z_0148_597.702703.png,#48c9b0,1794,2.084969,0.083399,0.040000
z_0148_597.702703.png,#4a235a,2118,2.461519,0.098461,0.040000
z_0148_597.702703.png,#512e5f,1005,1.168001,0.046720,0.040000
z_0148_597.702703.png,#52be80,669,0.777505,0.031100,0.040000
z_0148_597.702703.png,#5499c7,3531,4.103693,0.164148,0.040000
z_0148_597.702703.png,#73c6b6,83,0.096462,0.003858,0.040000
z_0148_597.702703.png,#7b241c,375,0.435821,0.017433,0.040000
z_0148_597.702703.png,#82e0aa,648,0.753099,0.030124,0.040000
z_0148_597.702703.png,#85c1e9,2200,2.556818,0.102273,0.040000
z_0148_597.702703.png,#922b21,2879,3.345945,0.133838,0.040000
z_0148_597.702703.png,#9a7d0a,3466,4.028151,0.161126,0.040000
z_0148_597.702703.png,#a3e4d7,89,0.103435,0.004137,0.040000
z_0148_597.702703.png,#a9cce3,141,0.163869,0.006555,0.040000
z_0148_597.702703.png,#af601a,403,0.468363,0.018735,0.040000
z_0148_597.702703.png,#af7ac5,653,0.758910,0.030356,0.040000
z_0148_597.702703.png,#b9770e,69,0.080191,0.003208,0.040000
z_0148_597.702703.png,#cb4335,122,0.141787,0.005671,0.040000
z_0148_597.702703.png,#d2b4de,403,0.468363,0.018735,0.040000
z_0148_597.702703.png,#d35400,1654,1.922262,0.076890,0.040000
z_0148_597.702703.png,#d68910,795,0.923941,0.036958,0.040000
z_0148_597.702703.png,#e59866,178,0.206870,0.008275,0.040000
z_0148_597.702703.png,#e74c3c,536,0.622934,0.024917,0.040000
z_0148_597.702703.png,#edbb99,672,0.780992,0.031240,0.040000
z_0148_597.702703.png,#f1948a,67,0.077867,0.003115,0.040000
z_0148_597.702703.png,#f58231,1316,1.529442,0.061178,0.040000
z_0148_597.702703.png,#f7dc6f,406,0.471849,0.018874,0.040000
z_0148_597.702703.png,#f8c471,293,0.340522,0.013621,0.040000
z_0148_597.702703.png,#fad7a0,1877,2.181431,0.087257,0.040000
z_0149_598.714286.png,#0e6251,403,0.468363,0.018735,0.040000
z_0149_598.714286.png,#117a65,1917,2.227918,0.089117,0.040000
z_0149_598.714286.png,#145a32,686,0.797262,0.031890,0.040000
z_0149_598.714286.png,#154360,1001,1.163352,0.046534,0.040000
z_0149_598.714286.png,#196f3d,1947,2.262784,0.090511,0.040000
z_0149_598.714286.png,#1b4f72,1450,1.685176,0.067407,0.040000
z_0149_598.714286.png,#2e4053,948,1.101756,0.044070,0.040000
z_0149_598.714286.png,#2ecc71,102,0.118543,0.004742,0.040000
z_0149_598.714286.png,#3b3b98,805,0.935563,0.037423,0.040000
z_0149_598.714286.png,#45b39d,22,0.025568,0.001023,0.040000
z_0149_598.714286.png,#48c9b0,1679,1.951317,0.078053,0.040000
z_0149_598.714286.png,#4a235a,1984,2.305785,0.092231,0.040000
z_0149_598.714286.png,#512e5f,959,1.114540,0.044582,0.040000
z_0149_598.714286.png,#52be80,788,0.915806,0.036632,0.040000
z_0149_598.714286.png,#5499c7,3772,4.383781,0.175351,0.040000
z_0149_598.714286.png,#73c6b6,85,0.098786,0.003951,0.040000
z_0149_598.714286.png,#7b241c,394,0.457903,0.018316,0.040000
z_0149_598.714286.png,#82e0aa,630,0.732180,0.029287,0.040000
z_0149_598.714286.png,#85c1e9,2191,2.546358,0.101854,0.040000
z_0149_598.714286.png,#922b21,2839,3.299458,0.131978,0.040000
z_0149_598.714286.png,#9a7d0a,3916,4.551136,0.182045,0.040000
z_0149_598.714286.png,#a3e4d7,86,0.099948,0.003998,0.040000
z_0149_598.714286.png,#a9cce3,138,0.160382,0.006415,0.040000
z_0149_598.714286.png,#af601a,434,0.504390,0.020176,0.040000
z_0149_598.714286.png,#af7ac5,575,0.668259,0.026730,0.040000
z_0149_598.714286.png,#b9770e,61,0.070894,0.002836,0.040000
z_0149_598.714286.png,#cb4335,115,0.133652,0.005346,0.040000
z_0149_598.714286.png,#d2b4de,414,0.481147,0.019246,0.040000
z_0149_598.714286.png,#d35400,1741,2.023373,0.080935,0.040000
z_0149_598.714286.png,#d68910,894,1.038998,0.041560,0.040000
z_0149_598.714286.png,#e59866,151,0.175491,0.007020,0.040000
z_0149_598.714286.png,#e74c3c,551,0.640367,0.025615,0.040000
z_0149_598.714286.png,#edbb99,570,0.662448,0.026498,0.040000
z_0149_598.714286.png,#f1948a,70,0.081353,0.003254,0.040000
z_0149_598.714286.png,#f58231,1224,1.422521,0.056901,0.040000
z_0149_598.714286.png,#f7dc6f,401,0.466038,0.018642,0.040000
z_0149_598.714286.png,#f8c471,291,0.338197,0.013528,0.040000
z_0149_598.714286.png,#fad7a0,1882,2.187242,0.087490,0.040000
z_0150_599.725869.png,#0e6251,410,0.476498,0.019060,0.040000
z_0150_599.725869.png,#117a65,1976,2.296488,0.091860,0.040000
z_0150_599.725869.png,#145a32,669,0.777505,0.031100,0.040000
z_0150_599.725869.png,#154360,1076,1.250517,0.050021,0.040000
z_0150_599.725869.png,#196f3d,2009,2.334840,0.093394,0.040000
z_0150_599.725869.png,#1b4f72,1492,1.733988,0.069360,0.040000
z_0150_599.725869.png,#2e4053,1020,1.185434,0.047417,0.040000
z_0150_599.725869.png,#2ecc71,130,0.151085,0.006043,0.040000
z_0150_599.725869.png,#3b3b98,782,0.908833,0.036353,0.040000
z_0150_599.725869.png,#45b39d,21,0.024406,0.000976,0.040000
z_0150_599.725869.png,#48c9b0,1586,1.843233,0.073729,0.040000
z_0150_599.725869.png,#4a235a,1880,2.184917,0.087397,0.040000
z_0150_599.725869.png,#512e5f,886,1.029700,0.041188,0.040000
z_0150_599.725869.png,#52be80,897,1.042485,0.041699,0.040000
z_0150_599.725869.png,#5499c7,3854,4.479081,0.179163,0.040000
z_0150_599.725869.png,#73c6b6,85,0.098786,0.003951,0.040000
z_0150_599.725869.png,#7b241c,423,0.491606,0.019664,0.040000
z_0150_599.725869.png,#82e0aa,649,0.754261,0.030170,0.040000
z_0150_599.725869.png,#85c1e9,2160,2.510331,0.100413,0.040000
z_0150_599.725869.png,#922b21,2794,3.247159,0.129886,0.040000
z_0150_599.725869.png,#9a7d0a,4431,5.149664,0.205987,0.040000
z_0150_599.725869.png,#a3e4d7,95,0.110408,0.004416,0.040000
z_0150_599.725869.png,#a9cce3,148,0.172004,0.006880,0.040000
z_0150_599.725869.png,#af601a,460,0.534607,0.021384,0.040000
z_0150_599.725869.png,#af7ac5,515,0.598528,0.023941,0.040000
z_0150_599.725869.png,#b9770e,76,0.088326,0.003533,0.040000
z_0150_599.725869.png,#cb4335,109,0.126679,0.005067,0.040000
z_0150_599.725869.png,#d2b4de,384,0.446281,0.017851,0.040000
z_0150_599.725869.png,#d35400,1771,2.058239,0.082330,0.040000
z_0150_599.725869.png,#d68910,958,1.113378,0.044535,0.040000
z_0150_599.725869.png,#e59866,136,0.158058,0.006322,0.040000
z_0150_599.725869.png,#e74c3c,562,0.653151,0.026126,0.040000
z_0150_599.725869.png,#edbb99,488,0.567149,0.022686,0.040000
z_0150_599.725869.png,#f1948a,72,0.083678,0.003347,0.040000
z_0150_599.725869.png,#f58231,1200,1.394628,0.055785,0.040000
z_0150_599.725869.png,#f7dc6f,421,0.489282,0.019571,0.040000
z_0150_599.725869.png,#f8c471,309,0.359117,0.014365,0.040000
z_0150_599.725869.png,#fad7a0,1833,2.130294,0.085212,0.040000
z_0151_600.737452.png,#0e6251,392,0.455579,0.018223,0.040000
z_0151_600.737452.png,#117a65,1825,2.120997,0.084840,0.040000
z_0151_600.737452.png,#145a32,635,0.737991,0.029520,0.040000
z_0151_600.737452.png,#154360,1106,1.285382,0.051415,0.040000
z_0151_600.737452.png,#196f3d,2069,2.404571,0.096183,0.040000
z_0151_600.737452.png,#1b4f72,1448,1.682851,0.067314,0.040000
z_0151_600.737452.png,#2e4053,1106,1.285382,0.051415,0.040000
z_0151_600.737452.png,#2ecc71,168,0.195248,0.007810,0.040000
z_0151_600.737452.png,#3b3b98,657,0.763559,0.030542,0.040000
z_0151_600.737452.png,#45b39d,21,0.024406,0.000976,0.040000
z_0151_600.737452.png,#48c9b0,1579,1.835098,0.073404,0.040000
z_0151_600.737452.png,#4a235a,1789,2.079158,0.083166,0.040000
z_0151_600.737452.png,#512e5f,829,0.963456,0.038538,0.040000
z_0151_600.737452.png,#52be80,924,1.073864,0.042955,0.040000
z_0151_600.737452.png,#5499c7,3996,4.644112,0.185764,0.040000
z_0151_600.737452.png,#73c6b6,95,0.110408,0.004416,0.040000
z_0151_600.737452.png,#7b241c,428,0.497417,0.019897,0.040000
z_0151_600.737452.png,#82e0aa,639,0.742639,0.029706,0.040000
z_0151_600.737452.png,#85c1e9,2029,2.358084,0.094323,0.040000
z_0151_600.737452.png,#922b21,2657,3.087939,0.123518,0.040000
z_0151_600.737452.png,#9a7d0a,4801,5.579675,0.223187,0.040000
z_0151_600.737452.png,#a2d9ce,4,0.004649,0.000186,0.040000
z_0151_600.737452.png,#a3e4d7,92,0.106921,0.004277,0.040000
z_0151_600.737452.png,#a9cce3,97,0.112732,0.004509,0.040000
z_0151_600.737452.png,#af601a,493,0.572960,0.022918,0.040000
z_0151_600.737452.png,#af7ac5,473,0.549716,0.021989,0.040000
z_0151_600.737452.png,#b9770e,62,0.072056,0.002882,0.040000
z_0151_600.737452.png,#cb4335,132,0.153409,0.006136,0.040000
z_0151_600.737452.png,#d2b4de,370,0.430010,0.017200,0.040000
z_0151_600.737452.png,#d35400,1828,2.124483,0.084979,0.040000
z_0151_600.737452.png,#d68910,1009,1.172650,0.046906,0.040000
z_0151_600.737452.png,#e59866,127,0.147598,0.005904,0.040000
z_0151_600.737452.png,#e74c3c,574,0.667097,0.026684,0.040000
z_0151_600.737452.png,#edbb99,463,0.538094,0.021524,0.040000
z_0151_600.737452.png,#f1948a,61,0.070894,0.002836,0.040000
z_0151_600.737452.png,#f58231,1135,1.319086,0.052763,0.040000
z_0151_600.737452.png,#f7dc6f,428,0.497417,0.019897,0.040000
z_0151_600.737452.png,#f8c471,352,0.409091,0.016364,0.040000
z_0151_600.737452.png,#fad7a0,1778,2.066374,0.082655,0.040000
z_0152_601.749035.png,#0e6251,369,0.428848,0.017154,0.040000
z_0152_601.749035.png,#117a65,1919,2.230243,0.089210,0.040000
z_0152_601.749035.png,#145a32,636,0.739153,0.029566,0.040000
z_0152_601.749035.png,#154360,1182,1.373709,0.054948,0.040000
z_0152_601.749035.png,#196f3d,2162,2.512655,0.100506,0.040000
z_0152_601.749035.png,#1b4f72,1411,1.639850,0.065594,0.040000
z_0152_601.749035.png,#2e4053,1173,1.363249,0.054530,0.040000
z_0152_601.749035.png,#2ecc71,198,0.230114,0.009205,0.040000
z_0152_601.749035.png,#3b3b98,614,0.713585,0.028543,0.040000
z_0152_601.749035.png,#45b39d,43,0.049974,0.001999,0.040000
z_0152_601.749035.png,#48c9b0,1545,1.795584,0.071823,0.040000
z_0152_601.749035.png,#4a235a,1851,2.151214,0.086049,0.040000
z_0152_601.749035.png,#512e5f,817,0.949509,0.037980,0.040000
z_0152_601.749035.png,#52be80,947,1.100594,0.044024,0.040000
z_0152_601.749035.png,#5499c7,3894,4.525568,0.181023,0.040000
z_0152_601.749035.png,#73c6b6,102,0.118543,0.004742,0.040000
z_0152_601.749035.png,#7b241c,441,0.512526,0.020501,0.040000
z_0152_601.749035.png,#82e0aa,757,0.879778,0.035191,0.040000
z_0152_601.749035.png,#85c1e9,2023,2.351111,0.094044,0.040000
z_0152_601.749035.png,#922b21,2537,2.948476,0.117939,0.040000
z_0152_601.749035.png,#9a7d0a,5116,5.945764,0.237831,0.040000
z_0152_601.749035.png,#a2d9ce,4,0.004649,0.000186,0.040000
z_0152_601.749035.png,#a3e4d7,83,0.096462,0.003858,0.040000
z_0152_601.749035.png,#a9cce3,101,0.117381,0.004695,0.040000
z_0152_601.749035.png,#af601a,211,0.245222,0.009809,0.040000
z_0152_601.749035.png,#af7ac5,420,0.488120,0.019525,0.040000
z_0152_601.749035.png,#b9770e,67,0.077867,0.003115,0.040000
z_0152_601.749035.png,#bb8fce,1,0.001162,0.000046,0.040000
z_0152_601.749035.png,#cb4335,145,0.168518,0.006741,0.040000
z_0152_601.749035.png,#d2b4de,401,0.466038,0.018642,0.040000
z_0152_601.749035.png,#d35400,1875,2.179106,0.087164,0.040000
z_0152_601.749035.png,#d68910,1130,1.313275,0.052531,0.040000
z_0152_601.749035.png,#e59866,140,0.162707,0.006508,0.040000
z_0152_601.749035.png,#e74c3c,578,0.671746,0.026870,0.040000
z_0152_601.749035.png,#edbb99,484,0.562500,0.022500,0.040000
z_0152_601.749035.png,#f1948a,67,0.077867,0.003115,0.040000
z_0152_601.749035.png,#f58231,1136,1.320248,0.052810,0.040000
z_0152_601.749035.png,#f7dc6f,413,0.479985,0.019199,0.040000
z_0152_601.749035.png,#f8c471,343,0.398631,0.015945,0.040000
z_0152_601.749035.png,#fad7a0,1646,1.912965,0.076519,0.040000
z_0153_602.760618.png,#0e6251,358,0.416064,0.016643,0.040000
z_0153_602.760618.png,#117a65,1971,2.290677,0.091627,0.040000
z_0153_602.760618.png,#145a32,559,0.649664,0.025987,0.040000
z_0153_602.760618.png,#154360,1261,1.465522,0.058621,0.040000
z_0153_602.760618.png,#196f3d,2173,2.525439,0.101018,0.040000
z_0153_602.760618.png,#1b4f72,1536,1.785124,0.071405,0.040000
z_0153_602.760618.png,#2e4053,1186,1.378357,0.055134,0.040000
z_0153_602.760618.png,#2ecc71,252,0.292872,0.011715,0.040000
z_0153_602.760618.png,#3b3b98,591,0.686854,0.027474,0.040000
z_0153_602.760618.png,#45b39d,78,0.090651,0.003626,0.040000
z_0153_602.760618.png,#48c9b0,1478,1.717717,0.068709,0.040000
z_0153_602.760618.png,#4a235a,1824,2.119835,0.084793,0.040000
z_0153_602.760618.png,#512e5f,791,0.919292,0.036772,0.040000
z_0153_602.760618.png,#52be80,977,1.135460,0.045418,0.040000
z_0153_602.760618.png,#5499c7,3548,4.123450,0.164938,0.040000
z_0153_602.760618.png,#73c6b6,111,0.129003,0.005160,0.040000
z_0153_602.760618.png,#7b241c,479,0.556689,0.022268,0.040000
z_0153_602.760618.png,#82e0aa,884,1.027376,0.041095,0.040000
z_0153_602.760618.png,#85c1e9,2151,2.499871,0.099995,0.040000
z_0153_602.760618.png,#922b21,2241,2.604468,0.104179,0.040000
z_0153_602.760618.png,#9a7d0a,5529,6.425749,0.257030,0.040000
z_0153_602.760618.png,#a2d9ce,6,0.006973,0.000279,0.040000
z_0153_602.760618.png,#a3e4d7,91,0.105759,0.004230,0.040000
z_0153_602.760618.png,#a9cce3,81,0.094137,0.003765,0.040000
z_0153_602.760618.png,#af601a,192,0.223140,0.008926,0.040000
z_0153_602.760618.png,#af7ac5,391,0.454416,0.018177,0.040000
z_0153_602.760618.png,#b9770e,73,0.084840,0.003394,0.040000
z_0153_602.760618.png,#bb8fce,1,0.001162,0.000046,0.040000
z_0153_602.760618.png,#cb4335,148,0.172004,0.006880,0.040000
z_0153_602.760618.png,#d2b4de,396,0.460227,0.018409,0.040000
z_0153_602.760618.png,#d35400,1880,2.184917,0.087397,0.040000
z_0153_602.760618.png,#d68910,1256,1.459711,0.058388,0.040000
z_0153_602.760618.png,#e59866,138,0.160382,0.006415,0.040000
z_0153_602.760618.png,#e74c3c,548,0.636880,0.025475,0.040000
z_0153_602.760618.png,#edbb99,500,0.581095,0.023244,0.040000
z_0153_602.760618.png,#f1948a,45,0.052299,0.002092,0.040000
z_0153_602.760618.png,#f58231,1106,1.285382,0.051415,0.040000
z_0153_602.760618.png,#f7dc6f,399,0.463714,0.018549,0.040000
z_0153_602.760618.png,#f8c471,342,0.397469,0.015899,0.040000
z_0153_602.760618.png,#fad7a0,1398,1.624742,0.064990,0.040000
z_0154_603.772201.png,#0e6251,359,0.417226,0.016689,0.040000
z_0154_603.772201.png,#117a65,1966,2.284866,0.091395,0.040000
z_0154_603.772201.png,#145a32,558,0.648502,0.025940,0.040000
z_0154_603.772201.png,#154360,1257,1.460873,0.058435,0.040000
z_0154_603.772201.png,#196f3d,2173,2.525439,0.101018,0.040000
z_0154_603.772201.png,#1b4f72,1539,1.788611,0.071544,0.040000
z_0154_603.772201.png,#2e4053,1176,1.366736,0.054669,0.040000
z_0154_603.772201.png,#2ecc71,253,0.294034,0.011761,0.040000
z_0154_603.772201.png,#3b3b98,589,0.684530,0.027381,0.040000
z_0154_603.772201.png,#45b39d,80,0.092975,0.003719,0.040000
z_0154_603.772201.png,#48c9b0,1483,1.723528,0.068941,0.040000
z_0154_603.772201.png,#4a235a,1824,2.119835,0.084793,0.040000
z_0154_603.772201.png,#512e5f,787,0.914644,0.036586,0.040000
z_0154_603.772201.png,#52be80,973,1.130811,0.045232,0.040000
z_0154_603.772201.png,#5499c7,3535,4.108342,0.164334,0.040000
z_0154_603.772201.png,#73c6b6,118,0.137138,0.005486,0.040000
z_0154_603.772201.png,#7b241c,473,0.549716,0.021989,0.040000
z_0154_603.772201.png,#82e0aa,896,1.041322,0.041653,0.040000
z_0154_603.772201.png,#85c1e9,2146,2.494060,0.099762,0.040000
z_0154_603.772201.png,#922b21,2248,2.612603,0.104504,0.040000
z_0154_603.772201.png,#9a7d0a,5532,6.429236,0.257169,0.040000
z_0154_603.772201.png,#a2d9ce,4,0.004649,0.000186,0.040000
z_0154_603.772201.png,#a3e4d7,89,0.103435,0.004137,0.040000
z_0154_603.772201.png,#a9cce3,87,0.101111,0.004044,0.040000
z_0154_603.772201.png,#af601a,191,0.221978,0.008879,0.040000
z_0154_603.772201.png,#af7ac5,384,0.446281,0.017851,0.040000
z_0154_603.772201.png,#b9770e,73,0.084840,0.003394,0.040000
z_0154_603.772201.png,#bb8fce,1,0.001162,0.000046,0.040000
z_0154_603.772201.png,#cb4335,148,0.172004,0.006880,0.040000
z_0154_603.772201.png,#d2b4de,390,0.453254,0.018130,0.040000
z_0154_603.772201.png,#d35400,1874,2.177944,0.087118,0.040000
z_0154_603.772201.png,#d68910,1254,1.457386,0.058295,0.040000
z_0154_603.772201.png,#e59866,138,0.160382,0.006415,0.040000
z_0154_603.772201.png,#e74c3c,549,0.638042,0.025522,0.040000
z_0154_603.772201.png,#edbb99,499,0.579933,0.023197,0.040000
z_0154_603.772201.png,#f1948a,45,0.052299,0.002092,0.040000
z_0154_603.772201.png,#f58231,1115,1.295842,0.051834,0.040000
z_0154_603.772201.png,#f7dc6f,397,0.461389,0.018456,0.040000
z_0154_603.772201.png,#f8c471,344,0.399793,0.015992,0.040000
z_0154_603.772201.png,#fad7a0,1396,1.622417,0.064897,0.040000
z_0155_604.783784.png,#0e6251,311,0.361441,0.014458,0.040000
z_0155_604.783784.png,#117a65,2465,2.864799,0.114592,0.040000
z_0155_604.783784.png,#145a32,504,0.585744,0.023430,0.040000
z_0155_604.783784.png,#154360,1402,1.629390,0.065176,0.040000
z_0155_604.783784.png,#196f3d,2338,2.717200,0.108688,0.040000
z_0155_604.783784.png,#1b4f72,1879,2.183755,0.087350,0.040000
z_0155_604.783784.png,#2e4053,1241,1.442278,0.057691,0.040000
z_0155_604.783784.png,#2ecc71,314,0.364928,0.014597,0.040000
z_0155_604.783784.png,#3b3b98,528,0.613636,0.024545,0.040000
z_0155_604.783784.png,#45b39d,189,0.219654,0.008786,0.040000
z_0155_604.783784.png,#48c9b0,1371,1.593363,0.063735,0.040000
z_0155_604.783784.png,#4a235a,1790,2.080320,0.083213,0.040000
z_0155_604.783784.png,#512e5f,1119,1.300491,0.052020,0.040000
z_0155_604.783784.png,#52be80,1009,1.172650,0.046906,0.040000
z_0155_604.783784.png,#5499c7,3616,4.202479,0.168099,0.040000
z_0155_604.783784.png,#73c6b6,144,0.167355,0.006694,0.040000
z_0155_604.783784.png,#7b241c,408,0.474174,0.018967,0.040000
z_0155_604.783784.png,#82e0aa,1085,1.260976,0.050439,0.040000
z_0155_604.783784.png,#85c1e9,2340,2.719525,0.108781,0.040000
z_0155_604.783784.png,#922b21,2009,2.334840,0.093394,0.040000
z_0155_604.783784.png,#9a7d0a,6571,7.636751,0.305470,0.040000
z_0155_604.783784.png,#a2d9ce,6,0.006973,0.000279,0.040000
z_0155_604.783784.png,#a3e4d7,122,0.141787,0.005671,0.040000
z_0155_604.783784.png,#a9cce3,143,0.166193,0.006648,0.040000
z_0155_604.783784.png,#af601a,544,0.632231,0.025289,0.040000
z_0155_604.783784.png,#af7ac5,275,0.319602,0.012784,0.040000
z_0155_604.783784.png,#b9770e,131,0.152247,0.006090,0.040000
z_0155_604.783784.png,#cb4335,132,0.153409,0.006136,0.040000
z_0155_604.783784.png,#d2b4de,372,0.432335,0.017293,0.040000
z_0155_604.783784.png,#d35400,2175,2.527763,0.101111,0.040000
z_0155_604.783784.png,#d68910,1438,1.671229,0.066849,0.040000
z_0155_604.783784.png,#e59866,152,0.176653,0.007066,0.040000
z_0155_604.783784.png,#e74c3c,539,0.626420,0.025057,0.040000
z_0155_604.783784.png,#edbb99,710,0.825155,0.033006,0.040000
z_0155_604.783784.png,#f1948a,58,0.067407,0.002696,0.040000
z_0155_604.783784.png,#f58231,884,1.027376,0.041095,0.040000
z_0155_604.783784.png,#f7dc6f,358,0.416064,0.016643,0.040000
z_0155_604.783784.png,#f8c471,487,0.565987,0.022639,0.040000
z_0155_604.783784.png,#fad7a0,1031,1.198218,0.047929,0.040000
z_0156_605.795367.png,#0e6251,309,0.359117,0.014365,0.040000
z_0156_605.795367.png,#117a65,2462,2.861312,0.114452,0.040000
z_0156_605.795367.png,#145a32,504,0.585744,0.023430,0.040000
z_0156_605.795367.png,#154360,1396,1.622417,0.064897,0.040000
z_0156_605.795367.png,#196f3d,2342,2.721849,0.108874,0.040000
z_0156_605.795367.png,#1b4f72,1886,2.191890,0.087676,0.040000
z_0156_605.795367.png,#2e4053,1236,1.436467,0.057459,0.040000
z_0156_605.795367.png,#2ecc71,315,0.366090,0.014644,0.040000
z_0156_605.795367.png,#3b3b98,526,0.611312,0.024452,0.040000
z_0156_605.795367.png,#45b39d,190,0.220816,0.008833,0.040000
z_0156_605.795367.png,#48c9b0,1365,1.586389,0.063456,0.040000
z_0156_605.795367.png,#4a235a,1798,2.089618,0.083585,0.040000
z_0156_605.795367.png,#512e5f,1128,1.310950,0.052438,0.040000
z_0156_605.795367.png,#52be80,1011,1.174974,0.046999,0.040000
z_0156_605.795367.png,#5499c7,3616,4.202479,0.168099,0.040000
z_0156_605.795367.png,#73c6b6,144,0.167355,0.006694,0.040000
z_0156_605.795367.png,#7b241c,410,0.476498,0.019060,0.040000
z_0156_605.795367.png,#82e0aa,1084,1.259814,0.050393,0.040000
z_0156_605.795367.png,#85c1e9,2338,2.717200,0.108688,0.040000
z_0156_605.795367.png,#922b21,2011,2.337164,0.093487,0.040000
z_0156_605.795367.png,#9a7d0a,6574,7.640238,0.305610,0.040000
z_0156_605.795367.png,#a2d9ce,7,0.008135,0.000325,0.040000
z_0156_605.795367.png,#a3e4d7,122,0.141787,0.005671,0.040000
z_0156_605.795367.png,#a9cce3,144,0.167355,0.006694,0.040000
z_0156_605.795367.png,#af601a,538,0.625258,0.025010,0.040000
z_0156_605.795367.png,#af7ac5,274,0.318440,0.012738,0.040000
z_0156_605.795367.png,#b9770e,135,0.156896,0.006276,0.040000
z_0156_605.795367.png,#cb4335,132,0.153409,0.006136,0.040000
z_0156_605.795367.png,#d2b4de,370,0.430010,0.017200,0.040000
z_0156_605.795367.png,#d35400,2174,2.526601,0.101064,0.040000
z_0156_605.795367.png,#d68910,1432,1.664256,0.066570,0.040000
z_0156_605.795367.png,#e59866,152,0.176653,0.007066,0.040000
z_0156_605.795367.png,#e74c3c,543,0.631069,0.025243,0.040000
z_0156_605.795367.png,#edbb99,712,0.827479,0.033099,0.040000
z_0156_605.795367.png,#f1948a,58,0.067407,0.002696,0.040000
z_0156_605.795367.png,#f58231,888,1.032025,0.041281,0.040000
z_0156_605.795367.png,#f7dc6f,365,0.424199,0.016968,0.040000
z_0156_605.795367.png,#f8c471,487,0.565987,0.022639,0.040000
z_0156_605.795367.png,#fad7a0,1032,1.199380,0.047975,0.040000
z_0157_606.806950.png,#0e6251,300,0.348657,0.013946,0.040000
z_0157_606.806950.png,#117a65,2533,2.943827,0.117753,0.040000
z_0157_606.806950.png,#145a32,495,0.575284,0.023011,0.040000
z_0157_606.806950.png,#154360,1402,1.629390,0.065176,0.040000
z_0157_606.806950.png,#196f3d,2414,2.805527,0.112221,0.040000
z_0157_606.806950.png,#1b4f72,1850,2.150052,0.086002,0.040000
z_0157_606.806950.png,#2e4053,1211,1.407412,0.056296,0.040000
z_0157_606.806950.png,#2ecc71,319,0.370739,0.014830,0.040000
z_0157_606.806950.png,#3b3b98,486,0.564824,0.022593,0.040000
z_0157_606.806950.png,#45b39d,305,0.354468,0.014179,0.040000
z_0157_606.806950.png,#48c9b0,1255,1.458549,0.058342,0.040000
z_0157_606.806950.png,#4a235a,1968,2.287190,0.091488,0.040000
z_0157_606.806950.png,#512e5f,1156,1.343492,0.053740,0.040000
z_0157_606.806950.png,#52be80,1023,1.188920,0.047557,0.040000
z_0157_606.806950.png,#5499c7,3466,4.028151,0.161126,0.040000
z_0157_606.806950.png,#73c6b6,146,0.169680,0.006787,0.040000
z_0157_606.806950.png,#7b241c,413,0.479985,0.019199,0.040000
z_0157_606.806950.png,#82e0aa,1058,1.229597,0.049184,0.040000
z_0157_606.806950.png,#85c1e9,2373,2.757877,0.110315,0.040000
z_0157_606.806950.png,#922b21,1957,2.274406,0.090976,0.040000
z_0157_606.806950.png,#9a7d0a,6699,7.785511,0.311420,0.040000
z_0157_606.806950.png,#a2d9ce,3,0.003487,0.000139,0.040000
z_0157_606.806950.png,#a3e4d7,132,0.153409,0.006136,0.040000
z_0157_606.806950.png,#a9cce3,204,0.237087,0.009483,0.040000
z_0157_606.806950.png,#af601a,444,0.516012,0.020640,0.040000
z_0157_606.806950.png,#af7ac5,220,0.255682,0.010227,0.040000
z_0157_606.806950.png,#b9770e,172,0.199897,0.007996,0.040000
z_0157_606.806950.png,#cb4335,136,0.158058,0.006322,0.040000
z_0157_606.806950.png,#d2b4de,369,0.428848,0.017154,0.040000
z_0157_606.806950.png,#d35400,2243,2.606792,0.104272,0.040000
z_0157_606.806950.png,#d68910,1660,1.929236,0.077169,0.040000
z_0157_606.806950.png,#e59866,135,0.156896,0.006276,0.040000
z_0157_606.806950.png,#e74c3c,566,0.657800,0.026312,0.040000
z_0157_606.806950.png,#edbb99,767,0.891400,0.035656,0.040000
z_0157_606.806950.png,#f1948a,49,0.056947,0.002278,0.040000
z_0157_606.806950.png,#f58231,823,0.956482,0.038259,0.040000
z_0157_606.806950.png,#f7dc6f,198,0.230114,0.009205,0.040000
z_0157_606.806950.png,#f8c471,564,0.655475,0.026219,0.040000
z_0157_606.806950.png,#fad7a0,1024,1.190083,0.047603,0.040000
z_0158_607.818533.png,#0e6251,298,0.346333,0.013853,0.040000
z_0158_607.818533.png,#117a65,2778,3.228564,0.129143,0.040000
z_0158_607.818533.png,#145a32,491,0.570635,0.022825,0.040000
z_0158_607.818533.png,#154360,1358,1.578254,0.063130,0.040000
z_0158_607.818533.png,#196f3d,2486,2.889205,0.115568,0.040000
z_0158_607.818533.png,#1b4f72,1889,2.195377,0.087815,0.040000
z_0158_607.818533.png,#2e4053,1206,1.401601,0.056064,0.040000
z_0158_607.818533.png,#2ecc71,339,0.393982,0.015759,0.040000
z_0158_607.818533.png,#3b3b98,482,0.560176,0.022407,0.040000
z_0158_607.818533.png,#45b39d,349,0.405604,0.016224,0.040000
z_0158_607.818533.png,#48c9b0,1226,1.424845,0.056994,0.040000
z_0158_607.818533.png,#4a235a,2000,2.324380,0.092975,0.040000
z_0158_607.818533.png,#512e5f,1230,1.429494,0.057180,0.040000
z_0158_607.818533.png,#52be80,1020,1.185434,0.047417,0.040000
z_0158_607.818533.png,#5499c7,3347,3.889850,0.155594,0.040000
z_0158_607.818533.png,#73c6b6,146,0.169680,0.006787,0.040000
z_0158_607.818533.png,#7b241c,421,0.489282,0.019571,0.040000
z_0158_607.818533.png,#82e0aa,1069,1.242381,0.049695,0.040000
z_0158_607.818533.png,#85c1e9,2469,2.869447,0.114778,0.040000
z_0158_607.818533.png,#922b21,2221,2.581224,0.103249,0.040000
z_0158_607.818533.png,#9a7d0a,6739,7.831999,0.313280,0.040000
z_0158_607.818533.png,#a2d9ce,4,0.004649,0.000186,0.040000
z_0158_607.818533.png,#a3e4d7,136,0.158058,0.006322,0.040000
z_0158_607.818533.png,#a9cce3,223,0.259168,0.010367,0.040000
z_0158_607.818533.png,#af601a,468,0.543905,0.021756,0.040000
z_0158_607.818533.png,#af7ac5,184,0.213843,0.008554,0.040000
z_0158_607.818533.png,#b9770e,199,0.231276,0.009251,0.040000
z_0158_607.818533.png,#cb4335,127,0.147598,0.005904,0.040000
z_0158_607.818533.png,#d2b4de,361,0.419551,0.016782,0.040000
z_0158_607.818533.png,#d35400,2367,2.750904,0.110036,0.040000
z_0158_607.818533.png,#d68910,1614,1.875775,0.075031,0.040000
z_0158_607.818533.png,#e59866,111,0.129003,0.005160,0.040000
z_0158_607.818533.png,#e74c3c,585,0.679881,0.027195,0.040000
z_0158_607.818533.png,#edbb99,903,1.049458,0.041978,0.040000
z_0158_607.818533.png,#f1948a,47,0.054623,0.002185,0.040000
z_0158_607.818533.png,#f58231,833,0.968104,0.038724,0.040000
z_0158_607.818533.png,#f7dc6f,130,0.151085,0.006043,0.040000
z_0158_607.818533.png,#f8c471,665,0.772856,0.030914,0.040000
z_0158_607.818533.png,#fad7a0,1000,1.162190,0.046488,0.040000
z_0159_608.830116.png,#0e6251,270,0.313791,0.012552,0.040000
z_0159_608.830116.png,#117a65,2881,3.348270,0.133931,0.040000
z_0159_608.830116.png,#145a32,484,0.562500,0.022500,0.040000
z_0159_608.830116.png,#154360,1395,1.621255,0.064850,0.040000
z_0159_608.830116.png,#196f3d,2551,2.964747,0.118590,0.040000
z_0159_608.830116.png,#1b4f72,2004,2.329029,0.093161,0.040000
z_0159_608.830116.png,#2e4053,1271,1.477144,0.059086,0.040000
z_0159_608.830116.png,#2ecc71,334,0.388171,0.015527,0.040000
z_0159_608.830116.png,#3b3b98,451,0.524148,0.020966,0.040000
z_0159_608.830116.png,#45b39d,356,0.413740,0.016550,0.040000
z_0159_608.830116.png,#48c9b0,1224,1.422521,0.056901,0.040000
z_0159_608.830116.png,#4a235a,2166,2.517304,0.100692,0.040000
z_0159_608.830116.png,#512e5f,1228,1.427169,0.057087,0.040000
z_0159_608.830116.png,#52be80,1014,1.178461,0.047138,0.040000
z_0159_608.830116.png,#5499c7,3184,3.700413,0.148017,0.040000
z_0159_608.830116.png,#73c6b6,166,0.192924,0.007717,0.040000
z_0159_608.830116.png,#7b241c,411,0.477660,0.019106,0.040000
z_0159_608.830116.png,#82e0aa,1076,1.250517,0.050021,0.040000
z_0159_608.830116.png,#85c1e9,2512,2.919421,0.116777,0.040000
z_0159_608.830116.png,#922b21,2221,2.581224,0.103249,0.040000
z_0159_608.830116.png,#9a7d0a,6524,7.582128,0.303285,0.040000
z_0159_608.830116.png,#a2d9ce,4,0.004649,0.000186,0.040000
z_0159_608.830116.png,#a3e4d7,145,0.168518,0.006741,0.040000
z_0159_608.830116.png,#a9cce3,246,0.285899,0.011436,0.040000
z_0159_608.830116.png,#af601a,509,0.591555,0.023662,0.040000
z_0159_608.830116.png,#af7ac5,142,0.165031,0.006601,0.040000
z_0159_608.830116.png,#b9770e,237,0.275439,0.011018,0.040000
z_0159_608.830116.png,#cb4335,135,0.156896,0.006276,0.040000
z_0159_608.830116.png,#d2b4de,390,0.453254,0.018130,0.040000
z_0159_608.830116.png,#d35400,2486,2.889205,0.115568,0.040000
z_0159_608.830116.png,#d68910,1616,1.878099,0.075124,0.040000
z_0159_608.830116.png,#e59866,72,0.083678,0.003347,0.040000
z_0159_608.830116.png,#e74c3c,614,0.713585,0.028543,0.040000
z_0159_608.830116.png,#edbb99,1099,1.277247,0.051090,0.040000
z_0159_608.830116.png,#f1948a,109,0.126679,0.005067,0.040000
z_0159_608.830116.png,#f58231,976,1.134298,0.045372,0.040000
z_0159_608.830116.png,#f7dc6f,126,0.146436,0.005857,0.040000
z_0159_608.830116.png,#f8c471,810,0.941374,0.037655,0.040000
z_0159_608.830116.png,#fad7a0,1063,1.235408,0.049416,0.040000
z_0160_609.841699.png,#0e6251,247,0.287061,0.011482,0.040000
z_0160_609.841699.png,#117a65,3011,3.499354,0.139974,0.040000
z_0160_609.841699.png,#145a32,462,0.536932,0.021477,0.040000
z_0160_609.841699.png,#154360,1576,1.831612,0.073264,0.040000
z_0160_609.841699.png,#196f3d,2729,3.171617,0.126865,0.040000
z_0160_609.841699.png,#1b4f72,2052,2.384814,0.095393,0.040000
z_0160_609.841699.png,#2e4053,1248,1.450413,0.058017,0.040000
z_0160_609.841699.png,#2ecc71,292,0.339360,0.013574,0.040000
z_0160_609.841699.png,#3b3b98,447,0.519499,0.020780,0.040000
z_0160_609.841699.png,#45b39d,420,0.488120,0.019525,0.040000
z_0160_609.841699.png,#48c9b0,1223,1.421358,0.056854,0.040000
z_0160_609.841699.png,#4a235a,2387,2.774148,0.110966,0.040000
z_0160_609.841699.png,#512e5f,1216,1.413223,0.056529,0.040000
z_0160_609.841699.png,#52be80,974,1.131973,0.045279,0.040000
z_0160_609.841699.png,#5499c7,2835,3.294809,0.131792,0.040000
z_0160_609.841699.png,#73c6b6,151,0.175491,0.007020,0.040000
z_0160_609.841699.png,#7b241c,383,0.445119,0.017805,0.040000
z_0160_609.841699.png,#82e0aa,1130,1.313275,0.052531,0.040000
z_0160_609.841699.png,#85c1e9,2700,3.137913,0.125517,0.040000
z_0160_609.841699.png,#922b21,1988,2.310434,0.092417,0.040000
z_0160_609.841699.png,#9a7d0a,6166,7.166064,0.286643,0.040000
z_0160_609.841699.png,#a2d9ce,4,0.004649,0.000186,0.040000
z_0160_609.841699.png,#a3e4d7,136,0.158058,0.006322,0.040000
z_0160_609.841699.png,#a9cce3,254,0.295196,0.011808,0.040000
z_0160_609.841699.png,#af601a,1567,1.821152,0.072846,0.040000
z_0160_609.841699.png,#af7ac5,161,0.187113,0.007485,0.040000
z_0160_609.841699.png,#b9770e,313,0.363765,0.014551,0.040000
z_0160_609.841699.png,#cb4335,142,0.165031,0.006601,0.040000
z_0160_609.841699.png,#d2b4de,494,0.574122,0.022965,0.040000
z_0160_609.841699.png,#d35400,2578,2.996126,0.119845,0.040000
z_0160_609.841699.png,#d68910,1484,1.724690,0.068988,0.040000
z_0160_609.841699.png,#e59866,17,0.019757,0.000790,0.040000
z_0160_609.841699.png,#e74c3c,660,0.767045,0.030682,0.040000
z_0160_609.841699.png,#edbb99,1872,2.175620,0.087025,0.040000
z_0160_609.841699.png,#f1948a,212,0.246384,0.009855,0.040000
z_0160_609.841699.png,#f58231,979,1.137784,0.045511,0.040000
z_0160_609.841699.png,#f7dc6f,122,0.141787,0.005671,0.040000
z_0160_609.841699.png,#f8c471,1018,1.183110,0.047324,0.040000
z_0160_609.841699.png,#fad7a0,1062,1.234246,0.049370,0.040000
z_0161_610.853282.png,#0e6251,246,0.285899,0.011436,0.040000
z_0161_610.853282.png,#117a65,3021,3.510976,0.140439,0.040000
z_0161_610.853282.png,#145a32,463,0.538094,0.021524,0.040000
z_0161_610.853282.png,#154360,1586,1.843233,0.073729,0.040000
z_0161_610.853282.png,#196f3d,2722,3.163481,0.126539,0.040000
z_0161_610.853282.png,#1b4f72,2053,2.385976,0.095439,0.040000
z_0161_610.853282.png,#2e4053,1243,1.444602,0.057784,0.040000
z_0161_610.853282.png,#2ecc71,292,0.339360,0.013574,0.040000
z_0161_610.853282.png,#3b3b98,449,0.521823,0.020873,0.040000
z_0161_610.853282.png,#45b39d,419,0.486958,0.019478,0.040000
z_0161_610.853282.png,#48c9b0,1224,1.422521,0.056901,0.040000
z_0161_610.853282.png,#4a235a,2392,2.779959,0.111198,0.040000
z_0161_610.853282.png,#512e5f,1208,1.403926,0.056157,0.040000
z_0161_610.853282.png,#52be80,975,1.133135,0.045325,0.040000
z_0161_610.853282.png,#5499c7,2811,3.266916,0.130677,0.040000
z_0161_610.853282.png,#73c6b6,150,0.174329,0.006973,0.040000
z_0161_610.853282.png,#7b241c,379,0.440470,0.017619,0.040000
z_0161_610.853282.png,#82e0aa,1132,1.315599,0.052624,0.040000
z_0161_610.853282.png,#85c1e9,2696,3.133264,0.125331,0.040000
z_0161_610.853282.png,#922b21,1986,2.308110,0.092324,0.040000
z_0161_610.853282.png,#9a7d0a,6167,7.167226,0.286689,0.040000
z_0161_610.853282.png,#a2d9ce,4,0.004649,0.000186,0.040000
z_0161_610.853282.png,#a3e4d7,137,0.159220,0.006369,0.040000
z_0161_610.853282.png,#a9cce3,256,0.297521,0.011901,0.040000
z_0161_610.853282.png,#af601a,1565,1.818827,0.072753,0.040000
z_0161_610.853282.png,#af7ac5,160,0.185950,0.007438,0.040000
z_0161_610.853282.png,#b9770e,310,0.360279,0.014411,0.040000
z_0161_610.853282.png,#cb4335,142,0.165031,0.006601,0.040000
z_0161_610.853282.png,#d2b4de,487,0.565987,0.022639,0.040000
z_0161_610.853282.png,#d35400,2575,2.992639,0.119706,0.040000
z_0161_610.853282.png,#d68910,1481,1.721204,0.068848,0.040000
z_0161_610.853282.png,#e59866,17,0.019757,0.000790,0.040000
z_0161_610.853282.png,#e74c3c,656,0.762397,0.030496,0.040000
z_0161_610.853282.png,#edbb99,1873,2.176782,0.087071,0.040000
z_0161_610.853282.png,#f1948a,210,0.244060,0.009762,0.040000
z_0161_610.853282.png,#f58231,982,1.141271,0.045651,0.040000
z_0161_610.853282.png,#f7dc6f,121,0.140625,0.005625,0.040000
z_0161_610.853282.png,#f8c471,1016,1.180785,0.047231,0.040000
z_0161_610.853282.png,#fad7a0,1061,1.233084,0.049323,0.040000
z_0162_611.864865.png,#0e6251,224,0.260331,0.010413,0.040000
z_0162_611.864865.png,#117a65,3094,3.595816,0.143833,0.040000
z_0162_611.864865.png,#145a32,451,0.524148,0.020966,0.040000
z_0162_611.864865.png,#154360,1699,1.974561,0.078982,0.040000
z_0162_611.864865.png,#196f3d,2605,3.027505,0.121100,0.040000
z_0162_611.864865.png,#1b4f72,1961,2.279055,0.091162,0.040000
z_0162_611.864865.png,#2e4053,1365,1.586389,0.063456,0.040000
z_0162_611.864865.png,#2ecc71,210,0.244060,0.009762,0.040000
z_0162_611.864865.png,#3b3b98,471,0.547392,0.021896,0.040000
z_0162_611.864865.png,#45b39d,438,0.509039,0.020362,0.040000
z_0162_611.864865.png,#48c9b0,1258,1.462035,0.058481,0.040000
z_0162_611.864865.png,#4a235a,2387,2.774148,0.110966,0.040000
z_0162_611.864865.png,#512e5f,1077,1.251679,0.050067,0.040000
z_0162_611.864865.png,#52be80,983,1.142433,0.045697,0.040000
z_0162_611.864865.png,#5499c7,2518,2.926395,0.117056,0.040000
z_0162_611.864865.png,#73c6b6,137,0.159220,0.006369,0.040000
z_0162_611.864865.png,#7b241c,403,0.468363,0.018735,0.040000
z_0162_611.864865.png,#82e0aa,1178,1.369060,0.054762,0.040000
z_0162_611.864865.png,#85c1e9,2671,3.104210,0.124168,0.040000
z_0162_611.864865.png,#922b21,1866,2.168647,0.086746,0.040000
z_0162_611.864865.png,#9a7d0a,6023,6.999871,0.279995,0.040000
z_0162_611.864865.png,#a2d9ce,4,0.004649,0.000186,0.040000
z_0162_611.864865.png,#a3e4d7,191,0.221978,0.008879,0.040000
z_0162_611.864865.png,#a9cce3,292,0.339360,0.013574,0.040000
z_0162_611.864865.png,#af601a,1571,1.825801,0.073032,0.040000
z_0162_611.864865.png,#af7ac5,151,0.175491,0.007020,0.040000
z_0162_611.864865.png,#b9770e,335,0.389334,0.015573,0.040000
z_0162_611.864865.png,#cb4335,152,0.176653,0.007066,0.040000
z_0162_611.864865.png,#d2b4de,521,0.605501,0.024220,0.040000
z_0162_611.864865.png,#d35400,2641,3.069344,0.122774,0.040000
z_0162_611.864865.png,#d68910,1388,1.613120,0.064525,0.040000
z_0162_611.864865.png,#e74c3c,665,0.772856,0.030914,0.040000
z_0162_611.864865.png,#edbb99,2204,2.561467,0.102459,0.040000
z_0162_611.864865.png,#f1948a,337,0.391658,0.015666,0.040000
z_0162_611.864865.png,#f58231,964,1.120351,0.044814,0.040000
z_0162_611.864865.png,#f7dc6f,138,0.160382,0.006415,0.040000
z_0162_611.864865.png,#f8c471,1030,1.197056,0.047882,0.040000
z_0162_611.864865.png,#fad7a0,1046,1.215651,0.048626,0.040000
z_0163_612.876448.png,#0e6251,230,0.267304,0.010692,0.040000
z_0163_612.876448.png,#117a65,3013,3.501679,0.140067,0.040000
z_0163_612.876448.png,#145a32,434,0.504390,0.020176,0.040000
z_0163_612.876448.png,#154360,1868,2.170971,0.086839,0.040000
z_0163_612.876448.png,#196f3d,2546,2.958936,0.118357,0.040000
z_0163_612.876448.png,#1b4f72,1990,2.312758,0.092510,0.040000
z_0163_612.876448.png,#2e4053,1361,1.581741,0.063270,0.040000
z_0163_612.876448.png,#2ecc71,197,0.228951,0.009158,0.040000
z_0163_612.876448.png,#3b3b98,467,0.542743,0.021710,0.040000
z_0163_612.876448.png,#45b39d,437,0.507877,0.020315,0.040000
z_0163_612.876448.png,#48c9b0,1255,1.458549,0.058342,0.040000
z_0163_612.876448.png,#4a235a,2395,2.783445,0.111338,0.040000
z_0163_612.876448.png,#512e5f,954,1.108729,0.044349,0.040000
z_0163_612.876448.png,#52be80,949,1.102918,0.044117,0.040000
z_0163_612.876448.png,#5499c7,2329,2.706741,0.108270,0.040000
z_0163_612.876448.png,#73c6b6,116,0.134814,0.005393,0.040000
z_0163_612.876448.png,#7b241c,414,0.481147,0.019246,0.040000
z_0163_612.876448.png,#82e0aa,1189,1.381844,0.055274,0.040000
z_0163_612.876448.png,#85c1e9,2592,3.012397,0.120496,0.040000
z_0163_612.876448.png,#922b21,1642,1.908316,0.076333,0.040000
z_0163_612.876448.png,#9a7d0a,5653,6.569861,0.262794,0.040000
z_0163_612.876448.png,#a2d9ce,6,0.006973,0.000279,0.040000
z_0163_612.876448.png,#a3e4d7,194,0.225465,0.009019,0.040000
z_0163_612.876448.png,#a9cce3,343,0.398631,0.015945,0.040000
z_0163_612.876448.png,#af601a,1593,1.851369,0.074055,0.040000
z_0163_612.876448.png,#af7ac5,127,0.147598,0.005904,0.040000
z_0163_612.876448.png,#b9770e,383,0.445119,0.017805,0.040000
z_0163_612.876448.png,#cb4335,146,0.169680,0.006787,0.040000
z_0163_612.876448.png,#d2b4de,637,0.740315,0.029613,0.040000
z_0163_612.876448.png,#d35400,2750,3.196023,0.127841,0.040000
z_0163_612.876448.png,#d68910,1616,1.878099,0.075124,0.040000
z_0163_612.876448.png,#e74c3c,678,0.787965,0.031519,0.040000
z_0163_612.876448.png,#edbb99,2535,2.946152,0.117846,0.040000
z_0163_612.876448.png,#f1948a,364,0.423037,0.016921,0.040000
z_0163_612.876448.png,#f58231,913,1.061080,0.042443,0.040000
z_0163_612.876448.png,#f7dc6f,130,0.151085,0.006043,0.040000
z_0163_612.876448.png,#f8c471,1006,1.169163,0.046767,0.040000
z_0163_612.876448.png,#fad7a0,1000,1.162190,0.046488,0.040000
z_0164_613.888031.png,#0e6251,237,0.275439,0.011018,0.040000
z_0164_613.888031.png,#117a65,3019,3.508652,0.140346,0.040000
z_0164_613.888031.png,#145a32,468,0.543905,0.021756,0.040000
z_0164_613.888031.png,#154360,2014,2.340651,0.093626,0.040000
z_0164_613.888031.png,#196f3d,2546,2.958936,0.118357,0.040000
z_0164_613.888031.png,#1b4f72,1876,2.180269,0.087211,0.040000
z_0164_613.888031.png,#2e4053,1466,1.703771,0.068151,0.040000
z_0164_613.888031.png,#2ecc71,285,0.331224,0.013249,0.040000
z_0164_613.888031.png,#3b3b98,450,0.522986,0.020919,0.040000
z_0164_613.888031.png,#45b39d,423,0.491606,0.019664,0.040000
z_0164_613.888031.png,#48c9b0,1237,1.437629,0.057505,0.040000
z_0164_613.888031.png,#4a235a,2361,2.743931,0.109757,0.040000
z_0164_613.888031.png,#512e5f,735,0.854210,0.034168,0.040000
z_0164_613.888031.png,#52be80,921,1.070377,0.042815,0.040000
z_0164_613.888031.png,#5499c7,2332,2.710227,0.108409,0.040000
z_0164_613.888031.png,#73c6b6,110,0.127841,0.005114,0.040000
z_0164_613.888031.png,#7b241c,446,0.518337,0.020733,0.040000
z_0164_613.888031.png,#82e0aa,1199,1.393466,0.055739,0.040000
z_0164_613.888031.png,#85c1e9,2572,2.989153,0.119566,0.040000
z_0164_613.888031.png,#922b21,1429,1.660770,0.066431,0.040000
z_0164_613.888031.png,#9a7d0a,5624,6.536157,0.261446,0.040000
z_0164_613.888031.png,#a2d9ce,4,0.004649,0.000186,0.040000
z_0164_613.888031.png,#a3e4d7,164,0.190599,0.007624,0.040000
z_0164_613.888031.png,#a9cce3,392,0.455579,0.018223,0.040000
z_0164_613.888031.png,#af601a,1694,1.968750,0.078750,0.040000
z_0164_613.888031.png,#af7ac5,142,0.165031,0.006601,0.040000
z_0164_613.888031.png,#b9770e,417,0.484633,0.019385,0.040000
z_0164_613.888031.png,#cb4335,126,0.146436,0.005857,0.040000
z_0164_613.888031.png,#d2b4de,928,1.078512,0.043140,0.040000
z_0164_613.888031.png,#d35400,2725,3.166968,0.126679,0.040000
z_0164_613.888031.png,#d68910,1577,1.832774,0.073311,0.040000
z_0164_613.888031.png,#e74c3c,767,0.891400,0.035656,0.040000
z_0164_613.888031.png,#edbb99,1301,1.512009,0.060480,0.040000
z_0164_613.888031.png,#f1948a,393,0.456741,0.018270,0.040000
z_0164_613.888031.png,#f58231,855,0.993673,0.039747,0.040000
z_0164_613.888031.png,#f7dc6f,168,0.195248,0.007810,0.040000
z_0164_613.888031.png,#f8c471,984,1.143595,0.045744,0.040000
z_0164_613.888031.png,#fad7a0,959,1.114540,0.044582,0.040000
z_0165_614.899614.png,#0e6251,244,0.283574,0.011343,0.040000
z_0165_614.899614.png,#117a65,2896,3.365702,0.134628,0.040000
z_0165_614.899614.png,#145a32,543,0.631069,0.025243,0.040000
z_0165_614.899614.png,#154360,2074,2.410382,0.096415,0.040000
z_0165_614.899614.png,#196f3d,2639,3.067020,0.122681,0.040000
z_0165_614.899614.png,#1b4f72,1884,2.189566,0.087583,0.040000
z_0165_614.899614.png,#2e4053,1578,1.833936,0.073357,0.040000
z_0165_614.899614.png,#2ecc71,326,0.378874,0.015155,0.040000
z_0165_614.899614.png,#3b3b98,406,0.471849,0.018874,0.040000
z_0165_614.899614.png,#45b39d,409,0.475336,0.019013,0.040000
z_0165_614.899614.png,#48c9b0,1185,1.377195,0.055088,0.040000
z_0165_614.899614.png,#4a235a,2262,2.628874,0.105155,0.040000
z_0165_614.899614.png,#512e5f,706,0.820506,0.032820,0.040000
z_0165_614.899614.png,#52be80,917,1.065728,0.042629,0.040000
z_0165_614.899614.png,#5499c7,2405,2.795067,0.111803,0.040000
z_0165_614.899614.png,#73c6b6,102,0.118543,0.004742,0.040000
z_0165_614.899614.png,#7b241c,458,0.532283,0.021291,0.040000
z_0165_614.899614.png,#82e0aa,1209,1.405088,0.056204,0.040000
z_0165_614.899614.png,#85c1e9,2559,2.974044,0.118962,0.040000
z_0165_614.899614.png,#922b21,1294,1.503874,0.060155,0.040000
z_0165_614.899614.png,#9a7d0a,5633,6.546617,0.261865,0.040000
z_0165_614.899614.png,#a2d9ce,2,0.002324,0.000093,0.040000
z_0165_614.899614.png,#a3e4d7,172,0.199897,0.007996,0.040000
z_0165_614.899614.png,#a9cce3,445,0.517175,0.020687,0.040000
z_0165_614.899614.png,#af601a,1961,2.279055,0.091162,0.040000
z_0165_614.899614.png,#af7ac5,136,0.158058,0.006322,0.040000
z_0165_614.899614.png,#b9770e,461,0.535770,0.021431,0.040000
z_0165_614.899614.png,#cb4335,156,0.181302,0.007252,0.040000
z_0165_614.899614.png,#d2b4de,989,1.149406,0.045976,0.040000
z_0165_614.899614.png,#d35400,2738,3.182076,0.127283,0.040000
z_0165_614.899614.png,#d68910,1576,1.831612,0.073264,0.040000
z_0165_614.899614.png,#e74c3c,879,1.021565,0.040863,0.040000
z_0165_614.899614.png,#edbb99,3514,4.083936,0.163357,0.040000
z_0165_614.899614.png,#f1948a,375,0.435821,0.017433,0.040000
z_0165_614.899614.png,#f58231,781,0.907670,0.036307,0.040000
z_0165_614.899614.png,#f7dc6f,99,0.115057,0.004602,0.040000
z_0165_614.899614.png,#f8c471,944,1.097107,0.043884,0.040000
z_0165_614.899614.png,#fad7a0,980,1.138946,0.045558,0.040000
z_0166_615.911197.png,#0e6251,224,0.260331,0.010413,0.040000
z_0166_615.911197.png,#117a65,2609,3.032154,0.121286,0.040000
z_0166_615.911197.png,#145a32,593,0.689179,0.027567,0.040000
z_0166_615.911197.png,#154360,2148,2.496384,0.099855,0.040000
z_0166_615.911197.png,#196f3d,2706,3.144886,0.125795,0.040000
z_0166_615.911197.png,#1b4f72,1858,2.159349,0.086374,0.040000
z_0166_615.911197.png,#2e4053,1803,2.095429,0.083817,0.040000
z_0166_615.911197.png,#2ecc71,368,0.427686,0.017107,0.040000
z_0166_615.911197.png,#3b3b98,337,0.391658,0.015666,0.040000
z_0166_615.911197.png,#45b39d,390,0.453254,0.018130,0.040000
z_0166_615.911197.png,#48c9b0,1153,1.340005,0.053600,0.040000
z_0166_615.911197.png,#4a235a,2234,2.596333,0.103853,0.040000
z_0166_615.911197.png,#512e5f,676,0.785640,0.031426,0.040000
z_0166_615.911197.png,#52be80,896,1.041322,0.041653,0.040000
z_0166_615.911197.png,#5499c7,2629,3.055398,0.122216,0.040000
z_0166_615.911197.png,#73c6b6,107,0.124354,0.004974,0.040000
z_0166_615.911197.png,#7b241c,462,0.536932,0.021477,0.040000
z_0166_615.911197.png,#82e0aa,1199,1.393466,0.055739,0.040000
z_0166_615.911197.png,#85c1e9,2498,2.903151,0.116126,0.040000
z_0166_615.911197.png,#922b21,1296,1.506198,0.060248,0.040000
z_0166_615.911197.png,#9a7d0a,5350,6.217717,0.248709,0.040000
z_0166_615.911197.png,#a2d9ce,2,0.002324,0.000093,0.040000
z_0166_615.911197.png,#a3e4d7,166,0.192924,0.007717,0.040000
z_0166_615.911197.png,#a9cce3,503,0.584582,0.023383,0.040000
z_0166_615.911197.png,#af601a,2213,2.571927,0.102877,0.040000
z_0166_615.911197.png,#af7ac5,154,0.178977,0.007159,0.040000
z_0166_615.911197.png,#b9770e,459,0.533445,0.021338,0.040000
z_0166_615.911197.png,#cb4335,165,0.191761,0.007670,0.040000
z_0166_615.911197.png,#d2b4de,1047,1.216813,0.048673,0.040000
z_0166_615.911197.png,#d35400,2714,3.154184,0.126167,0.040000
z_0166_615.911197.png,#d68910,1457,1.693311,0.067732,0.040000
z_0166_615.911197.png,#e74c3c,942,1.094783,0.043791,0.040000
z_0166_615.911197.png,#edbb99,3399,3.950284,0.158011,0.040000
z_0166_615.911197.png,#f1948a,357,0.414902,0.016596,0.040000
z_0166_615.911197.png,#f58231,740,0.860021,0.034401,0.040000
z_0166_615.911197.png,#f7dc6f,92,0.106921,0.004277,0.040000
z_0166_615.911197.png,#f8c471,779,0.905346,0.036214,0.040000
z_0166_615.911197.png,#fad7a0,1054,1.224948,0.048998,0.040000
z_0167_616.922780.png,#0e6251,235,0.273115,0.010925,0.040000
z_0167_616.922780.png,#117a65,2439,2.834582,0.113383,0.040000
z_0167_616.922780.png,#145a32,701,0.814695,0.032588,0.040000
z_0167_616.922780.png,#154360,2246,2.610279,0.104411,0.040000
z_0167_616.922780.png,#196f3d,2881,3.348270,0.133931,0.040000
z_0167_616.922780.png,#1b4f72,1821,2.116348,0.084654,0.040000
z_0167_616.922780.png,#2e4053,1879,2.183755,0.087350,0.040000
z_0167_616.922780.png,#2ecc71,402,0.467200,0.018688,0.040000
z_0167_616.922780.png,#3b3b98,275,0.319602,0.012784,0.040000
z_0167_616.922780.png,#45b39d,383,0.445119,0.017805,0.040000
z_0167_616.922780.png,#48c9b0,1195,1.388817,0.055553,0.040000
z_0167_616.922780.png,#4a235a,2338,2.717200,0.108688,0.040000
z_0167_616.922780.png,#512e5f,642,0.746126,0.029845,0.040000
z_0167_616.922780.png,#52be80,866,1.006457,0.040258,0.040000
z_0167_616.922780.png,#5499c7,2632,3.058884,0.122355,0.040000
z_0167_616.922780.png,#73c6b6,93,0.108084,0.004323,0.040000
z_0167_616.922780.png,#7b241c,435,0.505553,0.020222,0.040000
z_0167_616.922780.png,#82e0aa,1177,1.367898,0.054716,0.040000
z_0167_616.922780.png,#85c1e9,2427,2.820635,0.112825,0.040000
z_0167_616.922780.png,#922b21,1340,1.557335,0.062293,0.040000
z_0167_616.922780.png,#9a7d0a,5000,5.810950,0.232438,0.040000
z_0167_616.922780.png,#a2d9ce,2,0.002324,0.000093,0.040000
z_0167_616.922780.png,#a3e4d7,166,0.192924,0.007717,0.040000
z_0167_616.922780.png,#a9cce3,544,0.632231,0.025289,0.040000
z_0167_616.922780.png,#af601a,2254,2.619576,0.104783,0.040000
z_0167_616.922780.png,#af7ac5,169,0.196410,0.007856,0.040000
z_0167_616.922780.png,#b9770e,446,0.518337,0.020733,0.040000
z_0167_616.922780.png,#cb4335,185,0.215005,0.008600,0.040000
z_0167_616.922780.png,#d2b4de,1034,1.201705,0.048068,0.040000
z_0167_616.922780.png,#d35400,2647,3.076317,0.123053,0.040000
z_0167_616.922780.png,#d68910,1363,1.584065,0.063363,0.040000
z_0167_616.922780.png,#e74c3c,980,1.138946,0.045558,0.040000
z_0167_616.922780.png,#edbb99,3332,3.872417,0.154897,0.040000
z_0167_616.922780.png,#f1948a,170,0.197572,0.007903,0.040000
z_0167_616.922780.png,#f58231,692,0.804236,0.032169,0.040000
z_0167_616.922780.png,#f7dc6f,94,0.109246,0.004370,0.040000
z_0167_616.922780.png,#f8c471,714,0.829804,0.033192,0.040000
z_0167_616.922780.png,#fad7a0,1018,1.183110,0.047324,0.040000
z_0168_617.934363.png,#0e6251,234,0.271952,0.010878,0.040000
z_0168_617.934363.png,#117a65,2359,2.741606,0.109664,0.040000
z_0168_617.934363.png,#145a32,817,0.949509,0.037980,0.040000
z_0168_617.934363.png,#154360,2417,2.809013,0.112361,0.040000
z_0168_617.934363.png,#196f3d,3014,3.502841,0.140114,0.040000
z_0168_617.934363.png,#1b4f72,1759,2.044292,0.081772,0.040000
z_0168_617.934363.png,#2e4053,2028,2.356921,0.094277,0.040000
z_0168_617.934363.png,#2ecc71,395,0.459065,0.018363,0.040000
z_0168_617.934363.png,#3b3b98,299,0.347495,0.013900,0.040000
z_0168_617.934363.png,#45b39d,441,0.512526,0.020501,0.040000
z_0168_617.934363.png,#48c9b0,1245,1.446927,0.057877,0.040000
z_0168_617.934363.png,#4a235a,2203,2.560305,0.102412,0.040000
z_0168_617.934363.png,#512e5f,617,0.717071,0.028683,0.040000
z_0168_617.934363.png,#52be80,854,0.992510,0.039700,0.040000
z_0168_617.934363.png,#5499c7,2513,2.920584,0.116823,0.040000
z_0168_617.934363.png,#73c6b6,88,0.102273,0.004091,0.040000
z_0168_617.934363.png,#7b241c,420,0.488120,0.019525,0.040000
z_0168_617.934363.png,#82e0aa,1141,1.326059,0.053042,0.040000
z_0168_617.934363.png,#85c1e9,2361,2.743931,0.109757,0.040000
z_0168_617.934363.png,#922b21,1319,1.532929,0.061317,0.040000
z_0168_617.934363.png,#9a7d0a,4625,5.375129,0.215005,0.040000
z_0168_617.934363.png,#a2d9ce,5,0.005811,0.000232,0.040000
z_0168_617.934363.png,#a3e4d7,156,0.181302,0.007252,0.040000
z_0168_617.934363.png,#a9cce3,592,0.688017,0.027521,0.040000
z_0168_617.934363.png,#af601a,2282,2.652118,0.106085,0.040000
z_0168_617.934363.png,#af7ac5,206,0.239411,0.009576,0.040000
z_0168_617.934363.png,#b9770e,443,0.514850,0.020594,0.040000
z_0168_617.934363.png,#cb4335,181,0.210356,0.008414,0.040000
z_0168_617.934363.png,#d2b4de,984,1.143595,0.045744,0.040000
z_0168_617.934363.png,#d35400,2619,3.043776,0.121751,0.040000
z_0168_617.934363.png,#d68910,1305,1.516658,0.060666,0.040000
z_0168_617.934363.png,#e74c3c,1040,1.208678,0.048347,0.040000
z_0168_617.934363.png,#edbb99,3299,3.834065,0.153363,0.040000
z_0168_617.934363.png,#f1948a,144,0.167355,0.006694,0.040000
z_0168_617.934363.png,#f58231,648,0.753099,0.030124,0.040000
z_0168_617.934363.png,#f7dc6f,83,0.096462,0.003858,0.040000
z_0168_617.934363.png,#f8c471,528,0.613636,0.024545,0.040000
z_0168_617.934363.png,#fad7a0,963,1.119189,0.044768,0.040000
z_0169_618.945946.png,#0e6251,232,0.269628,0.010785,0.040000
z_0169_618.945946.png,#117a65,2356,2.738120,0.109525,0.040000
z_0169_618.945946.png,#145a32,822,0.955320,0.038213,0.040000
z_0169_618.945946.png,#154360,2421,2.813662,0.112546,0.040000
z_0169_618.945946.png,#196f3d,3018,3.507490,0.140300,0.040000
z_0169_618.945946.png,#1b4f72,1760,2.045455,0.081818,0.040000
z_0169_618.945946.png,#2e4053,2025,2.353435,0.094137,0.040000
z_0169_618.945946.png,#2ecc71,395,0.459065,0.018363,0.040000
z_0169_618.945946.png,#3b3b98,310,0.360279,0.014411,0.040000
z_0169_618.945946.png,#45b39d,441,0.512526,0.020501,0.040000
z_0169_618.945946.png,#48c9b0,1256,1.459711,0.058388,0.040000
z_0169_618.945946.png,#4a235a,2213,2.571927,0.102877,0.040000
z_0169_618.945946.png,#512e5f,621,0.721720,0.028869,0.040000
z_0169_618.945946.png,#52be80,857,0.995997,0.039840,0.040000
z_0169_618.945946.png,#5499c7,2515,2.922908,0.116916,0.040000
z_0169_618.945946.png,#73c6b6,88,0.102273,0.004091,0.040000
z_0169_618.945946.png,#7b241c,418,0.485795,0.019432,0.040000
z_0169_618.945946.png,#82e0aa,1142,1.327221,0.053089,0.040000
z_0169_618.945946.png,#85c1e9,2365,2.748580,0.109943,0.040000
z_0169_618.945946.png,#922b21,1322,1.536415,0.061457,0.040000
z_0169_618.945946.png,#9a7d0a,4626,5.376291,0.215052,0.040000
z_0169_618.945946.png,#a2d9ce,4,0.004649,0.000186,0.040000
z_0169_618.945946.png,#a3e4d7,153,0.177815,0.007113,0.040000
z_0169_618.945946.png,#a9cce3,588,0.683368,0.027335,0.040000
z_0169_618.945946.png,#af601a,2270,2.638171,0.105527,0.040000
z_0169_618.945946.png,#af7ac5,207,0.240573,0.009623,0.040000
z_0169_618.945946.png,#b9770e,440,0.511364,0.020455,0.040000
z_0169_618.945946.png,#cb4335,181,0.210356,0.008414,0.040000
z_0169_618.945946.png,#d2b4de,988,1.148244,0.045930,0.040000
z_0169_618.945946.png,#d35400,2613,3.036803,0.121472,0.040000
z_0169_618.945946.png,#d68910,1310,1.522469,0.060899,0.040000
z_0169_618.945946.png,#e74c3c,1050,1.220300,0.048812,0.040000
z_0169_618.945946.png,#edbb99,3298,3.832903,0.153316,0.040000
z_0169_618.945946.png,#f1948a,144,0.167355,0.006694,0.040000
z_0169_618.945946.png,#f58231,649,0.754261,0.030170,0.040000
z_0169_618.945946.png,#f7dc6f,81,0.094137,0.003765,0.040000
z_0169_618.945946.png,#f8c471,529,0.614799,0.024592,0.040000
z_0169_618.945946.png,#fad7a0,962,1.118027,0.044721,0.040000
z_0170_619.957529.png,#0e6251,221,0.256844,0.010274,0.040000
z_0170_619.957529.png,#117a65,2325,2.702092,0.108084,0.040000
z_0170_619.957529.png,#145a32,1023,1.188920,0.047557,0.040000
z_0170_619.957529.png,#154360,2738,3.182076,0.127283,0.040000
z_0170_619.957529.png,#196f3d,3144,3.653926,0.146157,0.040000
z_0170_619.957529.png,#1b4f72,1717,1.995480,0.079819,0.040000
z_0170_619.957529.png,#2e4053,2112,2.454545,0.098182,0.040000
z_0170_619.957529.png,#2ecc71,72,0.083678,0.003347,0.040000
z_0170_619.957529.png,#3b3b98,239,0.277763,0.011111,0.040000
z_0170_619.957529.png,#45b39d,452,0.525310,0.021012,0.040000
z_0170_619.957529.png,#48c9b0,1308,1.520145,0.060806,0.040000
z_0170_619.957529.png,#4a235a,1794,2.084969,0.083399,0.040000
z_0170_619.957529.png,#512e5f,565,0.656637,0.026265,0.040000
z_0170_619.957529.png,#52be80,814,0.946023,0.037841,0.040000
z_0170_619.957529.png,#5499c7,2131,2.476627,0.099065,0.040000
z_0170_619.957529.png,#73c6b6,97,0.112732,0.004509,0.040000
z_0170_619.957529.png,#7b241c,380,0.441632,0.017665,0.040000
z_0170_619.957529.png,#82e0aa,1180,1.371384,0.054855,0.040000
z_0170_619.957529.png,#85c1e9,1858,2.159349,0.086374,0.040000
z_0170_619.957529.png,#922b21,1297,1.507361,0.060294,0.040000
z_0170_619.957529.png,#9a7d0a,3876,4.504649,0.180186,0.040000
z_0170_619.957529.png,#a2d9ce,1,0.001162,0.000046,0.040000
z_0170_619.957529.png,#a3e4d7,151,0.175491,0.007020,0.040000
z_0170_619.957529.png,#a9cce3,624,0.725207,0.029008,0.040000
z_0170_619.957529.png,#af601a,1877,2.181431,0.087257,0.040000
z_0170_619.957529.png,#af7ac5,195,0.226627,0.009065,0.040000
z_0170_619.957529.png,#b9770e,456,0.529959,0.021198,0.040000
z_0170_619.957529.png,#cb4335,187,0.217330,0.008693,0.040000
z_0170_619.957529.png,#d2b4de,884,1.027376,0.041095,0.040000
z_0170_619.957529.png,#d35400,2544,2.956612,0.118264,0.040000
z_0170_619.957529.png,#d68910,1077,1.251679,0.050067,0.040000
z_0170_619.957529.png,#e74c3c,1166,1.355114,0.054205,0.040000
z_0170_619.957529.png,#edbb99,2967,3.448218,0.137929,0.040000
z_0170_619.957529.png,#f58231,633,0.735666,0.029427,0.040000
z_0170_619.957529.png,#f7dc6f,65,0.075542,0.003022,0.040000
z_0170_619.957529.png,#f8c471,556,0.646178,0.025847,0.040000
z_0170_619.957529.png,#fad7a0,937,1.088972,0.043559,0.040000
z_0171_620.969112.png,#0e6251,221,0.256844,0.010274,0.040000
z_0171_620.969112.png,#117a65,2330,2.707903,0.108316,0.040000
z_0171_620.969112.png,#145a32,1024,1.190083,0.047603,0.040000
z_0171_620.969112.png,#154360,2716,3.156508,0.126260,0.040000
z_0171_620.969112.png,#196f3d,3154,3.665548,0.146622,0.040000
z_0171_620.969112.png,#1b4f72,1720,1.998967,0.079959,0.040000
z_0171_620.969112.png,#2e4053,2099,2.439437,0.097577,0.040000
z_0171_620.969112.png,#2ecc71,72,0.083678,0.003347,0.040000
z_0171_620.969112.png,#3b3b98,240,0.278926,0.011157,0.040000
z_0171_620.969112.png,#45b39d,458,0.532283,0.021291,0.040000
z_0171_620.969112.png,#48c9b0,1305,1.516658,0.060666,0.040000
z_0171_620.969112.png,#4a235a,1795,2.086131,0.083445,0.040000
z_0171_620.969112.png,#512e5f,564,0.655475,0.026219,0.040000
z_0171_620.969112.png,#52be80,811,0.942536,0.037701,0.040000
z_0171_620.969112.png,#5499c7,2125,2.469654,0.098786,0.040000
z_0171_620.969112.png,#73c6b6,98,0.113895,0.004556,0.040000
z_0171_620.969112.png,#7b241c,381,0.442794,0.017712,0.040000
z_0171_620.969112.png,#82e0aa,1187,1.379520,0.055181,0.040000
z_0171_620.969112.png,#85c1e9,1860,2.161674,0.086467,0.040000
z_0171_620.969112.png,#922b21,1298,1.508523,0.060341,0.040000
z_0171_620.969112.png,#9a7d0a,3882,4.511622,0.180465,0.040000
z_0171_620.969112.png,#a2d9ce,1,0.001162,0.000046,0.040000
z_0171_620.969112.png,#a3e4d7,151,0.175491,0.007020,0.040000
z_0171_620.969112.png,#a9cce3,637,0.740315,0.029613,0.040000
z_0171_620.969112.png,#af601a,1865,2.167485,0.086699,0.040000
z_0171_620.969112.png,#af7ac5,190,0.220816,0.008833,0.040000
z_0171_620.969112.png,#b9770e,458,0.532283,0.021291,0.040000
z_0171_620.969112.png,#cb4335,187,0.217330,0.008693,0.040000
z_0171_620.969112.png,#d2b4de,882,1.025052,0.041002,0.040000
z_0171_620.969112.png,#d35400,2532,2.942665,0.117707,0.040000
z_0171_620.969112.png,#d68910,1073,1.247030,0.049881,0.040000
z_0171_620.969112.png,#e74c3c,1158,1.345816,0.053833,0.040000
z_0171_620.969112.png,#edbb99,2972,3.454029,0.138161,0.040000
z_0171_620.969112.png,#f58231,636,0.739153,0.029566,0.040000
z_0171_620.969112.png,#f7dc6f,66,0.076705,0.003068,0.040000
z_0171_620.969112.png,#f8c471,554,0.643853,0.025754,0.040000
z_0171_620.969112.png,#fad7a0,934,1.085486,0.043419,0.040000
z_0172_621.980695.png,#0e6251,222,0.258006,0.010320,0.040000
z_0172_621.980695.png,#117a65,2079,2.416193,0.096648,0.040000
z_0172_621.980695.png,#145a32,1066,1.238895,0.049556,0.040000
z_0172_621.980695.png,#154360,3524,4.095558,0.163822,0.040000
z_0172_621.980695.png,#196f3d,2965,3.445894,0.137836,0.040000
z_0172_621.980695.png,#1b4f72,3149,3.659737,0.146389,0.040000
z_0172_621.980695.png,#2e4053,2415,2.806689,0.112268,0.040000
z_0172_621.980695.png,#2ecc71,124,0.144112,0.005764,0.040000
z_0172_621.980695.png,#3b3b98,711,0.826317,0.033053,0.040000
z_0172_621.980695.png,#45b39d,1398,1.624742,0.064990,0.040000
z_0172_621.980695.png,#48c9b0,1518,1.764205,0.070568,0.040000
z_0172_621.980695.png,#4a235a,671,0.779830,0.031193,0.040000
z_0172_621.980695.png,#512e5f,510,0.592717,0.023709,0.040000
z_0172_621.980695.png,#52be80,604,0.701963,0.028079,0.040000
z_0172_621.980695.png,#5499c7,1420,1.650310,0.066012,0.040000
z_0172_621.980695.png,#73c6b6,97,0.112732,0.004509,0.040000
z_0172_621.980695.png,#7b241c,233,0.270790,0.010832,0.040000
z_0172_621.980695.png,#82e0aa,1013,1.177299,0.047092,0.040000
z_0172_621.980695.png,#85c1e9,1427,1.658445,0.066338,0.040000
z_0172_621.980695.png,#922b21,889,1.033187,0.041327,0.040000
z_0172_621.980695.png,#9a7d0a,3198,3.716684,0.148667,0.040000
z_0172_621.980695.png,#a2d9ce,20,0.023244,0.000930,0.040000
z_0172_621.980695.png,#a3e4d7,135,0.156896,0.006276,0.040000
z_0172_621.980695.png,#a9cce3,773,0.898373,0.035935,0.040000
z_0172_621.980695.png,#af601a,945,1.098270,0.043931,0.040000
z_0172_621.980695.png,#af7ac5,178,0.206870,0.008275,0.040000
z_0172_621.980695.png,#b9770e,542,0.629907,0.025196,0.040000
z_0172_621.980695.png,#cb4335,209,0.242898,0.009716,0.040000
z_0172_621.980695.png,#d2b4de,611,0.710098,0.028404,0.040000
z_0172_621.980695.png,#d35400,2345,2.725336,0.109013,0.040000
z_0172_621.980695.png,#d68910,816,0.948347,0.037934,0.040000
z_0172_621.980695.png,#e74c3c,1414,1.643337,0.065733,0.040000
z_0172_621.980695.png,#edbb99,2548,2.961260,0.118450,0.040000
z_0172_621.980695.png,#f58231,686,0.797262,0.031890,0.040000
z_0172_621.980695.png,#f8c471,295,0.342846,0.013714,0.040000
z_0172_621.980695.png,#fad7a0,835,0.970429,0.038817,0.040000
z_0173_622.992278.png,#0e6251,221,0.256844,0.010274,0.040000
z_0173_622.992278.png,#117a65,2085,2.423166,0.096927,0.040000
z_0173_622.992278.png,#145a32,1073,1.247030,0.049881,0.040000
z_0173_622.992278.png,#154360,3531,4.103693,0.164148,0.040000
z_0173_622.992278.png,#196f3d,2971,3.452867,0.138115,0.040000
z_0173_622.992278.png,#1b4f72,3166,3.679494,0.147180,0.040000
z_0173_622.992278.png,#2e4053,2421,2.813662,0.112546,0.040000
z_0173_622.992278.png,#2ecc71,126,0.146436,0.005857,0.040000
z_0173_622.992278.png,#3b3b98,714,0.829804,0.033192,0.040000
z_0173_622.992278.png,#45b39d,1396,1.622417,0.064897,0.040000
z_0173_622.992278.png,#48c9b0,1524,1.771178,0.070847,0.040000
z_0173_622.992278.png,#4a235a,674,0.783316,0.031333,0.040000
z_0173_622.992278.png,#512e5f,508,0.590393,0.023616,0.040000
z_0173_622.992278.png,#52be80,615,0.714747,0.028590,0.040000
z_0173_622.992278.png,#5499c7,1424,1.654959,0.066198,0.040000
z_0173_622.992278.png,#73c6b6,97,0.112732,0.004509,0.040000
z_0173_622.992278.png,#7b241c,235,0.273115,0.010925,0.040000
z_0173_622.992278.png,#82e0aa,1012,1.176136,0.047045,0.040000
z_0173_622.992278.png,#85c1e9,1426,1.657283,0.066291,0.040000
z_0173_622.992278.png,#922b21,895,1.040160,0.041606,0.040000
z_0173_622.992278.png,#9a7d0a,3206,3.725981,0.149039,0.040000
z_0173_622.992278.png,#a2d9ce,18,0.020919,0.000837,0.040000
z_0173_622.992278.png,#a3e4d7,135,0.156896,0.006276,0.040000
z_0173_622.992278.png,#a9cce3,774,0.899535,0.035981,0.040000
z_0173_622.992278.png,#af601a,940,1.092459,0.043698,0.040000
z_0173_622.992278.png,#af7ac5,178,0.206870,0.008275,0.040000
z_0173_622.992278.png,#b9770e,544,0.632231,0.025289,0.040000
z_0173_622.992278.png,#cb4335,201,0.233600,0.009344,0.040000
z_0173_622.992278.png,#d2b4de,613,0.712423,0.028497,0.040000
z_0173_622.992278.png,#d35400,2333,2.711389,0.108456,0.040000
z_0173_622.992278.png,#d68910,818,0.950671,0.038027,0.040000
z_0173_622.992278.png,#e74c3c,1423,1.653796,0.066152,0.040000
z_0173_622.992278.png,#edbb99,2548,2.961260,0.118450,0.040000
z_0173_622.992278.png,#f58231,686,0.797262,0.031890,0.040000
z_0173_622.992278.png,#f8c471,295,0.342846,0.013714,0.040000
z_0173_622.992278.png,#fad7a0,827,0.961131,0.038445,0.040000
z_0174_624.003861.png,#0e6251,221,0.256844,0.010274,0.040000
z_0174_624.003861.png,#117a65,2076,2.412707,0.096508,0.040000
z_0174_624.003861.png,#145a32,1076,1.250517,0.050021,0.040000
z_0174_624.003861.png,#154360,3499,4.066503,0.162660,0.040000
z_0174_624.003861.png,#196f3d,2981,3.464489,0.138580,0.040000
z_0174_624.003861.png,#1b4f72,3179,3.694602,0.147784,0.040000
z_0174_624.003861.png,#2e4053,2434,2.828771,0.113151,0.040000
z_0174_624.003861.png,#2ecc71,126,0.146436,0.005857,0.040000
z_0174_624.003861.png,#3b3b98,715,0.830966,0.033239,0.040000
z_0174_624.003861.png,#45b39d,1399,1.625904,0.065036,0.040000
z_0174_624.003861.png,#48c9b0,1531,1.779313,0.071173,0.040000
z_0174_624.003861.png,#4a235a,671,0.779830,0.031193,0.040000
z_0174_624.003861.png,#512e5f,510,0.592717,0.023709,0.040000
z_0174_624.003861.png,#52be80,613,0.712423,0.028497,0.040000
z_0174_624.003861.png,#5499c7,1420,1.650310,0.066012,0.040000
z_0174_624.003861.png,#73c6b6,97,0.112732,0.004509,0.040000
z_0174_624.003861.png,#7b241c,235,0.273115,0.010925,0.040000
z_0174_624.003861.png,#82e0aa,1009,1.172650,0.046906,0.040000
z_0174_624.003861.png,#85c1e9,1424,1.654959,0.066198,0.040000
z_0174_624.003861.png,#922b21,904,1.050620,0.042025,0.040000
z_0174_624.003861.png,#9a7d0a,3194,3.712035,0.148481,0.040000
z_0174_624.003861.png,#a2d9ce,17,0.019757,0.000790,0.040000
z_0174_624.003861.png,#a3e4d7,134,0.155733,0.006229,0.040000
z_0174_624.003861.png,#a9cce3,776,0.901860,0.036074,0.040000
z_0174_624.003861.png,#af601a,942,1.094783,0.043791,0.040000
z_0174_624.003861.png,#af7ac5,178,0.206870,0.008275,0.040000
z_0174_624.003861.png,#b9770e,543,0.631069,0.025243,0.040000
z_0174_624.003861.png,#cb4335,202,0.234762,0.009390,0.040000
z_0174_624.003861.png,#d2b4de,615,0.714747,0.028590,0.040000
z_0174_624.003861.png,#d35400,2326,2.703254,0.108130,0.040000
z_0174_624.003861.png,#d68910,786,0.913481,0.036539,0.040000
z_0174_624.003861.png,#e74c3c,1426,1.657283,0.066291,0.040000
z_0174_624.003861.png,#edbb99,2548,2.961260,0.118450,0.040000
z_0174_624.003861.png,#f58231,685,0.796100,0.031844,0.040000
z_0174_624.003861.png,#f8c471,292,0.339360,0.013574,0.040000
z_0174_624.003861.png,#fad7a0,827,0.961131,0.038445,0.040000
z_0175_625.015444.png,#0e6251,238,0.276601,0.011064,0.040000
z_0175_625.015444.png,#117a65,1770,2.057076,0.082283,0.040000
z_0175_625.015444.png,#145a32,950,1.104081,0.044163,0.040000
z_0175_625.015444.png,#154360,3659,4.252454,0.170098,0.040000
z_0175_625.015444.png,#196f3d,2801,3.255294,0.130212,0.040000
z_0175_625.015444.png,#1b4f72,3521,4.092071,0.163683,0.040000
z_0175_625.015444.png,#2e4053,2578,2.996126,0.119845,0.040000
z_0175_625.015444.png,#2ecc71,142,0.165031,0.006601,0.040000
z_0175_625.015444.png,#3b3b98,809,0.940212,0.037608,0.040000
z_0175_625.015444.png,#45b39d,1496,1.738636,0.069545,0.040000
z_0175_625.015444.png,#48c9b0,1605,1.865315,0.074613,0.040000
z_0175_625.015444.png,#4a235a,773,0.898373,0.035935,0.040000
z_0175_625.015444.png,#512e5f,501,0.582257,0.023290,0.040000
z_0175_625.015444.png,#52be80,823,0.956482,0.038259,0.040000
z_0175_625.015444.png,#5499c7,1388,1.613120,0.064525,0.040000
z_0175_625.015444.png,#73c6b6,103,0.119706,0.004788,0.040000
z_0175_625.015444.png,#7b241c,188,0.218492,0.008740,0.040000
z_0175_625.015444.png,#82e0aa,934,1.085486,0.043419,0.040000
z_0175_625.015444.png,#85c1e9,1348,1.566632,0.062665,0.040000
z_0175_625.015444.png,#922b21,822,0.955320,0.038213,0.040000
z_0175_625.015444.png,#9a7d0a,2917,3.390108,0.135604,0.040000
z_0175_625.015444.png,#a2d9ce,24,0.027893,0.001116,0.040000
z_0175_625.015444.png,#a3e4d7,139,0.161544,0.006462,0.040000
z_0175_625.015444.png,#a9cce3,786,0.913481,0.036539,0.040000
z_0175_625.015444.png,#af601a,689,0.800749,0.032030,0.040000
z_0175_625.015444.png,#af7ac5,198,0.230114,0.009205,0.040000
z_0175_625.015444.png,#b9770e,557,0.647340,0.025894,0.040000
z_0175_625.015444.png,#cb4335,212,0.246384,0.009855,0.040000
z_0175_625.015444.png,#d2b4de,598,0.694990,0.027800,0.040000
z_0175_625.015444.png,#d35400,2271,2.639334,0.105573,0.040000
z_0175_625.015444.png,#d68910,966,1.122676,0.044907,0.040000
z_0175_625.015444.png,#e74c3c,1459,1.695635,0.067825,0.040000
z_0175_625.015444.png,#edbb99,2438,2.833419,0.113337,0.040000
z_0175_625.015444.png,#f58231,695,0.807722,0.032309,0.040000
z_0175_625.015444.png,#f7dc6f,16,0.018595,0.000744,0.040000
z_0175_625.015444.png,#f8c471,318,0.369576,0.014783,0.040000
z_0175_625.015444.png,#fad7a0,781,0.907670,0.036307,0.040000
z_0176_626.027027.png,#0e6251,245,0.284737,0.011389,0.040000
z_0176_626.027027.png,#117a65,1556,1.808368,0.072335,0.040000
z_0176_626.027027.png,#145a32,971,1.128487,0.045139,0.040000
z_0176_626.027027.png,#154360,3598,4.181560,0.167262,0.040000
z_0176_626.027027.png,#196f3d,2557,2.971720,0.118869,0.040000
z_0176_626.027027.png,#1b4f72,3751,4.359375,0.174375,0.040000
z_0176_626.027027.png,#2e4053,2640,3.068182,0.122727,0.040000
z_0176_626.027027.png,#2ecc71,144,0.167355,0.006694,0.040000
z_0176_626.027027.png,#3b3b98,902,1.048295,0.041932,0.040000
z_0176_626.027027.png,#45b39d,1684,1.957128,0.078285,0.040000
z_0176_626.027027.png,#48c9b0,1632,1.896694,0.075868,0.040000
z_0176_626.027027.png,#4a235a,851,0.989024,0.039561,0.040000
z_0176_626.027027.png,#512e5f,471,0.547392,0.021896,0.040000
z_0176_626.027027.png,#52be80,1077,1.251679,0.050067,0.040000
z_0176_626.027027.png,#5499c7,1381,1.604985,0.064199,0.040000
z_0176_626.027027.png,#73c6b6,109,0.126679,0.005067,0.040000
z_0176_626.027027.png,#7b241c,179,0.208032,0.008321,0.040000
z_0176_626.027027.png,#82e0aa,858,0.997159,0.039886,0.040000
z_0176_626.027027.png,#85c1e9,1268,1.473657,0.058946,0.040000
z_0176_626.027027.png,#922b21,816,0.948347,0.037934,0.040000
z_0176_626.027027.png,#9a7d0a,2802,3.256457,0.130258,0.040000
z_0176_626.027027.png,#a2d9ce,13,0.015108,0.000604,0.040000
z_0176_626.027027.png,#a3e4d7,121,0.140625,0.005625,0.040000
z_0176_626.027027.png,#a9cce3,813,0.944861,0.037794,0.040000
z_0176_626.027027.png,#af601a,334,0.388171,0.015527,0.040000
z_0176_626.027027.png,#af7ac5,229,0.266142,0.010646,0.040000
z_0176_626.027027.png,#b9770e,589,0.684530,0.027381,0.040000
z_0176_626.027027.png,#bb8fce,1,0.001162,0.000046,0.040000
z_0176_626.027027.png,#cb4335,214,0.248709,0.009948,0.040000
z_0176_626.027027.png,#d2b4de,604,0.701963,0.028079,0.040000
z_0176_626.027027.png,#d35400,2275,2.643982,0.105759,0.040000
z_0176_626.027027.png,#d68910,1032,1.199380,0.047975,0.040000
z_0176_626.027027.png,#e74c3c,1526,1.773502,0.070940,0.040000
z_0176_626.027027.png,#edbb99,2400,2.789256,0.111570,0.040000
z_0176_626.027027.png,#f58231,693,0.805398,0.032216,0.040000
z_0176_626.027027.png,#f7dc6f,20,0.023244,0.000930,0.040000
z_0176_626.027027.png,#f8c471,353,0.410253,0.016410,0.040000
z_0176_626.027027.png,#fad7a0,761,0.884427,0.035377,0.040000
z_0177_627.038610.png,#0e6251,232,0.269628,0.010785,0.040000
z_0177_627.038610.png,#117a65,1429,1.660770,0.066431,0.040000
z_0177_627.038610.png,#145a32,1004,1.166839,0.046674,0.040000
z_0177_627.038610.png,#154360,3513,4.082774,0.163311,0.040000
z_0177_627.038610.png,#196f3d,2261,2.627712,0.105108,0.040000
z_0177_627.038610.png,#1b4f72,4181,4.859117,0.194365,0.040000
z_0177_627.038610.png,#2e4053,2897,3.366865,0.134675,0.040000
z_0177_627.038610.png,#2ecc71,180,0.209194,0.008368,0.040000
z_0177_627.038610.png,#3b3b98,971,1.128487,0.045139,0.040000
z_0177_627.038610.png,#45b39d,1960,2.277893,0.091116,0.040000
z_0177_627.038610.png,#48c9b0,1608,1.868802,0.074752,0.040000
z_0177_627.038610.png,#4a235a,952,1.106405,0.044256,0.040000
z_0177_627.038610.png,#512e5f,484,0.562500,0.022500,0.040000
z_0177_627.038610.png,#52be80,1363,1.584065,0.063363,0.040000
z_0177_627.038610.png,#5499c7,1329,1.544551,0.061782,0.040000
z_0177_627.038610.png,#73c6b6,114,0.132490,0.005300,0.040000
z_0177_627.038610.png,#7b241c,151,0.175491,0.007020,0.040000
z_0177_627.038610.png,#82e0aa,797,0.926265,0.037051,0.040000
z_0177_627.038610.png,#85c1e9,1049,1.219137,0.048765,0.040000
z_0177_627.038610.png,#922b21,783,0.909995,0.036400,0.040000
z_0177_627.038610.png,#9a7d0a,2734,3.177428,0.127097,0.040000
z_0177_627.038610.png,#a2d9ce,26,0.030217,0.001209,0.040000
z_0177_627.038610.png,#a3e4d7,105,0.122030,0.004881,0.040000
z_0177_627.038610.png,#a9cce3,824,0.957645,0.038306,0.040000
z_0177_627.038610.png,#af601a,329,0.382361,0.015294,0.040000
z_0177_627.038610.png,#af7ac5,264,0.306818,0.012273,0.040000
z_0177_627.038610.png,#b9770e,627,0.728693,0.029148,0.040000
z_0177_627.038610.png,#cb4335,227,0.263817,0.010553,0.040000
z_0177_627.038610.png,#d2b4de,659,0.765883,0.030635,0.040000
z_0177_627.038610.png,#d35400,2325,2.702092,0.108084,0.040000
z_0177_627.038610.png,#d68910,1038,1.206353,0.048254,0.040000
z_0177_627.038610.png,#e74c3c,1645,1.911803,0.076472,0.040000
z_0177_627.038610.png,#edbb99,2405,2.795067,0.111803,0.040000
z_0177_627.038610.png,#f58231,709,0.823993,0.032960,0.040000
z_0177_627.038610.png,#f7dc6f,25,0.029055,0.001162,0.040000
z_0177_627.038610.png,#f8c471,494,0.574122,0.022965,0.040000
z_0177_627.038610.png,#fad7a0,699,0.812371,0.032495,0.040000
z_0178_628.050193.png,#0e6251,234,0.271952,0.010878,0.040000
z_0178_628.050193.png,#117a65,1427,1.658445,0.066338,0.040000
z_0178_628.050193.png,#145a32,1010,1.173812,0.046952,0.040000
z_0178_628.050193.png,#154360,3507,4.075801,0.163032,0.040000
z_0178_628.050193.png,#196f3d,2257,2.623063,0.104923,0.040000
z_0178_628.050193.png,#1b4f72,4178,4.855630,0.194225,0.040000
z_0178_628.050193.png,#2e4053,2892,3.361054,0.134442,0.040000
z_0178_628.050193.png,#2ecc71,178,0.206870,0.008275,0.040000
z_0178_628.050193.png,#3b3b98,973,1.130811,0.045232,0.040000
z_0178_628.050193.png,#45b39d,1965,2.283704,0.091348,0.040000
z_0178_628.050193.png,#48c9b0,1611,1.872288,0.074892,0.040000
z_0178_628.050193.png,#4a235a,955,1.109892,0.044396,0.040000
z_0178_628.050193.png,#512e5f,483,0.561338,0.022454,0.040000
z_0178_628.050193.png,#52be80,1365,1.586389,0.063456,0.040000
z_0178_628.050193.png,#5499c7,1328,1.543388,0.061736,0.040000
z_0178_628.050193.png,#73c6b6,118,0.137138,0.005486,0.040000
z_0178_628.050193.png,#7b241c,151,0.175491,0.007020,0.040000
z_0178_628.050193.png,#82e0aa,796,0.925103,0.037004,0.040000
z_0178_628.050193.png,#85c1e9,1045,1.214489,0.048580,0.040000
z_0178_628.050193.png,#922b21,783,0.909995,0.036400,0.040000
z_0178_628.050193.png,#9a7d0a,2711,3.150697,0.126028,0.040000
z_0178_628.050193.png,#a2d9ce,26,0.030217,0.001209,0.040000
z_0178_628.050193.png,#a3e4d7,107,0.124354,0.004974,0.040000
z_0178_628.050193.png,#a9cce3,819,0.951834,0.038073,0.040000
z_0178_628.050193.png,#af601a,326,0.378874,0.015155,0.040000
z_0178_628.050193.png,#af7ac5,265,0.307980,0.012319,0.040000
z_0178_628.050193.png,#b9770e,629,0.731018,0.029241,0.040000
z_0178_628.050193.png,#cb4335,229,0.266142,0.010646,0.040000
z_0178_628.050193.png,#d2b4de,664,0.771694,0.030868,0.040000
z_0178_628.050193.png,#d35400,2285,2.655604,0.106224,0.040000
z_0178_628.050193.png,#d68910,1040,1.208678,0.048347,0.040000
z_0178_628.050193.png,#e74c3c,1649,1.916451,0.076658,0.040000
z_0178_628.050193.png,#edbb99,2414,2.805527,0.112221,0.040000
z_0178_628.050193.png,#f58231,706,0.820506,0.032820,0.040000
z_0178_628.050193.png,#f7dc6f,25,0.029055,0.001162,0.040000
z_0178_628.050193.png,#f8c471,489,0.568311,0.022732,0.040000
z_0178_628.050193.png,#fad7a0,701,0.814695,0.032588,0.040000
z_0179_629.061776.png,#0e6251,239,0.277763,0.011111,0.040000
z_0179_629.061776.png,#117a65,1405,1.632877,0.065315,0.040000
z_0179_629.061776.png,#145a32,961,1.116865,0.044675,0.040000
z_0179_629.061776.png,#154360,3235,3.759685,0.150387,0.040000
z_0179_629.061776.png,#196f3d,2339,2.718363,0.108735,0.040000
z_0179_629.061776.png,#1b4f72,4375,5.084582,0.203383,0.040000
z_0179_629.061776.png,#2e4053,2962,3.442407,0.137696,0.040000
z_0179_629.061776.png,#2ecc71,171,0.198735,0.007949,0.040000
z_0179_629.061776.png,#3b3b98,982,1.141271,0.045651,0.040000
z_0179_629.061776.png,#45b39d,2124,2.468492,0.098740,0.040000
z_0179_629.061776.png,#48c9b0,1657,1.925749,0.077030,0.040000
z_0179_629.061776.png,#4a235a,941,1.093621,0.043745,0.040000
z_0179_629.061776.png,#512e5f,483,0.561338,0.022454,0.040000
z_0179_629.061776.png,#52be80,1447,1.681689,0.067268,0.040000
z_0179_629.061776.png,#5499c7,1233,1.432980,0.057319,0.040000
z_0179_629.061776.png,#73c6b6,111,0.129003,0.005160,0.040000
z_0179_629.061776.png,#7b241c,145,0.168518,0.006741,0.040000
z_0179_629.061776.png,#82e0aa,750,0.871643,0.034866,0.040000
z_0179_629.061776.png,#85c1e9,991,1.151730,0.046069,0.040000
z_0179_629.061776.png,#922b21,699,0.812371,0.032495,0.040000
z_0179_629.061776.png,#9a7d0a,2740,3.184401,0.127376,0.040000
z_0179_629.061776.png,#a2d9ce,11,0.012784,0.000511,0.040000
z_0179_629.061776.png,#a3e4d7,109,0.126679,0.005067,0.040000
z_0179_629.061776.png,#a9cce3,812,0.943698,0.037748,0.040000
z_0179_629.061776.png,#af601a,360,0.418388,0.016736,0.040000
z_0179_629.061776.png,#af7ac5,288,0.334711,0.013388,0.040000
z_0179_629.061776.png,#b9770e,662,0.769370,0.030775,0.040000
z_0179_629.061776.png,#cb4335,229,0.266142,0.010646,0.040000
z_0179_629.061776.png,#d2b4de,740,0.860021,0.034401,0.040000
z_0179_629.061776.png,#d35400,2169,2.520790,0.100832,0.040000
z_0179_629.061776.png,#d68910,1006,1.169163,0.046767,0.040000
z_0179_629.061776.png,#e74c3c,1690,1.964101,0.078564,0.040000
z_0179_629.061776.png,#edbb99,2516,2.924070,0.116963,0.040000
z_0179_629.061776.png,#f58231,635,0.737991,0.029520,0.040000
z_0179_629.061776.png,#f7dc6f,23,0.026730,0.001069,0.040000
z_0179_629.061776.png,#f8c471,585,0.679881,0.027195,0.040000
z_0179_629.061776.png,#fad7a0,689,0.800749,0.032030,0.040000
z_0180_630.073359.png,#0e6251,241,0.280088,0.011204,0.040000
z_0180_630.073359.png,#117a65,1375,1.598011,0.063920,0.040000
z_0180_630.073359.png,#145a32,882,1.025052,0.041002,0.040000
z_0180_630.073359.png,#154360,3074,3.572572,0.142903,0.040000
z_0180_630.073359.png,#196f3d,2312,2.686983,0.107479,0.040000
z_0180_630.073359.png,#1b4f72,4445,5.165935,0.206637,0.040000
z_0180_630.073359.png,#2e4053,2885,3.352918,0.134117,0.040000
z_0180_630.073359.png,#2ecc71,177,0.205708,0.008228,0.040000
z_0180_630.073359.png,#3b3b98,1014,1.178461,0.047138,0.040000
z_0180_630.073359.png,#45b39d,2229,2.590522,0.103621,0.040000
z_0180_630.073359.png,#48c9b0,1515,1.760718,0.070429,0.040000
z_0180_630.073359.png,#4a235a,952,1.106405,0.044256,0.040000
z_0180_630.073359.png,#512e5f,479,0.556689,0.022268,0.040000
z_0180_630.073359.png,#52be80,1642,1.908316,0.076333,0.040000
z_0180_630.073359.png,#5499c7,1073,1.247030,0.049881,0.040000
z_0180_630.073359.png,#73c6b6,127,0.147598,0.005904,0.040000
z_0180_630.073359.png,#7b241c,138,0.160382,0.006415,0.040000
z_0180_630.073359.png,#82e0aa,697,0.810046,0.032402,0.040000
z_0180_630.073359.png,#85c1e9,947,1.100594,0.044024,0.040000
z_0180_630.073359.png,#922b21,745,0.865832,0.034633,0.040000
z_0180_630.073359.png,#9a7d0a,2946,3.423812,0.136952,0.040000
z_0180_630.073359.png,#a2d9ce,24,0.027893,0.001116,0.040000
z_0180_630.073359.png,#a3e4d7,87,0.101111,0.004044,0.040000
z_0180_630.073359.png,#a9cce3,817,0.949509,0.037980,0.040000
z_0180_630.073359.png,#af601a,406,0.471849,0.018874,0.040000
z_0180_630.073359.png,#af7ac5,256,0.297521,0.011901,0.040000
z_0180_630.073359.png,#b9770e,658,0.764721,0.030589,0.040000
z_0180_630.073359.png,#cb4335,240,0.278926,0.011157,0.040000
z_0180_630.073359.png,#d2b4de,851,0.989024,0.039561,0.040000
z_0180_630.073359.png,#d35400,2036,2.366219,0.094649,0.040000
z_0180_630.073359.png,#d68910,1024,1.190083,0.047603,0.040000
z_0180_630.073359.png,#e74c3c,1809,2.102402,0.084096,0.040000
z_0180_630.073359.png,#edbb99,2565,2.981018,0.119241,0.040000
z_0180_630.073359.png,#f58231,613,0.712423,0.028497,0.040000
z_0180_630.073359.png,#f7dc6f,37,0.043001,0.001720,0.040000
z_0180_630.073359.png,#f8c471,749,0.870480,0.034819,0.040000
z_0180_630.073359.png,#fad7a0,646,0.750775,0.030031,0.040000
z_0181_631.084942.png,#0e6251,245,0.284737,0.011389,0.040000
z_0181_631.084942.png,#117a65,1375,1.598011,0.063920,0.040000
z_0181_631.084942.png,#145a32,816,0.948347,0.037934,0.040000
z_0181_631.084942.png,#154360,2799,3.252970,0.130119,0.040000
z_0181_631.084942.png,#196f3d,2222,2.582386,0.103295,0.040000
z_0181_631.084942.png,#1b4f72,4408,5.122934,0.204917,0.040000
z_0181_631.084942.png,#2e4053,2685,3.120480,0.124819,0.040000
z_0181_631.084942.png,#2ecc71,222,0.258006,0.010320,0.040000
z_0181_631.084942.png,#3b3b98,873,1.014592,0.040584,0.040000
z_0181_631.084942.png,#45b39d,2289,2.660253,0.106410,0.040000
z_0181_631.084942.png,#48c9b0,1309,1.521307,0.060852,0.040000
z_0181_631.084942.png,#4a235a,957,1.112216,0.044489,0.040000
z_0181_631.084942.png,#512e5f,505,0.586906,0.023476,0.040000
z_0181_631.084942.png,#52be80,1672,1.943182,0.077727,0.040000
z_0181_631.084942.png,#5499c7,1077,1.251679,0.050067,0.040000
z_0181_631.084942.png,#73c6b6,114,0.132490,0.005300,0.040000
z_0181_631.084942.png,#7b241c,122,0.141787,0.005671,0.040000
z_0181_631.084942.png,#82e0aa,529,0.614799,0.024592,0.040000
z_0181_631.084942.png,#85c1e9,905,1.051782,0.042071,0.040000
z_0181_631.084942.png,#922b21,743,0.863507,0.034540,0.040000
z_0181_631.084942.png,#9a7d0a,3194,3.712035,0.148481,0.040000
z_0181_631.084942.png,#a2d9ce,10,0.011622,0.000465,0.040000
z_0181_631.084942.png,#a3e4d7,89,0.103435,0.004137,0.040000
z_0181_631.084942.png,#a9cce3,764,0.887913,0.035517,0.040000
z_0181_631.084942.png,#af601a,429,0.498580,0.019943,0.040000
z_0181_631.084942.png,#af7ac5,233,0.270790,0.010832,0.040000
z_0181_631.084942.png,#b9770e,651,0.756586,0.030263,0.040000
z_0181_631.084942.png,#cb4335,256,0.297521,0.011901,0.040000
z_0181_631.084942.png,#d2b4de,956,1.111054,0.044442,0.040000
z_0181_631.084942.png,#d35400,1915,2.225594,0.089024,0.040000
z_0181_631.084942.png,#d68910,995,1.156379,0.046255,0.040000
z_0181_631.084942.png,#e74c3c,1841,2.139592,0.085584,0.040000
z_0181_631.084942.png,#edbb99,2903,3.373838,0.134954,0.040000
z_0181_631.084942.png,#f58231,597,0.693827,0.027753,0.040000
z_0181_631.084942.png,#f7dc6f,46,0.053461,0.002138,0.040000
z_0181_631.084942.png,#f8c471,933,1.084323,0.043373,0.040000
z_0181_631.084942.png,#fad7a0,647,0.751937,0.030077,0.040000
z_0182_632.096525.png,#0e6251,250,0.290548,0.011622,0.040000
z_0182_632.096525.png,#117a65,1305,1.516658,0.060666,0.040000
z_0182_632.096525.png,#145a32,760,0.883264,0.035331,0.040000
z_0182_632.096525.png,#154360,2598,3.019370,0.120775,0.040000
z_0182_632.096525.png,#196f3d,2251,2.616090,0.104644,0.040000
z_0182_632.096525.png,#1b4f72,4331,5.033445,0.201338,0.040000
z_0182_632.096525.png,#2e4053,2565,2.981018,0.119241,0.040000
z_0182_632.096525.png,#2ecc71,272,0.316116,0.012645,0.040000
z_0182_632.096525.png,#3b3b98,786,0.913481,0.036539,0.040000
z_0182_632.096525.png,#45b39d,2339,2.718363,0.108735,0.040000
z_0182_632.096525.png,#48c9b0,953,1.107567,0.044303,0.040000
z_0182_632.096525.png,#4a235a,991,1.151730,0.046069,0.040000
z_0182_632.096525.png,#512e5f,550,0.639205,0.025568,0.040000
z_0182_632.096525.png,#52be80,1666,1.936209,0.077448,0.040000
z_0182_632.096525.png,#5499c7,974,1.131973,0.045279,0.040000
z_0182_632.096525.png,#73c6b6,106,0.123192,0.004928,0.040000
z_0182_632.096525.png,#7b241c,127,0.147598,0.005904,0.040000
z_0182_632.096525.png,#82e0aa,334,0.388171,0.015527,0.040000
z_0182_632.096525.png,#85c1e9,835,0.970429,0.038817,0.040000
z_0182_632.096525.png,#922b21,736,0.855372,0.034215,0.040000
z_0182_632.096525.png,#9a7d0a,3601,4.185046,0.167402,0.040000
z_0182_632.096525.png,#a2d9ce,23,0.026730,0.001069,0.040000
z_0182_632.096525.png,#a3e4d7,76,0.088326,0.003533,0.040000
z_0182_632.096525.png,#a9cce3,780,0.906508,0.036260,0.040000
z_0182_632.096525.png,#af601a,446,0.518337,0.020733,0.040000
z_0182_632.096525.png,#af7ac5,215,0.249871,0.009995,0.040000
z_0182_632.096525.png,#b9770e,649,0.754261,0.030170,0.040000
z_0182_632.096525.png,#cb4335,290,0.337035,0.013481,0.040000
z_0182_632.096525.png,#d2b4de,1031,1.198218,0.047929,0.040000
z_0182_632.096525.png,#d35400,1799,2.090780,0.083631,0.040000
z_0182_632.096525.png,#d68910,988,1.148244,0.045930,0.040000
z_0182_632.096525.png,#e74c3c,1855,2.155863,0.086235,0.040000
z_0182_632.096525.png,#edbb99,3326,3.865444,0.154618,0.040000
z_0182_632.096525.png,#f1948a,1,0.001162,0.000046,0.040000
z_0182_632.096525.png,#f58231,579,0.672908,0.026916,0.040000
z_0182_632.096525.png,#f7dc6f,51,0.059272,0.002371,0.040000
z_0182_632.096525.png,#f8c471,957,1.112216,0.044489,0.040000
z_0182_632.096525.png,#fad7a0,610,0.708936,0.028357,0.040000
z_0183_633.108108.png,#0e6251,249,0.289385,0.011575,0.040000
z_0183_633.108108.png,#117a65,1356,1.575930,0.063037,0.040000
z_0183_633.108108.png,#145a32,719,0.835615,0.033425,0.040000
z_0183_633.108108.png,#154360,2286,2.656767,0.106271,0.040000
z_0183_633.108108.png,#196f3d,2430,2.824122,0.112965,0.040000
z_0183_633.108108.png,#1b4f72,4318,5.018337,0.200733,0.040000
z_0183_633.108108.png,#2e4053,2463,2.862474,0.114499,0.040000
z_0183_633.108108.png,#2ecc71,283,0.328900,0.013156,0.040000
z_0183_633.108108.png,#3b3b98,833,0.968104,0.038724,0.040000
z_0183_633.108108.png,#45b39d,2453,2.850852,0.114034,0.040000
z_0183_633.108108.png,#48c9b0,866,1.006457,0.040258,0.040000
z_0183_633.108108.png,#4a235a,1030,1.197056,0.047882,0.040000
z_0183_633.108108.png,#512e5f,642,0.746126,0.029845,0.040000
z_0183_633.108108.png,#52be80,1604,1.864153,0.074566,0.040000
z_0183_633.108108.png,#5499c7,854,0.992510,0.039700,0.040000
z_0183_633.108108.png,#73c6b6,106,0.123192,0.004928,0.040000
z_0183_633.108108.png,#7b241c,124,0.144112,0.005764,0.040000
z_0183_633.108108.png,#82e0aa,206,0.239411,0.009576,0.040000
z_0183_633.108108.png,#85c1e9,728,0.846074,0.033843,0.040000
z_0183_633.108108.png,#922b21,708,0.822831,0.032913,0.040000
z_0183_633.108108.png,#9a7d0a,3857,4.482567,0.179303,0.040000
z_0183_633.108108.png,#a2d9ce,23,0.026730,0.001069,0.040000
z_0183_633.108108.png,#a3e4d7,75,0.087164,0.003487,0.040000
z_0183_633.108108.png,#a9cce3,795,0.923941,0.036958,0.040000
z_0183_633.108108.png,#af601a,511,0.593879,0.023755,0.040000
z_0183_633.108108.png,#af7ac5,207,0.240573,0.009623,0.040000
z_0183_633.108108.png,#b9770e,623,0.724044,0.028962,0.040000
z_0183_633.108108.png,#cb4335,274,0.318440,0.012738,0.040000
z_0183_633.108108.png,#d2b4de,1123,1.305139,0.052206,0.040000
z_0183_633.108108.png,#d35400,1638,1.903667,0.076147,0.040000
z_0183_633.108108.png,#d68910,1077,1.251679,0.050067,0.040000
z_0183_633.108108.png,#e74c3c,1864,2.166322,0.086653,0.040000
z_0183_633.108108.png,#edbb99,3804,4.420971,0.176839,0.040000
z_0183_633.108108.png,#f58231,618,0.718233,0.028729,0.040000
z_0183_633.108108.png,#f7dc6f,73,0.084840,0.003394,0.040000
z_0183_633.108108.png,#f8c471,1054,1.224948,0.048998,0.040000
z_0183_633.108108.png,#fad7a0,554,0.643853,0.025754,0.040000
z_0184_634.119691.png,#0e6251,252,0.292872,0.011715,0.040000
z_0184_634.119691.png,#117a65,1246,1.448089,0.057924,0.040000
z_0184_634.119691.png,#145a32,697,0.810046,0.032402,0.040000
z_0184_634.119691.png,#154360,2071,2.406896,0.096276,0.040000
z_0184_634.119691.png,#196f3d,2464,2.863636,0.114545,0.040000
z_0184_634.119691.png,#1b4f72,4302,4.999742,0.199990,0.040000
z_0184_634.119691.png,#2e4053,2393,2.781121,0.111245,0.040000
z_0184_634.119691.png,#2ecc71,283,0.328900,0.013156,0.040000
z_0184_634.119691.png,#3b3b98,826,0.959969,0.038399,0.040000
z_0184_634.119691.png,#45b39d,2673,3.106534,0.124261,0.040000
z_0184_634.119691.png,#48c9b0,1007,1.170325,0.046813,0.040000
z_0184_634.119691.png,#4a235a,1028,1.194731,0.047789,0.040000
z_0184_634.119691.png,#512e5f,675,0.784478,0.031379,0.040000
z_0184_634.119691.png,#52be80,1496,1.738636,0.069545,0.040000
z_0184_634.119691.png,#5499c7,767,0.891400,0.035656,0.040000
z_0184_634.119691.png,#73c6b6,108,0.125517,0.005021,0.040000
z_0184_634.119691.png,#7b241c,135,0.156896,0.006276,0.040000
z_0184_634.119691.png,#82e0aa,172,0.199897,0.007996,0.040000
z_0184_634.119691.png,#85c1e9,633,0.735666,0.029427,0.040000
z_0184_634.119691.png,#922b21,689,0.800749,0.032030,0.040000
z_0184_634.119691.png,#9a7d0a,4035,4.689437,0.187577,0.040000
z_0184_634.119691.png,#a2d9ce,15,0.017433,0.000697,0.040000
z_0184_634.119691.png,#a3e4d7,58,0.067407,0.002696,0.040000
z_0184_634.119691.png,#a9cce3,719,0.835615,0.033425,0.040000
z_0184_634.119691.png,#af601a,577,0.670584,0.026823,0.040000
z_0184_634.119691.png,#af7ac5,242,0.281250,0.011250,0.040000
z_0184_634.119691.png,#b9770e,588,0.683368,0.027335,0.040000
z_0184_634.119691.png,#cb4335,341,0.396307,0.015852,0.040000
z_0184_634.119691.png,#d2b4de,1174,1.364411,0.054576,0.040000
z_0184_634.119691.png,#d35400,1535,1.783962,0.071358,0.040000
z_0184_634.119691.png,#d68910,953,1.107567,0.044303,0.040000
z_0184_634.119691.png,#e74c3c,1835,2.132619,0.085305,0.040000
z_0184_634.119691.png,#edbb99,3115,3.620222,0.144809,0.040000
z_0184_634.119691.png,#f58231,640,0.743802,0.029752,0.040000
z_0184_634.119691.png,#f7dc6f,91,0.105759,0.004230,0.040000
z_0184_634.119691.png,#f8c471,1078,1.252841,0.050114,0.040000
z_0184_634.119691.png,#fad7a0,455,0.528796,0.021152,0.040000
z_0185_635.131274.png,#0e6251,236,0.274277,0.010971,0.040000
z_0185_635.131274.png,#117a65,1323,1.537577,0.061503,0.040000
z_0185_635.131274.png,#145a32,742,0.862345,0.034494,0.040000
z_0185_635.131274.png,#154360,1729,2.009427,0.080377,0.040000
z_0185_635.131274.png,#196f3d,2430,2.824122,0.112965,0.040000
z_0185_635.131274.png,#1b4f72,4331,5.033445,0.201338,0.040000
z_0185_635.131274.png,#2e4053,2345,2.725336,0.109013,0.040000
z_0185_635.131274.png,#2ecc71,226,0.262655,0.010506,0.040000
z_0185_635.131274.png,#3b3b98,904,1.050620,0.042025,0.040000
z_0185_635.131274.png,#45b39d,2845,3.306431,0.132257,0.040000
z_0185_635.131274.png,#48c9b0,804,0.934401,0.037376,0.040000
z_0185_635.131274.png,#4a235a,1114,1.294680,0.051787,0.040000
z_0185_635.131274.png,#512e5f,709,0.823993,0.032960,0.040000
z_0185_635.131274.png,#52be80,1406,1.634039,0.065362,0.040000
z_0185_635.131274.png,#5499c7,773,0.898373,0.035935,0.040000
z_0185_635.131274.png,#73c6b6,106,0.123192,0.004928,0.040000
z_0185_635.131274.png,#7b241c,102,0.118543,0.004742,0.040000
z_0185_635.131274.png,#82e0aa,167,0.194086,0.007763,0.040000
z_0185_635.131274.png,#85c1e9,538,0.625258,0.025010,0.040000
z_0185_635.131274.png,#922b21,700,0.813533,0.032541,0.040000
z_0185_635.131274.png,#9a7d0a,4184,4.862603,0.194504,0.040000
z_0185_635.131274.png,#a2d9ce,43,0.049974,0.001999,0.040000
z_0185_635.131274.png,#a3e4d7,65,0.075542,0.003022,0.040000
z_0185_635.131274.png,#a9cce3,697,0.810046,0.032402,0.040000
z_0185_635.131274.png,#af601a,647,0.751937,0.030077,0.040000
z_0185_635.131274.png,#af7ac5,218,0.253357,0.010134,0.040000
z_0185_635.131274.png,#b9770e,558,0.648502,0.025940,0.040000
z_0185_635.131274.png,#cb4335,337,0.391658,0.015666,0.040000
z_0185_635.131274.png,#d2b4de,1128,1.310950,0.052438,0.040000
z_0185_635.131274.png,#d35400,1470,1.708419,0.068337,0.040000
z_0185_635.131274.png,#d68910,811,0.942536,0.037701,0.040000
z_0185_635.131274.png,#e74c3c,1769,2.055914,0.082237,0.040000
z_0185_635.131274.png,#edbb99,3142,3.651601,0.146064,0.040000
z_0185_635.131274.png,#f58231,700,0.813533,0.032541,0.040000
z_0185_635.131274.png,#f7dc6f,84,0.097624,0.003905,0.040000
z_0185_635.131274.png,#f8c471,1252,1.455062,0.058202,0.040000
z_0185_635.131274.png,#fad7a0,347,0.403280,0.016131,0.040000
z_0186_636.142857.png,#0e6251,245,0.284737,0.011389,0.040000
z_0186_636.142857.png,#117a65,1275,1.481792,0.059272,0.040000
z_0186_636.142857.png,#145a32,754,0.876291,0.035052,0.040000
z_0186_636.142857.png,#154360,1548,1.799070,0.071963,0.040000
z_0186_636.142857.png,#196f3d,2421,2.813662,0.112546,0.040000
z_0186_636.142857.png,#1b4f72,4301,4.998580,0.199943,0.040000
z_0186_636.142857.png,#2e4053,2261,2.627712,0.105108,0.040000
z_0186_636.142857.png,#2ecc71,199,0.231276,0.009251,0.040000
z_0186_636.142857.png,#3b3b98,941,1.093621,0.043745,0.040000
z_0186_636.142857.png,#45b39d,3111,3.615573,0.144623,0.040000
z_0186_636.142857.png,#48c9b0,831,0.965780,0.038631,0.040000
z_0186_636.142857.png,#4a235a,1164,1.352789,0.054112,0.040000
z_0186_636.142857.png,#512e5f,704,0.818182,0.032727,0.040000
z_0186_636.142857.png,#52be80,1240,1.441116,0.057645,0.040000
z_0186_636.142857.png,#5499c7,711,0.826317,0.033053,0.040000
z_0186_636.142857.png,#73c6b6,113,0.131327,0.005253,0.040000
z_0186_636.142857.png,#7b241c,120,0.139463,0.005579,0.040000
z_0186_636.142857.png,#82e0aa,161,0.187113,0.007485,0.040000
z_0186_636.142857.png,#85c1e9,474,0.550878,0.022035,0.040000
z_0186_636.142857.png,#922b21,606,0.704287,0.028171,0.040000
z_0186_636.142857.png,#9a7d0a,4258,4.948605,0.197944,0.040000
z_0186_636.142857.png,#a2d9ce,21,0.024406,0.000976,0.040000
z_0186_636.142857.png,#a3e4d7,77,0.089489,0.003580,0.040000
z_0186_636.142857.png,#a9cce3,658,0.764721,0.030589,0.040000
z_0186_636.142857.png,#af601a,596,0.692665,0.027707,0.040000
z_0186_636.142857.png,#af7ac5,254,0.295196,0.011808,0.040000
z_0186_636.142857.png,#b9770e,521,0.605501,0.024220,0.040000
z_0186_636.142857.png,#cb4335,359,0.417226,0.016689,0.040000
z_0186_636.142857.png,#d2b4de,1039,1.207515,0.048301,0.040000
z_0186_636.142857.png,#d35400,1357,1.577092,0.063084,0.040000
z_0186_636.142857.png,#d68910,676,0.785640,0.031426,0.040000
z_0186_636.142857.png,#e74c3c,1721,2.000129,0.080005,0.040000
z_0186_636.142857.png,#edbb99,3058,3.553977,0.142159,0.040000
z_0186_636.142857.png,#f58231,711,0.826317,0.033053,0.040000
z_0186_636.142857.png,#f7dc6f,91,0.105759,0.004230,0.040000
z_0186_636.142857.png,#f8c471,1337,1.553848,0.062154,0.040000
z_0186_636.142857.png,#fad7a0,263,0.305656,0.012226,0.040000
z_0187_637.154440.png,#0e6251,250,0.290548,0.011622,0.040000
z_0187_637.154440.png,#117a65,1270,1.475981,0.059039,0.040000
z_0187_637.154440.png,#145a32,771,0.896049,0.035842,0.040000
z_0187_637.154440.png,#154360,1347,1.565470,0.062619,0.040000
z_0187_637.154440.png,#196f3d,2485,2.888042,0.115522,0.040000
z_0187_637.154440.png,#1b4f72,4288,4.983471,0.199339,0.040000
z_0187_637.154440.png,#2e4053,2226,2.587035,0.103481,0.040000
z_0187_637.154440.png,#2ecc71,159,0.184788,0.007392,0.040000
z_0187_637.154440.png,#3b3b98,961,1.116865,0.044675,0.040000
z_0187_637.154440.png,#45b39d,3439,3.996772,0.159871,0.040000
z_0187_637.154440.png,#48c9b0,860,0.999483,0.039979,0.040000
z_0187_637.154440.png,#4a235a,1173,1.363249,0.054530,0.040000
z_0187_637.154440.png,#512e5f,720,0.836777,0.033471,0.040000
z_0187_637.154440.png,#52be80,987,1.147082,0.045883,0.040000
z_0187_637.154440.png,#5499c7,762,0.885589,0.035424,0.040000
z_0187_637.154440.png,#73c6b6,105,0.122030,0.004881,0.040000
z_0187_637.154440.png,#7b241c,156,0.181302,0.007252,0.040000
z_0187_637.154440.png,#82e0aa,189,0.219654,0.008786,0.040000
z_0187_637.154440.png,#85c1e9,384,0.446281,0.017851,0.040000
z_0187_637.154440.png,#922b21,615,0.714747,0.028590,0.040000
z_0187_637.154440.png,#9a7d0a,4310,5.009039,0.200362,0.040000
z_0187_637.154440.png,#a2d9ce,11,0.012784,0.000511,0.040000
z_0187_637.154440.png,#a3e4d7,81,0.094137,0.003765,0.040000
z_0187_637.154440.png,#a9cce3,625,0.726369,0.029055,0.040000
z_0187_637.154440.png,#af601a,586,0.681043,0.027242,0.040000
z_0187_637.154440.png,#af7ac5,272,0.316116,0.012645,0.040000
z_0187_637.154440.png,#b9770e,461,0.535770,0.021431,0.040000
z_0187_637.154440.png,#cb4335,359,0.417226,0.016689,0.040000
z_0187_637.154440.png,#d2b4de,938,1.090134,0.043605,0.040000
z_0187_637.154440.png,#d35400,1255,1.458549,0.058342,0.040000
z_0187_637.154440.png,#d68910,558,0.648502,0.025940,0.040000
z_0187_637.154440.png,#e74c3c,1694,1.968750,0.078750,0.040000
z_0187_637.154440.png,#edbb99,4628,5.378616,0.215145,0.040000
z_0187_637.154440.png,#f58231,703,0.817020,0.032681,0.040000
z_0187_637.154440.png,#f7dc6f,81,0.094137,0.003765,0.040000
z_0187_637.154440.png,#f8c471,1377,1.600336,0.064013,0.040000
z_0187_637.154440.png,#fad7a0,169,0.196410,0.007856,0.040000
z_0188_638.166023.png,#0e6251,235,0.273115,0.010925,0.040000
z_0188_638.166023.png,#117a65,1240,1.441116,0.057645,0.040000
z_0188_638.166023.png,#145a32,798,0.927428,0.037097,0.040000
z_0188_638.166023.png,#154360,1233,1.432980,0.057319,0.040000
z_0188_638.166023.png,#196f3d,2897,3.366865,0.134675,0.040000
z_0188_638.166023.png,#1b4f72,4572,5.313533,0.212541,0.040000
z_0188_638.166023.png,#2e4053,2251,2.616090,0.104644,0.040000
z_0188_638.166023.png,#2ecc71,112,0.130165,0.005207,0.040000
z_0188_638.166023.png,#3b3b98,847,0.984375,0.039375,0.040000
z_0188_638.166023.png,#45b39d,3573,4.152505,0.166100,0.040000
z_0188_638.166023.png,#48c9b0,891,1.035511,0.041420,0.040000
z_0188_638.166023.png,#4a235a,1050,1.220300,0.048812,0.040000
z_0188_638.166023.png,#512e5f,752,0.873967,0.034959,0.040000
z_0188_638.166023.png,#52be80,814,0.946023,0.037841,0.040000
z_0188_638.166023.png,#5499c7,854,0.992510,0.039700,0.040000
z_0188_638.166023.png,#73c6b6,104,0.120868,0.004835,0.040000
z_0188_638.166023.png,#7b241c,174,0.202221,0.008089,0.040000
z_0188_638.166023.png,#82e0aa,221,0.256844,0.010274,0.040000
z_0188_638.166023.png,#85c1e9,352,0.409091,0.016364,0.040000
z_0188_638.166023.png,#922b21,696,0.808884,0.032355,0.040000
z_0188_638.166023.png,#9a7d0a,4532,5.267045,0.210682,0.040000
z_0188_638.166023.png,#a2d9ce,29,0.033704,0.001348,0.040000
z_0188_638.166023.png,#a3e4d7,76,0.088326,0.003533,0.040000
z_0188_638.166023.png,#a9cce3,592,0.688017,0.027521,0.040000
z_0188_638.166023.png,#af601a,623,0.724044,0.028962,0.040000
z_0188_638.166023.png,#af7ac5,308,0.357955,0.014318,0.040000
z_0188_638.166023.png,#b9770e,366,0.425362,0.017014,0.040000
z_0188_638.166023.png,#bb8fce,1,0.001162,0.000046,0.040000
z_0188_638.166023.png,#cb4335,364,0.423037,0.016921,0.040000
z_0188_638.166023.png,#d2b4de,785,0.912319,0.036493,0.040000
z_0188_638.166023.png,#d35400,1192,1.385331,0.055413,0.040000
z_0188_638.166023.png,#d68910,416,0.483471,0.019339,0.040000
z_0188_638.166023.png,#e74c3c,1624,1.887397,0.075496,0.040000
z_0188_638.166023.png,#edbb99,4726,5.492510,0.219700,0.040000
z_0188_638.166023.png,#f58231,657,0.763559,0.030542,0.040000
z_0188_638.166023.png,#f7dc6f,71,0.082515,0.003301,0.040000
z_0188_638.166023.png,#f8c471,1529,1.776989,0.071080,0.040000
z_0188_638.166023.png,#fad7a0,74,0.086002,0.003440,0.040000
z_0189_639.177606.png,#0e6251,216,0.251033,0.010041,0.040000
z_0189_639.177606.png,#117a65,1260,1.464360,0.058574,0.040000
z_0189_639.177606.png,#145a32,845,0.982051,0.039282,0.040000
z_0189_639.177606.png,#154360,1105,1.284220,0.051369,0.040000
z_0189_639.177606.png,#196f3d,3140,3.649277,0.145971,0.040000
z_0189_639.177606.png,#1b4f72,4652,5.406508,0.216260,0.040000
z_0189_639.177606.png,#2e4053,2306,2.680010,0.107200,0.040000
z_0189_639.177606.png,#2ecc71,38,0.044163,0.001767,0.040000
z_0189_639.177606.png,#3b3b98,796,0.925103,0.037004,0.040000
z_0189_639.177606.png,#45b39d,3610,4.195506,0.167820,0.040000
z_0189_639.177606.png,#48c9b0,864,1.004132,0.040165,0.040000
z_0189_639.177606.png,#4a235a,882,1.025052,0.041002,0.040000
z_0189_639.177606.png,#512e5f,820,0.952996,0.038120,0.040000
z_0189_639.177606.png,#52be80,415,0.482309,0.019292,0.040000
z_0189_639.177606.png,#5499c7,909,1.056431,0.042257,0.040000
z_0189_639.177606.png,#73c6b6,102,0.118543,0.004742,0.040000
z_0189_639.177606.png,#7b241c,180,0.209194,0.008368,0.040000
z_0189_639.177606.png,#82e0aa,227,0.263817,0.010553,0.040000
z_0189_639.177606.png,#85c1e9,321,0.373063,0.014923,0.040000
z_0189_639.177606.png,#922b21,732,0.850723,0.034029,0.040000
z_0189_639.177606.png,#9a7d0a,4713,5.477402,0.219096,0.040000
z_0189_639.177606.png,#a2d9ce,24,0.027893,0.001116,0.040000
z_0189_639.177606.png,#a3e4d7,70,0.081353,0.003254,0.040000
z_0189_639.177606.png,#a9cce3,537,0.624096,0.024964,0.040000
z_0189_639.177606.png,#af601a,683,0.793776,0.031751,0.040000
z_0189_639.177606.png,#af7ac5,344,0.399793,0.015992,0.040000
z_0189_639.177606.png,#b9770e,322,0.374225,0.014969,0.040000
z_0189_639.177606.png,#cb4335,371,0.431173,0.017247,0.040000
z_0189_639.177606.png,#d2b4de,655,0.761235,0.030449,0.040000
z_0189_639.177606.png,#d35400,951,1.105243,0.044210,0.040000
z_0189_639.177606.png,#d68910,292,0.339360,0.013574,0.040000
z_0189_639.177606.png,#e74c3c,1607,1.867639,0.074706,0.040000
z_0189_639.177606.png,#edbb99,4982,5.790031,0.231601,0.040000
z_0189_639.177606.png,#f1948a,1,0.001162,0.000046,0.040000
z_0189_639.177606.png,#f58231,629,0.731018,0.029241,0.040000
z_0189_639.177606.png,#f7dc6f,58,0.067407,0.002696,0.040000
z_0189_639.177606.png,#f8c471,1546,1.796746,0.071870,0.040000
z_0189_639.177606.png,#fad7a0,100,0.116219,0.004649,0.040000
z_0190_640.189189.png,#0e6251,205,0.238249,0.009530,0.040000
z_0190_640.189189.png,#117a65,1316,1.529442,0.061178,0.040000
z_0190_640.189189.png,#145a32,852,0.990186,0.039607,0.040000
z_0190_640.189189.png,#154360,1003,1.165677,0.046627,0.040000
z_0190_640.189189.png,#196f3d,3224,3.746901,0.149876,0.040000
z_0190_640.189189.png,#1b4f72,4522,5.255424,0.210217,0.040000
z_0190_640.189189.png,#2e4053,2482,2.884556,0.115382,0.040000
z_0190_640.189189.png,#2ecc71,34,0.039514,0.001581,0.040000
z_0190_640.189189.png,#3b3b98,695,0.807722,0.032309,0.040000
z_0190_640.189189.png,#45b39d,3540,4.114153,0.164566,0.040000
z_0190_640.189189.png,#48c9b0,601,0.698476,0.027939,0.040000
z_0190_640.189189.png,#4a235a,766,0.890238,0.035610,0.040000
z_0190_640.189189.png,#512e5f,896,1.041322,0.041653,0.040000
z_0190_640.189189.png,#52be80,286,0.332386,0.013295,0.040000
z_0190_640.189189.png,#5499c7,963,1.119189,0.044768,0.040000
z_0190_640.189189.png,#73c6b6,124,0.144112,0.005764,0.040000
z_0190_640.189189.png,#7b241c,191,0.221978,0.008879,0.040000
z_0190_640.189189.png,#82e0aa,234,0.271952,0.010878,0.040000
z_0190_640.189189.png,#85c1e9,309,0.359117,0.014365,0.040000
z_0190_640.189189.png,#922b21,920,1.069215,0.042769,0.040000
z_0190_640.189189.png,#9a7d0a,4891,5.684272,0.227371,0.040000
z_0190_640.189189.png,#a2d9ce,21,0.024406,0.000976,0.040000
z_0190_640.189189.png,#a3e4d7,81,0.094137,0.003765,0.040000
z_0190_640.189189.png,#a9cce3,502,0.583419,0.023337,0.040000
z_0190_640.189189.png,#af601a,729,0.847237,0.033889,0.040000
z_0190_640.189189.png,#af7ac5,378,0.439308,0.017572,0.040000
z_0190_640.189189.png,#b9770e,246,0.285899,0.011436,0.040000
z_0190_640.189189.png,#cb4335,365,0.424199,0.016968,0.040000
z_0190_640.189189.png,#d2b4de,562,0.653151,0.026126,0.040000
z_0190_640.189189.png,#d35400,861,1.000646,0.040026,0.040000
z_0190_640.189189.png,#d68910,227,0.263817,0.010553,0.040000
z_0190_640.189189.png,#e74c3c,1519,1.765367,0.070615,0.040000
z_0190_640.189189.png,#edbb99,5036,5.852789,0.234112,0.040000
z_0190_640.189189.png,#f58231,622,0.722882,0.028915,0.040000
z_0190_640.189189.png,#f7dc6f,45,0.052299,0.002092,0.040000
z_0190_640.189189.png,#f8c471,1612,1.873450,0.074938,0.040000
z_0190_640.189189.png,#fad7a0,111,0.129003,0.005160,0.040000
z_0191_641.200772.png,#0e6251,198,0.230114,0.009205,0.040000
z_0191_641.200772.png,#117a65,1370,1.592200,0.063688,0.040000
z_0191_641.200772.png,#145a32,882,1.025052,0.041002,0.040000
z_0191_641.200772.png,#154360,881,1.023889,0.040956,0.040000
z_0191_641.200772.png,#196f3d,3079,3.578383,0.143135,0.040000
z_0191_641.200772.png,#1b4f72,4285,4.979985,0.199199,0.040000
z_0191_641.200772.png,#2e4053,2521,2.929881,0.117195,0.040000
z_0191_641.200772.png,#2ecc71,26,0.030217,0.001209,0.040000
z_0191_641.200772.png,#3b3b98,636,0.739153,0.029566,0.040000
z_0191_641.200772.png,#45b39d,3423,3.978177,0.159127,0.040000
z_0191_641.200772.png,#48c9b0,579,0.672908,0.026916,0.040000
z_0191_641.200772.png,#4a235a,678,0.787965,0.031519,0.040000
z_0191_641.200772.png,#512e5f,914,1.062242,0.042490,0.040000
z_0191_641.200772.png,#52be80,230,0.267304,0.010692,0.040000
z_0191_641.200772.png,#5499c7,952,1.106405,0.044256,0.040000
z_0191_641.200772.png,#73c6b6,143,0.166193,0.006648,0.040000
z_0191_641.200772.png,#7b241c,196,0.227789,0.009112,0.040000
z_0191_641.200772.png,#82e0aa,210,0.244060,0.009762,0.040000
z_0191_641.200772.png,#85c1e9,299,0.347495,0.013900,0.040000
z_0191_641.200772.png,#922b21,1250,1.452738,0.058110,0.040000
z_0191_641.200772.png,#9a7d0a,4812,5.592459,0.223698,0.040000
z_0191_641.200772.png,#a2d9ce,23,0.026730,0.001069,0.040000
z_0191_641.200772.png,#a3e4d7,58,0.067407,0.002696,0.040000
z_0191_641.200772.png,#a9cce3,426,0.495093,0.019804,0.040000
z_0191_641.200772.png,#af601a,786,0.913481,0.036539,0.040000
z_0191_641.200772.png,#af7ac5,447,0.519499,0.020780,0.040000
z_0191_641.200772.png,#b9770e,191,0.221978,0.008879,0.040000
z_0191_641.200772.png,#cb4335,352,0.409091,0.016364,0.040000
z_0191_641.200772.png,#d2b4de,462,0.536932,0.021477,0.040000
z_0191_641.200772.png,#d35400,826,0.959969,0.038399,0.040000
z_0191_641.200772.png,#d68910,223,0.259168,0.010367,0.040000
z_0191_641.200772.png,#e74c3c,1390,1.615444,0.064618,0.040000
z_0191_641.200772.png,#edbb99,5155,5.991090,0.239644,0.040000
z_0191_641.200772.png,#f58231,582,0.676395,0.027056,0.040000
z_0191_641.200772.png,#f7dc6f,53,0.061596,0.002464,0.040000
z_0191_641.200772.png,#f8c471,1646,1.912965,0.076519,0.040000
z_0191_641.200772.png,#fad7a0,99,0.115057,0.004602,0.040000
z_0192_642.212355.png,#0e6251,202,0.234762,0.009390,0.040000
z_0192_642.212355.png,#117a65,1421,1.651472,0.066059,0.040000
z_0192_642.212355.png,#145a32,926,1.076188,0.043048,0.040000
z_0192_642.212355.png,#154360,573,0.665935,0.026637,0.040000
z_0192_642.212355.png,#196f3d,2916,3.388946,0.135558,0.040000
z_0192_642.212355.png,#1b4f72,4231,4.917226,0.196689,0.040000
z_0192_642.212355.png,#2e4053,2444,2.840393,0.113616,0.040000
z_0192_642.212355.png,#2ecc71,27,0.031379,0.001255,0.040000
z_0192_642.212355.png,#3b3b98,593,0.689179,0.027567,0.040000
z_0192_642.212355.png,#45b39d,3343,3.885201,0.155408,0.040000
z_0192_642.212355.png,#48c9b0,613,0.712423,0.028497,0.040000
z_0192_642.212355.png,#4a235a,533,0.619447,0.024778,0.040000
z_0192_642.212355.png,#512e5f,977,1.135460,0.045418,0.040000
z_0192_642.212355.png,#52be80,162,0.188275,0.007531,0.040000
z_0192_642.212355.png,#5499c7,934,1.085486,0.043419,0.040000
z_0192_642.212355.png,#73c6b6,139,0.161544,0.006462,0.040000
z_0192_642.212355.png,#7b241c,195,0.226627,0.009065,0.040000
z_0192_642.212355.png,#82e0aa,208,0.241736,0.009669,0.040000
z_0192_642.212355.png,#85c1e9,274,0.318440,0.012738,0.040000
z_0192_642.212355.png,#922b21,1394,1.620093,0.064804,0.040000
z_0192_642.212355.png,#9a7d0a,4936,5.736570,0.229463,0.040000
z_0192_642.212355.png,#a2d9ce,18,0.020919,0.000837,0.040000
z_0192_642.212355.png,#a3e4d7,61,0.070894,0.002836,0.040000
z_0192_642.212355.png,#a9cce3,225,0.261493,0.010460,0.040000
z_0192_642.212355.png,#af601a,823,0.956482,0.038259,0.040000
z_0192_642.212355.png,#af7ac5,491,0.570635,0.022825,0.040000
z_0192_642.212355.png,#b9770e,177,0.205708,0.008228,0.040000
z_0192_642.212355.png,#cb4335,363,0.421875,0.016875,0.040000
z_0192_642.212355.png,#d2b4de,396,0.460227,0.018409,0.040000
z_0192_642.212355.png,#d35400,802,0.932076,0.037283,0.040000
z_0192_642.212355.png,#d68910,277,0.321927,0.012877,0.040000
z_0192_642.212355.png,#e74c3c,1284,1.492252,0.059690,0.040000
z_0192_642.212355.png,#edbb99,5292,6.150310,0.246012,0.040000
z_0192_642.212355.png,#f1948a,114,0.132490,0.005300,0.040000
z_0192_642.212355.png,#f58231,578,0.671746,0.026870,0.040000
z_0192_642.212355.png,#f7dc6f,43,0.049974,0.001999,0.040000
z_0192_642.212355.png,#f8c471,1688,1.961777,0.078471,0.040000
z_0192_642.212355.png,#fad7a0,101,0.117381,0.004695,0.040000
z_0193_643.223938.png,#0e6251,191,0.221978,0.008879,0.040000
z_0193_643.223938.png,#117a65,1483,1.723528,0.068941,0.040000
z_0193_643.223938.png,#145a32,984,1.143595,0.045744,0.040000
z_0193_643.223938.png,#154360,383,0.445119,0.017805,0.040000
z_0193_643.223938.png,#196f3d,2576,2.993802,0.119752,0.040000
z_0193_643.223938.png,#1b4f72,4077,4.738249,0.189530,0.040000
z_0193_643.223938.png,#2e4053,2299,2.671875,0.106875,0.040000
z_0193_643.223938.png,#2ecc71,42,0.048812,0.001952,0.040000
z_0193_643.223938.png,#3b3b98,521,0.605501,0.024220,0.040000
z_0193_643.223938.png,#45b39d,3198,3.716684,0.148667,0.040000
z_0193_643.223938.png,#48c9b0,588,0.683368,0.027335,0.040000
z_0193_643.223938.png,#4a235a,469,0.545067,0.021803,0.040000
z_0193_643.223938.png,#512e5f,1029,1.195894,0.047836,0.040000
z_0193_643.223938.png,#52be80,143,0.166193,0.006648,0.040000
z_0193_643.223938.png,#5499c7,835,0.970429,0.038817,0.040000
z_0193_643.223938.png,#73c6b6,145,0.168518,0.006741,0.040000
z_0193_643.223938.png,#7b241c,207,0.240573,0.009623,0.040000
z_0193_643.223938.png,#82e0aa,210,0.244060,0.009762,0.040000
z_0193_643.223938.png,#85c1e9,270,0.313791,0.012552,0.040000
z_0193_643.223938.png,#922b21,1663,1.932722,0.077309,0.040000
z_0193_643.223938.png,#9a7d0a,5062,5.883006,0.235320,0.040000
z_0193_643.223938.png,#a2d9ce,15,0.017433,0.000697,0.040000
z_0193_643.223938.png,#a3e4d7,70,0.081353,0.003254,0.040000
z_0193_643.223938.png,#a9cce3,215,0.249871,0.009995,0.040000
z_0193_643.223938.png,#af601a,872,1.013430,0.040537,0.040000
z_0193_643.223938.png,#af7ac5,626,0.727531,0.029101,0.040000
z_0193_643.223938.png,#b9770e,156,0.181302,0.007252,0.040000
z_0193_643.223938.png,#cb4335,382,0.443957,0.017758,0.040000
z_0193_643.223938.png,#d2b4de,368,0.427686,0.017107,0.040000
z_0193_643.223938.png,#d35400,827,0.961131,0.038445,0.040000
z_0193_643.223938.png,#d68910,287,0.333549,0.013342,0.040000
z_0193_643.223938.png,#e74c3c,1207,1.402763,0.056111,0.040000
z_0193_643.223938.png,#edbb99,5777,6.713972,0.268559,0.040000
z_0193_643.223938.png,#f1948a,241,0.280088,0.011204,0.040000
z_0193_643.223938.png,#f58231,595,0.691503,0.027660,0.040000
z_0193_643.223938.png,#f7dc6f,41,0.047650,0.001906,0.040000
z_0193_643.223938.png,#f8c471,1723,2.002454,0.080098,0.040000
z_0193_643.223938.png,#fad7a0,130,0.151085,0.006043,0.040000
z_0194_644.235521.png,#0e6251,190,0.220816,0.008833,0.040000
z_0194_644.235521.png,#117a65,1517,1.763042,0.070522,0.040000
z_0194_644.235521.png,#145a32,1073,1.247030,0.049881,0.040000
z_0194_644.235521.png,#154360,309,0.359117,0.014365,0.040000
z_0194_644.235521.png,#196f3d,2158,2.508006,0.100320,0.040000
z_0194_644.235521.png,#1b4f72,4044,4.699897,0.187996,0.040000
z_0194_644.235521.png,#2e4053,1948,2.263946,0.090558,0.040000
z_0194_644.235521.png,#2ecc71,49,0.056947,0.002278,0.040000
z_0194_644.235521.png,#3b3b98,460,0.534607,0.021384,0.040000
z_0194_644.235521.png,#45b39d,3010,3.498192,0.139928,0.040000
z_0194_644.235521.png,#48c9b0,607,0.705449,0.028218,0.040000
z_0194_644.235521.png,#4a235a,455,0.528796,0.021152,0.040000
z_0194_644.235521.png,#512e5f,1076,1.250517,0.050021,0.040000
z_0194_644.235521.png,#52be80,151,0.175491,0.007020,0.040000
z_0194_644.235521.png,#5499c7,670,0.778667,0.031147,0.040000
z_0194_644.235521.png,#73c6b6,162,0.188275,0.007531,0.040000
z_0194_644.235521.png,#7b241c,223,0.259168,0.010367,0.040000
z_0194_644.235521.png,#82e0aa,221,0.256844,0.010274,0.040000
z_0194_644.235521.png,#85c1e9,275,0.319602,0.012784,0.040000
z_0194_644.235521.png,#922b21,1813,2.107051,0.084282,0.040000
z_0194_644.235521.png,#9a7d0a,5130,5.962035,0.238481,0.040000
z_0194_644.235521.png,#a2d9ce,32,0.037190,0.001488,0.040000
z_0194_644.235521.png,#a3e4d7,89,0.103435,0.004137,0.040000
z_0194_644.235521.png,#a9cce3,235,0.273115,0.010925,0.040000
z_0194_644.235521.png,#af601a,925,1.075026,0.043001,0.040000
z_0194_644.235521.png,#af7ac5,623,0.724044,0.028962,0.040000
z_0194_644.235521.png,#b9770e,152,0.176653,0.007066,0.040000
z_0194_644.235521.png,#cb4335,399,0.463714,0.018549,0.040000
z_0194_644.235521.png,#d2b4de,323,0.375387,0.015015,0.040000
z_0194_644.235521.png,#d35400,792,0.920455,0.036818,0.040000
z_0194_644.235521.png,#d68910,295,0.342846,0.013714,0.040000
z_0194_644.235521.png,#e74c3c,1074,1.248192,0.049928,0.040000
z_0194_644.235521.png,#edbb99,6099,7.088197,0.283528,0.040000
z_0194_644.235521.png,#f1948a,349,0.405604,0.016224,0.040000
z_0194_644.235521.png,#f58231,574,0.667097,0.026684,0.040000
z_0194_644.235521.png,#f7dc6f,42,0.048812,0.001952,0.040000
z_0194_644.235521.png,#f8c471,1839,2.137268,0.085491,0.040000
z_0194_644.235521.png,#fad7a0,128,0.148760,0.005950,0.040000
z_0195_645.247104.png,#0e6251,196,0.227789,0.009112,0.040000
z_0195_645.247104.png,#117a65,1577,1.832774,0.073311,0.040000
z_0195_645.247104.png,#145a32,1096,1.273760,0.050950,0.040000
z_0195_645.247104.png,#154360,269,0.312629,0.012505,0.040000
z_0195_645.247104.png,#196f3d,1731,2.011751,0.080470,0.040000
z_0195_645.247104.png,#1b4f72,3979,4.624354,0.184974,0.040000
z_0195_645.247104.png,#2e4053,1551,1.802557,0.072102,0.040000
z_0195_645.247104.png,#2ecc71,60,0.069731,0.002789,0.040000
z_0195_645.247104.png,#3b3b98,443,0.514850,0.020594,0.040000
z_0195_645.247104.png,#45b39d,2930,3.405217,0.136209,0.040000
z_0195_645.247104.png,#48c9b0,679,0.789127,0.031565,0.040000
z_0195_645.247104.png,#4a235a,429,0.498580,0.019943,0.040000
z_0195_645.247104.png,#512e5f,1112,1.292355,0.051694,0.040000
z_0195_645.247104.png,#52be80,168,0.195248,0.007810,0.040000
z_0195_645.247104.png,#5499c7,680,0.790289,0.031612,0.040000
z_0195_645.247104.png,#73c6b6,186,0.216167,0.008647,0.040000
z_0195_645.247104.png,#7b241c,232,0.269628,0.010785,0.040000
z_0195_645.247104.png,#82e0aa,222,0.258006,0.010320,0.040000
z_0195_645.247104.png,#85c1e9,287,0.333549,0.013342,0.040000
z_0195_645.247104.png,#922b21,1883,2.188404,0.087536,0.040000
z_0195_645.247104.png,#9a7d0a,5339,6.204933,0.248197,0.040000
z_0195_645.247104.png,#a2d9ce,16,0.018595,0.000744,0.040000
z_0195_645.247104.png,#a3e4d7,77,0.089489,0.003580,0.040000
z_0195_645.247104.png,#a9cce3,268,0.311467,0.012459,0.040000
z_0195_645.247104.png,#af601a,1013,1.177299,0.047092,0.040000
z_0195_645.247104.png,#af7ac5,673,0.782154,0.031286,0.040000
z_0195_645.247104.png,#b9770e,154,0.178977,0.007159,0.040000
z_0195_645.247104.png,#cb4335,416,0.483471,0.019339,0.040000
z_0195_645.247104.png,#d2b4de,338,0.392820,0.015713,0.040000
z_0195_645.247104.png,#d35400,745,0.865832,0.034633,0.040000
z_0195_645.247104.png,#d68910,282,0.327738,0.013110,0.040000
z_0195_645.247104.png,#e74c3c,910,1.057593,0.042304,0.040000
z_0195_645.247104.png,#edbb99,6316,7.340393,0.293616,0.040000
z_0195_645.247104.png,#f1948a,385,0.447443,0.017898,0.040000
z_0195_645.247104.png,#f58231,563,0.654313,0.026173,0.040000
z_0195_645.247104.png,#f7dc6f,32,0.037190,0.001488,0.040000
z_0195_645.247104.png,#f8c471,1948,2.263946,0.090558,0.040000
z_0195_645.247104.png,#fad7a0,138,0.160382,0.006415,0.040000
z_0196_646.258687.png,#0e6251,189,0.219654,0.008786,0.040000
z_0196_646.258687.png,#117a65,1649,1.916451,0.076658,0.040000
z_0196_646.258687.png,#145a32,1198,1.392304,0.055692,0.040000
z_0196_646.258687.png,#154360,323,0.375387,0.015015,0.040000
z_0196_646.258687.png,#196f3d,1437,1.670067,0.066803,0.040000
z_0196_646.258687.png,#1b4f72,4026,4.678977,0.187159,0.040000
z_0196_646.258687.png,#2e4053,1236,1.436467,0.057459,0.040000
z_0196_646.258687.png,#2ecc71,80,0.092975,0.003719,0.040000
z_0196_646.258687.png,#3b3b98,423,0.491606,0.019664,0.040000
z_0196_646.258687.png,#45b39d,2791,3.243673,0.129747,0.040000
z_0196_646.258687.png,#48c9b0,789,0.916968,0.036679,0.040000
z_0196_646.258687.png,#4a235a,422,0.490444,0.019618,0.040000
z_0196_646.258687.png,#512e5f,1101,1.279571,0.051183,0.040000
z_0196_646.258687.png,#52be80,189,0.219654,0.008786,0.040000
z_0196_646.258687.png,#5499c7,696,0.808884,0.032355,0.040000
z_0196_646.258687.png,#73c6b6,195,0.226627,0.009065,0.040000
z_0196_646.258687.png,#7b241c,207,0.240573,0.009623,0.040000
z_0196_646.258687.png,#82e0aa,196,0.227789,0.009112,0.040000
z_0196_646.258687.png,#85c1e9,247,0.287061,0.011482,0.040000
z_0196_646.258687.png,#922b21,2200,2.556818,0.102273,0.040000
z_0196_646.258687.png,#9a7d0a,5460,6.345558,0.253822,0.040000
z_0196_646.258687.png,#a2d9ce,40,0.046488,0.001860,0.040000
z_0196_646.258687.png,#a3e4d7,117,0.135976,0.005439,0.040000
z_0196_646.258687.png,#a9cce3,316,0.367252,0.014690,0.040000
z_0196_646.258687.png,#af601a,1168,1.357438,0.054298,0.040000
z_0196_646.258687.png,#af7ac5,747,0.868156,0.034726,0.040000
z_0196_646.258687.png,#b9770e,195,0.226627,0.009065,0.040000
z_0196_646.258687.png,#cb4335,473,0.549716,0.021989,0.040000
z_0196_646.258687.png,#d2b4de,342,0.397469,0.015899,0.040000
z_0196_646.258687.png,#d35400,660,0.767045,0.030682,0.040000
z_0196_646.258687.png,#d68910,234,0.271952,0.010878,0.040000
z_0196_646.258687.png,#e74c3c,689,0.800749,0.032030,0.040000
z_0196_646.258687.png,#edbb99,6364,7.396178,0.295847,0.040000
z_0196_646.258687.png,#f1948a,410,0.476498,0.019060,0.040000
z_0196_646.258687.png,#f58231,562,0.653151,0.026126,0.040000
z_0196_646.258687.png,#f7dc6f,30,0.034866,0.001395,0.040000
z_0196_646.258687.png,#f8c471,2025,2.353435,0.094137,0.040000
z_0196_646.258687.png,#fad7a0,151,0.175491,0.007020,0.040000
z_0197_647.270270.png,#0e6251,183,0.212681,0.008507,0.040000
z_0197_647.270270.png,#117a65,1704,1.980372,0.079215,0.040000
z_0197_647.270270.png,#145a32,1284,1.492252,0.059690,0.040000
z_0197_647.270270.png,#154360,416,0.483471,0.019339,0.040000
z_0197_647.270270.png,#196f3d,1220,1.417872,0.056715,0.040000
z_0197_647.270270.png,#1b4f72,3804,4.420971,0.176839,0.040000
z_0197_647.270270.png,#2e4053,858,0.997159,0.039886,0.040000
z_0197_647.270270.png,#2ecc71,82,0.095300,0.003812,0.040000
z_0197_647.270270.png,#3b3b98,387,0.449768,0.017991,0.040000
z_0197_647.270270.png,#45b39d,2724,3.165806,0.126632,0.040000
z_0197_647.270270.png,#48c9b0,924,1.073864,0.042955,0.040000
z_0197_647.270270.png,#4a235a,407,0.473011,0.018920,0.040000
z_0197_647.270270.png,#512e5f,1123,1.305139,0.052206,0.040000
z_0197_647.270270.png,#52be80,218,0.253357,0.010134,0.040000
z_0197_647.270270.png,#5499c7,737,0.856534,0.034261,0.040000
z_0197_647.270270.png,#73c6b6,222,0.258006,0.010320,0.040000
z_0197_647.270270.png,#7b241c,208,0.241736,0.009669,0.040000
z_0197_647.270270.png,#82e0aa,211,0.245222,0.009809,0.040000
z_0197_647.270270.png,#85c1e9,218,0.253357,0.010134,0.040000
z_0197_647.270270.png,#922b21,2559,2.974044,0.118962,0.040000
z_0197_647.270270.png,#9a7d0a,5492,6.382748,0.255310,0.040000
z_0197_647.270270.png,#a2d9ce,44,0.051136,0.002045,0.040000
z_0197_647.270270.png,#a3e4d7,104,0.120868,0.004835,0.040000
z_0197_647.270270.png,#a9cce3,320,0.371901,0.014876,0.040000
z_0197_647.270270.png,#af601a,1162,1.350465,0.054019,0.040000
z_0197_647.270270.png,#af7ac5,718,0.834452,0.033378,0.040000
z_0197_647.270270.png,#b9770e,193,0.224303,0.008972,0.040000
z_0197_647.270270.png,#cb4335,526,0.611312,0.024452,0.040000
z_0197_647.270270.png,#d2b4de,351,0.407929,0.016317,0.040000
z_0197_647.270270.png,#d35400,593,0.689179,0.027567,0.040000
z_0197_647.270270.png,#d68910,178,0.206870,0.008275,0.040000
z_0197_647.270270.png,#e74c3c,461,0.535770,0.021431,0.040000
z_0197_647.270270.png,#edbb99,6018,6.994060,0.279762,0.040000
z_0197_647.270270.png,#f1948a,434,0.504390,0.020176,0.040000
z_0197_647.270270.png,#f58231,520,0.604339,0.024174,0.040000
z_0197_647.270270.png,#f7dc6f,44,0.051136,0.002045,0.040000
z_0197_647.270270.png,#f8c471,2072,2.408058,0.096322,0.040000
z_0197_647.270270.png,#fad7a0,145,0.168518,0.006741,0.040000
z_0198_648.281853.png,#0e6251,172,0.199897,0.007996,0.040000
z_0198_648.281853.png,#117a65,1790,2.080320,0.083213,0.040000
z_0198_648.281853.png,#145a32,1335,1.551524,0.062061,0.040000
z_0198_648.281853.png,#154360,408,0.474174,0.018967,0.040000
z_0198_648.281853.png,#196f3d,974,1.131973,0.045279,0.040000
z_0198_648.281853.png,#1b4f72,3593,4.175749,0.167030,0.040000
z_0198_648.281853.png,#2e4053,750,0.871643,0.034866,0.040000
z_0198_648.281853.png,#2ecc71,113,0.131327,0.005253,0.040000
z_0198_648.281853.png,#3b3b98,372,0.432335,0.017293,0.040000
z_0198_648.281853.png,#45b39d,2639,3.067020,0.122681,0.040000
z_0198_648.281853.png,#48c9b0,1041,1.209840,0.048394,0.040000
z_0198_648.281853.png,#4a235a,377,0.438146,0.017526,0.040000
z_0198_648.281853.png,#512e5f,1195,1.388817,0.055553,0.040000
z_0198_648.281853.png,#52be80,269,0.312629,0.012505,0.040000
z_0198_648.281853.png,#5499c7,751,0.872805,0.034912,0.040000
z_0198_648.281853.png,#73c6b6,268,0.311467,0.012459,0.040000
z_0198_648.281853.png,#7b241c,193,0.224303,0.008972,0.040000
z_0198_648.281853.png,#82e0aa,196,0.227789,0.009112,0.040000
z_0198_648.281853.png,#85c1e9,173,0.201059,0.008042,0.040000
z_0198_648.281853.png,#922b21,2945,3.422650,0.136906,0.040000
z_0198_648.281853.png,#9a7d0a,5497,6.388559,0.255542,0.040000
z_0198_648.281853.png,#a2d9ce,48,0.055785,0.002231,0.040000
z_0198_648.281853.png,#a3e4d7,136,0.158058,0.006322,0.040000
z_0198_648.281853.png,#a9cce3,299,0.347495,0.013900,0.040000
z_0198_648.281853.png,#af601a,1181,1.372546,0.054902,0.040000
z_0198_648.281853.png,#af7ac5,781,0.907670,0.036307,0.040000
z_0198_648.281853.png,#b9770e,238,0.276601,0.011064,0.040000
z_0198_648.281853.png,#bb8fce,2,0.002324,0.000093,0.040000
z_0198_648.281853.png,#cb4335,594,0.690341,0.027614,0.040000
z_0198_648.281853.png,#d2b4de,329,0.382361,0.015294,0.040000
z_0198_648.281853.png,#d35400,533,0.619447,0.024778,0.040000
z_0198_648.281853.png,#d68910,118,0.137138,0.005486,0.040000
z_0198_648.281853.png,#e74c3c,364,0.423037,0.016921,0.040000
z_0198_648.281853.png,#edbb99,5670,6.589618,0.263585,0.040000
z_0198_648.281853.png,#f1948a,425,0.493931,0.019757,0.040000
z_0198_648.281853.png,#f58231,477,0.554365,0.022175,0.040000
z_0198_648.281853.png,#f7dc6f,44,0.051136,0.002045,0.040000
z_0198_648.281853.png,#f8c471,2121,2.465005,0.098600,0.040000
z_0198_648.281853.png,#fad7a0,145,0.168518,0.006741,0.040000
z_0199_649.293436.png,#0e6251,161,0.187113,0.007485,0.040000
z_0199_649.293436.png,#117a65,1804,2.096591,0.083864,0.040000
z_0199_649.293436.png,#145a32,1426,1.657283,0.066291,0.040000
z_0199_649.293436.png,#154360,460,0.534607,0.021384,0.040000
z_0199_649.293436.png,#196f3d,790,0.918130,0.036725,0.040000
z_0199_649.293436.png,#1b4f72,3403,3.954933,0.158197,0.040000
z_0199_649.293436.png,#2e4053,713,0.828642,0.033146,0.040000
z_0199_649.293436.png,#2ecc71,133,0.154571,0.006183,0.040000
z_0199_649.293436.png,#3b3b98,350,0.406767,0.016271,0.040000
z_0199_649.293436.png,#45b39d,2638,3.065857,0.122634,0.040000
z_0199_649.293436.png,#48c9b0,1166,1.355114,0.054205,0.040000
z_0199_649.293436.png,#4a235a,373,0.433497,0.017340,0.040000
z_0199_649.293436.png,#512e5f,1238,1.438791,0.057552,0.040000
z_0199_649.293436.png,#52be80,292,0.339360,0.013574,0.040000
z_0199_649.293436.png,#5499c7,766,0.890238,0.035610,0.040000
z_0199_649.293436.png,#73c6b6,302,0.350981,0.014039,0.040000
z_0199_649.293436.png,#7b241c,212,0.246384,0.009855,0.040000
z_0199_649.293436.png,#82e0aa,225,0.261493,0.010460,0.040000
z_0199_649.293436.png,#85c1e9,164,0.190599,0.007624,0.040000
z_0199_649.293436.png,#922b21,3527,4.099044,0.163962,0.040000
z_0199_649.293436.png,#9a7d0a,5345,6.211906,0.248476,0.040000
z_0199_649.293436.png,#a2d9ce,39,0.045325,0.001813,0.040000
z_0199_649.293436.png,#a3e4d7,125,0.145274,0.005811,0.040000
z_0199_649.293436.png,#a9cce3,301,0.349819,0.013993,0.040000
z_0199_649.293436.png,#af601a,1100,1.278409,0.051136,0.040000
z_0199_649.293436.png,#af7ac5,793,0.921617,0.036865,0.040000
z_0199_649.293436.png,#b9770e,273,0.317278,0.012691,0.040000
z_0199_649.293436.png,#cb4335,630,0.732180,0.029287,0.040000
z_0199_649.293436.png,#d2b4de,294,0.341684,0.013667,0.040000
z_0199_649.293436.png,#d35400,400,0.464876,0.018595,0.040000
z_0199_649.293436.png,#d68910,38,0.044163,0.001767,0.040000
z_0199_649.293436.png,#e74c3c,327,0.380036,0.015201,0.040000
z_0199_649.293436.png,#edbb99,5609,6.518724,0.260749,0.040000
z_0199_649.293436.png,#f1948a,418,0.485795,0.019432,0.040000
z_0199_649.293436.png,#f58231,463,0.538094,0.021524,0.040000
z_0199_649.293436.png,#f7dc6f,44,0.051136,0.002045,0.040000
z_0199_649.293436.png,#f8c471,2126,2.470816,0.098833,0.040000
z_0199_649.293436.png,#fad7a0,149,0.173166,0.006927,0.040000
z_0200_650.305019.png,#0e6251,163,0.189437,0.007577,0.040000
z_0200_650.305019.png,#117a65,1879,2.183755,0.087350,0.040000
z_0200_650.305019.png,#145a32,1386,1.610795,0.064432,0.040000
z_0200_650.305019.png,#154360,527,0.612474,0.024499,0.040000
z_0200_650.305019.png,#196f3d,604,0.701963,0.028079,0.040000
z_0200_650.305019.png,#1b4f72,3210,3.730630,0.149225,0.040000
z_0200_650.305019.png,#2e4053,654,0.760072,0.030403,0.040000
z_0200_650.305019.png,#2ecc71,157,0.182464,0.007299,0.040000
z_0200_650.305019.png,#3b3b98,331,0.384685,0.015387,0.040000
z_0200_650.305019.png,#45b39d,2670,3.103048,0.124122,0.040000
z_0200_650.305019.png,#48c9b0,1229,1.428332,0.057133,0.040000
z_0200_650.305019.png,#4a235a,360,0.418388,0.016736,0.040000
z_0200_650.305019.png,#512e5f,1188,1.380682,0.055227,0.040000
z_0200_650.305019.png,#52be80,330,0.383523,0.015341,0.040000
z_0200_650.305019.png,#5499c7,799,0.928590,0.037144,0.040000
z_0200_650.305019.png,#73c6b6,349,0.405604,0.016224,0.040000
z_0200_650.305019.png,#7b241c,213,0.247546,0.009902,0.040000
z_0200_650.305019.png,#82e0aa,276,0.320764,0.012831,0.040000
z_0200_650.305019.png,#85c1e9,168,0.195248,0.007810,0.040000
z_0200_650.305019.png,#922b21,4049,4.705708,0.188228,0.040000
z_0200_650.305019.png,#9a7d0a,5278,6.134039,0.245362,0.040000
z_0200_650.305019.png,#a2d9ce,25,0.029055,0.001162,0.040000
z_0200_650.305019.png,#a3e4d7,167,0.194086,0.007763,0.040000
z_0200_650.305019.png,#a9cce3,327,0.380036,0.015201,0.040000
z_0200_650.305019.png,#af601a,1011,1.174974,0.046999,0.040000
z_0200_650.305019.png,#af7ac5,852,0.990186,0.039607,0.040000
z_0200_650.305019.png,#b9770e,276,0.320764,0.012831,0.040000
z_0200_650.305019.png,#cb4335,629,0.731018,0.029241,0.040000
z_0200_650.305019.png,#d2b4de,269,0.312629,0.012505,0.040000
z_0200_650.305019.png,#d35400,400,0.464876,0.018595,0.040000
z_0200_650.305019.png,#e74c3c,255,0.296358,0.011854,0.040000
z_0200_650.305019.png,#edbb99,5253,6.104985,0.244199,0.040000
z_0200_650.305019.png,#f1948a,427,0.496255,0.019850,0.040000
z_0200_650.305019.png,#f58231,459,0.533445,0.021338,0.040000
z_0200_650.305019.png,#f7dc6f,41,0.047650,0.001906,0.040000
z_0200_650.305019.png,#f8c471,2108,2.449897,0.097996,0.040000
z_0200_650.305019.png,#fad7a0,159,0.184788,0.007392,0.040000
z_0201_651.316602.png,#0e6251,160,0.185950,0.007438,0.040000
z_0201_651.316602.png,#117a65,1880,2.184917,0.087397,0.040000
z_0201_651.316602.png,#145a32,1362,1.582903,0.063316,0.040000
z_0201_651.316602.png,#154360,612,0.711260,0.028450,0.040000
z_0201_651.316602.png,#196f3d,513,0.596204,0.023848,0.040000
z_0201_651.316602.png,#1b4f72,3110,3.614411,0.144576,0.040000
z_0201_651.316602.png,#2e4053,619,0.719396,0.028776,0.040000
z_0201_651.316602.png,#2ecc71,172,0.199897,0.007996,0.040000
z_0201_651.316602.png,#3b3b98,300,0.348657,0.013946,0.040000
z_0201_651.316602.png,#45b39d,2618,3.042614,0.121705,0.040000
z_0201_651.316602.png,#48c9b0,1299,1.509685,0.060387,0.040000
z_0201_651.316602.png,#4a235a,400,0.464876,0.018595,0.040000
z_0201_651.316602.png,#512e5f,1171,1.360925,0.054437,0.040000
z_0201_651.316602.png,#52be80,390,0.453254,0.018130,0.040000
z_0201_651.316602.png,#5499c7,834,0.969267,0.038771,0.040000
z_0201_651.316602.png,#73c6b6,395,0.459065,0.018363,0.040000
z_0201_651.316602.png,#7b241c,205,0.238249,0.009530,0.040000
z_0201_651.316602.png,#82e0aa,271,0.314954,0.012598,0.040000
z_0201_651.316602.png,#85c1e9,180,0.209194,0.008368,0.040000
z_0201_651.316602.png,#922b21,4676,5.434401,0.217376,0.040000
z_0201_651.316602.png,#9a7d0a,5264,6.117769,0.244711,0.040000
z_0201_651.316602.png,#a2d9ce,35,0.040677,0.001627,0.040000
z_0201_651.316602.png,#a3e4d7,160,0.185950,0.007438,0.040000
z_0201_651.316602.png,#a9cce3,354,0.411415,0.016457,0.040000
z_0201_651.316602.png,#af601a,711,0.826317,0.033053,0.040000
z_0201_651.316602.png,#af7ac5,907,1.054106,0.042164,0.040000
z_0201_651.316602.png,#b9770e,292,0.339360,0.013574,0.040000
z_0201_651.316602.png,#bb8fce,1,0.001162,0.000046,0.040000
z_0201_651.316602.png,#cb4335,569,0.661286,0.026451,0.040000
z_0201_651.316602.png,#d2b4de,261,0.303332,0.012133,0.040000
z_0201_651.316602.png,#d35400,423,0.491606,0.019664,0.040000
z_0201_651.316602.png,#e74c3c,267,0.310305,0.012412,0.040000
z_0201_651.316602.png,#edbb99,4734,5.501808,0.220072,0.040000
z_0201_651.316602.png,#f1948a,418,0.485795,0.019432,0.040000
z_0201_651.316602.png,#f58231,467,0.542743,0.021710,0.040000
z_0201_651.316602.png,#f7dc6f,50,0.058110,0.002324,0.040000
z_0201_651.316602.png,#f8c471,2169,2.520790,0.100832,0.040000
z_0201_651.316602.png,#fad7a0,176,0.204545,0.008182,0.040000
z_0202_652.328185.png,#0e6251,157,0.182464,0.007299,0.040000
z_0202_652.328185.png,#117a65,1903,2.211648,0.088466,0.040000
z_0202_652.328185.png,#145a32,1392,1.617769,0.064711,0.040000
z_0202_652.328185.png,#154360,643,0.747288,0.029892,0.040000
z_0202_652.328185.png,#196f3d,417,0.484633,0.019385,0.040000
z_0202_652.328185.png,#1b4f72,2917,3.390108,0.135604,0.040000
z_0202_652.328185.png,#2e4053,534,0.620610,0.024824,0.040000
z_0202_652.328185.png,#2ecc71,211,0.245222,0.009809,0.040000
z_0202_652.328185.png,#3b3b98,283,0.328900,0.013156,0.040000
z_0202_652.328185.png,#45b39d,2538,2.949638,0.117986,0.040000
z_0202_652.328185.png,#48c9b0,1403,1.630553,0.065222,0.040000
z_0202_652.328185.png,#4a235a,409,0.475336,0.019013,0.040000
z_0202_652.328185.png,#512e5f,1134,1.317924,0.052717,0.040000
z_0202_652.328185.png,#52be80,452,0.525310,0.021012,0.040000
z_0202_652.328185.png,#5499c7,855,0.993673,0.039747,0.040000
z_0202_652.328185.png,#73c6b6,463,0.538094,0.021524,0.040000
z_0202_652.328185.png,#7b241c,200,0.232438,0.009298,0.040000
z_0202_652.328185.png,#82e0aa,250,0.290548,0.011622,0.040000
z_0202_652.328185.png,#85c1e9,190,0.220816,0.008833,0.040000
z_0202_652.328185.png,#922b21,5301,6.160770,0.246431,0.040000
z_0202_652.328185.png,#9a7d0a,5129,5.960873,0.238435,0.040000
z_0202_652.328185.png,#a2d9ce,41,0.047650,0.001906,0.040000
z_0202_652.328185.png,#a3e4d7,196,0.227789,0.009112,0.040000
z_0202_652.328185.png,#a9cce3,371,0.431173,0.017247,0.040000
z_0202_652.328185.png,#af601a,557,0.647340,0.025894,0.040000
z_0202_652.328185.png,#af7ac5,949,1.102918,0.044117,0.040000
z_0202_652.328185.png,#b9770e,322,0.374225,0.014969,0.040000
z_0202_652.328185.png,#bb8fce,1,0.001162,0.000046,0.040000
z_0202_652.328185.png,#cb4335,529,0.614799,0.024592,0.040000
z_0202_652.328185.png,#d2b4de,316,0.367252,0.014690,0.040000
z_0202_652.328185.png,#d35400,489,0.568311,0.022732,0.040000
z_0202_652.328185.png,#e74c3c,408,0.474174,0.018967,0.040000
z_0202_652.328185.png,#edbb99,4416,5.132231,0.205289,0.040000
z_0202_652.328185.png,#f1948a,384,0.446281,0.017851,0.040000
z_0202_652.328185.png,#f58231,479,0.556689,0.022268,0.040000
z_0202_652.328185.png,#f7dc6f,56,0.065083,0.002603,0.040000
z_0202_652.328185.png,#f8c471,2180,2.533574,0.101343,0.040000
z_0202_652.328185.png,#fad7a0,189,0.219654,0.008786,0.040000
z_0203_653.339768.png,#0e6251,153,0.177815,0.007113,0.040000
z_0203_653.339768.png,#117a65,1908,2.217459,0.088698,0.040000
z_0203_653.339768.png,#145a32,1399,1.625904,0.065036,0.040000
z_0203_653.339768.png,#154360,673,0.782154,0.031286,0.040000
z_0203_653.339768.png,#196f3d,223,0.259168,0.010367,0.040000
z_0203_653.339768.png,#1b4f72,2735,3.178590,0.127144,0.040000
z_0203_653.339768.png,#2e4053,422,0.490444,0.019618,0.040000
z_0203_653.339768.png,#2ecc71,290,0.337035,0.013481,0.040000
z_0203_653.339768.png,#3b3b98,230,0.267304,0.010692,0.040000
z_0203_653.339768.png,#45b39d,2454,2.852014,0.114081,0.040000
z_0203_653.339768.png,#48c9b0,2466,2.865961,0.114638,0.040000
z_0203_653.339768.png,#4a235a,427,0.496255,0.019850,0.040000
z_0203_653.339768.png,#512e5f,1098,1.276085,0.051043,0.040000
z_0203_653.339768.png,#52be80,470,0.546229,0.021849,0.040000
z_0203_653.339768.png,#5499c7,882,1.025052,0.041002,0.040000
z_0203_653.339768.png,#73c6b6,519,0.603177,0.024127,0.040000
z_0203_653.339768.png,#7b241c,201,0.233600,0.009344,0.040000
z_0203_653.339768.png,#82e0aa,219,0.254520,0.010181,0.040000
z_0203_653.339768.png,#85c1e9,175,0.203383,0.008135,0.040000
z_0203_653.339768.png,#922b21,5625,6.537319,0.261493,0.040000
z_0203_653.339768.png,#9a7d0a,4947,5.749354,0.229974,0.040000
z_0203_653.339768.png,#a2d9ce,33,0.038352,0.001534,0.040000
z_0203_653.339768.png,#a3e4d7,210,0.244060,0.009762,0.040000
z_0203_653.339768.png,#a9cce3,407,0.473011,0.018920,0.040000
z_0203_653.339768.png,#af601a,501,0.582257,0.023290,0.040000
z_0203_653.339768.png,#af7ac5,964,1.120351,0.044814,0.040000
z_0203_653.339768.png,#b9770e,341,0.396307,0.015852,0.040000
z_0203_653.339768.png,#bb8fce,1,0.001162,0.000046,0.040000
z_0203_653.339768.png,#cb4335,542,0.629907,0.025196,0.040000
z_0203_653.339768.png,#d2b4de,354,0.411415,0.016457,0.040000
z_0203_653.339768.png,#d35400,449,0.521823,0.020873,0.040000
z_0203_653.339768.png,#e74c3c,529,0.614799,0.024592,0.040000
z_0203_653.339768.png,#edbb99,4108,4.774277,0.190971,0.040000
z_0203_653.339768.png,#f1948a,349,0.405604,0.016224,0.040000
z_0203_653.339768.png,#f58231,497,0.577608,0.023104,0.040000
z_0203_653.339768.png,#f7dc6f,72,0.083678,0.003347,0.040000
z_0203_653.339768.png,#f8c471,2167,2.518466,0.100739,0.040000
z_0203_653.339768.png,#fad7a0,189,0.219654,0.008786,0.040000
z_0204_654.351351.png,#0e6251,148,0.172004,0.006880,0.040000
z_0204_654.351351.png,#117a65,1870,2.173295,0.086932,0.040000
z_0204_654.351351.png,#145a32,1420,1.650310,0.066012,0.040000
z_0204_654.351351.png,#154360,739,0.858858,0.034354,0.040000
z_0204_654.351351.png,#196f3d,199,0.231276,0.009251,0.040000
z_0204_654.351351.png,#1b4f72,2572,2.989153,0.119566,0.040000
z_0204_654.351351.png,#2e4053,403,0.468363,0.018735,0.040000
z_0204_654.351351.png,#2ecc71,340,0.395145,0.015806,0.040000
z_0204_654.351351.png,#3b3b98,216,0.251033,0.010041,0.040000
z_0204_654.351351.png,#45b39d,2368,2.752066,0.110083,0.040000
z_0204_654.351351.png,#48c9b0,2374,2.759039,0.110362,0.040000
z_0204_654.351351.png,#4a235a,489,0.568311,0.022732,0.040000
z_0204_654.351351.png,#512e5f,1050,1.220300,0.048812,0.040000
z_0204_654.351351.png,#52be80,508,0.590393,0.023616,0.040000
z_0204_654.351351.png,#5499c7,881,1.023889,0.040956,0.040000
z_0204_654.351351.png,#73c6b6,581,0.675232,0.027009,0.040000
z_0204_654.351351.png,#7b241c,213,0.247546,0.009902,0.040000
z_0204_654.351351.png,#82e0aa,211,0.245222,0.009809,0.040000
z_0204_654.351351.png,#85c1e9,200,0.232438,0.009298,0.040000
z_0204_654.351351.png,#922b21,6056,7.038223,0.281529,0.040000
z_0204_654.351351.png,#9a7d0a,4621,5.370480,0.214819,0.040000
z_0204_654.351351.png,#a2d9ce,58,0.067407,0.002696,0.040000
z_0204_654.351351.png,#a3e4d7,219,0.254520,0.010181,0.040000
z_0204_654.351351.png,#a9cce3,359,0.417226,0.016689,0.040000
z_0204_654.351351.png,#af601a,433,0.503228,0.020129,0.040000
z_0204_654.351351.png,#af7ac5,997,1.158704,0.046348,0.040000
z_0204_654.351351.png,#b9770e,339,0.393982,0.015759,0.040000
z_0204_654.351351.png,#bb8fce,1,0.001162,0.000046,0.040000
z_0204_654.351351.png,#cb4335,670,0.778667,0.031147,0.040000
z_0204_654.351351.png,#d2b4de,341,0.396307,0.015852,0.040000
z_0204_654.351351.png,#d35400,453,0.526472,0.021059,0.040000
z_0204_654.351351.png,#e74c3c,665,0.772856,0.030914,0.040000
z_0204_654.351351.png,#edbb99,3753,4.361699,0.174468,0.040000
z_0204_654.351351.png,#f1948a,312,0.362603,0.014504,0.040000
z_0204_654.351351.png,#f58231,486,0.564824,0.022593,0.040000
z_0204_654.351351.png,#f7dc6f,77,0.089489,0.003580,0.040000
z_0204_654.351351.png,#f8c471,2154,2.503357,0.100134,0.040000
z_0204_654.351351.png,#fad7a0,164,0.190599,0.007624,0.040000
z_0205_655.362934.png,#0e6251,155,0.180139,0.007206,0.040000
z_0205_655.362934.png,#117a65,1849,2.148889,0.085956,0.040000
z_0205_655.362934.png,#145a32,1437,1.670067,0.066803,0.040000
z_0205_655.362934.png,#154360,804,0.934401,0.037376,0.040000
z_0205_655.362934.png,#196f3d,246,0.285899,0.011436,0.040000
z_0205_655.362934.png,#1b4f72,2305,2.678848,0.107154,0.040000
z_0205_655.362934.png,#2e4053,382,0.443957,0.017758,0.040000
z_0205_655.362934.png,#2ecc71,339,0.393982,0.015759,0.040000
z_0205_655.362934.png,#3b3b98,217,0.252195,0.010088,0.040000
z_0205_655.362934.png,#45b39d,2382,2.768337,0.110733,0.040000
z_0205_655.362934.png,#48c9b0,2154,2.503357,0.100134,0.040000
z_0205_655.362934.png,#4a235a,534,0.620610,0.024824,0.040000
z_0205_655.362934.png,#512e5f,959,1.114540,0.044582,0.040000
z_0205_655.362934.png,#52be80,661,0.768208,0.030728,0.040000
z_0205_655.362934.png,#5499c7,881,1.023889,0.040956,0.040000
z_0205_655.362934.png,#73c6b6,744,0.864669,0.034587,0.040000
z_0205_655.362934.png,#7b241c,201,0.233600,0.009344,0.040000
z_0205_655.362934.png,#82e0aa,199,0.231276,0.009251,0.040000
z_0205_655.362934.png,#85c1e9,214,0.248709,0.009948,0.040000
z_0205_655.362934.png,#922b21,7036,8.177169,0.327087,0.040000
z_0205_655.362934.png,#9a7d0a,4358,5.064824,0.202593,0.040000
z_0205_655.362934.png,#a2d9ce,27,0.031379,0.001255,0.040000
z_0205_655.362934.png,#a3e4d7,205,0.238249,0.009530,0.040000
z_0205_655.362934.png,#a9cce3,348,0.404442,0.016178,0.040000
z_0205_655.362934.png,#af601a,385,0.447443,0.017898,0.040000
z_0205_655.362934.png,#af7ac5,1073,1.247030,0.049881,0.040000
z_0205_655.362934.png,#b9770e,335,0.389334,0.015573,0.040000
z_0205_655.362934.png,#cb4335,672,0.780992,0.031240,0.040000
z_0205_655.362934.png,#d2b4de,317,0.368414,0.014737,0.040000
z_0205_655.362934.png,#d35400,457,0.531121,0.021245,0.040000
z_0205_655.362934.png,#e74c3c,850,0.987862,0.039514,0.040000
z_0205_655.362934.png,#edbb99,3484,4.049070,0.161963,0.040000
z_0205_655.362934.png,#f1948a,226,0.262655,0.010506,0.040000
z_0205_655.362934.png,#f58231,485,0.563662,0.022546,0.040000
z_0205_655.362934.png,#f7dc6f,67,0.077867,0.003115,0.040000
z_0205_655.362934.png,#f8c471,2047,2.379003,0.095160,0.040000
z_0205_655.362934.png,#fad7a0,160,0.185950,0.007438,0.040000
z_0206_656.374517.png,#0e6251,152,0.176653,0.007066,0.040000
z_0206_656.374517.png,#117a65,1859,2.160511,0.086420,0.040000
z_0206_656.374517.png,#145a32,1460,1.696798,0.067872,0.040000
z_0206_656.374517.png,#154360,870,1.011105,0.040444,0.040000
z_0206_656.374517.png,#196f3d,300,0.348657,0.013946,0.040000
z_0206_656.374517.png,#1b4f72,2128,2.473140,0.098926,0.040000
z_0206_656.374517.png,#2e4053,360,0.418388,0.016736,0.040000
z_0206_656.374517.png,#2ecc71,341,0.396307,0.015852,0.040000
z_0206_656.374517.png,#3b3b98,196,0.227789,0.009112,0.040000
z_0206_656.374517.png,#45b39d,2330,2.707903,0.108316,0.040000
z_0206_656.374517.png,#48c9b0,2085,2.423166,0.096927,0.040000
z_0206_656.374517.png,#4a235a,677,0.786803,0.031472,0.040000
z_0206_656.374517.png,#512e5f,876,1.018079,0.040723,0.040000
z_0206_656.374517.png,#52be80,865,1.005294,0.040212,0.040000
z_0206_656.374517.png,#5499c7,871,1.012268,0.040491,0.040000
z_0206_656.374517.png,#73c6b6,949,1.102918,0.044117,0.040000
z_0206_656.374517.png,#7b241c,195,0.226627,0.009065,0.040000
z_0206_656.374517.png,#82e0aa,195,0.226627,0.009065,0.040000
z_0206_656.374517.png,#85c1e9,263,0.305656,0.012226,0.040000
z_0206_656.374517.png,#922b21,7197,8.364282,0.334571,0.040000
z_0206_656.374517.png,#9a7d0a,4010,4.660382,0.186415,0.040000
z_0206_656.374517.png,#a2d9ce,21,0.024406,0.000976,0.040000
z_0206_656.374517.png,#a3e4d7,232,0.269628,0.010785,0.040000
z_0206_656.374517.png,#a9cce3,332,0.385847,0.015434,0.040000
z_0206_656.374517.png,#af601a,391,0.454416,0.018177,0.040000
z_0206_656.374517.png,#af7ac5,1256,1.459711,0.058388,0.040000
z_0206_656.374517.png,#b9770e,339,0.393982,0.015759,0.040000
z_0206_656.374517.png,#bb8fce,1,0.001162,0.000046,0.040000
z_0206_656.374517.png,#cb4335,678,0.787965,0.031519,0.040000
z_0206_656.374517.png,#d2b4de,315,0.366090,0.014644,0.040000
z_0206_656.374517.png,#d35400,416,0.483471,0.019339,0.040000
z_0206_656.374517.png,#e74c3c,1013,1.177299,0.047092,0.040000
z_0206_656.374517.png,#edbb99,3367,3.913094,0.156524,0.040000
z_0206_656.374517.png,#f1948a,169,0.196410,0.007856,0.040000
z_0206_656.374517.png,#f58231,483,0.561338,0.022454,0.040000
z_0206_656.374517.png,#f7dc6f,66,0.076705,0.003068,0.040000
z_0206_656.374517.png,#f8c471,1973,2.293001,0.091720,0.040000
z_0206_656.374517.png,#fad7a0,145,0.168518,0.006741,0.040000
z_0207_657.386100.png,#0e6251,153,0.177815,0.007113,0.040000
z_0207_657.386100.png,#117a65,1832,2.129132,0.085165,0.040000
z_0207_657.386100.png,#145a32,1466,1.703771,0.068151,0.040000
z_0207_657.386100.png,#154360,949,1.102918,0.044117,0.040000
z_0207_657.386100.png,#196f3d,342,0.397469,0.015899,0.040000
z_0207_657.386100.png,#1b4f72,2024,2.352273,0.094091,0.040000
z_0207_657.386100.png,#2e4053,348,0.404442,0.016178,0.040000
z_0207_657.386100.png,#2ecc71,337,0.391658,0.015666,0.040000
z_0207_657.386100.png,#3b3b98,187,0.217330,0.008693,0.040000
z_0207_657.386100.png,#45b39d,2271,2.639334,0.105573,0.040000
z_0207_657.386100.png,#48c9b0,2028,2.356921,0.094277,0.040000
z_0207_657.386100.png,#4a235a,744,0.864669,0.034587,0.040000
z_0207_657.386100.png,#512e5f,806,0.936725,0.037469,0.040000
z_0207_657.386100.png,#52be80,1096,1.273760,0.050950,0.040000
z_0207_657.386100.png,#5499c7,887,1.030863,0.041235,0.040000
z_0207_657.386100.png,#73c6b6,1621,1.883910,0.075356,0.040000
z_0207_657.386100.png,#7b241c,193,0.224303,0.008972,0.040000
z_0207_657.386100.png,#82e0aa,213,0.247546,0.009902,0.040000
z_0207_657.386100.png,#85c1e9,336,0.390496,0.015620,0.040000
z_0207_657.386100.png,#922b21,7111,8.264334,0.330573,0.040000
z_0207_657.386100.png,#9a7d0a,3800,4.416322,0.176653,0.040000
z_0207_657.386100.png,#a2d9ce,29,0.033704,0.001348,0.040000
z_0207_657.386100.png,#a3e4d7,252,0.292872,0.011715,0.040000
z_0207_657.386100.png,#a9cce3,292,0.339360,0.013574,0.040000
z_0207_657.386100.png,#af601a,387,0.449768,0.017991,0.040000
z_0207_657.386100.png,#af7ac5,1453,1.688662,0.067546,0.040000
z_0207_657.386100.png,#b9770e,310,0.360279,0.014411,0.040000
z_0207_657.386100.png,#cb4335,674,0.783316,0.031333,0.040000
z_0207_657.386100.png,#d2b4de,289,0.335873,0.013435,0.040000
z_0207_657.386100.png,#d35400,412,0.478822,0.019153,0.040000
z_0207_657.386100.png,#e74c3c,1084,1.259814,0.050393,0.040000
z_0207_657.386100.png,#edbb99,3196,3.714360,0.148574,0.040000
z_0207_657.386100.png,#f1948a,105,0.122030,0.004881,0.040000
z_0207_657.386100.png,#f58231,481,0.559013,0.022361,0.040000
z_0207_657.386100.png,#f7dc6f,71,0.082515,0.003301,0.040000
z_0207_657.386100.png,#f8c471,1876,2.180269,0.087211,0.040000
z_0207_657.386100.png,#fad7a0,136,0.158058,0.006322,0.040000
z_0208_658.397683.png,#0e6251,157,0.182464,0.007299,0.040000
z_0208_658.397683.png,#117a65,1817,2.111699,0.084468,0.040000
z_0208_658.397683.png,#145a32,1411,1.639850,0.065594,0.040000
z_0208_658.397683.png,#154360,1036,1.204029,0.048161,0.040000
z_0208_658.397683.png,#196f3d,421,0.489282,0.019571,0.040000
z_0208_658.397683.png,#1b4f72,1907,2.216296,0.088652,0.040000
z_0208_658.397683.png,#2e4053,280,0.325413,0.013017,0.040000
z_0208_658.397683.png,#2ecc71,316,0.367252,0.014690,0.040000
z_0208_658.397683.png,#3b3b98,186,0.216167,0.008647,0.040000
z_0208_658.397683.png,#45b39d,2304,2.677686,0.107107,0.040000
z_0208_658.397683.png,#48c9b0,2040,2.370868,0.094835,0.040000
z_0208_658.397683.png,#4a235a,517,0.600852,0.024034,0.040000
z_0208_658.397683.png,#512e5f,714,0.829804,0.033192,0.040000
z_0208_658.397683.png,#52be80,1255,1.458549,0.058342,0.040000
z_0208_658.397683.png,#5499c7,878,1.020403,0.040816,0.040000
z_0208_658.397683.png,#73c6b6,1835,2.132619,0.085305,0.040000
z_0208_658.397683.png,#7b241c,203,0.235925,0.009437,0.040000
z_0208_658.397683.png,#82e0aa,217,0.252195,0.010088,0.040000
z_0208_658.397683.png,#85c1e9,418,0.485795,0.019432,0.040000
z_0208_658.397683.png,#922b21,7088,8.237603,0.329504,0.040000
z_0208_658.397683.png,#9a7d0a,3549,4.124613,0.164985,0.040000
z_0208_658.397683.png,#a2d9ce,10,0.011622,0.000465,0.040000
z_0208_658.397683.png,#a3e4d7,247,0.287061,0.011482,0.040000
z_0208_658.397683.png,#a9cce3,256,0.297521,0.011901,0.040000
z_0208_658.397683.png,#af601a,355,0.412577,0.016503,0.040000
z_0208_658.397683.png,#af7ac5,1614,1.875775,0.075031,0.040000
z_0208_658.397683.png,#b9770e,270,0.313791,0.012552,0.040000
z_0208_658.397683.png,#cb4335,616,0.715909,0.028636,0.040000
z_0208_658.397683.png,#d2b4de,274,0.318440,0.012738,0.040000
z_0208_658.397683.png,#d35400,340,0.395145,0.015806,0.040000
z_0208_658.397683.png,#e74c3c,1123,1.305139,0.052206,0.040000
z_0208_658.397683.png,#edbb99,3100,3.602789,0.144112,0.040000
z_0208_658.397683.png,#f1948a,41,0.047650,0.001906,0.040000
z_0208_658.397683.png,#f58231,496,0.576446,0.023058,0.040000
z_0208_658.397683.png,#f7dc6f,54,0.062758,0.002510,0.040000
z_0208_658.397683.png,#f8c471,1781,2.069861,0.082794,0.040000
z_0208_658.397683.png,#fad7a0,128,0.148760,0.005950,0.040000
z_0209_659.409266.png,#0e6251,154,0.178977,0.007159,0.040000
z_0209_659.409266.png,#117a65,1835,2.132619,0.085305,0.040000
z_0209_659.409266.png,#145a32,1383,1.607309,0.064292,0.040000
z_0209_659.409266.png,#154360,1121,1.302815,0.052113,0.040000
z_0209_659.409266.png,#196f3d,529,0.614799,0.024592,0.040000
z_0209_659.409266.png,#1b4f72,1664,1.933884,0.077355,0.040000
z_0209_659.409266.png,#2e4053,237,0.275439,0.011018,0.040000
z_0209_659.409266.png,#2ecc71,326,0.378874,0.015155,0.040000
z_0209_659.409266.png,#3b3b98,188,0.218492,0.008740,0.040000
z_0209_659.409266.png,#45b39d,2202,2.559143,0.102366,0.040000
z_0209_659.409266.png,#48c9b0,2089,2.427815,0.097113,0.040000
z_0209_659.409266.png,#4a235a,542,0.629907,0.025196,0.040000
z_0209_659.409266.png,#512e5f,652,0.757748,0.030310,0.040000
z_0209_659.409266.png,#52be80,1520,1.766529,0.070661,0.040000
z_0209_659.409266.png,#5499c7,866,1.006457,0.040258,0.040000
z_0209_659.409266.png,#73c6b6,1828,2.124483,0.084979,0.040000
z_0209_659.409266.png,#7b241c,209,0.242898,0.009716,0.040000
z_0209_659.409266.png,#82e0aa,202,0.234762,0.009390,0.040000
z_0209_659.409266.png,#85c1e9,528,0.613636,0.024545,0.040000
z_0209_659.409266.png,#922b21,6587,7.655346,0.306214,0.040000
z_0209_659.409266.png,#9a7d0a,3358,3.902634,0.156105,0.040000
z_0209_659.409266.png,#a2d9ce,23,0.026730,0.001069,0.040000
z_0209_659.409266.png,#a3e4d7,240,0.278926,0.011157,0.040000
z_0209_659.409266.png,#a9cce3,236,0.274277,0.010971,0.040000
z_0209_659.409266.png,#af601a,356,0.413740,0.016550,0.040000
z_0209_659.409266.png,#af7ac5,1776,2.064050,0.082562,0.040000
z_0209_659.409266.png,#b9770e,209,0.242898,0.009716,0.040000
z_0209_659.409266.png,#cb4335,569,0.661286,0.026451,0.040000
z_0209_659.409266.png,#d2b4de,245,0.284737,0.011389,0.040000
z_0209_659.409266.png,#d35400,337,0.391658,0.015666,0.040000
z_0209_659.409266.png,#e74c3c,1136,1.320248,0.052810,0.040000
z_0209_659.409266.png,#edbb99,2794,3.247159,0.129886,0.040000
z_0209_659.409266.png,#f1948a,44,0.051136,0.002045,0.040000
z_0209_659.409266.png,#f58231,498,0.578771,0.023151,0.040000
z_0209_659.409266.png,#f7dc6f,42,0.048812,0.001952,0.040000
z_0209_659.409266.png,#f8c471,1666,1.936209,0.077448,0.040000
z_0209_659.409266.png,#fad7a0,115,0.133652,0.005346,0.040000
z_0210_660.420849.png,#0e6251,154,0.178977,0.007159,0.040000
z_0210_660.420849.png,#117a65,1854,2.154700,0.086188,0.040000
z_0210_660.420849.png,#145a32,1404,1.631715,0.065269,0.040000
z_0210_660.420849.png,#154360,1185,1.377195,0.055088,0.040000
z_0210_660.420849.png,#196f3d,638,0.741477,0.029659,0.040000
z_0210_660.420849.png,#1b4f72,1615,1.876937,0.075077,0.040000
z_0210_660.420849.png,#2e4053,259,0.301007,0.012040,0.040000
z_0210_660.420849.png,#2ecc71,327,0.380036,0.015201,0.040000
z_0210_660.420849.png,#3b3b98,172,0.199897,0.007996,0.040000
z_0210_660.420849.png,#45b39d,2203,2.560305,0.102412,0.040000
z_0210_660.420849.png,#48c9b0,2116,2.459194,0.098368,0.040000
z_0210_660.420849.png,#4a235a,608,0.706612,0.028264,0.040000
z_0210_660.420849.png,#512e5f,586,0.681043,0.027242,0.040000
z_0210_660.420849.png,#52be80,1844,2.143079,0.085723,0.040000
z_0210_660.420849.png,#5499c7,866,1.006457,0.040258,0.040000
z_0210_660.420849.png,#73c6b6,1901,2.209323,0.088373,0.040000
z_0210_660.420849.png,#7b241c,217,0.252195,0.010088,0.040000
z_0210_660.420849.png,#82e0aa,201,0.233600,0.009344,0.040000
z_0210_660.420849.png,#85c1e9,711,0.826317,0.033053,0.040000
z_0210_660.420849.png,#922b21,6177,7.178848,0.287154,0.040000
z_0210_660.420849.png,#9a7d0a,3297,3.831741,0.153270,0.040000
z_0210_660.420849.png,#a2d9ce,6,0.006973,0.000279,0.040000
z_0210_660.420849.png,#a3e4d7,240,0.278926,0.011157,0.040000
z_0210_660.420849.png,#a9cce3,226,0.262655,0.010506,0.040000
z_0210_660.420849.png,#af601a,382,0.443957,0.017758,0.040000
z_0210_660.420849.png,#af7ac5,1867,2.169809,0.086792,0.040000
z_0210_660.420849.png,#b9770e,202,0.234762,0.009390,0.040000
z_0210_660.420849.png,#cb4335,514,0.597366,0.023895,0.040000
z_0210_660.420849.png,#d2b4de,216,0.251033,0.010041,0.040000
z_0210_660.420849.png,#d35400,344,0.399793,0.015992,0.040000
z_0210_660.420849.png,#e74c3c,1144,1.329545,0.053182,0.040000
z_0210_660.420849.png,#edbb99,2510,2.917097,0.116684,0.040000
z_0210_660.420849.png,#f1948a,51,0.059272,0.002371,0.040000
z_0210_660.420849.png,#f58231,468,0.543905,0.021756,0.040000
z_0210_660.420849.png,#f7dc6f,41,0.047650,0.001906,0.040000
z_0210_660.420849.png,#f8c471,1495,1.737474,0.069499,0.040000
z_0210_660.420849.png,#fad7a0,100,0.116219,0.004649,0.040000
z_0211_661.432432.png,#0e6251,152,0.176653,0.007066,0.040000
z_0211_661.432432.png,#117a65,1858,2.159349,0.086374,0.040000
z_0211_661.432432.png,#145a32,1383,1.607309,0.064292,0.040000
z_0211_661.432432.png,#154360,1282,1.489928,0.059597,0.040000
z_0211_661.432432.png,#196f3d,715,0.830966,0.033239,0.040000
z_0211_661.432432.png,#1b4f72,1697,1.972237,0.078889,0.040000
z_0211_661.432432.png,#2e4053,245,0.284737,0.011389,0.040000
z_0211_661.432432.png,#2ecc71,319,0.370739,0.014830,0.040000
z_0211_661.432432.png,#3b3b98,171,0.198735,0.007949,0.040000
z_0211_661.432432.png,#45b39d,2196,2.552169,0.102087,0.040000
z_0211_661.432432.png,#48c9b0,2060,2.394112,0.095764,0.040000
z_0211_661.432432.png,#4a235a,628,0.729855,0.029194,0.040000
z_0211_661.432432.png,#512e5f,530,0.615961,0.024638,0.040000
z_0211_661.432432.png,#52be80,1982,2.303461,0.092138,0.040000
z_0211_661.432432.png,#5499c7,851,0.989024,0.039561,0.040000
z_0211_661.432432.png,#73c6b6,2048,2.380165,0.095207,0.040000
z_0211_661.432432.png,#7b241c,256,0.297521,0.011901,0.040000
z_0211_661.432432.png,#82e0aa,193,0.224303,0.008972,0.040000
z_0211_661.432432.png,#85c1e9,843,0.979726,0.039189,0.040000
z_0211_661.432432.png,#922b21,5537,6.435046,0.257402,0.040000
z_0211_661.432432.png,#9a7d0a,3146,3.656250,0.146250,0.040000
z_0211_661.432432.png,#a2d9ce,23,0.026730,0.001069,0.040000
z_0211_661.432432.png,#a3e4d7,232,0.269628,0.010785,0.040000
z_0211_661.432432.png,#a9cce3,237,0.275439,0.011018,0.040000
z_0211_661.432432.png,#af601a,380,0.441632,0.017665,0.040000
z_0211_661.432432.png,#af7ac5,2001,2.325542,0.093022,0.040000
z_0211_661.432432.png,#b9770e,193,0.224303,0.008972,0.040000
z_0211_661.432432.png,#bb8fce,1,0.001162,0.000046,0.040000
z_0211_661.432432.png,#cb4335,465,0.540418,0.021617,0.040000
z_0211_661.432432.png,#d2b4de,201,0.233600,0.009344,0.040000
z_0211_661.432432.png,#d35400,330,0.383523,0.015341,0.040000
z_0211_661.432432.png,#e74c3c,1152,1.338843,0.053554,0.040000
z_0211_661.432432.png,#edbb99,2213,2.571927,0.102877,0.040000
z_0211_661.432432.png,#f1948a,37,0.043001,0.001720,0.040000
z_0211_661.432432.png,#f58231,450,0.522986,0.020919,0.040000
z_0211_661.432432.png,#f7dc6f,38,0.044163,0.001767,0.040000
z_0211_661.432432.png,#f8c471,1265,1.470170,0.058807,0.040000
z_0211_661.432432.png,#fad7a0,88,0.102273,0.004091,0.040000
z_0212_662.444015.png,#0e6251,161,0.187113,0.007485,0.040000
z_0212_662.444015.png,#117a65,1890,2.196539,0.087862,0.040000
z_0212_662.444015.png,#145a32,1362,1.582903,0.063316,0.040000
z_0212_662.444015.png,#154360,1353,1.572443,0.062898,0.040000
z_0212_662.444015.png,#196f3d,773,0.898373,0.035935,0.040000
z_0212_662.444015.png,#1b4f72,1788,2.077996,0.083120,0.040000
z_0212_662.444015.png,#2e4053,217,0.252195,0.010088,0.040000
z_0212_662.444015.png,#2ecc71,329,0.382361,0.015294,0.040000
z_0212_662.444015.png,#3b3b98,143,0.166193,0.006648,0.040000
z_0212_662.444015.png,#45b39d,2226,2.587035,0.103481,0.040000
z_0212_662.444015.png,#48c9b0,2435,2.829933,0.113197,0.040000
z_0212_662.444015.png,#4a235a,653,0.758910,0.030356,0.040000
z_0212_662.444015.png,#512e5f,390,0.453254,0.018130,0.040000
z_0212_662.444015.png,#52be80,2204,2.561467,0.102459,0.040000
z_0212_662.444015.png,#5499c7,796,0.925103,0.037004,0.040000
z_0212_662.444015.png,#73c6b6,2509,2.915935,0.116637,0.040000
z_0212_662.444015.png,#7b241c,252,0.292872,0.011715,0.040000
z_0212_662.444015.png,#82e0aa,186,0.216167,0.008647,0.040000
z_0212_662.444015.png,#85c1e9,923,1.072701,0.042908,0.040000
z_0212_662.444015.png,#922b21,4726,5.492510,0.219700,0.040000
z_0212_662.444015.png,#9a7d0a,3070,3.567924,0.142717,0.040000
z_0212_662.444015.png,#a2d9ce,15,0.017433,0.000697,0.040000
z_0212_662.444015.png,#a3e4d7,175,0.203383,0.008135,0.040000
z_0212_662.444015.png,#a9cce3,219,0.254520,0.010181,0.040000
z_0212_662.444015.png,#af601a,365,0.424199,0.016968,0.040000
z_0212_662.444015.png,#af7ac5,1936,2.250000,0.090000,0.040000
z_0212_662.444015.png,#b9770e,172,0.199897,0.007996,0.040000
z_0212_662.444015.png,#cb4335,417,0.484633,0.019385,0.040000
z_0212_662.444015.png,#d2b4de,202,0.234762,0.009390,0.040000
z_0212_662.444015.png,#d35400,307,0.356792,0.014272,0.040000
z_0212_662.444015.png,#e74c3c,1095,1.272598,0.050904,0.040000
z_0212_662.444015.png,#edbb99,1920,2.231405,0.089256,0.040000
z_0212_662.444015.png,#f1948a,36,0.041839,0.001674,0.040000
z_0212_662.444015.png,#f58231,442,0.513688,0.020548,0.040000
z_0212_662.444015.png,#f7dc6f,41,0.047650,0.001906,0.040000
z_0212_662.444015.png,#f8c471,1025,1.191245,0.047650,0.040000
z_0212_662.444015.png,#fad7a0,94,0.109246,0.004370,0.040000
z_0213_663.455598.png,#0e6251,159,0.184788,0.007392,0.040000
z_0213_663.455598.png,#117a65,1884,2.189566,0.087583,0.040000
z_0213_663.455598.png,#145a32,1372,1.594525,0.063781,0.040000
z_0213_663.455598.png,#154360,1389,1.614282,0.064571,0.040000
z_0213_663.455598.png,#196f3d,919,1.068053,0.042722,0.040000
z_0213_663.455598.png,#1b4f72,1862,2.163998,0.086560,0.040000
z_0213_663.455598.png,#2e4053,170,0.197572,0.007903,0.040000
z_0213_663.455598.png,#2ecc71,311,0.361441,0.014458,0.040000
z_0213_663.455598.png,#3b3b98,139,0.161544,0.006462,0.040000
z_0213_663.455598.png,#45b39d,2292,2.663740,0.106550,0.040000
z_0213_663.455598.png,#48c9b0,2762,3.209969,0.128399,0.040000
z_0213_663.455598.png,#4a235a,589,0.684530,0.027381,0.040000
z_0213_663.455598.png,#512e5f,305,0.354468,0.014179,0.040000
z_0213_663.455598.png,#52be80,2351,2.732309,0.109292,0.040000
z_0213_663.455598.png,#5499c7,772,0.897211,0.035888,0.040000
z_0213_663.455598.png,#73c6b6,2724,3.165806,0.126632,0.040000
z_0213_663.455598.png,#7b241c,264,0.306818,0.012273,0.040000
z_0213_663.455598.png,#82e0aa,185,0.215005,0.008600,0.040000
z_0213_663.455598.png,#85c1e9,997,1.158704,0.046348,0.040000
z_0213_663.455598.png,#922b21,4358,5.064824,0.202593,0.040000
z_0213_663.455598.png,#9a7d0a,2889,3.357567,0.134303,0.040000
z_0213_663.455598.png,#a2d9ce,13,0.015108,0.000604,0.040000
z_0213_663.455598.png,#a3e4d7,161,0.187113,0.007485,0.040000
z_0213_663.455598.png,#a9cce3,227,0.263817,0.010553,0.040000
z_0213_663.455598.png,#af601a,318,0.369576,0.014783,0.040000
z_0213_663.455598.png,#af7ac5,1903,2.211648,0.088466,0.040000
z_0213_663.455598.png,#b9770e,174,0.202221,0.008089,0.040000
z_0213_663.455598.png,#cb4335,361,0.419551,0.016782,0.040000
z_0213_663.455598.png,#d2b4de,170,0.197572,0.007903,0.040000
z_0213_663.455598.png,#d35400,329,0.382361,0.015294,0.040000
z_0213_663.455598.png,#e74c3c,1123,1.305139,0.052206,0.040000
z_0213_663.455598.png,#edbb99,1816,2.110537,0.084421,0.040000
z_0213_663.455598.png,#f1948a,35,0.040677,0.001627,0.040000
z_0213_663.455598.png,#f58231,458,0.532283,0.021291,0.040000
z_0213_663.455598.png,#f7dc6f,32,0.037190,0.001488,0.040000
z_0213_663.455598.png,#f8c471,856,0.994835,0.039793,0.040000
z_0213_663.455598.png,#fad7a0,86,0.099948,0.003998,0.040000
z_0214_664.467181.png,#0e6251,163,0.189437,0.007577,0.040000
z_0214_664.467181.png,#117a65,1885,2.190728,0.087629,0.040000
z_0214_664.467181.png,#145a32,1467,1.704933,0.068197,0.040000
z_0214_664.467181.png,#154360,1352,1.571281,0.062851,0.040000
z_0214_664.467181.png,#196f3d,1006,1.169163,0.046767,0.040000
z_0214_664.467181.png,#1b4f72,1796,2.087293,0.083492,0.040000
z_0214_664.467181.png,#2e4053,206,0.239411,0.009576,0.040000
z_0214_664.467181.png,#2ecc71,295,0.342846,0.013714,0.040000
z_0214_664.467181.png,#3b3b98,119,0.138301,0.005532,0.040000
z_0214_664.467181.png,#45b39d,2195,2.551007,0.102040,0.040000
z_0214_664.467181.png,#48c9b0,3157,3.669034,0.146761,0.040000
z_0214_664.467181.png,#4a235a,521,0.605501,0.024220,0.040000
z_0214_664.467181.png,#512e5f,140,0.162707,0.006508,0.040000
z_0214_664.467181.png,#52be80,2534,2.944990,0.117800,0.040000
z_0214_664.467181.png,#5499c7,761,0.884427,0.035377,0.040000
z_0214_664.467181.png,#73c6b6,3034,3.526085,0.141043,0.040000
z_0214_664.467181.png,#7b241c,260,0.302169,0.012087,0.040000
z_0214_664.467181.png,#82e0aa,175,0.203383,0.008135,0.040000
z_0214_664.467181.png,#85c1e9,956,1.111054,0.044442,0.040000
z_0214_664.467181.png,#922b21,3570,4.149019,0.165961,0.040000
z_0214_664.467181.png,#9a7d0a,2765,3.213456,0.128538,0.040000
z_0214_664.467181.png,#a2d9ce,6,0.006973,0.000279,0.040000
z_0214_664.467181.png,#a3e4d7,148,0.172004,0.006880,0.040000
z_0214_664.467181.png,#a9cce3,213,0.247546,0.009902,0.040000
z_0214_664.467181.png,#af601a,300,0.348657,0.013946,0.040000
z_0214_664.467181.png,#af7ac5,2001,2.325542,0.093022,0.040000
z_0214_664.467181.png,#b9770e,177,0.205708,0.008228,0.040000
z_0214_664.467181.png,#cb4335,312,0.362603,0.014504,0.040000
z_0214_664.467181.png,#d2b4de,134,0.155733,0.006229,0.040000
z_0214_664.467181.png,#d35400,288,0.334711,0.013388,0.040000
z_0214_664.467181.png,#e74c3c,1069,1.242381,0.049695,0.040000
z_0214_664.467181.png,#edbb99,1640,1.905992,0.076240,0.040000
z_0214_664.467181.png,#f1948a,41,0.047650,0.001906,0.040000
z_0214_664.467181.png,#f58231,458,0.532283,0.021291,0.040000
z_0214_664.467181.png,#f7dc6f,34,0.039514,0.001581,0.040000
z_0214_664.467181.png,#f8c471,759,0.882102,0.035284,0.040000
z_0214_664.467181.png,#fad7a0,84,0.097624,0.003905,0.040000
z_0215_665.478764.png,#0e6251,167,0.194086,0.007763,0.040000
z_0215_665.478764.png,#117a65,1803,2.095429,0.083817,0.040000
z_0215_665.478764.png,#145a32,1484,1.724690,0.068988,0.040000
z_0215_665.478764.png,#154360,1390,1.615444,0.064618,0.040000
z_0215_665.478764.png,#196f3d,1127,1.309788,0.052392,0.040000
z_0215_665.478764.png,#1b4f72,1835,2.132619,0.085305,0.040000
z_0215_665.478764.png,#2e4053,221,0.256844,0.010274,0.040000
z_0215_665.478764.png,#2ecc71,294,0.341684,0.013667,0.040000
z_0215_665.478764.png,#3b3b98,130,0.151085,0.006043,0.040000
z_0215_665.478764.png,#45b39d,2091,2.430139,0.097206,0.040000
z_0215_665.478764.png,#48c9b0,3489,4.054881,0.162195,0.040000
z_0215_665.478764.png,#4a235a,471,0.547392,0.021896,0.040000
z_0215_665.478764.png,#512e5f,80,0.092975,0.003719,0.040000
z_0215_665.478764.png,#52be80,2587,3.006586,0.120263,0.040000
z_0215_665.478764.png,#5499c7,733,0.851885,0.034075,0.040000
z_0215_665.478764.png,#73c6b6,3181,3.696927,0.147877,0.040000
z_0215_665.478764.png,#7b241c,260,0.302169,0.012087,0.040000
z_0215_665.478764.png,#82e0aa,182,0.211519,0.008461,0.040000
z_0215_665.478764.png,#85c1e9,807,0.937887,0.037515,0.040000
z_0215_665.478764.png,#922b21,2728,3.170455,0.126818,0.040000
z_0215_665.478764.png,#9a7d0a,2658,3.089101,0.123564,0.040000
z_0215_665.478764.png,#a2d9ce,13,0.015108,0.000604,0.040000
z_0215_665.478764.png,#a3e4d7,160,0.185950,0.007438,0.040000
z_0215_665.478764.png,#a9cce3,202,0.234762,0.009390,0.040000
z_0215_665.478764.png,#af601a,284,0.330062,0.013202,0.040000
z_0215_665.478764.png,#af7ac5,217,0.252195,0.010088,0.040000
z_0215_665.478764.png,#b9770e,154,0.178977,0.007159,0.040000
z_0215_665.478764.png,#cb4335,303,0.352144,0.014086,0.040000
z_0215_665.478764.png,#d2b4de,53,0.061596,0.002464,0.040000
z_0215_665.478764.png,#d35400,283,0.328900,0.013156,0.040000
z_0215_665.478764.png,#e74c3c,978,1.136622,0.045465,0.040000
z_0215_665.478764.png,#edbb99,1415,1.644499,0.065780,0.040000
z_0215_665.478764.png,#f1948a,37,0.043001,0.001720,0.040000
z_0215_665.478764.png,#f58231,450,0.522986,0.020919,0.040000
z_0215_665.478764.png,#f7dc6f,23,0.026730,0.001069,0.040000
z_0215_665.478764.png,#f8c471,540,0.627583,0.025103,0.040000
z_0215_665.478764.png,#fad7a0,82,0.095300,0.003812,0.040000
z_0216_666.490347.png,#0e6251,175,0.203383,0.008135,0.040000
z_0216_666.490347.png,#117a65,1796,2.087293,0.083492,0.040000
z_0216_666.490347.png,#145a32,1531,1.779313,0.071173,0.040000
z_0216_666.490347.png,#154360,1441,1.674716,0.066989,0.040000
z_0216_666.490347.png,#196f3d,1227,1.426007,0.057040,0.040000
z_0216_666.490347.png,#1b4f72,1799,2.090780,0.083631,0.040000
z_0216_666.490347.png,#2e4053,204,0.237087,0.009483,0.040000
z_0216_666.490347.png,#2ecc71,290,0.337035,0.013481,0.040000
z_0216_666.490347.png,#3b3b98,135,0.156896,0.006276,0.040000
z_0216_666.490347.png,#45b39d,2050,2.382490,0.095300,0.040000
z_0216_666.490347.png,#48c9b0,3786,4.400052,0.176002,0.040000
z_0216_666.490347.png,#4a235a,420,0.488120,0.019525,0.040000
z_0216_666.490347.png,#512e5f,58,0.067407,0.002696,0.040000
z_0216_666.490347.png,#52be80,2658,3.089101,0.123564,0.040000
z_0216_666.490347.png,#5499c7,698,0.811209,0.032448,0.040000
z_0216_666.490347.png,#73c6b6,3374,3.921229,0.156849,0.040000
z_0216_666.490347.png,#7b241c,273,0.317278,0.012691,0.040000
z_0216_666.490347.png,#82e0aa,173,0.201059,0.008042,0.040000
z_0216_666.490347.png,#85c1e9,686,0.797262,0.031890,0.040000
z_0216_666.490347.png,#922b21,2291,2.662577,0.106503,0.040000
z_0216_666.490347.png,#9a7d0a,2495,2.899664,0.115987,0.040000
z_0216_666.490347.png,#a2d9ce,11,0.012784,0.000511,0.040000
z_0216_666.490347.png,#a3e4d7,185,0.215005,0.008600,0.040000
z_0216_666.490347.png,#a9cce3,207,0.240573,0.009623,0.040000
z_0216_666.490347.png,#af601a,273,0.317278,0.012691,0.040000
z_0216_666.490347.png,#af7ac5,235,0.273115,0.010925,0.040000
z_0216_666.490347.png,#b9770e,160,0.185950,0.007438,0.040000
z_0216_666.490347.png,#bb8fce,1,0.001162,0.000046,0.040000
z_0216_666.490347.png,#cb4335,273,0.317278,0.012691,0.040000
z_0216_666.490347.png,#d2b4de,26,0.030217,0.001209,0.040000
z_0216_666.490347.png,#d35400,305,0.354468,0.014179,0.040000
z_0216_666.490347.png,#e74c3c,878,1.020403,0.040816,0.040000
z_0216_666.490347.png,#edbb99,1138,1.322572,0.052903,0.040000
z_0216_666.490347.png,#f1948a,34,0.039514,0.001581,0.040000
z_0216_666.490347.png,#f58231,440,0.511364,0.020455,0.040000
z_0216_666.490347.png,#f7dc6f,27,0.031379,0.001255,0.040000
z_0216_666.490347.png,#f8c471,324,0.376550,0.015062,0.040000
z_0216_666.490347.png,#fad7a0,77,0.089489,0.003580,0.040000
z_0217_667.501931.png,#0e6251,178,0.206870,0.008275,0.040000
z_0217_667.501931.png,#117a65,1806,2.098915,0.083957,0.040000
z_0217_667.501931.png,#145a32,1561,1.814179,0.072567,0.040000
z_0217_667.501931.png,#154360,1484,1.724690,0.068988,0.040000
z_0217_667.501931.png,#196f3d,1309,1.521307,0.060852,0.040000
z_0217_667.501931.png,#1b4f72,1697,1.972237,0.078889,0.040000
z_0217_667.501931.png,#2e4053,219,0.254520,0.010181,0.040000
z_0217_667.501931.png,#2ecc71,291,0.338197,0.013528,0.040000
z_0217_667.501931.png,#3b3b98,250,0.290548,0.011622,0.040000
z_0217_667.501931.png,#45b39d,2039,2.369706,0.094788,0.040000
z_0217_667.501931.png,#48c9b0,4175,4.852144,0.194086,0.040000
z_0217_667.501931.png,#4a235a,339,0.393982,0.015759,0.040000
z_0217_667.501931.png,#512e5f,61,0.070894,0.002836,0.040000
z_0217_667.501931.png,#52be80,2731,3.173941,0.126958,0.040000
z_0217_667.501931.png,#5499c7,683,0.793776,0.031751,0.040000
z_0217_667.501931.png,#73c6b6,3307,3.843363,0.153735,0.040000
z_0217_667.501931.png,#7b241c,250,0.290548,0.011622,0.040000
z_0217_667.501931.png,#82e0aa,172,0.199897,0.007996,0.040000
z_0217_667.501931.png,#85c1e9,609,0.707774,0.028311,0.040000
z_0217_667.501931.png,#922b21,2144,2.491736,0.099669,0.040000
z_0217_667.501931.png,#9a7d0a,2315,2.690470,0.107619,0.040000
z_0217_667.501931.png,#a2d9ce,7,0.008135,0.000325,0.040000
z_0217_667.501931.png,#a3e4d7,191,0.221978,0.008879,0.040000
z_0217_667.501931.png,#a9cce3,178,0.206870,0.008275,0.040000
z_0217_667.501931.png,#af601a,266,0.309143,0.012366,0.040000
z_0217_667.501931.png,#af7ac5,252,0.292872,0.011715,0.040000
z_0217_667.501931.png,#b9770e,162,0.188275,0.007531,0.040000
z_0217_667.501931.png,#cb4335,259,0.301007,0.012040,0.040000
z_0217_667.501931.png,#d2b4de,26,0.030217,0.001209,0.040000
z_0217_667.501931.png,#d35400,316,0.367252,0.014690,0.040000
z_0217_667.501931.png,#e74c3c,799,0.928590,0.037144,0.040000
z_0217_667.501931.png,#edbb99,750,0.871643,0.034866,0.040000
z_0217_667.501931.png,#f1948a,42,0.048812,0.001952,0.040000
z_0217_667.501931.png,#f58231,460,0.534607,0.021384,0.040000
z_0217_667.501931.png,#f7dc6f,33,0.038352,0.001534,0.040000
z_0217_667.501931.png,#f8c471,223,0.259168,0.010367,0.040000
z_0217_667.501931.png,#fad7a0,74,0.086002,0.003440,0.040000
z_0218_668.513514.png,#0e6251,183,0.212681,0.008507,0.040000
z_0218_668.513514.png,#117a65,1753,2.037319,0.081493,0.040000
z_0218_668.513514.png,#145a32,1680,1.952479,0.078099,0.040000
z_0218_668.513514.png,#154360,1526,1.773502,0.070940,0.040000
z_0218_668.513514.png,#196f3d,1359,1.579416,0.063177,0.040000
z_0218_668.513514.png,#1b4f72,1652,1.919938,0.076798,0.040000
z_0218_668.513514.png,#2e4053,230,0.267304,0.010692,0.040000
z_0218_668.513514.png,#2ecc71,301,0.349819,0.013993,0.040000
z_0218_668.513514.png,#3b3b98,329,0.382361,0.015294,0.040000
z_0218_668.513514.png,#45b39d,2025,2.353435,0.094137,0.040000
z_0218_668.513514.png,#48c9b0,4508,5.239153,0.209566,0.040000
z_0218_668.513514.png,#4a235a,288,0.334711,0.013388,0.040000
z_0218_668.513514.png,#512e5f,71,0.082515,0.003301,0.040000
z_0218_668.513514.png,#52be80,2726,3.168130,0.126725,0.040000
z_0218_668.513514.png,#5499c7,648,0.753099,0.030124,0.040000
z_0218_668.513514.png,#73c6b6,3350,3.893337,0.155733,0.040000
z_0218_668.513514.png,#7b241c,271,0.314954,0.012598,0.040000
z_0218_668.513514.png,#82e0aa,197,0.228951,0.009158,0.040000
z_0218_668.513514.png,#85c1e9,507,0.589230,0.023569,0.040000
z_0218_668.513514.png,#922b21,2052,2.384814,0.095393,0.040000
z_0218_668.513514.png,#9a7d0a,2218,2.577738,0.103110,0.040000
z_0218_668.513514.png,#a2d9ce,10,0.011622,0.000465,0.040000
z_0218_668.513514.png,#a3e4d7,189,0.219654,0.008786,0.040000
z_0218_668.513514.png,#a9cce3,180,0.209194,0.008368,0.040000
z_0218_668.513514.png,#af601a,276,0.320764,0.012831,0.040000
z_0218_668.513514.png,#af7ac5,296,0.344008,0.013760,0.040000
z_0218_668.513514.png,#b9770e,185,0.215005,0.008600,0.040000
z_0218_668.513514.png,#cb4335,261,0.303332,0.012133,0.040000
z_0218_668.513514.png,#d2b4de,26,0.030217,0.001209,0.040000
z_0218_668.513514.png,#d35400,330,0.383523,0.015341,0.040000
z_0218_668.513514.png,#e74c3c,740,0.860021,0.034401,0.040000
z_0218_668.513514.png,#edbb99,521,0.605501,0.024220,0.040000
z_0218_668.513514.png,#f1948a,43,0.049974,0.001999,0.040000
z_0218_668.513514.png,#f58231,450,0.522986,0.020919,0.040000
z_0218_668.513514.png,#f7dc6f,38,0.044163,0.001767,0.040000
z_0218_668.513514.png,#f8c471,156,0.181302,0.007252,0.040000
z_0218_668.513514.png,#fad7a0,55,0.063920,0.002557,0.040000
z_0219_669.525097.png,#0e6251,198,0.230114,0.009205,0.040000
z_0219_669.525097.png,#117a65,1714,1.991994,0.079680,0.040000
z_0219_669.525097.png,#145a32,1777,2.065212,0.082608,0.040000
z_0219_669.525097.png,#154360,1434,1.666581,0.066663,0.040000
z_0219_669.525097.png,#196f3d,1421,1.651472,0.066059,0.040000
z_0219_669.525097.png,#1b4f72,1664,1.933884,0.077355,0.040000
z_0219_669.525097.png,#2e4053,216,0.251033,0.010041,0.040000
z_0219_669.525097.png,#2ecc71,306,0.355630,0.014225,0.040000
z_0219_669.525097.png,#3b3b98,451,0.524148,0.020966,0.040000
z_0219_669.525097.png,#45b39d,1977,2.297650,0.091906,0.040000
z_0219_669.525097.png,#48c9b0,4874,5.664514,0.226581,0.040000
z_0219_669.525097.png,#4a235a,223,0.259168,0.010367,0.040000
z_0219_669.525097.png,#512e5f,61,0.070894,0.002836,0.040000
z_0219_669.525097.png,#52be80,2889,3.357567,0.134303,0.040000
z_0219_669.525097.png,#5499c7,647,0.751937,0.030077,0.040000
z_0219_669.525097.png,#73c6b6,3452,4.011880,0.160475,0.040000
z_0219_669.525097.png,#7b241c,261,0.303332,0.012133,0.040000
z_0219_669.525097.png,#82e0aa,198,0.230114,0.009205,0.040000
z_0219_669.525097.png,#85c1e9,447,0.519499,0.020780,0.040000
z_0219_669.525097.png,#922b21,1938,2.252324,0.090093,0.040000
z_0219_669.525097.png,#9a7d0a,2033,2.362732,0.094509,0.040000
z_0219_669.525097.png,#a2d9ce,15,0.017433,0.000697,0.040000
z_0219_669.525097.png,#a3e4d7,190,0.220816,0.008833,0.040000
z_0219_669.525097.png,#a9cce3,179,0.208032,0.008321,0.040000
z_0219_669.525097.png,#af601a,315,0.366090,0.014644,0.040000
z_0219_669.525097.png,#af7ac5,340,0.395145,0.015806,0.040000
z_0219_669.525097.png,#b9770e,203,0.235925,0.009437,0.040000
z_0219_669.525097.png,#cb4335,271,0.314954,0.012598,0.040000
z_0219_669.525097.png,#d2b4de,24,0.027893,0.001116,0.040000
z_0219_669.525097.png,#d35400,343,0.398631,0.015945,0.040000
z_0219_669.525097.png,#e74c3c,676,0.785640,0.031426,0.040000
z_0219_669.525097.png,#edbb99,381,0.442794,0.017712,0.040000
z_0219_669.525097.png,#f1948a,42,0.048812,0.001952,0.040000
z_0219_669.525097.png,#f58231,459,0.533445,0.021338,0.040000
z_0219_669.525097.png,#f7dc6f,34,0.039514,0.001581,0.040000
z_0219_669.525097.png,#f8c471,93,0.108084,0.004323,0.040000
z_0219_669.525097.png,#fad7a0,50,0.058110,0.002324,0.040000
z_0220_670.536680.png,#0e6251,202,0.234762,0.009390,0.040000
z_0220_670.536680.png,#117a65,1641,1.907154,0.076286,0.040000
z_0220_670.536680.png,#145a32,1891,2.197701,0.087908,0.040000
z_0220_670.536680.png,#154360,1345,1.563146,0.062526,0.040000
z_0220_670.536680.png,#196f3d,1264,1.469008,0.058760,0.040000
z_0220_670.536680.png,#1b4f72,1702,1.978048,0.079122,0.040000
z_0220_670.536680.png,#2e4053,205,0.238249,0.009530,0.040000
z_0220_670.536680.png,#2ecc71,305,0.354468,0.014179,0.040000
z_0220_670.536680.png,#3b3b98,563,0.654313,0.026173,0.040000
z_0220_670.536680.png,#45b39d,1919,2.230243,0.089210,0.040000
z_0220_670.536680.png,#48c9b0,5160,5.996901,0.239876,0.040000
z_0220_670.536680.png,#4a235a,202,0.234762,0.009390,0.040000
z_0220_670.536680.png,#512e5f,53,0.061596,0.002464,0.040000
z_0220_670.536680.png,#52be80,2798,3.251808,0.130072,0.040000
z_0220_670.536680.png,#5499c7,619,0.719396,0.028776,0.040000
z_0220_670.536680.png,#73c6b6,3447,4.006069,0.160243,0.040000
z_0220_670.536680.png,#7b241c,262,0.304494,0.012180,0.040000
z_0220_670.536680.png,#82e0aa,189,0.219654,0.008786,0.040000
z_0220_670.536680.png,#85c1e9,422,0.490444,0.019618,0.040000
z_0220_670.536680.png,#922b21,1821,2.116348,0.084654,0.040000
z_0220_670.536680.png,#9a7d0a,1885,2.190728,0.087629,0.040000
z_0220_670.536680.png,#a2d9ce,9,0.010460,0.000418,0.040000
z_0220_670.536680.png,#a3e4d7,189,0.219654,0.008786,0.040000
z_0220_670.536680.png,#a9cce3,253,0.294034,0.011761,0.040000
z_0220_670.536680.png,#af601a,327,0.380036,0.015201,0.040000
z_0220_670.536680.png,#af7ac5,402,0.467200,0.018688,0.040000
z_0220_670.536680.png,#b9770e,224,0.260331,0.010413,0.040000
z_0220_670.536680.png,#cb4335,353,0.410253,0.016410,0.040000
z_0220_670.536680.png,#d2b4de,37,0.043001,0.001720,0.040000
z_0220_670.536680.png,#d35400,364,0.423037,0.016921,0.040000
z_0220_670.536680.png,#e74c3c,604,0.701963,0.028079,0.040000
z_0220_670.536680.png,#edbb99,319,0.370739,0.014830,0.040000
z_0220_670.536680.png,#f1948a,41,0.047650,0.001906,0.040000
z_0220_670.536680.png,#f58231,453,0.526472,0.021059,0.040000
z_0220_670.536680.png,#f7dc6f,31,0.036028,0.001441,0.040000
z_0220_670.536680.png,#f8c471,13,0.015108,0.000604,0.040000
z_0220_670.536680.png,#fad7a0,49,0.056947,0.002278,0.040000
z_0221_671.548263.png,#0e6251,234,0.271952,0.010878,0.040000
z_0221_671.548263.png,#117a65,1607,1.867639,0.074706,0.040000
z_0221_671.548263.png,#145a32,2253,2.618414,0.104737,0.040000
z_0221_671.548263.png,#154360,1219,1.416710,0.056668,0.040000
z_0221_671.548263.png,#196f3d,1127,1.309788,0.052392,0.040000
z_0221_671.548263.png,#1b4f72,1677,1.948993,0.077960,0.040000
z_0221_671.548263.png,#2e4053,415,0.482309,0.019292,0.040000
z_0221_671.548263.png,#2ecc71,287,0.333549,0.013342,0.040000
z_0221_671.548263.png,#3b3b98,603,0.700801,0.028032,0.040000
z_0221_671.548263.png,#45b39d,1851,2.151214,0.086049,0.040000
z_0221_671.548263.png,#48c9b0,5429,6.309530,0.252381,0.040000
z_0221_671.548263.png,#4a235a,173,0.201059,0.008042,0.040000
z_0221_671.548263.png,#512e5f,63,0.073218,0.002929,0.040000
z_0221_671.548263.png,#52be80,2757,3.204158,0.128166,0.040000
z_0221_671.548263.png,#5499c7,580,0.674070,0.026963,0.040000
z_0221_671.548263.png,#73c6b6,3535,4.108342,0.164334,0.040000
z_0221_671.548263.png,#7b241c,283,0.328900,0.013156,0.040000
z_0221_671.548263.png,#82e0aa,197,0.228951,0.009158,0.040000
z_0221_671.548263.png,#85c1e9,380,0.441632,0.017665,0.040000
z_0221_671.548263.png,#922b21,1752,2.036157,0.081446,0.040000
z_0221_671.548263.png,#9a7d0a,1717,1.995480,0.079819,0.040000
z_0221_671.548263.png,#a2d9ce,31,0.036028,0.001441,0.040000
z_0221_671.548263.png,#a3e4d7,215,0.249871,0.009995,0.040000
z_0221_671.548263.png,#a9cce3,302,0.350981,0.014039,0.040000
z_0221_671.548263.png,#af601a,327,0.380036,0.015201,0.040000
z_0221_671.548263.png,#af7ac5,459,0.533445,0.021338,0.040000
z_0221_671.548263.png,#b9770e,214,0.248709,0.009948,0.040000
z_0221_671.548263.png,#cb4335,404,0.469525,0.018781,0.040000
z_0221_671.548263.png,#d2b4de,39,0.045325,0.001813,0.040000
z_0221_671.548263.png,#d35400,376,0.436983,0.017479,0.040000
z_0221_671.548263.png,#e74c3c,541,0.628745,0.025150,0.040000
z_0221_671.548263.png,#edbb99,282,0.327738,0.013110,0.040000
z_0221_671.548263.png,#f1948a,58,0.067407,0.002696,0.040000
z_0221_671.548263.png,#f58231,432,0.502066,0.020083,0.040000
z_0221_671.548263.png,#f7dc6f,23,0.026730,0.001069,0.040000
z_0221_671.548263.png,#fad7a0,52,0.060434,0.002417,0.040000
z_0222_672.559846.png,#0e6251,233,0.270790,0.010832,0.040000
z_0222_672.559846.png,#117a65,1612,1.873450,0.074938,0.040000
z_0222_672.559846.png,#145a32,2262,2.628874,0.105155,0.040000
z_0222_672.559846.png,#154360,1213,1.409737,0.056389,0.040000
z_0222_672.559846.png,#196f3d,1128,1.310950,0.052438,0.040000
z_0222_672.559846.png,#1b4f72,1682,1.954804,0.078192,0.040000
z_0222_672.559846.png,#2e4053,416,0.483471,0.019339,0.040000
z_0222_672.559846.png,#2ecc71,285,0.331224,0.013249,0.040000
z_0222_672.559846.png,#3b3b98,601,0.698476,0.027939,0.040000
z_0222_672.559846.png,#45b39d,1852,2.152376,0.086095,0.040000
z_0222_672.559846.png,#48c9b0,5438,6.319990,0.252800,0.040000
z_0222_672.559846.png,#4a235a,177,0.205708,0.008228,0.040000
z_0222_672.559846.png,#512e5f,58,0.067407,0.002696,0.040000
z_0222_672.559846.png,#52be80,2779,3.229726,0.129189,0.040000
z_0222_672.559846.png,#5499c7,584,0.678719,0.027149,0.040000
z_0222_672.559846.png,#73c6b6,3528,4.100207,0.164008,0.040000
z_0222_672.559846.png,#7b241c,283,0.328900,0.013156,0.040000
z_0222_672.559846.png,#82e0aa,202,0.234762,0.009390,0.040000
z_0222_672.559846.png,#85c1e9,373,0.433497,0.017340,0.040000
z_0222_672.559846.png,#922b21,1755,2.039644,0.081586,0.040000
z_0222_672.559846.png,#9a7d0a,1715,1.993156,0.079726,0.040000
z_0222_672.559846.png,#a2d9ce,30,0.034866,0.001395,0.040000
z_0222_672.559846.png,#a3e4d7,218,0.253357,0.010134,0.040000
z_0222_672.559846.png,#a9cce3,300,0.348657,0.013946,0.040000
z_0222_672.559846.png,#af601a,325,0.377712,0.015108,0.040000
z_0222_672.559846.png,#af7ac5,460,0.534607,0.021384,0.040000
z_0222_672.559846.png,#b9770e,215,0.249871,0.009995,0.040000
z_0222_672.559846.png,#cb4335,399,0.463714,0.018549,0.040000
z_0222_672.559846.png,#d2b4de,39,0.045325,0.001813,0.040000
z_0222_672.559846.png,#d35400,379,0.440470,0.017619,0.040000
z_0222_672.559846.png,#e74c3c,543,0.631069,0.025243,0.040000
z_0222_672.559846.png,#edbb99,283,0.328900,0.013156,0.040000
z_0222_672.559846.png,#f1948a,57,0.066245,0.002650,0.040000
z_0222_672.559846.png,#f58231,434,0.504390,0.020176,0.040000
z_0222_672.559846.png,#f7dc6f,23,0.026730,0.001069,0.040000
z_0222_672.559846.png,#fad7a0,52,0.060434,0.002417,0.040000
z_0223_673.571429.png,#0e6251,238,0.276601,0.011064,0.040000
z_0223_673.571429.png,#117a65,1500,1.743285,0.069731,0.040000
z_0223_673.571429.png,#145a32,2804,3.258781,0.130351,0.040000
z_0223_673.571429.png,#154360,863,1.002970,0.040119,0.040000
z_0223_673.571429.png,#196f3d,945,1.098270,0.043931,0.040000
z_0223_673.571429.png,#1b4f72,1717,1.995480,0.079819,0.040000
z_0223_673.571429.png,#2e4053,514,0.597366,0.023895,0.040000
z_0223_673.571429.png,#2ecc71,239,0.277763,0.011111,0.040000
z_0223_673.571429.png,#3b3b98,939,1.091296,0.043652,0.040000
z_0223_673.571429.png,#45b39d,1662,1.931560,0.077262,0.040000
z_0223_673.571429.png,#48c9b0,6067,7.051007,0.282040,0.040000
z_0223_673.571429.png,#4a235a,110,0.127841,0.005114,0.040000
z_0223_673.571429.png,#512e5f,54,0.062758,0.002510,0.040000
z_0223_673.571429.png,#52be80,2985,3.469137,0.138765,0.040000
z_0223_673.571429.png,#5499c7,556,0.646178,0.025847,0.040000
z_0223_673.571429.png,#73c6b6,3204,3.723657,0.148946,0.040000
z_0223_673.571429.png,#7b241c,311,0.361441,0.014458,0.040000
z_0223_673.571429.png,#82e0aa,227,0.263817,0.010553,0.040000
z_0223_673.571429.png,#85c1e9,377,0.438146,0.017526,0.040000
z_0223_673.571429.png,#922b21,1411,1.639850,0.065594,0.040000
z_0223_673.571429.png,#9a7d0a,1389,1.614282,0.064571,0.040000
z_0223_673.571429.png,#a2d9ce,8,0.009298,0.000372,0.040000
z_0223_673.571429.png,#a3e4d7,192,0.223140,0.008926,0.040000
z_0223_673.571429.png,#a9cce3,278,0.323089,0.012924,0.040000
z_0223_673.571429.png,#af601a,313,0.363765,0.014551,0.040000
z_0223_673.571429.png,#af7ac5,546,0.634556,0.025382,0.040000
z_0223_673.571429.png,#b9770e,220,0.255682,0.010227,0.040000
z_0223_673.571429.png,#cb4335,499,0.579933,0.023197,0.040000
z_0223_673.571429.png,#d2b4de,34,0.039514,0.001581,0.040000
z_0223_673.571429.png,#d35400,447,0.519499,0.020780,0.040000
z_0223_673.571429.png,#e74c3c,505,0.586906,0.023476,0.040000
z_0223_673.571429.png,#edbb99,221,0.256844,0.010274,0.040000
z_0223_673.571429.png,#f1948a,201,0.233600,0.009344,0.040000
z_0223_673.571429.png,#f58231,422,0.490444,0.019618,0.040000
z_0223_673.571429.png,#f7dc6f,21,0.024406,0.000976,0.040000
z_0223_673.571429.png,#fad7a0,34,0.039514,0.001581,0.040000
z_0224_674.583012.png,#0e6251,262,0.304494,0.012180,0.040000
z_0224_674.583012.png,#117a65,1442,1.675878,0.067035,0.040000
z_0224_674.583012.png,#145a32,2996,3.481921,0.139277,0.040000
z_0224_674.583012.png,#154360,671,0.779830,0.031193,0.040000
z_0224_674.583012.png,#196f3d,877,1.019241,0.040770,0.040000
z_0224_674.583012.png,#1b4f72,1668,1.938533,0.077541,0.040000
z_0224_674.583012.png,#2e4053,609,0.707774,0.028311,0.040000
z_0224_674.583012.png,#2ecc71,248,0.288223,0.011529,0.040000
z_0224_674.583012.png,#3b3b98,1296,1.506198,0.060248,0.040000
z_0224_674.583012.png,#45b39d,1912,2.222107,0.088884,0.040000
z_0224_674.583012.png,#48c9b0,6511,7.567020,0.302681,0.040000
z_0224_674.583012.png,#4a235a,84,0.097624,0.003905,0.040000
z_0224_674.583012.png,#512e5f,69,0.080191,0.003208,0.040000
z_0224_674.583012.png,#52be80,2784,3.235537,0.129421,0.040000
z_0224_674.583012.png,#5499c7,482,0.560176,0.022407,0.040000
z_0224_674.583012.png,#73c6b6,2323,2.699768,0.107991,0.040000
z_0224_674.583012.png,#7b241c,358,0.416064,0.016643,0.040000
z_0224_674.583012.png,#82e0aa,283,0.328900,0.013156,0.040000
z_0224_674.583012.png,#85c1e9,332,0.385847,0.015434,0.040000
z_0224_674.583012.png,#922b21,1034,1.201705,0.048068,0.040000
z_0224_674.583012.png,#9a7d0a,1273,1.479468,0.059179,0.040000
z_0224_674.583012.png,#a2d9ce,15,0.017433,0.000697,0.040000
z_0224_674.583012.png,#a3e4d7,212,0.246384,0.009855,0.040000
z_0224_674.583012.png,#a9cce3,789,0.916968,0.036679,0.040000
z_0224_674.583012.png,#af601a,325,0.377712,0.015108,0.040000
z_0224_674.583012.png,#af7ac5,551,0.640367,0.025615,0.040000
z_0224_674.583012.png,#b9770e,233,0.270790,0.010832,0.040000
z_0224_674.583012.png,#cb4335,389,0.452092,0.018084,0.040000
z_0224_674.583012.png,#d2b4de,40,0.046488,0.001860,0.040000
z_0224_674.583012.png,#d35400,506,0.588068,0.023523,0.040000
z_0224_674.583012.png,#e74c3c,469,0.545067,0.021803,0.040000
z_0224_674.583012.png,#edbb99,197,0.228951,0.009158,0.040000
z_0224_674.583012.png,#f1948a,166,0.192924,0.007717,0.040000
z_0224_674.583012.png,#f58231,400,0.464876,0.018595,0.040000
z_0224_674.583012.png,#f7dc6f,21,0.024406,0.000976,0.040000
z_0224_674.583012.png,#fad7a0,34,0.039514,0.001581,0.040000
z_0225_675.594595.png,#0e6251,261,0.303332,0.012133,0.040000
z_0225_675.594595.png,#117a65,1442,1.675878,0.067035,0.040000
z_0225_675.594595.png,#145a32,3002,3.488895,0.139556,0.040000
z_0225_675.594595.png,#154360,667,0.775181,0.031007,0.040000
z_0225_675.594595.png,#196f3d,873,1.014592,0.040584,0.040000
z_0225_675.594595.png,#1b4f72,1667,1.937371,0.077495,0.040000
z_0225_675.594595.png,#2e4053,609,0.707774,0.028311,0.040000
z_0225_675.594595.png,#2ecc71,247,0.287061,0.011482,0.040000
z_0225_675.594595.png,#3b3b98,1323,1.537577,0.061503,0.040000
z_0225_675.594595.png,#45b39d,1907,2.216296,0.088652,0.040000
z_0225_675.594595.png,#48c9b0,6514,7.570506,0.302820,0.040000
z_0225_675.594595.png,#4a235a,82,0.095300,0.003812,0.040000
z_0225_675.594595.png,#512e5f,69,0.080191,0.003208,0.040000
z_0225_675.594595.png,#52be80,2776,3.226240,0.129050,0.040000
z_0225_675.594595.png,#5499c7,479,0.556689,0.022268,0.040000
z_0225_675.594595.png,#73c6b6,2347,2.727660,0.109106,0.040000
z_0225_675.594595.png,#7b241c,357,0.414902,0.016596,0.040000
z_0225_675.594595.png,#82e0aa,287,0.333549,0.013342,0.040000
z_0225_675.594595.png,#85c1e9,331,0.384685,0.015387,0.040000
z_0225_675.594595.png,#922b21,1042,1.211002,0.048440,0.040000
z_0225_675.594595.png,#9a7d0a,1280,1.487603,0.059504,0.040000
z_0225_675.594595.png,#a2d9ce,16,0.018595,0.000744,0.040000
z_0225_675.594595.png,#a3e4d7,210,0.244060,0.009762,0.040000
z_0225_675.594595.png,#a9cce3,790,0.918130,0.036725,0.040000
z_0225_675.594595.png,#af601a,322,0.374225,0.014969,0.040000
z_0225_675.594595.png,#af7ac5,556,0.646178,0.025847,0.040000
z_0225_675.594595.png,#b9770e,234,0.271952,0.010878,0.040000
z_0225_675.594595.png,#cb4335,383,0.445119,0.017805,0.040000
z_0225_675.594595.png,#d2b4de,42,0.048812,0.001952,0.040000
z_0225_675.594595.png,#d35400,510,0.592717,0.023709,0.040000
z_0225_675.594595.png,#e74c3c,470,0.546229,0.021849,0.040000
z_0225_675.594595.png,#edbb99,202,0.234762,0.009390,0.040000
z_0225_675.594595.png,#f1948a,166,0.192924,0.007717,0.040000
z_0225_675.594595.png,#f58231,401,0.466038,0.018642,0.040000
z_0225_675.594595.png,#f7dc6f,22,0.025568,0.001023,0.040000
z_0225_675.594595.png,#fad7a0,34,0.039514,0.001581,0.040000
z_0226_676.606178.png,#0e6251,253,0.294034,0.011761,0.040000
z_0226_676.606178.png,#117a65,1388,1.613120,0.064525,0.040000
z_0226_676.606178.png,#145a32,3029,3.520274,0.140811,0.040000
z_0226_676.606178.png,#154360,638,0.741477,0.029659,0.040000
z_0226_676.606178.png,#196f3d,836,0.971591,0.038864,0.040000
z_0226_676.606178.png,#1b4f72,1577,1.832774,0.073311,0.040000
z_0226_676.606178.png,#2e4053,643,0.747288,0.029892,0.040000
z_0226_676.606178.png,#2ecc71,238,0.276601,0.011064,0.040000
z_0226_676.606178.png,#3b3b98,1739,2.021049,0.080842,0.040000
z_0226_676.606178.png,#45b39d,1932,2.245351,0.089814,0.040000
z_0226_676.606178.png,#48c9b0,6675,7.757619,0.310305,0.040000
z_0226_676.606178.png,#4a235a,82,0.095300,0.003812,0.040000
z_0226_676.606178.png,#512e5f,81,0.094137,0.003765,0.040000
z_0226_676.606178.png,#52be80,2840,3.300620,0.132025,0.040000
z_0226_676.606178.png,#5499c7,444,0.516012,0.020640,0.040000
z_0226_676.606178.png,#73c6b6,2731,3.173941,0.126958,0.040000
z_0226_676.606178.png,#7b241c,384,0.446281,0.017851,0.040000
z_0226_676.606178.png,#82e0aa,335,0.389334,0.015573,0.040000
z_0226_676.606178.png,#85c1e9,291,0.338197,0.013528,0.040000
z_0226_676.606178.png,#922b21,934,1.085486,0.043419,0.040000
z_0226_676.606178.png,#9a7d0a,992,1.152893,0.046116,0.040000
z_0226_676.606178.png,#a2d9ce,24,0.027893,0.001116,0.040000
z_0226_676.606178.png,#a3e4d7,226,0.262655,0.010506,0.040000
z_0226_676.606178.png,#a9cce3,969,1.126162,0.045046,0.040000
z_0226_676.606178.png,#af601a,361,0.419551,0.016782,0.040000
z_0226_676.606178.png,#af7ac5,2655,3.085615,0.123425,0.040000
z_0226_676.606178.png,#b9770e,250,0.290548,0.011622,0.040000
z_0226_676.606178.png,#cb4335,361,0.419551,0.016782,0.040000
z_0226_676.606178.png,#d2b4de,41,0.047650,0.001906,0.040000
z_0226_676.606178.png,#d35400,587,0.682206,0.027288,0.040000
z_0226_676.606178.png,#e74c3c,589,0.684530,0.027381,0.040000
z_0226_676.606178.png,#edbb99,186,0.216167,0.008647,0.040000
z_0226_676.606178.png,#f1948a,175,0.203383,0.008135,0.040000
z_0226_676.606178.png,#f58231,429,0.498580,0.019943,0.040000
z_0226_676.606178.png,#f7dc6f,27,0.031379,0.001255,0.040000
z_0226_676.606178.png,#fad7a0,41,0.047650,0.001906,0.040000
z_0227_677.617761.png,#0e6251,254,0.295196,0.011808,0.040000
z_0227_677.617761.png,#117a65,1329,1.544551,0.061782,0.040000
z_0227_677.617761.png,#145a32,2871,3.336648,0.133466,0.040000
z_0227_677.617761.png,#154360,631,0.733342,0.029334,0.040000
z_0227_677.617761.png,#196f3d,781,0.907670,0.036307,0.040000
z_0227_677.617761.png,#1b4f72,1503,1.746772,0.069871,0.040000
z_0227_677.617761.png,#2e4053,683,0.793776,0.031751,0.040000
z_0227_677.617761.png,#2ecc71,222,0.258006,0.010320,0.040000
z_0227_677.617761.png,#3b3b98,2250,2.614928,0.104597,0.040000
z_0227_677.617761.png,#45b39d,1927,2.239540,0.089582,0.040000
z_0227_677.617761.png,#48c9b0,6955,8.083032,0.323321,0.040000
z_0227_677.617761.png,#4a235a,89,0.103435,0.004137,0.040000
z_0227_677.617761.png,#512e5f,95,0.110408,0.004416,0.040000
z_0227_677.617761.png,#52be80,2683,3.118156,0.124726,0.040000
z_0227_677.617761.png,#5499c7,429,0.498580,0.019943,0.040000
z_0227_677.617761.png,#73c6b6,2444,2.840393,0.113616,0.040000
z_0227_677.617761.png,#7b241c,389,0.452092,0.018084,0.040000
z_0227_677.617761.png,#82e0aa,364,0.423037,0.016921,0.040000
z_0227_677.617761.png,#85c1e9,244,0.283574,0.011343,0.040000
z_0227_677.617761.png,#922b21,831,0.965780,0.038631,0.040000
z_0227_677.617761.png,#9a7d0a,970,1.127324,0.045093,0.040000
z_0227_677.617761.png,#a2d9ce,19,0.022082,0.000883,0.040000
z_0227_677.617761.png,#a3e4d7,223,0.259168,0.010367,0.040000
z_0227_677.617761.png,#a9cce3,1152,1.338843,0.053554,0.040000
z_0227_677.617761.png,#af601a,396,0.460227,0.018409,0.040000
z_0227_677.617761.png,#af7ac5,2474,2.875258,0.115010,0.040000
z_0227_677.617761.png,#b9770e,247,0.287061,0.011482,0.040000
z_0227_677.617761.png,#cb4335,317,0.368414,0.014737,0.040000
z_0227_677.617761.png,#d2b4de,41,0.047650,0.001906,0.040000
z_0227_677.617761.png,#d35400,671,0.779830,0.031193,0.040000
z_0227_677.617761.png,#e74c3c,637,0.740315,0.029613,0.040000
z_0227_677.617761.png,#edbb99,211,0.245222,0.009809,0.040000
z_0227_677.617761.png,#f1948a,163,0.189437,0.007577,0.040000
z_0227_677.617761.png,#f58231,425,0.493931,0.019757,0.040000
z_0227_677.617761.png,#f7dc6f,24,0.027893,0.001116,0.040000
z_0227_677.617761.png,#fad7a0,52,0.060434,0.002417,0.040000
z_0228_678.629344.png,#0e6251,248,0.288223,0.011529,0.040000
z_0228_678.629344.png,#117a65,1321,1.535253,0.061410,0.040000
z_0228_678.629344.png,#145a32,2496,2.900826,0.116033,0.040000
z_0228_678.629344.png,#154360,607,0.705449,0.028218,0.040000
z_0228_678.629344.png,#196f3d,760,0.883264,0.035331,0.040000
z_0228_678.629344.png,#1b4f72,1338,1.555010,0.062200,0.040000
z_0228_678.629344.png,#2e4053,727,0.844912,0.033796,0.040000
z_0228_678.629344.png,#2ecc71,219,0.254520,0.010181,0.040000
z_0228_678.629344.png,#3b3b98,2826,3.284349,0.131374,0.040000
z_0228_678.629344.png,#45b39d,1973,2.293001,0.091720,0.040000
z_0228_678.629344.png,#48c9b0,3332,3.872417,0.154897,0.040000
z_0228_678.629344.png,#4a235a,108,0.125517,0.005021,0.040000
z_0228_678.629344.png,#512e5f,44,0.051136,0.002045,0.040000
z_0228_678.629344.png,#52be80,2827,3.285511,0.131420,0.040000
z_0228_678.629344.png,#5499c7,401,0.466038,0.018642,0.040000
z_0228_678.629344.png,#73c6b6,1751,2.034995,0.081400,0.040000
z_0228_678.629344.png,#7b241c,404,0.469525,0.018781,0.040000
z_0228_678.629344.png,#82e0aa,420,0.488120,0.019525,0.040000
z_0228_678.629344.png,#85c1e9,172,0.199897,0.007996,0.040000
z_0228_678.629344.png,#922b21,728,0.846074,0.033843,0.040000
z_0228_678.629344.png,#9a7d0a,1011,1.174974,0.046999,0.040000
z_0228_678.629344.png,#a2d9ce,15,0.017433,0.000697,0.040000
z_0228_678.629344.png,#a3e4d7,196,0.227789,0.009112,0.040000
z_0228_678.629344.png,#a9cce3,1317,1.530604,0.061224,0.040000
z_0228_678.629344.png,#af601a,431,0.500904,0.020036,0.040000
z_0228_678.629344.png,#af7ac5,2629,3.055398,0.122216,0.040000
z_0228_678.629344.png,#b9770e,263,0.305656,0.012226,0.040000
z_0228_678.629344.png,#bb8fce,1,0.001162,0.000046,0.040000
z_0228_678.629344.png,#cb4335,291,0.338197,0.013528,0.040000
z_0228_678.629344.png,#d2b4de,47,0.054623,0.002185,0.040000
z_0228_678.629344.png,#d35400,807,0.937887,0.037515,0.040000
z_0228_678.629344.png,#e74c3c,711,0.826317,0.033053,0.040000
z_0228_678.629344.png,#edbb99,229,0.266142,0.010646,0.040000
z_0228_678.629344.png,#f1948a,175,0.203383,0.008135,0.040000
z_0228_678.629344.png,#f58231,402,0.467200,0.018688,0.040000
z_0228_678.629344.png,#f7dc6f,28,0.032541,0.001302,0.040000
z_0228_678.629344.png,#fad7a0,58,0.067407,0.002696,0.040000
z_0229_679.640927.png,#0e6251,248,0.288223,0.011529,0.040000
z_0229_679.640927.png,#117a65,1340,1.557335,0.062293,0.040000
z_0229_679.640927.png,#145a32,2520,2.928719,0.117149,0.040000
z_0229_679.640927.png,#154360,603,0.700801,0.028032,0.040000
z_0229_679.640927.png,#196f3d,757,0.879778,0.035191,0.040000
z_0229_679.640927.png,#1b4f72,1331,1.546875,0.061875,0.040000
z_0229_679.640927.png,#2e4053,724,0.841426,0.033657,0.040000
z_0229_679.640927.png,#2ecc71,217,0.252195,0.010088,0.040000
z_0229_679.640927.png,#3b3b98,2823,3.280863,0.131235,0.040000
z_0229_679.640927.png,#45b39d,1975,2.295325,0.091813,0.040000
z_0229_679.640927.png,#48c9b0,3335,3.875904,0.155036,0.040000
z_0229_679.640927.png,#4a235a,108,0.125517,0.005021,0.040000
z_0229_679.640927.png,#512e5f,43,0.049974,0.001999,0.040000
z_0229_679.640927.png,#52be80,2838,3.298295,0.131932,0.040000
z_0229_679.640927.png,#5499c7,399,0.463714,0.018549,0.040000
z_0229_679.640927.png,#73c6b6,1736,2.017562,0.080702,0.040000
z_0229_679.640927.png,#7b241c,405,0.470687,0.018827,0.040000
z_0229_679.640927.png,#82e0aa,421,0.489282,0.019571,0.040000
z_0229_679.640927.png,#85c1e9,172,0.199897,0.007996,0.040000
z_0229_679.640927.png,#922b21,735,0.854210,0.034168,0.040000
z_0229_679.640927.png,#9a7d0a,1014,1.178461,0.047138,0.040000
z_0229_679.640927.png,#a2d9ce,16,0.018595,0.000744,0.040000
z_0229_679.640927.png,#a3e4d7,193,0.224303,0.008972,0.040000
z_0229_679.640927.png,#a9cce3,1310,1.522469,0.060899,0.040000
z_0229_679.640927.png,#af601a,431,0.500904,0.020036,0.040000
z_0229_679.640927.png,#af7ac5,2634,3.061209,0.122448,0.040000
z_0229_679.640927.png,#b9770e,264,0.306818,0.012273,0.040000
z_0229_679.640927.png,#cb4335,294,0.341684,0.013667,0.040000
z_0229_679.640927.png,#d2b4de,49,0.056947,0.002278,0.040000
z_0229_679.640927.png,#d35400,807,0.937887,0.037515,0.040000
z_0229_679.640927.png,#e74c3c,710,0.825155,0.033006,0.040000
z_0229_679.640927.png,#edbb99,229,0.266142,0.010646,0.040000
z_0229_679.640927.png,#f1948a,175,0.203383,0.008135,0.040000
z_0229_679.640927.png,#f58231,401,0.466038,0.018642,0.040000
z_0229_679.640927.png,#f7dc6f,28,0.032541,0.001302,0.040000
z_0229_679.640927.png,#fad7a0,59,0.068569,0.002743,0.040000
z_0230_680.652510.png,#0e6251,238,0.276601,0.011064,0.040000
z_0230_680.652510.png,#117a65,1291,1.500387,0.060015,0.040000
z_0230_680.652510.png,#145a32,2393,2.781121,0.111245,0.040000
z_0230_680.652510.png,#154360,564,0.655475,0.026219,0.040000
z_0230_680.652510.png,#196f3d,793,0.921617,0.036865,0.040000
z_0230_680.652510.png,#1b4f72,1212,1.408574,0.056343,0.040000
z_0230_680.652510.png,#2e4053,688,0.799587,0.031983,0.040000
z_0230_680.652510.png,#2ecc71,201,0.233600,0.009344,0.040000
z_0230_680.652510.png,#3b3b98,2927,3.401730,0.136069,0.040000
z_0230_680.652510.png,#45b39d,1919,2.230243,0.089210,0.040000
z_0230_680.652510.png,#48c9b0,3409,3.961906,0.158476,0.040000
z_0230_680.652510.png,#4a235a,125,0.145274,0.005811,0.040000
z_0230_680.652510.png,#512e5f,35,0.040677,0.001627,0.040000
z_0230_680.652510.png,#52be80,2564,2.979855,0.119194,0.040000
z_0230_680.652510.png,#5499c7,383,0.445119,0.017805,0.040000
z_0230_680.652510.png,#73c6b6,1414,1.643337,0.065733,0.040000
z_0230_680.652510.png,#7b241c,430,0.499742,0.019990,0.040000
z_0230_680.652510.png,#82e0aa,463,0.538094,0.021524,0.040000
z_0230_680.652510.png,#85c1e9,156,0.181302,0.007252,0.040000
z_0230_680.652510.png,#922b21,657,0.763559,0.030542,0.040000
z_0230_680.652510.png,#9a7d0a,960,1.115702,0.044628,0.040000
z_0230_680.652510.png,#a2d9ce,34,0.039514,0.001581,0.040000
z_0230_680.652510.png,#a3e4d7,139,0.161544,0.006462,0.040000
z_0230_680.652510.png,#a9cce3,1345,1.563146,0.062526,0.040000
z_0230_680.652510.png,#af601a,426,0.495093,0.019804,0.040000
z_0230_680.652510.png,#af7ac5,2592,3.012397,0.120496,0.040000
z_0230_680.652510.png,#b9770e,283,0.328900,0.013156,0.040000
z_0230_680.652510.png,#cb4335,294,0.341684,0.013667,0.040000
z_0230_680.652510.png,#d2b4de,39,0.045325,0.001813,0.040000
z_0230_680.652510.png,#d35400,830,0.964618,0.038585,0.040000
z_0230_680.652510.png,#e74c3c,689,0.800749,0.032030,0.040000
z_0230_680.652510.png,#edbb99,253,0.294034,0.011761,0.040000
z_0230_680.652510.png,#f1948a,171,0.198735,0.007949,0.040000
z_0230_680.652510.png,#f58231,420,0.488120,0.019525,0.040000
z_0230_680.652510.png,#f7dc6f,20,0.023244,0.000930,0.040000
z_0230_680.652510.png,#fad7a0,60,0.069731,0.002789,0.040000
z_0231_681.664093.png,#0e6251,239,0.277763,0.011111,0.040000
z_0231_681.664093.png,#117a65,1268,1.473657,0.058946,0.040000
z_0231_681.664093.png,#145a32,2263,2.630036,0.105201,0.040000
z_0231_681.664093.png,#154360,576,0.669421,0.026777,0.040000
z_0231_681.664093.png,#196f3d,771,0.896049,0.035842,0.040000
z_0231_681.664093.png,#1b4f72,1108,1.287707,0.051508,0.040000
z_0231_681.664093.png,#2e4053,730,0.848399,0.033936,0.040000
z_0231_681.664093.png,#2ecc71,201,0.233600,0.009344,0.040000
z_0231_681.664093.png,#3b3b98,2975,3.457515,0.138301,0.040000
z_0231_681.664093.png,#45b39d,1920,2.231405,0.089256,0.040000
z_0231_681.664093.png,#48c9b0,3472,4.035124,0.161405,0.040000
z_0231_681.664093.png,#4a235a,142,0.165031,0.006601,0.040000
z_0231_681.664093.png,#512e5f,15,0.017433,0.000697,0.040000
z_0231_681.664093.png,#52be80,2484,2.886880,0.115475,0.040000
z_0231_681.664093.png,#5499c7,343,0.398631,0.015945,0.040000
z_0231_681.664093.png,#73c6b6,1102,1.280733,0.051229,0.040000
z_0231_681.664093.png,#7b241c,415,0.482309,0.019292,0.040000
z_0231_681.664093.png,#82e0aa,547,0.635718,0.025429,0.040000
z_0231_681.664093.png,#85c1e9,138,0.160382,0.006415,0.040000
z_0231_681.664093.png,#922b21,576,0.669421,0.026777,0.040000
z_0231_681.664093.png,#9a7d0a,968,1.125000,0.045000,0.040000
z_0231_681.664093.png,#a2d9ce,11,0.012784,0.000511,0.040000
z_0231_681.664093.png,#a3e4d7,168,0.195248,0.007810,0.040000
z_0231_681.664093.png,#a9cce3,1266,1.471333,0.058853,0.040000
z_0231_681.664093.png,#af601a,424,0.492769,0.019711,0.040000
z_0231_681.664093.png,#af7ac5,2361,2.743931,0.109757,0.040000
z_0231_681.664093.png,#b9770e,286,0.332386,0.013295,0.040000
z_0231_681.664093.png,#bb8fce,1,0.001162,0.000046,0.040000
z_0231_681.664093.png,#cb4335,230,0.267304,0.010692,0.040000
z_0231_681.664093.png,#d2b4de,40,0.046488,0.001860,0.040000
z_0231_681.664093.png,#d35400,824,0.957645,0.038306,0.040000
z_0231_681.664093.png,#e74c3c,707,0.821668,0.032867,0.040000
z_0231_681.664093.png,#edbb99,249,0.289385,0.011575,0.040000
z_0231_681.664093.png,#f1948a,193,0.224303,0.008972,0.040000
z_0231_681.664093.png,#f58231,423,0.491606,0.019664,0.040000
z_0231_681.664093.png,#f7dc6f,23,0.026730,0.001069,0.040000
z_0231_681.664093.png,#fad7a0,59,0.068569,0.002743,0.040000
z_0232_682.675676.png,#0e6251,252,0.292872,0.011715,0.040000
z_0232_682.675676.png,#117a65,1262,1.466684,0.058667,0.040000
z_0232_682.675676.png,#145a32,2144,2.491736,0.099669,0.040000
z_0232_682.675676.png,#154360,601,0.698476,0.027939,0.040000
z_0232_682.675676.png,#196f3d,765,0.889075,0.035563,0.040000
z_0232_682.675676.png,#1b4f72,1092,1.269112,0.050764,0.040000
z_0232_682.675676.png,#2e4053,662,0.769370,0.030775,0.040000
z_0232_682.675676.png,#2ecc71,177,0.205708,0.008228,0.040000
z_0232_682.675676.png,#3b3b98,2908,3.379649,0.135186,0.040000
z_0232_682.675676.png,#45b39d,1855,2.155863,0.086235,0.040000
z_0232_682.675676.png,#48c9b0,3705,4.305914,0.172237,0.040000
z_0232_682.675676.png,#4a235a,125,0.145274,0.005811,0.040000
z_0232_682.675676.png,#52be80,2408,2.798554,0.111942,0.040000
z_0232_682.675676.png,#5499c7,318,0.369576,0.014783,0.040000
z_0232_682.675676.png,#73c6b6,865,1.005294,0.040212,0.040000
z_0232_682.675676.png,#7b241c,403,0.468363,0.018735,0.040000
z_0232_682.675676.png,#82e0aa,533,0.619447,0.024778,0.040000
z_0232_682.675676.png,#85c1e9,128,0.148760,0.005950,0.040000
z_0232_682.675676.png,#922b21,506,0.588068,0.023523,0.040000
z_0232_682.675676.png,#9a7d0a,917,1.065728,0.042629,0.040000
z_0232_682.675676.png,#a2d9ce,21,0.024406,0.000976,0.040000
z_0232_682.675676.png,#a3e4d7,151,0.175491,0.007020,0.040000
z_0232_682.675676.png,#a9cce3,1211,1.407412,0.056296,0.040000
z_0232_682.675676.png,#af601a,458,0.532283,0.021291,0.040000
z_0232_682.675676.png,#af7ac5,2332,2.710227,0.108409,0.040000
z_0232_682.675676.png,#b9770e,288,0.334711,0.013388,0.040000
z_0232_682.675676.png,#bb8fce,1,0.001162,0.000046,0.040000
z_0232_682.675676.png,#cb4335,142,0.165031,0.006601,0.040000
z_0232_682.675676.png,#d2b4de,30,0.034866,0.001395,0.040000
z_0232_682.675676.png,#d35400,766,0.890238,0.035610,0.040000
z_0232_682.675676.png,#e74c3c,607,0.705449,0.028218,0.040000
z_0232_682.675676.png,#edbb99,265,0.307980,0.012319,0.040000
z_0232_682.675676.png,#f1948a,201,0.233600,0.009344,0.040000
z_0232_682.675676.png,#f58231,436,0.506715,0.020269,0.040000
z_0232_682.675676.png,#f7dc6f,25,0.029055,0.001162,0.040000
z_0232_682.675676.png,#fad7a0,50,0.058110,0.002324,0.040000
z_0233_683.687259.png,#0e6251,252,0.292872,0.011715,0.040000
z_0233_683.687259.png,#117a65,1261,1.465522,0.058621,0.040000
z_0233_683.687259.png,#145a32,2133,2.478951,0.099158,0.040000
z_0233_683.687259.png,#154360,603,0.700801,0.028032,0.040000
z_0233_683.687259.png,#196f3d,772,0.897211,0.035888,0.040000
z_0233_683.687259.png,#1b4f72,1091,1.267949,0.050718,0.040000
z_0233_683.687259.png,#2e4053,661,0.768208,0.030728,0.040000
z_0233_683.687259.png,#2ecc71,177,0.205708,0.008228,0.040000
z_0233_683.687259.png,#3b3b98,2907,3.378487,0.135139,0.040000
z_0233_683.687259.png,#45b39d,1859,2.160511,0.086420,0.040000
z_0233_683.687259.png,#48c9b0,3692,4.290806,0.171632,0.040000
z_0233_683.687259.png,#4a235a,128,0.148760,0.005950,0.040000
z_0233_683.687259.png,#52be80,2396,2.784607,0.111384,0.040000
z_0233_683.687259.png,#5499c7,323,0.375387,0.015015,0.040000
z_0233_683.687259.png,#73c6b6,873,1.014592,0.040584,0.040000
z_0233_683.687259.png,#7b241c,402,0.467200,0.018688,0.040000
z_0233_683.687259.png,#82e0aa,532,0.618285,0.024731,0.040000
z_0233_683.687259.png,#85c1e9,130,0.151085,0.006043,0.040000
z_0233_683.687259.png,#922b21,505,0.586906,0.023476,0.040000
z_0233_683.687259.png,#9a7d0a,910,1.057593,0.042304,0.040000
z_0233_683.687259.png,#a2d9ce,23,0.026730,0.001069,0.040000
z_0233_683.687259.png,#a3e4d7,163,0.189437,0.007577,0.040000
z_0233_683.687259.png,#a9cce3,1201,1.395790,0.055832,0.040000
z_0233_683.687259.png,#af601a,459,0.533445,0.021338,0.040000
z_0233_683.687259.png,#af7ac5,2339,2.718363,0.108735,0.040000
z_0233_683.687259.png,#b9770e,288,0.334711,0.013388,0.040000
z_0233_683.687259.png,#cb4335,146,0.169680,0.006787,0.040000
z_0233_683.687259.png,#d2b4de,30,0.034866,0.001395,0.040000
z_0233_683.687259.png,#d35400,760,0.883264,0.035331,0.040000
z_0233_683.687259.png,#e74c3c,608,0.706612,0.028264,0.040000
z_0233_683.687259.png,#edbb99,271,0.314954,0.012598,0.040000
z_0233_683.687259.png,#f1948a,201,0.233600,0.009344,0.040000
z_0233_683.687259.png,#f58231,436,0.506715,0.020269,0.040000
z_0233_683.687259.png,#f7dc6f,26,0.030217,0.001209,0.040000
z_0233_683.687259.png,#fad7a0,50,0.058110,0.002324,0.040000
z_0234_684.698842.png,#0e6251,263,0.305656,0.012226,0.040000
z_0234_684.698842.png,#117a65,901,1.047133,0.041885,0.040000
z_0234_684.698842.png,#145a32,1764,2.050103,0.082004,0.040000
z_0234_684.698842.png,#154360,464,0.539256,0.021570,0.040000
z_0234_684.698842.png,#196f3d,499,0.579933,0.023197,0.040000
z_0234_684.698842.png,#1b4f72,1079,1.254003,0.050160,0.040000
z_0234_684.698842.png,#2e4053,648,0.753099,0.030124,0.040000
z_0234_684.698842.png,#2ecc71,146,0.169680,0.006787,0.040000
z_0234_684.698842.png,#3b3b98,3199,3.717846,0.148714,0.040000
z_0234_684.698842.png,#45b39d,1962,2.280217,0.091209,0.040000
z_0234_684.698842.png,#48c9b0,5052,5.871384,0.234855,0.040000
z_0234_684.698842.png,#4a235a,155,0.180139,0.007206,0.040000
z_0234_684.698842.png,#52be80,2352,2.733471,0.109339,0.040000
z_0234_684.698842.png,#5499c7,251,0.291710,0.011668,0.040000
z_0234_684.698842.png,#73c6b6,336,0.390496,0.015620,0.040000
z_0234_684.698842.png,#7b241c,396,0.460227,0.018409,0.040000
z_0234_684.698842.png,#82e0aa,644,0.748450,0.029938,0.040000
z_0234_684.698842.png,#85c1e9,122,0.141787,0.005671,0.040000
z_0234_684.698842.png,#922b21,346,0.402118,0.016085,0.040000
z_0234_684.698842.png,#9a7d0a,970,1.127324,0.045093,0.040000
z_0234_684.698842.png,#a2d9ce,20,0.023244,0.000930,0.040000
z_0234_684.698842.png,#a3e4d7,153,0.177815,0.007113,0.040000
z_0234_684.698842.png,#a9cce3,638,0.741477,0.029659,0.040000
z_0234_684.698842.png,#af601a,439,0.510201,0.020408,0.040000
z_0234_684.698842.png,#af7ac5,1992,2.315083,0.092603,0.040000
z_0234_684.698842.png,#b9770e,299,0.347495,0.013900,0.040000
z_0234_684.698842.png,#cb4335,123,0.142949,0.005718,0.040000
z_0234_684.698842.png,#d2b4de,49,0.056947,0.002278,0.040000
z_0234_684.698842.png,#d35400,398,0.462552,0.018502,0.040000
z_0234_684.698842.png,#e74c3c,503,0.584582,0.023383,0.040000
z_0234_684.698842.png,#edbb99,273,0.317278,0.012691,0.040000
z_0234_684.698842.png,#f1948a,226,0.262655,0.010506,0.040000
z_0234_684.698842.png,#f58231,457,0.531121,0.021245,0.040000
z_0234_684.698842.png,#f7dc6f,36,0.041839,0.001674,0.040000
z_0234_684.698842.png,#fad7a0,54,0.062758,0.002510,0.040000
z_0235_685.710425.png,#0e6251,266,0.309143,0.012366,0.040000
z_0235_685.710425.png,#117a65,868,1.008781,0.040351,0.040000
z_0235_685.710425.png,#145a32,1470,1.708419,0.068337,0.040000
z_0235_685.710425.png,#154360,334,0.388171,0.015527,0.040000
z_0235_685.710425.png,#196f3d,492,0.571798,0.022872,0.040000
z_0235_685.710425.png,#1b4f72,1007,1.170325,0.046813,0.040000
z_0235_685.710425.png,#2e4053,519,0.603177,0.024127,0.040000
z_0235_685.710425.png,#2ecc71,114,0.132490,0.005300,0.040000
z_0235_685.710425.png,#3b3b98,3864,4.490702,0.179628,0.040000
z_0235_685.710425.png,#45b39d,2136,2.482438,0.099298,0.040000
z_0235_685.710425.png,#48c9b0,4615,5.363507,0.214540,0.040000
z_0235_685.710425.png,#4a235a,186,0.216167,0.008647,0.040000
z_0235_685.710425.png,#52be80,2302,2.675362,0.107014,0.040000
z_0235_685.710425.png,#5499c7,252,0.292872,0.011715,0.040000
z_0235_685.710425.png,#73c6b6,130,0.151085,0.006043,0.040000
z_0235_685.710425.png,#7b241c,255,0.296358,0.011854,0.040000
z_0235_685.710425.png,#82e0aa,757,0.879778,0.035191,0.040000
z_0235_685.710425.png,#85c1e9,108,0.125517,0.005021,0.040000
z_0235_685.710425.png,#922b21,383,0.445119,0.017805,0.040000
z_0235_685.710425.png,#9a7d0a,1086,1.262138,0.050486,0.040000
z_0235_685.710425.png,#a2d9ce,20,0.023244,0.000930,0.040000
z_0235_685.710425.png,#a3e4d7,143,0.166193,0.006648,0.040000
z_0235_685.710425.png,#a9cce3,239,0.277763,0.011111,0.040000
z_0235_685.710425.png,#af601a,423,0.491606,0.019664,0.040000
z_0235_685.710425.png,#af7ac5,2016,2.342975,0.093719,0.040000
z_0235_685.710425.png,#b9770e,289,0.335873,0.013435,0.040000
z_0235_685.710425.png,#cb4335,161,0.187113,0.007485,0.040000
z_0235_685.710425.png,#d2b4de,70,0.081353,0.003254,0.040000
z_0235_685.710425.png,#d35400,279,0.324251,0.012970,0.040000
z_0235_685.710425.png,#e74c3c,419,0.486958,0.019478,0.040000
z_0235_685.710425.png,#edbb99,339,0.393982,0.015759,0.040000
z_0235_685.710425.png,#f1948a,228,0.264979,0.010599,0.040000
z_0235_685.710425.png,#f58231,345,0.400956,0.016038,0.040000
z_0235_685.710425.png,#f7dc6f,84,0.097624,0.003905,0.040000
z_0235_685.710425.png,#fad7a0,145,0.168518,0.006741,0.040000
z_0236_686.722008.png,#0e6251,268,0.311467,0.012459,0.040000
z_0236_686.722008.png,#117a65,866,1.006457,0.040258,0.040000
z_0236_686.722008.png,#145a32,1464,1.701446,0.068058,0.040000
z_0236_686.722008.png,#154360,337,0.391658,0.015666,0.040000
z_0236_686.722008.png,#196f3d,499,0.579933,0.023197,0.040000
z_0236_686.722008.png,#1b4f72,1006,1.169163,0.046767,0.040000
z_0236_686.722008.png,#2e4053,522,0.606663,0.024267,0.040000
z_0236_686.722008.png,#2ecc71,115,0.133652,0.005346,0.040000
z_0236_686.722008.png,#3b3b98,3861,4.487216,0.179489,0.040000
z_0236_686.722008.png,#45b39d,2130,2.475465,0.099019,0.040000
z_0236_686.722008.png,#48c9b0,4610,5.357696,0.214308,0.040000
z_0236_686.722008.png,#4a235a,183,0.212681,0.008507,0.040000
z_0236_686.722008.png,#52be80,2302,2.675362,0.107014,0.040000
z_0236_686.722008.png,#5499c7,255,0.296358,0.011854,0.040000
z_0236_686.722008.png,#73c6b6,131,0.152247,0.006090,0.040000
z_0236_686.722008.png,#7b241c,264,0.306818,0.012273,0.040000
z_0236_686.722008.png,#82e0aa,760,0.883264,0.035331,0.040000
z_0236_686.722008.png,#85c1e9,106,0.123192,0.004928,0.040000
z_0236_686.722008.png,#922b21,385,0.447443,0.017898,0.040000
z_0236_686.722008.png,#9a7d0a,1076,1.250517,0.050021,0.040000
z_0236_686.722008.png,#a2d9ce,22,0.025568,0.001023,0.040000
z_0236_686.722008.png,#a3e4d7,145,0.168518,0.006741,0.040000
z_0236_686.722008.png,#a9cce3,241,0.280088,0.011204,0.040000
z_0236_686.722008.png,#af601a,423,0.491606,0.019664,0.040000
z_0236_686.722008.png,#af7ac5,2054,2.387138,0.095486,0.040000
z_0236_686.722008.png,#b9770e,289,0.335873,0.013435,0.040000
z_0236_686.722008.png,#cb4335,156,0.181302,0.007252,0.040000
z_0236_686.722008.png,#d2b4de,70,0.081353,0.003254,0.040000
z_0236_686.722008.png,#d35400,279,0.324251,0.012970,0.040000
z_0236_686.722008.png,#e74c3c,420,0.488120,0.019525,0.040000
z_0236_686.722008.png,#edbb99,336,0.390496,0.015620,0.040000
z_0236_686.722008.png,#f1948a,228,0.264979,0.010599,0.040000
z_0236_686.722008.png,#f58231,345,0.400956,0.016038,0.040000
z_0236_686.722008.png,#f7dc6f,84,0.097624,0.003905,0.040000
z_0236_686.722008.png,#fad7a0,147,0.170842,0.006834,0.040000
z_0237_687.733591.png,#0e6251,351,0.407929,0.016317,0.040000
z_0237_687.733591.png,#117a65,878,1.020403,0.040816,0.040000
z_0237_687.733591.png,#145a32,1352,1.571281,0.062851,0.040000
z_0237_687.733591.png,#154360,239,0.277763,0.011111,0.040000
z_0237_687.733591.png,#196f3d,472,0.548554,0.021942,0.040000
z_0237_687.733591.png,#1b4f72,1031,1.198218,0.047929,0.040000
z_0237_687.733591.png,#2e4053,482,0.560176,0.022407,0.040000
z_0237_687.733591.png,#2ecc71,121,0.140625,0.005625,0.040000
z_0237_687.733591.png,#3b3b98,4321,5.021823,0.200873,0.040000
z_0237_687.733591.png,#45b39d,2198,2.554494,0.102180,0.040000
z_0237_687.733591.png,#48c9b0,4190,4.869576,0.194783,0.040000
z_0237_687.733591.png,#4a235a,195,0.226627,0.009065,0.040000
z_0237_687.733591.png,#52be80,2183,2.537061,0.101482,0.040000
z_0237_687.733591.png,#5499c7,268,0.311467,0.012459,0.040000
z_0237_687.733591.png,#73c6b6,97,0.112732,0.004509,0.040000
z_0237_687.733591.png,#7b241c,188,0.218492,0.008740,0.040000
z_0237_687.733591.png,#82e0aa,810,0.941374,0.037655,0.040000
z_0237_687.733591.png,#85c1e9,104,0.120868,0.004835,0.040000
z_0237_687.733591.png,#922b21,391,0.454416,0.018177,0.040000
z_0237_687.733591.png,#9a7d0a,1156,1.343492,0.053740,0.040000
z_0237_687.733591.png,#a2d9ce,26,0.030217,0.001209,0.040000
z_0237_687.733591.png,#a3e4d7,150,0.174329,0.006973,0.040000
z_0237_687.733591.png,#a9cce3,122,0.141787,0.005671,0.040000
z_0237_687.733591.png,#af601a,396,0.460227,0.018409,0.040000
z_0237_687.733591.png,#af7ac5,2117,2.460356,0.098414,0.040000
z_0237_687.733591.png,#b9770e,282,0.327738,0.013110,0.040000
z_0237_687.733591.png,#bb8fce,1,0.001162,0.000046,0.040000
z_0237_687.733591.png,#cb4335,158,0.183626,0.007345,0.040000
z_0237_687.733591.png,#d2b4de,288,0.334711,0.013388,0.040000
z_0237_687.733591.png,#d35400,254,0.295196,0.011808,0.040000
z_0237_687.733591.png,#e74c3c,392,0.455579,0.018223,0.040000
z_0237_687.733591.png,#edbb99,415,0.482309,0.019292,0.040000
z_0237_687.733591.png,#f1948a,301,0.349819,0.013993,0.040000
z_0237_687.733591.png,#f58231,327,0.380036,0.015201,0.040000
z_0237_687.733591.png,#f7dc6f,48,0.055785,0.002231,0.040000
z_0237_687.733591.png,#fad7a0,137,0.159220,0.006369,0.040000
z_0238_688.745174.png,#0e6251,354,0.411415,0.016457,0.040000
z_0238_688.745174.png,#117a65,878,1.020403,0.040816,0.040000
z_0238_688.745174.png,#145a32,1336,1.552686,0.062107,0.040000
z_0238_688.745174.png,#154360,232,0.269628,0.010785,0.040000
z_0238_688.745174.png,#196f3d,475,0.552040,0.022082,0.040000
z_0238_688.745174.png,#1b4f72,1040,1.208678,0.048347,0.040000
z_0238_688.745174.png,#2e4053,482,0.560176,0.022407,0.040000
z_0238_688.745174.png,#2ecc71,121,0.140625,0.005625,0.040000
z_0238_688.745174.png,#3b3b98,4328,5.029959,0.201198,0.040000
z_0238_688.745174.png,#45b39d,2193,2.548683,0.101947,0.040000
z_0238_688.745174.png,#48c9b0,4173,4.849819,0.193993,0.040000
z_0238_688.745174.png,#4a235a,199,0.231276,0.009251,0.040000
z_0238_688.745174.png,#52be80,2165,2.516142,0.100646,0.040000
z_0238_688.745174.png,#5499c7,267,0.310305,0.012412,0.040000
z_0238_688.745174.png,#73c6b6,97,0.112732,0.004509,0.040000
z_0238_688.745174.png,#7b241c,186,0.216167,0.008647,0.040000
z_0238_688.745174.png,#82e0aa,814,0.946023,0.037841,0.040000
z_0238_688.745174.png,#85c1e9,101,0.117381,0.004695,0.040000
z_0238_688.745174.png,#922b21,391,0.454416,0.018177,0.040000
z_0238_688.745174.png,#9a7d0a,1145,1.330708,0.053228,0.040000
z_0238_688.745174.png,#a2d9ce,24,0.027893,0.001116,0.040000
z_0238_688.745174.png,#a3e4d7,142,0.165031,0.006601,0.040000
z_0238_688.745174.png,#a9cce3,122,0.141787,0.005671,0.040000
z_0238_688.745174.png,#af601a,393,0.456741,0.018270,0.040000
z_0238_688.745174.png,#af7ac5,2119,2.462681,0.098507,0.040000
z_0238_688.745174.png,#b9770e,284,0.330062,0.013202,0.040000
z_0238_688.745174.png,#bb8fce,1,0.001162,0.000046,0.040000
z_0238_688.745174.png,#cb4335,154,0.178977,0.007159,0.040000
z_0238_688.745174.png,#d2b4de,288,0.334711,0.013388,0.040000
z_0238_688.745174.png,#d35400,257,0.298683,0.011947,0.040000
z_0238_688.745174.png,#e74c3c,387,0.449768,0.017991,0.040000
z_0238_688.745174.png,#edbb99,415,0.482309,0.019292,0.040000
z_0238_688.745174.png,#f1948a,297,0.345170,0.013807,0.040000
z_0238_688.745174.png,#f58231,330,0.383523,0.015341,0.040000
z_0238_688.745174.png,#f7dc6f,48,0.055785,0.002231,0.040000
z_0238_688.745174.png,#fad7a0,137,0.159220,0.006369,0.040000
z_0239_689.756757.png,#0e6251,658,0.764721,0.030589,0.040000
z_0239_689.756757.png,#117a65,974,1.131973,0.045279,0.040000
z_0239_689.756757.png,#145a32,890,1.034349,0.041374,0.040000
z_0239_689.756757.png,#154360,10,0.011622,0.000465,0.040000
z_0239_689.756757.png,#196f3d,769,0.893724,0.035749,0.040000
z_0239_689.756757.png,#1b4f72,1317,1.530604,0.061224,0.040000
z_0239_689.756757.png,#2e4053,275,0.319602,0.012784,0.040000
z_0239_689.756757.png,#2ecc71,107,0.124354,0.004974,0.040000
z_0239_689.756757.png,#3b3b98,5030,5.845816,0.233833,0.040000
z_0239_689.756757.png,#45b39d,2199,2.555656,0.102226,0.040000
z_0239_689.756757.png,#48c9b0,2469,2.869447,0.114778,0.040000
z_0239_689.756757.png,#4a235a,222,0.258006,0.010320,0.040000
z_0239_689.756757.png,#52be80,1716,1.994318,0.079773,0.040000
z_0239_689.756757.png,#5499c7,315,0.366090,0.014644,0.040000
z_0239_689.756757.png,#82e0aa,1007,1.170325,0.046813,0.040000
z_0239_689.756757.png,#85c1e9,126,0.146436,0.005857,0.040000
z_0239_689.756757.png,#922b21,281,0.326575,0.013063,0.040000
z_0239_689.756757.png,#9a7d0a,1051,1.221462,0.048858,0.040000
z_0239_689.756757.png,#a2d9ce,10,0.011622,0.000465,0.040000
z_0239_689.756757.png,#a3e4d7,142,0.165031,0.006601,0.040000
z_0239_689.756757.png,#a9cce3,468,0.543905,0.021756,0.040000
z_0239_689.756757.png,#af601a,407,0.473011,0.018920,0.040000
z_0239_689.756757.png,#af7ac5,1985,2.306947,0.092278,0.040000
z_0239_689.756757.png,#b9770e,256,0.297521,0.011901,0.040000
z_0239_689.756757.png,#cb4335,150,0.174329,0.006973,0.040000
z_0239_689.756757.png,#d2b4de,487,0.565987,0.022639,0.040000
z_0239_689.756757.png,#d35400,203,0.235925,0.009437,0.040000
z_0239_689.756757.png,#e74c3c,645,0.749613,0.029985,0.040000
z_0239_689.756757.png,#edbb99,438,0.509039,0.020362,0.040000
z_0239_689.756757.png,#f1948a,442,0.513688,0.020548,0.040000
z_0239_689.756757.png,#f58231,308,0.357955,0.014318,0.040000
z_0239_689.756757.png,#f7dc6f,27,0.031379,0.001255,0.040000
z_0240_690.768340.png,#0e6251,656,0.762397,0.030496,0.040000
z_0240_690.768340.png,#117a65,971,1.128487,0.045139,0.040000
z_0240_690.768340.png,#145a32,889,1.033187,0.041327,0.040000
z_0240_690.768340.png,#154360,10,0.011622,0.000465,0.040000
z_0240_690.768340.png,#196f3d,769,0.893724,0.035749,0.040000
z_0240_690.768340.png,#1b4f72,1309,1.521307,0.060852,0.040000
z_0240_690.768340.png,#2e4053,275,0.319602,0.012784,0.040000
z_0240_690.768340.png,#2ecc71,108,0.125517,0.005021,0.040000
z_0240_690.768340.png,#3b3b98,5028,5.843492,0.233740,0.040000
z_0240_690.768340.png,#45b39d,2188,2.542872,0.101715,0.040000
z_0240_690.768340.png,#48c9b0,2463,2.862474,0.114499,0.040000
z_0240_690.768340.png,#4a235a,219,0.254520,0.010181,0.040000
z_0240_690.768340.png,#52be80,1715,1.993156,0.079726,0.040000
z_0240_690.768340.png,#5499c7,314,0.364928,0.014597,0.040000
z_0240_690.768340.png,#82e0aa,1010,1.173812,0.046952,0.040000
z_0240_690.768340.png,#85c1e9,122,0.141787,0.005671,0.040000
z_0240_690.768340.png,#922b21,280,0.325413,0.013017,0.040000
z_0240_690.768340.png,#9a7d0a,1054,1.224948,0.048998,0.040000
z_0240_690.768340.png,#a2d9ce,10,0.011622,0.000465,0.040000
z_0240_690.768340.png,#a3e4d7,155,0.180139,0.007206,0.040000
z_0240_690.768340.png,#a9cce3,472,0.548554,0.021942,0.040000
z_0240_690.768340.png,#af601a,409,0.475336,0.019013,0.040000
z_0240_690.768340.png,#af7ac5,1985,2.306947,0.092278,0.040000
z_0240_690.768340.png,#b9770e,256,0.297521,0.011901,0.040000
z_0240_690.768340.png,#cb4335,150,0.174329,0.006973,0.040000
z_0240_690.768340.png,#d2b4de,490,0.569473,0.022779,0.040000
z_0240_690.768340.png,#d35400,203,0.235925,0.009437,0.040000
z_0240_690.768340.png,#e74c3c,648,0.753099,0.030124,0.040000
z_0240_690.768340.png,#edbb99,445,0.517175,0.020687,0.040000
z_0240_690.768340.png,#f1948a,442,0.513688,0.020548,0.040000
z_0240_690.768340.png,#f58231,310,0.360279,0.014411,0.040000
z_0240_690.768340.png,#f7dc6f,27,0.031379,0.001255,0.040000
z_0241_691.779923.png,#0e6251,741,0.861183,0.034447,0.040000
z_0241_691.779923.png,#117a65,990,1.150568,0.046023,0.040000
z_0241_691.779923.png,#145a32,911,1.058755,0.042350,0.040000
z_0241_691.779923.png,#154360,13,0.015108,0.000604,0.040000
z_0241_691.779923.png,#196f3d,872,1.013430,0.040537,0.040000
z_0241_691.779923.png,#1b4f72,1497,1.739799,0.069592,0.040000
z_0241_691.779923.png,#2e4053,257,0.298683,0.011947,0.040000
z_0241_691.779923.png,#2ecc71,109,0.126679,0.005067,0.040000
z_0241_691.779923.png,#3b3b98,4842,5.627324,0.225093,0.040000
z_0241_691.779923.png,#45b39d,2083,2.420842,0.096834,0.040000
z_0241_691.779923.png,#48c9b0,1973,2.293001,0.091720,0.040000
z_0241_691.779923.png,#4a235a,230,0.267304,0.010692,0.040000
z_0241_691.779923.png,#52be80,1649,1.916451,0.076658,0.040000
z_0241_691.779923.png,#5499c7,347,0.403280,0.016131,0.040000
z_0241_691.779923.png,#82e0aa,1148,1.334194,0.053368,0.040000
z_0241_691.779923.png,#85c1e9,183,0.212681,0.008507,0.040000
z_0241_691.779923.png,#922b21,222,0.258006,0.010320,0.040000
z_0241_691.779923.png,#9a7d0a,1115,1.295842,0.051834,0.040000
z_0241_691.779923.png,#a2d9ce,18,0.020919,0.000837,0.040000
z_0241_691.779923.png,#a3e4d7,165,0.191761,0.007670,0.040000
z_0241_691.779923.png,#a9cce3,801,0.930914,0.037237,0.040000
z_0241_691.779923.png,#af601a,441,0.512526,0.020501,0.040000
z_0241_691.779923.png,#af7ac5,2000,2.324380,0.092975,0.040000
z_0241_691.779923.png,#b9770e,255,0.296358,0.011854,0.040000
z_0241_691.779923.png,#bb8fce,5,0.005811,0.000232,0.040000
z_0241_691.779923.png,#cb4335,116,0.134814,0.005393,0.040000
z_0241_691.779923.png,#d2b4de,626,0.727531,0.029101,0.040000
z_0241_691.779923.png,#d35400,209,0.242898,0.009716,0.040000
z_0241_691.779923.png,#e74c3c,573,0.665935,0.026637,0.040000
z_0241_691.779923.png,#edbb99,475,0.552040,0.022082,0.040000
z_0241_691.779923.png,#f1948a,571,0.663611,0.026544,0.040000
z_0241_691.779923.png,#f58231,312,0.362603,0.014504,0.040000
z_0241_691.779923.png,#f7dc6f,28,0.032541,0.001302,0.040000
z_0242_692.791506.png,#0e6251,873,1.014592,0.040584,0.040000
z_0242_692.791506.png,#117a65,1046,1.215651,0.048626,0.040000
z_0242_692.791506.png,#145a32,989,1.149406,0.045976,0.040000
z_0242_692.791506.png,#196f3d,996,1.157541,0.046302,0.040000
z_0242_692.791506.png,#1b4f72,1798,2.089618,0.083585,0.040000
z_0242_692.791506.png,#2e4053,232,0.269628,0.010785,0.040000
z_0242_692.791506.png,#2ecc71,116,0.134814,0.005393,0.040000
z_0242_692.791506.png,#3b3b98,4547,5.284478,0.211379,0.040000
z_0242_692.791506.png,#45b39d,1999,2.323218,0.092929,0.040000
z_0242_692.791506.png,#48c9b0,1375,1.598011,0.063920,0.040000
z_0242_692.791506.png,#4a235a,220,0.255682,0.010227,0.040000
z_0242_692.791506.png,#52be80,1537,1.786286,0.071451,0.040000
z_0242_692.791506.png,#5499c7,352,0.409091,0.016364,0.040000
z_0242_692.791506.png,#82e0aa,1232,1.431818,0.057273,0.040000
z_0242_692.791506.png,#85c1e9,219,0.254520,0.010181,0.040000
z_0242_692.791506.png,#922b21,214,0.248709,0.009948,0.040000
z_0242_692.791506.png,#9a7d0a,1161,1.349303,0.053972,0.040000
z_0242_692.791506.png,#a2d9ce,9,0.010460,0.000418,0.040000
z_0242_692.791506.png,#a3e4d7,121,0.140625,0.005625,0.040000
z_0242_692.791506.png,#a9cce3,1236,1.436467,0.057459,0.040000
z_0242_692.791506.png,#af601a,468,0.543905,0.021756,0.040000
z_0242_692.791506.png,#af7ac5,2127,2.471978,0.098879,0.040000
z_0242_692.791506.png,#b9770e,240,0.278926,0.011157,0.040000
z_0242_692.791506.png,#cb4335,77,0.089489,0.003580,0.040000
z_0242_692.791506.png,#d2b4de,651,0.756586,0.030263,0.040000
z_0242_692.791506.png,#d35400,202,0.234762,0.009390,0.040000
z_0242_692.791506.png,#e74c3c,528,0.613636,0.024545,0.040000
z_0242_692.791506.png,#edbb99,440,0.511364,0.020455,0.040000
z_0242_692.791506.png,#f1948a,745,0.865832,0.034633,0.040000
z_0242_692.791506.png,#f58231,297,0.345170,0.013807,0.040000
z_0243_693.803089.png,#0e6251,919,1.068053,0.042722,0.040000
z_0243_693.803089.png,#117a65,1057,1.228435,0.049137,0.040000
z_0243_693.803089.png,#145a32,1112,1.292355,0.051694,0.040000
z_0243_693.803089.png,#196f3d,1133,1.316761,0.052670,0.040000
z_0243_693.803089.png,#1b4f72,1899,2.206999,0.088280,0.040000
z_0243_693.803089.png,#2e4053,213,0.247546,0.009902,0.040000
z_0243_693.803089.png,#2ecc71,117,0.135976,0.005439,0.040000
z_0243_693.803089.png,#3b3b98,4237,4.924199,0.196968,0.040000
z_0243_693.803089.png,#45b39d,1906,2.215134,0.088605,0.040000
z_0243_693.803089.png,#48c9b0,1248,1.450413,0.058017,0.040000
z_0243_693.803089.png,#4a235a,277,0.321927,0.012877,0.040000
z_0243_693.803089.png,#52be80,1339,1.556173,0.062247,0.040000
z_0243_693.803089.png,#5499c7,406,0.471849,0.018874,0.040000
z_0243_693.803089.png,#82e0aa,1288,1.496901,0.059876,0.040000
z_0243_693.803089.png,#85c1e9,279,0.324251,0.012970,0.040000
z_0243_693.803089.png,#922b21,198,0.230114,0.009205,0.040000
z_0243_693.803089.png,#9a7d0a,1231,1.430656,0.057226,0.040000
z_0243_693.803089.png,#a2d9ce,19,0.022082,0.000883,0.040000
z_0243_693.803089.png,#a3e4d7,128,0.148760,0.005950,0.040000
z_0243_693.803089.png,#a9cce3,1671,1.942020,0.077681,0.040000
z_0243_693.803089.png,#af601a,490,0.569473,0.022779,0.040000
z_0243_693.803089.png,#af7ac5,2263,2.630036,0.105201,0.040000
z_0243_693.803089.png,#b9770e,230,0.267304,0.010692,0.040000
z_0243_693.803089.png,#bb8fce,1,0.001162,0.000046,0.040000
z_0243_693.803089.png,#cb4335,49,0.056947,0.002278,0.040000
z_0243_693.803089.png,#d2b4de,677,0.786803,0.031472,0.040000
z_0243_693.803089.png,#d35400,143,0.166193,0.006648,0.040000
z_0243_693.803089.png,#e74c3c,499,0.579933,0.023197,0.040000
z_0243_693.803089.png,#edbb99,418,0.485795,0.019432,0.040000
z_0243_693.803089.png,#f1948a,857,0.995997,0.039840,0.040000
z_0243_693.803089.png,#f58231,275,0.319602,0.012784,0.040000
z_0243_693.803089.png,#f7dc6f,8,0.009298,0.000372,0.040000
z_0244_694.814672.png,#0e6251,1443,1.677040,0.067082,0.040000
z_0244_694.814672.png,#117a65,1082,1.257490,0.050300,0.040000
z_0244_694.814672.png,#145a32,1170,1.359762,0.054390,0.040000
z_0244_694.814672.png,#196f3d,1219,1.416710,0.056668,0.040000
z_0244_694.814672.png,#1b4f72,1957,2.274406,0.090976,0.040000
z_0244_694.814672.png,#2e4053,187,0.217330,0.008693,0.040000
z_0244_694.814672.png,#2ecc71,127,0.147598,0.005904,0.040000
z_0244_694.814672.png,#3b3b98,4104,4.769628,0.190785,0.040000
z_0244_694.814672.png,#45b39d,1769,2.055914,0.082237,0.040000
z_0244_694.814672.png,#48c9b0,1124,1.306302,0.052252,0.040000
z_0244_694.814672.png,#4a235a,464,0.539256,0.021570,0.040000
z_0244_694.814672.png,#52be80,1183,1.374871,0.054995,0.040000
z_0244_694.814672.png,#5499c7,415,0.482309,0.019292,0.040000
z_0244_694.814672.png,#82e0aa,1346,1.564308,0.062572,0.040000
z_0244_694.814672.png,#85c1e9,335,0.389334,0.015573,0.040000
z_0244_694.814672.png,#922b21,201,0.233600,0.009344,0.040000
z_0244_694.814672.png,#9a7d0a,1332,1.548037,0.061921,0.040000
z_0244_694.814672.png,#a2d9ce,14,0.016271,0.000651,0.040000
z_0244_694.814672.png,#a3e4d7,137,0.159220,0.006369,0.040000
z_0244_694.814672.png,#a9cce3,2189,2.544034,0.101761,0.040000
z_0244_694.814672.png,#af601a,490,0.569473,0.022779,0.040000
z_0244_694.814672.png,#af7ac5,2193,2.548683,0.101947,0.040000
z_0244_694.814672.png,#b9770e,239,0.277763,0.011111,0.040000
z_0244_694.814672.png,#cb4335,14,0.016271,0.000651,0.040000
z_0244_694.814672.png,#d2b4de,748,0.869318,0.034773,0.040000
z_0244_694.814672.png,#d35400,66,0.076705,0.003068,0.040000
z_0244_694.814672.png,#e74c3c,404,0.469525,0.018781,0.040000
z_0244_694.814672.png,#edbb99,423,0.491606,0.019664,0.040000
z_0244_694.814672.png,#f1948a,1027,1.193569,0.047743,0.040000
z_0244_694.814672.png,#f58231,287,0.333549,0.013342,0.040000
z_0245_695.826255.png,#0e6251,1670,1.940857,0.077634,0.040000
z_0245_695.826255.png,#117a65,1082,1.257490,0.050300,0.040000
z_0245_695.826255.png,#145a32,1270,1.475981,0.059039,0.040000
z_0245_695.826255.png,#196f3d,1316,1.529442,0.061178,0.040000
z_0245_695.826255.png,#1b4f72,1909,2.218621,0.088745,0.040000
z_0245_695.826255.png,#2e4053,170,0.197572,0.007903,0.040000
z_0245_695.826255.png,#2ecc71,125,0.145274,0.005811,0.040000
z_0245_695.826255.png,#3b3b98,4022,4.674329,0.186973,0.040000
z_0245_695.826255.png,#45b39d,1599,1.858342,0.074334,0.040000
z_0245_695.826255.png,#48c9b0,1016,1.180785,0.047231,0.040000
z_0245_695.826255.png,#4a235a,750,0.871643,0.034866,0.040000
z_0245_695.826255.png,#52be80,1025,1.191245,0.047650,0.040000
z_0245_695.826255.png,#5499c7,424,0.492769,0.019711,0.040000
z_0245_695.826255.png,#82e0aa,1354,1.573605,0.062944,0.040000
z_0245_695.826255.png,#85c1e9,369,0.428848,0.017154,0.040000
z_0245_695.826255.png,#922b21,201,0.233600,0.009344,0.040000
z_0245_695.826255.png,#9a7d0a,1346,1.564308,0.062572,0.040000
z_0245_695.826255.png,#a2d9ce,17,0.019757,0.000790,0.040000
z_0245_695.826255.png,#a3e4d7,173,0.201059,0.008042,0.040000
z_0245_695.826255.png,#a9cce3,2739,3.183239,0.127330,0.040000
z_0245_695.826255.png,#af601a,484,0.562500,0.022500,0.040000
z_0245_695.826255.png,#af7ac5,2210,2.568440,0.102738,0.040000
z_0245_695.826255.png,#b9770e,230,0.267304,0.010692,0.040000
z_0245_695.826255.png,#d2b4de,740,0.860021,0.034401,0.040000
z_0245_695.826255.png,#d35400,59,0.068569,0.002743,0.040000
z_0245_695.826255.png,#e74c3c,355,0.412577,0.016503,0.040000
z_0245_695.826255.png,#edbb99,402,0.467200,0.018688,0.040000
z_0245_695.826255.png,#f1948a,1213,1.409737,0.056389,0.040000
z_0245_695.826255.png,#f58231,300,0.348657,0.013946,0.040000
z_0246_696.837838.png,#0e6251,1909,2.218621,0.088745,0.040000
z_0246_696.837838.png,#117a65,1049,1.219137,0.048765,0.040000
z_0246_696.837838.png,#145a32,1118,1.299329,0.051973,0.040000
z_0246_696.837838.png,#196f3d,1468,1.706095,0.068244,0.040000
z_0246_696.837838.png,#1b4f72,1970,2.289514,0.091581,0.040000
z_0246_696.837838.png,#2e4053,166,0.192924,0.007717,0.040000
z_0246_696.837838.png,#2ecc71,125,0.145274,0.005811,0.040000
z_0246_696.837838.png,#3b3b98,3777,4.389592,0.175584,0.040000
z_0246_696.837838.png,#45b39d,1402,1.629390,0.065176,0.040000
z_0246_696.837838.png,#48c9b0,1022,1.187758,0.047510,0.040000
z_0246_696.837838.png,#4a235a,1019,1.184272,0.047371,0.040000
z_0246_696.837838.png,#52be80,853,0.991348,0.039654,0.040000
z_0246_696.837838.png,#5499c7,423,0.491606,0.019664,0.040000
z_0246_696.837838.png,#82e0aa,1348,1.566632,0.062665,0.040000
z_0246_696.837838.png,#85c1e9,465,0.540418,0.021617,0.040000
z_0246_696.837838.png,#922b21,193,0.224303,0.008972,0.040000
z_0246_696.837838.png,#9a7d0a,1376,1.599174,0.063967,0.040000
z_0246_696.837838.png,#a2d9ce,18,0.020919,0.000837,0.040000
z_0246_696.837838.png,#a3e4d7,205,0.238249,0.009530,0.040000
z_0246_696.837838.png,#a9cce3,3164,3.677169,0.147087,0.040000
z_0246_696.837838.png,#af601a,458,0.532283,0.021291,0.040000
z_0246_696.837838.png,#af7ac5,2288,2.659091,0.106364,0.040000
z_0246_696.837838.png,#b9770e,213,0.247546,0.009902,0.040000
z_0246_696.837838.png,#d2b4de,754,0.876291,0.035052,0.040000
z_0246_696.837838.png,#d35400,52,0.060434,0.002417,0.040000
z_0246_696.837838.png,#e74c3c,328,0.381198,0.015248,0.040000
z_0246_696.837838.png,#edbb99,318,0.369576,0.014783,0.040000
z_0246_696.837838.png,#f1948a,1326,1.541064,0.061643,0.040000
z_0246_696.837838.png,#f58231,298,0.346333,0.013853,0.040000
z_0246_696.837838.png,#f7dc6f,26,0.030217,0.001209,0.040000
z_0247_697.849421.png,#0e6251,2271,2.639334,0.105573,0.040000
z_0247_697.849421.png,#117a65,933,1.084323,0.043373,0.040000
z_0247_697.849421.png,#145a32,1366,1.587552,0.063502,0.040000
z_0247_697.849421.png,#196f3d,1558,1.810692,0.072428,0.040000
z_0247_697.849421.png,#1b4f72,1897,2.204675,0.088187,0.040000
z_0247_697.849421.png,#2e4053,175,0.203383,0.008135,0.040000
z_0247_697.849421.png,#2ecc71,129,0.149923,0.005997,0.040000
z_0247_697.849421.png,#3b3b98,3466,4.028151,0.161126,0.040000
z_0247_697.849421.png,#45b39d,1275,1.481792,0.059272,0.040000
z_0247_697.849421.png,#48c9b0,1124,1.306302,0.052252,0.040000
z_0247_697.849421.png,#4a235a,1270,1.475981,0.059039,0.040000
z_0247_697.849421.png,#52be80,465,0.540418,0.021617,0.040000
z_0247_697.849421.png,#5499c7,392,0.455579,0.018223,0.040000
z_0247_697.849421.png,#82e0aa,1378,1.601498,0.064060,0.040000
z_0247_697.849421.png,#85c1e9,536,0.622934,0.024917,0.040000
z_0247_697.849421.png,#922b21,178,0.206870,0.008275,0.040000
z_0247_697.849421.png,#9a7d0a,1329,1.544551,0.061782,0.040000
z_0247_697.849421.png,#a2d9ce,14,0.016271,0.000651,0.040000
z_0247_697.849421.png,#a3e4d7,256,0.297521,0.011901,0.040000
z_0247_697.849421.png,#a9cce3,3587,4.168776,0.166751,0.040000
z_0247_697.849421.png,#af601a,407,0.473011,0.018920,0.040000
z_0247_697.849421.png,#af7ac5,2348,2.728822,0.109153,0.040000
z_0247_697.849421.png,#b9770e,199,0.231276,0.009251,0.040000
z_0247_697.849421.png,#d2b4de,786,0.913481,0.036539,0.040000
z_0247_697.849421.png,#d35400,53,0.061596,0.002464,0.040000
z_0247_697.849421.png,#e74c3c,267,0.310305,0.012412,0.040000
z_0247_697.849421.png,#edbb99,240,0.278926,0.011157,0.040000
z_0247_697.849421.png,#f1948a,1571,1.825801,0.073032,0.040000
z_0247_697.849421.png,#f58231,294,0.341684,0.013667,0.040000
z_0247_697.849421.png,#f7dc6f,43,0.049974,0.001999,0.040000
z_0248_698.861004.png,#0e6251,2563,2.978693,0.119148,0.040000
z_0248_698.861004.png,#117a65,859,0.998321,0.039933,0.040000
z_0248_698.861004.png,#145a32,1396,1.622417,0.064897,0.040000
z_0248_698.861004.png,#196f3d,1690,1.964101,0.078564,0.040000
z_0248_698.861004.png,#1b4f72,1921,2.232567,0.089303,0.040000
z_0248_698.861004.png,#2e4053,179,0.208032,0.008321,0.040000
z_0248_698.861004.png,#2ecc71,138,0.160382,0.006415,0.040000
z_0248_698.861004.png,#3b3b98,3168,3.681818,0.147273,0.040000
z_0248_698.861004.png,#45b39d,1146,1.331870,0.053275,0.040000
z_0248_698.861004.png,#48c9b0,1224,1.422521,0.056901,0.040000
z_0248_698.861004.png,#4a235a,1357,1.577092,0.063084,0.040000
z_0248_698.861004.png,#52be80,400,0.464876,0.018595,0.040000
z_0248_698.861004.png,#5499c7,382,0.443957,0.017758,0.040000
z_0248_698.861004.png,#82e0aa,1405,1.632877,0.065315,0.040000
z_0248_698.861004.png,#85c1e9,641,0.744964,0.029799,0.040000
z_0248_698.861004.png,#922b21,177,0.205708,0.008228,0.040000
z_0248_698.861004.png,#9a7d0a,1306,1.517820,0.060713,0.040000
z_0248_698.861004.png,#a2d9ce,11,0.012784,0.000511,0.040000
z_0248_698.861004.png,#a3e4d7,355,0.412577,0.016503,0.040000
z_0248_698.861004.png,#a9cce3,3846,4.469783,0.178791,0.040000
z_0248_698.861004.png,#af601a,344,0.399793,0.015992,0.040000
z_0248_698.861004.png,#af7ac5,2296,2.668388,0.106736,0.040000
z_0248_698.861004.png,#b9770e,176,0.204545,0.008182,0.040000
z_0248_698.861004.png,#bb8fce,1,0.001162,0.000046,0.040000
z_0248_698.861004.png,#d2b4de,776,0.901860,0.036074,0.040000
z_0248_698.861004.png,#d35400,45,0.052299,0.002092,0.040000
z_0248_698.861004.png,#e74c3c,235,0.273115,0.010925,0.040000
z_0248_698.861004.png,#edbb99,208,0.241736,0.009669,0.040000
z_0248_698.861004.png,#f1948a,1798,2.089618,0.083585,0.040000
z_0248_698.861004.png,#f58231,286,0.332386,0.013295,0.040000
z_0248_698.861004.png,#f7dc6f,46,0.053461,0.002138,0.040000
z_0249_699.872587.png,#0e6251,2866,3.330837,0.133233,0.040000
z_0249_699.872587.png,#117a65,936,1.087810,0.043512,0.040000
z_0249_699.872587.png,#145a32,1813,2.107051,0.084282,0.040000
z_0249_699.872587.png,#196f3d,1747,2.030346,0.081214,0.040000
z_0249_699.872587.png,#1b4f72,1879,2.183755,0.087350,0.040000
z_0249_699.872587.png,#2e4053,166,0.192924,0.007717,0.040000
z_0249_699.872587.png,#2ecc71,142,0.165031,0.006601,0.040000
z_0249_699.872587.png,#3b3b98,2973,3.455191,0.138208,0.040000
z_0249_699.872587.png,#45b39d,1181,1.372546,0.054902,0.040000
z_0249_699.872587.png,#48c9b0,1261,1.465522,0.058621,0.040000
z_0249_699.872587.png,#4a235a,1471,1.709582,0.068383,0.040000
z_0249_699.872587.png,#52be80,414,0.481147,0.019246,0.040000
z_0249_699.872587.png,#5499c7,384,0.446281,0.017851,0.040000
z_0249_699.872587.png,#82e0aa,1375,1.598011,0.063920,0.040000
z_0249_699.872587.png,#85c1e9,804,0.934401,0.037376,0.040000
z_0249_699.872587.png,#922b21,161,0.187113,0.007485,0.040000
z_0249_699.872587.png,#9a7d0a,1272,1.478306,0.059132,0.040000
z_0249_699.872587.png,#a2d9ce,15,0.017433,0.000697,0.040000
z_0249_699.872587.png,#a3e4d7,437,0.507877,0.020315,0.040000
z_0249_699.872587.png,#a9cce3,4158,4.832386,0.193295,0.040000
z_0249_699.872587.png,#af601a,95,0.110408,0.004416,0.040000
z_0249_699.872587.png,#af7ac5,2251,2.616090,0.104644,0.040000
z_0249_699.872587.png,#b9770e,168,0.195248,0.007810,0.040000
z_0249_699.872587.png,#bb8fce,2,0.002324,0.000093,0.040000
z_0249_699.872587.png,#d2b4de,784,0.911157,0.036446,0.040000
z_0249_699.872587.png,#d35400,45,0.052299,0.002092,0.040000
z_0249_699.872587.png,#e74c3c,247,0.287061,0.011482,0.040000
z_0249_699.872587.png,#edbb99,176,0.204545,0.008182,0.040000
z_0249_699.872587.png,#f1948a,1993,2.316245,0.092650,0.040000
z_0249_699.872587.png,#f58231,295,0.342846,0.013714,0.040000
z_0249_699.872587.png,#f7dc6f,57,0.066245,0.002650,0.040000
z_0250_700.884170.png,#0e6251,3240,3.765496,0.150620,0.040000
z_0250_700.884170.png,#117a65,995,1.156379,0.046255,0.040000
z_0250_700.884170.png,#145a32,2172,2.524277,0.100971,0.040000
z_0250_700.884170.png,#196f3d,73,0.084840,0.003394,0.040000
z_0250_700.884170.png,#1b4f72,1898,2.205837,0.088233,0.040000
z_0250_700.884170.png,#2e4053,151,0.175491,0.007020,0.040000
z_0250_700.884170.png,#2ecc71,165,0.191761,0.007670,0.040000
z_0250_700.884170.png,#3b3b98,2710,3.149535,0.125981,0.040000
z_0250_700.884170.png,#45b39d,1122,1.303977,0.052159,0.040000
z_0250_700.884170.png,#48c9b0,1332,1.548037,0.061921,0.040000
z_0250_700.884170.png,#4a235a,1553,1.804881,0.072195,0.040000
z_0250_700.884170.png,#52be80,399,0.463714,0.018549,0.040000
z_0250_700.884170.png,#5499c7,376,0.436983,0.017479,0.040000
z_0250_700.884170.png,#82e0aa,1392,1.617769,0.064711,0.040000
z_0250_700.884170.png,#85c1e9,872,1.013430,0.040537,0.040000
z_0250_700.884170.png,#922b21,130,0.151085,0.006043,0.040000
z_0250_700.884170.png,#9a7d0a,1286,1.494576,0.059783,0.040000
z_0250_700.884170.png,#a2d9ce,9,0.010460,0.000418,0.040000
z_0250_700.884170.png,#a3e4d7,538,0.625258,0.025010,0.040000
z_0250_700.884170.png,#a9cce3,4432,5.150826,0.206033,0.040000
z_0250_700.884170.png,#af7ac5,2310,2.684659,0.107386,0.040000
z_0250_700.884170.png,#b9770e,148,0.172004,0.006880,0.040000
z_0250_700.884170.png,#bb8fce,1,0.001162,0.000046,0.040000
z_0250_700.884170.png,#d2b4de,813,0.944861,0.037794,0.040000
z_0250_700.884170.png,#d35400,29,0.033704,0.001348,0.040000
z_0250_700.884170.png,#e74c3c,269,0.312629,0.012505,0.040000
z_0250_700.884170.png,#edbb99,150,0.174329,0.006973,0.040000
z_0250_700.884170.png,#f1948a,2297,2.669551,0.106782,0.040000
z_0250_700.884170.png,#f58231,290,0.337035,0.013481,0.040000
z_0250_700.884170.png,#f7dc6f,71,0.082515,0.003301,0.040000
z_0251_701.895753.png,#0e6251,3319,3.857309,0.154292,0.040000
z_0251_701.895753.png,#117a65,1055,1.226111,0.049044,0.040000
z_0251_701.895753.png,#145a32,2300,2.673037,0.106921,0.040000
z_0251_701.895753.png,#196f3d,93,0.108084,0.004323,0.040000
z_0251_701.895753.png,#1b4f72,1869,2.172133,0.086885,0.040000
z_0251_701.895753.png,#2e4053,139,0.161544,0.006462,0.040000
z_0251_701.895753.png,#2ecc71,183,0.212681,0.008507,0.040000
z_0251_701.895753.png,#3b3b98,2364,2.747417,0.109897,0.040000
z_0251_701.895753.png,#45b39d,1148,1.334194,0.053368,0.040000
z_0251_701.895753.png,#48c9b0,1359,1.579416,0.063177,0.040000
z_0251_701.895753.png,#4a235a,1606,1.866477,0.074659,0.040000
z_0251_701.895753.png,#52be80,364,0.423037,0.016921,0.040000
z_0251_701.895753.png,#5499c7,369,0.428848,0.017154,0.040000
z_0251_701.895753.png,#82e0aa,1374,1.596849,0.063874,0.040000
z_0251_701.895753.png,#85c1e9,908,1.055269,0.042211,0.040000
z_0251_701.895753.png,#922b21,115,0.133652,0.005346,0.040000
z_0251_701.895753.png,#9a7d0a,1330,1.545713,0.061829,0.040000
z_0251_701.895753.png,#a2d9ce,8,0.009298,0.000372,0.040000
z_0251_701.895753.png,#a3e4d7,616,0.715909,0.028636,0.040000
z_0251_701.895753.png,#a9cce3,4815,5.595945,0.223838,0.040000
z_0251_701.895753.png,#af7ac5,2235,2.597495,0.103900,0.040000
z_0251_701.895753.png,#b9770e,135,0.156896,0.006276,0.040000
z_0251_701.895753.png,#bb8fce,2,0.002324,0.000093,0.040000
z_0251_701.895753.png,#d2b4de,802,0.932076,0.037283,0.040000
z_0251_701.895753.png,#d35400,31,0.036028,0.001441,0.040000
z_0251_701.895753.png,#e74c3c,298,0.346333,0.013853,0.040000
z_0251_701.895753.png,#edbb99,82,0.095300,0.003812,0.040000
z_0251_701.895753.png,#f1948a,2361,2.743931,0.109757,0.040000
z_0251_701.895753.png,#f58231,291,0.338197,0.013528,0.040000
z_0251_701.895753.png,#f7dc6f,56,0.065083,0.002603,0.040000
z_0252_702.907336.png,#0e6251,3458,4.018853,0.160754,0.040000
z_0252_702.907336.png,#117a65,1034,1.201705,0.048068,0.040000
z_0252_702.907336.png,#145a32,2393,2.781121,0.111245,0.040000
z_0252_702.907336.png,#196f3d,106,0.123192,0.004928,0.040000
z_0252_702.907336.png,#1b4f72,1837,2.134943,0.085398,0.040000
z_0252_702.907336.png,#2e4053,147,0.170842,0.006834,0.040000
z_0252_702.907336.png,#2ecc71,179,0.208032,0.008321,0.040000
z_0252_702.907336.png,#3b3b98,1912,2.222107,0.088884,0.040000
z_0252_702.907336.png,#45b39d,1166,1.355114,0.054205,0.040000
z_0252_702.907336.png,#48c9b0,1380,1.603822,0.064153,0.040000
z_0252_702.907336.png,#4a235a,1619,1.881586,0.075263,0.040000
z_0252_702.907336.png,#52be80,372,0.432335,0.017293,0.040000
z_0252_702.907336.png,#5499c7,379,0.440470,0.017619,0.040000
z_0252_702.907336.png,#82e0aa,1439,1.672392,0.066896,0.040000
z_0252_702.907336.png,#85c1e9,846,0.983213,0.039329,0.040000
z_0252_702.907336.png,#922b21,105,0.122030,0.004881,0.040000
z_0252_702.907336.png,#9a7d0a,1357,1.577092,0.063084,0.040000
z_0252_702.907336.png,#a2d9ce,6,0.006973,0.000279,0.040000
z_0252_702.907336.png,#a3e4d7,658,0.764721,0.030589,0.040000
z_0252_702.907336.png,#a9cce3,5239,6.088714,0.243549,0.040000
z_0252_702.907336.png,#af7ac5,1922,2.233729,0.089349,0.040000
z_0252_702.907336.png,#b9770e,137,0.159220,0.006369,0.040000
z_0252_702.907336.png,#bb8fce,2,0.002324,0.000093,0.040000
z_0252_702.907336.png,#d2b4de,787,0.914644,0.036586,0.040000
z_0252_702.907336.png,#d35400,23,0.026730,0.001069,0.040000
z_0252_702.907336.png,#e74c3c,304,0.353306,0.014132,0.040000
z_0252_702.907336.png,#edbb99,82,0.095300,0.003812,0.040000
z_0252_702.907336.png,#f1948a,2400,2.789256,0.111570,0.040000
z_0252_702.907336.png,#f58231,294,0.341684,0.013667,0.040000
z_0252_702.907336.png,#f7dc6f,57,0.066245,0.002650,0.040000
z_0253_703.918919.png,#0e6251,3525,4.096720,0.163869,0.040000
z_0253_703.918919.png,#117a65,1070,1.243543,0.049742,0.040000
z_0253_703.918919.png,#145a32,2304,2.677686,0.107107,0.040000
z_0253_703.918919.png,#196f3d,120,0.139463,0.005579,0.040000
z_0253_703.918919.png,#1b4f72,1769,2.055914,0.082237,0.040000
z_0253_703.918919.png,#2e4053,154,0.178977,0.007159,0.040000
z_0253_703.918919.png,#2ecc71,189,0.219654,0.008786,0.040000
z_0253_703.918919.png,#3b3b98,1562,1.815341,0.072614,0.040000
z_0253_703.918919.png,#45b39d,1162,1.350465,0.054019,0.040000
z_0253_703.918919.png,#48c9b0,1450,1.685176,0.067407,0.040000
z_0253_703.918919.png,#4a235a,1571,1.825801,0.073032,0.040000
z_0253_703.918919.png,#52be80,423,0.491606,0.019664,0.040000
z_0253_703.918919.png,#5499c7,391,0.454416,0.018177,0.040000
z_0253_703.918919.png,#82e0aa,1435,1.667743,0.066710,0.040000
z_0253_703.918919.png,#85c1e9,771,0.896049,0.035842,0.040000
z_0253_703.918919.png,#922b21,84,0.097624,0.003905,0.040000
z_0253_703.918919.png,#9a7d0a,1436,1.668905,0.066756,0.040000
z_0253_703.918919.png,#a2d9ce,8,0.009298,0.000372,0.040000
z_0253_703.918919.png,#a3e4d7,683,0.793776,0.031751,0.040000
z_0253_703.918919.png,#a9cce3,5658,6.575671,0.263027,0.040000
z_0253_703.918919.png,#af7ac5,1542,1.792097,0.071684,0.040000
z_0253_703.918919.png,#b9770e,127,0.147598,0.005904,0.040000
z_0253_703.918919.png,#bb8fce,2,0.002324,0.000093,0.040000
z_0253_703.918919.png,#d2b4de,788,0.915806,0.036632,0.040000
z_0253_703.918919.png,#d35400,23,0.026730,0.001069,0.040000
z_0253_703.918919.png,#e74c3c,252,0.292872,0.011715,0.040000
z_0253_703.918919.png,#edbb99,126,0.146436,0.005857,0.040000
z_0253_703.918919.png,#f1948a,2395,2.783445,0.111338,0.040000
z_0253_703.918919.png,#f58231,305,0.354468,0.014179,0.040000
z_0253_703.918919.png,#f7dc6f,86,0.099948,0.003998,0.040000
z_0254_704.930502.png,#0e6251,3580,4.160640,0.166426,0.040000
z_0254_704.930502.png,#117a65,1119,1.300491,0.052020,0.040000
z_0254_704.930502.png,#145a32,2511,2.918259,0.116730,0.040000
z_0254_704.930502.png,#196f3d,170,0.197572,0.007903,0.040000
z_0254_704.930502.png,#1b4f72,1601,1.860666,0.074427,0.040000
z_0254_704.930502.png,#2e4053,174,0.202221,0.008089,0.040000
z_0254_704.930502.png,#2ecc71,220,0.255682,0.010227,0.040000
z_0254_704.930502.png,#3b3b98,697,0.810046,0.032402,0.040000
z_0254_704.930502.png,#45b39d,994,1.155217,0.046209,0.040000
z_0254_704.930502.png,#48c9b0,2718,3.158833,0.126353,0.040000
z_0254_704.930502.png,#4a235a,1384,1.608471,0.064339,0.040000
z_0254_704.930502.png,#52be80,684,0.794938,0.031798,0.040000
z_0254_704.930502.png,#5499c7,434,0.504390,0.020176,0.040000
z_0254_704.930502.png,#82e0aa,1418,1.647986,0.065919,0.040000
z_0254_704.930502.png,#85c1e9,622,0.722882,0.028915,0.040000
z_0254_704.930502.png,#922b21,62,0.072056,0.002882,0.040000
z_0254_704.930502.png,#9a7d0a,1474,1.713068,0.068523,0.040000
z_0254_704.930502.png,#a2d9ce,36,0.041839,0.001674,0.040000
z_0254_704.930502.png,#a3e4d7,676,0.785640,0.031426,0.040000
z_0254_704.930502.png,#a9cce3,6245,7.257877,0.290315,0.040000
z_0254_704.930502.png,#af7ac5,1082,1.257490,0.050300,0.040000
z_0254_704.930502.png,#b9770e,110,0.127841,0.005114,0.040000
z_0254_704.930502.png,#d2b4de,796,0.925103,0.037004,0.040000
z_0254_704.930502.png,#d35400,28,0.032541,0.001302,0.040000
z_0254_704.930502.png,#e74c3c,166,0.192924,0.007717,0.040000
z_0254_704.930502.png,#edbb99,264,0.306818,0.012273,0.040000
z_0254_704.930502.png,#f1948a,2522,2.931043,0.117242,0.040000
z_0254_704.930502.png,#f58231,330,0.383523,0.015341,0.040000
z_0254_704.930502.png,#f7dc6f,83,0.096462,0.003858,0.040000
z_0255_705.942085.png,#0e6251,3569,4.147856,0.165914,0.040000
z_0255_705.942085.png,#117a65,1132,1.315599,0.052624,0.040000
z_0255_705.942085.png,#145a32,2564,2.979855,0.119194,0.040000
z_0255_705.942085.png,#196f3d,169,0.196410,0.007856,0.040000
z_0255_705.942085.png,#1b4f72,1633,1.897856,0.075914,0.040000
z_0255_705.942085.png,#2e4053,174,0.202221,0.008089,0.040000
z_0255_705.942085.png,#2ecc71,220,0.255682,0.010227,0.040000
z_0255_705.942085.png,#3b3b98,706,0.820506,0.032820,0.040000
z_0255_705.942085.png,#45b39d,1012,1.176136,0.047045,0.040000
z_0255_705.942085.png,#48c9b0,2739,3.183239,0.127330,0.040000
z_0255_705.942085.png,#4a235a,1405,1.632877,0.065315,0.040000
z_0255_705.942085.png,#52be80,701,0.814695,0.032588,0.040000
z_0255_705.942085.png,#5499c7,432,0.502066,0.020083,0.040000
z_0255_705.942085.png,#82e0aa,1419,1.649148,0.065966,0.040000
z_0255_705.942085.png,#85c1e9,638,0.741477,0.029659,0.040000
z_0255_705.942085.png,#922b21,67,0.077867,0.003115,0.040000
z_0255_705.942085.png,#9a7d0a,1509,1.753745,0.070150,0.040000
z_0255_705.942085.png,#a2d9ce,14,0.016271,0.000651,0.040000
z_0255_705.942085.png,#a3e4d7,678,0.787965,0.031519,0.040000
z_0255_705.942085.png,#a9cce3,6309,7.332257,0.293290,0.040000
z_0255_705.942085.png,#af7ac5,1075,1.249354,0.049974,0.040000
z_0255_705.942085.png,#b9770e,113,0.131327,0.005253,0.040000
z_0255_705.942085.png,#d2b4de,810,0.941374,0.037655,0.040000
z_0255_705.942085.png,#d35400,27,0.031379,0.001255,0.040000
z_0255_705.942085.png,#e74c3c,169,0.196410,0.007856,0.040000
z_0255_705.942085.png,#edbb99,271,0.314954,0.012598,0.040000
z_0255_705.942085.png,#f1948a,2522,2.931043,0.117242,0.040000
z_0255_705.942085.png,#f58231,327,0.380036,0.015201,0.040000
z_0255_705.942085.png,#f7dc6f,87,0.101111,0.004044,0.040000
z_0256_706.953668.png,#0e6251,3858,4.483729,0.179349,0.040000
z_0256_706.953668.png,#117a65,1100,1.278409,0.051136,0.040000
z_0256_706.953668.png,#145a32,2238,2.600981,0.104039,0.040000
z_0256_706.953668.png,#196f3d,195,0.226627,0.009065,0.040000
z_0256_706.953668.png,#1b4f72,1512,1.757231,0.070289,0.040000
z_0256_706.953668.png,#2e4053,243,0.282412,0.011296,0.040000
z_0256_706.953668.png,#2ecc71,220,0.255682,0.010227,0.040000
z_0256_706.953668.png,#3b3b98,534,0.620610,0.024824,0.040000
z_0256_706.953668.png,#45b39d,909,1.056431,0.042257,0.040000
z_0256_706.953668.png,#48c9b0,2498,2.903151,0.116126,0.040000
z_0256_706.953668.png,#4a235a,1060,1.231921,0.049277,0.040000
z_0256_706.953668.png,#52be80,440,0.511364,0.020455,0.040000
z_0256_706.953668.png,#5499c7,398,0.462552,0.018502,0.040000
z_0256_706.953668.png,#82e0aa,1400,1.627066,0.065083,0.040000
z_0256_706.953668.png,#85c1e9,577,0.670584,0.026823,0.040000
z_0256_706.953668.png,#922b21,63,0.073218,0.002929,0.040000
z_0256_706.953668.png,#9a7d0a,1514,1.759556,0.070382,0.040000
z_0256_706.953668.png,#a2d9ce,4,0.004649,0.000186,0.040000
z_0256_706.953668.png,#a3e4d7,577,0.670584,0.026823,0.040000
z_0256_706.953668.png,#a9cce3,6493,7.546100,0.301844,0.040000
z_0256_706.953668.png,#af7ac5,890,1.034349,0.041374,0.040000
z_0256_706.953668.png,#b9770e,91,0.105759,0.004230,0.040000
z_0256_706.953668.png,#d2b4de,814,0.946023,0.037841,0.040000
z_0256_706.953668.png,#d35400,32,0.037190,0.001488,0.040000
z_0256_706.953668.png,#e74c3c,139,0.161544,0.006462,0.040000
z_0256_706.953668.png,#edbb99,367,0.426524,0.017061,0.040000
z_0256_706.953668.png,#f1948a,2635,3.062371,0.122495,0.040000
z_0256_706.953668.png,#f58231,326,0.378874,0.015155,0.040000
z_0256_706.953668.png,#f7dc6f,103,0.119706,0.004788,0.040000
z_0257_707.965251.png,#0e6251,4175,4.852144,0.194086,0.040000
z_0257_707.965251.png,#117a65,1095,1.272598,0.050904,0.040000
z_0257_707.965251.png,#145a32,2023,2.351111,0.094044,0.040000
z_0257_707.965251.png,#196f3d,173,0.201059,0.008042,0.040000
z_0257_707.965251.png,#1b4f72,1403,1.630553,0.065222,0.040000
z_0257_707.965251.png,#2e4053,309,0.359117,0.014365,0.040000
z_0257_707.965251.png,#2ecc71,237,0.275439,0.011018,0.040000
z_0257_707.965251.png,#3b3b98,328,0.381198,0.015248,0.040000
z_0257_707.965251.png,#45b39d,802,0.932076,0.037283,0.040000
z_0257_707.965251.png,#48c9b0,2440,2.835744,0.113430,0.040000
z_0257_707.965251.png,#4a235a,895,1.040160,0.041606,0.040000
z_0257_707.965251.png,#52be80,430,0.499742,0.019990,0.040000
z_0257_707.965251.png,#5499c7,375,0.435821,0.017433,0.040000
z_0257_707.965251.png,#82e0aa,1314,1.527118,0.061085,0.040000
z_0257_707.965251.png,#85c1e9,525,0.610150,0.024406,0.040000
z_0257_707.965251.png,#922b21,75,0.087164,0.003487,0.040000
z_0257_707.965251.png,#9a7d0a,1493,1.735150,0.069406,0.040000
z_0257_707.965251.png,#a2d9ce,17,0.019757,0.000790,0.040000
z_0257_707.965251.png,#a3e4d7,557,0.647340,0.025894,0.040000
z_0257_707.965251.png,#a9cce3,6584,7.651860,0.306074,0.040000
z_0257_707.965251.png,#af7ac5,857,0.995997,0.039840,0.040000
z_0257_707.965251.png,#b9770e,93,0.108084,0.004323,0.040000
z_0257_707.965251.png,#d2b4de,790,0.918130,0.036725,0.040000
z_0257_707.965251.png,#d35400,38,0.044163,0.001767,0.040000
z_0257_707.965251.png,#e74c3c,210,0.244060,0.009762,0.040000
z_0257_707.965251.png,#edbb99,386,0.448605,0.017944,0.040000
z_0257_707.965251.png,#f1948a,2615,3.039127,0.121565,0.040000
z_0257_707.965251.png,#f58231,311,0.361441,0.014458,0.040000
z_0257_707.965251.png,#f7dc6f,73,0.084840,0.003394,0.040000
z_0258_708.976834.png,#0e6251,4332,5.034607,0.201384,0.040000
z_0258_708.976834.png,#117a65,1075,1.249354,0.049974,0.040000
z_0258_708.976834.png,#145a32,1789,2.079158,0.083166,0.040000
z_0258_708.976834.png,#196f3d,161,0.187113,0.007485,0.040000
z_0258_708.976834.png,#1b4f72,1258,1.462035,0.058481,0.040000
z_0258_708.976834.png,#2e4053,365,0.424199,0.016968,0.040000
z_0258_708.976834.png,#2ecc71,265,0.307980,0.012319,0.040000
z_0258_708.976834.png,#3b3b98,229,0.266142,0.010646,0.040000
z_0258_708.976834.png,#45b39d,666,0.774019,0.030961,0.040000
z_0258_708.976834.png,#48c9b0,2383,2.769499,0.110780,0.040000
z_0258_708.976834.png,#4a235a,705,0.819344,0.032774,0.040000
z_0258_708.976834.png,#52be80,402,0.467200,0.018688,0.040000
z_0258_708.976834.png,#5499c7,383,0.445119,0.017805,0.040000
z_0258_708.976834.png,#82e0aa,1165,1.353951,0.054158,0.040000
z_0258_708.976834.png,#85c1e9,407,0.473011,0.018920,0.040000
z_0258_708.976834.png,#922b21,108,0.125517,0.005021,0.040000
z_0258_708.976834.png,#9a7d0a,1561,1.814179,0.072567,0.040000
z_0258_708.976834.png,#a2d9ce,13,0.015108,0.000604,0.040000
z_0258_708.976834.png,#a3e4d7,369,0.428848,0.017154,0.040000
z_0258_708.976834.png,#a9cce3,6250,7.263688,0.290548,0.040000
z_0258_708.976834.png,#af7ac5,638,0.741477,0.029659,0.040000
z_0258_708.976834.png,#b9770e,80,0.092975,0.003719,0.040000
z_0258_708.976834.png,#d2b4de,718,0.834452,0.033378,0.040000
z_0258_708.976834.png,#e74c3c,354,0.411415,0.016457,0.040000
z_0258_708.976834.png,#edbb99,470,0.546229,0.021849,0.040000
z_0258_708.976834.png,#f1948a,2645,3.073993,0.122960,0.040000
z_0258_708.976834.png,#f58231,317,0.368414,0.014737,0.040000
z_0258_708.976834.png,#f7dc6f,42,0.048812,0.001952,0.040000
z_0259_709.988417.png,#0e6251,4478,5.204287,0.208171,0.040000
z_0259_709.988417.png,#117a65,1046,1.215651,0.048626,0.040000
z_0259_709.988417.png,#145a32,1449,1.684013,0.067361,0.040000
z_0259_709.988417.png,#196f3d,119,0.138301,0.005532,0.040000
z_0259_709.988417.png,#1b4f72,1181,1.372546,0.054902,0.040000
z_0259_709.988417.png,#2e4053,377,0.438146,0.017526,0.040000
z_0259_709.988417.png,#2ecc71,295,0.342846,0.013714,0.040000
z_0259_709.988417.png,#3b3b98,208,0.241736,0.009669,0.040000
z_0259_709.988417.png,#45b39d,623,0.724044,0.028962,0.040000
z_0259_709.988417.png,#48c9b0,2480,2.882231,0.115289,0.040000
z_0259_709.988417.png,#4a235a,552,0.641529,0.025661,0.040000
z_0259_709.988417.png,#52be80,405,0.470687,0.018827,0.040000
z_0259_709.988417.png,#5499c7,331,0.384685,0.015387,0.040000
z_0259_709.988417.png,#82e0aa,1033,1.200542,0.048022,0.040000
z_0259_709.988417.png,#85c1e9,406,0.471849,0.018874,0.040000
z_0259_709.988417.png,#922b21,158,0.183626,0.007345,0.040000
z_0259_709.988417.png,#9a7d0a,1491,1.732825,0.069313,0.040000
z_0259_709.988417.png,#a2d9ce,17,0.019757,0.000790,0.040000
z_0259_709.988417.png,#a3e4d7,253,0.294034,0.011761,0.040000
z_0259_709.988417.png,#a9cce3,5870,6.822056,0.272882,0.040000
z_0259_709.988417.png,#af7ac5,675,0.784478,0.031379,0.040000
z_0259_709.988417.png,#b9770e,72,0.083678,0.003347,0.040000
z_0259_709.988417.png,#bb8fce,4,0.004649,0.000186,0.040000
z_0259_709.988417.png,#d2b4de,655,0.761235,0.030449,0.040000
z_0259_709.988417.png,#e74c3c,460,0.534607,0.021384,0.040000
z_0259_709.988417.png,#edbb99,543,0.631069,0.025243,0.040000
z_0259_709.988417.png,#f1948a,2652,3.082128,0.123285,0.040000
z_0259_709.988417.png,#f58231,333,0.387009,0.015480,0.040000
z_0259_709.988417.png,#f7dc6f,28,0.032541,0.001302,0.040000
z_0260_711.000000.png,#0e6251,4276,4.969525,0.198781,0.040000
z_0260_711.000000.png,#117a65,1021,1.186596,0.047464,0.040000
z_0260_711.000000.png,#145a32,1312,1.524793,0.060992,0.040000
z_0260_711.000000.png,#196f3d,119,0.138301,0.005532,0.040000
z_0260_711.000000.png,#1b4f72,1073,1.247030,0.049881,0.040000
z_0260_711.000000.png,#2e4053,390,0.453254,0.018130,0.040000
z_0260_711.000000.png,#2ecc71,306,0.355630,0.014225,0.040000
z_0260_711.000000.png,#3b3b98,232,0.269628,0.010785,0.040000
z_0260_711.000000.png,#45b39d,646,0.750775,0.030031,0.040000
z_0260_711.000000.png,#48c9b0,2630,3.056560,0.122262,0.040000
z_0260_711.000000.png,#4a235a,366,0.425362,0.017014,0.040000
z_0260_711.000000.png,#52be80,404,0.469525,0.018781,0.040000
z_0260_711.000000.png,#5499c7,299,0.347495,0.013900,0.040000
z_0260_711.000000.png,#82e0aa,1028,1.194731,0.047789,0.040000
z_0260_711.000000.png,#85c1e9,441,0.512526,0.020501,0.040000
z_0260_711.000000.png,#922b21,189,0.219654,0.008786,0.040000
z_0260_711.000000.png,#9a7d0a,1441,1.674716,0.066989,0.040000
z_0260_711.000000.png,#a2d9ce,6,0.006973,0.000279,0.040000
z_0260_711.000000.png,#a3e4d7,177,0.205708,0.008228,0.040000
z_0260_711.000000.png,#a9cce3,5459,6.344396,0.253776,0.040000
z_0260_711.000000.png,#af7ac5,594,0.690341,0.027614,0.040000
z_0260_711.000000.png,#b9770e,79,0.091813,0.003673,0.040000
z_0260_711.000000.png,#d2b4de,559,0.649664,0.025987,0.040000
z_0260_711.000000.png,#e74c3c,550,0.639205,0.025568,0.040000
z_0260_711.000000.png,#edbb99,612,0.711260,0.028450,0.040000
z_0260_711.000000.png,#f1948a,2512,2.919421,0.116777,0.040000
z_0260_711.000000.png,#f58231,341,0.396307,0.015852,0.040000
z_0260_711.000000.png,#f7dc6f,48,0.055785,0.002231,0.040000
