slice_file,color_hex,area_px,cross_section_area_um2,slice_volume_um3,slice_thickness_um
z_0001_480.000000.png,#74b59b,528,0.456747,0.020554,0.045000
z_0001_480.000000.png,#8f82c4,2003,1.732699,0.077971,0.045000
z_0001_480.000000.png,#96d4ba,2446,2.115917,0.095216,0.045000
z_0001_480.000000.png,#a8329d,1138,0.984429,0.044299,0.045000
z_0001_480.000000.png,#a9ebc4,333,0.288062,0.012963,0.045000
z_0001_480.000000.png,#aeeff2,3111,2.691176,0.121103,0.045000
z_0001_480.000000.png,#b54136,164,0.141869,0.006384,0.045000
z_0001_480.000000.png,#b5748e,740,0.640138,0.028806,0.045000
z_0001_480.000000.png,#b57a36,4008,3.467128,0.156021,0.045000
z_0001_480.000000.png,#cacc5e,1127,0.974913,0.043871,0.045000
z_0001_480.000000.png,#cc1f00,447,0.386678,0.017401,0.045000
z_0001_480.000000.png,#f06e8a,918,0.794118,0.035735,0.045000
z_0002_481.004785.png,#74b59b,545,0.471453,0.021215,0.045000
z_0002_481.004785.png,#8f82c4,1892,1.636678,0.073651,0.045000
z_0002_481.004785.png,#96d4ba,2405,2.080450,0.093620,0.045000
z_0002_481.004785.png,#a8329d,1228,1.062284,0.047803,0.045000
z_0002_481.004785.png,#a9ebc4,304,0.262976,0.011834,0.045000
z_0002_481.004785.png,#aeeff2,3189,2.758651,0.124139,0.045000
z_0002_481.004785.png,#b54136,226,0.195502,0.008798,0.045000
z_0002_481.004785.png,#b5748e,828,0.716263,0.032232,0.045000
z_0002_481.004785.png,#b57a36,3904,3.377163,0.151972,0.045000
z_0002_481.004785.png,#cacc5e,1490,1.288927,0.058002,0.045000
z_0002_481.004785.png,#cc1f00,428,0.370242,0.016661,0.045000
z_0002_481.004785.png,#f06e8a,1039,0.898789,0.040446,0.045000
z_0003_482.009569.png,#74b59b,591,0.511246,0.023006,0.045000
z_0003_482.009569.png,#8f82c4,1843,1.594291,0.071743,0.045000
z_0003_482.009569.png,#96d4ba,2485,2.149654,0.096734,0.045000
z_0003_482.009569.png,#a8329d,1519,1.314014,0.059131,0.045000
z_0003_482.009569.png,#a9ebc4,283,0.244810,0.011016,0.045000
z_0003_482.009569.png,#aeeff2,3231,2.794983,0.125774,0.045000
z_0003_482.009569.png,#b54136,259,0.224048,0.010082,0.045000
z_0003_482.009569.png,#b5748e,887,0.767301,0.034529,0.045000
z_0003_482.009569.png,#b57a36,3841,3.322664,0.149520,0.045000
z_0003_482.009569.png,#cacc5e,1609,1.391869,0.062634,0.045000
z_0003_482.009569.png,#cc1f00,372,0.321799,0.014481,0.045000
z_0003_482.009569.png,#f06e8a,1157,1.000865,0.045039,0.045000
z_0004_483.014354.png,#74b59b,608,0.525952,0.023668,0.045000
z_0004_483.014354.png,#8f82c4,1751,1.514706,0.068162,0.045000
z_0004_483.014354.png,#96d4ba,2518,2.178201,0.098019,0.045000
z_0004_483.014354.png,#a8329d,1738,1.503460,0.067656,0.045000
z_0004_483.014354.png,#a9ebc4,237,0.205017,0.009226,0.045000
z_0004_483.014354.png,#aeeff2,3310,2.863322,0.128849,0.045000
z_0004_483.014354.png,#b54136,290,0.250865,0.011289,0.045000
z_0004_483.014354.png,#b5748e,926,0.801038,0.036047,0.045000
z_0004_483.014354.png,#b57a36,3748,3.242215,0.145900,0.045000
z_0004_483.014354.png,#cacc5e,1711,1.480104,0.066605,0.045000
z_0004_483.014354.png,#cc1f00,353,0.305363,0.013741,0.045000
z_0004_483.014354.png,#f06e8a,1279,1.106401,0.049788,0.045000
z_0005_484.019139.png,#74b59b,647,0.559689,0.025186,0.045000
z_0005_484.019139.png,#8f82c4,1729,1.495675,0.067305,0.045000
z_0005_484.019139.png,#96d4ba,2536,2.193772,0.098720,0.045000
z_0005_484.019139.png,#a8329d,1915,1.656574,0.074546,0.045000
z_0005_484.019139.png,#a9ebc4,151,0.130623,0.005878,0.045000
z_0005_484.019139.png,#aeeff2,3336,2.885813,0.129862,0.045000
z_0005_484.019139.png,#b54136,332,0.287197,0.012924,0.045000
z_0005_484.019139.png,#b5748e,951,0.822664,0.037020,0.045000
z_0005_484.019139.png,#b57a36,3720,3.217993,0.144810,0.045000
z_0005_484.019139.png,#cacc5e,1815,1.570069,0.070653,0.045000
z_0005_484.019139.png,#cc1f00,337,0.291522,0.013119,0.045000
z_0005_484.019139.png,#f06e8a,1513,1.308824,0.058897,0.045000
z_0006_485.023923.png,#74b59b,649,0.561419,0.025264,0.045000
z_0006_485.023923.png,#8f82c4,1675,1.448962,0.065203,0.045000
z_0006_485.023923.png,#96d4ba,2477,2.142734,0.096423,0.045000
z_0006_485.023923.png,#a8329d,2000,1.730104,0.077855,0.045000
z_0006_485.023923.png,#a9ebc4,68,0.058824,0.002647,0.045000
z_0006_485.023923.png,#aeeff2,3608,3.121107,0.140450,0.045000
z_0006_485.023923.png,#b54136,378,0.326990,0.014715,0.045000
z_0006_485.023923.png,#b5748e,878,0.759516,0.034178,0.045000
z_0006_485.023923.png,#b57a36,3702,3.202422,0.144109,0.045000
z_0006_485.023923.png,#cacc5e,1788,1.546713,0.069602,0.045000
z_0006_485.023923.png,#cc1f00,320,0.276817,0.012457,0.045000
z_0006_485.023923.png,#f06e8a,1728,1.494810,0.067266,0.045000
z_0007_486.028708.png,#74b59b,674,0.583045,0.026237,0.045000
z_0007_486.028708.png,#8f82c4,1645,1.423010,0.064035,0.045000
z_0007_486.028708.png,#96d4ba,2449,2.118512,0.095333,0.045000
z_0007_486.028708.png,#a8329d,2037,1.762111,0.079295,0.045000
z_0007_486.028708.png,#a9ebc4,62,0.053633,0.002413,0.045000
z_0007_486.028708.png,#aeeff2,3586,3.102076,0.139593,0.045000
z_0007_486.028708.png,#b54136,406,0.351211,0.015804,0.045000
z_0007_486.028708.png,#b5748e,742,0.641869,0.028884,0.045000
z_0007_486.028708.png,#b57a36,3779,3.269031,0.147106,0.045000
z_0007_486.028708.png,#cacc5e,1778,1.538062,0.069213,0.045000
z_0007_486.028708.png,#cc1f00,290,0.250865,0.011289,0.045000
z_0007_486.028708.png,#f06e8a,2028,1.754325,0.078945,0.045000
z_0008_487.033493.png,#74b59b,684,0.591696,0.026626,0.045000
z_0008_487.033493.png,#8f82c4,1569,1.357266,0.061077,0.045000
z_0008_487.033493.png,#96d4ba,2332,2.017301,0.090779,0.045000
z_0008_487.033493.png,#a8329d,2117,1.831315,0.082409,0.045000
z_0008_487.033493.png,#a9ebc4,60,0.051903,0.002336,0.045000
z_0008_487.033493.png,#aeeff2,3500,3.027682,0.136246,0.045000
z_0008_487.033493.png,#b54136,530,0.458478,0.020631,0.045000
z_0008_487.033493.png,#b5748e,487,0.421280,0.018958,0.045000
z_0008_487.033493.png,#b57a36,3737,3.232699,0.145471,0.045000
z_0008_487.033493.png,#cacc5e,1310,1.133218,0.050995,0.045000
z_0008_487.033493.png,#cc1f00,277,0.239619,0.010783,0.045000
z_0008_487.033493.png,#f06e8a,2393,2.070069,0.093153,0.045000
z_0009_488.038278.png,#74b59b,698,0.603806,0.027171,0.045000
z_0009_488.038278.png,#8f82c4,1602,1.385813,0.062362,0.045000
z_0009_488.038278.png,#96d4ba,2143,1.853806,0.083421,0.045000
z_0009_488.038278.png,#a8329d,2070,1.790657,0.080580,0.045000
z_0009_488.038278.png,#a9ebc4,64,0.055363,0.002491,0.045000
z_0009_488.038278.png,#aeeff2,3714,3.212803,0.144576,0.045000
z_0009_488.038278.png,#b54136,669,0.578720,0.026042,0.045000
z_0009_488.038278.png,#b5748e,425,0.367647,0.016544,0.045000
z_0009_488.038278.png,#b57a36,3673,3.177336,0.142980,0.045000
z_0009_488.038278.png,#cacc5e,1153,0.997405,0.044883,0.045000
z_0009_488.038278.png,#cc1f00,264,0.228374,0.010277,0.045000
z_0009_488.038278.png,#f06e8a,2620,2.266436,0.101990,0.045000
z_0010_489.043062.png,#74b59b,695,0.601211,0.027054,0.045000
z_0010_489.043062.png,#8f82c4,1610,1.392734,0.062673,0.045000
z_0010_489.043062.png,#96d4ba,2039,1.763841,0.079373,0.045000
z_0010_489.043062.png,#a8329d,2090,1.807958,0.081358,0.045000
z_0010_489.043062.png,#a9ebc4,65,0.056228,0.002530,0.045000
z_0010_489.043062.png,#aeeff2,3376,2.920415,0.131419,0.045000
z_0010_489.043062.png,#b54136,863,0.746540,0.033594,0.045000
z_0010_489.043062.png,#b5748e,380,0.328720,0.014792,0.045000
z_0010_489.043062.png,#b57a36,3741,3.236159,0.145627,0.045000
z_0010_489.043062.png,#cacc5e,1131,0.978374,0.044027,0.045000
z_0010_489.043062.png,#cc1f00,254,0.219723,0.009888,0.045000
z_0010_489.043062.png,#f06e8a,3000,2.595156,0.116782,0.045000
z_0011_490.047847.png,#74b59b,673,0.582180,0.026198,0.045000
z_0011_490.047847.png,#8f82c4,1644,1.422145,0.063997,0.045000
z_0011_490.047847.png,#96d4ba,1959,1.694637,0.076259,0.045000
z_0011_490.047847.png,#a8329d,2111,1.826125,0.082176,0.045000
z_0011_490.047847.png,#a9ebc4,62,0.053633,0.002413,0.045000
z_0011_490.047847.png,#aeeff2,3266,2.825260,0.127137,0.045000
z_0011_490.047847.png,#b54136,1143,0.988754,0.044494,0.045000
z_0011_490.047847.png,#b5748e,352,0.304498,0.013702,0.045000
z_0011_490.047847.png,#b57a36,3632,3.141869,0.141384,0.045000
z_0011_490.047847.png,#cacc5e,1147,0.992215,0.044650,0.045000
z_0011_490.047847.png,#cc1f00,250,0.216263,0.009732,0.045000
z_0011_490.047847.png,#f06e8a,3294,2.849481,0.128227,0.045000
z_0012_491.052632.png,#74b59b,689,0.596021,0.026821,0.045000
z_0012_491.052632.png,#8f82c4,1717,1.485294,0.066838,0.045000
z_0012_491.052632.png,#96d4ba,1836,1.588235,0.071471,0.045000
z_0012_491.052632.png,#a8329d,2046,1.769896,0.079645,0.045000
z_0012_491.052632.png,#a9ebc4,64,0.055363,0.002491,0.045000
z_0012_491.052632.png,#aeeff2,2933,2.537197,0.114174,0.045000
z_0012_491.052632.png,#b54136,1607,1.390138,0.062556,0.045000
z_0012_491.052632.png,#b5748e,347,0.300173,0.013508,0.045000
z_0012_491.052632.png,#b57a36,3577,3.094291,0.139243,0.045000
z_0012_491.052632.png,#cacc5e,1362,1.178201,0.053019,0.045000
z_0012_491.052632.png,#cc1f00,221,0.191176,0.008603,0.045000
z_0012_491.052632.png,#f06e8a,3674,3.178201,0.143019,0.045000
z_0013_492.057416.png,#74b59b,686,0.593426,0.026704,0.045000
z_0013_492.057416.png,#8f82c4,1722,1.489619,0.067033,0.045000
z_0013_492.057416.png,#96d4ba,1837,1.589100,0.071510,0.045000
z_0013_492.057416.png,#a8329d,2040,1.764706,0.079412,0.045000
z_0013_492.057416.png,#a9ebc4,64,0.055363,0.002491,0.045000
z_0013_492.057416.png,#aeeff2,2948,2.550173,0.114758,0.045000
z_0013_492.057416.png,#b54136,1615,1.397059,0.062868,0.045000
z_0013_492.057416.png,#b5748e,341,0.294983,0.013274,0.045000
z_0013_492.057416.png,#b57a36,3576,3.093426,0.139204,0.045000
z_0013_492.057416.png,#cacc5e,1366,1.181661,0.053175,0.045000
z_0013_492.057416.png,#cc1f00,221,0.191176,0.008603,0.045000
z_0013_492.057416.png,#f06e8a,3667,3.172145,0.142747,0.045000
z_0014_493.062201.png,#74b59b,624,0.539792,0.024291,0.045000
z_0014_493.062201.png,#8f82c4,4045,3.499135,0.157461,0.045000
z_0014_493.062201.png,#96d4ba,1749,1.512976,0.068084,0.045000
z_0014_493.062201.png,#a8329d,1886,1.631488,0.073417,0.045000
z_0014_493.062201.png,#a9ebc4,126,0.108997,0.004905,0.045000
z_0014_493.062201.png,#aeeff2,2058,1.780277,0.080112,0.045000
z_0014_493.062201.png,#b54136,2138,1.849481,0.083227,0.045000
z_0014_493.062201.png,#b5748e,270,0.233564,0.010510,0.045000
z_0014_493.062201.png,#b57a36,3395,2.936851,0.132158,0.045000
z_0014_493.062201.png,#cacc5e,263,0.227509,0.010238,0.045000
z_0014_493.062201.png,#cc1f00,188,0.162630,0.007318,0.045000
z_0014_493.062201.png,#f06e8a,3812,3.297578,0.148391,0.045000
z_0015_494.066986.png,#74b59b,605,0.523356,0.023551,0.045000
z_0015_494.066986.png,#8f82c4,3539,3.061419,0.137764,0.045000
z_0015_494.066986.png,#96d4ba,1865,1.613322,0.072599,0.045000
z_0015_494.066986.png,#a8329d,1850,1.600346,0.072016,0.045000
z_0015_494.066986.png,#a9ebc4,145,0.125433,0.005644,0.045000
z_0015_494.066986.png,#aeeff2,1615,1.397059,0.062868,0.045000
z_0015_494.066986.png,#b54136,2444,2.114187,0.095138,0.045000
z_0015_494.066986.png,#b5748e,255,0.220588,0.009926,0.045000
z_0015_494.066986.png,#b57a36,3337,2.886678,0.129901,0.045000
z_0015_494.066986.png,#cacc5e,181,0.156574,0.007046,0.045000
z_0015_494.066986.png,#cc1f00,190,0.164360,0.007396,0.045000
z_0015_494.066986.png,#f06e8a,3527,3.051038,0.137297,0.045000
z_0016_495.071770.png,#74b59b,605,0.523356,0.023551,0.045000
z_0016_495.071770.png,#8f82c4,3528,3.051903,0.137336,0.045000
z_0016_495.071770.png,#96d4ba,1855,1.604671,0.072210,0.045000
z_0016_495.071770.png,#a8329d,1844,1.595156,0.071782,0.045000
z_0016_495.071770.png,#a9ebc4,142,0.122837,0.005528,0.045000
z_0016_495.071770.png,#aeeff2,1614,1.396194,0.062829,0.045000
z_0016_495.071770.png,#b54136,2444,2.114187,0.095138,0.045000
z_0016_495.071770.png,#b5748e,254,0.219723,0.009888,0.045000
z_0016_495.071770.png,#b57a36,3333,2.883218,0.129745,0.045000
z_0016_495.071770.png,#cacc5e,181,0.156574,0.007046,0.045000
z_0016_495.071770.png,#cc1f00,190,0.164360,0.007396,0.045000
z_0016_495.071770.png,#f06e8a,3523,3.047578,0.137141,0.045000
z_0017_496.076555.png,#74b59b,522,0.451557,0.020320,0.045000
z_0017_496.076555.png,#8f82c4,2208,1.910035,0.085952,0.045000
z_0017_496.076555.png,#96d4ba,2653,2.294983,0.103274,0.045000
z_0017_496.076555.png,#a8329d,1648,1.425606,0.064152,0.045000
z_0017_496.076555.png,#a9ebc4,147,0.127163,0.005722,0.045000
z_0017_496.076555.png,#aeeff2,2590,2.240484,0.100822,0.045000
z_0017_496.076555.png,#b54136,3294,2.849481,0.128227,0.045000
z_0017_496.076555.png,#b5748e,538,0.465398,0.020943,0.045000
z_0017_496.076555.png,#b57a36,3618,3.129758,0.140839,0.045000
z_0017_496.076555.png,#cacc5e,1490,1.288927,0.058002,0.045000
z_0017_496.076555.png,#cc1f00,184,0.159170,0.007163,0.045000
z_0017_496.076555.png,#f06e8a,1720,1.487889,0.066955,0.045000
z_0018_497.081340.png,#74b59b,521,0.450692,0.020281,0.045000
z_0018_497.081340.png,#8f82c4,2201,1.903979,0.085679,0.045000
z_0018_497.081340.png,#96d4ba,2648,2.290657,0.103080,0.045000
z_0018_497.081340.png,#a8329d,1646,1.423875,0.064074,0.045000
z_0018_497.081340.png,#a9ebc4,149,0.128893,0.005800,0.045000
z_0018_497.081340.png,#aeeff2,2575,2.227509,0.100238,0.045000
z_0018_497.081340.png,#b54136,3296,2.851211,0.128304,0.045000
z_0018_497.081340.png,#b5748e,537,0.464533,0.020904,0.045000
z_0018_497.081340.png,#b57a36,3610,3.122837,0.140528,0.045000
z_0018_497.081340.png,#cacc5e,1513,1.308824,0.058897,0.045000
z_0018_497.081340.png,#cc1f00,185,0.160035,0.007202,0.045000
z_0018_497.081340.png,#f06e8a,1733,1.499135,0.067461,0.045000
z_0019_498.086124.png,#74b59b,493,0.426471,0.019191,0.045000
z_0019_498.086124.png,#8f82c4,1958,1.693772,0.076220,0.045000
z_0019_498.086124.png,#96d4ba,2942,2.544983,0.114524,0.045000
z_0019_498.086124.png,#a8329d,1592,1.377163,0.061972,0.045000
z_0019_498.086124.png,#a9ebc4,103,0.089100,0.004010,0.045000
z_0019_498.086124.png,#aeeff2,2379,2.057958,0.092608,0.045000
z_0019_498.086124.png,#b54136,3544,3.065744,0.137958,0.045000
z_0019_498.086124.png,#b5748e,471,0.407439,0.018335,0.045000
z_0019_498.086124.png,#b57a36,3379,2.923010,0.131535,0.045000
z_0019_498.086124.png,#cacc5e,1647,1.424740,0.064113,0.045000
z_0019_498.086124.png,#cc1f00,180,0.155709,0.007007,0.045000
z_0019_498.086124.png,#f06e8a,1371,1.185986,0.053369,0.045000
z_0020_499.090909.png,#74b59b,447,0.386678,0.017401,0.045000
z_0020_499.090909.png,#8f82c4,1729,1.495675,0.067305,0.045000
z_0020_499.090909.png,#96d4ba,2997,2.592561,0.116665,0.045000
z_0020_499.090909.png,#a8329d,1621,1.402249,0.063101,0.045000
z_0020_499.090909.png,#a9ebc4,97,0.083910,0.003776,0.045000
z_0020_499.090909.png,#aeeff2,2303,1.992215,0.089650,0.045000
z_0020_499.090909.png,#b54136,3826,3.309689,0.148936,0.045000
z_0020_499.090909.png,#b5748e,436,0.377163,0.016972,0.045000
z_0020_499.090909.png,#b57a36,3264,2.823529,0.127059,0.045000
z_0020_499.090909.png,#cacc5e,1723,1.490484,0.067072,0.045000
z_0020_499.090909.png,#cc1f00,186,0.160900,0.007240,0.045000
z_0020_499.090909.png,#f06e8a,1135,0.981834,0.044183,0.045000
z_0021_500.095694.png,#74b59b,422,0.365052,0.016427,0.045000
z_0021_500.095694.png,#8f82c4,1518,1.313149,0.059092,0.045000
z_0021_500.095694.png,#96d4ba,2841,2.457612,0.110593,0.045000
z_0021_500.095694.png,#a8329d,1590,1.375433,0.061894,0.045000
z_0021_500.095694.png,#a9ebc4,117,0.101211,0.004554,0.045000
z_0021_500.095694.png,#aeeff2,2300,1.989619,0.089533,0.045000
z_0021_500.095694.png,#b54136,4093,3.540657,0.159330,0.045000
z_0021_500.095694.png,#b5748e,433,0.374567,0.016856,0.045000
z_0021_500.095694.png,#b57a36,3262,2.821799,0.126981,0.045000
z_0021_500.095694.png,#cacc5e,1671,1.445502,0.065048,0.045000
z_0021_500.095694.png,#cc1f00,308,0.266436,0.011990,0.045000
z_0021_500.095694.png,#f06e8a,1079,0.933391,0.042003,0.045000
z_0022_501.100478.png,#377e94,85,0.073529,0.003309,0.045000
z_0022_501.100478.png,#74b59b,386,0.333910,0.015026,0.045000
z_0022_501.100478.png,#8f82c4,1389,1.201557,0.054070,0.045000
z_0022_501.100478.png,#96d4ba,2977,2.575260,0.115887,0.045000
z_0022_501.100478.png,#a8329d,1609,1.391869,0.062634,0.045000
z_0022_501.100478.png,#a9ebc4,163,0.141003,0.006345,0.045000
z_0022_501.100478.png,#aeeff2,2454,2.122837,0.095528,0.045000
z_0022_501.100478.png,#b54136,4198,3.631488,0.163417,0.045000
z_0022_501.100478.png,#b5748e,484,0.418685,0.018841,0.045000
z_0022_501.100478.png,#b57a36,3233,2.796713,0.125852,0.045000
z_0022_501.100478.png,#cacc5e,1485,1.284602,0.057807,0.045000
z_0022_501.100478.png,#cc1f00,478,0.413495,0.018607,0.045000
z_0022_501.100478.png,#f06e8a,954,0.825260,0.037137,0.045000
z_0023_502.105263.png,#377e94,202,0.174740,0.007863,0.045000
z_0023_502.105263.png,#74b59b,346,0.299308,0.013469,0.045000
z_0023_502.105263.png,#8f82c4,1326,1.147059,0.051618,0.045000
z_0023_502.105263.png,#96d4ba,3018,2.610727,0.117483,0.045000
z_0023_502.105263.png,#a8329d,1580,1.366782,0.061505,0.045000
z_0023_502.105263.png,#a9ebc4,253,0.218858,0.009849,0.045000
z_0023_502.105263.png,#aeeff2,2584,2.235294,0.100588,0.045000
z_0023_502.105263.png,#b54136,4430,3.832180,0.172448,0.045000
z_0023_502.105263.png,#b5748e,552,0.477509,0.021488,0.045000
z_0023_502.105263.png,#b57a36,3164,2.737024,0.123166,0.045000
z_0023_502.105263.png,#cacc5e,1245,1.076990,0.048465,0.045000
z_0023_502.105263.png,#cc1f00,629,0.544118,0.024485,0.045000
z_0023_502.105263.png,#f06e8a,734,0.634948,0.028573,0.045000
z_0024_503.110048.png,#157d0b,627,0.542388,0.024407,0.045000
z_0024_503.110048.png,#377e94,308,0.266436,0.011990,0.045000
z_0024_503.110048.png,#74b59b,318,0.275087,0.012379,0.045000
z_0024_503.110048.png,#8f82c4,1274,1.102076,0.049593,0.045000
z_0024_503.110048.png,#96d4ba,3100,2.681661,0.120675,0.045000
z_0024_503.110048.png,#a8329d,1626,1.406574,0.063296,0.045000
z_0024_503.110048.png,#a9ebc4,343,0.296713,0.013352,0.045000
z_0024_503.110048.png,#aeeff2,2838,2.455017,0.110476,0.045000
z_0024_503.110048.png,#b36994,18,0.015571,0.000701,0.045000
z_0024_503.110048.png,#b54136,4378,3.787197,0.170424,0.045000
z_0024_503.110048.png,#b5748e,700,0.605536,0.027249,0.045000
z_0024_503.110048.png,#b57a36,3979,3.442042,0.154892,0.045000
z_0024_503.110048.png,#cacc5e,1117,0.966263,0.043482,0.045000
z_0024_503.110048.png,#cc1f00,793,0.685986,0.030869,0.045000
z_0024_503.110048.png,#f06e8a,762,0.659170,0.029663,0.045000
z_0025_504.114833.png,#157d0b,629,0.544118,0.024485,0.045000
z_0025_504.114833.png,#377e94,399,0.345156,0.015532,0.045000
z_0025_504.114833.png,#74b59b,290,0.250865,0.011289,0.045000
z_0025_504.114833.png,#8f82c4,1246,1.077855,0.048503,0.045000
z_0025_504.114833.png,#96d4ba,3147,2.722318,0.122504,0.045000
z_0025_504.114833.png,#a8329d,1650,1.427336,0.064230,0.045000
z_0025_504.114833.png,#a9ebc4,579,0.500865,0.022539,0.045000
z_0025_504.114833.png,#aeeff2,2962,2.562284,0.115303,0.045000
z_0025_504.114833.png,#b36994,31,0.026817,0.001207,0.045000
z_0025_504.114833.png,#b54136,4369,3.779412,0.170074,0.045000
z_0025_504.114833.png,#b5748e,1081,0.935121,0.042080,0.045000
z_0025_504.114833.png,#b57a36,3862,3.340830,0.150337,0.045000
z_0025_504.114833.png,#cacc5e,899,0.777682,0.034996,0.045000
z_0025_504.114833.png,#cc1f00,979,0.846886,0.038110,0.045000
z_0025_504.114833.png,#f06e8a,632,0.546713,0.024602,0.045000
z_0026_505.119617.png,#157d0b,633,0.547578,0.024641,0.045000
z_0026_505.119617.png,#377e94,517,0.447232,0.020125,0.045000
z_0026_505.119617.png,#74b59b,262,0.226644,0.010199,0.045000
z_0026_505.119617.png,#8f82c4,1109,0.959343,0.043170,0.045000
z_0026_505.119617.png,#96d4ba,3104,2.685121,0.120830,0.045000
z_0026_505.119617.png,#a8329d,1607,1.390138,0.062556,0.045000
z_0026_505.119617.png,#a9ebc4,736,0.636678,0.028651,0.045000
z_0026_505.119617.png,#aeeff2,3019,2.611592,0.117522,0.045000
z_0026_505.119617.png,#b36994,61,0.052768,0.002375,0.045000
z_0026_505.119617.png,#b54136,4330,3.745675,0.168555,0.045000
z_0026_505.119617.png,#b5748e,1243,1.075260,0.048387,0.045000
z_0026_505.119617.png,#b57a36,3754,3.247405,0.146133,0.045000
z_0026_505.119617.png,#cacc5e,762,0.659170,0.029663,0.045000
z_0026_505.119617.png,#cc1f00,1163,1.006055,0.045272,0.045000
z_0026_505.119617.png,#f06e8a,600,0.519031,0.023356,0.045000
z_0027_506.124402.png,#157d0b,633,0.547578,0.024641,0.045000
z_0027_506.124402.png,#377e94,528,0.456747,0.020554,0.045000
z_0027_506.124402.png,#74b59b,263,0.227509,0.010238,0.045000
z_0027_506.124402.png,#8f82c4,1109,0.959343,0.043170,0.045000
z_0027_506.124402.png,#96d4ba,3107,2.687716,0.120947,0.045000
z_0027_506.124402.png,#a8329d,1608,1.391003,0.062595,0.045000
z_0027_506.124402.png,#a9ebc4,740,0.640138,0.028806,0.045000
z_0027_506.124402.png,#aeeff2,3038,2.628028,0.118261,0.045000
z_0027_506.124402.png,#b36994,61,0.052768,0.002375,0.045000
z_0027_506.124402.png,#b54136,4341,3.755190,0.168984,0.045000
z_0027_506.124402.png,#b5748e,1246,1.077855,0.048503,0.045000
z_0027_506.124402.png,#b57a36,3743,3.237889,0.145705,0.045000
z_0027_506.124402.png,#cacc5e,758,0.655709,0.029507,0.045000
z_0027_506.124402.png,#cc1f00,1164,1.006920,0.045311,0.045000
z_0027_506.124402.png,#f06e8a,599,0.518166,0.023317,0.045000
z_0028_507.129187.png,#157d0b,609,0.526817,0.023707,0.045000
z_0028_507.129187.png,#377e94,665,0.575260,0.025887,0.045000
z_0028_507.129187.png,#74b59b,210,0.181661,0.008175,0.045000
z_0028_507.129187.png,#8f82c4,953,0.824394,0.037098,0.045000
z_0028_507.129187.png,#96d4ba,3373,2.917820,0.131302,0.045000
z_0028_507.129187.png,#a8329d,1835,1.587370,0.071432,0.045000
z_0028_507.129187.png,#a9ebc4,900,0.778547,0.035035,0.045000
z_0028_507.129187.png,#aeeff2,2826,2.444637,0.110009,0.045000
z_0028_507.129187.png,#b36994,99,0.085640,0.003854,0.045000
z_0028_507.129187.png,#b54136,4206,3.638408,0.163728,0.045000
z_0028_507.129187.png,#b5748e,1538,1.330450,0.059870,0.045000
z_0028_507.129187.png,#b57a36,3504,3.031142,0.136401,0.045000
z_0028_507.129187.png,#cacc5e,668,0.577855,0.026003,0.045000
z_0028_507.129187.png,#cc1f00,1519,1.314014,0.059131,0.045000
z_0028_507.129187.png,#f06e8a,535,0.462803,0.020826,0.045000
z_0029_508.133971.png,#157d0b,609,0.526817,0.023707,0.045000
z_0029_508.133971.png,#377e94,658,0.569204,0.025614,0.045000
z_0029_508.133971.png,#74b59b,210,0.181661,0.008175,0.045000
z_0029_508.133971.png,#8f82c4,954,0.825260,0.037137,0.045000
z_0029_508.133971.png,#96d4ba,3381,2.924740,0.131613,0.045000
z_0029_508.133971.png,#a8329d,1843,1.594291,0.071743,0.045000
z_0029_508.133971.png,#a9ebc4,900,0.778547,0.035035,0.045000
z_0029_508.133971.png,#aeeff2,2807,2.428201,0.109269,0.045000
z_0029_508.133971.png,#b36994,99,0.085640,0.003854,0.045000
z_0029_508.133971.png,#b54136,4216,3.647059,0.164118,0.045000
z_0029_508.133971.png,#b5748e,1562,1.351211,0.060804,0.045000
z_0029_508.133971.png,#b57a36,3512,3.038062,0.136713,0.045000
z_0029_508.133971.png,#cacc5e,672,0.581315,0.026159,0.045000
z_0029_508.133971.png,#cc1f00,1526,1.320069,0.059403,0.045000
z_0029_508.133971.png,#f06e8a,533,0.461073,0.020748,0.045000
z_0030_509.138756.png,#157d0b,581,0.502595,0.022617,0.045000
z_0030_509.138756.png,#377e94,830,0.717993,0.032310,0.045000
z_0030_509.138756.png,#74b59b,196,0.169550,0.007630,0.045000
z_0030_509.138756.png,#8f82c4,942,0.814879,0.036670,0.045000
z_0030_509.138756.png,#96d4ba,3539,3.061419,0.137764,0.045000
z_0030_509.138756.png,#a8329d,2184,1.889273,0.085017,0.045000
z_0030_509.138756.png,#a9ebc4,924,0.799308,0.035969,0.045000
z_0030_509.138756.png,#aeeff2,2580,2.231834,0.100433,0.045000
z_0030_509.138756.png,#b36994,131,0.113322,0.005099,0.045000
z_0030_509.138756.png,#b54136,3831,3.314014,0.149131,0.045000
z_0030_509.138756.png,#b5748e,1736,1.501730,0.067578,0.045000
z_0030_509.138756.png,#b57a36,3091,2.673875,0.120324,0.045000
z_0030_509.138756.png,#cacc5e,733,0.634083,0.028534,0.045000
z_0030_509.138756.png,#cc1f00,1755,1.518166,0.068317,0.045000
z_0030_509.138756.png,#f06e8a,530,0.458478,0.020631,0.045000
z_0031_510.143541.png,#157d0b,574,0.496540,0.022344,0.045000
z_0031_510.143541.png,#377e94,835,0.722318,0.032504,0.045000
z_0031_510.143541.png,#74b59b,196,0.169550,0.007630,0.045000
z_0031_510.143541.png,#8f82c4,946,0.818339,0.036825,0.045000
z_0031_510.143541.png,#96d4ba,3540,3.062284,0.137803,0.045000
z_0031_510.143541.png,#a8329d,2177,1.883218,0.084745,0.045000
z_0031_510.143541.png,#a9ebc4,927,0.801903,0.036086,0.045000
z_0031_510.143541.png,#aeeff2,2571,2.224048,0.100082,0.045000
z_0031_510.143541.png,#b36994,129,0.111592,0.005022,0.045000
z_0031_510.143541.png,#b54136,3834,3.316609,0.149247,0.045000
z_0031_510.143541.png,#b5748e,1739,1.504325,0.067695,0.045000
z_0031_510.143541.png,#b57a36,3089,2.672145,0.120247,0.045000
z_0031_510.143541.png,#cacc5e,733,0.634083,0.028534,0.045000
z_0031_510.143541.png,#cc1f00,1750,1.513841,0.068123,0.045000
z_0031_510.143541.png,#f06e8a,530,0.458478,0.020631,0.045000
z_0032_511.148325.png,#157d0b,654,0.565744,0.025458,0.045000
z_0032_511.148325.png,#377e94,919,0.794983,0.035774,0.045000
z_0032_511.148325.png,#74b59b,178,0.153979,0.006929,0.045000
z_0032_511.148325.png,#8f82c4,1015,0.878028,0.039511,0.045000
z_0032_511.148325.png,#96d4ba,3214,2.780277,0.125112,0.045000
z_0032_511.148325.png,#a2aee8,393,0.339965,0.015298,0.045000
z_0032_511.148325.png,#a8329d,4197,3.630623,0.163378,0.045000
z_0032_511.148325.png,#a9ebc4,1237,1.070069,0.048153,0.045000
z_0032_511.148325.png,#aeeff2,2315,2.002595,0.090117,0.045000
z_0032_511.148325.png,#b36994,219,0.189446,0.008525,0.045000
z_0032_511.148325.png,#b54136,3444,2.979239,0.134066,0.045000
z_0032_511.148325.png,#b5748e,2416,2.089965,0.094048,0.045000
z_0032_511.148325.png,#b57a36,2118,1.832180,0.082448,0.045000
z_0032_511.148325.png,#cacc5e,409,0.353806,0.015921,0.045000
z_0032_511.148325.png,#cc1f00,2615,2.262111,0.101795,0.045000
z_0032_511.148325.png,#f06e8a,1063,0.919550,0.041380,0.045000
z_0033_512.153110.png,#157d0b,607,0.525087,0.023629,0.045000
z_0033_512.153110.png,#377e94,921,0.796713,0.035852,0.045000
z_0033_512.153110.png,#74b59b,177,0.153114,0.006890,0.045000
z_0033_512.153110.png,#8f82c4,1024,0.885813,0.039862,0.045000
z_0033_512.153110.png,#96d4ba,3194,2.762976,0.124334,0.045000
z_0033_512.153110.png,#a2aee8,408,0.352941,0.015882,0.045000
z_0033_512.153110.png,#a8329d,4222,3.652249,0.164351,0.045000
z_0033_512.153110.png,#a9ebc4,1206,1.043253,0.046946,0.045000
z_0033_512.153110.png,#aeeff2,2341,2.025087,0.091129,0.045000
z_0033_512.153110.png,#b36994,227,0.196367,0.008837,0.045000
z_0033_512.153110.png,#b54136,3450,2.984429,0.134299,0.045000
z_0033_512.153110.png,#b5748e,2484,2.148789,0.096696,0.045000
z_0033_512.153110.png,#b57a36,2115,1.829585,0.082331,0.045000
z_0033_512.153110.png,#cacc5e,415,0.358997,0.016155,0.045000
z_0033_512.153110.png,#cc1f00,2621,2.267301,0.102029,0.045000
z_0033_512.153110.png,#f06e8a,1079,0.933391,0.042003,0.045000
z_0034_513.157895.png,#157d0b,723,0.625433,0.028144,0.045000
z_0034_513.157895.png,#377e94,1131,0.978374,0.044027,0.045000
z_0034_513.157895.png,#74b59b,168,0.145329,0.006540,0.045000
z_0034_513.157895.png,#8f82c4,1043,0.902249,0.040601,0.045000
z_0034_513.157895.png,#96d4ba,3014,2.607266,0.117327,0.045000
z_0034_513.157895.png,#a2aee8,576,0.498270,0.022422,0.045000
z_0034_513.157895.png,#a8329d,5088,4.401384,0.198062,0.045000
z_0034_513.157895.png,#a9ebc4,1215,1.051038,0.047297,0.045000
z_0034_513.157895.png,#aeeff2,2381,2.059689,0.092686,0.045000
z_0034_513.157895.png,#b36994,274,0.237024,0.010666,0.045000
z_0034_513.157895.png,#b54136,3386,2.929066,0.131808,0.045000
z_0034_513.157895.png,#b5748e,2861,2.474913,0.111371,0.045000
z_0034_513.157895.png,#b57a36,2068,1.788927,0.080502,0.045000
z_0034_513.157895.png,#cacc5e,331,0.286332,0.012885,0.045000
z_0034_513.157895.png,#cc1f00,2715,2.348616,0.105688,0.045000
z_0034_513.157895.png,#f06e8a,1357,1.173875,0.052824,0.045000
z_0035_514.162679.png,#157d0b,863,0.746540,0.033594,0.045000
z_0035_514.162679.png,#377e94,1380,1.193772,0.053720,0.045000
z_0035_514.162679.png,#74b59b,169,0.146194,0.006579,0.045000
z_0035_514.162679.png,#8f82c4,1082,0.935986,0.042119,0.045000
z_0035_514.162679.png,#96d4ba,3128,2.705882,0.121765,0.045000
z_0035_514.162679.png,#a2aee8,658,0.569204,0.025614,0.045000
z_0035_514.162679.png,#a8329d,5477,4.737889,0.213205,0.045000
z_0035_514.162679.png,#a9ebc4,1361,1.177336,0.052980,0.045000
z_0035_514.162679.png,#aeeff2,2355,2.037197,0.091674,0.045000
z_0035_514.162679.png,#b36994,350,0.302768,0.013625,0.045000
z_0035_514.162679.png,#b54136,3351,2.898789,0.130446,0.045000
z_0035_514.162679.png,#b5748e,3154,2.728374,0.122777,0.045000
z_0035_514.162679.png,#b57a36,2056,1.778547,0.080035,0.045000
z_0035_514.162679.png,#cacc5e,245,0.211938,0.009537,0.045000
z_0035_514.162679.png,#cc1f00,2497,2.160035,0.097202,0.045000
z_0035_514.162679.png,#f06e8a,2044,1.768166,0.079567,0.045000
z_0036_515.167464.png,#157d0b,1088,0.941176,0.042353,0.045000
z_0036_515.167464.png,#377e94,1593,1.378028,0.062011,0.045000
z_0036_515.167464.png,#74b59b,169,0.146194,0.006579,0.045000
z_0036_515.167464.png,#8f82c4,1199,1.037197,0.046674,0.045000
z_0036_515.167464.png,#96d4ba,3150,2.724913,0.122621,0.045000
z_0036_515.167464.png,#a2aee8,711,0.615052,0.027677,0.045000
z_0036_515.167464.png,#a8329d,5615,4.857266,0.218577,0.045000
z_0036_515.167464.png,#a9ebc4,1645,1.423010,0.064035,0.045000
z_0036_515.167464.png,#aeeff2,2293,1.983564,0.089260,0.045000
z_0036_515.167464.png,#b36994,398,0.344291,0.015493,0.045000
z_0036_515.167464.png,#b54136,3223,2.788062,0.125463,0.045000
z_0036_515.167464.png,#b5748e,3447,2.981834,0.134183,0.045000
z_0036_515.167464.png,#b57a36,1877,1.623702,0.073067,0.045000
z_0036_515.167464.png,#cacc5e,189,0.163495,0.007357,0.045000
z_0036_515.167464.png,#cc1f00,2177,1.883218,0.084745,0.045000
z_0036_515.167464.png,#f06e8a,2588,2.238754,0.100744,0.045000
z_0037_516.172249.png,#157d0b,1151,0.995675,0.044805,0.045000
z_0037_516.172249.png,#377e94,1749,1.512976,0.068084,0.045000
z_0037_516.172249.png,#74b59b,259,0.224048,0.010082,0.045000
z_0037_516.172249.png,#8f82c4,1327,1.147924,0.051657,0.045000
z_0037_516.172249.png,#96d4ba,3363,2.909170,0.130913,0.045000
z_0037_516.172249.png,#a2aee8,772,0.667820,0.030052,0.045000
z_0037_516.172249.png,#a8329d,5622,4.863322,0.218849,0.045000
z_0037_516.172249.png,#a9ebc4,1837,1.589100,0.071510,0.045000
z_0037_516.172249.png,#aeeff2,2257,1.952422,0.087859,0.045000
z_0037_516.172249.png,#b36994,411,0.355536,0.015999,0.045000
z_0037_516.172249.png,#b54136,3127,2.705017,0.121726,0.045000
z_0037_516.172249.png,#b5748e,3679,3.182526,0.143214,0.045000
z_0037_516.172249.png,#b57a36,1851,1.601211,0.072054,0.045000
z_0037_516.172249.png,#cacc5e,161,0.139273,0.006267,0.045000
z_0037_516.172249.png,#cc1f00,1853,1.602941,0.072132,0.045000
z_0037_516.172249.png,#f06e8a,3073,2.658304,0.119624,0.045000
z_0038_517.177033.png,#157d0b,1241,1.073529,0.048309,0.045000
z_0038_517.177033.png,#377e94,1874,1.621107,0.072950,0.045000
z_0038_517.177033.png,#74b59b,531,0.459343,0.020670,0.045000
z_0038_517.177033.png,#8f82c4,1312,1.134948,0.051073,0.045000
z_0038_517.177033.png,#96d4ba,3387,2.929931,0.131847,0.045000
z_0038_517.177033.png,#a2aee8,772,0.667820,0.030052,0.045000
z_0038_517.177033.png,#a8329d,5798,5.015571,0.225701,0.045000
z_0038_517.177033.png,#a9ebc4,2045,1.769031,0.079606,0.045000
z_0038_517.177033.png,#aeeff2,2173,1.879758,0.084589,0.045000
z_0038_517.177033.png,#b36994,390,0.337370,0.015182,0.045000
z_0038_517.177033.png,#b54136,2941,2.544118,0.114485,0.045000
z_0038_517.177033.png,#b5748e,3847,3.327855,0.149753,0.045000
z_0038_517.177033.png,#b57a36,1839,1.590830,0.071587,0.045000
z_0038_517.177033.png,#cacc5e,136,0.117647,0.005294,0.045000
z_0038_517.177033.png,#cc1f00,1517,1.312284,0.059053,0.045000
z_0038_517.177033.png,#f06e8a,3424,2.961938,0.133287,0.045000
z_0039_518.181818.png,#157d0b,1371,1.185986,0.053369,0.045000
z_0039_518.181818.png,#377e94,1901,1.644464,0.074001,0.045000
z_0039_518.181818.png,#74b59b,925,0.800173,0.036008,0.045000
z_0039_518.181818.png,#8f82c4,1284,1.110727,0.049983,0.045000
z_0039_518.181818.png,#96d4ba,3406,2.946367,0.132587,0.045000
z_0039_518.181818.png,#a2aee8,820,0.709343,0.031920,0.045000
z_0039_518.181818.png,#a8329d,5624,4.865052,0.218927,0.045000
z_0039_518.181818.png,#a9ebc4,2222,1.922145,0.086497,0.045000
z_0039_518.181818.png,#aeeff2,2077,1.796713,0.080852,0.045000
z_0039_518.181818.png,#b36994,295,0.255190,0.011484,0.045000
z_0039_518.181818.png,#b54136,2731,2.362457,0.106311,0.045000
z_0039_518.181818.png,#b5748e,4040,3.494810,0.157266,0.045000
z_0039_518.181818.png,#b57a36,1918,1.659170,0.074663,0.045000
z_0039_518.181818.png,#cacc5e,114,0.098616,0.004438,0.045000
z_0039_518.181818.png,#cc1f00,1604,1.387543,0.062439,0.045000
z_0039_518.181818.png,#f06e8a,3666,3.171280,0.142708,0.045000
z_0040_519.186603.png,#157d0b,1372,1.186851,0.053408,0.045000
z_0040_519.186603.png,#377e94,2027,1.753460,0.078906,0.045000
z_0040_519.186603.png,#74b59b,1380,1.193772,0.053720,0.045000
z_0040_519.186603.png,#8f82c4,1269,1.097751,0.049399,0.045000
z_0040_519.186603.png,#96d4ba,3377,2.921280,0.131458,0.045000
z_0040_519.186603.png,#a2aee8,848,0.733564,0.033010,0.045000
z_0040_519.186603.png,#a8329d,5612,4.854671,0.218460,0.045000
z_0040_519.186603.png,#a9ebc4,2364,2.044983,0.092024,0.045000
z_0040_519.186603.png,#aeeff2,1964,1.698962,0.076453,0.045000
z_0040_519.186603.png,#b36994,184,0.159170,0.007163,0.045000
z_0040_519.186603.png,#b54136,2485,2.149654,0.096734,0.045000
z_0040_519.186603.png,#b5748e,4034,3.489619,0.157033,0.045000
z_0040_519.186603.png,#b57a36,1880,1.626298,0.073183,0.045000
z_0040_519.186603.png,#cacc5e,113,0.097751,0.004399,0.045000
z_0040_519.186603.png,#cc1f00,1661,1.436851,0.064658,0.045000
z_0040_519.186603.png,#f06e8a,4126,3.569204,0.160614,0.045000
z_0041_520.191388.png,#157d0b,1363,1.179066,0.053058,0.045000
z_0041_520.191388.png,#377e94,2027,1.753460,0.078906,0.045000
z_0041_520.191388.png,#74b59b,1375,1.189446,0.053525,0.045000
z_0041_520.191388.png,#8f82c4,1272,1.100346,0.049516,0.045000
z_0041_520.191388.png,#96d4ba,3389,2.931661,0.131925,0.045000
z_0041_520.191388.png,#a2aee8,845,0.730969,0.032894,0.045000
z_0041_520.191388.png,#a8329d,5629,4.869377,0.219122,0.045000
z_0041_520.191388.png,#a9ebc4,2365,2.045848,0.092063,0.045000
z_0041_520.191388.png,#aeeff2,1967,1.701557,0.076570,0.045000
z_0041_520.191388.png,#b36994,180,0.155709,0.007007,0.045000
z_0041_520.191388.png,#b54136,2490,2.153979,0.096929,0.045000
z_0041_520.191388.png,#b5748e,4057,3.509516,0.157928,0.045000
z_0041_520.191388.png,#b57a36,1869,1.616782,0.072755,0.045000
z_0041_520.191388.png,#cacc5e,112,0.096886,0.004360,0.045000
z_0041_520.191388.png,#cc1f00,1664,1.439446,0.064775,0.045000
z_0041_520.191388.png,#f06e8a,4154,3.593426,0.161704,0.045000
z_0042_521.196172.png,#157d0b,1296,1.121107,0.050450,0.045000
z_0042_521.196172.png,#377e94,2026,1.752595,0.078867,0.045000
z_0042_521.196172.png,#74b59b,1892,1.636678,0.073651,0.045000
z_0042_521.196172.png,#8f82c4,1307,1.130623,0.050878,0.045000
z_0042_521.196172.png,#96d4ba,3653,3.160035,0.142202,0.045000
z_0042_521.196172.png,#a2aee8,824,0.712803,0.032076,0.045000
z_0042_521.196172.png,#a8329d,5870,5.077855,0.228503,0.045000
z_0042_521.196172.png,#a9ebc4,2658,2.299308,0.103469,0.045000
z_0042_521.196172.png,#aeeff2,1752,1.515571,0.068201,0.045000
z_0042_521.196172.png,#b36994,93,0.080450,0.003620,0.045000
z_0042_521.196172.png,#b54136,2023,1.750000,0.078750,0.045000
z_0042_521.196172.png,#b5748e,3900,3.373702,0.151817,0.045000
z_0042_521.196172.png,#b57a36,1903,1.646194,0.074079,0.045000
z_0042_521.196172.png,#cacc5e,70,0.060554,0.002725,0.045000
z_0042_521.196172.png,#cc1f00,1111,0.961073,0.043248,0.045000
z_0042_521.196172.png,#f06e8a,5365,4.641003,0.208845,0.045000
z_0043_522.200957.png,#157d0b,1312,1.134948,0.051073,0.045000
z_0043_522.200957.png,#377e94,1986,1.717993,0.077310,0.045000
z_0043_522.200957.png,#74b59b,1988,1.719723,0.077388,0.045000
z_0043_522.200957.png,#8f82c4,1297,1.121972,0.050489,0.045000
z_0043_522.200957.png,#96d4ba,4092,3.539792,0.159291,0.045000
z_0043_522.200957.png,#a2aee8,797,0.689446,0.031025,0.045000
z_0043_522.200957.png,#a8329d,5958,5.153979,0.231929,0.045000
z_0043_522.200957.png,#a9ebc4,2761,2.388408,0.107478,0.045000
z_0043_522.200957.png,#aeeff2,1587,1.372837,0.061778,0.045000
z_0043_522.200957.png,#b36994,79,0.068339,0.003075,0.045000
z_0043_522.200957.png,#b54136,1988,1.719723,0.077388,0.045000
z_0043_522.200957.png,#b5748e,3701,3.201557,0.144070,0.045000
z_0043_522.200957.png,#b57a36,1893,1.637543,0.073689,0.045000
z_0043_522.200957.png,#cacc5e,70,0.060554,0.002725,0.045000
z_0043_522.200957.png,#cc1f00,934,0.807958,0.036358,0.045000
z_0043_522.200957.png,#f06e8a,5563,4.812284,0.216553,0.045000
z_0044_523.205742.png,#030b9e,37,0.032007,0.001440,0.045000
z_0044_523.205742.png,#157d0b,1338,1.157439,0.052085,0.045000
z_0044_523.205742.png,#377e94,1994,1.724913,0.077621,0.045000
z_0044_523.205742.png,#74b59b,2094,1.811419,0.081514,0.045000
z_0044_523.205742.png,#8f82c4,1299,1.123702,0.050567,0.045000
z_0044_523.205742.png,#96d4ba,4510,3.901384,0.175562,0.045000
z_0044_523.205742.png,#a2aee8,919,0.794983,0.035774,0.045000
z_0044_523.205742.png,#a8329d,5933,5.132353,0.230956,0.045000
z_0044_523.205742.png,#a9ebc4,2820,2.439446,0.109775,0.045000
z_0044_523.205742.png,#aeeff2,1570,1.358131,0.061116,0.045000
z_0044_523.205742.png,#b36994,92,0.079585,0.003581,0.045000
z_0044_523.205742.png,#b54136,1980,1.712803,0.077076,0.045000
z_0044_523.205742.png,#b5748e,3754,3.247405,0.146133,0.045000
z_0044_523.205742.png,#b57a36,1913,1.654844,0.074468,0.045000
z_0044_523.205742.png,#cacc5e,71,0.061419,0.002764,0.045000
z_0044_523.205742.png,#cc1f00,862,0.745675,0.033555,0.045000
z_0044_523.205742.png,#cc68e8,108,0.093426,0.004204,0.045000
z_0044_523.205742.png,#f06e8a,5971,5.165225,0.232435,0.045000
z_0045_524.210526.png,#030b9e,136,0.117647,0.005294,0.045000
z_0045_524.210526.png,#157d0b,1347,1.165225,0.052435,0.045000
z_0045_524.210526.png,#377e94,2078,1.797578,0.080891,0.045000
z_0045_524.210526.png,#74b59b,2101,1.817474,0.081786,0.045000
z_0045_524.210526.png,#8f82c4,1353,1.170415,0.052669,0.045000
z_0045_524.210526.png,#96d4ba,4497,3.890138,0.175056,0.045000
z_0045_524.210526.png,#a2aee8,961,0.831315,0.037409,0.045000
z_0045_524.210526.png,#a8329d,6116,5.290657,0.238080,0.045000
z_0045_524.210526.png,#a9ebc4,2806,2.427336,0.109230,0.045000
z_0045_524.210526.png,#aeeff2,1861,1.609862,0.072444,0.045000
z_0045_524.210526.png,#b36994,84,0.072664,0.003270,0.045000
z_0045_524.210526.png,#b54136,1891,1.635813,0.073612,0.045000
z_0045_524.210526.png,#b5748e,3782,3.271626,0.147223,0.045000
z_0045_524.210526.png,#b57a36,1946,1.683391,0.075753,0.045000
z_0045_524.210526.png,#cacc5e,81,0.070069,0.003153,0.045000
z_0045_524.210526.png,#cc1f00,838,0.724913,0.032621,0.045000
z_0045_524.210526.png,#cc68e8,172,0.148789,0.006696,0.045000
z_0045_524.210526.png,#f06e8a,6328,5.474048,0.246332,0.045000
z_0046_525.215311.png,#030b9e,273,0.236159,0.010627,0.045000
z_0046_525.215311.png,#157d0b,1311,1.134083,0.051034,0.045000
z_0046_525.215311.png,#377e94,2142,1.852941,0.083382,0.045000
z_0046_525.215311.png,#74b59b,2168,1.875433,0.084394,0.045000
z_0046_525.215311.png,#8f82c4,1337,1.156574,0.052046,0.045000
z_0046_525.215311.png,#96d4ba,4319,3.736159,0.168127,0.045000
z_0046_525.215311.png,#a2aee8,965,0.834775,0.037565,0.045000
z_0046_525.215311.png,#a8329d,6406,5.541522,0.249369,0.045000
z_0046_525.215311.png,#a9ebc4,2691,2.327855,0.104753,0.045000
z_0046_525.215311.png,#aeeff2,2030,1.756055,0.079022,0.045000
z_0046_525.215311.png,#b36994,84,0.072664,0.003270,0.045000
z_0046_525.215311.png,#b54136,1940,1.678201,0.075519,0.045000
z_0046_525.215311.png,#b5748e,3743,3.237889,0.145705,0.045000
z_0046_525.215311.png,#b57a36,1919,1.660035,0.074702,0.045000
z_0046_525.215311.png,#cacc5e,74,0.064014,0.002881,0.045000
z_0046_525.215311.png,#cc1f00,811,0.701557,0.031570,0.045000
z_0046_525.215311.png,#cc68e8,239,0.206747,0.009304,0.045000
z_0046_525.215311.png,#f06e8a,6397,5.533737,0.249018,0.045000
z_0047_526.220096.png,#030b9e,548,0.474048,0.021332,0.045000
z_0047_526.220096.png,#157d0b,1448,1.252595,0.056367,0.045000
z_0047_526.220096.png,#377e94,2325,2.011246,0.090506,0.045000
z_0047_526.220096.png,#74b59b,2113,1.827855,0.082253,0.045000
z_0047_526.220096.png,#8f82c4,1279,1.106401,0.049788,0.045000
z_0047_526.220096.png,#96d4ba,4245,3.672145,0.165247,0.045000
z_0047_526.220096.png,#a2aee8,903,0.781142,0.035151,0.045000
z_0047_526.220096.png,#a8329d,6707,5.801903,0.261086,0.045000
z_0047_526.220096.png,#a9ebc4,2518,2.178201,0.098019,0.045000
z_0047_526.220096.png,#aeeff2,2168,1.875433,0.084394,0.045000
z_0047_526.220096.png,#b36994,69,0.059689,0.002686,0.045000
z_0047_526.220096.png,#b54136,1964,1.698962,0.076453,0.045000
z_0047_526.220096.png,#b5748e,3728,3.224913,0.145121,0.045000
z_0047_526.220096.png,#b57a36,1900,1.643599,0.073962,0.045000
z_0047_526.220096.png,#cacc5e,85,0.073529,0.003309,0.045000
z_0047_526.220096.png,#cc1f00,796,0.688581,0.030986,0.045000
z_0047_526.220096.png,#cc68e8,364,0.314879,0.014170,0.045000
z_0047_526.220096.png,#f06e8a,6717,5.810554,0.261475,0.045000
z_0048_527.224880.png,#030b9e,653,0.564879,0.025420,0.045000
z_0048_527.224880.png,#157d0b,1546,1.337370,0.060182,0.045000
z_0048_527.224880.png,#377e94,2606,2.254325,0.101445,0.045000
z_0048_527.224880.png,#74b59b,2011,1.739619,0.078283,0.045000
z_0048_527.224880.png,#8f82c4,1286,1.112457,0.050061,0.045000
z_0048_527.224880.png,#96d4ba,4140,3.581315,0.161159,0.045000
z_0048_527.224880.png,#a2aee8,759,0.656574,0.029546,0.045000
z_0048_527.224880.png,#a8329d,6935,5.999135,0.269961,0.045000
z_0048_527.224880.png,#a9ebc4,2243,1.940311,0.087314,0.045000
z_0048_527.224880.png,#aeeff2,2217,1.917820,0.086302,0.045000
z_0048_527.224880.png,#b36994,66,0.057093,0.002569,0.045000
z_0048_527.224880.png,#b54136,1927,1.666955,0.075013,0.045000
z_0048_527.224880.png,#b5748e,3732,3.228374,0.145277,0.045000
z_0048_527.224880.png,#b57a36,1828,1.581315,0.071159,0.045000
z_0048_527.224880.png,#cacc5e,85,0.073529,0.003309,0.045000
z_0048_527.224880.png,#cc1f00,783,0.677336,0.030480,0.045000
z_0048_527.224880.png,#cc68e8,578,0.500000,0.022500,0.045000
z_0048_527.224880.png,#f06e8a,6709,5.803633,0.261163,0.045000
z_0049_528.229665.png,#030b9e,764,0.660900,0.029740,0.045000
z_0049_528.229665.png,#157d0b,1707,1.476644,0.066449,0.045000
z_0049_528.229665.png,#377e94,2951,2.552768,0.114875,0.045000
z_0049_528.229665.png,#74b59b,1814,1.569204,0.070614,0.045000
z_0049_528.229665.png,#8f82c4,1360,1.176471,0.052941,0.045000
z_0049_528.229665.png,#96d4ba,4164,3.602076,0.162093,0.045000
z_0049_528.229665.png,#a2aee8,636,0.550173,0.024758,0.045000
z_0049_528.229665.png,#a8329d,6877,5.948962,0.267703,0.045000
z_0049_528.229665.png,#a9ebc4,1759,1.521626,0.068473,0.045000
z_0049_528.229665.png,#aeeff2,2288,1.979239,0.089066,0.045000
z_0049_528.229665.png,#b36994,61,0.052768,0.002375,0.045000
z_0049_528.229665.png,#b54136,1876,1.622837,0.073028,0.045000
z_0049_528.229665.png,#b5748e,3888,3.363322,0.151349,0.045000
z_0049_528.229665.png,#b57a36,1754,1.517301,0.068279,0.045000
z_0049_528.229665.png,#cacc5e,86,0.074394,0.003348,0.045000
z_0049_528.229665.png,#cc1f00,869,0.751730,0.033828,0.045000
z_0049_528.229665.png,#cc68e8,782,0.676471,0.030441,0.045000
z_0049_528.229665.png,#f06e8a,6942,6.005190,0.270234,0.045000
z_0050_529.234450.png,#030b9e,878,0.759516,0.034178,0.045000
z_0050_529.234450.png,#157d0b,2301,1.990484,0.089572,0.045000
z_0050_529.234450.png,#377e94,3380,2.923875,0.131574,0.045000
z_0050_529.234450.png,#74b59b,1675,1.448962,0.065203,0.045000
z_0050_529.234450.png,#8f82c4,1435,1.241349,0.055861,0.045000
z_0050_529.234450.png,#96d4ba,4233,3.661765,0.164779,0.045000
z_0050_529.234450.png,#a2aee8,569,0.492215,0.022150,0.045000
z_0050_529.234450.png,#a8329d,6798,5.880623,0.264628,0.045000
z_0050_529.234450.png,#a9ebc4,1032,0.892734,0.040173,0.045000
z_0050_529.234450.png,#aeeff2,2367,2.047578,0.092141,0.045000
z_0050_529.234450.png,#b36994,50,0.043253,0.001946,0.045000
z_0050_529.234450.png,#b54136,1817,1.571799,0.070731,0.045000
z_0050_529.234450.png,#b5748e,3995,3.455882,0.155515,0.045000
z_0050_529.234450.png,#b57a36,1741,1.506055,0.067772,0.045000
z_0050_529.234450.png,#cacc5e,102,0.088235,0.003971,0.045000
z_0050_529.234450.png,#cc1f00,748,0.647059,0.029118,0.045000
z_0050_529.234450.png,#cc68e8,920,0.795848,0.035813,0.045000
z_0050_529.234450.png,#f06e8a,7391,6.393599,0.287712,0.045000
z_0051_530.239234.png,#030b9e,956,0.826990,0.037215,0.045000
z_0051_530.239234.png,#157d0b,2618,2.264706,0.101912,0.045000
z_0051_530.239234.png,#377e94,3604,3.117647,0.140294,0.045000
z_0051_530.239234.png,#74b59b,1521,1.315744,0.059208,0.045000
z_0051_530.239234.png,#8f82c4,1487,1.286332,0.057885,0.045000
z_0051_530.239234.png,#96d4ba,4426,3.828720,0.172292,0.045000
z_0051_530.239234.png,#a2aee8,478,0.413495,0.018607,0.045000
z_0051_530.239234.png,#a8329d,6517,5.637543,0.253689,0.045000
z_0051_530.239234.png,#a9ebc4,851,0.736159,0.033127,0.045000
z_0051_530.239234.png,#aeeff2,2487,2.151384,0.096812,0.045000
z_0051_530.239234.png,#b36994,39,0.033737,0.001518,0.045000
z_0051_530.239234.png,#b54136,1775,1.535467,0.069096,0.045000
z_0051_530.239234.png,#b5748e,3847,3.327855,0.149753,0.045000
z_0051_530.239234.png,#b57a36,1693,1.464533,0.065904,0.045000
z_0051_530.239234.png,#cacc5e,111,0.096021,0.004321,0.045000
z_0051_530.239234.png,#cc1f00,695,0.601211,0.027054,0.045000
z_0051_530.239234.png,#cc68e8,1037,0.897059,0.040368,0.045000
z_0051_530.239234.png,#f06e8a,7217,6.243080,0.280939,0.045000
z_0052_531.244019.png,#030b9e,1082,0.935986,0.042119,0.045000
z_0052_531.244019.png,#157d0b,2802,2.423875,0.109074,0.045000
z_0052_531.244019.png,#377e94,3871,3.348616,0.150688,0.045000
z_0052_531.244019.png,#74b59b,1416,1.224913,0.055121,0.045000
z_0052_531.244019.png,#8f82c4,1511,1.307093,0.058819,0.045000
z_0052_531.244019.png,#96d4ba,4676,4.044983,0.182024,0.045000
z_0052_531.244019.png,#a2aee8,419,0.362457,0.016311,0.045000
z_0052_531.244019.png,#a8329d,6055,5.237889,0.235705,0.045000
z_0052_531.244019.png,#a9ebc4,829,0.717128,0.032271,0.045000
z_0052_531.244019.png,#aeeff2,2527,2.185986,0.098369,0.045000
z_0052_531.244019.png,#b36994,28,0.024221,0.001090,0.045000
z_0052_531.244019.png,#b54136,1745,1.509516,0.067928,0.045000
z_0052_531.244019.png,#b5748e,3737,3.232699,0.145471,0.045000
z_0052_531.244019.png,#b57a36,1787,1.545848,0.069563,0.045000
z_0052_531.244019.png,#cacc5e,87,0.075260,0.003387,0.045000
z_0052_531.244019.png,#cc1f00,714,0.617647,0.027794,0.045000
z_0052_531.244019.png,#cc68e8,1155,0.999135,0.044961,0.045000
z_0052_531.244019.png,#f06e8a,6867,5.940311,0.267314,0.045000
z_0053_532.248804.png,#030b9e,1081,0.935121,0.042080,0.045000
z_0053_532.248804.png,#157d0b,2794,2.416955,0.108763,0.045000
z_0053_532.248804.png,#377e94,3873,3.350346,0.150766,0.045000
z_0053_532.248804.png,#74b59b,1407,1.217128,0.054771,0.045000
z_0053_532.248804.png,#8f82c4,1521,1.315744,0.059208,0.045000
z_0053_532.248804.png,#96d4ba,4663,4.033737,0.181518,0.045000
z_0053_532.248804.png,#a2aee8,414,0.358131,0.016116,0.045000
z_0053_532.248804.png,#a8329d,6037,5.222318,0.235004,0.045000
z_0053_532.248804.png,#a9ebc4,818,0.707612,0.031843,0.045000
z_0053_532.248804.png,#aeeff2,2522,2.181661,0.098175,0.045000
z_0053_532.248804.png,#b36994,31,0.026817,0.001207,0.045000
z_0053_532.248804.png,#b54136,1748,1.512111,0.068045,0.045000
z_0053_532.248804.png,#b5748e,3734,3.230104,0.145355,0.045000
z_0053_532.248804.png,#b57a36,1773,1.533737,0.069018,0.045000
z_0053_532.248804.png,#cacc5e,86,0.074394,0.003348,0.045000
z_0053_532.248804.png,#cc1f00,716,0.619377,0.027872,0.045000
z_0053_532.248804.png,#cc68e8,1149,0.993945,0.044728,0.045000
z_0053_532.248804.png,#f06e8a,6872,5.944637,0.267509,0.045000
z_0054_533.253589.png,#030b9e,1289,1.115052,0.050177,0.045000
z_0054_533.253589.png,#157d0b,2830,2.448097,0.110164,0.045000
z_0054_533.253589.png,#377e94,4409,3.814014,0.171631,0.045000
z_0054_533.253589.png,#74b59b,1206,1.043253,0.046946,0.045000
z_0054_533.253589.png,#8f82c4,1698,1.468858,0.066099,0.045000
z_0054_533.253589.png,#96d4ba,4678,4.046713,0.182102,0.045000
z_0054_533.253589.png,#a2aee8,353,0.305363,0.013741,0.045000
z_0054_533.253589.png,#a8329d,5548,4.799308,0.215969,0.045000
z_0054_533.253589.png,#a9ebc4,960,0.830450,0.037370,0.045000
z_0054_533.253589.png,#aeeff2,2771,2.397059,0.107868,0.045000
z_0054_533.253589.png,#b36994,24,0.020761,0.000934,0.045000
z_0054_533.253589.png,#b54136,1564,1.352941,0.060882,0.045000
z_0054_533.253589.png,#b5748e,3587,3.102941,0.139632,0.045000
z_0054_533.253589.png,#b57a36,1920,1.660900,0.074740,0.045000
z_0054_533.253589.png,#cacc5e,71,0.061419,0.002764,0.045000
z_0054_533.253589.png,#cc1f00,1183,1.023356,0.046051,0.045000
z_0054_533.253589.png,#cc68e8,1724,1.491349,0.067111,0.045000
z_0054_533.253589.png,#f06e8a,6703,5.798443,0.260930,0.045000
z_0055_534.258373.png,#030b9e,1344,1.162630,0.052318,0.045000
z_0055_534.258373.png,#157d0b,3046,2.634948,0.118573,0.045000
z_0055_534.258373.png,#377e94,4473,3.869377,0.174122,0.045000
z_0055_534.258373.png,#74b59b,1107,0.957612,0.043093,0.045000
z_0055_534.258373.png,#8f82c4,1796,1.553633,0.069913,0.045000
z_0055_534.258373.png,#96d4ba,4679,4.047578,0.182141,0.045000
z_0055_534.258373.png,#9e033c,17,0.014706,0.000662,0.045000
z_0055_534.258373.png,#a2aee8,322,0.278547,0.012535,0.045000
z_0055_534.258373.png,#a8329d,5271,4.559689,0.205186,0.045000
z_0055_534.258373.png,#a9ebc4,916,0.792388,0.035657,0.045000
z_0055_534.258373.png,#aeeff2,2862,2.475779,0.111410,0.045000
z_0055_534.258373.png,#b36994,55,0.047578,0.002141,0.045000
z_0055_534.258373.png,#b54136,1419,1.227509,0.055238,0.045000
z_0055_534.258373.png,#b5748e,3514,3.039792,0.136791,0.045000
z_0055_534.258373.png,#b57a36,1964,1.698962,0.076453,0.045000
z_0055_534.258373.png,#cacc5e,76,0.065744,0.002958,0.045000
z_0055_534.258373.png,#cc1f00,1031,0.891869,0.040134,0.045000
z_0055_534.258373.png,#cc68e8,2179,1.884948,0.084823,0.045000
z_0055_534.258373.png,#f06e8a,6681,5.779412,0.260074,0.045000
z_0056_535.263158.png,#030b9e,1473,1.274221,0.057340,0.045000
z_0056_535.263158.png,#157d0b,3433,2.969723,0.133638,0.045000
z_0056_535.263158.png,#377e94,4446,3.846021,0.173071,0.045000
z_0056_535.263158.png,#74b59b,913,0.789792,0.035541,0.045000
z_0056_535.263158.png,#8f82c4,1886,1.631488,0.073417,0.045000
z_0056_535.263158.png,#96d4ba,4851,4.196367,0.188837,0.045000
z_0056_535.263158.png,#9e033c,36,0.031142,0.001401,0.045000
z_0056_535.263158.png,#a2aee8,259,0.224048,0.010082,0.045000
z_0056_535.263158.png,#a8329d,5097,4.409170,0.198413,0.045000
z_0056_535.263158.png,#a9ebc4,946,0.818339,0.036825,0.045000
z_0056_535.263158.png,#aeeff2,2717,2.350346,0.105766,0.045000
z_0056_535.263158.png,#b36994,74,0.064014,0.002881,0.045000
z_0056_535.263158.png,#b54136,1314,1.136678,0.051151,0.045000
z_0056_535.263158.png,#b5748e,3674,3.178201,0.143019,0.045000
z_0056_535.263158.png,#b57a36,2063,1.784602,0.080307,0.045000
z_0056_535.263158.png,#cacc5e,69,0.059689,0.002686,0.045000
z_0056_535.263158.png,#cc1f00,1019,0.881488,0.039667,0.045000
z_0056_535.263158.png,#cc68e8,2433,2.104671,0.094710,0.045000
z_0056_535.263158.png,#f06e8a,6623,5.729239,0.257816,0.045000
z_0057_536.267943.png,#030b9e,1814,1.569204,0.070614,0.045000
z_0057_536.267943.png,#157d0b,3898,3.371972,0.151739,0.045000
z_0057_536.267943.png,#377e94,4423,3.826125,0.172176,0.045000
z_0057_536.267943.png,#74b59b,820,0.709343,0.031920,0.045000
z_0057_536.267943.png,#8f82c4,1967,1.701557,0.076570,0.045000
z_0057_536.267943.png,#96d4ba,5037,4.357266,0.196077,0.045000
z_0057_536.267943.png,#9e033c,44,0.038062,0.001713,0.045000
z_0057_536.267943.png,#a2aee8,194,0.167820,0.007552,0.045000
z_0057_536.267943.png,#a8329d,4802,4.153979,0.186929,0.045000
z_0057_536.267943.png,#a9ebc4,976,0.844291,0.037993,0.045000
z_0057_536.267943.png,#aeeff2,2607,2.255190,0.101484,0.045000
z_0057_536.267943.png,#b36994,71,0.061419,0.002764,0.045000
z_0057_536.267943.png,#b54136,1189,1.028547,0.046285,0.045000
z_0057_536.267943.png,#b5748e,3550,3.070934,0.138192,0.045000
z_0057_536.267943.png,#b57a36,2122,1.835640,0.082604,0.045000
z_0057_536.267943.png,#cacc5e,41,0.035467,0.001596,0.045000
z_0057_536.267943.png,#cc1f00,992,0.858131,0.038616,0.045000
z_0057_536.267943.png,#cc68e8,2565,2.218858,0.099849,0.045000
z_0057_536.267943.png,#f06e8a,6540,5.657439,0.254585,0.045000
z_0058_537.272727.png,#030b9e,1811,1.566609,0.070497,0.045000
z_0058_537.272727.png,#157d0b,3903,3.376298,0.151933,0.045000
z_0058_537.272727.png,#377e94,4425,3.827855,0.172253,0.045000
z_0058_537.272727.png,#74b59b,812,0.702422,0.031609,0.045000
z_0058_537.272727.png,#8f82c4,1964,1.698962,0.076453,0.045000
z_0058_537.272727.png,#96d4ba,5031,4.352076,0.195843,0.045000
z_0058_537.272727.png,#9e033c,44,0.038062,0.001713,0.045000
z_0058_537.272727.png,#a2aee8,190,0.164360,0.007396,0.045000
z_0058_537.272727.png,#a8329d,4787,4.141003,0.186345,0.045000
z_0058_537.272727.png,#a9ebc4,973,0.841696,0.037876,0.045000
z_0058_537.272727.png,#aeeff2,2608,2.256055,0.101522,0.045000
z_0058_537.272727.png,#b36994,72,0.062284,0.002803,0.045000
z_0058_537.272727.png,#b54136,1189,1.028547,0.046285,0.045000
z_0058_537.272727.png,#b5748e,3529,3.052768,0.137375,0.045000
z_0058_537.272727.png,#b57a36,2120,1.833910,0.082526,0.045000
z_0058_537.272727.png,#cacc5e,41,0.035467,0.001596,0.045000
z_0058_537.272727.png,#cc1f00,992,0.858131,0.038616,0.045000
z_0058_537.272727.png,#cc68e8,2563,2.217128,0.099771,0.045000
z_0058_537.272727.png,#f06e8a,6540,5.657439,0.254585,0.045000
z_0059_538.277512.png,#030b9e,2340,2.024221,0.091090,0.045000
z_0059_538.277512.png,#157d0b,3971,3.435121,0.154580,0.045000
z_0059_538.277512.png,#377e94,4280,3.702422,0.166609,0.045000
z_0059_538.277512.png,#74b59b,665,0.575260,0.025887,0.045000
z_0059_538.277512.png,#8f82c4,2397,2.073529,0.093309,0.045000
z_0059_538.277512.png,#96d4ba,4830,4.178201,0.188019,0.045000
z_0059_538.277512.png,#9e033c,56,0.048443,0.002180,0.045000
z_0059_538.277512.png,#a2aee8,105,0.090830,0.004087,0.045000
z_0059_538.277512.png,#a8329d,4582,3.963668,0.178365,0.045000
z_0059_538.277512.png,#a9ebc4,1040,0.899654,0.040484,0.045000
z_0059_538.277512.png,#aeeff2,2356,2.038062,0.091713,0.045000
z_0059_538.277512.png,#b36994,86,0.074394,0.003348,0.045000
z_0059_538.277512.png,#b54136,1141,0.987024,0.044416,0.045000
z_0059_538.277512.png,#b5748e,3215,2.781142,0.125151,0.045000
z_0059_538.277512.png,#b57a36,2229,1.928201,0.086769,0.045000
z_0059_538.277512.png,#cacc5e,46,0.039792,0.001791,0.045000
z_0059_538.277512.png,#cc1f00,1133,0.980104,0.044105,0.045000
z_0059_538.277512.png,#cc68e8,2521,2.180796,0.098136,0.045000
z_0059_538.277512.png,#f06e8a,6238,5.396194,0.242829,0.045000
z_0060_539.282297.png,#030b9e,2633,2.277682,0.102496,0.045000
z_0060_539.282297.png,#157d0b,3620,3.131488,0.140917,0.045000
z_0060_539.282297.png,#377e94,4263,3.687716,0.165947,0.045000
z_0060_539.282297.png,#74b59b,504,0.435986,0.019619,0.045000
z_0060_539.282297.png,#8f82c4,2526,2.185121,0.098330,0.045000
z_0060_539.282297.png,#96d4ba,4162,3.600346,0.162016,0.045000
z_0060_539.282297.png,#9e033c,73,0.063149,0.002842,0.045000
z_0060_539.282297.png,#a2aee8,451,0.390138,0.017556,0.045000
z_0060_539.282297.png,#a8329d,4649,4.021626,0.180973,0.045000
z_0060_539.282297.png,#a9ebc4,2429,2.101211,0.094554,0.045000
z_0060_539.282297.png,#aeeff2,2003,1.732699,0.077971,0.045000
z_0060_539.282297.png,#b36994,88,0.076125,0.003426,0.045000
z_0060_539.282297.png,#b54136,1164,1.006920,0.045311,0.045000
z_0060_539.282297.png,#b5748e,2905,2.512976,0.113084,0.045000
z_0060_539.282297.png,#b57a36,2538,2.195502,0.098798,0.045000
z_0060_539.282297.png,#cacc5e,61,0.052768,0.002375,0.045000
z_0060_539.282297.png,#cc1f00,1469,1.270761,0.057184,0.045000
z_0060_539.282297.png,#cc68e8,2198,1.901384,0.085562,0.045000
z_0060_539.282297.png,#f06e8a,5807,5.023356,0.226051,0.045000
z_0061_540.287081.png,#030b9e,2634,2.278547,0.102535,0.045000
z_0061_540.287081.png,#157d0b,3624,3.134948,0.141073,0.045000
z_0061_540.287081.png,#377e94,4246,3.673010,0.165285,0.045000
z_0061_540.287081.png,#74b59b,501,0.433391,0.019503,0.045000
z_0061_540.287081.png,#8f82c4,2532,2.190311,0.098564,0.045000
z_0061_540.287081.png,#96d4ba,4168,3.605536,0.162249,0.045000
z_0061_540.287081.png,#9e033c,71,0.061419,0.002764,0.045000
z_0061_540.287081.png,#a2aee8,460,0.397924,0.017907,0.045000
z_0061_540.287081.png,#a8329d,4642,4.015571,0.180701,0.045000
z_0061_540.287081.png,#a9ebc4,2427,2.099481,0.094477,0.045000
z_0061_540.287081.png,#aeeff2,2028,1.754325,0.078945,0.045000
z_0061_540.287081.png,#b36994,88,0.076125,0.003426,0.045000
z_0061_540.287081.png,#b54136,1169,1.011246,0.045506,0.045000
z_0061_540.287081.png,#b5748e,2881,2.492215,0.112150,0.045000
z_0061_540.287081.png,#b57a36,2547,2.203287,0.099148,0.045000
z_0061_540.287081.png,#cacc5e,57,0.049308,0.002219,0.045000
z_0061_540.287081.png,#cc1f00,1468,1.269896,0.057145,0.045000
z_0061_540.287081.png,#cc68e8,2192,1.896194,0.085329,0.045000
z_0061_540.287081.png,#f06e8a,5797,5.014706,0.225662,0.045000
z_0062_541.291866.png,#030b9e,2763,2.390138,0.107556,0.045000
z_0062_541.291866.png,#157d0b,2908,2.515571,0.113201,0.045000
z_0062_541.291866.png,#377e94,4138,3.579585,0.161081,0.045000
z_0062_541.291866.png,#4a7840,4,0.003460,0.000156,0.045000
z_0062_541.291866.png,#74b59b,409,0.353806,0.015921,0.045000
z_0062_541.291866.png,#8f82c4,2591,2.241349,0.100861,0.045000
z_0062_541.291866.png,#96d4ba,3670,3.174740,0.142863,0.045000
z_0062_541.291866.png,#9e033c,69,0.059689,0.002686,0.045000
z_0062_541.291866.png,#a2aee8,512,0.442907,0.019931,0.045000
z_0062_541.291866.png,#a8329d,4537,3.924740,0.176613,0.045000
z_0062_541.291866.png,#a9ebc4,2102,1.818339,0.081825,0.045000
z_0062_541.291866.png,#aeeff2,1832,1.584775,0.071315,0.045000
z_0062_541.291866.png,#b36994,120,0.103806,0.004671,0.045000
z_0062_541.291866.png,#b54136,1145,0.990484,0.044572,0.045000
z_0062_541.291866.png,#b5748e,2591,2.241349,0.100861,0.045000
z_0062_541.291866.png,#b57a36,2620,2.266436,0.101990,0.045000
z_0062_541.291866.png,#cacc5e,71,0.061419,0.002764,0.045000
z_0062_541.291866.png,#cc1f00,1778,1.538062,0.069213,0.045000
z_0062_541.291866.png,#cc68e8,1962,1.697232,0.076375,0.045000
z_0062_541.291866.png,#f06e8a,5657,4.893599,0.220212,0.045000
z_0063_542.296651.png,#030b9e,2924,2.529412,0.113824,0.045000
z_0063_542.296651.png,#157d0b,1864,1.612457,0.072561,0.045000
z_0063_542.296651.png,#377e94,3533,3.056228,0.137530,0.045000
z_0063_542.296651.png,#4a7840,37,0.032007,0.001440,0.045000
z_0063_542.296651.png,#74b59b,317,0.274221,0.012340,0.045000
z_0063_542.296651.png,#8f82c4,2842,2.458478,0.110631,0.045000
z_0063_542.296651.png,#96d4ba,3298,2.852941,0.128382,0.045000
z_0063_542.296651.png,#9e033c,46,0.039792,0.001791,0.045000
z_0063_542.296651.png,#a2aee8,540,0.467128,0.021021,0.045000
z_0063_542.296651.png,#a8329d,3942,3.410035,0.153452,0.045000
z_0063_542.296651.png,#a9ebc4,1812,1.567474,0.070536,0.045000
z_0063_542.296651.png,#aeeff2,1702,1.472318,0.066254,0.045000
z_0063_542.296651.png,#b36994,179,0.154844,0.006968,0.045000
z_0063_542.296651.png,#b54136,1174,1.015571,0.045701,0.045000
z_0063_542.296651.png,#b5748e,2272,1.965398,0.088443,0.045000
z_0063_542.296651.png,#b57a36,2490,2.153979,0.096929,0.045000
z_0063_542.296651.png,#cacc5e,405,0.350346,0.015766,0.045000
z_0063_542.296651.png,#cc1f00,2830,2.448097,0.110164,0.045000
z_0063_542.296651.png,#cc68e8,1755,1.518166,0.068317,0.045000
z_0063_542.296651.png,#f06e8a,5168,4.470588,0.201176,0.045000
z_0064_543.301435.png,#030b9e,2912,2.519031,0.113356,0.045000
z_0064_543.301435.png,#157d0b,1856,1.605536,0.072249,0.045000
z_0064_543.301435.png,#377e94,3541,3.063149,0.137842,0.045000
z_0064_543.301435.png,#4a7840,37,0.032007,0.001440,0.045000
z_0064_543.301435.png,#74b59b,317,0.274221,0.012340,0.045000
z_0064_543.301435.png,#8f82c4,2832,2.449827,0.110242,0.045000
z_0064_543.301435.png,#96d4ba,3318,2.870242,0.129161,0.045000
z_0064_543.301435.png,#9e033c,46,0.039792,0.001791,0.045000
z_0064_543.301435.png,#a2aee8,526,0.455017,0.020476,0.045000
z_0064_543.301435.png,#a8329d,3943,3.410900,0.153490,0.045000
z_0064_543.301435.png,#a9ebc4,1822,1.576125,0.070926,0.045000
z_0064_543.301435.png,#aeeff2,1713,1.481834,0.066683,0.045000
z_0064_543.301435.png,#b36994,183,0.158304,0.007124,0.045000
z_0064_543.301435.png,#b54136,1180,1.020761,0.045934,0.045000
z_0064_543.301435.png,#b5748e,2276,1.968858,0.088599,0.045000
z_0064_543.301435.png,#b57a36,2502,2.164360,0.097396,0.045000
z_0064_543.301435.png,#cacc5e,406,0.351211,0.015804,0.045000
z_0064_543.301435.png,#cc1f00,2769,2.395329,0.107790,0.045000
z_0064_543.301435.png,#cc68e8,1758,1.520761,0.068434,0.045000
z_0064_543.301435.png,#f06e8a,5155,4.459343,0.200670,0.045000
z_0065_544.306220.png,#030b9e,2866,2.479239,0.111566,0.045000
z_0065_544.306220.png,#157d0b,1503,1.300173,0.058508,0.045000
z_0065_544.306220.png,#377e94,3079,2.663495,0.119857,0.045000
z_0065_544.306220.png,#4a7840,48,0.041522,0.001869,0.045000
z_0065_544.306220.png,#74b59b,270,0.233564,0.010510,0.045000
z_0065_544.306220.png,#8f82c4,3158,2.731834,0.122933,0.045000
z_0065_544.306220.png,#96d4ba,3216,2.782007,0.125190,0.045000
z_0065_544.306220.png,#9e033c,42,0.036332,0.001635,0.045000
z_0065_544.306220.png,#a2aee8,455,0.393599,0.017712,0.045000
z_0065_544.306220.png,#a8329d,3713,3.211938,0.144537,0.045000
z_0065_544.306220.png,#a9ebc4,1670,1.444637,0.065009,0.045000
z_0065_544.306220.png,#aeeff2,1609,1.391869,0.062634,0.045000
z_0065_544.306220.png,#b36994,224,0.193772,0.008720,0.045000
z_0065_544.306220.png,#b54136,1193,1.032007,0.046440,0.045000
z_0065_544.306220.png,#b5748e,2278,1.970588,0.088676,0.045000
z_0065_544.306220.png,#b57a36,2300,1.989619,0.089533,0.045000
z_0065_544.306220.png,#cacc5e,551,0.476644,0.021449,0.045000
z_0065_544.306220.png,#cc1f00,3376,2.920415,0.131419,0.045000
z_0065_544.306220.png,#cc68e8,1579,1.365917,0.061466,0.045000
z_0065_544.306220.png,#f06e8a,4798,4.150519,0.186773,0.045000
z_0066_545.311005.png,#030b9e,2886,2.496540,0.112344,0.045000
z_0066_545.311005.png,#157d0b,1143,0.988754,0.044494,0.045000
z_0066_545.311005.png,#377e94,2578,2.230104,0.100355,0.045000
z_0066_545.311005.png,#4a7840,56,0.048443,0.002180,0.045000
z_0066_545.311005.png,#74b59b,244,0.211073,0.009498,0.045000
z_0066_545.311005.png,#8f82c4,3401,2.942042,0.132392,0.045000
z_0066_545.311005.png,#96d4ba,3309,2.862457,0.128811,0.045000
z_0066_545.311005.png,#9e033c,141,0.121972,0.005489,0.045000
z_0066_545.311005.png,#a2aee8,441,0.381488,0.017167,0.045000
z_0066_545.311005.png,#a8329d,3415,2.954152,0.132937,0.045000
z_0066_545.311005.png,#a9ebc4,1607,1.390138,0.062556,0.045000
z_0066_545.311005.png,#aeeff2,1447,1.251730,0.056328,0.045000
z_0066_545.311005.png,#b36994,285,0.246540,0.011094,0.045000
z_0066_545.311005.png,#b54136,1234,1.067474,0.048036,0.045000
z_0066_545.311005.png,#b5748e,2172,1.878893,0.084550,0.045000
z_0066_545.311005.png,#b57a36,2187,1.891869,0.085134,0.045000
z_0066_545.311005.png,#cacc5e,647,0.559689,0.025186,0.045000
z_0066_545.311005.png,#cc1f00,3630,3.140138,0.141306,0.045000
z_0066_545.311005.png,#cc68e8,1259,1.089100,0.049010,0.045000
z_0066_545.311005.png,#f06e8a,4564,3.948097,0.177664,0.045000
z_0067_546.315789.png,#030b9e,2789,2.412630,0.108568,0.045000
z_0067_546.315789.png,#157d0b,911,0.788062,0.035463,0.045000
z_0067_546.315789.png,#377e94,1937,1.675606,0.075402,0.045000
z_0067_546.315789.png,#4a7840,65,0.056228,0.002530,0.045000
z_0067_546.315789.png,#74b59b,223,0.192907,0.008681,0.045000
z_0067_546.315789.png,#8f82c4,3457,2.990484,0.134572,0.045000
z_0067_546.315789.png,#96d4ba,3325,2.876298,0.129433,0.045000
z_0067_546.315789.png,#9e033c,204,0.176471,0.007941,0.045000
z_0067_546.315789.png,#a2aee8,442,0.382353,0.017206,0.045000
z_0067_546.315789.png,#a8329d,3156,2.730104,0.122855,0.045000
z_0067_546.315789.png,#a9ebc4,1526,1.320069,0.059403,0.045000
z_0067_546.315789.png,#aeeff2,1262,1.091696,0.049126,0.045000
z_0067_546.315789.png,#b36994,335,0.289792,0.013041,0.045000
z_0067_546.315789.png,#b54136,1205,1.042388,0.046907,0.045000
z_0067_546.315789.png,#b5748e,2059,1.781142,0.080151,0.045000
z_0067_546.315789.png,#b57a36,2130,1.842561,0.082915,0.045000
z_0067_546.315789.png,#cacc5e,535,0.462803,0.020826,0.045000
z_0067_546.315789.png,#cc1f00,3967,3.431661,0.154425,0.045000
z_0067_546.315789.png,#cc68e8,921,0.796713,0.035852,0.045000
z_0067_546.315789.png,#f06e8a,4143,3.583910,0.161276,0.045000
z_0068_547.320574.png,#030b9e,2786,2.410035,0.108452,0.045000
z_0068_547.320574.png,#157d0b,908,0.785467,0.035346,0.045000
z_0068_547.320574.png,#377e94,1936,1.674740,0.075363,0.045000
z_0068_547.320574.png,#4a7840,65,0.056228,0.002530,0.045000
z_0068_547.320574.png,#74b59b,224,0.193772,0.008720,0.045000
z_0068_547.320574.png,#8f82c4,3477,3.007785,0.135350,0.045000
z_0068_547.320574.png,#96d4ba,3319,2.871107,0.129200,0.045000
z_0068_547.320574.png,#9e033c,207,0.179066,0.008058,0.045000
z_0068_547.320574.png,#a2aee8,441,0.381488,0.017167,0.045000
z_0068_547.320574.png,#a8329d,3156,2.730104,0.122855,0.045000
z_0068_547.320574.png,#a9ebc4,1522,1.316609,0.059247,0.045000
z_0068_547.320574.png,#aeeff2,1260,1.089965,0.049048,0.045000
z_0068_547.320574.png,#b36994,332,0.287197,0.012924,0.045000
z_0068_547.320574.png,#b54136,1190,1.029412,0.046324,0.045000
z_0068_547.320574.png,#b5748e,2077,1.796713,0.080852,0.045000
z_0068_547.320574.png,#b57a36,2114,1.828720,0.082292,0.045000
z_0068_547.320574.png,#cacc5e,538,0.465398,0.020943,0.045000
z_0068_547.320574.png,#cc1f00,3977,3.440311,0.154814,0.045000
z_0068_547.320574.png,#cc68e8,925,0.800173,0.036008,0.045000
z_0068_547.320574.png,#f06e8a,4130,3.572664,0.160770,0.045000
z_0069_548.325359.png,#030b9e,950,0.821799,0.036981,0.045000
z_0069_548.325359.png,#157d0b,587,0.507785,0.022850,0.045000
z_0069_548.325359.png,#377e94,1128,0.975779,0.043910,0.045000
z_0069_548.325359.png,#4a7840,104,0.089965,0.004048,0.045000
z_0069_548.325359.png,#74b59b,333,0.288062,0.012963,0.045000
z_0069_548.325359.png,#8f82c4,3626,3.136678,0.141151,0.045000
z_0069_548.325359.png,#96d4ba,3162,2.735294,0.123088,0.045000
z_0069_548.325359.png,#9e033c,398,0.344291,0.015493,0.045000
z_0069_548.325359.png,#a2aee8,588,0.508651,0.022889,0.045000
z_0069_548.325359.png,#a8329d,2616,2.262976,0.101834,0.045000
z_0069_548.325359.png,#a9ebc4,1580,1.366782,0.061505,0.045000
z_0069_548.325359.png,#aeeff2,1194,1.032872,0.046479,0.045000
z_0069_548.325359.png,#b36994,368,0.318339,0.014325,0.045000
z_0069_548.325359.png,#b54136,1206,1.043253,0.046946,0.045000
z_0069_548.325359.png,#b5748e,1808,1.564014,0.070381,0.045000
z_0069_548.325359.png,#b57a36,1807,1.563149,0.070342,0.045000
z_0069_548.325359.png,#cacc5e,291,0.251730,0.011328,0.045000
z_0069_548.325359.png,#cc1f00,4658,4.029412,0.181324,0.045000
z_0069_548.325359.png,#cc68e8,396,0.342561,0.015415,0.045000
z_0069_548.325359.png,#f06e8a,3421,2.959343,0.133170,0.045000
z_0070_549.330144.png,#030b9e,866,0.749135,0.033711,0.045000
z_0070_549.330144.png,#157d0b,226,0.195502,0.008798,0.045000
z_0070_549.330144.png,#377e94,996,0.861592,0.038772,0.045000
z_0070_549.330144.png,#4a7840,137,0.118512,0.005333,0.045000
z_0070_549.330144.png,#74b59b,199,0.172145,0.007747,0.045000
z_0070_549.330144.png,#8f82c4,3890,3.365052,0.151427,0.045000
z_0070_549.330144.png,#96d4ba,3048,2.636678,0.118651,0.045000
z_0070_549.330144.png,#9e033c,410,0.354671,0.015960,0.045000
z_0070_549.330144.png,#a2aee8,651,0.563149,0.025342,0.045000
z_0070_549.330144.png,#a8329d,2506,2.167820,0.097552,0.045000
z_0070_549.330144.png,#a9ebc4,1708,1.477509,0.066488,0.045000
z_0070_549.330144.png,#aeeff2,1278,1.105536,0.049749,0.045000
z_0070_549.330144.png,#b36994,388,0.335640,0.015104,0.045000
z_0070_549.330144.png,#b54136,1173,1.014706,0.045662,0.045000
z_0070_549.330144.png,#b5748e,1626,1.406574,0.063296,0.045000
z_0070_549.330144.png,#b57a36,1857,1.606401,0.072288,0.045000
z_0070_549.330144.png,#cacc5e,128,0.110727,0.004983,0.045000
z_0070_549.330144.png,#cc1f00,5046,4.365052,0.196427,0.045000
z_0070_549.330144.png,#cc68e8,339,0.293253,0.013196,0.045000
z_0070_549.330144.png,#f06e8a,3155,2.729239,0.122816,0.045000
z_0071_550.334928.png,#030b9e,788,0.681661,0.030675,0.045000
z_0071_550.334928.png,#157d0b,157,0.135813,0.006112,0.045000
z_0071_550.334928.png,#377e94,809,0.699827,0.031492,0.045000
z_0071_550.334928.png,#4a7840,184,0.159170,0.007163,0.045000
z_0071_550.334928.png,#74b59b,218,0.188581,0.008486,0.045000
z_0071_550.334928.png,#8f82c4,4334,3.749135,0.168711,0.045000
z_0071_550.334928.png,#96d4ba,2795,2.417820,0.108802,0.045000
z_0071_550.334928.png,#9e033c,419,0.362457,0.016311,0.045000
z_0071_550.334928.png,#a2aee8,805,0.696367,0.031337,0.045000
z_0071_550.334928.png,#a8329d,2573,2.225779,0.100160,0.045000
z_0071_550.334928.png,#a9ebc4,2019,1.746540,0.078594,0.045000
z_0071_550.334928.png,#aeeff2,1436,1.242215,0.055900,0.045000
z_0071_550.334928.png,#b36994,380,0.328720,0.014792,0.045000
z_0071_550.334928.png,#b54136,1051,0.909170,0.040913,0.045000
z_0071_550.334928.png,#b5748e,1422,1.230104,0.055355,0.045000
z_0071_550.334928.png,#b57a36,2022,1.749135,0.078711,0.045000
z_0071_550.334928.png,#cacc5e,39,0.033737,0.001518,0.045000
z_0071_550.334928.png,#cc1f00,5697,4.928201,0.221769,0.045000
z_0071_550.334928.png,#cc68e8,301,0.260381,0.011717,0.045000
z_0071_550.334928.png,#f06e8a,2936,2.539792,0.114291,0.045000
z_0072_551.339713.png,#030b9e,700,0.605536,0.027249,0.045000
z_0072_551.339713.png,#157d0b,170,0.147059,0.006618,0.045000
z_0072_551.339713.png,#377e94,749,0.647924,0.029157,0.045000
z_0072_551.339713.png,#4a7840,279,0.241349,0.010861,0.045000
z_0072_551.339713.png,#74b59b,219,0.189446,0.008525,0.045000
z_0072_551.339713.png,#8f82c4,4572,3.955017,0.177976,0.045000
z_0072_551.339713.png,#96d4ba,2545,2.201557,0.099070,0.045000
z_0072_551.339713.png,#9e033c,423,0.365917,0.016466,0.045000
z_0072_551.339713.png,#a2aee8,1073,0.928201,0.041769,0.045000
z_0072_551.339713.png,#a8329d,2558,2.212803,0.099576,0.045000
z_0072_551.339713.png,#a9ebc4,2137,1.848616,0.083188,0.045000
z_0072_551.339713.png,#aeeff2,1638,1.416955,0.063763,0.045000
z_0072_551.339713.png,#b36994,413,0.357266,0.016077,0.045000
z_0072_551.339713.png,#b54136,881,0.762111,0.034295,0.045000
z_0072_551.339713.png,#b5748e,1208,1.044983,0.047024,0.045000
z_0072_551.339713.png,#b57a36,2097,1.814014,0.081631,0.045000
z_0072_551.339713.png,#cacc5e,27,0.023356,0.001051,0.045000
z_0072_551.339713.png,#cc1f00,6278,5.430796,0.244386,0.045000
z_0072_551.339713.png,#cc68e8,294,0.254325,0.011445,0.045000
z_0072_551.339713.png,#f06e8a,2651,2.293253,0.103196,0.045000
z_0073_552.344498.png,#030b9e,647,0.559689,0.025186,0.045000
z_0073_552.344498.png,#157d0b,160,0.138408,0.006228,0.045000
z_0073_552.344498.png,#377e94,713,0.616782,0.027755,0.045000
z_0073_552.344498.png,#4a7840,292,0.252595,0.011367,0.045000
z_0073_552.344498.png,#74b59b,229,0.198097,0.008914,0.045000
z_0073_552.344498.png,#8f82c4,4610,3.987889,0.179455,0.045000
z_0073_552.344498.png,#96d4ba,2283,1.974913,0.088871,0.045000
z_0073_552.344498.png,#9e033c,421,0.364187,0.016388,0.045000
z_0073_552.344498.png,#a2aee8,1291,1.116782,0.050255,0.045000
z_0073_552.344498.png,#a8329d,2591,2.241349,0.100861,0.045000
z_0073_552.344498.png,#a9ebc4,2167,1.874567,0.084356,0.045000
z_0073_552.344498.png,#aeeff2,1817,1.571799,0.070731,0.045000
z_0073_552.344498.png,#b36994,420,0.363322,0.016349,0.045000
z_0073_552.344498.png,#b54136,772,0.667820,0.030052,0.045000
z_0073_552.344498.png,#b5748e,1188,1.027682,0.046246,0.045000
z_0073_552.344498.png,#b57a36,2117,1.831315,0.082409,0.045000
z_0073_552.344498.png,#cacc5e,26,0.022491,0.001012,0.045000
z_0073_552.344498.png,#cc1f00,6524,5.643599,0.253962,0.045000
z_0073_552.344498.png,#cc68e8,285,0.246540,0.011094,0.045000
z_0073_552.344498.png,#f06e8a,2486,2.150519,0.096773,0.045000
z_0074_553.349282.png,#030b9e,565,0.488754,0.021994,0.045000
z_0074_553.349282.png,#157d0b,138,0.119377,0.005372,0.045000
z_0074_553.349282.png,#377e94,601,0.519896,0.023395,0.045000
z_0074_553.349282.png,#4a7840,360,0.311419,0.014014,0.045000
z_0074_553.349282.png,#74b59b,266,0.230104,0.010355,0.045000
z_0074_553.349282.png,#8f82c4,4384,3.792388,0.170657,0.045000
z_0074_553.349282.png,#96d4ba,1929,1.668685,0.075091,0.045000
z_0074_553.349282.png,#9e033c,321,0.277682,0.012496,0.045000
z_0074_553.349282.png,#a2aee8,1565,1.353806,0.060921,0.045000
z_0074_553.349282.png,#a8329d,2747,2.376298,0.106933,0.045000
z_0074_553.349282.png,#a9ebc4,2152,1.861592,0.083772,0.045000
z_0074_553.349282.png,#aeeff2,1870,1.617647,0.072794,0.045000
z_0074_553.349282.png,#b36994,455,0.393599,0.017712,0.045000
z_0074_553.349282.png,#b54136,721,0.623702,0.028067,0.045000
z_0074_553.349282.png,#b5748e,1057,0.914360,0.041146,0.045000
z_0074_553.349282.png,#b57a36,1896,1.640138,0.073806,0.045000
z_0074_553.349282.png,#cacc5e,23,0.019896,0.000895,0.045000
z_0074_553.349282.png,#cc1f00,6580,5.692042,0.256142,0.045000
z_0074_553.349282.png,#cc68e8,315,0.272491,0.012262,0.045000
z_0074_553.349282.png,#f06e8a,2261,1.955882,0.088015,0.045000
z_0075_554.354067.png,#030b9e,520,0.449827,0.020242,0.045000
z_0075_554.354067.png,#157d0b,106,0.091696,0.004126,0.045000
z_0075_554.354067.png,#377e94,568,0.491349,0.022111,0.045000
z_0075_554.354067.png,#4a7840,414,0.358131,0.016116,0.045000
z_0075_554.354067.png,#74b59b,309,0.267301,0.012029,0.045000
z_0075_554.354067.png,#8f82c4,4203,3.635813,0.163612,0.045000
z_0075_554.354067.png,#96d4ba,1764,1.525952,0.068668,0.045000
z_0075_554.354067.png,#9e033c,231,0.199827,0.008992,0.045000
z_0075_554.354067.png,#a2aee8,1750,1.513841,0.068123,0.045000
z_0075_554.354067.png,#a8329d,2952,2.553633,0.114913,0.045000
z_0075_554.354067.png,#a9ebc4,2063,1.784602,0.080307,0.045000
z_0075_554.354067.png,#aeeff2,1992,1.723183,0.077543,0.045000
z_0075_554.354067.png,#b36994,499,0.431661,0.019425,0.045000
z_0075_554.354067.png,#b54136,608,0.525952,0.023668,0.045000
z_0075_554.354067.png,#b5748e,965,0.834775,0.037565,0.045000
z_0075_554.354067.png,#b57a36,1760,1.522491,0.068512,0.045000
z_0075_554.354067.png,#cacc5e,47,0.040657,0.001830,0.045000
z_0075_554.354067.png,#cc1f00,6566,5.679931,0.255597,0.045000
z_0075_554.354067.png,#cc68e8,344,0.297578,0.013391,0.045000
z_0075_554.354067.png,#f06e8a,2090,1.807958,0.081358,0.045000
z_0076_555.358852.png,#030b9e,445,0.384948,0.017323,0.045000
z_0076_555.358852.png,#157d0b,88,0.076125,0.003426,0.045000
z_0076_555.358852.png,#377e94,462,0.399654,0.017984,0.045000
z_0076_555.358852.png,#4a7840,368,0.318339,0.014325,0.045000
z_0076_555.358852.png,#74b59b,347,0.300173,0.013508,0.045000
z_0076_555.358852.png,#8f82c4,3874,3.351211,0.150804,0.045000
z_0076_555.358852.png,#96d4ba,1536,1.328720,0.059792,0.045000
z_0076_555.358852.png,#9e033c,68,0.058824,0.002647,0.045000
z_0076_555.358852.png,#a2aee8,1998,1.728374,0.077777,0.045000
z_0076_555.358852.png,#a8329d,3056,2.643599,0.118962,0.045000
z_0076_555.358852.png,#a9ebc4,1979,1.711938,0.077037,0.045000
z_0076_555.358852.png,#aeeff2,2002,1.731834,0.077933,0.045000
z_0076_555.358852.png,#b36994,511,0.442042,0.019892,0.045000
z_0076_555.358852.png,#b54136,518,0.448097,0.020164,0.045000
z_0076_555.358852.png,#b5748e,909,0.786332,0.035385,0.045000
z_0076_555.358852.png,#b57a36,1730,1.496540,0.067344,0.045000
z_0076_555.358852.png,#cacc5e,58,0.050173,0.002258,0.045000
z_0076_555.358852.png,#cc1f00,6445,5.575260,0.250887,0.045000
z_0076_555.358852.png,#cc68e8,383,0.331315,0.014909,0.045000
z_0076_555.358852.png,#f06e8a,1949,1.685986,0.075869,0.045000
z_0077_556.363636.png,#030b9e,376,0.325260,0.014637,0.045000
z_0077_556.363636.png,#157d0b,96,0.083045,0.003737,0.045000
z_0077_556.363636.png,#377e94,282,0.243945,0.010978,0.045000
z_0077_556.363636.png,#4a7840,344,0.297578,0.013391,0.045000
z_0077_556.363636.png,#74b59b,393,0.339965,0.015298,0.045000
z_0077_556.363636.png,#8f82c4,3529,3.052768,0.137375,0.045000
z_0077_556.363636.png,#96d4ba,1555,1.345156,0.060532,0.045000
z_0077_556.363636.png,#9e033c,68,0.058824,0.002647,0.045000
z_0077_556.363636.png,#a2aee8,2526,2.185121,0.098330,0.045000
z_0077_556.363636.png,#a8329d,3143,2.718858,0.122349,0.045000
z_0077_556.363636.png,#a9ebc4,1582,1.368512,0.061583,0.045000
z_0077_556.363636.png,#aeeff2,1989,1.720588,0.077426,0.045000
z_0077_556.363636.png,#b36994,525,0.454152,0.020437,0.045000
z_0077_556.363636.png,#b54136,516,0.446367,0.020087,0.045000
z_0077_556.363636.png,#b5748e,880,0.761246,0.034256,0.045000
z_0077_556.363636.png,#b57a36,1713,1.481834,0.066683,0.045000
z_0077_556.363636.png,#cacc5e,65,0.056228,0.002530,0.045000
z_0077_556.363636.png,#cc1f00,6146,5.316609,0.239247,0.045000
z_0077_556.363636.png,#cc68e8,404,0.349481,0.015727,0.045000
z_0077_556.363636.png,#f06e8a,1616,1.397924,0.062907,0.045000
z_0078_557.368421.png,#030b9e,382,0.330450,0.014870,0.045000
z_0078_557.368421.png,#157d0b,97,0.083910,0.003776,0.045000
z_0078_557.368421.png,#377e94,284,0.245675,0.011055,0.045000
z_0078_557.368421.png,#4a7840,341,0.294983,0.013274,0.045000
z_0078_557.368421.png,#74b59b,394,0.340830,0.015337,0.045000
z_0078_557.368421.png,#8f82c4,3526,3.050173,0.137258,0.045000
z_0078_557.368421.png,#96d4ba,1540,1.332180,0.059948,0.045000
z_0078_557.368421.png,#9e033c,71,0.061419,0.002764,0.045000
z_0078_557.368421.png,#a2aee8,2539,2.196367,0.098837,0.045000
z_0078_557.368421.png,#a8329d,3145,2.720588,0.122426,0.045000
z_0078_557.368421.png,#a9ebc4,1583,1.369377,0.061622,0.045000
z_0078_557.368421.png,#aeeff2,1993,1.724048,0.077582,0.045000
z_0078_557.368421.png,#b36994,527,0.455882,0.020515,0.045000
z_0078_557.368421.png,#b54136,517,0.447232,0.020125,0.045000
z_0078_557.368421.png,#b5748e,885,0.765571,0.034451,0.045000
z_0078_557.368421.png,#b57a36,1709,1.478374,0.066527,0.045000
z_0078_557.368421.png,#cacc5e,65,0.056228,0.002530,0.045000
z_0078_557.368421.png,#cc1f00,6130,5.302768,0.238625,0.045000
z_0078_557.368421.png,#cc68e8,404,0.349481,0.015727,0.045000
z_0078_557.368421.png,#f06e8a,1616,1.397924,0.062907,0.045000
z_0079_558.373206.png,#030b9e,363,0.314014,0.014131,0.045000
z_0079_558.373206.png,#157d0b,205,0.177336,0.007980,0.045000
z_0079_558.373206.png,#377e94,231,0.199827,0.008992,0.045000
z_0079_558.373206.png,#4a7840,643,0.556228,0.025030,0.045000
z_0079_558.373206.png,#74b59b,887,0.767301,0.034529,0.045000
z_0079_558.373206.png,#8f82c4,3316,2.868512,0.129083,0.045000
z_0079_558.373206.png,#96d4ba,1348,1.166090,0.052474,0.045000
z_0079_558.373206.png,#9e033c,95,0.082180,0.003698,0.045000
z_0079_558.373206.png,#a2aee8,3530,3.053633,0.137413,0.045000
z_0079_558.373206.png,#a8329d,3032,2.622837,0.118028,0.045000
z_0079_558.373206.png,#a9ebc4,1652,1.429066,0.064308,0.045000
z_0079_558.373206.png,#aeeff2,2037,1.762111,0.079295,0.045000
z_0079_558.373206.png,#b36994,533,0.461073,0.020748,0.045000
z_0079_558.373206.png,#b54136,467,0.403979,0.018179,0.045000
z_0079_558.373206.png,#b5748e,958,0.828720,0.037292,0.045000
z_0079_558.373206.png,#b57a36,1528,1.321799,0.059481,0.045000
z_0079_558.373206.png,#cacc5e,111,0.096021,0.004321,0.045000
z_0079_558.373206.png,#cc1f00,4308,3.726644,0.167699,0.045000
z_0079_558.373206.png,#cc68e8,536,0.463668,0.020865,0.045000
z_0079_558.373206.png,#f06e8a,1065,0.921280,0.041458,0.045000
z_0080_559.377990.png,#030b9e,368,0.318339,0.014325,0.045000
z_0080_559.377990.png,#157d0b,205,0.177336,0.007980,0.045000
z_0080_559.377990.png,#377e94,226,0.195502,0.008798,0.045000
z_0080_559.377990.png,#4a7840,618,0.534602,0.024057,0.045000
z_0080_559.377990.png,#74b59b,891,0.770761,0.034684,0.045000
z_0080_559.377990.png,#8f82c4,3319,2.871107,0.129200,0.045000
z_0080_559.377990.png,#96d4ba,1343,1.161765,0.052279,0.045000
z_0080_559.377990.png,#9e033c,93,0.080450,0.003620,0.045000
z_0080_559.377990.png,#a2aee8,3544,3.065744,0.137958,0.045000
z_0080_559.377990.png,#a8329d,3025,2.616782,0.117755,0.045000
z_0080_559.377990.png,#a9ebc4,1653,1.429931,0.064347,0.045000
z_0080_559.377990.png,#aeeff2,2029,1.755190,0.078984,0.045000
z_0080_559.377990.png,#b36994,526,0.455017,0.020476,0.045000
z_0080_559.377990.png,#b54136,465,0.402249,0.018101,0.045000
z_0080_559.377990.png,#b5748e,953,0.824394,0.037098,0.045000
z_0080_559.377990.png,#b57a36,1525,1.319204,0.059364,0.045000
z_0080_559.377990.png,#cacc5e,110,0.095156,0.004282,0.045000
z_0080_559.377990.png,#cc1f00,4312,3.730104,0.167855,0.045000
z_0080_559.377990.png,#cc68e8,537,0.464533,0.020904,0.045000
z_0080_559.377990.png,#f06e8a,1067,0.923010,0.041535,0.045000
z_0081_560.382775.png,#030b9e,260,0.224913,0.010121,0.045000
z_0081_560.382775.png,#157d0b,192,0.166090,0.007474,0.045000
z_0081_560.382775.png,#377e94,140,0.121107,0.005450,0.045000
z_0081_560.382775.png,#4a7840,736,0.636678,0.028651,0.045000
z_0081_560.382775.png,#74b59b,1039,0.898789,0.040446,0.045000
z_0081_560.382775.png,#8f82c4,3314,2.866782,0.129005,0.045000
z_0081_560.382775.png,#96d4ba,1462,1.264706,0.056912,0.045000
z_0081_560.382775.png,#9e033c,80,0.069204,0.003114,0.045000
z_0081_560.382775.png,#a2aee8,4372,3.782007,0.170190,0.045000
z_0081_560.382775.png,#a8329d,2431,2.102941,0.094632,0.045000
z_0081_560.382775.png,#a9ebc4,1267,1.096021,0.049321,0.045000
z_0081_560.382775.png,#aeeff2,2234,1.932526,0.086964,0.045000
z_0081_560.382775.png,#b36994,522,0.451557,0.020320,0.045000
z_0081_560.382775.png,#b54136,388,0.335640,0.015104,0.045000
z_0081_560.382775.png,#b5748e,1115,0.964533,0.043404,0.045000
z_0081_560.382775.png,#b57a36,1394,1.205882,0.054265,0.045000
z_0081_560.382775.png,#cacc5e,84,0.072664,0.003270,0.045000
z_0081_560.382775.png,#cc1f00,2662,2.302768,0.103625,0.045000
z_0081_560.382775.png,#cc68e8,797,0.689446,0.031025,0.045000
z_0081_560.382775.png,#f06e8a,1130,0.977509,0.043988,0.045000
z_0082_561.387560.png,#030b9e,261,0.225779,0.010160,0.045000
z_0082_561.387560.png,#157d0b,191,0.165225,0.007435,0.045000
z_0082_561.387560.png,#377e94,142,0.122837,0.005528,0.045000
z_0082_561.387560.png,#4a7840,732,0.633218,0.028495,0.045000
z_0082_561.387560.png,#74b59b,1027,0.888408,0.039978,0.045000
z_0082_561.387560.png,#8f82c4,3332,2.882353,0.129706,0.045000
z_0082_561.387560.png,#96d4ba,1470,1.271626,0.057223,0.045000
z_0082_561.387560.png,#9e033c,80,0.069204,0.003114,0.045000
z_0082_561.387560.png,#a2aee8,4401,3.807093,0.171319,0.045000
z_0082_561.387560.png,#a8329d,2434,2.105536,0.094749,0.045000
z_0082_561.387560.png,#a9ebc4,1264,1.093426,0.049204,0.045000
z_0082_561.387560.png,#aeeff2,2240,1.937716,0.087197,0.045000
z_0082_561.387560.png,#b36994,520,0.449827,0.020242,0.045000
z_0082_561.387560.png,#b54136,380,0.328720,0.014792,0.045000
z_0082_561.387560.png,#b5748e,1114,0.963668,0.043365,0.045000
z_0082_561.387560.png,#b57a36,1392,1.204152,0.054187,0.045000
z_0082_561.387560.png,#cacc5e,84,0.072664,0.003270,0.045000
z_0082_561.387560.png,#cc1f00,2660,2.301038,0.103547,0.045000
z_0082_561.387560.png,#cc68e8,800,0.692042,0.031142,0.045000
z_0082_561.387560.png,#f06e8a,1135,0.981834,0.044183,0.045000
z_0083_562.392344.png,#030b9e,272,0.235294,0.010588,0.045000
z_0083_562.392344.png,#157d0b,158,0.136678,0.006151,0.045000
z_0083_562.392344.png,#377e94,134,0.115917,0.005216,0.045000
z_0083_562.392344.png,#4a7840,583,0.504325,0.022695,0.045000
z_0083_562.392344.png,#74b59b,976,0.844291,0.037993,0.045000
z_0083_562.392344.png,#8f82c4,3455,2.988754,0.134494,0.045000
z_0083_562.392344.png,#96d4ba,1565,1.353806,0.060921,0.045000
z_0083_562.392344.png,#9e033c,51,0.044118,0.001985,0.045000
z_0083_562.392344.png,#a2aee8,4633,4.007785,0.180350,0.045000
z_0083_562.392344.png,#a8329d,1911,1.653114,0.074390,0.045000
z_0083_562.392344.png,#a9ebc4,1168,1.010381,0.045467,0.045000
z_0083_562.392344.png,#aeeff2,2262,1.956747,0.088054,0.045000
z_0083_562.392344.png,#b36994,537,0.464533,0.020904,0.045000
z_0083_562.392344.png,#b54136,385,0.333045,0.014987,0.045000
z_0083_562.392344.png,#b5748e,1189,1.028547,0.046285,0.045000
z_0083_562.392344.png,#b57a36,1358,1.174740,0.052863,0.045000
z_0083_562.392344.png,#cacc5e,83,0.071799,0.003231,0.045000
z_0083_562.392344.png,#cc1f00,2215,1.916090,0.086224,0.045000
z_0083_562.392344.png,#cc68e8,937,0.810554,0.036475,0.045000
z_0083_562.392344.png,#f06e8a,1144,0.989619,0.044533,0.045000
z_0084_563.397129.png,#030b9e,275,0.237889,0.010705,0.045000
z_0084_563.397129.png,#157d0b,153,0.132353,0.005956,0.045000
z_0084_563.397129.png,#377e94,134,0.115917,0.005216,0.045000
z_0084_563.397129.png,#4a7840,576,0.498270,0.022422,0.045000
z_0084_563.397129.png,#74b59b,972,0.840830,0.037837,0.045000
z_0084_563.397129.png,#8f82c4,3452,2.986159,0.134377,0.045000
z_0084_563.397129.png,#96d4ba,1571,1.358997,0.061155,0.045000
z_0084_563.397129.png,#9e033c,51,0.044118,0.001985,0.045000
z_0084_563.397129.png,#a2aee8,4648,4.020761,0.180934,0.045000
z_0084_563.397129.png,#a8329d,1924,1.664360,0.074896,0.045000
z_0084_563.397129.png,#a9ebc4,1163,1.006055,0.045272,0.045000
z_0084_563.397129.png,#aeeff2,2259,1.954152,0.087937,0.045000
z_0084_563.397129.png,#b36994,536,0.463668,0.020865,0.045000
z_0084_563.397129.png,#b54136,381,0.329585,0.014831,0.045000
z_0084_563.397129.png,#b5748e,1193,1.032007,0.046440,0.045000
z_0084_563.397129.png,#b57a36,1358,1.174740,0.052863,0.045000
z_0084_563.397129.png,#cacc5e,83,0.071799,0.003231,0.045000
z_0084_563.397129.png,#cc1f00,2225,1.924740,0.086613,0.045000
z_0084_563.397129.png,#cc68e8,933,0.807093,0.036319,0.045000
z_0084_563.397129.png,#f06e8a,1147,0.992215,0.044650,0.045000
z_0085_564.401914.png,#030b9e,275,0.237889,0.010705,0.045000
z_0085_564.401914.png,#157d0b,151,0.130623,0.005878,0.045000
z_0085_564.401914.png,#377e94,134,0.115917,0.005216,0.045000
z_0085_564.401914.png,#4a7840,571,0.493945,0.022228,0.045000
z_0085_564.401914.png,#74b59b,965,0.834775,0.037565,0.045000
z_0085_564.401914.png,#8f82c4,3462,2.994810,0.134766,0.045000
z_0085_564.401914.png,#96d4ba,1575,1.362457,0.061311,0.045000
z_0085_564.401914.png,#9e033c,51,0.044118,0.001985,0.045000
z_0085_564.401914.png,#a2aee8,4633,4.007785,0.180350,0.045000
z_0085_564.401914.png,#a8329d,1919,1.660035,0.074702,0.045000
z_0085_564.401914.png,#a9ebc4,1163,1.006055,0.045272,0.045000
z_0085_564.401914.png,#aeeff2,2273,1.966263,0.088482,0.045000
z_0085_564.401914.png,#b36994,542,0.468858,0.021099,0.045000
z_0085_564.401914.png,#b54136,382,0.330450,0.014870,0.045000
z_0085_564.401914.png,#b5748e,1197,1.035467,0.046596,0.045000
z_0085_564.401914.png,#b57a36,1359,1.175606,0.052902,0.045000
z_0085_564.401914.png,#cacc5e,82,0.070934,0.003192,0.045000
z_0085_564.401914.png,#cc1f00,2228,1.927336,0.086730,0.045000
z_0085_564.401914.png,#cc68e8,935,0.808824,0.036397,0.045000
z_0085_564.401914.png,#f06e8a,1148,0.993080,0.044689,0.045000
z_0086_565.406699.png,#030b9e,479,0.414360,0.018646,0.045000
z_0086_565.406699.png,#157d0b,78,0.067474,0.003036,0.045000
z_0086_565.406699.png,#377e94,154,0.133218,0.005995,0.045000
z_0086_565.406699.png,#4a7840,199,0.172145,0.007747,0.045000
z_0086_565.406699.png,#74b59b,86,0.074394,0.003348,0.045000
z_0086_565.406699.png,#8f82c4,3041,2.630623,0.118378,0.045000
z_0086_565.406699.png,#96d4ba,1143,0.988754,0.044494,0.045000
z_0086_565.406699.png,#9e033c,146,0.126298,0.005683,0.045000
z_0086_565.406699.png,#a2aee8,5471,4.732699,0.212971,0.045000
z_0086_565.406699.png,#a8329d,1989,1.720588,0.077426,0.045000
z_0086_565.406699.png,#a9ebc4,1190,1.029412,0.046324,0.045000
z_0086_565.406699.png,#aeeff2,2554,2.209343,0.099420,0.045000
z_0086_565.406699.png,#b36994,500,0.432526,0.019464,0.045000
z_0086_565.406699.png,#b54136,431,0.372837,0.016778,0.045000
z_0086_565.406699.png,#b5748e,392,0.339100,0.015260,0.045000
z_0086_565.406699.png,#b57a36,1052,0.910035,0.040952,0.045000
z_0086_565.406699.png,#cc1f00,1123,0.971453,0.043715,0.045000
z_0086_565.406699.png,#cc68e8,1367,1.182526,0.053214,0.045000
z_0086_565.406699.png,#f06e8a,1024,0.885813,0.039862,0.045000
z_0087_566.411483.png,#030b9e,476,0.411765,0.018529,0.045000
z_0087_566.411483.png,#157d0b,77,0.066609,0.002997,0.045000
z_0087_566.411483.png,#377e94,151,0.130623,0.005878,0.045000
z_0087_566.411483.png,#4a7840,200,0.173010,0.007785,0.045000
z_0087_566.411483.png,#74b59b,87,0.075260,0.003387,0.045000
z_0087_566.411483.png,#8f82c4,3043,2.632353,0.118456,0.045000
z_0087_566.411483.png,#96d4ba,1138,0.984429,0.044299,0.045000
z_0087_566.411483.png,#9e033c,148,0.128028,0.005761,0.045000
z_0087_566.411483.png,#a2aee8,5483,4.743080,0.213439,0.045000
z_0087_566.411483.png,#a8329d,1993,1.724048,0.077582,0.045000
z_0087_566.411483.png,#a9ebc4,1188,1.027682,0.046246,0.045000
z_0087_566.411483.png,#aeeff2,2541,2.198097,0.098914,0.045000
z_0087_566.411483.png,#b36994,499,0.431661,0.019425,0.045000
z_0087_566.411483.png,#b54136,429,0.371107,0.016700,0.045000
z_0087_566.411483.png,#b5748e,392,0.339100,0.015260,0.045000
z_0087_566.411483.png,#b57a36,1050,0.908304,0.040874,0.045000
z_0087_566.411483.png,#cc1f00,1124,0.972318,0.043754,0.045000
z_0087_566.411483.png,#cc68e8,1367,1.182526,0.053214,0.045000
z_0087_566.411483.png,#f06e8a,1024,0.885813,0.039862,0.045000
z_0088_567.416268.png,#030b9e,478,0.413495,0.018607,0.045000
z_0088_567.416268.png,#157d0b,77,0.066609,0.002997,0.045000
z_0088_567.416268.png,#377e94,151,0.130623,0.005878,0.045000
z_0088_567.416268.png,#4a7840,200,0.173010,0.007785,0.045000
z_0088_567.416268.png,#74b59b,89,0.076990,0.003465,0.045000
z_0088_567.416268.png,#8f82c4,3039,2.628893,0.118300,0.045000
z_0088_567.416268.png,#96d4ba,1143,0.988754,0.044494,0.045000
z_0088_567.416268.png,#9e033c,149,0.128893,0.005800,0.045000
z_0088_567.416268.png,#a2aee8,5502,4.759516,0.214178,0.045000
z_0088_567.416268.png,#a8329d,1990,1.721453,0.077465,0.045000
z_0088_567.416268.png,#a9ebc4,1186,1.025952,0.046168,0.045000
z_0088_567.416268.png,#aeeff2,2541,2.198097,0.098914,0.045000
z_0088_567.416268.png,#b36994,498,0.430796,0.019386,0.045000
z_0088_567.416268.png,#b54136,426,0.368512,0.016583,0.045000
z_0088_567.416268.png,#b5748e,392,0.339100,0.015260,0.045000
z_0088_567.416268.png,#b57a36,1052,0.910035,0.040952,0.045000
z_0088_567.416268.png,#cc1f00,1120,0.968858,0.043599,0.045000
z_0088_567.416268.png,#cc68e8,1368,1.183391,0.053253,0.045000
z_0088_567.416268.png,#f06e8a,1024,0.885813,0.039862,0.045000
z_0089_568.421053.png,#030b9e,483,0.417820,0.018802,0.045000
z_0089_568.421053.png,#157d0b,77,0.066609,0.002997,0.045000
z_0089_568.421053.png,#365187,145,0.125433,0.005644,0.045000
z_0089_568.421053.png,#377e94,151,0.130623,0.005878,0.045000
z_0089_568.421053.png,#4a7840,199,0.172145,0.007747,0.045000
z_0089_568.421053.png,#74b59b,84,0.072664,0.003270,0.045000
z_0089_568.421053.png,#8f82c4,3044,2.633218,0.118495,0.045000
z_0089_568.421053.png,#96d4ba,1141,0.987024,0.044416,0.045000
z_0089_568.421053.png,#9e033c,149,0.128893,0.005800,0.045000
z_0089_568.421053.png,#a2aee8,5504,4.761246,0.214256,0.045000
z_0089_568.421053.png,#a8329d,1987,1.718858,0.077349,0.045000
z_0089_568.421053.png,#a9ebc4,1182,1.022491,0.046012,0.045000
z_0089_568.421053.png,#aeeff2,2534,2.192042,0.098642,0.045000
z_0089_568.421053.png,#b36994,497,0.429931,0.019347,0.045000
z_0089_568.421053.png,#b54136,432,0.373702,0.016817,0.045000
z_0089_568.421053.png,#b5748e,385,0.333045,0.014987,0.045000
z_0089_568.421053.png,#b57a36,1054,0.911765,0.041029,0.045000
z_0089_568.421053.png,#cc1f00,1119,0.967993,0.043560,0.045000
z_0089_568.421053.png,#cc68e8,1367,1.182526,0.053214,0.045000
z_0089_568.421053.png,#f06e8a,1026,0.887543,0.039939,0.045000
z_0090_569.425837.png,#030b9e,540,0.467128,0.021021,0.045000
z_0090_569.425837.png,#157d0b,75,0.064879,0.002920,0.045000
z_0090_569.425837.png,#365187,113,0.097751,0.004399,0.045000
z_0090_569.425837.png,#377e94,150,0.129758,0.005839,0.045000
z_0090_569.425837.png,#4a7840,179,0.154844,0.006968,0.045000
z_0090_569.425837.png,#74b59b,33,0.028547,0.001285,0.045000
z_0090_569.425837.png,#8f82c4,2869,2.481834,0.111683,0.045000
z_0090_569.425837.png,#96d4ba,1094,0.946367,0.042587,0.045000
z_0090_569.425837.png,#9e033c,136,0.117647,0.005294,0.045000
z_0090_569.425837.png,#a2aee8,5600,4.844291,0.217993,0.045000
z_0090_569.425837.png,#a8329d,2318,2.005190,0.090234,0.045000
z_0090_569.425837.png,#a9ebc4,1001,0.865917,0.038966,0.045000
z_0090_569.425837.png,#aeeff2,2613,2.260381,0.101717,0.045000
z_0090_569.425837.png,#b36994,489,0.423010,0.019035,0.045000
z_0090_569.425837.png,#b54136,434,0.375433,0.016894,0.045000
z_0090_569.425837.png,#b5748e,391,0.338235,0.015221,0.045000
z_0090_569.425837.png,#b57a36,1139,0.985294,0.044338,0.045000
z_0090_569.425837.png,#cc1f00,1046,0.904844,0.040718,0.045000
z_0090_569.425837.png,#cc68e8,1359,1.175606,0.052902,0.045000
z_0090_569.425837.png,#f06e8a,965,0.834775,0.037565,0.045000
z_0091_570.430622.png,#030b9e,628,0.543253,0.024446,0.045000
z_0091_570.430622.png,#157d0b,91,0.078720,0.003542,0.045000
z_0091_570.430622.png,#365187,78,0.067474,0.003036,0.045000
z_0091_570.430622.png,#377e94,150,0.129758,0.005839,0.045000
z_0091_570.430622.png,#4a7840,147,0.127163,0.005722,0.045000
z_0091_570.430622.png,#8f82c4,2544,2.200692,0.099031,0.045000
z_0091_570.430622.png,#96d4ba,900,0.778547,0.035035,0.045000
z_0091_570.430622.png,#9e033c,150,0.129758,0.005839,0.045000
z_0091_570.430622.png,#a2aee8,4641,4.014706,0.180662,0.045000
z_0091_570.430622.png,#a8329d,2449,2.118512,0.095333,0.045000
z_0091_570.430622.png,#a9ebc4,605,0.523356,0.023551,0.045000
z_0091_570.430622.png,#aeeff2,2716,2.349481,0.105727,0.045000
z_0091_570.430622.png,#b36994,488,0.422145,0.018997,0.045000
z_0091_570.430622.png,#b54136,674,0.583045,0.026237,0.045000
z_0091_570.430622.png,#b5748e,380,0.328720,0.014792,0.045000
z_0091_570.430622.png,#b57a36,1166,1.008651,0.045389,0.045000
z_0091_570.430622.png,#cc1f00,980,0.847751,0.038149,0.045000
z_0091_570.430622.png,#cc68e8,1584,1.370242,0.061661,0.045000
z_0091_570.430622.png,#f06e8a,882,0.762976,0.034334,0.045000
z_0092_571.435407.png,#030b9e,628,0.543253,0.024446,0.045000
z_0092_571.435407.png,#157d0b,91,0.078720,0.003542,0.045000
z_0092_571.435407.png,#365187,78,0.067474,0.003036,0.045000
z_0092_571.435407.png,#377e94,151,0.130623,0.005878,0.045000
z_0092_571.435407.png,#4a7840,147,0.127163,0.005722,0.045000
z_0092_571.435407.png,#8f82c4,2551,2.206747,0.099304,0.045000
z_0092_571.435407.png,#96d4ba,901,0.779412,0.035074,0.045000
z_0092_571.435407.png,#9e033c,152,0.131488,0.005917,0.045000
z_0092_571.435407.png,#a2aee8,4647,4.019896,0.180895,0.045000
z_0092_571.435407.png,#a8329d,2446,2.115917,0.095216,0.045000
z_0092_571.435407.png,#a9ebc4,598,0.517301,0.023279,0.045000
z_0092_571.435407.png,#aeeff2,2751,2.379758,0.107089,0.045000
z_0092_571.435407.png,#b36994,487,0.421280,0.018958,0.045000
z_0092_571.435407.png,#b54136,689,0.596021,0.026821,0.045000
z_0092_571.435407.png,#b5748e,380,0.328720,0.014792,0.045000
z_0092_571.435407.png,#b57a36,1167,1.009516,0.045428,0.045000
z_0092_571.435407.png,#cc1f00,973,0.841696,0.037876,0.045000
z_0092_571.435407.png,#cc68e8,1586,1.371972,0.061739,0.045000
z_0092_571.435407.png,#f06e8a,877,0.758651,0.034139,0.045000
z_0093_572.440191.png,#030b9e,653,0.564879,0.025420,0.045000
z_0093_572.440191.png,#157d0b,115,0.099481,0.004477,0.045000
z_0093_572.440191.png,#365187,65,0.056228,0.002530,0.045000
z_0093_572.440191.png,#377e94,159,0.137543,0.006189,0.045000
z_0093_572.440191.png,#4a7840,119,0.102941,0.004632,0.045000
z_0093_572.440191.png,#8f82c4,2353,2.035467,0.091596,0.045000
z_0093_572.440191.png,#96d4ba,863,0.746540,0.033594,0.045000
z_0093_572.440191.png,#9e033c,148,0.128028,0.005761,0.045000
z_0093_572.440191.png,#a2aee8,4628,4.003460,0.180156,0.045000
z_0093_572.440191.png,#a8329d,2760,2.387543,0.107439,0.045000
z_0093_572.440191.png,#a9ebc4,547,0.473183,0.021293,0.045000
z_0093_572.440191.png,#aeeff2,2722,2.354671,0.105960,0.045000
z_0093_572.440191.png,#b36994,461,0.398789,0.017946,0.045000
z_0093_572.440191.png,#b54136,744,0.643599,0.028962,0.045000
z_0093_572.440191.png,#b5748e,369,0.319204,0.014364,0.045000
z_0093_572.440191.png,#b57a36,1139,0.985294,0.044338,0.045000
z_0093_572.440191.png,#cc1f00,922,0.797578,0.035891,0.045000
z_0093_572.440191.png,#cc68e8,1729,1.495675,0.067305,0.045000
z_0093_572.440191.png,#f06e8a,834,0.721453,0.032465,0.045000
z_0094_573.444976.png,#030b9e,618,0.534602,0.024057,0.045000
z_0094_573.444976.png,#157d0b,121,0.104671,0.004710,0.045000
z_0094_573.444976.png,#365187,52,0.044983,0.002024,0.045000
z_0094_573.444976.png,#377e94,164,0.141869,0.006384,0.045000
z_0094_573.444976.png,#4a7840,95,0.082180,0.003698,0.045000
z_0094_573.444976.png,#8f82c4,2013,1.741349,0.078361,0.045000
z_0094_573.444976.png,#96d4ba,785,0.679066,0.030558,0.045000
z_0094_573.444976.png,#9e033c,180,0.155709,0.007007,0.045000
z_0094_573.444976.png,#a2aee8,4632,4.006920,0.180311,0.045000
z_0094_573.444976.png,#a8329d,3050,2.638408,0.118728,0.045000
z_0094_573.444976.png,#a9ebc4,520,0.449827,0.020242,0.045000
z_0094_573.444976.png,#aeeff2,2751,2.379758,0.107089,0.045000
z_0094_573.444976.png,#b36994,423,0.365917,0.016466,0.045000
z_0094_573.444976.png,#b54136,880,0.761246,0.034256,0.045000
z_0094_573.444976.png,#b5748e,405,0.350346,0.015766,0.045000
z_0094_573.444976.png,#b57a36,1116,0.965398,0.043443,0.045000
z_0094_573.444976.png,#cc1f00,883,0.763841,0.034373,0.045000
z_0094_573.444976.png,#cc68e8,1817,1.571799,0.070731,0.045000
z_0094_573.444976.png,#f06e8a,807,0.698097,0.031414,0.045000
z_0095_574.449761.png,#030b9e,611,0.528547,0.023785,0.045000
z_0095_574.449761.png,#157d0b,136,0.117647,0.005294,0.045000
z_0095_574.449761.png,#365187,59,0.051038,0.002297,0.045000
z_0095_574.449761.png,#377e94,175,0.151384,0.006812,0.045000
z_0095_574.449761.png,#4a7840,79,0.068339,0.003075,0.045000
z_0095_574.449761.png,#8f82c4,1531,1.324394,0.059598,0.045000
z_0095_574.449761.png,#96d4ba,743,0.642734,0.028923,0.045000
z_0095_574.449761.png,#9e033c,183,0.158304,0.007124,0.045000
z_0095_574.449761.png,#a2aee8,4873,4.215398,0.189693,0.045000
z_0095_574.449761.png,#a8329d,3469,3.000865,0.135039,0.045000
z_0095_574.449761.png,#a9ebc4,531,0.459343,0.020670,0.045000
z_0095_574.449761.png,#aeeff2,2769,2.395329,0.107790,0.045000
z_0095_574.449761.png,#b36994,407,0.352076,0.015843,0.045000
z_0095_574.449761.png,#b54136,1016,0.878893,0.039550,0.045000
z_0095_574.449761.png,#b5748e,413,0.357266,0.016077,0.045000
z_0095_574.449761.png,#b57a36,957,0.827855,0.037253,0.045000
z_0095_574.449761.png,#cc1f00,893,0.772491,0.034762,0.045000
z_0095_574.449761.png,#cc68e8,1907,1.649654,0.074234,0.045000
z_0095_574.449761.png,#f06e8a,802,0.693772,0.031220,0.045000
z_0096_575.454545.png,#030b9e,556,0.480969,0.021644,0.045000
z_0096_575.454545.png,#157d0b,155,0.134083,0.006034,0.045000
z_0096_575.454545.png,#365187,65,0.056228,0.002530,0.045000
z_0096_575.454545.png,#377e94,174,0.150519,0.006773,0.045000
z_0096_575.454545.png,#4a7840,94,0.081315,0.003659,0.045000
z_0096_575.454545.png,#8f82c4,1229,1.063149,0.047842,0.045000
z_0096_575.454545.png,#96d4ba,614,0.531142,0.023901,0.045000
z_0096_575.454545.png,#9e033c,237,0.205017,0.009226,0.045000
z_0096_575.454545.png,#a2aee8,4887,4.227509,0.190238,0.045000
z_0096_575.454545.png,#a8329d,3694,3.195502,0.143798,0.045000
z_0096_575.454545.png,#a9ebc4,551,0.476644,0.021449,0.045000
z_0096_575.454545.png,#aeeff2,2826,2.444637,0.110009,0.045000
z_0096_575.454545.png,#b36994,395,0.341696,0.015376,0.045000
z_0096_575.454545.png,#b54136,1208,1.044983,0.047024,0.045000
z_0096_575.454545.png,#b5748e,398,0.344291,0.015493,0.045000
z_0096_575.454545.png,#b57a36,868,0.750865,0.033789,0.045000
z_0096_575.454545.png,#cc1f00,935,0.808824,0.036397,0.045000
z_0096_575.454545.png,#cc68e8,1878,1.624567,0.073106,0.045000
z_0096_575.454545.png,#f06e8a,770,0.666090,0.029974,0.045000
z_0097_576.459330.png,#030b9e,487,0.421280,0.018958,0.045000
z_0097_576.459330.png,#157d0b,155,0.134083,0.006034,0.045000
z_0097_576.459330.png,#365187,78,0.067474,0.003036,0.045000
z_0097_576.459330.png,#377e94,155,0.134083,0.006034,0.045000
z_0097_576.459330.png,#4a7840,120,0.103806,0.004671,0.045000
z_0097_576.459330.png,#8f82c4,1211,1.047578,0.047141,0.045000
z_0097_576.459330.png,#96d4ba,582,0.503460,0.022656,0.045000
z_0097_576.459330.png,#9e033c,213,0.184256,0.008292,0.045000
z_0097_576.459330.png,#a2aee8,5044,4.363322,0.196349,0.045000
z_0097_576.459330.png,#a8329d,3560,3.079585,0.138581,0.045000
z_0097_576.459330.png,#a9ebc4,509,0.440311,0.019814,0.045000
z_0097_576.459330.png,#aeeff2,2876,2.487889,0.111955,0.045000
z_0097_576.459330.png,#b36994,364,0.314879,0.014170,0.045000
z_0097_576.459330.png,#b54136,1632,1.411765,0.063529,0.045000
z_0097_576.459330.png,#b5748e,397,0.343426,0.015454,0.045000
z_0097_576.459330.png,#b57a36,822,0.711073,0.031998,0.045000
z_0097_576.459330.png,#cacc5e,22,0.019031,0.000856,0.045000
z_0097_576.459330.png,#cc1f00,983,0.850346,0.038266,0.045000
z_0097_576.459330.png,#cc68e8,1484,1.283737,0.057768,0.045000
z_0097_576.459330.png,#f06e8a,780,0.674740,0.030363,0.045000
z_0098_577.464115.png,#030b9e,491,0.424740,0.019113,0.045000
z_0098_577.464115.png,#157d0b,153,0.132353,0.005956,0.045000
z_0098_577.464115.png,#365187,78,0.067474,0.003036,0.045000
z_0098_577.464115.png,#377e94,155,0.134083,0.006034,0.045000
z_0098_577.464115.png,#4a7840,122,0.105536,0.004749,0.045000
z_0098_577.464115.png,#8f82c4,1215,1.051038,0.047297,0.045000
z_0098_577.464115.png,#96d4ba,580,0.501730,0.022578,0.045000
z_0098_577.464115.png,#9e033c,214,0.185121,0.008330,0.045000
z_0098_577.464115.png,#a2aee8,5040,4.359862,0.196194,0.045000
z_0098_577.464115.png,#a8329d,3562,3.081315,0.138659,0.045000
z_0098_577.464115.png,#a9ebc4,507,0.438581,0.019736,0.045000
z_0098_577.464115.png,#aeeff2,2873,2.485294,0.111838,0.045000
z_0098_577.464115.png,#b36994,363,0.314014,0.014131,0.045000
z_0098_577.464115.png,#b54136,1623,1.403979,0.063179,0.045000
z_0098_577.464115.png,#b5748e,390,0.337370,0.015182,0.045000
z_0098_577.464115.png,#b57a36,817,0.706747,0.031804,0.045000
z_0098_577.464115.png,#cacc5e,23,0.019896,0.000895,0.045000
z_0098_577.464115.png,#cc1f00,977,0.845156,0.038032,0.045000
z_0098_577.464115.png,#cc68e8,1482,1.282007,0.057690,0.045000
z_0098_577.464115.png,#f06e8a,781,0.675606,0.030402,0.045000
z_0099_578.468900.png,#030b9e,279,0.241349,0.010861,0.045000
z_0099_578.468900.png,#157d0b,160,0.138408,0.006228,0.045000
z_0099_578.468900.png,#365187,85,0.073529,0.003309,0.045000
z_0099_578.468900.png,#377e94,161,0.139273,0.006267,0.045000
z_0099_578.468900.png,#4a7840,659,0.570069,0.025653,0.045000
z_0099_578.468900.png,#74b59b,334,0.288927,0.013002,0.045000
z_0099_578.468900.png,#8f82c4,1035,0.895329,0.040290,0.045000
z_0099_578.468900.png,#96d4ba,437,0.378028,0.017011,0.045000
z_0099_578.468900.png,#9e033c,186,0.160900,0.007240,0.045000
z_0099_578.468900.png,#a2aee8,6472,5.598616,0.251938,0.045000
z_0099_578.468900.png,#a8329d,3718,3.216263,0.144732,0.045000
z_0099_578.468900.png,#a9ebc4,571,0.493945,0.022228,0.045000
z_0099_578.468900.png,#aeeff2,2795,2.417820,0.108802,0.045000
z_0099_578.468900.png,#b36994,303,0.262111,0.011795,0.045000
z_0099_578.468900.png,#b54136,2216,1.916955,0.086263,0.045000
z_0099_578.468900.png,#b5748e,447,0.386678,0.017401,0.045000
z_0099_578.468900.png,#b57a36,808,0.698962,0.031453,0.045000
z_0099_578.468900.png,#cacc5e,194,0.167820,0.007552,0.045000
z_0099_578.468900.png,#cc1f00,969,0.838235,0.037721,0.045000
z_0099_578.468900.png,#cc68e8,1389,1.201557,0.054070,0.045000
z_0099_578.468900.png,#f06e8a,688,0.595156,0.026782,0.045000
z_0100_579.473684.png,#030b9e,278,0.240484,0.010822,0.045000
z_0100_579.473684.png,#157d0b,158,0.136678,0.006151,0.045000
z_0100_579.473684.png,#365187,84,0.072664,0.003270,0.045000
z_0100_579.473684.png,#377e94,161,0.139273,0.006267,0.045000
z_0100_579.473684.png,#4a7840,671,0.580450,0.026120,0.045000
z_0100_579.473684.png,#74b59b,341,0.294983,0.013274,0.045000
z_0100_579.473684.png,#8f82c4,1034,0.894464,0.040251,0.045000
z_0100_579.473684.png,#96d4ba,441,0.381488,0.017167,0.045000
z_0100_579.473684.png,#9e033c,191,0.165225,0.007435,0.045000
z_0100_579.473684.png,#a2aee8,6485,5.609862,0.252444,0.045000
z_0100_579.473684.png,#a8329d,3709,3.208478,0.144381,0.045000
z_0100_579.473684.png,#a9ebc4,583,0.504325,0.022695,0.045000
z_0100_579.473684.png,#aeeff2,2804,2.425606,0.109152,0.045000
z_0100_579.473684.png,#b36994,303,0.262111,0.011795,0.045000
z_0100_579.473684.png,#b54136,2223,1.923010,0.086535,0.045000
z_0100_579.473684.png,#b5748e,450,0.389273,0.017517,0.045000
z_0100_579.473684.png,#b57a36,804,0.695502,0.031298,0.045000
z_0100_579.473684.png,#cacc5e,194,0.167820,0.007552,0.045000
z_0100_579.473684.png,#cc1f00,965,0.834775,0.037565,0.045000
z_0100_579.473684.png,#cc68e8,1400,1.211073,0.054498,0.045000
z_0100_579.473684.png,#f06e8a,688,0.595156,0.026782,0.045000
z_0101_580.478469.png,#030b9e,254,0.219723,0.009888,0.045000
z_0101_580.478469.png,#157d0b,149,0.128893,0.005800,0.045000
z_0101_580.478469.png,#365187,85,0.073529,0.003309,0.045000
z_0101_580.478469.png,#377e94,168,0.145329,0.006540,0.045000
z_0101_580.478469.png,#4a7840,807,0.698097,0.031414,0.045000
z_0101_580.478469.png,#8f82c4,1038,0.897924,0.040407,0.045000
z_0101_580.478469.png,#96d4ba,434,0.375433,0.016894,0.045000
z_0101_580.478469.png,#9e033c,192,0.166090,0.007474,0.045000
z_0101_580.478469.png,#a2aee8,6904,5.972318,0.268754,0.045000
z_0101_580.478469.png,#a8329d,3869,3.346886,0.150610,0.045000
z_0101_580.478469.png,#a9ebc4,512,0.442907,0.019931,0.045000
z_0101_580.478469.png,#aeeff2,2947,2.549308,0.114719,0.045000
z_0101_580.478469.png,#b36994,304,0.262976,0.011834,0.045000
z_0101_580.478469.png,#b54136,2481,2.146194,0.096579,0.045000
z_0101_580.478469.png,#b5748e,456,0.394464,0.017751,0.045000
z_0101_580.478469.png,#b57a36,789,0.682526,0.030714,0.045000
z_0101_580.478469.png,#cacc5e,137,0.118512,0.005333,0.045000
z_0101_580.478469.png,#cc1f00,884,0.764706,0.034412,0.045000
z_0101_580.478469.png,#cc68e8,1504,1.301038,0.058547,0.045000
z_0101_580.478469.png,#f06e8a,668,0.577855,0.026003,0.045000
z_0102_581.483254.png,#030b9e,243,0.210208,0.009459,0.045000
z_0102_581.483254.png,#157d0b,165,0.142734,0.006423,0.045000
z_0102_581.483254.png,#365187,92,0.079585,0.003581,0.045000
z_0102_581.483254.png,#377e94,180,0.155709,0.007007,0.045000
z_0102_581.483254.png,#4a7840,939,0.812284,0.036553,0.045000
z_0102_581.483254.png,#8f82c4,979,0.846886,0.038110,0.045000
z_0102_581.483254.png,#96d4ba,451,0.390138,0.017556,0.045000
z_0102_581.483254.png,#9e033c,197,0.170415,0.007669,0.045000
z_0102_581.483254.png,#a2aee8,7307,6.320934,0.284442,0.045000
z_0102_581.483254.png,#a8329d,3846,3.326990,0.149715,0.045000
z_0102_581.483254.png,#a9ebc4,347,0.300173,0.013508,0.045000
z_0102_581.483254.png,#aeeff2,2911,2.518166,0.113317,0.045000
z_0102_581.483254.png,#b36994,287,0.248270,0.011172,0.045000
z_0102_581.483254.png,#b54136,2672,2.311419,0.104014,0.045000
z_0102_581.483254.png,#b5748e,491,0.424740,0.019113,0.045000
z_0102_581.483254.png,#b57a36,797,0.689446,0.031025,0.045000
z_0102_581.483254.png,#cacc5e,92,0.079585,0.003581,0.045000
z_0102_581.483254.png,#cc1f00,825,0.713668,0.032115,0.045000
z_0102_581.483254.png,#cc68e8,1647,1.424740,0.064113,0.045000
z_0102_581.483254.png,#f06e8a,655,0.566609,0.025497,0.045000
z_0103_582.488038.png,#030b9e,221,0.191176,0.008603,0.045000
z_0103_582.488038.png,#157d0b,148,0.128028,0.005761,0.045000
z_0103_582.488038.png,#365187,89,0.076990,0.003465,0.045000
z_0103_582.488038.png,#377e94,207,0.179066,0.008058,0.045000
z_0103_582.488038.png,#4a7840,1016,0.878893,0.039550,0.045000
z_0103_582.488038.png,#8f82c4,941,0.814014,0.036631,0.045000
z_0103_582.488038.png,#96d4ba,461,0.398789,0.017946,0.045000
z_0103_582.488038.png,#9e033c,187,0.161765,0.007279,0.045000
z_0103_582.488038.png,#a2aee8,7477,6.467993,0.291060,0.045000
z_0103_582.488038.png,#a8329d,3716,3.214533,0.144654,0.045000
z_0103_582.488038.png,#a9ebc4,212,0.183391,0.008253,0.045000
z_0103_582.488038.png,#aeeff2,2871,2.483564,0.111760,0.045000
z_0103_582.488038.png,#b36994,275,0.237889,0.010705,0.045000
z_0103_582.488038.png,#b54136,2817,2.436851,0.109658,0.045000
z_0103_582.488038.png,#b5748e,430,0.371972,0.016739,0.045000
z_0103_582.488038.png,#b57a36,777,0.672145,0.030247,0.045000
z_0103_582.488038.png,#cacc5e,52,0.044983,0.002024,0.045000
z_0103_582.488038.png,#cc1f00,837,0.724048,0.032582,0.045000
z_0103_582.488038.png,#cc68e8,1775,1.535467,0.069096,0.045000
z_0103_582.488038.png,#f06e8a,644,0.557093,0.025069,0.045000
z_0104_583.492823.png,#030b9e,207,0.179066,0.008058,0.045000
z_0104_583.492823.png,#157d0b,151,0.130623,0.005878,0.045000
z_0104_583.492823.png,#365187,69,0.059689,0.002686,0.045000
z_0104_583.492823.png,#377e94,240,0.207612,0.009343,0.045000
z_0104_583.492823.png,#4a7840,1099,0.950692,0.042781,0.045000
z_0104_583.492823.png,#74b59b,344,0.297578,0.013391,0.045000
z_0104_583.492823.png,#8f82c4,928,0.802768,0.036125,0.045000
z_0104_583.492823.png,#96d4ba,463,0.400519,0.018023,0.045000
z_0104_583.492823.png,#9e033c,196,0.169550,0.007630,0.045000
z_0104_583.492823.png,#a2aee8,7408,6.408304,0.288374,0.045000
z_0104_583.492823.png,#a8329d,3792,3.280277,0.147612,0.045000
z_0104_583.492823.png,#a9ebc4,132,0.114187,0.005138,0.045000
z_0104_583.492823.png,#aeeff2,2959,2.559689,0.115186,0.045000
z_0104_583.492823.png,#b36994,268,0.231834,0.010433,0.045000
z_0104_583.492823.png,#b54136,2938,2.541522,0.114369,0.045000
z_0104_583.492823.png,#b5748e,417,0.360727,0.016233,0.045000
z_0104_583.492823.png,#b57a36,760,0.657439,0.029585,0.045000
z_0104_583.492823.png,#cacc5e,55,0.047578,0.002141,0.045000
z_0104_583.492823.png,#cc1f00,844,0.730104,0.032855,0.045000
z_0104_583.492823.png,#cc68e8,1789,1.547578,0.069641,0.045000
z_0104_583.492823.png,#f06e8a,618,0.534602,0.024057,0.045000
z_0105_584.497608.png,#030b9e,205,0.177336,0.007980,0.045000
z_0105_584.497608.png,#157d0b,150,0.129758,0.005839,0.045000
z_0105_584.497608.png,#365187,69,0.059689,0.002686,0.045000
z_0105_584.497608.png,#377e94,244,0.211073,0.009498,0.045000
z_0105_584.497608.png,#4a7840,1115,0.964533,0.043404,0.045000
z_0105_584.497608.png,#74b59b,347,0.300173,0.013508,0.045000
z_0105_584.497608.png,#8f82c4,935,0.808824,0.036397,0.045000
z_0105_584.497608.png,#96d4ba,464,0.401384,0.018062,0.045000
z_0105_584.497608.png,#9e033c,195,0.168685,0.007591,0.045000
z_0105_584.497608.png,#a2aee8,7413,6.412630,0.288568,0.045000
z_0105_584.497608.png,#a8329d,3804,3.290657,0.148080,0.045000
z_0105_584.497608.png,#a9ebc4,136,0.117647,0.005294,0.045000
z_0105_584.497608.png,#aeeff2,2985,2.582180,0.116198,0.045000
z_0105_584.497608.png,#b36994,268,0.231834,0.010433,0.045000
z_0105_584.497608.png,#b54136,2945,2.547578,0.114641,0.045000
z_0105_584.497608.png,#b5748e,410,0.354671,0.015960,0.045000
z_0105_584.497608.png,#b57a36,765,0.661765,0.029779,0.045000
z_0105_584.497608.png,#cacc5e,54,0.046713,0.002102,0.045000
z_0105_584.497608.png,#cc1f00,839,0.725779,0.032660,0.045000
z_0105_584.497608.png,#cc68e8,1800,1.557093,0.070069,0.045000
z_0105_584.497608.png,#f06e8a,620,0.536332,0.024135,0.045000
z_0106_585.502392.png,#030b9e,169,0.146194,0.006579,0.045000
z_0106_585.502392.png,#157d0b,131,0.113322,0.005099,0.045000
z_0106_585.502392.png,#365187,51,0.044118,0.001985,0.045000
z_0106_585.502392.png,#377e94,312,0.269896,0.012145,0.045000
z_0106_585.502392.png,#4a7840,1152,0.996540,0.044844,0.045000
z_0106_585.502392.png,#74b59b,341,0.294983,0.013274,0.045000
z_0106_585.502392.png,#8f82c4,788,0.681661,0.030675,0.045000
z_0106_585.502392.png,#96d4ba,539,0.466263,0.020982,0.045000
z_0106_585.502392.png,#9e033c,289,0.250000,0.011250,0.045000
z_0106_585.502392.png,#a2aee8,7385,6.388408,0.287478,0.045000
z_0106_585.502392.png,#a8329d,4091,3.538927,0.159252,0.045000
z_0106_585.502392.png,#a9ebc4,83,0.071799,0.003231,0.045000
z_0106_585.502392.png,#aeeff2,3047,2.635813,0.118612,0.045000
z_0106_585.502392.png,#b36994,267,0.230969,0.010394,0.045000
z_0106_585.502392.png,#b54136,3063,2.649654,0.119234,0.045000
z_0106_585.502392.png,#b5748e,395,0.341696,0.015376,0.045000
z_0106_585.502392.png,#b57a36,755,0.653114,0.029390,0.045000
z_0106_585.502392.png,#cacc5e,69,0.059689,0.002686,0.045000
z_0106_585.502392.png,#cc1f00,834,0.721453,0.032465,0.045000
z_0106_585.502392.png,#cc68e8,2114,1.828720,0.082292,0.045000
z_0106_585.502392.png,#f06e8a,628,0.543253,0.024446,0.045000
z_0107_586.507177.png,#030b9e,146,0.126298,0.005683,0.045000
z_0107_586.507177.png,#157d0b,123,0.106401,0.004788,0.045000
z_0107_586.507177.png,#365187,44,0.038062,0.001713,0.045000
z_0107_586.507177.png,#377e94,343,0.296713,0.013352,0.045000
z_0107_586.507177.png,#4a7840,1147,0.992215,0.044650,0.045000
z_0107_586.507177.png,#8f82c4,736,0.636678,0.028651,0.045000
z_0107_586.507177.png,#96d4ba,588,0.508651,0.022889,0.045000
z_0107_586.507177.png,#9e033c,295,0.255190,0.011484,0.045000
z_0107_586.507177.png,#a2aee8,4793,4.146194,0.186579,0.045000
z_0107_586.507177.png,#a8329d,4315,3.732699,0.167971,0.045000
z_0107_586.507177.png,#a9ebc4,64,0.055363,0.002491,0.045000
z_0107_586.507177.png,#aeeff2,2958,2.558824,0.115147,0.045000
z_0107_586.507177.png,#b36994,277,0.239619,0.010783,0.045000
z_0107_586.507177.png,#b54136,3043,2.632353,0.118456,0.045000
z_0107_586.507177.png,#b5748e,393,0.339965,0.015298,0.045000
z_0107_586.507177.png,#b57a36,769,0.665225,0.029935,0.045000
z_0107_586.507177.png,#cacc5e,76,0.065744,0.002958,0.045000
z_0107_586.507177.png,#cc1f00,875,0.756920,0.034061,0.045000
z_0107_586.507177.png,#cc68e8,2707,2.341696,0.105376,0.045000
z_0107_586.507177.png,#f06e8a,596,0.515571,0.023201,0.045000
z_0108_587.511962.png,#030b9e,146,0.126298,0.005683,0.045000
z_0108_587.511962.png,#157d0b,108,0.093426,0.004204,0.045000
z_0108_587.511962.png,#365187,58,0.050173,0.002258,0.045000
z_0108_587.511962.png,#377e94,446,0.385813,0.017362,0.045000
z_0108_587.511962.png,#4a7840,1047,0.905709,0.040757,0.045000
z_0108_587.511962.png,#74b59b,352,0.304498,0.013702,0.045000
z_0108_587.511962.png,#8f82c4,694,0.600346,0.027016,0.045000
z_0108_587.511962.png,#96d4ba,670,0.579585,0.026081,0.045000
z_0108_587.511962.png,#9e033c,309,0.267301,0.012029,0.045000
z_0108_587.511962.png,#a2aee8,5960,5.155709,0.232007,0.045000
z_0108_587.511962.png,#a8329d,4364,3.775087,0.169879,0.045000
z_0108_587.511962.png,#a9ebc4,58,0.050173,0.002258,0.045000
z_0108_587.511962.png,#aeeff2,2918,2.524221,0.113590,0.045000
z_0108_587.511962.png,#b36994,282,0.243945,0.010978,0.045000
z_0108_587.511962.png,#b54136,2929,2.533737,0.114018,0.045000
z_0108_587.511962.png,#b5748e,437,0.378028,0.017011,0.045000
z_0108_587.511962.png,#b57a36,747,0.646194,0.029079,0.045000
z_0108_587.511962.png,#cacc5e,74,0.064014,0.002881,0.045000
z_0108_587.511962.png,#cc1f00,909,0.786332,0.035385,0.045000
z_0108_587.511962.png,#cc68e8,1936,1.674740,0.075363,0.045000
z_0108_587.511962.png,#f06e8a,584,0.505190,0.022734,0.045000
z_0109_588.516746.png,#030b9e,164,0.141869,0.006384,0.045000
z_0109_588.516746.png,#157d0b,101,0.087370,0.003932,0.045000
z_0109_588.516746.png,#365187,74,0.064014,0.002881,0.045000
z_0109_588.516746.png,#377e94,546,0.472318,0.021254,0.045000
z_0109_588.516746.png,#4a7840,904,0.782007,0.035190,0.045000
z_0109_588.516746.png,#74b59b,347,0.300173,0.013508,0.045000
z_0109_588.516746.png,#8f82c4,701,0.606401,0.027288,0.045000
z_0109_588.516746.png,#96d4ba,706,0.610727,0.027483,0.045000
z_0109_588.516746.png,#9e033c,330,0.285467,0.012846,0.045000
z_0109_588.516746.png,#a2aee8,5554,4.804498,0.216202,0.045000
z_0109_588.516746.png,#a8329d,4334,3.749135,0.168711,0.045000
z_0109_588.516746.png,#a9ebc4,59,0.051038,0.002297,0.045000
z_0109_588.516746.png,#aeeff2,2772,2.397924,0.107907,0.045000
z_0109_588.516746.png,#b36994,287,0.248270,0.011172,0.045000
z_0109_588.516746.png,#b54136,2859,2.473183,0.111293,0.045000
z_0109_588.516746.png,#b5748e,408,0.352941,0.015882,0.045000
z_0109_588.516746.png,#b57a36,790,0.683391,0.030753,0.045000
z_0109_588.516746.png,#cacc5e,67,0.057958,0.002608,0.045000
z_0109_588.516746.png,#cc1f00,893,0.772491,0.034762,0.045000
z_0109_588.516746.png,#cc68e8,1885,1.630623,0.073378,0.045000
z_0109_588.516746.png,#f06e8a,593,0.512976,0.023084,0.045000
z_0110_589.521531.png,#030b9e,176,0.152249,0.006851,0.045000
z_0110_589.521531.png,#157d0b,80,0.069204,0.003114,0.045000
z_0110_589.521531.png,#365187,83,0.071799,0.003231,0.045000
z_0110_589.521531.png,#377e94,649,0.561419,0.025264,0.045000
z_0110_589.521531.png,#4a7840,845,0.730969,0.032894,0.045000
z_0110_589.521531.png,#74b59b,338,0.292388,0.013157,0.045000
z_0110_589.521531.png,#8f82c4,709,0.613322,0.027599,0.045000
z_0110_589.521531.png,#96d4ba,684,0.591696,0.026626,0.045000
z_0110_589.521531.png,#9e033c,600,0.519031,0.023356,0.045000
z_0110_589.521531.png,#a2aee8,5303,4.587370,0.206432,0.045000
z_0110_589.521531.png,#a8329d,3984,3.446367,0.155087,0.045000
z_0110_589.521531.png,#a9ebc4,47,0.040657,0.001830,0.045000
z_0110_589.521531.png,#aeeff2,2752,2.380623,0.107128,0.045000
z_0110_589.521531.png,#b36994,342,0.295848,0.013313,0.045000
z_0110_589.521531.png,#b54136,1996,1.726644,0.077699,0.045000
z_0110_589.521531.png,#b5748e,378,0.326990,0.014715,0.045000
z_0110_589.521531.png,#b57a36,757,0.654844,0.029468,0.045000
z_0110_589.521531.png,#cacc5e,84,0.072664,0.003270,0.045000
z_0110_589.521531.png,#cc1f00,925,0.800173,0.036008,0.045000
z_0110_589.521531.png,#cc68e8,1867,1.615052,0.072677,0.045000
z_0110_589.521531.png,#f06e8a,601,0.519896,0.023395,0.045000
z_0111_590.526316.png,#030b9e,230,0.198962,0.008953,0.045000
z_0111_590.526316.png,#157d0b,68,0.058824,0.002647,0.045000
z_0111_590.526316.png,#365187,91,0.078720,0.003542,0.045000
z_0111_590.526316.png,#377e94,830,0.717993,0.032310,0.045000
z_0111_590.526316.png,#4a7840,725,0.627163,0.028222,0.045000
z_0111_590.526316.png,#74b59b,355,0.307093,0.013819,0.045000
z_0111_590.526316.png,#8f82c4,723,0.625433,0.028144,0.045000
z_0111_590.526316.png,#96d4ba,616,0.532872,0.023979,0.045000
z_0111_590.526316.png,#9e033c,942,0.814879,0.036670,0.045000
z_0111_590.526316.png,#a2aee8,4965,4.294983,0.193274,0.045000
z_0111_590.526316.png,#a8329d,3718,3.216263,0.144732,0.045000
z_0111_590.526316.png,#a9ebc4,26,0.022491,0.001012,0.045000
z_0111_590.526316.png,#aeeff2,2710,2.344291,0.105493,0.045000
z_0111_590.526316.png,#b36994,379,0.327855,0.014753,0.045000
z_0111_590.526316.png,#b54136,1958,1.693772,0.076220,0.045000
z_0111_590.526316.png,#b5748e,324,0.280277,0.012612,0.045000
z_0111_590.526316.png,#b57a36,765,0.661765,0.029779,0.045000
z_0111_590.526316.png,#cacc5e,93,0.080450,0.003620,0.045000
z_0111_590.526316.png,#cc1f00,924,0.799308,0.035969,0.045000
z_0111_590.526316.png,#cc68e8,1861,1.609862,0.072444,0.045000
z_0111_590.526316.png,#f06e8a,607,0.525087,0.023629,0.045000
z_0112_591.531100.png,#030b9e,316,0.273356,0.012301,0.045000
z_0112_591.531100.png,#157d0b,50,0.043253,0.001946,0.045000
z_0112_591.531100.png,#365187,103,0.089100,0.004010,0.045000
z_0112_591.531100.png,#377e94,1157,1.000865,0.045039,0.045000
z_0112_591.531100.png,#4a7840,589,0.509516,0.022928,0.045000
z_0112_591.531100.png,#74b59b,333,0.288062,0.012963,0.045000
z_0112_591.531100.png,#8f82c4,839,0.725779,0.032660,0.045000
z_0112_591.531100.png,#96d4ba,604,0.522491,0.023512,0.045000
z_0112_591.531100.png,#9e033c,1183,1.023356,0.046051,0.045000
z_0112_591.531100.png,#a2aee8,4700,4.065744,0.182958,0.045000
z_0112_591.531100.png,#a8329d,3580,3.096886,0.139360,0.045000
z_0112_591.531100.png,#aeeff2,2699,2.334775,0.105065,0.045000
z_0112_591.531100.png,#b36994,460,0.397924,0.017907,0.045000
z_0112_591.531100.png,#b54136,1888,1.633218,0.073495,0.045000
z_0112_591.531100.png,#b5748e,276,0.238754,0.010744,0.045000
z_0112_591.531100.png,#b57a36,765,0.661765,0.029779,0.045000
z_0112_591.531100.png,#cacc5e,91,0.078720,0.003542,0.045000
z_0112_591.531100.png,#cc1f00,909,0.786332,0.035385,0.045000
z_0112_591.531100.png,#cc68e8,1884,1.629758,0.073339,0.045000
z_0112_591.531100.png,#f06e8a,632,0.546713,0.024602,0.045000
z_0113_592.535885.png,#030b9e,330,0.285467,0.012846,0.045000
z_0113_592.535885.png,#157d0b,50,0.043253,0.001946,0.045000
z_0113_592.535885.png,#365187,104,0.089965,0.004048,0.045000
z_0113_592.535885.png,#377e94,1169,1.011246,0.045506,0.045000
z_0113_592.535885.png,#4a7840,581,0.502595,0.022617,0.045000
z_0113_592.535885.png,#74b59b,330,0.285467,0.012846,0.045000
z_0113_592.535885.png,#8f82c4,845,0.730969,0.032894,0.045000
z_0113_592.535885.png,#96d4ba,603,0.521626,0.023473,0.045000
z_0113_592.535885.png,#9e033c,1184,1.024221,0.046090,0.045000
z_0113_592.535885.png,#a2aee8,4664,4.034602,0.181557,0.045000
z_0113_592.535885.png,#a8329d,3597,3.111592,0.140022,0.045000
z_0113_592.535885.png,#aeeff2,2698,2.333910,0.105026,0.045000
z_0113_592.535885.png,#b36994,461,0.398789,0.017946,0.045000
z_0113_592.535885.png,#b54136,1890,1.634948,0.073573,0.045000
z_0113_592.535885.png,#b5748e,276,0.238754,0.010744,0.045000
z_0113_592.535885.png,#b57a36,762,0.659170,0.029663,0.045000
z_0113_592.535885.png,#cacc5e,94,0.081315,0.003659,0.045000
z_0113_592.535885.png,#cc1f00,911,0.788062,0.035463,0.045000
z_0113_592.535885.png,#cc68e8,1880,1.626298,0.073183,0.045000
z_0113_592.535885.png,#f06e8a,630,0.544983,0.024524,0.045000
z_0114_593.540670.png,#030b9e,507,0.438581,0.019736,0.045000
z_0114_593.540670.png,#157d0b,38,0.032872,0.001479,0.045000
z_0114_593.540670.png,#365187,113,0.097751,0.004399,0.045000
z_0114_593.540670.png,#377e94,1305,1.128893,0.050800,0.045000
z_0114_593.540670.png,#4a7840,468,0.404844,0.018218,0.045000
z_0114_593.540670.png,#74b59b,329,0.284602,0.012807,0.045000
z_0114_593.540670.png,#8f82c4,1049,0.907439,0.040835,0.045000
z_0114_593.540670.png,#96d4ba,580,0.501730,0.022578,0.045000
z_0114_593.540670.png,#9e033c,1056,0.913495,0.041107,0.045000
z_0114_593.540670.png,#a2aee8,4286,3.707612,0.166843,0.045000
z_0114_593.540670.png,#a8329d,4252,3.678201,0.165519,0.045000
z_0114_593.540670.png,#aeeff2,2901,2.509516,0.112928,0.045000
z_0114_593.540670.png,#b36994,564,0.487889,0.021955,0.045000
z_0114_593.540670.png,#b54136,1754,1.517301,0.068279,0.045000
z_0114_593.540670.png,#b5748e,289,0.250000,0.011250,0.045000
z_0114_593.540670.png,#b57a36,629,0.544118,0.024485,0.045000
z_0114_593.540670.png,#cacc5e,117,0.101211,0.004554,0.045000
z_0114_593.540670.png,#cc1f00,975,0.843426,0.037954,0.045000
z_0114_593.540670.png,#cc68e8,2594,2.243945,0.100978,0.045000
z_0114_593.540670.png,#f06e8a,723,0.625433,0.028144,0.045000
z_0115_594.545455.png,#030b9e,489,0.423010,0.019035,0.045000
z_0115_594.545455.png,#157d0b,32,0.027682,0.001246,0.045000
z_0115_594.545455.png,#365187,112,0.096886,0.004360,0.045000
z_0115_594.545455.png,#377e94,1274,1.102076,0.049593,0.045000
z_0115_594.545455.png,#4a7840,488,0.422145,0.018997,0.045000
z_0115_594.545455.png,#74b59b,303,0.262111,0.011795,0.045000
z_0115_594.545455.png,#8f82c4,1145,0.990484,0.044572,0.045000
z_0115_594.545455.png,#96d4ba,518,0.448097,0.020164,0.045000
z_0115_594.545455.png,#9e033c,1030,0.891003,0.040095,0.045000
z_0115_594.545455.png,#a2aee8,4047,3.500865,0.157539,0.045000
z_0115_594.545455.png,#a8329d,3208,2.775087,0.124879,0.045000
z_0115_594.545455.png,#aeeff2,3144,2.719723,0.122388,0.045000
z_0115_594.545455.png,#b36994,588,0.508651,0.022889,0.045000
z_0115_594.545455.png,#b54136,2023,1.750000,0.078750,0.045000
z_0115_594.545455.png,#b5748e,312,0.269896,0.012145,0.045000
z_0115_594.545455.png,#b57a36,552,0.477509,0.021488,0.045000
z_0115_594.545455.png,#cacc5e,124,0.107266,0.004827,0.045000
z_0115_594.545455.png,#cc1f00,1106,0.956747,0.043054,0.045000
z_0115_594.545455.png,#cc68e8,2262,1.956747,0.088054,0.045000
z_0115_594.545455.png,#f06e8a,763,0.660035,0.029702,0.045000
z_0116_595.550239.png,#030b9e,463,0.400519,0.018023,0.045000
z_0116_595.550239.png,#157d0b,32,0.027682,0.001246,0.045000
z_0116_595.550239.png,#365187,110,0.095156,0.004282,0.045000
z_0116_595.550239.png,#377e94,1043,0.902249,0.040601,0.045000
z_0116_595.550239.png,#4a7840,491,0.424740,0.019113,0.045000
z_0116_595.550239.png,#74b59b,322,0.278547,0.012535,0.045000
z_0116_595.550239.png,#8f82c4,1228,1.062284,0.047803,0.045000
z_0116_595.550239.png,#96d4ba,533,0.461073,0.020748,0.045000
z_0116_595.550239.png,#9e033c,955,0.826125,0.037176,0.045000
z_0116_595.550239.png,#a2aee8,3822,3.306228,0.148780,0.045000
z_0116_595.550239.png,#a8329d,3247,2.808824,0.126397,0.045000
z_0116_595.550239.png,#aeeff2,3393,2.935121,0.132080,0.045000
z_0116_595.550239.png,#b36994,654,0.565744,0.025458,0.045000
z_0116_595.550239.png,#b54136,1865,1.613322,0.072599,0.045000
z_0116_595.550239.png,#b5748e,340,0.294118,0.013235,0.045000
z_0116_595.550239.png,#b57a36,571,0.493945,0.022228,0.045000
z_0116_595.550239.png,#cacc5e,145,0.125433,0.005644,0.045000
z_0116_595.550239.png,#cc1f00,1025,0.886678,0.039901,0.045000
z_0116_595.550239.png,#cc68e8,1636,1.415225,0.063685,0.045000
z_0116_595.550239.png,#f06e8a,786,0.679931,0.030597,0.045000
z_0117_596.555024.png,#030b9e,445,0.384948,0.017323,0.045000
z_0117_596.555024.png,#157d0b,25,0.021626,0.000973,0.045000
z_0117_596.555024.png,#365187,115,0.099481,0.004477,0.045000
z_0117_596.555024.png,#377e94,1052,0.910035,0.040952,0.045000
z_0117_596.555024.png,#4a7840,538,0.465398,0.020943,0.045000
z_0117_596.555024.png,#74b59b,342,0.295848,0.013313,0.045000
z_0117_596.555024.png,#8f82c4,1330,1.150519,0.051773,0.045000
z_0117_596.555024.png,#96d4ba,518,0.448097,0.020164,0.045000
z_0117_596.555024.png,#9e033c,907,0.784602,0.035307,0.045000
z_0117_596.555024.png,#a2aee8,3735,3.230969,0.145394,0.045000
z_0117_596.555024.png,#a8329d,3295,2.850346,0.128266,0.045000
z_0117_596.555024.png,#aeeff2,3418,2.956747,0.133054,0.045000
z_0117_596.555024.png,#b36994,706,0.610727,0.027483,0.045000
z_0117_596.555024.png,#b54136,1351,1.168685,0.052591,0.045000
z_0117_596.555024.png,#b5748e,351,0.303633,0.013663,0.045000
z_0117_596.555024.png,#b57a36,605,0.523356,0.023551,0.045000
z_0117_596.555024.png,#cacc5e,169,0.146194,0.006579,0.045000
z_0117_596.555024.png,#cc1f00,1054,0.911765,0.041029,0.045000
z_0117_596.555024.png,#cc68e8,1556,1.346021,0.060571,0.045000
z_0117_596.555024.png,#f06e8a,839,0.725779,0.032660,0.045000
z_0118_597.559809.png,#030b9e,484,0.418685,0.018841,0.045000
z_0118_597.559809.png,#157d0b,21,0.018166,0.000817,0.045000
z_0118_597.559809.png,#365187,135,0.116782,0.005255,0.045000
z_0118_597.559809.png,#377e94,1102,0.953287,0.042898,0.045000
z_0118_597.559809.png,#4a7840,594,0.513841,0.023123,0.045000
z_0118_597.559809.png,#74b59b,352,0.304498,0.013702,0.045000
z_0118_597.559809.png,#8f82c4,1316,1.138408,0.051228,0.045000
z_0118_597.559809.png,#96d4ba,530,0.458478,0.020631,0.045000
z_0118_597.559809.png,#9e033c,814,0.704152,0.031687,0.045000
z_0118_597.559809.png,#a2aee8,3615,3.127163,0.140722,0.045000
z_0118_597.559809.png,#a8329d,3466,2.998270,0.134922,0.045000
z_0118_597.559809.png,#aeeff2,3249,2.810554,0.126475,0.045000
z_0118_597.559809.png,#b36994,729,0.630623,0.028378,0.045000
z_0118_597.559809.png,#b54136,1288,1.114187,0.050138,0.045000
z_0118_597.559809.png,#b5748e,345,0.298443,0.013430,0.045000
z_0118_597.559809.png,#b57a36,566,0.489619,0.022033,0.045000
z_0118_597.559809.png,#cacc5e,206,0.178201,0.008019,0.045000
z_0118_597.559809.png,#cc1f00,1073,0.928201,0.041769,0.045000
z_0118_597.559809.png,#cc68e8,1498,1.295848,0.058313,0.045000
z_0118_597.559809.png,#f06e8a,919,0.794983,0.035774,0.045000
z_0119_598.564593.png,#030b9e,492,0.425606,0.019152,0.045000
z_0119_598.564593.png,#157d0b,29,0.025087,0.001129,0.045000
z_0119_598.564593.png,#365187,211,0.182526,0.008214,0.045000
z_0119_598.564593.png,#377e94,1236,1.069204,0.048114,0.045000
z_0119_598.564593.png,#4a7840,630,0.544983,0.024524,0.045000
z_0119_598.564593.png,#74b59b,358,0.309689,0.013936,0.045000
z_0119_598.564593.png,#8f82c4,1361,1.177336,0.052980,0.045000
z_0119_598.564593.png,#96d4ba,580,0.501730,0.022578,0.045000
z_0119_598.564593.png,#9e033c,975,0.843426,0.037954,0.045000
z_0119_598.564593.png,#a2aee8,3391,2.933391,0.132003,0.045000
z_0119_598.564593.png,#a8329d,3755,3.248270,0.146172,0.045000
z_0119_598.564593.png,#aeeff2,2983,2.580450,0.116120,0.045000
z_0119_598.564593.png,#b36994,735,0.635813,0.028612,0.045000
z_0119_598.564593.png,#b54136,1228,1.062284,0.047803,0.045000
z_0119_598.564593.png,#b5748e,367,0.317474,0.014286,0.045000
z_0119_598.564593.png,#b57a36,510,0.441176,0.019853,0.045000
z_0119_598.564593.png,#cacc5e,232,0.200692,0.009031,0.045000
z_0119_598.564593.png,#cc1f00,1106,0.956747,0.043054,0.045000
z_0119_598.564593.png,#cc68e8,1439,1.244810,0.056016,0.045000
z_0119_598.564593.png,#f06e8a,978,0.846021,0.038071,0.045000
z_0120_599.569378.png,#030b9e,557,0.481834,0.021683,0.045000
z_0120_599.569378.png,#157d0b,25,0.021626,0.000973,0.045000
z_0120_599.569378.png,#365187,247,0.213668,0.009615,0.045000
z_0120_599.569378.png,#377e94,1544,1.335640,0.060104,0.045000
z_0120_599.569378.png,#4a7840,767,0.663495,0.029857,0.045000
z_0120_599.569378.png,#74b59b,353,0.305363,0.013741,0.045000
z_0120_599.569378.png,#8f82c4,1379,1.192907,0.053681,0.045000
z_0120_599.569378.png,#96d4ba,690,0.596886,0.026860,0.045000
z_0120_599.569378.png,#9e033c,1185,1.025087,0.046129,0.045000
z_0120_599.569378.png,#a2aee8,3359,2.905709,0.130757,0.045000
z_0120_599.569378.png,#a8329d,3995,3.455882,0.155515,0.045000
z_0120_599.569378.png,#aeeff2,2805,2.426471,0.109191,0.045000
z_0120_599.569378.png,#b36994,754,0.652249,0.029351,0.045000
z_0120_599.569378.png,#b54136,1248,1.079585,0.048581,0.045000
z_0120_599.569378.png,#b5748e,391,0.338235,0.015221,0.045000
z_0120_599.569378.png,#b57a36,518,0.448097,0.020164,0.045000
z_0120_599.569378.png,#cacc5e,307,0.265571,0.011951,0.045000
z_0120_599.569378.png,#cc1f00,1039,0.898789,0.040446,0.045000
z_0120_599.569378.png,#cc68e8,499,0.431661,0.019425,0.045000
z_0120_599.569378.png,#f06e8a,973,0.841696,0.037876,0.045000
z_0121_600.574163.png,#030b9e,561,0.485294,0.021838,0.045000
z_0121_600.574163.png,#157d0b,26,0.022491,0.001012,0.045000
z_0121_600.574163.png,#365187,267,0.230969,0.010394,0.045000
z_0121_600.574163.png,#377e94,1603,1.386678,0.062401,0.045000
z_0121_600.574163.png,#4a7840,914,0.790657,0.035580,0.045000
z_0121_600.574163.png,#74b59b,365,0.315744,0.014208,0.045000
z_0121_600.574163.png,#8f82c4,1455,1.258651,0.056639,0.045000
z_0121_600.574163.png,#96d4ba,732,0.633218,0.028495,0.045000
z_0121_600.574163.png,#9e033c,1253,1.083910,0.048776,0.045000
z_0121_600.574163.png,#a2aee8,3330,2.880623,0.129628,0.045000
z_0121_600.574163.png,#a8329d,4360,3.771626,0.169723,0.045000
z_0121_600.574163.png,#aeeff2,2687,2.324394,0.104598,0.045000
z_0121_600.574163.png,#b36994,764,0.660900,0.029740,0.045000
z_0121_600.574163.png,#b54136,1308,1.131488,0.050917,0.045000
z_0121_600.574163.png,#b5748e,416,0.359862,0.016194,0.045000
z_0121_600.574163.png,#b57a36,563,0.487024,0.021916,0.045000
z_0121_600.574163.png,#cacc5e,338,0.292388,0.013157,0.045000
z_0121_600.574163.png,#cc1f00,962,0.832180,0.037448,0.045000
z_0121_600.574163.png,#cc68e8,429,0.371107,0.016700,0.045000
z_0121_600.574163.png,#f06e8a,1010,0.873702,0.039317,0.045000
z_0122_601.578947.png,#030b9e,576,0.498270,0.022422,0.045000
z_0122_601.578947.png,#157d0b,20,0.017301,0.000779,0.045000
z_0122_601.578947.png,#365187,234,0.202422,0.009109,0.045000
z_0122_601.578947.png,#377e94,1655,1.431661,0.064425,0.045000
z_0122_601.578947.png,#4a7840,1058,0.915225,0.041185,0.045000
z_0122_601.578947.png,#74b59b,351,0.303633,0.013663,0.045000
z_0122_601.578947.png,#8f82c4,1552,1.342561,0.060415,0.045000
z_0122_601.578947.png,#96d4ba,715,0.618512,0.027833,0.045000
z_0122_601.578947.png,#9e033c,1261,1.090830,0.049087,0.045000
z_0122_601.578947.png,#a2aee8,3113,2.692907,0.121181,0.045000
z_0122_601.578947.png,#a8329d,4843,4.189446,0.188525,0.045000
z_0122_601.578947.png,#aeeff2,2416,2.089965,0.094048,0.045000
z_0122_601.578947.png,#b36994,723,0.625433,0.028144,0.045000
z_0122_601.578947.png,#b54136,1354,1.171280,0.052708,0.045000
z_0122_601.578947.png,#b5748e,428,0.370242,0.016661,0.045000
z_0122_601.578947.png,#b57a36,537,0.464533,0.020904,0.045000
z_0122_601.578947.png,#cacc5e,429,0.371107,0.016700,0.045000
z_0122_601.578947.png,#cc1f00,972,0.840830,0.037837,0.045000
z_0122_601.578947.png,#cc68e8,404,0.349481,0.015727,0.045000
z_0122_601.578947.png,#f06e8a,1039,0.898789,0.040446,0.045000
z_0123_602.583732.png,#030b9e,579,0.500865,0.022539,0.045000
z_0123_602.583732.png,#157d0b,20,0.017301,0.000779,0.045000
z_0123_602.583732.png,#365187,232,0.200692,0.009031,0.045000
z_0123_602.583732.png,#377e94,1651,1.428201,0.064269,0.045000
z_0123_602.583732.png,#4a7840,1068,0.923875,0.041574,0.045000
z_0123_602.583732.png,#74b59b,352,0.304498,0.013702,0.045000
z_0123_602.583732.png,#8f82c4,1553,1.343426,0.060454,0.045000
z_0123_602.583732.png,#96d4ba,710,0.614187,0.027638,0.045000
z_0123_602.583732.png,#9e033c,1253,1.083910,0.048776,0.045000
z_0123_602.583732.png,#a2aee8,3083,2.666955,0.120013,0.045000
z_0123_602.583732.png,#a8329d,4843,4.189446,0.188525,0.045000
z_0123_602.583732.png,#aeeff2,2412,2.086505,0.093893,0.045000
z_0123_602.583732.png,#b36994,723,0.625433,0.028144,0.045000
z_0123_602.583732.png,#b54136,1352,1.169550,0.052630,0.045000
z_0123_602.583732.png,#b5748e,431,0.372837,0.016778,0.045000
z_0123_602.583732.png,#b57a36,533,0.461073,0.020748,0.045000
z_0123_602.583732.png,#cacc5e,423,0.365917,0.016466,0.045000
z_0123_602.583732.png,#cc1f00,966,0.835640,0.037604,0.045000
z_0123_602.583732.png,#cc68e8,410,0.354671,0.015960,0.045000
z_0123_602.583732.png,#f06e8a,1039,0.898789,0.040446,0.045000
z_0124_603.588517.png,#030b9e,1469,1.270761,0.057184,0.045000
z_0124_603.588517.png,#157d0b,26,0.022491,0.001012,0.045000
z_0124_603.588517.png,#365187,209,0.180796,0.008136,0.045000
z_0124_603.588517.png,#377e94,1644,1.422145,0.063997,0.045000
z_0124_603.588517.png,#4a7840,1195,1.033737,0.046518,0.045000
z_0124_603.588517.png,#74b59b,369,0.319204,0.014364,0.045000
z_0124_603.588517.png,#75aaff,145,0.125433,0.005644,0.045000
z_0124_603.588517.png,#8f82c4,1529,1.322664,0.059520,0.045000
z_0124_603.588517.png,#96d4ba,944,0.816609,0.036747,0.045000
z_0124_603.588517.png,#9e033c,1023,0.884948,0.039823,0.045000
z_0124_603.588517.png,#a2aee8,2171,1.878028,0.084511,0.045000
z_0124_603.588517.png,#a8329d,6501,5.623702,0.253067,0.045000
z_0124_603.588517.png,#aeeff2,1079,0.933391,0.042003,0.045000
z_0124_603.588517.png,#b36994,633,0.547578,0.024641,0.045000
z_0124_603.588517.png,#b54136,1503,1.300173,0.058508,0.045000
z_0124_603.588517.png,#b5748e,542,0.468858,0.021099,0.045000
z_0124_603.588517.png,#b57a36,295,0.255190,0.011484,0.045000
z_0124_603.588517.png,#cacc5e,786,0.679931,0.030597,0.045000
z_0124_603.588517.png,#cc1f00,1241,1.073529,0.048309,0.045000
z_0124_603.588517.png,#cc68e8,396,0.342561,0.015415,0.045000
z_0124_603.588517.png,#f06e8a,1113,0.962803,0.043326,0.045000
z_0125_604.593301.png,#030b9e,1471,1.272491,0.057262,0.045000
z_0125_604.593301.png,#157d0b,25,0.021626,0.000973,0.045000
z_0125_604.593301.png,#365187,213,0.184256,0.008292,0.045000
z_0125_604.593301.png,#377e94,1640,1.418685,0.063841,0.045000
z_0125_604.593301.png,#4a7840,1200,1.038062,0.046713,0.045000
z_0125_604.593301.png,#74b59b,364,0.314879,0.014170,0.045000
z_0125_604.593301.png,#75aaff,143,0.123702,0.005567,0.045000
z_0125_604.593301.png,#8f82c4,1541,1.333045,0.059987,0.045000
z_0125_604.593301.png,#96d4ba,944,0.816609,0.036747,0.045000
z_0125_604.593301.png,#9e033c,1020,0.882353,0.039706,0.045000
z_0125_604.593301.png,#a2aee8,2180,1.885813,0.084862,0.045000
z_0125_604.593301.png,#a8329d,6497,5.620242,0.252911,0.045000
z_0125_604.593301.png,#aeeff2,1083,0.936851,0.042158,0.045000
z_0125_604.593301.png,#b36994,635,0.549308,0.024719,0.045000
z_0125_604.593301.png,#b54136,1514,1.309689,0.058936,0.045000
z_0125_604.593301.png,#b5748e,543,0.469723,0.021138,0.045000
z_0125_604.593301.png,#b57a36,294,0.254325,0.011445,0.045000
z_0125_604.593301.png,#cacc5e,799,0.691176,0.031103,0.045000
z_0125_604.593301.png,#cc1f00,1262,1.091696,0.049126,0.045000
z_0125_604.593301.png,#cc68e8,397,0.343426,0.015454,0.045000
z_0125_604.593301.png,#f06e8a,1114,0.963668,0.043365,0.045000
z_0126_605.598086.png,#030b9e,1509,1.305363,0.058741,0.045000
z_0126_605.598086.png,#157d0b,27,0.023356,0.001051,0.045000
z_0126_605.598086.png,#365187,189,0.163495,0.007357,0.045000
z_0126_605.598086.png,#377e94,1262,1.091696,0.049126,0.045000
z_0126_605.598086.png,#4a7840,1282,1.108997,0.049905,0.045000
z_0126_605.598086.png,#74b59b,386,0.333910,0.015026,0.045000
z_0126_605.598086.png,#75aaff,111,0.096021,0.004321,0.045000
z_0126_605.598086.png,#8f82c4,1530,1.323529,0.059559,0.045000
z_0126_605.598086.png,#96d4ba,1022,0.884083,0.039784,0.045000
z_0126_605.598086.png,#9e033c,1112,0.961938,0.043287,0.045000
z_0126_605.598086.png,#a2aee8,2105,1.820934,0.081942,0.045000
z_0126_605.598086.png,#a8329d,6472,5.598616,0.251938,0.045000
z_0126_605.598086.png,#aeeff2,912,0.788927,0.035502,0.045000
z_0126_605.598086.png,#b36994,720,0.622837,0.028028,0.045000
z_0126_605.598086.png,#b54136,1554,1.344291,0.060493,0.045000
z_0126_605.598086.png,#b5748e,574,0.496540,0.022344,0.045000
z_0126_605.598086.png,#b57a36,237,0.205017,0.009226,0.045000
z_0126_605.598086.png,#cacc5e,950,0.821799,0.036981,0.045000
z_0126_605.598086.png,#cc1f00,1683,1.455882,0.065515,0.045000
z_0126_605.598086.png,#cc68e8,423,0.365917,0.016466,0.045000
z_0126_605.598086.png,#f06e8a,1121,0.969723,0.043638,0.045000
z_0127_606.602871.png,#030b9e,1532,1.325260,0.059637,0.045000
z_0127_606.602871.png,#157d0b,25,0.021626,0.000973,0.045000
z_0127_606.602871.png,#365187,154,0.133218,0.005995,0.045000
z_0127_606.602871.png,#377e94,1073,0.928201,0.041769,0.045000
z_0127_606.602871.png,#4a7840,1297,1.121972,0.050489,0.045000
z_0127_606.602871.png,#74b59b,385,0.333045,0.014987,0.045000
z_0127_606.602871.png,#75aaff,78,0.067474,0.003036,0.045000
z_0127_606.602871.png,#8f82c4,1477,1.277682,0.057496,0.045000
z_0127_606.602871.png,#96d4ba,1120,0.968858,0.043599,0.045000
z_0127_606.602871.png,#9e033c,914,0.790657,0.035580,0.045000
z_0127_606.602871.png,#a2aee8,1834,1.586505,0.071393,0.045000
z_0127_606.602871.png,#a8329d,6615,5.722318,0.257504,0.045000
z_0127_606.602871.png,#aeeff2,809,0.699827,0.031492,0.045000
z_0127_606.602871.png,#b36994,742,0.641869,0.028884,0.045000
z_0127_606.602871.png,#b54136,1553,1.343426,0.060454,0.045000
z_0127_606.602871.png,#b5748e,597,0.516436,0.023240,0.045000
z_0127_606.602871.png,#b57a36,188,0.162630,0.007318,0.045000
z_0127_606.602871.png,#cacc5e,957,0.827855,0.037253,0.045000
z_0127_606.602871.png,#cc1f00,1969,1.703287,0.076648,0.045000
z_0127_606.602871.png,#cc68e8,473,0.409170,0.018413,0.045000
z_0127_606.602871.png,#f06e8a,1163,1.006055,0.045272,0.045000
z_0128_607.607656.png,#030b9e,1288,1.114187,0.050138,0.045000
z_0128_607.607656.png,#157d0b,34,0.029412,0.001324,0.045000
z_0128_607.607656.png,#365187,153,0.132353,0.005956,0.045000
z_0128_607.607656.png,#377e94,697,0.602941,0.027132,0.045000
z_0128_607.607656.png,#4a7840,1319,1.141003,0.051345,0.045000
z_0128_607.607656.png,#74b59b,407,0.352076,0.015843,0.045000
z_0128_607.607656.png,#75aaff,40,0.034602,0.001557,0.045000
z_0128_607.607656.png,#8f82c4,1218,1.053633,0.047413,0.045000
z_0128_607.607656.png,#96d4ba,1154,0.998270,0.044922,0.045000
z_0128_607.607656.png,#9e033c,750,0.648789,0.029196,0.045000
z_0128_607.607656.png,#a2aee8,1551,1.341696,0.060376,0.045000
z_0128_607.607656.png,#a8329d,6602,5.711073,0.256998,0.045000
z_0128_607.607656.png,#aeeff2,676,0.584775,0.026315,0.045000
z_0128_607.607656.png,#b36994,722,0.624567,0.028106,0.045000
z_0128_607.607656.png,#b54136,1579,1.365917,0.061466,0.045000
z_0128_607.607656.png,#b5748e,586,0.506920,0.022811,0.045000
z_0128_607.607656.png,#b57a36,161,0.139273,0.006267,0.045000
z_0128_607.607656.png,#cacc5e,965,0.834775,0.037565,0.045000
z_0128_607.607656.png,#cc1f00,2330,2.015571,0.090701,0.045000
z_0128_607.607656.png,#cc68e8,520,0.449827,0.020242,0.045000
z_0128_607.607656.png,#f06e8a,1185,1.025087,0.046129,0.045000
z_0129_608.612440.png,#030b9e,930,0.804498,0.036202,0.045000
z_0129_608.612440.png,#157d0b,30,0.025952,0.001168,0.045000
z_0129_608.612440.png,#365187,147,0.127163,0.005722,0.045000
z_0129_608.612440.png,#377e94,626,0.541522,0.024369,0.045000
z_0129_608.612440.png,#4a7840,1246,1.077855,0.048503,0.045000
z_0129_608.612440.png,#74b59b,270,0.233564,0.010510,0.045000
z_0129_608.612440.png,#75aaff,53,0.045848,0.002063,0.045000
z_0129_608.612440.png,#8f82c4,1085,0.938581,0.042236,0.045000
z_0129_608.612440.png,#96d4ba,1096,0.948097,0.042664,0.045000
z_0129_608.612440.png,#9e033c,708,0.612457,0.027561,0.045000
z_0129_608.612440.png,#a2aee8,1102,0.953287,0.042898,0.045000
z_0129_608.612440.png,#a8329d,6642,5.745675,0.258555,0.045000
z_0129_608.612440.png,#aeeff2,605,0.523356,0.023551,0.045000
z_0129_608.612440.png,#b36994,704,0.608997,0.027405,0.045000
z_0129_608.612440.png,#b54136,1640,1.418685,0.063841,0.045000
z_0129_608.612440.png,#b5748e,625,0.540657,0.024330,0.045000
z_0129_608.612440.png,#b57a36,115,0.099481,0.004477,0.045000
z_0129_608.612440.png,#cacc5e,935,0.808824,0.036397,0.045000
z_0129_608.612440.png,#cc1f00,2992,2.588235,0.116471,0.045000
z_0129_608.612440.png,#cc68e8,559,0.483564,0.021760,0.045000
z_0129_608.612440.png,#f06e8a,1223,1.057958,0.047608,0.045000
z_0130_609.617225.png,#030b9e,927,0.801903,0.036086,0.045000
z_0130_609.617225.png,#157d0b,25,0.021626,0.000973,0.045000
z_0130_609.617225.png,#365187,147,0.127163,0.005722,0.045000
z_0130_609.617225.png,#377e94,622,0.538062,0.024213,0.045000
z_0130_609.617225.png,#4a7840,1251,1.082180,0.048698,0.045000
z_0130_609.617225.png,#74b59b,269,0.232699,0.010471,0.045000
z_0130_609.617225.png,#75aaff,55,0.047578,0.002141,0.045000
z_0130_609.617225.png,#8f82c4,1083,0.936851,0.042158,0.045000
z_0130_609.617225.png,#96d4ba,1091,0.943772,0.042470,0.045000
z_0130_609.617225.png,#9e033c,727,0.628893,0.028300,0.045000
z_0130_609.617225.png,#a2aee8,1088,0.941176,0.042353,0.045000
z_0130_609.617225.png,#a8329d,6628,5.733564,0.258010,0.045000
z_0130_609.617225.png,#aeeff2,598,0.517301,0.023279,0.045000
z_0130_609.617225.png,#b36994,695,0.601211,0.027054,0.045000
z_0130_609.617225.png,#b54136,1633,1.412630,0.063568,0.045000
z_0130_609.617225.png,#b5748e,619,0.535467,0.024096,0.045000
z_0130_609.617225.png,#b57a36,114,0.098616,0.004438,0.045000
z_0130_609.617225.png,#cacc5e,935,0.808824,0.036397,0.045000
z_0130_609.617225.png,#cc1f00,2999,2.594291,0.116743,0.045000
z_0130_609.617225.png,#cc68e8,565,0.488754,0.021994,0.045000
z_0130_609.617225.png,#f06e8a,1226,1.060554,0.047725,0.045000
z_0131_610.622010.png,#030b9e,975,0.843426,0.037954,0.045000
z_0131_610.622010.png,#157d0b,36,0.031142,0.001401,0.045000
z_0131_610.622010.png,#365187,138,0.119377,0.005372,0.045000
z_0131_610.622010.png,#377e94,604,0.522491,0.023512,0.045000
z_0131_610.622010.png,#4a7840,1148,0.993080,0.044689,0.045000
z_0131_610.622010.png,#74b59b,360,0.311419,0.014014,0.045000
z_0131_610.622010.png,#75aaff,81,0.070069,0.003153,0.045000
z_0131_610.622010.png,#8f82c4,984,0.851211,0.038304,0.045000
z_0131_610.622010.png,#96d4ba,933,0.807093,0.036319,0.045000
z_0131_610.622010.png,#9e033c,1049,0.907439,0.040835,0.045000
z_0131_610.622010.png,#a2aee8,956,0.826990,0.037215,0.045000
z_0131_610.622010.png,#a8329d,6846,5.922145,0.266497,0.045000
z_0131_610.622010.png,#aeeff2,591,0.511246,0.023006,0.045000
z_0131_610.622010.png,#b36994,814,0.704152,0.031687,0.045000
z_0131_610.622010.png,#b54136,1708,1.477509,0.066488,0.045000
z_0131_610.622010.png,#b5748e,644,0.557093,0.025069,0.045000
z_0131_610.622010.png,#b57a36,102,0.088235,0.003971,0.045000
z_0131_610.622010.png,#cacc5e,946,0.818339,0.036825,0.045000
z_0131_610.622010.png,#cc1f00,3134,2.711073,0.121998,0.045000
z_0131_610.622010.png,#cc68e8,567,0.490484,0.022072,0.045000
z_0131_610.622010.png,#f06e8a,1217,1.052768,0.047375,0.045000
z_0132_611.626794.png,#030b9e,236,0.204152,0.009187,0.045000
z_0132_611.626794.png,#157d0b,31,0.026817,0.001207,0.045000
z_0132_611.626794.png,#365187,108,0.093426,0.004204,0.045000
z_0132_611.626794.png,#377e94,560,0.484429,0.021799,0.045000
z_0132_611.626794.png,#4a7840,1122,0.970588,0.043676,0.045000
z_0132_611.626794.png,#74b59b,475,0.410900,0.018490,0.045000
z_0132_611.626794.png,#75aaff,161,0.139273,0.006267,0.045000
z_0132_611.626794.png,#8f82c4,861,0.744810,0.033516,0.045000
z_0132_611.626794.png,#96d4ba,801,0.692907,0.031181,0.045000
z_0132_611.626794.png,#9e033c,1333,1.153114,0.051890,0.045000
z_0132_611.626794.png,#a2aee8,830,0.717993,0.032310,0.045000
z_0132_611.626794.png,#a8329d,7289,6.305363,0.283741,0.045000
z_0132_611.626794.png,#aeeff2,605,0.523356,0.023551,0.045000
z_0132_611.626794.png,#b36994,906,0.783737,0.035268,0.045000
z_0132_611.626794.png,#b54136,1767,1.528547,0.068785,0.045000
z_0132_611.626794.png,#b5748e,667,0.576990,0.025965,0.045000
z_0132_611.626794.png,#b57a36,101,0.087370,0.003932,0.045000
z_0132_611.626794.png,#cacc5e,1070,0.925606,0.041652,0.045000
z_0132_611.626794.png,#cc1f00,3238,2.801038,0.126047,0.045000
z_0132_611.626794.png,#cc68e8,541,0.467993,0.021060,0.045000
z_0132_611.626794.png,#f06e8a,1192,1.031142,0.046401,0.045000
z_0133_612.631579.png,#030b9e,232,0.200692,0.009031,0.045000
z_0133_612.631579.png,#157d0b,26,0.022491,0.001012,0.045000
z_0133_612.631579.png,#365187,94,0.081315,0.003659,0.045000
z_0133_612.631579.png,#377e94,457,0.395329,0.017790,0.045000
z_0133_612.631579.png,#4a7840,1158,1.001730,0.045078,0.045000
z_0133_612.631579.png,#74b59b,597,0.516436,0.023240,0.045000
z_0133_612.631579.png,#75aaff,290,0.250865,0.011289,0.045000
z_0133_612.631579.png,#8f82c4,776,0.671280,0.030208,0.045000
z_0133_612.631579.png,#96d4ba,824,0.712803,0.032076,0.045000
z_0133_612.631579.png,#9e033c,1456,1.259516,0.056678,0.045000
z_0133_612.631579.png,#a2aee8,799,0.691176,0.031103,0.045000
z_0133_612.631579.png,#a8329d,7632,6.602076,0.297093,0.045000
z_0133_612.631579.png,#aeeff2,579,0.500865,0.022539,0.045000
z_0133_612.631579.png,#b36994,1043,0.902249,0.040601,0.045000
z_0133_612.631579.png,#b54136,1828,1.581315,0.071159,0.045000
z_0133_612.631579.png,#b5748e,656,0.567474,0.025536,0.045000
z_0133_612.631579.png,#b57a36,105,0.090830,0.004087,0.045000
z_0133_612.631579.png,#cacc5e,1123,0.971453,0.043715,0.045000
z_0133_612.631579.png,#cc1f00,3089,2.672145,0.120247,0.045000
z_0133_612.631579.png,#cc68e8,510,0.441176,0.019853,0.045000
z_0133_612.631579.png,#f06e8a,1202,1.039792,0.046791,0.045000
z_0134_613.636364.png,#030b9e,224,0.193772,0.008720,0.045000
z_0134_613.636364.png,#157d0b,26,0.022491,0.001012,0.045000
z_0134_613.636364.png,#365187,82,0.070934,0.003192,0.045000
z_0134_613.636364.png,#377e94,414,0.358131,0.016116,0.045000
z_0134_613.636364.png,#4a7840,1197,1.035467,0.046596,0.045000
z_0134_613.636364.png,#74b59b,687,0.594291,0.026743,0.045000
z_0134_613.636364.png,#75aaff,414,0.358131,0.016116,0.045000
z_0134_613.636364.png,#8f82c4,694,0.600346,0.027016,0.045000
z_0134_613.636364.png,#96d4ba,886,0.766436,0.034490,0.045000
z_0134_613.636364.png,#9e033c,1697,1.467993,0.066060,0.045000
z_0134_613.636364.png,#a2aee8,752,0.650519,0.029273,0.045000
z_0134_613.636364.png,#a8329d,7758,6.711073,0.301998,0.045000
z_0134_613.636364.png,#aeeff2,600,0.519031,0.023356,0.045000
z_0134_613.636364.png,#b36994,1180,1.020761,0.045934,0.045000
z_0134_613.636364.png,#b54136,1804,1.560554,0.070225,0.045000
z_0134_613.636364.png,#b5748e,705,0.609862,0.027444,0.045000
z_0134_613.636364.png,#b57a36,116,0.100346,0.004516,0.045000
z_0134_613.636364.png,#cacc5e,1197,1.035467,0.046596,0.045000
z_0134_613.636364.png,#cc1f00,2891,2.500865,0.112539,0.045000
z_0134_613.636364.png,#cc68e8,505,0.436851,0.019658,0.045000
z_0134_613.636364.png,#f06e8a,1216,1.051903,0.047336,0.045000
z_0135_614.641148.png,#030b9e,237,0.205017,0.009226,0.045000
z_0135_614.641148.png,#157d0b,28,0.024221,0.001090,0.045000
z_0135_614.641148.png,#365187,22,0.019031,0.000856,0.045000
z_0135_614.641148.png,#377e94,461,0.398789,0.017946,0.045000
z_0135_614.641148.png,#4a7840,1125,0.973183,0.043793,0.045000
z_0135_614.641148.png,#74b59b,822,0.711073,0.031998,0.045000
z_0135_614.641148.png,#75aaff,510,0.441176,0.019853,0.045000
z_0135_614.641148.png,#8f82c4,690,0.596886,0.026860,0.045000
z_0135_614.641148.png,#96d4ba,972,0.840830,0.037837,0.045000
z_0135_614.641148.png,#9e033c,1904,1.647059,0.074118,0.045000
z_0135_614.641148.png,#a2aee8,769,0.665225,0.029935,0.045000
z_0135_614.641148.png,#a8329d,7937,6.865917,0.308966,0.045000
z_0135_614.641148.png,#aeeff2,607,0.525087,0.023629,0.045000
z_0135_614.641148.png,#b36994,1293,1.118512,0.050333,0.045000
z_0135_614.641148.png,#b54136,1730,1.496540,0.067344,0.045000
z_0135_614.641148.png,#b5748e,743,0.642734,0.028923,0.045000
z_0135_614.641148.png,#b57a36,99,0.085640,0.003854,0.045000
z_0135_614.641148.png,#cacc5e,1249,1.080450,0.048620,0.045000
z_0135_614.641148.png,#cc1f00,2421,2.094291,0.094243,0.045000
z_0135_614.641148.png,#cc68e8,942,0.814879,0.036670,0.045000
z_0135_614.641148.png,#f06e8a,1204,1.041522,0.046869,0.045000
z_0136_615.645933.png,#030b9e,1557,1.346886,0.060610,0.045000
z_0136_615.645933.png,#157d0b,37,0.032007,0.001440,0.045000
z_0136_615.645933.png,#365187,6,0.005190,0.000234,0.045000
z_0136_615.645933.png,#377e94,476,0.411765,0.018529,0.045000
z_0136_615.645933.png,#4a7840,981,0.848616,0.038188,0.045000
z_0136_615.645933.png,#74b59b,954,0.825260,0.037137,0.045000
z_0136_615.645933.png,#75aaff,688,0.595156,0.026782,0.045000
z_0136_615.645933.png,#8f82c4,615,0.532007,0.023940,0.045000
z_0136_615.645933.png,#96d4ba,1279,1.106401,0.049788,0.045000
z_0136_615.645933.png,#9e033c,1960,1.695502,0.076298,0.045000
z_0136_615.645933.png,#a2aee8,1063,0.919550,0.041380,0.045000
z_0136_615.645933.png,#a8329d,9098,7.870242,0.354161,0.045000
z_0136_615.645933.png,#aeeff2,657,0.568339,0.025575,0.045000
z_0136_615.645933.png,#b36994,1639,1.417820,0.063802,0.045000
z_0136_615.645933.png,#b54136,1716,1.484429,0.066799,0.045000
z_0136_615.645933.png,#b5748e,758,0.655709,0.029507,0.045000
z_0136_615.645933.png,#b57a36,120,0.103806,0.004671,0.045000
z_0136_615.645933.png,#cacc5e,1009,0.872837,0.039278,0.045000
z_0136_615.645933.png,#cc1f00,1420,1.228374,0.055277,0.045000
z_0136_615.645933.png,#cc68e8,445,0.384948,0.017323,0.045000
z_0136_615.645933.png,#f06e8a,1295,1.120242,0.050411,0.045000
z_0137_616.650718.png,#030b9e,1556,1.346021,0.060571,0.045000
z_0137_616.650718.png,#157d0b,36,0.031142,0.001401,0.045000
z_0137_616.650718.png,#365187,5,0.004325,0.000195,0.045000
z_0137_616.650718.png,#377e94,475,0.410900,0.018490,0.045000
z_0137_616.650718.png,#4a7840,980,0.847751,0.038149,0.045000
z_0137_616.650718.png,#74b59b,949,0.820934,0.036942,0.045000
z_0137_616.650718.png,#75aaff,677,0.585640,0.026354,0.045000
z_0137_616.650718.png,#8f82c4,624,0.539792,0.024291,0.045000
z_0137_616.650718.png,#96d4ba,1273,1.101211,0.049554,0.045000
z_0137_616.650718.png,#9e033c,1973,1.706747,0.076804,0.045000
z_0137_616.650718.png,#a2aee8,1054,0.911765,0.041029,0.045000
z_0137_616.650718.png,#a8329d,9098,7.870242,0.354161,0.045000
z_0137_616.650718.png,#aeeff2,660,0.570934,0.025692,0.045000
z_0137_616.650718.png,#b36994,1654,1.430796,0.064386,0.045000
z_0137_616.650718.png,#b54136,1713,1.481834,0.066683,0.045000
z_0137_616.650718.png,#b5748e,756,0.653979,0.029429,0.045000
z_0137_616.650718.png,#b57a36,127,0.109862,0.004944,0.045000
z_0137_616.650718.png,#cacc5e,1006,0.870242,0.039161,0.045000
z_0137_616.650718.png,#cc1f00,1428,1.235294,0.055588,0.045000
z_0137_616.650718.png,#cc68e8,445,0.384948,0.017323,0.045000
z_0137_616.650718.png,#f06e8a,1294,1.119377,0.050372,0.045000
z_0138_617.655502.png,#030b9e,1247,1.078720,0.048542,0.045000
z_0138_617.655502.png,#157d0b,37,0.032007,0.001440,0.045000
z_0138_617.655502.png,#377e94,474,0.410035,0.018452,0.045000
z_0138_617.655502.png,#4a7840,728,0.629758,0.028339,0.045000
z_0138_617.655502.png,#74b59b,831,0.718858,0.032349,0.045000
z_0138_617.655502.png,#75aaff,735,0.635813,0.028612,0.045000
z_0138_617.655502.png,#8f82c4,507,0.438581,0.019736,0.045000
z_0138_617.655502.png,#96d4ba,1329,1.149654,0.051734,0.045000
z_0138_617.655502.png,#9e033c,1942,1.679931,0.075597,0.045000
z_0138_617.655502.png,#a2aee8,1023,0.884948,0.039823,0.045000
z_0138_617.655502.png,#a8329d,8019,6.936851,0.312158,0.045000
z_0138_617.655502.png,#aeeff2,704,0.608997,0.027405,0.045000
z_0138_617.655502.png,#b36994,2076,1.795848,0.080813,0.045000
z_0138_617.655502.png,#b54136,1650,1.427336,0.064230,0.045000
z_0138_617.655502.png,#b5748e,868,0.750865,0.033789,0.045000
z_0138_617.655502.png,#b57a36,169,0.146194,0.006579,0.045000
z_0138_617.655502.png,#cacc5e,682,0.589965,0.026548,0.045000
z_0138_617.655502.png,#cc1f00,1142,0.987889,0.044455,0.045000
z_0138_617.655502.png,#cc68e8,414,0.358131,0.016116,0.045000
z_0138_617.655502.png,#f06e8a,1389,1.201557,0.054070,0.045000
z_0139_618.660287.png,#030b9e,1244,1.076125,0.048426,0.045000
z_0139_618.660287.png,#157d0b,37,0.032007,0.001440,0.045000
z_0139_618.660287.png,#377e94,479,0.414360,0.018646,0.045000
z_0139_618.660287.png,#4a7840,724,0.626298,0.028183,0.045000
z_0139_618.660287.png,#74b59b,835,0.722318,0.032504,0.045000
z_0139_618.660287.png,#75aaff,735,0.635813,0.028612,0.045000
z_0139_618.660287.png,#8f82c4,502,0.434256,0.019542,0.045000
z_0139_618.660287.png,#96d4ba,1317,1.139273,0.051267,0.045000
z_0139_618.660287.png,#9e033c,1947,1.684256,0.075792,0.045000
z_0139_618.660287.png,#a2aee8,1023,0.884948,0.039823,0.045000
z_0139_618.660287.png,#a8329d,8011,6.929931,0.311847,0.045000
z_0139_618.660287.png,#aeeff2,703,0.608131,0.027366,0.045000
z_0139_618.660287.png,#b36994,2078,1.797578,0.080891,0.045000
z_0139_618.660287.png,#b54136,1645,1.423010,0.064035,0.045000
z_0139_618.660287.png,#b5748e,871,0.753460,0.033906,0.045000
z_0139_618.660287.png,#b57a36,169,0.146194,0.006579,0.045000
z_0139_618.660287.png,#cacc5e,684,0.591696,0.026626,0.045000
z_0139_618.660287.png,#cc1f00,1141,0.987024,0.044416,0.045000
z_0139_618.660287.png,#cc68e8,413,0.357266,0.016077,0.045000
z_0139_618.660287.png,#f06e8a,1384,1.197232,0.053875,0.045000
z_0140_619.665072.png,#030b9e,3788,3.276817,0.147457,0.045000
z_0140_619.665072.png,#157d0b,40,0.034602,0.001557,0.045000
z_0140_619.665072.png,#377e94,1343,1.161765,0.052279,0.045000
z_0140_619.665072.png,#4a7840,97,0.083910,0.003776,0.045000
z_0140_619.665072.png,#74b59b,845,0.730969,0.032894,0.045000
z_0140_619.665072.png,#75aaff,1382,1.195502,0.053798,0.045000
z_0140_619.665072.png,#96d4ba,1747,1.511246,0.068006,0.045000
z_0140_619.665072.png,#9e033c,2118,1.832180,0.082448,0.045000
z_0140_619.665072.png,#a2aee8,842,0.728374,0.032777,0.045000
z_0140_619.665072.png,#a8329d,13130,11.358131,0.511116,0.045000
z_0140_619.665072.png,#aeeff2,875,0.756920,0.034061,0.045000
z_0140_619.665072.png,#b36994,2828,2.446367,0.110087,0.045000
z_0140_619.665072.png,#b54136,1091,0.943772,0.042470,0.045000
z_0140_619.665072.png,#b5748e,786,0.679931,0.030597,0.045000
z_0140_619.665072.png,#b57a36,196,0.169550,0.007630,0.045000
z_0140_619.665072.png,#cacc5e,562,0.486159,0.021877,0.045000
z_0140_619.665072.png,#cc1f00,737,0.637543,0.028689,0.045000
z_0140_619.665072.png,#cc68e8,797,0.689446,0.031025,0.045000
z_0140_619.665072.png,#f06e8a,1328,1.148789,0.051696,0.045000
z_0141_620.669856.png,#030b9e,3796,3.283737,0.147768,0.045000
z_0141_620.669856.png,#157d0b,40,0.034602,0.001557,0.045000
z_0141_620.669856.png,#377e94,1360,1.176471,0.052941,0.045000
z_0141_620.669856.png,#4a7840,96,0.083045,0.003737,0.045000
z_0141_620.669856.png,#74b59b,848,0.733564,0.033010,0.045000
z_0141_620.669856.png,#75aaff,1385,1.198097,0.053914,0.045000
z_0141_620.669856.png,#96d4ba,1736,1.501730,0.067578,0.045000
z_0141_620.669856.png,#9e033c,2136,1.847751,0.083149,0.045000
z_0141_620.669856.png,#a2aee8,853,0.737889,0.033205,0.045000
z_0141_620.669856.png,#a8329d,13154,11.378893,0.512050,0.045000
z_0141_620.669856.png,#aeeff2,874,0.756055,0.034022,0.045000
z_0141_620.669856.png,#b36994,2836,2.453287,0.110398,0.045000
z_0141_620.669856.png,#b54136,1098,0.949827,0.042742,0.045000
z_0141_620.669856.png,#b5748e,789,0.682526,0.030714,0.045000
z_0141_620.669856.png,#b57a36,195,0.168685,0.007591,0.045000
z_0141_620.669856.png,#cacc5e,567,0.490484,0.022072,0.045000
z_0141_620.669856.png,#cc1f00,740,0.640138,0.028806,0.045000
z_0141_620.669856.png,#cc68e8,798,0.690311,0.031064,0.045000
z_0141_620.669856.png,#f06e8a,1331,1.151384,0.051812,0.045000
z_0142_621.674641.png,#030b9e,3792,3.280277,0.147612,0.045000
z_0142_621.674641.png,#157d0b,40,0.034602,0.001557,0.045000
z_0142_621.674641.png,#377e94,1361,1.177336,0.052980,0.045000
z_0142_621.674641.png,#4a7840,93,0.080450,0.003620,0.045000
z_0142_621.674641.png,#74b59b,840,0.726644,0.032699,0.045000
z_0142_621.674641.png,#75aaff,1386,1.198962,0.053953,0.045000
z_0142_621.674641.png,#96d4ba,1735,1.500865,0.067539,0.045000
z_0142_621.674641.png,#9e033c,2129,1.841696,0.082876,0.045000
z_0142_621.674641.png,#a2aee8,851,0.736159,0.033127,0.045000
z_0142_621.674641.png,#a8329d,13133,11.360727,0.511233,0.045000
z_0142_621.674641.png,#aeeff2,877,0.758651,0.034139,0.045000
z_0142_621.674641.png,#b36994,2837,2.454152,0.110437,0.045000
z_0142_621.674641.png,#b54136,1092,0.944637,0.042509,0.045000
z_0142_621.674641.png,#b5748e,786,0.679931,0.030597,0.045000
z_0142_621.674641.png,#b57a36,195,0.168685,0.007591,0.045000
z_0142_621.674641.png,#cacc5e,566,0.489619,0.022033,0.045000
z_0142_621.674641.png,#cc1f00,730,0.631488,0.028417,0.045000
z_0142_621.674641.png,#cc68e8,803,0.694637,0.031259,0.045000
z_0142_621.674641.png,#f06e8a,1329,1.149654,0.051734,0.045000
z_0143_622.679426.png,#030b9e,4043,3.497405,0.157383,0.045000
z_0143_622.679426.png,#157d0b,51,0.044118,0.001985,0.045000
z_0143_622.679426.png,#377e94,1419,1.227509,0.055238,0.045000
z_0143_622.679426.png,#4a7840,47,0.040657,0.001830,0.045000
z_0143_622.679426.png,#74b59b,737,0.637543,0.028689,0.045000
z_0143_622.679426.png,#75aaff,1420,1.228374,0.055277,0.045000
z_0143_622.679426.png,#96d4ba,1908,1.650519,0.074273,0.045000
z_0143_622.679426.png,#9e033c,2068,1.788927,0.080502,0.045000
z_0143_622.679426.png,#a2aee8,1008,0.871972,0.039239,0.045000
z_0143_622.679426.png,#a8329d,12934,11.188581,0.503486,0.045000
z_0143_622.679426.png,#aeeff2,914,0.790657,0.035580,0.045000
z_0143_622.679426.png,#b36994,2933,2.537197,0.114174,0.045000
z_0143_622.679426.png,#b54136,1020,0.882353,0.039706,0.045000
z_0143_622.679426.png,#b5748e,799,0.691176,0.031103,0.045000
z_0143_622.679426.png,#b57a36,249,0.215398,0.009693,0.045000
z_0143_622.679426.png,#cacc5e,608,0.525952,0.023668,0.045000
z_0143_622.679426.png,#cc1f00,690,0.596886,0.026860,0.045000
z_0143_622.679426.png,#cc68e8,784,0.678201,0.030519,0.045000
z_0143_622.679426.png,#f06e8a,1261,1.090830,0.049087,0.045000
z_0144_623.684211.png,#030b9e,4041,3.495675,0.157305,0.045000
z_0144_623.684211.png,#157d0b,46,0.039792,0.001791,0.045000
z_0144_623.684211.png,#377e94,1459,1.262111,0.056795,0.045000
z_0144_623.684211.png,#74b59b,635,0.549308,0.024719,0.045000
z_0144_623.684211.png,#75aaff,1257,1.087370,0.048932,0.045000
z_0144_623.684211.png,#96d4ba,2029,1.755190,0.078984,0.045000
z_0144_623.684211.png,#9e033c,1973,1.706747,0.076804,0.045000
z_0144_623.684211.png,#a2aee8,1092,0.944637,0.042509,0.045000
z_0144_623.684211.png,#a8329d,12854,11.119377,0.500372,0.045000
z_0144_623.684211.png,#aeeff2,941,0.814014,0.036631,0.045000
z_0144_623.684211.png,#b36994,3002,2.596886,0.116860,0.045000
z_0144_623.684211.png,#b54136,969,0.838235,0.037721,0.045000
z_0144_623.684211.png,#b5748e,754,0.652249,0.029351,0.045000
z_0144_623.684211.png,#b57a36,262,0.226644,0.010199,0.045000
z_0144_623.684211.png,#cacc5e,666,0.576125,0.025926,0.045000
z_0144_623.684211.png,#cc1f00,689,0.596021,0.026821,0.045000
z_0144_623.684211.png,#cc68e8,744,0.643599,0.028962,0.045000
z_0144_623.684211.png,#f06e8a,1231,1.064879,0.047920,0.045000
z_0145_624.688995.png,#030b9e,4777,4.132353,0.185956,0.045000
z_0145_624.688995.png,#157d0b,42,0.036332,0.001635,0.045000
z_0145_624.688995.png,#377e94,1480,1.280277,0.057612,0.045000
z_0145_624.688995.png,#74b59b,558,0.482699,0.021721,0.045000
z_0145_624.688995.png,#75aaff,1351,1.168685,0.052591,0.045000
z_0145_624.688995.png,#96d4ba,2141,1.852076,0.083343,0.045000
z_0145_624.688995.png,#9e033c,1863,1.611592,0.072522,0.045000
z_0145_624.688995.png,#a2aee8,1355,1.172145,0.052747,0.045000
z_0145_624.688995.png,#a8329d,7935,6.864187,0.308888,0.045000
z_0145_624.688995.png,#aeeff2,992,0.858131,0.038616,0.045000
z_0145_624.688995.png,#b36994,3014,2.607266,0.117327,0.045000
z_0145_624.688995.png,#b54136,866,0.749135,0.033711,0.045000
z_0145_624.688995.png,#b5748e,769,0.665225,0.029935,0.045000
z_0145_624.688995.png,#b57a36,314,0.271626,0.012223,0.045000
z_0145_624.688995.png,#cacc5e,1025,0.886678,0.039901,0.045000
z_0145_624.688995.png,#cc1f00,817,0.706747,0.031804,0.045000
z_0145_624.688995.png,#cc68e8,362,0.313149,0.014092,0.045000
z_0146_625.693780.png,#030b9e,4807,4.158304,0.187124,0.045000
z_0146_625.693780.png,#157d0b,55,0.047578,0.002141,0.045000
z_0146_625.693780.png,#377e94,1490,1.288927,0.058002,0.045000
z_0146_625.693780.png,#74b59b,564,0.487889,0.021955,0.045000
z_0146_625.693780.png,#75aaff,1345,1.163495,0.052357,0.045000
z_0146_625.693780.png,#96d4ba,2160,1.868512,0.084083,0.045000
z_0146_625.693780.png,#9e033c,1857,1.606401,0.072288,0.045000
z_0146_625.693780.png,#a2aee8,1355,1.172145,0.052747,0.045000
z_0146_625.693780.png,#a8329d,7929,6.858997,0.308655,0.045000
z_0146_625.693780.png,#aeeff2,994,0.859862,0.038694,0.045000
z_0146_625.693780.png,#b36994,3022,2.614187,0.117638,0.045000
z_0146_625.693780.png,#b54136,851,0.736159,0.033127,0.045000
z_0146_625.693780.png,#b5748e,763,0.660035,0.029702,0.045000
z_0146_625.693780.png,#b57a36,317,0.274221,0.012340,0.045000
z_0146_625.693780.png,#cacc5e,1033,0.893599,0.040212,0.045000
z_0146_625.693780.png,#cc1f00,813,0.703287,0.031648,0.045000
z_0146_625.693780.png,#cc68e8,376,0.325260,0.014637,0.045000
z_0147_626.698565.png,#030b9e,4515,3.905709,0.175757,0.045000
z_0147_626.698565.png,#157d0b,51,0.044118,0.001985,0.045000
z_0147_626.698565.png,#377e94,1511,1.307093,0.058819,0.045000
z_0147_626.698565.png,#74b59b,598,0.517301,0.023279,0.045000
z_0147_626.698565.png,#75aaff,1339,1.158304,0.052124,0.045000
z_0147_626.698565.png,#96d4ba,2026,1.752595,0.078867,0.045000
z_0147_626.698565.png,#9e033c,1616,1.397924,0.062907,0.045000
z_0147_626.698565.png,#a2aee8,1613,1.395329,0.062790,0.045000
z_0147_626.698565.png,#a8329d,7366,6.371972,0.286739,0.045000
z_0147_626.698565.png,#aeeff2,1052,0.910035,0.040952,0.045000
z_0147_626.698565.png,#b36994,2977,2.575260,0.115887,0.045000
z_0147_626.698565.png,#b54136,797,0.689446,0.031025,0.045000
z_0147_626.698565.png,#b5748e,793,0.685986,0.030869,0.045000
z_0147_626.698565.png,#b57a36,363,0.314014,0.014131,0.045000
z_0147_626.698565.png,#cacc5e,1138,0.984429,0.044299,0.045000
z_0147_626.698565.png,#cc1f00,841,0.727509,0.032738,0.045000
z_0147_626.698565.png,#cc68e8,358,0.309689,0.013936,0.045000
z_0148_627.703349.png,#030b9e,4212,3.643599,0.163962,0.045000
z_0148_627.703349.png,#157d0b,69,0.059689,0.002686,0.045000
z_0148_627.703349.png,#377e94,1622,1.403114,0.063140,0.045000
z_0148_627.703349.png,#74b59b,645,0.557958,0.025108,0.045000
z_0148_627.703349.png,#75aaff,1265,1.094291,0.049243,0.045000
z_0148_627.703349.png,#96d4ba,1840,1.591696,0.071626,0.045000
z_0148_627.703349.png,#9e033c,1393,1.205017,0.054226,0.045000
z_0148_627.703349.png,#a2aee8,1666,1.441176,0.064853,0.045000
z_0148_627.703349.png,#a8329d,7080,6.124567,0.275606,0.045000
z_0148_627.703349.png,#aeeff2,1141,0.987024,0.044416,0.045000
z_0148_627.703349.png,#b36994,2945,2.547578,0.114641,0.045000
z_0148_627.703349.png,#b54136,773,0.668685,0.030091,0.045000
z_0148_627.703349.png,#b5748e,798,0.690311,0.031064,0.045000
z_0148_627.703349.png,#b57a36,400,0.346021,0.015571,0.045000
z_0148_627.703349.png,#cacc5e,1464,1.266436,0.056990,0.045000
z_0148_627.703349.png,#cc1f00,852,0.737024,0.033166,0.045000
z_0148_627.703349.png,#cc68e8,355,0.307093,0.013819,0.045000
z_0149_628.708134.png,#030b9e,3709,3.208478,0.144381,0.045000
z_0149_628.708134.png,#157d0b,66,0.057093,0.002569,0.045000
z_0149_628.708134.png,#377e94,2029,1.755190,0.078984,0.045000
z_0149_628.708134.png,#74b59b,857,0.741349,0.033361,0.045000
z_0149_628.708134.png,#75aaff,1304,1.128028,0.050761,0.045000
z_0149_628.708134.png,#96d4ba,1477,1.277682,0.057496,0.045000
z_0149_628.708134.png,#9e033c,1298,1.122837,0.050528,0.045000
z_0149_628.708134.png,#a2aee8,1672,1.446367,0.065087,0.045000
z_0149_628.708134.png,#a8329d,6942,6.005190,0.270234,0.045000
z_0149_628.708134.png,#aeeff2,1180,1.020761,0.045934,0.045000
z_0149_628.708134.png,#b36994,2965,2.564879,0.115420,0.045000
z_0149_628.708134.png,#b54136,812,0.702422,0.031609,0.045000
z_0149_628.708134.png,#b5748e,727,0.628893,0.028300,0.045000
z_0149_628.708134.png,#b57a36,455,0.393599,0.017712,0.045000
z_0149_628.708134.png,#cacc5e,1806,1.562284,0.070303,0.045000
z_0149_628.708134.png,#cc1f00,878,0.759516,0.034178,0.045000
z_0149_628.708134.png,#cc68e8,377,0.326125,0.014676,0.045000
z_0150_629.712919.png,#030b9e,3251,2.812284,0.126553,0.045000
z_0150_629.712919.png,#157d0b,75,0.064879,0.002920,0.045000
z_0150_629.712919.png,#377e94,2466,2.133218,0.095995,0.045000
z_0150_629.712919.png,#74b59b,1030,0.891003,0.040095,0.045000
z_0150_629.712919.png,#75aaff,1332,1.152249,0.051851,0.045000
z_0150_629.712919.png,#96d4ba,1331,1.151384,0.051812,0.045000
z_0150_629.712919.png,#9e033c,1186,1.025952,0.046168,0.045000
z_0150_629.712919.png,#a2aee8,1686,1.458478,0.065631,0.045000
z_0150_629.712919.png,#a8329d,10755,9.303633,0.418663,0.045000
z_0150_629.712919.png,#aeeff2,1213,1.049308,0.047219,0.045000
z_0150_629.712919.png,#b36994,2956,2.557093,0.115069,0.045000
z_0150_629.712919.png,#b54136,839,0.725779,0.032660,0.045000
z_0150_629.712919.png,#b5748e,709,0.613322,0.027599,0.045000
z_0150_629.712919.png,#b57a36,524,0.453287,0.020398,0.045000
z_0150_629.712919.png,#cacc5e,2057,1.779412,0.080074,0.045000
z_0150_629.712919.png,#cc1f00,917,0.793253,0.035696,0.045000
z_0150_629.712919.png,#cc68e8,441,0.381488,0.017167,0.045000
z_0151_630.717703.png,#030b9e,3410,2.949827,0.132742,0.045000
z_0151_630.717703.png,#157d0b,70,0.060554,0.002725,0.045000
z_0151_630.717703.png,#377e94,3496,3.024221,0.136090,0.045000
z_0151_630.717703.png,#74b59b,1114,0.963668,0.043365,0.045000
z_0151_630.717703.png,#75aaff,1599,1.383218,0.062245,0.045000
z_0151_630.717703.png,#96d4ba,1096,0.948097,0.042664,0.045000
z_0151_630.717703.png,#9e033c,1166,1.008651,0.045389,0.045000
z_0151_630.717703.png,#a2aee8,1660,1.435986,0.064619,0.045000
z_0151_630.717703.png,#a8329d,8570,7.413495,0.333607,0.045000
z_0151_630.717703.png,#aeeff2,1477,1.277682,0.057496,0.045000
z_0151_630.717703.png,#b36994,2868,2.480969,0.111644,0.045000
z_0151_630.717703.png,#b54136,1079,0.933391,0.042003,0.045000
z_0151_630.717703.png,#b5748e,1083,0.936851,0.042158,0.045000
z_0151_630.717703.png,#b57a36,778,0.673010,0.030285,0.045000
z_0151_630.717703.png,#cacc5e,2425,2.097751,0.094399,0.045000
z_0151_630.717703.png,#cc1f00,1223,1.057958,0.047608,0.045000
z_0151_630.717703.png,#cc68e8,497,0.429931,0.019347,0.045000
z_0152_631.722488.png,#030b9e,2907,2.514706,0.113162,0.045000
z_0152_631.722488.png,#157d0b,65,0.056228,0.002530,0.045000
z_0152_631.722488.png,#377e94,3864,3.342561,0.150415,0.045000
z_0152_631.722488.png,#74b59b,1093,0.945502,0.042548,0.045000
z_0152_631.722488.png,#75aaff,1614,1.396194,0.062829,0.045000
z_0152_631.722488.png,#96d4ba,1025,0.886678,0.039901,0.045000
z_0152_631.722488.png,#9e033c,1138,0.984429,0.044299,0.045000
z_0152_631.722488.png,#a2aee8,1621,1.402249,0.063101,0.045000
z_0152_631.722488.png,#a8329d,9014,7.797578,0.350891,0.045000
z_0152_631.722488.png,#aeeff2,1637,1.416090,0.063724,0.045000
z_0152_631.722488.png,#b36994,2780,2.404844,0.108218,0.045000
z_0152_631.722488.png,#b54136,1128,0.975779,0.043910,0.045000
z_0152_631.722488.png,#b5748e,1279,1.106401,0.049788,0.045000
z_0152_631.722488.png,#b57a36,981,0.848616,0.038188,0.045000
z_0152_631.722488.png,#cacc5e,2549,2.205017,0.099226,0.045000
z_0152_631.722488.png,#cc1f00,1469,1.270761,0.057184,0.045000
z_0152_631.722488.png,#cc68e8,513,0.443772,0.019970,0.045000
z_0153_632.727273.png,#030b9e,2764,2.391003,0.107595,0.045000
z_0153_632.727273.png,#157d0b,57,0.049308,0.002219,0.045000
z_0153_632.727273.png,#377e94,4151,3.590830,0.161587,0.045000
z_0153_632.727273.png,#74b59b,1097,0.948962,0.042703,0.045000
z_0153_632.727273.png,#75aaff,1500,1.297578,0.058391,0.045000
z_0153_632.727273.png,#96d4ba,1180,1.020761,0.045934,0.045000
z_0153_632.727273.png,#9e033c,1151,0.995675,0.044805,0.045000
z_0153_632.727273.png,#a2aee8,1420,1.228374,0.055277,0.045000
z_0153_632.727273.png,#a8329d,9477,8.198097,0.368914,0.045000
z_0153_632.727273.png,#aeeff2,1858,1.607266,0.072327,0.045000
z_0153_632.727273.png,#b36994,2765,2.391869,0.107634,0.045000
z_0153_632.727273.png,#b54136,1084,0.937716,0.042197,0.045000
z_0153_632.727273.png,#b5748e,1414,1.223183,0.055043,0.045000
z_0153_632.727273.png,#b57a36,1265,1.094291,0.049243,0.045000
z_0153_632.727273.png,#cacc5e,2735,2.365917,0.106466,0.045000
z_0153_632.727273.png,#cc1f00,1544,1.335640,0.060104,0.045000
z_0153_632.727273.png,#cc68e8,518,0.448097,0.020164,0.045000
z_0154_633.732057.png,#030b9e,2599,2.248270,0.101172,0.045000
z_0154_633.732057.png,#157d0b,50,0.043253,0.001946,0.045000
z_0154_633.732057.png,#377e94,4224,3.653979,0.164429,0.045000
z_0154_633.732057.png,#74b59b,1132,0.979239,0.044066,0.045000
z_0154_633.732057.png,#75aaff,1419,1.227509,0.055238,0.045000
z_0154_633.732057.png,#96d4ba,1260,1.089965,0.049048,0.045000
z_0154_633.732057.png,#9e033c,1165,1.007785,0.045350,0.045000
z_0154_633.732057.png,#a2aee8,1300,1.124567,0.050606,0.045000
z_0154_633.732057.png,#a8329d,9948,8.605536,0.387249,0.045000
z_0154_633.732057.png,#aeeff2,2004,1.733564,0.078010,0.045000
z_0154_633.732057.png,#b36994,2697,2.333045,0.104987,0.045000
z_0154_633.732057.png,#b54136,1061,0.917820,0.041302,0.045000
z_0154_633.732057.png,#b5748e,1554,1.344291,0.060493,0.045000
z_0154_633.732057.png,#b57a36,1390,1.202422,0.054109,0.045000
z_0154_633.732057.png,#cacc5e,2723,2.355536,0.105999,0.045000
z_0154_633.732057.png,#cc1f00,1615,1.397059,0.062868,0.045000
z_0154_633.732057.png,#cc68e8,517,0.447232,0.020125,0.045000
z_0155_634.736842.png,#030b9e,2423,2.096021,0.094321,0.045000
z_0155_634.736842.png,#157d0b,44,0.038062,0.001713,0.045000
z_0155_634.736842.png,#377e94,4214,3.645329,0.164040,0.045000
z_0155_634.736842.png,#74b59b,1164,1.006920,0.045311,0.045000
z_0155_634.736842.png,#75aaff,1428,1.235294,0.055588,0.045000
z_0155_634.736842.png,#96d4ba,1442,1.247405,0.056133,0.045000
z_0155_634.736842.png,#9e033c,1139,0.985294,0.044338,0.045000
z_0155_634.736842.png,#a2aee8,1151,0.995675,0.044805,0.045000
z_0155_634.736842.png,#a8329d,10369,8.969723,0.403638,0.045000
z_0155_634.736842.png,#aeeff2,2183,1.888408,0.084978,0.045000
z_0155_634.736842.png,#b36994,2619,2.265571,0.101951,0.045000
z_0155_634.736842.png,#b54136,1108,0.958478,0.043131,0.045000
z_0155_634.736842.png,#b57a36,1400,1.211073,0.054498,0.045000
z_0155_634.736842.png,#cacc5e,2696,2.332180,0.104948,0.045000
z_0155_634.736842.png,#cc1f00,1675,1.448962,0.065203,0.045000
z_0155_634.736842.png,#cc68e8,515,0.445502,0.020048,0.045000
z_0156_635.741627.png,#030b9e,2188,1.892734,0.085173,0.045000
z_0156_635.741627.png,#157d0b,45,0.038927,0.001752,0.045000
z_0156_635.741627.png,#377e94,4236,3.664360,0.164896,0.045000
z_0156_635.741627.png,#74b59b,1095,0.947232,0.042625,0.045000
z_0156_635.741627.png,#75aaff,1488,1.287197,0.057924,0.045000
z_0156_635.741627.png,#96d4ba,1714,1.482699,0.066721,0.045000
z_0156_635.741627.png,#9e033c,1155,0.999135,0.044961,0.045000
z_0156_635.741627.png,#a2aee8,1015,0.878028,0.039511,0.045000
z_0156_635.741627.png,#a8329d,10850,9.385813,0.422362,0.045000
z_0156_635.741627.png,#aeeff2,2295,1.985294,0.089338,0.045000
z_0156_635.741627.png,#b36994,2592,2.242215,0.100900,0.045000
z_0156_635.741627.png,#b54136,1144,0.989619,0.044533,0.045000
z_0156_635.741627.png,#b57a36,1373,1.187716,0.053447,0.045000
z_0156_635.741627.png,#cacc5e,2577,2.229239,0.100316,0.045000
z_0156_635.741627.png,#cc1f00,1704,1.474048,0.066332,0.045000
z_0156_635.741627.png,#cc68e8,479,0.414360,0.018646,0.045000
z_0157_636.746411.png,#030b9e,1862,1.610727,0.072483,0.045000
z_0157_636.746411.png,#157d0b,45,0.038927,0.001752,0.045000
z_0157_636.746411.png,#377e94,4081,3.530277,0.158862,0.045000
z_0157_636.746411.png,#74b59b,937,0.810554,0.036475,0.045000
z_0157_636.746411.png,#75aaff,1582,1.368512,0.061583,0.045000
z_0157_636.746411.png,#96d4ba,1891,1.635813,0.073612,0.045000
z_0157_636.746411.png,#9e033c,1161,1.004325,0.045195,0.045000
z_0157_636.746411.png,#a2aee8,871,0.753460,0.033906,0.045000
z_0157_636.746411.png,#a8329d,11340,9.809689,0.441436,0.045000
z_0157_636.746411.png,#aeeff2,2403,2.078720,0.093542,0.045000
z_0157_636.746411.png,#b36994,2705,2.339965,0.105298,0.045000
z_0157_636.746411.png,#b54136,1212,1.048443,0.047180,0.045000
z_0157_636.746411.png,#b57a36,1250,1.081315,0.048659,0.045000
z_0157_636.746411.png,#cacc5e,2298,1.987889,0.089455,0.045000
z_0157_636.746411.png,#cc1f00,1712,1.480969,0.066644,0.045000
z_0157_636.746411.png,#cc68e8,439,0.379758,0.017089,0.045000
z_0158_637.751196.png,#030b9e,1657,1.433391,0.064503,0.045000
z_0158_637.751196.png,#157d0b,33,0.028547,0.001285,0.045000
z_0158_637.751196.png,#377e94,3927,3.397059,0.152868,0.045000
z_0158_637.751196.png,#74b59b,831,0.718858,0.032349,0.045000
z_0158_637.751196.png,#75aaff,1685,1.457612,0.065593,0.045000
z_0158_637.751196.png,#96d4ba,1870,1.617647,0.072794,0.045000
z_0158_637.751196.png,#9e033c,1162,1.005190,0.045234,0.045000
z_0158_637.751196.png,#a2aee8,678,0.586505,0.026393,0.045000
z_0158_637.751196.png,#a8329d,11398,9.859862,0.443694,0.045000
z_0158_637.751196.png,#aeeff2,2519,2.179066,0.098058,0.045000
z_0158_637.751196.png,#b36994,2706,2.340830,0.105337,0.045000
z_0158_637.751196.png,#b54136,1225,1.059689,0.047686,0.045000
z_0158_637.751196.png,#b57a36,1074,0.929066,0.041808,0.045000
z_0158_637.751196.png,#cacc5e,1965,1.699827,0.076492,0.045000
z_0158_637.751196.png,#cc1f00,1740,1.505190,0.067734,0.045000
z_0158_637.751196.png,#cc68e8,421,0.364187,0.016388,0.045000
z_0159_638.755981.png,#030b9e,1401,1.211938,0.054537,0.045000
z_0159_638.755981.png,#157d0b,22,0.019031,0.000856,0.045000
z_0159_638.755981.png,#377e94,497,0.429931,0.019347,0.045000
z_0159_638.755981.png,#74b59b,708,0.612457,0.027561,0.045000
z_0159_638.755981.png,#75aaff,1788,1.546713,0.069602,0.045000
z_0159_638.755981.png,#96d4ba,1811,1.566609,0.070497,0.045000
z_0159_638.755981.png,#9e033c,1319,1.141003,0.051345,0.045000
z_0159_638.755981.png,#a2aee8,567,0.490484,0.022072,0.045000
z_0159_638.755981.png,#a8329d,11615,10.047578,0.452141,0.045000
z_0159_638.755981.png,#aeeff2,2578,2.230104,0.100355,0.045000
z_0159_638.755981.png,#b36994,2655,2.296713,0.103352,0.045000
z_0159_638.755981.png,#b54136,1229,1.063149,0.047842,0.045000
z_0159_638.755981.png,#b57a36,1020,0.882353,0.039706,0.045000
z_0159_638.755981.png,#cacc5e,1703,1.473183,0.066293,0.045000
z_0159_638.755981.png,#cc1f00,1717,1.485294,0.066838,0.045000
z_0159_638.755981.png,#cc68e8,381,0.329585,0.014831,0.045000
z_0160_639.760766.png,#030b9e,1174,1.015571,0.045701,0.045000
z_0160_639.760766.png,#157d0b,25,0.021626,0.000973,0.045000
z_0160_639.760766.png,#377e94,285,0.246540,0.011094,0.045000
z_0160_639.760766.png,#74b59b,603,0.521626,0.023473,0.045000
z_0160_639.760766.png,#75aaff,1848,1.598616,0.071938,0.045000
z_0160_639.760766.png,#96d4ba,1689,1.461073,0.065748,0.045000
z_0160_639.760766.png,#9e033c,1571,1.358997,0.061155,0.045000
z_0160_639.760766.png,#a2aee8,526,0.455017,0.020476,0.045000
z_0160_639.760766.png,#a8329d,14524,12.564014,0.565381,0.045000
z_0160_639.760766.png,#aeeff2,2666,2.306228,0.103780,0.045000
z_0160_639.760766.png,#b36994,2455,2.123702,0.095567,0.045000
z_0160_639.760766.png,#b54136,1316,1.138408,0.051228,0.045000
z_0160_639.760766.png,#b57a36,902,0.780277,0.035112,0.045000
z_0160_639.760766.png,#cacc5e,1317,1.139273,0.051267,0.045000
z_0160_639.760766.png,#cc1f00,1651,1.428201,0.064269,0.045000
z_0160_639.760766.png,#cc68e8,773,0.668685,0.030091,0.045000
z_0161_640.765550.png,#030b9e,975,0.843426,0.037954,0.045000
z_0161_640.765550.png,#157d0b,25,0.021626,0.000973,0.045000
z_0161_640.765550.png,#377e94,1092,0.944637,0.042509,0.045000
z_0161_640.765550.png,#74b59b,608,0.525952,0.023668,0.045000
z_0161_640.765550.png,#75aaff,1900,1.643599,0.073962,0.045000
z_0161_640.765550.png,#96d4ba,1424,1.231834,0.055433,0.045000
z_0161_640.765550.png,#9e033c,1615,1.397059,0.062868,0.045000
z_0161_640.765550.png,#a2aee8,494,0.427336,0.019230,0.045000
z_0161_640.765550.png,#a8329d,14634,12.659170,0.569663,0.045000
z_0161_640.765550.png,#aeeff2,2654,2.295848,0.103313,0.045000
z_0161_640.765550.png,#b36994,2254,1.949827,0.087742,0.045000
z_0161_640.765550.png,#b54136,1395,1.206747,0.054304,0.045000
z_0161_640.765550.png,#b57a36,791,0.684256,0.030792,0.045000
z_0161_640.765550.png,#cacc5e,1057,0.914360,0.041146,0.045000
z_0161_640.765550.png,#cc1f00,1542,1.333910,0.060026,0.045000
z_0161_640.765550.png,#cc68e8,501,0.433391,0.019503,0.045000
z_0162_641.770335.png,#030b9e,784,0.678201,0.030519,0.045000
z_0162_641.770335.png,#157d0b,30,0.025952,0.001168,0.045000
z_0162_641.770335.png,#377e94,849,0.734429,0.033049,0.045000
z_0162_641.770335.png,#74b59b,669,0.578720,0.026042,0.045000
z_0162_641.770335.png,#75aaff,1843,1.594291,0.071743,0.045000
z_0162_641.770335.png,#96d4ba,1511,1.307093,0.058819,0.045000
z_0162_641.770335.png,#9e033c,1688,1.460208,0.065709,0.045000
z_0162_641.770335.png,#a2aee8,524,0.453287,0.020398,0.045000
z_0162_641.770335.png,#a8329d,14890,12.880623,0.579628,0.045000
z_0162_641.770335.png,#aeeff2,2697,2.333045,0.104987,0.045000
z_0162_641.770335.png,#b36994,2092,1.809689,0.081436,0.045000
z_0162_641.770335.png,#b54136,1481,1.281142,0.057651,0.045000
z_0162_641.770335.png,#b57a36,713,0.616782,0.027755,0.045000
z_0162_641.770335.png,#cacc5e,855,0.739619,0.033283,0.045000
z_0162_641.770335.png,#cc1f00,1407,1.217128,0.054771,0.045000
z_0162_641.770335.png,#cc68e8,324,0.280277,0.012612,0.045000
z_0163_642.775120.png,#030b9e,742,0.641869,0.028884,0.045000
z_0163_642.775120.png,#157d0b,29,0.025087,0.001129,0.045000
z_0163_642.775120.png,#377e94,698,0.603806,0.027171,0.045000
z_0163_642.775120.png,#74b59b,683,0.590830,0.026587,0.045000
z_0163_642.775120.png,#75aaff,1803,1.559689,0.070186,0.045000
z_0163_642.775120.png,#96d4ba,1456,1.259516,0.056678,0.045000
z_0163_642.775120.png,#9e033c,1727,1.493945,0.067228,0.045000
z_0163_642.775120.png,#a2aee8,588,0.508651,0.022889,0.045000
z_0163_642.775120.png,#a8329d,15191,13.141003,0.591345,0.045000
z_0163_642.775120.png,#aeeff2,2839,2.455882,0.110515,0.045000
z_0163_642.775120.png,#b36994,2056,1.778547,0.080035,0.045000
z_0163_642.775120.png,#b54136,1591,1.376298,0.061933,0.045000
z_0163_642.775120.png,#b57a36,556,0.480969,0.021644,0.045000
z_0163_642.775120.png,#cacc5e,726,0.628028,0.028261,0.045000
z_0163_642.775120.png,#cc1f00,1221,1.056228,0.047530,0.045000
z_0163_642.775120.png,#cc68e8,214,0.185121,0.008330,0.045000
z_0164_643.779904.png,#030b9e,743,0.642734,0.028923,0.045000
z_0164_643.779904.png,#157d0b,28,0.024221,0.001090,0.045000
z_0164_643.779904.png,#377e94,520,0.449827,0.020242,0.045000
z_0164_643.779904.png,#74b59b,647,0.559689,0.025186,0.045000
z_0164_643.779904.png,#75aaff,1672,1.446367,0.065087,0.045000
z_0164_643.779904.png,#96d4ba,1689,1.461073,0.065748,0.045000
z_0164_643.779904.png,#9e033c,1789,1.547578,0.069641,0.045000
z_0164_643.779904.png,#a2aee8,708,0.612457,0.027561,0.045000
z_0164_643.779904.png,#a8329d,15489,13.398789,0.602946,0.045000
z_0164_643.779904.png,#aeeff2,2923,2.528547,0.113785,0.045000
z_0164_643.779904.png,#b36994,1872,1.619377,0.072872,0.045000
z_0164_643.779904.png,#b54136,1601,1.384948,0.062323,0.045000
z_0164_643.779904.png,#b57a36,401,0.346886,0.015610,0.045000
z_0164_643.779904.png,#cacc5e,673,0.582180,0.026198,0.045000
z_0164_643.779904.png,#cc1f00,955,0.826125,0.037176,0.045000
z_0164_643.779904.png,#cc68e8,174,0.150519,0.006773,0.045000
z_0165_644.784689.png,#030b9e,659,0.570069,0.025653,0.045000
z_0165_644.784689.png,#157d0b,37,0.032007,0.001440,0.045000
z_0165_644.784689.png,#377e94,352,0.304498,0.013702,0.045000
z_0165_644.784689.png,#74b59b,613,0.530277,0.023862,0.045000
z_0165_644.784689.png,#75aaff,1344,1.162630,0.052318,0.045000
z_0165_644.784689.png,#96d4ba,1810,1.565744,0.070458,0.045000
z_0165_644.784689.png,#9e033c,1727,1.493945,0.067228,0.045000
z_0165_644.784689.png,#a2aee8,901,0.779412,0.035074,0.045000
z_0165_644.784689.png,#a8329d,16075,13.905709,0.625757,0.045000
z_0165_644.784689.png,#aeeff2,3011,2.604671,0.117210,0.045000
z_0165_644.784689.png,#b36994,1790,1.548443,0.069680,0.045000
z_0165_644.784689.png,#b54136,1596,1.380623,0.062128,0.045000
z_0165_644.784689.png,#b57a36,368,0.318339,0.014325,0.045000
z_0165_644.784689.png,#cacc5e,601,0.519896,0.023395,0.045000
z_0165_644.784689.png,#cc1f00,896,0.775087,0.034879,0.045000
z_0165_644.784689.png,#cc68e8,334,0.288927,0.013002,0.045000
z_0166_645.789474.png,#030b9e,694,0.600346,0.027016,0.045000
z_0166_645.789474.png,#157d0b,41,0.035467,0.001596,0.045000
z_0166_645.789474.png,#377e94,216,0.186851,0.008408,0.045000
z_0166_645.789474.png,#74b59b,669,0.578720,0.026042,0.045000
z_0166_645.789474.png,#75aaff,1286,1.112457,0.050061,0.045000
z_0166_645.789474.png,#96d4ba,1887,1.632353,0.073456,0.045000
z_0166_645.789474.png,#9e033c,1746,1.510381,0.067967,0.045000
z_0166_645.789474.png,#a2aee8,1018,0.880623,0.039628,0.045000
z_0166_645.789474.png,#a8329d,16500,14.273356,0.642301,0.045000
z_0166_645.789474.png,#aeeff2,3134,2.711073,0.121998,0.045000
z_0166_645.789474.png,#b36994,1715,1.483564,0.066760,0.045000
z_0166_645.789474.png,#b54136,1595,1.379758,0.062089,0.045000
z_0166_645.789474.png,#b57a36,354,0.306228,0.013780,0.045000
z_0166_645.789474.png,#cacc5e,544,0.470588,0.021176,0.045000
z_0166_645.789474.png,#cc1f00,862,0.745675,0.033555,0.045000
z_0166_645.789474.png,#cc68e8,391,0.338235,0.015221,0.045000
z_0167_646.794258.png,#030b9e,735,0.635813,0.028612,0.045000
z_0167_646.794258.png,#157d0b,38,0.032872,0.001479,0.045000
z_0167_646.794258.png,#377e94,113,0.097751,0.004399,0.045000
z_0167_646.794258.png,#74b59b,666,0.576125,0.025926,0.045000
z_0167_646.794258.png,#75aaff,1157,1.000865,0.045039,0.045000
z_0167_646.794258.png,#96d4ba,1942,1.679931,0.075597,0.045000
z_0167_646.794258.png,#9e033c,1621,1.402249,0.063101,0.045000
z_0167_646.794258.png,#a2aee8,1201,1.038927,0.046752,0.045000
z_0167_646.794258.png,#a8329d,16978,14.686851,0.660908,0.045000
z_0167_646.794258.png,#aeeff2,3212,2.778547,0.125035,0.045000
z_0167_646.794258.png,#b36994,1710,1.479239,0.066566,0.045000
z_0167_646.794258.png,#b54136,1694,1.465398,0.065943,0.045000
z_0167_646.794258.png,#b57a36,335,0.289792,0.013041,0.045000
z_0167_646.794258.png,#cacc5e,533,0.461073,0.020748,0.045000
z_0167_646.794258.png,#cc1f00,902,0.780277,0.035112,0.045000
z_0167_646.794258.png,#cc68e8,349,0.301903,0.013586,0.045000
z_0168_647.799043.png,#030b9e,806,0.697232,0.031375,0.045000
z_0168_647.799043.png,#157d0b,38,0.032872,0.001479,0.045000
z_0168_647.799043.png,#74b59b,677,0.585640,0.026354,0.045000
z_0168_647.799043.png,#75aaff,1021,0.883218,0.039745,0.045000
z_0168_647.799043.png,#96d4ba,1900,1.643599,0.073962,0.045000
z_0168_647.799043.png,#9e033c,1660,1.435986,0.064619,0.045000
z_0168_647.799043.png,#a2aee8,1329,1.149654,0.051734,0.045000
z_0168_647.799043.png,#a8329d,17471,15.113322,0.680099,0.045000
z_0168_647.799043.png,#aeeff2,3394,2.935986,0.132119,0.045000
z_0168_647.799043.png,#b36994,1738,1.503460,0.067656,0.045000
z_0168_647.799043.png,#b54136,1779,1.538927,0.069252,0.045000
z_0168_647.799043.png,#b57a36,328,0.283737,0.012768,0.045000
z_0168_647.799043.png,#cacc5e,563,0.487024,0.021916,0.045000
z_0168_647.799043.png,#cc1f00,1005,0.869377,0.039122,0.045000
z_0168_647.799043.png,#cc68e8,1620,1.401384,0.063062,0.045000
z_0169_648.803828.png,#030b9e,736,0.636678,0.028651,0.045000
z_0169_648.803828.png,#157d0b,32,0.027682,0.001246,0.045000
z_0169_648.803828.png,#74b59b,688,0.595156,0.026782,0.045000
z_0169_648.803828.png,#75aaff,859,0.743080,0.033439,0.045000
z_0169_648.803828.png,#96d4ba,1919,1.660035,0.074702,0.045000
z_0169_648.803828.png,#9e033c,1690,1.461938,0.065787,0.045000
z_0169_648.803828.png,#a2aee8,1474,1.275087,0.057379,0.045000
z_0169_648.803828.png,#a8329d,17768,15.370242,0.691661,0.045000
z_0169_648.803828.png,#aeeff2,3511,3.037197,0.136674,0.045000
z_0169_648.803828.png,#b36994,1663,1.438581,0.064736,0.045000
z_0169_648.803828.png,#b54136,1859,1.608131,0.072366,0.045000
z_0169_648.803828.png,#b57a36,364,0.314879,0.014170,0.045000
z_0169_648.803828.png,#cacc5e,625,0.540657,0.024330,0.045000
z_0169_648.803828.png,#cc1f00,1114,0.963668,0.043365,0.045000
z_0169_648.803828.png,#cc68e8,1544,1.335640,0.060104,0.045000
z_0170_649.808612.png,#030b9e,641,0.554498,0.024952,0.045000
z_0170_649.808612.png,#157d0b,37,0.032007,0.001440,0.045000
z_0170_649.808612.png,#74b59b,555,0.480104,0.021605,0.045000
z_0170_649.808612.png,#75aaff,811,0.701557,0.031570,0.045000
z_0170_649.808612.png,#96d4ba,1931,1.670415,0.075169,0.045000
z_0170_649.808612.png,#9e033c,1696,1.467128,0.066021,0.045000
z_0170_649.808612.png,#a2aee8,1569,1.357266,0.061077,0.045000
z_0170_649.808612.png,#a8329d,17998,15.569204,0.700614,0.045000
z_0170_649.808612.png,#aeeff2,3502,3.029412,0.136324,0.045000
z_0170_649.808612.png,#b36994,1758,1.520761,0.068434,0.045000
z_0170_649.808612.png,#b54136,1926,1.666090,0.074974,0.045000
z_0170_649.808612.png,#b57a36,375,0.324394,0.014598,0.045000
z_0170_649.808612.png,#cacc5e,630,0.544983,0.024524,0.045000
z_0170_649.808612.png,#cc1f00,1292,1.117647,0.050294,0.045000
z_0170_649.808612.png,#cc68e8,1581,1.367647,0.061544,0.045000
z_0171_650.813397.png,#030b9e,386,0.333910,0.015026,0.045000
z_0171_650.813397.png,#157d0b,32,0.027682,0.001246,0.045000
z_0171_650.813397.png,#74b59b,501,0.433391,0.019503,0.045000
z_0171_650.813397.png,#75aaff,897,0.775952,0.034918,0.045000
z_0171_650.813397.png,#96d4ba,2104,1.820069,0.081903,0.045000
z_0171_650.813397.png,#9e033c,1740,1.505190,0.067734,0.045000
z_0171_650.813397.png,#a2aee8,1847,1.597751,0.071899,0.045000
z_0171_650.813397.png,#a8329d,18163,15.711938,0.707037,0.045000
z_0171_650.813397.png,#aeeff2,3460,2.993080,0.134689,0.045000
z_0171_650.813397.png,#b36994,1697,1.467993,0.066060,0.045000
z_0171_650.813397.png,#b54136,2094,1.811419,0.081514,0.045000
z_0171_650.813397.png,#b57a36,381,0.329585,0.014831,0.045000
z_0171_650.813397.png,#cacc5e,625,0.540657,0.024330,0.045000
z_0171_650.813397.png,#cc1f00,1454,1.257785,0.056600,0.045000
z_0171_650.813397.png,#cc68e8,1558,1.347751,0.060649,0.045000
z_0172_651.818182.png,#030b9e,371,0.320934,0.014442,0.045000
z_0172_651.818182.png,#157d0b,35,0.030277,0.001362,0.045000
z_0172_651.818182.png,#74b59b,462,0.399654,0.017984,0.045000
z_0172_651.818182.png,#75aaff,1034,0.894464,0.040251,0.045000
z_0172_651.818182.png,#96d4ba,2307,1.995675,0.089805,0.045000
z_0172_651.818182.png,#9e033c,1810,1.565744,0.070458,0.045000
z_0172_651.818182.png,#a2aee8,1919,1.660035,0.074702,0.045000
z_0172_651.818182.png,#a8329d,18235,15.774221,0.709840,0.045000
z_0172_651.818182.png,#aeeff2,3465,2.997405,0.134883,0.045000
z_0172_651.818182.png,#b36994,1788,1.546713,0.069602,0.045000
z_0172_651.818182.png,#b54136,2410,2.084775,0.093815,0.045000
z_0172_651.818182.png,#b57a36,382,0.330450,0.014870,0.045000
z_0172_651.818182.png,#cacc5e,549,0.474913,0.021371,0.045000
z_0172_651.818182.png,#cc1f00,1585,1.371107,0.061700,0.045000
z_0172_651.818182.png,#cc68e8,1518,1.313149,0.059092,0.045000
z_0173_652.822967.png,#030b9e,356,0.307958,0.013858,0.045000
z_0173_652.822967.png,#157d0b,32,0.027682,0.001246,0.045000
z_0173_652.822967.png,#74b59b,429,0.371107,0.016700,0.045000
z_0173_652.822967.png,#75aaff,1415,1.224048,0.055082,0.045000
z_0173_652.822967.png,#96d4ba,2424,2.096886,0.094360,0.045000
z_0173_652.822967.png,#9e033c,1774,1.534602,0.069057,0.045000
z_0173_652.822967.png,#a2aee8,1998,1.728374,0.077777,0.045000
z_0173_652.822967.png,#a8329d,18410,15.925606,0.716652,0.045000
z_0173_652.822967.png,#aeeff2,3329,2.879758,0.129589,0.045000
z_0173_652.822967.png,#b36994,2093,1.810554,0.081475,0.045000
z_0173_652.822967.png,#b54136,2543,2.199827,0.098992,0.045000
z_0173_652.822967.png,#b57a36,363,0.314014,0.014131,0.045000
z_0173_652.822967.png,#cacc5e,417,0.360727,0.016233,0.045000
z_0173_652.822967.png,#cc1f00,1688,1.460208,0.065709,0.045000
z_0173_652.822967.png,#cc68e8,1480,1.280277,0.057612,0.045000
z_0174_653.827751.png,#030b9e,343,0.296713,0.013352,0.045000
z_0174_653.827751.png,#157d0b,41,0.035467,0.001596,0.045000
z_0174_653.827751.png,#74b59b,340,0.294118,0.013235,0.045000
z_0174_653.827751.png,#75aaff,1627,1.407439,0.063335,0.045000
z_0174_653.827751.png,#96d4ba,2426,2.098616,0.094438,0.045000
z_0174_653.827751.png,#9e033c,1828,1.581315,0.071159,0.045000
z_0174_653.827751.png,#a2aee8,2010,1.738754,0.078244,0.045000
z_0174_653.827751.png,#a8329d,17973,15.547578,0.699641,0.045000
z_0174_653.827751.png,#aeeff2,3295,2.850346,0.128266,0.045000
z_0174_653.827751.png,#b36994,2144,1.854671,0.083460,0.045000
z_0174_653.827751.png,#b54136,2654,2.295848,0.103313,0.045000
z_0174_653.827751.png,#b57a36,346,0.299308,0.013469,0.045000
z_0174_653.827751.png,#cacc5e,301,0.260381,0.011717,0.045000
z_0174_653.827751.png,#cc1f00,1752,1.515571,0.068201,0.045000
z_0174_653.827751.png,#cc68e8,1432,1.238754,0.055744,0.045000
z_0175_654.832536.png,#030b9e,329,0.284602,0.012807,0.045000
z_0175_654.832536.png,#157d0b,42,0.036332,0.001635,0.045000
z_0175_654.832536.png,#74b59b,348,0.301038,0.013547,0.045000
z_0175_654.832536.png,#75aaff,1803,1.559689,0.070186,0.045000
z_0175_654.832536.png,#96d4ba,2335,2.019896,0.090895,0.045000
z_0175_654.832536.png,#9e033c,2101,1.817474,0.081786,0.045000
z_0175_654.832536.png,#a2aee8,2019,1.746540,0.078594,0.045000
z_0175_654.832536.png,#a8329d,17905,15.488754,0.696994,0.045000
z_0175_654.832536.png,#aeeff2,3130,2.707612,0.121843,0.045000
z_0175_654.832536.png,#b36994,2437,2.108131,0.094866,0.045000
z_0175_654.832536.png,#b54136,2419,2.092561,0.094165,0.045000
z_0175_654.832536.png,#b57a36,339,0.293253,0.013196,0.045000
z_0175_654.832536.png,#cacc5e,298,0.257785,0.011600,0.045000
z_0175_654.832536.png,#cc1f00,1859,1.608131,0.072366,0.045000
z_0175_654.832536.png,#cc68e8,1403,1.213668,0.054615,0.045000
z_0176_655.837321.png,#030b9e,295,0.255190,0.011484,0.045000
z_0176_655.837321.png,#157d0b,38,0.032872,0.001479,0.045000
z_0176_655.837321.png,#74b59b,354,0.306228,0.013780,0.045000
z_0176_655.837321.png,#75aaff,2061,1.782872,0.080229,0.045000
z_0176_655.837321.png,#96d4ba,2377,2.056228,0.092530,0.045000
z_0176_655.837321.png,#9e033c,2121,1.834775,0.082565,0.045000
z_0176_655.837321.png,#a2aee8,2064,1.785467,0.080346,0.045000
z_0176_655.837321.png,#a8329d,17205,14.883218,0.669745,0.045000
z_0176_655.837321.png,#aeeff2,3027,2.618512,0.117833,0.045000
z_0176_655.837321.png,#b36994,2460,2.128028,0.095761,0.045000
z_0176_655.837321.png,#b54136,2628,2.273356,0.102301,0.045000
z_0176_655.837321.png,#b57a36,342,0.295848,0.013313,0.045000
z_0176_655.837321.png,#cacc5e,283,0.244810,0.011016,0.045000
z_0176_655.837321.png,#cc1f00,1966,1.700692,0.076531,0.045000
z_0176_655.837321.png,#cc68e8,1379,1.192907,0.053681,0.045000
z_0177_656.842105.png,#030b9e,257,0.222318,0.010004,0.045000
z_0177_656.842105.png,#157d0b,44,0.038062,0.001713,0.045000
z_0177_656.842105.png,#74b59b,396,0.342561,0.015415,0.045000
z_0177_656.842105.png,#75aaff,2238,1.935986,0.087119,0.045000
z_0177_656.842105.png,#96d4ba,2258,1.953287,0.087898,0.045000
z_0177_656.842105.png,#9e033c,2257,1.952422,0.087859,0.045000
z_0177_656.842105.png,#a2aee8,2007,1.736159,0.078127,0.045000
z_0177_656.842105.png,#a8329d,16445,14.225779,0.640160,0.045000
z_0177_656.842105.png,#aeeff2,2825,2.443772,0.109970,0.045000
z_0177_656.842105.png,#b36994,2555,2.210208,0.099459,0.045000
z_0177_656.842105.png,#b54136,2754,2.382353,0.107206,0.045000
z_0177_656.842105.png,#b57a36,348,0.301038,0.013547,0.045000
z_0177_656.842105.png,#cacc5e,283,0.244810,0.011016,0.045000
z_0177_656.842105.png,#cc1f00,2038,1.762976,0.079334,0.045000
z_0177_656.842105.png,#cc68e8,1358,1.174740,0.052863,0.045000
z_0178_657.846890.png,#030b9e,237,0.205017,0.009226,0.045000
z_0178_657.846890.png,#157d0b,37,0.032007,0.001440,0.045000
z_0178_657.846890.png,#74b59b,403,0.348616,0.015688,0.045000
z_0178_657.846890.png,#75aaff,2557,2.211938,0.099537,0.045000
z_0178_657.846890.png,#96d4ba,2170,1.877163,0.084472,0.045000
z_0178_657.846890.png,#9e033c,1964,1.698962,0.076453,0.045000
z_0178_657.846890.png,#a2aee8,1954,1.690311,0.076064,0.045000
z_0178_657.846890.png,#a8329d,15680,13.564014,0.610381,0.045000
z_0178_657.846890.png,#aeeff2,2603,2.251730,0.101328,0.045000
z_0178_657.846890.png,#b36994,2742,2.371972,0.106739,0.045000
z_0178_657.846890.png,#b54136,2798,2.420415,0.108919,0.045000
z_0178_657.846890.png,#b57a36,340,0.294118,0.013235,0.045000
z_0178_657.846890.png,#cacc5e,269,0.232699,0.010471,0.045000
z_0178_657.846890.png,#cc1f00,2161,1.869377,0.084122,0.045000
z_0178_657.846890.png,#cc68e8,1309,1.132353,0.050956,0.045000
z_0179_658.851675.png,#030b9e,204,0.176471,0.007941,0.045000
z_0179_658.851675.png,#157d0b,50,0.043253,0.001946,0.045000
z_0179_658.851675.png,#74b59b,425,0.367647,0.016544,0.045000
z_0179_658.851675.png,#75aaff,2841,2.457612,0.110593,0.045000
z_0179_658.851675.png,#96d4ba,2054,1.776817,0.079957,0.045000
z_0179_658.851675.png,#9e033c,1689,1.461073,0.065748,0.045000
z_0179_658.851675.png,#a2aee8,1711,1.480104,0.066605,0.045000
z_0179_658.851675.png,#a8329d,14927,12.912630,0.581068,0.045000
z_0179_658.851675.png,#aeeff2,2522,2.181661,0.098175,0.045000
z_0179_658.851675.png,#b36994,2915,2.521626,0.113473,0.045000
z_0179_658.851675.png,#b54136,2788,2.411765,0.108529,0.045000
z_0179_658.851675.png,#b57a36,330,0.285467,0.012846,0.045000
z_0179_658.851675.png,#cacc5e,280,0.242215,0.010900,0.045000
z_0179_658.851675.png,#cc1f00,2240,1.937716,0.087197,0.045000
z_0179_658.851675.png,#cc68e8,1247,1.078720,0.048542,0.045000
z_0180_659.856459.png,#030b9e,176,0.152249,0.006851,0.045000
z_0180_659.856459.png,#157d0b,54,0.046713,0.002102,0.045000
z_0180_659.856459.png,#74b59b,415,0.358997,0.016155,0.045000
z_0180_659.856459.png,#75aaff,2904,2.512111,0.113045,0.045000
z_0180_659.856459.png,#96d4ba,2004,1.733564,0.078010,0.045000
z_0180_659.856459.png,#9e033c,1344,1.162630,0.052318,0.045000
z_0180_659.856459.png,#a2aee8,1543,1.334775,0.060065,0.045000
z_0180_659.856459.png,#a8329d,14680,12.698962,0.571453,0.045000
z_0180_659.856459.png,#aeeff2,2401,2.076990,0.093465,0.045000
z_0180_659.856459.png,#b36994,3236,2.799308,0.125969,0.045000
z_0180_659.856459.png,#b54136,2713,2.346886,0.105610,0.045000
z_0180_659.856459.png,#b57a36,320,0.276817,0.012457,0.045000
z_0180_659.856459.png,#cacc5e,261,0.225779,0.010160,0.045000
z_0180_659.856459.png,#cc1f00,2227,1.926471,0.086691,0.045000
z_0180_659.856459.png,#cc68e8,1203,1.040657,0.046830,0.045000
z_0181_660.861244.png,#030b9e,156,0.134948,0.006073,0.045000
z_0181_660.861244.png,#157d0b,62,0.053633,0.002413,0.045000
z_0181_660.861244.png,#74b59b,208,0.179931,0.008097,0.045000
z_0181_660.861244.png,#75aaff,3077,2.661765,0.119779,0.045000
z_0181_660.861244.png,#96d4ba,1863,1.611592,0.072522,0.045000
z_0181_660.861244.png,#9e033c,1080,0.934256,0.042042,0.045000
z_0181_660.861244.png,#a2aee8,1569,1.357266,0.061077,0.045000
z_0181_660.861244.png,#a8329d,14379,12.438581,0.559736,0.045000
z_0181_660.861244.png,#aeeff2,2184,1.889273,0.085017,0.045000
z_0181_660.861244.png,#b36994,3291,2.846886,0.128110,0.045000
z_0181_660.861244.png,#b54136,2639,2.282872,0.102729,0.045000
z_0181_660.861244.png,#b57a36,319,0.275952,0.012418,0.045000
z_0181_660.861244.png,#cacc5e,258,0.223183,0.010043,0.045000
z_0181_660.861244.png,#cc1f00,2199,1.902249,0.085601,0.045000
z_0181_660.861244.png,#cc68e8,1133,0.980104,0.044105,0.045000
z_0182_661.866029.png,#030b9e,130,0.112457,0.005061,0.045000
z_0182_661.866029.png,#157d0b,64,0.055363,0.002491,0.045000
z_0182_661.866029.png,#74b59b,191,0.165225,0.007435,0.045000
z_0182_661.866029.png,#75aaff,3260,2.820069,0.126903,0.045000
z_0182_661.866029.png,#96d4ba,1870,1.617647,0.072794,0.045000
z_0182_661.866029.png,#9e033c,903,0.781142,0.035151,0.045000
z_0182_661.866029.png,#a2aee8,1583,1.369377,0.061622,0.045000
z_0182_661.866029.png,#a8329d,14086,12.185121,0.548330,0.045000
z_0182_661.866029.png,#aeeff2,1993,1.724048,0.077582,0.045000
z_0182_661.866029.png,#b36994,3234,2.797578,0.125891,0.045000
z_0182_661.866029.png,#b54136,2469,2.135813,0.096112,0.045000
z_0182_661.866029.png,#b57a36,307,0.265571,0.011951,0.045000
z_0182_661.866029.png,#cacc5e,271,0.234429,0.010549,0.045000
z_0182_661.866029.png,#cc1f00,2259,1.954152,0.087937,0.045000
z_0182_661.866029.png,#cc68e8,1076,0.930796,0.041886,0.045000
z_0183_662.870813.png,#030b9e,122,0.105536,0.004749,0.045000
z_0183_662.870813.png,#157d0b,73,0.063149,0.002842,0.045000
z_0183_662.870813.png,#74b59b,208,0.179931,0.008097,0.045000
z_0183_662.870813.png,#75aaff,3321,2.872837,0.129278,0.045000
z_0183_662.870813.png,#96d4ba,1812,1.567474,0.070536,0.045000
z_0183_662.870813.png,#9e033c,733,0.634083,0.028534,0.045000
z_0183_662.870813.png,#a2aee8,1578,1.365052,0.061427,0.045000
z_0183_662.870813.png,#a8329d,13544,11.716263,0.527232,0.045000
z_0183_662.870813.png,#aeeff2,1865,1.613322,0.072599,0.045000
z_0183_662.870813.png,#b36994,2810,2.430796,0.109386,0.045000
z_0183_662.870813.png,#b54136,2226,1.925606,0.086652,0.045000
z_0183_662.870813.png,#b57a36,326,0.282007,0.012690,0.045000
z_0183_662.870813.png,#cacc5e,284,0.245675,0.011055,0.045000
z_0183_662.870813.png,#cc1f00,2263,1.957612,0.088093,0.045000
z_0183_662.870813.png,#cc68e8,1009,0.872837,0.039278,0.045000
z_0184_663.875598.png,#030b9e,103,0.089100,0.004010,0.045000
z_0184_663.875598.png,#157d0b,87,0.075260,0.003387,0.045000
z_0184_663.875598.png,#74b59b,304,0.262976,0.011834,0.045000
z_0184_663.875598.png,#75aaff,3411,2.950692,0.132781,0.045000
z_0184_663.875598.png,#96d4ba,1809,1.564879,0.070420,0.045000
z_0184_663.875598.png,#9e033c,581,0.502595,0.022617,0.045000
z_0184_663.875598.png,#a2aee8,1565,1.353806,0.060921,0.045000
z_0184_663.875598.png,#a8329d,13119,11.348616,0.510688,0.045000
z_0184_663.875598.png,#aeeff2,1655,1.431661,0.064425,0.045000
z_0184_663.875598.png,#b36994,2652,2.294118,0.103235,0.045000
z_0184_663.875598.png,#b54136,2290,1.980969,0.089144,0.045000
z_0184_663.875598.png,#b57a36,337,0.291522,0.013119,0.045000
z_0184_663.875598.png,#cacc5e,278,0.240484,0.010822,0.045000
z_0184_663.875598.png,#cc1f00,2215,1.916090,0.086224,0.045000
z_0184_663.875598.png,#cc68e8,999,0.864187,0.038888,0.045000
z_0185_664.880383.png,#030b9e,110,0.095156,0.004282,0.045000
z_0185_664.880383.png,#157d0b,105,0.090830,0.004087,0.045000
z_0185_664.880383.png,#74b59b,354,0.306228,0.013780,0.045000
z_0185_664.880383.png,#75aaff,3451,2.985294,0.134338,0.045000
z_0185_664.880383.png,#96d4ba,1796,1.553633,0.069913,0.045000
z_0185_664.880383.png,#9e033c,405,0.350346,0.015766,0.045000
z_0185_664.880383.png,#a2aee8,1555,1.345156,0.060532,0.045000
z_0185_664.880383.png,#a8329d,12876,11.138408,0.501228,0.045000
z_0185_664.880383.png,#aeeff2,1341,1.160035,0.052202,0.045000
z_0185_664.880383.png,#b36994,2466,2.133218,0.095995,0.045000
z_0185_664.880383.png,#b54136,2332,2.017301,0.090779,0.045000
z_0185_664.880383.png,#b57a36,365,0.315744,0.014208,0.045000
z_0185_664.880383.png,#cacc5e,335,0.289792,0.013041,0.045000
z_0185_664.880383.png,#cc1f00,2129,1.841696,0.082876,0.045000
z_0185_664.880383.png,#cc68e8,956,0.826990,0.037215,0.045000
z_0186_665.885167.png,#030b9e,117,0.101211,0.004554,0.045000
z_0186_665.885167.png,#157d0b,118,0.102076,0.004593,0.045000
z_0186_665.885167.png,#74b59b,371,0.320934,0.014442,0.045000
z_0186_665.885167.png,#75aaff,3359,2.905709,0.130757,0.045000
z_0186_665.885167.png,#96d4ba,1832,1.584775,0.071315,0.045000
z_0186_665.885167.png,#9e033c,247,0.213668,0.009615,0.045000
z_0186_665.885167.png,#a2aee8,1572,1.359862,0.061194,0.045000
z_0186_665.885167.png,#a8329d,12885,11.146194,0.501579,0.045000
z_0186_665.885167.png,#aeeff2,651,0.563149,0.025342,0.045000
z_0186_665.885167.png,#b36994,2291,1.981834,0.089183,0.045000
z_0186_665.885167.png,#b54136,2310,1.998270,0.089922,0.045000
z_0186_665.885167.png,#b57a36,359,0.310554,0.013975,0.045000
z_0186_665.885167.png,#cacc5e,402,0.347751,0.015649,0.045000
z_0186_665.885167.png,#cc1f00,2005,1.734429,0.078049,0.045000
z_0186_665.885167.png,#cc68e8,952,0.823529,0.037059,0.045000
z_0187_666.889952.png,#030b9e,107,0.092561,0.004165,0.045000
z_0187_666.889952.png,#157d0b,136,0.117647,0.005294,0.045000
z_0187_666.889952.png,#74b59b,384,0.332180,0.014948,0.045000
z_0187_666.889952.png,#75aaff,3439,2.974913,0.133871,0.045000
z_0187_666.889952.png,#96d4ba,1911,1.653114,0.074390,0.045000
z_0187_666.889952.png,#9e033c,195,0.168685,0.007591,0.045000
z_0187_666.889952.png,#a2aee8,1641,1.419550,0.063880,0.045000
z_0187_666.889952.png,#a8329d,12553,10.858997,0.488655,0.045000
z_0187_666.889952.png,#aeeff2,286,0.247405,0.011133,0.045000
z_0187_666.889952.png,#b36994,2073,1.793253,0.080696,0.045000
z_0187_666.889952.png,#b54136,2332,2.017301,0.090779,0.045000
z_0187_666.889952.png,#b57a36,425,0.367647,0.016544,0.045000
z_0187_666.889952.png,#cacc5e,528,0.456747,0.020554,0.045000
z_0187_666.889952.png,#cc1f00,1927,1.666955,0.075013,0.045000
z_0187_666.889952.png,#cc68e8,912,0.788927,0.035502,0.045000
z_0187_666.889952.png,#f06e8a,483,0.417820,0.018802,0.045000
z_0188_667.894737.png,#030b9e,108,0.093426,0.004204,0.045000
z_0188_667.894737.png,#157d0b,156,0.134948,0.006073,0.045000
z_0188_667.894737.png,#74b59b,368,0.318339,0.014325,0.045000
z_0188_667.894737.png,#75aaff,3719,3.217128,0.144771,0.045000
z_0188_667.894737.png,#96d4ba,1937,1.675606,0.075402,0.045000
z_0188_667.894737.png,#9e033c,174,0.150519,0.006773,0.045000
z_0188_667.894737.png,#a2aee8,1894,1.638408,0.073728,0.045000
z_0188_667.894737.png,#a8329d,12441,10.762111,0.484295,0.045000
z_0188_667.894737.png,#aeeff2,28,0.024221,0.001090,0.045000
z_0188_667.894737.png,#b36994,1864,1.612457,0.072561,0.045000
z_0188_667.894737.png,#b54136,2324,2.010381,0.090467,0.045000
z_0188_667.894737.png,#b57a36,448,0.387543,0.017439,0.045000
z_0188_667.894737.png,#cacc5e,631,0.545848,0.024563,0.045000
z_0188_667.894737.png,#cc1f00,1755,1.518166,0.068317,0.045000
z_0188_667.894737.png,#cc68e8,906,0.783737,0.035268,0.045000
z_0188_667.894737.png,#f06e8a,447,0.386678,0.017401,0.045000
z_0189_668.899522.png,#030b9e,112,0.096886,0.004360,0.045000
z_0189_668.899522.png,#157d0b,156,0.134948,0.006073,0.045000
z_0189_668.899522.png,#74b59b,368,0.318339,0.014325,0.045000
z_0189_668.899522.png,#75aaff,3704,3.204152,0.144187,0.045000
z_0189_668.899522.png,#96d4ba,1945,1.682526,0.075714,0.045000
z_0189_668.899522.png,#9e033c,174,0.150519,0.006773,0.045000
z_0189_668.899522.png,#a2aee8,1881,1.627163,0.073222,0.045000
z_0189_668.899522.png,#a8329d,12432,10.754325,0.483945,0.045000
z_0189_668.899522.png,#aeeff2,34,0.029412,0.001324,0.045000
z_0189_668.899522.png,#b36994,1857,1.606401,0.072288,0.045000
z_0189_668.899522.png,#b54136,2313,2.000865,0.090039,0.045000
z_0189_668.899522.png,#b57a36,454,0.392734,0.017673,0.045000
z_0189_668.899522.png,#cacc5e,643,0.556228,0.025030,0.045000
z_0189_668.899522.png,#cc1f00,1755,1.518166,0.068317,0.045000
z_0189_668.899522.png,#cc68e8,915,0.791522,0.035619,0.045000
z_0189_668.899522.png,#f06e8a,450,0.389273,0.017517,0.045000
z_0190_669.904306.png,#030b9e,133,0.115052,0.005177,0.045000
z_0190_669.904306.png,#157d0b,262,0.226644,0.010199,0.045000
z_0190_669.904306.png,#74b59b,350,0.302768,0.013625,0.045000
z_0190_669.904306.png,#75aaff,3775,3.265571,0.146951,0.045000
z_0190_669.904306.png,#96d4ba,1870,1.617647,0.072794,0.045000
z_0190_669.904306.png,#9e033c,168,0.145329,0.006540,0.045000
z_0190_669.904306.png,#a2aee8,1999,1.729239,0.077816,0.045000
z_0190_669.904306.png,#a8329d,12104,10.470588,0.471176,0.045000
z_0190_669.904306.png,#b36994,1468,1.269896,0.057145,0.045000
z_0190_669.904306.png,#b54136,2257,1.952422,0.087859,0.045000
z_0190_669.904306.png,#b57a36,474,0.410035,0.018452,0.045000
z_0190_669.904306.png,#cacc5e,1020,0.882353,0.039706,0.045000
z_0190_669.904306.png,#cc1f00,1469,1.270761,0.057184,0.045000
z_0190_669.904306.png,#cc68e8,893,0.772491,0.034762,0.045000
z_0190_669.904306.png,#f06e8a,429,0.371107,0.016700,0.045000
z_0191_670.909091.png,#030b9e,205,0.177336,0.007980,0.045000
z_0191_670.909091.png,#157d0b,380,0.328720,0.014792,0.045000
z_0191_670.909091.png,#74b59b,350,0.302768,0.013625,0.045000
z_0191_670.909091.png,#75aaff,4424,3.826990,0.172215,0.045000
z_0191_670.909091.png,#96d4ba,1757,1.519896,0.068395,0.045000
z_0191_670.909091.png,#9e033c,157,0.135813,0.006112,0.045000
z_0191_670.909091.png,#a2aee8,2374,2.053633,0.092413,0.045000
z_0191_670.909091.png,#a8329d,11564,10.003460,0.450156,0.045000
z_0191_670.909091.png,#b36994,1164,1.006920,0.045311,0.045000
z_0191_670.909091.png,#b54136,2054,1.776817,0.079957,0.045000
z_0191_670.909091.png,#b57a36,429,0.371107,0.016700,0.045000
z_0191_670.909091.png,#cacc5e,1421,1.229239,0.055316,0.045000
z_0191_670.909091.png,#cc1f00,1255,1.085640,0.048854,0.045000
z_0191_670.909091.png,#cc68e8,859,0.743080,0.033439,0.045000
z_0191_670.909091.png,#f06e8a,570,0.493080,0.022189,0.045000
z_0192_671.913876.png,#030b9e,203,0.175606,0.007902,0.045000
z_0192_671.913876.png,#157d0b,376,0.325260,0.014637,0.045000
z_0192_671.913876.png,#74b59b,346,0.299308,0.013469,0.045000
z_0192_671.913876.png,#75aaff,4440,3.840830,0.172837,0.045000
z_0192_671.913876.png,#96d4ba,1740,1.505190,0.067734,0.045000
z_0192_671.913876.png,#9e033c,156,0.134948,0.006073,0.045000
z_0192_671.913876.png,#a2aee8,2369,2.049308,0.092219,0.045000
z_0192_671.913876.png,#a8329d,11554,9.994810,0.449766,0.045000
z_0192_671.913876.png,#b36994,1167,1.009516,0.045428,0.045000
z_0192_671.913876.png,#b54136,2050,1.773356,0.079801,0.045000
z_0192_671.913876.png,#b57a36,431,0.372837,0.016778,0.045000
z_0192_671.913876.png,#cacc5e,1419,1.227509,0.055238,0.045000
z_0192_671.913876.png,#cc1f00,1264,1.093426,0.049204,0.045000
z_0192_671.913876.png,#cc68e8,866,0.749135,0.033711,0.045000
z_0192_671.913876.png,#f06e8a,571,0.493945,0.022228,0.045000
z_0193_672.918660.png,#030b9e,248,0.214533,0.009654,0.045000
z_0193_672.918660.png,#157d0b,448,0.387543,0.017439,0.045000
z_0193_672.918660.png,#74b59b,349,0.301903,0.013586,0.045000
z_0193_672.918660.png,#75aaff,5256,4.546713,0.204602,0.045000
z_0193_672.918660.png,#96d4ba,1668,1.442907,0.064931,0.045000
z_0193_672.918660.png,#9e033c,142,0.122837,0.005528,0.045000
z_0193_672.918660.png,#a2aee8,2522,2.181661,0.098175,0.045000
z_0193_672.918660.png,#a8329d,11171,9.663495,0.434857,0.045000
z_0193_672.918660.png,#b36994,932,0.806228,0.036280,0.045000
z_0193_672.918660.png,#b54136,1889,1.634083,0.073534,0.045000
z_0193_672.918660.png,#b57a36,427,0.369377,0.016622,0.045000
z_0193_672.918660.png,#cacc5e,1623,1.403979,0.063179,0.045000
z_0193_672.918660.png,#cc1f00,995,0.860727,0.038733,0.045000
z_0193_672.918660.png,#cc68e8,891,0.770761,0.034684,0.045000
z_0193_672.918660.png,#f06e8a,607,0.525087,0.023629,0.045000
z_0194_673.923445.png,#030b9e,280,0.242215,0.010900,0.045000
z_0194_673.923445.png,#157d0b,524,0.453287,0.020398,0.045000
z_0194_673.923445.png,#74b59b,328,0.283737,0.012768,0.045000
z_0194_673.923445.png,#75aaff,6022,5.209343,0.234420,0.045000
z_0194_673.923445.png,#96d4ba,1463,1.265571,0.056951,0.045000
z_0194_673.923445.png,#9e033c,145,0.125433,0.005644,0.045000
z_0194_673.923445.png,#a2aee8,2612,2.259516,0.101678,0.045000
z_0194_673.923445.png,#a8329d,10846,9.382353,0.422206,0.045000
z_0194_673.923445.png,#b36994,853,0.737889,0.033205,0.045000
z_0194_673.923445.png,#b54136,1779,1.538927,0.069252,0.045000
z_0194_673.923445.png,#b57a36,426,0.368512,0.016583,0.045000
z_0194_673.923445.png,#cacc5e,1732,1.498270,0.067422,0.045000
z_0194_673.923445.png,#cc1f00,792,0.685121,0.030830,0.045000
z_0194_673.923445.png,#cc68e8,893,0.772491,0.034762,0.045000
z_0194_673.923445.png,#f06e8a,609,0.526817,0.023707,0.045000
z_0195_674.928230.png,#030b9e,306,0.264706,0.011912,0.045000
z_0195_674.928230.png,#157d0b,691,0.597751,0.026899,0.045000
z_0195_674.928230.png,#74b59b,309,0.267301,0.012029,0.045000
z_0195_674.928230.png,#75aaff,6616,5.723183,0.257543,0.045000
z_0195_674.928230.png,#96d4ba,1128,0.975779,0.043910,0.045000
z_0195_674.928230.png,#9e033c,170,0.147059,0.006618,0.045000
z_0195_674.928230.png,#a2aee8,2861,2.474913,0.111371,0.045000
z_0195_674.928230.png,#a8329d,9890,8.555363,0.384991,0.045000
z_0195_674.928230.png,#b36994,659,0.570069,0.025653,0.045000
z_0195_674.928230.png,#b54136,1603,1.386678,0.062401,0.045000
z_0195_674.928230.png,#b57a36,460,0.397924,0.017907,0.045000
z_0195_674.928230.png,#cacc5e,1972,1.705882,0.076765,0.045000
z_0195_674.928230.png,#cc1f00,857,0.741349,0.033361,0.045000
z_0195_674.928230.png,#cc68e8,1119,0.967993,0.043560,0.045000
z_0195_674.928230.png,#f06e8a,600,0.519031,0.023356,0.045000
z_0196_675.933014.png,#030b9e,306,0.264706,0.011912,0.045000
z_0196_675.933014.png,#157d0b,694,0.600346,0.027016,0.045000
z_0196_675.933014.png,#74b59b,310,0.268166,0.012067,0.045000
z_0196_675.933014.png,#75aaff,6624,5.730104,0.257855,0.045000
z_0196_675.933014.png,#96d4ba,1120,0.968858,0.043599,0.045000
z_0196_675.933014.png,#9e033c,170,0.147059,0.006618,0.045000
z_0196_675.933014.png,#a2aee8,2872,2.484429,0.111799,0.045000
z_0196_675.933014.png,#a8329d,9896,8.560554,0.385225,0.045000
z_0196_675.933014.png,#b36994,658,0.569204,0.025614,0.045000
z_0196_675.933014.png,#b54136,1603,1.386678,0.062401,0.045000
z_0196_675.933014.png,#b57a36,460,0.397924,0.017907,0.045000
z_0196_675.933014.png,#cacc5e,1967,1.701557,0.076570,0.045000
z_0196_675.933014.png,#cc1f00,856,0.740484,0.033322,0.045000
z_0196_675.933014.png,#cc68e8,1133,0.980104,0.044105,0.045000
z_0196_675.933014.png,#f06e8a,607,0.525087,0.023629,0.045000
z_0197_676.937799.png,#030b9e,290,0.250865,0.011289,0.045000
z_0197_676.937799.png,#157d0b,735,0.635813,0.028612,0.045000
z_0197_676.937799.png,#74b59b,336,0.290657,0.013080,0.045000
z_0197_676.937799.png,#75aaff,6639,5.743080,0.258439,0.045000
z_0197_676.937799.png,#96d4ba,878,0.759516,0.034178,0.045000
z_0197_676.937799.png,#9e033c,185,0.160035,0.007202,0.045000
z_0197_676.937799.png,#a2aee8,2768,2.394464,0.107751,0.045000
z_0197_676.937799.png,#a8329d,9436,8.162630,0.367318,0.045000
z_0197_676.937799.png,#b36994,516,0.446367,0.020087,0.045000
z_0197_676.937799.png,#b54136,1491,1.289792,0.058041,0.045000
z_0197_676.937799.png,#b57a36,451,0.390138,0.017556,0.045000
z_0197_676.937799.png,#cacc5e,2039,1.763841,0.079373,0.045000
z_0197_676.937799.png,#cc1f00,974,0.842561,0.037915,0.045000
z_0197_676.937799.png,#cc68e8,1242,1.074394,0.048348,0.045000
z_0197_676.937799.png,#f06e8a,560,0.484429,0.021799,0.045000
z_0198_677.942584.png,#030b9e,268,0.231834,0.010433,0.045000
z_0198_677.942584.png,#157d0b,768,0.664360,0.029896,0.045000
z_0198_677.942584.png,#74b59b,337,0.291522,0.013119,0.045000
z_0198_677.942584.png,#75aaff,6508,5.629758,0.253339,0.045000
z_0198_677.942584.png,#96d4ba,534,0.461938,0.020787,0.045000
z_0198_677.942584.png,#9e033c,202,0.174740,0.007863,0.045000
z_0198_677.942584.png,#a2aee8,2675,2.314014,0.104131,0.045000
z_0198_677.942584.png,#a8329d,8941,7.734429,0.348049,0.045000
z_0198_677.942584.png,#b36994,447,0.386678,0.017401,0.045000
z_0198_677.942584.png,#b54136,1484,1.283737,0.057768,0.045000
z_0198_677.942584.png,#b57a36,430,0.371972,0.016739,0.045000
z_0198_677.942584.png,#cacc5e,2035,1.760381,0.079217,0.045000
z_0198_677.942584.png,#cc1f00,1131,0.978374,0.044027,0.045000
z_0198_677.942584.png,#cc68e8,1369,1.184256,0.053292,0.045000
z_0198_677.942584.png,#f06e8a,520,0.449827,0.020242,0.045000
z_0199_678.947368.png,#030b9e,256,0.221453,0.009965,0.045000
z_0199_678.947368.png,#157d0b,790,0.683391,0.030753,0.045000
z_0199_678.947368.png,#74b59b,312,0.269896,0.012145,0.045000
z_0199_678.947368.png,#75aaff,3491,3.019896,0.135895,0.045000
z_0199_678.947368.png,#96d4ba,375,0.324394,0.014598,0.045000
z_0199_678.947368.png,#9e033c,214,0.185121,0.008330,0.045000
z_0199_678.947368.png,#a2aee8,2568,2.221453,0.099965,0.045000
z_0199_678.947368.png,#a8329d,8453,7.312284,0.329053,0.045000
z_0199_678.947368.png,#b36994,398,0.344291,0.015493,0.045000
z_0199_678.947368.png,#b54136,1555,1.345156,0.060532,0.045000
z_0199_678.947368.png,#b57a36,418,0.361592,0.016272,0.045000
z_0199_678.947368.png,#cacc5e,1943,1.680796,0.075636,0.045000
z_0199_678.947368.png,#cc1f00,1634,1.413495,0.063607,0.045000
z_0199_678.947368.png,#cc68e8,1429,1.236159,0.055627,0.045000
z_0199_678.947368.png,#f06e8a,488,0.422145,0.018997,0.045000
z_0200_679.952153.png,#030b9e,258,0.223183,0.010043,0.045000
z_0200_679.952153.png,#157d0b,786,0.679931,0.030597,0.045000
z_0200_679.952153.png,#74b59b,309,0.267301,0.012029,0.045000
z_0200_679.952153.png,#75aaff,3464,2.996540,0.134844,0.045000
z_0200_679.952153.png,#96d4ba,373,0.322664,0.014520,0.045000
z_0200_679.952153.png,#9e033c,214,0.185121,0.008330,0.045000
z_0200_679.952153.png,#a2aee8,2551,2.206747,0.099304,0.045000
z_0200_679.952153.png,#a8329d,8452,7.311419,0.329014,0.045000
z_0200_679.952153.png,#b36994,396,0.342561,0.015415,0.045000
z_0200_679.952153.png,#b54136,1558,1.347751,0.060649,0.045000
z_0200_679.952153.png,#b57a36,425,0.367647,0.016544,0.045000
z_0200_679.952153.png,#cacc5e,1946,1.683391,0.075753,0.045000
z_0200_679.952153.png,#cc1f00,1639,1.417820,0.063802,0.045000
z_0200_679.952153.png,#cc68e8,1436,1.242215,0.055900,0.045000
z_0200_679.952153.png,#f06e8a,489,0.423010,0.019035,0.045000
z_0201_680.956938.png,#030b9e,197,0.170415,0.007669,0.045000
z_0201_680.956938.png,#157d0b,781,0.675606,0.030402,0.045000
z_0201_680.956938.png,#74b59b,362,0.313149,0.014092,0.045000
z_0201_680.956938.png,#75aaff,1619,1.400519,0.063023,0.045000
z_0201_680.956938.png,#96d4ba,207,0.179066,0.008058,0.045000
z_0201_680.956938.png,#9e033c,263,0.227509,0.010238,0.045000
z_0201_680.956938.png,#a2aee8,2547,2.203287,0.099148,0.045000
z_0201_680.956938.png,#a8329d,7127,6.165225,0.277435,0.045000
z_0201_680.956938.png,#b36994,307,0.265571,0.011951,0.045000
z_0201_680.956938.png,#b54136,1555,1.345156,0.060532,0.045000
z_0201_680.956938.png,#b57a36,485,0.419550,0.018880,0.045000
z_0201_680.956938.png,#cacc5e,1817,1.571799,0.070731,0.045000
z_0201_680.956938.png,#cc1f00,1872,1.619377,0.072872,0.045000
z_0201_680.956938.png,#cc68e8,1563,1.352076,0.060843,0.045000
z_0201_680.956938.png,#f06e8a,419,0.362457,0.016311,0.045000
z_0202_681.961722.png,#030b9e,124,0.107266,0.004827,0.045000
z_0202_681.961722.png,#157d0b,736,0.636678,0.028651,0.045000
z_0202_681.961722.png,#74b59b,394,0.340830,0.015337,0.045000
z_0202_681.961722.png,#75aaff,735,0.635813,0.028612,0.045000
z_0202_681.961722.png,#96d4ba,250,0.216263,0.009732,0.045000
z_0202_681.961722.png,#9e033c,302,0.261246,0.011756,0.045000
z_0202_681.961722.png,#a2aee8,2405,2.080450,0.093620,0.045000
z_0202_681.961722.png,#a8329d,6139,5.310554,0.238975,0.045000
z_0202_681.961722.png,#b36994,202,0.174740,0.007863,0.045000
z_0202_681.961722.png,#b54136,1524,1.318339,0.059325,0.045000
z_0202_681.961722.png,#b57a36,545,0.471453,0.021215,0.045000
z_0202_681.961722.png,#cacc5e,2035,1.760381,0.079217,0.045000
z_0202_681.961722.png,#cc1f00,1840,1.591696,0.071626,0.045000
z_0202_681.961722.png,#cc68e8,1681,1.454152,0.065437,0.045000
z_0202_681.961722.png,#f06e8a,437,0.378028,0.017011,0.045000
z_0203_682.966507.png,#030b9e,128,0.110727,0.004983,0.045000
z_0203_682.966507.png,#157d0b,735,0.635813,0.028612,0.045000
z_0203_682.966507.png,#74b59b,396,0.342561,0.015415,0.045000
z_0203_682.966507.png,#75aaff,735,0.635813,0.028612,0.045000
z_0203_682.966507.png,#96d4ba,250,0.216263,0.009732,0.045000
z_0203_682.966507.png,#9e033c,303,0.262111,0.011795,0.045000
z_0203_682.966507.png,#a2aee8,2410,2.084775,0.093815,0.045000
z_0203_682.966507.png,#a8329d,6140,5.311419,0.239014,0.045000
z_0203_682.966507.png,#b36994,204,0.176471,0.007941,0.045000
z_0203_682.966507.png,#b54136,1515,1.310554,0.058975,0.045000
z_0203_682.966507.png,#b57a36,544,0.470588,0.021176,0.045000
z_0203_682.966507.png,#cacc5e,2044,1.768166,0.079567,0.045000
z_0203_682.966507.png,#cc1f00,1831,1.583910,0.071276,0.045000
z_0203_682.966507.png,#cc68e8,1686,1.458478,0.065631,0.045000
z_0203_682.966507.png,#f06e8a,437,0.378028,0.017011,0.045000
z_0204_683.971292.png,#030b9e,124,0.107266,0.004827,0.045000
z_0204_683.971292.png,#157d0b,722,0.624567,0.028106,0.045000
z_0204_683.971292.png,#74b59b,382,0.330450,0.014870,0.045000
z_0204_683.971292.png,#75aaff,532,0.460208,0.020709,0.045000
z_0204_683.971292.png,#96d4ba,263,0.227509,0.010238,0.045000
z_0204_683.971292.png,#9e033c,363,0.314014,0.014131,0.045000
z_0204_683.971292.png,#a2aee8,2421,2.094291,0.094243,0.045000
z_0204_683.971292.png,#a8329d,5482,4.742215,0.213400,0.045000
z_0204_683.971292.png,#b36994,177,0.153114,0.006890,0.045000
z_0204_683.971292.png,#b54136,1500,1.297578,0.058391,0.045000
z_0204_683.971292.png,#b57a36,547,0.473183,0.021293,0.045000
z_0204_683.971292.png,#cacc5e,2591,2.241349,0.100861,0.045000
z_0204_683.971292.png,#cc1f00,1863,1.611592,0.072522,0.045000
z_0204_683.971292.png,#cc68e8,1668,1.442907,0.064931,0.045000
z_0204_683.971292.png,#f06e8a,435,0.376298,0.016933,0.045000
z_0205_684.976077.png,#030b9e,121,0.104671,0.004710,0.045000
z_0205_684.976077.png,#157d0b,724,0.626298,0.028183,0.045000
z_0205_684.976077.png,#74b59b,382,0.330450,0.014870,0.045000
z_0205_684.976077.png,#75aaff,519,0.448962,0.020203,0.045000
z_0205_684.976077.png,#96d4ba,263,0.227509,0.010238,0.045000
z_0205_684.976077.png,#9e033c,362,0.313149,0.014092,0.045000
z_0205_684.976077.png,#a2aee8,2413,2.087370,0.093932,0.045000
z_0205_684.976077.png,#a8329d,5473,4.734429,0.213049,0.045000
z_0205_684.976077.png,#b36994,177,0.153114,0.006890,0.045000
z_0205_684.976077.png,#b54136,1505,1.301903,0.058586,0.045000
z_0205_684.976077.png,#b57a36,551,0.476644,0.021449,0.045000
z_0205_684.976077.png,#cacc5e,2585,2.236159,0.100627,0.045000
z_0205_684.976077.png,#cc1f00,1868,1.615917,0.072716,0.045000
z_0205_684.976077.png,#cc68e8,1671,1.445502,0.065048,0.045000
z_0205_684.976077.png,#f06e8a,433,0.374567,0.016856,0.045000
z_0206_685.980861.png,#030b9e,149,0.128893,0.005800,0.045000
z_0206_685.980861.png,#157d0b,644,0.557093,0.025069,0.045000
z_0206_685.980861.png,#74b59b,350,0.302768,0.013625,0.045000
z_0206_685.980861.png,#96d4ba,313,0.270761,0.012184,0.045000
z_0206_685.980861.png,#9e033c,520,0.449827,0.020242,0.045000
z_0206_685.980861.png,#a2aee8,2025,1.751730,0.078828,0.045000
z_0206_685.980861.png,#a8329d,3479,3.009516,0.135428,0.045000
z_0206_685.980861.png,#b36994,143,0.123702,0.005567,0.045000
z_0206_685.980861.png,#b54136,1434,1.240484,0.055822,0.045000
z_0206_685.980861.png,#b57a36,563,0.487024,0.021916,0.045000
z_0206_685.980861.png,#cacc5e,2999,2.594291,0.116743,0.045000
z_0206_685.980861.png,#cc1f00,1690,1.461938,0.065787,0.045000
z_0206_685.980861.png,#cc68e8,1814,1.569204,0.070614,0.045000
z_0206_685.980861.png,#f06e8a,385,0.333045,0.014987,0.045000
z_0207_686.985646.png,#030b9e,149,0.128893,0.005800,0.045000
z_0207_686.985646.png,#157d0b,644,0.557093,0.025069,0.045000
z_0207_686.985646.png,#74b59b,343,0.296713,0.013352,0.045000
z_0207_686.985646.png,#96d4ba,310,0.268166,0.012067,0.045000
z_0207_686.985646.png,#9e033c,520,0.449827,0.020242,0.045000
z_0207_686.985646.png,#a2aee8,2041,1.765571,0.079451,0.045000
z_0207_686.985646.png,#a8329d,3470,3.001730,0.135078,0.045000
z_0207_686.985646.png,#b36994,138,0.119377,0.005372,0.045000
z_0207_686.985646.png,#b54136,1435,1.241349,0.055861,0.045000
z_0207_686.985646.png,#b57a36,565,0.488754,0.021994,0.045000
z_0207_686.985646.png,#cacc5e,3013,2.606401,0.117288,0.045000
z_0207_686.985646.png,#cc1f00,1714,1.482699,0.066721,0.045000
z_0207_686.985646.png,#cc68e8,1821,1.575260,0.070887,0.045000
z_0207_686.985646.png,#f06e8a,386,0.333910,0.015026,0.045000
z_0208_687.990431.png,#030b9e,149,0.128893,0.005800,0.045000
z_0208_687.990431.png,#157d0b,644,0.557093,0.025069,0.045000
z_0208_687.990431.png,#74b59b,343,0.296713,0.013352,0.045000
z_0208_687.990431.png,#96d4ba,310,0.268166,0.012067,0.045000
z_0208_687.990431.png,#9e033c,520,0.449827,0.020242,0.045000
z_0208_687.990431.png,#a2aee8,2041,1.765571,0.079451,0.045000
z_0208_687.990431.png,#a8329d,3470,3.001730,0.135078,0.045000
z_0208_687.990431.png,#b36994,138,0.119377,0.005372,0.045000
z_0208_687.990431.png,#b54136,1435,1.241349,0.055861,0.045000
z_0208_687.990431.png,#b57a36,565,0.488754,0.021994,0.045000
z_0208_687.990431.png,#cacc5e,3013,2.606401,0.117288,0.045000
z_0208_687.990431.png,#cc1f00,1714,1.482699,0.066721,0.045000
z_0208_687.990431.png,#cc68e8,1821,1.575260,0.070887,0.045000
z_0208_687.990431.png,#f06e8a,386,0.333910,0.015026,0.045000
z_0209_688.995215.png,#030b9e,121,0.104671,0.004710,0.045000
z_0209_688.995215.png,#157d0b,724,0.626298,0.028183,0.045000
z_0209_688.995215.png,#74b59b,382,0.330450,0.014870,0.045000
z_0209_688.995215.png,#75aaff,519,0.448962,0.020203,0.045000
z_0209_688.995215.png,#96d4ba,263,0.227509,0.010238,0.045000
z_0209_688.995215.png,#9e033c,362,0.313149,0.014092,0.045000
z_0209_688.995215.png,#a2aee8,2413,2.087370,0.093932,0.045000
z_0209_688.995215.png,#a8329d,5473,4.734429,0.213049,0.045000
z_0209_688.995215.png,#b36994,177,0.153114,0.006890,0.045000
z_0209_688.995215.png,#b54136,1505,1.301903,0.058586,0.045000
z_0209_688.995215.png,#b57a36,551,0.476644,0.021449,0.045000
z_0209_688.995215.png,#cacc5e,2585,2.236159,0.100627,0.045000
z_0209_688.995215.png,#cc1f00,1868,1.615917,0.072716,0.045000
z_0209_688.995215.png,#cc68e8,1671,1.445502,0.065048,0.045000
z_0209_688.995215.png,#f06e8a,433,0.374567,0.016856,0.045000
z_0210_690.000000.png,#030b9e,128,0.110727,0.004983,0.045000
z_0210_690.000000.png,#157d0b,735,0.635813,0.028612,0.045000
z_0210_690.000000.png,#74b59b,396,0.342561,0.015415,0.045000
z_0210_690.000000.png,#75aaff,735,0.635813,0.028612,0.045000
z_0210_690.000000.png,#96d4ba,250,0.216263,0.009732,0.045000
z_0210_690.000000.png,#9e033c,303,0.262111,0.011795,0.045000
z_0210_690.000000.png,#a2aee8,2410,2.084775,0.093815,0.045000
z_0210_690.000000.png,#a8329d,6140,5.311419,0.239014,0.045000
z_0210_690.000000.png,#b36994,204,0.176471,0.007941,0.045000
z_0210_690.000000.png,#b54136,1515,1.310554,0.058975,0.045000
z_0210_690.000000.png,#b57a36,544,0.470588,0.021176,0.045000
z_0210_690.000000.png,#cacc5e,2044,1.768166,0.079567,0.045000
z_0210_690.000000.png,#cc1f00,1831,1.583910,0.071276,0.045000
z_0210_690.000000.png,#cc68e8,1686,1.458478,0.065631,0.045000
z_0210_690.000000.png,#f06e8a,437,0.378028,0.017011,0.045000
