slice_file,color_hex,area_px,cross_section_area_um2,slice_volume_um3,slice_thickness_um
z_0001_271.000000.png,#3281a8,1258,2.378072,0.095123,0.040000
z_0001_271.000000.png,#61d1be,3516,6.646503,0.265860,0.040000
z_0001_271.000000.png,#86bdb0,1796,3.395085,0.135803,0.040000
z_0001_271.000000.png,#ce24d4,486,0.918715,0.036749,0.040000
z_0002_272.000000.png,#3281a8,1352,2.555766,0.102231,0.040000
z_0002_272.000000.png,#61d1be,3452,6.525520,0.261021,0.040000
z_0002_272.000000.png,#86bdb0,1934,3.655955,0.146238,0.040000
z_0002_272.000000.png,#ce24d4,366,0.691871,0.027675,0.040000
z_0003_273.000000.png,#3281a8,1474,2.786389,0.111456,0.040000
z_0003_273.000000.png,#61d1be,3374,6.378072,0.255123,0.040000
z_0003_273.000000.png,#86bdb0,2176,4.113422,0.164537,0.040000
z_0003_273.000000.png,#ce24d4,312,0.589792,0.023592,0.040000
z_0004_274.000000.png,#3281a8,1563,2.954631,0.118185,0.040000
z_0004_274.000000.png,#61d1be,3271,6.183365,0.247335,0.040000
z_0004_274.000000.png,#86bdb0,2322,4.389414,0.175577,0.040000
z_0004_274.000000.png,#ce24d4,261,0.493384,0.019735,0.040000
z_0005_275.000000.png,#3281a8,1596,3.017013,0.120681,0.040000
z_0005_275.000000.png,#61d1be,3152,5.958412,0.238336,0.040000
z_0005_275.000000.png,#86bdb0,2453,4.637051,0.185482,0.040000
z_0005_275.000000.png,#ce24d4,230,0.434783,0.017391,0.040000
z_0006_276.000000.png,#3281a8,1581,2.988658,0.119546,0.040000
z_0006_276.000000.png,#61d1be,3156,5.965974,0.238639,0.040000
z_0006_276.000000.png,#86bdb0,2453,4.637051,0.185482,0.040000
z_0006_276.000000.png,#ce24d4,230,0.434783,0.017391,0.040000
z_0007_277.000000.png,#3281a8,1451,2.742911,0.109716,0.040000
z_0007_277.000000.png,#61d1be,2978,5.629490,0.225180,0.040000
z_0007_277.000000.png,#86bdb0,2982,5.637051,0.225482,0.040000
z_0007_277.000000.png,#ce24d4,193,0.364839,0.014594,0.040000
z_0008_278.000000.png,#3281a8,1374,2.597353,0.103894,0.040000
z_0008_278.000000.png,#61d1be,2928,5.534972,0.221399,0.040000
z_0008_278.000000.png,#86bdb0,3123,5.903592,0.236144,0.040000
z_0008_278.000000.png,#ce24d4,166,0.313800,0.012552,0.040000
z_0009_279.000000.png,#3281a8,1299,2.455577,0.098223,0.040000
z_0009_279.000000.png,#61d1be,2885,5.453686,0.218147,0.040000
z_0009_279.000000.png,#86bdb0,3171,5.994329,0.239773,0.040000
z_0009_279.000000.png,#ce24d4,157,0.296786,0.011871,0.040000
z_0010_280.000000.png,#3281a8,1125,2.126654,0.085066,0.040000
z_0010_280.000000.png,#61d1be,2900,5.482042,0.219282,0.040000
z_0010_280.000000.png,#86bdb0,3155,5.964083,0.238563,0.040000
z_0010_280.000000.png,#bf0d75,26,0.049149,0.001966,0.040000
z_0010_280.000000.png,#ce24d4,154,0.291115,0.011645,0.040000
z_0011_281.000000.png,#3281a8,1034,1.954631,0.078185,0.040000
z_0011_281.000000.png,#61d1be,2819,5.328922,0.213157,0.040000
z_0011_281.000000.png,#86bdb0,3116,5.890359,0.235614,0.040000
z_0011_281.000000.png,#bf0d75,145,0.274102,0.010964,0.040000
z_0011_281.000000.png,#ce24d4,153,0.289225,0.011569,0.040000
z_0012_282.000000.png,#3281a8,923,1.744802,0.069792,0.040000
z_0012_282.000000.png,#61d1be,2780,5.255198,0.210208,0.040000
z_0012_282.000000.png,#86bdb0,2967,5.608696,0.224348,0.040000
z_0012_282.000000.png,#afeda4,15,0.028355,0.001134,0.040000
z_0012_282.000000.png,#bf0d75,377,0.712665,0.028507,0.040000
z_0012_282.000000.png,#ce24d4,163,0.308129,0.012325,0.040000
z_0013_283.000000.png,#3281a8,860,1.625709,0.065028,0.040000
z_0013_283.000000.png,#61d1be,2679,5.064272,0.202571,0.040000
z_0013_283.000000.png,#86bdb0,2892,5.466919,0.218677,0.040000
z_0013_283.000000.png,#afeda4,60,0.113422,0.004537,0.040000
z_0013_283.000000.png,#bf0d75,6,0.011342,0.000454,0.040000
z_0013_283.000000.png,#ce24d4,164,0.310019,0.012401,0.040000
z_0014_284.000000.png,#3281a8,620,1.172023,0.046881,0.040000
z_0014_284.000000.png,#61d1be,2612,4.937618,0.197505,0.040000
z_0014_284.000000.png,#86bdb0,2659,5.026465,0.201059,0.040000
z_0014_284.000000.png,#afeda4,128,0.241966,0.009679,0.040000
z_0014_284.000000.png,#bf0d75,55,0.103970,0.004159,0.040000
z_0014_284.000000.png,#ce24d4,165,0.311909,0.012476,0.040000
z_0015_285.000000.png,#3281a8,551,1.041588,0.041664,0.040000
z_0015_285.000000.png,#61d1be,2552,4.824197,0.192968,0.040000
z_0015_285.000000.png,#86bdb0,2494,4.714556,0.188582,0.040000
z_0015_285.000000.png,#afeda4,210,0.396975,0.015879,0.040000
z_0015_285.000000.png,#bf0d75,81,0.153119,0.006125,0.040000
z_0015_285.000000.png,#ce24d4,172,0.325142,0.013006,0.040000
z_0016_286.000000.png,#3281a8,519,0.981096,0.039244,0.040000
z_0016_286.000000.png,#61d1be,2497,4.720227,0.188809,0.040000
z_0016_286.000000.png,#86bdb0,2424,4.582231,0.183289,0.040000
z_0016_286.000000.png,#afeda4,316,0.597353,0.023894,0.040000
z_0016_286.000000.png,#bf0d75,105,0.198488,0.007940,0.040000
z_0016_286.000000.png,#ce24d4,176,0.332703,0.013308,0.040000
z_0017_287.000000.png,#3281a8,490,0.926276,0.037051,0.040000
z_0017_287.000000.png,#61d1be,2432,4.597353,0.183894,0.040000
z_0017_287.000000.png,#86bdb0,2282,4.313800,0.172552,0.040000
z_0017_287.000000.png,#afeda4,488,0.922495,0.036900,0.040000
z_0017_287.000000.png,#bf0d75,165,0.311909,0.012476,0.040000
z_0017_287.000000.png,#ce24d4,186,0.351607,0.014064,0.040000
z_0018_288.000000.png,#3281a8,508,0.960302,0.038412,0.040000
z_0018_288.000000.png,#4cd4bb,1,0.001890,0.000076,0.040000
z_0018_288.000000.png,#61d1be,2414,4.563327,0.182533,0.040000
z_0018_288.000000.png,#86bdb0,2103,3.975425,0.159017,0.040000
z_0018_288.000000.png,#afeda4,634,1.198488,0.047940,0.040000
z_0018_288.000000.png,#bf0d75,1580,2.986767,0.119471,0.040000
z_0018_288.000000.png,#ce24d4,193,0.364839,0.014594,0.040000
z_0019_289.000000.png,#3281a8,530,1.001890,0.040076,0.040000
z_0019_289.000000.png,#4cd4bb,29,0.054820,0.002193,0.040000
z_0019_289.000000.png,#61d1be,2386,4.510397,0.180416,0.040000
z_0019_289.000000.png,#86bdb0,2168,4.098299,0.163932,0.040000
z_0019_289.000000.png,#afeda4,710,1.342155,0.053686,0.040000
z_0019_289.000000.png,#b1d415,21,0.039698,0.001588,0.040000
z_0019_289.000000.png,#bf0d75,1564,2.956522,0.118261,0.040000
z_0019_289.000000.png,#ce24d4,209,0.395085,0.015803,0.040000
z_0020_290.000000.png,#3281a8,569,1.075614,0.043025,0.040000
z_0020_290.000000.png,#4cd4bb,59,0.111531,0.004461,0.040000
z_0020_290.000000.png,#61d1be,2347,4.436673,0.177467,0.040000
z_0020_290.000000.png,#86bdb0,2059,3.892250,0.155690,0.040000
z_0020_290.000000.png,#afeda4,825,1.559546,0.062382,0.040000
z_0020_290.000000.png,#b1d415,73,0.137996,0.005520,0.040000
z_0020_290.000000.png,#bf0d75,1553,2.935728,0.117429,0.040000
z_0020_290.000000.png,#ce24d4,205,0.387524,0.015501,0.040000
z_0021_291.000000.png,#3281a8,622,1.175803,0.047032,0.040000
z_0021_291.000000.png,#4cd4bb,114,0.215501,0.008620,0.040000
z_0021_291.000000.png,#61d1be,2349,4.440454,0.177618,0.040000
z_0021_291.000000.png,#86bdb0,2064,3.901701,0.156068,0.040000
z_0021_291.000000.png,#afeda4,887,1.676749,0.067070,0.040000
z_0021_291.000000.png,#b1d415,114,0.215501,0.008620,0.040000
z_0021_291.000000.png,#bf0d75,1516,2.865784,0.114631,0.040000
z_0021_291.000000.png,#ce24d4,201,0.379962,0.015198,0.040000
z_0022_292.000000.png,#3281a8,684,1.293006,0.051720,0.040000
z_0022_292.000000.png,#4cd4bb,147,0.277883,0.011115,0.040000
z_0022_292.000000.png,#61d1be,2283,4.315690,0.172628,0.040000
z_0022_292.000000.png,#86bdb0,2061,3.896030,0.155841,0.040000
z_0022_292.000000.png,#afeda4,938,1.773157,0.070926,0.040000
z_0022_292.000000.png,#b1d415,151,0.285444,0.011418,0.040000
z_0022_292.000000.png,#bf0d75,1516,2.865784,0.114631,0.040000
z_0022_292.000000.png,#ce24d4,199,0.376181,0.015047,0.040000
z_0023_293.000000.png,#3281a8,781,1.476371,0.059055,0.040000
z_0023_293.000000.png,#4cd4bb,164,0.310019,0.012401,0.040000
z_0023_293.000000.png,#61d1be,2212,4.181474,0.167259,0.040000
z_0023_293.000000.png,#86bdb0,2059,3.892250,0.155690,0.040000
z_0023_293.000000.png,#a1e06e,18,0.034026,0.001361,0.040000
z_0023_293.000000.png,#afeda4,993,1.877127,0.075085,0.040000
z_0023_293.000000.png,#b1d415,185,0.349716,0.013989,0.040000
z_0023_293.000000.png,#bf0d75,1402,2.650284,0.106011,0.040000
z_0023_293.000000.png,#ce24d4,189,0.357278,0.014291,0.040000
z_0024_294.000000.png,#3281a8,823,1.555766,0.062231,0.040000
z_0024_294.000000.png,#4cd4bb,202,0.381853,0.015274,0.040000
z_0024_294.000000.png,#61d1be,2178,4.117202,0.164688,0.040000
z_0024_294.000000.png,#86bdb0,2017,3.812854,0.152514,0.040000
z_0024_294.000000.png,#a1e06e,92,0.173913,0.006957,0.040000
z_0024_294.000000.png,#afeda4,1025,1.937618,0.077505,0.040000
z_0024_294.000000.png,#b1d415,200,0.378072,0.015123,0.040000
z_0024_294.000000.png,#bf0d75,1425,2.693762,0.107750,0.040000
z_0024_294.000000.png,#ce24d4,173,0.327032,0.013081,0.040000
z_0025_295.000000.png,#3281a8,865,1.635161,0.065406,0.040000
z_0025_295.000000.png,#4cd4bb,225,0.425331,0.017013,0.040000
z_0025_295.000000.png,#61d1be,2202,4.162571,0.166503,0.040000
z_0025_295.000000.png,#86bdb0,1919,3.627599,0.145104,0.040000
z_0025_295.000000.png,#a1e06e,148,0.279773,0.011191,0.040000
z_0025_295.000000.png,#afeda4,1065,2.013233,0.080529,0.040000
z_0025_295.000000.png,#b1d415,233,0.440454,0.017618,0.040000
z_0025_295.000000.png,#bf0d75,1496,2.827977,0.113119,0.040000
z_0025_295.000000.png,#ce24d4,159,0.300567,0.012023,0.040000
z_0026_296.000000.png,#3281a8,872,1.648393,0.065936,0.040000
z_0026_296.000000.png,#4cd4bb,226,0.427221,0.017089,0.040000
z_0026_296.000000.png,#61d1be,2219,4.194707,0.167788,0.040000
z_0026_296.000000.png,#86bdb0,1729,3.268431,0.130737,0.040000
z_0026_296.000000.png,#a1e06e,215,0.406427,0.016257,0.040000
z_0026_296.000000.png,#afeda4,1055,1.994329,0.079773,0.040000
z_0026_296.000000.png,#b1d415,264,0.499055,0.019962,0.040000
z_0026_296.000000.png,#bf0d75,1509,2.852552,0.114102,0.040000
z_0026_296.000000.png,#ce24d4,153,0.289225,0.011569,0.040000
z_0027_297.000000.png,#3281a8,869,1.642722,0.065709,0.040000
z_0027_297.000000.png,#4cd4bb,211,0.398866,0.015955,0.040000
z_0027_297.000000.png,#61d1be,2219,4.194707,0.167788,0.040000
z_0027_297.000000.png,#86bdb0,1558,2.945180,0.117807,0.040000
z_0027_297.000000.png,#a1e06e,275,0.519849,0.020794,0.040000
z_0027_297.000000.png,#afeda4,1060,2.003781,0.080151,0.040000
z_0027_297.000000.png,#b1d415,273,0.516068,0.020643,0.040000
z_0027_297.000000.png,#bf0d75,1542,2.914934,0.116597,0.040000
z_0027_297.000000.png,#ce24d4,115,0.217391,0.008696,0.040000
z_0028_298.000000.png,#3281a8,909,1.718336,0.068733,0.040000
z_0028_298.000000.png,#4cd4bb,117,0.221172,0.008847,0.040000
z_0028_298.000000.png,#61d1be,2127,4.020794,0.160832,0.040000
z_0028_298.000000.png,#86bdb0,1411,2.667297,0.106692,0.040000
z_0028_298.000000.png,#a1e06e,329,0.621928,0.024877,0.040000
z_0028_298.000000.png,#afeda4,1167,2.206049,0.088242,0.040000
z_0028_298.000000.png,#b1d415,291,0.550095,0.022004,0.040000
z_0028_298.000000.png,#bf0d75,1539,2.909263,0.116371,0.040000
z_0028_298.000000.png,#ce24d4,112,0.211720,0.008469,0.040000
z_0029_299.000000.png,#3281a8,972,1.837429,0.073497,0.040000
z_0029_299.000000.png,#4cd4bb,155,0.293006,0.011720,0.040000
z_0029_299.000000.png,#61d1be,2100,3.969754,0.158790,0.040000
z_0029_299.000000.png,#86bdb0,1314,2.483932,0.099357,0.040000
z_0029_299.000000.png,#a1e06e,391,0.739130,0.029565,0.040000
z_0029_299.000000.png,#afeda4,1263,2.387524,0.095501,0.040000
z_0029_299.000000.png,#b1d415,306,0.578450,0.023138,0.040000
z_0029_299.000000.png,#bf0d75,1523,2.879017,0.115161,0.040000
z_0029_299.000000.png,#ce24d4,111,0.209830,0.008393,0.040000
z_0030_300.000000.png,#3281a8,976,1.844991,0.073800,0.040000
z_0030_300.000000.png,#4cd4bb,454,0.858223,0.034329,0.040000
z_0030_300.000000.png,#61d1be,2085,3.941399,0.157656,0.040000
z_0030_300.000000.png,#86bdb0,1238,2.340265,0.093611,0.040000
z_0030_300.000000.png,#a1e06e,432,0.816635,0.032665,0.040000
z_0030_300.000000.png,#afeda4,1304,2.465028,0.098601,0.040000
z_0030_300.000000.png,#b1d415,313,0.591682,0.023667,0.040000
z_0030_300.000000.png,#bf0d75,1361,2.572779,0.102911,0.040000
z_0030_300.000000.png,#ce24d4,102,0.192817,0.007713,0.040000
z_0031_301.000000.png,#3281a8,998,1.886578,0.075463,0.040000
z_0031_301.000000.png,#4cd4bb,674,1.274102,0.050964,0.040000
z_0031_301.000000.png,#61d1be,2124,4.015123,0.160605,0.040000
z_0031_301.000000.png,#86bdb0,1234,2.332703,0.093308,0.040000
z_0031_301.000000.png,#a1e06e,489,0.924386,0.036975,0.040000
z_0031_301.000000.png,#afeda4,1264,2.389414,0.095577,0.040000
z_0031_301.000000.png,#b1d415,312,0.589792,0.023592,0.040000
z_0031_301.000000.png,#bf0d75,1169,2.209830,0.088393,0.040000
z_0031_301.000000.png,#ce24d4,96,0.181474,0.007259,0.040000
z_0032_302.000000.png,#3281a8,971,1.835539,0.073422,0.040000
z_0032_302.000000.png,#4cd4bb,918,1.735350,0.069414,0.040000
z_0032_302.000000.png,#61d1be,2104,3.977316,0.159093,0.040000
z_0032_302.000000.png,#86bdb0,1279,2.417769,0.096711,0.040000
z_0032_302.000000.png,#a1e06e,538,1.017013,0.040681,0.040000
z_0032_302.000000.png,#afeda4,1215,2.296786,0.091871,0.040000
z_0032_302.000000.png,#b1d415,315,0.595463,0.023819,0.040000
z_0032_302.000000.png,#bf0d75,1142,2.158790,0.086352,0.040000
z_0032_302.000000.png,#ce24d4,100,0.189036,0.007561,0.040000
z_0033_303.000000.png,#3281a8,970,1.833648,0.073346,0.040000
z_0033_303.000000.png,#4cd4bb,923,1.744802,0.069792,0.040000
z_0033_303.000000.png,#61d1be,2102,3.973535,0.158941,0.040000
z_0033_303.000000.png,#86bdb0,1272,2.404537,0.096181,0.040000
z_0033_303.000000.png,#a1e06e,536,1.013233,0.040529,0.040000
z_0033_303.000000.png,#afeda4,1219,2.304348,0.092174,0.040000
z_0033_303.000000.png,#b1d415,315,0.595463,0.023819,0.040000
z_0033_303.000000.png,#bf0d75,1145,2.164461,0.086578,0.040000
z_0033_303.000000.png,#ce24d4,100,0.189036,0.007561,0.040000
z_0034_304.000000.png,#3281a8,1075,2.032136,0.081285,0.040000
z_0034_304.000000.png,#4cd4bb,1188,2.245747,0.089830,0.040000
z_0034_304.000000.png,#61d1be,2004,3.788280,0.151531,0.040000
z_0034_304.000000.png,#86bdb0,1210,2.287335,0.091493,0.040000
z_0034_304.000000.png,#a1e06e,607,1.147448,0.045898,0.040000
z_0034_304.000000.png,#afeda4,872,1.648393,0.065936,0.040000
z_0034_304.000000.png,#b1d415,310,0.586011,0.023440,0.040000
z_0034_304.000000.png,#bf0d75,1253,2.368620,0.094745,0.040000
z_0034_304.000000.png,#ce24d4,98,0.185255,0.007410,0.040000
z_0035_305.000000.png,#3281a8,916,1.731569,0.069263,0.040000
z_0035_305.000000.png,#4cd4bb,1365,2.580340,0.103214,0.040000
z_0035_305.000000.png,#61d1be,2009,3.797732,0.151909,0.040000
z_0035_305.000000.png,#86bdb0,1196,2.260870,0.090435,0.040000
z_0035_305.000000.png,#a1e06e,654,1.236295,0.049452,0.040000
z_0035_305.000000.png,#afeda4,778,1.470699,0.058828,0.040000
z_0035_305.000000.png,#b1d415,300,0.567108,0.022684,0.040000
z_0035_305.000000.png,#bf0d75,1251,2.364839,0.094594,0.040000
z_0035_305.000000.png,#ce24d4,98,0.185255,0.007410,0.040000
z_0036_306.000000.png,#3281a8,723,1.366730,0.054669,0.040000
z_0036_306.000000.png,#4cd4bb,1532,2.896030,0.115841,0.040000
z_0036_306.000000.png,#61d1be,2015,3.809074,0.152363,0.040000
z_0036_306.000000.png,#86bdb0,1174,2.219282,0.088771,0.040000
z_0036_306.000000.png,#a1e06e,684,1.293006,0.051720,0.040000
z_0036_306.000000.png,#afeda4,684,1.293006,0.051720,0.040000
z_0036_306.000000.png,#b1d415,287,0.542533,0.021701,0.040000
z_0036_306.000000.png,#bf0d75,1243,2.349716,0.093989,0.040000
z_0036_306.000000.png,#ce24d4,107,0.202268,0.008091,0.040000
z_0037_307.000000.png,#3281a8,716,1.353497,0.054140,0.040000
z_0037_307.000000.png,#4cd4bb,1867,3.529301,0.141172,0.040000
z_0037_307.000000.png,#61d1be,2035,3.846881,0.153875,0.040000
z_0037_307.000000.png,#86bdb0,1159,2.190926,0.087637,0.040000
z_0037_307.000000.png,#a1e06e,719,1.359168,0.054367,0.040000
z_0037_307.000000.png,#afeda4,695,1.313800,0.052552,0.040000
z_0037_307.000000.png,#b1d415,279,0.527410,0.021096,0.040000
z_0037_307.000000.png,#bf0d75,1247,2.357278,0.094291,0.040000
z_0037_307.000000.png,#ce24d4,119,0.224953,0.008998,0.040000
z_0038_308.000000.png,#3281a8,696,1.315690,0.052628,0.040000
z_0038_308.000000.png,#4cd4bb,2075,3.922495,0.156900,0.040000
z_0038_308.000000.png,#61d1be,2059,3.892250,0.155690,0.040000
z_0038_308.000000.png,#86bdb0,1037,1.960302,0.078412,0.040000
z_0038_308.000000.png,#a1e06e,740,1.398866,0.055955,0.040000
z_0038_308.000000.png,#afeda4,660,1.247637,0.049905,0.040000
z_0038_308.000000.png,#b1d415,291,0.550095,0.022004,0.040000
z_0038_308.000000.png,#bf0d75,1510,2.854442,0.114178,0.040000
z_0038_308.000000.png,#ce24d4,117,0.221172,0.008847,0.040000
z_0039_309.000000.png,#15d445,12,0.022684,0.000907,0.040000
z_0039_309.000000.png,#3281a8,642,1.213611,0.048544,0.040000
z_0039_309.000000.png,#4cd4bb,2360,4.461248,0.178450,0.040000
z_0039_309.000000.png,#61d1be,2018,3.814745,0.152590,0.040000
z_0039_309.000000.png,#630024,27,0.051040,0.002042,0.040000
z_0039_309.000000.png,#86bdb0,943,1.782609,0.071304,0.040000
z_0039_309.000000.png,#a1e06e,833,1.574669,0.062987,0.040000
z_0039_309.000000.png,#afeda4,619,1.170132,0.046805,0.040000
z_0039_309.000000.png,#b1d415,322,0.608696,0.024348,0.040000
z_0039_309.000000.png,#bf0d75,1835,3.468809,0.138752,0.040000
z_0039_309.000000.png,#ce24d4,104,0.196597,0.007864,0.040000
z_0040_310.000000.png,#15d445,28,0.052930,0.002117,0.040000
z_0040_310.000000.png,#3281a8,641,1.211720,0.048469,0.040000
z_0040_310.000000.png,#4cd4bb,2610,4.933837,0.197353,0.040000
z_0040_310.000000.png,#61d1be,1952,3.689981,0.147599,0.040000
z_0040_310.000000.png,#630024,93,0.175803,0.007032,0.040000
z_0040_310.000000.png,#86bdb0,876,1.655955,0.066238,0.040000
z_0040_310.000000.png,#a1e06e,928,1.754253,0.070170,0.040000
z_0040_310.000000.png,#afeda4,527,0.996219,0.039849,0.040000
z_0040_310.000000.png,#b1d415,336,0.635161,0.025406,0.040000
z_0040_310.000000.png,#bf0d75,2096,3.962193,0.158488,0.040000
z_0040_310.000000.png,#ce24d4,91,0.172023,0.006881,0.040000
z_0041_311.000000.png,#15d445,42,0.079395,0.003176,0.040000
z_0041_311.000000.png,#3281a8,647,1.223062,0.048922,0.040000
z_0041_311.000000.png,#4cd4bb,2852,5.391304,0.215652,0.040000
z_0041_311.000000.png,#61d1be,1897,3.586011,0.143440,0.040000
z_0041_311.000000.png,#630024,198,0.374291,0.014972,0.040000
z_0041_311.000000.png,#86bdb0,967,1.827977,0.073119,0.040000
z_0041_311.000000.png,#a1e06e,1017,1.922495,0.076900,0.040000
z_0041_311.000000.png,#afeda4,452,0.854442,0.034178,0.040000
z_0041_311.000000.png,#b1d415,325,0.614367,0.024575,0.040000
z_0041_311.000000.png,#bf0d75,2188,4.136106,0.165444,0.040000
z_0041_311.000000.png,#ce24d4,82,0.155009,0.006200,0.040000
z_0042_312.000000.png,#15d445,48,0.090737,0.003629,0.040000
z_0042_312.000000.png,#3281a8,631,1.192817,0.047713,0.040000
z_0042_312.000000.png,#4cd4bb,3089,5.839319,0.233573,0.040000
z_0042_312.000000.png,#61d1be,1861,3.517958,0.140718,0.040000
z_0042_312.000000.png,#630024,311,0.587902,0.023516,0.040000
z_0042_312.000000.png,#86bdb0,1245,2.353497,0.094140,0.040000
z_0042_312.000000.png,#a1e06e,1060,2.003781,0.080151,0.040000
z_0042_312.000000.png,#afeda4,407,0.769376,0.030775,0.040000
z_0042_312.000000.png,#b1d415,345,0.652174,0.026087,0.040000
z_0042_312.000000.png,#bf0d75,2228,4.211720,0.168469,0.040000
z_0042_312.000000.png,#ce24d4,81,0.153119,0.006125,0.040000
z_0043_313.000000.png,#15d445,59,0.111531,0.004461,0.040000
z_0043_313.000000.png,#3281a8,643,1.215501,0.048620,0.040000
z_0043_313.000000.png,#4cd4bb,3278,6.196597,0.247864,0.040000
z_0043_313.000000.png,#61d1be,1815,3.431002,0.137240,0.040000
z_0043_313.000000.png,#630024,512,0.967864,0.038715,0.040000
z_0043_313.000000.png,#86bdb0,1310,2.476371,0.099055,0.040000
z_0043_313.000000.png,#a1e06e,1111,2.100189,0.084008,0.040000
z_0043_313.000000.png,#afeda4,400,0.756144,0.030246,0.040000
z_0043_313.000000.png,#b1d415,384,0.725898,0.029036,0.040000
z_0043_313.000000.png,#bf0d75,2134,4.034026,0.161361,0.040000
z_0043_313.000000.png,#ce24d4,80,0.151229,0.006049,0.040000
z_0044_314.000000.png,#15d445,51,0.096408,0.003856,0.040000
z_0044_314.000000.png,#3281a8,711,1.344045,0.053762,0.040000
z_0044_314.000000.png,#4cd4bb,3479,6.576560,0.263062,0.040000
z_0044_314.000000.png,#61d1be,1780,3.364839,0.134594,0.040000
z_0044_314.000000.png,#630024,647,1.223062,0.048922,0.040000
z_0044_314.000000.png,#86bdb0,1302,2.461248,0.098450,0.040000
z_0044_314.000000.png,#a1e06e,1180,2.230624,0.089225,0.040000
z_0044_314.000000.png,#afeda4,369,0.697543,0.027902,0.040000
z_0044_314.000000.png,#b1d415,383,0.724008,0.028960,0.040000
z_0044_314.000000.png,#bf0d75,2034,3.844991,0.153800,0.040000
z_0044_314.000000.png,#ce24d4,76,0.143667,0.005747,0.040000
z_0045_315.000000.png,#15d445,47,0.088847,0.003554,0.040000
z_0045_315.000000.png,#3281a8,819,1.548204,0.061928,0.040000
z_0045_315.000000.png,#4cd4bb,3558,6.725898,0.269036,0.040000
z_0045_315.000000.png,#61d1be,1743,3.294896,0.131796,0.040000
z_0045_315.000000.png,#630024,741,1.400756,0.056030,0.040000
z_0045_315.000000.png,#86bdb0,1318,2.491493,0.099660,0.040000
z_0045_315.000000.png,#a1e06e,1267,2.395085,0.095803,0.040000
z_0045_315.000000.png,#afeda4,358,0.676749,0.027070,0.040000
z_0045_315.000000.png,#b1d415,400,0.756144,0.030246,0.040000
z_0045_315.000000.png,#bf0d75,1947,3.680529,0.147221,0.040000
z_0045_315.000000.png,#ce24d4,78,0.147448,0.005898,0.040000
z_0046_316.000000.png,#15d445,54,0.102079,0.004083,0.040000
z_0046_316.000000.png,#3281a8,973,1.839319,0.073573,0.040000
z_0046_316.000000.png,#4cd4bb,3728,7.047259,0.281890,0.040000
z_0046_316.000000.png,#61d1be,1749,3.306238,0.132250,0.040000
z_0046_316.000000.png,#630024,805,1.521739,0.060870,0.040000
z_0046_316.000000.png,#86bdb0,1336,2.525520,0.101021,0.040000
z_0046_316.000000.png,#a1e06e,1322,2.499055,0.099962,0.040000
z_0046_316.000000.png,#afeda4,325,0.614367,0.024575,0.040000
z_0046_316.000000.png,#b1d415,414,0.782609,0.031304,0.040000
z_0046_316.000000.png,#bf0d75,1976,3.735350,0.149414,0.040000
z_0046_316.000000.png,#ce24d4,84,0.158790,0.006352,0.040000
z_0047_317.000000.png,#15d445,274,0.517958,0.020718,0.040000
z_0047_317.000000.png,#3281a8,1089,2.058601,0.082344,0.040000
z_0047_317.000000.png,#4cd4bb,3800,7.183365,0.287335,0.040000
z_0047_317.000000.png,#61d1be,1744,3.296786,0.131871,0.040000
z_0047_317.000000.png,#630024,870,1.644612,0.065784,0.040000
z_0047_317.000000.png,#86bdb0,1317,2.489603,0.099584,0.040000
z_0047_317.000000.png,#a1e06e,1328,2.510397,0.100416,0.040000
z_0047_317.000000.png,#afeda4,295,0.557656,0.022306,0.040000
z_0047_317.000000.png,#b1d415,400,0.756144,0.030246,0.040000
z_0047_317.000000.png,#bf0d75,2012,3.803403,0.152136,0.040000
z_0047_317.000000.png,#ce24d4,86,0.162571,0.006503,0.040000
z_0048_318.000000.png,#15d445,502,0.948960,0.037958,0.040000
z_0048_318.000000.png,#3281a8,1239,2.342155,0.093686,0.040000
z_0048_318.000000.png,#4cd4bb,3884,7.342155,0.293686,0.040000
z_0048_318.000000.png,#61d1be,1660,3.137996,0.125520,0.040000
z_0048_318.000000.png,#630024,899,1.699433,0.067977,0.040000
z_0048_318.000000.png,#86bdb0,1326,2.506616,0.100265,0.040000
z_0048_318.000000.png,#a1e06e,1332,2.517958,0.100718,0.040000
z_0048_318.000000.png,#afeda4,277,0.523629,0.020945,0.040000
z_0048_318.000000.png,#b1d415,353,0.667297,0.026692,0.040000
z_0048_318.000000.png,#bf0d75,2057,3.888469,0.155539,0.040000
z_0048_318.000000.png,#ce24d4,98,0.185255,0.007410,0.040000
z_0049_319.000000.png,#15d445,885,1.672968,0.066919,0.040000
z_0049_319.000000.png,#3281a8,1324,2.502836,0.100113,0.040000
z_0049_319.000000.png,#4cd4bb,3839,7.257089,0.290284,0.040000
z_0049_319.000000.png,#61d1be,1612,3.047259,0.121890,0.040000
z_0049_319.000000.png,#630024,928,1.754253,0.070170,0.040000
z_0049_319.000000.png,#86bdb0,1283,2.425331,0.097013,0.040000
z_0049_319.000000.png,#a1e06e,1330,2.514178,0.100567,0.040000
z_0049_319.000000.png,#afeda4,250,0.472590,0.018904,0.040000
z_0049_319.000000.png,#b1d415,277,0.523629,0.020945,0.040000
z_0049_319.000000.png,#bf0d75,2100,3.969754,0.158790,0.040000
z_0049_319.000000.png,#ce24d4,108,0.204159,0.008166,0.040000
z_0050_320.000000.png,#15d445,1126,2.128544,0.085142,0.040000
z_0050_320.000000.png,#3281a8,1344,2.540643,0.101626,0.040000
z_0050_320.000000.png,#4cd4bb,3997,7.555766,0.302231,0.040000
z_0050_320.000000.png,#61d1be,1567,2.962193,0.118488,0.040000
z_0050_320.000000.png,#630024,964,1.822306,0.072892,0.040000
z_0050_320.000000.png,#86bdb0,1117,2.111531,0.084461,0.040000
z_0050_320.000000.png,#a1e06e,1305,2.466919,0.098677,0.040000
z_0050_320.000000.png,#afeda4,205,0.387524,0.015501,0.040000
z_0050_320.000000.png,#b1d415,251,0.474480,0.018979,0.040000
z_0050_320.000000.png,#bf0d75,2108,3.984877,0.159395,0.040000
z_0050_320.000000.png,#ce24d4,120,0.226843,0.009074,0.040000
z_0051_321.000000.png,#15d445,1389,2.625709,0.105028,0.040000
z_0051_321.000000.png,#3281a8,1234,2.332703,0.093308,0.040000
z_0051_321.000000.png,#4cd4bb,4068,7.689981,0.307599,0.040000
z_0051_321.000000.png,#61d1be,1518,2.869565,0.114783,0.040000
z_0051_321.000000.png,#630024,981,1.854442,0.074178,0.040000
z_0051_321.000000.png,#86bdb0,1044,1.973535,0.078941,0.040000
z_0051_321.000000.png,#a1e06e,1294,2.446125,0.097845,0.040000
z_0051_321.000000.png,#afeda4,176,0.332703,0.013308,0.040000
z_0051_321.000000.png,#b1d415,279,0.527410,0.021096,0.040000
z_0051_321.000000.png,#bf0d75,2138,4.041588,0.161664,0.040000
z_0051_321.000000.png,#ce24d4,128,0.241966,0.009679,0.040000
z_0052_322.000000.png,#15d445,1594,3.013233,0.120529,0.040000
z_0052_322.000000.png,#3281a8,1237,2.338374,0.093535,0.040000
z_0052_322.000000.png,#4cd4bb,4059,7.672968,0.306919,0.040000
z_0052_322.000000.png,#61d1be,1532,2.896030,0.115841,0.040000
z_0052_322.000000.png,#630024,1019,1.926276,0.077051,0.040000
z_0052_322.000000.png,#86bdb0,1027,1.941399,0.077656,0.040000
z_0052_322.000000.png,#a1e06e,1284,2.427221,0.097089,0.040000
z_0052_322.000000.png,#afeda4,148,0.279773,0.011191,0.040000
z_0052_322.000000.png,#b1d415,404,0.763705,0.030548,0.040000
z_0052_322.000000.png,#bf0d75,2152,4.068053,0.162722,0.040000
z_0052_322.000000.png,#ce24d4,136,0.257089,0.010284,0.040000
z_0053_323.000000.png,#15d445,1844,3.485822,0.139433,0.040000
z_0053_323.000000.png,#3281a8,1249,2.361059,0.094442,0.040000
z_0053_323.000000.png,#4cd4bb,4202,7.943289,0.317732,0.040000
z_0053_323.000000.png,#61d1be,1465,2.769376,0.110775,0.040000
z_0053_323.000000.png,#630024,1047,1.979206,0.079168,0.040000
z_0053_323.000000.png,#86bdb0,970,1.833648,0.073346,0.040000
z_0053_323.000000.png,#a1e06e,1175,2.221172,0.088847,0.040000
z_0053_323.000000.png,#afeda4,136,0.257089,0.010284,0.040000
z_0053_323.000000.png,#b1d415,563,1.064272,0.042571,0.040000
z_0053_323.000000.png,#bf0d75,2071,3.914934,0.156597,0.040000
z_0053_323.000000.png,#ce24d4,130,0.245747,0.009830,0.040000
z_0054_324.000000.png,#15d445,2064,3.901701,0.156068,0.040000
z_0054_324.000000.png,#3281a8,1305,2.466919,0.098677,0.040000
z_0054_324.000000.png,#4cd4bb,4341,8.206049,0.328242,0.040000
z_0054_324.000000.png,#61d1be,1470,2.778828,0.111153,0.040000
z_0054_324.000000.png,#630024,1120,2.117202,0.084688,0.040000
z_0054_324.000000.png,#86bdb0,907,1.714556,0.068582,0.040000
z_0054_324.000000.png,#a1e06e,1127,2.130435,0.085217,0.040000
z_0054_324.000000.png,#afeda4,128,0.241966,0.009679,0.040000
z_0054_324.000000.png,#b1d415,632,1.194707,0.047788,0.040000
z_0054_324.000000.png,#bf0d75,1931,3.650284,0.146011,0.040000
z_0054_324.000000.png,#ce24d4,132,0.249527,0.009981,0.040000
z_0055_325.000000.png,#15d445,2336,4.415879,0.176635,0.040000
z_0055_325.000000.png,#3281a8,1429,2.701323,0.108053,0.040000
z_0055_325.000000.png,#4cd4bb,4455,8.421550,0.336862,0.040000
z_0055_325.000000.png,#61d1be,1394,2.635161,0.105406,0.040000
z_0055_325.000000.png,#630024,1151,2.175803,0.087032,0.040000
z_0055_325.000000.png,#86bdb0,872,1.648393,0.065936,0.040000
z_0055_325.000000.png,#a1e06e,1103,2.085066,0.083403,0.040000
z_0055_325.000000.png,#afeda4,141,0.266541,0.010662,0.040000
z_0055_325.000000.png,#b1d415,697,1.317580,0.052703,0.040000
z_0055_325.000000.png,#bf0d75,1701,3.215501,0.128620,0.040000
z_0055_325.000000.png,#ce24d4,161,0.304348,0.012174,0.040000
z_0056_326.000000.png,#15d445,2677,5.060491,0.202420,0.040000
z_0056_326.000000.png,#3281a8,1630,3.081285,0.123251,0.040000
z_0056_326.000000.png,#4cd4bb,4487,8.482042,0.339282,0.040000
z_0056_326.000000.png,#61d1be,1356,2.563327,0.102533,0.040000
z_0056_326.000000.png,#630024,1201,2.270321,0.090813,0.040000
z_0056_326.000000.png,#86bdb0,793,1.499055,0.059962,0.040000
z_0056_326.000000.png,#a1e06e,1066,2.015123,0.080605,0.040000
z_0056_326.000000.png,#afeda4,136,0.257089,0.010284,0.040000
z_0056_326.000000.png,#b1d415,689,1.302457,0.052098,0.040000
z_0056_326.000000.png,#bf0d75,1523,2.879017,0.115161,0.040000
z_0056_326.000000.png,#ce24d4,189,0.357278,0.014291,0.040000
z_0057_327.000000.png,#15d445,3009,5.688091,0.227524,0.040000
z_0057_327.000000.png,#3281a8,1906,3.603025,0.144121,0.040000
z_0057_327.000000.png,#4cd4bb,4500,8.506616,0.340265,0.040000
z_0057_327.000000.png,#61d1be,1294,2.446125,0.097845,0.040000
z_0057_327.000000.png,#630024,1225,2.315690,0.092628,0.040000
z_0057_327.000000.png,#86bdb0,800,1.512287,0.060491,0.040000
z_0057_327.000000.png,#a1e06e,1067,2.017013,0.080681,0.040000
z_0057_327.000000.png,#afeda4,130,0.245747,0.009830,0.040000
z_0057_327.000000.png,#b1d415,699,1.321361,0.052854,0.040000
z_0057_327.000000.png,#bf0d75,1243,2.349716,0.093989,0.040000
z_0057_327.000000.png,#ce24d4,205,0.387524,0.015501,0.040000
z_0058_328.000000.png,#15d445,3339,6.311909,0.252476,0.040000
z_0058_328.000000.png,#3281a8,2119,4.005671,0.160227,0.040000
z_0058_328.000000.png,#4cd4bb,4604,8.703214,0.348129,0.040000
z_0058_328.000000.png,#61d1be,1259,2.379962,0.095198,0.040000
z_0058_328.000000.png,#630024,1280,2.419660,0.096786,0.040000
z_0058_328.000000.png,#86bdb0,761,1.438563,0.057543,0.040000
z_0058_328.000000.png,#a1e06e,1024,1.935728,0.077429,0.040000
z_0058_328.000000.png,#afeda4,101,0.190926,0.007637,0.040000
z_0058_328.000000.png,#b1d415,699,1.321361,0.052854,0.040000
z_0058_328.000000.png,#bf0d75,984,1.860113,0.074405,0.040000
z_0058_328.000000.png,#ce24d4,332,0.627599,0.025104,0.040000
z_0059_329.000000.png,#15d445,3587,6.780718,0.271229,0.040000
z_0059_329.000000.png,#3281a8,2183,4.126654,0.165066,0.040000
z_0059_329.000000.png,#4cd4bb,4653,8.795841,0.351834,0.040000
z_0059_329.000000.png,#61d1be,1204,2.275992,0.091040,0.040000
z_0059_329.000000.png,#630024,1297,2.451796,0.098072,0.040000
z_0059_329.000000.png,#86bdb0,734,1.387524,0.055501,0.040000
z_0059_329.000000.png,#a1e06e,907,1.714556,0.068582,0.040000
z_0059_329.000000.png,#afeda4,104,0.196597,0.007864,0.040000
z_0059_329.000000.png,#b1d415,689,1.302457,0.052098,0.040000
z_0059_329.000000.png,#bf0d75,866,1.637051,0.065482,0.040000
z_0059_329.000000.png,#ce24d4,384,0.725898,0.029036,0.040000
z_0060_330.000000.png,#15d445,3778,7.141777,0.285671,0.040000
z_0060_330.000000.png,#3281a8,2165,4.092628,0.163705,0.040000
z_0060_330.000000.png,#4cd4bb,4782,9.039698,0.361588,0.040000
z_0060_330.000000.png,#61d1be,1163,2.198488,0.087940,0.040000
z_0060_330.000000.png,#630024,1269,2.398866,0.095955,0.040000
z_0060_330.000000.png,#86bdb0,765,1.446125,0.057845,0.040000
z_0060_330.000000.png,#a1e06e,793,1.499055,0.059962,0.040000
z_0060_330.000000.png,#afeda4,90,0.170132,0.006805,0.040000
z_0060_330.000000.png,#b1d415,696,1.315690,0.052628,0.040000
z_0060_330.000000.png,#bf0d75,820,1.550095,0.062004,0.040000
z_0060_330.000000.png,#ce24d4,425,0.803403,0.032136,0.040000
z_0061_331.000000.png,#15d445,4000,7.561437,0.302457,0.040000
z_0061_331.000000.png,#3281a8,2032,3.841210,0.153648,0.040000
z_0061_331.000000.png,#4cd4bb,4970,9.395085,0.375803,0.040000
z_0061_331.000000.png,#61d1be,1166,2.204159,0.088166,0.040000
z_0061_331.000000.png,#630024,1179,2.228733,0.089149,0.040000
z_0061_331.000000.png,#86bdb0,753,1.423440,0.056938,0.040000
z_0061_331.000000.png,#a1e06e,623,1.177694,0.047108,0.040000
z_0061_331.000000.png,#afeda4,92,0.173913,0.006957,0.040000
z_0061_331.000000.png,#b1d415,739,1.396975,0.055879,0.040000
z_0061_331.000000.png,#bf0d75,773,1.461248,0.058450,0.040000
z_0061_331.000000.png,#ce24d4,482,0.911153,0.036446,0.040000
z_0062_332.000000.png,#15d445,4204,7.947070,0.317883,0.040000
z_0062_332.000000.png,#3281a8,1843,3.483932,0.139357,0.040000
z_0062_332.000000.png,#4cd4bb,5035,9.517958,0.380718,0.040000
z_0062_332.000000.png,#61d1be,1140,2.155009,0.086200,0.040000
z_0062_332.000000.png,#630024,1025,1.937618,0.077505,0.040000
z_0062_332.000000.png,#86bdb0,705,1.332703,0.053308,0.040000
z_0062_332.000000.png,#a1e06e,405,0.765595,0.030624,0.040000
z_0062_332.000000.png,#afeda4,97,0.183365,0.007335,0.040000
z_0062_332.000000.png,#b1d415,789,1.491493,0.059660,0.040000
z_0062_332.000000.png,#bf0d75,714,1.349716,0.053989,0.040000
z_0062_332.000000.png,#ce24d4,519,0.981096,0.039244,0.040000
z_0063_333.000000.png,#15d445,4449,8.410208,0.336408,0.040000
z_0063_333.000000.png,#3281a8,1675,3.166352,0.126654,0.040000
z_0063_333.000000.png,#4cd4bb,5094,9.629490,0.385180,0.040000
z_0063_333.000000.png,#61d1be,1069,2.020794,0.080832,0.040000
z_0063_333.000000.png,#630024,957,1.809074,0.072363,0.040000
z_0063_333.000000.png,#86bdb0,675,1.275992,0.051040,0.040000
z_0063_333.000000.png,#a1e06e,279,0.527410,0.021096,0.040000
z_0063_333.000000.png,#afeda4,105,0.198488,0.007940,0.040000
z_0063_333.000000.png,#b1d415,813,1.536862,0.061474,0.040000
z_0063_333.000000.png,#bf0d75,620,1.172023,0.046881,0.040000
z_0063_333.000000.png,#ce24d4,531,1.003781,0.040151,0.040000
z_0064_334.000000.png,#15d445,4456,8.423440,0.336938,0.040000
z_0064_334.000000.png,#3281a8,1667,3.151229,0.126049,0.040000
z_0064_334.000000.png,#4cd4bb,5081,9.604915,0.384197,0.040000
z_0064_334.000000.png,#61d1be,1076,2.034026,0.081361,0.040000
z_0064_334.000000.png,#630024,960,1.814745,0.072590,0.040000
z_0064_334.000000.png,#86bdb0,675,1.275992,0.051040,0.040000
z_0064_334.000000.png,#a1e06e,279,0.527410,0.021096,0.040000
z_0064_334.000000.png,#afeda4,100,0.189036,0.007561,0.040000
z_0064_334.000000.png,#b1d415,813,1.536862,0.061474,0.040000
z_0064_334.000000.png,#bf0d75,625,1.181474,0.047259,0.040000
z_0064_334.000000.png,#ce24d4,529,1.000000,0.040000,0.040000
z_0065_335.000000.png,#15d445,4906,9.274102,0.370964,0.040000
z_0065_335.000000.png,#3281a8,1405,2.655955,0.106238,0.040000
z_0065_335.000000.png,#4cd4bb,4855,9.177694,0.367108,0.040000
z_0065_335.000000.png,#61d1be,917,1.733459,0.069338,0.040000
z_0065_335.000000.png,#630024,864,1.633270,0.065331,0.040000
z_0065_335.000000.png,#86bdb0,709,1.340265,0.053611,0.040000
z_0065_335.000000.png,#a1e06e,290,0.548204,0.021928,0.040000
z_0065_335.000000.png,#afeda4,102,0.192817,0.007713,0.040000
z_0065_335.000000.png,#b1d415,815,1.540643,0.061626,0.040000
z_0065_335.000000.png,#bf0d75,402,0.759924,0.030397,0.040000
z_0065_335.000000.png,#ce24d4,570,1.077505,0.043100,0.040000
z_0066_336.000000.png,#15d445,5300,10.018904,0.400756,0.040000
z_0066_336.000000.png,#3281a8,1506,2.846881,0.113875,0.040000
z_0066_336.000000.png,#4cd4bb,4847,9.162571,0.366503,0.040000
z_0066_336.000000.png,#61d1be,885,1.672968,0.066919,0.040000
z_0066_336.000000.png,#630024,830,1.568998,0.062760,0.040000
z_0066_336.000000.png,#86bdb0,742,1.402647,0.056106,0.040000
z_0066_336.000000.png,#a1e06e,328,0.620038,0.024802,0.040000
z_0066_336.000000.png,#afeda4,131,0.247637,0.009905,0.040000
z_0066_336.000000.png,#b1d415,934,1.765595,0.070624,0.040000
z_0066_336.000000.png,#bf0d75,342,0.646503,0.025860,0.040000
z_0066_336.000000.png,#ce24d4,617,1.166352,0.046654,0.040000
z_0067_337.000000.png,#15d445,5720,10.812854,0.432514,0.040000
z_0067_337.000000.png,#3281a8,1523,2.879017,0.115161,0.040000
z_0067_337.000000.png,#4cd4bb,4863,9.192817,0.367713,0.040000
z_0067_337.000000.png,#61d1be,844,1.595463,0.063819,0.040000
z_0067_337.000000.png,#630024,778,1.470699,0.058828,0.040000
z_0067_337.000000.png,#86bdb0,767,1.449905,0.057996,0.040000
z_0067_337.000000.png,#a1e06e,397,0.750473,0.030019,0.040000
z_0067_337.000000.png,#afeda4,124,0.234405,0.009376,0.040000
z_0067_337.000000.png,#b1d415,1068,2.018904,0.080756,0.040000
z_0067_337.000000.png,#bf0d75,276,0.521739,0.020870,0.040000
z_0067_337.000000.png,#ce24d4,687,1.298677,0.051947,0.040000
z_0068_338.000000.png,#15d445,6046,11.429112,0.457164,0.040000
z_0068_338.000000.png,#3281a8,1547,2.924386,0.116975,0.040000
z_0068_338.000000.png,#4cd4bb,4915,9.291115,0.371645,0.040000
z_0068_338.000000.png,#61d1be,882,1.667297,0.066692,0.040000
z_0068_338.000000.png,#630024,706,1.334594,0.053384,0.040000
z_0068_338.000000.png,#86bdb0,854,1.614367,0.064575,0.040000
z_0068_338.000000.png,#a1e06e,413,0.780718,0.031229,0.040000
z_0068_338.000000.png,#afeda4,114,0.215501,0.008620,0.040000
z_0068_338.000000.png,#b1d415,1170,2.211720,0.088469,0.040000
z_0068_338.000000.png,#bf0d75,258,0.487713,0.019509,0.040000
z_0068_338.000000.png,#ce24d4,798,1.508507,0.060340,0.040000
z_0069_339.000000.png,#15d445,6420,12.136106,0.485444,0.040000
z_0069_339.000000.png,#3281a8,1543,2.916824,0.116673,0.040000
z_0069_339.000000.png,#4cd4bb,4819,9.109641,0.364386,0.040000
z_0069_339.000000.png,#61d1be,882,1.667297,0.066692,0.040000
z_0069_339.000000.png,#630024,521,0.984877,0.039395,0.040000
z_0069_339.000000.png,#86bdb0,957,1.809074,0.072363,0.040000
z_0069_339.000000.png,#a1e06e,409,0.773157,0.030926,0.040000
z_0069_339.000000.png,#afeda4,87,0.164461,0.006578,0.040000
z_0069_339.000000.png,#b1d415,1336,2.525520,0.101021,0.040000
z_0069_339.000000.png,#bf0d75,249,0.470699,0.018828,0.040000
z_0069_339.000000.png,#ce24d4,921,1.741021,0.069641,0.040000
z_0070_340.000000.png,#15d445,6426,12.147448,0.485898,0.040000
z_0070_340.000000.png,#3281a8,1538,2.907372,0.116295,0.040000
z_0070_340.000000.png,#4cd4bb,4824,9.119093,0.364764,0.040000
z_0070_340.000000.png,#61d1be,883,1.669187,0.066767,0.040000
z_0070_340.000000.png,#630024,511,0.965974,0.038639,0.040000
z_0070_340.000000.png,#86bdb0,963,1.820416,0.072817,0.040000
z_0070_340.000000.png,#a1e06e,417,0.788280,0.031531,0.040000
z_0070_340.000000.png,#afeda4,89,0.168242,0.006730,0.040000
z_0070_340.000000.png,#b1d415,1340,2.533081,0.101323,0.040000
z_0070_340.000000.png,#bf0d75,247,0.466919,0.018677,0.040000
z_0070_340.000000.png,#ce24d4,929,1.756144,0.070246,0.040000
z_0071_341.000000.png,#15d445,7346,13.886578,0.555463,0.040000
z_0071_341.000000.png,#3281a8,1360,2.570888,0.102836,0.040000
z_0071_341.000000.png,#4cd4bb,4482,8.472590,0.338904,0.040000
z_0071_341.000000.png,#61d1be,1038,1.962193,0.078488,0.040000
z_0071_341.000000.png,#630024,115,0.217391,0.008696,0.040000
z_0071_341.000000.png,#86bdb0,1357,2.565217,0.102609,0.040000
z_0071_341.000000.png,#a1e06e,464,0.877127,0.035085,0.040000
z_0071_341.000000.png,#afeda4,100,0.189036,0.007561,0.040000
z_0071_341.000000.png,#b1d415,1417,2.678639,0.107146,0.040000
z_0071_341.000000.png,#bf0d75,217,0.410208,0.016408,0.040000
z_0071_341.000000.png,#ce24d4,1092,2.064272,0.082571,0.040000
z_0072_342.000000.png,#15d445,7352,13.897921,0.555917,0.040000
z_0072_342.000000.png,#3281a8,1362,2.574669,0.102987,0.040000
z_0072_342.000000.png,#4cd4bb,4500,8.506616,0.340265,0.040000
z_0072_342.000000.png,#61d1be,1036,1.958412,0.078336,0.040000
z_0072_342.000000.png,#630024,114,0.215501,0.008620,0.040000
z_0072_342.000000.png,#86bdb0,1353,2.557656,0.102306,0.040000
z_0072_342.000000.png,#a1e06e,468,0.884688,0.035388,0.040000
z_0072_342.000000.png,#afeda4,99,0.187146,0.007486,0.040000
z_0072_342.000000.png,#b1d415,1458,2.756144,0.110246,0.040000
z_0072_342.000000.png,#bf0d75,220,0.415879,0.016635,0.040000
z_0072_342.000000.png,#ce24d4,1092,2.064272,0.082571,0.040000
z_0073_343.000000.png,#15d445,4117,7.782609,0.311304,0.040000
z_0073_343.000000.png,#3281a8,1329,2.512287,0.100491,0.040000
z_0073_343.000000.png,#4cd4bb,4190,7.920605,0.316824,0.040000
z_0073_343.000000.png,#61d1be,1110,2.098299,0.083932,0.040000
z_0073_343.000000.png,#630024,116,0.219282,0.008771,0.040000
z_0073_343.000000.png,#86bdb0,1342,2.536862,0.101474,0.040000
z_0073_343.000000.png,#a1e06e,465,0.879017,0.035161,0.040000
z_0073_343.000000.png,#afeda4,98,0.185255,0.007410,0.040000
z_0073_343.000000.png,#b1d415,1629,3.079395,0.123176,0.040000
z_0073_343.000000.png,#bf0d75,214,0.404537,0.016181,0.040000
z_0073_343.000000.png,#ce24d4,1105,2.088847,0.083554,0.040000
z_0074_344.000000.png,#15d445,4125,7.797732,0.311909,0.040000
z_0074_344.000000.png,#3281a8,1325,2.504726,0.100189,0.040000
z_0074_344.000000.png,#4cd4bb,4186,7.913043,0.316522,0.040000
z_0074_344.000000.png,#61d1be,1108,2.094518,0.083781,0.040000
z_0074_344.000000.png,#630024,113,0.213611,0.008544,0.040000
z_0074_344.000000.png,#86bdb0,1343,2.538752,0.101550,0.040000
z_0074_344.000000.png,#a1e06e,467,0.882798,0.035312,0.040000
z_0074_344.000000.png,#afeda4,97,0.183365,0.007335,0.040000
z_0074_344.000000.png,#b1d415,1631,3.083176,0.123327,0.040000
z_0074_344.000000.png,#bf0d75,211,0.398866,0.015955,0.040000
z_0074_344.000000.png,#ce24d4,1110,2.098299,0.083932,0.040000
z_0075_345.000000.png,#15d445,4597,8.689981,0.347599,0.040000
z_0075_345.000000.png,#3281a8,1210,2.287335,0.091493,0.040000
z_0075_345.000000.png,#4cd4bb,3412,6.449905,0.257996,0.040000
z_0075_345.000000.png,#61d1be,1140,2.155009,0.086200,0.040000
z_0075_345.000000.png,#630024,56,0.105860,0.004234,0.040000
z_0075_345.000000.png,#86bdb0,1428,2.699433,0.107977,0.040000
z_0075_345.000000.png,#a1e06e,379,0.716446,0.028658,0.040000
z_0075_345.000000.png,#afeda4,131,0.247637,0.009905,0.040000
z_0075_345.000000.png,#b1d415,3091,5.843100,0.233724,0.040000
z_0075_345.000000.png,#bf0d75,174,0.328922,0.013157,0.040000
z_0075_345.000000.png,#ce24d4,1109,2.096408,0.083856,0.040000
z_0076_346.000000.png,#15d445,5120,9.678639,0.387146,0.040000
z_0076_346.000000.png,#3281a8,1019,1.926276,0.077051,0.040000
z_0076_346.000000.png,#4cd4bb,2932,5.542533,0.221701,0.040000
z_0076_346.000000.png,#61d1be,1110,2.098299,0.083932,0.040000
z_0076_346.000000.png,#630024,247,0.466919,0.018677,0.040000
z_0076_346.000000.png,#86bdb0,1755,3.317580,0.132703,0.040000
z_0076_346.000000.png,#a1e06e,455,0.860113,0.034405,0.040000
z_0076_346.000000.png,#afeda4,152,0.287335,0.011493,0.040000
z_0076_346.000000.png,#b1d415,2707,5.117202,0.204688,0.040000
z_0076_346.000000.png,#bf0d75,154,0.291115,0.011645,0.040000
z_0076_346.000000.png,#ce24d4,1143,2.160681,0.086427,0.040000
z_0077_347.000000.png,#15d445,5114,9.667297,0.386692,0.040000
z_0077_347.000000.png,#3281a8,1020,1.928166,0.077127,0.040000
z_0077_347.000000.png,#4cd4bb,2929,5.536862,0.221474,0.040000
z_0077_347.000000.png,#61d1be,1110,2.098299,0.083932,0.040000
z_0077_347.000000.png,#630024,247,0.466919,0.018677,0.040000
z_0077_347.000000.png,#86bdb0,1752,3.311909,0.132476,0.040000
z_0077_347.000000.png,#a1e06e,450,0.850662,0.034026,0.040000
z_0077_347.000000.png,#afeda4,156,0.294896,0.011796,0.040000
z_0077_347.000000.png,#b1d415,2703,5.109641,0.204386,0.040000
z_0077_347.000000.png,#bf0d75,155,0.293006,0.011720,0.040000
z_0077_347.000000.png,#ce24d4,1134,2.143667,0.085747,0.040000
z_0078_348.000000.png,#15d445,5550,10.491493,0.419660,0.040000
z_0078_348.000000.png,#3281a8,976,1.844991,0.073800,0.040000
z_0078_348.000000.png,#4cd4bb,2702,5.107750,0.204310,0.040000
z_0078_348.000000.png,#61d1be,1100,2.079395,0.083176,0.040000
z_0078_348.000000.png,#630024,312,0.589792,0.023592,0.040000
z_0078_348.000000.png,#86bdb0,1890,3.572779,0.142911,0.040000
z_0078_348.000000.png,#a1e06e,343,0.648393,0.025936,0.040000
z_0078_348.000000.png,#afeda4,165,0.311909,0.012476,0.040000
z_0078_348.000000.png,#b1d415,2408,4.551985,0.182079,0.040000
z_0078_348.000000.png,#bf0d75,142,0.268431,0.010737,0.040000
z_0078_348.000000.png,#ce24d4,1152,2.177694,0.087108,0.040000
z_0079_349.000000.png,#15d445,5847,11.052930,0.442117,0.040000
z_0079_349.000000.png,#3281a8,931,1.759924,0.070397,0.040000
z_0079_349.000000.png,#4cd4bb,2473,4.674858,0.186994,0.040000
z_0079_349.000000.png,#61d1be,1125,2.126654,0.085066,0.040000
z_0079_349.000000.png,#630024,419,0.792060,0.031682,0.040000
z_0079_349.000000.png,#86bdb0,1873,3.540643,0.141626,0.040000
z_0079_349.000000.png,#a1e06e,334,0.631380,0.025255,0.040000
z_0079_349.000000.png,#afeda4,171,0.323251,0.012930,0.040000
z_0079_349.000000.png,#b1d415,2379,4.497164,0.179887,0.040000
z_0079_349.000000.png,#bf0d75,120,0.226843,0.009074,0.040000
z_0079_349.000000.png,#ce24d4,1174,2.219282,0.088771,0.040000
z_0080_350.000000.png,#15d445,3022,5.712665,0.228507,0.040000
z_0080_350.000000.png,#3281a8,898,1.697543,0.067902,0.040000
z_0080_350.000000.png,#4cd4bb,2262,4.275992,0.171040,0.040000
z_0080_350.000000.png,#61d1be,1149,2.172023,0.086881,0.040000
z_0080_350.000000.png,#630024,546,1.032136,0.041285,0.040000
z_0080_350.000000.png,#86bdb0,1835,3.468809,0.138752,0.040000
z_0080_350.000000.png,#a1e06e,314,0.593573,0.023743,0.040000
z_0080_350.000000.png,#afeda4,187,0.353497,0.014140,0.040000
z_0080_350.000000.png,#b1d415,2250,4.253308,0.170132,0.040000
z_0080_350.000000.png,#bf0d75,110,0.207940,0.008318,0.040000
z_0080_350.000000.png,#ce24d4,1189,2.247637,0.089905,0.040000
z_0081_351.000000.png,#15d445,3135,5.926276,0.237051,0.040000
z_0081_351.000000.png,#3281a8,923,1.744802,0.069792,0.040000
z_0081_351.000000.png,#4cd4bb,2056,3.886578,0.155463,0.040000
z_0081_351.000000.png,#61d1be,1143,2.160681,0.086427,0.040000
z_0081_351.000000.png,#630024,238,0.449905,0.017996,0.040000
z_0081_351.000000.png,#86bdb0,1759,3.325142,0.133006,0.040000
z_0081_351.000000.png,#a1e06e,308,0.582231,0.023289,0.040000
z_0081_351.000000.png,#afeda4,173,0.327032,0.013081,0.040000
z_0081_351.000000.png,#b1d415,2134,4.034026,0.161361,0.040000
z_0081_351.000000.png,#bf0d75,99,0.187146,0.007486,0.040000
z_0081_351.000000.png,#ce24d4,1227,2.319471,0.092779,0.040000
z_0082_352.000000.png,#15d445,3295,6.228733,0.249149,0.040000
z_0082_352.000000.png,#3281a8,894,1.689981,0.067599,0.040000
z_0082_352.000000.png,#4cd4bb,1922,3.633270,0.145331,0.040000
z_0082_352.000000.png,#61d1be,1120,2.117202,0.084688,0.040000
z_0082_352.000000.png,#630024,51,0.096408,0.003856,0.040000
z_0082_352.000000.png,#86bdb0,1687,3.189036,0.127561,0.040000
z_0082_352.000000.png,#a1e06e,269,0.508507,0.020340,0.040000
z_0082_352.000000.png,#afeda4,183,0.345936,0.013837,0.040000
z_0082_352.000000.png,#b1d415,2085,3.941399,0.157656,0.040000
z_0082_352.000000.png,#bf0d75,105,0.198488,0.007940,0.040000
z_0082_352.000000.png,#ce24d4,1300,2.457467,0.098299,0.040000
z_0083_353.000000.png,#15d445,3176,6.003781,0.240151,0.040000
z_0083_353.000000.png,#3281a8,988,1.867675,0.074707,0.040000
z_0083_353.000000.png,#4cd4bb,1872,3.538752,0.141550,0.040000
z_0083_353.000000.png,#61d1be,1098,2.075614,0.083025,0.040000
z_0083_353.000000.png,#630024,1473,2.784499,0.111380,0.040000
z_0083_353.000000.png,#86bdb0,1752,3.311909,0.132476,0.040000
z_0083_353.000000.png,#a1e06e,210,0.396975,0.015879,0.040000
z_0083_353.000000.png,#afeda4,184,0.347826,0.013913,0.040000
z_0083_353.000000.png,#b1d415,2066,3.905482,0.156219,0.040000
z_0083_353.000000.png,#bf0d75,108,0.204159,0.008166,0.040000
z_0083_353.000000.png,#ce24d4,1391,2.629490,0.105180,0.040000
z_0084_354.000000.png,#15d445,3309,6.255198,0.250208,0.040000
z_0084_354.000000.png,#3281a8,1100,2.079395,0.083176,0.040000
z_0084_354.000000.png,#4cd4bb,1788,3.379962,0.135198,0.040000
z_0084_354.000000.png,#61d1be,1085,2.051040,0.082042,0.040000
z_0084_354.000000.png,#630024,1469,2.776938,0.111078,0.040000
z_0084_354.000000.png,#86bdb0,1794,3.391304,0.135652,0.040000
z_0084_354.000000.png,#a1e06e,210,0.396975,0.015879,0.040000
z_0084_354.000000.png,#afeda4,181,0.342155,0.013686,0.040000
z_0084_354.000000.png,#b1d415,2136,4.037807,0.161512,0.040000
z_0084_354.000000.png,#bf0d75,111,0.209830,0.008393,0.040000
z_0084_354.000000.png,#ce24d4,1435,2.712665,0.108507,0.040000
z_0085_355.000000.png,#15d445,3331,6.296786,0.251871,0.040000
z_0085_355.000000.png,#3281a8,1245,2.353497,0.094140,0.040000
z_0085_355.000000.png,#4cd4bb,1726,3.262760,0.130510,0.040000
z_0085_355.000000.png,#61d1be,1065,2.013233,0.080529,0.040000
z_0085_355.000000.png,#630024,1377,2.603025,0.104121,0.040000
z_0085_355.000000.png,#86bdb0,1764,3.334594,0.133384,0.040000
z_0085_355.000000.png,#a1e06e,204,0.385633,0.015425,0.040000
z_0085_355.000000.png,#afeda4,179,0.338374,0.013535,0.040000
z_0085_355.000000.png,#b1d415,2053,3.880907,0.155236,0.040000
z_0085_355.000000.png,#bf0d75,107,0.202268,0.008091,0.040000
z_0085_355.000000.png,#ce24d4,1435,2.712665,0.108507,0.040000
z_0086_356.000000.png,#15d445,3399,6.425331,0.257013,0.040000
z_0086_356.000000.png,#3281a8,1425,2.693762,0.107750,0.040000
z_0086_356.000000.png,#4cd4bb,1508,2.850662,0.114026,0.040000
z_0086_356.000000.png,#61d1be,1012,1.913043,0.076522,0.040000
z_0086_356.000000.png,#630024,1343,2.538752,0.101550,0.040000
z_0086_356.000000.png,#86bdb0,1707,3.226843,0.129074,0.040000
z_0086_356.000000.png,#a1e06e,188,0.355388,0.014216,0.040000
z_0086_356.000000.png,#afeda4,178,0.336484,0.013459,0.040000
z_0086_356.000000.png,#b1d415,2027,3.831758,0.153270,0.040000
z_0086_356.000000.png,#bf0d75,95,0.179584,0.007183,0.040000
z_0086_356.000000.png,#ce24d4,1455,2.750473,0.110019,0.040000
z_0087_357.000000.png,#15d445,3495,6.606805,0.264272,0.040000
z_0087_357.000000.png,#3281a8,1600,3.024575,0.120983,0.040000
z_0087_357.000000.png,#4cd4bb,1269,2.398866,0.095955,0.040000
z_0087_357.000000.png,#61d1be,941,1.778828,0.071153,0.040000
z_0087_357.000000.png,#630024,1282,2.423440,0.096938,0.040000
z_0087_357.000000.png,#86bdb0,1474,2.786389,0.111456,0.040000
z_0087_357.000000.png,#a1e06e,159,0.300567,0.012023,0.040000
z_0087_357.000000.png,#afeda4,174,0.328922,0.013157,0.040000
z_0087_357.000000.png,#b1d415,2066,3.905482,0.156219,0.040000
z_0087_357.000000.png,#bf0d75,90,0.170132,0.006805,0.040000
z_0087_357.000000.png,#ce24d4,1484,2.805293,0.112212,0.040000
z_0088_358.000000.png,#15d445,3581,6.769376,0.270775,0.040000
z_0088_358.000000.png,#3281a8,1740,3.289225,0.131569,0.040000
z_0088_358.000000.png,#4cd4bb,1114,2.105860,0.084234,0.040000
z_0088_358.000000.png,#61d1be,898,1.697543,0.067902,0.040000
z_0088_358.000000.png,#630024,1206,2.279773,0.091191,0.040000
z_0088_358.000000.png,#86bdb0,1309,2.474480,0.098979,0.040000
z_0088_358.000000.png,#a1e06e,138,0.260870,0.010435,0.040000
z_0088_358.000000.png,#afeda4,156,0.294896,0.011796,0.040000
z_0088_358.000000.png,#b1d415,2081,3.933837,0.157353,0.040000
z_0088_358.000000.png,#bf0d75,82,0.155009,0.006200,0.040000
z_0088_358.000000.png,#ce24d4,1471,2.780718,0.111229,0.040000
z_0089_359.000000.png,#15d445,3297,6.232514,0.249301,0.040000
z_0089_359.000000.png,#3281a8,1818,3.436673,0.137467,0.040000
z_0089_359.000000.png,#4cd4bb,947,1.790170,0.071607,0.040000
z_0089_359.000000.png,#61d1be,861,1.627599,0.065104,0.040000
z_0089_359.000000.png,#630024,1142,2.158790,0.086352,0.040000
z_0089_359.000000.png,#86bdb0,1184,2.238185,0.089527,0.040000
z_0089_359.000000.png,#a1e06e,156,0.294896,0.011796,0.040000
z_0089_359.000000.png,#afeda4,132,0.249527,0.009981,0.040000
z_0089_359.000000.png,#b1d415,2009,3.797732,0.151909,0.040000
z_0089_359.000000.png,#bf0d75,71,0.134216,0.005369,0.040000
z_0089_359.000000.png,#ce24d4,1471,2.780718,0.111229,0.040000
z_0090_360.000000.png,#15d445,3231,6.107750,0.244310,0.040000
z_0090_360.000000.png,#3281a8,1906,3.603025,0.144121,0.040000
z_0090_360.000000.png,#4cd4bb,822,1.553875,0.062155,0.040000
z_0090_360.000000.png,#61d1be,800,1.512287,0.060491,0.040000
z_0090_360.000000.png,#630024,1068,2.018904,0.080756,0.040000
z_0090_360.000000.png,#86bdb0,1149,2.172023,0.086881,0.040000
z_0090_360.000000.png,#a1e06e,288,0.544423,0.021777,0.040000
z_0090_360.000000.png,#afeda4,123,0.232514,0.009301,0.040000
z_0090_360.000000.png,#b1d415,1952,3.689981,0.147599,0.040000
z_0090_360.000000.png,#bf0d75,58,0.109641,0.004386,0.040000
z_0090_360.000000.png,#ce24d4,1433,2.708885,0.108355,0.040000
z_0091_361.000000.png,#15d445,3291,6.221172,0.248847,0.040000
z_0091_361.000000.png,#3281a8,2048,3.871456,0.154858,0.040000
z_0091_361.000000.png,#4cd4bb,765,1.446125,0.057845,0.040000
z_0091_361.000000.png,#61d1be,752,1.421550,0.056862,0.040000
z_0091_361.000000.png,#630024,972,1.837429,0.073497,0.040000
z_0091_361.000000.png,#86bdb0,1119,2.115312,0.084612,0.040000
z_0091_361.000000.png,#a1e06e,393,0.742911,0.029716,0.040000
z_0091_361.000000.png,#afeda4,129,0.243856,0.009754,0.040000
z_0091_361.000000.png,#b1d415,1936,3.659735,0.146389,0.040000
z_0091_361.000000.png,#bf0d75,50,0.094518,0.003781,0.040000
z_0091_361.000000.png,#ce24d4,1482,2.801512,0.112060,0.040000
z_0092_362.000000.png,#15d445,3385,6.398866,0.255955,0.040000
z_0092_362.000000.png,#3281a8,2182,4.124764,0.164991,0.040000
z_0092_362.000000.png,#4cd4bb,764,1.444234,0.057769,0.040000
z_0092_362.000000.png,#61d1be,669,1.264650,0.050586,0.040000
z_0092_362.000000.png,#630024,913,1.725898,0.069036,0.040000
z_0092_362.000000.png,#86bdb0,1068,2.018904,0.080756,0.040000
z_0092_362.000000.png,#a1e06e,453,0.856333,0.034253,0.040000
z_0092_362.000000.png,#afeda4,127,0.240076,0.009603,0.040000
z_0092_362.000000.png,#b1d415,1880,3.553875,0.142155,0.040000
z_0092_362.000000.png,#bf0d75,39,0.073724,0.002949,0.040000
z_0092_362.000000.png,#ce24d4,1504,2.843100,0.113724,0.040000
z_0093_363.000000.png,#15d445,3514,6.642722,0.265709,0.040000
z_0093_363.000000.png,#3281a8,2335,4.413989,0.176560,0.040000
z_0093_363.000000.png,#4cd4bb,776,1.466919,0.058677,0.040000
z_0093_363.000000.png,#61d1be,627,1.185255,0.047410,0.040000
z_0093_363.000000.png,#630024,815,1.540643,0.061626,0.040000
z_0093_363.000000.png,#86bdb0,1056,1.996219,0.079849,0.040000
z_0093_363.000000.png,#a1e06e,493,0.931947,0.037278,0.040000
z_0093_363.000000.png,#afeda4,186,0.351607,0.014064,0.040000
z_0093_363.000000.png,#b1d415,1800,3.402647,0.136106,0.040000
z_0093_363.000000.png,#bf0d75,35,0.066163,0.002647,0.040000
z_0093_363.000000.png,#ce24d4,1514,2.862004,0.114480,0.040000
z_0094_364.000000.png,#15d445,8459,15.990548,0.639622,0.040000
z_0094_364.000000.png,#3281a8,2380,4.499055,0.179962,0.040000
z_0094_364.000000.png,#4cd4bb,830,1.568998,0.062760,0.040000
z_0094_364.000000.png,#61d1be,515,0.973535,0.038941,0.040000
z_0094_364.000000.png,#630024,676,1.277883,0.051115,0.040000
z_0094_364.000000.png,#86bdb0,863,1.631380,0.065255,0.040000
z_0094_364.000000.png,#a1e06e,543,1.026465,0.041059,0.040000
z_0094_364.000000.png,#afeda4,194,0.366730,0.014669,0.040000
z_0094_364.000000.png,#b1d415,1731,3.272212,0.130888,0.040000
z_0094_364.000000.png,#bf0d75,20,0.037807,0.001512,0.040000
z_0094_364.000000.png,#ce24d4,1460,2.759924,0.110397,0.040000
z_0095_365.000000.png,#15d445,8415,15.907372,0.636295,0.040000
z_0095_365.000000.png,#3281a8,2393,4.523629,0.180945,0.040000
z_0095_365.000000.png,#4cd4bb,833,1.574669,0.062987,0.040000
z_0095_365.000000.png,#61d1be,416,0.786389,0.031456,0.040000
z_0095_365.000000.png,#630024,562,1.062382,0.042495,0.040000
z_0095_365.000000.png,#86bdb0,675,1.275992,0.051040,0.040000
z_0095_365.000000.png,#a1e06e,587,1.109641,0.044386,0.040000
z_0095_365.000000.png,#afeda4,210,0.396975,0.015879,0.040000
z_0095_365.000000.png,#b1d415,1645,3.109641,0.124386,0.040000
z_0095_365.000000.png,#bf0d75,27,0.051040,0.002042,0.040000
z_0095_365.000000.png,#ce24d4,1421,2.686200,0.107448,0.040000
z_0096_366.000000.png,#15d445,8421,15.918715,0.636749,0.040000
z_0096_366.000000.png,#3281a8,2392,4.521739,0.180870,0.040000
z_0096_366.000000.png,#4cd4bb,826,1.561437,0.062457,0.040000
z_0096_366.000000.png,#61d1be,413,0.780718,0.031229,0.040000
z_0096_366.000000.png,#630024,561,1.060491,0.042420,0.040000
z_0096_366.000000.png,#86bdb0,683,1.291115,0.051645,0.040000
z_0096_366.000000.png,#a1e06e,592,1.119093,0.044764,0.040000
z_0096_366.000000.png,#afeda4,208,0.393195,0.015728,0.040000
z_0096_366.000000.png,#b1d415,1642,3.103970,0.124159,0.040000
z_0096_366.000000.png,#bf0d75,28,0.052930,0.002117,0.040000
z_0096_366.000000.png,#ce24d4,1421,2.686200,0.107448,0.040000
z_0097_367.000000.png,#15d445,8432,15.939509,0.637580,0.040000
z_0097_367.000000.png,#3281a8,2570,4.858223,0.194329,0.040000
z_0097_367.000000.png,#4cd4bb,802,1.516068,0.060643,0.040000
z_0097_367.000000.png,#61d1be,454,0.858223,0.034329,0.040000
z_0097_367.000000.png,#630024,476,0.899811,0.035992,0.040000
z_0097_367.000000.png,#86bdb0,646,1.221172,0.048847,0.040000
z_0097_367.000000.png,#a1e06e,610,1.153119,0.046125,0.040000
z_0097_367.000000.png,#afeda4,197,0.372401,0.014896,0.040000
z_0097_367.000000.png,#b1d415,1546,2.922495,0.116900,0.040000
z_0097_367.000000.png,#bf0d75,21,0.039698,0.001588,0.040000
z_0097_367.000000.png,#ce24d4,1127,2.130435,0.085217,0.040000
z_0098_368.000000.png,#15d445,8262,15.618147,0.624726,0.040000
z_0098_368.000000.png,#3281a8,2641,4.992439,0.199698,0.040000
z_0098_368.000000.png,#4cd4bb,827,1.563327,0.062533,0.040000
z_0098_368.000000.png,#61d1be,457,0.863894,0.034556,0.040000
z_0098_368.000000.png,#630024,422,0.797732,0.031909,0.040000
z_0098_368.000000.png,#86bdb0,647,1.223062,0.048922,0.040000
z_0098_368.000000.png,#a1e06e,594,1.122873,0.044915,0.040000
z_0098_368.000000.png,#afeda4,168,0.317580,0.012703,0.040000
z_0098_368.000000.png,#b1d415,1386,2.620038,0.104802,0.040000
z_0098_368.000000.png,#bf0d75,24,0.045369,0.001815,0.040000
z_0098_368.000000.png,#ce24d4,1078,2.037807,0.081512,0.040000
z_0099_369.000000.png,#15d445,7896,14.926276,0.597051,0.040000
z_0099_369.000000.png,#3281a8,2626,4.964083,0.198563,0.040000
z_0099_369.000000.png,#4cd4bb,837,1.582231,0.063289,0.040000
z_0099_369.000000.png,#61d1be,460,0.869565,0.034783,0.040000
z_0099_369.000000.png,#630024,409,0.773157,0.030926,0.040000
z_0099_369.000000.png,#86bdb0,606,1.145558,0.045822,0.040000
z_0099_369.000000.png,#a1e06e,542,1.024575,0.040983,0.040000
z_0099_369.000000.png,#afeda4,139,0.262760,0.010510,0.040000
z_0099_369.000000.png,#b1d415,1253,2.368620,0.094745,0.040000
z_0099_369.000000.png,#bf0d75,25,0.047259,0.001890,0.040000
z_0099_369.000000.png,#ce24d4,941,1.778828,0.071153,0.040000
z_0100_370.000000.png,#15d445,7625,14.413989,0.576560,0.040000
z_0100_370.000000.png,#3281a8,2645,5.000000,0.200000,0.040000
z_0100_370.000000.png,#4cd4bb,941,1.778828,0.071153,0.040000
z_0100_370.000000.png,#61d1be,452,0.854442,0.034178,0.040000
z_0100_370.000000.png,#630024,382,0.722117,0.028885,0.040000
z_0100_370.000000.png,#86bdb0,541,1.022684,0.040907,0.040000
z_0100_370.000000.png,#a1e06e,491,0.928166,0.037127,0.040000
z_0100_370.000000.png,#afeda4,148,0.279773,0.011191,0.040000
z_0100_370.000000.png,#b1d415,1129,2.134216,0.085369,0.040000
z_0100_370.000000.png,#bf0d75,26,0.049149,0.001966,0.040000
z_0100_370.000000.png,#ce24d4,835,1.578450,0.063138,0.040000
z_0101_371.000000.png,#15d445,7582,14.332703,0.573308,0.040000
z_0101_371.000000.png,#3281a8,2586,4.888469,0.195539,0.040000
z_0101_371.000000.png,#4cd4bb,945,1.786389,0.071456,0.040000
z_0101_371.000000.png,#61d1be,442,0.835539,0.033422,0.040000
z_0101_371.000000.png,#630024,372,0.703214,0.028129,0.040000
z_0101_371.000000.png,#86bdb0,474,0.896030,0.035841,0.040000
z_0101_371.000000.png,#a1e06e,425,0.803403,0.032136,0.040000
z_0101_371.000000.png,#afeda4,208,0.393195,0.015728,0.040000
z_0101_371.000000.png,#b1d415,1063,2.009452,0.080378,0.040000
z_0101_371.000000.png,#bf0d75,25,0.047259,0.001890,0.040000
z_0101_371.000000.png,#ce24d4,716,1.353497,0.054140,0.040000
z_0102_372.000000.png,#15d445,6993,13.219282,0.528771,0.040000
z_0102_372.000000.png,#3281a8,2123,4.013233,0.160529,0.040000
z_0102_372.000000.png,#4cd4bb,894,1.689981,0.067599,0.040000
z_0102_372.000000.png,#61d1be,438,0.827977,0.033119,0.040000
z_0102_372.000000.png,#630024,329,0.621928,0.024877,0.040000
z_0102_372.000000.png,#86bdb0,342,0.646503,0.025860,0.040000
z_0102_372.000000.png,#a1e06e,122,0.230624,0.009225,0.040000
z_0102_372.000000.png,#afeda4,299,0.565217,0.022609,0.040000
z_0102_372.000000.png,#b1d415,980,1.852552,0.074102,0.040000
z_0102_372.000000.png,#bf0d75,24,0.045369,0.001815,0.040000
z_0102_372.000000.png,#ce24d4,429,0.810964,0.032439,0.040000
z_0103_373.000000.png,#15d445,6993,13.219282,0.528771,0.040000
z_0103_373.000000.png,#3281a8,2123,4.013233,0.160529,0.040000
z_0103_373.000000.png,#4cd4bb,894,1.689981,0.067599,0.040000
z_0103_373.000000.png,#61d1be,438,0.827977,0.033119,0.040000
z_0103_373.000000.png,#630024,329,0.621928,0.024877,0.040000
z_0103_373.000000.png,#86bdb0,342,0.646503,0.025860,0.040000
z_0103_373.000000.png,#a1e06e,122,0.230624,0.009225,0.040000
z_0103_373.000000.png,#afeda4,299,0.565217,0.022609,0.040000
z_0103_373.000000.png,#b1d415,980,1.852552,0.074102,0.040000
z_0103_373.000000.png,#bf0d75,24,0.045369,0.001815,0.040000
z_0103_373.000000.png,#ce24d4,429,0.810964,0.032439,0.040000
z_0104_374.000000.png,#15d445,6398,12.094518,0.483781,0.040000
z_0104_374.000000.png,#3281a8,1820,3.440454,0.137618,0.040000
z_0104_374.000000.png,#4cd4bb,778,1.470699,0.058828,0.040000
z_0104_374.000000.png,#61d1be,437,0.826087,0.033043,0.040000
z_0104_374.000000.png,#630024,302,0.570888,0.022836,0.040000
z_0104_374.000000.png,#86bdb0,365,0.689981,0.027599,0.040000
z_0104_374.000000.png,#a1e06e,74,0.139887,0.005595,0.040000
z_0104_374.000000.png,#afeda4,356,0.672968,0.026919,0.040000
z_0104_374.000000.png,#b1d415,1064,2.011342,0.080454,0.040000
z_0104_374.000000.png,#bf0d75,17,0.032136,0.001285,0.040000
z_0104_374.000000.png,#ce24d4,291,0.550095,0.022004,0.040000
z_0105_375.000000.png,#15d445,5571,10.531191,0.421248,0.040000
z_0105_375.000000.png,#3281a8,1603,3.030246,0.121210,0.040000
z_0105_375.000000.png,#4cd4bb,716,1.353497,0.054140,0.040000
z_0105_375.000000.png,#61d1be,428,0.809074,0.032363,0.040000
z_0105_375.000000.png,#630024,264,0.499055,0.019962,0.040000
z_0105_375.000000.png,#86bdb0,352,0.665406,0.026616,0.040000
z_0105_375.000000.png,#a1e06e,75,0.141777,0.005671,0.040000
z_0105_375.000000.png,#afeda4,502,0.948960,0.037958,0.040000
z_0105_375.000000.png,#b1d415,1096,2.071834,0.082873,0.040000
z_0105_375.000000.png,#bf0d75,19,0.035917,0.001437,0.040000
z_0105_375.000000.png,#ce24d4,216,0.408318,0.016333,0.040000
z_0106_376.000000.png,#15d445,5007,9.465028,0.378601,0.040000
z_0106_376.000000.png,#3281a8,1420,2.684310,0.107372,0.040000
z_0106_376.000000.png,#4cd4bb,688,1.300567,0.052023,0.040000
z_0106_376.000000.png,#61d1be,425,0.803403,0.032136,0.040000
z_0106_376.000000.png,#630024,235,0.444234,0.017769,0.040000
z_0106_376.000000.png,#86bdb0,333,0.629490,0.025180,0.040000
z_0106_376.000000.png,#a1e06e,70,0.132325,0.005293,0.040000
z_0106_376.000000.png,#afeda4,687,1.298677,0.051947,0.040000
z_0106_376.000000.png,#b1d415,1183,2.236295,0.089452,0.040000
z_0106_376.000000.png,#bf0d75,24,0.045369,0.001815,0.040000
z_0106_376.000000.png,#ce24d4,121,0.228733,0.009149,0.040000
z_0107_377.000000.png,#15d445,4431,8.376181,0.335047,0.040000
z_0107_377.000000.png,#3281a8,1231,2.327032,0.093081,0.040000
z_0107_377.000000.png,#4cd4bb,585,1.105860,0.044234,0.040000
z_0107_377.000000.png,#61d1be,423,0.799622,0.031985,0.040000
z_0107_377.000000.png,#630024,220,0.415879,0.016635,0.040000
z_0107_377.000000.png,#86bdb0,317,0.599244,0.023970,0.040000
z_0107_377.000000.png,#a1e06e,60,0.113422,0.004537,0.040000
z_0107_377.000000.png,#afeda4,612,1.156900,0.046276,0.040000
z_0107_377.000000.png,#b1d415,1287,2.432892,0.097316,0.040000
z_0107_377.000000.png,#bf0d75,31,0.058601,0.002344,0.040000
z_0107_377.000000.png,#ce24d4,69,0.130435,0.005217,0.040000
z_0108_378.000000.png,#15d445,3826,7.232514,0.289301,0.040000
z_0108_378.000000.png,#3281a8,1122,2.120983,0.084839,0.040000
z_0108_378.000000.png,#4cd4bb,485,0.916824,0.036673,0.040000
z_0108_378.000000.png,#61d1be,414,0.782609,0.031304,0.040000
z_0108_378.000000.png,#630024,219,0.413989,0.016560,0.040000
z_0108_378.000000.png,#86bdb0,319,0.603025,0.024121,0.040000
z_0108_378.000000.png,#a1e06e,63,0.119093,0.004764,0.040000
z_0108_378.000000.png,#afeda4,642,1.213611,0.048544,0.040000
z_0108_378.000000.png,#b1d415,1425,2.693762,0.107750,0.040000
z_0108_378.000000.png,#bf0d75,39,0.073724,0.002949,0.040000
z_0108_378.000000.png,#ce24d4,50,0.094518,0.003781,0.040000
z_0109_379.000000.png,#15d445,3270,6.181474,0.247259,0.040000
z_0109_379.000000.png,#3281a8,983,1.858223,0.074329,0.040000
z_0109_379.000000.png,#4cd4bb,469,0.886578,0.035463,0.040000
z_0109_379.000000.png,#61d1be,405,0.765595,0.030624,0.040000
z_0109_379.000000.png,#630024,211,0.398866,0.015955,0.040000
z_0109_379.000000.png,#86bdb0,407,0.769376,0.030775,0.040000
z_0109_379.000000.png,#a1e06e,67,0.126654,0.005066,0.040000
z_0109_379.000000.png,#afeda4,714,1.349716,0.053989,0.040000
z_0109_379.000000.png,#b1d415,1466,2.771267,0.110851,0.040000
z_0109_379.000000.png,#bf0d75,47,0.088847,0.003554,0.040000
z_0109_379.000000.png,#ce24d4,53,0.100189,0.004008,0.040000
z_0110_380.000000.png,#15d445,2975,5.623819,0.224953,0.040000
z_0110_380.000000.png,#3281a8,930,1.758034,0.070321,0.040000
z_0110_380.000000.png,#4cd4bb,483,0.913043,0.036522,0.040000
z_0110_380.000000.png,#61d1be,399,0.754253,0.030170,0.040000
z_0110_380.000000.png,#630024,232,0.438563,0.017543,0.040000
z_0110_380.000000.png,#86bdb0,442,0.835539,0.033422,0.040000
z_0110_380.000000.png,#a1e06e,65,0.122873,0.004915,0.040000
z_0110_380.000000.png,#afeda4,730,1.379962,0.055198,0.040000
z_0110_380.000000.png,#b1d415,1445,2.731569,0.109263,0.040000
z_0110_380.000000.png,#bf0d75,55,0.103970,0.004159,0.040000
z_0110_380.000000.png,#ce24d4,70,0.132325,0.005293,0.040000
z_0111_381.000000.png,#15d445,2812,5.315690,0.212628,0.040000
z_0111_381.000000.png,#3281a8,855,1.616257,0.064650,0.040000
z_0111_381.000000.png,#4cd4bb,468,0.884688,0.035388,0.040000
z_0111_381.000000.png,#61d1be,392,0.741021,0.029641,0.040000
z_0111_381.000000.png,#630024,239,0.451796,0.018072,0.040000
z_0111_381.000000.png,#86bdb0,462,0.873346,0.034934,0.040000
z_0111_381.000000.png,#a1e06e,70,0.132325,0.005293,0.040000
z_0111_381.000000.png,#afeda4,727,1.374291,0.054972,0.040000
z_0111_381.000000.png,#b1d415,1337,2.527410,0.101096,0.040000
z_0111_381.000000.png,#bf0d75,61,0.115312,0.004612,0.040000
z_0111_381.000000.png,#ce24d4,109,0.206049,0.008242,0.040000
z_0112_382.000000.png,#15d445,2624,4.960302,0.198412,0.040000
z_0112_382.000000.png,#3281a8,784,1.482042,0.059282,0.040000
z_0112_382.000000.png,#4cd4bb,487,0.920605,0.036824,0.040000
z_0112_382.000000.png,#61d1be,388,0.733459,0.029338,0.040000
z_0112_382.000000.png,#630024,243,0.459357,0.018374,0.040000
z_0112_382.000000.png,#86bdb0,487,0.920605,0.036824,0.040000
z_0112_382.000000.png,#a1e06e,72,0.136106,0.005444,0.040000
z_0112_382.000000.png,#afeda4,720,1.361059,0.054442,0.040000
z_0112_382.000000.png,#b1d415,1220,2.306238,0.092250,0.040000
z_0112_382.000000.png,#bf0d75,54,0.102079,0.004083,0.040000
z_0112_382.000000.png,#ce24d4,189,0.357278,0.014291,0.040000
z_0113_383.000000.png,#15d445,2494,4.714556,0.188582,0.040000
z_0113_383.000000.png,#3281a8,747,1.412098,0.056484,0.040000
z_0113_383.000000.png,#4cd4bb,555,1.049149,0.041966,0.040000
z_0113_383.000000.png,#61d1be,384,0.725898,0.029036,0.040000
z_0113_383.000000.png,#630024,236,0.446125,0.017845,0.040000
z_0113_383.000000.png,#86bdb0,544,1.028355,0.041134,0.040000
z_0113_383.000000.png,#a1e06e,75,0.141777,0.005671,0.040000
z_0113_383.000000.png,#afeda4,694,1.311909,0.052476,0.040000
z_0113_383.000000.png,#b1d415,1033,1.952741,0.078110,0.040000
z_0113_383.000000.png,#bf0d75,51,0.096408,0.003856,0.040000
z_0113_383.000000.png,#ce24d4,264,0.499055,0.019962,0.040000
z_0114_384.000000.png,#15d445,2618,4.948960,0.197958,0.040000
z_0114_384.000000.png,#3281a8,688,1.300567,0.052023,0.040000
z_0114_384.000000.png,#4cd4bb,586,1.107750,0.044310,0.040000
z_0114_384.000000.png,#61d1be,381,0.720227,0.028809,0.040000
z_0114_384.000000.png,#630024,241,0.455577,0.018223,0.040000
z_0114_384.000000.png,#86bdb0,567,1.071834,0.042873,0.040000
z_0114_384.000000.png,#a1e06e,81,0.153119,0.006125,0.040000
z_0114_384.000000.png,#afeda4,1109,2.096408,0.083856,0.040000
z_0114_384.000000.png,#b1d415,951,1.797732,0.071909,0.040000
z_0114_384.000000.png,#bf0d75,65,0.122873,0.004915,0.040000
z_0114_384.000000.png,#ce24d4,341,0.644612,0.025784,0.040000
z_0115_385.000000.png,#15d445,2515,4.754253,0.190170,0.040000
z_0115_385.000000.png,#3281a8,642,1.213611,0.048544,0.040000
z_0115_385.000000.png,#4cd4bb,586,1.107750,0.044310,0.040000
z_0115_385.000000.png,#61d1be,371,0.701323,0.028053,0.040000
z_0115_385.000000.png,#630024,234,0.442344,0.017694,0.040000
z_0115_385.000000.png,#86bdb0,574,1.085066,0.043403,0.040000
z_0115_385.000000.png,#a1e06e,84,0.158790,0.006352,0.040000
z_0115_385.000000.png,#afeda4,1099,2.077505,0.083100,0.040000
z_0115_385.000000.png,#b1d415,824,1.557656,0.062306,0.040000
z_0115_385.000000.png,#bf0d75,73,0.137996,0.005520,0.040000
z_0115_385.000000.png,#ce24d4,420,0.793951,0.031758,0.040000
z_0116_386.000000.png,#15d445,1876,3.546314,0.141853,0.040000
z_0116_386.000000.png,#3281a8,614,1.160681,0.046427,0.040000
z_0116_386.000000.png,#4cd4bb,612,1.156900,0.046276,0.040000
z_0116_386.000000.png,#61d1be,347,0.655955,0.026238,0.040000
z_0116_386.000000.png,#630024,217,0.410208,0.016408,0.040000
z_0116_386.000000.png,#86bdb0,573,1.083176,0.043327,0.040000
z_0116_386.000000.png,#a1e06e,104,0.196597,0.007864,0.040000
z_0116_386.000000.png,#afeda4,1120,2.117202,0.084688,0.040000
z_0116_386.000000.png,#b1d415,713,1.347826,0.053913,0.040000
z_0116_386.000000.png,#bf0d75,90,0.170132,0.006805,0.040000
z_0116_386.000000.png,#ce24d4,455,0.860113,0.034405,0.040000
z_0116_386.000000.png,#d41515,27,0.051040,0.002042,0.040000
z_0117_387.000000.png,#15d445,1878,3.550095,0.142004,0.040000
z_0117_387.000000.png,#3281a8,613,1.158790,0.046352,0.040000
z_0117_387.000000.png,#4cd4bb,613,1.158790,0.046352,0.040000
z_0117_387.000000.png,#61d1be,348,0.657845,0.026314,0.040000
z_0117_387.000000.png,#630024,217,0.410208,0.016408,0.040000
z_0117_387.000000.png,#86bdb0,571,1.079395,0.043176,0.040000
z_0117_387.000000.png,#a1e06e,104,0.196597,0.007864,0.040000
z_0117_387.000000.png,#afeda4,1123,2.122873,0.084915,0.040000
z_0117_387.000000.png,#b1d415,707,1.336484,0.053459,0.040000
z_0117_387.000000.png,#bf0d75,90,0.170132,0.006805,0.040000
z_0117_387.000000.png,#ce24d4,452,0.854442,0.034178,0.040000
z_0117_387.000000.png,#d41515,27,0.051040,0.002042,0.040000
z_0118_388.000000.png,#15d445,1000,1.890359,0.075614,0.040000
z_0118_388.000000.png,#3281a8,592,1.119093,0.044764,0.040000
z_0118_388.000000.png,#4cd4bb,710,1.342155,0.053686,0.040000
z_0118_388.000000.png,#61d1be,316,0.597353,0.023894,0.040000
z_0118_388.000000.png,#630024,211,0.398866,0.015955,0.040000
z_0118_388.000000.png,#86bdb0,708,1.338374,0.053535,0.040000
z_0118_388.000000.png,#a1e06e,185,0.349716,0.013989,0.040000
z_0118_388.000000.png,#afeda4,1274,2.408318,0.096333,0.040000
z_0118_388.000000.png,#b1d415,754,1.425331,0.057013,0.040000
z_0118_388.000000.png,#bf0d75,111,0.209830,0.008393,0.040000
z_0118_388.000000.png,#ce24d4,499,0.943289,0.037732,0.040000
z_0118_388.000000.png,#d41515,215,0.406427,0.016257,0.040000
z_0119_389.000000.png,#15d445,848,1.603025,0.064121,0.040000
z_0119_389.000000.png,#3281a8,654,1.236295,0.049452,0.040000
z_0119_389.000000.png,#4cd4bb,709,1.340265,0.053611,0.040000
z_0119_389.000000.png,#61d1be,307,0.580340,0.023214,0.040000
z_0119_389.000000.png,#630024,206,0.389414,0.015577,0.040000
z_0119_389.000000.png,#86bdb0,748,1.413989,0.056560,0.040000
z_0119_389.000000.png,#a1e06e,235,0.444234,0.017769,0.040000
z_0119_389.000000.png,#afeda4,1337,2.527410,0.101096,0.040000
z_0119_389.000000.png,#b1d415,805,1.521739,0.060870,0.040000
z_0119_389.000000.png,#bf0d75,126,0.238185,0.009527,0.040000
z_0119_389.000000.png,#ce24d4,444,0.839319,0.033573,0.040000
z_0119_389.000000.png,#d41515,279,0.527410,0.021096,0.040000
z_0120_390.000000.png,#15d445,766,1.448015,0.057921,0.040000
z_0120_390.000000.png,#3281a8,721,1.362949,0.054518,0.040000
z_0120_390.000000.png,#4cd4bb,730,1.379962,0.055198,0.040000
z_0120_390.000000.png,#61d1be,307,0.580340,0.023214,0.040000
z_0120_390.000000.png,#630024,193,0.364839,0.014594,0.040000
z_0120_390.000000.png,#86bdb0,730,1.379962,0.055198,0.040000
z_0120_390.000000.png,#a1e06e,291,0.550095,0.022004,0.040000
z_0120_390.000000.png,#afeda4,1398,2.642722,0.105709,0.040000
z_0120_390.000000.png,#b1d415,880,1.663516,0.066541,0.040000
z_0120_390.000000.png,#bf0d75,140,0.264650,0.010586,0.040000
z_0120_390.000000.png,#ce24d4,398,0.752363,0.030095,0.040000
z_0120_390.000000.png,#d41515,335,0.633270,0.025331,0.040000
z_0121_391.000000.png,#15d445,669,1.264650,0.050586,0.040000
z_0121_391.000000.png,#3281a8,710,1.342155,0.053686,0.040000
z_0121_391.000000.png,#4cd4bb,686,1.296786,0.051871,0.040000
z_0121_391.000000.png,#61d1be,318,0.601134,0.024045,0.040000
z_0121_391.000000.png,#630024,201,0.379962,0.015198,0.040000
z_0121_391.000000.png,#86bdb0,696,1.315690,0.052628,0.040000
z_0121_391.000000.png,#a1e06e,261,0.493384,0.019735,0.040000
z_0121_391.000000.png,#afeda4,1460,2.759924,0.110397,0.040000
z_0121_391.000000.png,#b1d415,925,1.748582,0.069943,0.040000
z_0121_391.000000.png,#bf0d75,141,0.266541,0.010662,0.040000
z_0121_391.000000.png,#ce24d4,375,0.708885,0.028355,0.040000
z_0121_391.000000.png,#d41515,423,0.799622,0.031985,0.040000
z_0122_392.000000.png,#15d445,722,1.364839,0.054594,0.040000
z_0122_392.000000.png,#3281a8,762,1.440454,0.057618,0.040000
z_0122_392.000000.png,#4cd4bb,704,1.330813,0.053233,0.040000
z_0122_392.000000.png,#61d1be,317,0.599244,0.023970,0.040000
z_0122_392.000000.png,#630024,187,0.353497,0.014140,0.040000
z_0122_392.000000.png,#86bdb0,613,1.158790,0.046352,0.040000
z_0122_392.000000.png,#a1e06e,148,0.279773,0.011191,0.040000
z_0122_392.000000.png,#afeda4,1575,2.977316,0.119093,0.040000
z_0122_392.000000.png,#b1d415,910,1.720227,0.068809,0.040000
z_0122_392.000000.png,#bf0d75,148,0.279773,0.011191,0.040000
z_0122_392.000000.png,#ce24d4,409,0.773157,0.030926,0.040000
z_0122_392.000000.png,#d41515,525,0.992439,0.039698,0.040000
z_0123_393.000000.png,#15d445,713,1.347826,0.053913,0.040000
z_0123_393.000000.png,#3281a8,766,1.448015,0.057921,0.040000
z_0123_393.000000.png,#4cd4bb,704,1.330813,0.053233,0.040000
z_0123_393.000000.png,#61d1be,317,0.599244,0.023970,0.040000
z_0123_393.000000.png,#630024,190,0.359168,0.014367,0.040000
z_0123_393.000000.png,#86bdb0,611,1.155009,0.046200,0.040000
z_0123_393.000000.png,#a1e06e,149,0.281664,0.011267,0.040000
z_0123_393.000000.png,#afeda4,1569,2.965974,0.118639,0.040000
z_0123_393.000000.png,#b1d415,911,1.722117,0.068885,0.040000
z_0123_393.000000.png,#bf0d75,143,0.270321,0.010813,0.040000
z_0123_393.000000.png,#ce24d4,403,0.761815,0.030473,0.040000
z_0123_393.000000.png,#d41515,532,1.005671,0.040227,0.040000
z_0124_394.000000.png,#15d445,1377,2.603025,0.104121,0.040000
z_0124_394.000000.png,#3281a8,727,1.374291,0.054972,0.040000
z_0124_394.000000.png,#4cd4bb,961,1.816635,0.072665,0.040000
z_0124_394.000000.png,#61d1be,352,0.665406,0.026616,0.040000
z_0124_394.000000.png,#630024,169,0.319471,0.012779,0.040000
z_0124_394.000000.png,#86bdb0,455,0.860113,0.034405,0.040000
z_0124_394.000000.png,#a1e06e,2,0.003781,0.000151,0.040000
z_0124_394.000000.png,#afeda4,1750,3.308129,0.132325,0.040000
z_0124_394.000000.png,#b1d415,1011,1.911153,0.076446,0.040000
z_0124_394.000000.png,#bf0d75,162,0.306238,0.012250,0.040000
z_0124_394.000000.png,#ce24d4,479,0.905482,0.036219,0.040000
z_0124_394.000000.png,#d41515,836,1.580340,0.063214,0.040000
z_0125_395.000000.png,#15d445,1161,2.194707,0.087788,0.040000
z_0125_395.000000.png,#3281a8,697,1.317580,0.052703,0.040000
z_0125_395.000000.png,#4cd4bb,1157,2.187146,0.087486,0.040000
z_0125_395.000000.png,#61d1be,349,0.659735,0.026389,0.040000
z_0125_395.000000.png,#630024,119,0.224953,0.008998,0.040000
z_0125_395.000000.png,#86bdb0,443,0.837429,0.033497,0.040000
z_0125_395.000000.png,#afeda4,1968,3.720227,0.148809,0.040000
z_0125_395.000000.png,#b1d415,1161,2.194707,0.087788,0.040000
z_0125_395.000000.png,#bf0d75,171,0.323251,0.012930,0.040000
z_0125_395.000000.png,#ce24d4,503,0.950851,0.038034,0.040000
z_0125_395.000000.png,#d41515,1116,2.109641,0.084386,0.040000
z_0125_395.000000.png,#f2ec07,12,0.022684,0.000907,0.040000
z_0126_396.000000.png,#15d445,1306,2.468809,0.098752,0.040000
z_0126_396.000000.png,#3281a8,715,1.351607,0.054064,0.040000
z_0126_396.000000.png,#4cd4bb,1422,2.688091,0.107524,0.040000
z_0126_396.000000.png,#61d1be,416,0.786389,0.031456,0.040000
z_0126_396.000000.png,#630024,94,0.177694,0.007108,0.040000
z_0126_396.000000.png,#86bdb0,426,0.805293,0.032212,0.040000
z_0126_396.000000.png,#afeda4,2186,4.132325,0.165293,0.040000
z_0126_396.000000.png,#b1d415,1230,2.325142,0.093006,0.040000
z_0126_396.000000.png,#bf0d75,176,0.332703,0.013308,0.040000
z_0126_396.000000.png,#ce24d4,548,1.035917,0.041437,0.040000
z_0126_396.000000.png,#d41515,1322,2.499055,0.099962,0.040000
z_0126_396.000000.png,#f2ec07,109,0.206049,0.008242,0.040000
z_0127_397.000000.png,#15d445,1781,3.366730,0.134669,0.040000
z_0127_397.000000.png,#3281a8,693,1.310019,0.052401,0.040000
z_0127_397.000000.png,#4cd4bb,878,1.659735,0.066389,0.040000
z_0127_397.000000.png,#61d1be,423,0.799622,0.031985,0.040000
z_0127_397.000000.png,#630024,123,0.232514,0.009301,0.040000
z_0127_397.000000.png,#86bdb0,449,0.848771,0.033951,0.040000
z_0127_397.000000.png,#afeda4,2423,4.580340,0.183214,0.040000
z_0127_397.000000.png,#b1d415,1270,2.400756,0.096030,0.040000
z_0127_397.000000.png,#bf0d75,187,0.353497,0.014140,0.040000
z_0127_397.000000.png,#ce24d4,600,1.134216,0.045369,0.040000
z_0127_397.000000.png,#d41515,1755,3.317580,0.132703,0.040000
z_0127_397.000000.png,#f2ec07,178,0.336484,0.013459,0.040000
z_0128_398.000000.png,#15d445,1954,3.693762,0.147750,0.040000
z_0128_398.000000.png,#3281a8,674,1.274102,0.050964,0.040000
z_0128_398.000000.png,#4cd4bb,630,1.190926,0.047637,0.040000
z_0128_398.000000.png,#61d1be,460,0.869565,0.034783,0.040000
z_0128_398.000000.png,#630024,167,0.315690,0.012628,0.040000
z_0128_398.000000.png,#86bdb0,492,0.930057,0.037202,0.040000
z_0128_398.000000.png,#afeda4,2749,5.196597,0.207864,0.040000
z_0128_398.000000.png,#b1d415,1272,2.404537,0.096181,0.040000
z_0128_398.000000.png,#bf0d75,186,0.351607,0.014064,0.040000
z_0128_398.000000.png,#ce24d4,648,1.224953,0.048998,0.040000
z_0128_398.000000.png,#d41515,2080,3.931947,0.157278,0.040000
z_0128_398.000000.png,#f2ec07,199,0.376181,0.015047,0.040000
z_0129_399.000000.png,#15d445,2236,4.226843,0.169074,0.040000
z_0129_399.000000.png,#3281a8,646,1.221172,0.048847,0.040000
z_0129_399.000000.png,#4cd4bb,602,1.137996,0.045520,0.040000
z_0129_399.000000.png,#61d1be,448,0.846881,0.033875,0.040000
z_0129_399.000000.png,#630024,236,0.446125,0.017845,0.040000
z_0129_399.000000.png,#86bdb0,490,0.926276,0.037051,0.040000
z_0129_399.000000.png,#afeda4,2990,5.652174,0.226087,0.040000
z_0129_399.000000.png,#b1d415,1326,2.506616,0.100265,0.040000
z_0129_399.000000.png,#bf0d75,186,0.351607,0.014064,0.040000
z_0129_399.000000.png,#ce24d4,737,1.393195,0.055728,0.040000
z_0129_399.000000.png,#d41515,2350,4.442344,0.177694,0.040000
z_0129_399.000000.png,#f2ec07,209,0.395085,0.015803,0.040000
z_0130_400.000000.png,#15d445,2287,4.323251,0.172930,0.040000
z_0130_400.000000.png,#3281a8,598,1.130435,0.045217,0.040000
z_0130_400.000000.png,#4cd4bb,539,1.018904,0.040756,0.040000
z_0130_400.000000.png,#61d1be,434,0.820416,0.032817,0.040000
z_0130_400.000000.png,#630024,290,0.548204,0.021928,0.040000
z_0130_400.000000.png,#86bdb0,476,0.899811,0.035992,0.040000
z_0130_400.000000.png,#afeda4,3274,6.189036,0.247561,0.040000
z_0130_400.000000.png,#b1d415,1282,2.423440,0.096938,0.040000
z_0130_400.000000.png,#bf0d75,172,0.325142,0.013006,0.040000
z_0130_400.000000.png,#ce24d4,767,1.449905,0.057996,0.040000
z_0130_400.000000.png,#d41515,2364,4.468809,0.178752,0.040000
z_0130_400.000000.png,#f2ec07,197,0.372401,0.014896,0.040000
z_0131_401.000000.png,#15d445,2417,4.568998,0.182760,0.040000
z_0131_401.000000.png,#3281a8,597,1.128544,0.045142,0.040000
z_0131_401.000000.png,#4cd4bb,529,1.000000,0.040000,0.040000
z_0131_401.000000.png,#61d1be,423,0.799622,0.031985,0.040000
z_0131_401.000000.png,#630024,334,0.631380,0.025255,0.040000
z_0131_401.000000.png,#86bdb0,508,0.960302,0.038412,0.040000
z_0131_401.000000.png,#afeda4,3499,6.614367,0.264575,0.040000
z_0131_401.000000.png,#b1d415,1175,2.221172,0.088847,0.040000
z_0131_401.000000.png,#bf0d75,167,0.315690,0.012628,0.040000
z_0131_401.000000.png,#ce24d4,775,1.465028,0.058601,0.040000
z_0131_401.000000.png,#d41515,2385,4.508507,0.180340,0.040000
z_0131_401.000000.png,#f2ec07,180,0.340265,0.013611,0.040000
z_0132_402.000000.png,#15d445,2588,4.892250,0.195690,0.040000
z_0132_402.000000.png,#3281a8,589,1.113422,0.044537,0.040000
z_0132_402.000000.png,#4cd4bb,54,0.102079,0.004083,0.040000
z_0132_402.000000.png,#61d1be,395,0.746692,0.029868,0.040000
z_0132_402.000000.png,#630024,383,0.724008,0.028960,0.040000
z_0132_402.000000.png,#86bdb0,520,0.982987,0.039319,0.040000
z_0132_402.000000.png,#afeda4,3640,6.880907,0.275236,0.040000
z_0132_402.000000.png,#b1d415,1150,2.173913,0.086957,0.040000
z_0132_402.000000.png,#bf0d75,55,0.103970,0.004159,0.040000
z_0132_402.000000.png,#ce24d4,780,1.474480,0.058979,0.040000
z_0132_402.000000.png,#d41515,2355,4.451796,0.178072,0.040000
z_0132_402.000000.png,#f2ec07,182,0.344045,0.013762,0.040000
z_0133_403.000000.png,#15d445,2598,4.911153,0.196446,0.040000
z_0133_403.000000.png,#3281a8,599,1.132325,0.045293,0.040000
z_0133_403.000000.png,#4cd4bb,12,0.022684,0.000907,0.040000
z_0133_403.000000.png,#61d1be,368,0.695652,0.027826,0.040000
z_0133_403.000000.png,#630024,409,0.773157,0.030926,0.040000
z_0133_403.000000.png,#86bdb0,576,1.088847,0.043554,0.040000
z_0133_403.000000.png,#afeda4,3808,7.198488,0.287940,0.040000
z_0133_403.000000.png,#b1d415,1231,2.327032,0.093081,0.040000
z_0133_403.000000.png,#bf0d75,21,0.039698,0.001588,0.040000
z_0133_403.000000.png,#ce24d4,755,1.427221,0.057089,0.040000
z_0133_403.000000.png,#d41515,2390,4.517958,0.180718,0.040000
z_0133_403.000000.png,#f2ec07,177,0.334594,0.013384,0.040000
z_0134_404.000000.png,#15d445,2649,5.007561,0.200302,0.040000
z_0134_404.000000.png,#3281a8,596,1.126654,0.045066,0.040000
z_0134_404.000000.png,#61d1be,359,0.678639,0.027146,0.040000
z_0134_404.000000.png,#630024,432,0.816635,0.032665,0.040000
z_0134_404.000000.png,#86bdb0,624,1.179584,0.047183,0.040000
z_0134_404.000000.png,#afeda4,4032,7.621928,0.304877,0.040000
z_0134_404.000000.png,#b1d415,1358,2.567108,0.102684,0.040000
z_0134_404.000000.png,#ce24d4,751,1.419660,0.056786,0.040000
z_0134_404.000000.png,#d41515,2443,4.618147,0.184726,0.040000
z_0134_404.000000.png,#f2ec07,175,0.330813,0.013233,0.040000
z_0135_405.000000.png,#15d445,2659,5.026465,0.201059,0.040000
z_0135_405.000000.png,#3281a8,532,1.005671,0.040227,0.040000
z_0135_405.000000.png,#61d1be,352,0.665406,0.026616,0.040000
z_0135_405.000000.png,#630024,450,0.850662,0.034026,0.040000
z_0135_405.000000.png,#86bdb0,637,1.204159,0.048166,0.040000
z_0135_405.000000.png,#afeda4,4048,7.652174,0.306087,0.040000
z_0135_405.000000.png,#b1d415,1395,2.637051,0.105482,0.040000
z_0135_405.000000.png,#ce24d4,773,1.461248,0.058450,0.040000
z_0135_405.000000.png,#d41515,2383,4.504726,0.180189,0.040000
z_0135_405.000000.png,#f2ec07,167,0.315690,0.012628,0.040000
z_0136_406.000000.png,#15d445,2736,5.172023,0.206881,0.040000
z_0136_406.000000.png,#3281a8,430,0.812854,0.032514,0.040000
z_0136_406.000000.png,#61d1be,379,0.716446,0.028658,0.040000
z_0136_406.000000.png,#630024,470,0.888469,0.035539,0.040000
z_0136_406.000000.png,#86bdb0,649,1.226843,0.049074,0.040000
z_0136_406.000000.png,#afeda4,4144,7.833648,0.313346,0.040000
z_0136_406.000000.png,#b1d415,1354,2.559546,0.102382,0.040000
z_0136_406.000000.png,#ce24d4,779,1.472590,0.058904,0.040000
z_0136_406.000000.png,#d41515,2395,4.527410,0.181096,0.040000
z_0136_406.000000.png,#f2ec07,189,0.357278,0.014291,0.040000
z_0137_407.000000.png,#15d445,2877,5.438563,0.217543,0.040000
z_0137_407.000000.png,#3281a8,361,0.682420,0.027297,0.040000
z_0137_407.000000.png,#61d1be,409,0.773157,0.030926,0.040000
z_0137_407.000000.png,#630024,475,0.897921,0.035917,0.040000
z_0137_407.000000.png,#86bdb0,689,1.302457,0.052098,0.040000
z_0137_407.000000.png,#afeda4,4132,7.810964,0.312439,0.040000
z_0137_407.000000.png,#b1d415,1237,2.338374,0.093535,0.040000
z_0137_407.000000.png,#ce24d4,773,1.461248,0.058450,0.040000
z_0137_407.000000.png,#d41515,2359,4.459357,0.178374,0.040000
z_0137_407.000000.png,#f2ec07,204,0.385633,0.015425,0.040000
z_0138_408.000000.png,#15d445,3145,5.945180,0.237807,0.040000
z_0138_408.000000.png,#3281a8,323,0.610586,0.024423,0.040000
z_0138_408.000000.png,#61d1be,477,0.901701,0.036068,0.040000
z_0138_408.000000.png,#630024,483,0.913043,0.036522,0.040000
z_0138_408.000000.png,#86bdb0,690,1.304348,0.052174,0.040000
z_0138_408.000000.png,#afeda4,4174,7.890359,0.315614,0.040000
z_0138_408.000000.png,#b1d415,1157,2.187146,0.087486,0.040000
z_0138_408.000000.png,#ce24d4,773,1.461248,0.058450,0.040000
z_0138_408.000000.png,#d41515,2304,4.355388,0.174216,0.040000
z_0138_408.000000.png,#f2ec07,200,0.378072,0.015123,0.040000
z_0139_409.000000.png,#15d445,3323,6.281664,0.251267,0.040000
z_0139_409.000000.png,#3281a8,329,0.621928,0.024877,0.040000
z_0139_409.000000.png,#61d1be,541,1.022684,0.040907,0.040000
z_0139_409.000000.png,#630024,502,0.948960,0.037958,0.040000
z_0139_409.000000.png,#86bdb0,674,1.274102,0.050964,0.040000
z_0139_409.000000.png,#afeda4,4129,7.805293,0.312212,0.040000
z_0139_409.000000.png,#b1d415,1207,2.281664,0.091267,0.040000
z_0139_409.000000.png,#ce24d4,742,1.402647,0.056106,0.040000
z_0139_409.000000.png,#d41515,2112,3.992439,0.159698,0.040000
z_0139_409.000000.png,#f2ec07,186,0.351607,0.014064,0.040000
z_0140_410.000000.png,#15d445,3426,6.476371,0.259055,0.040000
z_0140_410.000000.png,#3281a8,300,0.567108,0.022684,0.040000
z_0140_410.000000.png,#61d1be,608,1.149338,0.045974,0.040000
z_0140_410.000000.png,#630024,598,1.130435,0.045217,0.040000
z_0140_410.000000.png,#86bdb0,654,1.236295,0.049452,0.040000
z_0140_410.000000.png,#afeda4,4060,7.674858,0.306994,0.040000
z_0140_410.000000.png,#b1d415,1426,2.695652,0.107826,0.040000
z_0140_410.000000.png,#ce24d4,736,1.391304,0.055652,0.040000
z_0140_410.000000.png,#d41515,1943,3.672968,0.146919,0.040000
z_0140_410.000000.png,#f2ec07,153,0.289225,0.011569,0.040000
z_0141_411.000000.png,#15d445,3530,6.672968,0.266919,0.040000
z_0141_411.000000.png,#3281a8,286,0.540643,0.021626,0.040000
z_0141_411.000000.png,#61d1be,693,1.310019,0.052401,0.040000
z_0141_411.000000.png,#630024,702,1.327032,0.053081,0.040000
z_0141_411.000000.png,#86bdb0,680,1.285444,0.051418,0.040000
z_0141_411.000000.png,#afeda4,3889,7.351607,0.294064,0.040000
z_0141_411.000000.png,#b1d415,1660,3.137996,0.125520,0.040000
z_0141_411.000000.png,#ce24d4,745,1.408318,0.056333,0.040000
z_0141_411.000000.png,#d41515,1784,3.372401,0.134896,0.040000
z_0141_411.000000.png,#f2ec07,126,0.238185,0.009527,0.040000
z_0142_412.000000.png,#15d445,3598,6.801512,0.272060,0.040000
z_0142_412.000000.png,#3281a8,261,0.493384,0.019735,0.040000
z_0142_412.000000.png,#61d1be,764,1.444234,0.057769,0.040000
z_0142_412.000000.png,#630024,822,1.553875,0.062155,0.040000
z_0142_412.000000.png,#86bdb0,699,1.321361,0.052854,0.040000
z_0142_412.000000.png,#afeda4,3920,7.410208,0.296408,0.040000
z_0142_412.000000.png,#b1d415,1846,3.489603,0.139584,0.040000
z_0142_412.000000.png,#ce24d4,765,1.446125,0.057845,0.040000
z_0142_412.000000.png,#d41515,1552,2.933837,0.117353,0.040000
z_0142_412.000000.png,#f2ec07,99,0.187146,0.007486,0.040000
z_0143_413.000000.png,#15d445,3593,6.792060,0.271682,0.040000
z_0143_413.000000.png,#3281a8,252,0.476371,0.019055,0.040000
z_0143_413.000000.png,#61d1be,891,1.684310,0.067372,0.040000
z_0143_413.000000.png,#630024,923,1.744802,0.069792,0.040000
z_0143_413.000000.png,#86bdb0,722,1.364839,0.054594,0.040000
z_0143_413.000000.png,#afeda4,3941,7.449905,0.297996,0.040000
z_0143_413.000000.png,#b1d415,2095,3.960302,0.158412,0.040000
z_0143_413.000000.png,#ce24d4,747,1.412098,0.056484,0.040000
z_0143_413.000000.png,#d41515,1413,2.671078,0.106843,0.040000
z_0143_413.000000.png,#f2ec07,47,0.088847,0.003554,0.040000
z_0144_414.000000.png,#15d445,3656,6.911153,0.276446,0.040000
z_0144_414.000000.png,#3281a8,244,0.461248,0.018450,0.040000
z_0144_414.000000.png,#61d1be,953,1.801512,0.072060,0.040000
z_0144_414.000000.png,#630024,989,1.869565,0.074783,0.040000
z_0144_414.000000.png,#86bdb0,689,1.302457,0.052098,0.040000
z_0144_414.000000.png,#afeda4,3961,7.487713,0.299509,0.040000
z_0144_414.000000.png,#b1d415,2333,4.410208,0.176408,0.040000
z_0144_414.000000.png,#ce24d4,752,1.421550,0.056862,0.040000
z_0144_414.000000.png,#d41515,1329,2.512287,0.100491,0.040000
z_0144_414.000000.png,#f2ec07,17,0.032136,0.001285,0.040000
z_0145_415.000000.png,#15d445,3697,6.988658,0.279546,0.040000
z_0145_415.000000.png,#3281a8,276,0.521739,0.020870,0.040000
z_0145_415.000000.png,#61d1be,990,1.871456,0.074858,0.040000
z_0145_415.000000.png,#630024,1020,1.928166,0.077127,0.040000
z_0145_415.000000.png,#86bdb0,688,1.300567,0.052023,0.040000
z_0145_415.000000.png,#afeda4,3990,7.542533,0.301701,0.040000
z_0145_415.000000.png,#b1d415,2556,4.831758,0.193270,0.040000
z_0145_415.000000.png,#ce24d4,749,1.415879,0.056635,0.040000
z_0145_415.000000.png,#d41515,1272,2.404537,0.096181,0.040000
z_0145_415.000000.png,#f2ec07,15,0.028355,0.001134,0.040000
z_0146_416.000000.png,#15d445,3807,7.196597,0.287864,0.040000
z_0146_416.000000.png,#3281a8,419,0.792060,0.031682,0.040000
z_0146_416.000000.png,#61d1be,1006,1.901701,0.076068,0.040000
z_0146_416.000000.png,#630024,1081,2.043478,0.081739,0.040000
z_0146_416.000000.png,#86bdb0,722,1.364839,0.054594,0.040000
z_0146_416.000000.png,#afeda4,4025,7.608696,0.304348,0.040000
z_0146_416.000000.png,#b1d415,2751,5.200378,0.208015,0.040000
z_0146_416.000000.png,#ce24d4,737,1.393195,0.055728,0.040000
z_0146_416.000000.png,#d41515,1252,2.366730,0.094669,0.040000
z_0146_416.000000.png,#f2ec07,12,0.022684,0.000907,0.040000
z_0147_417.000000.png,#15d445,3617,6.837429,0.273497,0.040000
z_0147_417.000000.png,#3281a8,670,1.266541,0.050662,0.040000
z_0147_417.000000.png,#61d1be,981,1.854442,0.074178,0.040000
z_0147_417.000000.png,#630024,1103,2.085066,0.083403,0.040000
z_0147_417.000000.png,#86bdb0,751,1.419660,0.056786,0.040000
z_0147_417.000000.png,#afeda4,3917,7.404537,0.296181,0.040000
z_0147_417.000000.png,#b1d415,2929,5.536862,0.221474,0.040000
z_0147_417.000000.png,#ce24d4,698,1.319471,0.052779,0.040000
z_0147_417.000000.png,#d41515,1234,2.332703,0.093308,0.040000
z_0147_417.000000.png,#f2ec07,1,0.001890,0.000076,0.040000
z_0148_418.000000.png,#15d445,3532,6.676749,0.267070,0.040000
z_0148_418.000000.png,#3281a8,1008,1.905482,0.076219,0.040000
z_0148_418.000000.png,#61d1be,949,1.793951,0.071758,0.040000
z_0148_418.000000.png,#630024,1067,2.017013,0.080681,0.040000
z_0148_418.000000.png,#86bdb0,766,1.448015,0.057921,0.040000
z_0148_418.000000.png,#afeda4,3770,7.126654,0.285066,0.040000
z_0148_418.000000.png,#b1d415,3054,5.773157,0.230926,0.040000
z_0148_418.000000.png,#ce24d4,669,1.264650,0.050586,0.040000
z_0148_418.000000.png,#d41515,1239,2.342155,0.093686,0.040000
z_0148_418.000000.png,#f2ec07,13,0.024575,0.000983,0.040000
z_0149_419.000000.png,#15d445,3224,6.094518,0.243781,0.040000
z_0149_419.000000.png,#3281a8,1276,2.412098,0.096484,0.040000
z_0149_419.000000.png,#61d1be,917,1.733459,0.069338,0.040000
z_0149_419.000000.png,#630024,1023,1.933837,0.077353,0.040000
z_0149_419.000000.png,#86bdb0,750,1.417769,0.056711,0.040000
z_0149_419.000000.png,#afeda4,3551,6.712665,0.268507,0.040000
z_0149_419.000000.png,#b1d415,3159,5.971645,0.238866,0.040000
z_0149_419.000000.png,#ce24d4,654,1.236295,0.049452,0.040000
z_0149_419.000000.png,#d41515,1235,2.334594,0.093384,0.040000
z_0149_419.000000.png,#f2ec07,30,0.056711,0.002268,0.040000
z_0150_420.000000.png,#15d445,3037,5.741021,0.229641,0.040000
z_0150_420.000000.png,#3281a8,1491,2.818526,0.112741,0.040000
z_0150_420.000000.png,#61d1be,917,1.733459,0.069338,0.040000
z_0150_420.000000.png,#630024,843,1.593573,0.063743,0.040000
z_0150_420.000000.png,#86bdb0,728,1.376181,0.055047,0.040000
z_0150_420.000000.png,#afeda4,3350,6.332703,0.253308,0.040000
z_0150_420.000000.png,#b1d415,3195,6.039698,0.241588,0.040000
z_0150_420.000000.png,#ce24d4,624,1.179584,0.047183,0.040000
z_0150_420.000000.png,#d41515,1248,2.359168,0.094367,0.040000
z_0150_420.000000.png,#f2ec07,49,0.092628,0.003705,0.040000
z_0151_421.000000.png,#15d445,2936,5.550095,0.222004,0.040000
z_0151_421.000000.png,#3281a8,1605,3.034026,0.121361,0.040000
z_0151_421.000000.png,#61d1be,827,1.563327,0.062533,0.040000
z_0151_421.000000.png,#630024,608,1.149338,0.045974,0.040000
z_0151_421.000000.png,#86bdb0,697,1.317580,0.052703,0.040000
z_0151_421.000000.png,#afeda4,3127,5.911153,0.236446,0.040000
z_0151_421.000000.png,#b1d415,3284,6.207940,0.248318,0.040000
z_0151_421.000000.png,#ce24d4,568,1.073724,0.042949,0.040000
z_0151_421.000000.png,#d41515,1288,2.434783,0.097391,0.040000
z_0151_421.000000.png,#f2ec07,70,0.132325,0.005293,0.040000
z_0152_422.000000.png,#15d445,2880,5.444234,0.217769,0.040000
z_0152_422.000000.png,#3281a8,1716,3.243856,0.129754,0.040000
z_0152_422.000000.png,#61d1be,836,1.580340,0.063214,0.040000
z_0152_422.000000.png,#630024,502,0.948960,0.037958,0.040000
z_0152_422.000000.png,#86bdb0,744,1.406427,0.056257,0.040000
z_0152_422.000000.png,#afeda4,2868,5.421550,0.216862,0.040000
z_0152_422.000000.png,#b1d415,3441,6.504726,0.260189,0.040000
z_0152_422.000000.png,#ce24d4,494,0.933837,0.037353,0.040000
z_0152_422.000000.png,#d41515,1296,2.449905,0.097996,0.040000
z_0152_422.000000.png,#f2ec07,86,0.162571,0.006503,0.040000
z_0153_423.000000.png,#15d445,2783,5.260870,0.210435,0.040000
z_0153_423.000000.png,#3281a8,1779,3.362949,0.134518,0.040000
z_0153_423.000000.png,#61d1be,860,1.625709,0.065028,0.040000
z_0153_423.000000.png,#630024,451,0.852552,0.034102,0.040000
z_0153_423.000000.png,#86bdb0,802,1.516068,0.060643,0.040000
z_0153_423.000000.png,#afeda4,2671,5.049149,0.201966,0.040000
z_0153_423.000000.png,#b1d415,3549,6.708885,0.268355,0.040000
z_0153_423.000000.png,#ce24d4,429,0.810964,0.032439,0.040000
z_0153_423.000000.png,#d41515,1277,2.413989,0.096560,0.040000
z_0153_423.000000.png,#f2ec07,95,0.179584,0.007183,0.040000
z_0154_424.000000.png,#15d445,2694,5.092628,0.203705,0.040000
z_0154_424.000000.png,#3281a8,1726,3.262760,0.130510,0.040000
z_0154_424.000000.png,#61d1be,896,1.693762,0.067750,0.040000
z_0154_424.000000.png,#630024,423,0.799622,0.031985,0.040000
z_0154_424.000000.png,#86bdb0,706,1.334594,0.053384,0.040000
z_0154_424.000000.png,#afeda4,2500,4.725898,0.189036,0.040000
z_0154_424.000000.png,#b1d415,3614,6.831758,0.273270,0.040000
z_0154_424.000000.png,#ce24d4,373,0.705104,0.028204,0.040000
z_0154_424.000000.png,#d41515,1271,2.402647,0.096106,0.040000
z_0154_424.000000.png,#f2ec07,109,0.206049,0.008242,0.040000
z_0155_425.000000.png,#15d445,2558,4.835539,0.193422,0.040000
z_0155_425.000000.png,#3281a8,1633,3.086957,0.123478,0.040000
z_0155_425.000000.png,#61d1be,893,1.688091,0.067524,0.040000
z_0155_425.000000.png,#630024,404,0.763705,0.030548,0.040000
z_0155_425.000000.png,#86bdb0,652,1.232514,0.049301,0.040000
z_0155_425.000000.png,#afeda4,2303,4.353497,0.174140,0.040000
z_0155_425.000000.png,#b1d415,3785,7.155009,0.286200,0.040000
z_0155_425.000000.png,#ce24d4,323,0.610586,0.024423,0.040000
z_0155_425.000000.png,#d41515,1224,2.313800,0.092552,0.040000
z_0155_425.000000.png,#f2ec07,128,0.241966,0.009679,0.040000
z_0156_426.000000.png,#15d445,2509,4.742911,0.189716,0.040000
z_0156_426.000000.png,#3281a8,1543,2.916824,0.116673,0.040000
z_0156_426.000000.png,#61d1be,878,1.659735,0.066389,0.040000
z_0156_426.000000.png,#630024,389,0.735350,0.029414,0.040000
z_0156_426.000000.png,#86bdb0,588,1.111531,0.044461,0.040000
z_0156_426.000000.png,#afeda4,2088,3.947070,0.157883,0.040000
z_0156_426.000000.png,#b1d415,4058,7.671078,0.306843,0.040000
z_0156_426.000000.png,#ce24d4,237,0.448015,0.017921,0.040000
z_0156_426.000000.png,#d41515,1200,2.268431,0.090737,0.040000
z_0156_426.000000.png,#f2ec07,142,0.268431,0.010737,0.040000
z_0157_427.000000.png,#15d445,2464,4.657845,0.186314,0.040000
z_0157_427.000000.png,#3281a8,1428,2.699433,0.107977,0.040000
z_0157_427.000000.png,#61d1be,855,1.616257,0.064650,0.040000
z_0157_427.000000.png,#630024,405,0.765595,0.030624,0.040000
z_0157_427.000000.png,#86bdb0,511,0.965974,0.038639,0.040000
z_0157_427.000000.png,#afeda4,1980,3.742911,0.149716,0.040000
z_0157_427.000000.png,#b1d415,4617,8.727788,0.349112,0.040000
z_0157_427.000000.png,#ce24d4,104,0.196597,0.007864,0.040000
z_0157_427.000000.png,#d41515,1180,2.230624,0.089225,0.040000
z_0157_427.000000.png,#f2ec07,149,0.281664,0.011267,0.040000
z_0158_428.000000.png,#15d445,2413,4.561437,0.182457,0.040000
z_0158_428.000000.png,#3281a8,1304,2.465028,0.098601,0.040000
z_0158_428.000000.png,#61d1be,824,1.557656,0.062306,0.040000
z_0158_428.000000.png,#630024,432,0.816635,0.032665,0.040000
z_0158_428.000000.png,#86bdb0,481,0.909263,0.036371,0.040000
z_0158_428.000000.png,#afeda4,1854,3.504726,0.140189,0.040000
z_0158_428.000000.png,#b1d415,5219,9.865784,0.394631,0.040000
z_0158_428.000000.png,#ce24d4,77,0.145558,0.005822,0.040000
z_0158_428.000000.png,#d41515,1198,2.264650,0.090586,0.040000
z_0158_428.000000.png,#f2ec07,128,0.241966,0.009679,0.040000
z_0159_429.000000.png,#15d445,2286,4.321361,0.172854,0.040000
z_0159_429.000000.png,#3281a8,1113,2.103970,0.084159,0.040000
z_0159_429.000000.png,#61d1be,812,1.534972,0.061399,0.040000
z_0159_429.000000.png,#630024,520,0.982987,0.039319,0.040000
z_0159_429.000000.png,#86bdb0,433,0.818526,0.032741,0.040000
z_0159_429.000000.png,#afeda4,1689,3.192817,0.127713,0.040000
z_0159_429.000000.png,#b1d415,5760,10.888469,0.435539,0.040000
z_0159_429.000000.png,#ce24d4,52,0.098299,0.003932,0.040000
z_0159_429.000000.png,#d41515,1211,2.289225,0.091569,0.040000
z_0159_429.000000.png,#f2ec07,127,0.240076,0.009603,0.040000
z_0160_430.000000.png,#15d445,2184,4.128544,0.165142,0.040000
z_0160_430.000000.png,#3281a8,1026,1.939509,0.077580,0.040000
z_0160_430.000000.png,#61d1be,783,1.480151,0.059206,0.040000
z_0160_430.000000.png,#630024,628,1.187146,0.047486,0.040000
z_0160_430.000000.png,#86bdb0,407,0.769376,0.030775,0.040000
z_0160_430.000000.png,#afeda4,1546,2.922495,0.116900,0.040000
z_0160_430.000000.png,#b1d415,5788,10.941399,0.437656,0.040000
z_0160_430.000000.png,#ce24d4,21,0.039698,0.001588,0.040000
z_0160_430.000000.png,#d41515,1280,2.419660,0.096786,0.040000
z_0160_430.000000.png,#f2ec07,127,0.240076,0.009603,0.040000
z_0161_431.000000.png,#15d445,2258,4.268431,0.170737,0.040000
z_0161_431.000000.png,#3281a8,935,1.767486,0.070699,0.040000
z_0161_431.000000.png,#61d1be,794,1.500945,0.060038,0.040000
z_0161_431.000000.png,#630024,752,1.421550,0.056862,0.040000
z_0161_431.000000.png,#86bdb0,388,0.733459,0.029338,0.040000
z_0161_431.000000.png,#afeda4,1421,2.686200,0.107448,0.040000
z_0161_431.000000.png,#b1d415,4991,9.434783,0.377391,0.040000
z_0161_431.000000.png,#d41515,1274,2.408318,0.096333,0.040000
z_0161_431.000000.png,#f2ec07,113,0.213611,0.008544,0.040000
z_0162_432.000000.png,#15d445,2258,4.268431,0.170737,0.040000
z_0162_432.000000.png,#3281a8,860,1.625709,0.065028,0.040000
z_0162_432.000000.png,#61d1be,799,1.510397,0.060416,0.040000
z_0162_432.000000.png,#630024,899,1.699433,0.067977,0.040000
z_0162_432.000000.png,#86bdb0,435,0.822306,0.032892,0.040000
z_0162_432.000000.png,#afeda4,1351,2.553875,0.102155,0.040000
z_0162_432.000000.png,#b1d415,5630,10.642722,0.425709,0.040000
z_0162_432.000000.png,#d41515,1370,2.589792,0.103592,0.040000
z_0162_432.000000.png,#f2ec07,96,0.181474,0.007259,0.040000
z_0163_433.000000.png,#15d445,2288,4.325142,0.173006,0.040000
z_0163_433.000000.png,#3281a8,803,1.517958,0.060718,0.040000
z_0163_433.000000.png,#61d1be,780,1.474480,0.058979,0.040000
z_0163_433.000000.png,#630024,1079,2.039698,0.081588,0.040000
z_0163_433.000000.png,#86bdb0,461,0.871456,0.034858,0.040000
z_0163_433.000000.png,#afeda4,1263,2.387524,0.095501,0.040000
z_0163_433.000000.png,#b1d415,6059,11.453686,0.458147,0.040000
z_0163_433.000000.png,#d41515,1364,2.578450,0.103138,0.040000
z_0163_433.000000.png,#f2ec07,100,0.189036,0.007561,0.040000
z_0164_434.000000.png,#15d445,2336,4.415879,0.176635,0.040000
z_0164_434.000000.png,#3281a8,740,1.398866,0.055955,0.040000
z_0164_434.000000.png,#4cd4bb,845,1.597353,0.063894,0.040000
z_0164_434.000000.png,#61d1be,751,1.419660,0.056786,0.040000
z_0164_434.000000.png,#630024,1286,2.431002,0.097240,0.040000
z_0164_434.000000.png,#86bdb0,541,1.022684,0.040907,0.040000
z_0164_434.000000.png,#afeda4,1129,2.134216,0.085369,0.040000
z_0164_434.000000.png,#b1d415,6445,12.183365,0.487335,0.040000
z_0164_434.000000.png,#d41515,1296,2.449905,0.097996,0.040000
z_0164_434.000000.png,#f2ec07,109,0.206049,0.008242,0.040000
z_0165_435.000000.png,#15d445,2338,4.419660,0.176786,0.040000
z_0165_435.000000.png,#3281a8,677,1.279773,0.051191,0.040000
z_0165_435.000000.png,#4cd4bb,628,1.187146,0.047486,0.040000
z_0165_435.000000.png,#61d1be,741,1.400756,0.056030,0.040000
z_0165_435.000000.png,#630024,1368,2.586011,0.103440,0.040000
z_0165_435.000000.png,#86bdb0,623,1.177694,0.047108,0.040000
z_0165_435.000000.png,#afeda4,872,1.648393,0.065936,0.040000
z_0165_435.000000.png,#b1d415,6753,12.765595,0.510624,0.040000
z_0165_435.000000.png,#d41515,1256,2.374291,0.094972,0.040000
z_0165_435.000000.png,#f2ec07,101,0.190926,0.007637,0.040000
z_0166_436.000000.png,#15d445,2359,4.459357,0.178374,0.040000
z_0166_436.000000.png,#3281a8,617,1.166352,0.046654,0.040000
z_0166_436.000000.png,#4cd4bb,445,0.841210,0.033648,0.040000
z_0166_436.000000.png,#61d1be,742,1.402647,0.056106,0.040000
z_0166_436.000000.png,#630024,1456,2.752363,0.110095,0.040000
z_0166_436.000000.png,#86bdb0,868,1.640832,0.065633,0.040000
z_0166_436.000000.png,#afeda4,710,1.342155,0.053686,0.040000
z_0166_436.000000.png,#b1d415,5596,10.578450,0.423138,0.040000
z_0166_436.000000.png,#d41515,1252,2.366730,0.094669,0.040000
z_0166_436.000000.png,#f2ec07,94,0.177694,0.007108,0.040000
z_0167_437.000000.png,#15d445,2241,4.236295,0.169452,0.040000
z_0167_437.000000.png,#3281a8,574,1.085066,0.043403,0.040000
z_0167_437.000000.png,#4cd4bb,392,0.741021,0.029641,0.040000
z_0167_437.000000.png,#61d1be,756,1.429112,0.057164,0.040000
z_0167_437.000000.png,#630024,1533,2.897921,0.115917,0.040000
z_0167_437.000000.png,#86bdb0,1093,2.066163,0.082647,0.040000
z_0167_437.000000.png,#afeda4,555,1.049149,0.041966,0.040000
z_0167_437.000000.png,#b1d415,5707,10.788280,0.431531,0.040000
z_0167_437.000000.png,#d41515,1213,2.293006,0.091720,0.040000
z_0167_437.000000.png,#f2ec07,100,0.189036,0.007561,0.040000
z_0168_438.000000.png,#15d445,2134,4.034026,0.161361,0.040000
z_0168_438.000000.png,#3281a8,525,0.992439,0.039698,0.040000
z_0168_438.000000.png,#4cd4bb,327,0.618147,0.024726,0.040000
z_0168_438.000000.png,#61d1be,795,1.502836,0.060113,0.040000
z_0168_438.000000.png,#630024,1626,3.073724,0.122949,0.040000
z_0168_438.000000.png,#86bdb0,1432,2.706994,0.108280,0.040000
z_0168_438.000000.png,#afeda4,405,0.765595,0.030624,0.040000
z_0168_438.000000.png,#b1d415,5853,11.064272,0.442571,0.040000
z_0168_438.000000.png,#d41515,1173,2.217391,0.088696,0.040000
z_0168_438.000000.png,#f2ec07,96,0.181474,0.007259,0.040000
z_0169_439.000000.png,#15d445,2086,3.943289,0.157732,0.040000
z_0169_439.000000.png,#3281a8,458,0.865784,0.034631,0.040000
z_0169_439.000000.png,#4cd4bb,289,0.546314,0.021853,0.040000
z_0169_439.000000.png,#61d1be,849,1.604915,0.064197,0.040000
z_0169_439.000000.png,#630024,1704,3.221172,0.128847,0.040000
z_0169_439.000000.png,#86bdb0,1612,3.047259,0.121890,0.040000
z_0169_439.000000.png,#afeda4,325,0.614367,0.024575,0.040000
z_0169_439.000000.png,#b1d415,5873,11.102079,0.444083,0.040000
z_0169_439.000000.png,#d41515,1141,2.156900,0.086276,0.040000
z_0169_439.000000.png,#f2ec07,95,0.179584,0.007183,0.040000
z_0170_440.000000.png,#15d445,2050,3.875236,0.155009,0.040000
z_0170_440.000000.png,#3281a8,396,0.748582,0.029943,0.040000
z_0170_440.000000.png,#4cd4bb,297,0.561437,0.022457,0.040000
z_0170_440.000000.png,#61d1be,827,1.563327,0.062533,0.040000
z_0170_440.000000.png,#630024,1738,3.285444,0.131418,0.040000
z_0170_440.000000.png,#86bdb0,1805,3.412098,0.136484,0.040000
z_0170_440.000000.png,#afeda4,233,0.440454,0.017618,0.040000
z_0170_440.000000.png,#b1d415,6067,11.468809,0.458752,0.040000
z_0170_440.000000.png,#d41515,1119,2.115312,0.084612,0.040000
z_0170_440.000000.png,#f2ec07,91,0.172023,0.006881,0.040000
z_0171_441.000000.png,#15d445,2058,3.890359,0.155614,0.040000
z_0171_441.000000.png,#3281a8,339,0.640832,0.025633,0.040000
z_0171_441.000000.png,#4cd4bb,281,0.531191,0.021248,0.040000
z_0171_441.000000.png,#61d1be,806,1.523629,0.060945,0.040000
z_0171_441.000000.png,#630024,1861,3.517958,0.140718,0.040000
z_0171_441.000000.png,#86bdb0,2011,3.801512,0.152060,0.040000
z_0171_441.000000.png,#afeda4,217,0.410208,0.016408,0.040000
z_0171_441.000000.png,#b1d415,6165,11.654064,0.466163,0.040000
z_0171_441.000000.png,#d41515,1113,2.103970,0.084159,0.040000
z_0171_441.000000.png,#f2ec07,78,0.147448,0.005898,0.040000
z_0172_442.000000.png,#15d445,2016,3.810964,0.152439,0.040000
z_0172_442.000000.png,#3281a8,306,0.578450,0.023138,0.040000
z_0172_442.000000.png,#4cd4bb,263,0.497164,0.019887,0.040000
z_0172_442.000000.png,#61d1be,817,1.544423,0.061777,0.040000
z_0172_442.000000.png,#630024,2059,3.892250,0.155690,0.040000
z_0172_442.000000.png,#86bdb0,2121,4.009452,0.160378,0.040000
z_0172_442.000000.png,#afeda4,179,0.338374,0.013535,0.040000
z_0172_442.000000.png,#b1d415,6892,13.028355,0.521134,0.040000
z_0172_442.000000.png,#d41515,1129,2.134216,0.085369,0.040000
z_0172_442.000000.png,#f2ec07,73,0.137996,0.005520,0.040000
z_0173_443.000000.png,#15d445,1996,3.773157,0.150926,0.040000
z_0173_443.000000.png,#3281a8,270,0.510397,0.020416,0.040000
z_0173_443.000000.png,#4cd4bb,238,0.449905,0.017996,0.040000
z_0173_443.000000.png,#61d1be,806,1.523629,0.060945,0.040000
z_0173_443.000000.png,#630024,2206,4.170132,0.166805,0.040000
z_0173_443.000000.png,#86bdb0,2145,4.054820,0.162193,0.040000
z_0173_443.000000.png,#afeda4,155,0.293006,0.011720,0.040000
z_0173_443.000000.png,#b1d415,7082,13.387524,0.535501,0.040000
z_0173_443.000000.png,#d41515,1124,2.124764,0.084991,0.040000
z_0173_443.000000.png,#f2ec07,82,0.155009,0.006200,0.040000
z_0174_444.000000.png,#15d445,1964,3.712665,0.148507,0.040000
z_0174_444.000000.png,#3281a8,222,0.419660,0.016786,0.040000
z_0174_444.000000.png,#4cd4bb,213,0.402647,0.016106,0.040000
z_0174_444.000000.png,#61d1be,810,1.531191,0.061248,0.040000
z_0174_444.000000.png,#630024,2507,4.739130,0.189565,0.040000
z_0174_444.000000.png,#86bdb0,2136,4.037807,0.161512,0.040000
z_0174_444.000000.png,#afeda4,137,0.258979,0.010359,0.040000
z_0174_444.000000.png,#b1d415,7256,13.716446,0.548658,0.040000
z_0174_444.000000.png,#d41515,1077,2.035917,0.081437,0.040000
z_0174_444.000000.png,#f2ec07,100,0.189036,0.007561,0.040000
z_0175_445.000000.png,#15d445,1968,3.720227,0.148809,0.040000
z_0175_445.000000.png,#3281a8,221,0.417769,0.016711,0.040000
z_0175_445.000000.png,#4cd4bb,216,0.408318,0.016333,0.040000
z_0175_445.000000.png,#61d1be,806,1.523629,0.060945,0.040000
z_0175_445.000000.png,#630024,2518,4.759924,0.190397,0.040000
z_0175_445.000000.png,#86bdb0,2135,4.035917,0.161437,0.040000
z_0175_445.000000.png,#afeda4,135,0.255198,0.010208,0.040000
z_0175_445.000000.png,#b1d415,7258,13.720227,0.548809,0.040000
z_0175_445.000000.png,#d41515,1080,2.041588,0.081664,0.040000
z_0175_445.000000.png,#f2ec07,100,0.189036,0.007561,0.040000
z_0176_446.000000.png,#15d445,2181,4.122873,0.164915,0.040000
z_0176_446.000000.png,#3281a8,188,0.355388,0.014216,0.040000
z_0176_446.000000.png,#4cd4bb,206,0.389414,0.015577,0.040000
z_0176_446.000000.png,#61d1be,784,1.482042,0.059282,0.040000
z_0176_446.000000.png,#630024,2942,5.561437,0.222457,0.040000
z_0176_446.000000.png,#86bdb0,2109,3.986767,0.159471,0.040000
z_0176_446.000000.png,#afeda4,68,0.128544,0.005142,0.040000
z_0176_446.000000.png,#b1d415,7447,14.077505,0.563100,0.040000
z_0176_446.000000.png,#d41515,1022,1.931947,0.077278,0.040000
z_0176_446.000000.png,#f2ec07,130,0.245747,0.009830,0.040000
z_0177_447.000000.png,#15d445,2194,4.147448,0.165898,0.040000
z_0177_447.000000.png,#3281a8,171,0.323251,0.012930,0.040000
z_0177_447.000000.png,#4cd4bb,229,0.432892,0.017316,0.040000
z_0177_447.000000.png,#61d1be,776,1.466919,0.058677,0.040000
z_0177_447.000000.png,#630024,3121,5.899811,0.235992,0.040000
z_0177_447.000000.png,#86bdb0,2049,3.873346,0.154934,0.040000
z_0177_447.000000.png,#afeda4,52,0.098299,0.003932,0.040000
z_0177_447.000000.png,#b1d415,7153,13.521739,0.540870,0.040000
z_0177_447.000000.png,#d41515,1103,2.085066,0.083403,0.040000
z_0177_447.000000.png,#f2ec07,146,0.275992,0.011040,0.040000
z_0178_448.000000.png,#15d445,2700,5.103970,0.204159,0.040000
z_0178_448.000000.png,#3281a8,157,0.296786,0.011871,0.040000
z_0178_448.000000.png,#4cd4bb,216,0.408318,0.016333,0.040000
z_0178_448.000000.png,#61d1be,730,1.379962,0.055198,0.040000
z_0178_448.000000.png,#630024,3757,7.102079,0.284083,0.040000
z_0178_448.000000.png,#86bdb0,1950,3.686200,0.147448,0.040000
z_0178_448.000000.png,#afeda4,35,0.066163,0.002647,0.040000
z_0178_448.000000.png,#b1d415,7543,14.258979,0.570359,0.040000
z_0178_448.000000.png,#d41515,1320,2.495274,0.099811,0.040000
z_0178_448.000000.png,#f2ec07,149,0.281664,0.011267,0.040000
z_0179_449.000000.png,#15d445,2707,5.117202,0.204688,0.040000
z_0179_449.000000.png,#3281a8,157,0.296786,0.011871,0.040000
z_0179_449.000000.png,#4cd4bb,216,0.408318,0.016333,0.040000
z_0179_449.000000.png,#61d1be,730,1.379962,0.055198,0.040000
z_0179_449.000000.png,#630024,3779,7.143667,0.285747,0.040000
z_0179_449.000000.png,#86bdb0,1951,3.688091,0.147524,0.040000
z_0179_449.000000.png,#afeda4,36,0.068053,0.002722,0.040000
z_0179_449.000000.png,#b1d415,7501,14.179584,0.567183,0.040000
z_0179_449.000000.png,#d41515,1331,2.516068,0.100643,0.040000
z_0179_449.000000.png,#f2ec07,150,0.283554,0.011342,0.040000
z_0180_450.000000.png,#15d445,2850,5.387524,0.215501,0.040000
z_0180_450.000000.png,#3281a8,159,0.300567,0.012023,0.040000
z_0180_450.000000.png,#4cd4bb,187,0.353497,0.014140,0.040000
z_0180_450.000000.png,#61d1be,716,1.353497,0.054140,0.040000
z_0180_450.000000.png,#630024,3966,7.497164,0.299887,0.040000
z_0180_450.000000.png,#86bdb0,1758,3.323251,0.132930,0.040000
z_0180_450.000000.png,#afeda4,35,0.066163,0.002647,0.040000
z_0180_450.000000.png,#b1d415,6912,13.066163,0.522647,0.040000
z_0180_450.000000.png,#d41515,1470,2.778828,0.111153,0.040000
z_0180_450.000000.png,#f2ec07,151,0.285444,0.011418,0.040000
z_0181_451.000000.png,#15d445,2928,5.534972,0.221399,0.040000
z_0181_451.000000.png,#3281a8,160,0.302457,0.012098,0.040000
z_0181_451.000000.png,#4cd4bb,201,0.379962,0.015198,0.040000
z_0181_451.000000.png,#61d1be,708,1.338374,0.053535,0.040000
z_0181_451.000000.png,#630024,4087,7.725898,0.309036,0.040000
z_0181_451.000000.png,#86bdb0,1670,3.156900,0.126276,0.040000
z_0181_451.000000.png,#afeda4,30,0.056711,0.002268,0.040000
z_0181_451.000000.png,#b1d415,6505,12.296786,0.491871,0.040000
z_0181_451.000000.png,#d41515,1658,3.134216,0.125369,0.040000
z_0181_451.000000.png,#f2ec07,156,0.294896,0.011796,0.040000
z_0182_452.000000.png,#15d445,2891,5.465028,0.218601,0.040000
z_0182_452.000000.png,#3281a8,167,0.315690,0.012628,0.040000
z_0182_452.000000.png,#4cd4bb,195,0.368620,0.014745,0.040000
z_0182_452.000000.png,#61d1be,674,1.274102,0.050964,0.040000
z_0182_452.000000.png,#630024,4197,7.933837,0.317353,0.040000
z_0182_452.000000.png,#86bdb0,1413,2.671078,0.106843,0.040000
z_0182_452.000000.png,#afeda4,24,0.045369,0.001815,0.040000
z_0182_452.000000.png,#b1d415,6114,11.557656,0.462306,0.040000
z_0182_452.000000.png,#d41515,1792,3.387524,0.135501,0.040000
z_0182_452.000000.png,#f2ec07,147,0.277883,0.011115,0.040000
z_0183_453.000000.png,#15d445,2715,5.132325,0.205293,0.040000
z_0183_453.000000.png,#3281a8,157,0.296786,0.011871,0.040000
z_0183_453.000000.png,#4cd4bb,227,0.429112,0.017164,0.040000
z_0183_453.000000.png,#61d1be,675,1.275992,0.051040,0.040000
z_0183_453.000000.png,#630024,2189,4.137996,0.165520,0.040000
z_0183_453.000000.png,#86bdb0,1163,2.198488,0.087940,0.040000
z_0183_453.000000.png,#afeda4,20,0.037807,0.001512,0.040000
z_0183_453.000000.png,#b1d415,5581,10.550095,0.422004,0.040000
z_0183_453.000000.png,#d41515,1886,3.565217,0.142609,0.040000
z_0183_453.000000.png,#f2ec07,143,0.270321,0.010813,0.040000
z_0184_454.000000.png,#15d445,2705,5.113422,0.204537,0.040000
z_0184_454.000000.png,#3281a8,138,0.260870,0.010435,0.040000
z_0184_454.000000.png,#4cd4bb,226,0.427221,0.017089,0.040000
z_0184_454.000000.png,#61d1be,756,1.429112,0.057164,0.040000
z_0184_454.000000.png,#630024,2008,3.795841,0.151834,0.040000
z_0184_454.000000.png,#86bdb0,935,1.767486,0.070699,0.040000
z_0184_454.000000.png,#afeda4,13,0.024575,0.000983,0.040000
z_0184_454.000000.png,#b1d415,5784,10.933837,0.437353,0.040000
z_0184_454.000000.png,#d41515,1925,3.638941,0.145558,0.040000
z_0184_454.000000.png,#f2ec07,139,0.262760,0.010510,0.040000
z_0185_455.000000.png,#15d445,2808,5.308129,0.212325,0.040000
z_0185_455.000000.png,#3281a8,121,0.228733,0.009149,0.040000
z_0185_455.000000.png,#4cd4bb,218,0.412098,0.016484,0.040000
z_0185_455.000000.png,#61d1be,772,1.459357,0.058374,0.040000
z_0185_455.000000.png,#630024,3590,6.786389,0.271456,0.040000
z_0185_455.000000.png,#86bdb0,861,1.627599,0.065104,0.040000
z_0185_455.000000.png,#afeda4,11,0.020794,0.000832,0.040000
z_0185_455.000000.png,#b1d415,5217,9.862004,0.394480,0.040000
z_0185_455.000000.png,#d41515,1911,3.612476,0.144499,0.040000
z_0185_455.000000.png,#f2ec07,146,0.275992,0.011040,0.040000
z_0186_456.000000.png,#15d445,2975,5.623819,0.224953,0.040000
z_0186_456.000000.png,#3281a8,100,0.189036,0.007561,0.040000
z_0186_456.000000.png,#4cd4bb,224,0.423440,0.016938,0.040000
z_0186_456.000000.png,#61d1be,779,1.472590,0.058904,0.040000
z_0186_456.000000.png,#630024,3506,6.627599,0.265104,0.040000
z_0186_456.000000.png,#86bdb0,819,1.548204,0.061928,0.040000
z_0186_456.000000.png,#afeda4,8,0.015123,0.000605,0.040000
z_0186_456.000000.png,#b1d415,4600,8.695652,0.347826,0.040000
z_0186_456.000000.png,#d41515,1937,3.661626,0.146465,0.040000
z_0186_456.000000.png,#f2ec07,154,0.291115,0.011645,0.040000
z_0187_457.000000.png,#15d445,2972,5.618147,0.224726,0.040000
z_0187_457.000000.png,#3281a8,98,0.185255,0.007410,0.040000
z_0187_457.000000.png,#4cd4bb,225,0.425331,0.017013,0.040000
z_0187_457.000000.png,#61d1be,779,1.472590,0.058904,0.040000
z_0187_457.000000.png,#630024,3499,6.614367,0.264575,0.040000
z_0187_457.000000.png,#86bdb0,817,1.544423,0.061777,0.040000
z_0187_457.000000.png,#afeda4,8,0.015123,0.000605,0.040000
z_0187_457.000000.png,#b1d415,4592,8.680529,0.347221,0.040000
z_0187_457.000000.png,#d41515,1933,3.654064,0.146163,0.040000
z_0187_457.000000.png,#f2ec07,153,0.289225,0.011569,0.040000
z_0188_458.000000.png,#15d445,3712,7.017013,0.280681,0.040000
z_0188_458.000000.png,#3281a8,107,0.202268,0.008091,0.040000
z_0188_458.000000.png,#4cd4bb,228,0.431002,0.017240,0.040000
z_0188_458.000000.png,#61d1be,864,1.633270,0.065331,0.040000
z_0188_458.000000.png,#630024,3336,6.306238,0.252250,0.040000
z_0188_458.000000.png,#86bdb0,671,1.268431,0.050737,0.040000
z_0188_458.000000.png,#afeda4,8,0.015123,0.000605,0.040000
z_0188_458.000000.png,#b1d415,3658,6.914934,0.276597,0.040000
z_0188_458.000000.png,#d41515,1815,3.431002,0.137240,0.040000
z_0188_458.000000.png,#f2ec07,173,0.327032,0.013081,0.040000
z_0189_459.000000.png,#15d445,4045,7.646503,0.305860,0.040000
z_0189_459.000000.png,#3281a8,120,0.226843,0.009074,0.040000
z_0189_459.000000.png,#4cd4bb,262,0.495274,0.019811,0.040000
z_0189_459.000000.png,#61d1be,936,1.769376,0.070775,0.040000
z_0189_459.000000.png,#630024,3177,6.005671,0.240227,0.040000
z_0189_459.000000.png,#86bdb0,624,1.179584,0.047183,0.040000
z_0189_459.000000.png,#afeda4,8,0.015123,0.000605,0.040000
z_0189_459.000000.png,#b1d415,3256,6.155009,0.246200,0.040000
z_0189_459.000000.png,#d41515,1727,3.264650,0.130586,0.040000
z_0189_459.000000.png,#f2ec07,191,0.361059,0.014442,0.040000
z_0190_460.000000.png,#15d445,4361,8.243856,0.329754,0.040000
z_0190_460.000000.png,#3281a8,141,0.266541,0.010662,0.040000
z_0190_460.000000.png,#4cd4bb,288,0.544423,0.021777,0.040000
z_0190_460.000000.png,#61d1be,981,1.854442,0.074178,0.040000
z_0190_460.000000.png,#630024,2868,5.421550,0.216862,0.040000
z_0190_460.000000.png,#86bdb0,587,1.109641,0.044386,0.040000
z_0190_460.000000.png,#afeda4,13,0.024575,0.000983,0.040000
z_0190_460.000000.png,#b1d415,2941,5.559546,0.222382,0.040000
z_0190_460.000000.png,#d41515,1659,3.136106,0.125444,0.040000
z_0190_460.000000.png,#f2ec07,203,0.383743,0.015350,0.040000
z_0191_461.000000.png,#15d445,4506,8.517958,0.340718,0.040000
z_0191_461.000000.png,#3281a8,138,0.260870,0.010435,0.040000
z_0191_461.000000.png,#4cd4bb,320,0.604915,0.024197,0.040000
z_0191_461.000000.png,#61d1be,1060,2.003781,0.080151,0.040000
z_0191_461.000000.png,#630024,2643,4.996219,0.199849,0.040000
z_0191_461.000000.png,#86bdb0,558,1.054820,0.042193,0.040000
z_0191_461.000000.png,#afeda4,11,0.020794,0.000832,0.040000
z_0191_461.000000.png,#b1d415,2628,4.967864,0.198715,0.040000
z_0191_461.000000.png,#d41515,1431,2.705104,0.108204,0.040000
z_0191_461.000000.png,#f2ec07,186,0.351607,0.014064,0.040000
z_0192_462.000000.png,#15d445,4592,8.680529,0.347221,0.040000
z_0192_462.000000.png,#3281a8,146,0.275992,0.011040,0.040000
z_0192_462.000000.png,#4cd4bb,337,0.637051,0.025482,0.040000
z_0192_462.000000.png,#61d1be,1119,2.115312,0.084612,0.040000
z_0192_462.000000.png,#630024,2773,5.241966,0.209679,0.040000
z_0192_462.000000.png,#86bdb0,525,0.992439,0.039698,0.040000
z_0192_462.000000.png,#afeda4,12,0.022684,0.000907,0.040000
z_0192_462.000000.png,#b1d415,2450,4.631380,0.185255,0.040000
z_0192_462.000000.png,#d41515,1251,2.364839,0.094594,0.040000
z_0192_462.000000.png,#f2ec07,166,0.313800,0.012552,0.040000
z_0193_463.000000.png,#15d445,4743,8.965974,0.358639,0.040000
z_0193_463.000000.png,#3281a8,149,0.281664,0.011267,0.040000
z_0193_463.000000.png,#4cd4bb,364,0.688091,0.027524,0.040000
z_0193_463.000000.png,#61d1be,1098,2.075614,0.083025,0.040000
z_0193_463.000000.png,#630024,2767,5.230624,0.209225,0.040000
z_0193_463.000000.png,#86bdb0,481,0.909263,0.036371,0.040000
z_0193_463.000000.png,#afeda4,18,0.034026,0.001361,0.040000
z_0193_463.000000.png,#b1d415,2370,4.480151,0.179206,0.040000
z_0193_463.000000.png,#d41515,1013,1.914934,0.076597,0.040000
z_0193_463.000000.png,#f2ec07,159,0.300567,0.012023,0.040000
z_0194_464.000000.png,#15d445,4861,9.189036,0.367561,0.040000
z_0194_464.000000.png,#3281a8,144,0.272212,0.010888,0.040000
z_0194_464.000000.png,#4cd4bb,372,0.703214,0.028129,0.040000
z_0194_464.000000.png,#61d1be,1011,1.911153,0.076446,0.040000
z_0194_464.000000.png,#630024,2845,5.378072,0.215123,0.040000
z_0194_464.000000.png,#86bdb0,443,0.837429,0.033497,0.040000
z_0194_464.000000.png,#afeda4,19,0.035917,0.001437,0.040000
z_0194_464.000000.png,#b1d415,2390,4.517958,0.180718,0.040000
z_0194_464.000000.png,#d41515,697,1.317580,0.052703,0.040000
z_0194_464.000000.png,#f2ec07,151,0.285444,0.011418,0.040000
z_0195_465.000000.png,#15d445,4906,9.274102,0.370964,0.040000
z_0195_465.000000.png,#3281a8,166,0.313800,0.012552,0.040000
z_0195_465.000000.png,#4cd4bb,368,0.695652,0.027826,0.040000
z_0195_465.000000.png,#61d1be,963,1.820416,0.072817,0.040000
z_0195_465.000000.png,#630024,2955,5.586011,0.223440,0.040000
z_0195_465.000000.png,#86bdb0,390,0.737240,0.029490,0.040000
z_0195_465.000000.png,#afeda4,29,0.054820,0.002193,0.040000
z_0195_465.000000.png,#b1d415,2428,4.589792,0.183592,0.040000
z_0195_465.000000.png,#d41515,564,1.066163,0.042647,0.040000
z_0195_465.000000.png,#f2ec07,142,0.268431,0.010737,0.040000
z_0196_466.000000.png,#15d445,5098,9.637051,0.385482,0.040000
z_0196_466.000000.png,#3281a8,180,0.340265,0.013611,0.040000
z_0196_466.000000.png,#4cd4bb,398,0.752363,0.030095,0.040000
z_0196_466.000000.png,#61d1be,966,1.826087,0.073043,0.040000
z_0196_466.000000.png,#630024,3058,5.780718,0.231229,0.040000
z_0196_466.000000.png,#86bdb0,333,0.629490,0.025180,0.040000
z_0196_466.000000.png,#afeda4,30,0.056711,0.002268,0.040000
z_0196_466.000000.png,#b1d415,2524,4.771267,0.190851,0.040000
z_0196_466.000000.png,#d41515,504,0.952741,0.038110,0.040000
z_0196_466.000000.png,#f2ec07,134,0.253308,0.010132,0.040000
z_0197_467.000000.png,#15d445,5214,9.856333,0.394253,0.040000
z_0197_467.000000.png,#3281a8,188,0.355388,0.014216,0.040000
z_0197_467.000000.png,#4cd4bb,402,0.759924,0.030397,0.040000
z_0197_467.000000.png,#61d1be,952,1.799622,0.071985,0.040000
z_0197_467.000000.png,#630024,3086,5.833648,0.233346,0.040000
z_0197_467.000000.png,#86bdb0,299,0.565217,0.022609,0.040000
z_0197_467.000000.png,#afeda4,30,0.056711,0.002268,0.040000
z_0197_467.000000.png,#b1d415,2668,5.043478,0.201739,0.040000
z_0197_467.000000.png,#d41515,395,0.746692,0.029868,0.040000
z_0197_467.000000.png,#f2ec07,124,0.234405,0.009376,0.040000
z_0198_468.000000.png,#15d445,5020,9.489603,0.379584,0.040000
z_0198_468.000000.png,#3281a8,154,0.291115,0.011645,0.040000
z_0198_468.000000.png,#4cd4bb,434,0.820416,0.032817,0.040000
z_0198_468.000000.png,#61d1be,958,1.810964,0.072439,0.040000
z_0198_468.000000.png,#630024,3031,5.729679,0.229187,0.040000
z_0198_468.000000.png,#86bdb0,277,0.523629,0.020945,0.040000
z_0198_468.000000.png,#afeda4,31,0.058601,0.002344,0.040000
z_0198_468.000000.png,#b1d415,2677,5.060491,0.202420,0.040000
z_0198_468.000000.png,#d41515,313,0.591682,0.023667,0.040000
z_0198_468.000000.png,#f2ec07,123,0.232514,0.009301,0.040000
z_0199_469.000000.png,#15d445,3684,6.964083,0.278563,0.040000
z_0199_469.000000.png,#3281a8,166,0.313800,0.012552,0.040000
z_0199_469.000000.png,#4cd4bb,454,0.858223,0.034329,0.040000
z_0199_469.000000.png,#61d1be,925,1.748582,0.069943,0.040000
z_0199_469.000000.png,#630024,2738,5.175803,0.207032,0.040000
z_0199_469.000000.png,#86bdb0,265,0.500945,0.020038,0.040000
z_0199_469.000000.png,#afeda4,32,0.060491,0.002420,0.040000
z_0199_469.000000.png,#b1d415,2665,5.037807,0.201512,0.040000
z_0199_469.000000.png,#d41515,232,0.438563,0.017543,0.040000
z_0199_469.000000.png,#f2ec07,121,0.228733,0.009149,0.040000
z_0200_470.000000.png,#15d445,3555,6.720227,0.268809,0.040000
z_0200_470.000000.png,#3281a8,222,0.419660,0.016786,0.040000
z_0200_470.000000.png,#61d1be,906,1.712665,0.068507,0.040000
z_0200_470.000000.png,#630024,2766,5.228733,0.209149,0.040000
z_0200_470.000000.png,#86bdb0,262,0.495274,0.019811,0.040000
z_0200_470.000000.png,#afeda4,40,0.075614,0.003025,0.040000
z_0200_470.000000.png,#b1d415,2719,5.139887,0.205595,0.040000
z_0200_470.000000.png,#d41515,135,0.255198,0.010208,0.040000
z_0200_470.000000.png,#f2ec07,1598,3.020794,0.120832,0.040000
z_0201_471.000000.png,#15d445,3600,6.805293,0.272212,0.040000
z_0201_471.000000.png,#3281a8,252,0.476371,0.019055,0.040000
z_0201_471.000000.png,#61d1be,880,1.663516,0.066541,0.040000
z_0201_471.000000.png,#630024,2795,5.283554,0.211342,0.040000
z_0201_471.000000.png,#86bdb0,273,0.516068,0.020643,0.040000
z_0201_471.000000.png,#afeda4,44,0.083176,0.003327,0.040000
z_0201_471.000000.png,#b1d415,2717,5.136106,0.205444,0.040000
z_0201_471.000000.png,#d41515,115,0.217391,0.008696,0.040000
z_0201_471.000000.png,#f2ec07,1495,2.826087,0.113043,0.040000
