slice_file,color_hex,blob_count,perimeter_px,perimeter_um,slice_area_um2,slice_thickness_um
z_0001_355.000000.png,#04800e,1,55.941125,2.504827,0.100193,0.040000
z_0001_355.000000.png,#195ba5,3,283.421356,12.690508,0.507620,0.040000
z_0001_355.000000.png,#48e85e,1,88.669048,3.970256,0.158810,0.040000
z_0001_355.000000.png,#774d47,1,86.769553,3.885204,0.155408,0.040000
z_0001_355.000000.png,#7b92a8,2,212.409163,9.510858,0.380434,0.040000
z_0001_355.000000.png,#88bbd1,2,154.124892,6.901115,0.276045,0.040000
z_0001_355.000000.png,#8f82c4,1,57.112698,2.557285,0.102291,0.040000
z_0001_355.000000.png,#91ff78,1,245.178716,10.978151,0.439126,0.040000
z_0001_355.000000.png,#9ed3de,2,115.154329,5.156164,0.206247,0.040000
z_0001_355.000000.png,#a347ff,3,322.534055,14.441823,0.577673,0.040000
z_0001_355.000000.png,#bbb477,1,36.384776,1.629169,0.065167,0.040000
z_0001_355.000000.png,#c4809c,4,180.852814,8.097887,0.323915,0.040000
z_0001_355.000000.png,#c9b7eb,2,127.882251,5.726071,0.229043,0.040000
z_0001_355.000000.png,#ccebb2,2,166.024387,7.433928,0.297357,0.040000
z_0001_355.000000.png,#cfcb80,4,318.190909,14.247354,0.569894,0.040000
z_0001_355.000000.png,#d0dba7,2,184.367532,8.255263,0.330211,0.040000
z_0001_355.000000.png,#ebd234,1,82.183766,3.679870,0.147195,0.040000
z_0001_355.000000.png,#ff6ee9,2,591.386868,26.480009,1.059200,0.040000
z_0001_355.000000.png,#ff73a1,2,182.752309,8.182939,0.327318,0.040000
z_0001_355.000000.png,#ffbe78,4,249.722871,11.181621,0.447265,0.040000
z_0001_355.000000.png,#ffc978,3,202.551299,9.069461,0.362778,0.040000
z_0002_356.000000.png,#04800e,1,58.183766,2.605243,0.104210,0.040000
z_0002_356.000000.png,#195ba5,3,287.764502,12.884978,0.515399,0.040000
z_0002_356.000000.png,#48e85e,1,82.669048,3.701599,0.148064,0.040000
z_0002_356.000000.png,#774d47,1,87.597980,3.922298,0.156892,0.040000
z_0002_356.000000.png,#7b92a8,2,208.752309,9.347118,0.373885,0.040000
z_0002_356.000000.png,#88bbd1,2,160.124892,7.169771,0.286791,0.040000
z_0002_356.000000.png,#8f82c4,1,61.355339,2.747254,0.109890,0.040000
z_0002_356.000000.png,#91ff78,1,246.350288,11.030610,0.441224,0.040000
z_0002_356.000000.png,#9ed3de,2,115.740115,5.182393,0.207296,0.040000
z_0002_356.000000.png,#a347ff,3,322.776695,14.452688,0.578108,0.040000
z_0002_356.000000.png,#bbb477,1,38.384776,1.718721,0.068749,0.040000
z_0002_356.000000.png,#c4809c,4,166.509668,7.455657,0.298226,0.040000
z_0002_356.000000.png,#c9b7eb,1,124.325902,5.566831,0.222673,0.040000
z_0002_356.000000.png,#ccebb2,2,167.195959,7.486386,0.299455,0.040000
z_0002_356.000000.png,#cfcb80,4,321.847763,14.411094,0.576444,0.040000
z_0002_356.000000.png,#d0dba7,1,193.195959,8.650565,0.346023,0.040000
z_0002_356.000000.png,#ebd234,1,85.597980,3.832745,0.153310,0.040000
z_0002_356.000000.png,#ff6ee9,2,610.842712,27.351166,1.094047,0.040000
z_0002_356.000000.png,#ff73a1,3,165.195959,7.396834,0.295873,0.040000
z_0002_356.000000.png,#ffbe78,5,306.249783,13.712677,0.548507,0.040000
z_0002_356.000000.png,#ffc978,3,196.308658,8.789940,0.351598,0.040000
z_0003_357.000000.png,#04800e,1,59.355339,2.657702,0.106308,0.040000
z_0003_357.000000.png,#195ba5,3,301.906638,13.518208,0.540728,0.040000
z_0003_357.000000.png,#48e85e,1,79.597980,3.564089,0.142564,0.040000
z_0003_357.000000.png,#774d47,1,87.597980,3.922298,0.156892,0.040000
z_0003_357.000000.png,#7b92a8,2,211.237590,9.458400,0.378336,0.040000
z_0003_357.000000.png,#88bbd1,2,159.438600,7.139042,0.285562,0.040000
z_0003_357.000000.png,#8f82c4,1,65.355339,2.926358,0.117054,0.040000
z_0003_357.000000.png,#91ff78,1,242.551299,10.860506,0.434420,0.040000
z_0003_357.000000.png,#9ed3de,2,113.154329,5.066612,0.202664,0.040000
z_0003_357.000000.png,#a347ff,4,339.847763,15.217064,0.608683,0.040000
z_0003_357.000000.png,#bbb477,1,40.384776,1.808274,0.072331,0.040000
z_0003_357.000000.png,#c4809c,4,149.195959,6.680416,0.267217,0.040000
z_0003_357.000000.png,#c9b7eb,1,120.911688,5.413956,0.216558,0.040000
z_0003_357.000000.png,#ccebb2,2,165.195959,7.396834,0.295873,0.040000
z_0003_357.000000.png,#cfcb80,4,321.605122,14.400229,0.576009,0.040000
z_0003_357.000000.png,#d0dba7,1,194.710678,8.718389,0.348736,0.040000
z_0003_357.000000.png,#ebd234,1,90.083261,4.033579,0.161343,0.040000
z_0003_357.000000.png,#ff6ee9,2,616.884343,27.621687,1.104867,0.040000
z_0003_357.000000.png,#ff73a1,3,134.225397,6.010092,0.240404,0.040000
z_0003_357.000000.png,#ffbe78,5,339.320851,15.193471,0.607739,0.040000
z_0003_357.000000.png,#ffc978,3,193.480231,8.663294,0.346532,0.040000
z_0004_358.000000.png,#04800e,1,62.183766,2.784348,0.111374,0.040000
z_0004_358.000000.png,#195ba5,3,308.634560,13.819458,0.552778,0.040000
z_0004_358.000000.png,#48e85e,1,77.355339,3.463672,0.138547,0.040000
z_0004_358.000000.png,#774d47,1,86.183766,3.858975,0.154359,0.040000
z_0004_358.000000.png,#7b92a8,2,207.823376,9.305524,0.372221,0.040000
z_0004_358.000000.png,#88bbd1,2,159.438600,7.139042,0.285562,0.040000
z_0004_358.000000.png,#8f82c4,1,68.426407,3.063869,0.122555,0.040000
z_0004_358.000000.png,#91ff78,1,240.551299,10.770954,0.430838,0.040000
z_0004_358.000000.png,#96645c,1,18.485281,0.827699,0.033108,0.040000
z_0004_358.000000.png,#9ed3de,2,113.154329,5.066612,0.202664,0.040000
z_0004_358.000000.png,#a347ff,2,385.345238,17.254264,0.690171,0.040000
z_0004_358.000000.png,#bbb477,1,42.627417,1.908690,0.076348,0.040000
z_0004_358.000000.png,#c4809c,4,138.124892,6.184697,0.247388,0.040000
z_0004_358.000000.png,#c9b7eb,1,118.083261,5.287310,0.211492,0.040000
z_0004_358.000000.png,#ccebb2,2,162.267027,7.265688,0.290628,0.040000
z_0004_358.000000.png,#cfcb80,5,308.149278,13.797729,0.551909,0.040000
z_0004_358.000000.png,#d0dba7,1,202.852814,9.082962,0.363318,0.040000
z_0004_358.000000.png,#ebd234,1,94.669048,4.238913,0.169557,0.040000
z_0004_358.000000.png,#ff6ee9,3,613.813275,27.484177,1.099367,0.040000
z_0004_358.000000.png,#ff73a1,2,116.568542,5.219487,0.208779,0.040000
z_0004_358.000000.png,#ffbe78,5,369.362482,16.538619,0.661545,0.040000
z_0004_358.000000.png,#ffc978,3,184.409163,8.257127,0.330285,0.040000
z_0005_359.000000.png,#04800e,1,66.426407,2.974317,0.118973,0.040000
z_0005_359.000000.png,#195ba5,4,335.019336,15.000866,0.600035,0.040000
z_0005_359.000000.png,#48e85e,1,79.597980,3.564089,0.142564,0.040000
z_0005_359.000000.png,#774d47,1,86.183766,3.858975,0.154359,0.040000
z_0005_359.000000.png,#7b92a8,2,209.480231,9.379712,0.375188,0.040000
z_0005_359.000000.png,#88bbd1,2,159.923882,7.160771,0.286431,0.040000
z_0005_359.000000.png,#8f82c4,1,69.355339,3.105463,0.124219,0.040000
z_0005_359.000000.png,#91ff78,1,241.379726,10.808047,0.432322,0.040000
z_0005_359.000000.png,#96645c,2,33.556349,1.502523,0.060101,0.040000
z_0005_359.000000.png,#9ed3de,2,107.982756,4.835049,0.193402,0.040000
z_0005_359.000000.png,#a347ff,3,391.002092,17.507556,0.700302,0.040000
z_0005_359.000000.png,#bbb477,1,43.798990,1.961149,0.078446,0.040000
z_0005_359.000000.png,#c4809c,4,126.367532,5.658248,0.226330,0.040000
z_0005_359.000000.png,#c9b7eb,1,114.083261,5.108206,0.204328,0.040000
z_0005_359.000000.png,#ccebb2,2,162.509668,7.276552,0.291062,0.040000
z_0005_359.000000.png,#cfcb80,6,299.806133,13.424155,0.536966,0.040000
z_0005_359.000000.png,#d0dba7,2,204.024387,9.135420,0.365417,0.040000
z_0005_359.000000.png,#ebd234,2,110.325902,4.939966,0.197599,0.040000
z_0005_359.000000.png,#ff6ee9,2,621.854906,27.844250,1.113770,0.040000
z_0005_359.000000.png,#ff73a1,2,112.911688,5.055747,0.202230,0.040000
z_0005_359.000000.png,#ffbe78,5,395.362482,17.702798,0.708112,0.040000
z_0005_359.000000.png,#ffc978,3,182.651804,8.178439,0.327138,0.040000
z_0006_360.000000.png,#04800e,1,66.426407,2.974317,0.118973,0.040000
z_0006_360.000000.png,#195ba5,4,350.918831,15.712783,0.628511,0.040000
z_0006_360.000000.png,#48e85e,1,79.597980,3.564089,0.142564,0.040000
z_0006_360.000000.png,#774d47,1,86.183766,3.858975,0.154359,0.040000
z_0006_360.000000.png,#7b92a8,2,212.651804,9.521723,0.380869,0.040000
z_0006_360.000000.png,#88bbd1,2,162.509668,7.276552,0.291062,0.040000
z_0006_360.000000.png,#8f82c4,1,72.284271,3.236609,0.129464,0.040000
z_0006_360.000000.png,#91ff78,1,240.551299,10.770954,0.430838,0.040000
z_0006_360.000000.png,#96645c,2,47.213203,2.114024,0.084561,0.040000
z_0006_360.000000.png,#9ed3de,2,104.811183,4.693038,0.187722,0.040000
z_0006_360.000000.png,#a347ff,4,373.203102,16.710587,0.668423,0.040000
z_0006_360.000000.png,#b2a0fa,2,209.438600,9.377848,0.375114,0.040000
z_0006_360.000000.png,#bbb477,1,45.213203,2.024472,0.080979,0.040000
z_0006_360.000000.png,#c4809c,4,105.154329,4.708403,0.188336,0.040000
z_0006_360.000000.png,#c9b7eb,2,103.597980,4.638716,0.185549,0.040000
z_0006_360.000000.png,#ccebb2,2,161.681241,7.239459,0.289578,0.040000
z_0006_360.000000.png,#cfcb80,5,276.835570,12.395623,0.495825,0.040000
z_0006_360.000000.png,#d0dba7,2,201.195959,9.008774,0.360351,0.040000
z_0006_360.000000.png,#ebd234,2,143.296465,6.416260,0.256650,0.040000
z_0006_360.000000.png,#ff6ee9,3,604.641702,27.073509,1.082940,0.040000
z_0006_360.000000.png,#ff73a1,2,107.154329,4.797955,0.191918,0.040000
z_0006_360.000000.png,#ffbe78,7,439.404112,19.674811,0.786992,0.040000
z_0006_360.000000.png,#ffc978,3,176.509668,7.903418,0.316137,0.040000
z_0007_361.000000.png,#04800e,1,69.840620,3.127192,0.125088,0.040000
z_0007_361.000000.png,#195ba5,5,396.617316,17.758984,0.710359,0.040000
z_0007_361.000000.png,#48e85e,1,77.355339,3.463672,0.138547,0.040000
z_0007_361.000000.png,#774d47,1,87.355339,3.911433,0.156457,0.040000
z_0007_361.000000.png,#7b92a8,2,212.994949,9.537087,0.381483,0.040000
z_0007_361.000000.png,#88bbd1,2,157.095454,7.034125,0.281365,0.040000
z_0007_361.000000.png,#8f82c4,1,73.355339,3.284567,0.131383,0.040000
z_0007_361.000000.png,#91ff78,1,238.308658,10.670537,0.426821,0.040000
z_0007_361.000000.png,#96645c,2,54.870058,2.456868,0.098275,0.040000
z_0007_361.000000.png,#9ed3de,2,103.982756,4.655944,0.186238,0.040000
z_0007_361.000000.png,#a347ff,4,339.847763,15.217064,0.608683,0.040000
z_0007_361.000000.png,#b2a0fa,1,182.710678,8.181075,0.327243,0.040000
z_0007_361.000000.png,#bbb477,1,45.798990,2.050701,0.082028,0.040000
z_0007_361.000000.png,#c4809c,3,85.840620,3.843610,0.153744,0.040000
z_0007_361.000000.png,#c9b7eb,1,85.941125,3.848110,0.153924,0.040000
z_0007_361.000000.png,#ccebb2,2,161.338095,7.224094,0.288964,0.040000
z_0007_361.000000.png,#cfcb80,6,257.279221,11.519965,0.460799,0.040000
z_0007_361.000000.png,#d0dba7,2,204.267027,9.146285,0.365851,0.040000
z_0007_361.000000.png,#ebd234,2,162.367532,7.270188,0.290808,0.040000
z_0007_361.000000.png,#ff6ee9,4,578.984848,25.924695,1.036988,0.040000
z_0007_361.000000.png,#ff73a1,2,100.669048,4.507569,0.180303,0.040000
z_0007_361.000000.png,#ffbe78,9,513.244733,22.981107,0.919244,0.040000
z_0007_361.000000.png,#ffc978,3,167.681241,7.508115,0.300325,0.040000
z_0008_362.000000.png,#04800e,1,72.083261,3.227609,0.129104,0.040000
z_0008_362.000000.png,#195ba5,4,420.717821,18.838111,0.753524,0.040000
z_0008_362.000000.png,#48e85e,1,76.183766,3.411213,0.136449,0.040000
z_0008_362.000000.png,#774d47,1,87.840620,3.933162,0.157326,0.040000
z_0008_362.000000.png,#7b92a8,2,214.994949,9.626640,0.385066,0.040000
z_0008_362.000000.png,#88bbd1,2,159.923882,7.160771,0.286431,0.040000
z_0008_362.000000.png,#8f82c4,1,73.698485,3.299932,0.131997,0.040000
z_0008_362.000000.png,#91ff78,1,240.551299,10.770954,0.430838,0.040000
z_0008_362.000000.png,#96645c,2,61.112698,2.736389,0.109456,0.040000
z_0008_362.000000.png,#9ed3de,2,100.083261,4.481340,0.179254,0.040000
z_0008_362.000000.png,#a347ff,3,312.634560,13.998562,0.559942,0.040000
z_0008_362.000000.png,#b2a0fa,1,183.438600,8.213669,0.328547,0.040000
z_0008_362.000000.png,#bbb477,1,44.384776,1.987378,0.079495,0.040000
z_0008_362.000000.png,#c4809c,3,84.183766,3.769422,0.150777,0.040000
z_0008_362.000000.png,#c9b7eb,1,81.112698,3.631912,0.145276,0.040000
z_0008_362.000000.png,#ccebb2,2,158.509668,7.097448,0.283898,0.040000
z_0008_362.000000.png,#cfcb80,5,247.036580,11.061339,0.442454,0.040000
z_0008_362.000000.png,#d0dba7,3,230.651804,10.327693,0.413108,0.040000
z_0008_362.000000.png,#ebd234,2,179.338095,8.030064,0.321203,0.040000
z_0008_362.000000.png,#ff6ee9,4,558.014285,24.985714,0.999429,0.040000
z_0008_362.000000.png,#ff73a1,2,99.740115,4.465975,0.178639,0.040000
z_0008_362.000000.png,#ffbe78,10,553.487373,24.783017,0.991321,0.040000
z_0008_362.000000.png,#ffc978,3,157.781746,7.064854,0.282594,0.040000
z_0009_363.000000.png,#04800e,1,76.083261,3.406713,0.136269,0.040000
z_0009_363.000000.png,#195ba5,5,438.960461,19.654946,0.786198,0.040000
z_0009_363.000000.png,#48e85e,1,76.183766,3.411213,0.136449,0.040000
z_0009_363.000000.png,#774d47,1,86.183766,3.858975,0.154359,0.040000
z_0009_363.000000.png,#7b92a8,2,219.823376,9.842838,0.393714,0.040000
z_0009_363.000000.png,#88bbd1,2,159.095454,7.123677,0.284947,0.040000
z_0009_363.000000.png,#8f82c4,1,74.284271,3.326161,0.133046,0.040000
z_0009_363.000000.png,#91ff78,1,236.651804,10.596349,0.423854,0.040000
z_0009_363.000000.png,#96645c,2,60.284271,2.699296,0.107972,0.040000
z_0009_363.000000.png,#9ed3de,2,98.325902,4.402652,0.176106,0.040000
z_0009_363.000000.png,#a347ff,4,286.977705,12.849748,0.513990,0.040000
z_0009_363.000000.png,#b2a0fa,1,160.225397,7.174271,0.286971,0.040000
z_0009_363.000000.png,#bbb477,1,45.556349,2.039837,0.081593,0.040000
z_0009_363.000000.png,#c4809c,3,82.183766,3.679870,0.147195,0.040000
z_0009_363.000000.png,#c9b7eb,1,71.455844,3.199515,0.127981,0.040000
z_0009_363.000000.png,#ccebb2,4,162.267027,7.265688,0.290628,0.040000
z_0009_363.000000.png,#cfcb80,5,247.521861,11.083068,0.443323,0.040000
z_0009_363.000000.png,#d0dba7,5,228.894444,10.249005,0.409960,0.040000
z_0009_363.000000.png,#ebd234,2,195.237590,8.741982,0.349679,0.040000
z_0009_363.000000.png,#ff6ee9,4,510.801082,22.871690,0.914868,0.040000
z_0009_363.000000.png,#ff73a1,2,93.154329,4.171089,0.166844,0.040000
z_0009_363.000000.png,#ffbe78,9,589.428499,26.392321,1.055693,0.040000
z_0009_363.000000.png,#ffc978,3,145.882251,6.532041,0.261282,0.040000
z_0009_363.000000.png,#ffcdbd,1,9.071068,0.406167,0.016247,0.040000
z_0010_364.000000.png,#04800e,1,80.325902,3.596682,0.143867,0.040000
z_0010_364.000000.png,#195ba5,5,443.060967,19.838551,0.793542,0.040000
z_0010_364.000000.png,#48e85e,1,74.526912,3.337026,0.133481,0.040000
z_0010_364.000000.png,#774d47,1,85.012193,3.806516,0.152261,0.040000
z_0010_364.000000.png,#7b92a8,2,219.237590,9.816609,0.392664,0.040000
z_0010_364.000000.png,#88bbd1,2,163.095454,7.302782,0.292111,0.040000
z_0010_364.000000.png,#8f82c4,1,74.284271,3.326161,0.133046,0.040000
z_0010_364.000000.png,#91ff78,1,234.894444,10.517662,0.420706,0.040000
z_0010_364.000000.png,#96645c,2,59.698485,2.673066,0.106923,0.040000
z_0010_364.000000.png,#9ed3de,2,94.669048,4.238913,0.169557,0.040000
z_0010_364.000000.png,#a347ff,3,276.492424,12.380258,0.495210,0.040000
z_0010_364.000000.png,#b2a0fa,1,155.982756,6.984303,0.279372,0.040000
z_0010_364.000000.png,#bbb477,1,45.798990,2.050701,0.082028,0.040000
z_0010_364.000000.png,#c4809c,3,82.183766,3.679870,0.147195,0.040000
z_0010_364.000000.png,#c9b7eb,1,69.455844,3.109963,0.124399,0.040000
z_0010_364.000000.png,#ccebb2,3,160.166522,7.171635,0.286865,0.040000
z_0010_364.000000.png,#cfcb80,5,248.450793,11.124662,0.444986,0.040000
z_0010_364.000000.png,#d0dba7,3,258.693434,11.583288,0.463332,0.040000
z_0010_364.000000.png,#ebd234,3,222.551299,9.964984,0.398599,0.040000
z_0010_364.000000.png,#ff6ee9,5,497.730014,22.286419,0.891457,0.040000
z_0010_364.000000.png,#ff73a1,3,72.183766,3.232109,0.129284,0.040000
z_0010_364.000000.png,#ffbe78,10,594.943218,26.639249,1.065570,0.040000
z_0010_364.000000.png,#ffc978,4,161.781746,7.243959,0.289758,0.040000
z_0010_364.000000.png,#ffcdbd,1,15.656854,0.701053,0.028042,0.040000
z_0011_365.000000.png,#04800e,1,85.740115,3.839110,0.153564,0.040000
z_0011_365.000000.png,#195ba5,6,491.688384,22.015898,0.880636,0.040000
z_0011_365.000000.png,#48e85e,1,77.012193,3.448307,0.137932,0.040000
z_0011_365.000000.png,#774d47,1,85.012193,3.806516,0.152261,0.040000
z_0011_365.000000.png,#7b92a8,2,220.066017,9.853702,0.394148,0.040000
z_0011_365.000000.png,#88bbd1,2,164.024387,7.344376,0.293775,0.040000
z_0011_365.000000.png,#8f82c4,1,71.112698,3.184151,0.127366,0.040000
z_0011_365.000000.png,#91ff78,1,237.137085,10.618078,0.424723,0.040000
z_0011_365.000000.png,#96645c,2,55.455844,2.483097,0.099324,0.040000
z_0011_365.000000.png,#9ed3de,2,94.083261,4.212683,0.168507,0.040000
z_0011_365.000000.png,#a347ff,4,238.350288,10.672401,0.426896,0.040000
z_0011_365.000000.png,#b2a0fa,1,146.083261,6.541042,0.261642,0.040000
z_0011_365.000000.png,#bbb477,1,46.142136,2.066066,0.082643,0.040000
z_0011_365.000000.png,#c4809c,3,81.840620,3.664505,0.146580,0.040000
z_0011_365.000000.png,#c9b7eb,1,67.698485,3.031275,0.121251,0.040000
z_0011_365.000000.png,#ccebb2,3,162.267027,7.265688,0.290628,0.040000
z_0011_365.000000.png,#cfcb80,5,245.178716,10.978151,0.439126,0.040000
z_0011_365.000000.png,#d0dba7,3,271.764502,12.168560,0.486742,0.040000
z_0011_365.000000.png,#ebd234,4,254.793939,11.408684,0.456347,0.040000
z_0011_365.000000.png,#ff6ee9,5,468.759451,20.989229,0.839569,0.040000
z_0011_365.000000.png,#ff73a1,2,64.284271,2.878400,0.115136,0.040000
z_0011_365.000000.png,#ffbe78,10,597.386868,26.748666,1.069947,0.040000
z_0011_365.000000.png,#ffc978,4,160.267027,7.176136,0.287045,0.040000
z_0011_365.000000.png,#ffcdbd,1,19.899495,0.891022,0.035641,0.040000
z_0012_366.000000.png,#04800e,1,85.740115,3.839110,0.153564,0.040000
z_0012_366.000000.png,#195ba5,6,492.274170,22.042127,0.881685,0.040000
z_0012_366.000000.png,#48e85e,1,76.183766,3.411213,0.136449,0.040000
z_0012_366.000000.png,#774d47,1,85.012193,3.806516,0.152261,0.040000
z_0012_366.000000.png,#7b92a8,2,220.066017,9.853702,0.394148,0.040000
z_0012_366.000000.png,#88bbd1,2,164.024387,7.344376,0.293775,0.040000
z_0012_366.000000.png,#8f82c4,1,71.112698,3.184151,0.127366,0.040000
z_0012_366.000000.png,#91ff78,1,237.379726,10.628943,0.425158,0.040000
z_0012_366.000000.png,#96645c,2,56.284271,2.520191,0.100808,0.040000
z_0012_366.000000.png,#9ed3de,2,94.083261,4.212683,0.168507,0.040000
z_0012_366.000000.png,#a347ff,4,241.521861,10.814412,0.432576,0.040000
z_0012_366.000000.png,#b2a0fa,1,146.083261,6.541042,0.261642,0.040000
z_0012_366.000000.png,#bbb477,1,46.142136,2.066066,0.082643,0.040000
z_0012_366.000000.png,#c4809c,3,81.840620,3.664505,0.146580,0.040000
z_0012_366.000000.png,#c9b7eb,1,67.698485,3.031275,0.121251,0.040000
z_0012_366.000000.png,#ccebb2,3,161.923882,7.250323,0.290013,0.040000
z_0012_366.000000.png,#cfcb80,5,244.592929,10.951922,0.438077,0.040000
z_0012_366.000000.png,#d0dba7,3,271.178716,12.142331,0.485693,0.040000
z_0012_366.000000.png,#ebd234,4,254.793939,11.408684,0.456347,0.040000
z_0012_366.000000.png,#ff6ee9,4,458.274170,20.519739,0.820790,0.040000
z_0012_366.000000.png,#ff73a1,2,65.112698,2.915494,0.116620,0.040000
z_0012_366.000000.png,#ffbe78,10,599.872150,26.859947,1.074398,0.040000
z_0012_366.000000.png,#ffc978,4,161.095454,7.213229,0.288529,0.040000
z_0012_366.000000.png,#ffcdbd,1,19.899495,0.891022,0.035641,0.040000
z_0013_367.000000.png,#04800e,1,89.982756,4.029079,0.161163,0.040000
z_0013_367.000000.png,#195ba5,5,511.404112,22.898692,0.915948,0.040000
z_0013_367.000000.png,#48e85e,1,74.526912,3.337026,0.133481,0.040000
z_0013_367.000000.png,#774d47,1,82.183766,3.679870,0.147195,0.040000
z_0013_367.000000.png,#7b92a8,2,224.409163,10.048171,0.401927,0.040000
z_0013_367.000000.png,#88bbd1,2,168.852814,7.560574,0.302423,0.040000
z_0013_367.000000.png,#8f82c4,1,69.112698,3.094598,0.123784,0.040000
z_0013_367.000000.png,#91ff78,1,236.066017,10.570120,0.422805,0.040000
z_0013_367.000000.png,#96645c,2,52.627417,2.356452,0.094258,0.040000
z_0013_367.000000.png,#9ed3de,2,83.740115,3.749557,0.149982,0.040000
z_0013_367.000000.png,#a347ff,2,198.894444,8.905721,0.356229,0.040000
z_0013_367.000000.png,#b2a0fa,1,150.811183,6.752740,0.270110,0.040000
z_0013_367.000000.png,#bbb477,1,46.384776,2.076930,0.083077,0.040000
z_0013_367.000000.png,#c4809c,3,83.597980,3.743193,0.149728,0.040000
z_0013_367.000000.png,#c9b7eb,1,64.870058,2.904629,0.116185,0.040000
z_0013_367.000000.png,#ccebb2,5,234.308658,10.491432,0.419657,0.040000
z_0013_367.000000.png,#cfcb80,5,242.450793,10.856006,0.434240,0.040000
z_0013_367.000000.png,#d0dba7,3,233.580736,10.458839,0.418354,0.040000
z_0013_367.000000.png,#ebd234,4,271.865007,12.173060,0.486922,0.040000
z_0013_367.000000.png,#ff6ee9,4,448.416306,20.078342,0.803134,0.040000
z_0013_367.000000.png,#ff73a1,2,73.254834,3.280067,0.131203,0.040000
z_0013_367.000000.png,#ffbe78,10,590.801082,26.453780,1.058151,0.040000
z_0013_367.000000.png,#ffc978,5,210.894444,9.443035,0.377721,0.040000
z_0013_367.000000.png,#ffcdbd,1,23.899495,1.070127,0.042805,0.040000
z_0014_368.000000.png,#04800e,1,93.982756,4.208183,0.168327,0.040000
z_0014_368.000000.png,#195ba5,5,546.274170,24.460037,0.978401,0.040000
z_0014_368.000000.png,#48e85e,1,74.769553,3.347890,0.133916,0.040000
z_0014_368.000000.png,#774d47,1,79.597980,3.564089,0.142564,0.040000
z_0014_368.000000.png,#7b92a8,2,227.480231,10.185682,0.407427,0.040000
z_0014_368.000000.png,#88bbd1,2,174.852814,7.829230,0.313169,0.040000
z_0014_368.000000.png,#8f82c4,2,90.769553,4.064308,0.162572,0.040000
z_0014_368.000000.png,#91ff78,1,234.894444,10.517662,0.420706,0.040000
z_0014_368.000000.png,#96645c,2,50.627417,2.266899,0.090676,0.040000
z_0014_368.000000.png,#9ed3de,2,75.012193,3.358755,0.134350,0.040000
z_0014_368.000000.png,#a347ff,3,178.651804,7.999334,0.319973,0.040000
z_0014_368.000000.png,#b2a0fa,2,148.225397,6.636958,0.265478,0.040000
z_0014_368.000000.png,#bbb477,1,48.384776,2.166483,0.086659,0.040000
z_0014_368.000000.png,#c4809c,3,90.911688,4.070673,0.162827,0.040000
z_0014_368.000000.png,#c9b7eb,1,63.798990,2.856671,0.114267,0.040000
z_0014_368.000000.png,#ccebb2,5,264.492424,11.842944,0.473718,0.040000
z_0014_368.000000.png,#cfcb80,5,246.894444,11.054975,0.442199,0.040000
z_0014_368.000000.png,#d0dba7,3,229.095454,10.258005,0.410320,0.040000
z_0014_368.000000.png,#ebd234,4,297.320851,13.312874,0.532515,0.040000
z_0014_368.000000.png,#ff6ee9,4,443.830519,19.873008,0.794920,0.040000
z_0014_368.000000.png,#ff73a1,2,77.254834,3.459172,0.138367,0.040000
z_0014_368.000000.png,#ffbe78,11,587.043723,26.285540,1.051422,0.040000
z_0014_368.000000.png,#ffc978,5,236.107648,10.571984,0.422879,0.040000
z_0014_368.000000.png,#ffcdbd,1,26.727922,1.196773,0.047871,0.040000
z_0015_369.000000.png,#04800e,1,97.982756,4.387288,0.175492,0.040000
z_0015_369.000000.png,#195ba5,5,559.931024,25.071538,1.002862,0.040000
z_0015_369.000000.png,#48e85e,1,74.769553,3.347890,0.133916,0.040000
z_0015_369.000000.png,#774d47,1,77.597980,3.474536,0.138981,0.040000
z_0015_369.000000.png,#7b92a8,2,233.722871,10.465203,0.418608,0.040000
z_0015_369.000000.png,#88bbd1,2,182.267027,8.161210,0.326448,0.040000
z_0015_369.000000.png,#8f82c4,2,104.669048,4.686674,0.187467,0.040000
z_0015_369.000000.png,#91ff78,1,231.823376,10.380151,0.415206,0.040000
z_0015_369.000000.png,#96645c,2,48.627417,2.177347,0.087094,0.040000
z_0015_369.000000.png,#9ed3de,2,72.183766,3.232109,0.129284,0.040000
z_0015_369.000000.png,#a347ff,3,162.267027,7.265688,0.290628,0.040000
z_0015_369.000000.png,#b2a0fa,1,109.497475,4.902872,0.196115,0.040000
z_0015_369.000000.png,#bbb477,1,49.798990,2.229806,0.089192,0.040000
z_0015_369.000000.png,#c4809c,3,94.325902,4.223548,0.168942,0.040000
z_0015_369.000000.png,#c9b7eb,1,64.384776,2.882900,0.115316,0.040000
z_0015_369.000000.png,#ccebb2,5,281.906638,12.622685,0.504907,0.040000
z_0015_369.000000.png,#cfcb80,6,281.178716,12.590092,0.503604,0.040000
z_0015_369.000000.png,#d0dba7,4,234.752309,10.511297,0.420452,0.040000
z_0015_369.000000.png,#ebd234,5,291.320851,13.044217,0.521769,0.040000
z_0015_369.000000.png,#ff6ee9,4,440.073160,19.704768,0.788191,0.040000
z_0015_369.000000.png,#ff73a1,2,83.012193,3.716964,0.148679,0.040000
z_0015_369.000000.png,#ffbe78,12,593.730014,26.584926,1.063397,0.040000
z_0015_369.000000.png,#ffc978,5,241.279221,10.803547,0.432142,0.040000
z_0015_369.000000.png,#ffcdbd,1,26.727922,1.196773,0.047871,0.040000
z_0016_370.000000.png,#04800e,3,135.195959,6.053550,0.242142,0.040000
z_0016_370.000000.png,#195ba5,5,573.445743,25.676675,1.027067,0.040000
z_0016_370.000000.png,#48e85e,1,71.698485,3.210380,0.128415,0.040000
z_0016_370.000000.png,#774d47,1,75.355339,3.374120,0.134965,0.040000
z_0016_370.000000.png,#7b92a8,2,243.279221,10.893099,0.435724,0.040000
z_0016_370.000000.png,#88bbd1,2,186.024387,8.329450,0.333178,0.040000
z_0016_370.000000.png,#8f82c4,2,108.911688,4.876643,0.195066,0.040000
z_0016_370.000000.png,#91ff78,1,229.722871,10.286099,0.411444,0.040000
z_0016_370.000000.png,#96645c,2,49.213203,2.203576,0.088143,0.040000
z_0016_370.000000.png,#9ed3de,2,65.355339,2.926358,0.117054,0.040000
z_0016_370.000000.png,#a347ff,4,140.953319,6.311343,0.252454,0.040000
z_0016_370.000000.png,#b2a0fa,2,135.296465,6.058051,0.242322,0.040000
z_0016_370.000000.png,#bbb477,1,51.213203,2.293129,0.091725,0.040000
z_0016_370.000000.png,#c4809c,3,93.740115,4.197319,0.167893,0.040000
z_0016_370.000000.png,#c9b7eb,1,67.213203,3.009546,0.120382,0.040000
z_0016_370.000000.png,#ccebb2,5,296.391919,13.271280,0.530851,0.040000
z_0016_370.000000.png,#cfcb80,7,354.735065,15.883660,0.635346,0.040000
z_0016_370.000000.png,#d0dba7,5,236.994949,10.611714,0.424469,0.040000
z_0016_370.000000.png,#ebd234,6,302.048773,13.524572,0.540983,0.040000
z_0016_370.000000.png,#ff6ee9,4,428.658946,19.193684,0.767747,0.040000
z_0016_370.000000.png,#ff73a1,2,92.669048,4.149360,0.165974,0.040000
z_0016_370.000000.png,#ffbe78,12,575.185858,25.754591,1.030184,0.040000
z_0016_370.000000.png,#ffc978,5,254.007143,11.373454,0.454938,0.040000
z_0016_370.000000.png,#ffcdbd,1,26.485281,1.185908,0.047436,0.040000
z_0017_371.000000.png,#04800e,4,177.580736,7.951376,0.318055,0.040000
z_0017_371.000000.png,#195ba5,6,560.274170,25.086903,1.003476,0.040000
z_0017_371.000000.png,#48e85e,1,73.698485,3.299932,0.131997,0.040000
z_0017_371.000000.png,#774d47,1,72.769553,3.258338,0.130334,0.040000
z_0017_371.000000.png,#7b92a8,3,235.036580,10.524026,0.420961,0.040000
z_0017_371.000000.png,#88bbd1,2,189.296465,8.475961,0.339038,0.040000
z_0017_371.000000.png,#8f82c4,2,111.254834,4.981560,0.199262,0.040000
z_0017_371.000000.png,#91ff78,1,228.551299,10.233640,0.409346,0.040000
z_0017_371.000000.png,#96645c,2,50.041631,2.240670,0.089627,0.040000
z_0017_371.000000.png,#9ed3de,2,63.112698,2.825942,0.113038,0.040000
z_0017_371.000000.png,#a347ff,4,143.882251,6.442489,0.257700,0.040000
z_0017_371.000000.png,#b2a0fa,3,180.852814,8.097887,0.323915,0.040000
z_0017_371.000000.png,#bbb477,1,50.384776,2.256035,0.090241,0.040000
z_0017_371.000000.png,#c4809c,3,99.154329,4.439746,0.177590,0.040000
z_0017_371.000000.png,#c9b7eb,1,72.870058,3.262838,0.130514,0.040000
z_0017_371.000000.png,#ccebb2,5,308.291414,13.804093,0.552164,0.040000
z_0017_371.000000.png,#cfcb80,9,460.274170,20.609291,0.824372,0.040000
z_0017_371.000000.png,#d0dba7,5,233.480231,10.454339,0.418174,0.040000
z_0017_371.000000.png,#ebd234,5,311.462987,13.946104,0.557844,0.040000
z_0017_371.000000.png,#ff6ee9,4,419.931024,18.802882,0.752115,0.040000
z_0017_371.000000.png,#ff73a1,2,100.325902,4.492205,0.179688,0.040000
z_0017_371.000000.png,#ffbe78,11,580.014285,25.970789,1.038832,0.040000
z_0017_371.000000.png,#ffc978,6,282.835570,12.664279,0.506571,0.040000
z_0017_371.000000.png,#ffcdbd,1,27.313708,1.223002,0.048920,0.040000
z_0018_372.000000.png,#04800e,3,250.107648,11.198850,0.447954,0.040000
z_0018_372.000000.png,#195ba5,6,562.516811,25.187320,1.007493,0.040000
z_0018_372.000000.png,#48e85e,1,73.112698,3.273703,0.130948,0.040000
z_0018_372.000000.png,#774d47,1,71.355339,3.195015,0.127801,0.040000
z_0018_372.000000.png,#7b92a8,3,223.965512,10.028307,0.401132,0.040000
z_0018_372.000000.png,#88bbd1,2,202.852814,9.082962,0.363318,0.040000
z_0018_372.000000.png,#8f82c4,2,116.911688,5.234852,0.209394,0.040000
z_0018_372.000000.png,#91ff78,1,230.894444,10.338557,0.413542,0.040000
z_0018_372.000000.png,#96645c,2,49.455844,2.214441,0.088578,0.040000
z_0018_372.000000.png,#9ed3de,2,59.941125,2.683931,0.107357,0.040000
z_0018_372.000000.png,#a347ff,3,141.982756,6.357437,0.254297,0.040000
z_0018_372.000000.png,#b2a0fa,4,246.450793,11.035110,0.441404,0.040000
z_0018_372.000000.png,#bbb477,1,50.384776,2.256035,0.090241,0.040000
z_0018_372.000000.png,#c4809c,3,104.811183,4.693038,0.187722,0.040000
z_0018_372.000000.png,#c9b7eb,1,71.798990,3.214880,0.128595,0.040000
z_0018_372.000000.png,#ccebb2,6,327.705627,14.673386,0.586935,0.040000
z_0018_372.000000.png,#cfcb80,9,566.499567,25.365652,1.014626,0.040000
z_0018_372.000000.png,#d0dba7,6,230.308658,10.312328,0.412493,0.040000
z_0018_372.000000.png,#ebd234,7,306.634560,13.729906,0.549196,0.040000
z_0018_372.000000.png,#ff6ee9,4,406.617316,18.206745,0.728270,0.040000
z_0018_372.000000.png,#ff73a1,2,104.911688,4.697538,0.187902,0.040000
z_0018_372.000000.png,#ffbe78,10,576.499567,25.813413,1.032537,0.040000
z_0018_372.000000.png,#ffc978,6,287.764502,12.884978,0.515399,0.040000
z_0018_372.000000.png,#ffcdbd,1,32.970563,1.476294,0.059052,0.040000
z_0019_373.000000.png,#04800e,4,304.534055,13.635853,0.545434,0.040000
z_0019_373.000000.png,#195ba5,7,544.901587,24.398579,0.975943,0.040000
z_0019_373.000000.png,#48e85e,1,72.769553,3.258338,0.130334,0.040000
z_0019_373.000000.png,#774d47,1,67.698485,3.031275,0.121251,0.040000
z_0019_373.000000.png,#7b92a8,3,224.450793,10.050036,0.402001,0.040000
z_0019_373.000000.png,#88bbd1,2,216.852814,9.709827,0.388393,0.040000
z_0019_373.000000.png,#8f82c4,2,117.497475,5.261081,0.210443,0.040000
z_0019_373.000000.png,#91ff78,1,231.722871,10.375651,0.415026,0.040000
z_0019_373.000000.png,#96645c,2,48.041631,2.151118,0.086045,0.040000
z_0019_373.000000.png,#9ed3de,2,59.698485,2.673066,0.106923,0.040000
z_0019_373.000000.png,#a347ff,3,135.982756,6.088780,0.243551,0.040000
z_0019_373.000000.png,#b2a0fa,4,276.592929,12.384758,0.495390,0.040000
z_0019_373.000000.png,#bbb477,1,50.627417,2.266899,0.090676,0.040000
z_0019_373.000000.png,#c4809c,4,144.024387,6.448853,0.257954,0.040000
z_0019_373.000000.png,#c9b7eb,2,98.526912,4.411653,0.176466,0.040000
z_0019_373.000000.png,#ccebb2,5,331.119841,14.826262,0.593050,0.040000
z_0019_373.000000.png,#cfcb80,10,667.068109,29.868721,1.194749,0.040000
z_0019_373.000000.png,#d0dba7,8,217.237590,9.727056,0.389082,0.040000
z_0019_373.000000.png,#ebd234,6,295.563492,13.234186,0.529367,0.040000
z_0019_373.000000.png,#ff270f,1,19.313708,0.864793,0.034592,0.040000
z_0019_373.000000.png,#ff6ee9,4,400.374675,17.927224,0.717089,0.040000
z_0019_373.000000.png,#ff73a1,3,146.710678,6.569135,0.262765,0.040000
z_0019_373.000000.png,#ffbe78,12,595.913780,26.682707,1.067308,0.040000
z_0019_373.000000.png,#ffc978,6,294.592929,13.190728,0.527629,0.040000
z_0019_373.000000.png,#ffcdbd,1,34.727922,1.554982,0.062199,0.040000
z_0020_374.000000.png,#04800e,3,335.889394,15.039824,0.601593,0.040000
z_0020_374.000000.png,#195ba5,8,508.416306,22.764909,0.910596,0.040000
z_0020_374.000000.png,#48e85e,1,73.012193,3.269203,0.130768,0.040000
z_0020_374.000000.png,#774d47,1,65.455844,2.930859,0.117234,0.040000
z_0020_374.000000.png,#7b92a8,3,219.036580,9.807608,0.392304,0.040000
z_0020_374.000000.png,#88bbd1,1,221.438600,9.915161,0.396606,0.040000
z_0020_374.000000.png,#8f82c4,2,117.497475,5.261081,0.210443,0.040000
z_0020_374.000000.png,#91ff78,1,231.137085,10.349422,0.413977,0.040000
z_0020_374.000000.png,#96645c,2,46.627417,2.087795,0.083512,0.040000
z_0020_374.000000.png,#9ed3de,2,55.455844,2.483097,0.099324,0.040000
z_0020_374.000000.png,#a347ff,3,125.154329,5.603925,0.224157,0.040000
z_0020_374.000000.png,#b2a0fa,3,336.291414,15.057825,0.602313,0.040000
z_0020_374.000000.png,#bbb477,2,89.012193,3.985621,0.159425,0.040000
z_0020_374.000000.png,#c4809c,4,168.267027,7.534345,0.301374,0.040000
z_0020_374.000000.png,#c9b7eb,2,98.526912,4.411653,0.176466,0.040000
z_0020_374.000000.png,#ccebb2,6,347.261977,15.549044,0.621962,0.040000
z_0020_374.000000.png,#cfcb80,7,736.523953,32.978684,1.319147,0.040000
z_0020_374.000000.png,#d0dba7,7,248.450793,11.124662,0.444986,0.040000
z_0020_374.000000.png,#ebd234,6,294.149278,13.170863,0.526835,0.040000
z_0020_374.000000.png,#ff270f,1,20.727922,0.928116,0.037125,0.040000
z_0020_374.000000.png,#ff6ee9,4,395.788889,17.721891,0.708876,0.040000
z_0020_374.000000.png,#ff73a1,4,205.823376,9.215972,0.368639,0.040000
z_0020_374.000000.png,#ffbe78,11,623.470129,27.916573,1.116663,0.040000
z_0020_374.000000.png,#ffc978,5,314.634560,14.088115,0.563525,0.040000
z_0020_374.000000.png,#ffcdbd,2,49.213203,2.203576,0.088143,0.040000
z_0021_375.000000.png,#04800e,4,388.516811,17.396275,0.695851,0.040000
z_0021_375.000000.png,#195ba5,9,503.587878,22.548711,0.901948,0.040000
z_0021_375.000000.png,#48e85e,1,73.597980,3.295432,0.131817,0.040000
z_0021_375.000000.png,#774d47,1,62.384776,2.793348,0.111734,0.040000
z_0021_375.000000.png,#7b92a8,3,216.651804,9.700827,0.388033,0.040000
z_0021_375.000000.png,#88bbd1,1,220.610173,9.878067,0.395123,0.040000
z_0021_375.000000.png,#8f82c4,2,114.325902,5.119070,0.204763,0.040000
z_0021_375.000000.png,#91ff78,1,229.722871,10.286099,0.411444,0.040000
z_0021_375.000000.png,#96645c,2,46.870058,2.098659,0.083946,0.040000
z_0021_375.000000.png,#9ed3de,2,50.870058,2.277764,0.091111,0.040000
z_0021_375.000000.png,#a347ff,2,118.083261,5.287310,0.211492,0.040000
z_0021_375.000000.png,#b2a0fa,2,351.504617,15.739013,0.629561,0.040000
z_0021_375.000000.png,#bbb477,2,113.154329,5.066612,0.202664,0.040000
z_0021_375.000000.png,#c4809c,4,174.509668,7.813866,0.312555,0.040000
z_0021_375.000000.png,#c9b7eb,2,99.597980,4.459611,0.178384,0.040000
z_0021_375.000000.png,#ccebb2,6,361.261977,16.175909,0.647036,0.040000
z_0021_375.000000.png,#cfcb80,6,768.423448,34.407020,1.376281,0.040000
z_0021_375.000000.png,#d0dba7,7,245.521861,10.993516,0.439741,0.040000
z_0021_375.000000.png,#ebd234,6,288.592929,12.922071,0.516883,0.040000
z_0021_375.000000.png,#ff270f,1,30.142136,1.349648,0.053986,0.040000
z_0021_375.000000.png,#ff6ee9,4,391.788889,17.542786,0.701711,0.040000
z_0021_375.000000.png,#ff73a1,4,233.580736,10.458839,0.418354,0.040000
z_0021_375.000000.png,#ffbe78,10,643.896536,28.831188,1.153248,0.040000
z_0021_375.000000.png,#ffc978,5,318.776695,14.273583,0.570943,0.040000
z_0021_375.000000.png,#ffcdbd,2,57.213203,2.561785,0.102471,0.040000
z_0022_376.000000.png,#04800e,3,425.286363,19.042673,0.761707,0.040000
z_0022_376.000000.png,#195ba5,8,512.859956,22.963879,0.918555,0.040000
z_0022_376.000000.png,#48e85e,1,75.012193,3.358755,0.134350,0.040000
z_0022_376.000000.png,#774d47,1,61.213203,2.740890,0.109636,0.040000
z_0022_376.000000.png,#7a0474,1,21.313708,0.954345,0.038174,0.040000
z_0022_376.000000.png,#7b92a8,3,220.894444,9.890796,0.395632,0.040000
z_0022_376.000000.png,#88bbd1,1,220.610173,9.878067,0.395123,0.040000
z_0022_376.000000.png,#8f82c4,2,113.154329,5.066612,0.202664,0.040000
z_0022_376.000000.png,#91ff78,1,228.308658,10.222776,0.408911,0.040000
z_0022_376.000000.png,#96645c,2,50.284271,2.251535,0.090061,0.040000
z_0022_376.000000.png,#9ed3de,2,48.627417,2.177347,0.087094,0.040000
z_0022_376.000000.png,#a347ff,2,126.325902,5.656384,0.226255,0.040000
z_0022_376.000000.png,#b2a0fa,3,335.119841,15.005366,0.600215,0.040000
z_0022_376.000000.png,#bbb477,2,123.982756,5.551467,0.222059,0.040000
z_0022_376.000000.png,#c4809c,5,334.048773,14.957408,0.598296,0.040000
z_0022_376.000000.png,#c9b7eb,2,105.254834,4.712903,0.188516,0.040000
z_0022_376.000000.png,#ccebb2,6,365.161472,16.350514,0.654021,0.040000
z_0022_376.000000.png,#cfcb80,6,790.121933,35.378594,1.415144,0.040000
z_0022_376.000000.png,#d0dba7,8,280.592929,12.563862,0.502554,0.040000
z_0022_376.000000.png,#ebd234,6,284.592929,12.742967,0.509719,0.040000
z_0022_376.000000.png,#ff270f,1,38.970563,1.744951,0.069798,0.040000
z_0022_376.000000.png,#ff6ee9,4,398.031529,17.822307,0.712892,0.040000
z_0022_376.000000.png,#ff73a1,4,258.208153,11.561559,0.462462,0.040000
z_0022_376.000000.png,#ffbe78,11,686.724963,30.748879,1.229955,0.040000
z_0022_376.000000.png,#ffc978,5,335.119841,15.005366,0.600215,0.040000
z_0022_376.000000.png,#ffcdbd,2,65.698485,2.941723,0.117669,0.040000
z_0023_377.000000.png,#04800e,3,431.043723,19.300465,0.772019,0.040000
z_0023_377.000000.png,#195ba5,9,512.859956,22.963879,0.918555,0.040000
z_0023_377.000000.png,#48e85e,1,77.012193,3.448307,0.137932,0.040000
z_0023_377.000000.png,#774d47,1,60.870058,2.725525,0.109021,0.040000
z_0023_377.000000.png,#7a0474,1,28.142136,1.260096,0.050404,0.040000
z_0023_377.000000.png,#7b92a8,3,216.894444,9.711692,0.388468,0.040000
z_0023_377.000000.png,#88bbd1,2,213.681241,9.567817,0.382713,0.040000
z_0023_377.000000.png,#8f82c4,2,105.597980,4.728268,0.189131,0.040000
z_0023_377.000000.png,#91ff78,2,261.178716,11.694569,0.467783,0.040000
z_0023_377.000000.png,#96645c,2,52.526912,2.351951,0.094078,0.040000
z_0023_377.000000.png,#9ed3de,2,49.455844,2.214441,0.088578,0.040000
z_0023_377.000000.png,#a347ff,2,127.740115,5.719707,0.228788,0.040000
z_0023_377.000000.png,#b2a0fa,3,326.291414,14.610063,0.584403,0.040000
z_0023_377.000000.png,#bbb477,3,185.923882,8.324950,0.332998,0.040000
z_0023_377.000000.png,#c4809c,5,343.019336,15.359075,0.614363,0.040000
z_0023_377.000000.png,#c9b7eb,2,110.325902,4.939966,0.197599,0.040000
z_0023_377.000000.png,#ccebb2,6,376.090404,16.839869,0.673595,0.040000
z_0023_377.000000.png,#cfcb80,6,818.648845,36.655918,1.466237,0.040000
z_0023_377.000000.png,#d0dba7,6,316.190909,14.157802,0.566312,0.040000
z_0023_377.000000.png,#ebd234,6,291.764502,13.064082,0.522563,0.040000
z_0023_377.000000.png,#ff270f,2,58.870058,2.635973,0.105439,0.040000
z_0023_377.000000.png,#ff6ee9,5,393.060967,17.599745,0.703990,0.040000
z_0023_377.000000.png,#ff73a1,4,280.350288,12.552998,0.502120,0.040000
z_0023_377.000000.png,#ffbe78,11,682.724963,30.569774,1.222791,0.040000
z_0023_377.000000.png,#ffc978,6,356.676190,15.970576,0.638823,0.040000
z_0023_377.000000.png,#ffcdbd,2,73.112698,3.273703,0.130948,0.040000
z_0024_378.000000.png,#04800e,2,150.024387,6.717510,0.268700,0.040000
z_0024_378.000000.png,#195ba5,8,468.717821,20.987365,0.839495,0.040000
z_0024_378.000000.png,#48e85e,1,77.840620,3.485401,0.139416,0.040000
z_0024_378.000000.png,#4cc7b6,1,9.656854,0.432396,0.017296,0.040000
z_0024_378.000000.png,#774d47,1,56.041631,2.509327,0.100373,0.040000
z_0024_378.000000.png,#7a0474,1,30.727922,1.375877,0.055035,0.040000
z_0024_378.000000.png,#7b92a8,3,208.994949,9.357983,0.374319,0.040000
z_0024_378.000000.png,#88bbd1,2,203.681241,9.120056,0.364802,0.040000
z_0024_378.000000.png,#8f82c4,2,98.769553,4.422517,0.176901,0.040000
z_0024_378.000000.png,#91ff78,2,280.492424,12.559362,0.502374,0.040000
z_0024_378.000000.png,#96645c,2,60.769553,2.721025,0.108841,0.040000
z_0024_378.000000.png,#9ed3de,2,51.698485,2.314858,0.092594,0.040000
z_0024_378.000000.png,#a347ff,2,136.225397,6.099645,0.243986,0.040000
z_0024_378.000000.png,#b2a0fa,3,297.320851,13.312874,0.532515,0.040000
z_0024_378.000000.png,#bbb477,3,210.752309,9.436671,0.377467,0.040000
z_0024_378.000000.png,#c4809c,5,359.504617,16.097222,0.643889,0.040000
z_0024_378.000000.png,#c9b7eb,2,110.911688,4.966195,0.198648,0.040000
z_0024_378.000000.png,#ccebb2,7,448.859956,20.098207,0.803928,0.040000
z_0024_378.000000.png,#cfcb80,6,775.920923,34.742728,1.389709,0.040000
z_0024_378.000000.png,#d0dba7,6,343.747258,15.391668,0.615667,0.040000
z_0024_378.000000.png,#ebd234,6,316.877200,14.188531,0.567541,0.040000
z_0024_378.000000.png,#ff270f,3,103.740115,4.645080,0.185803,0.040000
z_0024_378.000000.png,#ff6ee9,6,397.646753,17.805078,0.712203,0.040000
z_0024_378.000000.png,#ff73a1,4,300.735065,13.465749,0.538630,0.040000
z_0024_378.000000.png,#ffbe78,14,688.038672,30.807702,1.232308,0.040000
z_0024_378.000000.png,#ffc978,6,357.747258,16.018534,0.640741,0.040000
z_0024_378.000000.png,#ffcdbd,3,95.740115,4.286871,0.171475,0.040000
z_0025_379.000000.png,#04800e,2,150.610173,6.743739,0.269750,0.040000
z_0025_379.000000.png,#195ba5,9,468.132034,20.961136,0.838445,0.040000
z_0025_379.000000.png,#48e85e,1,76.669048,3.432942,0.137318,0.040000
z_0025_379.000000.png,#4cc7b6,1,22.727922,1.017668,0.040707,0.040000
z_0025_379.000000.png,#61965c,1,43.213203,1.934920,0.077397,0.040000
z_0025_379.000000.png,#774d47,1,51.455844,2.303993,0.092160,0.040000
z_0025_379.000000.png,#7a0474,1,31.313708,1.402106,0.056084,0.040000
z_0025_379.000000.png,#7b92a8,3,177.681241,7.955876,0.318235,0.040000
z_0025_379.000000.png,#88bbd1,2,191.923882,8.593607,0.343744,0.040000
z_0025_379.000000.png,#8f82c4,3,101.012193,4.522934,0.180917,0.040000
z_0025_379.000000.png,#91ff78,3,281.764502,12.616321,0.504653,0.040000
z_0025_379.000000.png,#96645c,2,64.183766,2.873900,0.114956,0.040000
z_0025_379.000000.png,#9ed3de,2,56.870058,2.546420,0.101857,0.040000
z_0025_379.000000.png,#a347ff,2,135.639610,6.073415,0.242937,0.040000
z_0025_379.000000.png,#b2a0fa,3,280.735065,12.570227,0.502809,0.040000
z_0025_379.000000.png,#bbb477,2,231.237590,10.353922,0.414157,0.040000
z_0025_379.000000.png,#c4809c,5,371.889394,16.651764,0.666071,0.040000
z_0025_379.000000.png,#c9b7eb,2,111.154329,4.977060,0.199082,0.040000
z_0025_379.000000.png,#ccebb2,8,478.416306,21.421626,0.856865,0.040000
z_0025_379.000000.png,#cfcb80,8,789.234631,35.338864,1.413555,0.040000
z_0025_379.000000.png,#d0dba7,8,392.274170,17.564515,0.702581,0.040000
z_0025_379.000000.png,#ebd234,5,307.948268,13.788728,0.551549,0.040000
z_0025_379.000000.png,#ff270f,3,124.568542,5.577696,0.223108,0.040000
z_0025_379.000000.png,#ff6ee9,5,357.605122,16.012170,0.640487,0.040000
z_0025_379.000000.png,#ff73a1,4,325.462987,14.572970,0.582919,0.040000
z_0025_379.000000.png,#ffbe78,12,678.724963,30.390670,1.215627,0.040000
z_0025_379.000000.png,#ffc978,7,364.918831,16.339649,0.653586,0.040000
z_0025_379.000000.png,#ffcdbd,3,117.982756,5.282810,0.211312,0.040000
z_0026_380.000000.png,#04800e,2,152.610173,6.833291,0.273332,0.040000
z_0026_380.000000.png,#195ba5,9,461.303607,20.655385,0.826215,0.040000
z_0026_380.000000.png,#48e85e,1,78.426407,3.511630,0.140465,0.040000
z_0026_380.000000.png,#4cc7b6,1,30.384776,1.360512,0.054420,0.040000
z_0026_380.000000.png,#61965c,1,54.627417,2.446004,0.097840,0.040000
z_0026_380.000000.png,#774d47,1,48.041631,2.151118,0.086045,0.040000
z_0026_380.000000.png,#7a0474,1,33.313708,1.491659,0.059666,0.040000
z_0026_380.000000.png,#7b92a8,3,166.610173,7.460157,0.298406,0.040000
z_0026_380.000000.png,#88bbd1,2,182.994949,8.193804,0.327752,0.040000
z_0026_380.000000.png,#8f82c4,4,141.296465,6.326707,0.253068,0.040000
z_0026_380.000000.png,#91ff78,3,286.835570,12.843384,0.513735,0.040000
z_0026_380.000000.png,#96645c,2,63.698485,2.852171,0.114087,0.040000
z_0026_380.000000.png,#9ed3de,2,55.941125,2.504827,0.100193,0.040000
z_0026_380.000000.png,#a347ff,2,142.468037,6.379166,0.255167,0.040000
z_0026_380.000000.png,#b2a0fa,3,253.521861,11.351725,0.454069,0.040000
z_0026_380.000000.png,#bbb477,2,233.095454,10.437110,0.417484,0.040000
z_0026_380.000000.png,#c4809c,6,377.646753,16.909556,0.676382,0.040000
z_0026_380.000000.png,#c9b7eb,2,111.740115,5.003289,0.200132,0.040000
z_0026_380.000000.png,#ccebb2,7,490.073160,21.943574,0.877743,0.040000
z_0026_380.000000.png,#cfcb80,7,790.891486,35.413052,1.416522,0.040000
z_0026_380.000000.png,#d0dba7,6,394.960461,17.684797,0.707392,0.040000
z_0026_380.000000.png,#ebd234,6,290.048773,12.987259,0.519490,0.040000
z_0026_380.000000.png,#ff270f,4,153.053824,6.853156,0.274126,0.040000
z_0026_380.000000.png,#ff6ee9,6,338.534055,15.158241,0.606330,0.040000
z_0026_380.000000.png,#ff73a1,5,663.553391,29.711346,1.188454,0.040000
z_0026_380.000000.png,#ffbe78,12,666.582828,29.846992,1.193880,0.040000
z_0026_380.000000.png,#ffc978,6,335.948268,15.042460,0.601698,0.040000
z_0026_380.000000.png,#ffcdbd,3,132.124892,5.916040,0.236642,0.040000
z_0027_381.000000.png,#04800e,2,148.953319,6.669552,0.266782,0.040000
z_0027_381.000000.png,#195ba5,8,472.132034,21.140240,0.845610,0.040000
z_0027_381.000000.png,#48e85e,1,78.426407,3.511630,0.140465,0.040000
z_0027_381.000000.png,#4cc7b6,1,35.798990,1.602940,0.064118,0.040000
z_0027_381.000000.png,#61965c,1,63.213203,2.830442,0.113218,0.040000
z_0027_381.000000.png,#774d47,1,47.213203,2.114024,0.084561,0.040000
z_0027_381.000000.png,#7a0474,1,38.142136,1.707857,0.068314,0.040000
z_0027_381.000000.png,#7b92a8,3,167.438600,7.497251,0.299890,0.040000
z_0027_381.000000.png,#88bbd1,3,162.509668,7.276552,0.291062,0.040000
z_0027_381.000000.png,#8f82c4,4,155.053824,6.942709,0.277708,0.040000
z_0027_381.000000.png,#91ff78,3,290.977705,13.028852,0.521154,0.040000
z_0027_381.000000.png,#96645c,2,59.698485,2.673066,0.106923,0.040000
z_0027_381.000000.png,#9ed3de,2,56.284271,2.520191,0.100808,0.040000
z_0027_381.000000.png,#a347ff,2,144.468037,6.468718,0.258749,0.040000
z_0027_381.000000.png,#b2a0fa,4,242.107648,10.840641,0.433626,0.040000
z_0027_381.000000.png,#bbb477,3,229.580736,10.279734,0.411189,0.040000
z_0027_381.000000.png,#c4809c,6,364.575685,16.324284,0.652971,0.040000
z_0027_381.000000.png,#c9b7eb,4,137.740115,6.167468,0.246699,0.040000
z_0027_381.000000.png,#ccebb2,7,490.315801,21.954439,0.878178,0.040000
z_0027_381.000000.png,#cfcb80,7,791.134126,35.423916,1.416957,0.040000
z_0027_381.000000.png,#d0dba7,8,397.989899,17.820443,0.712818,0.040000
z_0027_381.000000.png,#ebd234,7,291.906638,13.070446,0.522818,0.040000
z_0027_381.000000.png,#ff270f,4,172.710678,7.733314,0.309333,0.040000
z_0027_381.000000.png,#ff6ee9,5,321.563492,14.398365,0.575935,0.040000
z_0027_381.000000.png,#ff73a1,7,724.222438,32.427870,1.297115,0.040000
z_0027_381.000000.png,#ffbe78,10,652.440692,29.213762,1.168550,0.040000
z_0027_381.000000.png,#ffc978,6,307.563492,13.771500,0.550860,0.040000
z_0027_381.000000.png,#ffcdbd,3,139.296465,6.237155,0.249486,0.040000
z_0028_382.000000.png,#04800e,2,157.781746,7.064854,0.282594,0.040000
z_0028_382.000000.png,#195ba5,8,464.717821,20.808261,0.832330,0.040000
z_0028_382.000000.png,#42ddf5,1,18.142136,0.812334,0.032493,0.040000
z_0028_382.000000.png,#48e85e,1,77.012193,3.448307,0.137932,0.040000
z_0028_382.000000.png,#4cc7b6,1,37.213203,1.666263,0.066651,0.040000
z_0028_382.000000.png,#61965c,1,70.870058,3.173286,0.126931,0.040000
z_0028_382.000000.png,#774d47,1,48.627417,2.177347,0.087094,0.040000
z_0028_382.000000.png,#7a0474,1,38.142136,1.707857,0.068314,0.040000
z_0028_382.000000.png,#7b92a8,3,166.509668,7.455657,0.298226,0.040000
z_0028_382.000000.png,#88bbd1,2,137.438600,6.153967,0.246159,0.040000
z_0028_382.000000.png,#8f82c4,5,165.438600,7.407699,0.296308,0.040000
z_0028_382.000000.png,#91ff78,4,301.705627,13.509207,0.540368,0.040000
z_0028_382.000000.png,#96645c,2,60.769553,2.721025,0.108841,0.040000
z_0028_382.000000.png,#9ed3de,2,58.284271,2.609743,0.104390,0.040000
z_0028_382.000000.png,#a347ff,3,147.296465,6.595364,0.263815,0.040000
z_0028_382.000000.png,#b2a0fa,4,229.137085,10.259869,0.410395,0.040000
z_0028_382.000000.png,#bbb477,3,219.438600,9.825609,0.393024,0.040000
z_0028_382.000000.png,#c4809c,6,384.960461,17.237036,0.689481,0.040000
z_0028_382.000000.png,#c9b7eb,3,150.468037,6.737375,0.269495,0.040000
z_0028_382.000000.png,#ccebb2,7,490.658946,21.969804,0.878792,0.040000
z_0028_382.000000.png,#cfcb80,9,813.719913,36.435220,1.457409,0.040000
z_0028_382.000000.png,#d0dba7,6,397.161472,17.783349,0.711334,0.040000
z_0028_382.000000.png,#ebd234,7,305.220346,13.666583,0.546663,0.040000
z_0028_382.000000.png,#ff270f,4,182.024387,8.150346,0.326014,0.040000
z_0028_382.000000.png,#ff6ee9,5,311.906638,13.965969,0.558639,0.040000
z_0028_382.000000.png,#ff73a1,4,732.950360,32.818673,1.312747,0.040000
z_0028_382.000000.png,#ffbe78,12,585.126984,26.199716,1.047989,0.040000
z_0028_382.000000.png,#ffc978,6,284.350288,12.732102,0.509284,0.040000
z_0028_382.000000.png,#ffcdbd,3,144.225397,6.457854,0.258314,0.040000
z_0029_383.000000.png,#04800e,1,160.953319,7.206865,0.288275,0.040000
z_0029_383.000000.png,#195ba5,8,450.132034,20.155166,0.806207,0.040000
z_0029_383.000000.png,#42ddf5,1,28.142136,1.260096,0.050404,0.040000
z_0029_383.000000.png,#48e85e,1,71.941125,3.221244,0.128850,0.040000
z_0029_383.000000.png,#4cc7b6,1,35.798990,1.602940,0.064118,0.040000
z_0029_383.000000.png,#61965c,1,80.526912,3.605683,0.144227,0.040000
z_0029_383.000000.png,#774d47,1,49.213203,2.203576,0.088143,0.040000
z_0029_383.000000.png,#7a0474,1,43.798990,1.961149,0.078446,0.040000
z_0029_383.000000.png,#7b92a8,3,174.166522,7.798501,0.311940,0.040000
z_0029_383.000000.png,#88bbd1,2,137.438600,6.153967,0.246159,0.040000
z_0029_383.000000.png,#8f82c4,6,175.923882,7.877189,0.315088,0.040000
z_0029_383.000000.png,#91ff78,4,320.291414,14.341407,0.573656,0.040000
z_0029_383.000000.png,#96645c,3,79.840620,3.574953,0.142998,0.040000
z_0029_383.000000.png,#9ed3de,2,52.041631,2.330222,0.093209,0.040000
z_0029_383.000000.png,#a347ff,5,183.923882,8.235398,0.329416,0.040000
z_0029_383.000000.png,#b2a0fa,4,227.279221,10.176682,0.407067,0.040000
z_0029_383.000000.png,#bbb477,3,214.267027,9.594046,0.383762,0.040000
z_0029_383.000000.png,#c4809c,5,393.688384,17.627838,0.705114,0.040000
z_0029_383.000000.png,#c9b7eb,4,176.610173,7.907918,0.316317,0.040000
z_0029_383.000000.png,#ccebb2,7,493.144228,22.081085,0.883243,0.040000
z_0029_383.000000.png,#cfcb80,10,853.862048,38.232629,1.529305,0.040000
z_0029_383.000000.png,#d0dba7,6,405.788889,18.169652,0.726786,0.040000
z_0029_383.000000.png,#ebd234,8,342.048773,15.315617,0.612625,0.040000
z_0029_383.000000.png,#ff270f,4,196.752309,8.809805,0.352392,0.040000
z_0029_383.000000.png,#ff6ee9,6,308.391919,13.808593,0.552344,0.040000
z_0029_383.000000.png,#ff73a1,7,736.707720,32.986913,1.319477,0.040000
z_0029_383.000000.png,#ffbe78,11,521.085353,23.332180,0.933287,0.040000
z_0029_383.000000.png,#ffc978,6,267.178716,11.963226,0.478529,0.040000
z_0029_383.000000.png,#ffcdbd,4,156.710678,7.016896,0.280676,0.040000
z_0030_384.000000.png,#04800e,1,157.539105,7.053990,0.282160,0.040000
z_0030_384.000000.png,#195ba5,10,429.404112,19.227050,0.769082,0.040000
z_0030_384.000000.png,#42ddf5,2,56.627417,2.535556,0.101422,0.040000
z_0030_384.000000.png,#48e85e,1,69.112698,3.094598,0.123784,0.040000
z_0030_384.000000.png,#4cc7b6,1,36.384776,1.629169,0.065167,0.040000
z_0030_384.000000.png,#61965c,1,85.840620,3.843610,0.153744,0.040000
z_0030_384.000000.png,#774d47,1,48.870058,2.188212,0.087528,0.040000
z_0030_384.000000.png,#7a0474,1,46.970563,2.103160,0.084126,0.040000
z_0030_384.000000.png,#7b92a8,3,171.580736,7.682720,0.307309,0.040000
z_0030_384.000000.png,#88bbd1,2,128.024387,5.732435,0.229297,0.040000
z_0030_384.000000.png,#8f82c4,6,187.095454,8.377408,0.335096,0.040000
z_0030_384.000000.png,#91ff78,4,333.605122,14.937543,0.597502,0.040000
z_0030_384.000000.png,#96645c,3,90.325902,4.044443,0.161778,0.040000
z_0030_384.000000.png,#9ed3de,2,52.041631,2.330222,0.093209,0.040000
z_0030_384.000000.png,#a347ff,5,198.651804,8.894857,0.355794,0.040000
z_0030_384.000000.png,#b2a0fa,4,216.208153,9.680962,0.387238,0.040000
z_0030_384.000000.png,#bbb477,4,189.095454,8.466961,0.338678,0.040000
z_0030_384.000000.png,#c4809c,5,385.445743,17.258765,0.690351,0.040000
z_0030_384.000000.png,#c9b7eb,4,189.923882,8.504054,0.340162,0.040000
z_0030_384.000000.png,#ccebb2,6,514.215295,23.024565,0.920983,0.040000
z_0030_384.000000.png,#cfcb80,8,813.477272,36.424355,1.456974,0.040000
z_0030_384.000000.png,#d0dba7,7,434.617316,19.460477,0.778419,0.040000
z_0030_384.000000.png,#ebd234,8,358.048773,16.032035,0.641281,0.040000
z_0030_384.000000.png,#ff270f,3,183.923882,8.235398,0.329416,0.040000
z_0030_384.000000.png,#ff6ee9,6,314.977705,14.103479,0.564139,0.040000
z_0030_384.000000.png,#ff73a1,8,619.796031,27.752061,1.110082,0.040000
z_0030_384.000000.png,#ffbe78,12,512.315801,22.939513,0.917581,0.040000
z_0030_384.000000.png,#ffc978,6,264.107648,11.825716,0.473029,0.040000
z_0030_384.000000.png,#ffcdbd,4,161.053824,7.211365,0.288455,0.040000
z_0031_385.000000.png,#04800e,1,153.539105,6.874885,0.274995,0.040000
z_0031_385.000000.png,#195ba5,8,397.261977,17.787850,0.711514,0.040000
z_0031_385.000000.png,#42ddf5,2,94.325902,4.223548,0.168942,0.040000
z_0031_385.000000.png,#48e85e,1,67.355339,3.015911,0.120636,0.040000
z_0031_385.000000.png,#4cc7b6,1,35.556349,1.592075,0.063683,0.040000
z_0031_385.000000.png,#61965c,2,100.669048,4.507569,0.180303,0.040000
z_0031_385.000000.png,#774d47,1,48.627417,2.177347,0.087094,0.040000
z_0031_385.000000.png,#7a0474,1,48.384776,2.166483,0.086659,0.040000
z_0031_385.000000.png,#7b92a8,3,169.095454,7.571438,0.302858,0.040000
z_0031_385.000000.png,#88bbd1,2,128.024387,5.732435,0.229297,0.040000
z_0031_385.000000.png,#8f82c4,6,191.237590,8.562877,0.342515,0.040000
z_0031_385.000000.png,#91ff78,4,344.090404,15.407033,0.616281,0.040000
z_0031_385.000000.png,#96645c,5,134.124892,6.005592,0.240224,0.040000
z_0031_385.000000.png,#9ed3de,2,50.142136,2.245170,0.089807,0.040000
z_0031_385.000000.png,#a347ff,5,204.994949,9.178878,0.367155,0.040000
z_0031_385.000000.png,#b2a0fa,4,218.551299,9.785879,0.391435,0.040000
z_0031_385.000000.png,#bbb477,3,152.953319,6.848656,0.273946,0.040000
z_0031_385.000000.png,#c4809c,5,396.173665,17.739119,0.709565,0.040000
z_0031_385.000000.png,#c9b7eb,4,201.823376,9.036868,0.361475,0.040000
z_0031_385.000000.png,#ccebb2,7,517.629509,23.177441,0.927098,0.040000
z_0031_385.000000.png,#cfcb80,7,713.293506,31.938515,1.277541,0.040000
z_0031_385.000000.png,#d0dba7,8,435.002092,19.477706,0.779108,0.040000
z_0031_385.000000.png,#ebd234,7,371.161472,16.619170,0.664767,0.040000
z_0031_385.000000.png,#ff270f,3,180.752309,8.093387,0.323735,0.040000
z_0031_385.000000.png,#ff6ee9,6,321.806133,14.409230,0.576369,0.040000
z_0031_385.000000.png,#ff73a1,6,526.156421,23.559243,0.942370,0.040000
z_0031_385.000000.png,#ffbe78,12,489.830519,21.932710,0.877308,0.040000
z_0031_385.000000.png,#ffc978,6,257.521861,11.530830,0.461233,0.040000
z_0031_385.000000.png,#ffcdbd,3,172.610173,7.728814,0.309153,0.040000
z_0032_386.000000.png,#04800e,1,151.539105,6.785333,0.271413,0.040000
z_0032_386.000000.png,#195ba5,8,400.090404,17.914496,0.716580,0.040000
z_0032_386.000000.png,#42ddf5,2,107.396970,4.808820,0.192353,0.040000
z_0032_386.000000.png,#48e85e,1,63.455844,2.841306,0.113652,0.040000
z_0032_386.000000.png,#4cc7b6,1,36.142136,1.618305,0.064732,0.040000
z_0032_386.000000.png,#61965c,3,136.811183,6.125874,0.245035,0.040000
z_0032_386.000000.png,#774d47,1,49.213203,2.203576,0.088143,0.040000
z_0032_386.000000.png,#7a0474,1,50.627417,2.266899,0.090676,0.040000
z_0032_386.000000.png,#7b92a8,3,169.195959,7.575938,0.303038,0.040000
z_0032_386.000000.png,#88bbd1,2,130.367532,5.837352,0.233494,0.040000
z_0032_386.000000.png,#8f82c4,6,195.823376,8.768211,0.350728,0.040000
z_0032_386.000000.png,#91ff78,4,345.504617,15.470356,0.618814,0.040000
z_0032_386.000000.png,#96645c,5,189.237590,8.473325,0.338933,0.040000
z_0032_386.000000.png,#9ed3de,2,48.384776,2.166483,0.086659,0.040000
z_0032_386.000000.png,#a347ff,5,209.580736,9.384212,0.375368,0.040000
z_0032_386.000000.png,#b2a0fa,4,218.350288,9.776879,0.391075,0.040000
z_0032_386.000000.png,#bbb477,2,116.225397,5.204122,0.208165,0.040000
z_0032_386.000000.png,#c4809c,6,425.244733,19.040809,0.761632,0.040000
z_0032_386.000000.png,#c9b7eb,5,229.279221,10.266234,0.410649,0.040000
z_0032_386.000000.png,#ccebb2,8,521.972655,23.371910,0.934876,0.040000
z_0032_386.000000.png,#cfcb80,5,702.950360,31.475389,1.259016,0.040000
z_0032_386.000000.png,#d0dba7,7,415.445743,18.602048,0.744082,0.040000
z_0032_386.000000.png,#ebd234,6,378.132034,16.931285,0.677251,0.040000
z_0032_386.000000.png,#ff270f,3,182.166522,8.156710,0.326268,0.040000
z_0032_386.000000.png,#ff6ee9,6,320.877200,14.367636,0.574705,0.040000
z_0032_386.000000.png,#ff73a1,5,511.428499,22.899784,0.915991,0.040000
z_0032_386.000000.png,#ffbe78,12,484.416306,21.690282,0.867611,0.040000
z_0032_386.000000.png,#ffc978,7,281.906638,12.622685,0.504907,0.040000
z_0032_386.000000.png,#ffcdbd,5,190.267027,8.519419,0.340777,0.040000
z_0033_387.000000.png,#04800e,1,151.539105,6.785333,0.271413,0.040000
z_0033_387.000000.png,#195ba5,8,396.676190,17.761620,0.710465,0.040000
z_0033_387.000000.png,#42ddf5,2,107.396970,4.808820,0.192353,0.040000
z_0033_387.000000.png,#48e85e,1,64.284271,2.878400,0.115136,0.040000
z_0033_387.000000.png,#4cc7b6,1,37.556349,1.681628,0.067265,0.040000
z_0033_387.000000.png,#61965c,3,136.225397,6.099645,0.243986,0.040000
z_0033_387.000000.png,#774d47,1,49.213203,2.203576,0.088143,0.040000
z_0033_387.000000.png,#7a0474,1,50.627417,2.266899,0.090676,0.040000
z_0033_387.000000.png,#7b92a8,3,169.195959,7.575938,0.303038,0.040000
z_0033_387.000000.png,#88bbd1,2,130.367532,5.837352,0.233494,0.040000
z_0033_387.000000.png,#8f82c4,6,194.994949,8.731117,0.349245,0.040000
z_0033_387.000000.png,#91ff78,4,344.918831,15.444127,0.617765,0.040000
z_0033_387.000000.png,#96645c,5,190.308658,8.521283,0.340851,0.040000
z_0033_387.000000.png,#9ed3de,2,47.798990,2.140253,0.085610,0.040000
z_0033_387.000000.png,#a347ff,5,211.823376,9.484629,0.379385,0.040000
z_0033_387.000000.png,#b2a0fa,4,218.592929,9.787743,0.391510,0.040000
z_0033_387.000000.png,#bbb477,2,116.225397,5.204122,0.208165,0.040000
z_0033_387.000000.png,#c4809c,6,419.002092,18.761288,0.750452,0.040000
z_0033_387.000000.png,#c9b7eb,5,229.622366,10.281598,0.411264,0.040000
z_0033_387.000000.png,#ccebb2,8,522.558441,23.398139,0.935926,0.040000
z_0033_387.000000.png,#cfcb80,5,703.293506,31.490754,1.259630,0.040000
z_0033_387.000000.png,#d0dba7,7,417.203102,18.680736,0.747229,0.040000
z_0033_387.000000.png,#ebd234,6,376.717821,16.867962,0.674718,0.040000
z_0033_387.000000.png,#ff270f,3,182.166522,8.156710,0.326268,0.040000
z_0033_387.000000.png,#ff6ee9,6,321.462987,14.393865,0.575755,0.040000
z_0033_387.000000.png,#ff73a1,5,509.428499,22.810231,0.912409,0.040000
z_0033_387.000000.png,#ffbe78,12,484.416306,21.690282,0.867611,0.040000
z_0033_387.000000.png,#ffc978,7,282.249783,12.638050,0.505522,0.040000
z_0033_387.000000.png,#ffcdbd,3,191.438600,8.571878,0.342875,0.040000
z_0034_388.000000.png,#04800e,1,150.124892,6.722010,0.268880,0.040000
z_0034_388.000000.png,#195ba5,9,433.203102,19.397154,0.775886,0.040000
z_0034_388.000000.png,#42ddf5,2,159.580736,7.145406,0.285816,0.040000
z_0034_388.000000.png,#48e85e,1,51.455844,2.303993,0.092160,0.040000
z_0034_388.000000.png,#4cc7b6,2,55.941125,2.504827,0.100193,0.040000
z_0034_388.000000.png,#61965c,3,178.024387,7.971241,0.318850,0.040000
z_0034_388.000000.png,#774d47,1,51.899495,2.323858,0.092954,0.040000
z_0034_388.000000.png,#7a0474,1,49.798990,2.229806,0.089192,0.040000
z_0034_388.000000.png,#7b92a8,2,173.095454,7.750543,0.310022,0.040000
z_0034_388.000000.png,#88bbd1,3,126.953319,5.684477,0.227379,0.040000
z_0034_388.000000.png,#8f82c4,6,192.852814,8.635201,0.345408,0.040000
z_0034_388.000000.png,#91ff78,4,381.060967,17.062431,0.682497,0.040000
z_0034_388.000000.png,#96645c,6,335.019336,15.000866,0.600035,0.040000
z_0034_388.000000.png,#9ed3de,2,48.870058,2.188212,0.087528,0.040000
z_0034_388.000000.png,#a347ff,6,216.651804,9.700827,0.388033,0.040000
z_0034_388.000000.png,#b2a0fa,4,199.722871,8.942815,0.357713,0.040000
z_0034_388.000000.png,#bbb477,3,137.882251,6.173832,0.246953,0.040000
z_0034_388.000000.png,#c4809c,7,429.487373,19.230778,0.769231,0.040000
z_0034_388.000000.png,#c9b7eb,5,274.977705,12.312435,0.492497,0.040000
z_0034_388.000000.png,#ccebb2,10,505.102597,22.616534,0.904661,0.040000
z_0034_388.000000.png,#cfcb80,4,680.180808,30.455857,1.218234,0.040000
z_0034_388.000000.png,#d0dba7,5,393.060967,17.599745,0.703990,0.040000
z_0034_388.000000.png,#ebd234,7,382.031529,17.105889,0.684236,0.040000
z_0034_388.000000.png,#ff270f,4,159.781746,7.154407,0.286176,0.040000
z_0034_388.000000.png,#ff6ee9,7,355.019336,15.896388,0.635856,0.040000
z_0034_388.000000.png,#ff73a1,7,506.943218,22.698950,0.907958,0.040000
z_0034_388.000000.png,#ffbe78,12,481.972655,21.580865,0.863235,0.040000
z_0034_388.000000.png,#ffc978,7,309.705627,13.867416,0.554697,0.040000
z_0034_388.000000.png,#ffcdbd,5,350.391919,15.689190,0.627568,0.040000
z_0035_389.000000.png,#04800e,2,285.462987,12.781925,0.511277,0.040000
z_0035_389.000000.png,#195ba5,8,447.788889,20.050249,0.802010,0.040000
z_0035_389.000000.png,#42ddf5,2,189.823376,8.499554,0.339982,0.040000
z_0035_389.000000.png,#48e85e,1,44.627417,1.998243,0.079930,0.040000
z_0035_389.000000.png,#4cc7b6,2,53.355339,2.389045,0.095562,0.040000
z_0035_389.000000.png,#61965c,3,199.580736,8.936451,0.357458,0.040000
z_0035_389.000000.png,#774d47,1,53.798990,2.408910,0.096356,0.040000
z_0035_389.000000.png,#7a0474,1,48.627417,2.177347,0.087094,0.040000
z_0035_389.000000.png,#7b92a8,2,173.338095,7.761407,0.310456,0.040000
z_0035_389.000000.png,#88bbd1,3,128.953319,5.774029,0.230961,0.040000
z_0035_389.000000.png,#8f82c4,6,198.166522,8.873128,0.354925,0.040000
z_0035_389.000000.png,#91ff78,4,395.203102,17.695661,0.707826,0.040000
z_0035_389.000000.png,#96645c,7,409.931024,18.355120,0.734205,0.040000
z_0035_389.000000.png,#9ed3de,2,46.627417,2.087795,0.083512,0.040000
z_0035_389.000000.png,#a347ff,6,224.166522,10.037307,0.401492,0.040000
z_0035_389.000000.png,#b2a0fa,4,195.480231,8.752846,0.350114,0.040000
z_0035_389.000000.png,#bbb477,3,141.781746,6.348436,0.253937,0.040000
z_0035_389.000000.png,#c4809c,7,426.073160,19.077903,0.763116,0.040000
z_0035_389.000000.png,#c9b7eb,6,306.676190,13.731770,0.549271,0.040000
z_0035_389.000000.png,#ccebb2,9,479.688384,21.478584,0.859143,0.040000
z_0035_389.000000.png,#cfcb80,5,694.766594,31.108952,1.244358,0.040000
z_0035_389.000000.png,#d0dba7,6,365.948268,16.385743,0.655430,0.040000
z_0035_389.000000.png,#ebd234,7,371.788889,16.647264,0.665891,0.040000
z_0035_389.000000.png,#f2cabf,1,19.899495,0.891022,0.035641,0.040000
z_0035_389.000000.png,#ff270f,4,142.468037,6.379166,0.255167,0.040000
z_0035_389.000000.png,#ff6ee9,7,362.776695,16.243733,0.649749,0.040000
z_0035_389.000000.png,#ff73a1,7,509.529004,22.814732,0.912589,0.040000
z_0035_389.000000.png,#ffbe78,14,452.516811,20.261947,0.810478,0.040000
z_0035_389.000000.png,#ffc978,7,305.563492,13.681947,0.547278,0.040000
z_0035_389.000000.png,#ffcdbd,4,359.705627,16.106222,0.644249,0.040000
z_0036_390.000000.png,#04800e,2,284.634560,12.744831,0.509793,0.040000
z_0036_390.000000.png,#195ba5,8,437.889394,19.606988,0.784280,0.040000
z_0036_390.000000.png,#42ddf5,2,201.137085,9.006138,0.360246,0.040000
z_0036_390.000000.png,#48e85e,1,41.213203,1.845367,0.073815,0.040000
z_0036_390.000000.png,#4cc7b6,2,58.183766,2.605243,0.104210,0.040000
z_0036_390.000000.png,#61965c,3,214.166522,9.589546,0.383582,0.040000
z_0036_390.000000.png,#774d47,2,76.769553,3.437443,0.137498,0.040000
z_0036_390.000000.png,#7a0474,1,47.798990,2.140253,0.085610,0.040000
z_0036_390.000000.png,#7b92a8,2,195.580736,8.757346,0.350294,0.040000
z_0036_390.000000.png,#88bbd1,3,130.225397,5.830988,0.233240,0.040000
z_0036_390.000000.png,#8f82c4,6,196.267027,8.788076,0.351523,0.040000
z_0036_390.000000.png,#91ff78,4,402.960461,18.043006,0.721720,0.040000
z_0036_390.000000.png,#96645c,7,276.977705,12.401987,0.496079,0.040000
z_0036_390.000000.png,#9ed3de,2,46.627417,2.087795,0.083512,0.040000
z_0036_390.000000.png,#a347ff,6,237.823376,10.648808,0.425952,0.040000
z_0036_390.000000.png,#b2a0fa,4,193.722871,8.674158,0.346966,0.040000
z_0036_390.000000.png,#bbb477,3,142.367532,6.374666,0.254987,0.040000
z_0036_390.000000.png,#c4809c,6,421.002092,18.850840,0.754034,0.040000
z_0036_390.000000.png,#c9b7eb,6,316.776695,14.184031,0.567361,0.040000
z_0036_390.000000.png,#ccebb2,9,510.801082,22.871690,0.914868,0.040000
z_0036_390.000000.png,#cfcb80,5,724.080303,32.421506,1.296860,0.040000
z_0036_390.000000.png,#d0dba7,7,332.877200,14.904949,0.596198,0.040000
z_0036_390.000000.png,#ebd234,6,379.931024,17.011837,0.680473,0.040000
z_0036_390.000000.png,#f2cabf,1,21.899495,0.980574,0.039223,0.040000
z_0036_390.000000.png,#ff270f,4,121.982756,5.461914,0.218477,0.040000
z_0036_390.000000.png,#ff6ee9,7,359.220346,16.084493,0.643380,0.040000
z_0036_390.000000.png,#ff73a1,7,514.114790,23.020065,0.920803,0.040000
z_0036_390.000000.png,#ffbe78,14,436.374675,19.539165,0.781567,0.040000
z_0036_390.000000.png,#ffc978,7,314.877200,14.098979,0.563959,0.040000
z_0036_390.000000.png,#ffcdbd,4,341.220346,15.278523,0.611141,0.040000
z_0037_391.000000.png,#04800e,2,279.563492,12.517768,0.500711,0.040000
z_0037_391.000000.png,#195ba5,9,431.203102,19.307602,0.772304,0.040000
z_0037_391.000000.png,#42ddf5,3,209.622366,9.386076,0.375443,0.040000
z_0037_391.000000.png,#48e85e,1,40.041631,1.792909,0.071716,0.040000
z_0037_391.000000.png,#4cc7b6,2,56.769553,2.541920,0.101677,0.040000
z_0037_391.000000.png,#61965c,3,230.651804,10.327693,0.413108,0.040000
z_0037_391.000000.png,#774d47,1,96.083261,4.302236,0.172089,0.040000
z_0037_391.000000.png,#7a0474,1,46.384776,2.076930,0.083077,0.040000
z_0037_391.000000.png,#7b92a8,2,199.237590,8.921086,0.356843,0.040000
z_0037_391.000000.png,#88bbd1,3,127.882251,5.726071,0.229043,0.040000
z_0037_391.000000.png,#8f82c4,6,199.338095,8.925586,0.357023,0.040000
z_0037_391.000000.png,#91ff78,4,416.374675,18.643642,0.745746,0.040000
z_0037_391.000000.png,#96645c,6,273.563492,12.249112,0.489964,0.040000
z_0037_391.000000.png,#9ed3de,2,45.556349,2.039837,0.081593,0.040000
z_0037_391.000000.png,#a347ff,6,232.066017,10.391016,0.415641,0.040000
z_0037_391.000000.png,#b2a0fa,4,179.823376,8.051793,0.322072,0.040000
z_0037_391.000000.png,#bbb477,3,147.781746,6.617093,0.264684,0.040000
z_0037_391.000000.png,#c4809c,6,422.274170,18.907799,0.756312,0.040000
z_0037_391.000000.png,#c9b7eb,6,330.333044,14.791032,0.591641,0.040000
z_0037_391.000000.png,#ccebb2,9,513.629509,22.998336,0.919933,0.040000
z_0037_391.000000.png,#cfcb80,5,735.394011,32.928090,1.317124,0.040000
z_0037_391.000000.png,#d0dba7,5,325.078210,14.555741,0.582230,0.040000
z_0037_391.000000.png,#ebd234,6,396.901587,17.771713,0.710869,0.040000
z_0037_391.000000.png,#f2cabf,1,39.455844,1.766680,0.070667,0.040000
z_0037_391.000000.png,#ff270f,4,95.497475,4.276006,0.171040,0.040000
z_0037_391.000000.png,#ff6ee9,7,358.634560,16.058264,0.642331,0.040000
z_0037_391.000000.png,#ff73a1,7,509.771645,22.825596,0.913024,0.040000
z_0037_391.000000.png,#ffbe78,13,467.587878,20.936771,0.837471,0.040000
z_0037_391.000000.png,#ffc978,7,319.119841,14.288948,0.571558,0.040000
z_0037_391.000000.png,#ffcdbd,4,323.563492,14.487918,0.579517,0.040000
z_0038_392.000000.png,#04800e,3,287.220346,12.860613,0.514425,0.040000
z_0038_392.000000.png,#195ba5,9,423.060967,18.943028,0.757721,0.040000
z_0038_392.000000.png,#42ddf5,3,221.036580,9.897160,0.395886,0.040000
z_0038_392.000000.png,#48e85e,1,40.041631,1.792909,0.071716,0.040000
z_0038_392.000000.png,#4cc7b6,2,56.526912,2.531056,0.101242,0.040000
z_0038_392.000000.png,#61965c,3,246.551299,11.039610,0.441584,0.040000
z_0038_392.000000.png,#774d47,2,112.325902,5.029518,0.201181,0.040000
z_0038_392.000000.png,#7a0474,1,47.798990,2.140253,0.085610,0.040000
z_0038_392.000000.png,#7b92a8,2,200.308658,8.969044,0.358762,0.040000
z_0038_392.000000.png,#88bbd1,3,129.053824,5.778529,0.231141,0.040000
z_0038_392.000000.png,#8f82c4,6,202.409163,9.063097,0.362524,0.040000
z_0038_392.000000.png,#91ff78,4,435.445743,19.497571,0.779903,0.040000
z_0038_392.000000.png,#96645c,6,280.007143,12.537633,0.501505,0.040000
z_0038_392.000000.png,#9ed3de,2,44.142136,1.976514,0.079061,0.040000
z_0038_392.000000.png,#a347ff,6,243.480231,10.902100,0.436084,0.040000
z_0038_392.000000.png,#b2a0fa,5,184.066017,8.241762,0.329670,0.040000
z_0038_392.000000.png,#bbb477,4,135.296465,6.058051,0.242322,0.040000
z_0038_392.000000.png,#c4809c,6,420.516811,18.829111,0.753164,0.040000
z_0038_392.000000.png,#c9b7eb,6,328.190909,14.695115,0.587805,0.040000
z_0038_392.000000.png,#ccebb2,10,517.730014,23.181941,0.927278,0.040000
z_0038_392.000000.png,#cfcb80,5,737.737157,33.033007,1.321320,0.040000
z_0038_392.000000.png,#d0dba7,7,313.178716,14.022928,0.560917,0.040000
z_0038_392.000000.png,#ebd234,7,434.457936,19.453340,0.778134,0.040000
z_0038_392.000000.png,#f2cabf,1,40.870058,1.830003,0.073200,0.040000
z_0038_392.000000.png,#ff270f,3,84.526912,3.784787,0.151391,0.040000
z_0038_392.000000.png,#ff6ee9,7,344.291414,15.416033,0.616641,0.040000
z_0038_392.000000.png,#ff73a1,7,480.759451,21.526543,0.861062,0.040000
z_0038_392.000000.png,#ffbe78,13,479.345238,21.463220,0.858529,0.040000
z_0038_392.000000.png,#ffc978,6,311.563492,13.950604,0.558024,0.040000
z_0038_392.000000.png,#ffcdbd,4,321.119841,14.378500,0.575140,0.040000
z_0039_393.000000.png,#04800e,3,286.977705,12.849748,0.513990,0.040000
z_0039_393.000000.png,#195ba5,9,422.475180,18.916799,0.756672,0.040000
z_0039_393.000000.png,#42ddf5,3,221.865007,9.934254,0.397370,0.040000
z_0039_393.000000.png,#48e85e,1,40.041631,1.792909,0.071716,0.040000
z_0039_393.000000.png,#4cc7b6,2,56.526912,2.531056,0.101242,0.040000
z_0039_393.000000.png,#61965c,3,249.965512,11.192486,0.447699,0.040000
z_0039_393.000000.png,#774d47,2,111.497475,4.992424,0.199697,0.040000
z_0039_393.000000.png,#7a0474,1,47.798990,2.140253,0.085610,0.040000
z_0039_393.000000.png,#7b92a8,2,200.308658,8.969044,0.358762,0.040000
z_0039_393.000000.png,#88bbd1,3,129.639610,5.804759,0.232190,0.040000
z_0039_393.000000.png,#8f82c4,6,202.409163,9.063097,0.362524,0.040000
z_0039_393.000000.png,#91ff78,4,438.516811,19.635081,0.785403,0.040000
z_0039_393.000000.png,#96645c,6,280.007143,12.537633,0.501505,0.040000
z_0039_393.000000.png,#9ed3de,2,44.970563,2.013607,0.080544,0.040000
z_0039_393.000000.png,#a347ff,6,244.308658,10.939194,0.437568,0.040000
z_0039_393.000000.png,#b2a0fa,5,184.894444,8.278856,0.331154,0.040000
z_0039_393.000000.png,#bbb477,4,133.296465,5.968498,0.238740,0.040000
z_0039_393.000000.png,#c4809c,6,419.345238,18.776652,0.751066,0.040000
z_0039_393.000000.png,#c9b7eb,6,328.776695,14.721345,0.588854,0.040000
z_0039_393.000000.png,#ccebb2,10,518.315801,23.208170,0.928327,0.040000
z_0039_393.000000.png,#cfcb80,5,734.322943,32.880132,1.315205,0.040000
z_0039_393.000000.png,#d0dba7,7,310.936075,13.922511,0.556900,0.040000
z_0039_393.000000.png,#ebd234,7,432.700577,19.374653,0.774986,0.040000
z_0039_393.000000.png,#f2cabf,1,38.870058,1.740450,0.069618,0.040000
z_0039_393.000000.png,#ff270f,3,84.526912,3.784787,0.151391,0.040000
z_0039_393.000000.png,#ff6ee9,7,345.462987,15.468492,0.618740,0.040000
z_0039_393.000000.png,#ff73a1,7,486.073160,21.764470,0.870579,0.040000
z_0039_393.000000.png,#ffbe78,13,479.830519,21.484949,0.859398,0.040000
z_0039_393.000000.png,#ffc978,7,311.563492,13.950604,0.558024,0.040000
z_0039_393.000000.png,#ffcdbd,4,320.634560,14.356771,0.574271,0.040000
z_0040_394.000000.png,#04800e,2,232.793939,10.423609,0.416944,0.040000
z_0040_394.000000.png,#195ba5,9,396.232539,17.741755,0.709670,0.040000
z_0040_394.000000.png,#3b9c36,1,49.455844,2.214441,0.088578,0.040000
z_0040_394.000000.png,#42ddf5,3,253.521861,11.351725,0.454069,0.040000
z_0040_394.000000.png,#48e85e,1,44.384776,1.987378,0.079495,0.040000
z_0040_394.000000.png,#4cc7b6,2,34.041631,1.524252,0.060970,0.040000
z_0040_394.000000.png,#61965c,5,283.178716,12.679644,0.507186,0.040000
z_0040_394.000000.png,#774d47,3,147.781746,6.617093,0.264684,0.040000
z_0040_394.000000.png,#7a0474,1,42.384776,1.897826,0.075913,0.040000
z_0040_394.000000.png,#7b92a8,3,209.379726,9.375212,0.375008,0.040000
z_0040_394.000000.png,#88bbd1,3,136.124892,6.095144,0.243806,0.040000
z_0040_394.000000.png,#8f82c4,7,234.308658,10.491432,0.419657,0.040000
z_0040_394.000000.png,#91ff78,5,489.587878,21.921845,0.876874,0.040000
z_0040_394.000000.png,#96645c,7,327.605122,14.668886,0.586755,0.040000
z_0040_394.000000.png,#9ed3de,2,35.798990,1.602940,0.064118,0.040000
z_0040_394.000000.png,#a347ff,5,274.693434,12.299706,0.491988,0.040000
z_0040_394.000000.png,#b2a0fa,5,186.651804,8.357543,0.334302,0.040000
z_0040_394.000000.png,#bbb477,3,106.468037,4.767226,0.190689,0.040000
z_0040_394.000000.png,#c4809c,6,394.232539,17.652203,0.706088,0.040000
z_0040_394.000000.png,#c9b7eb,7,415.788889,18.617413,0.744697,0.040000
z_0040_394.000000.png,#ccebb2,11,524.801082,23.498556,0.939942,0.040000
z_0040_394.000000.png,#cfcb80,5,765.193001,34.262373,1.370495,0.040000
z_0040_394.000000.png,#d0dba7,4,202.166522,9.052232,0.362089,0.040000
z_0040_394.000000.png,#ebd234,7,495.126984,22.169865,0.886795,0.040000
z_0040_394.000000.png,#f2cabf,1,34.627417,1.550481,0.062019,0.040000
z_0040_394.000000.png,#ff270f,3,87.012193,3.896068,0.155843,0.040000
z_0040_394.000000.png,#ff6ee9,6,284.249783,12.727602,0.509104,0.040000
z_0040_394.000000.png,#ff73a1,9,471.345238,21.105011,0.844200,0.040000
z_0040_394.000000.png,#ffbe78,14,502.315801,22.491752,0.899670,0.040000
z_0040_394.000000.png,#ffc978,7,425.203102,19.038945,0.761558,0.040000
z_0040_394.000000.png,#ffcdbd,6,319.806133,14.319678,0.572787,0.040000
z_0041_395.000000.png,#04800e,3,235.521861,10.545755,0.421830,0.040000
z_0041_395.000000.png,#195ba5,8,375.948268,16.833505,0.673340,0.040000
z_0041_395.000000.png,#3b9c36,1,54.526912,2.441504,0.097660,0.040000
z_0041_395.000000.png,#42ddf5,3,258.350288,11.567923,0.462717,0.040000
z_0041_395.000000.png,#48e85e,1,44.041631,1.972013,0.078881,0.040000
z_0041_395.000000.png,#4cc7b6,2,28.384776,1.270960,0.050838,0.040000
z_0041_395.000000.png,#61965c,6,281.078210,12.585592,0.503424,0.040000
z_0041_395.000000.png,#774d47,4,196.308658,8.789940,0.351598,0.040000
z_0041_395.000000.png,#7a0474,1,49.698485,2.225305,0.089012,0.040000
z_0041_395.000000.png,#7b92a8,3,218.793939,9.796744,0.391870,0.040000
z_0041_395.000000.png,#88bbd1,3,142.367532,6.374666,0.254987,0.040000
z_0041_395.000000.png,#8f82c4,7,231.965512,10.386515,0.415461,0.040000
z_0041_395.000000.png,#91ff78,5,489.345238,21.910981,0.876439,0.040000
z_0041_395.000000.png,#96645c,7,342.534055,15.337346,0.613494,0.040000
z_0041_395.000000.png,#9ed3de,2,32.727922,1.465429,0.058617,0.040000
z_0041_395.000000.png,#a347ff,5,286.350288,12.821655,0.512866,0.040000
z_0041_395.000000.png,#b2a0fa,6,194.994949,8.731117,0.349245,0.040000
z_0041_395.000000.png,#bbb477,3,99.497475,4.455111,0.178204,0.040000
z_0041_395.000000.png,#c4809c,6,386.676190,17.313859,0.692554,0.040000
z_0041_395.000000.png,#c9b7eb,8,433.830519,19.425247,0.777010,0.040000
z_0041_395.000000.png,#ccebb2,10,525.043723,23.509420,0.940377,0.040000
z_0041_395.000000.png,#cfcb80,8,743.293506,33.281799,1.331272,0.040000
z_0041_395.000000.png,#d0dba7,4,195.338095,8.746482,0.349859,0.040000
z_0041_395.000000.png,#ebd234,6,532.925974,23.862357,0.954494,0.040000
z_0041_395.000000.png,#f2cabf,1,28.384776,1.270960,0.050838,0.040000
z_0041_395.000000.png,#ff270f,3,77.698485,3.479037,0.139161,0.040000
z_0041_395.000000.png,#ff61e7,1,15.899495,0.711918,0.028477,0.040000
z_0041_395.000000.png,#ff6ee9,6,286.936075,12.847884,0.513915,0.040000
z_0041_395.000000.png,#ff73a1,8,489.587878,21.921845,0.876874,0.040000
z_0041_395.000000.png,#ffbe78,14,516.073160,23.107753,0.924310,0.040000
z_0041_395.000000.png,#ffc978,6,453.587878,20.309905,0.812396,0.040000
z_0041_395.000000.png,#ffcdbd,6,329.462987,14.752074,0.590083,0.040000
z_0042_396.000000.png,#04800e,3,264.249783,11.832080,0.473283,0.040000
z_0042_396.000000.png,#195ba5,8,371.119841,16.617306,0.664692,0.040000
z_0042_396.000000.png,#3b9c36,1,60.526912,2.710160,0.108406,0.040000
z_0042_396.000000.png,#42ddf5,4,237.521861,10.635307,0.425412,0.040000
z_0042_396.000000.png,#48e85e,1,44.627417,1.998243,0.079930,0.040000
z_0042_396.000000.png,#4cc7b6,2,29.556349,1.323419,0.052937,0.040000
z_0042_396.000000.png,#61965c,6,256.551299,11.487372,0.459495,0.040000
z_0042_396.000000.png,#774d47,5,232.693434,10.419109,0.416764,0.040000
z_0042_396.000000.png,#7a0474,1,51.112698,2.288628,0.091545,0.040000
z_0042_396.000000.png,#7b92a8,3,221.965512,9.938754,0.397550,0.040000
z_0042_396.000000.png,#88bbd1,3,144.710678,6.479583,0.259183,0.040000
z_0042_396.000000.png,#8f82c4,8,246.551299,11.039610,0.441584,0.040000
z_0042_396.000000.png,#91ff78,7,494.173665,22.127179,0.885087,0.040000
z_0042_396.000000.png,#96645c,6,348.877200,15.621367,0.624855,0.040000
z_0042_396.000000.png,#9ed3de,2,29.313708,1.312554,0.052502,0.040000
z_0042_396.000000.png,#a347ff,5,282.107648,12.631686,0.505267,0.040000
z_0042_396.000000.png,#b2a0fa,5,235.279221,10.534890,0.421396,0.040000
z_0042_396.000000.png,#bbb477,4,88.426407,3.959391,0.158376,0.040000
z_0042_396.000000.png,#c4809c,6,382.676190,17.134755,0.685390,0.040000
z_0042_396.000000.png,#c9b7eb,6,429.102597,19.213549,0.768542,0.040000
z_0042_396.000000.png,#ccebb2,10,538.014285,24.090192,0.963608,0.040000
z_0042_396.000000.png,#cfcb80,8,648.097546,29.019293,1.160772,0.040000
z_0042_396.000000.png,#d0dba7,5,173.539105,7.770408,0.310816,0.040000
z_0042_396.000000.png,#ebd234,6,548.724963,24.569774,0.982791,0.040000
z_0042_396.000000.png,#f2cabf,2,46.627417,2.087795,0.083512,0.040000
z_0042_396.000000.png,#ff270f,3,76.769553,3.437443,0.137498,0.040000
z_0042_396.000000.png,#ff61e7,1,29.313708,1.312554,0.052502,0.040000
z_0042_396.000000.png,#ff6ee9,6,286.107648,12.810790,0.512432,0.040000
z_0042_396.000000.png,#ff73a1,8,497.386868,22.271054,0.890842,0.040000
z_0042_396.000000.png,#ffbe78,14,519.872150,23.277857,0.931114,0.040000
z_0042_396.000000.png,#ffc978,6,461.587878,20.668114,0.826725,0.040000
z_0042_396.000000.png,#ffcdbd,7,307.806133,13.782364,0.551295,0.040000
z_0043_397.000000.png,#04800e,3,244.007143,10.925693,0.437028,0.040000
z_0043_397.000000.png,#195ba5,9,378.877200,16.964651,0.678586,0.040000
z_0043_397.000000.png,#3b9c36,1,65.355339,2.926358,0.117054,0.040000
z_0043_397.000000.png,#42ddf5,3,238.450793,10.676901,0.427076,0.040000
z_0043_397.000000.png,#48e85e,1,45.213203,2.024472,0.080979,0.040000
z_0043_397.000000.png,#4cc7b6,2,30.970563,1.386742,0.055470,0.040000
z_0043_397.000000.png,#61965c,6,248.066017,11.107434,0.444297,0.040000
z_0043_397.000000.png,#774d47,5,237.865007,10.650672,0.426027,0.040000
z_0043_397.000000.png,#7a0474,1,52.870058,2.367316,0.094693,0.040000
z_0043_397.000000.png,#7b92a8,3,221.622366,9.923390,0.396936,0.040000
z_0043_397.000000.png,#88bbd1,3,145.195959,6.501312,0.260052,0.040000
z_0043_397.000000.png,#8f82c4,8,252.551299,11.308267,0.452331,0.040000
z_0043_397.000000.png,#91ff78,7,503.830519,22.559575,0.902383,0.040000
z_0043_397.000000.png,#96645c,7,381.019336,17.060567,0.682423,0.040000
z_0043_397.000000.png,#9ed3de,2,29.556349,1.323419,0.052937,0.040000
z_0043_397.000000.png,#a347ff,5,281.965512,12.625321,0.505013,0.040000
z_0043_397.000000.png,#b2a0fa,5,240.450793,10.766453,0.430658,0.040000
z_0043_397.000000.png,#bbb477,5,100.669048,4.507569,0.180303,0.040000
z_0043_397.000000.png,#c4809c,6,373.161472,16.708723,0.668349,0.040000
z_0043_397.000000.png,#c9b7eb,6,439.931024,19.698404,0.787936,0.040000
z_0043_397.000000.png,#ccebb2,11,556.014285,24.896162,0.995846,0.040000
z_0043_397.000000.png,#cfcb80,5,566.600072,25.370152,1.014806,0.040000
z_0043_397.000000.png,#d0dba7,5,167.053824,7.480022,0.299201,0.040000
z_0043_397.000000.png,#ebd234,6,548.239682,24.548045,0.981922,0.040000
z_0043_397.000000.png,#f2cabf,2,57.455844,2.572650,0.102906,0.040000
z_0043_397.000000.png,#ff270f,3,72.769553,3.258338,0.130334,0.040000
z_0043_397.000000.png,#ff61e7,1,37.213203,1.666263,0.066651,0.040000
z_0043_397.000000.png,#ff6ee9,7,293.663997,13.149134,0.525965,0.040000
z_0043_397.000000.png,#ff73a1,8,501.972655,22.476388,0.899056,0.040000
z_0043_397.000000.png,#ffbe78,14,515.002092,23.059795,0.922392,0.040000
z_0043_397.000000.png,#ffc978,6,468.801082,20.991093,0.839644,0.040000
z_0043_397.000000.png,#ffcdbd,7,293.906638,13.159999,0.526400,0.040000
z_0044_398.000000.png,#04800e,3,236.107648,10.571984,0.422879,0.040000
z_0044_398.000000.png,#195ba5,10,399.019336,17.866537,0.714661,0.040000
z_0044_398.000000.png,#3b9c36,1,70.769553,3.168786,0.126751,0.040000
z_0044_398.000000.png,#42ddf5,2,119.882251,5.367862,0.214714,0.040000
z_0044_398.000000.png,#48e85e,1,45.213203,2.024472,0.080979,0.040000
z_0044_398.000000.png,#4cc7b6,2,30.142136,1.349648,0.053986,0.040000
z_0044_398.000000.png,#61965c,4,243.379726,10.897600,0.435904,0.040000
z_0044_398.000000.png,#774d47,5,233.865007,10.471567,0.418863,0.040000
z_0044_398.000000.png,#7a0474,1,50.627417,2.266899,0.090676,0.040000
z_0044_398.000000.png,#7b92a8,3,227.137085,10.170317,0.406813,0.040000
z_0044_398.000000.png,#88bbd1,3,142.953319,6.400895,0.256036,0.040000
z_0044_398.000000.png,#8f82c4,8,251.379726,11.255809,0.450232,0.040000
z_0044_398.000000.png,#91ff78,6,493.830519,22.111814,0.884473,0.040000
z_0044_398.000000.png,#96645c,7,393.605122,17.624110,0.704964,0.040000
z_0044_398.000000.png,#9ed3de,2,26.727922,1.196773,0.047871,0.040000
z_0044_398.000000.png,#a347ff,5,281.379726,12.599092,0.503964,0.040000
z_0044_398.000000.png,#b2a0fa,5,242.107648,10.840641,0.433626,0.040000
z_0044_398.000000.png,#bbb477,4,116.225397,5.204122,0.208165,0.040000
z_0044_398.000000.png,#c4809c,8,356.291414,15.953347,0.638134,0.040000
z_0044_398.000000.png,#c9b7eb,6,453.587878,20.309905,0.812396,0.040000
z_0044_398.000000.png,#ccebb2,10,600.943218,26.907905,1.076316,0.040000
z_0044_398.000000.png,#cfcb80,5,567.913780,25.428975,1.017159,0.040000
z_0044_398.000000.png,#d0dba7,5,167.296465,7.490886,0.299635,0.040000
z_0044_398.000000.png,#ebd234,6,526.825469,23.589200,0.943568,0.040000
z_0044_398.000000.png,#f2cabf,2,70.284271,3.147057,0.125882,0.040000
z_0044_398.000000.png,#ff270f,3,72.769553,3.258338,0.130334,0.040000
z_0044_398.000000.png,#ff61e7,1,44.041631,1.972013,0.078881,0.040000
z_0044_398.000000.png,#ff6ee9,6,302.592929,13.548937,0.541957,0.040000
z_0044_398.000000.png,#ff73a1,6,509.386868,22.808367,0.912335,0.040000
z_0044_398.000000.png,#ffbe78,14,511.972655,22.924149,0.916966,0.040000
z_0044_398.000000.png,#ffc978,6,477.386868,21.375531,0.855021,0.040000
z_0044_398.000000.png,#ffcdbd,7,313.806133,14.051021,0.562041,0.040000
z_0045_399.000000.png,#04800e,4,256.149278,11.469371,0.458775,0.040000
z_0045_399.000000.png,#195ba5,9,459.203102,20.561333,0.822453,0.040000
z_0045_399.000000.png,#3b9c36,1,84.769553,3.795652,0.151826,0.040000
z_0045_399.000000.png,#42ddf5,2,119.053824,5.330768,0.213231,0.040000
z_0045_399.000000.png,#48e85e,1,45.213203,2.024472,0.080979,0.040000
z_0045_399.000000.png,#4cc7b6,2,37.556349,1.681628,0.067265,0.040000
z_0045_399.000000.png,#61965c,4,219.237590,9.816609,0.392664,0.040000
z_0045_399.000000.png,#774d47,5,231.379726,10.360286,0.414411,0.040000
z_0045_399.000000.png,#7a0474,1,40.384776,1.808274,0.072331,0.040000
z_0045_399.000000.png,#7b92a8,3,235.036580,10.524026,0.420961,0.040000
z_0045_399.000000.png,#88bbd1,3,141.296465,6.326707,0.253068,0.040000
z_0045_399.000000.png,#8f82c4,8,252.693434,11.314631,0.452585,0.040000
z_0045_399.000000.png,#91ff78,6,491.587878,22.011398,0.880456,0.040000
z_0045_399.000000.png,#96645c,7,416.818326,18.663507,0.746540,0.040000
z_0045_399.000000.png,#9ed3de,2,23.899495,1.070127,0.042805,0.040000
z_0045_399.000000.png,#a347ff,6,275.137085,12.319571,0.492783,0.040000
z_0045_399.000000.png,#b2a0fa,5,255.521861,11.441277,0.457651,0.040000
z_0045_399.000000.png,#bbb477,4,117.254834,5.250216,0.210009,0.040000
z_0045_399.000000.png,#c4809c,7,323.462987,14.483417,0.579337,0.040000
z_0045_399.000000.png,#c9b7eb,5,461.102597,20.646385,0.825855,0.040000
z_0045_399.000000.png,#ccebb2,9,602.842712,26.992957,1.079718,0.040000
z_0045_399.000000.png,#cfcb80,6,568.256926,25.444340,1.017774,0.040000
z_0045_399.000000.png,#d0dba7,5,155.882251,6.979802,0.279192,0.040000
z_0045_399.000000.png,#ebd234,5,507.754401,22.735272,0.909411,0.040000
z_0045_399.000000.png,#f2cabf,3,82.183766,3.679870,0.147195,0.040000
z_0045_399.000000.png,#ff270f,3,69.355339,3.105463,0.124219,0.040000
z_0045_399.000000.png,#ff61e7,1,48.041631,2.151118,0.086045,0.040000
z_0045_399.000000.png,#ff6ee9,6,310.492424,13.902646,0.556106,0.040000
z_0045_399.000000.png,#ff73a1,5,501.286363,22.445658,0.897826,0.040000
z_0045_399.000000.png,#ffbe78,14,500.658946,22.417565,0.896703,0.040000
z_0045_399.000000.png,#ffc978,7,482.315801,21.596230,0.863849,0.040000
z_0045_399.000000.png,#ffcdbd,8,324.048773,14.509647,0.580386,0.040000
z_0046_400.000000.png,#04800e,4,228.693434,10.240005,0.409600,0.040000
z_0046_400.000000.png,#195ba5,10,515.144228,23.066159,0.922646,0.040000
z_0046_400.000000.png,#3b9c36,1,91.012193,4.075173,0.163007,0.040000
z_0046_400.000000.png,#42ddf5,2,120.124892,5.378726,0.215149,0.040000
z_0046_400.000000.png,#48e85e,1,45.455844,2.035336,0.081413,0.040000
z_0046_400.000000.png,#4cc7b6,2,38.970563,1.744951,0.069798,0.040000
z_0046_400.000000.png,#61965c,4,208.994949,9.357983,0.374319,0.040000
z_0046_400.000000.png,#774d47,5,226.894444,10.159453,0.406378,0.040000
z_0046_400.000000.png,#7a0474,1,26.384776,1.181408,0.047256,0.040000
z_0046_400.000000.png,#7b92a8,3,245.178716,10.978151,0.439126,0.040000
z_0046_400.000000.png,#88bbd1,3,144.953319,6.490447,0.259618,0.040000
z_0046_400.000000.png,#8f82c4,8,256.936075,11.504600,0.460184,0.040000
z_0046_400.000000.png,#91ff78,7,504.658946,22.596669,0.903867,0.040000
z_0046_400.000000.png,#96645c,8,442.232539,19.801457,0.792058,0.040000
z_0046_400.000000.png,#9ed3de,2,21.071068,0.943481,0.037739,0.040000
z_0046_400.000000.png,#a347ff,6,281.521861,12.605456,0.504218,0.040000
z_0046_400.000000.png,#b2a0fa,5,255.178716,11.425913,0.457037,0.040000
z_0046_400.000000.png,#bbb477,4,122.669048,5.492644,0.219706,0.040000
z_0046_400.000000.png,#c4809c,6,310.048773,13.882781,0.555311,0.040000
z_0046_400.000000.png,#c9b7eb,6,466.274170,20.877948,0.835118,0.040000
z_0046_400.000000.png,#ccebb2,10,599.955411,26.863675,1.074547,0.040000
z_0046_400.000000.png,#cfcb80,7,541.043723,24.225838,0.969034,0.040000
z_0046_400.000000.png,#d0dba7,4,151.396970,6.778969,0.271159,0.040000
z_0046_400.000000.png,#ebd234,5,516.340187,23.119710,0.924788,0.040000
z_0046_400.000000.png,#f2cabf,4,94.183766,4.217184,0.168687,0.040000
z_0046_400.000000.png,#ff270f,3,65.355339,2.926358,0.117054,0.040000
z_0046_400.000000.png,#ff61e7,1,55.698485,2.493962,0.099758,0.040000
z_0046_400.000000.png,#ff6ee9,6,315.320851,14.118844,0.564754,0.040000
z_0046_400.000000.png,#ff73a1,5,466.315801,20.879812,0.835192,0.040000
z_0046_400.000000.png,#ffbe78,14,517.144228,23.155712,0.926228,0.040000
z_0046_400.000000.png,#ffc978,7,485.043723,21.718376,0.868735,0.040000
z_0046_400.000000.png,#ffcdbd,7,322.190909,14.426459,0.577058,0.040000
z_0047_401.000000.png,#04800e,4,213.137085,9.543452,0.381738,0.040000
z_0047_401.000000.png,#195ba5,10,543.286363,24.326255,0.973050,0.040000
z_0047_401.000000.png,#3b9c36,1,98.769553,4.422517,0.176901,0.040000
z_0047_401.000000.png,#42ddf5,3,159.095454,7.123677,0.284947,0.040000
z_0047_401.000000.png,#48e85e,1,46.627417,2.087795,0.083512,0.040000
z_0047_401.000000.png,#4cc7b6,2,40.384776,1.808274,0.072331,0.040000
z_0047_401.000000.png,#61965c,4,190.024387,8.508555,0.340342,0.040000
z_0047_401.000000.png,#774d47,5,229.480231,10.275234,0.411009,0.040000
z_0047_401.000000.png,#7a0474,1,25.899495,1.159679,0.046387,0.040000
z_0047_401.000000.png,#7b92a8,3,256.249783,11.473871,0.458955,0.040000
z_0047_401.000000.png,#88bbd1,4,148.953319,6.669552,0.266782,0.040000
z_0047_401.000000.png,#8f82c4,8,250.350288,11.209714,0.448389,0.040000
z_0047_401.000000.png,#91ff78,7,511.002092,22.880691,0.915228,0.040000
z_0047_401.000000.png,#96645c,7,485.303607,21.730012,0.869200,0.040000
z_0047_401.000000.png,#9ed3de,2,24.727922,1.107220,0.044289,0.040000
z_0047_401.000000.png,#a347ff,5,276.350288,12.373894,0.494956,0.040000
z_0047_401.000000.png,#b2a0fa,5,253.178716,11.336360,0.453454,0.040000
z_0047_401.000000.png,#bbb477,5,137.053824,6.136738,0.245470,0.040000
z_0047_401.000000.png,#c4809c,6,287.078210,12.854248,0.514170,0.040000
z_0047_401.000000.png,#c9b7eb,6,463.102597,20.735937,0.829437,0.040000
z_0047_401.000000.png,#ccebb2,11,589.227489,26.383320,1.055333,0.040000
z_0047_401.000000.png,#cfcb80,7,536.215295,24.009640,0.960386,0.040000
z_0047_401.000000.png,#d0dba7,4,160.710678,7.196001,0.287840,0.040000
z_0047_401.000000.png,#ebd234,4,520.340187,23.298814,0.931953,0.040000
z_0047_401.000000.png,#f2cabf,4,100.183766,4.485840,0.179434,0.040000
z_0047_401.000000.png,#ff270f,3,58.870058,2.635973,0.105439,0.040000
z_0047_401.000000.png,#ff61e7,2,67.355339,3.015911,0.120636,0.040000
z_0047_401.000000.png,#ff6ee9,6,319.563492,14.308813,0.572353,0.040000
z_0047_401.000000.png,#ff73a1,8,427.546248,19.143862,0.765754,0.040000
z_0047_401.000000.png,#ffbe78,16,530.801082,23.767213,0.950689,0.040000
z_0047_401.000000.png,#ffc978,7,487.043723,21.807928,0.872317,0.040000
z_0047_401.000000.png,#ffcdbd,7,308.391919,13.808593,0.552344,0.040000
z_0048_402.000000.png,#04800e,3,221.379726,9.912525,0.396501,0.040000
z_0048_402.000000.png,#195ba5,10,564.558441,25.278736,1.011149,0.040000
z_0048_402.000000.png,#3b9c36,1,105.254834,4.712903,0.188516,0.040000
z_0048_402.000000.png,#42ddf5,2,121.982756,5.461914,0.218477,0.040000
z_0048_402.000000.png,#48e85e,1,50.284271,2.251535,0.090061,0.040000
z_0048_402.000000.png,#4cc7b6,2,47.455844,2.124889,0.084996,0.040000
z_0048_402.000000.png,#61965c,4,171.781746,7.691720,0.307669,0.040000
z_0048_402.000000.png,#774d47,5,233.823376,10.469703,0.418788,0.040000
z_0048_402.000000.png,#7a0474,2,39.798990,1.782044,0.071282,0.040000
z_0048_402.000000.png,#7b92a8,3,257.764502,11.541694,0.461668,0.040000
z_0048_402.000000.png,#88bbd1,3,146.367532,6.553770,0.262151,0.040000
z_0048_402.000000.png,#8f82c4,8,248.936075,11.146391,0.445856,0.040000
z_0048_402.000000.png,#91ff78,8,512.274170,22.937649,0.917506,0.040000
z_0048_402.000000.png,#96645c,9,495.931024,22.205867,0.888235,0.040000
z_0048_402.000000.png,#9ed3de,2,25.899495,1.159679,0.046387,0.040000
z_0048_402.000000.png,#a347ff,5,286.007143,12.806290,0.512252,0.040000
z_0048_402.000000.png,#b2a0fa,5,264.249783,11.832080,0.473283,0.040000
z_0048_402.000000.png,#bbb477,7,209.823376,9.395077,0.375803,0.040000
z_0048_402.000000.png,#c4809c,6,255.421356,11.436777,0.457471,0.040000
z_0048_402.000000.png,#c9b7eb,7,459.345238,20.567697,0.822708,0.040000
z_0048_402.000000.png,#ccebb2,12,578.298557,25.893965,1.035759,0.040000
z_0048_402.000000.png,#cfcb80,7,551.286363,24.684464,0.987379,0.040000
z_0048_402.000000.png,#d0dba7,4,155.882251,6.979802,0.279192,0.040000
z_0048_402.000000.png,#ebd234,4,520.683333,23.314179,0.932567,0.040000
z_0048_402.000000.png,#f2cabf,4,101.840620,4.560028,0.182401,0.040000
z_0048_402.000000.png,#ff270f,3,57.941125,2.594379,0.103775,0.040000
z_0048_402.000000.png,#ff61e7,2,89.254834,3.996485,0.159859,0.040000
z_0048_402.000000.png,#ff6ee9,7,317.663997,14.223761,0.568950,0.040000
z_0048_402.000000.png,#ff73a1,6,369.119841,16.527754,0.661110,0.040000
z_0048_402.000000.png,#ffbe78,16,525.144228,23.513921,0.940557,0.040000
z_0048_402.000000.png,#ffc978,7,486.457936,21.781699,0.871268,0.040000
z_0048_402.000000.png,#ffcdbd,7,300.149278,13.439520,0.537581,0.040000
z_0049_403.000000.png,#04800e,3,245.764502,11.004381,0.440175,0.040000
z_0049_403.000000.png,#195ba5,10,570.700577,25.553757,1.022150,0.040000
z_0049_403.000000.png,#3b9c36,1,114.325902,5.119070,0.204763,0.040000
z_0049_403.000000.png,#42ddf5,2,123.053824,5.509873,0.220395,0.040000
z_0049_403.000000.png,#48e85e,1,52.870058,2.367316,0.094693,0.040000
z_0049_403.000000.png,#4cc7b6,2,43.213203,1.934920,0.077397,0.040000
z_0049_403.000000.png,#61965c,4,160.610173,7.191500,0.287660,0.040000
z_0049_403.000000.png,#774d47,5,240.894444,10.786318,0.431453,0.040000
z_0049_403.000000.png,#7a0474,2,38.627417,1.729586,0.069183,0.040000
z_0049_403.000000.png,#7b92a8,3,261.764502,11.720799,0.468832,0.040000
z_0049_403.000000.png,#88bbd1,2,137.053824,6.136738,0.245470,0.040000
z_0049_403.000000.png,#8f82c4,8,256.007143,11.463006,0.458520,0.040000
z_0049_403.000000.png,#91ff78,11,533.002092,23.865765,0.954631,0.040000
z_0049_403.000000.png,#96645c,11,522.215295,23.382774,0.935311,0.040000
z_0049_403.000000.png,#9ed3de,2,27.556349,1.233866,0.049355,0.040000
z_0049_403.000000.png,#a347ff,6,295.421356,13.227822,0.529113,0.040000
z_0049_403.000000.png,#b2a0fa,4,277.906638,12.443581,0.497743,0.040000
z_0049_403.000000.png,#bbb477,6,263.521861,11.799486,0.471979,0.040000
z_0049_403.000000.png,#c4809c,5,240.693434,10.777318,0.431093,0.040000
z_0049_403.000000.png,#c9b7eb,7,438.274170,19.624217,0.784969,0.040000
z_0049_403.000000.png,#ccebb2,12,537.043723,24.046734,0.961869,0.040000
z_0049_403.000000.png,#cfcb80,7,546.416306,24.466402,0.978656,0.040000
z_0049_403.000000.png,#d0dba7,6,175.781746,7.870824,0.314833,0.040000
z_0049_403.000000.png,#ebd234,8,485.813275,21.752833,0.870113,0.040000
z_0049_403.000000.png,#f2cabf,4,102.669048,4.597122,0.183885,0.040000
z_0049_403.000000.png,#ff270f,3,60.526912,2.710160,0.108406,0.040000
z_0049_403.000000.png,#ff61e7,2,102.325902,4.581757,0.183270,0.040000
z_0049_403.000000.png,#ff6ee9,7,311.906638,13.965969,0.558639,0.040000
z_0049_403.000000.png,#ff73a1,6,317.220346,14.203896,0.568156,0.040000
z_0049_403.000000.png,#ffbe78,15,550.658946,24.656371,0.986255,0.040000
z_0049_403.000000.png,#ffc978,7,487.043723,21.807928,0.872317,0.040000
z_0049_403.000000.png,#ffcdbd,7,295.563492,13.234186,0.529367,0.040000
z_0050_404.000000.png,#04800e,3,237.622366,10.639807,0.425592,0.040000
z_0050_404.000000.png,#195ba5,11,561.972655,25.162955,1.006518,0.040000
z_0050_404.000000.png,#3b9c36,1,122.083261,5.466415,0.218657,0.040000
z_0050_404.000000.png,#42ddf5,2,126.811183,5.678113,0.227125,0.040000
z_0050_404.000000.png,#48e85e,1,53.112698,2.378181,0.095127,0.040000
z_0050_404.000000.png,#4cc7b6,2,32.970563,1.476294,0.059052,0.040000
z_0050_404.000000.png,#61965c,4,147.539105,6.606229,0.264249,0.040000
z_0050_404.000000.png,#774d47,6,223.580736,10.011078,0.400443,0.040000
z_0050_404.000000.png,#7a0474,5,109.982756,4.924601,0.196984,0.040000
z_0050_404.000000.png,#7b92a8,3,268.249783,12.011184,0.480447,0.040000
z_0050_404.000000.png,#88bbd1,2,126.811183,5.678113,0.227125,0.040000
z_0050_404.000000.png,#8f82c4,9,259.178716,11.605017,0.464201,0.040000
z_0050_404.000000.png,#91ff78,11,533.730014,23.898359,0.955934,0.040000
z_0050_404.000000.png,#96645c,10,521.002092,23.328452,0.933138,0.040000
z_0050_404.000000.png,#9ed3de,2,24.485281,1.096356,0.043854,0.040000
z_0050_404.000000.png,#a347ff,7,314.835570,14.097115,0.563885,0.040000
z_0050_404.000000.png,#b2a0fa,3,274.149278,12.275341,0.491014,0.040000
z_0050_404.000000.png,#bbb477,4,301.178716,13.485614,0.539425,0.040000
z_0050_404.000000.png,#c4809c,5,229.279221,10.266234,0.410649,0.040000
z_0050_404.000000.png,#c9b7eb,7,415.889394,18.621913,0.744877,0.040000
z_0050_404.000000.png,#ccebb2,12,507.144228,22.707950,0.908318,0.040000
z_0050_404.000000.png,#cfcb80,6,515.587878,23.086024,0.923441,0.040000
z_0050_404.000000.png,#d0dba7,8,203.580736,9.115555,0.364622,0.040000
z_0050_404.000000.png,#ebd234,5,376.374675,16.852597,0.674104,0.040000
z_0050_404.000000.png,#f2cabf,4,100.426407,4.496705,0.179868,0.040000
z_0050_404.000000.png,#fcbf79,1,2.828427,0.126646,0.005066,0.040000
z_0050_404.000000.png,#ff270f,3,56.870058,2.546420,0.101857,0.040000
z_0050_404.000000.png,#ff61e7,2,116.568542,5.219487,0.208779,0.040000
z_0050_404.000000.png,#ff6ee9,9,332.048773,14.867856,0.594714,0.040000
z_0050_404.000000.png,#ff73a1,4,264.208153,11.830216,0.473209,0.040000
z_0050_404.000000.png,#ffbe78,15,549.386868,24.599412,0.983976,0.040000
z_0050_404.000000.png,#ffc978,7,490.215295,21.949939,0.877998,0.040000
z_0050_404.000000.png,#ffcdbd,7,289.078210,12.943800,0.517752,0.040000
z_0051_405.000000.png,#04800e,3,227.137085,10.170317,0.406813,0.040000
z_0051_405.000000.png,#195ba5,11,563.043723,25.210913,1.008437,0.040000
z_0051_405.000000.png,#3b9c36,1,124.083261,5.555967,0.222239,0.040000
z_0051_405.000000.png,#42ddf5,2,131.882251,5.905175,0.236207,0.040000
z_0051_405.000000.png,#48e85e,1,54.526912,2.441504,0.097660,0.040000
z_0051_405.000000.png,#4cc7b6,2,38.142136,1.707857,0.068314,0.040000
z_0051_405.000000.png,#61965c,5,125.882251,5.636519,0.225461,0.040000
z_0051_405.000000.png,#774d47,5,206.752309,9.257566,0.370303,0.040000
z_0051_405.000000.png,#7a0474,7,184.894444,8.278856,0.331154,0.040000
z_0051_405.000000.png,#7b92a8,3,269.421356,12.063643,0.482546,0.040000
z_0051_405.000000.png,#88bbd1,2,109.740115,4.913737,0.196549,0.040000
z_0051_405.000000.png,#8f82c4,9,255.036580,11.419548,0.456782,0.040000
z_0051_405.000000.png,#91ff78,12,550.215295,24.636506,0.985460,0.040000
z_0051_405.000000.png,#96645c,9,523.872150,23.456962,0.938278,0.040000
z_0051_405.000000.png,#9ed3de,2,27.313708,1.223002,0.048920,0.040000
z_0051_405.000000.png,#a347ff,6,324.249783,14.518647,0.580746,0.040000
z_0051_405.000000.png,#b2a0fa,3,267.906638,11.995820,0.479833,0.040000
z_0051_405.000000.png,#bbb477,4,312.835570,14.007563,0.560303,0.040000
z_0051_405.000000.png,#c4809c,5,215.379726,9.643868,0.385755,0.040000
z_0051_405.000000.png,#c9b7eb,7,396.960461,17.774349,0.710974,0.040000
z_0051_405.000000.png,#ccebb2,15,595.955411,26.684571,1.067383,0.040000
z_0051_405.000000.png,#cfcb80,6,505.830519,22.649128,0.905965,0.040000
z_0051_405.000000.png,#d0dba7,9,227.379726,10.181182,0.407247,0.040000
z_0051_405.000000.png,#ebd234,6,331.747258,14.854355,0.594174,0.040000
z_0051_405.000000.png,#f2cabf,4,95.840620,4.291371,0.171655,0.040000
z_0051_405.000000.png,#ff270f,3,55.798990,2.498462,0.099938,0.040000
z_0051_405.000000.png,#ff61e7,2,130.468037,5.841852,0.233674,0.040000
z_0051_405.000000.png,#ff6ee9,10,353.847763,15.843930,0.633757,0.040000
z_0051_405.000000.png,#ff73a1,5,249.622366,11.177121,0.447085,0.040000
z_0051_405.000000.png,#ffbe78,17,593.570635,26.577790,1.063112,0.040000
z_0051_405.000000.png,#ffc978,8,520.357431,23.299586,0.931983,0.040000
z_0051_405.000000.png,#ffcdbd,7,287.421356,12.869613,0.514785,0.040000
z_0052_406.000000.png,#04800e,3,226.208153,10.128723,0.405149,0.040000
z_0052_406.000000.png,#195ba5,12,553.529004,24.784881,0.991395,0.040000
z_0052_406.000000.png,#3b9c36,1,129.497475,5.798394,0.231936,0.040000
z_0052_406.000000.png,#42ddf5,2,129.639610,5.804759,0.232190,0.040000
z_0052_406.000000.png,#48e85e,1,56.526912,2.531056,0.101242,0.040000
z_0052_406.000000.png,#4cc7b6,2,48.870058,2.188212,0.087528,0.040000
z_0052_406.000000.png,#61965c,6,127.053824,5.688977,0.227559,0.040000
z_0052_406.000000.png,#774d47,5,210.994949,9.447535,0.377901,0.040000
z_0052_406.000000.png,#7a0474,6,255.178716,11.425913,0.457037,0.040000
z_0052_406.000000.png,#7b92a8,3,278.735065,12.480675,0.499227,0.040000
z_0052_406.000000.png,#88bbd1,2,97.254834,4.354694,0.174188,0.040000
z_0052_406.000000.png,#8f82c4,9,263.622366,11.803987,0.472159,0.040000
z_0052_406.000000.png,#91ff78,12,553.286363,24.774016,0.990961,0.040000
z_0052_406.000000.png,#96645c,9,501.244733,22.443794,0.897752,0.040000
z_0052_406.000000.png,#9ed3de,2,30.970563,1.386742,0.055470,0.040000
z_0052_406.000000.png,#a347ff,7,355.806133,15.931618,0.637265,0.040000
z_0052_406.000000.png,#b2a0fa,3,250.350288,11.209714,0.448389,0.040000
z_0052_406.000000.png,#bbb477,4,315.421356,14.123344,0.564934,0.040000
z_0052_406.000000.png,#c4809c,5,202.894444,9.084826,0.363393,0.040000
z_0052_406.000000.png,#c9b7eb,6,358.776695,16.064628,0.642585,0.040000
z_0052_406.000000.png,#ccebb2,13,610.683333,27.344030,1.093761,0.040000
z_0052_406.000000.png,#cfcb80,5,520.901587,23.323952,0.932958,0.040000
z_0052_406.000000.png,#d0dba7,9,234.208153,10.486932,0.419477,0.040000
z_0052_406.000000.png,#ebd234,5,274.048773,12.270841,0.490834,0.040000
z_0052_406.000000.png,#f2cabf,4,107.497475,4.813320,0.192533,0.040000
z_0052_406.000000.png,#ff270f,3,57.112698,2.557285,0.102291,0.040000
z_0052_406.000000.png,#ff61e7,1,141.882251,6.352937,0.254117,0.040000
z_0052_406.000000.png,#ff6ee9,13,427.203102,19.128497,0.765140,0.040000
z_0052_406.000000.png,#ff73a1,5,198.166522,8.873128,0.354925,0.040000
z_0052_406.000000.png,#ffbe78,18,615.671140,27.567364,1.102695,0.040000
z_0052_406.000000.png,#ffc978,9,517.286363,23.162076,0.926483,0.040000
z_0052_406.000000.png,#ffcdbd,7,287.906638,12.891342,0.515654,0.040000
z_0053_407.000000.png,#04800e,3,221.279221,9.908025,0.396321,0.040000
z_0053_407.000000.png,#195ba5,11,542.357431,24.284661,0.971386,0.040000
z_0053_407.000000.png,#3b9c36,2,121.740115,5.451050,0.218042,0.040000
z_0053_407.000000.png,#42ddf5,2,133.539105,5.979363,0.239175,0.040000
z_0053_407.000000.png,#48e85e,1,55.941125,2.504827,0.100193,0.040000
z_0053_407.000000.png,#4cc7b6,2,61.698485,2.762619,0.110505,0.040000
z_0053_407.000000.png,#61965c,6,119.154329,5.335268,0.213411,0.040000
z_0053_407.000000.png,#774d47,5,239.622366,10.729360,0.429174,0.040000
z_0053_407.000000.png,#7a0474,6,316.977705,14.193032,0.567721,0.040000
z_0053_407.000000.png,#7b92a8,3,280.735065,12.570227,0.502809,0.040000
z_0053_407.000000.png,#88bbd1,2,95.012193,4.254277,0.170171,0.040000
z_0053_407.000000.png,#8f82c4,9,267.764502,11.989455,0.479578,0.040000
z_0053_407.000000.png,#91ff78,10,547.286363,24.505360,0.980214,0.040000
z_0053_407.000000.png,#96645c,8,498.801082,22.334377,0.893375,0.040000
z_0053_407.000000.png,#9ed3de,2,43.213203,1.934920,0.077397,0.040000
z_0053_407.000000.png,#a347ff,7,369.019336,16.523254,0.660930,0.040000
z_0053_407.000000.png,#b2a0fa,3,237.279221,10.624443,0.424978,0.040000
z_0053_407.000000.png,#bbb477,4,324.835570,14.544876,0.581795,0.040000
z_0053_407.000000.png,#c4809c,5,190.651804,8.536648,0.341466,0.040000
z_0053_407.000000.png,#c9b7eb,5,334.048773,14.957408,0.598296,0.040000
z_0053_407.000000.png,#ccebb2,13,622.239682,27.861478,1.114459,0.040000
z_0053_407.000000.png,#cfcb80,5,506.801082,22.692586,0.907703,0.040000
z_0053_407.000000.png,#d0dba7,9,260.835570,11.679205,0.467168,0.040000
z_0053_407.000000.png,#ebd234,5,261.421356,11.705434,0.468217,0.040000
z_0053_407.000000.png,#f2cabf,4,98.426407,4.407153,0.176286,0.040000
z_0053_407.000000.png,#ff270f,3,56.870058,2.546420,0.101857,0.040000
z_0053_407.000000.png,#ff61e7,1,149.539105,6.695781,0.267831,0.040000
z_0053_407.000000.png,#ff6ee9,12,488.801082,21.886616,0.875465,0.040000
z_0053_407.000000.png,#ff73a1,4,150.953319,6.759104,0.270364,0.040000
z_0053_407.000000.png,#ffbe78,14,599.913780,26.861811,1.074472,0.040000
z_0053_407.000000.png,#ffc978,9,517.972655,23.192805,0.927712,0.040000
z_0053_407.000000.png,#ffcdbd,6,273.320851,12.238247,0.489530,0.040000
z_0054_408.000000.png,#04800e,3,216.793939,9.707191,0.388288,0.040000
z_0054_408.000000.png,#195ba5,11,515.487373,23.081524,0.923261,0.040000
z_0054_408.000000.png,#3b9c36,2,103.840620,4.649580,0.185983,0.040000
z_0054_408.000000.png,#42ddf5,2,135.195959,6.053550,0.242142,0.040000
z_0054_408.000000.png,#48e85e,1,54.526912,2.441504,0.097660,0.040000
z_0054_408.000000.png,#4cc7b6,2,74.041631,3.315297,0.132612,0.040000
z_0054_408.000000.png,#61965c,5,134.468037,6.020957,0.240838,0.040000
z_0054_408.000000.png,#774d47,5,247.622366,11.087569,0.443503,0.040000
z_0054_408.000000.png,#7a0474,6,375.847763,16.829004,0.673160,0.040000
z_0054_408.000000.png,#7b92a8,3,290.877200,13.024352,0.520974,0.040000
z_0054_408.000000.png,#88bbd1,2,104.911688,4.697538,0.187902,0.040000
z_0054_408.000000.png,#8f82c4,9,275.320851,12.327799,0.493112,0.040000
z_0054_408.000000.png,#91ff78,9,535.972655,23.998776,0.959951,0.040000
z_0054_408.000000.png,#96645c,8,494.558441,22.144408,0.885776,0.040000
z_0054_408.000000.png,#9ed3de,2,48.384776,2.166483,0.086659,0.040000
z_0054_408.000000.png,#a347ff,7,366.433550,16.407472,0.656299,0.040000
z_0054_408.000000.png,#b2a0fa,4,221.379726,9.912525,0.396501,0.040000
z_0054_408.000000.png,#bbb477,5,336.149278,15.051460,0.602058,0.040000
z_0054_408.000000.png,#c4809c,5,183.438600,8.213669,0.328547,0.040000
z_0054_408.000000.png,#c9b7eb,5,332.291414,14.878720,0.595149,0.040000
z_0054_408.000000.png,#ccebb2,14,671.695526,30.075919,1.203037,0.040000
z_0054_408.000000.png,#cfcb80,5,494.315801,22.133543,0.885342,0.040000
z_0054_408.000000.png,#d0dba7,8,270.492424,12.111601,0.484464,0.040000
z_0054_408.000000.png,#ebd234,5,231.137085,10.349422,0.413977,0.040000
z_0054_408.000000.png,#f2cabf,4,99.840620,4.470476,0.178819,0.040000
z_0054_408.000000.png,#ff270f,3,53.213203,2.382681,0.095307,0.040000
z_0054_408.000000.png,#ff61e7,1,147.195959,6.590864,0.263635,0.040000
z_0054_408.000000.png,#ff6ee9,12,549.629509,24.610277,0.984411,0.040000
z_0054_408.000000.png,#ff73a1,3,100.325902,4.492205,0.179688,0.040000
z_0054_408.000000.png,#ffbe78,15,573.771645,25.691268,1.027651,0.040000
z_0054_408.000000.png,#ffc978,8,525.043723,23.509420,0.940377,0.040000
z_0054_408.000000.png,#ffcdbd,6,278.007143,12.448081,0.497923,0.040000
z_0055_409.000000.png,#04800e,4,202.409163,9.063097,0.362524,0.040000
z_0055_409.000000.png,#195ba5,11,429.161472,19.216185,0.768647,0.040000
z_0055_409.000000.png,#3b9c36,2,96.769553,4.332965,0.173319,0.040000
z_0055_409.000000.png,#42ddf5,4,160.166522,7.171635,0.286865,0.040000
z_0055_409.000000.png,#48e85e,1,51.455844,2.303993,0.092160,0.040000
z_0055_409.000000.png,#4cc7b6,2,87.012193,3.896068,0.155843,0.040000
z_0055_409.000000.png,#61965c,6,159.095454,7.123677,0.284947,0.040000
z_0055_409.000000.png,#774d47,5,266.350288,11.926132,0.477045,0.040000
z_0055_409.000000.png,#7a0474,6,410.031529,18.359621,0.734385,0.040000
z_0055_409.000000.png,#7b92a8,3,301.948268,13.520072,0.540803,0.040000
z_0055_409.000000.png,#88bbd1,2,106.911688,4.787091,0.191484,0.040000
z_0055_409.000000.png,#8f82c4,10,289.663997,12.970030,0.518801,0.040000
z_0055_409.000000.png,#91ff78,9,571.913780,25.608080,1.024323,0.040000
z_0055_409.000000.png,#96645c,9,721.293506,32.296724,1.291869,0.040000
z_0055_409.000000.png,#9ed3de,3,73.112698,3.273703,0.130948,0.040000
z_0055_409.000000.png,#a347ff,5,340.534055,15.247793,0.609912,0.040000
z_0055_409.000000.png,#b2a0fa,3,189.823376,8.499554,0.339982,0.040000
z_0055_409.000000.png,#bbb477,4,371.705627,16.643536,0.665741,0.040000
z_0055_409.000000.png,#c4809c,5,182.024387,8.150346,0.326014,0.040000
z_0055_409.000000.png,#c9b7eb,5,323.462987,14.483417,0.579337,0.040000
z_0055_409.000000.png,#ccebb2,13,738.808225,33.080965,1.323239,0.040000
z_0055_409.000000.png,#cfcb80,5,477.587878,21.384532,0.855381,0.040000
z_0055_409.000000.png,#d0dba7,8,277.421356,12.421852,0.496874,0.040000
z_0055_409.000000.png,#ebd234,7,209.338095,9.373348,0.374934,0.040000
z_0055_409.000000.png,#f2cabf,4,108.669048,4.865778,0.194631,0.040000
z_0055_409.000000.png,#ff270f,3,53.455844,2.393545,0.095742,0.040000
z_0055_409.000000.png,#ff61e7,2,145.195959,6.501312,0.260052,0.040000
z_0055_409.000000.png,#ff6ee9,13,704.381818,31.539484,1.261579,0.040000
z_0055_409.000000.png,#ff73a1,3,78.083261,3.496265,0.139851,0.040000
z_0055_409.000000.png,#ffbe78,16,576.641702,25.819778,1.032791,0.040000
z_0055_409.000000.png,#ffc978,8,509.386868,22.808367,0.912335,0.040000
z_0055_409.000000.png,#ffcdbd,5,276.492424,12.380258,0.495210,0.040000
z_0056_410.000000.png,#04800e,4,177.580736,7.951376,0.318055,0.040000
z_0056_410.000000.png,#195ba5,9,396.676190,17.761620,0.710465,0.040000
z_0056_410.000000.png,#3b9c36,2,90.526912,4.053444,0.162138,0.040000
z_0056_410.000000.png,#42ddf5,3,159.823376,7.156271,0.286251,0.040000
z_0056_410.000000.png,#48e85e,1,54.627417,2.446004,0.097840,0.040000
z_0056_410.000000.png,#4cc7b6,1,99.396970,4.450611,0.178024,0.040000
z_0056_410.000000.png,#61965c,6,171.095454,7.660990,0.306440,0.040000
z_0056_410.000000.png,#774d47,5,277.906638,12.443581,0.497743,0.040000
z_0056_410.000000.png,#7a0474,6,432.859956,19.381789,0.775272,0.040000
z_0056_410.000000.png,#7b92a8,3,308.776695,13.825822,0.553033,0.040000
z_0056_410.000000.png,#88bbd1,2,110.325902,4.939966,0.197599,0.040000
z_0056_410.000000.png,#8f82c4,8,310.048773,13.882781,0.555311,0.040000
z_0056_410.000000.png,#91ff78,12,578.014285,25.881237,1.035249,0.040000
z_0056_410.000000.png,#96645c,11,753.435642,33.735924,1.349437,0.040000
z_0056_410.000000.png,#9ed3de,2,107.597980,4.817820,0.192713,0.040000
z_0056_410.000000.png,#a347ff,5,335.747258,15.033459,0.601338,0.040000
z_0056_410.000000.png,#b2a0fa,3,181.095454,8.108752,0.324350,0.040000
z_0056_410.000000.png,#bbb477,5,394.575685,17.667568,0.706703,0.040000
z_0056_410.000000.png,#c4809c,5,174.267027,7.803001,0.312120,0.040000
z_0056_410.000000.png,#c9b7eb,6,311.320851,13.939740,0.557590,0.040000
z_0056_410.000000.png,#ccebb2,13,766.180808,34.306603,1.372264,0.040000
z_0056_410.000000.png,#cfcb80,4,463.830519,20.768531,0.830741,0.040000
z_0056_410.000000.png,#d0dba7,9,305.462987,13.677447,0.547098,0.040000
z_0056_410.000000.png,#ebd234,5,189.095454,8.466961,0.338678,0.040000
z_0056_410.000000.png,#f2cabf,4,101.012193,4.522934,0.180917,0.040000
z_0056_410.000000.png,#ff270f,3,56.526912,2.531056,0.101242,0.040000
z_0056_410.000000.png,#ff61e7,2,142.124892,6.363801,0.254552,0.040000
z_0056_410.000000.png,#ff6ee9,12,786.908730,35.234719,1.409389,0.040000
z_0056_410.000000.png,#ff73a1,2,67.355339,3.015911,0.120636,0.040000
z_0056_410.000000.png,#ffbe78,15,556.742207,24.928756,0.997150,0.040000
z_0056_410.000000.png,#ffc978,8,504.700577,22.598533,0.903941,0.040000
z_0056_410.000000.png,#ffcdbd,5,283.563492,12.696873,0.507875,0.040000
z_0057_411.000000.png,#04800e,6,164.852814,7.381469,0.295259,0.040000
z_0057_411.000000.png,#195ba5,9,390.433550,17.482099,0.699284,0.040000
z_0057_411.000000.png,#3b9c36,2,87.112698,3.900569,0.156023,0.040000
z_0057_411.000000.png,#42ddf5,3,166.166522,7.440292,0.297612,0.040000
z_0057_411.000000.png,#48e85e,2,79.012193,3.537859,0.141514,0.040000
z_0057_411.000000.png,#4cc7b6,2,92.083261,4.123131,0.164925,0.040000
z_0057_411.000000.png,#61965c,6,175.681241,7.866324,0.314653,0.040000
z_0057_411.000000.png,#774d47,5,283.421356,12.690508,0.507620,0.040000
z_0057_411.000000.png,#7a0474,8,546.399062,24.465630,0.978625,0.040000
z_0057_411.000000.png,#7b92a8,3,319.261977,14.295312,0.571812,0.040000
z_0057_411.000000.png,#88bbd1,3,109.154329,4.887507,0.195500,0.040000
z_0057_411.000000.png,#8f82c4,8,317.320851,14.208396,0.568336,0.040000
z_0057_411.000000.png,#91ff78,12,602.742207,26.988457,1.079538,0.040000
z_0057_411.000000.png,#96645c,11,707.837662,31.694224,1.267769,0.040000
z_0057_411.000000.png,#9ed3de,2,108.183766,4.844049,0.193762,0.040000
z_0057_411.000000.png,#a347ff,6,324.634560,14.535876,0.581435,0.040000
z_0057_411.000000.png,#b2a0fa,3,154.267027,6.907479,0.276299,0.040000
z_0057_411.000000.png,#bbb477,6,419.788889,18.796517,0.751861,0.040000
z_0057_411.000000.png,#c4809c,5,163.781746,7.333511,0.293340,0.040000
z_0057_411.000000.png,#c9b7eb,6,301.806133,13.513707,0.540548,0.040000
z_0057_411.000000.png,#ccebb2,16,823.435642,36.870253,1.474810,0.040000
z_0057_411.000000.png,#cfcb80,3,443.788889,19.871144,0.794846,0.040000
z_0057_411.000000.png,#d0dba7,10,304.634560,13.640353,0.545614,0.040000
z_0057_411.000000.png,#ebd234,6,189.237590,8.473325,0.338933,0.040000
z_0057_411.000000.png,#f2cabf,4,114.083261,5.108206,0.204328,0.040000
z_0057_411.000000.png,#ff270f,3,63.355339,2.836806,0.113472,0.040000
z_0057_411.000000.png,#ff61e7,2,142.468037,6.379166,0.255167,0.040000
z_0057_411.000000.png,#ff6ee9,9,835.050865,37.390337,1.495613,0.040000
z_0057_411.000000.png,#ff73a1,2,64.041631,2.867536,0.114701,0.040000
z_0057_411.000000.png,#ffbe78,15,551.570635,24.697193,0.987888,0.040000
z_0057_411.000000.png,#ffc978,8,511.144228,22.887055,0.915482,0.040000
z_0057_411.000000.png,#ffcdbd,5,291.462987,13.050581,0.522023,0.040000
z_0058_412.000000.png,#04800e,4,198.994949,8.910222,0.356409,0.040000
z_0058_412.000000.png,#195ba5,9,374.676190,16.776546,0.671062,0.040000
z_0058_412.000000.png,#3b9c36,2,78.870058,3.531495,0.141260,0.040000
z_0058_412.000000.png,#42ddf5,3,169.823376,7.604032,0.304161,0.040000
z_0058_412.000000.png,#48e85e,2,86.669048,3.880704,0.155228,0.040000
z_0058_412.000000.png,#4cc7b6,2,87.497475,3.917797,0.156712,0.040000
z_0058_412.000000.png,#61965c,7,239.622366,10.729360,0.429174,0.040000
z_0058_412.000000.png,#774d47,4,307.563492,13.771500,0.550860,0.040000
z_0058_412.000000.png,#7a0474,6,609.026479,27.269842,1.090794,0.040000
z_0058_412.000000.png,#7b92a8,5,351.060967,15.719148,0.628766,0.040000
z_0058_412.000000.png,#88bbd1,3,99.254834,4.444246,0.177770,0.040000
z_0058_412.000000.png,#8f82c4,8,371.948268,16.654400,0.666176,0.040000
z_0058_412.000000.png,#91ff78,10,620.156421,27.768198,1.110728,0.040000
z_0058_412.000000.png,#96645c,10,631.653896,28.283010,1.131320,0.040000
z_0058_412.000000.png,#9ed3de,3,148.568542,6.652323,0.266093,0.040000
z_0058_412.000000.png,#a347ff,6,310.149278,13.887281,0.555491,0.040000
z_0058_412.000000.png,#b2a0fa,2,143.438600,6.422624,0.256905,0.040000
z_0058_412.000000.png,#bbb477,6,424.617316,19.012716,0.760509,0.040000
z_0058_412.000000.png,#c4809c,5,161.681241,7.239459,0.289578,0.040000
z_0058_412.000000.png,#c9b7eb,7,346.291414,15.505586,0.620223,0.040000
z_0058_412.000000.png,#ccebb2,17,838.264069,37.534212,1.501368,0.040000
z_0058_412.000000.png,#cfcb80,4,430.232539,19.264144,0.770566,0.040000
z_0058_412.000000.png,#d0dba7,9,284.592929,12.742967,0.509719,0.040000
z_0058_412.000000.png,#ebd234,5,233.379726,10.449838,0.417994,0.040000
z_0058_412.000000.png,#f2cabf,4,115.740115,5.182393,0.207296,0.040000
z_0058_412.000000.png,#ff270f,3,81.941125,3.669006,0.146760,0.040000
z_0058_412.000000.png,#ff61e7,3,133.296465,5.968498,0.238740,0.040000
z_0058_412.000000.png,#ff6ee9,10,862.707720,38.628704,1.545148,0.040000
z_0058_412.000000.png,#ff73a1,2,66.526912,2.978817,0.119153,0.040000
z_0058_412.000000.png,#ffbe78,16,536.600072,24.026869,0.961075,0.040000
z_0058_412.000000.png,#ffc978,10,502.658946,22.507117,0.900285,0.040000
z_0058_412.000000.png,#ffcdbd,6,292.977705,13.118405,0.524736,0.040000
z_0059_413.000000.png,#04800e,4,210.066017,9.405941,0.376238,0.040000
z_0059_413.000000.png,#195ba5,8,373.119841,16.706859,0.668274,0.040000
z_0059_413.000000.png,#3b9c36,2,78.284271,3.505266,0.140211,0.040000
z_0059_413.000000.png,#42ddf5,3,180.308658,8.073522,0.322941,0.040000
z_0059_413.000000.png,#48e85e,2,89.012193,3.985621,0.159425,0.040000
z_0059_413.000000.png,#4cc7b6,2,82.426407,3.690735,0.147629,0.040000
z_0059_413.000000.png,#61965c,8,282.249783,12.638050,0.505522,0.040000
z_0059_413.000000.png,#774d47,3,375.220346,16.800911,0.672036,0.040000
z_0059_413.000000.png,#7a0474,5,490.801082,21.976168,0.879047,0.040000
z_0059_413.000000.png,#7b92a8,5,388.516811,17.396275,0.695851,0.040000
z_0059_413.000000.png,#88bbd1,3,96.083261,4.302236,0.172089,0.040000
z_0059_413.000000.png,#8f82c4,9,383.847763,17.187213,0.687489,0.040000
z_0059_413.000000.png,#91ff78,10,632.984848,28.342605,1.133704,0.040000
z_0059_413.000000.png,#96645c,9,597.470129,26.752394,1.070096,0.040000
z_0059_413.000000.png,#9ed3de,3,151.396970,6.778969,0.271159,0.040000
z_0059_413.000000.png,#a347ff,8,272.450793,12.199289,0.487972,0.040000
z_0059_413.000000.png,#b2a0fa,2,141.681241,6.343936,0.253757,0.040000
z_0059_413.000000.png,#bbb477,7,427.002092,19.119497,0.764780,0.040000
z_0059_413.000000.png,#c4809c,5,153.882251,6.890250,0.275610,0.040000
z_0059_413.000000.png,#c9b7eb,9,436.274170,19.534664,0.781387,0.040000
z_0059_413.000000.png,#ccebb2,15,832.707720,37.285420,1.491417,0.040000
z_0059_413.000000.png,#cfcb80,4,411.646753,18.431944,0.737278,0.040000
z_0059_413.000000.png,#d0dba7,9,282.592929,12.653415,0.506137,0.040000
z_0059_413.000000.png,#ebd234,5,239.279221,10.713995,0.428560,0.040000
z_0059_413.000000.png,#f2cabf,4,118.083261,5.287310,0.211492,0.040000
z_0059_413.000000.png,#ff270f,3,82.769553,3.706099,0.148244,0.040000
z_0059_413.000000.png,#ff61e7,3,119.639610,5.356997,0.214280,0.040000
z_0059_413.000000.png,#ff6ee9,11,938.648845,42.029053,1.681162,0.040000
z_0059_413.000000.png,#ff73a1,2,67.941125,3.042140,0.121686,0.040000
z_0059_413.000000.png,#ffbe78,15,524.014285,23.463326,0.938533,0.040000
z_0059_413.000000.png,#ffc978,10,471.587878,21.115875,0.844635,0.040000
z_0059_413.000000.png,#ffcdbd,5,295.220346,13.218821,0.528753,0.040000
z_0060_414.000000.png,#04800e,4,226.793939,10.154953,0.406198,0.040000
z_0060_414.000000.png,#195ba5,8,393.504617,17.619610,0.704784,0.040000
z_0060_414.000000.png,#3b9c36,2,74.284271,3.326161,0.133046,0.040000
z_0060_414.000000.png,#42ddf5,4,152.852814,6.844156,0.273766,0.040000
z_0060_414.000000.png,#48e85e,2,92.669048,4.149360,0.165974,0.040000
z_0060_414.000000.png,#4cc7b6,2,83.355339,3.732329,0.149293,0.040000
z_0060_414.000000.png,#61965c,9,367.404112,16.450930,0.658037,0.040000
z_0060_414.000000.png,#774d47,3,367.906638,16.473432,0.658937,0.040000
z_0060_414.000000.png,#7a0474,5,513.872150,23.009201,0.920368,0.040000
z_0060_414.000000.png,#7b92a8,6,397.830519,17.813307,0.712532,0.040000
z_0060_414.000000.png,#88bbd1,3,80.426407,3.601182,0.144047,0.040000
z_0060_414.000000.png,#8f82c4,8,390.918831,17.503828,0.700153,0.040000
z_0060_414.000000.png,#91ff78,11,641.470129,28.722543,1.148902,0.040000
z_0060_414.000000.png,#96645c,9,598.683333,26.806716,1.072269,0.040000
z_0060_414.000000.png,#9ed3de,4,180.367532,8.076158,0.323046,0.040000
z_0060_414.000000.png,#a347ff,6,260.894444,11.681841,0.467274,0.040000
z_0060_414.000000.png,#b2a0fa,2,137.681241,6.164832,0.246593,0.040000
z_0060_414.000000.png,#bbb477,8,428.901587,19.204549,0.768182,0.040000
z_0060_414.000000.png,#c4809c,5,155.539105,6.964438,0.278578,0.040000
z_0060_414.000000.png,#c9b7eb,8,468.617316,20.982865,0.839315,0.040000
z_0060_414.000000.png,#ccebb2,14,820.950360,36.758971,1.470359,0.040000
z_0060_414.000000.png,#cfcb80,4,387.060967,17.331088,0.693244,0.040000
z_0060_414.000000.png,#d0dba7,9,282.936075,12.668779,0.506751,0.040000
z_0060_414.000000.png,#ebd234,6,293.279221,13.131905,0.525276,0.040000
z_0060_414.000000.png,#f2cabf,4,131.053824,5.868082,0.234723,0.040000
z_0060_414.000000.png,#ff270f,3,89.840620,4.022714,0.160909,0.040000
z_0060_414.000000.png,#ff61e7,3,102.911688,4.607986,0.184319,0.040000
z_0060_414.000000.png,#ff6ee9,12,945.920923,42.354668,1.694187,0.040000
z_0060_414.000000.png,#ff73a1,2,70.284271,3.147057,0.125882,0.040000
z_0060_414.000000.png,#ffbe78,16,525.730014,23.540150,0.941606,0.040000
z_0060_414.000000.png,#ffc978,9,452.859956,20.277311,0.811092,0.040000
z_0060_414.000000.png,#ffcdbd,5,305.847763,13.694676,0.547787,0.040000
z_0061_415.000000.png,#04800e,5,238.693434,10.687766,0.427511,0.040000
z_0061_415.000000.png,#195ba5,9,438.617316,19.639581,0.785583,0.040000
z_0061_415.000000.png,#3b9c36,2,76.526912,3.426578,0.137063,0.040000
z_0061_415.000000.png,#42ddf5,3,137.296465,6.147603,0.245904,0.040000
z_0061_415.000000.png,#48e85e,2,92.669048,4.149360,0.165974,0.040000
z_0061_415.000000.png,#4cc7b6,2,81.012193,3.627412,0.145096,0.040000
z_0061_415.000000.png,#61965c,9,429.487373,19.230778,0.769231,0.040000
z_0061_415.000000.png,#774d47,5,351.663997,15.746149,0.629846,0.040000
z_0061_415.000000.png,#7a0474,5,456.516811,20.441051,0.817642,0.040000
z_0061_415.000000.png,#7b92a8,6,420.901587,18.846340,0.753854,0.040000
z_0061_415.000000.png,#88bbd1,2,74.769553,3.347890,0.133916,0.040000
z_0061_415.000000.png,#8f82c4,9,396.333044,17.746256,0.709850,0.040000
z_0061_415.000000.png,#91ff78,12,658.541197,29.486919,1.179477,0.040000
z_0061_415.000000.png,#96645c,9,597.712770,26.763258,1.070530,0.040000
z_0061_415.000000.png,#9ed3de,4,184.953319,8.281492,0.331260,0.040000
z_0061_415.000000.png,#a347ff,6,268.208153,12.009320,0.480373,0.040000
z_0061_415.000000.png,#b2a0fa,2,136.024387,6.090644,0.243626,0.040000
z_0061_415.000000.png,#bbb477,9,409.102597,18.318027,0.732721,0.040000
z_0061_415.000000.png,#c4809c,6,175.095454,7.840095,0.313604,0.040000
z_0061_415.000000.png,#c9b7eb,9,500.658946,22.417565,0.896703,0.040000
z_0061_415.000000.png,#ccebb2,14,795.494516,35.619157,1.424766,0.040000
z_0061_415.000000.png,#cfcb80,4,361.161472,16.171409,0.646856,0.040000
z_0061_415.000000.png,#d0dba7,9,267.279221,11.967726,0.478709,0.040000
z_0061_415.000000.png,#ebd234,4,286.450793,12.826155,0.513046,0.040000
z_0061_415.000000.png,#f2cabf,4,135.053824,6.047186,0.241887,0.040000
z_0061_415.000000.png,#ff270f,3,91.597980,4.101402,0.164056,0.040000
z_0061_415.000000.png,#ff61e7,3,98.911688,4.428882,0.177155,0.040000
z_0061_415.000000.png,#ff6ee9,10,994.447835,44.527515,1.781101,0.040000
z_0061_415.000000.png,#ff73a1,2,70.870058,3.173286,0.126931,0.040000
z_0061_415.000000.png,#ffbe78,16,539.487373,24.156151,0.966246,0.040000
z_0061_415.000000.png,#ffc978,8,447.445743,20.034884,0.801395,0.040000
z_0061_415.000000.png,#ffcdbd,5,310.090404,13.884645,0.555386,0.040000
z_0062_416.000000.png,#04800e,6,247.521861,11.083068,0.443323,0.040000
z_0062_416.000000.png,#195ba5,10,444.132034,19.886509,0.795460,0.040000
z_0062_416.000000.png,#3b9c36,2,79.597980,3.564089,0.142564,0.040000
z_0062_416.000000.png,#42ddf5,3,148.267027,6.638822,0.265553,0.040000
z_0062_416.000000.png,#48e85e,2,91.012193,4.075173,0.163007,0.040000
z_0062_416.000000.png,#4cc7b6,2,78.426407,3.511630,0.140465,0.040000
z_0062_416.000000.png,#61965c,8,487.286363,21.818792,0.872752,0.040000
z_0062_416.000000.png,#774d47,6,351.078210,15.719920,0.628797,0.040000
z_0062_416.000000.png,#7a0474,6,376.475180,16.857098,0.674284,0.040000
z_0062_416.000000.png,#7b92a8,6,491.126984,21.990760,0.879630,0.040000
z_0062_416.000000.png,#88bbd1,2,75.355339,3.374120,0.134965,0.040000
z_0062_416.000000.png,#8f82c4,11,395.989899,17.730891,0.709236,0.040000
z_0062_416.000000.png,#91ff78,11,663.126984,29.692253,1.187690,0.040000
z_0062_416.000000.png,#96645c,9,600.783838,26.900769,1.076031,0.040000
z_0062_416.000000.png,#9ed3de,4,181.781746,8.139481,0.325579,0.040000
z_0062_416.000000.png,#a347ff,5,218.166522,9.768650,0.390746,0.040000
z_0062_416.000000.png,#b2a0fa,2,134.852814,6.038186,0.241527,0.040000
z_0062_416.000000.png,#bbb477,7,375.646753,16.820004,0.672800,0.040000
z_0062_416.000000.png,#c4809c,6,187.580736,8.399137,0.335965,0.040000
z_0062_416.000000.png,#c9b7eb,9,538.457936,24.110057,0.964402,0.040000
z_0062_416.000000.png,#ccebb2,17,810.565584,36.293981,1.451759,0.040000
z_0062_416.000000.png,#cfcb80,4,348.918831,15.623231,0.624929,0.040000
z_0062_416.000000.png,#d0dba7,8,267.663997,11.984955,0.479398,0.040000
z_0062_416.000000.png,#ebd234,4,273.622366,12.251748,0.490070,0.040000
z_0062_416.000000.png,#f2cabf,4,149.195959,6.680416,0.267217,0.040000
z_0062_416.000000.png,#ff270f,3,94.426407,4.228048,0.169122,0.040000
z_0062_416.000000.png,#ff61e7,3,92.426407,4.138496,0.165540,0.040000
z_0062_416.000000.png,#ff6ee9,11,994.104689,44.512150,1.780486,0.040000
z_0062_416.000000.png,#ff73a1,2,74.284271,3.326161,0.133046,0.040000
z_0062_416.000000.png,#ffbe78,16,522.457936,23.393639,0.935746,0.040000
z_0062_416.000000.png,#ffc978,8,444.031529,19.882009,0.795280,0.040000
z_0062_416.000000.png,#ffcdbd,5,305.705627,13.688312,0.547532,0.040000
z_0063_417.000000.png,#04800e,5,241.379726,10.808047,0.432322,0.040000
z_0063_417.000000.png,#195ba5,11,496.759451,22.242961,0.889718,0.040000
z_0063_417.000000.png,#3b9c36,2,79.597980,3.564089,0.142564,0.040000
z_0063_417.000000.png,#42ddf5,3,152.852814,6.844156,0.273766,0.040000
z_0063_417.000000.png,#48e85e,2,95.497475,4.276006,0.171040,0.040000
z_0063_417.000000.png,#4cc7b6,2,61.012193,2.731889,0.109276,0.040000
z_0063_417.000000.png,#61965c,8,503.286363,22.535210,0.901408,0.040000
z_0063_417.000000.png,#774d47,6,316.592929,14.175803,0.567032,0.040000
z_0063_417.000000.png,#7a0474,5,360.717821,16.151544,0.646062,0.040000
z_0063_417.000000.png,#7b92a8,6,520.097546,23.287950,0.931518,0.040000
z_0063_417.000000.png,#88bbd1,3,93.840620,4.201819,0.168073,0.040000
z_0063_417.000000.png,#8f82c4,10,404.918831,18.130694,0.725228,0.040000
z_0063_417.000000.png,#91ff78,12,643.369624,28.807595,1.152304,0.040000
z_0063_417.000000.png,#96645c,9,634.139177,28.394292,1.135772,0.040000
z_0063_417.000000.png,#9ed3de,4,179.053824,8.017335,0.320693,0.040000
z_0063_417.000000.png,#a347ff,4,192.710678,8.628836,0.345153,0.040000
z_0063_417.000000.png,#b2a0fa,2,130.124892,5.826488,0.233060,0.040000
z_0063_417.000000.png,#bbb477,7,347.161472,15.544544,0.621782,0.040000
z_0063_417.000000.png,#c4809c,6,195.923882,8.772711,0.350908,0.040000
z_0063_417.000000.png,#c9b7eb,8,537.587878,24.071099,0.962844,0.040000
z_0063_417.000000.png,#ccebb2,13,788.908730,35.324271,1.412971,0.040000
z_0063_417.000000.png,#cfcb80,3,157.095454,7.034125,0.281365,0.040000
z_0063_417.000000.png,#d0dba7,8,280.149278,12.543998,0.501760,0.040000
z_0063_417.000000.png,#ebd234,5,254.894444,11.413184,0.456527,0.040000
z_0063_417.000000.png,#f2cabf,4,161.095454,7.213229,0.288529,0.040000
z_0063_417.000000.png,#ff270f,3,95.254834,4.265142,0.170606,0.040000
z_0063_417.000000.png,#ff61e7,3,83.112698,3.721464,0.148859,0.040000
z_0063_417.000000.png,#ff6ee9,13,1020.146320,45.678193,1.827128,0.040000
z_0063_417.000000.png,#ff73a1,2,76.284271,3.415714,0.136629,0.040000
z_0063_417.000000.png,#ffbe78,16,524.256926,23.474191,0.938968,0.040000
z_0063_417.000000.png,#ffc978,9,474.031529,21.225292,0.849012,0.040000
z_0063_417.000000.png,#ffcdbd,5,312.776695,14.004927,0.560197,0.040000
z_0064_418.000000.png,#04800e,4,229.965512,10.296963,0.411879,0.040000
z_0064_418.000000.png,#195ba5,11,546.700577,24.479130,0.979165,0.040000
z_0064_418.000000.png,#3b9c36,2,78.183766,3.500766,0.140031,0.040000
z_0064_418.000000.png,#42ddf5,3,157.681241,7.060354,0.282414,0.040000
z_0064_418.000000.png,#48e85e,2,94.083261,4.212683,0.168507,0.040000
z_0064_418.000000.png,#4cc7b6,2,62.769553,2.810577,0.112423,0.040000
z_0064_418.000000.png,#61965c,7,548.055916,24.539817,0.981593,0.040000
z_0064_418.000000.png,#774d47,7,243.237590,10.891235,0.435649,0.040000
z_0064_418.000000.png,#7a0474,6,383.345238,17.164712,0.686588,0.040000
z_0064_418.000000.png,#7b92a8,6,540.582828,24.205201,0.968208,0.040000
z_0064_418.000000.png,#88bbd1,3,106.669048,4.776226,0.191049,0.040000
z_0064_418.000000.png,#8f82c4,9,414.717821,18.569455,0.742778,0.040000
z_0064_418.000000.png,#91ff78,13,599.570635,26.846446,1.073858,0.040000
z_0064_418.000000.png,#96645c,10,654.381818,29.300678,1.172027,0.040000
z_0064_418.000000.png,#9ed3de,4,179.053824,8.017335,0.320693,0.040000
z_0064_418.000000.png,#a347ff,4,194.953319,8.729253,0.349170,0.040000
z_0064_418.000000.png,#b2a0fa,2,115.882251,5.188758,0.207550,0.040000
z_0064_418.000000.png,#bbb477,7,336.190909,15.053324,0.602133,0.040000
z_0064_418.000000.png,#c4809c,6,200.610173,8.982545,0.359302,0.040000
z_0064_418.000000.png,#c9b7eb,6,556.801082,24.931392,0.997256,0.040000
z_0064_418.000000.png,#ccebb2,16,785.394011,35.166896,1.406676,0.040000
z_0064_418.000000.png,#cfcb80,3,143.781746,6.437989,0.257520,0.040000
z_0064_418.000000.png,#d0dba7,8,314.534055,14.083614,0.563345,0.040000
z_0064_418.000000.png,#ebd234,5,234.994949,10.522162,0.420886,0.040000
z_0064_418.000000.png,#f2cabf,4,169.580736,7.593167,0.303727,0.040000
z_0064_418.000000.png,#ff270f,3,99.497475,4.455111,0.178204,0.040000
z_0064_418.000000.png,#ff61e7,3,73.941125,3.310797,0.132432,0.040000
z_0064_418.000000.png,#ff6ee9,15,1055.945310,47.281133,1.891245,0.040000
z_0064_418.000000.png,#ff73a1,2,74.870058,3.352391,0.134096,0.040000
z_0064_418.000000.png,#ffbe78,18,491.629509,22.013262,0.880530,0.040000
z_0064_418.000000.png,#ffc978,9,489.002092,21.895616,0.875825,0.040000
z_0064_418.000000.png,#ffcdbd,5,320.090404,14.332406,0.573296,0.040000
z_0065_419.000000.png,#04800e,3,221.722871,9.927890,0.397116,0.040000
z_0065_419.000000.png,#195ba5,11,582.742207,26.092935,1.043717,0.040000
z_0065_419.000000.png,#3b9c36,2,80.426407,3.601182,0.144047,0.040000
z_0065_419.000000.png,#42ddf5,3,174.994949,7.835595,0.313424,0.040000
z_0065_419.000000.png,#48e85e,2,94.083261,4.212683,0.168507,0.040000
z_0065_419.000000.png,#4cc7b6,2,56.284271,2.520191,0.100808,0.040000
z_0065_419.000000.png,#61965c,7,538.399062,24.107421,0.964297,0.040000
z_0065_419.000000.png,#774d47,6,193.923882,8.683159,0.347326,0.040000
z_0065_419.000000.png,#7a0474,6,366.132034,16.393972,0.655759,0.040000
z_0065_419.000000.png,#7b92a8,5,584.281313,26.161850,1.046474,0.040000
z_0065_419.000000.png,#88bbd1,3,114.325902,5.119070,0.204763,0.040000
z_0065_419.000000.png,#8f82c4,10,420.617316,18.833611,0.753344,0.040000
z_0065_419.000000.png,#91ff78,13,560.801082,25.110496,1.004420,0.040000
z_0065_419.000000.png,#96645c,11,682.523953,30.560774,1.222431,0.040000
z_0065_419.000000.png,#9ed3de,5,165.539105,7.412199,0.296488,0.040000
z_0065_419.000000.png,#a347ff,4,194.267027,8.698524,0.347941,0.040000
z_0065_419.000000.png,#b2a0fa,2,106.083261,4.749997,0.190000,0.040000
z_0065_419.000000.png,#bbb477,7,346.232539,15.502950,0.620118,0.040000
z_0065_419.000000.png,#c4809c,6,206.166522,9.231337,0.369253,0.040000
z_0065_419.000000.png,#c9b7eb,5,558.901587,25.025444,1.001018,0.040000
z_0065_419.000000.png,#ccebb2,18,783.092496,35.063843,1.402554,0.040000
z_0065_419.000000.png,#cfcb80,3,132.710678,5.942269,0.237691,0.040000
z_0065_419.000000.png,#d0dba7,9,345.847763,15.485721,0.619429,0.040000
z_0065_419.000000.png,#ebd234,5,205.095454,9.183379,0.367335,0.040000
z_0065_419.000000.png,#f2cabf,4,179.580736,8.040928,0.321637,0.040000
z_0065_419.000000.png,#ff270f,3,109.982756,4.924601,0.196984,0.040000
z_0065_419.000000.png,#ff61e7,3,49.798990,2.229806,0.089192,0.040000
z_0065_419.000000.png,#ff6ee9,14,1110.815367,49.738002,1.989520,0.040000
z_0065_419.000000.png,#ff73a1,2,77.941125,3.489901,0.139596,0.040000
z_0065_419.000000.png,#ffbe78,17,477.386868,21.375531,0.855021,0.040000
z_0065_419.000000.png,#ffc978,10,526.114790,23.557379,0.942295,0.040000
z_0065_419.000000.png,#ffcdbd,5,315.261977,14.116208,0.564648,0.040000
z_0066_420.000000.png,#04800e,3,209.237590,9.368847,0.374754,0.040000
z_0066_420.000000.png,#195ba5,14,586.742207,26.272039,1.050882,0.040000
z_0066_420.000000.png,#3b9c36,2,79.112698,3.542360,0.141694,0.040000
z_0066_420.000000.png,#42ddf5,3,172.509668,7.724313,0.308973,0.040000
z_0066_420.000000.png,#48e85e,2,88.183766,3.948527,0.157941,0.040000
z_0066_420.000000.png,#4cc7b6,3,32.970563,1.476294,0.059052,0.040000
z_0066_420.000000.png,#61965c,6,539.570635,24.159879,0.966395,0.040000
z_0066_420.000000.png,#774d47,5,199.095454,8.914722,0.356589,0.040000
z_0066_420.000000.png,#7a0474,6,181.781746,8.139481,0.325579,0.040000
z_0066_420.000000.png,#7b92a8,5,624.322943,27.954759,1.118190,0.040000
z_0066_420.000000.png,#88bbd1,3,119.497475,5.350633,0.214025,0.040000
z_0066_420.000000.png,#8f82c4,8,417.788889,18.706965,0.748279,0.040000
z_0066_420.000000.png,#91ff78,15,575.671140,25.776320,1.031053,0.040000
z_0066_420.000000.png,#96645c,12,748.908730,33.533227,1.341329,0.040000
z_0066_420.000000.png,#9ed3de,5,158.225397,7.084719,0.283389,0.040000
z_0066_420.000000.png,#a347ff,4,195.095454,8.735617,0.349425,0.040000
z_0066_420.000000.png,#b2a0fa,2,107.982756,4.835049,0.193402,0.040000
z_0066_420.000000.png,#bbb477,6,361.646753,16.193138,0.647726,0.040000
z_0066_420.000000.png,#c4809c,6,201.338095,9.015139,0.360606,0.040000
z_0066_420.000000.png,#c9b7eb,4,544.073160,24.361485,0.974459,0.040000
z_0066_420.000000.png,#ccebb2,17,746.666089,33.432810,1.337312,0.040000
z_0066_420.000000.png,#cfcb80,3,113.053824,5.062112,0.202484,0.040000
z_0066_420.000000.png,#d0dba7,9,396.918831,17.772485,0.710899,0.040000
z_0066_420.000000.png,#ebd234,4,171.053824,7.659126,0.306365,0.040000
z_0066_420.000000.png,#f2cabf,4,187.580736,8.399137,0.335965,0.040000
z_0066_420.000000.png,#ff270f,3,112.811183,5.051247,0.202050,0.040000
z_0066_420.000000.png,#ff61e7,2,43.455844,1.945784,0.077831,0.040000
z_0066_420.000000.png,#ff6ee9,16,1084.087445,48.541229,1.941649,0.040000
z_0066_420.000000.png,#ff73a1,2,88.426407,3.959391,0.158376,0.040000
z_0066_420.000000.png,#ffbe78,16,420.859956,18.844476,0.753779,0.040000
z_0066_420.000000.png,#ffc978,8,530.215295,23.740983,0.949639,0.040000
z_0066_420.000000.png,#ffcdbd,5,308.433550,13.810457,0.552418,0.040000
z_0067_421.000000.png,#04800e,3,223.965512,10.028307,0.401132,0.040000
z_0067_421.000000.png,#195ba5,14,627.126984,28.080313,1.123213,0.040000
z_0067_421.000000.png,#3b9c36,2,82.183766,3.679870,0.147195,0.040000
z_0067_421.000000.png,#42ddf5,3,165.195959,7.396834,0.295873,0.040000
z_0067_421.000000.png,#48e85e,3,73.941125,3.310797,0.132432,0.040000
z_0067_421.000000.png,#4cc7b6,2,13.656854,0.611501,0.024460,0.040000
z_0067_421.000000.png,#61965c,6,572.641702,25.640673,1.025627,0.040000
z_0067_421.000000.png,#774d47,5,243.722871,10.912964,0.436519,0.040000
z_0067_421.000000.png,#7a0474,5,159.539105,7.143542,0.285742,0.040000
z_0067_421.000000.png,#7b92a8,6,655.050865,29.330636,1.173225,0.040000
z_0067_421.000000.png,#88bbd1,3,128.669048,5.761301,0.230452,0.040000
z_0067_421.000000.png,#8f82c4,8,387.747258,17.361818,0.694473,0.040000
z_0067_421.000000.png,#91ff78,17,616.298557,27.595458,1.103818,0.040000
z_0067_421.000000.png,#96645c,10,742.180808,33.231976,1.329279,0.040000
z_0067_421.000000.png,#9ed3de,5,147.882251,6.621593,0.264864,0.040000
z_0067_421.000000.png,#a347ff,4,191.681241,8.582742,0.343310,0.040000
z_0067_421.000000.png,#b2a0fa,2,101.740115,4.555528,0.182221,0.040000
z_0067_421.000000.png,#bbb477,6,375.646753,16.820004,0.672800,0.040000
z_0067_421.000000.png,#c4809c,6,193.923882,8.683159,0.347326,0.040000
z_0067_421.000000.png,#c9b7eb,6,531.102597,23.780713,0.951229,0.040000
z_0067_421.000000.png,#ccebb2,18,762.364574,34.135727,1.365429,0.040000
z_0067_421.000000.png,#cfcb80,3,77.355339,3.463672,0.138547,0.040000
z_0067_421.000000.png,#d0dba7,9,412.676190,18.478038,0.739122,0.040000
z_0067_421.000000.png,#ebd234,4,150.811183,6.752740,0.270110,0.040000
z_0067_421.000000.png,#f2cabf,4,197.823376,8.857763,0.354311,0.040000
z_0067_421.000000.png,#ff270f,3,113.639610,5.088341,0.203534,0.040000
z_0067_421.000000.png,#ff61e7,2,38.627417,1.729586,0.069183,0.040000
z_0067_421.000000.png,#ff6ee9,14,1049.359523,46.986247,1.879450,0.040000
z_0067_421.000000.png,#ff73a1,3,102.325902,4.581757,0.183270,0.040000
z_0067_421.000000.png,#ffbe78,15,429.345238,19.224414,0.768977,0.040000
z_0067_421.000000.png,#ffc978,8,527.487373,23.618838,0.944754,0.040000
z_0067_421.000000.png,#ffcdbd,5,296.877200,13.293009,0.531720,0.040000
z_0068_422.000000.png,#04800e,3,221.965512,9.938754,0.397550,0.040000
z_0068_422.000000.png,#195ba5,15,675.168614,30.231430,1.209257,0.040000
z_0068_422.000000.png,#3b9c36,2,80.183766,3.590318,0.143613,0.040000
z_0068_422.000000.png,#42ddf5,3,187.681241,8.403638,0.336146,0.040000
z_0068_422.000000.png,#48e85e,2,73.112698,3.273703,0.130948,0.040000
z_0068_422.000000.png,#4cc7b6,1,8.242641,0.369073,0.014763,0.040000
z_0068_422.000000.png,#61965c,8,640.582828,28.682813,1.147313,0.040000
z_0068_422.000000.png,#774d47,5,257.279221,11.519965,0.460799,0.040000
z_0068_422.000000.png,#7a0474,6,165.539105,7.412199,0.296488,0.040000
z_0068_422.000000.png,#7b92a8,5,665.293506,29.789261,1.191570,0.040000
z_0068_422.000000.png,#88bbd1,3,137.982756,6.178332,0.247133,0.040000
z_0068_422.000000.png,#8f82c4,8,418.475180,18.737695,0.749508,0.040000
z_0068_422.000000.png,#91ff78,16,598.641702,26.804852,1.072194,0.040000
z_0068_422.000000.png,#96645c,11,701.695526,31.419203,1.256768,0.040000
z_0068_422.000000.png,#9ed3de,5,145.882251,6.532041,0.261282,0.040000
z_0068_422.000000.png,#a347ff,3,202.752309,9.078462,0.363138,0.040000
z_0068_422.000000.png,#b2a0fa,2,103.154329,4.618851,0.184754,0.040000
z_0068_422.000000.png,#bbb477,6,367.747258,16.466295,0.658652,0.040000
z_0068_422.000000.png,#c4809c,6,198.409163,8.883992,0.355360,0.040000
z_0068_422.000000.png,#c9b7eb,3,509.688384,22.821868,0.912875,0.040000
z_0068_422.000000.png,#ccebb2,18,789.092496,35.332500,1.413300,0.040000
z_0068_422.000000.png,#cfcb80,2,59.698485,2.673066,0.106923,0.040000
z_0068_422.000000.png,#d0dba7,10,423.504617,18.962893,0.758516,0.040000
z_0068_422.000000.png,#d8e3a8,1,9.656854,0.432396,0.017296,0.040000
z_0068_422.000000.png,#ebd234,5,109.012193,4.881143,0.195246,0.040000
z_0068_422.000000.png,#f2cabf,4,202.894444,9.084826,0.363393,0.040000
z_0068_422.000000.png,#ff270f,3,99.740115,4.465975,0.178639,0.040000
z_0068_422.000000.png,#ff61e7,2,34.384776,1.539617,0.061585,0.040000
z_0068_422.000000.png,#ff6ee9,13,1012.732106,45.346214,1.813849,0.040000
z_0068_422.000000.png,#ff73a1,3,102.083261,4.570892,0.182836,0.040000
z_0068_422.000000.png,#ffbe78,15,444.759451,19.914602,0.796584,0.040000
z_0068_422.000000.png,#ffc978,9,532.700577,23.852265,0.954091,0.040000
z_0068_422.000000.png,#ffcdbd,6,355.847763,15.933482,0.637339,0.040000
z_0069_423.000000.png,#04800e,3,207.722871,9.301024,0.372041,0.040000
z_0069_423.000000.png,#195ba5,13,679.269119,30.415035,1.216601,0.040000
z_0069_423.000000.png,#3b9c36,2,82.769553,3.706099,0.148244,0.040000
z_0069_423.000000.png,#40426e,1,20.727922,0.928116,0.037125,0.040000
z_0069_423.000000.png,#42ddf5,3,182.852814,8.187439,0.327498,0.040000
z_0069_423.000000.png,#48e85e,2,68.870058,3.083734,0.123349,0.040000
z_0069_423.000000.png,#4cc7b6,2,44.284271,1.982878,0.079315,0.040000
z_0069_423.000000.png,#61965c,7,699.796031,31.334151,1.253366,0.040000
z_0069_423.000000.png,#774d47,4,294.149278,13.170863,0.526835,0.040000
z_0069_423.000000.png,#7a0474,5,141.053824,6.315843,0.252634,0.040000
z_0069_423.000000.png,#7b92a8,7,689.050865,30.853024,1.234121,0.040000
z_0069_423.000000.png,#88bbd1,3,155.396970,6.958073,0.278323,0.040000
z_0069_423.000000.png,#8f82c4,7,453.244733,20.294540,0.811782,0.040000
z_0069_423.000000.png,#91ff78,16,612.984848,27.447083,1.097883,0.040000
z_0069_423.000000.png,#96645c,11,680.582828,30.473858,1.218954,0.040000
z_0069_423.000000.png,#9ed3de,5,145.882251,6.532041,0.261282,0.040000
z_0069_423.000000.png,#a347ff,3,200.166522,8.962680,0.358507,0.040000
z_0069_423.000000.png,#b2a0fa,2,98.568542,4.413517,0.176541,0.040000
z_0069_423.000000.png,#bbb477,6,356.190909,15.948847,0.637954,0.040000
z_0069_423.000000.png,#c4809c,8,181.095454,8.108752,0.324350,0.040000
z_0069_423.000000.png,#c9b7eb,2,475.445743,21.288615,0.851545,0.040000
z_0069_423.000000.png,#ccebb2,18,802.991991,35.954865,1.438195,0.040000
z_0069_423.000000.png,#cfcb80,2,58.526912,2.620608,0.104824,0.040000
z_0069_423.000000.png,#d0dba7,9,496.759451,22.242961,0.889718,0.040000
z_0069_423.000000.png,#d8e3a8,2,48.041631,2.151118,0.086045,0.040000
z_0069_423.000000.png,#ebd234,3,43.798990,1.961149,0.078446,0.040000
z_0069_423.000000.png,#f2cabf,4,211.965512,9.490993,0.379640,0.040000
z_0069_423.000000.png,#ff270f,3,94.568542,4.234412,0.169376,0.040000
z_0069_423.000000.png,#ff61e7,2,36.384776,1.629169,0.065167,0.040000
z_0069_423.000000.png,#ff6ee9,14,965.518903,43.232190,1.729288,0.040000
z_0069_423.000000.png,#ff73a1,3,103.740115,4.645080,0.185803,0.040000
z_0069_423.000000.png,#ffbe78,14,470.901587,21.085146,0.843406,0.040000
z_0069_423.000000.png,#ffc978,9,520.801082,23.319451,0.932778,0.040000
z_0069_423.000000.png,#ffcdbd,6,378.575685,16.951150,0.678046,0.040000
z_0070_424.000000.png,#04800e,3,209.722871,9.390576,0.375623,0.040000
z_0070_424.000000.png,#195ba5,13,631.813275,28.290147,1.131606,0.040000
z_0070_424.000000.png,#3b9c36,2,87.597980,3.922298,0.156892,0.040000
z_0070_424.000000.png,#40426e,1,30.384776,1.360512,0.054420,0.040000
z_0070_424.000000.png,#42ddf5,3,184.852814,8.276992,0.331080,0.040000
z_0070_424.000000.png,#48e85e,2,71.112698,3.184151,0.127366,0.040000
z_0070_424.000000.png,#4cc7b6,2,77.740115,3.480901,0.139236,0.040000
z_0070_424.000000.png,#61965c,5,682.624458,30.565274,1.222611,0.040000
z_0070_424.000000.png,#774d47,4,307.220346,13.756135,0.550245,0.040000
z_0070_424.000000.png,#7a0474,5,138.811183,6.215426,0.248617,0.040000
z_0070_424.000000.png,#7b92a8,6,710.364574,31.807369,1.272295,0.040000
z_0070_424.000000.png,#88bbd1,3,170.124892,7.617532,0.304701,0.040000
z_0070_424.000000.png,#8f82c4,7,461.972655,20.685343,0.827414,0.040000
z_0070_424.000000.png,#91ff78,16,619.470129,27.737468,1.109499,0.040000
z_0070_424.000000.png,#96645c,15,651.168614,29.156804,1.166272,0.040000
z_0070_424.000000.png,#9ed3de,5,144.811183,6.484083,0.259363,0.040000
z_0070_424.000000.png,#a347ff,2,79.012193,3.537859,0.141514,0.040000
z_0070_424.000000.png,#b2a0fa,2,92.911688,4.160225,0.166409,0.040000
z_0070_424.000000.png,#bbb477,6,370.333044,16.582077,0.663283,0.040000
z_0070_424.000000.png,#c4809c,5,168.752309,7.556074,0.302243,0.040000
z_0070_424.000000.png,#c9b7eb,3,431.989899,19.342831,0.773713,0.040000
z_0070_424.000000.png,#ccebb2,20,809.778787,36.258752,1.450350,0.040000
z_0070_424.000000.png,#cfcb80,2,54.870058,2.456868,0.098275,0.040000
z_0070_424.000000.png,#d0dba7,10,517.587878,23.175577,0.927023,0.040000
z_0070_424.000000.png,#d8e3a8,2,62.183766,2.784348,0.111374,0.040000
z_0070_424.000000.png,#ebd234,1,17.071068,0.764376,0.030575,0.040000
z_0070_424.000000.png,#f2cabf,5,221.480231,9.917025,0.396681,0.040000
z_0070_424.000000.png,#ff270f,3,92.083261,4.123131,0.164925,0.040000
z_0070_424.000000.png,#ff61e7,2,33.556349,1.502523,0.060101,0.040000
z_0070_424.000000.png,#ff6ee9,17,1005.803174,45.035963,1.801439,0.040000
z_0070_424.000000.png,#ff73a1,3,97.154329,4.350194,0.174008,0.040000
z_0070_424.000000.png,#ffbe78,13,467.529004,20.934135,0.837365,0.040000
z_0070_424.000000.png,#ffc978,8,541.286363,24.236703,0.969468,0.040000
z_0070_424.000000.png,#ffcdbd,5,396.575685,17.757120,0.710285,0.040000
z_0071_425.000000.png,#04800e,3,206.308658,9.237701,0.369508,0.040000
z_0071_425.000000.png,#195ba5,16,607.570635,27.204655,1.088186,0.040000
z_0071_425.000000.png,#3b9c36,2,90.183766,4.038079,0.161523,0.040000
z_0071_425.000000.png,#40426e,1,35.213203,1.576711,0.063068,0.040000
z_0071_425.000000.png,#42ddf5,3,195.923882,8.772711,0.350908,0.040000
z_0071_425.000000.png,#48e85e,2,73.698485,3.299932,0.131997,0.040000
z_0071_425.000000.png,#4cc7b6,3,117.781746,5.273810,0.210952,0.040000
z_0071_425.000000.png,#61965c,7,832.950360,37.296285,1.491851,0.040000
z_0071_425.000000.png,#774d47,6,252.208153,11.292902,0.451716,0.040000
z_0071_425.000000.png,#7a0474,8,418.031529,18.717830,0.748713,0.040000
z_0071_425.000000.png,#7b92a8,6,745.092496,33.362351,1.334494,0.040000
z_0071_425.000000.png,#88bbd1,3,177.095454,7.929647,0.317186,0.040000
z_0071_425.000000.png,#8f82c4,8,448.516811,20.082842,0.803314,0.040000
z_0071_425.000000.png,#91ff78,17,662.198052,29.650659,1.186026,0.040000
z_0071_425.000000.png,#96645c,11,575.185858,25.754591,1.030184,0.040000
z_0071_425.000000.png,#9ed3de,5,143.053824,6.405395,0.256216,0.040000
z_0071_425.000000.png,#a347ff,2,77.012193,3.448307,0.137932,0.040000
z_0071_425.000000.png,#b2a0fa,2,88.911688,3.981120,0.159245,0.040000
z_0071_425.000000.png,#bbb477,6,342.048773,15.315617,0.612625,0.040000
z_0071_425.000000.png,#c4809c,4,162.267027,7.265688,0.290628,0.040000
z_0071_425.000000.png,#c9b7eb,4,393.362482,17.613245,0.704530,0.040000
z_0071_425.000000.png,#ccebb2,17,797.050865,35.688845,1.427554,0.040000
z_0071_425.000000.png,#cfcb80,2,49.798990,2.229806,0.089192,0.040000
z_0071_425.000000.png,#d0dba7,10,490.132034,21.946210,0.877848,0.040000
z_0071_425.000000.png,#d8e3a8,2,73.497475,3.290932,0.131637,0.040000
z_0071_425.000000.png,#f2cabf,5,232.308658,10.401880,0.416075,0.040000
z_0071_425.000000.png,#ff270f,3,100.911688,4.518434,0.180737,0.040000
z_0071_425.000000.png,#ff61e7,2,33.213203,1.487158,0.059486,0.040000
z_0071_425.000000.png,#ff6ee9,17,1071.744299,47.988551,1.919542,0.040000
z_0071_425.000000.png,#ff73a1,3,100.911688,4.518434,0.180737,0.040000
z_0071_425.000000.png,#ffbe78,14,444.274170,19.892873,0.795715,0.040000
z_0071_425.000000.png,#ffc978,10,512.215295,22.935013,0.917401,0.040000
z_0071_425.000000.png,#ffcdbd,5,388.818326,17.409776,0.696391,0.040000
z_0072_426.000000.png,#04800e,4,200.409163,8.973545,0.358942,0.040000
z_0072_426.000000.png,#195ba5,15,553.529004,24.784881,0.991395,0.040000
z_0072_426.000000.png,#3b9c36,2,88.769553,3.974756,0.158990,0.040000
z_0072_426.000000.png,#40426e,1,40.041631,1.792909,0.071716,0.040000
z_0072_426.000000.png,#42ddf5,3,207.580736,9.294660,0.371786,0.040000
z_0072_426.000000.png,#48e85e,2,79.597980,3.564089,0.142564,0.040000
z_0072_426.000000.png,#4cc7b6,3,192.107648,8.601835,0.344073,0.040000
z_0072_426.000000.png,#61965c,7,860.607214,38.534651,1.541386,0.040000
z_0072_426.000000.png,#774d47,4,159.781746,7.154407,0.286176,0.040000
z_0072_426.000000.png,#7a0474,8,355.161472,15.902752,0.636110,0.040000
z_0072_426.000000.png,#7b92a8,6,740.364574,33.150653,1.326026,0.040000
z_0072_426.000000.png,#88bbd1,3,178.367532,7.986606,0.319464,0.040000
z_0072_426.000000.png,#8f82c4,7,411.060967,18.405715,0.736229,0.040000
z_0072_426.000000.png,#91ff78,17,673.068109,30.137378,1.205495,0.040000
z_0072_426.000000.png,#96645c,10,524.759451,23.496692,0.939868,0.040000
z_0072_426.000000.png,#9ed3de,5,133.639610,5.983863,0.239355,0.040000
z_0072_426.000000.png,#a347ff,2,74.183766,3.321661,0.132866,0.040000
z_0072_426.000000.png,#b2a0fa,2,88.325902,3.954891,0.158196,0.040000
z_0072_426.000000.png,#bbb477,6,354.048773,15.852930,0.634117,0.040000
z_0072_426.000000.png,#c4809c,4,154.610173,6.922844,0.276914,0.040000
z_0072_426.000000.png,#c9b7eb,4,353.320851,15.820337,0.632813,0.040000
z_0072_426.000000.png,#ccebb2,17,779.151370,34.887375,1.395495,0.040000
z_0072_426.000000.png,#cfcb80,2,49.455844,2.214441,0.088578,0.040000
z_0072_426.000000.png,#d0dba7,13,443.303607,19.849415,0.793977,0.040000
z_0072_426.000000.png,#d8e3a8,1,96.811183,4.334829,0.173393,0.040000
z_0072_426.000000.png,#f2cabf,5,240.208153,10.755589,0.430224,0.040000
z_0072_426.000000.png,#ff270f,4,175.438600,7.855460,0.314218,0.040000
z_0072_426.000000.png,#ff61e7,2,32.384776,1.450065,0.058003,0.040000
z_0072_426.000000.png,#ff6ee9,19,1090.756493,48.839843,1.953594,0.040000
z_0072_426.000000.png,#ff73a1,3,93.254834,4.175590,0.167024,0.040000
z_0072_426.000000.png,#ffbe78,15,441.102597,19.750863,0.790035,0.040000
z_0072_426.000000.png,#ffc978,9,469.345238,21.015458,0.840618,0.040000
z_0072_426.000000.png,#ffcdbd,6,398.374675,17.837672,0.713507,0.040000
z_0073_427.000000.png,#04800e,4,179.923882,8.056293,0.322252,0.040000
z_0073_427.000000.png,#195ba5,13,538.658946,24.119057,0.964762,0.040000
z_0073_427.000000.png,#3b9c36,2,91.012193,4.075173,0.163007,0.040000
z_0073_427.000000.png,#40426e,1,40.041631,1.792909,0.071716,0.040000
z_0073_427.000000.png,#42ddf5,3,223.036580,9.986713,0.399469,0.040000
z_0073_427.000000.png,#48e85e,2,84.083261,3.764922,0.150597,0.040000
z_0073_427.000000.png,#4cc7b6,5,208.835570,9.350846,0.374034,0.040000
z_0073_427.000000.png,#61965c,8,866.021428,38.777079,1.551083,0.040000
z_0073_427.000000.png,#774d47,2,125.639610,5.625654,0.225026,0.040000
z_0073_427.000000.png,#7a0474,8,310.048773,13.882781,0.555311,0.040000
z_0073_427.000000.png,#7b92a8,6,733.536147,32.844902,1.313796,0.040000
z_0073_427.000000.png,#88bbd1,3,181.195959,8.113252,0.324530,0.040000
z_0073_427.000000.png,#8f82c4,7,416.132034,18.632778,0.745311,0.040000
z_0073_427.000000.png,#91ff78,16,680.925974,30.489223,1.219569,0.040000
z_0073_427.000000.png,#96645c,9,498.700577,22.329877,0.893195,0.040000
z_0073_427.000000.png,#9ed3de,5,137.982756,6.178332,0.247133,0.040000
z_0073_427.000000.png,#a347ff,2,62.870058,2.815077,0.112603,0.040000
z_0073_427.000000.png,#b2a0fa,2,85.154329,3.812880,0.152515,0.040000
z_0073_427.000000.png,#bbb477,6,364.877200,16.337785,0.653511,0.040000
z_0073_427.000000.png,#c4809c,4,145.539105,6.516676,0.260667,0.040000
z_0073_427.000000.png,#c9b7eb,4,312.936075,14.012063,0.560483,0.040000
z_0073_427.000000.png,#ccebb2,18,759.695526,34.016218,1.360649,0.040000
z_0073_427.000000.png,#cfcb80,2,46.041631,2.061566,0.082463,0.040000
z_0073_427.000000.png,#d0dba7,12,420.859956,18.844476,0.753779,0.040000
z_0073_427.000000.png,#d8e3a8,1,98.911688,4.428882,0.177155,0.040000
z_0073_427.000000.png,#f2cabf,6,221.237590,9.906161,0.396246,0.040000
z_0073_427.000000.png,#ff270f,4,222.308658,9.954119,0.398165,0.040000
z_0073_427.000000.png,#ff61e7,2,35.213203,1.576711,0.063068,0.040000
z_0073_427.000000.png,#ff6ee9,19,1103.785930,49.423251,1.976930,0.040000
z_0073_427.000000.png,#ff73a1,3,94.083261,4.212683,0.168507,0.040000
z_0073_427.000000.png,#ffbe78,16,462.801082,20.722437,0.828897,0.040000
z_0073_427.000000.png,#ffc978,9,485.730014,21.749105,0.869964,0.040000
z_0073_427.000000.png,#ffcdbd,6,416.859956,18.665371,0.746615,0.040000
z_0074_428.000000.png,#04800e,3,163.539105,7.322647,0.292906,0.040000
z_0074_428.000000.png,#195ba5,12,497.345238,22.269190,0.890768,0.040000
z_0074_428.000000.png,#3b9c36,2,91.840620,4.112267,0.164491,0.040000
z_0074_428.000000.png,#40426e,1,38.970563,1.744951,0.069798,0.040000
z_0074_428.000000.png,#42ddf5,3,255.764502,11.452142,0.458086,0.040000
z_0074_428.000000.png,#48e85e,2,90.325902,4.044443,0.161778,0.040000
z_0074_428.000000.png,#4cc7b6,3,155.480231,6.961801,0.278472,0.040000
z_0074_428.000000.png,#61965c,9,888.364574,39.777518,1.591101,0.040000
z_0074_428.000000.png,#774d47,3,132.225397,5.920540,0.236822,0.040000
z_0074_428.000000.png,#7a0474,8,240.693434,10.777318,0.431093,0.040000
z_0074_428.000000.png,#7b92a8,5,625.511760,28.007989,1.120320,0.040000
z_0074_428.000000.png,#88bbd1,3,181.438600,8.124116,0.324965,0.040000
z_0074_428.000000.png,#8f82c4,7,435.889394,19.517436,0.780697,0.040000
z_0074_428.000000.png,#91ff78,16,704.239682,31.533120,1.261325,0.040000
z_0074_428.000000.png,#96645c,9,495.629509,22.192366,0.887695,0.040000
z_0074_428.000000.png,#9ed3de,5,145.539105,6.516676,0.260667,0.040000
z_0074_428.000000.png,#a347ff,2,63.698485,2.852171,0.114087,0.040000
z_0074_428.000000.png,#b2a0fa,2,84.083261,3.764922,0.150597,0.040000
z_0074_428.000000.png,#bbb477,7,439.646753,19.685676,0.787427,0.040000
z_0074_428.000000.png,#c4809c,4,143.296465,6.416260,0.256650,0.040000
z_0074_428.000000.png,#c9b7eb,3,259.480231,11.618518,0.464741,0.040000
z_0074_428.000000.png,#ccebb2,18,722.139177,32.334590,1.293384,0.040000
z_0074_428.000000.png,#cfcb80,2,51.455844,2.303993,0.092160,0.040000
z_0074_428.000000.png,#d0dba7,12,396.132034,17.737255,0.709490,0.040000
z_0074_428.000000.png,#d8e3a8,1,104.568542,4.682174,0.187287,0.040000
z_0074_428.000000.png,#f2cabf,7,238.208153,10.666037,0.426641,0.040000
z_0074_428.000000.png,#ff270f,3,240.308658,10.760089,0.430404,0.040000
z_0074_428.000000.png,#ff61e7,2,39.455844,1.766680,0.070667,0.040000
z_0074_428.000000.png,#ff6ee9,19,1126.898628,50.458148,2.018326,0.040000
z_0074_428.000000.png,#ff73a1,3,91.497475,4.096902,0.163876,0.040000
z_0074_428.000000.png,#ffbe78,19,521.529004,23.352045,0.934082,0.040000
z_0074_428.000000.png,#ffc978,8,475.730014,21.301344,0.852054,0.040000
z_0074_428.000000.png,#ffcdbd,5,436.215295,19.532028,0.781281,0.040000
z_0075_429.000000.png,#04800e,3,156.710678,7.016896,0.280676,0.040000
z_0075_429.000000.png,#195ba5,11,465.546248,20.845354,0.833814,0.040000
z_0075_429.000000.png,#3b9c36,1,75.112698,3.363255,0.134530,0.040000
z_0075_429.000000.png,#40426e,1,39.798990,1.782044,0.071282,0.040000
z_0075_429.000000.png,#42ddf5,3,277.906638,12.443581,0.497743,0.040000
z_0075_429.000000.png,#48e85e,4,136.610173,6.116873,0.244675,0.040000
z_0075_429.000000.png,#4cc7b6,3,139.338095,6.239019,0.249561,0.040000
z_0075_429.000000.png,#61965c,8,900.506709,40.321196,1.612848,0.040000
z_0075_429.000000.png,#774d47,3,133.396970,5.972999,0.238920,0.040000
z_0075_429.000000.png,#7a0474,6,191.923882,8.593607,0.343744,0.040000
z_0075_429.000000.png,#7b92a8,5,623.854906,27.933802,1.117352,0.040000
z_0075_429.000000.png,#88bbd1,3,202.994949,9.089326,0.363573,0.040000
z_0075_429.000000.png,#8f82c4,6,430.575685,19.279508,0.771180,0.040000
z_0075_429.000000.png,#91ff78,15,730.381818,32.703663,1.308147,0.040000
z_0075_429.000000.png,#96645c,9,482.658946,21.611595,0.864464,0.040000
z_0075_429.000000.png,#9ed3de,5,144.367532,6.464218,0.258569,0.040000
z_0075_429.000000.png,#a347ff,4,447.546248,20.039384,0.801575,0.040000
z_0075_429.000000.png,#b2a0fa,2,85.740115,3.839110,0.153564,0.040000
z_0075_429.000000.png,#bbb477,7,468.818326,20.991865,0.839675,0.040000
z_0075_429.000000.png,#c4809c,4,135.053824,6.047186,0.241887,0.040000
z_0075_429.000000.png,#c9b7eb,3,212.994949,9.537087,0.381483,0.040000
z_0075_429.000000.png,#ccebb2,17,736.867099,32.994049,1.319762,0.040000
z_0075_429.000000.png,#cfcb80,2,56.627417,2.535556,0.101422,0.040000
z_0075_429.000000.png,#d0dba7,12,427.688384,19.150226,0.766009,0.040000
z_0075_429.000000.png,#d8e3a8,2,94.083261,4.212683,0.168507,0.040000
z_0075_429.000000.png,#f2cabf,8,228.651804,10.238140,0.409526,0.040000
z_0075_429.000000.png,#ff270f,3,259.036580,11.598653,0.463946,0.040000
z_0075_429.000000.png,#ff61e7,2,41.213203,1.845367,0.073815,0.040000
z_0075_429.000000.png,#ff6ee9,18,1111.342279,49.761595,1.990464,0.040000
z_0075_429.000000.png,#ff73a1,3,108.325902,4.850414,0.194017,0.040000
z_0075_429.000000.png,#ffbe78,19,593.813275,26.588654,1.063546,0.040000
z_0075_429.000000.png,#ffc978,8,436.416306,19.541029,0.781641,0.040000
z_0075_429.000000.png,#ffcdbd,5,420.073160,18.809246,0.752370,0.040000
z_0076_430.000000.png,#04800e,3,155.296465,6.953573,0.278143,0.040000
z_0076_430.000000.png,#195ba5,9,454.132034,20.334270,0.813371,0.040000
z_0076_430.000000.png,#3b9c36,2,81.597980,3.653641,0.146146,0.040000
z_0076_430.000000.png,#40426e,1,38.384776,1.718721,0.068749,0.040000
z_0076_430.000000.png,#42ddf5,4,329.462987,14.752074,0.590083,0.040000
z_0076_430.000000.png,#48e85e,4,167.237590,7.488250,0.299530,0.040000
z_0076_430.000000.png,#4cc7b6,3,134.852814,6.038186,0.241527,0.040000
z_0076_430.000000.png,#61965c,8,890.891486,39.890664,1.595627,0.040000
z_0076_430.000000.png,#774d47,3,134.225397,6.010092,0.240404,0.040000
z_0076_430.000000.png,#7a0474,6,184.953319,8.281492,0.331260,0.040000
z_0076_430.000000.png,#7b92a8,6,667.310750,29.879586,1.195183,0.040000
z_0076_430.000000.png,#88bbd1,3,213.480231,9.558816,0.382353,0.040000
z_0076_430.000000.png,#8f82c4,5,430.475180,19.275008,0.771000,0.040000
z_0076_430.000000.png,#91ff78,14,786.523953,35.217490,1.408700,0.040000
z_0076_430.000000.png,#96645c,8,466.759451,20.899677,0.835987,0.040000
z_0076_430.000000.png,#9ed3de,5,141.539105,6.337572,0.253503,0.040000
z_0076_430.000000.png,#a347ff,3,425.989899,19.074175,0.762967,0.040000
z_0076_430.000000.png,#b2a0fa,2,84.083261,3.764922,0.150597,0.040000
z_0076_430.000000.png,#bbb477,7,483.546248,21.651325,0.866053,0.040000
z_0076_430.000000.png,#c4809c,4,105.597980,4.728268,0.189131,0.040000
z_0076_430.000000.png,#c9b7eb,3,183.338095,8.209168,0.328367,0.040000
z_0076_430.000000.png,#ccebb2,20,789.837662,35.365865,1.414635,0.040000
z_0076_430.000000.png,#cfcb80,2,56.870058,2.546420,0.101857,0.040000
z_0076_430.000000.png,#d0dba7,13,471.487373,21.111375,0.844455,0.040000
z_0076_430.000000.png,#d8e3a8,3,99.740115,4.465975,0.178639,0.040000
z_0076_430.000000.png,#f2cabf,8,221.823376,9.932390,0.397296,0.040000
z_0076_430.000000.png,#ff270f,3,270.693434,12.120602,0.484824,0.040000
z_0076_430.000000.png,#ff61e7,2,43.455844,1.945784,0.077831,0.040000
z_0076_430.000000.png,#ff6ee9,17,1127.141269,50.469012,2.018760,0.040000
z_0076_430.000000.png,#ff73a1,3,106.225397,4.756361,0.190254,0.040000
z_0076_430.000000.png,#ffbe78,18,647.754401,29.003928,1.160157,0.040000
z_0076_430.000000.png,#ffc978,7,416.859956,18.665371,0.746615,0.040000
z_0076_430.000000.png,#ffcdbd,5,416.315801,18.641006,0.745640,0.040000
z_0077_431.000000.png,#04800e,3,156.124892,6.990667,0.279627,0.040000
z_0077_431.000000.png,#195ba5,9,428.918831,19.205321,0.768213,0.040000
z_0077_431.000000.png,#3b9c36,2,107.840620,4.828684,0.193147,0.040000
z_0077_431.000000.png,#40426e,1,39.556349,1.771180,0.070847,0.040000
z_0077_431.000000.png,#42ddf5,5,330.391919,14.793668,0.591747,0.040000
z_0077_431.000000.png,#48e85e,3,149.681241,6.702145,0.268086,0.040000
z_0077_431.000000.png,#4cc7b6,3,114.710678,5.136299,0.205452,0.040000
z_0077_431.000000.png,#61965c,8,895.335137,40.089633,1.603585,0.040000
z_0077_431.000000.png,#774d47,3,139.396970,6.241655,0.249666,0.040000
z_0077_431.000000.png,#7a0474,6,137.497475,6.156603,0.246264,0.040000
z_0077_431.000000.png,#7b92a8,7,628.440692,28.139135,1.125565,0.040000
z_0077_431.000000.png,#88bbd1,3,217.722871,9.748785,0.389951,0.040000
z_0077_431.000000.png,#8f82c4,6,428.475180,19.185456,0.767418,0.040000
z_0077_431.000000.png,#91ff78,15,795.595021,35.623658,1.424946,0.040000
z_0077_431.000000.png,#96645c,11,527.830519,23.634202,0.945368,0.040000
z_0077_431.000000.png,#9ed3de,5,145.539105,6.516676,0.260667,0.040000
z_0077_431.000000.png,#a347ff,4,447.303607,20.028520,0.801141,0.040000
z_0077_431.000000.png,#b2a0fa,2,84.669048,3.791151,0.151646,0.040000
z_0077_431.000000.png,#bbb477,7,498.960461,22.341513,0.893661,0.040000
z_0077_431.000000.png,#c4809c,3,93.012193,4.164725,0.166589,0.040000
z_0077_431.000000.png,#c9b7eb,3,152.124892,6.811562,0.272462,0.040000
z_0077_431.000000.png,#ccebb2,19,757.452886,33.915801,1.356632,0.040000
z_0077_431.000000.png,#cfcb80,2,60.284271,2.699296,0.107972,0.040000
z_0077_431.000000.png,#d0dba7,13,481.830519,21.574501,0.862980,0.040000
z_0077_431.000000.png,#d8e3a8,3,102.669048,4.597122,0.183885,0.040000
z_0077_431.000000.png,#f2cabf,6,210.066017,9.405941,0.376238,0.040000
z_0077_431.000000.png,#ff270f,3,309.421356,13.854688,0.554188,0.040000
z_0077_431.000000.png,#ff61e7,2,46.041631,2.061566,0.082463,0.040000
z_0077_431.000000.png,#ff6ee9,20,1130.312842,50.611023,2.024441,0.040000
z_0077_431.000000.png,#ff73a1,3,103.982756,4.655944,0.186238,0.040000
z_0077_431.000000.png,#ffbe78,14,643.913780,28.831960,1.153278,0.040000
z_0077_431.000000.png,#ffc978,7,422.516811,18.918663,0.756747,0.040000
z_0077_431.000000.png,#ffcdbd,5,422.215295,18.905162,0.756206,0.040000
z_0078_432.000000.png,#04800e,3,166.267027,7.444792,0.297792,0.040000
z_0078_432.000000.png,#195ba5,8,406.575685,18.204881,0.728195,0.040000
z_0078_432.000000.png,#3b9c36,2,118.325902,5.298175,0.211927,0.040000
z_0078_432.000000.png,#40426e,1,38.142136,1.707857,0.068314,0.040000
z_0078_432.000000.png,#42ddf5,5,317.563492,14.219261,0.568770,0.040000
z_0078_432.000000.png,#48e85e,3,135.539105,6.068915,0.242757,0.040000
z_0078_432.000000.png,#4cc7b6,3,123.195959,5.516237,0.220649,0.040000
z_0078_432.000000.png,#61965c,7,892.364574,39.956623,1.598265,0.040000
z_0078_432.000000.png,#774d47,3,141.982756,6.357437,0.254297,0.040000
z_0078_432.000000.png,#7a0474,5,135.539105,6.068915,0.242757,0.040000
z_0078_432.000000.png,#7b92a8,6,579.428499,25.944560,1.037782,0.040000
z_0078_432.000000.png,#88bbd1,5,205.722871,9.211472,0.368459,0.040000
z_0078_432.000000.png,#8f82c4,6,399.847763,17.903631,0.716145,0.040000
z_0078_432.000000.png,#91ff78,15,801.009235,35.866085,1.434643,0.040000
z_0078_432.000000.png,#96645c,9,596.256926,26.698071,1.067923,0.040000
z_0078_432.000000.png,#9ed3de,5,142.367532,6.374666,0.254987,0.040000
z_0078_432.000000.png,#a347ff,3,418.031529,18.717830,0.748713,0.040000
z_0078_432.000000.png,#b2a0fa,2,84.911688,3.802016,0.152081,0.040000
z_0078_432.000000.png,#bbb477,6,502.960461,22.520618,0.900825,0.040000
z_0078_432.000000.png,#c4809c,3,88.426407,3.959391,0.158376,0.040000
z_0078_432.000000.png,#c9b7eb,3,125.154329,5.603925,0.224157,0.040000
z_0078_432.000000.png,#ccebb2,21,753.210245,33.725832,1.349033,0.040000
z_0078_432.000000.png,#cfcb80,2,61.112698,2.736389,0.109456,0.040000
z_0078_432.000000.png,#d0dba7,12,481.244733,21.548272,0.861931,0.040000
z_0078_432.000000.png,#d8e3a8,3,102.083261,4.570892,0.182836,0.040000
z_0078_432.000000.png,#f2cabf,6,187.923882,8.414502,0.336580,0.040000
z_0078_432.000000.png,#ff270f,4,338.735065,15.167242,0.606690,0.040000
z_0078_432.000000.png,#ff61e7,2,48.284271,2.161982,0.086479,0.040000
z_0078_432.000000.png,#ff6ee9,20,1162.028571,52.031130,2.081245,0.040000
z_0078_432.000000.png,#ff73a1,3,100.568542,4.503069,0.180123,0.040000
z_0078_432.000000.png,#ffbe78,14,639.511760,28.634855,1.145394,0.040000
z_0078_432.000000.png,#ffc978,7,411.203102,18.412079,0.736483,0.040000
z_0078_432.000000.png,#ffcdbd,4,423.487373,18.962121,0.758485,0.040000
z_0079_433.000000.png,#04800e,3,169.095454,7.571438,0.302858,0.040000
z_0079_433.000000.png,#195ba5,8,406.818326,18.215746,0.728630,0.040000
z_0079_433.000000.png,#3b9c36,2,125.982756,5.641019,0.225641,0.040000
z_0079_433.000000.png,#40426e,1,39.798990,1.782044,0.071282,0.040000
z_0079_433.000000.png,#42ddf5,6,336.291414,15.057825,0.602313,0.040000
z_0079_433.000000.png,#48e85e,3,113.396970,5.077476,0.203099,0.040000
z_0079_433.000000.png,#4cc7b6,3,127.195959,5.695341,0.227814,0.040000
z_0079_433.000000.png,#61965c,7,872.707720,39.076465,1.563059,0.040000
z_0079_433.000000.png,#774d47,3,143.296465,6.416260,0.256650,0.040000
z_0079_433.000000.png,#7a0474,6,161.681241,7.239459,0.289578,0.040000
z_0079_433.000000.png,#7b92a8,6,585.085353,26.197852,1.047914,0.040000
z_0079_433.000000.png,#88bbd1,5,204.894444,9.174378,0.366975,0.040000
z_0079_433.000000.png,#8f82c4,7,340.291414,15.236929,0.609477,0.040000
z_0079_433.000000.png,#91ff78,16,820.465079,36.737242,1.469490,0.040000
z_0079_433.000000.png,#96645c,11,651.754401,29.183033,1.167321,0.040000
z_0079_433.000000.png,#9ed3de,6,154.367532,6.911979,0.276479,0.040000
z_0079_433.000000.png,#a347ff,3,404.717821,18.121693,0.724868,0.040000
z_0079_433.000000.png,#b2a0fa,2,88.083261,3.944027,0.157761,0.040000
z_0079_433.000000.png,#bbb477,6,500.717821,22.420201,0.896808,0.040000
z_0079_433.000000.png,#c4809c,4,102.325902,4.581757,0.183270,0.040000
z_0079_433.000000.png,#c9b7eb,2,92.769553,4.153861,0.166154,0.040000
z_0079_433.000000.png,#ccebb2,21,795.879292,35.636386,1.425455,0.040000
z_0079_433.000000.png,#cfcb80,2,58.284271,2.609743,0.104390,0.040000
z_0079_433.000000.png,#d0dba7,16,499.002092,22.343377,0.893735,0.040000
z_0079_433.000000.png,#d8e3a8,3,98.426407,4.407153,0.176286,0.040000
z_0079_433.000000.png,#f2cabf,6,173.338095,7.761407,0.310456,0.040000
z_0079_433.000000.png,#ff270f,4,364.634560,16.326921,0.653077,0.040000
z_0079_433.000000.png,#ff61e7,2,53.698485,2.404410,0.096176,0.040000
z_0079_433.000000.png,#ff6ee9,19,1198.212337,53.651299,2.146052,0.040000
z_0079_433.000000.png,#ff73a1,3,98.325902,4.402652,0.176106,0.040000
z_0079_433.000000.png,#ffbe78,15,661.754401,29.630794,1.185232,0.040000
z_0079_433.000000.png,#ffc978,8,411.587878,18.429308,0.737172,0.040000
z_0079_433.000000.png,#ffcdbd,4,437.730014,19.599851,0.783994,0.040000
z_0080_434.000000.png,#04800e,3,176.752309,7.914282,0.316571,0.040000
z_0080_434.000000.png,#195ba5,8,410.818326,18.394850,0.735794,0.040000
z_0080_434.000000.png,#3b9c36,3,145.396970,6.510312,0.260412,0.040000
z_0080_434.000000.png,#40426e,1,40.627417,1.819138,0.072766,0.040000
z_0080_434.000000.png,#42ddf5,6,359.362482,16.090857,0.643634,0.040000
z_0080_434.000000.png,#48e85e,2,111.396970,4.987924,0.199517,0.040000
z_0080_434.000000.png,#4cc7b6,3,124.953319,5.594925,0.223797,0.040000
z_0080_434.000000.png,#61965c,8,845.293506,37.848963,1.513959,0.040000
z_0080_434.000000.png,#774d47,3,141.639610,6.342072,0.253683,0.040000
z_0080_434.000000.png,#7a0474,6,200.409163,8.973545,0.358942,0.040000
z_0080_434.000000.png,#7b92a8,6,594.600072,26.623884,1.064955,0.040000
z_0080_434.000000.png,#88bbd1,5,227.622366,10.192046,0.407682,0.040000
z_0080_434.000000.png,#8f82c4,7,318.977705,14.282584,0.571303,0.040000
z_0080_434.000000.png,#91ff78,16,829.595021,37.146046,1.485842,0.040000
z_0080_434.000000.png,#96645c,13,709.310750,31.760183,1.270407,0.040000
z_0080_434.000000.png,#9ed3de,6,172.852814,7.739678,0.309587,0.040000
z_0080_434.000000.png,#a347ff,3,391.546248,17.531922,0.701277,0.040000
z_0080_434.000000.png,#b2a0fa,2,87.254834,3.906933,0.156277,0.040000
z_0080_434.000000.png,#bbb477,7,490.617316,21.967940,0.878718,0.040000
z_0080_434.000000.png,#c4809c,5,174.710678,7.822866,0.312915,0.040000
z_0080_434.000000.png,#c9b7eb,2,50.384776,2.256035,0.090241,0.040000
z_0080_434.000000.png,#ccebb2,19,777.979797,34.834916,1.393397,0.040000
z_0080_434.000000.png,#cfcb80,2,60.284271,2.699296,0.107972,0.040000
z_0080_434.000000.png,#d0dba7,15,478.315801,21.417125,0.856685,0.040000
z_0080_434.000000.png,#d8e3a8,3,95.840620,4.291371,0.171655,0.040000
z_0080_434.000000.png,#f2cabf,6,165.681241,7.418563,0.296743,0.040000
z_0080_434.000000.png,#ff270f,4,404.433550,18.108965,0.724359,0.040000
z_0080_434.000000.png,#ff61e7,2,55.355339,2.478597,0.099144,0.040000
z_0080_434.000000.png,#ff6ee9,21,1244.011327,55.702000,2.228080,0.040000
z_0080_434.000000.png,#ff73a1,3,100.325902,4.492205,0.179688,0.040000
z_0080_434.000000.png,#ffbe78,17,602.884343,26.994821,1.079793,0.040000
z_0080_434.000000.png,#ffc978,8,400.374675,17.927224,0.717089,0.040000
z_0080_434.000000.png,#ffcdbd,4,443.872150,19.874872,0.794995,0.040000
z_0081_435.000000.png,#04800e,3,186.308658,8.342179,0.333687,0.040000
z_0081_435.000000.png,#195ba5,9,409.303607,18.327027,0.733081,0.040000
z_0081_435.000000.png,#3b9c36,3,199.781746,8.945451,0.357818,0.040000
z_0081_435.000000.png,#40426e,1,39.213203,1.755815,0.070233,0.040000
z_0081_435.000000.png,#42ddf5,6,402.232539,18.010412,0.720416,0.040000
z_0081_435.000000.png,#48e85e,2,106.911688,4.787091,0.191484,0.040000
z_0081_435.000000.png,#4cc7b6,3,116.953319,5.236716,0.209469,0.040000
z_0081_435.000000.png,#61965c,7,827.050865,37.032128,1.481285,0.040000
z_0081_435.000000.png,#74a865,2,53.355339,2.389045,0.095562,0.040000
z_0081_435.000000.png,#774d47,4,139.053824,6.226291,0.249052,0.040000
z_0081_435.000000.png,#7a0474,7,241.036580,10.792683,0.431707,0.040000
z_0081_435.000000.png,#7b92a8,5,584.499567,26.171622,1.046865,0.040000
z_0081_435.000000.png,#820079,1,24.727922,1.107220,0.044289,0.040000
z_0081_435.000000.png,#88bbd1,6,272.735065,12.212018,0.488481,0.040000
z_0081_435.000000.png,#8f82c4,6,290.592929,13.011624,0.520465,0.040000
z_0081_435.000000.png,#91ff78,15,837.494516,37.499754,1.499990,0.040000
z_0081_435.000000.png,#96645c,9,762.523953,34.142864,1.365715,0.040000
z_0081_435.000000.png,#9ed3de,6,193.480231,8.663294,0.346532,0.040000
z_0081_435.000000.png,#a347ff,3,367.747258,16.466295,0.658652,0.040000
z_0081_435.000000.png,#b2a0fa,2,87.012193,3.896068,0.155843,0.040000
z_0081_435.000000.png,#bbb477,6,453.546248,20.308041,0.812322,0.040000
z_0081_435.000000.png,#c4809c,4,217.681241,9.746921,0.389877,0.040000
z_0081_435.000000.png,#ccebb2,18,770.666089,34.507437,1.380297,0.040000
z_0081_435.000000.png,#cfcb80,2,62.284271,2.788848,0.111554,0.040000
z_0081_435.000000.png,#d0dba7,14,494.658946,22.148908,0.885956,0.040000
z_0081_435.000000.png,#d8e3a8,3,89.597980,4.011850,0.160474,0.040000
z_0081_435.000000.png,#f2cabf,7,192.852814,8.635201,0.345408,0.040000
z_0081_435.000000.png,#ff270f,4,432.333044,19.358196,0.774328,0.040000
z_0081_435.000000.png,#ff61e7,2,62.769553,2.810577,0.112423,0.040000
z_0081_435.000000.png,#ff6ee9,20,1245.283405,55.758958,2.230358,0.040000
z_0081_435.000000.png,#ff73a1,3,121.882251,5.457414,0.218297,0.040000
z_0081_435.000000.png,#ffbe78,15,553.771645,24.795745,0.991830,0.040000
z_0081_435.000000.png,#ffc978,8,402.132034,18.005912,0.720236,0.040000
z_0081_435.000000.png,#ffcdbd,4,422.315801,18.909663,0.756387,0.040000
z_0082_436.000000.png,#04800e,5,158.752309,7.108312,0.284332,0.040000
z_0082_436.000000.png,#195ba5,11,347.705627,15.568909,0.622756,0.040000
z_0082_436.000000.png,#3b9c36,3,254.894444,11.413184,0.456527,0.040000
z_0082_436.000000.png,#40426e,1,38.041631,1.703357,0.068134,0.040000
z_0082_436.000000.png,#42ddf5,7,383.847763,17.187213,0.687489,0.040000
z_0082_436.000000.png,#48e85e,2,88.769553,3.974756,0.158990,0.040000
z_0082_436.000000.png,#4cc7b6,4,77.254834,3.459172,0.138367,0.040000
z_0082_436.000000.png,#61965c,6,762.624458,34.147364,1.365895,0.040000
z_0082_436.000000.png,#74a865,1,75.740115,3.391348,0.135654,0.040000
z_0082_436.000000.png,#774d47,3,127.053824,5.688977,0.227559,0.040000
z_0082_436.000000.png,#7a0474,6,263.178716,11.784122,0.471365,0.040000
z_0082_436.000000.png,#7b92a8,5,564.984848,25.297829,1.011913,0.040000
z_0082_436.000000.png,#820079,1,33.899495,1.517888,0.060716,0.040000
z_0082_436.000000.png,#88bbd1,6,276.492424,12.380258,0.495210,0.040000
z_0082_436.000000.png,#8f82c4,7,304.048773,13.614124,0.544565,0.040000
z_0082_436.000000.png,#91ff78,14,817.394011,36.599732,1.463989,0.040000
z_0082_436.000000.png,#96645c,6,779.009235,34.881011,1.395240,0.040000
z_0082_436.000000.png,#9ed3de,6,204.793939,9.169878,0.366795,0.040000
z_0082_436.000000.png,#a347ff,3,347.989899,15.581637,0.623265,0.040000
z_0082_436.000000.png,#b2a0fa,2,83.012193,3.716964,0.148679,0.040000
z_0082_436.000000.png,#bbb477,7,437.060967,19.569894,0.782796,0.040000
z_0082_436.000000.png,#c4809c,5,256.994949,11.507237,0.460289,0.040000
z_0082_436.000000.png,#ccebb2,18,775.251875,34.712771,1.388511,0.040000
z_0082_436.000000.png,#cfcb80,2,60.627417,2.714660,0.108586,0.040000
z_0082_436.000000.png,#d0dba7,14,489.345238,21.910981,0.876439,0.040000
z_0082_436.000000.png,#d8e3a8,2,84.669048,3.791151,0.151646,0.040000
z_0082_436.000000.png,#f2cabf,7,212.994949,9.537087,0.381483,0.040000
z_0082_436.000000.png,#ff270f,4,468.717821,20.987365,0.839495,0.040000
z_0082_436.000000.png,#ff61e7,2,64.769553,2.900129,0.116005,0.040000
z_0082_436.000000.png,#ff6ee9,21,1243.810317,55.692999,2.227720,0.040000
z_0082_436.000000.png,#ff73a1,3,123.053824,5.509873,0.220395,0.040000
z_0082_436.000000.png,#ffbe78,14,524.014285,23.463326,0.938533,0.040000
z_0082_436.000000.png,#ffc978,9,372.676190,16.686994,0.667480,0.040000
z_0082_436.000000.png,#ffcdbd,4,389.002092,17.418004,0.696720,0.040000
z_0083_437.000000.png,#04800e,4,146.024387,6.538405,0.261536,0.040000
z_0083_437.000000.png,#195ba5,11,422.575685,18.921299,0.756852,0.040000
z_0083_437.000000.png,#3b9c36,2,337.563492,15.114783,0.604591,0.040000
z_0083_437.000000.png,#40426e,1,37.213203,1.666263,0.066651,0.040000
z_0083_437.000000.png,#42ddf5,7,377.747258,16.914056,0.676562,0.040000
z_0083_437.000000.png,#48e85e,2,86.769553,3.885204,0.155408,0.040000
z_0083_437.000000.png,#4cc7b6,3,72.769553,3.258338,0.130334,0.040000
z_0083_437.000000.png,#61965c,6,706.340187,31.627173,1.265087,0.040000
z_0083_437.000000.png,#774d47,3,129.296465,5.789394,0.231576,0.040000
z_0083_437.000000.png,#7a0474,7,267.521861,11.978591,0.479144,0.040000
z_0083_437.000000.png,#7b92a8,7,518.457936,23.214534,0.928581,0.040000
z_0083_437.000000.png,#820079,1,37.556349,1.681628,0.067265,0.040000
z_0083_437.000000.png,#88bbd1,6,302.048773,13.524572,0.540983,0.040000
z_0083_437.000000.png,#8f82c4,8,348.918831,15.623231,0.624929,0.040000
z_0083_437.000000.png,#91ff78,13,780.222438,34.935333,1.397413,0.040000
z_0083_437.000000.png,#96645c,5,822.465079,36.826795,1.473072,0.040000
z_0083_437.000000.png,#9ed3de,6,217.379726,9.733421,0.389337,0.040000
z_0083_437.000000.png,#a347ff,5,262.007143,11.731663,0.469267,0.040000
z_0083_437.000000.png,#b2a0fa,2,85.012193,3.806516,0.152261,0.040000
z_0083_437.000000.png,#bbb477,7,397.504617,17.798714,0.711949,0.040000
z_0083_437.000000.png,#c4809c,4,303.279221,13.579667,0.543187,0.040000
z_0083_437.000000.png,#ccebb2,19,787.837662,35.276313,1.411053,0.040000
z_0083_437.000000.png,#cfcb80,2,56.041631,2.509327,0.100373,0.040000
z_0083_437.000000.png,#d0dba7,15,497.002092,22.253825,0.890153,0.040000
z_0083_437.000000.png,#d8e3a8,2,88.426407,3.959391,0.158376,0.040000
z_0083_437.000000.png,#f2cabf,8,249.965512,11.192486,0.447699,0.040000
z_0083_437.000000.png,#ff270f,4,527.830519,23.634202,0.945368,0.040000
z_0083_437.000000.png,#ff61e7,2,76.083261,3.406713,0.136269,0.040000
z_0083_437.000000.png,#ff6ee9,22,1240.052957,55.524759,2.220990,0.040000
z_0083_437.000000.png,#ff73a1,3,129.539105,5.800258,0.232010,0.040000
z_0083_437.000000.png,#ffbe78,16,521.043723,23.330316,0.933213,0.040000
z_0083_437.000000.png,#ffc978,10,374.818326,16.782910,0.671316,0.040000
z_0083_437.000000.png,#ffcdbd,5,348.717821,15.614231,0.624569,0.040000
z_0084_438.000000.png,#04800e,4,133.195959,5.963998,0.238560,0.040000
z_0084_438.000000.png,#195ba5,12,495.587878,22.190502,0.887620,0.040000
z_0084_438.000000.png,#302e4d,1,17.071068,0.764376,0.030575,0.040000
z_0084_438.000000.png,#3b9c36,3,355.220346,15.905389,0.636216,0.040000
z_0084_438.000000.png,#40426e,1,32.142136,1.439200,0.057568,0.040000
z_0084_438.000000.png,#42ddf5,7,364.333044,16.313420,0.652537,0.040000
z_0084_438.000000.png,#48e85e,2,86.183766,3.858975,0.154359,0.040000
z_0084_438.000000.png,#4cc7b6,3,81.355339,3.642776,0.145711,0.040000
z_0084_438.000000.png,#61965c,6,652.399062,29.211898,1.168476,0.040000
z_0084_438.000000.png,#774d47,3,124.367532,5.568695,0.222748,0.040000
z_0084_438.000000.png,#7a0474,6,256.308658,11.476507,0.459060,0.040000
z_0084_438.000000.png,#7b92a8,6,500.600072,22.414929,0.896597,0.040000
z_0084_438.000000.png,#820079,1,42.142136,1.886961,0.075478,0.040000
z_0084_438.000000.png,#88bbd1,5,318.776695,14.273583,0.570943,0.040000
z_0084_438.000000.png,#8f82c4,8,365.504617,16.365878,0.654635,0.040000
z_0084_438.000000.png,#91ff78,13,740.523953,33.157789,1.326312,0.040000
z_0084_438.000000.png,#96645c,5,844.364574,37.807369,1.512295,0.040000
z_0084_438.000000.png,#9ed3de,6,231.279221,10.355786,0.414231,0.040000
z_0084_438.000000.png,#a347ff,5,188.308658,8.431731,0.337269,0.040000
z_0084_438.000000.png,#b2a0fa,2,82.769553,3.706099,0.148244,0.040000
z_0084_438.000000.png,#bbb477,6,356.534055,15.964211,0.638568,0.040000
z_0084_438.000000.png,#c4809c,4,313.421356,14.033792,0.561352,0.040000
z_0084_438.000000.png,#ccebb2,19,966.773737,43.288376,1.731535,0.040000
z_0084_438.000000.png,#cfcb80,2,52.041631,2.330222,0.093209,0.040000
z_0084_438.000000.png,#d0dba7,15,493.144228,22.081085,0.883243,0.040000
z_0084_438.000000.png,#d8e3a8,2,88.426407,3.959391,0.158376,0.040000
z_0084_438.000000.png,#f2cabf,7,271.521861,12.157695,0.486308,0.040000
z_0084_438.000000.png,#ff270f,4,539.144228,24.140786,0.965631,0.040000
z_0084_438.000000.png,#ff61e7,2,81.840620,3.664505,0.146580,0.040000
z_0084_438.000000.png,#ff6ee9,23,1219.810317,54.618372,2.184735,0.040000
z_0084_438.000000.png,#ff73a1,3,135.539105,6.068915,0.242757,0.040000
z_0084_438.000000.png,#ffbe78,16,513.972655,23.013701,0.920548,0.040000
z_0084_438.000000.png,#ffc978,11,406.859956,18.217610,0.728704,0.040000
z_0084_438.000000.png,#ffcdbd,4,305.747258,13.690176,0.547607,0.040000
z_0085_439.000000.png,#04800e,4,123.296465,5.520737,0.220829,0.040000
z_0085_439.000000.png,#195ba5,11,497.688384,22.284554,0.891382,0.040000
z_0085_439.000000.png,#302e4d,1,27.556349,1.233866,0.049355,0.040000
z_0085_439.000000.png,#3b9c36,2,354.391919,15.868295,0.634732,0.040000
z_0085_439.000000.png,#40426e,3,88.911688,3.981120,0.159245,0.040000
z_0085_439.000000.png,#42ddf5,7,353.362482,15.822201,0.632888,0.040000
z_0085_439.000000.png,#48e85e,2,81.597980,3.653641,0.146146,0.040000
z_0085_439.000000.png,#4cc7b6,3,86.669048,3.880704,0.155228,0.040000
z_0085_439.000000.png,#61965c,6,622.842712,27.888480,1.115539,0.040000
z_0085_439.000000.png,#774d47,3,124.225397,5.562331,0.222493,0.040000
z_0085_439.000000.png,#7a0474,5,252.693434,11.314631,0.452585,0.040000
z_0085_439.000000.png,#7b92a8,6,521.671140,23.358409,0.934336,0.040000
z_0085_439.000000.png,#820079,1,48.727922,2.181847,0.087274,0.040000
z_0085_439.000000.png,#88bbd1,5,319.563492,14.308813,0.572353,0.040000
z_0085_439.000000.png,#8f82c4,7,381.161472,17.066932,0.682677,0.040000
z_0085_439.000000.png,#91ff78,12,736.523953,32.978684,1.319147,0.040000
z_0085_439.000000.png,#96645c,5,813.251875,36.414263,1.456571,0.040000
z_0085_439.000000.png,#9ed3de,6,242.835570,10.873234,0.434929,0.040000
z_0085_439.000000.png,#a347ff,3,140.024387,6.269749,0.250790,0.040000
z_0085_439.000000.png,#b2a0fa,2,83.840620,3.754058,0.150162,0.040000
z_0085_439.000000.png,#bbb477,8,414.960461,18.580319,0.743213,0.040000
z_0085_439.000000.png,#c4809c,5,313.178716,14.022928,0.560917,0.040000
z_0085_439.000000.png,#ccebb2,21,975.116882,43.661950,1.746478,0.040000
z_0085_439.000000.png,#cfcb80,2,43.556349,1.950284,0.078011,0.040000
z_0085_439.000000.png,#d0dba7,14,495.144228,22.170637,0.886825,0.040000
z_0085_439.000000.png,#d8e3a8,2,84.426407,3.780287,0.151211,0.040000
z_0085_439.000000.png,#f2cabf,7,283.521861,12.695009,0.507800,0.040000
z_0085_439.000000.png,#ff270f,4,552.357431,24.732422,0.989297,0.040000
z_0085_439.000000.png,#ff61e7,2,87.840620,3.933162,0.157326,0.040000
z_0085_439.000000.png,#ff6ee9,23,1197.952452,53.639662,2.145586,0.040000
z_0085_439.000000.png,#ff73a1,3,142.953319,6.400895,0.256036,0.040000
z_0085_439.000000.png,#ffbe78,15,487.931024,21.847658,0.873906,0.040000
z_0085_439.000000.png,#ffc978,8,424.031529,18.986486,0.759459,0.040000
z_0085_439.000000.png,#ffcdbd,3,260.977705,11.685569,0.467423,0.040000
z_0086_440.000000.png,#04800e,4,103.254834,4.623351,0.184934,0.040000
z_0086_440.000000.png,#195ba5,12,553.771645,24.795745,0.991830,0.040000
z_0086_440.000000.png,#302e4d,1,37.213203,1.666263,0.066651,0.040000
z_0086_440.000000.png,#3b9c36,2,341.320851,15.283023,0.611321,0.040000
z_0086_440.000000.png,#40426e,2,101.154329,4.529298,0.181172,0.040000
z_0086_440.000000.png,#42ddf5,7,340.977705,15.267658,0.610706,0.040000
z_0086_440.000000.png,#48e85e,2,86.911688,3.891568,0.155663,0.040000
z_0086_440.000000.png,#4cc7b6,3,86.669048,3.880704,0.155228,0.040000
z_0086_440.000000.png,#61965c,6,583.872150,26.143529,1.045741,0.040000
z_0086_440.000000.png,#74a865,1,19.899495,0.891022,0.035641,0.040000
z_0086_440.000000.png,#774d47,3,125.882251,5.636519,0.225461,0.040000
z_0086_440.000000.png,#7a0474,5,232.450793,10.408244,0.416330,0.040000
z_0086_440.000000.png,#7b92a8,6,505.043723,22.613898,0.904556,0.040000
z_0086_440.000000.png,#820079,1,56.142136,2.513827,0.100553,0.040000
z_0086_440.000000.png,#88bbd1,5,316.877200,14.188531,0.567541,0.040000
z_0086_440.000000.png,#8f82c4,8,374.776695,16.781046,0.671242,0.040000
z_0086_440.000000.png,#91ff78,12,720.523953,32.262267,1.290491,0.040000
z_0086_440.000000.png,#96645c,6,807.494516,36.156471,1.446259,0.040000
z_0086_440.000000.png,#9ed3de,6,259.078210,11.600517,0.464021,0.040000
z_0086_440.000000.png,#a347ff,3,131.539105,5.889811,0.235592,0.040000
z_0086_440.000000.png,#b2a0fa,2,85.840620,3.843610,0.153744,0.040000
z_0086_440.000000.png,#bbb477,7,391.889394,17.547286,0.701891,0.040000
z_0086_440.000000.png,#c4809c,6,299.178716,13.396062,0.535842,0.040000
z_0086_440.000000.png,#ccebb2,20,972.246825,43.533440,1.741338,0.040000
z_0086_440.000000.png,#cfcb80,2,42.627417,1.908690,0.076348,0.040000
z_0086_440.000000.png,#d0dba7,13,481.629509,21.565500,0.862620,0.040000
z_0086_440.000000.png,#d8e3a8,2,82.669048,3.701599,0.148064,0.040000
z_0086_440.000000.png,#f2cabf,9,344.877200,15.442263,0.617691,0.040000
z_0086_440.000000.png,#ff270f,4,581.671140,26.044976,1.041799,0.040000
z_0086_440.000000.png,#ff61e7,2,95.154329,4.260642,0.170426,0.040000
z_0086_440.000000.png,#ff6ee9,23,1184.496608,53.037162,2.121486,0.040000
z_0086_440.000000.png,#ff73a1,3,127.639610,5.715206,0.228608,0.040000
z_0086_440.000000.png,#ffbe78,14,514.759451,23.048931,0.921957,0.040000
z_0086_440.000000.png,#ffc978,10,432.173665,19.351060,0.774042,0.040000
z_0086_440.000000.png,#ffcdbd,3,253.320851,11.342725,0.453709,0.040000
z_0087_441.000000.png,#04800e,4,89.497475,4.007350,0.160294,0.040000
z_0087_441.000000.png,#0c704f,1,13.071068,0.585272,0.023411,0.040000
z_0087_441.000000.png,#195ba5,12,587.529004,26.307269,1.052291,0.040000
z_0087_441.000000.png,#302e4d,1,43.798990,1.961149,0.078446,0.040000
z_0087_441.000000.png,#3b9c36,2,335.320851,15.014366,0.600575,0.040000
z_0087_441.000000.png,#40426e,2,119.296465,5.341633,0.213665,0.040000
z_0087_441.000000.png,#42ddf5,7,342.877200,15.352710,0.614108,0.040000
z_0087_441.000000.png,#48e85e,2,72.769553,3.258338,0.130334,0.040000
z_0087_441.000000.png,#4cc7b6,3,81.012193,3.627412,0.145096,0.040000
z_0087_441.000000.png,#61965c,6,534.173665,23.918224,0.956729,0.040000
z_0087_441.000000.png,#74a865,2,204.551299,9.159013,0.366361,0.040000
z_0087_441.000000.png,#774d47,4,145.781746,6.527541,0.261102,0.040000
z_0087_441.000000.png,#7a0474,5,212.066017,9.495493,0.379820,0.040000
z_0087_441.000000.png,#7b92a8,6,453.688384,20.314405,0.812576,0.040000
z_0087_441.000000.png,#820079,1,60.970563,2.730025,0.109201,0.040000
z_0087_441.000000.png,#88bbd1,5,323.806133,14.498782,0.579951,0.040000
z_0087_441.000000.png,#8f82c4,6,332.735065,14.898585,0.595943,0.040000
z_0087_441.000000.png,#91ff78,13,689.553391,30.875525,1.235021,0.040000
z_0087_441.000000.png,#96645c,6,769.251875,34.444114,1.377765,0.040000
z_0087_441.000000.png,#9ed3de,6,277.119841,12.408351,0.496334,0.040000
z_0087_441.000000.png,#a347ff,3,114.811183,5.140799,0.205632,0.040000
z_0087_441.000000.png,#b2a0fa,2,81.355339,3.642776,0.145711,0.040000
z_0087_441.000000.png,#bbb477,7,357.261977,15.996805,0.639872,0.040000
z_0087_441.000000.png,#c4809c,7,286.936075,12.847884,0.513915,0.040000
z_0087_441.000000.png,#ccebb2,21,968.874242,43.382429,1.735297,0.040000
z_0087_441.000000.png,#cfcb80,2,42.041631,1.882461,0.075298,0.040000
z_0087_441.000000.png,#d0dba7,12,469.487373,21.021823,0.840873,0.040000
z_0087_441.000000.png,#d8e3a8,2,79.012193,3.537859,0.141514,0.040000
z_0087_441.000000.png,#f2cabf,7,375.404112,16.809139,0.672366,0.040000
z_0087_441.000000.png,#ff270f,4,619.369624,27.732968,1.109319,0.040000
z_0087_441.000000.png,#ff61e7,2,97.740115,4.376423,0.175057,0.040000
z_0087_441.000000.png,#ff6ee9,26,1195.325035,53.522017,2.140881,0.040000
z_0087_441.000000.png,#ff73a1,3,139.053824,6.226291,0.249052,0.040000
z_0087_441.000000.png,#ffbe78,13,545.972655,24.446537,0.977861,0.040000
z_0087_441.000000.png,#ffc978,9,444.901587,19.920967,0.796839,0.040000
z_0087_441.000000.png,#ffcdbd,3,243.563492,10.905828,0.436233,0.040000
z_0088_442.000000.png,#04800e,4,74.526912,3.337026,0.133481,0.040000
z_0088_442.000000.png,#0c704f,1,19.899495,0.891022,0.035641,0.040000
z_0088_442.000000.png,#195ba5,11,609.671140,27.298708,1.091948,0.040000
z_0088_442.000000.png,#302e4d,1,48.041631,2.151118,0.086045,0.040000
z_0088_442.000000.png,#3b9c36,3,310.592929,13.907146,0.556286,0.040000
z_0088_442.000000.png,#40426e,1,126.024387,5.642883,0.225715,0.040000
z_0088_442.000000.png,#42ddf5,7,341.948268,15.311116,0.612445,0.040000
z_0088_442.000000.png,#48e85e,2,71.941125,3.221244,0.128850,0.040000
z_0088_442.000000.png,#4cc7b6,3,86.669048,3.880704,0.155228,0.040000
z_0088_442.000000.png,#61965c,6,502.274170,22.489888,0.899596,0.040000
z_0088_442.000000.png,#74a865,3,220.936075,9.892660,0.395706,0.040000
z_0088_442.000000.png,#774d47,4,156.710678,7.016896,0.280676,0.040000
z_0088_442.000000.png,#7a0474,6,199.823376,8.947315,0.357893,0.040000
z_0088_442.000000.png,#7b92a8,6,457.345238,20.478145,0.819126,0.040000
z_0088_442.000000.png,#820079,1,63.556349,2.845807,0.113832,0.040000
z_0088_442.000000.png,#88bbd1,5,317.906638,14.234626,0.569385,0.040000
z_0088_442.000000.png,#8f82c4,6,340.190909,15.232429,0.609297,0.040000
z_0088_442.000000.png,#91ff78,12,680.340187,30.462993,1.218520,0.040000
z_0088_442.000000.png,#96645c,6,735.210245,32.919862,1.316794,0.040000
z_0088_442.000000.png,#9ed3de,5,286.291414,12.819019,0.512761,0.040000
z_0088_442.000000.png,#a347ff,3,97.497475,4.365559,0.174622,0.040000
z_0088_442.000000.png,#b2a0fa,2,82.769553,3.706099,0.148244,0.040000
z_0088_442.000000.png,#bbb477,7,347.119841,15.542679,0.621707,0.040000
z_0088_442.000000.png,#c4809c,6,272.693434,12.210154,0.488406,0.040000
z_0088_442.000000.png,#ccebb2,18,979.785930,43.871012,1.754840,0.040000
z_0088_442.000000.png,#cfcb80,2,44.041631,1.972013,0.078881,0.040000
z_0088_442.000000.png,#d0dba7,11,461.972655,20.685343,0.827414,0.040000
z_0088_442.000000.png,#d8e3a8,2,76.526912,3.426578,0.137063,0.040000
z_0088_442.000000.png,#f2cabf,6,358.333044,16.044763,0.641791,0.040000
z_0088_442.000000.png,#ff270f,4,610.541197,27.337666,1.093507,0.040000
z_0088_442.000000.png,#ff61e7,2,98.568542,4.413517,0.176541,0.040000
z_0088_442.000000.png,#ff6ee9,26,1209.910822,54.175111,2.167004,0.040000
z_0088_442.000000.png,#ff73a1,3,147.296465,6.595364,0.263815,0.040000
z_0088_442.000000.png,#ffbe78,14,609.428499,27.287843,1.091514,0.040000
z_0088_442.000000.png,#ffc978,10,484.943218,21.713875,0.868555,0.040000
z_0088_442.000000.png,#ffcdbd,3,205.865007,9.217836,0.368713,0.040000
z_0089_443.000000.png,#04800e,4,61.941125,2.773483,0.110939,0.040000
z_0089_443.000000.png,#0c704f,1,30.142136,1.349648,0.053986,0.040000
z_0089_443.000000.png,#195ba5,11,616.641702,27.610822,1.104433,0.040000
z_0089_443.000000.png,#302e4d,1,53.213203,2.382681,0.095307,0.040000
z_0089_443.000000.png,#3b9c36,4,295.622366,13.236822,0.529473,0.040000
z_0089_443.000000.png,#40426e,1,125.781746,5.632018,0.225281,0.040000
z_0089_443.000000.png,#42ddf5,7,343.261977,15.369939,0.614798,0.040000
z_0089_443.000000.png,#48e85e,2,67.355339,3.015911,0.120636,0.040000
z_0089_443.000000.png,#4cc7b6,3,88.426407,3.959391,0.158376,0.040000
z_0089_443.000000.png,#61965c,6,479.788889,21.483085,0.859323,0.040000
z_0089_443.000000.png,#74a865,2,201.036580,9.001638,0.360066,0.040000
z_0089_443.000000.png,#774d47,4,169.681241,7.597668,0.303907,0.040000
z_0089_443.000000.png,#7a0474,6,187.137085,8.379272,0.335171,0.040000
z_0089_443.000000.png,#7b92a8,6,465.002092,20.820989,0.832840,0.040000
z_0089_443.000000.png,#820079,1,70.284271,3.147057,0.125882,0.040000
z_0089_443.000000.png,#88bbd1,6,332.291414,14.878720,0.595149,0.040000
z_0089_443.000000.png,#8f82c4,5,331.705627,14.852491,0.594100,0.040000
z_0089_443.000000.png,#91ff78,13,720.666089,32.268631,1.290745,0.040000
z_0089_443.000000.png,#96645c,9,709.653896,31.775548,1.271022,0.040000
z_0089_443.000000.png,#9ed3de,5,290.877200,13.024352,0.520974,0.040000
z_0089_443.000000.png,#a347ff,4,79.254834,3.548724,0.141949,0.040000
z_0089_443.000000.png,#b2a0fa,2,83.012193,3.716964,0.148679,0.040000
z_0089_443.000000.png,#bbb477,7,351.261977,15.728148,0.629126,0.040000
z_0089_443.000000.png,#c4809c,5,253.379726,11.345361,0.453814,0.040000
z_0089_443.000000.png,#ccebb2,18,974.229581,43.622220,1.744889,0.040000
z_0089_443.000000.png,#cfcb80,2,46.041631,2.061566,0.082463,0.040000
z_0089_443.000000.png,#d0dba7,11,453.972655,20.327134,0.813085,0.040000
z_0089_443.000000.png,#d8e3a8,2,72.526912,3.247474,0.129899,0.040000
z_0089_443.000000.png,#f2cabf,6,351.019336,15.717284,0.628691,0.040000
z_0089_443.000000.png,#ff270f,4,598.884343,26.815717,1.072629,0.040000
z_0089_443.000000.png,#ff61e7,2,97.154329,4.350194,0.174008,0.040000
z_0089_443.000000.png,#ff6ee9,25,1206.981890,54.043965,2.161759,0.040000
z_0089_443.000000.png,#ff73a1,3,146.811183,6.573635,0.262945,0.040000
z_0089_443.000000.png,#ffbe78,12,616.298557,27.595458,1.103818,0.040000
z_0089_443.000000.png,#ffc978,11,528.984848,23.685889,0.947436,0.040000
z_0089_443.000000.png,#ffcdbd,3,198.208153,8.874992,0.355000,0.040000
z_0090_444.000000.png,#04800e,2,46.041631,2.061566,0.082463,0.040000
z_0090_444.000000.png,#0c704f,1,43.455844,1.945784,0.077831,0.040000
z_0090_444.000000.png,#195ba5,12,590.055916,26.420414,1.056817,0.040000
z_0090_444.000000.png,#302e4d,1,59.455844,2.662202,0.106488,0.040000
z_0090_444.000000.png,#3b9c36,3,268.208153,12.009320,0.480373,0.040000
z_0090_444.000000.png,#40426e,1,125.781746,5.632018,0.225281,0.040000
z_0090_444.000000.png,#42ddf5,7,360.190909,16.127951,0.645118,0.040000
z_0090_444.000000.png,#48e85e,2,67.597980,3.026775,0.121071,0.040000
z_0090_444.000000.png,#4cc7b6,3,86.426407,3.869839,0.154794,0.040000
z_0090_444.000000.png,#61965c,7,437.504617,19.589759,0.783590,0.040000
z_0090_444.000000.png,#74a865,3,203.036580,9.091190,0.363648,0.040000
z_0090_444.000000.png,#774d47,5,157.195959,7.038625,0.281545,0.040000
z_0090_444.000000.png,#7a0474,6,157.580736,7.055854,0.282234,0.040000
z_0090_444.000000.png,#7b92a8,7,472.558441,21.159333,0.846373,0.040000
z_0090_444.000000.png,#820079,2,58.870058,2.635973,0.105439,0.040000
z_0090_444.000000.png,#88bbd1,6,333.806133,14.946543,0.597862,0.040000
z_0090_444.000000.png,#8f82c4,6,327.119841,14.647157,0.585886,0.040000
z_0090_444.000000.png,#91ff78,14,707.352380,31.672495,1.266900,0.040000
z_0090_444.000000.png,#96645c,9,728.624458,32.624976,1.304999,0.040000
z_0090_444.000000.png,#9ed3de,5,315.948268,14.146937,0.565877,0.040000
z_0090_444.000000.png,#a347ff,1,15.899495,0.711918,0.028477,0.040000
z_0090_444.000000.png,#b2a0fa,2,82.426407,3.690735,0.147629,0.040000
z_0090_444.000000.png,#bbb477,6,375.261977,16.802775,0.672111,0.040000
z_0090_444.000000.png,#c4809c,5,246.450793,11.035110,0.441404,0.040000
z_0090_444.000000.png,#ccebb2,18,992.815367,44.454419,1.778177,0.040000
z_0090_444.000000.png,#cfcb80,2,46.284271,2.072430,0.082897,0.040000
z_0090_444.000000.png,#d0dba7,13,404.717821,18.121693,0.724868,0.040000
z_0090_444.000000.png,#d8e3a8,2,73.112698,3.273703,0.130948,0.040000
z_0090_444.000000.png,#f2cabf,6,358.676190,16.060128,0.642405,0.040000
z_0090_444.000000.png,#ff270f,4,581.712770,26.046840,1.041874,0.040000
z_0090_444.000000.png,#ff61e7,2,97.154329,4.350194,0.174008,0.040000
z_0090_444.000000.png,#ff6ee9,29,1258.680374,56.358823,2.254353,0.040000
z_0090_444.000000.png,#ff73a1,3,151.053824,6.763604,0.270544,0.040000
z_0090_444.000000.png,#ffbe78,12,596.256926,26.698071,1.067923,0.040000
z_0090_444.000000.png,#ffc978,10,573.771645,25.691268,1.027651,0.040000
z_0090_444.000000.png,#ffcdbd,3,147.681241,6.612593,0.264504,0.040000
z_0091_445.000000.png,#04800e,2,46.041631,2.061566,0.082463,0.040000
z_0091_445.000000.png,#0c704f,1,42.041631,1.882461,0.075298,0.040000
z_0091_445.000000.png,#195ba5,12,586.984848,26.282904,1.051316,0.040000
z_0091_445.000000.png,#302e4d,1,60.284271,2.699296,0.107972,0.040000
z_0091_445.000000.png,#3b9c36,3,274.450793,12.288841,0.491554,0.040000
z_0091_445.000000.png,#40426e,1,127.195959,5.695341,0.227814,0.040000
z_0091_445.000000.png,#42ddf5,7,360.190909,16.127951,0.645118,0.040000
z_0091_445.000000.png,#48e85e,2,66.769553,2.989681,0.119587,0.040000
z_0091_445.000000.png,#4cc7b6,3,85.840620,3.843610,0.153744,0.040000
z_0091_445.000000.png,#61965c,7,436.918831,19.563530,0.782541,0.040000
z_0091_445.000000.png,#74a865,3,203.036580,9.091190,0.363648,0.040000
z_0091_445.000000.png,#774d47,5,157.781746,7.064854,0.282594,0.040000
z_0091_445.000000.png,#7a0474,6,156.166522,6.992531,0.279701,0.040000
z_0091_445.000000.png,#7b92a8,7,473.730014,21.211792,0.848472,0.040000
z_0091_445.000000.png,#820079,2,55.455844,2.483097,0.099324,0.040000
z_0091_445.000000.png,#88bbd1,6,333.220346,14.920314,0.596813,0.040000
z_0091_445.000000.png,#8f82c4,6,325.462987,14.572970,0.582919,0.040000
z_0091_445.000000.png,#91ff78,14,701.452886,31.408338,1.256334,0.040000
z_0091_445.000000.png,#96645c,9,727.210245,32.561653,1.302466,0.040000
z_0091_445.000000.png,#9ed3de,5,318.534055,14.262719,0.570509,0.040000
z_0091_445.000000.png,#a347ff,1,15.313708,0.685688,0.027428,0.040000
z_0091_445.000000.png,#b2a0fa,2,82.426407,3.690735,0.147629,0.040000
z_0091_445.000000.png,#bbb477,6,375.261977,16.802775,0.672111,0.040000
z_0091_445.000000.png,#c4809c,5,247.865007,11.098433,0.443937,0.040000
z_0091_445.000000.png,#ccebb2,18,994.714862,44.539471,1.781579,0.040000
z_0091_445.000000.png,#cfcb80,2,47.112698,2.109524,0.084381,0.040000
z_0091_445.000000.png,#d0dba7,13,403.889394,18.084600,0.723384,0.040000
z_0091_445.000000.png,#d8e3a8,2,73.112698,3.273703,0.130948,0.040000
z_0091_445.000000.png,#f2cabf,6,356.090404,15.944346,0.637774,0.040000
z_0091_445.000000.png,#ff270f,4,581.712770,26.046840,1.041874,0.040000
z_0091_445.000000.png,#ff61e7,2,95.982756,4.297735,0.171909,0.040000
z_0091_445.000000.png,#ff6ee9,30,1262.337229,56.522562,2.260902,0.040000
z_0091_445.000000.png,#ff73a1,3,152.225397,6.816063,0.272643,0.040000
z_0091_445.000000.png,#ffbe78,12,594.842712,26.634748,1.065390,0.040000
z_0091_445.000000.png,#ffc978,10,572.943218,25.654174,1.026167,0.040000
z_0091_445.000000.png,#ffcdbd,3,147.095454,6.586364,0.263455,0.040000
z_0092_446.000000.png,#04800e,2,54.970563,2.461368,0.098455,0.040000
z_0092_446.000000.png,#0c704f,2,65.941125,2.952588,0.118104,0.040000
z_0092_446.000000.png,#195ba5,10,494.114790,22.124543,0.884982,0.040000
z_0092_446.000000.png,#302e4d,1,65.355339,2.926358,0.117054,0.040000
z_0092_446.000000.png,#3b9c36,3,234.894444,10.517662,0.420706,0.040000
z_0092_446.000000.png,#40426e,1,121.882251,5.457414,0.218297,0.040000
z_0092_446.000000.png,#42ddf5,7,362.190909,16.217503,0.648700,0.040000
z_0092_446.000000.png,#48e85e,2,66.284271,2.967952,0.118718,0.040000
z_0092_446.000000.png,#4cc7b6,3,88.083261,3.944027,0.157761,0.040000
z_0092_446.000000.png,#61965c,5,321.764502,14.407366,0.576295,0.040000
z_0092_446.000000.png,#74a865,3,208.066017,9.316389,0.372656,0.040000
z_0092_446.000000.png,#774d47,4,134.710678,6.031821,0.241273,0.040000
z_0092_446.000000.png,#7a0474,5,119.982756,5.372362,0.214894,0.040000
z_0092_446.000000.png,#7b92a8,8,430.960461,19.296737,0.771869,0.040000
z_0092_446.000000.png,#820079,2,43.455844,1.945784,0.077831,0.040000
z_0092_446.000000.png,#88bbd1,3,320.534055,14.352271,0.574091,0.040000
z_0092_446.000000.png,#8f82c4,5,335.948268,15.042460,0.601698,0.040000
z_0092_446.000000.png,#91ff78,15,711.251875,31.847099,1.273884,0.040000
z_0092_446.000000.png,#96645c,6,650.156421,29.111482,1.164459,0.040000
z_0092_446.000000.png,#9ed3de,5,324.333044,14.522375,0.580895,0.040000
z_0092_446.000000.png,#b2a0fa,3,104.911688,4.697538,0.187902,0.040000
z_0092_446.000000.png,#bbb477,7,402.232539,18.010412,0.720416,0.040000
z_0092_446.000000.png,#c4809c,5,204.994949,9.178878,0.367155,0.040000
z_0092_446.000000.png,#ccebb2,20,1035.602164,46.370246,1.854810,0.040000
z_0092_446.000000.png,#cfcb80,2,49.455844,2.214441,0.088578,0.040000
z_0092_446.000000.png,#d0dba7,9,337.462987,15.110283,0.604411,0.040000
z_0092_446.000000.png,#d8e3a8,2,73.012193,3.269203,0.130768,0.040000
z_0092_446.000000.png,#f2cabf,6,400.617316,17.938089,0.717524,0.040000
z_0092_446.000000.png,#ff270f,5,552.641702,24.745151,0.989806,0.040000
z_0092_446.000000.png,#ff61e7,2,88.426407,3.959391,0.158376,0.040000
z_0092_446.000000.png,#ff6ee9,29,1387.207286,62.113759,2.484550,0.040000
z_0092_446.000000.png,#ff73a1,3,158.225397,7.084719,0.283389,0.040000
z_0092_446.000000.png,#ffbe78,11,557.286363,24.953121,0.998125,0.040000
z_0092_446.000000.png,#ffc978,10,601.126984,26.916134,1.076645,0.040000
z_0092_446.000000.png,#ffcdbd,2,112.225397,5.025018,0.201001,0.040000
z_0093_447.000000.png,#04800e,2,63.213203,2.830442,0.113218,0.040000
z_0093_447.000000.png,#0c704f,2,95.012193,4.254277,0.170171,0.040000
z_0093_447.000000.png,#195ba5,10,457.830519,20.499874,0.819995,0.040000
z_0093_447.000000.png,#302e4d,1,71.941125,3.221244,0.128850,0.040000
z_0093_447.000000.png,#3b9c36,3,212.994949,9.537087,0.381483,0.040000
z_0093_447.000000.png,#40426e,1,113.882251,5.099205,0.203968,0.040000
z_0093_447.000000.png,#42ddf5,7,357.261977,15.996805,0.639872,0.040000
z_0093_447.000000.png,#48e85e,2,65.941125,2.952588,0.118104,0.040000
z_0093_447.000000.png,#4cc7b6,3,81.355339,3.642776,0.145711,0.040000
z_0093_447.000000.png,#61965c,5,308.350288,13.806729,0.552269,0.040000
z_0093_447.000000.png,#74a865,3,212.793939,9.528087,0.381123,0.040000
z_0093_447.000000.png,#774d47,4,117.053824,5.241216,0.209649,0.040000
z_0093_447.000000.png,#7a0474,5,112.811183,5.051247,0.202050,0.040000
z_0093_447.000000.png,#7b92a8,8,390.433550,17.482099,0.699284,0.040000
z_0093_447.000000.png,#820079,2,44.627417,1.998243,0.079930,0.040000
z_0093_447.000000.png,#88bbd1,3,304.877200,13.651218,0.546049,0.040000
z_0093_447.000000.png,#8f82c4,5,315.320851,14.118844,0.564754,0.040000
z_0093_447.000000.png,#91ff78,14,747.938167,33.489769,1.339591,0.040000
z_0093_447.000000.png,#96645c,8,641.126984,28.707178,1.148287,0.040000
z_0093_447.000000.png,#9ed3de,5,338.333044,15.149241,0.605970,0.040000
z_0093_447.000000.png,#b2a0fa,3,106.911688,4.787091,0.191484,0.040000
z_0093_447.000000.png,#bbb477,8,433.102597,19.392654,0.775706,0.040000
z_0093_447.000000.png,#c4809c,6,216.894444,9.711692,0.388468,0.040000
z_0093_447.000000.png,#ccebb2,19,1084.957503,48.580187,1.943207,0.040000
z_0093_447.000000.png,#cfcb80,2,48.627417,2.177347,0.087094,0.040000
z_0093_447.000000.png,#d0dba7,7,303.563492,13.592395,0.543696,0.040000
z_0093_447.000000.png,#d8e3a8,2,77.012193,3.448307,0.137932,0.040000
z_0093_447.000000.png,#f2cabf,6,413.002092,18.492631,0.739705,0.040000
z_0093_447.000000.png,#ff270f,4,535.570635,23.980775,0.959231,0.040000
z_0093_447.000000.png,#ff61e7,2,86.083261,3.854474,0.154179,0.040000
z_0093_447.000000.png,#ff6ee9,23,1424.420490,63.780022,2.551201,0.040000
z_0093_447.000000.png,#ff73a1,3,160.468037,7.185136,0.287405,0.040000
z_0093_447.000000.png,#ffbe78,12,577.671140,25.865872,1.034635,0.040000
z_0093_447.000000.png,#ffc978,10,588.884343,26.367956,1.054718,0.040000
z_0093_447.000000.png,#ffcdbd,3,91.497475,4.096902,0.163876,0.040000
z_0094_448.000000.png,#04800e,3,128.468037,5.752300,0.230092,0.040000
z_0094_448.000000.png,#0c704f,2,140.124892,6.274249,0.250970,0.040000
z_0094_448.000000.png,#195ba5,12,394.433550,17.661204,0.706448,0.040000
z_0094_448.000000.png,#302e4d,1,77.941125,3.489901,0.139596,0.040000
z_0094_448.000000.png,#3b9c36,3,217.965512,9.759650,0.390386,0.040000
z_0094_448.000000.png,#40426e,1,111.396970,4.987924,0.199517,0.040000
z_0094_448.000000.png,#42ddf5,7,351.119841,15.721784,0.628871,0.040000
z_0094_448.000000.png,#48e85e,2,63.355339,2.836806,0.113472,0.040000
z_0094_448.000000.png,#4cc7b6,4,91.941125,4.116767,0.164671,0.040000
z_0094_448.000000.png,#61965c,4,241.137085,10.797183,0.431887,0.040000
z_0094_448.000000.png,#74a865,4,209.379726,9.375212,0.375008,0.040000
z_0094_448.000000.png,#774d47,5,123.053824,5.509873,0.220395,0.040000
z_0094_448.000000.png,#7a0474,5,91.154329,4.081537,0.163261,0.040000
z_0094_448.000000.png,#7b92a8,6,328.391919,14.704116,0.588165,0.040000
z_0094_448.000000.png,#820079,3,67.355339,3.015911,0.120636,0.040000
z_0094_448.000000.png,#88bbd1,4,287.462987,12.871477,0.514859,0.040000
z_0094_448.000000.png,#8f82c4,7,294.592929,13.190728,0.527629,0.040000
z_0094_448.000000.png,#91ff78,13,712.038672,31.882329,1.275293,0.040000
z_0094_448.000000.png,#96645c,6,594.742207,26.630248,1.065210,0.040000
z_0094_448.000000.png,#9ed3de,5,345.747258,15.481221,0.619249,0.040000
z_0094_448.000000.png,#b2a0fa,3,113.154329,5.066612,0.202664,0.040000
z_0094_448.000000.png,#bbb477,6,252.350288,11.299267,0.451971,0.040000
z_0094_448.000000.png,#c4809c,4,200.509668,8.978045,0.359122,0.040000
z_0094_448.000000.png,#ccebb2,17,1038.430591,46.496892,1.859876,0.040000
z_0094_448.000000.png,#cfcb80,2,51.213203,2.293129,0.091725,0.040000
z_0094_448.000000.png,#d0dba7,7,302.634560,13.550801,0.542032,0.040000
z_0094_448.000000.png,#d8e3a8,3,99.254834,4.444246,0.177770,0.040000
z_0094_448.000000.png,#f2cabf,8,503.286363,22.535210,0.901408,0.040000
z_0094_448.000000.png,#ff270f,4,510.256926,22.847325,0.913893,0.040000
z_0094_448.000000.png,#ff61e7,2,95.254834,4.265142,0.170606,0.040000
z_0094_448.000000.png,#ff6ee9,26,1518.060100,67.972840,2.718914,0.040000
z_0094_448.000000.png,#ff73a1,3,152.710678,6.837792,0.273512,0.040000
z_0094_448.000000.png,#ffbe78,12,532.457936,23.841400,0.953656,0.040000
z_0094_448.000000.png,#ffc978,11,564.700577,25.285100,1.011404,0.040000
z_0094_448.000000.png,#ffcdbd,1,36.041631,1.613804,0.064552,0.040000
z_0095_449.000000.png,#04800e,3,129.053824,5.778529,0.231141,0.040000
z_0095_449.000000.png,#0c704f,2,139.296465,6.237155,0.249486,0.040000
z_0095_449.000000.png,#195ba5,11,400.676190,17.940725,0.717629,0.040000
z_0095_449.000000.png,#302e4d,1,78.526912,3.516130,0.140645,0.040000
z_0095_449.000000.png,#3b9c36,3,216.894444,9.711692,0.388468,0.040000
z_0095_449.000000.png,#40426e,1,111.396970,4.987924,0.199517,0.040000
z_0095_449.000000.png,#42ddf5,7,347.119841,15.542679,0.621707,0.040000
z_0095_449.000000.png,#48e85e,2,62.769553,2.810577,0.112423,0.040000
z_0095_449.000000.png,#4cc7b6,4,91.112698,4.079673,0.163187,0.040000
z_0095_449.000000.png,#61965c,4,241.722871,10.823412,0.432936,0.040000
z_0095_449.000000.png,#74a865,4,210.551299,9.427670,0.377107,0.040000
z_0095_449.000000.png,#774d47,5,123.296465,5.520737,0.220829,0.040000
z_0095_449.000000.png,#7a0474,5,90.568542,4.055308,0.162212,0.040000
z_0095_449.000000.png,#7b92a8,6,331.462987,14.841626,0.593665,0.040000
z_0095_449.000000.png,#820079,3,67.355339,3.015911,0.120636,0.040000
z_0095_449.000000.png,#88bbd1,4,286.048773,12.808154,0.512326,0.040000
z_0095_449.000000.png,#8f82c4,7,294.350288,13.179864,0.527195,0.040000
z_0095_449.000000.png,#91ff78,13,711.452886,31.856099,1.274244,0.040000
z_0095_449.000000.png,#96645c,6,597.570635,26.756894,1.070276,0.040000
z_0095_449.000000.png,#9ed3de,5,343.747258,15.391668,0.615667,0.040000
z_0095_449.000000.png,#b2a0fa,3,111.982756,5.014153,0.200566,0.040000
z_0095_449.000000.png,#bbb477,6,252.350288,11.299267,0.451971,0.040000
z_0095_449.000000.png,#c4809c,4,200.509668,8.978045,0.359122,0.040000
z_0095_449.000000.png,#ccebb2,17,1034.430591,46.317788,1.852712,0.040000
z_0095_449.000000.png,#cfcb80,2,50.384776,2.256035,0.090241,0.040000
z_0095_449.000000.png,#d0dba7,7,302.634560,13.550801,0.542032,0.040000
z_0095_449.000000.png,#d8e3a8,3,101.254834,4.533799,0.181352,0.040000
z_0095_449.000000.png,#f2cabf,9,508.943218,22.788502,0.911540,0.040000
z_0095_449.000000.png,#ff270f,4,509.085353,22.794867,0.911795,0.040000
z_0095_449.000000.png,#ff61e7,2,94.669048,4.238913,0.169557,0.040000
z_0095_449.000000.png,#ff6ee9,26,1516.060100,67.883288,2.715332,0.040000
z_0095_449.000000.png,#ff73a1,3,151.296465,6.774469,0.270979,0.040000
z_0095_449.000000.png,#ffbe78,12,534.114790,23.915588,0.956624,0.040000
z_0095_449.000000.png,#ffc978,11,566.943218,25.385517,1.015421,0.040000
z_0095_449.000000.png,#ffcdbd,1,36.627417,1.640034,0.065601,0.040000
z_0096_450.000000.png,#04800e,3,136.225397,6.099645,0.243986,0.040000
z_0096_450.000000.png,#0c704f,2,151.882251,6.800698,0.272028,0.040000
z_0096_450.000000.png,#195ba5,11,413.646753,18.521496,0.740860,0.040000
z_0096_450.000000.png,#302e4d,1,79.355339,3.553224,0.142129,0.040000
z_0096_450.000000.png,#3b9c36,3,200.409163,8.973545,0.358942,0.040000
z_0096_450.000000.png,#40426e,1,111.396970,4.987924,0.199517,0.040000
z_0096_450.000000.png,#42ddf5,8,374.776695,16.781046,0.671242,0.040000
z_0096_450.000000.png,#48e85e,2,61.941125,2.773483,0.110939,0.040000
z_0096_450.000000.png,#4cc7b6,4,89.497475,4.007350,0.160294,0.040000
z_0096_450.000000.png,#61965c,4,237.480231,10.633443,0.425338,0.040000
z_0096_450.000000.png,#74a865,4,207.965512,9.311889,0.372476,0.040000
z_0096_450.000000.png,#774d47,5,134.811183,6.036322,0.241453,0.040000
z_0096_450.000000.png,#7a0474,4,87.740115,3.928662,0.157146,0.040000
z_0096_450.000000.png,#7b92a8,5,311.320851,13.939740,0.557590,0.040000
z_0096_450.000000.png,#820079,3,72.526912,3.247474,0.129899,0.040000
z_0096_450.000000.png,#88bbd1,3,284.048773,12.718602,0.508744,0.040000
z_0096_450.000000.png,#8f82c4,6,283.421356,12.690508,0.507620,0.040000
z_0096_450.000000.png,#91ff78,12,712.239682,31.891329,1.275653,0.040000
z_0096_450.000000.png,#96645c,5,597.470129,26.752394,1.070096,0.040000
z_0096_450.000000.png,#9ed3de,4,325.362482,14.568469,0.582739,0.040000
z_0096_450.000000.png,#b2a0fa,3,107.740115,4.824184,0.192967,0.040000
z_0096_450.000000.png,#bbb477,6,256.107648,11.467507,0.458700,0.040000
z_0096_450.000000.png,#c4809c,4,181.095454,8.108752,0.324350,0.040000
z_0096_450.000000.png,#ccebb2,18,1051.844805,47.097529,1.883901,0.040000
z_0096_450.000000.png,#cfcb80,2,53.455844,2.393545,0.095742,0.040000
z_0096_450.000000.png,#d0dba7,7,293.705627,13.150998,0.526040,0.040000
z_0096_450.000000.png,#d8e3a8,2,97.154329,4.350194,0.174008,0.040000
z_0096_450.000000.png,#f2cabf,7,498.457936,22.319012,0.892760,0.040000
z_0096_450.000000.png,#ff270f,5,502.156421,22.484616,0.899385,0.040000
z_0096_450.000000.png,#ff61e7,2,98.911688,4.428882,0.177155,0.040000
z_0096_450.000000.png,#ff6ee9,23,1552.545381,69.516957,2.780678,0.040000
z_0096_450.000000.png,#ff73a1,3,152.468037,6.826927,0.273077,0.040000
z_0096_450.000000.png,#ffbe78,13,496.801082,22.244825,0.889793,0.040000
z_0096_450.000000.png,#ffc978,11,546.558441,24.472766,0.978911,0.040000
z_0096_450.000000.png,#ffcdbd,1,40.870058,1.830003,0.073200,0.040000
z_0097_451.000000.png,#04800e,3,141.882251,6.352937,0.254117,0.040000
z_0097_451.000000.png,#0c704f,2,168.024387,7.523480,0.300939,0.040000
z_0097_451.000000.png,#195ba5,10,388.575685,17.398911,0.695956,0.040000
z_0097_451.000000.png,#302e4d,1,59.455844,2.662202,0.106488,0.040000
z_0097_451.000000.png,#3b9c36,3,184.509668,8.261627,0.330465,0.040000
z_0097_451.000000.png,#40426e,1,101.497475,4.544663,0.181787,0.040000
z_0097_451.000000.png,#42ddf5,8,406.090404,18.183152,0.727326,0.040000
z_0097_451.000000.png,#48e85e,2,58.870058,2.635973,0.105439,0.040000
z_0097_451.000000.png,#4cc7b6,4,79.941125,3.579453,0.143178,0.040000
z_0097_451.000000.png,#61965c,4,238.066017,10.659672,0.426387,0.040000
z_0097_451.000000.png,#74a865,5,209.036580,9.359847,0.374394,0.040000
z_0097_451.000000.png,#774d47,4,140.124892,6.274249,0.250970,0.040000
z_0097_451.000000.png,#7a0474,3,68.769553,3.079234,0.123169,0.040000
z_0097_451.000000.png,#7b92a8,6,302.977705,13.566166,0.542647,0.040000
z_0097_451.000000.png,#820079,3,92.669048,4.149360,0.165974,0.040000
z_0097_451.000000.png,#88bbd1,3,269.078210,12.048278,0.481931,0.040000
z_0097_451.000000.png,#8f82c4,6,283.663997,12.701373,0.508055,0.040000
z_0097_451.000000.png,#91ff78,13,708.482323,31.723089,1.268924,0.040000
z_0097_451.000000.png,#96645c,6,553.529004,24.784881,0.991395,0.040000
z_0097_451.000000.png,#9ed3de,4,335.605122,15.027095,0.601084,0.040000
z_0097_451.000000.png,#b2a0fa,3,102.568542,4.592621,0.183705,0.040000
z_0097_451.000000.png,#bbb477,6,259.279221,11.609517,0.464381,0.040000
z_0097_451.000000.png,#c4809c,4,171.195959,7.665491,0.306620,0.040000
z_0097_451.000000.png,#ccebb2,18,1087.401154,48.689604,1.947584,0.040000
z_0097_451.000000.png,#cfcb80,2,57.698485,2.583514,0.103341,0.040000
z_0097_451.000000.png,#d0dba7,7,299.320851,13.402426,0.536097,0.040000
z_0097_451.000000.png,#d8e3a8,2,94.325902,4.223548,0.168942,0.040000
z_0097_451.000000.png,#f2cabf,7,494.558441,22.144408,0.885776,0.040000
z_0097_451.000000.png,#ff270f,6,472.114790,21.139468,0.845579,0.040000
z_0097_451.000000.png,#ff61e7,2,106.911688,4.787091,0.191484,0.040000
z_0097_451.000000.png,#ff6ee9,25,1541.190042,69.008509,2.760340,0.040000
z_0097_451.000000.png,#ff73a1,3,150.124892,6.722010,0.268880,0.040000
z_0097_451.000000.png,#ffbe78,12,467.830519,20.947635,0.837905,0.040000
z_0097_451.000000.png,#ffc978,12,526.801082,23.588108,0.943524,0.040000
z_0097_451.000000.png,#ffcdbd,1,48.284271,2.161982,0.086479,0.040000
z_0098_452.000000.png,#04800e,3,146.710678,6.569135,0.262765,0.040000
z_0098_452.000000.png,#0c704f,2,178.752309,8.003835,0.320153,0.040000
z_0098_452.000000.png,#195ba5,8,392.090404,17.556287,0.702251,0.040000
z_0098_452.000000.png,#302e4d,1,61.213203,2.740890,0.109636,0.040000
z_0098_452.000000.png,#3b9c36,3,158.367532,7.091084,0.283643,0.040000
z_0098_452.000000.png,#40426e,1,98.325902,4.402652,0.176106,0.040000
z_0098_452.000000.png,#42ddf5,7,415.989899,18.626413,0.745057,0.040000
z_0098_452.000000.png,#48e85e,2,62.041631,2.777983,0.111119,0.040000
z_0098_452.000000.png,#4cc7b6,4,74.183766,3.321661,0.132866,0.040000
z_0098_452.000000.png,#61965c,4,247.379726,11.076704,0.443068,0.040000
z_0098_452.000000.png,#74a865,3,216.450793,9.691827,0.387673,0.040000
z_0098_452.000000.png,#774d47,4,141.539105,6.337572,0.253503,0.040000
z_0098_452.000000.png,#7a0474,2,50.870058,2.277764,0.091111,0.040000
z_0098_452.000000.png,#7b92a8,5,269.521861,12.068143,0.482726,0.040000
z_0098_452.000000.png,#820079,2,94.325902,4.223548,0.168942,0.040000
z_0098_452.000000.png,#88bbd1,3,269.563492,12.070007,0.482800,0.040000
z_0098_452.000000.png,#8f82c4,6,233.965512,10.476068,0.419043,0.040000
z_0098_452.000000.png,#91ff78,15,720.523953,32.262267,1.290491,0.040000
z_0098_452.000000.png,#96645c,5,511.386868,22.897919,0.915917,0.040000
z_0098_452.000000.png,#9ed3de,4,348.918831,15.623231,0.624929,0.040000
z_0098_452.000000.png,#b2a0fa,3,104.568542,4.682174,0.187287,0.040000
z_0098_452.000000.png,#bbb477,5,265.379726,11.882674,0.475307,0.040000
z_0098_452.000000.png,#c4809c,4,154.225397,6.905615,0.276225,0.040000
z_0098_452.000000.png,#ccebb2,18,1108.472222,49.633085,1.985323,0.040000
z_0098_452.000000.png,#cfcb80,2,56.870058,2.546420,0.101857,0.040000
z_0098_452.000000.png,#d0dba7,8,284.735065,12.749331,0.509973,0.040000
z_0098_452.000000.png,#d8e3a8,2,91.497475,4.096902,0.163876,0.040000
z_0098_452.000000.png,#f2cabf,8,480.274170,21.504814,0.860193,0.040000
z_0098_452.000000.png,#ff270f,5,447.244733,20.025884,0.801035,0.040000
z_0098_452.000000.png,#ff61e7,2,108.911688,4.876643,0.195066,0.040000
z_0098_452.000000.png,#ff6ee9,25,1542.604256,69.071832,2.762873,0.040000
z_0098_452.000000.png,#ff73a1,3,149.539105,6.695781,0.267831,0.040000
z_0098_452.000000.png,#ffbe78,12,435.203102,19.486706,0.779468,0.040000
z_0098_452.000000.png,#ffc978,11,484.558441,21.696647,0.867866,0.040000
z_0098_452.000000.png,#ffcdbd,1,56.769553,2.541920,0.101677,0.040000
z_0099_453.000000.png,#04800e,3,151.195959,6.769968,0.270799,0.040000
z_0099_453.000000.png,#0c704f,2,190.409163,8.525783,0.341031,0.040000
z_0099_453.000000.png,#195ba5,9,355.847763,15.933482,0.637339,0.040000
z_0099_453.000000.png,#302e4d,1,46.970563,2.103160,0.084126,0.040000
z_0099_453.000000.png,#3b9c36,3,141.539105,6.337572,0.253503,0.040000
z_0099_453.000000.png,#40426e,2,85.597980,3.832745,0.153310,0.040000
z_0099_453.000000.png,#42ddf5,6,445.931024,19.967061,0.798682,0.040000
z_0099_453.000000.png,#48e85e,3,86.083261,3.854474,0.154179,0.040000
z_0099_453.000000.png,#4cc7b6,4,62.526912,2.799712,0.111988,0.040000
z_0099_453.000000.png,#61965c,4,257.279221,11.519965,0.460799,0.040000
z_0099_453.000000.png,#74a865,3,220.107648,9.855566,0.394223,0.040000
z_0099_453.000000.png,#774d47,4,148.710678,6.658687,0.266347,0.040000
z_0099_453.000000.png,#7a0474,2,55.112698,2.467733,0.098709,0.040000
z_0099_453.000000.png,#7b92a8,5,265.178716,11.873674,0.474947,0.040000
z_0099_453.000000.png,#820079,2,86.083261,3.854474,0.154179,0.040000
z_0099_453.000000.png,#88bbd1,4,249.036580,11.150892,0.446036,0.040000
z_0099_453.000000.png,#8f82c4,6,215.965512,9.670098,0.386804,0.040000
z_0099_453.000000.png,#91ff78,16,740.565584,33.159653,1.326386,0.040000
z_0099_453.000000.png,#96645c,6,491.244733,21.996033,0.879841,0.040000
z_0099_453.000000.png,#9ed3de,4,369.060967,16.525118,0.661005,0.040000
z_0099_453.000000.png,#b2a0fa,3,103.840620,4.649580,0.185983,0.040000
z_0099_453.000000.png,#bbb477,5,269.622366,12.072643,0.482906,0.040000
z_0099_453.000000.png,#c4809c,6,135.154329,6.051686,0.242067,0.040000
z_0099_453.000000.png,#ccebb2,18,1109.785930,49.691907,1.987676,0.040000
z_0099_453.000000.png,#cfcb80,2,57.112698,2.557285,0.102291,0.040000
z_0099_453.000000.png,#d0dba7,7,278.835570,12.485175,0.499407,0.040000
z_0099_453.000000.png,#d8e3a8,2,79.355339,3.553224,0.142129,0.040000
z_0099_453.000000.png,#f2cabf,7,484.416306,21.690282,0.867611,0.040000
z_0099_453.000000.png,#ff270f,5,427.688384,19.150226,0.766009,0.040000
z_0099_453.000000.png,#ff61e7,2,107.497475,4.813320,0.192533,0.040000
z_0099_453.000000.png,#ff6ee9,28,1467.391052,65.704077,2.628163,0.040000
z_0099_453.000000.png,#ff73a1,3,150.124892,6.722010,0.268880,0.040000
z_0099_453.000000.png,#ffbe78,11,409.889394,18.353256,0.734130,0.040000
z_0099_453.000000.png,#ffc978,11,502.357431,22.493616,0.899745,0.040000
z_0099_453.000000.png,#ffcdbd,1,60.769553,2.721025,0.108841,0.040000
z_0100_454.000000.png,#04800e,3,150.367532,6.732875,0.269315,0.040000
z_0100_454.000000.png,#0c704f,3,207.722871,9.301024,0.372041,0.040000
z_0100_454.000000.png,#195ba5,9,322.534055,14.441823,0.577673,0.040000
z_0100_454.000000.png,#302e4d,1,38.970563,1.744951,0.069798,0.040000
z_0100_454.000000.png,#3b9c36,2,120.811183,5.409456,0.216378,0.040000
z_0100_454.000000.png,#40426e,1,81.840620,3.664505,0.146580,0.040000
z_0100_454.000000.png,#42ddf5,4,434.232539,19.443248,0.777730,0.040000
z_0100_454.000000.png,#48e85e,3,101.396970,4.540163,0.181607,0.040000
z_0100_454.000000.png,#4cc7b6,4,59.112698,2.646837,0.105873,0.040000
z_0100_454.000000.png,#61965c,4,255.036580,11.419548,0.456782,0.040000
z_0100_454.000000.png,#74a865,3,209.279221,9.370711,0.374828,0.040000
z_0100_454.000000.png,#774d47,4,151.781746,6.796198,0.271848,0.040000
z_0100_454.000000.png,#7a0474,2,56.870058,2.546420,0.101857,0.040000
z_0100_454.000000.png,#7b92a8,5,270.492424,12.111601,0.484464,0.040000
z_0100_454.000000.png,#820079,2,78.426407,3.511630,0.140465,0.040000
z_0100_454.000000.png,#88bbd1,4,241.865007,10.829776,0.433191,0.040000
z_0100_454.000000.png,#8f82c4,6,219.137085,9.812108,0.392484,0.040000
z_0100_454.000000.png,#91ff78,15,781.536147,34.994156,1.399766,0.040000
z_0100_454.000000.png,#96645c,8,421.989899,18.895070,0.755803,0.040000
z_0100_454.000000.png,#9ed3de,4,384.132034,17.199942,0.687998,0.040000
z_0100_454.000000.png,#b2a0fa,3,104.183766,4.664945,0.186598,0.040000
z_0100_454.000000.png,#bbb477,6,270.835570,12.126966,0.485079,0.040000
z_0100_454.000000.png,#c4809c,3,108.325902,4.850414,0.194017,0.040000
z_0100_454.000000.png,#ccebb2,19,1092.472222,48.916667,1.956667,0.040000
z_0100_454.000000.png,#cfcb80,2,59.941125,2.683931,0.107357,0.040000
z_0100_454.000000.png,#d0dba7,7,288.977705,12.939300,0.517572,0.040000
z_0100_454.000000.png,#d8e3a8,2,74.284271,3.326161,0.133046,0.040000
z_0100_454.000000.png,#f2cabf,7,467.688384,20.941271,0.837651,0.040000
z_0100_454.000000.png,#ff270f,5,398.617316,17.848537,0.713941,0.040000
z_0100_454.000000.png,#ff61e7,2,107.254834,4.802455,0.192098,0.040000
z_0100_454.000000.png,#ff6ee9,29,1515.391052,67.853331,2.714133,0.040000
z_0100_454.000000.png,#ff73a1,3,148.468037,6.647823,0.265913,0.040000
z_0100_454.000000.png,#ffbe78,12,415.989899,18.626413,0.745057,0.040000
z_0100_454.000000.png,#ffc978,11,465.487373,20.842718,0.833709,0.040000
z_0100_454.000000.png,#ffcdbd,2,68.183766,3.053004,0.122120,0.040000
z_0101_455.000000.png,#04800e,3,156.367532,7.001531,0.280061,0.040000
z_0101_455.000000.png,#0c704f,3,224.450793,10.050036,0.402001,0.040000
z_0101_455.000000.png,#195ba5,10,287.220346,12.860613,0.514425,0.040000
z_0101_455.000000.png,#302e4d,1,36.142136,1.618305,0.064732,0.040000
z_0101_455.000000.png,#3b9c36,2,115.982756,5.193258,0.207730,0.040000
z_0101_455.000000.png,#40426e,1,87.840620,3.933162,0.157326,0.040000
z_0101_455.000000.png,#42ddf5,4,452.818326,20.275447,0.811018,0.040000
z_0101_455.000000.png,#48e85e,3,110.911688,4.966195,0.198648,0.040000
z_0101_455.000000.png,#4cc7b6,4,61.597980,2.758118,0.110325,0.040000
z_0101_455.000000.png,#61965c,4,260.350288,11.657476,0.466299,0.040000
z_0101_455.000000.png,#74a865,3,205.622366,9.206972,0.368279,0.040000
z_0101_455.000000.png,#774d47,4,155.781746,6.975302,0.279012,0.040000
z_0101_455.000000.png,#7a0474,3,68.183766,3.053004,0.122120,0.040000
z_0101_455.000000.png,#7b92a8,5,266.592929,11.936997,0.477480,0.040000
z_0101_455.000000.png,#820079,2,74.183766,3.321661,0.132866,0.040000
z_0101_455.000000.png,#88bbd1,4,208.166522,9.320889,0.372836,0.040000
z_0101_455.000000.png,#8f82c4,6,205.480231,9.200607,0.368024,0.040000
z_0101_455.000000.png,#91ff78,16,742.423448,33.242841,1.329714,0.040000
z_0101_455.000000.png,#96645c,7,404.232539,18.099964,0.723999,0.040000
z_0101_455.000000.png,#9ed3de,5,386.960461,17.326588,0.693064,0.040000
z_0101_455.000000.png,#b2a0fa,3,102.669048,4.597122,0.183885,0.040000
z_0101_455.000000.png,#bbb477,7,295.220346,13.218821,0.528753,0.040000
z_0101_455.000000.png,#c4809c,3,114.225397,5.114570,0.204583,0.040000
z_0101_455.000000.png,#ccebb2,19,1080.915872,48.399218,1.935969,0.040000
z_0101_455.000000.png,#cfcb80,2,60.526912,2.710160,0.108406,0.040000
z_0101_455.000000.png,#d0dba7,6,314.676190,14.089979,0.563599,0.040000
z_0101_455.000000.png,#d8e3a8,2,71.941125,3.221244,0.128850,0.040000
z_0101_455.000000.png,#f2cabf,7,421.161472,18.857976,0.754319,0.040000
z_0101_455.000000.png,#ff270f,5,377.303607,16.894191,0.675768,0.040000
z_0101_455.000000.png,#ff61e7,2,104.669048,4.686674,0.187467,0.040000
z_0101_455.000000.png,#ff6ee9,26,1559.959595,69.848937,2.793957,0.040000
z_0101_455.000000.png,#ff73a1,3,149.882251,6.711146,0.268446,0.040000
z_0101_455.000000.png,#ffbe78,14,437.788889,19.602488,0.784100,0.040000
z_0101_455.000000.png,#ffc978,10,449.144228,20.110936,0.804437,0.040000
z_0101_455.000000.png,#ffcdbd,2,71.355339,3.195015,0.127801,0.040000
z_0102_456.000000.png,#04800e,2,152.610173,6.833291,0.273332,0.040000
z_0102_456.000000.png,#0c704f,3,232.208153,10.397380,0.415895,0.040000
z_0102_456.000000.png,#195ba5,9,215.722871,9.659233,0.386369,0.040000
z_0102_456.000000.png,#302e4d,1,29.313708,1.312554,0.052502,0.040000
z_0102_456.000000.png,#3b9c36,2,112.568542,5.040382,0.201615,0.040000
z_0102_456.000000.png,#40426e,1,84.426407,3.780287,0.151211,0.040000
z_0102_456.000000.png,#42ddf5,4,463.060967,20.734073,0.829363,0.040000
z_0102_456.000000.png,#48e85e,3,113.840620,5.097341,0.203894,0.040000
z_0102_456.000000.png,#4cc7b6,4,60.284271,2.699296,0.107972,0.040000
z_0102_456.000000.png,#61965c,3,275.078210,12.316935,0.492677,0.040000
z_0102_456.000000.png,#74a865,3,193.137085,8.647929,0.345917,0.040000
z_0102_456.000000.png,#774d47,4,158.610173,7.101948,0.284078,0.040000
z_0102_456.000000.png,#7a0474,3,72.526912,3.247474,0.129899,0.040000
z_0102_456.000000.png,#7b92a8,5,266.693434,11.941497,0.477660,0.040000
z_0102_456.000000.png,#820079,2,67.941125,3.042140,0.121686,0.040000
z_0102_456.000000.png,#88bbd1,5,197.480231,8.842398,0.353696,0.040000
z_0102_456.000000.png,#8f82c4,6,195.823376,8.768211,0.350728,0.040000
z_0102_456.000000.png,#91ff78,14,740.180808,33.142424,1.325697,0.040000
z_0102_456.000000.png,#96645c,8,332.977705,14.909449,0.596378,0.040000
z_0102_456.000000.png,#9ed3de,5,384.475180,17.215307,0.688612,0.040000
z_0102_456.000000.png,#b2a0fa,3,90.426407,4.048944,0.161958,0.040000
z_0102_456.000000.png,#bbb477,6,306.149278,13.708177,0.548327,0.040000
z_0102_456.000000.png,#c4809c,3,115.740115,5.182393,0.207296,0.040000
z_0102_456.000000.png,#ccebb2,19,1069.300649,47.879134,1.915165,0.040000
z_0102_456.000000.png,#cfcb80,2,60.769553,2.721025,0.108841,0.040000
z_0102_456.000000.png,#d0dba7,6,304.433550,13.631353,0.545254,0.040000
z_0102_456.000000.png,#d8e3a8,2,71.112698,3.184151,0.127366,0.040000
z_0102_456.000000.png,#f2cabf,6,374.877200,16.785546,0.671422,0.040000
z_0102_456.000000.png,#ff270f,5,353.404112,15.824065,0.632963,0.040000
z_0102_456.000000.png,#ff61e7,2,106.083261,4.749997,0.190000,0.040000
z_0102_456.000000.png,#ff6ee9,28,1508.101731,67.526943,2.701078,0.040000
z_0102_456.000000.png,#ff73a1,3,146.225397,6.547406,0.261896,0.040000
z_0102_456.000000.png,#ffbe78,13,439.445743,19.676675,0.787067,0.040000
z_0102_456.000000.png,#ffc978,9,396.818326,17.767985,0.710719,0.040000
z_0102_456.000000.png,#ffcdbd,2,79.254834,3.548724,0.141949,0.040000
z_0103_457.000000.png,#04800e,2,151.781746,6.796198,0.271848,0.040000
z_0103_457.000000.png,#0c704f,3,232.208153,10.397380,0.415895,0.040000
z_0103_457.000000.png,#195ba5,9,216.894444,9.711692,0.388468,0.040000
z_0103_457.000000.png,#302e4d,1,29.313708,1.312554,0.052502,0.040000
z_0103_457.000000.png,#3b9c36,2,112.568542,5.040382,0.201615,0.040000
z_0103_457.000000.png,#40426e,1,85.012193,3.806516,0.152261,0.040000
z_0103_457.000000.png,#42ddf5,4,462.232539,20.696979,0.827879,0.040000
z_0103_457.000000.png,#48e85e,3,112.426407,5.034018,0.201361,0.040000
z_0103_457.000000.png,#4cc7b6,4,62.526912,2.799712,0.111988,0.040000
z_0103_457.000000.png,#61965c,3,275.078210,12.316935,0.492677,0.040000
z_0103_457.000000.png,#74a865,3,193.722871,8.674158,0.346966,0.040000
z_0103_457.000000.png,#774d47,4,159.195959,7.128177,0.285127,0.040000
z_0103_457.000000.png,#7a0474,3,73.112698,3.273703,0.130948,0.040000
z_0103_457.000000.png,#7b92a8,5,267.764502,11.989455,0.479578,0.040000
z_0103_457.000000.png,#820079,2,68.526912,3.068369,0.122735,0.040000
z_0103_457.000000.png,#88bbd1,5,196.894444,8.816169,0.352647,0.040000
z_0103_457.000000.png,#8f82c4,6,195.237590,8.741982,0.349679,0.040000
z_0103_457.000000.png,#91ff78,15,741.352380,33.194883,1.327795,0.040000
z_0103_457.000000.png,#96645c,8,331.320851,14.835262,0.593410,0.040000
z_0103_457.000000.png,#9ed3de,4,383.889394,17.189077,0.687563,0.040000
z_0103_457.000000.png,#b2a0fa,3,90.426407,4.048944,0.161958,0.040000
z_0103_457.000000.png,#bbb477,6,306.149278,13.708177,0.548327,0.040000
z_0103_457.000000.png,#c4809c,3,115.154329,5.156164,0.206247,0.040000
z_0103_457.000000.png,#ccebb2,19,1069.886435,47.905363,1.916215,0.040000
z_0103_457.000000.png,#cfcb80,2,60.769553,2.721025,0.108841,0.040000
z_0103_457.000000.png,#d0dba7,6,306.090404,13.705540,0.548222,0.040000
z_0103_457.000000.png,#d8e3a8,2,71.112698,3.184151,0.127366,0.040000
z_0103_457.000000.png,#f2cabf,6,375.705627,16.822640,0.672906,0.040000
z_0103_457.000000.png,#ff270f,5,352.232539,15.771606,0.630864,0.040000
z_0103_457.000000.png,#ff61e7,2,106.911688,4.787091,0.191484,0.040000
z_0103_457.000000.png,#ff6ee9,28,1514.930158,67.832694,2.713308,0.040000
z_0103_457.000000.png,#ff73a1,3,145.396970,6.510312,0.260412,0.040000
z_0103_457.000000.png,#ffbe78,14,441.688384,19.777092,0.791084,0.040000
z_0103_457.000000.png,#ffc978,9,393.989899,17.641339,0.705654,0.040000
z_0103_457.000000.png,#ffcdbd,2,79.254834,3.548724,0.141949,0.040000
z_0104_458.000000.png,#04800e,2,142.024387,6.359301,0.254372,0.040000
z_0104_458.000000.png,#0c704f,3,284.249783,12.727602,0.509104,0.040000
z_0104_458.000000.png,#195ba5,7,171.923882,7.698084,0.307923,0.040000
z_0104_458.000000.png,#302e4d,1,23.313708,1.043897,0.041756,0.040000
z_0104_458.000000.png,#3b9c36,2,104.911688,4.697538,0.187902,0.040000
z_0104_458.000000.png,#40426e,2,90.083261,4.033579,0.161343,0.040000
z_0104_458.000000.png,#42ddf5,6,475.931024,21.310344,0.852414,0.040000
z_0104_458.000000.png,#48e85e,3,133.154329,5.962134,0.238485,0.040000
z_0104_458.000000.png,#4cc7b6,4,74.183766,3.321661,0.132866,0.040000
z_0104_458.000000.png,#61965c,3,266.249783,11.921632,0.476865,0.040000
z_0104_458.000000.png,#74a865,5,190.308658,8.521283,0.340851,0.040000
z_0104_458.000000.png,#774d47,4,170.752309,7.645626,0.305825,0.040000
z_0104_458.000000.png,#7a0474,3,76.183766,3.411213,0.136449,0.040000
z_0104_458.000000.png,#7b92a8,5,269.521861,12.068143,0.482726,0.040000
z_0104_458.000000.png,#820079,1,38.627417,1.729586,0.069183,0.040000
z_0104_458.000000.png,#88bbd1,5,189.823376,8.499554,0.339982,0.040000
z_0104_458.000000.png,#8f82c4,5,177.681241,7.955876,0.318235,0.040000
z_0104_458.000000.png,#91ff78,13,664.724963,29.763804,1.190552,0.040000
z_0104_458.000000.png,#96645c,4,271.865007,12.173060,0.486922,0.040000
z_0104_458.000000.png,#9ed3de,5,380.374675,17.031702,0.681268,0.040000
z_0104_458.000000.png,#b2a0fa,3,84.183766,3.769422,0.150777,0.040000
z_0104_458.000000.png,#bbb477,7,260.936075,11.683705,0.467348,0.040000
z_0104_458.000000.png,#c4809c,3,116.568542,5.219487,0.208779,0.040000
z_0104_458.000000.png,#ccebb2,17,1068.572727,47.846540,1.913862,0.040000
z_0104_458.000000.png,#cfcb80,2,54.870058,2.456868,0.098275,0.040000
z_0104_458.000000.png,#d0dba7,7,298.776695,13.378061,0.535122,0.040000
z_0104_458.000000.png,#d8e3a8,2,63.941125,2.863035,0.114521,0.040000
z_0104_458.000000.png,#f2cabf,5,292.693434,13.105676,0.524227,0.040000
z_0104_458.000000.png,#ff270f,4,308.634560,13.819458,0.552778,0.040000
z_0104_458.000000.png,#ff61e7,2,108.911688,4.876643,0.195066,0.040000
z_0104_458.000000.png,#ff6ee9,24,1338.437734,59.930048,2.397202,0.040000
z_0104_458.000000.png,#ff73a1,3,140.124892,6.274249,0.250970,0.040000
z_0104_458.000000.png,#ffbe78,13,457.688384,20.493510,0.819740,0.040000
z_0104_458.000000.png,#ffc978,9,330.835570,14.813533,0.592541,0.040000
z_0104_458.000000.png,#ffcdbd,2,81.012193,3.627412,0.145096,0.040000
z_0105_459.000000.png,#04800e,2,138.852814,6.217290,0.248692,0.040000
z_0105_459.000000.png,#0c704f,2,304.776695,13.646718,0.545869,0.040000
z_0105_459.000000.png,#195ba5,7,160.610173,7.191500,0.287660,0.040000
z_0105_459.000000.png,#302e4d,1,21.556349,0.965210,0.038608,0.040000
z_0105_459.000000.png,#3b9c36,2,102.911688,4.607986,0.184319,0.040000
z_0105_459.000000.png,#40426e,2,79.012193,3.537859,0.141514,0.040000
z_0105_459.000000.png,#42ddf5,7,462.274170,20.698843,0.827954,0.040000
z_0105_459.000000.png,#48e85e,3,154.225397,6.905615,0.276225,0.040000
z_0105_459.000000.png,#4cc7b6,4,67.941125,3.042140,0.121686,0.040000
z_0105_459.000000.png,#61965c,3,258.835570,11.589652,0.463586,0.040000
z_0105_459.000000.png,#74a865,4,189.480231,8.484189,0.339368,0.040000
z_0105_459.000000.png,#774d47,4,195.480231,8.752846,0.350114,0.040000
z_0105_459.000000.png,#7a0474,3,81.355339,3.642776,0.145711,0.040000
z_0105_459.000000.png,#7b92a8,5,261.036580,11.688205,0.467528,0.040000
z_0105_459.000000.png,#820079,1,35.556349,1.592075,0.063683,0.040000
z_0105_459.000000.png,#88bbd1,3,181.823376,8.141345,0.325654,0.040000
z_0105_459.000000.png,#8f82c4,5,171.438600,7.676355,0.307054,0.040000
z_0105_459.000000.png,#91ff78,14,639.511760,28.634855,1.145394,0.040000
z_0105_459.000000.png,#96645c,4,219.237590,9.816609,0.392664,0.040000
z_0105_459.000000.png,#9ed3de,4,351.161472,15.723648,0.628946,0.040000
z_0105_459.000000.png,#b2a0fa,3,82.426407,3.690735,0.147629,0.040000
z_0105_459.000000.png,#bbb477,7,275.521861,12.336800,0.493472,0.040000
z_0105_459.000000.png,#c4809c,3,118.811183,5.319904,0.212796,0.040000
z_0105_459.000000.png,#ccebb2,17,1086.856998,48.665239,1.946610,0.040000
z_0105_459.000000.png,#cfcb80,2,55.698485,2.493962,0.099758,0.040000
z_0105_459.000000.png,#d0dba7,5,302.977705,13.566166,0.542647,0.040000
z_0105_459.000000.png,#d8e3a8,2,63.355339,2.836806,0.113472,0.040000
z_0105_459.000000.png,#f2cabf,4,222.994949,9.984848,0.399394,0.040000
z_0105_459.000000.png,#ff270f,4,299.220346,13.397926,0.535917,0.040000
z_0105_459.000000.png,#ff61e7,2,110.225397,4.935466,0.197419,0.040000
z_0105_459.000000.png,#ff6ee9,23,1324.094588,59.287817,2.371513,0.040000
z_0105_459.000000.png,#ff73a1,3,136.710678,6.121374,0.244855,0.040000
z_0105_459.000000.png,#ffbe78,12,458.031529,20.508874,0.820355,0.040000
z_0105_459.000000.png,#ffc978,9,304.048773,13.614124,0.544565,0.040000
z_0105_459.000000.png,#ffcdbd,2,77.012193,3.448307,0.137932,0.040000
z_0106_460.000000.png,#04800e,2,139.438600,6.243519,0.249741,0.040000
z_0106_460.000000.png,#0c704f,2,314.776695,14.094479,0.563779,0.040000
z_0106_460.000000.png,#195ba5,7,150.610173,6.743739,0.269750,0.040000
z_0106_460.000000.png,#302e4d,1,22.970563,1.028533,0.041141,0.040000
z_0106_460.000000.png,#3b9c36,2,100.325902,4.492205,0.179688,0.040000
z_0106_460.000000.png,#40426e,2,78.911688,3.533359,0.141334,0.040000
z_0106_460.000000.png,#42ddf5,5,392.333044,17.567151,0.702686,0.040000
z_0106_460.000000.png,#48e85e,3,166.225397,7.442928,0.297717,0.040000
z_0106_460.000000.png,#4cc7b6,4,62.870058,2.815077,0.112603,0.040000
z_0106_460.000000.png,#61965c,3,258.107648,11.557059,0.462282,0.040000
z_0106_460.000000.png,#74a865,5,202.793939,9.080326,0.363213,0.040000
z_0106_460.000000.png,#774d47,3,200.066017,8.958180,0.358327,0.040000
z_0106_460.000000.png,#7a0474,3,79.597980,3.564089,0.142564,0.040000
z_0106_460.000000.png,#7b92a8,5,259.379726,11.614018,0.464561,0.040000
z_0106_460.000000.png,#820079,1,30.970563,1.386742,0.055470,0.040000
z_0106_460.000000.png,#88bbd1,4,186.308658,8.342179,0.333687,0.040000
z_0106_460.000000.png,#8f82c4,5,171.681241,7.687220,0.307489,0.040000
z_0106_460.000000.png,#91ff78,11,572.984848,25.656038,1.026242,0.040000
z_0106_460.000000.png,#96645c,5,188.409163,8.436231,0.337449,0.040000
z_0106_460.000000.png,#9ed3de,3,354.090404,15.854794,0.634192,0.040000
z_0106_460.000000.png,#b2a0fa,3,79.597980,3.564089,0.142564,0.040000
z_0106_460.000000.png,#bbb477,7,283.421356,12.690508,0.507620,0.040000
z_0106_460.000000.png,#c4809c,3,113.982756,5.103705,0.204148,0.040000
z_0106_460.000000.png,#ccebb2,16,1080.129076,48.363988,1.934560,0.040000
z_0106_460.000000.png,#cfcb80,2,54.627417,2.446004,0.097840,0.040000
z_0106_460.000000.png,#d0dba7,5,289.320851,12.954665,0.518187,0.040000
z_0106_460.000000.png,#d8e3a8,3,80.669048,3.612047,0.144482,0.040000
z_0106_460.000000.png,#f2cabf,5,233.622366,10.460703,0.418428,0.040000
z_0106_460.000000.png,#ff270f,4,294.149278,13.170863,0.526835,0.040000
z_0106_460.000000.png,#ff61e7,2,111.982756,5.014153,0.200566,0.040000
z_0106_460.000000.png,#ff6ee9,22,1314.638744,58.864421,2.354577,0.040000
z_0106_460.000000.png,#ff73a1,3,131.053824,5.868082,0.234723,0.040000
z_0106_460.000000.png,#ffbe78,12,483.244733,21.637824,0.865513,0.040000
z_0106_460.000000.png,#ffc978,7,282.149278,12.633550,0.505342,0.040000
z_0106_460.000000.png,#ffcdbd,2,70.669048,3.164286,0.126571,0.040000
z_0107_461.000000.png,#04800e,2,134.953319,6.042686,0.241707,0.040000
z_0107_461.000000.png,#0c704f,2,315.019336,14.105343,0.564214,0.040000
z_0107_461.000000.png,#195ba5,7,143.195959,6.411759,0.256470,0.040000
z_0107_461.000000.png,#302e4d,1,21.556349,0.965210,0.038608,0.040000
z_0107_461.000000.png,#3b9c36,2,94.911688,4.249777,0.169991,0.040000
z_0107_461.000000.png,#40426e,2,70.083261,3.138056,0.125522,0.040000
z_0107_461.000000.png,#42ddf5,5,358.877200,16.069128,0.642765,0.040000
z_0107_461.000000.png,#48e85e,2,170.953319,7.654626,0.306185,0.040000
z_0107_461.000000.png,#4cc7b6,4,60.041631,2.688431,0.107537,0.040000
z_0107_461.000000.png,#61965c,3,262.107648,11.736163,0.469447,0.040000
z_0107_461.000000.png,#74a865,3,223.865007,10.023806,0.400952,0.040000
z_0107_461.000000.png,#774d47,3,187.823376,8.410002,0.336400,0.040000
z_0107_461.000000.png,#7a0474,3,79.355339,3.553224,0.142129,0.040000
z_0107_461.000000.png,#7b92a8,5,258.693434,11.583288,0.463332,0.040000
z_0107_461.000000.png,#820079,1,27.313708,1.223002,0.048920,0.040000
z_0107_461.000000.png,#88bbd1,3,194.894444,8.726617,0.349065,0.040000
z_0107_461.000000.png,#8f82c4,5,169.095454,7.571438,0.302858,0.040000
z_0107_461.000000.png,#91ff78,11,556.600072,24.922391,0.996896,0.040000
z_0107_461.000000.png,#96645c,3,122.468037,5.483643,0.219346,0.040000
z_0107_461.000000.png,#9ed3de,3,348.575685,15.607867,0.624315,0.040000
z_0107_461.000000.png,#b2a0fa,3,71.597980,3.205880,0.128235,0.040000
z_0107_461.000000.png,#bbb477,8,275.178716,12.321435,0.492857,0.040000
z_0107_461.000000.png,#c4809c,3,114.911688,5.145299,0.205812,0.040000
z_0107_461.000000.png,#ccebb2,16,1062.815367,47.588748,1.903550,0.040000
z_0107_461.000000.png,#cfcb80,2,72.426407,3.242973,0.129719,0.040000
z_0107_461.000000.png,#d0dba7,5,290.977705,13.028852,0.521154,0.040000
z_0107_461.000000.png,#d8e3a8,3,86.083261,3.854474,0.154179,0.040000
z_0107_461.000000.png,#f2cabf,5,230.308658,10.312328,0.412493,0.040000
z_0107_461.000000.png,#ff270f,4,287.563492,12.875977,0.515039,0.040000
z_0107_461.000000.png,#ff61e7,2,130.225397,5.830988,0.233240,0.040000
z_0107_461.000000.png,#ff6ee9,23,1374.964646,61.565581,2.462623,0.040000
z_0107_461.000000.png,#ff73a1,3,125.396970,5.614790,0.224592,0.040000
z_0107_461.000000.png,#ffbe78,12,481.587878,21.563636,0.862545,0.040000
z_0107_461.000000.png,#ffc978,7,274.007143,12.268977,0.490759,0.040000
z_0107_461.000000.png,#ffcdbd,2,64.526912,2.889265,0.115571,0.040000
z_0108_462.000000.png,#04800e,2,133.539105,5.979363,0.239175,0.040000
z_0108_462.000000.png,#0c704f,2,330.918831,14.817261,0.592690,0.040000
z_0108_462.000000.png,#195ba5,7,121.296465,5.431185,0.217247,0.040000
z_0108_462.000000.png,#302e4d,1,22.142136,0.991439,0.039658,0.040000
z_0108_462.000000.png,#3b9c36,2,92.426407,4.138496,0.165540,0.040000
z_0108_462.000000.png,#40426e,2,58.769553,2.631473,0.105259,0.040000
z_0108_462.000000.png,#42ddf5,5,365.362482,16.359514,0.654381,0.040000
z_0108_462.000000.png,#48e85e,2,174.024387,7.792137,0.311685,0.040000
z_0108_462.000000.png,#4cc7b6,4,57.213203,2.561785,0.102471,0.040000
z_0108_462.000000.png,#61965c,3,242.450793,10.856006,0.434240,0.040000
z_0108_462.000000.png,#74a865,3,241.421356,10.809911,0.432396,0.040000
z_0108_462.000000.png,#774d47,3,175.823376,7.872688,0.314908,0.040000
z_0108_462.000000.png,#7a0474,3,81.355339,3.642776,0.145711,0.040000
z_0108_462.000000.png,#7b92a8,5,256.107648,11.467507,0.458700,0.040000
z_0108_462.000000.png,#820079,2,58.526912,2.620608,0.104824,0.040000
z_0108_462.000000.png,#88bbd1,3,203.722871,9.121920,0.364877,0.040000
z_0108_462.000000.png,#8f82c4,5,179.923882,8.056293,0.322252,0.040000
z_0108_462.000000.png,#91ff78,10,552.014285,24.717058,0.988682,0.040000
z_0108_462.000000.png,#96645c,3,82.183766,3.679870,0.147195,0.040000
z_0108_462.000000.png,#9ed3de,3,349.989899,15.671189,0.626848,0.040000
z_0108_462.000000.png,#b2a0fa,3,71.840620,3.216744,0.128670,0.040000
z_0108_462.000000.png,#bbb477,10,295.663997,13.238686,0.529547,0.040000
z_0108_462.000000.png,#c4809c,3,110.669048,4.955330,0.198213,0.040000
z_0108_462.000000.png,#ccebb2,18,1080.028571,48.359488,1.934380,0.040000
z_0108_462.000000.png,#cfcb80,2,79.497475,3.559588,0.142384,0.040000
z_0108_462.000000.png,#d0dba7,5,307.806133,13.782364,0.551295,0.040000
z_0108_462.000000.png,#d8e3a8,3,86.911688,3.891568,0.155663,0.040000
z_0108_462.000000.png,#f2cabf,5,229.036580,10.255369,0.410215,0.040000
z_0108_462.000000.png,#ff270f,4,281.806133,12.618185,0.504727,0.040000
z_0108_462.000000.png,#ff61e7,2,142.124892,6.363801,0.254552,0.040000
z_0108_462.000000.png,#ff6ee9,25,1390.319985,62.253134,2.490125,0.040000
z_0108_462.000000.png,#ff73a1,3,124.325902,5.566831,0.222673,0.040000
z_0108_462.000000.png,#ffbe78,12,489.688384,21.926346,0.877054,0.040000
z_0108_462.000000.png,#ffc978,7,270.936075,12.131466,0.485259,0.040000
z_0108_462.000000.png,#ffcdbd,2,58.284271,2.609743,0.104390,0.040000
z_0109_463.000000.png,#04800e,2,137.539105,6.158467,0.246339,0.040000
z_0109_463.000000.png,#0c704f,2,321.605122,14.400229,0.576009,0.040000
z_0109_463.000000.png,#195ba5,6,91.497475,4.096902,0.163876,0.040000
z_0109_463.000000.png,#302e4d,1,24.727922,1.107220,0.044289,0.040000
z_0109_463.000000.png,#3b9c36,2,92.669048,4.149360,0.165974,0.040000
z_0109_463.000000.png,#40426e,2,44.041631,1.972013,0.078881,0.040000
z_0109_463.000000.png,#42ddf5,7,334.634560,14.983637,0.599345,0.040000
z_0109_463.000000.png,#48e85e,3,184.166522,8.246262,0.329850,0.040000
z_0109_463.000000.png,#4cc7b6,4,57.112698,2.557285,0.102291,0.040000
z_0109_463.000000.png,#61965c,3,238.793939,10.692266,0.427691,0.040000
z_0109_463.000000.png,#74a865,3,256.835570,11.500100,0.460004,0.040000
z_0109_463.000000.png,#774d47,3,165.095454,7.392334,0.295693,0.040000
z_0109_463.000000.png,#7a0474,3,82.426407,3.690735,0.147629,0.040000
z_0109_463.000000.png,#7b92a8,5,259.865007,11.635747,0.465430,0.040000
z_0109_463.000000.png,#820079,2,64.769553,2.900129,0.116005,0.040000
z_0109_463.000000.png,#88bbd1,3,203.480231,9.111055,0.364442,0.040000
z_0109_463.000000.png,#8f82c4,5,182.752309,8.182939,0.327318,0.040000
z_0109_463.000000.png,#91ff78,10,570.742207,25.555621,1.022225,0.040000
z_0109_463.000000.png,#96645c,2,61.112698,2.736389,0.109456,0.040000
z_0109_463.000000.png,#9ed3de,3,341.747258,15.302116,0.612085,0.040000
z_0109_463.000000.png,#b2a0fa,3,66.769553,2.989681,0.119587,0.040000
z_0109_463.000000.png,#bbb477,9,305.320851,13.671083,0.546843,0.040000
z_0109_463.000000.png,#c4809c,3,110.325902,4.939966,0.197599,0.040000
z_0109_463.000000.png,#ccebb2,17,1084.472222,48.558458,1.942338,0.040000
z_0109_463.000000.png,#cfcb80,2,87.740115,3.928662,0.157146,0.040000
z_0109_463.000000.png,#d0dba7,5,315.261977,14.116208,0.564648,0.040000
z_0109_463.000000.png,#d8e3a8,3,89.497475,4.007350,0.160294,0.040000
z_0109_463.000000.png,#f2cabf,6,255.178716,11.425913,0.457037,0.040000
z_0109_463.000000.png,#ff270f,4,289.462987,12.961029,0.518441,0.040000
z_0109_463.000000.png,#ff61e7,2,142.710678,6.390030,0.255601,0.040000
z_0109_463.000000.png,#ff6ee9,22,1366.520995,61.187507,2.447500,0.040000
z_0109_463.000000.png,#ff73a1,4,136.568542,6.115009,0.244600,0.040000
z_0109_463.000000.png,#ffbe78,11,469.688384,21.030823,0.841233,0.040000
z_0109_463.000000.png,#ffc978,7,264.693434,11.851945,0.474078,0.040000
z_0109_463.000000.png,#ffcdbd,2,54.041631,2.419775,0.096791,0.040000
z_0110_464.000000.png,#04800e,2,138.710678,6.210926,0.248437,0.040000
z_0110_464.000000.png,#0c704f,4,330.676190,14.806397,0.592256,0.040000
z_0110_464.000000.png,#195ba5,5,81.597980,3.653641,0.146146,0.040000
z_0110_464.000000.png,#302e4d,1,26.970563,1.207637,0.048305,0.040000
z_0110_464.000000.png,#3b9c36,2,91.740115,4.107766,0.164311,0.040000
z_0110_464.000000.png,#40426e,2,40.627417,1.819138,0.072766,0.040000
z_0110_464.000000.png,#42ddf5,5,335.362482,15.016231,0.600649,0.040000
z_0110_464.000000.png,#48e85e,4,196.994949,8.820669,0.352827,0.040000
z_0110_464.000000.png,#4cc7b6,4,50.627417,2.266899,0.090676,0.040000
z_0110_464.000000.png,#61965c,4,246.007143,11.015245,0.440610,0.040000
z_0110_464.000000.png,#74a865,3,266.735065,11.943361,0.477734,0.040000
z_0110_464.000000.png,#774d47,3,149.781746,6.706645,0.268266,0.040000
z_0110_464.000000.png,#7a0474,3,81.355339,3.642776,0.145711,0.040000
z_0110_464.000000.png,#7b92a8,5,263.036580,11.777757,0.471110,0.040000
z_0110_464.000000.png,#820079,2,65.112698,2.915494,0.116620,0.040000
z_0110_464.000000.png,#88bbd1,4,200.994949,8.999774,0.359991,0.040000
z_0110_464.000000.png,#8f82c4,5,184.509668,8.261627,0.330465,0.040000
z_0110_464.000000.png,#91ff78,12,565.671140,25.328558,1.013142,0.040000
z_0110_464.000000.png,#96645c,2,59.698485,2.673066,0.106923,0.040000
z_0110_464.000000.png,#9ed3de,3,324.575685,14.533240,0.581330,0.040000
z_0110_464.000000.png,#b2a0fa,2,58.526912,2.620608,0.104824,0.040000
z_0110_464.000000.png,#bbb477,10,340.776695,15.258658,0.610346,0.040000
z_0110_464.000000.png,#c4809c,3,103.497475,4.634215,0.185369,0.040000
z_0110_464.000000.png,#ccebb2,16,1105.442784,49.497438,1.979898,0.040000
z_0110_464.000000.png,#cfcb80,2,91.740115,4.107766,0.164311,0.040000
z_0110_464.000000.png,#d0dba7,6,308.291414,13.804093,0.552164,0.040000
z_0110_464.000000.png,#d8e3a8,3,86.669048,3.880704,0.155228,0.040000
z_0110_464.000000.png,#f2cabf,6,255.764502,11.452142,0.458086,0.040000
z_0110_464.000000.png,#ff270f,4,302.877200,13.561666,0.542467,0.040000
z_0110_464.000000.png,#ff61e7,2,150.610173,6.743739,0.269750,0.040000
z_0110_464.000000.png,#ff6ee9,23,1418.077344,63.496000,2.539840,0.040000
z_0110_464.000000.png,#ff73a1,4,141.053824,6.315843,0.252634,0.040000
z_0110_464.000000.png,#ffbe78,11,457.931024,20.504374,0.820175,0.040000
z_0110_464.000000.png,#ffc978,7,278.107648,12.452581,0.498103,0.040000
z_0110_464.000000.png,#ffcdbd,2,50.870058,2.277764,0.091111,0.040000
z_0111_465.000000.png,#04800e,2,136.710678,6.121374,0.244855,0.040000
z_0111_465.000000.png,#0c704f,6,346.575685,15.518314,0.620733,0.040000
z_0111_465.000000.png,#195ba5,5,86.669048,3.880704,0.155228,0.040000
z_0111_465.000000.png,#302e4d,1,29.556349,1.323419,0.052937,0.040000
z_0111_465.000000.png,#3b9c36,2,90.911688,4.070673,0.162827,0.040000
z_0111_465.000000.png,#40426e,2,44.627417,1.998243,0.079930,0.040000
z_0111_465.000000.png,#42ddf5,6,310.391919,13.898146,0.555926,0.040000
z_0111_465.000000.png,#48e85e,4,184.166522,8.246262,0.329850,0.040000
z_0111_465.000000.png,#4cc7b6,5,58.041631,2.598879,0.103955,0.040000
z_0111_465.000000.png,#61965c,4,275.178716,12.321435,0.492857,0.040000
z_0111_465.000000.png,#74a865,3,280.634560,12.565727,0.502629,0.040000
z_0111_465.000000.png,#774d47,3,143.539105,6.427124,0.257085,0.040000
z_0111_465.000000.png,#7a0474,3,81.840620,3.664505,0.146580,0.040000
z_0111_465.000000.png,#7b92a8,5,270.350288,12.105237,0.484209,0.040000
z_0111_465.000000.png,#820079,2,68.769553,3.079234,0.123169,0.040000
z_0111_465.000000.png,#88bbd1,4,189.338095,8.477825,0.339113,0.040000
z_0111_465.000000.png,#8f82c4,5,186.409163,8.346679,0.333867,0.040000
z_0111_465.000000.png,#91ff78,13,576.984848,25.835142,1.033406,0.040000
z_0111_465.000000.png,#96645c,2,60.526912,2.710160,0.108406,0.040000
z_0111_465.000000.png,#9ed3de,3,302.433550,13.541801,0.541672,0.040000
z_0111_465.000000.png,#b2a0fa,2,54.627417,2.446004,0.097840,0.040000
z_0111_465.000000.png,#bbb477,12,461.931024,20.683479,0.827339,0.040000
z_0111_465.000000.png,#c4809c,3,97.840620,4.380923,0.175237,0.040000
z_0111_465.000000.png,#ccebb2,14,1089.058008,48.763791,1.950552,0.040000
z_0111_465.000000.png,#cfcb80,3,142.953319,6.400895,0.256036,0.040000
z_0111_465.000000.png,#d0dba7,7,278.149278,12.454445,0.498178,0.040000
z_0111_465.000000.png,#d8e3a8,3,90.669048,4.059808,0.162392,0.040000
z_0111_465.000000.png,#f2cabf,6,259.178716,11.605017,0.464201,0.040000
z_0111_465.000000.png,#ff270f,4,312.190909,13.978697,0.559148,0.040000
z_0111_465.000000.png,#ff61e7,2,146.953319,6.579999,0.263200,0.040000
z_0111_465.000000.png,#ff6ee9,23,1428.805266,63.976355,2.559054,0.040000
z_0111_465.000000.png,#ff73a1,4,148.710678,6.658687,0.266347,0.040000
z_0111_465.000000.png,#ffbe78,10,443.688384,19.866644,0.794666,0.040000
z_0111_465.000000.png,#ffc978,6,291.320851,13.044217,0.521769,0.040000
z_0111_465.000000.png,#ffcdbd,2,46.870058,2.098659,0.083946,0.040000
z_0112_466.000000.png,#04800e,2,137.195959,6.143103,0.245724,0.040000
z_0112_466.000000.png,#0c704f,3,279.320851,12.506904,0.500276,0.040000
z_0112_466.000000.png,#195ba5,6,111.497475,4.992424,0.199697,0.040000
z_0112_466.000000.png,#302e4d,1,31.556349,1.412971,0.056519,0.040000
z_0112_466.000000.png,#3b9c36,2,88.911688,3.981120,0.159245,0.040000
z_0112_466.000000.png,#40426e,2,41.798990,1.871597,0.074864,0.040000
z_0112_466.000000.png,#42ddf5,4,289.865007,12.979030,0.519161,0.040000
z_0112_466.000000.png,#48e85e,4,188.166522,8.425367,0.337015,0.040000
z_0112_466.000000.png,#4cc7b6,3,38.970563,1.744951,0.069798,0.040000
z_0112_466.000000.png,#61965c,4,256.793939,11.498236,0.459929,0.040000
z_0112_466.000000.png,#74a865,3,288.291414,12.908571,0.516343,0.040000
z_0112_466.000000.png,#774d47,3,134.468037,6.020957,0.240838,0.040000
z_0112_466.000000.png,#7a0474,3,82.669048,3.701599,0.148064,0.040000
z_0112_466.000000.png,#7b92a8,5,275.906638,12.354029,0.494161,0.040000
z_0112_466.000000.png,#820079,2,71.254834,3.190515,0.127621,0.040000
z_0112_466.000000.png,#88bbd1,4,185.781746,8.318586,0.332743,0.040000
z_0112_466.000000.png,#8f82c4,5,184.409163,8.257127,0.330285,0.040000
z_0112_466.000000.png,#91ff78,13,558.499567,25.007443,1.000298,0.040000
z_0112_466.000000.png,#96645c,2,62.526912,2.799712,0.111988,0.040000
z_0112_466.000000.png,#9ed3de,2,308.534055,13.814958,0.552598,0.040000
z_0112_466.000000.png,#b2a0fa,2,54.627417,2.446004,0.097840,0.040000
z_0112_466.000000.png,#bbb477,16,418.132034,18.722330,0.748893,0.040000
z_0112_466.000000.png,#c4809c,3,98.325902,4.402652,0.176106,0.040000
z_0112_466.000000.png,#ccebb2,14,1121.827561,50.231085,2.009243,0.040000
z_0112_466.000000.png,#cfcb80,3,175.195959,7.844595,0.313784,0.040000
z_0112_466.000000.png,#d0dba7,7,236.450793,10.587349,0.423494,0.040000
z_0112_466.000000.png,#d8e3a8,3,87.254834,3.906933,0.156277,0.040000
z_0112_466.000000.png,#f2cabf,6,319.563492,14.308813,0.572353,0.040000
z_0112_466.000000.png,#ff270f,3,324.433550,14.526875,0.581075,0.040000
z_0112_466.000000.png,#ff61e7,2,143.296465,6.416260,0.256650,0.040000
z_0112_466.000000.png,#ff6ee9,25,1375.148412,61.573809,2.462952,0.040000
z_0112_466.000000.png,#ff73a1,4,152.953319,6.848656,0.273946,0.040000
z_0112_466.000000.png,#ffbe78,10,421.989899,18.895070,0.755803,0.040000
z_0112_466.000000.png,#ffc978,6,298.835570,13.380697,0.535228,0.040000
z_0112_466.000000.png,#ffcdbd,2,39.455844,1.766680,0.070667,0.040000
z_0113_467.000000.png,#04800e,2,134.953319,6.042686,0.241707,0.040000
z_0113_467.000000.png,#0c704f,5,221.480231,9.917025,0.396681,0.040000
z_0113_467.000000.png,#195ba5,6,139.639610,6.252520,0.250101,0.040000
z_0113_467.000000.png,#302e4d,1,29.556349,1.323419,0.052937,0.040000
z_0113_467.000000.png,#3b9c36,2,90.568542,4.055308,0.162212,0.040000
z_0113_467.000000.png,#40426e,2,40.142136,1.797409,0.071896,0.040000
z_0113_467.000000.png,#42ddf5,4,296.007143,13.254051,0.530162,0.040000
z_0113_467.000000.png,#48e85e,4,191.237590,8.562877,0.342515,0.040000
z_0113_467.000000.png,#4cc7b6,2,18.485281,0.827699,0.033108,0.040000
z_0113_467.000000.png,#61965c,4,254.793939,11.408684,0.456347,0.040000
z_0113_467.000000.png,#74a865,3,315.605122,14.131573,0.565263,0.040000
z_0113_467.000000.png,#774d47,2,119.982756,5.372362,0.214894,0.040000
z_0113_467.000000.png,#7a0474,3,83.012193,3.716964,0.148679,0.040000
z_0113_467.000000.png,#7b92a8,6,290.977705,13.028852,0.521154,0.040000
z_0113_467.000000.png,#820079,2,77.254834,3.459172,0.138367,0.040000
z_0113_467.000000.png,#88bbd1,5,197.923882,8.862263,0.354491,0.040000
z_0113_467.000000.png,#8f82c4,5,177.681241,7.955876,0.318235,0.040000
z_0113_467.000000.png,#91ff78,12,544.742207,24.391442,0.975658,0.040000
z_0113_467.000000.png,#96645c,2,66.769553,2.989681,0.119587,0.040000
z_0113_467.000000.png,#9ed3de,2,261.320851,11.700934,0.468037,0.040000
z_0113_467.000000.png,#b2a0fa,2,58.627417,2.625108,0.105004,0.040000
z_0113_467.000000.png,#bbb477,11,365.019336,16.344149,0.653766,0.040000
z_0113_467.000000.png,#c4809c,3,97.254834,4.354694,0.174188,0.040000
z_0113_467.000000.png,#ccebb2,16,1161.668181,52.014993,2.080600,0.040000
z_0113_467.000000.png,#cfcb80,3,205.338095,9.194243,0.367770,0.040000
z_0113_467.000000.png,#d0dba7,7,218.894444,9.801244,0.392050,0.040000
z_0113_467.000000.png,#d8e3a8,3,87.840620,3.933162,0.157326,0.040000
z_0113_467.000000.png,#f2cabf,5,294.007143,13.164499,0.526580,0.040000
z_0113_467.000000.png,#ff270f,3,317.948268,14.236490,0.569460,0.040000
z_0113_467.000000.png,#ff61e7,2,140.367532,6.285113,0.251405,0.040000
z_0113_467.000000.png,#ff6ee9,27,1320.964646,59.147671,2.365907,0.040000
z_0113_467.000000.png,#ff73a1,4,158.367532,7.091084,0.283643,0.040000
z_0113_467.000000.png,#ffbe78,12,486.759451,21.795199,0.871808,0.040000
z_0113_467.000000.png,#ffc978,7,329.705627,14.762939,0.590518,0.040000
z_0113_467.000000.png,#ffcdbd,2,40.384776,1.808274,0.072331,0.040000
z_0114_468.000000.png,#04800e,2,130.124892,5.826488,0.233060,0.040000
z_0114_468.000000.png,#0c704f,2,175.681241,7.866324,0.314653,0.040000
z_0114_468.000000.png,#195ba5,5,148.367532,6.643322,0.265733,0.040000
z_0114_468.000000.png,#302e4d,1,27.556349,1.233866,0.049355,0.040000
z_0114_468.000000.png,#3b9c36,2,92.568542,4.144860,0.165794,0.040000
z_0114_468.000000.png,#40426e,2,43.798990,1.961149,0.078446,0.040000
z_0114_468.000000.png,#42ddf5,5,295.906638,13.249551,0.529982,0.040000
z_0114_468.000000.png,#48e85e,4,191.480231,8.573742,0.342950,0.040000
z_0114_468.000000.png,#4cc7b6,3,25.556349,1.144314,0.045773,0.040000
z_0114_468.000000.png,#61965c,4,258.208153,11.561559,0.462462,0.040000
z_0114_468.000000.png,#74a865,2,351.747258,15.749877,0.629995,0.040000
z_0114_468.000000.png,#774d47,2,117.639610,5.267445,0.210698,0.040000
z_0114_468.000000.png,#7a0474,3,80.183766,3.590318,0.143613,0.040000
z_0114_468.000000.png,#7b92a8,6,294.391919,13.181728,0.527269,0.040000
z_0114_468.000000.png,#820079,3,92.325902,4.133996,0.165360,0.040000
z_0114_468.000000.png,#88bbd1,5,208.651804,9.342618,0.373705,0.040000
z_0114_468.000000.png,#8f82c4,5,165.681241,7.418563,0.296743,0.040000
z_0114_468.000000.png,#91ff78,12,540.842712,24.216838,0.968674,0.040000
z_0114_468.000000.png,#96645c,2,69.597980,3.116327,0.124653,0.040000
z_0114_468.000000.png,#9ed3de,1,243.078210,10.884099,0.435364,0.040000
z_0114_468.000000.png,#b2a0fa,2,60.284271,2.699296,0.107972,0.040000
z_0114_468.000000.png,#bbb477,9,377.989899,16.924921,0.676997,0.040000
z_0114_468.000000.png,#c4809c,3,102.325902,4.581757,0.183270,0.040000
z_0114_468.000000.png,#ccebb2,17,1115.040764,49.927198,1.997088,0.040000
z_0114_468.000000.png,#cfcb80,3,222.994949,9.984848,0.399394,0.040000
z_0114_468.000000.png,#d0dba7,7,196.894444,8.816169,0.352647,0.040000
z_0114_468.000000.png,#d8e3a8,3,90.083261,4.033579,0.161343,0.040000
z_0114_468.000000.png,#f2cabf,5,315.421356,14.123344,0.564934,0.040000
z_0114_468.000000.png,#ff270f,3,311.019336,13.926239,0.557050,0.040000
z_0114_468.000000.png,#ff61e7,2,142.367532,6.374666,0.254987,0.040000
z_0114_468.000000.png,#ff6ee9,30,1278.437734,57.243481,2.289739,0.040000
z_0114_468.000000.png,#ff73a1,4,159.195959,7.128177,0.285127,0.040000
z_0114_468.000000.png,#ffbe78,11,492.173665,22.037627,0.881505,0.040000
z_0114_468.000000.png,#ffc978,5,337.948268,15.132012,0.605280,0.040000
z_0114_468.000000.png,#ffcdbd,2,37.313708,1.670763,0.066831,0.040000
z_0115_469.000000.png,#04800e,2,128.953319,5.774029,0.230961,0.040000
z_0115_469.000000.png,#0c704f,2,174.267027,7.803001,0.312120,0.040000
z_0115_469.000000.png,#195ba5,5,156.024387,6.986167,0.279447,0.040000
z_0115_469.000000.png,#302e4d,1,25.556349,1.144314,0.045773,0.040000
z_0115_469.000000.png,#3b9c36,2,94.325902,4.223548,0.168942,0.040000
z_0115_469.000000.png,#40426e,2,42.627417,1.908690,0.076348,0.040000
z_0115_469.000000.png,#42ddf5,5,292.007143,13.074947,0.522998,0.040000
z_0115_469.000000.png,#48e85e,4,203.137085,9.095690,0.363828,0.040000
z_0115_469.000000.png,#4cc7b6,3,33.556349,1.502523,0.060101,0.040000
z_0115_469.000000.png,#61965c,4,252.450793,11.303767,0.452151,0.040000
z_0115_469.000000.png,#74a865,3,350.676190,15.701919,0.628077,0.040000
z_0115_469.000000.png,#774d47,2,118.225397,5.293674,0.211747,0.040000
z_0115_469.000000.png,#7a0474,3,83.597980,3.743193,0.149728,0.040000
z_0115_469.000000.png,#7b92a8,6,292.149278,13.081311,0.523252,0.040000
z_0115_469.000000.png,#820079,2,126.124892,5.647383,0.225895,0.040000
z_0115_469.000000.png,#88bbd1,4,220.793939,9.886296,0.395452,0.040000
z_0115_469.000000.png,#8f82c4,5,170.066017,7.614896,0.304596,0.040000
z_0115_469.000000.png,#91ff78,12,549.428499,24.601276,0.984051,0.040000
z_0115_469.000000.png,#96645c,2,77.012193,3.448307,0.137932,0.040000
z_0115_469.000000.png,#9ed3de,1,239.663997,10.731224,0.429249,0.040000
z_0115_469.000000.png,#b2a0fa,2,65.698485,2.941723,0.117669,0.040000
z_0115_469.000000.png,#bbb477,8,360.291414,16.132451,0.645298,0.040000
z_0115_469.000000.png,#c4809c,3,103.740115,4.645080,0.185803,0.040000
z_0115_469.000000.png,#ccebb2,15,1083.040764,48.494363,1.939775,0.040000
z_0115_469.000000.png,#cfcb80,4,241.137085,10.797183,0.431887,0.040000
z_0115_469.000000.png,#d0dba7,7,197.580736,8.846899,0.353876,0.040000
z_0115_469.000000.png,#d8e3a8,3,98.083261,4.391788,0.175672,0.040000
z_0115_469.000000.png,#f2cabf,6,320.249783,14.339543,0.573582,0.040000
z_0115_469.000000.png,#ff270f,3,288.291414,12.908571,0.516343,0.040000
z_0115_469.000000.png,#ff61e7,2,140.367532,6.285113,0.251405,0.040000
z_0115_469.000000.png,#ff6ee9,27,1331.692568,59.628025,2.385121,0.040000
z_0115_469.000000.png,#ff73a1,4,167.781746,7.512615,0.300505,0.040000
z_0115_469.000000.png,#ffbe78,10,514.658946,23.044430,0.921777,0.040000
z_0115_469.000000.png,#ffc978,5,332.634560,14.894085,0.595763,0.040000
z_0115_469.000000.png,#ffcdbd,2,40.970563,1.834503,0.073380,0.040000
z_0116_470.000000.png,#04800e,2,121.053824,5.420320,0.216813,0.040000
z_0116_470.000000.png,#0c704f,3,197.237590,8.831534,0.353261,0.040000
z_0116_470.000000.png,#195ba5,5,177.781746,7.960377,0.318415,0.040000
z_0116_470.000000.png,#302e4d,1,23.313708,1.043897,0.041756,0.040000
z_0116_470.000000.png,#3b9c36,3,116.811183,5.230351,0.209214,0.040000
z_0116_470.000000.png,#40426e,2,41.213203,1.845367,0.073815,0.040000
z_0116_470.000000.png,#42ddf5,6,257.722871,11.539830,0.461593,0.040000
z_0116_470.000000.png,#48e85e,5,207.480231,9.290160,0.371606,0.040000
z_0116_470.000000.png,#4cc7b6,3,38.041631,1.703357,0.068134,0.040000
z_0116_470.000000.png,#61965c,4,258.693434,11.583288,0.463332,0.040000
z_0116_470.000000.png,#74a865,4,335.948268,15.042460,0.601698,0.040000
z_0116_470.000000.png,#774d47,2,112.325902,5.029518,0.201181,0.040000
z_0116_470.000000.png,#7a0474,3,80.426407,3.601182,0.144047,0.040000
z_0116_470.000000.png,#7b92a8,6,298.977705,13.387061,0.535482,0.040000
z_0116_470.000000.png,#820079,2,134.953319,6.042686,0.241707,0.040000
z_0116_470.000000.png,#88bbd1,5,244.551299,10.950058,0.438002,0.040000
z_0116_470.000000.png,#8f82c4,5,167.095454,7.481886,0.299275,0.040000
z_0116_470.000000.png,#91ff78,12,555.671140,24.880797,0.995232,0.040000
z_0116_470.000000.png,#96645c,2,81.254834,3.638276,0.145531,0.040000
z_0116_470.000000.png,#9ed3de,1,235.663997,10.552119,0.422085,0.040000
z_0116_470.000000.png,#b2a0fa,2,64.284271,2.878400,0.115136,0.040000
z_0116_470.000000.png,#bbb477,7,314.007143,14.060021,0.562401,0.040000
z_0116_470.000000.png,#c4809c,3,103.254834,4.623351,0.184934,0.040000
z_0116_470.000000.png,#ccebb2,15,1045.827561,46.828100,1.873124,0.040000
z_0116_470.000000.png,#cfcb80,3,254.793939,11.408684,0.456347,0.040000
z_0116_470.000000.png,#d0dba7,7,185.338095,8.298721,0.331949,0.040000
z_0116_470.000000.png,#d8e3a8,3,103.053824,4.614350,0.184574,0.040000
z_0116_470.000000.png,#f2cabf,5,309.521861,13.859188,0.554368,0.040000
z_0116_470.000000.png,#ff270f,3,276.492424,12.380258,0.495210,0.040000
z_0116_470.000000.png,#ff61e7,2,138.124892,6.184697,0.247388,0.040000
z_0116_470.000000.png,#ff6ee9,26,1389.391052,62.211540,2.488462,0.040000
z_0116_470.000000.png,#ff73a1,4,170.267027,7.623897,0.304956,0.040000
z_0116_470.000000.png,#ffbe78,10,536.943218,24.042234,0.961689,0.040000
z_0116_470.000000.png,#ffc978,6,335.705627,15.031595,0.601264,0.040000
z_0116_470.000000.png,#ffcdbd,2,42.384776,1.897826,0.075913,0.040000
z_0117_471.000000.png,#04800e,2,102.325902,4.581757,0.183270,0.040000
z_0117_471.000000.png,#0c704f,3,216.208153,9.680962,0.387238,0.040000
z_0117_471.000000.png,#195ba5,5,187.338095,8.388273,0.335531,0.040000
z_0117_471.000000.png,#302e4d,1,23.313708,1.043897,0.041756,0.040000
z_0117_471.000000.png,#3b9c36,3,136.610173,6.116873,0.244675,0.040000
z_0117_471.000000.png,#40426e,2,37.798990,1.692492,0.067700,0.040000
z_0117_471.000000.png,#42ddf5,6,226.894444,10.159453,0.406378,0.040000
z_0117_471.000000.png,#48e85e,4,210.166522,9.410441,0.376418,0.040000
z_0117_471.000000.png,#4cc7b6,3,42.627417,1.908690,0.076348,0.040000
z_0117_471.000000.png,#61965c,4,256.551299,11.487372,0.459495,0.040000
z_0117_471.000000.png,#74a865,4,307.119841,13.751635,0.550065,0.040000
z_0117_471.000000.png,#774d47,2,109.740115,4.913737,0.196549,0.040000
z_0117_471.000000.png,#7a0474,3,79.012193,3.537859,0.141514,0.040000
z_0117_471.000000.png,#7b92a8,7,276.492424,12.380258,0.495210,0.040000
z_0117_471.000000.png,#820079,2,151.438600,6.780833,0.271233,0.040000
z_0117_471.000000.png,#88bbd1,5,276.350288,12.373894,0.494956,0.040000
z_0117_471.000000.png,#8f82c4,5,173.338095,7.761407,0.310456,0.040000
z_0117_471.000000.png,#91ff78,12,551.085353,24.675464,0.987019,0.040000
z_0117_471.000000.png,#96645c,2,84.911688,3.802016,0.152081,0.040000
z_0117_471.000000.png,#9ed3de,1,228.592929,10.235504,0.409420,0.040000
z_0117_471.000000.png,#b2a0fa,2,65.112698,2.915494,0.116620,0.040000
z_0117_471.000000.png,#bbb477,9,317.421356,14.212897,0.568516,0.040000
z_0117_471.000000.png,#c4809c,3,109.254834,4.892007,0.195680,0.040000
z_0117_471.000000.png,#ccebb2,17,1058.170706,47.380778,1.895231,0.040000
z_0117_471.000000.png,#cfcb80,3,272.793939,12.214654,0.488586,0.040000
z_0117_471.000000.png,#d0dba7,7,174.166522,7.798501,0.311940,0.040000
z_0117_471.000000.png,#d8e3a8,3,105.154329,4.708403,0.188336,0.040000
z_0117_471.000000.png,#f2cabf,5,292.450793,13.094812,0.523792,0.040000
z_0117_471.000000.png,#ff270f,3,256.835570,11.500100,0.460004,0.040000
z_0117_471.000000.png,#ff61e7,2,139.296465,6.237155,0.249486,0.040000
z_0117_471.000000.png,#ff6ee9,26,1382.905771,61.921154,2.476846,0.040000
z_0117_471.000000.png,#ff73a1,4,170.267027,7.623897,0.304956,0.040000
z_0117_471.000000.png,#ffbe78,9,540.357431,24.195109,0.967804,0.040000
z_0117_471.000000.png,#ffc978,6,317.220346,14.203896,0.568156,0.040000
z_0117_471.000000.png,#ffcdbd,2,42.970563,1.924055,0.076962,0.040000
z_0118_472.000000.png,#04800e,2,93.740115,4.197319,0.167893,0.040000
z_0118_472.000000.png,#0c704f,3,221.036580,9.897160,0.395886,0.040000
z_0118_472.000000.png,#195ba5,6,187.338095,8.388273,0.335531,0.040000
z_0118_472.000000.png,#302e4d,1,25.313708,1.133450,0.045338,0.040000
z_0118_472.000000.png,#3b9c36,2,140.166522,6.276113,0.251045,0.040000
z_0118_472.000000.png,#40426e,2,35.213203,1.576711,0.063068,0.040000
z_0118_472.000000.png,#42ddf5,5,166.953319,7.475522,0.299021,0.040000
z_0118_472.000000.png,#48e85e,4,220.651804,9.879932,0.395197,0.040000
z_0118_472.000000.png,#4cc7b6,5,86.325902,3.865339,0.154614,0.040000
z_0118_472.000000.png,#61965c,4,248.936075,11.146391,0.445856,0.040000
z_0118_472.000000.png,#74a865,4,253.279221,11.340861,0.453634,0.040000
z_0118_472.000000.png,#774d47,2,106.911688,4.787091,0.191484,0.040000
z_0118_472.000000.png,#7a0474,3,79.012193,3.537859,0.141514,0.040000
z_0118_472.000000.png,#7b92a8,7,279.178716,12.500540,0.500022,0.040000
z_0118_472.000000.png,#820079,2,163.095454,7.302782,0.292111,0.040000
z_0118_472.000000.png,#88bbd1,5,298.048773,13.345467,0.533819,0.040000
z_0118_472.000000.png,#8f82c4,7,185.823376,8.320450,0.332818,0.040000
z_0118_472.000000.png,#91ff78,11,541.671140,24.253932,0.970157,0.040000
z_0118_472.000000.png,#96645c,1,81.840620,3.664505,0.146580,0.040000
z_0118_472.000000.png,#9ed3de,1,230.249783,10.309692,0.412388,0.040000
z_0118_472.000000.png,#b2a0fa,2,66.284271,2.967952,0.118718,0.040000
z_0118_472.000000.png,#bbb477,9,291.421356,13.048717,0.521949,0.040000
z_0118_472.000000.png,#c4809c,3,114.911688,5.145299,0.205812,0.040000
z_0118_472.000000.png,#ccebb2,16,1038.999133,46.522349,1.860894,0.040000
z_0118_472.000000.png,#cfcb80,3,313.764502,14.049157,0.561966,0.040000
z_0118_472.000000.png,#d0dba7,7,166.024387,7.433928,0.297357,0.040000
z_0118_472.000000.png,#d8e3a8,3,98.083261,4.391788,0.175672,0.040000
z_0118_472.000000.png,#f2cabf,5,271.865007,12.173060,0.486922,0.040000
z_0118_472.000000.png,#ff270f,2,242.835570,10.873234,0.434929,0.040000
z_0118_472.000000.png,#ff61e7,2,138.124892,6.184697,0.247388,0.040000
z_0118_472.000000.png,#ff6ee9,27,1416.462120,63.423677,2.536947,0.040000
z_0118_472.000000.png,#ff73a1,5,181.195959,8.113252,0.324530,0.040000
z_0118_472.000000.png,#ffbe78,8,534.014285,23.911087,0.956443,0.040000
z_0118_472.000000.png,#ffc978,7,330.877200,14.815397,0.592616,0.040000
z_0118_472.000000.png,#ffcdbd,2,43.798990,1.961149,0.078446,0.040000
z_0119_473.000000.png,#04800e,2,83.355339,3.732329,0.149293,0.040000
z_0119_473.000000.png,#0c704f,3,214.308658,9.595910,0.383836,0.040000
z_0119_473.000000.png,#195ba5,6,160.367532,7.180636,0.287225,0.040000
z_0119_473.000000.png,#302e4d,1,25.313708,1.133450,0.045338,0.040000
z_0119_473.000000.png,#3b9c36,2,126.267027,5.653747,0.226150,0.040000
z_0119_473.000000.png,#40426e,2,39.455844,1.766680,0.070667,0.040000
z_0119_473.000000.png,#42ddf5,4,127.740115,5.719707,0.228788,0.040000
z_0119_473.000000.png,#48e85e,4,226.551299,10.144088,0.405764,0.040000
z_0119_473.000000.png,#4cc7b6,4,121.639610,5.446550,0.217862,0.040000
z_0119_473.000000.png,#61965c,4,243.279221,10.893099,0.435724,0.040000
z_0119_473.000000.png,#74a865,4,222.107648,9.945119,0.397805,0.040000
z_0119_473.000000.png,#774d47,2,103.740115,4.645080,0.185803,0.040000
z_0119_473.000000.png,#7a0474,3,83.254834,3.727828,0.149113,0.040000
z_0119_473.000000.png,#7b92a8,8,276.007143,12.358529,0.494341,0.040000
z_0119_473.000000.png,#820079,1,18.485281,0.827699,0.033108,0.040000
z_0119_473.000000.png,#88bbd1,6,314.190909,14.068250,0.562730,0.040000
z_0119_473.000000.png,#8f82c4,7,202.793939,9.080326,0.363213,0.040000
z_0119_473.000000.png,#91ff78,11,536.014285,24.000640,0.960026,0.040000
z_0119_473.000000.png,#96645c,1,79.254834,3.548724,0.141949,0.040000
z_0119_473.000000.png,#9ed3de,1,223.178716,9.993077,0.399723,0.040000
z_0119_473.000000.png,#b2a0fa,2,65.455844,2.930859,0.117234,0.040000
z_0119_473.000000.png,#bbb477,7,240.551299,10.770954,0.430838,0.040000
z_0119_473.000000.png,#c4809c,3,117.254834,5.250216,0.210009,0.040000
z_0119_473.000000.png,#ccebb2,15,1027.928066,46.026630,1.841065,0.040000
z_0119_473.000000.png,#cfcb80,4,365.948268,16.385743,0.655430,0.040000
z_0119_473.000000.png,#d0dba7,5,142.953319,6.400895,0.256036,0.040000
z_0119_473.000000.png,#d8e3a8,3,90.911688,4.070673,0.162827,0.040000
z_0119_473.000000.png,#f2cabf,6,299.663997,13.417791,0.536712,0.040000
z_0119_473.000000.png,#ff270f,2,239.622366,10.729360,0.429174,0.040000
z_0119_473.000000.png,#ff61e7,2,135.882251,6.084280,0.243371,0.040000
z_0119_473.000000.png,#ff6ee9,30,1433.876334,64.203418,2.568137,0.040000
z_0119_473.000000.png,#ff73a1,4,226.107648,10.124223,0.404969,0.040000
z_0119_473.000000.png,#ffbe78,11,520.014285,23.284222,0.931369,0.040000
z_0119_473.000000.png,#ffc978,7,342.433550,15.332846,0.613314,0.040000
z_0119_473.000000.png,#ffcdbd,2,48.041631,2.151118,0.086045,0.040000
z_0120_474.000000.png,#04800e,2,53.213203,2.382681,0.095307,0.040000
z_0120_474.000000.png,#0c704f,3,223.036580,9.986713,0.399469,0.040000
z_0120_474.000000.png,#195ba5,5,147.053824,6.584500,0.263380,0.040000
z_0120_474.000000.png,#302e4d,1,24.485281,1.096356,0.043854,0.040000
z_0120_474.000000.png,#3b9c36,2,124.610173,5.579560,0.223182,0.040000
z_0120_474.000000.png,#40426e,2,34.384776,1.539617,0.061585,0.040000
z_0120_474.000000.png,#42ddf5,2,107.840620,4.828684,0.193147,0.040000
z_0120_474.000000.png,#48e85e,3,226.551299,10.144088,0.405764,0.040000
z_0120_474.000000.png,#4cc7b6,4,135.882251,6.084280,0.243371,0.040000
z_0120_474.000000.png,#61965c,4,229.965512,10.296963,0.411879,0.040000
z_0120_474.000000.png,#74a865,6,247.320851,11.074068,0.442963,0.040000
z_0120_474.000000.png,#774d47,2,92.426407,4.138496,0.165540,0.040000
z_0120_474.000000.png,#7a0474,3,81.012193,3.627412,0.145096,0.040000
z_0120_474.000000.png,#7b92a8,7,298.877200,13.382561,0.535302,0.040000
z_0120_474.000000.png,#820079,1,21.899495,0.980574,0.039223,0.040000
z_0120_474.000000.png,#88bbd1,8,320.391919,14.345907,0.573836,0.040000
z_0120_474.000000.png,#8f82c4,7,220.551299,9.875431,0.395017,0.040000
z_0120_474.000000.png,#91ff78,11,519.629509,23.266993,0.930680,0.040000
z_0120_474.000000.png,#96645c,1,74.183766,3.321661,0.132866,0.040000
z_0120_474.000000.png,#9ed3de,1,220.350288,9.866431,0.394657,0.040000
z_0120_474.000000.png,#b2a0fa,2,70.183766,3.142557,0.125702,0.040000
z_0120_474.000000.png,#bbb477,7,241.865007,10.829776,0.433191,0.040000
z_0120_474.000000.png,#c4809c,3,116.083261,5.197758,0.207910,0.040000
z_0120_474.000000.png,#ccebb2,13,999.886435,44.771034,1.790841,0.040000
z_0120_474.000000.png,#cfcb80,2,385.847763,17.276766,0.691071,0.040000
z_0120_474.000000.png,#d0dba7,4,146.710678,6.569135,0.262765,0.040000
z_0120_474.000000.png,#d8e3a8,2,72.183766,3.232109,0.129284,0.040000
z_0120_474.000000.png,#f2cabf,8,340.534055,15.247793,0.609912,0.040000
z_0120_474.000000.png,#ff270f,2,238.793939,10.692266,0.427691,0.040000
z_0120_474.000000.png,#ff61e7,2,136.710678,6.121374,0.244855,0.040000
z_0120_474.000000.png,#ff6ee9,34,1452.763635,65.049118,2.601965,0.040000
z_0120_474.000000.png,#ff73a1,6,317.847763,14.231989,0.569280,0.040000
z_0120_474.000000.png,#ffbe78,11,492.215295,22.039491,0.881580,0.040000
z_0120_474.000000.png,#ffc978,7,343.119841,15.363575,0.614543,0.040000
z_0120_474.000000.png,#ffcdbd,2,53.112698,2.378181,0.095127,0.040000
z_0121_475.000000.png,#04800e,2,42.627417,1.908690,0.076348,0.040000
z_0121_475.000000.png,#0c704f,3,217.379726,9.733421,0.389337,0.040000
z_0121_475.000000.png,#195ba5,6,122.325902,5.477279,0.219091,0.040000
z_0121_475.000000.png,#302e4d,1,25.899495,1.159679,0.046387,0.040000
z_0121_475.000000.png,#3b9c36,2,122.953319,5.505372,0.220215,0.040000
z_0121_475.000000.png,#40426e,2,30.384776,1.360512,0.054420,0.040000
z_0121_475.000000.png,#42ddf5,3,83.497475,3.738693,0.149548,0.040000
z_0121_475.000000.png,#48e85e,3,236.107648,10.571984,0.422879,0.040000
z_0121_475.000000.png,#4cc7b6,4,153.438600,6.870385,0.274815,0.040000
z_0121_475.000000.png,#61965c,4,227.722871,10.196546,0.407862,0.040000
z_0121_475.000000.png,#74a865,5,285.705627,12.792789,0.511712,0.040000
z_0121_475.000000.png,#774d47,2,89.254834,3.996485,0.159859,0.040000
z_0121_475.000000.png,#7a0474,3,84.426407,3.780287,0.151211,0.040000
z_0121_475.000000.png,#7b92a8,8,343.161472,15.365439,0.614618,0.040000
z_0121_475.000000.png,#820079,2,82.669048,3.701599,0.148064,0.040000
z_0121_475.000000.png,#88bbd1,7,320.090404,14.332406,0.573296,0.040000
z_0121_475.000000.png,#8f82c4,7,264.450793,11.841080,0.473643,0.040000
z_0121_475.000000.png,#91ff78,12,479.487373,21.469584,0.858783,0.040000
z_0121_475.000000.png,#96645c,1,63.455844,2.841306,0.113652,0.040000
z_0121_475.000000.png,#9ed3de,1,231.078210,10.346786,0.413871,0.040000
z_0121_475.000000.png,#b2a0fa,3,76.769553,3.437443,0.137498,0.040000
z_0121_475.000000.png,#bbb477,7,246.107648,11.019745,0.440790,0.040000
z_0121_475.000000.png,#c4809c,3,116.911688,5.234852,0.209394,0.040000
z_0121_475.000000.png,#ccebb2,13,988.856998,44.277179,1.771087,0.040000
z_0121_475.000000.png,#cfcb80,2,393.161472,17.604245,0.704170,0.040000
z_0121_475.000000.png,#d0dba7,4,139.296465,6.237155,0.249486,0.040000
z_0121_475.000000.png,#d8e3a8,2,72.183766,3.232109,0.129284,0.040000
z_0121_475.000000.png,#f2cabf,9,388.475180,17.394411,0.695776,0.040000
z_0121_475.000000.png,#ff270f,1,78.183766,3.500766,0.140031,0.040000
z_0121_475.000000.png,#ff61e7,2,134.468037,6.020957,0.240838,0.040000
z_0121_475.000000.png,#ff6ee9,31,1457.876334,65.278045,2.611122,0.040000
z_0121_475.000000.png,#ff73a1,5,364.232539,16.308920,0.652357,0.040000
z_0121_475.000000.png,#ffbe78,12,481.043723,21.539271,0.861571,0.040000
z_0121_475.000000.png,#ffc978,6,327.462987,14.662522,0.586501,0.040000
z_0121_475.000000.png,#ffcdbd,2,57.941125,2.594379,0.103775,0.040000
z_0122_476.000000.png,#04800e,1,26.727922,1.196773,0.047871,0.040000
z_0122_476.000000.png,#0c704f,3,211.137085,9.453899,0.378156,0.040000
z_0122_476.000000.png,#195ba5,3,108.083261,4.839549,0.193582,0.040000
z_0122_476.000000.png,#302e4d,1,22.727922,1.017668,0.040707,0.040000
z_0122_476.000000.png,#3b9c36,2,88.669048,3.970256,0.158810,0.040000
z_0122_476.000000.png,#40426e,2,28.970563,1.297189,0.051888,0.040000
z_0122_476.000000.png,#42ddf5,2,34.970563,1.565846,0.062634,0.040000
z_0122_476.000000.png,#48e85e,4,200.651804,8.984409,0.359376,0.040000
z_0122_476.000000.png,#4cc7b6,5,291.563492,13.055082,0.522203,0.040000
z_0122_476.000000.png,#61965c,4,207.237590,9.279295,0.371172,0.040000
z_0122_476.000000.png,#74a865,5,298.048773,13.345467,0.533819,0.040000
z_0122_476.000000.png,#774d47,2,88.669048,3.970256,0.158810,0.040000
z_0122_476.000000.png,#7a0474,3,83.254834,3.727828,0.149113,0.040000
z_0122_476.000000.png,#7b92a8,8,377.688384,16.911420,0.676457,0.040000
z_0122_476.000000.png,#820079,2,82.083261,3.675370,0.147015,0.040000
z_0122_476.000000.png,#88bbd1,8,334.776695,14.990001,0.599600,0.040000
z_0122_476.000000.png,#8f82c4,7,282.735065,12.659779,0.506391,0.040000
z_0122_476.000000.png,#91ff78,12,446.759451,20.004155,0.800166,0.040000
z_0122_476.000000.png,#96645c,1,47.556349,2.129389,0.085176,0.040000
z_0122_476.000000.png,#9ed3de,1,230.007143,10.298827,0.411953,0.040000
z_0122_476.000000.png,#b2a0fa,3,104.669048,4.686674,0.187467,0.040000
z_0122_476.000000.png,#bbb477,8,220.308658,9.864567,0.394583,0.040000
z_0122_476.000000.png,#c4809c,3,122.811183,5.499008,0.219960,0.040000
z_0122_476.000000.png,#ccebb2,12,1001.928066,44.862451,1.794498,0.040000
z_0122_476.000000.png,#cfcb80,6,358.190909,16.038399,0.641536,0.040000
z_0122_476.000000.png,#d0dba7,4,133.882251,5.994728,0.239789,0.040000
z_0122_476.000000.png,#d8e3a8,2,69.597980,3.116327,0.124653,0.040000
z_0122_476.000000.png,#f2cabf,8,487.813275,21.842385,0.873695,0.040000
z_0122_476.000000.png,#ff270f,1,74.284271,3.326161,0.133046,0.040000
z_0122_476.000000.png,#ff61e7,2,131.053824,5.868082,0.234723,0.040000
z_0122_476.000000.png,#ff6ee9,29,1400.236724,62.697167,2.507887,0.040000
z_0122_476.000000.png,#ff73a1,5,405.244733,18.145287,0.725811,0.040000
z_0122_476.000000.png,#ffbe78,12,493.386868,22.091949,0.883678,0.040000
z_0122_476.000000.png,#ffc978,6,317.462987,14.214761,0.568590,0.040000
z_0122_476.000000.png,#ffcdbd,2,58.041631,2.598879,0.103955,0.040000
z_0123_477.000000.png,#04800e,1,20.485281,0.917251,0.036690,0.040000
z_0123_477.000000.png,#0c704f,3,217.137085,9.722556,0.388902,0.040000
z_0123_477.000000.png,#195ba5,3,105.497475,4.723768,0.188951,0.040000
z_0123_477.000000.png,#302e4d,1,21.313708,0.954345,0.038174,0.040000
z_0123_477.000000.png,#3b9c36,2,87.497475,3.917797,0.156712,0.040000
z_0123_477.000000.png,#40426e,2,29.556349,1.323419,0.052937,0.040000
z_0123_477.000000.png,#48e85e,4,177.823376,7.962241,0.318490,0.040000
z_0123_477.000000.png,#4cc7b6,5,302.877200,13.561666,0.542467,0.040000
z_0123_477.000000.png,#61965c,4,218.308658,9.775015,0.391001,0.040000
z_0123_477.000000.png,#74a865,3,353.060967,15.808700,0.632348,0.040000
z_0123_477.000000.png,#774d47,2,90.426407,4.048944,0.161958,0.040000
z_0123_477.000000.png,#7a0474,4,86.669048,3.880704,0.155228,0.040000
z_0123_477.000000.png,#7b92a8,8,388.960461,17.416140,0.696646,0.040000
z_0123_477.000000.png,#820079,3,101.639610,4.551027,0.182041,0.040000
z_0123_477.000000.png,#88bbd1,8,340.090404,15.227929,0.609117,0.040000
z_0123_477.000000.png,#8f82c4,7,295.178716,13.216957,0.528678,0.040000
z_0123_477.000000.png,#91ff78,13,461.830519,20.678978,0.827159,0.040000
z_0123_477.000000.png,#96645c,1,37.556349,1.681628,0.067265,0.040000
z_0123_477.000000.png,#9ed3de,1,231.078210,10.346786,0.413871,0.040000
z_0123_477.000000.png,#b2a0fa,3,108.325902,4.850414,0.194017,0.040000
z_0123_477.000000.png,#bbb477,8,217.722871,9.748785,0.389951,0.040000
z_0123_477.000000.png,#c4809c,3,124.568542,5.577696,0.223108,0.040000
z_0123_477.000000.png,#ccebb2,12,1000.714862,44.808128,1.792325,0.040000
z_0123_477.000000.png,#cfcb80,6,302.735065,13.555301,0.542212,0.040000
z_0123_477.000000.png,#d0dba7,4,131.882251,5.905175,0.236207,0.040000
z_0123_477.000000.png,#d8e3a8,2,65.597980,2.937223,0.117489,0.040000
z_0123_477.000000.png,#f2cabf,7,528.582828,23.667888,0.946716,0.040000
z_0123_477.000000.png,#ff270f,1,70.870058,3.173286,0.126931,0.040000
z_0123_477.000000.png,#ff61e7,2,129.396970,5.793894,0.231756,0.040000
z_0123_477.000000.png,#ff6ee9,29,1382.680374,61.911062,2.476442,0.040000
z_0123_477.000000.png,#ff73a1,5,432.558441,19.368288,0.774732,0.040000
z_0123_477.000000.png,#ffbe78,12,499.730014,22.375971,0.895039,0.040000
z_0123_477.000000.png,#ffc978,5,306.391919,13.719041,0.548762,0.040000
z_0123_477.000000.png,#ffcdbd,2,58.870058,2.635973,0.105439,0.040000
z_0124_478.000000.png,#04800e,1,18.727922,0.838564,0.033543,0.040000
z_0124_478.000000.png,#0c704f,3,216.166522,9.679098,0.387164,0.040000
z_0124_478.000000.png,#195ba5,3,100.426407,4.496705,0.179868,0.040000
z_0124_478.000000.png,#302e4d,1,22.142136,0.991439,0.039658,0.040000
z_0124_478.000000.png,#3b9c36,2,87.254834,3.906933,0.156277,0.040000
z_0124_478.000000.png,#40426e,2,29.556349,1.323419,0.052937,0.040000
z_0124_478.000000.png,#48e85e,5,159.580736,7.145406,0.285816,0.040000
z_0124_478.000000.png,#4cc7b6,5,273.320851,12.238247,0.489530,0.040000
z_0124_478.000000.png,#61965c,6,229.137085,10.259869,0.410395,0.040000
z_0124_478.000000.png,#74a865,3,354.575685,15.876523,0.635061,0.040000
z_0124_478.000000.png,#774d47,2,93.840620,4.201819,0.168073,0.040000
z_0124_478.000000.png,#7a0474,4,90.083261,4.033579,0.161343,0.040000
z_0124_478.000000.png,#7b92a8,9,400.132034,17.916360,0.716654,0.040000
z_0124_478.000000.png,#820079,2,138.610173,6.206426,0.248257,0.040000
z_0124_478.000000.png,#88bbd1,8,345.847763,15.485721,0.619429,0.040000
z_0124_478.000000.png,#8f82c4,7,300.007143,13.433156,0.537326,0.040000
z_0124_478.000000.png,#91ff78,12,414.031529,18.538725,0.741549,0.040000
z_0124_478.000000.png,#96645c,1,30.727922,1.375877,0.055035,0.040000
z_0124_478.000000.png,#9ed3de,1,229.078210,10.257233,0.410289,0.040000
z_0124_478.000000.png,#b2a0fa,3,115.740115,5.182393,0.207296,0.040000
z_0124_478.000000.png,#bbb477,8,218.066017,9.764150,0.390566,0.040000
z_0124_478.000000.png,#c4809c,3,129.781746,5.811123,0.232445,0.040000
z_0124_478.000000.png,#ccebb2,12,1007.058008,45.092150,1.803686,0.040000
z_0124_478.000000.png,#cfcb80,6,263.865007,11.814851,0.472594,0.040000
z_0124_478.000000.png,#d0dba7,4,129.882251,5.815623,0.232625,0.040000
z_0124_478.000000.png,#d8e3a8,2,60.284271,2.699296,0.107972,0.040000
z_0124_478.000000.png,#f2cabf,5,563.553391,25.233734,1.009349,0.040000
z_0124_478.000000.png,#ff270f,1,70.284271,3.147057,0.125882,0.040000
z_0124_478.000000.png,#ff61e7,2,126.225397,5.651883,0.226075,0.040000
z_0124_478.000000.png,#ff6ee9,31,1342.780879,60.124517,2.404981,0.040000
z_0124_478.000000.png,#ff73a1,7,470.357431,21.060780,0.842431,0.040000
z_0124_478.000000.png,#ffbe78,12,486.558441,21.786199,0.871448,0.040000
z_0124_478.000000.png,#ffc978,5,297.806133,13.334603,0.533384,0.040000
z_0124_478.000000.png,#ffcdbd,2,54.041631,2.419775,0.096791,0.040000
z_0125_479.000000.png,#04800e,1,6.242641,0.279521,0.011181,0.040000
z_0125_479.000000.png,#0c704f,2,215.480231,9.648369,0.385935,0.040000
z_0125_479.000000.png,#195ba5,3,86.426407,3.869839,0.154794,0.040000
z_0125_479.000000.png,#302e4d,1,22.142136,0.991439,0.039658,0.040000
z_0125_479.000000.png,#3b9c36,2,87.012193,3.896068,0.155843,0.040000
z_0125_479.000000.png,#40426e,2,33.213203,1.487158,0.059486,0.040000
z_0125_479.000000.png,#48e85e,3,152.409163,6.824291,0.272972,0.040000
z_0125_479.000000.png,#4cc7b6,5,286.676190,12.836247,0.513450,0.040000
z_0125_479.000000.png,#61965c,6,266.793939,11.945997,0.477840,0.040000
z_0125_479.000000.png,#74a865,3,358.132034,16.035763,0.641431,0.040000
z_0125_479.000000.png,#774d47,2,95.840620,4.291371,0.171655,0.040000
z_0125_479.000000.png,#7a0474,4,98.911688,4.428882,0.177155,0.040000
z_0125_479.000000.png,#7b92a8,9,396.818326,17.767985,0.710719,0.040000
z_0125_479.000000.png,#820079,2,141.923882,6.354801,0.254192,0.040000
z_0125_479.000000.png,#88bbd1,9,379.303607,16.983744,0.679350,0.040000
z_0125_479.000000.png,#8f82c4,8,324.877200,14.546740,0.581870,0.040000
z_0125_479.000000.png,#91ff78,11,415.889394,18.621913,0.744877,0.040000
z_0125_479.000000.png,#96645c,1,24.727922,1.107220,0.044289,0.040000
z_0125_479.000000.png,#9ed3de,1,228.492424,10.231004,0.409240,0.040000
z_0125_479.000000.png,#b2a0fa,3,121.396970,5.435685,0.217427,0.040000
z_0125_479.000000.png,#bbb477,8,215.237590,9.637504,0.385500,0.040000
z_0125_479.000000.png,#c4809c,4,134.124892,6.005592,0.240224,0.040000
z_0125_479.000000.png,#ccebb2,13,987.986940,44.238221,1.769529,0.040000
z_0125_479.000000.png,#cfcb80,5,247.965512,11.102933,0.444117,0.040000
z_0125_479.000000.png,#d0dba7,4,132.811183,5.946769,0.237871,0.040000
z_0125_479.000000.png,#d8e3a8,2,55.112698,2.467733,0.098709,0.040000
z_0125_479.000000.png,#f2cabf,6,601.352380,26.926226,1.077049,0.040000
z_0125_479.000000.png,#ff270f,2,89.597980,4.011850,0.160474,0.040000
z_0125_479.000000.png,#ff61e7,2,120.911688,5.413956,0.216558,0.040000
z_0125_479.000000.png,#ff6ee9,29,1360.094588,60.899758,2.435990,0.040000
z_0125_479.000000.png,#ff73a1,7,478.842712,21.440718,0.857629,0.040000
z_0125_479.000000.png,#ffbe78,11,501.972655,22.476388,0.899056,0.040000
z_0125_479.000000.png,#ffc978,5,292.735065,13.107540,0.524302,0.040000
z_0125_479.000000.png,#ffcdbd,2,52.627417,2.356452,0.094258,0.040000
z_0126_480.000000.png,#0c704f,2,212.409163,9.510858,0.380434,0.040000
z_0126_480.000000.png,#195ba5,3,73.941125,3.310797,0.132432,0.040000
z_0126_480.000000.png,#302e4d,1,23.899495,1.070127,0.042805,0.040000
z_0126_480.000000.png,#3b9c36,2,88.083261,3.944027,0.157761,0.040000
z_0126_480.000000.png,#40426e,2,36.627417,1.640034,0.065601,0.040000
z_0126_480.000000.png,#48e85e,3,162.994949,7.298281,0.291931,0.040000
z_0126_480.000000.png,#4cc7b6,5,313.847763,14.052885,0.562115,0.040000
z_0126_480.000000.png,#61965c,7,314.936075,14.101615,0.564065,0.040000
z_0126_480.000000.png,#74a865,3,367.303607,16.446430,0.657857,0.040000
z_0126_480.000000.png,#774d47,2,99.012193,4.433382,0.177335,0.040000
z_0126_480.000000.png,#7a0474,4,116.225397,5.204122,0.208165,0.040000
z_0126_480.000000.png,#7b92a8,8,334.291414,14.968272,0.598731,0.040000
z_0126_480.000000.png,#820079,2,142.752309,6.391894,0.255676,0.040000
z_0126_480.000000.png,#88bbd1,9,365.019336,16.344149,0.653766,0.040000
z_0126_480.000000.png,#8f82c4,7,322.776695,14.452688,0.578108,0.040000
z_0126_480.000000.png,#91ff78,9,414.818326,18.573955,0.742958,0.040000
z_0126_480.000000.png,#96645c,1,23.556349,1.054762,0.042190,0.040000
z_0126_480.000000.png,#9ed3de,1,230.835570,10.335921,0.413437,0.040000
z_0126_480.000000.png,#b2a0fa,3,123.396970,5.525237,0.221009,0.040000
z_0126_480.000000.png,#bbb477,8,209.923882,9.399577,0.375983,0.040000
z_0126_480.000000.png,#c4809c,3,153.195959,6.859521,0.274381,0.040000
z_0126_480.000000.png,#ccebb2,17,945.661038,42.343032,1.693721,0.040000
z_0126_480.000000.png,#cfcb80,5,233.722871,10.465203,0.418608,0.040000
z_0126_480.000000.png,#d0dba7,4,133.982756,5.999228,0.239969,0.040000
z_0126_480.000000.png,#d8e3a8,2,48.284271,2.161982,0.086479,0.040000
z_0126_480.000000.png,#f2cabf,8,605.553391,27.114331,1.084573,0.040000
z_0126_480.000000.png,#ff270f,1,98.183766,4.396288,0.175852,0.040000
z_0126_480.000000.png,#ff61e7,2,117.396970,5.256581,0.210263,0.040000
z_0126_480.000000.png,#ff6ee9,27,1395.065151,62.465604,2.498624,0.040000
z_0126_480.000000.png,#ff73a1,5,521.227489,23.338544,0.933542,0.040000
z_0126_480.000000.png,#ffbe78,11,498.073160,22.301783,0.892071,0.040000
z_0126_480.000000.png,#ffc978,5,288.391919,12.913071,0.516523,0.040000
z_0126_480.000000.png,#ffcdbd,2,49.213203,2.203576,0.088143,0.040000
z_0127_481.000000.png,#0c704f,2,215.823376,9.663733,0.386549,0.040000
z_0127_481.000000.png,#195ba5,3,63.112698,2.825942,0.113038,0.040000
z_0127_481.000000.png,#302e4d,1,28.727922,1.286325,0.051453,0.040000
z_0127_481.000000.png,#3b9c36,2,88.669048,3.970256,0.158810,0.040000
z_0127_481.000000.png,#40426e,2,40.870058,1.830003,0.073200,0.040000
z_0127_481.000000.png,#48e85e,3,173.137085,7.752407,0.310096,0.040000
z_0127_481.000000.png,#4cc7b6,5,349.102597,15.631460,0.625258,0.040000
z_0127_481.000000.png,#61965c,6,344.735065,15.435898,0.617436,0.040000
z_0127_481.000000.png,#74a865,2,377.203102,16.889691,0.675588,0.040000
z_0127_481.000000.png,#774d47,2,106.083261,4.749997,0.190000,0.040000
z_0127_481.000000.png,#7a0474,4,123.639610,5.536102,0.221444,0.040000
z_0127_481.000000.png,#7b92a8,8,327.806133,14.677887,0.587115,0.040000
z_0127_481.000000.png,#820079,2,139.338095,6.239019,0.249561,0.040000
z_0127_481.000000.png,#88bbd1,8,346.676190,15.522814,0.620913,0.040000
z_0127_481.000000.png,#8f82c4,7,326.291414,14.610063,0.584403,0.040000
z_0127_481.000000.png,#91ff78,6,427.303607,19.132997,0.765320,0.040000
z_0127_481.000000.png,#96645c,1,20.485281,0.917251,0.036690,0.040000
z_0127_481.000000.png,#9ed3de,1,233.178716,10.440838,0.417634,0.040000
z_0127_481.000000.png,#b2a0fa,3,125.053824,5.599425,0.223977,0.040000
z_0127_481.000000.png,#bbb477,8,212.308658,9.506358,0.380254,0.040000
z_0127_481.000000.png,#c4809c,3,152.024387,6.807062,0.272282,0.040000
z_0127_481.000000.png,#ccebb2,16,860.648845,38.536515,1.541461,0.040000
z_0127_481.000000.png,#cfcb80,5,220.308658,9.864567,0.394583,0.040000
z_0127_481.000000.png,#d0dba7,4,136.225397,6.099645,0.243986,0.040000
z_0127_481.000000.png,#d8e3a8,2,49.355339,2.209941,0.088398,0.040000
z_0127_481.000000.png,#f2cabf,6,610.624458,27.341394,1.093656,0.040000
z_0127_481.000000.png,#ff270f,1,93.455844,4.184590,0.167384,0.040000
z_0127_481.000000.png,#ff61e7,2,106.325902,4.760861,0.190434,0.040000
z_0127_481.000000.png,#ff6ee9,27,1451.592063,64.996660,2.599866,0.040000
z_0127_481.000000.png,#ff73a1,6,555.955411,24.893526,0.995741,0.040000
z_0127_481.000000.png,#ffbe78,12,489.587878,21.921845,0.876874,0.040000
z_0127_481.000000.png,#ffc978,5,282.291414,12.639914,0.505597,0.040000
z_0127_481.000000.png,#ffcdbd,2,51.455844,2.303993,0.092160,0.040000
z_0128_482.000000.png,#0c704f,2,217.580736,9.742421,0.389697,0.040000
z_0128_482.000000.png,#195ba5,3,63.941125,2.863035,0.114521,0.040000
z_0128_482.000000.png,#302e4d,1,32.142136,1.439200,0.057568,0.040000
z_0128_482.000000.png,#3b9c36,2,92.083261,4.123131,0.164925,0.040000
z_0128_482.000000.png,#40426e,2,42.627417,1.908690,0.076348,0.040000
z_0128_482.000000.png,#48e85e,3,195.722871,8.763711,0.350548,0.040000
z_0128_482.000000.png,#4cc7b6,5,378.215295,16.935013,0.677401,0.040000
z_0128_482.000000.png,#61965c,5,373.362482,16.717723,0.668709,0.040000
z_0128_482.000000.png,#74a865,3,375.889394,16.830868,0.673235,0.040000
z_0128_482.000000.png,#774d47,2,109.497475,4.902872,0.196115,0.040000
z_0128_482.000000.png,#7a0474,4,152.852814,6.844156,0.273766,0.040000
z_0128_482.000000.png,#7b92a8,8,325.806133,14.588334,0.583533,0.040000
z_0128_482.000000.png,#820079,2,141.095454,6.317707,0.252708,0.040000
z_0128_482.000000.png,#88bbd1,7,349.605122,15.653961,0.626158,0.040000
z_0128_482.000000.png,#8f82c4,5,331.462987,14.841626,0.593665,0.040000
z_0128_482.000000.png,#91ff78,6,420.333044,18.820883,0.752835,0.040000
z_0128_482.000000.png,#96645c,1,19.071068,0.853928,0.034157,0.040000
z_0128_482.000000.png,#9ed3de,1,229.178716,10.261734,0.410469,0.040000
z_0128_482.000000.png,#b2a0fa,4,137.296465,6.147603,0.245904,0.040000
z_0128_482.000000.png,#bbb477,8,214.409163,9.600410,0.384016,0.040000
z_0128_482.000000.png,#c4809c,3,156.024387,6.986167,0.279447,0.040000
z_0128_482.000000.png,#ccebb2,15,806.607214,36.116741,1.444670,0.040000
z_0128_482.000000.png,#cfcb80,5,197.580736,8.846899,0.353876,0.040000
z_0128_482.000000.png,#d0dba7,4,140.468037,6.289614,0.251585,0.040000
z_0128_482.000000.png,#d8e3a8,2,42.284271,1.893326,0.075733,0.040000
z_0128_482.000000.png,#f2cabf,6,618.523953,27.695102,1.107804,0.040000
z_0128_482.000000.png,#ff270f,1,90.870058,4.068809,0.162752,0.040000
z_0128_482.000000.png,#ff61e7,2,98.325902,4.402652,0.176106,0.040000
z_0128_482.000000.png,#ff6ee9,26,1444.621500,64.684545,2.587382,0.040000
z_0128_482.000000.png,#ff73a1,4,573.026479,25.657902,1.026316,0.040000
z_0128_482.000000.png,#ffbe78,13,477.102597,21.362803,0.854512,0.040000
z_0128_482.000000.png,#ffc978,5,279.320851,12.506904,0.500276,0.040000
z_0128_482.000000.png,#ffcdbd,2,52.627417,2.356452,0.094258,0.040000
z_0129_483.000000.png,#0c704f,2,213.923882,9.578681,0.383147,0.040000
z_0129_483.000000.png,#195ba5,3,53.698485,2.404410,0.096176,0.040000
z_0129_483.000000.png,#302e4d,2,30.727922,1.375877,0.055035,0.040000
z_0129_483.000000.png,#3b9c36,2,96.325902,4.313100,0.172524,0.040000
z_0129_483.000000.png,#40426e,2,46.627417,2.087795,0.083512,0.040000
z_0129_483.000000.png,#48e85e,4,250.007143,11.194350,0.447774,0.040000
z_0129_483.000000.png,#4cc7b6,7,429.913780,19.249871,0.769995,0.040000
z_0129_483.000000.png,#61965c,4,369.119841,16.527754,0.661110,0.040000
z_0129_483.000000.png,#74a865,3,367.404112,16.450930,0.658037,0.040000
z_0129_483.000000.png,#774d47,2,113.982756,5.103705,0.204148,0.040000
z_0129_483.000000.png,#7a0474,3,159.781746,7.154407,0.286176,0.040000
z_0129_483.000000.png,#7b92a8,8,287.421356,12.869613,0.514785,0.040000
z_0129_483.000000.png,#820079,2,126.953319,5.684477,0.227379,0.040000
z_0129_483.000000.png,#88bbd1,7,347.989899,15.581637,0.623265,0.040000
z_0129_483.000000.png,#8f82c4,4,325.078210,14.555741,0.582230,0.040000
z_0129_483.000000.png,#91ff78,7,428.575685,19.189956,0.767598,0.040000
z_0129_483.000000.png,#96645c,1,20.485281,0.917251,0.036690,0.040000
z_0129_483.000000.png,#9ed3de,1,229.421356,10.272598,0.410904,0.040000
z_0129_483.000000.png,#b2a0fa,3,154.024387,6.896614,0.275865,0.040000
z_0129_483.000000.png,#bbb477,9,231.137085,10.349422,0.413977,0.040000
z_0129_483.000000.png,#c4809c,3,144.710678,6.479583,0.259183,0.040000
z_0129_483.000000.png,#ccebb2,14,796.607214,35.668980,1.426759,0.040000
z_0129_483.000000.png,#cfcb80,4,158.124892,7.080219,0.283209,0.040000
z_0129_483.000000.png,#d0dba7,4,141.296465,6.326707,0.253068,0.040000
z_0129_483.000000.png,#d8e3a8,2,43.455844,1.945784,0.077831,0.040000
z_0129_483.000000.png,#f2cabf,5,563.168614,25.216505,1.008660,0.040000
z_0129_483.000000.png,#ff270f,1,85.455844,3.826381,0.153055,0.040000
z_0129_483.000000.png,#ff61e7,2,88.426407,3.959391,0.158376,0.040000
z_0129_483.000000.png,#ff6ee9,28,1433.793073,64.199690,2.567988,0.040000
z_0129_483.000000.png,#ff73a1,3,575.026479,25.747454,1.029898,0.040000
z_0129_483.000000.png,#ffbe78,12,467.002092,20.910541,0.836422,0.040000
z_0129_483.000000.png,#ffc978,5,274.977705,12.312435,0.492497,0.040000
z_0129_483.000000.png,#ffcdbd,2,59.455844,2.662202,0.106488,0.040000
z_0130_484.000000.png,#0c704f,2,220.066017,9.853702,0.394148,0.040000
z_0130_484.000000.png,#195ba5,3,57.455844,2.572650,0.102906,0.040000
z_0130_484.000000.png,#302e4d,2,31.556349,1.412971,0.056519,0.040000
z_0130_484.000000.png,#3b9c36,2,96.911688,4.339329,0.173573,0.040000
z_0130_484.000000.png,#40426e,2,50.526912,2.262399,0.090496,0.040000
z_0130_484.000000.png,#48e85e,4,262.592929,11.757892,0.470316,0.040000
z_0130_484.000000.png,#4cc7b6,4,454.742207,20.361591,0.814464,0.040000
z_0130_484.000000.png,#61965c,4,374.534055,16.770182,0.670807,0.040000
z_0130_484.000000.png,#74a865,3,364.575685,16.324284,0.652971,0.040000
z_0130_484.000000.png,#774d47,2,115.396970,5.167028,0.206681,0.040000
z_0130_484.000000.png,#7a0474,3,166.367532,7.449292,0.297972,0.040000
z_0130_484.000000.png,#7b92a8,9,303.906638,13.607760,0.544310,0.040000
z_0130_484.000000.png,#820079,3,179.338095,8.030064,0.321203,0.040000
z_0130_484.000000.png,#88bbd1,7,355.504617,15.918117,0.636725,0.040000
z_0130_484.000000.png,#8f82c4,4,304.492424,13.633989,0.545360,0.040000
z_0130_484.000000.png,#91ff78,7,436.818326,19.559030,0.782361,0.040000
z_0130_484.000000.png,#96645c,1,15.899495,0.711918,0.028477,0.040000
z_0130_484.000000.png,#9ed3de,1,227.521861,10.187546,0.407502,0.040000
z_0130_484.000000.png,#b2a0fa,3,150.953319,6.759104,0.270364,0.040000
z_0130_484.000000.png,#bbb477,9,229.237590,10.264370,0.410575,0.040000
z_0130_484.000000.png,#c4809c,3,153.095454,6.855020,0.274201,0.040000
z_0130_484.000000.png,#ccebb2,12,804.222438,36.009960,1.440398,0.040000
z_0130_484.000000.png,#cfcb80,4,144.225397,6.457854,0.258314,0.040000
z_0130_484.000000.png,#d0dba7,4,143.539105,6.427124,0.257085,0.040000
z_0130_484.000000.png,#d8e3a8,2,41.455844,1.856232,0.074249,0.040000
z_0130_484.000000.png,#f2cabf,5,551.227489,24.681828,0.987273,0.040000
z_0130_484.000000.png,#ff270f,1,50.142136,2.245170,0.089807,0.040000
z_0130_484.000000.png,#ff61e7,1,78.769553,3.526995,0.141080,0.040000
z_0130_484.000000.png,#ff6ee9,28,1418.236724,63.503137,2.540125,0.040000
z_0130_484.000000.png,#ff73a1,4,579.854906,25.963652,1.038546,0.040000
z_0130_484.000000.png,#ffbe78,10,447.345238,20.030384,0.801215,0.040000
z_0130_484.000000.png,#ffc978,4,273.806133,12.259976,0.490399,0.040000
z_0130_484.000000.png,#ffcdbd,2,69.698485,3.120828,0.124833,0.040000
z_0131_485.000000.png,#0c704f,2,223.480231,10.006577,0.400263,0.040000
z_0131_485.000000.png,#195ba5,3,55.455844,2.483097,0.099324,0.040000
z_0131_485.000000.png,#302e4d,2,30.970563,1.386742,0.055470,0.040000
z_0131_485.000000.png,#3b9c36,2,98.911688,4.428882,0.177155,0.040000
z_0131_485.000000.png,#40426e,2,46.870058,2.098659,0.083946,0.040000
z_0131_485.000000.png,#48e85e,4,264.107648,11.825716,0.473029,0.040000
z_0131_485.000000.png,#4cc7b6,5,486.014285,21.761834,0.870473,0.040000
z_0131_485.000000.png,#61965c,4,357.462987,16.005805,0.640232,0.040000
z_0131_485.000000.png,#74a865,4,364.433550,16.317920,0.652717,0.040000
z_0131_485.000000.png,#774d47,2,119.639610,5.356997,0.214280,0.040000
z_0131_485.000000.png,#7a0474,3,169.195959,7.575938,0.303038,0.040000
z_0131_485.000000.png,#7b92a8,9,324.634560,14.535876,0.581435,0.040000
z_0131_485.000000.png,#820079,3,163.338095,7.313646,0.292546,0.040000
z_0131_485.000000.png,#88bbd1,7,353.504617,15.828565,0.633143,0.040000
z_0131_485.000000.png,#8f82c4,4,302.592929,13.548937,0.541957,0.040000
z_0131_485.000000.png,#91ff78,9,408.818326,18.305298,0.732212,0.040000
z_0131_485.000000.png,#96645c,1,14.485281,0.648595,0.025944,0.040000
z_0131_485.000000.png,#9ed3de,1,220.107648,9.855566,0.394223,0.040000
z_0131_485.000000.png,#b2a0fa,4,155.639610,6.968938,0.278758,0.040000
z_0131_485.000000.png,#bbb477,9,236.066017,10.570120,0.422805,0.040000
z_0131_485.000000.png,#c4809c,3,159.923882,7.160771,0.286431,0.040000
z_0131_485.000000.png,#ccebb2,11,800.080303,35.824491,1.432980,0.040000
z_0131_485.000000.png,#cfcb80,4,142.124892,6.363801,0.254552,0.040000
z_0131_485.000000.png,#d0dba7,4,145.639610,6.521177,0.260847,0.040000
z_0131_485.000000.png,#d8e3a8,2,46.284271,2.072430,0.082897,0.040000
z_0131_485.000000.png,#f2cabf,5,529.955411,23.729347,0.949174,0.040000
z_0131_485.000000.png,#ff270f,1,42.384776,1.897826,0.075913,0.040000
z_0131_485.000000.png,#ff61e7,1,78.526912,3.516130,0.140645,0.040000
z_0131_485.000000.png,#ff6ee9,28,1431.349422,64.090273,2.563611,0.040000
z_0131_485.000000.png,#ff73a1,4,635.695526,28.463979,1.138559,0.040000
z_0131_485.000000.png,#ffbe78,10,443.445743,19.855780,0.794231,0.040000
z_0131_485.000000.png,#ffc978,4,262.007143,11.731663,0.469267,0.040000
z_0131_485.000000.png,#ffcdbd,2,73.455844,3.289068,0.131563,0.040000
z_0132_486.000000.png,#0c704f,2,218.994949,9.805744,0.392230,0.040000
z_0132_486.000000.png,#195ba5,3,52.041631,2.330222,0.093209,0.040000
z_0132_486.000000.png,#302e4d,2,25.556349,1.144314,0.045773,0.040000
z_0132_486.000000.png,#3b9c36,2,96.325902,4.313100,0.172524,0.040000
z_0132_486.000000.png,#40426e,2,49.941125,2.236170,0.089447,0.040000
z_0132_486.000000.png,#48e85e,4,270.835570,12.126966,0.485079,0.040000
z_0132_486.000000.png,#4cc7b6,7,494.014285,22.120043,0.884802,0.040000
z_0132_486.000000.png,#61965c,5,332.977705,14.909449,0.596378,0.040000
z_0132_486.000000.png,#74a865,5,322.391919,14.435459,0.577418,0.040000
z_0132_486.000000.png,#774d47,2,119.154329,5.335268,0.213411,0.040000
z_0132_486.000000.png,#7a0474,3,172.852814,7.739678,0.309587,0.040000
z_0132_486.000000.png,#7b92a8,9,361.747258,16.197638,0.647906,0.040000
z_0132_486.000000.png,#820079,4,168.509668,7.545209,0.301808,0.040000
z_0132_486.000000.png,#88bbd1,7,373.504617,16.724087,0.668963,0.040000
z_0132_486.000000.png,#8f82c4,5,302.391919,13.539937,0.541597,0.040000
z_0132_486.000000.png,#91ff78,8,359.563492,16.099858,0.643994,0.040000
z_0132_486.000000.png,#96645c,1,14.485281,0.648595,0.025944,0.040000
z_0132_486.000000.png,#9ed3de,1,213.279221,9.549816,0.381993,0.040000
z_0132_486.000000.png,#b2a0fa,4,136.468037,6.110509,0.244420,0.040000
z_0132_486.000000.png,#bbb477,9,238.894444,10.696766,0.427871,0.040000
z_0132_486.000000.png,#c4809c,3,155.781746,6.975302,0.279012,0.040000
z_0132_486.000000.png,#ccebb2,11,791.009235,35.418324,1.416733,0.040000
z_0132_486.000000.png,#cfcb80,4,133.882251,5.994728,0.239789,0.040000
z_0132_486.000000.png,#d0dba7,4,147.639610,6.610729,0.264429,0.040000
z_0132_486.000000.png,#d8e3a8,2,52.284271,2.341087,0.093643,0.040000
z_0132_486.000000.png,#f2cabf,5,503.085353,22.526210,0.901048,0.040000
z_0132_486.000000.png,#ff270f,1,32.970563,1.476294,0.059052,0.040000
z_0132_486.000000.png,#ff61e7,1,81.597980,3.653641,0.146146,0.040000
z_0132_486.000000.png,#ff6ee9,25,1395.224530,62.472740,2.498910,0.040000
z_0132_486.000000.png,#ff73a1,4,663.452886,29.706846,1.188274,0.040000
z_0132_486.000000.png,#ffbe78,11,488.558441,21.875751,0.875030,0.040000
z_0132_486.000000.png,#ffc978,4,262.350288,11.747028,0.469881,0.040000
z_0132_486.000000.png,#ffcdbd,2,79.597980,3.564089,0.142564,0.040000
z_0133_487.000000.png,#0c704f,2,221.237590,9.906161,0.396246,0.040000
z_0133_487.000000.png,#195ba5,3,47.798990,2.140253,0.085610,0.040000
z_0133_487.000000.png,#302e4d,2,19.899495,0.891022,0.035641,0.040000
z_0133_487.000000.png,#3b9c36,2,97.740115,4.376423,0.175057,0.040000
z_0133_487.000000.png,#40426e,2,51.597980,2.310357,0.092414,0.040000
z_0133_487.000000.png,#48e85e,4,275.663997,12.343164,0.493727,0.040000
z_0133_487.000000.png,#4cc7b6,7,458.901587,20.547832,0.821913,0.040000
z_0133_487.000000.png,#61965c,4,276.936075,12.400123,0.496005,0.040000
z_0133_487.000000.png,#74a865,3,214.166522,9.589546,0.383582,0.040000
z_0133_487.000000.png,#774d47,2,119.154329,5.335268,0.213411,0.040000
z_0133_487.000000.png,#7a0474,3,165.195959,7.396834,0.295873,0.040000
z_0133_487.000000.png,#7b92a8,11,384.333044,17.208942,0.688358,0.040000
z_0133_487.000000.png,#820079,3,108.568542,4.861278,0.194451,0.040000
z_0133_487.000000.png,#88bbd1,7,387.404112,17.346453,0.693858,0.040000
z_0133_487.000000.png,#8f82c4,5,302.634560,13.550801,0.542032,0.040000
z_0133_487.000000.png,#91ff78,8,342.735065,15.346346,0.613854,0.040000
z_0133_487.000000.png,#96645c,1,13.071068,0.585272,0.023411,0.040000
z_0133_487.000000.png,#9ed3de,1,195.379726,8.748346,0.349934,0.040000
z_0133_487.000000.png,#b2a0fa,3,90.426407,4.048944,0.161958,0.040000
z_0133_487.000000.png,#bbb477,9,245.036580,10.971787,0.438871,0.040000
z_0133_487.000000.png,#c4809c,3,150.468037,6.737375,0.269495,0.040000
z_0133_487.000000.png,#ccebb2,10,788.908730,35.324271,1.412971,0.040000
z_0133_487.000000.png,#cfcb80,3,150.024387,6.717510,0.268700,0.040000
z_0133_487.000000.png,#d0dba7,5,165.296465,7.401334,0.296053,0.040000
z_0133_487.000000.png,#d8e3a8,2,67.355339,3.015911,0.120636,0.040000
z_0133_487.000000.png,#f2cabf,6,509.771645,22.825596,0.913024,0.040000
z_0133_487.000000.png,#ff270f,1,29.556349,1.323419,0.052937,0.040000
z_0133_487.000000.png,#ff61e7,1,79.112698,3.542360,0.141694,0.040000
z_0133_487.000000.png,#ff6ee9,22,1328.153462,59.469558,2.378782,0.040000
z_0133_487.000000.png,#ff73a1,3,671.796031,30.080419,1.203217,0.040000
z_0133_487.000000.png,#ffbe78,11,525.529004,23.531149,0.941246,0.040000
z_0133_487.000000.png,#ffc978,6,253.722871,11.360726,0.454429,0.040000
z_0133_487.000000.png,#ffcdbd,2,80.183766,3.590318,0.143613,0.040000
z_0134_488.000000.png,#0c704f,3,220.994949,9.895296,0.395812,0.040000
z_0134_488.000000.png,#195ba5,3,47.455844,2.124889,0.084996,0.040000
z_0134_488.000000.png,#302e4d,1,16.242641,0.727282,0.029091,0.040000
z_0134_488.000000.png,#3b9c36,2,96.325902,4.313100,0.172524,0.040000
z_0134_488.000000.png,#40426e,2,53.355339,2.389045,0.095562,0.040000
z_0134_488.000000.png,#48e85e,4,240.693434,10.777318,0.431093,0.040000
z_0134_488.000000.png,#4cc7b6,5,430.132034,19.259643,0.770386,0.040000
z_0134_488.000000.png,#61965c,5,284.592929,12.742967,0.509719,0.040000
z_0134_488.000000.png,#74a865,3,198.267027,8.877628,0.355105,0.040000
z_0134_488.000000.png,#774d47,2,124.811183,5.588560,0.223542,0.040000
z_0134_488.000000.png,#7a0474,3,158.953319,7.117313,0.284693,0.040000
z_0134_488.000000.png,#7b92a8,12,450.073160,20.152530,0.806101,0.040000
z_0134_488.000000.png,#820079,2,91.597980,4.101402,0.164056,0.040000
z_0134_488.000000.png,#88bbd1,6,423.688384,18.971122,0.758845,0.040000
z_0134_488.000000.png,#8f82c4,5,303.563492,13.592395,0.543696,0.040000
z_0134_488.000000.png,#91ff78,8,351.119841,15.721784,0.628871,0.040000
z_0134_488.000000.png,#96645c,1,14.485281,0.648595,0.025944,0.040000
z_0134_488.000000.png,#9ed3de,1,190.308658,8.521283,0.340851,0.040000
z_0134_488.000000.png,#b2a0fa,3,90.183766,4.038079,0.161523,0.040000
z_0134_488.000000.png,#bbb477,8,249.865007,11.187985,0.447519,0.040000
z_0134_488.000000.png,#c4809c,3,150.710678,6.748239,0.269930,0.040000
z_0134_488.000000.png,#ccebb2,10,790.908730,35.413824,1.416553,0.040000
z_0134_488.000000.png,#cfcb80,2,118.225397,5.293674,0.211747,0.040000
z_0134_488.000000.png,#d0dba7,5,216.066017,9.674598,0.386984,0.040000
z_0134_488.000000.png,#d8e3a8,2,80.426407,3.601182,0.144047,0.040000
z_0134_488.000000.png,#f2cabf,6,463.144228,20.737801,0.829512,0.040000
z_0134_488.000000.png,#ff270f,1,27.556349,1.233866,0.049355,0.040000
z_0134_488.000000.png,#ff61e7,1,80.526912,3.605683,0.144227,0.040000
z_0134_488.000000.png,#ff6ee9,22,1286.597113,57.608826,2.304353,0.040000
z_0134_488.000000.png,#ff73a1,3,676.381818,30.285753,1.211430,0.040000
z_0134_488.000000.png,#ffbe78,9,506.901587,22.697086,0.907883,0.040000
z_0134_488.000000.png,#ffc978,6,249.722871,11.181621,0.447265,0.040000
z_0134_488.000000.png,#ffcdbd,2,75.112698,3.363255,0.134530,0.040000
z_0135_489.000000.png,#0c704f,3,224.308658,10.043671,0.401747,0.040000
z_0135_489.000000.png,#195ba5,3,51.213203,2.293129,0.091725,0.040000
z_0135_489.000000.png,#302e4d,1,15.656854,0.701053,0.028042,0.040000
z_0135_489.000000.png,#3b9c36,2,94.325902,4.223548,0.168942,0.040000
z_0135_489.000000.png,#40426e,2,58.526912,2.620608,0.104824,0.040000
z_0135_489.000000.png,#48e85e,4,241.865007,10.829776,0.433191,0.040000
z_0135_489.000000.png,#4cc7b6,5,353.320851,15.820337,0.632813,0.040000
z_0135_489.000000.png,#61965c,5,322.877200,14.457188,0.578288,0.040000
z_0135_489.000000.png,#74a865,4,157.195959,7.038625,0.281545,0.040000
z_0135_489.000000.png,#774d47,2,126.811183,5.678113,0.227125,0.040000
z_0135_489.000000.png,#7a0474,3,145.296465,6.505812,0.260232,0.040000
z_0135_489.000000.png,#7b92a8,11,531.043723,23.778077,0.951123,0.040000
z_0135_489.000000.png,#820079,2,85.597980,3.832745,0.153310,0.040000
z_0135_489.000000.png,#88bbd1,7,435.445743,19.497571,0.779903,0.040000
z_0135_489.000000.png,#8f82c4,4,294.048773,13.166363,0.526655,0.040000
z_0135_489.000000.png,#91ff78,8,367.847763,16.470795,0.658832,0.040000
z_0135_489.000000.png,#96645c,1,16.485281,0.738147,0.029526,0.040000
z_0135_489.000000.png,#9ed3de,1,187.137085,8.379272,0.335171,0.040000
z_0135_489.000000.png,#b2a0fa,3,90.769553,4.064308,0.162572,0.040000
z_0135_489.000000.png,#bbb477,8,254.350288,11.388819,0.455553,0.040000
z_0135_489.000000.png,#c4809c,3,143.639610,6.431624,0.257265,0.040000
z_0135_489.000000.png,#ccebb2,10,794.080303,35.555834,1.422233,0.040000
z_0135_489.000000.png,#cfcb80,2,115.053824,5.151664,0.206067,0.040000
z_0135_489.000000.png,#d0dba7,5,235.379726,10.539391,0.421576,0.040000
z_0135_489.000000.png,#d8e3a8,2,79.840620,3.574953,0.142998,0.040000
z_0135_489.000000.png,#f2cabf,4,417.445743,18.691600,0.747664,0.040000
z_0135_489.000000.png,#ff270f,1,26.142136,1.170543,0.046822,0.040000
z_0135_489.000000.png,#ff61e7,1,81.698485,3.658141,0.146326,0.040000
z_0135_489.000000.png,#ff6ee9,23,1220.513852,54.649874,2.185995,0.040000
z_0135_489.000000.png,#ff73a1,7,629.511760,28.187094,1.127484,0.040000
z_0135_489.000000.png,#ffbe78,8,498.658946,22.328013,0.893121,0.040000
z_0135_489.000000.png,#ffc978,6,247.137085,11.065840,0.442634,0.040000
z_0135_489.000000.png,#ffcdbd,2,80.526912,3.605683,0.144227,0.040000
z_0136_490.000000.png,#0c704f,3,215.480231,9.648369,0.385935,0.040000
z_0136_490.000000.png,#195ba5,3,54.870058,2.456868,0.098275,0.040000
z_0136_490.000000.png,#302e4d,2,43.798990,1.961149,0.078446,0.040000
z_0136_490.000000.png,#3b9c36,2,94.669048,4.238913,0.169557,0.040000
z_0136_490.000000.png,#40426e,2,61.698485,2.762619,0.110505,0.040000
z_0136_490.000000.png,#48e85e,5,235.622366,10.550255,0.422010,0.040000
z_0136_490.000000.png,#4cc7b6,5,318.350288,14.254491,0.570180,0.040000
z_0136_490.000000.png,#61965c,5,307.806133,13.782364,0.551295,0.040000
z_0136_490.000000.png,#74a865,4,127.396970,5.704342,0.228174,0.040000
z_0136_490.000000.png,#774d47,2,126.811183,5.678113,0.227125,0.040000
z_0136_490.000000.png,#7a0474,3,145.296465,6.505812,0.260232,0.040000
z_0136_490.000000.png,#7b92a8,10,553.428499,24.780381,0.991215,0.040000
z_0136_490.000000.png,#820079,2,79.941125,3.579453,0.143178,0.040000
z_0136_490.000000.png,#88bbd1,6,428.274170,19.176455,0.767058,0.040000
z_0136_490.000000.png,#8f82c4,4,304.048773,13.614124,0.544565,0.040000
z_0136_490.000000.png,#91ff78,8,388.676190,17.403412,0.696136,0.040000
z_0136_490.000000.png,#96645c,1,17.071068,0.764376,0.030575,0.040000
z_0136_490.000000.png,#9ed3de,1,183.137085,8.200168,0.328007,0.040000
z_0136_490.000000.png,#b2a0fa,3,93.012193,4.164725,0.166589,0.040000
z_0136_490.000000.png,#bbb477,9,274.735065,12.301570,0.492063,0.040000
z_0136_490.000000.png,#c4809c,3,140.468037,6.289614,0.251585,0.040000
z_0136_490.000000.png,#ccebb2,10,824.707720,36.927211,1.477088,0.040000
z_0136_490.000000.png,#cfcb80,2,109.639610,4.909236,0.196369,0.040000
z_0136_490.000000.png,#d0dba7,5,262.592929,11.757892,0.470316,0.040000
z_0136_490.000000.png,#d8e3a8,2,80.669048,3.612047,0.144482,0.040000
z_0136_490.000000.png,#f2cabf,5,431.587878,19.324830,0.772993,0.040000
z_0136_490.000000.png,#ff270f,1,24.727922,1.107220,0.044289,0.040000
z_0136_490.000000.png,#ff61e7,1,82.769553,3.706099,0.148244,0.040000
z_0136_490.000000.png,#ff6ee9,26,1209.342279,54.149654,2.165986,0.040000
z_0136_490.000000.png,#ff73a1,4,539.671140,24.164379,0.966575,0.040000
z_0136_490.000000.png,#ffbe78,8,498.658946,22.328013,0.893121,0.040000
z_0136_490.000000.png,#ffc978,6,245.722871,11.002517,0.440101,0.040000
z_0136_490.000000.png,#ffcdbd,2,92.183766,4.127631,0.165105,0.040000
z_0137_491.000000.png,#0c704f,3,200.409163,8.973545,0.358942,0.040000
z_0137_491.000000.png,#195ba5,3,47.213203,2.114024,0.084561,0.040000
z_0137_491.000000.png,#302e4d,2,52.870058,2.367316,0.094693,0.040000
z_0137_491.000000.png,#3b9c36,2,94.083261,4.212683,0.168507,0.040000
z_0137_491.000000.png,#40426e,2,63.698485,2.852171,0.114087,0.040000
z_0137_491.000000.png,#48e85e,5,218.693434,9.792243,0.391690,0.040000
z_0137_491.000000.png,#4cc7b6,4,242.166522,10.843277,0.433731,0.040000
z_0137_491.000000.png,#61965c,5,280.249783,12.548498,0.501940,0.040000
z_0137_491.000000.png,#74a865,3,93.497475,4.186454,0.167458,0.040000
z_0137_491.000000.png,#774d47,2,127.982756,5.730571,0.229223,0.040000
z_0137_491.000000.png,#7a0474,3,149.781746,6.706645,0.268266,0.040000
z_0137_491.000000.png,#7b92a8,9,576.884343,25.830642,1.033226,0.040000
z_0137_491.000000.png,#820079,2,81.012193,3.627412,0.145096,0.040000
z_0137_491.000000.png,#88bbd1,7,426.232539,19.085039,0.763402,0.040000
z_0137_491.000000.png,#8f82c4,3,302.534055,13.546301,0.541852,0.040000
z_0137_491.000000.png,#91ff78,8,409.404112,18.331527,0.733261,0.040000
z_0137_491.000000.png,#96645c,1,19.071068,0.853928,0.034157,0.040000
z_0137_491.000000.png,#9ed3de,1,180.894444,8.099751,0.323990,0.040000
z_0137_491.000000.png,#b2a0fa,3,92.426407,4.138496,0.165540,0.040000
z_0137_491.000000.png,#bbb477,9,290.149278,12.991759,0.519670,0.040000
z_0137_491.000000.png,#c4809c,3,137.396970,6.152103,0.246084,0.040000
z_0137_491.000000.png,#ccebb2,10,833.536147,37.322514,1.492901,0.040000
z_0137_491.000000.png,#cfcb80,2,94.669048,4.238913,0.169557,0.040000
z_0137_491.000000.png,#d0dba7,5,278.835570,12.485175,0.499407,0.040000
z_0137_491.000000.png,#d8e3a8,2,86.325902,3.865339,0.154614,0.040000
z_0137_491.000000.png,#f2cabf,5,435.730014,19.510299,0.780412,0.040000
z_0137_491.000000.png,#ff270f,1,23.313708,1.043897,0.041756,0.040000
z_0137_491.000000.png,#ff61e7,1,84.769553,3.795652,0.151826,0.040000
z_0137_491.000000.png,#ff6ee9,22,1048.388960,46.942789,1.877712,0.040000
z_0137_491.000000.png,#ff73a1,4,501.144228,22.439294,0.897572,0.040000
z_0137_491.000000.png,#ffbe78,8,483.587878,21.653189,0.866128,0.040000
z_0137_491.000000.png,#ffc978,6,265.622366,11.893539,0.475742,0.040000
z_0137_491.000000.png,#ffcdbd,2,96.426407,4.317600,0.172704,0.040000
z_0138_492.000000.png,#0c704f,3,181.580736,8.130481,0.325219,0.040000
z_0138_492.000000.png,#195ba5,3,50.870058,2.277764,0.091111,0.040000
z_0138_492.000000.png,#302e4d,2,51.455844,2.303993,0.092160,0.040000
z_0138_492.000000.png,#3b9c36,2,92.911688,4.160225,0.166409,0.040000
z_0138_492.000000.png,#40426e,2,69.355339,3.105463,0.124219,0.040000
z_0138_492.000000.png,#48e85e,4,187.237590,8.383773,0.335351,0.040000
z_0138_492.000000.png,#4cc7b6,4,241.823376,10.827912,0.433116,0.040000
z_0138_492.000000.png,#61965c,5,242.066017,10.838777,0.433551,0.040000
z_0138_492.000000.png,#74a865,3,67.597980,3.026775,0.121071,0.040000
z_0138_492.000000.png,#774d47,2,129.053824,5.778529,0.231141,0.040000
z_0138_492.000000.png,#7a0474,3,153.882251,6.890250,0.275610,0.040000
z_0138_492.000000.png,#7b92a8,10,629.269119,28.176229,1.127049,0.040000
z_0138_492.000000.png,#820079,2,79.597980,3.564089,0.142564,0.040000
z_0138_492.000000.png,#88bbd1,7,438.617316,19.639581,0.785583,0.040000
z_0138_492.000000.png,#8f82c4,3,297.462987,13.319238,0.532770,0.040000
z_0138_492.000000.png,#91ff78,10,402.575685,18.025777,0.721031,0.040000
z_0138_492.000000.png,#96645c,1,21.899495,0.980574,0.039223,0.040000
z_0138_492.000000.png,#9ed3de,1,174.894444,7.831095,0.313244,0.040000
z_0138_492.000000.png,#b2a0fa,3,97.254834,4.354694,0.174188,0.040000
z_0138_492.000000.png,#bbb477,9,305.462987,13.677447,0.547098,0.040000
z_0138_492.000000.png,#c4809c,3,137.053824,6.136738,0.245470,0.040000
z_0138_492.000000.png,#ccebb2,11,850.364574,38.076026,1.523041,0.040000
z_0138_492.000000.png,#cfcb80,2,81.597980,3.653641,0.146146,0.040000
z_0138_492.000000.png,#d0dba7,5,308.634560,13.819458,0.552778,0.040000
z_0138_492.000000.png,#d8e3a8,2,90.325902,4.044443,0.161778,0.040000
z_0138_492.000000.png,#f2cabf,4,428.901587,19.204549,0.768182,0.040000
z_0138_492.000000.png,#ff270f,1,21.313708,0.954345,0.038174,0.040000
z_0138_492.000000.png,#ff61e7,1,85.597980,3.832745,0.153310,0.040000
z_0138_492.000000.png,#ff6ee9,19,1006.832611,45.082057,1.803282,0.040000
z_0138_492.000000.png,#ff73a1,6,456.960461,20.460916,0.818437,0.040000
z_0138_492.000000.png,#ffbe78,10,470.859956,21.083282,0.843331,0.040000
z_0138_492.000000.png,#ffc978,7,272.450793,12.199289,0.487972,0.040000
z_0138_492.000000.png,#ffcdbd,2,102.325902,4.581757,0.183270,0.040000
z_0139_493.000000.png,#0c704f,3,179.580736,8.040928,0.321637,0.040000
z_0139_493.000000.png,#195ba5,3,50.870058,2.277764,0.091111,0.040000
z_0139_493.000000.png,#302e4d,2,50.041631,2.240670,0.089627,0.040000
z_0139_493.000000.png,#3b9c36,2,92.911688,4.160225,0.166409,0.040000
z_0139_493.000000.png,#40426e,2,70.183766,3.142557,0.125702,0.040000
z_0139_493.000000.png,#48e85e,4,188.066017,8.420866,0.336835,0.040000
z_0139_493.000000.png,#4cc7b6,4,241.823376,10.827912,0.433116,0.040000
z_0139_493.000000.png,#61965c,5,242.308658,10.849641,0.433986,0.040000
z_0139_493.000000.png,#74a865,3,68.183766,3.053004,0.122120,0.040000
z_0139_493.000000.png,#774d47,2,129.053824,5.778529,0.231141,0.040000
z_0139_493.000000.png,#7a0474,3,155.296465,6.953573,0.278143,0.040000
z_0139_493.000000.png,#7b92a8,10,632.683333,28.329104,1.133164,0.040000
z_0139_493.000000.png,#820079,2,79.597980,3.564089,0.142564,0.040000
z_0139_493.000000.png,#88bbd1,7,438.617316,19.639581,0.785583,0.040000
z_0139_493.000000.png,#8f82c4,3,298.048773,13.345467,0.533819,0.040000
z_0139_493.000000.png,#91ff78,10,402.575685,18.025777,0.721031,0.040000
z_0139_493.000000.png,#96645c,1,21.899495,0.980574,0.039223,0.040000
z_0139_493.000000.png,#9ed3de,1,174.894444,7.831095,0.313244,0.040000
z_0139_493.000000.png,#b2a0fa,3,97.840620,4.380923,0.175237,0.040000
z_0139_493.000000.png,#bbb477,9,307.462987,13.766999,0.550680,0.040000
z_0139_493.000000.png,#c4809c,3,136.225397,6.099645,0.243986,0.040000
z_0139_493.000000.png,#ccebb2,11,847.778787,37.960244,1.518410,0.040000
z_0139_493.000000.png,#cfcb80,2,81.597980,3.653641,0.146146,0.040000
z_0139_493.000000.png,#d0dba7,5,308.048773,13.793229,0.551729,0.040000
z_0139_493.000000.png,#d8e3a8,2,90.325902,4.044443,0.161778,0.040000
z_0139_493.000000.png,#f2cabf,4,433.144228,19.394518,0.775781,0.040000
z_0139_493.000000.png,#ff270f,1,21.313708,0.954345,0.038174,0.040000
z_0139_493.000000.png,#ff61e7,1,85.597980,3.832745,0.153310,0.040000
z_0139_493.000000.png,#ff6ee9,19,1010.489465,45.245797,1.809832,0.040000
z_0139_493.000000.png,#ff73a1,6,459.788889,20.587562,0.823502,0.040000
z_0139_493.000000.png,#ffbe78,10,470.274170,21.057052,0.842282,0.040000
z_0139_493.000000.png,#ffc978,7,271.279221,12.146831,0.485873,0.040000
z_0139_493.000000.png,#ffcdbd,2,103.154329,4.618851,0.184754,0.040000
z_0140_494.000000.png,#0c704f,4,182.894444,8.189303,0.327572,0.040000
z_0140_494.000000.png,#195ba5,3,52.627417,2.356452,0.094258,0.040000
z_0140_494.000000.png,#302e4d,3,77.254834,3.459172,0.138367,0.040000
z_0140_494.000000.png,#3b9c36,2,94.325902,4.223548,0.168942,0.040000
z_0140_494.000000.png,#40426e,2,69.112698,3.094598,0.123784,0.040000
z_0140_494.000000.png,#48e85e,1,142.267027,6.370165,0.254807,0.040000
z_0140_494.000000.png,#4cc7b6,4,217.480231,9.737921,0.389517,0.040000
z_0140_494.000000.png,#61965c,5,198.308658,8.879492,0.355180,0.040000
z_0140_494.000000.png,#74a865,2,20.485281,0.917251,0.036690,0.040000
z_0140_494.000000.png,#774d47,2,126.811183,5.678113,0.227125,0.040000
z_0140_494.000000.png,#7a0474,3,186.124892,8.333950,0.333358,0.040000
z_0140_494.000000.png,#7b92a8,12,645.570635,28.906148,1.156246,0.040000
z_0140_494.000000.png,#820079,2,82.183766,3.679870,0.147195,0.040000
z_0140_494.000000.png,#88bbd1,6,264.450793,11.841080,0.473643,0.040000
z_0140_494.000000.png,#8f82c4,3,314.190909,14.068250,0.562730,0.040000
z_0140_494.000000.png,#91ff78,11,413.989899,18.536861,0.741474,0.040000
z_0140_494.000000.png,#96645c,1,33.213203,1.487158,0.059486,0.040000
z_0140_494.000000.png,#9ed3de,1,166.066017,7.435792,0.297432,0.040000
z_0140_494.000000.png,#b2a0fa,3,103.497475,4.634215,0.185369,0.040000
z_0140_494.000000.png,#bbb477,11,346.190909,15.501085,0.620043,0.040000
z_0140_494.000000.png,#c4809c,3,129.982756,5.820123,0.232805,0.040000
z_0140_494.000000.png,#ccebb2,14,833.636652,37.327014,1.493081,0.040000
z_0140_494.000000.png,#cfcb80,2,71.698485,3.210380,0.128415,0.040000
z_0140_494.000000.png,#d0dba7,4,353.847763,15.843930,0.633757,0.040000
z_0140_494.000000.png,#d8e3a8,1,83.012193,3.716964,0.148679,0.040000
z_0140_494.000000.png,#f2cabf,3,460.700577,20.628384,0.825135,0.040000
z_0140_494.000000.png,#ff61e7,1,83.597980,3.743193,0.149728,0.040000
z_0140_494.000000.png,#ff6ee9,18,976.447835,43.721545,1.748862,0.040000
z_0140_494.000000.png,#ff73a1,5,341.220346,15.278523,0.611141,0.040000
z_0140_494.000000.png,#ffbe78,5,335.563492,15.025231,0.601009,0.040000
z_0140_494.000000.png,#ffc978,7,289.078210,12.943800,0.517752,0.040000
z_0140_494.000000.png,#ffcdbd,2,117.053824,5.241216,0.209649,0.040000
z_0141_495.000000.png,#0c704f,4,187.237590,8.383773,0.335351,0.040000
z_0141_495.000000.png,#195ba5,3,52.041631,2.330222,0.093209,0.040000
z_0141_495.000000.png,#302e4d,2,140.852814,6.306842,0.252274,0.040000
z_0141_495.000000.png,#3b9c36,2,93.396970,4.181954,0.167278,0.040000
z_0141_495.000000.png,#40426e,3,63.941125,2.863035,0.114521,0.040000
z_0141_495.000000.png,#48e85e,1,129.539105,5.800258,0.232010,0.040000
z_0141_495.000000.png,#4cc7b6,4,208.994949,9.357983,0.374319,0.040000
z_0141_495.000000.png,#61965c,4,179.438600,8.034564,0.321383,0.040000
z_0141_495.000000.png,#74a865,2,16.485281,0.738147,0.029526,0.040000
z_0141_495.000000.png,#774d47,2,125.639610,5.625654,0.225026,0.040000
z_0141_495.000000.png,#7a0474,4,207.195959,9.277431,0.371097,0.040000
z_0141_495.000000.png,#7b92a8,11,573.327994,25.671403,1.026856,0.040000
z_0141_495.000000.png,#820079,2,90.183766,4.038079,0.161523,0.040000
z_0141_495.000000.png,#88bbd1,6,246.107648,11.019745,0.440790,0.040000
z_0141_495.000000.png,#8f82c4,3,320.676190,14.358635,0.574345,0.040000
z_0141_495.000000.png,#91ff78,11,425.747258,19.063310,0.762532,0.040000
z_0141_495.000000.png,#96645c,1,38.142136,1.707857,0.068314,0.040000
z_0141_495.000000.png,#9ed3de,1,160.409163,7.182500,0.287300,0.040000
z_0141_495.000000.png,#b2a0fa,3,110.325902,4.939966,0.197599,0.040000
z_0141_495.000000.png,#bbb477,11,356.391919,15.957847,0.638314,0.040000
z_0141_495.000000.png,#c4809c,2,126.325902,5.656384,0.226255,0.040000
z_0141_495.000000.png,#ccebb2,13,831.879292,37.248327,1.489933,0.040000
z_0141_495.000000.png,#cfcb80,2,67.112698,3.005046,0.120202,0.040000
z_0141_495.000000.png,#d0dba7,4,377.605122,16.907692,0.676308,0.040000
z_0141_495.000000.png,#d8e3a8,1,79.840620,3.574953,0.142998,0.040000
z_0141_495.000000.png,#f2cabf,5,422.901587,18.935892,0.757436,0.040000
z_0141_495.000000.png,#ff61e7,1,85.254834,3.817381,0.152695,0.040000
z_0141_495.000000.png,#ff6ee9,18,943.376767,42.240751,1.689630,0.040000
z_0141_495.000000.png,#ff73a1,4,312.007143,13.970469,0.558819,0.040000
z_0141_495.000000.png,#ffbe78,5,325.563492,14.577470,0.583099,0.040000
z_0141_495.000000.png,#ffc978,8,293.320851,13.133769,0.525351,0.040000
z_0141_495.000000.png,#ffcdbd,2,125.882251,5.636519,0.225461,0.040000
z_0142_496.000000.png,#0c704f,4,186.066017,8.331314,0.333253,0.040000
z_0142_496.000000.png,#195ba5,3,52.041631,2.330222,0.093209,0.040000
z_0142_496.000000.png,#302e4d,2,141.438600,6.333072,0.253323,0.040000
z_0142_496.000000.png,#3b9c36,2,91.154329,4.081537,0.163261,0.040000
z_0142_496.000000.png,#40426e,3,63.941125,2.863035,0.114521,0.040000
z_0142_496.000000.png,#48e85e,1,128.953319,5.774029,0.230961,0.040000
z_0142_496.000000.png,#4cc7b6,4,211.480231,9.469264,0.378771,0.040000
z_0142_496.000000.png,#61965c,4,178.267027,7.982106,0.319284,0.040000
z_0142_496.000000.png,#74a865,2,16.485281,0.738147,0.029526,0.040000
z_0142_496.000000.png,#774d47,2,125.053824,5.599425,0.223977,0.040000
z_0142_496.000000.png,#7a0474,4,203.539105,9.113691,0.364548,0.040000
z_0142_496.000000.png,#7b92a8,11,568.842712,25.470569,1.018823,0.040000
z_0142_496.000000.png,#820079,2,88.769553,3.974756,0.158990,0.040000
z_0142_496.000000.png,#88bbd1,6,246.107648,11.019745,0.440790,0.040000
z_0142_496.000000.png,#8f82c4,3,321.504617,14.395729,0.575829,0.040000
z_0142_496.000000.png,#91ff78,11,426.333044,19.089539,0.763582,0.040000
z_0142_496.000000.png,#96645c,1,37.556349,1.681628,0.067265,0.040000
z_0142_496.000000.png,#9ed3de,1,159.823376,7.156271,0.286251,0.040000
z_0142_496.000000.png,#b2a0fa,3,111.154329,4.977060,0.199082,0.040000
z_0142_496.000000.png,#bbb477,11,358.048773,16.032035,0.641281,0.040000
z_0142_496.000000.png,#c4809c,2,126.325902,5.656384,0.226255,0.040000
z_0142_496.000000.png,#ccebb2,13,822.222438,36.815930,1.472637,0.040000
z_0142_496.000000.png,#cfcb80,2,65.698485,2.941723,0.117669,0.040000
z_0142_496.000000.png,#d0dba7,4,375.362482,16.807275,0.672291,0.040000
z_0142_496.000000.png,#d8e3a8,1,79.840620,3.574953,0.142998,0.040000
z_0142_496.000000.png,#f2cabf,5,422.901587,18.935892,0.757436,0.040000
z_0142_496.000000.png,#ff61e7,1,85.254834,3.817381,0.152695,0.040000
z_0142_496.000000.png,#ff6ee9,18,939.962554,42.087876,1.683515,0.040000
z_0142_496.000000.png,#ff73a1,4,312.007143,13.970469,0.558819,0.040000
z_0142_496.000000.png,#ffbe78,5,326.149278,14.603699,0.584148,0.040000
z_0142_496.000000.png,#ffc978,8,293.320851,13.133769,0.525351,0.040000
z_0142_496.000000.png,#ffcdbd,2,125.882251,5.636519,0.225461,0.040000
z_0143_497.000000.png,#0c704f,4,232.551299,10.412745,0.416510,0.040000
z_0143_497.000000.png,#195ba5,3,55.941125,2.504827,0.100193,0.040000
z_0143_497.000000.png,#302e4d,2,142.367532,6.374666,0.254987,0.040000
z_0143_497.000000.png,#3b9c36,2,87.012193,3.896068,0.155843,0.040000
z_0143_497.000000.png,#40426e,2,44.627417,1.998243,0.079930,0.040000
z_0143_497.000000.png,#48e85e,1,117.639610,5.267445,0.210698,0.040000
z_0143_497.000000.png,#4cc7b6,4,152.852814,6.844156,0.273766,0.040000
z_0143_497.000000.png,#61965c,3,165.438600,7.407699,0.296308,0.040000
z_0143_497.000000.png,#74a865,1,12.485281,0.559042,0.022362,0.040000
z_0143_497.000000.png,#774d47,2,115.982756,5.193258,0.207730,0.040000
z_0143_497.000000.png,#7a0474,3,123.396970,5.525237,0.221009,0.040000
z_0143_497.000000.png,#7b92a8,12,495.972655,22.207731,0.888309,0.040000
z_0143_497.000000.png,#820079,2,122.811183,5.499008,0.219960,0.040000
z_0143_497.000000.png,#88bbd1,7,494.114790,22.124543,0.884982,0.040000
z_0143_497.000000.png,#8f82c4,2,338.090404,15.138376,0.605535,0.040000
z_0143_497.000000.png,#91ff78,11,417.546248,18.696101,0.747844,0.040000
z_0143_497.000000.png,#96645c,1,41.798990,1.871597,0.074864,0.040000
z_0143_497.000000.png,#9ed3de,1,137.195959,6.143103,0.245724,0.040000
z_0143_497.000000.png,#b2a0fa,4,134.468037,6.020957,0.240838,0.040000
z_0143_497.000000.png,#bbb477,6,354.634560,15.879159,0.635166,0.040000
z_0143_497.000000.png,#c4809c,2,125.740115,5.630154,0.225206,0.040000
z_0143_497.000000.png,#ccebb2,13,865.979797,38.775215,1.551009,0.040000
z_0143_497.000000.png,#cfcb80,2,56.526912,2.531056,0.101242,0.040000
z_0143_497.000000.png,#d0dba7,4,396.776695,17.766121,0.710645,0.040000
z_0143_497.000000.png,#d8e3a8,2,81.597980,3.653641,0.146146,0.040000
z_0143_497.000000.png,#f2cabf,3,333.161472,14.917678,0.596707,0.040000
z_0143_497.000000.png,#ff61e7,1,82.669048,3.701599,0.148064,0.040000
z_0143_497.000000.png,#ff6ee9,16,951.477272,42.603460,1.704138,0.040000
z_0143_497.000000.png,#ff73a1,4,269.379726,12.061779,0.482471,0.040000
z_0143_497.000000.png,#ffbe78,5,339.462987,15.199835,0.607993,0.040000
z_0143_497.000000.png,#ffc978,8,246.994949,11.059475,0.442379,0.040000
z_0143_497.000000.png,#ffcdbd,1,167.438600,7.497251,0.299890,0.040000
z_0144_498.000000.png,#0c704f,4,234.793939,10.513161,0.420526,0.040000
z_0144_498.000000.png,#195ba5,3,55.941125,2.504827,0.100193,0.040000
z_0144_498.000000.png,#302e4d,2,142.367532,6.374666,0.254987,0.040000
z_0144_498.000000.png,#3b9c36,2,87.012193,3.896068,0.155843,0.040000
z_0144_498.000000.png,#40426e,2,44.627417,1.998243,0.079930,0.040000
z_0144_498.000000.png,#48e85e,1,117.639610,5.267445,0.210698,0.040000
z_0144_498.000000.png,#4cc7b6,4,155.681241,6.970802,0.278832,0.040000
z_0144_498.000000.png,#61965c,2,168.024387,7.523480,0.300939,0.040000
z_0144_498.000000.png,#74a865,1,12.485281,0.559042,0.022362,0.040000
z_0144_498.000000.png,#774d47,2,115.396970,5.167028,0.206681,0.040000
z_0144_498.000000.png,#7a0474,3,122.811183,5.499008,0.219960,0.040000
z_0144_498.000000.png,#7b92a8,12,496.558441,22.233960,0.889358,0.040000
z_0144_498.000000.png,#820079,2,122.225397,5.472779,0.218911,0.040000
z_0144_498.000000.png,#88bbd1,7,485.286363,21.729240,0.869170,0.040000
z_0144_498.000000.png,#8f82c4,2,338.676190,15.164606,0.606584,0.040000
z_0144_498.000000.png,#91ff78,11,419.788889,18.796517,0.751861,0.040000
z_0144_498.000000.png,#96645c,1,41.798990,1.871597,0.074864,0.040000
z_0144_498.000000.png,#9ed3de,1,139.438600,6.243519,0.249741,0.040000
z_0144_498.000000.png,#b2a0fa,4,135.053824,6.047186,0.241887,0.040000
z_0144_498.000000.png,#bbb477,6,355.462987,15.916253,0.636650,0.040000
z_0144_498.000000.png,#c4809c,2,124.911688,5.593061,0.223722,0.040000
z_0144_498.000000.png,#ccebb2,13,869.879292,38.949819,1.557993,0.040000
z_0144_498.000000.png,#cfcb80,2,56.526912,2.531056,0.101242,0.040000
z_0144_498.000000.png,#d0dba7,4,399.019336,17.866537,0.714661,0.040000
z_0144_498.000000.png,#d8e3a8,2,81.840620,3.664505,0.146580,0.040000
z_0144_498.000000.png,#f2cabf,3,333.747258,14.943907,0.597756,0.040000
z_0144_498.000000.png,#ff61e7,1,82.669048,3.701599,0.148064,0.040000
z_0144_498.000000.png,#ff6ee9,16,949.962554,42.535637,1.701425,0.040000
z_0144_498.000000.png,#ff73a1,4,269.622366,12.072643,0.482906,0.040000
z_0144_498.000000.png,#ffbe78,5,339.462987,15.199835,0.607993,0.040000
z_0144_498.000000.png,#ffc978,8,249.137085,11.155392,0.446216,0.040000
z_0144_498.000000.png,#ffcdbd,1,166.267027,7.444792,0.297792,0.040000
z_0145_499.000000.png,#0c704f,4,241.036580,10.792683,0.431707,0.040000
z_0145_499.000000.png,#195ba5,3,58.526912,2.620608,0.104824,0.040000
z_0145_499.000000.png,#302e4d,2,162.509668,7.276552,0.291062,0.040000
z_0145_499.000000.png,#3b9c36,2,89.597980,4.011850,0.160474,0.040000
z_0145_499.000000.png,#40426e,2,42.384776,1.897826,0.075913,0.040000
z_0145_499.000000.png,#48e85e,1,111.982756,5.014153,0.200566,0.040000
z_0145_499.000000.png,#4cc7b6,4,151.338095,6.776333,0.271053,0.040000
z_0145_499.000000.png,#61965c,2,170.367532,7.628397,0.305136,0.040000
z_0145_499.000000.png,#74a865,1,13.071068,0.585272,0.023411,0.040000
z_0145_499.000000.png,#774d47,2,114.468037,5.125435,0.205017,0.040000
z_0145_499.000000.png,#7a0474,3,115.154329,5.156164,0.206247,0.040000
z_0145_499.000000.png,#7b92a8,10,446.859956,20.008655,0.800346,0.040000
z_0145_499.000000.png,#820079,2,123.882251,5.546966,0.221879,0.040000
z_0145_499.000000.png,#88bbd1,7,455.244733,20.384093,0.815364,0.040000
z_0145_499.000000.png,#8f82c4,2,344.918831,15.444127,0.617765,0.040000
z_0145_499.000000.png,#91ff78,12,416.374675,18.643642,0.745746,0.040000
z_0145_499.000000.png,#96645c,1,39.798990,1.782044,0.071282,0.040000
z_0145_499.000000.png,#9ed3de,1,130.367532,5.837352,0.233494,0.040000
z_0145_499.000000.png,#b2a0fa,4,137.740115,6.167468,0.246699,0.040000
z_0145_499.000000.png,#bbb477,6,381.747258,17.093161,0.683726,0.040000
z_0145_499.000000.png,#c4809c,2,124.083261,5.555967,0.222239,0.040000
z_0145_499.000000.png,#ccebb2,15,874.264069,39.146152,1.565846,0.040000
z_0145_499.000000.png,#cfcb80,2,53.112698,2.378181,0.095127,0.040000
z_0145_499.000000.png,#d0dba7,3,391.948268,17.549922,0.701997,0.040000
z_0145_499.000000.png,#d8e3a8,2,76.426407,3.422078,0.136883,0.040000
z_0145_499.000000.png,#f2cabf,3,322.090404,14.421958,0.576878,0.040000
z_0145_499.000000.png,#ff61e7,1,80.669048,3.612047,0.144482,0.040000
z_0145_499.000000.png,#ff6ee9,16,915.962554,41.013249,1.640530,0.040000
z_0145_499.000000.png,#ff73a1,4,259.622366,11.624882,0.464995,0.040000
z_0145_499.000000.png,#ffbe78,4,337.948268,15.132012,0.605280,0.040000
z_0145_499.000000.png,#ffc978,8,240.066017,10.749225,0.429969,0.040000
z_0145_499.000000.png,#ffcdbd,1,170.852814,7.650126,0.306005,0.040000
z_0146_500.000000.png,#0c704f,3,233.137085,10.438974,0.417559,0.040000
z_0146_500.000000.png,#195ba5,3,53.355339,2.389045,0.095562,0.040000
z_0146_500.000000.png,#302e4d,2,162.509668,7.276552,0.291062,0.040000
z_0146_500.000000.png,#3b9c36,2,90.911688,4.070673,0.162827,0.040000
z_0146_500.000000.png,#40426e,2,40.142136,1.797409,0.071896,0.040000
z_0146_500.000000.png,#48e85e,1,115.053824,5.151664,0.206067,0.040000
z_0146_500.000000.png,#4cc7b6,4,145.681241,6.523041,0.260922,0.040000
z_0146_500.000000.png,#61965c,2,169.781746,7.602168,0.304087,0.040000
z_0146_500.000000.png,#74a865,1,13.071068,0.585272,0.023411,0.040000
z_0146_500.000000.png,#774d47,2,113.639610,5.088341,0.203534,0.040000
z_0146_500.000000.png,#7a0474,3,114.911688,5.145299,0.205812,0.040000
z_0146_500.000000.png,#7b92a8,10,446.818326,20.006791,0.800272,0.040000
z_0146_500.000000.png,#820079,2,129.882251,5.815623,0.232625,0.040000
z_0146_500.000000.png,#88bbd1,7,435.688384,19.508435,0.780337,0.040000
z_0146_500.000000.png,#8f82c4,3,351.605122,15.743513,0.629741,0.040000
z_0146_500.000000.png,#91ff78,12,453.587878,20.309905,0.812396,0.040000
z_0146_500.000000.png,#96645c,1,38.970563,1.744951,0.069798,0.040000
z_0146_500.000000.png,#9ed3de,1,133.882251,5.994728,0.239789,0.040000
z_0146_500.000000.png,#b2a0fa,4,140.568542,6.294114,0.251765,0.040000
z_0146_500.000000.png,#bbb477,5,389.161472,17.425141,0.697006,0.040000
z_0146_500.000000.png,#c4809c,2,124.669048,5.582196,0.223288,0.040000
z_0146_500.000000.png,#ccebb2,14,827.494516,37.051993,1.482080,0.040000
z_0146_500.000000.png,#cfcb80,2,46.284271,2.072430,0.082897,0.040000
z_0146_500.000000.png,#d0dba7,3,397.362482,17.792350,0.711694,0.040000
z_0146_500.000000.png,#d8e3a8,2,67.597980,3.026775,0.121071,0.040000
z_0146_500.000000.png,#f2cabf,4,321.362482,14.389365,0.575575,0.040000
z_0146_500.000000.png,#ff61e7,1,79.497475,3.559588,0.142384,0.040000
z_0146_500.000000.png,#ff6ee9,16,898.991991,40.253373,1.610135,0.040000
z_0146_500.000000.png,#ff73a1,4,249.622366,11.177121,0.447085,0.040000
z_0146_500.000000.png,#ffbe78,4,331.705627,14.852491,0.594100,0.040000
z_0146_500.000000.png,#ffc978,9,262.936075,11.773257,0.470930,0.040000
z_0146_500.000000.png,#ffcdbd,1,172.024387,7.702584,0.308103,0.040000
z_0147_501.000000.png,#0c704f,3,227.580736,10.190182,0.407607,0.040000
z_0147_501.000000.png,#195ba5,3,51.698485,2.314858,0.092594,0.040000
z_0147_501.000000.png,#302e4d,2,165.095454,7.392334,0.295693,0.040000
z_0147_501.000000.png,#3b9c36,2,89.840620,4.022714,0.160909,0.040000
z_0147_501.000000.png,#40426e,2,42.142136,1.886961,0.075478,0.040000
z_0147_501.000000.png,#48e85e,1,113.882251,5.099205,0.203968,0.040000
z_0147_501.000000.png,#4cc7b6,4,145.681241,6.523041,0.260922,0.040000
z_0147_501.000000.png,#61965c,2,172.852814,7.739678,0.309587,0.040000
z_0147_501.000000.png,#74a865,1,13.656854,0.611501,0.024460,0.040000
z_0147_501.000000.png,#774d47,2,112.124892,5.020518,0.200821,0.040000
z_0147_501.000000.png,#7a0474,3,113.740115,5.092841,0.203714,0.040000
z_0147_501.000000.png,#7b92a8,10,451.303607,20.207624,0.808305,0.040000
z_0147_501.000000.png,#820079,2,135.882251,6.084280,0.243371,0.040000
z_0147_501.000000.png,#88bbd1,8,432.516811,19.366424,0.774657,0.040000
z_0147_501.000000.png,#8f82c4,3,359.261977,16.086357,0.643454,0.040000
z_0147_501.000000.png,#91ff78,12,498.558441,22.323512,0.892940,0.040000
z_0147_501.000000.png,#96645c,1,40.970563,1.834503,0.073380,0.040000
z_0147_501.000000.png,#9ed3de,1,106.911688,4.787091,0.191484,0.040000
z_0147_501.000000.png,#b2a0fa,4,154.811183,6.931844,0.277274,0.040000
z_0147_501.000000.png,#bbb477,5,388.918831,17.414276,0.696571,0.040000
z_0147_501.000000.png,#c4809c,2,124.568542,5.577696,0.223108,0.040000
z_0147_501.000000.png,#ccebb2,14,811.595021,36.340076,1.453603,0.040000
z_0147_501.000000.png,#cfcb80,2,44.041631,1.972013,0.078881,0.040000
z_0147_501.000000.png,#d0dba7,4,389.362482,17.434141,0.697366,0.040000
z_0147_501.000000.png,#d8e3a8,2,57.455844,2.572650,0.102906,0.040000
z_0147_501.000000.png,#f2cabf,4,305.705627,13.688312,0.547532,0.040000
z_0147_501.000000.png,#ff61e7,1,78.083261,3.496265,0.139851,0.040000
z_0147_501.000000.png,#ff6ee9,17,882.849855,39.530591,1.581224,0.040000
z_0147_501.000000.png,#ff73a1,4,245.379726,10.987152,0.439486,0.040000
z_0147_501.000000.png,#ffbe78,4,307.806133,13.782364,0.551295,0.040000
z_0147_501.000000.png,#ffc978,8,284.350288,12.732102,0.509284,0.040000
z_0147_501.000000.png,#ffcdbd,1,176.509668,7.903418,0.316137,0.040000
z_0148_502.000000.png,#0c704f,3,226.894444,10.159453,0.406378,0.040000
z_0148_502.000000.png,#195ba5,3,51.455844,2.303993,0.092160,0.040000
z_0148_502.000000.png,#302e4d,1,145.438600,6.512176,0.260487,0.040000
z_0148_502.000000.png,#3b9c36,2,92.426407,4.138496,0.165540,0.040000
z_0148_502.000000.png,#40426e,2,48.627417,2.177347,0.087094,0.040000
z_0148_502.000000.png,#48e85e,1,109.639610,4.909236,0.196369,0.040000
z_0148_502.000000.png,#4cc7b6,4,146.953319,6.579999,0.263200,0.040000
z_0148_502.000000.png,#61965c,2,174.852814,7.829230,0.313169,0.040000
z_0148_502.000000.png,#74a865,1,15.071068,0.674824,0.026993,0.040000
z_0148_502.000000.png,#774d47,2,106.710678,4.778090,0.191124,0.040000
z_0148_502.000000.png,#7a0474,3,116.568542,5.219487,0.208779,0.040000
z_0148_502.000000.png,#7b92a8,10,465.688384,20.851719,0.834069,0.040000
z_0148_502.000000.png,#820079,2,137.539105,6.158467,0.246339,0.040000
z_0148_502.000000.png,#88bbd1,6,433.587878,19.414383,0.776575,0.040000
z_0148_502.000000.png,#8f82c4,3,359.261977,16.086357,0.643454,0.040000
z_0148_502.000000.png,#91ff78,12,529.629509,23.714754,0.948590,0.040000
z_0148_502.000000.png,#96645c,1,38.727922,1.734086,0.069363,0.040000
z_0148_502.000000.png,#9ed3de,1,87.355339,3.911433,0.156457,0.040000
z_0148_502.000000.png,#b2a0fa,4,159.396970,7.137178,0.285487,0.040000
z_0148_502.000000.png,#bbb477,6,366.776695,16.422837,0.656913,0.040000
z_0148_502.000000.png,#c4809c,2,120.568542,5.398591,0.215944,0.040000
z_0148_502.000000.png,#ccebb2,13,785.595021,35.175896,1.407036,0.040000
z_0148_502.000000.png,#cfcb80,2,42.041631,1.882461,0.075298,0.040000
z_0148_502.000000.png,#d0dba7,4,376.776695,16.870598,0.674824,0.040000
z_0148_502.000000.png,#d8e3a8,2,43.213203,1.934920,0.077397,0.040000
z_0148_502.000000.png,#f2cabf,3,290.634560,13.013488,0.520540,0.040000
z_0148_502.000000.png,#ff61e7,1,80.083261,3.585818,0.143433,0.040000
z_0148_502.000000.png,#ff6ee9,16,902.991991,40.432477,1.617299,0.040000
z_0148_502.000000.png,#ff73a1,4,241.279221,10.803547,0.432142,0.040000
z_0148_502.000000.png,#ffbe78,4,301.806133,13.513707,0.540548,0.040000
z_0148_502.000000.png,#ffc978,7,279.622366,12.520404,0.500816,0.040000
z_0148_502.000000.png,#ffcdbd,1,185.923882,8.324950,0.332998,0.040000
z_0149_503.000000.png,#0c704f,3,220.551299,9.875431,0.395017,0.040000
z_0149_503.000000.png,#195ba5,3,55.112698,2.467733,0.098709,0.040000
z_0149_503.000000.png,#302e4d,1,150.509668,6.739239,0.269570,0.040000
z_0149_503.000000.png,#3b9c36,3,116.811183,5.230351,0.209214,0.040000
z_0149_503.000000.png,#40426e,2,57.213203,2.561785,0.102471,0.040000
z_0149_503.000000.png,#48e85e,1,119.396970,5.346133,0.213845,0.040000
z_0149_503.000000.png,#4cc7b6,4,135.053824,6.047186,0.241887,0.040000
z_0149_503.000000.png,#61965c,2,173.438600,7.765907,0.310636,0.040000
z_0149_503.000000.png,#74a865,1,13.899495,0.622365,0.024895,0.040000
z_0149_503.000000.png,#774d47,2,95.740115,4.286871,0.171475,0.040000
z_0149_503.000000.png,#7a0474,3,115.396970,5.167028,0.206681,0.040000
z_0149_503.000000.png,#7b92a8,9,466.516811,20.888812,0.835552,0.040000
z_0149_503.000000.png,#820079,2,142.367532,6.374666,0.254987,0.040000
z_0149_503.000000.png,#88bbd1,6,403.203102,18.053870,0.722155,0.040000
z_0149_503.000000.png,#8f82c4,4,367.060967,16.435566,0.657423,0.040000
z_0149_503.000000.png,#91ff78,12,547.286363,24.505360,0.980214,0.040000
z_0149_503.000000.png,#96645c,1,35.556349,1.592075,0.063683,0.040000
z_0149_503.000000.png,#9ed3de,1,77.941125,3.489901,0.139596,0.040000
z_0149_503.000000.png,#b2a0fa,4,161.639610,7.237594,0.289504,0.040000
z_0149_503.000000.png,#bbb477,6,365.504617,16.365878,0.654635,0.040000
z_0149_503.000000.png,#c4809c,2,111.740115,5.003289,0.200132,0.040000
z_0149_503.000000.png,#ccebb2,13,781.494516,34.992292,1.399692,0.040000
z_0149_503.000000.png,#cfcb80,2,39.455844,1.766680,0.070667,0.040000
z_0149_503.000000.png,#d0dba7,6,346.877200,15.531815,0.621273,0.040000
z_0149_503.000000.png,#d8e3a8,1,38.384776,1.718721,0.068749,0.040000
z_0149_503.000000.png,#f2cabf,3,275.078210,12.316935,0.492677,0.040000
z_0149_503.000000.png,#ff61e7,1,79.840620,3.574953,0.142998,0.040000
z_0149_503.000000.png,#ff6ee9,14,916.063059,41.017749,1.640710,0.040000
z_0149_503.000000.png,#ff73a1,6,213.865007,9.576045,0.383042,0.040000
z_0149_503.000000.png,#ffbe78,4,287.421356,12.869613,0.514785,0.040000
z_0149_503.000000.png,#ffc978,7,283.379726,12.688644,0.507546,0.040000
z_0149_503.000000.png,#ffcdbd,2,175.338095,7.850959,0.314038,0.040000
z_0150_504.000000.png,#0c704f,3,215.580736,9.652869,0.386115,0.040000
z_0150_504.000000.png,#195ba5,3,51.112698,2.288628,0.091545,0.040000
z_0150_504.000000.png,#302e4d,1,154.509668,6.918343,0.276734,0.040000
z_0150_504.000000.png,#3b9c36,2,122.225397,5.472779,0.218911,0.040000
z_0150_504.000000.png,#40426e,2,59.698485,2.673066,0.106923,0.040000
z_0150_504.000000.png,#48e85e,2,136.710678,6.121374,0.244855,0.040000
z_0150_504.000000.png,#4cc7b6,3,138.124892,6.184697,0.247388,0.040000
z_0150_504.000000.png,#61965c,2,174.852814,7.829230,0.313169,0.040000
z_0150_504.000000.png,#74a865,1,12.485281,0.559042,0.022362,0.040000
z_0150_504.000000.png,#774d47,2,88.325902,3.954891,0.158196,0.040000
z_0150_504.000000.png,#7a0474,3,108.325902,4.850414,0.194017,0.040000
z_0150_504.000000.png,#7b92a8,10,529.144228,23.693025,0.947721,0.040000
z_0150_504.000000.png,#820079,2,149.539105,6.695781,0.267831,0.040000
z_0150_504.000000.png,#88bbd1,6,413.546248,18.516996,0.740680,0.040000
z_0150_504.000000.png,#8f82c4,4,355.747258,15.928982,0.637159,0.040000
z_0150_504.000000.png,#91ff78,11,555.185858,24.859068,0.994363,0.040000
z_0150_504.000000.png,#96645c,1,32.384776,1.450065,0.058003,0.040000
z_0150_504.000000.png,#9ed3de,1,66.870058,2.994182,0.119767,0.040000
z_0150_504.000000.png,#b2a0fa,4,165.539105,7.412199,0.296488,0.040000
z_0150_504.000000.png,#bbb477,8,331.663997,14.850627,0.594025,0.040000
z_0150_504.000000.png,#c4809c,2,107.154329,4.797955,0.191918,0.040000
z_0150_504.000000.png,#ccebb2,11,794.222438,35.562199,1.422488,0.040000
z_0150_504.000000.png,#cfcb80,2,36.041631,1.613804,0.064552,0.040000
z_0150_504.000000.png,#d0dba7,6,319.220346,14.293448,0.571738,0.040000
z_0150_504.000000.png,#d8e3a8,1,36.727922,1.644534,0.065781,0.040000
z_0150_504.000000.png,#f2cabf,3,262.592929,11.757892,0.470316,0.040000
z_0150_504.000000.png,#ff61e7,1,77.840620,3.485401,0.139416,0.040000
z_0150_504.000000.png,#ff6ee9,15,864.849855,38.724620,1.548985,0.040000
z_0150_504.000000.png,#ff73a1,4,157.681241,7.060354,0.282414,0.040000
z_0150_504.000000.png,#ffbe78,4,274.592929,12.295206,0.491808,0.040000
z_0150_504.000000.png,#ffc978,8,270.409163,12.107873,0.484315,0.040000
z_0150_504.000000.png,#ffcdbd,3,188.024387,8.419002,0.336760,0.040000
z_0151_505.000000.png,#0c704f,5,206.166522,9.231337,0.369253,0.040000
z_0151_505.000000.png,#195ba5,3,61.698485,2.762619,0.110505,0.040000
z_0151_505.000000.png,#302e4d,1,156.509668,7.007896,0.280316,0.040000
z_0151_505.000000.png,#3b9c36,2,125.639610,5.625654,0.225026,0.040000
z_0151_505.000000.png,#40426e,2,66.041631,2.957088,0.118284,0.040000
z_0151_505.000000.png,#48e85e,3,135.053824,6.047186,0.241887,0.040000
z_0151_505.000000.png,#4cc7b6,3,129.639610,5.804759,0.232190,0.040000
z_0151_505.000000.png,#61965c,2,177.681241,7.955876,0.318235,0.040000
z_0151_505.000000.png,#74a865,1,11.899495,0.532813,0.021313,0.040000
z_0151_505.000000.png,#774d47,2,89.154329,3.991985,0.159679,0.040000
z_0151_505.000000.png,#7a0474,3,97.597980,4.370059,0.174802,0.040000
z_0151_505.000000.png,#7b92a8,10,586.399062,26.256674,1.050267,0.040000
z_0151_505.000000.png,#820079,3,166.024387,7.433928,0.297357,0.040000
z_0151_505.000000.png,#88bbd1,6,388.818326,17.409776,0.696391,0.040000
z_0151_505.000000.png,#8f82c4,5,351.504617,15.739013,0.629561,0.040000
z_0151_505.000000.png,#91ff78,11,571.570635,25.592715,1.023709,0.040000
z_0151_505.000000.png,#96645c,1,29.556349,1.323419,0.052937,0.040000
z_0151_505.000000.png,#9ed3de,1,55.455844,2.483097,0.099324,0.040000
z_0151_505.000000.png,#b2a0fa,4,174.024387,7.792137,0.311685,0.040000
z_0151_505.000000.png,#bbb477,8,274.551299,12.293342,0.491734,0.040000
z_0151_505.000000.png,#c4809c,2,111.740115,5.003289,0.200132,0.040000
z_0151_505.000000.png,#ccebb2,11,794.021428,35.553198,1.422128,0.040000
z_0151_505.000000.png,#cfcb80,2,29.556349,1.323419,0.052937,0.040000
z_0151_505.000000.png,#d0dba7,6,278.835570,12.485175,0.499407,0.040000
z_0151_505.000000.png,#d8e3a8,1,35.313708,1.581211,0.063248,0.040000
z_0151_505.000000.png,#f2cabf,3,253.764502,11.362590,0.454504,0.040000
z_0151_505.000000.png,#ff61e7,1,79.012193,3.537859,0.141514,0.040000
z_0151_505.000000.png,#ff6ee9,16,813.050865,36.405263,1.456211,0.040000
z_0151_505.000000.png,#ff73a1,3,147.539105,6.606229,0.264249,0.040000
z_0151_505.000000.png,#ffbe78,4,269.178716,12.052778,0.482111,0.040000
z_0151_505.000000.png,#ffc978,7,279.480231,12.514040,0.500562,0.040000
z_0151_505.000000.png,#ffcdbd,3,204.994949,9.178878,0.367155,0.040000
z_0152_506.000000.png,#0c704f,4,174.267027,7.803001,0.312120,0.040000
z_0152_506.000000.png,#195ba5,3,76.183766,3.411213,0.136449,0.040000
z_0152_506.000000.png,#302e4d,1,162.852814,7.291917,0.291677,0.040000
z_0152_506.000000.png,#3b9c36,2,142.367532,6.374666,0.254987,0.040000
z_0152_506.000000.png,#40426e,2,66.526912,2.978817,0.119153,0.040000
z_0152_506.000000.png,#48e85e,3,132.225397,5.920540,0.236822,0.040000
z_0152_506.000000.png,#4cc7b6,2,124.568542,5.577696,0.223108,0.040000
z_0152_506.000000.png,#61965c,2,177.681241,7.955876,0.318235,0.040000
z_0152_506.000000.png,#74a865,1,11.656854,0.521949,0.020878,0.040000
z_0152_506.000000.png,#774d47,2,84.669048,3.791151,0.151646,0.040000
z_0152_506.000000.png,#7a0474,3,84.769553,3.795652,0.151826,0.040000
z_0152_506.000000.png,#7b92a8,9,597.126984,26.737029,1.069481,0.040000
z_0152_506.000000.png,#820079,3,169.681241,7.597668,0.303907,0.040000
z_0152_506.000000.png,#88bbd1,8,389.889394,17.457734,0.698309,0.040000
z_0152_506.000000.png,#8f82c4,5,313.705627,14.046521,0.561861,0.040000
z_0152_506.000000.png,#91ff78,11,593.612265,26.579654,1.063186,0.040000
z_0152_506.000000.png,#96645c,1,32.384776,1.450065,0.058003,0.040000
z_0152_506.000000.png,#9ed3de,1,45.798990,2.050701,0.082028,0.040000
z_0152_506.000000.png,#b2a0fa,5,166.024387,7.433928,0.297357,0.040000
z_0152_506.000000.png,#bbb477,6,232.894444,10.428109,0.417124,0.040000
z_0152_506.000000.png,#c4809c,2,110.325902,4.939966,0.197599,0.040000
z_0152_506.000000.png,#ccebb2,10,720.322943,32.253266,1.290131,0.040000
z_0152_506.000000.png,#cfcb80,2,30.384776,1.360512,0.054420,0.040000
z_0152_506.000000.png,#d0dba7,4,220.450793,9.870931,0.394837,0.040000
z_0152_506.000000.png,#d8e3a8,1,36.142136,1.618305,0.064732,0.040000
z_0152_506.000000.png,#f2cabf,3,245.521861,10.993516,0.439741,0.040000
z_0152_506.000000.png,#ff61e7,1,80.183766,3.590318,0.143613,0.040000
z_0152_506.000000.png,#ff6ee9,13,782.080303,35.018521,1.400741,0.040000
z_0152_506.000000.png,#ff73a1,3,144.953319,6.490447,0.259618,0.040000
z_0152_506.000000.png,#ffbe78,5,248.693434,11.135527,0.445421,0.040000
z_0152_506.000000.png,#ffc978,6,293.965512,13.162635,0.526505,0.040000
z_0152_506.000000.png,#ffcdbd,3,218.894444,9.801244,0.392050,0.040000
z_0153_507.000000.png,#0c704f,4,174.852814,7.829230,0.313169,0.040000
z_0153_507.000000.png,#195ba5,3,76.183766,3.411213,0.136449,0.040000
z_0153_507.000000.png,#302e4d,1,164.267027,7.355240,0.294210,0.040000
z_0153_507.000000.png,#3b9c36,2,141.781746,6.348436,0.253937,0.040000
z_0153_507.000000.png,#40426e,2,66.526912,2.978817,0.119153,0.040000
z_0153_507.000000.png,#48e85e,3,130.811183,5.857217,0.234289,0.040000
z_0153_507.000000.png,#4cc7b6,2,124.568542,5.577696,0.223108,0.040000
z_0153_507.000000.png,#61965c,2,178.509668,7.992970,0.319719,0.040000
z_0153_507.000000.png,#74a865,1,11.071068,0.495719,0.019829,0.040000
z_0153_507.000000.png,#774d47,2,83.840620,3.754058,0.150162,0.040000
z_0153_507.000000.png,#7a0474,3,82.769553,3.706099,0.148244,0.040000
z_0153_507.000000.png,#7b92a8,9,598.298557,26.789488,1.071580,0.040000
z_0153_507.000000.png,#820079,3,168.267027,7.534345,0.301374,0.040000
z_0153_507.000000.png,#88bbd1,8,389.060967,17.420640,0.696826,0.040000
z_0153_507.000000.png,#8f82c4,5,312.534055,13.994062,0.559762,0.040000
z_0153_507.000000.png,#91ff78,11,591.369624,26.479237,1.059169,0.040000
z_0153_507.000000.png,#96645c,1,32.384776,1.450065,0.058003,0.040000
z_0153_507.000000.png,#9ed3de,1,45.213203,2.024472,0.080979,0.040000
z_0153_507.000000.png,#b2a0fa,5,167.438600,7.497251,0.299890,0.040000
z_0153_507.000000.png,#bbb477,6,232.308658,10.401880,0.416075,0.040000
z_0153_507.000000.png,#c4809c,2,110.325902,4.939966,0.197599,0.040000
z_0153_507.000000.png,#ccebb2,10,721.151370,32.290360,1.291614,0.040000
z_0153_507.000000.png,#cfcb80,2,29.556349,1.323419,0.052937,0.040000
z_0153_507.000000.png,#d0dba7,4,218.793939,9.796744,0.391870,0.040000
z_0153_507.000000.png,#d8e3a8,1,36.142136,1.618305,0.064732,0.040000
z_0153_507.000000.png,#f2cabf,3,245.521861,10.993516,0.439741,0.040000
z_0153_507.000000.png,#ff61e7,1,80.183766,3.590318,0.143613,0.040000
z_0153_507.000000.png,#ff6ee9,13,783.251875,35.070979,1.402839,0.040000
z_0153_507.000000.png,#ff73a1,3,146.953319,6.579999,0.263200,0.040000
z_0153_507.000000.png,#ffbe78,5,247.865007,11.098433,0.443937,0.040000
z_0153_507.000000.png,#ffc978,6,295.379726,13.225958,0.529038,0.040000
z_0153_507.000000.png,#ffcdbd,3,217.722871,9.748785,0.389951,0.040000
z_0154_508.000000.png,#0c704f,4,149.882251,6.711146,0.268446,0.040000
z_0154_508.000000.png,#195ba5,3,92.083261,4.123131,0.164925,0.040000
z_0154_508.000000.png,#302e4d,2,163.681241,7.329011,0.293160,0.040000
z_0154_508.000000.png,#3b9c36,3,204.350288,9.150013,0.366001,0.040000
z_0154_508.000000.png,#40426e,2,64.284271,2.878400,0.115136,0.040000
z_0154_508.000000.png,#48e85e,3,85.497475,3.828245,0.153130,0.040000
z_0154_508.000000.png,#4cc7b6,2,113.154329,5.066612,0.202664,0.040000
z_0154_508.000000.png,#61965c,2,181.681241,8.134981,0.325399,0.040000
z_0154_508.000000.png,#74a865,1,9.071068,0.406167,0.016247,0.040000
z_0154_508.000000.png,#774d47,2,74.426407,3.332526,0.133301,0.040000
z_0154_508.000000.png,#7a0474,3,75.840620,3.395849,0.135834,0.040000
z_0154_508.000000.png,#7b92a8,8,635.997041,28.477479,1.139099,0.040000
z_0154_508.000000.png,#820079,4,202.994949,9.089326,0.363573,0.040000
z_0154_508.000000.png,#88bbd1,5,334.534055,14.979137,0.599165,0.040000
z_0154_508.000000.png,#8f82c4,5,274.492424,12.290706,0.491628,0.040000
z_0154_508.000000.png,#91ff78,10,606.399062,27.152197,1.086088,0.040000
z_0154_508.000000.png,#96645c,1,24.970563,1.118085,0.044723,0.040000
z_0154_508.000000.png,#b2a0fa,6,190.409163,8.525783,0.341031,0.040000
z_0154_508.000000.png,#bbb477,6,191.338095,8.567377,0.342695,0.040000
z_0154_508.000000.png,#c4809c,2,114.568542,5.129935,0.205197,0.040000
z_0154_508.000000.png,#ccebb2,9,651.470129,29.170304,1.166812,0.040000
z_0154_508.000000.png,#cfcb80,2,31.556349,1.412971,0.056519,0.040000
z_0154_508.000000.png,#d0dba7,4,165.923882,7.429428,0.297177,0.040000
z_0154_508.000000.png,#d8e3a8,1,34.627417,1.550481,0.062019,0.040000
z_0154_508.000000.png,#f2cabf,3,219.580736,9.831973,0.393279,0.040000
z_0154_508.000000.png,#ff270f,1,144.669048,6.477719,0.259109,0.040000
z_0154_508.000000.png,#ff61e7,2,79.112698,3.542360,0.141694,0.040000
z_0154_508.000000.png,#ff6ee9,12,685.411255,30.690056,1.227602,0.040000
z_0154_508.000000.png,#ff73a1,3,158.367532,7.091084,0.283643,0.040000
z_0154_508.000000.png,#ffbe78,4,205.237590,9.189743,0.367590,0.040000
z_0154_508.000000.png,#ffc978,6,276.793939,12.393758,0.495750,0.040000
z_0154_508.000000.png,#ffcdbd,4,219.379726,9.822973,0.392919,0.040000
z_0155_509.000000.png,#0c704f,4,150.468037,6.737375,0.269495,0.040000
z_0155_509.000000.png,#195ba5,3,96.911688,4.339329,0.173573,0.040000
z_0155_509.000000.png,#302e4d,2,174.166522,7.798501,0.311940,0.040000
z_0155_509.000000.png,#3b9c36,3,203.178716,9.097554,0.363902,0.040000
z_0155_509.000000.png,#40426e,2,64.284271,2.878400,0.115136,0.040000
z_0155_509.000000.png,#48e85e,3,84.911688,3.802016,0.152081,0.040000
z_0155_509.000000.png,#4cc7b6,2,113.982756,5.103705,0.204148,0.040000
z_0155_509.000000.png,#61965c,2,181.681241,8.134981,0.325399,0.040000
z_0155_509.000000.png,#74a865,1,9.071068,0.406167,0.016247,0.040000
z_0155_509.000000.png,#774d47,2,73.840620,3.306296,0.132252,0.040000
z_0155_509.000000.png,#7a0474,3,75.840620,3.395849,0.135834,0.040000
z_0155_509.000000.png,#7b92a8,8,633.754401,28.377063,1.135083,0.040000
z_0155_509.000000.png,#820079,4,201.095454,9.004274,0.360171,0.040000
z_0155_509.000000.png,#88bbd1,5,334.776695,14.990001,0.599600,0.040000
z_0155_509.000000.png,#8f82c4,5,275.320851,12.327799,0.493112,0.040000
z_0155_509.000000.png,#91ff78,10,607.570635,27.204655,1.088186,0.040000
z_0155_509.000000.png,#96645c,1,24.970563,1.118085,0.044723,0.040000
z_0155_509.000000.png,#b2a0fa,6,190.994949,8.552013,0.342081,0.040000
z_0155_509.000000.png,#bbb477,6,191.095454,8.556513,0.342261,0.040000
z_0155_509.000000.png,#c4809c,2,115.154329,5.156164,0.206247,0.040000
z_0155_509.000000.png,#ccebb2,9,651.126984,29.154940,1.166198,0.040000
z_0155_509.000000.png,#cfcb80,2,30.384776,1.360512,0.054420,0.040000
z_0155_509.000000.png,#d0dba7,4,163.923882,7.339875,0.293595,0.040000
z_0155_509.000000.png,#d8e3a8,1,34.627417,1.550481,0.062019,0.040000
z_0155_509.000000.png,#f2cabf,3,217.580736,9.742421,0.389697,0.040000
z_0155_509.000000.png,#ff270f,1,144.669048,6.477719,0.259109,0.040000
z_0155_509.000000.png,#ff61e7,2,79.112698,3.542360,0.141694,0.040000
z_0155_509.000000.png,#ff6ee9,12,685.168614,30.679192,1.227168,0.040000
z_0155_509.000000.png,#ff73a1,3,159.195959,7.128177,0.285127,0.040000
z_0155_509.000000.png,#ffbe78,4,194.752309,8.720253,0.348810,0.040000
z_0155_509.000000.png,#ffc978,6,276.208153,12.367529,0.494701,0.040000
z_0155_509.000000.png,#ffcdbd,4,220.793939,9.886296,0.395452,0.040000
z_0156_510.000000.png,#0c704f,4,129.154329,5.783030,0.231321,0.040000
z_0156_510.000000.png,#195ba5,3,82.325902,3.686234,0.147449,0.040000
z_0156_510.000000.png,#302e4d,2,155.438600,6.959937,0.278397,0.040000
z_0156_510.000000.png,#3b9c36,2,136.166522,6.097008,0.243880,0.040000
z_0156_510.000000.png,#40426e,2,67.698485,3.031275,0.121251,0.040000
z_0156_510.000000.png,#48e85e,2,50.526912,2.262399,0.090496,0.040000
z_0156_510.000000.png,#4cc7b6,2,104.911688,4.697538,0.187902,0.040000
z_0156_510.000000.png,#61965c,2,200.308658,8.969044,0.358762,0.040000
z_0156_510.000000.png,#74a865,1,11.071068,0.495719,0.019829,0.040000
z_0156_510.000000.png,#774d47,2,72.769553,3.258338,0.130334,0.040000
z_0156_510.000000.png,#7a0474,3,78.526912,3.516130,0.140645,0.040000
z_0156_510.000000.png,#7b92a8,8,649.754401,29.093481,1.163739,0.040000
z_0156_510.000000.png,#820079,5,210.894444,9.443035,0.377721,0.040000
z_0156_510.000000.png,#88bbd1,5,330.433550,14.795532,0.591821,0.040000
z_0156_510.000000.png,#8f82c4,5,315.261977,14.116208,0.564648,0.040000
z_0156_510.000000.png,#91ff78,10,567.771645,25.422611,1.016904,0.040000
z_0156_510.000000.png,#96645c,1,25.313708,1.133450,0.045338,0.040000
z_0156_510.000000.png,#b2a0fa,6,215.580736,9.652869,0.386115,0.040000
z_0156_510.000000.png,#bbb477,5,181.095454,8.108752,0.324350,0.040000
z_0156_510.000000.png,#c4809c,2,125.740115,5.630154,0.225206,0.040000
z_0156_510.000000.png,#ccebb2,10,590.357431,26.433915,1.057357,0.040000
z_0156_510.000000.png,#cfcb80,2,36.627417,1.640034,0.065601,0.040000
z_0156_510.000000.png,#d0dba7,3,103.982756,4.655944,0.186238,0.040000
z_0156_510.000000.png,#d8e3a8,2,67.355339,3.015911,0.120636,0.040000
z_0156_510.000000.png,#f2cabf,3,187.681241,8.403638,0.336146,0.040000
z_0156_510.000000.png,#ff270f,2,121.497475,5.440185,0.217607,0.040000
z_0156_510.000000.png,#ff61e7,2,70.526912,3.157921,0.126317,0.040000
z_0156_510.000000.png,#ff6ee9,12,625.369624,28.001625,1.120065,0.040000
z_0156_510.000000.png,#ff73a1,4,159.539105,7.143542,0.285742,0.040000
z_0156_510.000000.png,#ffbe78,4,115.154329,5.156164,0.206247,0.040000
z_0156_510.000000.png,#ffc978,7,282.835570,12.664279,0.506571,0.040000
z_0156_510.000000.png,#ffcdbd,3,189.237590,8.473325,0.338933,0.040000
z_0157_511.000000.png,#0c704f,4,129.154329,5.783030,0.231321,0.040000
z_0157_511.000000.png,#195ba5,3,83.154329,3.723328,0.148933,0.040000
z_0157_511.000000.png,#302e4d,2,157.681241,7.060354,0.282414,0.040000
z_0157_511.000000.png,#3b9c36,2,135.338095,6.059915,0.242397,0.040000
z_0157_511.000000.png,#40426e,2,67.941125,3.042140,0.121686,0.040000
z_0157_511.000000.png,#48e85e,2,50.526912,2.262399,0.090496,0.040000
z_0157_511.000000.png,#4cc7b6,2,104.911688,4.697538,0.187902,0.040000
z_0157_511.000000.png,#61965c,2,202.551299,9.069461,0.362778,0.040000
z_0157_511.000000.png,#74a865,1,11.071068,0.495719,0.019829,0.040000
z_0157_511.000000.png,#774d47,2,72.769553,3.258338,0.130334,0.040000
z_0157_511.000000.png,#7a0474,3,76.526912,3.426578,0.137063,0.040000
z_0157_511.000000.png,#7b92a8,8,651.411255,29.167668,1.166707,0.040000
z_0157_511.000000.png,#820079,5,207.823376,9.305524,0.372221,0.040000
z_0157_511.000000.png,#88bbd1,5,331.847763,14.858855,0.594354,0.040000
z_0157_511.000000.png,#8f82c4,5,314.676190,14.089979,0.563599,0.040000
z_0157_511.000000.png,#91ff78,10,566.842712,25.381017,1.015241,0.040000
z_0157_511.000000.png,#96645c,1,25.313708,1.133450,0.045338,0.040000
z_0157_511.000000.png,#b2a0fa,6,216.651804,9.700827,0.388033,0.040000
z_0157_511.000000.png,#bbb477,5,179.095454,8.019199,0.320768,0.040000
z_0157_511.000000.png,#c4809c,2,125.740115,5.630154,0.225206,0.040000
z_0157_511.000000.png,#ccebb2,10,590.700577,26.449280,1.057971,0.040000
z_0157_511.000000.png,#cfcb80,2,36.384776,1.629169,0.065167,0.040000
z_0157_511.000000.png,#d0dba7,3,103.982756,4.655944,0.186238,0.040000
z_0157_511.000000.png,#d8e3a8,2,68.769553,3.079234,0.123169,0.040000
z_0157_511.000000.png,#f2cabf,3,189.681241,8.493190,0.339728,0.040000
z_0157_511.000000.png,#ff270f,2,121.497475,5.440185,0.217607,0.040000
z_0157_511.000000.png,#ff61e7,2,70.526912,3.157921,0.126317,0.040000
z_0157_511.000000.png,#ff6ee9,12,626.198052,28.038719,1.121549,0.040000
z_0157_511.000000.png,#ff73a1,4,158.367532,7.091084,0.283643,0.040000
z_0157_511.000000.png,#ffbe78,4,111.740115,5.003289,0.200132,0.040000
z_0157_511.000000.png,#ffc978,7,284.249783,12.727602,0.509104,0.040000
z_0157_511.000000.png,#ffcdbd,3,189.480231,8.484189,0.339368,0.040000
z_0158_512.000000.png,#0c704f,3,86.911688,3.891568,0.155663,0.040000
z_0158_512.000000.png,#195ba5,2,46.627417,2.087795,0.083512,0.040000
z_0158_512.000000.png,#302e4d,2,149.539105,6.695781,0.267831,0.040000
z_0158_512.000000.png,#3b9c36,1,34.142136,1.528752,0.061150,0.040000
z_0158_512.000000.png,#40426e,3,127.154329,5.693477,0.227739,0.040000
z_0158_512.000000.png,#48e85e,2,51.698485,2.314858,0.092594,0.040000
z_0158_512.000000.png,#4cc7b6,2,90.769553,4.064308,0.162572,0.040000
z_0158_512.000000.png,#61965c,1,168.267027,7.534345,0.301374,0.040000
z_0158_512.000000.png,#74a865,1,13.071068,0.585272,0.023411,0.040000
z_0158_512.000000.png,#774d47,2,85.597980,3.832745,0.153310,0.040000
z_0158_512.000000.png,#7a0474,3,79.012193,3.537859,0.141514,0.040000
z_0158_512.000000.png,#7b92a8,7,644.884343,28.875418,1.155017,0.040000
z_0158_512.000000.png,#820079,6,213.137085,9.543452,0.381738,0.040000
z_0158_512.000000.png,#88bbd1,4,186.651804,8.357543,0.334302,0.040000
z_0158_512.000000.png,#8f82c4,4,358.090404,16.033899,0.641356,0.040000
z_0158_512.000000.png,#91ff78,8,494.801082,22.155272,0.886211,0.040000
z_0158_512.000000.png,#96645c,1,28.727922,1.286325,0.051453,0.040000
z_0158_512.000000.png,#b2a0fa,6,243.137085,10.886735,0.435469,0.040000
z_0158_512.000000.png,#bbb477,5,172.367532,7.717949,0.308718,0.040000
z_0158_512.000000.png,#c4809c,2,133.396970,5.972999,0.238920,0.040000
z_0158_512.000000.png,#ccebb2,7,460.960461,20.640021,0.825601,0.040000
z_0158_512.000000.png,#d0dba7,2,43.455844,1.945784,0.077831,0.040000
z_0158_512.000000.png,#d8e3a8,2,83.597980,3.743193,0.149728,0.040000
z_0158_512.000000.png,#f2cabf,3,230.894444,10.338557,0.413542,0.040000
z_0158_512.000000.png,#ff270f,1,67.112698,3.005046,0.120202,0.040000
z_0158_512.000000.png,#ff61e7,3,83.254834,3.727828,0.149113,0.040000
z_0158_512.000000.png,#ff6ee9,9,546.700577,24.479130,0.979165,0.040000
z_0158_512.000000.png,#ff73a1,4,201.237590,9.010638,0.360426,0.040000
z_0158_512.000000.png,#ffbe78,1,39.798990,1.782044,0.071282,0.040000
z_0158_512.000000.png,#ffc978,9,271.078210,12.137830,0.485513,0.040000
z_0158_512.000000.png,#ffcdbd,2,67.112698,3.005046,0.120202,0.040000
z_0159_513.000000.png,#0c704f,3,86.911688,3.891568,0.155663,0.040000
z_0159_513.000000.png,#195ba5,2,46.627417,2.087795,0.083512,0.040000
z_0159_513.000000.png,#302e4d,2,150.124892,6.722010,0.268880,0.040000
z_0159_513.000000.png,#3b9c36,1,32.970563,1.476294,0.059052,0.040000
z_0159_513.000000.png,#40426e,3,127.740115,5.719707,0.228788,0.040000
z_0159_513.000000.png,#48e85e,2,51.698485,2.314858,0.092594,0.040000
z_0159_513.000000.png,#4cc7b6,2,90.769553,4.064308,0.162572,0.040000
z_0159_513.000000.png,#61965c,1,168.509668,7.545209,0.301808,0.040000
z_0159_513.000000.png,#74a865,1,13.071068,0.585272,0.023411,0.040000
z_0159_513.000000.png,#774d47,2,84.183766,3.769422,0.150777,0.040000
z_0159_513.000000.png,#7a0474,3,79.012193,3.537859,0.141514,0.040000
z_0159_513.000000.png,#7b92a8,7,646.783838,28.960470,1.158419,0.040000
z_0159_513.000000.png,#820079,6,208.409163,9.331754,0.373270,0.040000
z_0159_513.000000.png,#88bbd1,4,186.894444,8.368408,0.334736,0.040000
z_0159_513.000000.png,#8f82c4,4,357.504617,16.007669,0.640307,0.040000
z_0159_513.000000.png,#91ff78,8,492.558441,22.054856,0.882194,0.040000
z_0159_513.000000.png,#96645c,1,30.142136,1.349648,0.053986,0.040000
z_0159_513.000000.png,#b2a0fa,6,245.965512,11.013381,0.440535,0.040000
z_0159_513.000000.png,#bbb477,5,171.781746,7.691720,0.307669,0.040000
z_0159_513.000000.png,#c4809c,2,134.811183,6.036322,0.241453,0.040000
z_0159_513.000000.png,#ccebb2,7,457.646753,20.491646,0.819666,0.040000
z_0159_513.000000.png,#d0dba7,2,44.041631,1.972013,0.078881,0.040000
z_0159_513.000000.png,#d8e3a8,2,83.597980,3.743193,0.149728,0.040000
z_0159_513.000000.png,#f2cabf,3,234.894444,10.517662,0.420706,0.040000
z_0159_513.000000.png,#ff270f,1,67.698485,3.031275,0.121251,0.040000
z_0159_513.000000.png,#ff61e7,3,82.426407,3.690735,0.147629,0.040000
z_0159_513.000000.png,#ff6ee9,9,547.872150,24.531589,0.981264,0.040000
z_0159_513.000000.png,#ff73a1,4,202.651804,9.073961,0.362958,0.040000
z_0159_513.000000.png,#ffbe78,1,39.798990,1.782044,0.071282,0.040000
z_0159_513.000000.png,#ffc978,9,271.078210,12.137830,0.485513,0.040000
z_0159_513.000000.png,#ffcdbd,2,67.112698,3.005046,0.120202,0.040000
z_0160_514.000000.png,#0c704f,2,54.041631,2.419775,0.096791,0.040000
z_0160_514.000000.png,#195ba5,2,50.041631,2.240670,0.089627,0.040000
z_0160_514.000000.png,#302e4d,2,139.781746,6.258884,0.250355,0.040000
z_0160_514.000000.png,#3b9c36,1,19.899495,0.891022,0.035641,0.040000
z_0160_514.000000.png,#40426e,3,121.740115,5.451050,0.218042,0.040000
z_0160_514.000000.png,#48e85e,2,54.870058,2.456868,0.098275,0.040000
z_0160_514.000000.png,#4cc7b6,2,89.698485,4.016350,0.160654,0.040000
z_0160_514.000000.png,#61965c,1,143.539105,6.427124,0.257085,0.040000
z_0160_514.000000.png,#74a865,1,14.485281,0.648595,0.025944,0.040000
z_0160_514.000000.png,#774d47,2,85.597980,3.832745,0.153310,0.040000
z_0160_514.000000.png,#7a0474,3,77.941125,3.489901,0.139596,0.040000
z_0160_514.000000.png,#7b92a8,9,605.470129,27.110603,1.084424,0.040000
z_0160_514.000000.png,#820079,6,205.237590,9.189743,0.367590,0.040000
z_0160_514.000000.png,#88bbd1,4,134.124892,6.005592,0.240224,0.040000
z_0160_514.000000.png,#8f82c4,4,358.676190,16.060128,0.642405,0.040000
z_0160_514.000000.png,#91ff78,8,489.244733,21.906481,0.876259,0.040000
z_0160_514.000000.png,#96645c,1,31.313708,1.402106,0.056084,0.040000
z_0160_514.000000.png,#b2a0fa,8,243.521861,10.903964,0.436159,0.040000
z_0160_514.000000.png,#bbb477,7,208.994949,9.357983,0.374319,0.040000
z_0160_514.000000.png,#c4809c,2,138.568542,6.204562,0.248182,0.040000
z_0160_514.000000.png,#ccebb2,7,436.031529,19.523800,0.780952,0.040000
z_0160_514.000000.png,#d0dba7,2,40.041631,1.792909,0.071716,0.040000
z_0160_514.000000.png,#d8e3a8,2,101.154329,4.529298,0.181172,0.040000
z_0160_514.000000.png,#f2cabf,4,229.279221,10.266234,0.410649,0.040000
z_0160_514.000000.png,#ff270f,1,64.284271,2.878400,0.115136,0.040000
z_0160_514.000000.png,#ff61e7,3,84.183766,3.769422,0.150777,0.040000
z_0160_514.000000.png,#ff6ee9,9,516.759451,23.138483,0.925539,0.040000
z_0160_514.000000.png,#ff73a1,4,209.338095,9.373348,0.374934,0.040000
z_0160_514.000000.png,#ffbe78,1,36.384776,1.629169,0.065167,0.040000
z_0160_514.000000.png,#ffc978,10,270.592929,12.116101,0.484644,0.040000
z_0160_514.000000.png,#ffcdbd,2,58.870058,2.635973,0.105439,0.040000
z_0161_515.000000.png,#0c704f,2,53.455844,2.393545,0.095742,0.040000
z_0161_515.000000.png,#195ba5,2,53.112698,2.378181,0.095127,0.040000
z_0161_515.000000.png,#302e4d,2,126.468037,5.662748,0.226510,0.040000
z_0161_515.000000.png,#40426e,2,120.811183,5.409456,0.216378,0.040000
z_0161_515.000000.png,#48e85e,2,54.526912,2.441504,0.097660,0.040000
z_0161_515.000000.png,#4cc7b6,2,93.840620,4.201819,0.168073,0.040000
z_0161_515.000000.png,#61965c,1,125.639610,5.625654,0.225026,0.040000
z_0161_515.000000.png,#74a865,1,17.656854,0.790605,0.031624,0.040000
z_0161_515.000000.png,#774d47,2,89.012193,3.985621,0.159425,0.040000
z_0161_515.000000.png,#7a0474,3,77.355339,3.463672,0.138547,0.040000
z_0161_515.000000.png,#7b92a8,11,561.671140,25.149454,1.005978,0.040000
z_0161_515.000000.png,#820079,6,209.480231,9.379712,0.375188,0.040000
z_0161_515.000000.png,#88bbd1,3,119.396970,5.346133,0.213845,0.040000
z_0161_515.000000.png,#8f82c4,5,345.161472,15.454991,0.618200,0.040000
z_0161_515.000000.png,#91ff78,7,483.244733,21.637824,0.865513,0.040000
z_0161_515.000000.png,#96645c,1,32.142136,1.439200,0.057568,0.040000
z_0161_515.000000.png,#b2a0fa,6,220.166522,9.858202,0.394328,0.040000
z_0161_515.000000.png,#bbb477,7,206.752309,9.257566,0.370303,0.040000
z_0161_515.000000.png,#c4809c,2,139.396970,6.241655,0.249666,0.040000
z_0161_515.000000.png,#ccebb2,7,421.161472,18.857976,0.754319,0.040000
z_0161_515.000000.png,#d0dba7,2,41.213203,1.845367,0.073815,0.040000
z_0161_515.000000.png,#d8e3a8,2,109.982756,4.924601,0.196984,0.040000
z_0161_515.000000.png,#f2cabf,3,222.208153,9.949619,0.397985,0.040000
z_0161_515.000000.png,#ff270f,1,63.112698,2.825942,0.113038,0.040000
z_0161_515.000000.png,#ff61e7,3,108.325902,4.850414,0.194017,0.040000
z_0161_515.000000.png,#ff6ee9,8,477.102597,21.362803,0.854512,0.040000
z_0161_515.000000.png,#ff73a1,4,222.409163,9.958619,0.398345,0.040000
z_0161_515.000000.png,#ffbe78,1,33.556349,1.502523,0.060101,0.040000
z_0161_515.000000.png,#ffc978,7,271.906638,12.174924,0.486997,0.040000
z_0161_515.000000.png,#ffcdbd,2,57.698485,2.583514,0.103341,0.040000
z_0162_516.000000.png,#0c704f,2,52.041631,2.330222,0.093209,0.040000
z_0162_516.000000.png,#195ba5,2,56.284271,2.520191,0.100808,0.040000
z_0162_516.000000.png,#302e4d,2,119.639610,5.356997,0.214280,0.040000
z_0162_516.000000.png,#40426e,2,118.568542,5.309039,0.212362,0.040000
z_0162_516.000000.png,#48e85e,2,53.941125,2.415274,0.096611,0.040000
z_0162_516.000000.png,#4cc7b6,2,95.497475,4.276006,0.171040,0.040000
z_0162_516.000000.png,#61965c,1,108.568542,4.861278,0.194451,0.040000
z_0162_516.000000.png,#74a865,2,30.142136,1.349648,0.053986,0.040000
z_0162_516.000000.png,#774d47,2,102.083261,4.570892,0.182836,0.040000
z_0162_516.000000.png,#7a0474,3,80.083261,3.585818,0.143433,0.040000
z_0162_516.000000.png,#7b92a8,10,568.742207,25.466069,1.018643,0.040000
z_0162_516.000000.png,#820079,10,282.149278,12.633550,0.505342,0.040000
z_0162_516.000000.png,#88bbd1,3,116.568542,5.219487,0.208779,0.040000
z_0162_516.000000.png,#8f82c4,5,341.705627,15.300252,0.612010,0.040000
z_0162_516.000000.png,#91ff78,8,476.416306,21.332073,0.853283,0.040000
z_0162_516.000000.png,#96645c,1,32.384776,1.450065,0.058003,0.040000
z_0162_516.000000.png,#b2a0fa,6,223.823376,10.021942,0.400878,0.040000
z_0162_516.000000.png,#bbb477,6,181.095454,8.108752,0.324350,0.040000
z_0162_516.000000.png,#c4809c,3,155.053824,6.942709,0.277708,0.040000
z_0162_516.000000.png,#ccebb2,8,406.676190,18.209382,0.728375,0.040000
z_0162_516.000000.png,#d0dba7,2,39.455844,1.766680,0.070667,0.040000
z_0162_516.000000.png,#d8e3a8,2,118.468037,5.304539,0.212182,0.040000
z_0162_516.000000.png,#f2cabf,3,201.580736,9.026003,0.361040,0.040000
z_0162_516.000000.png,#ff270f,1,58.627417,2.625108,0.105004,0.040000
z_0162_516.000000.png,#ff61e7,2,121.882251,5.457414,0.218297,0.040000
z_0162_516.000000.png,#ff6ee9,10,478.617316,21.430626,0.857225,0.040000
z_0162_516.000000.png,#ff73a1,6,261.036580,11.688205,0.467528,0.040000
z_0162_516.000000.png,#ffbe78,1,32.384776,1.450065,0.058003,0.040000
z_0162_516.000000.png,#ffc978,7,253.379726,11.345361,0.453814,0.040000
z_0162_516.000000.png,#ffcdbd,2,54.041631,2.419775,0.096791,0.040000
z_0163_517.000000.png,#0c704f,2,53.355339,2.389045,0.095562,0.040000
z_0163_517.000000.png,#195ba5,2,54.284271,2.430639,0.097226,0.040000
z_0163_517.000000.png,#302e4d,2,97.012193,4.343830,0.173753,0.040000
z_0163_517.000000.png,#40426e,2,115.982756,5.193258,0.207730,0.040000
z_0163_517.000000.png,#48e85e,2,58.526912,2.620608,0.104824,0.040000
z_0163_517.000000.png,#4cc7b6,3,83.254834,3.727828,0.149113,0.040000
z_0163_517.000000.png,#61965c,1,101.740115,4.555528,0.182221,0.040000
z_0163_517.000000.png,#74a865,2,52.870058,2.367316,0.094693,0.040000
z_0163_517.000000.png,#774d47,2,114.325902,5.119070,0.204763,0.040000
z_0163_517.000000.png,#7a0474,3,82.769553,3.706099,0.148244,0.040000
z_0163_517.000000.png,#7b92a8,10,562.783838,25.199276,1.007971,0.040000
z_0163_517.000000.png,#820079,6,358.190909,16.038399,0.641536,0.040000
z_0163_517.000000.png,#88bbd1,3,119.982756,5.372362,0.214894,0.040000
z_0163_517.000000.png,#8f82c4,4,337.948268,15.132012,0.605280,0.040000
z_0163_517.000000.png,#91ff78,7,449.345238,20.119936,0.804797,0.040000
z_0163_517.000000.png,#96645c,1,28.142136,1.260096,0.050404,0.040000
z_0163_517.000000.png,#b2a0fa,6,227.722871,10.196546,0.407862,0.040000
z_0163_517.000000.png,#bbb477,6,172.367532,7.717949,0.308718,0.040000
z_0163_517.000000.png,#c4809c,2,166.953319,7.475522,0.299021,0.040000
z_0163_517.000000.png,#ccebb2,10,348.877200,15.621367,0.624855,0.040000
z_0163_517.000000.png,#d0dba7,2,38.870058,1.740450,0.069618,0.040000
z_0163_517.000000.png,#d8e3a8,2,126.124892,5.647383,0.225895,0.040000
z_0163_517.000000.png,#f2cabf,4,226.066017,10.122359,0.404894,0.040000
z_0163_517.000000.png,#ff270f,1,48.384776,2.166483,0.086659,0.040000
z_0163_517.000000.png,#ff61e7,2,112.568542,5.040382,0.201615,0.040000
z_0163_517.000000.png,#ff6ee9,8,483.345238,21.642324,0.865693,0.040000
z_0163_517.000000.png,#ff73a1,6,301.320851,13.491978,0.539679,0.040000
z_0163_517.000000.png,#ffbe78,1,26.727922,1.196773,0.047871,0.040000
z_0163_517.000000.png,#ffc978,8,247.379726,11.076704,0.443068,0.040000
z_0163_517.000000.png,#ffcdbd,2,68.183766,3.053004,0.122120,0.040000
z_0164_518.000000.png,#0c704f,2,50.041631,2.240670,0.089627,0.040000
z_0164_518.000000.png,#195ba5,2,56.526912,2.531056,0.101242,0.040000
z_0164_518.000000.png,#302e4d,1,73.941125,3.310797,0.132432,0.040000
z_0164_518.000000.png,#40426e,3,121.053824,5.420320,0.216813,0.040000
z_0164_518.000000.png,#48e85e,2,60.426407,2.705660,0.108226,0.040000
z_0164_518.000000.png,#4cc7b6,2,60.284271,2.699296,0.107972,0.040000
z_0164_518.000000.png,#61965c,1,85.840620,3.843610,0.153744,0.040000
z_0164_518.000000.png,#74a865,2,68.870058,3.083734,0.123349,0.040000
z_0164_518.000000.png,#774d47,3,122.468037,5.483643,0.219346,0.040000
z_0164_518.000000.png,#7a0474,3,83.254834,3.727828,0.149113,0.040000
z_0164_518.000000.png,#7b92a8,10,538.641702,24.118285,0.964731,0.040000
z_0164_518.000000.png,#820079,8,341.847763,15.306616,0.612265,0.040000
z_0164_518.000000.png,#88bbd1,3,119.882251,5.367862,0.214714,0.040000
z_0164_518.000000.png,#8f82c4,4,339.847763,15.217064,0.608683,0.040000
z_0164_518.000000.png,#91ff78,7,450.274170,20.161530,0.806461,0.040000
z_0164_518.000000.png,#96645c,1,24.727922,1.107220,0.044289,0.040000
z_0164_518.000000.png,#b2a0fa,6,239.823376,10.738360,0.429534,0.040000
z_0164_518.000000.png,#bbb477,6,167.095454,7.481886,0.299275,0.040000
z_0164_518.000000.png,#c4809c,2,156.953319,7.027761,0.281110,0.040000
z_0164_518.000000.png,#ccebb2,8,286.735065,12.838883,0.513555,0.040000
z_0164_518.000000.png,#d0dba7,2,40.627417,1.819138,0.072766,0.040000
z_0164_518.000000.png,#d8e3a8,1,123.539105,5.531602,0.221264,0.040000
z_0164_518.000000.png,#f2cabf,3,196.752309,8.809805,0.352392,0.040000
z_0164_518.000000.png,#ff270f,1,49.556349,2.218941,0.088758,0.040000
z_0164_518.000000.png,#ff61e7,2,111.740115,5.003289,0.200132,0.040000
z_0164_518.000000.png,#ff6ee9,9,484.073160,21.674918,0.866997,0.040000
z_0164_518.000000.png,#ff73a1,7,345.119841,15.453127,0.618125,0.040000
z_0164_518.000000.png,#ffbe78,1,21.899495,0.980574,0.039223,0.040000
z_0164_518.000000.png,#ffc978,8,244.693434,10.956422,0.438257,0.040000
z_0164_518.000000.png,#ffcdbd,2,65.941125,2.952588,0.118104,0.040000
z_0165_519.000000.png,#0c704f,3,67.355339,3.015911,0.120636,0.040000
z_0165_519.000000.png,#195ba5,2,55.698485,2.493962,0.099758,0.040000
z_0165_519.000000.png,#302e4d,1,69.698485,3.120828,0.124833,0.040000
z_0165_519.000000.png,#40426e,4,102.669048,4.597122,0.183885,0.040000
z_0165_519.000000.png,#48e85e,2,63.355339,2.836806,0.113472,0.040000
z_0165_519.000000.png,#4cc7b6,2,49.798990,2.229806,0.089192,0.040000
z_0165_519.000000.png,#61965c,2,75.355339,3.374120,0.134965,0.040000
z_0165_519.000000.png,#74a865,1,64.627417,2.893765,0.115751,0.040000
z_0165_519.000000.png,#774d47,2,130.468037,5.841852,0.233674,0.040000
z_0165_519.000000.png,#7a0474,3,90.325902,4.044443,0.161778,0.040000
z_0165_519.000000.png,#7b92a8,10,488.457936,21.871251,0.874850,0.040000
z_0165_519.000000.png,#820079,7,352.433550,15.780607,0.631224,0.040000
z_0165_519.000000.png,#88bbd1,3,116.568542,5.219487,0.208779,0.040000
z_0165_519.000000.png,#8f82c4,5,337.362482,15.105783,0.604231,0.040000
z_0165_519.000000.png,#91ff78,8,446.475180,19.991426,0.799657,0.040000
z_0165_519.000000.png,#96645c,1,25.313708,1.133450,0.045338,0.040000
z_0165_519.000000.png,#b2a0fa,6,244.551299,10.950058,0.438002,0.040000
z_0165_519.000000.png,#bbb477,5,162.953319,7.296417,0.291857,0.040000
z_0165_519.000000.png,#c4809c,2,151.882251,6.800698,0.272028,0.040000
z_0165_519.000000.png,#ccebb2,6,231.521861,10.366651,0.414666,0.040000
z_0165_519.000000.png,#d0dba7,2,45.455844,2.035336,0.081413,0.040000
z_0165_519.000000.png,#d8e3a8,1,121.539105,5.442049,0.217682,0.040000
z_0165_519.000000.png,#f2cabf,4,206.166522,9.231337,0.369253,0.040000
z_0165_519.000000.png,#ff270f,1,49.213203,2.203576,0.088143,0.040000
z_0165_519.000000.png,#ff61e7,2,104.426407,4.675809,0.187032,0.040000
z_0165_519.000000.png,#ff6ee9,8,482.759451,21.616095,0.864644,0.040000
z_0165_519.000000.png,#ff73a1,7,409.989899,18.357757,0.734310,0.040000
z_0165_519.000000.png,#ffbe78,1,16.485281,0.738147,0.029526,0.040000
z_0165_519.000000.png,#ffc978,6,252.350288,11.299267,0.451971,0.040000
z_0165_519.000000.png,#ffcdbd,2,67.355339,3.015911,0.120636,0.040000
z_0166_520.000000.png,#0c704f,3,69.355339,3.105463,0.124219,0.040000
z_0166_520.000000.png,#195ba5,2,52.284271,2.341087,0.093643,0.040000
z_0166_520.000000.png,#302e4d,1,69.355339,3.105463,0.124219,0.040000
z_0166_520.000000.png,#40426e,4,98.426407,4.407153,0.176286,0.040000
z_0166_520.000000.png,#48e85e,2,64.526912,2.889265,0.115571,0.040000
z_0166_520.000000.png,#4cc7b6,2,58.284271,2.609743,0.104390,0.040000
z_0166_520.000000.png,#61965c,2,40.041631,1.792909,0.071716,0.040000
z_0166_520.000000.png,#74a865,1,70.284271,3.147057,0.125882,0.040000
z_0166_520.000000.png,#774d47,3,130.811183,5.857217,0.234289,0.040000
z_0166_520.000000.png,#7a0474,3,110.225397,4.935466,0.197419,0.040000
z_0166_520.000000.png,#7b92a8,9,456.315801,20.432051,0.817282,0.040000
z_0166_520.000000.png,#820079,7,324.877200,14.546740,0.581870,0.040000
z_0166_520.000000.png,#88bbd1,3,101.497475,4.544663,0.181787,0.040000
z_0166_520.000000.png,#8f82c4,6,316.735065,14.182167,0.567287,0.040000
z_0166_520.000000.png,#91ff78,8,456.717821,20.450052,0.818002,0.040000
z_0166_520.000000.png,#96645c,1,19.071068,0.853928,0.034157,0.040000
z_0166_520.000000.png,#b2a0fa,6,245.965512,11.013381,0.440535,0.040000
z_0166_520.000000.png,#bbb477,5,149.639610,6.700281,0.268011,0.040000
z_0166_520.000000.png,#c4809c,2,143.639610,6.431624,0.257265,0.040000
z_0166_520.000000.png,#ccebb2,6,209.622366,9.386076,0.375443,0.040000
z_0166_520.000000.png,#d0dba7,2,46.041631,2.061566,0.082463,0.040000
z_0166_520.000000.png,#d8e3a8,1,122.710678,5.494508,0.219780,0.040000
z_0166_520.000000.png,#f2cabf,4,209.237590,9.368847,0.374754,0.040000
z_0166_520.000000.png,#ff270f,1,46.627417,2.087795,0.083512,0.040000
z_0166_520.000000.png,#ff61e7,2,106.083261,4.749997,0.190000,0.040000
z_0166_520.000000.png,#ff6ee9,9,480.416306,21.511178,0.860447,0.040000
z_0166_520.000000.png,#ff73a1,7,435.889394,19.517436,0.780697,0.040000
z_0166_520.000000.png,#ffc978,6,237.036580,10.613578,0.424543,0.040000
z_0166_520.000000.png,#ffcdbd,2,65.355339,2.926358,0.117054,0.040000
z_0167_521.000000.png,#0c704f,3,69.355339,3.105463,0.124219,0.040000
z_0167_521.000000.png,#195ba5,2,53.698485,2.404410,0.096176,0.040000
z_0167_521.000000.png,#302e4d,1,69.355339,3.105463,0.124219,0.040000
z_0167_521.000000.png,#40426e,4,101.254834,4.533799,0.181352,0.040000
z_0167_521.000000.png,#48e85e,2,65.355339,2.926358,0.117054,0.040000
z_0167_521.000000.png,#4cc7b6,2,58.870058,2.635973,0.105439,0.040000
z_0167_521.000000.png,#61965c,2,40.041631,1.792909,0.071716,0.040000
z_0167_521.000000.png,#74a865,1,70.284271,3.147057,0.125882,0.040000
z_0167_521.000000.png,#774d47,3,131.053824,5.868082,0.234723,0.040000
z_0167_521.000000.png,#7a0474,3,109.396970,4.898372,0.195935,0.040000
z_0167_521.000000.png,#7b92a8,9,457.730014,20.495374,0.819815,0.040000
z_0167_521.000000.png,#820079,7,317.806133,14.230125,0.569205,0.040000
z_0167_521.000000.png,#88bbd1,3,102.325902,4.581757,0.183270,0.040000
z_0167_521.000000.png,#8f82c4,6,314.149278,14.066386,0.562655,0.040000
z_0167_521.000000.png,#91ff78,8,456.132034,20.423822,0.816953,0.040000
z_0167_521.000000.png,#96645c,1,18.485281,0.827699,0.033108,0.040000
z_0167_521.000000.png,#b2a0fa,6,245.965512,11.013381,0.440535,0.040000
z_0167_521.000000.png,#bbb477,5,148.811183,6.663187,0.266527,0.040000
z_0167_521.000000.png,#c4809c,2,144.468037,6.468718,0.258749,0.040000
z_0167_521.000000.png,#ccebb2,6,211.379726,9.464764,0.378591,0.040000
z_0167_521.000000.png,#d0dba7,2,46.041631,2.061566,0.082463,0.040000
z_0167_521.000000.png,#d8e3a8,1,123.539105,5.531602,0.221264,0.040000
z_0167_521.000000.png,#f2cabf,4,210.409163,9.421306,0.376852,0.040000
z_0167_521.000000.png,#ff270f,1,46.627417,2.087795,0.083512,0.040000
z_0167_521.000000.png,#ff61e7,2,106.083261,4.749997,0.190000,0.040000
z_0167_521.000000.png,#ff6ee9,9,479.587878,21.474084,0.858963,0.040000
z_0167_521.000000.png,#ff73a1,7,436.960461,19.565394,0.782616,0.040000
z_0167_521.000000.png,#ffc978,6,237.865007,10.650672,0.426027,0.040000
z_0167_521.000000.png,#ffcdbd,2,66.769553,2.989681,0.119587,0.040000
z_0168_522.000000.png,#0c704f,3,78.183766,3.500766,0.140031,0.040000
z_0168_522.000000.png,#195ba5,2,48.384776,2.166483,0.086659,0.040000
z_0168_522.000000.png,#302e4d,2,48.284271,2.161982,0.086479,0.040000
z_0168_522.000000.png,#40426e,4,93.740115,4.197319,0.167893,0.040000
z_0168_522.000000.png,#48e85e,3,83.254834,3.727828,0.149113,0.040000
z_0168_522.000000.png,#4cc7b6,2,53.698485,2.404410,0.096176,0.040000
z_0168_522.000000.png,#74a865,1,80.769553,3.616547,0.144662,0.040000
z_0168_522.000000.png,#774d47,4,124.468037,5.573196,0.222928,0.040000
z_0168_522.000000.png,#7a0474,3,96.669048,4.328465,0.173139,0.040000
z_0168_522.000000.png,#7b92a8,8,408.960461,18.311662,0.732466,0.040000
z_0168_522.000000.png,#820079,7,322.877200,14.457188,0.578288,0.040000
z_0168_522.000000.png,#88bbd1,2,101.840620,4.560028,0.182401,0.040000
z_0168_522.000000.png,#8f82c4,6,319.119841,14.288948,0.571558,0.040000
z_0168_522.000000.png,#91ff78,8,510.558441,22.860826,0.914433,0.040000
z_0168_522.000000.png,#b2a0fa,6,208.994949,9.357983,0.374319,0.040000
z_0168_522.000000.png,#bbb477,6,145.882251,6.532041,0.261282,0.040000
z_0168_522.000000.png,#c4809c,2,125.740115,5.630154,0.225206,0.040000
z_0168_522.000000.png,#ccebb2,7,209.237590,9.368847,0.374754,0.040000
z_0168_522.000000.png,#d0dba7,2,42.041631,1.882461,0.075298,0.040000
z_0168_522.000000.png,#d8e3a8,2,97.740115,4.376423,0.175057,0.040000
z_0168_522.000000.png,#f2cabf,3,147.882251,6.621593,0.264864,0.040000
z_0168_522.000000.png,#ff270f,1,46.627417,2.087795,0.083512,0.040000
z_0168_522.000000.png,#ff61e7,2,102.669048,4.597122,0.183885,0.040000
z_0168_522.000000.png,#ff6ee9,9,489.688384,21.926346,0.877054,0.040000
z_0168_522.000000.png,#ff73a1,9,482.274170,21.594366,0.863775,0.040000
z_0168_522.000000.png,#ffc978,5,248.350288,11.120162,0.444806,0.040000
z_0168_522.000000.png,#ffcdbd,2,45.455844,2.035336,0.081413,0.040000
z_0169_523.000000.png,#0c704f,3,81.597980,3.653641,0.146146,0.040000
z_0169_523.000000.png,#195ba5,2,47.798990,2.140253,0.085610,0.040000
z_0169_523.000000.png,#302e4d,1,22.485281,1.006804,0.040272,0.040000
z_0169_523.000000.png,#40426e,3,105.154329,4.708403,0.188336,0.040000
z_0169_523.000000.png,#48e85e,4,101.154329,4.529298,0.181172,0.040000
z_0169_523.000000.png,#4cc7b6,2,46.627417,2.087795,0.083512,0.040000
z_0169_523.000000.png,#74a865,1,85.597980,3.832745,0.153310,0.040000
z_0169_523.000000.png,#774d47,4,111.982756,5.014153,0.200566,0.040000
z_0169_523.000000.png,#7a0474,3,94.083261,4.212683,0.168507,0.040000
z_0169_523.000000.png,#7b92a8,8,392.818326,17.588880,0.703555,0.040000
z_0169_523.000000.png,#820079,7,329.462987,14.752074,0.590083,0.040000
z_0169_523.000000.png,#88bbd1,2,106.083261,4.749997,0.190000,0.040000
z_0169_523.000000.png,#8f82c4,7,338.433550,15.153741,0.606150,0.040000
z_0169_523.000000.png,#91ff78,8,513.386868,22.987472,0.919499,0.040000
z_0169_523.000000.png,#b2a0fa,6,203.681241,9.120056,0.364802,0.040000
z_0169_523.000000.png,#bbb477,6,162.710678,7.285553,0.291422,0.040000
z_0169_523.000000.png,#c4809c,2,108.669048,4.865778,0.194631,0.040000
z_0169_523.000000.png,#ccebb2,8,214.994949,9.626640,0.385066,0.040000
z_0169_523.000000.png,#d0dba7,2,43.798990,1.961149,0.078446,0.040000
z_0169_523.000000.png,#d8e3a8,2,89.740115,4.018214,0.160729,0.040000
z_0169_523.000000.png,#f2cabf,1,30.970563,1.386742,0.055470,0.040000
z_0169_523.000000.png,#ff270f,1,47.455844,2.124889,0.084996,0.040000
z_0169_523.000000.png,#ff61e7,2,100.426407,4.496705,0.179868,0.040000
z_0169_523.000000.png,#ff6ee9,7,481.688384,21.568137,0.862725,0.040000
z_0169_523.000000.png,#ff73a1,10,523.730014,23.450598,0.938024,0.040000
z_0169_523.000000.png,#ffc978,6,289.320851,12.954665,0.518187,0.040000
z_0169_523.000000.png,#ffcdbd,2,37.455844,1.677127,0.067085,0.040000
z_0170_524.000000.png,#0c704f,3,87.254834,3.906933,0.156277,0.040000
z_0170_524.000000.png,#195ba5,2,46.284271,2.072430,0.082897,0.040000
z_0170_524.000000.png,#302e4d,1,21.313708,0.954345,0.038174,0.040000
z_0170_524.000000.png,#40426e,3,102.568542,4.592621,0.183705,0.040000
z_0170_524.000000.png,#48e85e,4,129.639610,5.804759,0.232190,0.040000
z_0170_524.000000.png,#4cc7b6,2,45.213203,2.024472,0.080979,0.040000
z_0170_524.000000.png,#74a865,2,90.325902,4.044443,0.161778,0.040000
z_0170_524.000000.png,#774d47,4,109.740115,4.913737,0.196549,0.040000
z_0170_524.000000.png,#7a0474,3,98.325902,4.402652,0.176106,0.040000
z_0170_524.000000.png,#7b92a8,7,364.877200,16.337785,0.653511,0.040000
z_0170_524.000000.png,#820079,6,364.534055,16.322420,0.652897,0.040000
z_0170_524.000000.png,#88bbd1,2,106.426407,4.765362,0.190614,0.040000
z_0170_524.000000.png,#8f82c4,6,324.877200,14.546740,0.581870,0.040000
z_0170_524.000000.png,#91ff78,7,502.658946,22.507117,0.900285,0.040000
z_0170_524.000000.png,#b2a0fa,6,197.195959,8.829670,0.353187,0.040000
z_0170_524.000000.png,#bbb477,6,151.882251,6.800698,0.272028,0.040000
z_0170_524.000000.png,#c4809c,2,109.497475,4.902872,0.196115,0.040000
z_0170_524.000000.png,#ccebb2,5,208.994949,9.357983,0.374319,0.040000
z_0170_524.000000.png,#d0dba7,2,48.284271,2.161982,0.086479,0.040000
z_0170_524.000000.png,#d8e3a8,1,71.840620,3.216744,0.128670,0.040000
z_0170_524.000000.png,#f2cabf,1,27.313708,1.223002,0.048920,0.040000
z_0170_524.000000.png,#ff270f,1,46.870058,2.098659,0.083946,0.040000
z_0170_524.000000.png,#ff61e7,2,100.911688,4.518434,0.180737,0.040000
z_0170_524.000000.png,#ff6ee9,9,494.516811,22.142544,0.885702,0.040000
z_0170_524.000000.png,#ff73a1,13,562.943218,25.206413,1.008257,0.040000
z_0170_524.000000.png,#ffc978,9,270.592929,12.116101,0.484644,0.040000
z_0170_524.000000.png,#ffcdbd,2,24.142136,1.080991,0.043240,0.040000
z_0171_525.000000.png,#0c704f,3,98.811183,4.424381,0.176975,0.040000
z_0171_525.000000.png,#195ba5,2,44.041631,1.972013,0.078881,0.040000
z_0171_525.000000.png,#302e4d,1,23.313708,1.043897,0.041756,0.040000
z_0171_525.000000.png,#40426e,3,100.325902,4.492205,0.179688,0.040000
z_0171_525.000000.png,#48e85e,5,123.296465,5.520737,0.220829,0.040000
z_0171_525.000000.png,#4cc7b6,1,24.485281,1.096356,0.043854,0.040000
z_0171_525.000000.png,#74a865,3,81.497475,3.649141,0.145966,0.040000
z_0171_525.000000.png,#774d47,4,114.568542,5.129935,0.205197,0.040000
z_0171_525.000000.png,#7a0474,3,93.154329,4.171089,0.166844,0.040000
z_0171_525.000000.png,#7b92a8,8,357.806133,16.021170,0.640847,0.040000
z_0171_525.000000.png,#820079,6,360.291414,16.132451,0.645298,0.040000
z_0171_525.000000.png,#88bbd1,2,105.254834,4.712903,0.188516,0.040000
z_0171_525.000000.png,#8f82c4,7,326.048773,14.599199,0.583968,0.040000
z_0171_525.000000.png,#91ff78,7,489.002092,21.895616,0.875825,0.040000
z_0171_525.000000.png,#b2a0fa,6,196.852814,8.814305,0.352572,0.040000
z_0171_525.000000.png,#bbb477,5,153.882251,6.890250,0.275610,0.040000
z_0171_525.000000.png,#c4809c,2,109.154329,4.887507,0.195500,0.040000
z_0171_525.000000.png,#ccebb2,5,210.752309,9.436671,0.377467,0.040000
z_0171_525.000000.png,#d0dba7,2,46.041631,2.061566,0.082463,0.040000
z_0171_525.000000.png,#d8e3a8,1,76.325902,3.417578,0.136703,0.040000
z_0171_525.000000.png,#f2cabf,1,28.727922,1.286325,0.051453,0.040000
z_0171_525.000000.png,#ff270f,1,44.627417,1.998243,0.079930,0.040000
z_0171_525.000000.png,#ff61e7,2,98.083261,4.391788,0.175672,0.040000
z_0171_525.000000.png,#ff6ee9,7,491.931024,22.026762,0.881070,0.040000
z_0171_525.000000.png,#ff73a1,11,586.842712,26.276539,1.051062,0.040000
z_0171_525.000000.png,#ffc978,8,252.208153,11.292902,0.451716,0.040000
z_0171_525.000000.png,#ffcdbd,1,19.899495,0.891022,0.035641,0.040000
z_0172_526.000000.png,#0c704f,3,107.639610,4.819684,0.192787,0.040000
z_0172_526.000000.png,#195ba5,2,46.041631,2.061566,0.082463,0.040000
z_0172_526.000000.png,#302e4d,1,27.313708,1.223002,0.048920,0.040000
z_0172_526.000000.png,#40426e,3,101.982756,4.566392,0.182656,0.040000
z_0172_526.000000.png,#48e85e,5,124.811183,5.588560,0.223542,0.040000
z_0172_526.000000.png,#4cc7b6,1,22.485281,1.006804,0.040272,0.040000
z_0172_526.000000.png,#74a865,3,107.882251,4.830549,0.193222,0.040000
z_0172_526.000000.png,#774d47,4,119.740115,5.361498,0.214460,0.040000
z_0172_526.000000.png,#7a0474,3,86.669048,3.880704,0.155228,0.040000
z_0172_526.000000.png,#7b92a8,7,344.149278,15.409669,0.616387,0.040000
z_0172_526.000000.png,#820079,5,353.462987,15.826701,0.633068,0.040000
z_0172_526.000000.png,#88bbd1,2,116.325902,5.208622,0.208345,0.040000
z_0172_526.000000.png,#8f82c4,7,302.391919,13.539937,0.541597,0.040000
z_0172_526.000000.png,#91ff78,8,470.132034,21.050688,0.842028,0.040000
z_0172_526.000000.png,#b2a0fa,7,210.509668,9.425806,0.377032,0.040000
z_0172_526.000000.png,#bbb477,5,186.852814,8.366544,0.334662,0.040000
z_0172_526.000000.png,#c4809c,2,110.225397,4.935466,0.197419,0.040000
z_0172_526.000000.png,#ccebb2,4,220.894444,9.890796,0.395632,0.040000
z_0172_526.000000.png,#d0dba7,2,48.870058,2.188212,0.087528,0.040000
z_0172_526.000000.png,#d8e3a8,1,77.740115,3.480901,0.139236,0.040000
z_0172_526.000000.png,#f2cabf,1,24.142136,1.080991,0.043240,0.040000
z_0172_526.000000.png,#ff270f,1,43.798990,1.961149,0.078446,0.040000
z_0172_526.000000.png,#ff61e7,2,97.254834,4.354694,0.174188,0.040000
z_0172_526.000000.png,#ff6ee9,7,486.859956,21.799700,0.871988,0.040000
z_0172_526.000000.png,#ff73a1,10,569.043723,25.479570,1.019183,0.040000
z_0172_526.000000.png,#ffc978,7,221.480231,9.917025,0.396681,0.040000
z_0172_526.000000.png,#ffcdbd,1,17.899495,0.801470,0.032059,0.040000
z_0173_527.000000.png,#0c704f,3,107.396970,4.808820,0.192353,0.040000
z_0173_527.000000.png,#195ba5,2,39.798990,1.782044,0.071282,0.040000
z_0173_527.000000.png,#302e4d,2,38.384776,1.718721,0.068749,0.040000
z_0173_527.000000.png,#40426e,3,98.811183,4.424381,0.176975,0.040000
z_0173_527.000000.png,#48e85e,6,141.882251,6.352937,0.254117,0.040000
z_0173_527.000000.png,#4cc7b6,1,22.485281,1.006804,0.040272,0.040000
z_0173_527.000000.png,#74a865,2,109.053824,4.883007,0.195320,0.040000
z_0173_527.000000.png,#774d47,4,118.811183,5.319904,0.212796,0.040000
z_0173_527.000000.png,#7a0474,3,87.740115,3.928662,0.157146,0.040000
z_0173_527.000000.png,#7b92a8,7,337.906638,15.130148,0.605206,0.040000
z_0173_527.000000.png,#820079,5,340.634560,15.252294,0.610092,0.040000
z_0173_527.000000.png,#88bbd1,2,119.497475,5.350633,0.214025,0.040000
z_0173_527.000000.png,#8f82c4,5,273.764502,12.258112,0.490324,0.040000
z_0173_527.000000.png,#91ff78,8,461.688384,20.672614,0.826905,0.040000
z_0173_527.000000.png,#b2a0fa,7,241.137085,10.797183,0.431887,0.040000
z_0173_527.000000.png,#bbb477,6,208.852814,9.351619,0.374065,0.040000
z_0173_527.000000.png,#c4809c,3,113.296465,5.072976,0.202919,0.040000
z_0173_527.000000.png,#ccebb2,4,216.409163,9.689963,0.387599,0.040000
z_0173_527.000000.png,#d0dba7,2,48.870058,2.188212,0.087528,0.040000
z_0173_527.000000.png,#d8e3a8,1,78.083261,3.496265,0.139851,0.040000
z_0173_527.000000.png,#f2cabf,1,23.313708,1.043897,0.041756,0.040000
z_0173_527.000000.png,#ff270f,1,42.970563,1.924055,0.076962,0.040000
z_0173_527.000000.png,#ff61e7,2,93.840620,4.201819,0.168073,0.040000
z_0173_527.000000.png,#ff6ee9,9,481.445743,21.557272,0.862291,0.040000
z_0173_527.000000.png,#ff73a1,9,579.771645,25.959924,1.038397,0.040000
z_0173_527.000000.png,#ffc978,7,208.994949,9.357983,0.374319,0.040000
z_0173_527.000000.png,#ffcdbd,1,18.485281,0.827699,0.033108,0.040000
z_0174_528.000000.png,#0c704f,3,110.811183,4.961695,0.198468,0.040000
z_0174_528.000000.png,#195ba5,2,32.970563,1.476294,0.059052,0.040000
z_0174_528.000000.png,#302e4d,2,52.384776,2.345587,0.093823,0.040000
z_0174_528.000000.png,#40426e,3,100.225397,4.487704,0.179508,0.040000
z_0174_528.000000.png,#48e85e,7,214.651804,9.611275,0.384451,0.040000
z_0174_528.000000.png,#4cc7b6,1,17.899495,0.801470,0.032059,0.040000
z_0174_528.000000.png,#74a865,2,102.811183,4.603486,0.184139,0.040000
z_0174_528.000000.png,#774d47,4,119.982756,5.372362,0.214894,0.040000
z_0174_528.000000.png,#7a0474,3,88.083261,3.944027,0.157761,0.040000
z_0174_528.000000.png,#7b92a8,6,329.178716,14.739345,0.589574,0.040000
z_0174_528.000000.png,#820079,6,306.249783,13.712677,0.548507,0.040000
z_0174_528.000000.png,#88bbd1,2,119.254834,5.339769,0.213591,0.040000
z_0174_528.000000.png,#8f82c4,4,242.693434,10.866870,0.434675,0.040000
z_0174_528.000000.png,#91ff78,8,446.475180,19.991426,0.799657,0.040000
z_0174_528.000000.png,#b2a0fa,7,274.350288,12.284341,0.491374,0.040000
z_0174_528.000000.png,#bbb477,5,216.509668,9.694463,0.387779,0.040000
z_0174_528.000000.png,#c4809c,3,104.225397,4.666809,0.186672,0.040000
z_0174_528.000000.png,#ccebb2,4,211.823376,9.484629,0.379385,0.040000
z_0174_528.000000.png,#d0dba7,2,54.284271,2.430639,0.097226,0.040000
z_0174_528.000000.png,#d8e3a8,1,81.840620,3.664505,0.146580,0.040000
z_0174_528.000000.png,#f2cabf,1,24.727922,1.107220,0.044289,0.040000
z_0174_528.000000.png,#ff270f,1,42.970563,1.924055,0.076962,0.040000
z_0174_528.000000.png,#ff61e7,2,94.669048,4.238913,0.169557,0.040000
z_0174_528.000000.png,#ff6ee9,10,496.031529,22.210367,0.888415,0.040000
z_0174_528.000000.png,#ff73a1,10,574.943218,25.743726,1.029749,0.040000
z_0174_528.000000.png,#ffc978,7,209.237590,9.368847,0.374754,0.040000
z_0174_528.000000.png,#ffcdbd,2,65.698485,2.941723,0.117669,0.040000
z_0175_529.000000.png,#0c704f,3,112.225397,5.025018,0.201001,0.040000
z_0175_529.000000.png,#195ba5,1,10.242641,0.458626,0.018345,0.040000
z_0175_529.000000.png,#302e4d,2,58.627417,2.625108,0.105004,0.040000
z_0175_529.000000.png,#40426e,4,112.568542,5.040382,0.201615,0.040000
z_0175_529.000000.png,#48e85e,4,235.279221,10.534890,0.421396,0.040000
z_0175_529.000000.png,#4cc7b6,1,20.727922,0.928116,0.037125,0.040000
z_0175_529.000000.png,#74a865,2,83.840620,3.754058,0.150162,0.040000
z_0175_529.000000.png,#774d47,4,119.740115,5.361498,0.214460,0.040000
z_0175_529.000000.png,#7a0474,3,86.083261,3.854474,0.154179,0.040000
z_0175_529.000000.png,#7b92a8,5,308.693434,13.822094,0.552884,0.040000
z_0175_529.000000.png,#820079,6,241.865007,10.829776,0.433191,0.040000
z_0175_529.000000.png,#88bbd1,2,120.426407,5.392227,0.215689,0.040000
z_0175_529.000000.png,#8f82c4,5,230.208153,10.307828,0.412313,0.040000
z_0175_529.000000.png,#91ff78,8,450.274170,20.161530,0.806461,0.040000
z_0175_529.000000.png,#b2a0fa,7,291.906638,13.070446,0.522818,0.040000
z_0175_529.000000.png,#bbb477,4,192.267027,8.608971,0.344359,0.040000
z_0175_529.000000.png,#c4809c,2,89.840620,4.022714,0.160909,0.040000
z_0175_529.000000.png,#ccebb2,5,205.237590,9.189743,0.367590,0.040000
z_0175_529.000000.png,#d0dba7,2,54.041631,2.419775,0.096791,0.040000
z_0175_529.000000.png,#d8e3a8,1,83.840620,3.754058,0.150162,0.040000
z_0175_529.000000.png,#f2cabf,1,23.899495,1.070127,0.042805,0.040000
z_0175_529.000000.png,#ff270f,1,44.041631,1.972013,0.078881,0.040000
z_0175_529.000000.png,#ff61e7,2,93.497475,4.186454,0.167458,0.040000
z_0175_529.000000.png,#ff6ee9,11,519.002092,23.238900,0.929556,0.040000
z_0175_529.000000.png,#ff73a1,10,531.730014,23.808807,0.952352,0.040000
z_0175_529.000000.png,#ffc978,8,202.066017,9.047732,0.361909,0.040000
z_0175_529.000000.png,#ffcdbd,1,94.669048,4.238913,0.169557,0.040000
z_0176_530.000000.png,#0c704f,3,113.982756,5.103705,0.204148,0.040000
z_0176_530.000000.png,#302e4d,2,66.041631,2.957088,0.118284,0.040000
z_0176_530.000000.png,#40426e,4,96.083261,4.302236,0.172089,0.040000
z_0176_530.000000.png,#48e85e,4,229.865007,10.292463,0.411699,0.040000
z_0176_530.000000.png,#4cc7b6,1,24.970563,1.118085,0.044723,0.040000
z_0176_530.000000.png,#74a865,3,59.112698,2.646837,0.105873,0.040000
z_0176_530.000000.png,#774d47,4,126.568542,5.667248,0.226690,0.040000
z_0176_530.000000.png,#7a0474,3,86.083261,3.854474,0.154179,0.040000
z_0176_530.000000.png,#7b92a8,5,310.350288,13.896282,0.555851,0.040000
z_0176_530.000000.png,#820079,5,215.137085,9.633004,0.385320,0.040000
z_0176_530.000000.png,#88bbd1,2,124.325902,5.566831,0.222673,0.040000
z_0176_530.000000.png,#8f82c4,5,230.793939,10.334057,0.413362,0.040000
z_0176_530.000000.png,#91ff78,8,437.688384,19.597987,0.783919,0.040000
z_0176_530.000000.png,#b2a0fa,7,294.007143,13.164499,0.526580,0.040000
z_0176_530.000000.png,#bbb477,4,171.195959,7.665491,0.306620,0.040000
z_0176_530.000000.png,#c4809c,2,90.669048,4.059808,0.162392,0.040000
z_0176_530.000000.png,#ccebb2,4,197.480231,8.842398,0.353696,0.040000
z_0176_530.000000.png,#d0dba7,2,54.284271,2.430639,0.097226,0.040000
z_0176_530.000000.png,#d8e3a8,2,62.284271,2.788848,0.111554,0.040000
z_0176_530.000000.png,#f2cabf,1,21.899495,0.980574,0.039223,0.040000
z_0176_530.000000.png,#ff270f,1,43.798990,1.961149,0.078446,0.040000
z_0176_530.000000.png,#ff61e7,2,85.254834,3.817381,0.152695,0.040000
z_0176_530.000000.png,#ff6ee9,10,540.801082,24.214974,0.968599,0.040000
z_0176_530.000000.png,#ff73a1,10,493.386868,22.091949,0.883678,0.040000
z_0176_530.000000.png,#ffc978,8,204.166522,9.141785,0.365671,0.040000
z_0176_530.000000.png,#ffcdbd,1,99.840620,4.470476,0.178819,0.040000
z_0177_531.000000.png,#0c704f,3,124.468037,5.573196,0.222928,0.040000
z_0177_531.000000.png,#302e4d,2,70.284271,3.147057,0.125882,0.040000
z_0177_531.000000.png,#40426e,4,87.112698,3.900569,0.156023,0.040000
z_0177_531.000000.png,#48e85e,4,224.651804,10.059036,0.402361,0.040000
z_0177_531.000000.png,#4cc7b6,1,24.970563,1.118085,0.044723,0.040000
z_0177_531.000000.png,#74a865,1,33.798990,1.513388,0.060536,0.040000
z_0177_531.000000.png,#774d47,4,127.396970,5.704342,0.228174,0.040000
z_0177_531.000000.png,#7a0474,3,84.183766,3.769422,0.150777,0.040000
z_0177_531.000000.png,#7b92a8,6,301.764502,13.511843,0.540474,0.040000
z_0177_531.000000.png,#820079,4,221.622366,9.923390,0.396936,0.040000
z_0177_531.000000.png,#88bbd1,2,125.497475,5.619290,0.224772,0.040000
z_0177_531.000000.png,#8f82c4,5,220.651804,9.879932,0.395197,0.040000
z_0177_531.000000.png,#91ff78,9,428.717821,19.196320,0.767853,0.040000
z_0177_531.000000.png,#b2a0fa,7,292.936075,13.116541,0.524662,0.040000
z_0177_531.000000.png,#bbb477,3,149.639610,6.700281,0.268011,0.040000
z_0177_531.000000.png,#c4809c,2,90.426407,4.048944,0.161958,0.040000
z_0177_531.000000.png,#ccebb2,4,176.267027,7.892553,0.315702,0.040000
z_0177_531.000000.png,#d0dba7,2,54.041631,2.419775,0.096791,0.040000
z_0177_531.000000.png,#d8e3a8,2,57.112698,2.557285,0.102291,0.040000
z_0177_531.000000.png,#f2cabf,1,21.313708,0.954345,0.038174,0.040000
z_0177_531.000000.png,#ff270f,1,46.041631,2.061566,0.082463,0.040000
z_0177_531.000000.png,#ff61e7,2,80.426407,3.601182,0.144047,0.040000
z_0177_531.000000.png,#ff6ee9,8,528.073160,23.645067,0.945803,0.040000
z_0177_531.000000.png,#ff73a1,10,493.730014,22.107314,0.884293,0.040000
z_0177_531.000000.png,#ffc978,8,194.267027,8.698524,0.347941,0.040000
z_0177_531.000000.png,#ffcdbd,1,103.254834,4.623351,0.184934,0.040000
z_0178_532.000000.png,#0c704f,3,134.953319,6.042686,0.241707,0.040000
z_0178_532.000000.png,#302e4d,2,89.112698,3.990121,0.159605,0.040000
z_0178_532.000000.png,#40426e,4,89.840620,4.022714,0.160909,0.040000
z_0178_532.000000.png,#48e85e,5,207.379726,9.285659,0.371426,0.040000
z_0178_532.000000.png,#4cc7b6,1,35.798990,1.602940,0.064118,0.040000
z_0178_532.000000.png,#74a865,1,24.727922,1.107220,0.044289,0.040000
z_0178_532.000000.png,#774d47,4,121.982756,5.461914,0.218477,0.040000
z_0178_532.000000.png,#7a0474,3,84.769553,3.795652,0.151826,0.040000
z_0178_532.000000.png,#7b92a8,6,252.894444,11.323632,0.452945,0.040000
z_0178_532.000000.png,#820079,4,237.279221,10.624443,0.424978,0.040000
z_0178_532.000000.png,#88bbd1,2,120.911688,5.413956,0.216558,0.040000
z_0178_532.000000.png,#8f82c4,5,194.994949,8.731117,0.349245,0.040000
z_0178_532.000000.png,#91ff78,8,384.818326,17.230671,0.689227,0.040000
z_0178_532.000000.png,#b2a0fa,7,295.764502,13.243187,0.529727,0.040000
z_0178_532.000000.png,#bbb477,3,137.982756,6.178332,0.247133,0.040000
z_0178_532.000000.png,#c4809c,2,93.154329,4.171089,0.166844,0.040000
z_0178_532.000000.png,#ccebb2,4,151.781746,6.796198,0.271848,0.040000
z_0178_532.000000.png,#d0dba7,2,52.627417,2.356452,0.094258,0.040000
z_0178_532.000000.png,#d8e3a8,3,65.941125,2.952588,0.118104,0.040000
z_0178_532.000000.png,#f2cabf,1,20.485281,0.917251,0.036690,0.040000
z_0178_532.000000.png,#ff270f,1,44.627417,1.998243,0.079930,0.040000
z_0178_532.000000.png,#ff61e7,2,73.355339,3.284567,0.131383,0.040000
z_0178_532.000000.png,#ff6ee9,6,506.315801,22.670857,0.906834,0.040000
z_0178_532.000000.png,#ff73a1,10,500.558441,22.413065,0.896523,0.040000
z_0178_532.000000.png,#ffc978,9,184.509668,8.261627,0.330465,0.040000
z_0178_532.000000.png,#ffcdbd,2,93.012193,4.164725,0.166589,0.040000
z_0179_533.000000.png,#0c704f,3,133.539105,5.979363,0.239175,0.040000
z_0179_533.000000.png,#302e4d,2,87.698485,3.926798,0.157072,0.040000
z_0179_533.000000.png,#40426e,4,89.840620,4.022714,0.160909,0.040000
z_0179_533.000000.png,#48e85e,5,207.379726,9.285659,0.371426,0.040000
z_0179_533.000000.png,#4cc7b6,1,35.798990,1.602940,0.064118,0.040000
z_0179_533.000000.png,#74a865,1,24.727922,1.107220,0.044289,0.040000
z_0179_533.000000.png,#774d47,4,123.396970,5.525237,0.221009,0.040000
z_0179_533.000000.png,#7a0474,3,85.597980,3.832745,0.153310,0.040000
z_0179_533.000000.png,#7b92a8,6,252.894444,11.323632,0.452945,0.040000
z_0179_533.000000.png,#820079,4,241.521861,10.814412,0.432576,0.040000
z_0179_533.000000.png,#88bbd1,2,120.911688,5.413956,0.216558,0.040000
z_0179_533.000000.png,#8f82c4,5,194.409163,8.704888,0.348196,0.040000
z_0179_533.000000.png,#91ff78,7,387.060967,17.331088,0.693244,0.040000
z_0179_533.000000.png,#b2a0fa,7,294.592929,13.190728,0.527629,0.040000
z_0179_533.000000.png,#bbb477,3,137.053824,6.136738,0.245470,0.040000
z_0179_533.000000.png,#c4809c,2,93.740115,4.197319,0.167893,0.040000
z_0179_533.000000.png,#ccebb2,4,151.781746,6.796198,0.271848,0.040000
z_0179_533.000000.png,#d0dba7,2,53.455844,2.393545,0.095742,0.040000
z_0179_533.000000.png,#d8e3a8,3,66.526912,2.978817,0.119153,0.040000
z_0179_533.000000.png,#f2cabf,1,19.071068,0.853928,0.034157,0.040000
z_0179_533.000000.png,#ff270f,1,44.627417,1.998243,0.079930,0.040000
z_0179_533.000000.png,#ff61e7,2,73.355339,3.284567,0.131383,0.040000
z_0179_533.000000.png,#ff6ee9,6,506.558441,22.681721,0.907269,0.040000
z_0179_533.000000.png,#ff73a1,10,499.386868,22.360606,0.894424,0.040000
z_0179_533.000000.png,#ffc978,9,184.509668,8.261627,0.330465,0.040000
z_0179_533.000000.png,#ffcdbd,2,93.012193,4.164725,0.166589,0.040000
z_0180_534.000000.png,#0c704f,3,172.752309,7.735178,0.309407,0.040000
z_0180_534.000000.png,#302e4d,2,97.941125,4.385424,0.175417,0.040000
z_0180_534.000000.png,#40426e,3,89.254834,3.996485,0.159859,0.040000
z_0180_534.000000.png,#48e85e,3,169.296465,7.580439,0.303218,0.040000
z_0180_534.000000.png,#4cc7b6,1,38.627417,1.729586,0.069183,0.040000
z_0180_534.000000.png,#774d47,4,132.710678,5.942269,0.237691,0.040000
z_0180_534.000000.png,#7a0474,3,83.941125,3.758558,0.150342,0.040000
z_0180_534.000000.png,#7b92a8,5,200.710678,8.987045,0.359482,0.040000
z_0180_534.000000.png,#820079,4,228.208153,10.218275,0.408731,0.040000
z_0180_534.000000.png,#88bbd1,2,120.568542,5.398591,0.215944,0.040000
z_0180_534.000000.png,#8f82c4,4,146.367532,6.553770,0.262151,0.040000
z_0180_534.000000.png,#91ff78,7,331.362482,14.837126,0.593485,0.040000
z_0180_534.000000.png,#b2a0fa,6,344.291414,15.416033,0.616641,0.040000
z_0180_534.000000.png,#bbb477,3,121.740115,5.451050,0.218042,0.040000
z_0180_534.000000.png,#c4809c,2,93.497475,4.186454,0.167458,0.040000
z_0180_534.000000.png,#ccebb2,3,66.183766,2.963452,0.118538,0.040000
z_0180_534.000000.png,#d0dba7,2,55.213203,2.472233,0.098889,0.040000
z_0180_534.000000.png,#d8e3a8,3,90.426407,4.048944,0.161958,0.040000
z_0180_534.000000.png,#f2cabf,2,19.313708,0.864793,0.034592,0.040000
z_0180_534.000000.png,#ff270f,1,46.041631,2.061566,0.082463,0.040000
z_0180_534.000000.png,#ff61e7,2,65.698485,2.941723,0.117669,0.040000
z_0180_534.000000.png,#ff6ee9,5,509.043723,22.793003,0.911720,0.040000
z_0180_534.000000.png,#ff73a1,7,374.776695,16.781046,0.671242,0.040000
z_0180_534.000000.png,#ffc978,4,118.911688,5.324404,0.212976,0.040000
z_0180_534.000000.png,#ffcdbd,2,81.254834,3.638276,0.145531,0.040000
z_0181_535.000000.png,#0c704f,3,163.681241,7.329011,0.293160,0.040000
z_0181_535.000000.png,#302e4d,2,87.012193,3.896068,0.155843,0.040000
z_0181_535.000000.png,#40426e,4,96.669048,4.328465,0.173139,0.040000
z_0181_535.000000.png,#48e85e,3,160.953319,7.206865,0.288275,0.040000
z_0181_535.000000.png,#4cc7b6,1,39.213203,1.755815,0.070233,0.040000
z_0181_535.000000.png,#774d47,4,129.154329,5.783030,0.231321,0.040000
z_0181_535.000000.png,#7a0474,3,95.012193,4.254277,0.170171,0.040000
z_0181_535.000000.png,#7b92a8,5,198.267027,8.877628,0.355105,0.040000
z_0181_535.000000.png,#820079,4,205.823376,9.215972,0.368639,0.040000
z_0181_535.000000.png,#88bbd1,2,116.325902,5.208622,0.208345,0.040000
z_0181_535.000000.png,#8f82c4,4,144.367532,6.464218,0.258569,0.040000
z_0181_535.000000.png,#91ff78,7,299.462987,13.408790,0.536352,0.040000
z_0181_535.000000.png,#b2a0fa,6,362.776695,16.243733,0.649749,0.040000
z_0181_535.000000.png,#bbb477,3,116.811183,5.230351,0.209214,0.040000
z_0181_535.000000.png,#c4809c,2,94.911688,4.249777,0.169991,0.040000
z_0181_535.000000.png,#ccebb2,2,43.455844,1.945784,0.077831,0.040000
z_0181_535.000000.png,#d0dba7,2,53.798990,2.408910,0.096356,0.040000
z_0181_535.000000.png,#d8e3a8,3,100.426407,4.496705,0.179868,0.040000
z_0181_535.000000.png,#ff270f,1,44.627417,1.998243,0.079930,0.040000
z_0181_535.000000.png,#ff61e7,2,67.941125,3.042140,0.121686,0.040000
z_0181_535.000000.png,#ff6ee9,5,502.457936,22.498117,0.899925,0.040000
z_0181_535.000000.png,#ff73a1,6,341.220346,15.278523,0.611141,0.040000
z_0181_535.000000.png,#ffc978,3,104.325902,4.671309,0.186852,0.040000
z_0181_535.000000.png,#ffcdbd,2,78.083261,3.496265,0.139851,0.040000
z_0182_536.000000.png,#0c704f,4,159.095454,7.123677,0.284947,0.040000
z_0182_536.000000.png,#302e4d,2,84.183766,3.769422,0.150777,0.040000
z_0182_536.000000.png,#40426e,4,89.840620,4.022714,0.160909,0.040000
z_0182_536.000000.png,#48e85e,4,152.468037,6.826927,0.273077,0.040000
z_0182_536.000000.png,#4cc7b6,1,38.627417,1.729586,0.069183,0.040000
z_0182_536.000000.png,#774d47,4,127.639610,5.715206,0.228608,0.040000
z_0182_536.000000.png,#7a0474,4,109.497475,4.902872,0.196115,0.040000
z_0182_536.000000.png,#7b92a8,5,208.409163,9.331754,0.373270,0.040000
z_0182_536.000000.png,#820079,3,184.610173,8.266127,0.330645,0.040000
z_0182_536.000000.png,#88bbd1,2,117.154329,5.245716,0.209829,0.040000
z_0182_536.000000.png,#8f82c4,4,137.296465,6.147603,0.245904,0.040000
z_0182_536.000000.png,#91ff78,6,265.521861,11.889039,0.475562,0.040000
z_0182_536.000000.png,#b2a0fa,6,375.847763,16.829004,0.673160,0.040000
z_0182_536.000000.png,#bbb477,2,99.154329,4.439746,0.177590,0.040000
z_0182_536.000000.png,#c4809c,2,99.396970,4.450611,0.178024,0.040000
z_0182_536.000000.png,#ccebb2,1,26.727922,1.196773,0.047871,0.040000
z_0182_536.000000.png,#d0dba7,2,52.627417,2.356452,0.094258,0.040000
z_0182_536.000000.png,#d8e3a8,3,99.254834,4.444246,0.177770,0.040000
z_0182_536.000000.png,#ff270f,1,41.798990,1.871597,0.074864,0.040000
z_0182_536.000000.png,#ff61e7,2,74.426407,3.332526,0.133301,0.040000
z_0182_536.000000.png,#ff6ee9,6,501.043723,22.434794,0.897392,0.040000
z_0182_536.000000.png,#ff73a1,6,321.320851,14.387501,0.575500,0.040000
z_0182_536.000000.png,#ffc978,3,91.254834,4.086037,0.163441,0.040000
z_0182_536.000000.png,#ffcdbd,2,74.426407,3.332526,0.133301,0.040000
z_0183_537.000000.png,#0c704f,4,145.296465,6.505812,0.260232,0.040000
z_0183_537.000000.png,#302e4d,2,76.426407,3.422078,0.136883,0.040000
z_0183_537.000000.png,#40426e,4,83.497475,3.738693,0.149548,0.040000
z_0183_537.000000.png,#48e85e,4,193.338095,8.656930,0.346277,0.040000
z_0183_537.000000.png,#4cc7b6,1,37.213203,1.666263,0.066651,0.040000
z_0183_537.000000.png,#774d47,4,135.296465,6.058051,0.242322,0.040000
z_0183_537.000000.png,#7a0474,4,126.811183,5.678113,0.227125,0.040000
z_0183_537.000000.png,#7b92a8,5,206.994949,9.268431,0.370737,0.040000
z_0183_537.000000.png,#820079,3,175.195959,7.844595,0.313784,0.040000
z_0183_537.000000.png,#88bbd1,2,114.083261,5.108206,0.204328,0.040000
z_0183_537.000000.png,#8f82c4,3,121.053824,5.420320,0.216813,0.040000
z_0183_537.000000.png,#91ff78,6,258.208153,11.561559,0.462462,0.040000
z_0183_537.000000.png,#b2a0fa,5,386.433550,17.302995,0.692120,0.040000
z_0183_537.000000.png,#bbb477,2,93.497475,4.186454,0.167458,0.040000
z_0183_537.000000.png,#c4809c,2,96.568542,4.323965,0.172959,0.040000
z_0183_537.000000.png,#ccebb2,1,28.727922,1.286325,0.051453,0.040000
z_0183_537.000000.png,#d0dba7,2,54.627417,2.446004,0.097840,0.040000
z_0183_537.000000.png,#d8e3a8,3,100.325902,4.492205,0.179688,0.040000
z_0183_537.000000.png,#ff270f,1,43.798990,1.961149,0.078446,0.040000
z_0183_537.000000.png,#ff61e7,2,71.840620,3.216744,0.128670,0.040000
z_0183_537.000000.png,#ff6ee9,5,497.144228,22.260189,0.890408,0.040000
z_0183_537.000000.png,#ff73a1,5,281.279221,12.594592,0.503784,0.040000
z_0183_537.000000.png,#ffc978,3,80.426407,3.601182,0.144047,0.040000
z_0183_537.000000.png,#ffcdbd,2,67.355339,3.015911,0.120636,0.040000
z_0184_538.000000.png,#0c704f,4,145.296465,6.505812,0.260232,0.040000
z_0184_538.000000.png,#302e4d,2,76.426407,3.422078,0.136883,0.040000
z_0184_538.000000.png,#40426e,4,82.083261,3.675370,0.147015,0.040000
z_0184_538.000000.png,#48e85e,4,194.166522,8.694023,0.347761,0.040000
z_0184_538.000000.png,#4cc7b6,1,37.213203,1.666263,0.066651,0.040000
z_0184_538.000000.png,#774d47,4,134.468037,6.020957,0.240838,0.040000
z_0184_538.000000.png,#7a0474,4,125.396970,5.614790,0.224592,0.040000
z_0184_538.000000.png,#7b92a8,5,206.166522,9.231337,0.369253,0.040000
z_0184_538.000000.png,#820079,3,173.539105,7.770408,0.310816,0.040000
z_0184_538.000000.png,#88bbd1,2,114.083261,5.108206,0.204328,0.040000
z_0184_538.000000.png,#8f82c4,3,121.639610,5.446550,0.217862,0.040000
z_0184_538.000000.png,#91ff78,6,258.208153,11.561559,0.462462,0.040000
z_0184_538.000000.png,#b2a0fa,5,385.019336,17.239672,0.689587,0.040000
z_0184_538.000000.png,#bbb477,2,93.497475,4.186454,0.167458,0.040000
z_0184_538.000000.png,#c4809c,2,97.154329,4.350194,0.174008,0.040000
z_0184_538.000000.png,#ccebb2,1,28.727922,1.286325,0.051453,0.040000
z_0184_538.000000.png,#d0dba7,2,54.627417,2.446004,0.097840,0.040000
z_0184_538.000000.png,#d8e3a8,3,100.325902,4.492205,0.179688,0.040000
z_0184_538.000000.png,#ff270f,1,41.798990,1.871597,0.074864,0.040000
z_0184_538.000000.png,#ff61e7,2,72.426407,3.242973,0.129719,0.040000
z_0184_538.000000.png,#ff6ee9,5,497.144228,22.260189,0.890408,0.040000
z_0184_538.000000.png,#ff73a1,5,279.865007,12.531269,0.501251,0.040000
z_0184_538.000000.png,#ffc978,3,80.426407,3.601182,0.144047,0.040000
z_0184_538.000000.png,#ffcdbd,2,67.355339,3.015911,0.120636,0.040000
z_0185_539.000000.png,#0c704f,4,140.953319,6.311343,0.252454,0.040000
z_0185_539.000000.png,#302e4d,2,67.355339,3.015911,0.120636,0.040000
z_0185_539.000000.png,#40426e,2,45.455844,2.035336,0.081413,0.040000
z_0185_539.000000.png,#48e85e,2,200.509668,8.978045,0.359122,0.040000
z_0185_539.000000.png,#4cc7b6,1,33.899495,1.517888,0.060716,0.040000
z_0185_539.000000.png,#774d47,4,141.982756,6.357437,0.254297,0.040000
z_0185_539.000000.png,#7a0474,4,140.225397,6.278749,0.251150,0.040000
z_0185_539.000000.png,#7b92a8,5,192.409163,8.615336,0.344613,0.040000
z_0185_539.000000.png,#820079,2,164.124892,7.348876,0.293955,0.040000
z_0185_539.000000.png,#88bbd1,2,114.669048,5.134435,0.205377,0.040000
z_0185_539.000000.png,#8f82c4,3,127.296465,5.699842,0.227994,0.040000
z_0185_539.000000.png,#91ff78,5,243.865007,10.919329,0.436773,0.040000
z_0185_539.000000.png,#b2a0fa,5,373.362482,16.717723,0.668709,0.040000
z_0185_539.000000.png,#bbb477,3,122.710678,5.494508,0.219780,0.040000
z_0185_539.000000.png,#c4809c,2,93.497475,4.186454,0.167458,0.040000
z_0185_539.000000.png,#ccebb2,1,23.071068,1.033033,0.041321,0.040000
z_0185_539.000000.png,#d0dba7,2,58.041631,2.598879,0.103955,0.040000
z_0185_539.000000.png,#d8e3a8,3,113.154329,5.066612,0.202664,0.040000
z_0185_539.000000.png,#ff270f,1,42.727922,1.913191,0.076528,0.040000
z_0185_539.000000.png,#ff61e7,3,69.941125,3.131692,0.125268,0.040000
z_0185_539.000000.png,#ff6ee9,6,479.244733,21.458719,0.858349,0.040000
z_0185_539.000000.png,#ff73a1,5,233.823376,10.469703,0.418788,0.040000
z_0185_539.000000.png,#ffc978,2,50.627417,2.266899,0.090676,0.040000
z_0185_539.000000.png,#ffcdbd,2,48.870058,2.188212,0.087528,0.040000
z_0186_540.000000.png,#0c704f,4,128.124892,5.736935,0.229477,0.040000
z_0186_540.000000.png,#302e4d,2,66.769553,2.989681,0.119587,0.040000
z_0186_540.000000.png,#40426e,1,50.627417,2.266899,0.090676,0.040000
z_0186_540.000000.png,#48e85e,2,171.882251,7.696220,0.307849,0.040000
z_0186_540.000000.png,#4cc7b6,1,29.313708,1.312554,0.052502,0.040000
z_0186_540.000000.png,#774d47,4,148.468037,6.647823,0.265913,0.040000
z_0186_540.000000.png,#7a0474,3,147.296465,6.595364,0.263815,0.040000
z_0186_540.000000.png,#7b92a8,4,213.965512,9.580545,0.383222,0.040000
z_0186_540.000000.png,#820079,2,156.468037,7.006032,0.280241,0.040000
z_0186_540.000000.png,#88bbd1,2,108.083261,4.839549,0.193582,0.040000
z_0186_540.000000.png,#8f82c4,3,136.953319,6.132238,0.245290,0.040000
z_0186_540.000000.png,#91ff78,5,207.823376,9.305524,0.372221,0.040000
z_0186_540.000000.png,#b2a0fa,5,347.462987,15.558044,0.622322,0.040000
z_0186_540.000000.png,#bbb477,2,124.124892,5.557831,0.222313,0.040000
z_0186_540.000000.png,#c4809c,2,98.426407,4.407153,0.176286,0.040000
z_0186_540.000000.png,#ccebb2,1,20.485281,0.917251,0.036690,0.040000
z_0186_540.000000.png,#d0dba7,2,71.355339,3.195015,0.127801,0.040000
z_0186_540.000000.png,#d8e3a8,3,121.497475,5.440185,0.217607,0.040000
z_0186_540.000000.png,#ff270f,1,41.556349,1.860732,0.074429,0.040000
z_0186_540.000000.png,#ff61e7,3,61.698485,2.762619,0.110505,0.040000
z_0186_540.000000.png,#ff6ee9,8,455.487373,20.394957,0.815798,0.040000
z_0186_540.000000.png,#ff73a1,4,183.095454,8.198304,0.327932,0.040000
z_0186_540.000000.png,#ffc978,2,39.798990,1.782044,0.071282,0.040000
z_0187_541.000000.png,#0c704f,4,128.124892,5.736935,0.229477,0.040000
z_0187_541.000000.png,#302e4d,2,66.769553,2.989681,0.119587,0.040000
z_0187_541.000000.png,#40426e,1,50.627417,2.266899,0.090676,0.040000
z_0187_541.000000.png,#48e85e,2,171.053824,7.659126,0.306365,0.040000
z_0187_541.000000.png,#4cc7b6,1,29.313708,1.312554,0.052502,0.040000
z_0187_541.000000.png,#774d47,4,148.468037,6.647823,0.265913,0.040000
z_0187_541.000000.png,#7a0474,3,147.296465,6.595364,0.263815,0.040000
z_0187_541.000000.png,#7b92a8,4,214.793939,9.617639,0.384706,0.040000
z_0187_541.000000.png,#820079,2,156.124892,6.990667,0.279627,0.040000
z_0187_541.000000.png,#88bbd1,2,107.254834,4.802455,0.192098,0.040000
z_0187_541.000000.png,#8f82c4,3,136.953319,6.132238,0.245290,0.040000
z_0187_541.000000.png,#91ff78,5,208.409163,9.331754,0.373270,0.040000
z_0187_541.000000.png,#b2a0fa,5,346.877200,15.531815,0.621273,0.040000
z_0187_541.000000.png,#bbb477,2,124.124892,5.557831,0.222313,0.040000
z_0187_541.000000.png,#c4809c,2,97.840620,4.380923,0.175237,0.040000
z_0187_541.000000.png,#ccebb2,1,19.899495,0.891022,0.035641,0.040000
z_0187_541.000000.png,#d0dba7,2,72.769553,3.258338,0.130334,0.040000
z_0187_541.000000.png,#d8e3a8,3,121.497475,5.440185,0.217607,0.040000
z_0187_541.000000.png,#ff270f,1,41.556349,1.860732,0.074429,0.040000
z_0187_541.000000.png,#ff61e7,3,61.698485,2.762619,0.110505,0.040000
z_0187_541.000000.png,#ff6ee9,8,454.658946,20.357863,0.814315,0.040000
z_0187_541.000000.png,#ff73a1,4,182.509668,8.172075,0.326883,0.040000
z_0187_541.000000.png,#ffc978,2,39.798990,1.782044,0.071282,0.040000
z_0188_542.000000.png,#0c704f,4,120.225397,5.383227,0.215329,0.040000
z_0188_542.000000.png,#302e4d,2,67.112698,3.005046,0.120202,0.040000
z_0188_542.000000.png,#40426e,2,225.338095,10.089765,0.403591,0.040000
z_0188_542.000000.png,#48e85e,2,160.953319,7.206865,0.288275,0.040000
z_0188_542.000000.png,#4cc7b6,1,25.899495,1.159679,0.046387,0.040000
z_0188_542.000000.png,#774d47,4,148.225397,6.636958,0.265478,0.040000
z_0188_542.000000.png,#7a0474,3,146.124892,6.542906,0.261716,0.040000
z_0188_542.000000.png,#7b92a8,4,215.622366,9.654733,0.386189,0.040000
z_0188_542.000000.png,#820079,2,155.882251,6.979802,0.279192,0.040000
z_0188_542.000000.png,#88bbd1,2,102.426407,4.586257,0.183450,0.040000
z_0188_542.000000.png,#8f82c4,3,137.053824,6.136738,0.245470,0.040000
z_0188_542.000000.png,#91ff78,7,269.178716,12.052778,0.482111,0.040000
z_0188_542.000000.png,#b2a0fa,5,356.776695,15.975076,0.639003,0.040000
z_0188_542.000000.png,#bbb477,3,99.982756,4.476840,0.179074,0.040000
z_0188_542.000000.png,#c4809c,3,120.911688,5.413956,0.216558,0.040000
z_0188_542.000000.png,#ccebb2,1,20.485281,0.917251,0.036690,0.040000
z_0188_542.000000.png,#d0dba7,2,74.183766,3.321661,0.132866,0.040000
z_0188_542.000000.png,#d8e3a8,3,125.396970,5.614790,0.224592,0.040000
z_0188_542.000000.png,#ff270f,1,41.798990,1.871597,0.074864,0.040000
z_0188_542.000000.png,#ff61e7,3,61.355339,2.747254,0.109890,0.040000
z_0188_542.000000.png,#ff6ee9,6,436.717821,19.554529,0.782181,0.040000
z_0188_542.000000.png,#ff73a1,3,168.267027,7.534345,0.301374,0.040000
z_0188_542.000000.png,#ffc978,2,32.384776,1.450065,0.058003,0.040000
z_0189_543.000000.png,#0c704f,4,96.083261,4.302236,0.172089,0.040000
z_0189_543.000000.png,#302e4d,2,81.597980,3.653641,0.146146,0.040000
z_0189_543.000000.png,#40426e,2,165.195959,7.396834,0.295873,0.040000
z_0189_543.000000.png,#48e85e,1,114.325902,5.119070,0.204763,0.040000
z_0189_543.000000.png,#4cc7b6,1,24.142136,1.080991,0.043240,0.040000
z_0189_543.000000.png,#774d47,4,166.367532,7.449292,0.297972,0.040000
z_0189_543.000000.png,#7a0474,3,137.053824,6.136738,0.245470,0.040000
z_0189_543.000000.png,#7b92a8,4,225.622366,10.102494,0.404100,0.040000
z_0189_543.000000.png,#820079,2,137.296465,6.147603,0.245904,0.040000
z_0189_543.000000.png,#88bbd1,2,87.597980,3.922298,0.156892,0.040000
z_0189_543.000000.png,#8f82c4,3,142.124892,6.363801,0.254552,0.040000
z_0189_543.000000.png,#91ff78,4,239.965512,10.744724,0.429789,0.040000
z_0189_543.000000.png,#b2a0fa,6,409.747258,18.346892,0.733876,0.040000
z_0189_543.000000.png,#c4809c,3,145.539105,6.516676,0.260667,0.040000
z_0189_543.000000.png,#ccebb2,2,47.213203,2.114024,0.084561,0.040000
z_0189_543.000000.png,#d0dba7,2,75.355339,3.374120,0.134965,0.040000
z_0189_543.000000.png,#d8e3a8,3,135.053824,6.047186,0.241887,0.040000
z_0189_543.000000.png,#ff270f,1,42.627417,1.908690,0.076348,0.040000
z_0189_543.000000.png,#ff61e7,3,63.698485,2.852171,0.114087,0.040000
z_0189_543.000000.png,#ff6ee9,6,422.818326,18.932164,0.757287,0.040000
z_0189_543.000000.png,#ff73a1,3,164.024387,7.344376,0.293775,0.040000
z_0189_543.000000.png,#ffc978,1,20.485281,0.917251,0.036690,0.040000
