slice_file,color_hex,blob_count,perimeter_px,perimeter_um,slice_area_um2,slice_thickness_um
z_0001_271.000000.png,#61d1be,2,453.646753,16.596832,0.663873,0.040000
z_0001_271.000000.png,#86bdb0,3,367.320851,13.438568,0.537543,0.040000
z_0001_271.000000.png,#ce24d4,3,179.095454,6.552273,0.262091,0.040000
z_0002_272.000000.png,#61d1be,2,453.060967,16.575401,0.663016,0.040000
z_0002_272.000000.png,#86bdb0,4,397.362482,14.537652,0.581506,0.040000
z_0002_272.000000.png,#ce24d4,2,137.639610,5.035595,0.201424,0.040000
z_0003_273.000000.png,#61d1be,2,446.575685,16.338135,0.653525,0.040000
z_0003_273.000000.png,#86bdb0,4,448.475180,16.407629,0.656305,0.040000
z_0003_273.000000.png,#ce24d4,2,121.497475,4.445030,0.177801,0.040000
z_0004_274.000000.png,#61d1be,2,452.818326,16.566524,0.662661,0.040000
z_0004_274.000000.png,#86bdb0,5,486.416306,17.795718,0.711829,0.040000
z_0004_274.000000.png,#ce24d4,2,100.769553,3.686691,0.147468,0.040000
z_0005_275.000000.png,#61d1be,2,453.161472,16.579078,0.663163,0.040000
z_0005_275.000000.png,#86bdb0,5,542.943218,19.863776,0.794551,0.040000
z_0005_275.000000.png,#ce24d4,1,72.526912,2.653424,0.106137,0.040000
z_0006_276.000000.png,#61d1be,2,454.333044,16.621941,0.664878,0.040000
z_0006_276.000000.png,#86bdb0,5,541.529004,19.812037,0.792481,0.040000
z_0006_276.000000.png,#ce24d4,1,72.526912,2.653424,0.106137,0.040000
z_0007_277.000000.png,#61d1be,3,398.433550,14.576837,0.583073,0.040000
z_0007_277.000000.png,#86bdb0,4,661.411255,24.197973,0.967919,0.040000
z_0007_277.000000.png,#ce24d4,1,69.698485,2.549945,0.101998,0.040000
z_0008_278.000000.png,#61d1be,3,392.676190,14.366202,0.574648,0.040000
z_0008_278.000000.png,#86bdb0,4,696.523953,25.482584,1.019303,0.040000
z_0008_278.000000.png,#ce24d4,1,64.870058,2.373295,0.094932,0.040000
z_0009_279.000000.png,#61d1be,3,383.019336,14.012903,0.560516,0.040000
z_0009_279.000000.png,#86bdb0,3,700.381818,25.623725,1.024949,0.040000
z_0009_279.000000.png,#ce24d4,1,64.870058,2.373295,0.094932,0.040000
z_0010_280.000000.png,#61d1be,4,383.948268,14.046888,0.561876,0.040000
z_0010_280.000000.png,#86bdb0,3,689.210245,25.215009,1.008600,0.040000
z_0010_280.000000.png,#bf0d75,1,24.727922,0.904680,0.036187,0.040000
z_0010_280.000000.png,#ce24d4,1,62.870058,2.300124,0.092005,0.040000
z_0011_281.000000.png,#61d1be,4,400.676190,14.658885,0.586355,0.040000
z_0011_281.000000.png,#86bdb0,2,699.009235,25.573509,1.022940,0.040000
z_0011_281.000000.png,#bf0d75,1,60.526912,2.214399,0.088576,0.040000
z_0011_281.000000.png,#ce24d4,1,60.870058,2.226953,0.089078,0.040000
z_0012_282.000000.png,#61d1be,4,393.806133,14.407541,0.576302,0.040000
z_0012_282.000000.png,#86bdb0,2,712.423448,26.064272,1.042571,0.040000
z_0012_282.000000.png,#afeda4,1,21.313708,0.779770,0.031191,0.040000
z_0012_282.000000.png,#bf0d75,1,111.840620,4.091730,0.163669,0.040000
z_0012_282.000000.png,#ce24d4,1,62.870058,2.300124,0.092005,0.040000
z_0013_283.000000.png,#61d1be,5,382.048773,13.977394,0.559096,0.040000
z_0013_283.000000.png,#86bdb0,2,721.009235,26.378387,1.055135,0.040000
z_0013_283.000000.png,#afeda4,1,36.970563,1.352582,0.054103,0.040000
z_0013_283.000000.png,#bf0d75,1,11.656854,0.426470,0.017059,0.040000
z_0013_283.000000.png,#ce24d4,1,62.526912,2.287570,0.091503,0.040000
z_0014_284.000000.png,#61d1be,5,371.605122,13.595309,0.543812,0.040000
z_0014_284.000000.png,#86bdb0,3,679.026479,24.842432,0.993697,0.040000
z_0014_284.000000.png,#afeda4,2,63.941125,2.339309,0.093572,0.040000
z_0014_284.000000.png,#bf0d75,1,32.142136,1.175932,0.047037,0.040000
z_0014_284.000000.png,#ce24d4,1,61.112698,2.235830,0.089433,0.040000
z_0015_285.000000.png,#61d1be,4,359.806133,13.163639,0.526546,0.040000
z_0015_285.000000.png,#86bdb0,3,632.298557,23.132874,0.925315,0.040000
z_0015_285.000000.png,#afeda4,3,101.254834,3.704445,0.148178,0.040000
z_0015_285.000000.png,#bf0d75,1,41.455844,1.516677,0.060667,0.040000
z_0015_285.000000.png,#ce24d4,1,63.112698,2.309001,0.092360,0.040000
z_0016_286.000000.png,#61d1be,5,346.149278,12.663998,0.506560,0.040000
z_0016_286.000000.png,#86bdb0,3,615.671140,22.524554,0.900982,0.040000
z_0016_286.000000.png,#afeda4,3,133.154329,4.871500,0.194860,0.040000
z_0016_286.000000.png,#bf0d75,1,50.041631,1.830791,0.073232,0.040000
z_0016_286.000000.png,#ce24d4,1,63.698485,2.330432,0.093217,0.040000
z_0017_287.000000.png,#61d1be,5,332.977705,12.182111,0.487284,0.040000
z_0017_287.000000.png,#86bdb0,4,594.801082,21.761015,0.870441,0.040000
z_0017_287.000000.png,#afeda4,3,170.024387,6.220404,0.248816,0.040000
z_0017_287.000000.png,#bf0d75,1,63.698485,2.330432,0.093217,0.040000
z_0017_287.000000.png,#ce24d4,1,63.698485,2.330432,0.093217,0.040000
z_0018_288.000000.png,#4cd4bb,1,5.656854,0.206958,0.008278,0.040000
z_0018_288.000000.png,#61d1be,5,320.977705,11.743087,0.469723,0.040000
z_0018_288.000000.png,#86bdb0,5,589.386868,21.562934,0.862517,0.040000
z_0018_288.000000.png,#afeda4,3,190.267027,6.960989,0.278440,0.040000
z_0018_288.000000.png,#bf0d75,1,75.597980,2.765780,0.110631,0.040000
z_0018_288.000000.png,#ce24d4,1,63.455844,2.321555,0.092862,0.040000
z_0019_289.000000.png,#4cd4bb,1,25.071068,0.917234,0.036689,0.040000
z_0019_289.000000.png,#61d1be,5,314.492424,11.505820,0.460233,0.040000
z_0019_289.000000.png,#86bdb0,5,598.700577,21.903680,0.876147,0.040000
z_0019_289.000000.png,#afeda4,3,203.095454,7.430322,0.297213,0.040000
z_0019_289.000000.png,#b1d415,1,25.313708,0.926111,0.037044,0.040000
z_0019_289.000000.png,#bf0d75,1,86.669048,3.170819,0.126833,0.040000
z_0019_289.000000.png,#ce24d4,1,64.870058,2.373295,0.094932,0.040000
z_0020_290.000000.png,#4cd4bb,1,34.970563,1.279411,0.051176,0.040000
z_0020_290.000000.png,#61d1be,5,308.592929,11.289985,0.451599,0.040000
z_0020_290.000000.png,#86bdb0,5,595.972655,21.803878,0.872155,0.040000
z_0020_290.000000.png,#afeda4,3,216.651804,7.926285,0.317051,0.040000
z_0020_290.000000.png,#b1d415,1,40.384776,1.477492,0.059100,0.040000
z_0020_290.000000.png,#bf0d75,2,113.740115,4.161224,0.166449,0.040000
z_0020_290.000000.png,#ce24d4,1,65.455844,2.394726,0.095789,0.040000
z_0021_291.000000.png,#4cd4bb,1,54.627417,1.998564,0.079943,0.040000
z_0021_291.000000.png,#61d1be,5,312.149278,11.420096,0.456804,0.040000
z_0021_291.000000.png,#86bdb0,4,574.315801,21.011554,0.840462,0.040000
z_0021_291.000000.png,#afeda4,3,224.651804,8.218968,0.328759,0.040000
z_0021_291.000000.png,#b1d415,1,50.041631,1.830791,0.073232,0.040000
z_0021_291.000000.png,#bf0d75,3,367.161472,13.432737,0.537309,0.040000
z_0021_291.000000.png,#ce24d4,1,65.455844,2.394726,0.095789,0.040000
z_0022_292.000000.png,#4cd4bb,1,63.112698,2.309001,0.092360,0.040000
z_0022_292.000000.png,#61d1be,5,314.977705,11.523575,0.460943,0.040000
z_0022_292.000000.png,#86bdb0,4,609.327994,22.292488,0.891700,0.040000
z_0022_292.000000.png,#afeda4,3,234.551299,8.581145,0.343246,0.040000
z_0022_292.000000.png,#b1d415,1,56.627417,2.071735,0.082869,0.040000
z_0022_292.000000.png,#bf0d75,3,379.989899,13.902069,0.556083,0.040000
z_0022_292.000000.png,#ce24d4,1,65.798990,2.407280,0.096291,0.040000
z_0023_293.000000.png,#4cd4bb,1,68.526912,2.507082,0.100283,0.040000
z_0023_293.000000.png,#61d1be,5,312.492424,11.432650,0.457306,0.040000
z_0023_293.000000.png,#86bdb0,5,589.629509,21.571811,0.862872,0.040000
z_0023_293.000000.png,#a1e06e,1,26.970563,0.986728,0.039469,0.040000
z_0023_293.000000.png,#afeda4,3,241.379726,8.830966,0.353239,0.040000
z_0023_293.000000.png,#b1d415,1,63.698485,2.330432,0.093217,0.040000
z_0023_293.000000.png,#bf0d75,6,428.717821,15.684798,0.627392,0.040000
z_0023_293.000000.png,#ce24d4,1,65.213203,2.385849,0.095434,0.040000
z_0024_294.000000.png,#4cd4bb,1,76.669048,2.804965,0.112199,0.040000
z_0024_294.000000.png,#61d1be,5,312.735065,11.441527,0.457661,0.040000
z_0024_294.000000.png,#86bdb0,5,582.801082,21.321991,0.852880,0.040000
z_0024_294.000000.png,#a1e06e,1,46.627417,1.705881,0.068235,0.040000
z_0024_294.000000.png,#afeda4,3,249.279221,9.119971,0.364799,0.040000
z_0024_294.000000.png,#b1d415,1,64.284271,2.351864,0.094075,0.040000
z_0024_294.000000.png,#bf0d75,4,387.847763,14.189552,0.567582,0.040000
z_0024_294.000000.png,#ce24d4,1,64.627417,2.364418,0.094577,0.040000
z_0025_295.000000.png,#4cd4bb,1,88.426407,3.235112,0.129404,0.040000
z_0025_295.000000.png,#61d1be,5,310.249783,11.350602,0.454024,0.040000
z_0025_295.000000.png,#86bdb0,5,564.416306,20.649377,0.825975,0.040000
z_0025_295.000000.png,#a1e06e,1,61.455844,2.248385,0.089935,0.040000
z_0025_295.000000.png,#afeda4,3,255.622366,9.352038,0.374082,0.040000
z_0025_295.000000.png,#b1d415,1,69.941125,2.558822,0.102353,0.040000
z_0025_295.000000.png,#bf0d75,4,423.161472,15.481517,0.619261,0.040000
z_0025_295.000000.png,#ce24d4,1,63.798990,2.334109,0.093364,0.040000
z_0026_296.000000.png,#4cd4bb,1,94.669048,3.463502,0.138540,0.040000
z_0026_296.000000.png,#61d1be,5,310.149278,11.346925,0.453877,0.040000
z_0026_296.000000.png,#86bdb0,6,531.972655,19.462414,0.778497,0.040000
z_0026_296.000000.png,#a1e06e,1,75.941125,2.778334,0.111133,0.040000
z_0026_296.000000.png,#afeda4,3,261.865007,9.580427,0.383217,0.040000
z_0026_296.000000.png,#b1d415,1,73.597980,2.692609,0.107704,0.040000
z_0026_296.000000.png,#bf0d75,5,431.060967,15.770523,0.630821,0.040000
z_0026_296.000000.png,#ce24d4,1,64.870058,2.373295,0.094932,0.040000
z_0027_297.000000.png,#4cd4bb,1,99.597980,3.643829,0.145753,0.040000
z_0027_297.000000.png,#61d1be,5,316.149278,11.566437,0.462657,0.040000
z_0027_297.000000.png,#86bdb0,6,513.386868,18.782446,0.751298,0.040000
z_0027_297.000000.png,#a1e06e,1,86.183766,3.153065,0.126123,0.040000
z_0027_297.000000.png,#afeda4,4,294.249783,10.765236,0.430609,0.040000
z_0027_297.000000.png,#b1d415,1,74.769553,2.735471,0.109419,0.040000
z_0027_297.000000.png,#bf0d75,5,446.960461,16.352212,0.654088,0.040000
z_0027_297.000000.png,#ce24d4,1,55.213203,2.019995,0.080800,0.040000
z_0028_298.000000.png,#4cd4bb,2,72.769553,2.662301,0.106492,0.040000
z_0028_298.000000.png,#61d1be,5,310.977705,11.377233,0.455089,0.040000
z_0028_298.000000.png,#86bdb0,8,477.587878,17.472727,0.698909,0.040000
z_0028_298.000000.png,#a1e06e,1,92.183766,3.372577,0.134903,0.040000
z_0028_298.000000.png,#afeda4,6,365.605122,13.375797,0.535032,0.040000
z_0028_298.000000.png,#b1d415,1,77.012193,2.817519,0.112701,0.040000
z_0028_298.000000.png,#bf0d75,5,454.516811,16.628664,0.665147,0.040000
z_0028_298.000000.png,#ce24d4,1,55.213203,2.019995,0.080800,0.040000
z_0029_299.000000.png,#4cd4bb,2,90.911688,3.326037,0.133041,0.040000
z_0029_299.000000.png,#61d1be,5,308.048773,11.270077,0.450803,0.040000
z_0029_299.000000.png,#86bdb0,7,439.688384,16.086160,0.643446,0.040000
z_0029_299.000000.png,#a1e06e,1,99.740115,3.649029,0.145961,0.040000
z_0029_299.000000.png,#afeda4,3,399.161472,14.603468,0.584139,0.040000
z_0029_299.000000.png,#b1d415,1,77.597980,2.838950,0.113558,0.040000
z_0029_299.000000.png,#bf0d75,5,457.102597,16.723266,0.668931,0.040000
z_0029_299.000000.png,#ce24d4,1,52.870058,1.934270,0.077371,0.040000
z_0030_300.000000.png,#4cd4bb,2,165.681241,6.061509,0.242460,0.040000
z_0030_300.000000.png,#61d1be,5,306.735065,11.222015,0.448881,0.040000
z_0030_300.000000.png,#86bdb0,7,422.374675,15.452732,0.618109,0.040000
z_0030_300.000000.png,#a1e06e,1,104.568542,3.825678,0.153027,0.040000
z_0030_300.000000.png,#afeda4,3,418.333044,15.304867,0.612195,0.040000
z_0030_300.000000.png,#b1d415,1,79.254834,2.899567,0.115983,0.040000
z_0030_300.000000.png,#bf0d75,6,449.203102,16.434260,0.657370,0.040000
z_0030_300.000000.png,#ce24d4,1,50.627417,1.852223,0.074089,0.040000
z_0031_301.000000.png,#4cd4bb,2,174.953319,6.400731,0.256029,0.040000
z_0031_301.000000.png,#61d1be,5,302.492424,11.066796,0.442672,0.040000
z_0031_301.000000.png,#86bdb0,7,408.232539,14.935337,0.597413,0.040000
z_0031_301.000000.png,#a1e06e,1,112.225397,4.105807,0.164232,0.040000
z_0031_301.000000.png,#afeda4,4,428.090404,15.661844,0.626474,0.040000
z_0031_301.000000.png,#b1d415,1,78.183766,2.860382,0.114415,0.040000
z_0031_301.000000.png,#bf0d75,7,421.303607,15.413547,0.616542,0.040000
z_0031_301.000000.png,#ce24d4,1,50.384776,1.843345,0.073734,0.040000
z_0032_302.000000.png,#4cd4bb,2,196.752309,7.198255,0.287930,0.040000
z_0032_302.000000.png,#61d1be,5,300.492424,10.993625,0.439745,0.040000
z_0032_302.000000.png,#86bdb0,6,408.717821,14.953091,0.598124,0.040000
z_0032_302.000000.png,#a1e06e,1,119.296465,4.364505,0.174580,0.040000
z_0032_302.000000.png,#afeda4,6,470.960461,17.230261,0.689210,0.040000
z_0032_302.000000.png,#b1d415,1,79.597980,2.912121,0.116485,0.040000
z_0032_302.000000.png,#bf0d75,9,433.889394,15.874002,0.634960,0.040000
z_0032_302.000000.png,#ce24d4,1,49.798990,1.821914,0.072877,0.040000
z_0033_303.000000.png,#4cd4bb,2,195.923882,7.167947,0.286718,0.040000
z_0033_303.000000.png,#61d1be,5,301.078210,11.015056,0.440602,0.040000
z_0033_303.000000.png,#86bdb0,6,409.788889,14.992276,0.599691,0.040000
z_0033_303.000000.png,#a1e06e,1,119.296465,4.364505,0.174580,0.040000
z_0033_303.000000.png,#afeda4,6,469.788889,17.187398,0.687496,0.040000
z_0033_303.000000.png,#b1d415,1,79.597980,2.912121,0.116485,0.040000
z_0033_303.000000.png,#bf0d75,9,435.060967,15.916865,0.636675,0.040000
z_0033_303.000000.png,#ce24d4,1,49.798990,1.821914,0.072877,0.040000
z_0034_304.000000.png,#4cd4bb,2,218.551299,7.995779,0.319831,0.040000
z_0034_304.000000.png,#61d1be,5,303.178716,11.091904,0.443676,0.040000
z_0034_304.000000.png,#86bdb0,7,383.889394,14.044734,0.561789,0.040000
z_0034_304.000000.png,#a1e06e,1,132.953319,4.864146,0.194566,0.040000
z_0034_304.000000.png,#afeda4,5,351.462987,12.858402,0.514336,0.040000
z_0034_304.000000.png,#b1d415,1,79.597980,2.912121,0.116485,0.040000
z_0034_304.000000.png,#bf0d75,6,487.587878,17.838581,0.713543,0.040000
z_0034_304.000000.png,#ce24d4,1,48.627417,1.779052,0.071162,0.040000
z_0035_305.000000.png,#4cd4bb,3,259.965512,9.510933,0.380437,0.040000
z_0035_305.000000.png,#61d1be,5,307.178716,11.238246,0.449530,0.040000
z_0035_305.000000.png,#86bdb0,6,365.605122,13.375797,0.535032,0.040000
z_0035_305.000000.png,#a1e06e,1,143.195959,5.238877,0.209555,0.040000
z_0035_305.000000.png,#afeda4,4,285.622366,10.449599,0.417984,0.040000
z_0035_305.000000.png,#b1d415,1,78.183766,2.860382,0.114415,0.040000
z_0035_305.000000.png,#bf0d75,6,500.457936,18.309437,0.732377,0.040000
z_0035_305.000000.png,#ce24d4,1,48.384776,1.770175,0.070807,0.040000
z_0036_306.000000.png,#4cd4bb,3,296.936075,10.863515,0.434541,0.040000
z_0036_306.000000.png,#61d1be,5,313.078210,11.454081,0.458163,0.040000
z_0036_306.000000.png,#86bdb0,6,365.605122,13.375797,0.535032,0.040000
z_0036_306.000000.png,#a1e06e,1,149.539105,5.470943,0.218838,0.040000
z_0036_306.000000.png,#afeda4,5,254.551299,9.312852,0.372514,0.040000
z_0036_306.000000.png,#b1d415,1,76.183766,2.787211,0.111488,0.040000
z_0036_306.000000.png,#bf0d75,7,506.457936,18.528949,0.741158,0.040000
z_0036_306.000000.png,#ce24d4,1,46.970563,1.718435,0.068737,0.040000
z_0037_307.000000.png,#4cd4bb,3,352.291414,12.888710,0.515548,0.040000
z_0037_307.000000.png,#61d1be,5,316.149278,11.566437,0.462657,0.040000
z_0037_307.000000.png,#86bdb0,5,369.261977,13.509585,0.540383,0.040000
z_0037_307.000000.png,#a1e06e,1,154.953319,5.669024,0.226761,0.040000
z_0037_307.000000.png,#afeda4,4,242.066017,8.856074,0.354243,0.040000
z_0037_307.000000.png,#b1d415,1,75.355339,2.756903,0.110276,0.040000
z_0037_307.000000.png,#bf0d75,7,502.658946,18.389961,0.735598,0.040000
z_0037_307.000000.png,#ce24d4,1,48.970563,1.791606,0.071664,0.040000
z_0038_308.000000.png,#4cd4bb,4,394.575685,14.435696,0.577428,0.040000
z_0038_308.000000.png,#61d1be,5,318.977705,11.669916,0.466797,0.040000
z_0038_308.000000.png,#86bdb0,6,364.333044,13.329258,0.533170,0.040000
z_0038_308.000000.png,#a1e06e,1,160.024387,5.854551,0.234182,0.040000
z_0038_308.000000.png,#afeda4,4,240.894444,8.813211,0.352528,0.040000
z_0038_308.000000.png,#b1d415,2,107.840620,3.945389,0.157816,0.040000
z_0038_308.000000.png,#bf0d75,11,615.712770,22.526077,0.901043,0.040000
z_0038_308.000000.png,#ce24d4,1,48.627417,1.779052,0.071162,0.040000
z_0039_309.000000.png,#15d445,1,19.071068,0.697722,0.027909,0.040000
z_0039_309.000000.png,#4cd4bb,5,463.830519,16.969409,0.678776,0.040000
z_0039_309.000000.png,#61d1be,5,308.149278,11.273754,0.450950,0.040000
z_0039_309.000000.png,#630024,1,28.142136,1.029590,0.041184,0.040000
z_0039_309.000000.png,#86bdb0,7,342.534055,12.531734,0.501269,0.040000
z_0039_309.000000.png,#a1e06e,2,203.823376,7.456953,0.298278,0.040000
z_0039_309.000000.png,#afeda4,3,219.923882,8.045996,0.321840,0.040000
z_0039_309.000000.png,#b1d415,2,115.497475,4.225517,0.169021,0.040000
z_0039_309.000000.png,#bf0d75,14,751.109740,27.479625,1.099185,0.040000
z_0039_309.000000.png,#ce24d4,1,48.041631,1.757621,0.070305,0.040000
z_0040_310.000000.png,#15d445,1,25.899495,0.947542,0.037902,0.040000
z_0040_310.000000.png,#4cd4bb,4,507.345238,18.561411,0.742456,0.040000
z_0040_310.000000.png,#61d1be,5,307.220346,11.239769,0.449591,0.040000
z_0040_310.000000.png,#630024,1,47.798990,1.748744,0.069950,0.040000
z_0040_310.000000.png,#86bdb0,6,311.563492,11.398664,0.455947,0.040000
z_0040_310.000000.png,#a1e06e,2,229.379726,8.391941,0.335678,0.040000
z_0040_310.000000.png,#afeda4,3,194.852814,7.128761,0.285150,0.040000
z_0040_310.000000.png,#b1d415,2,119.740115,4.380736,0.175229,0.040000
z_0040_310.000000.png,#bf0d75,10,799.553391,29.251953,1.170078,0.040000
z_0040_310.000000.png,#ce24d4,1,42.384776,1.550663,0.062027,0.040000
z_0041_311.000000.png,#15d445,1,32.485281,1.188486,0.047539,0.040000
z_0041_311.000000.png,#4cd4bb,4,532.558441,19.483845,0.779354,0.040000
z_0041_311.000000.png,#61d1be,5,302.634560,11.071996,0.442880,0.040000
z_0041_311.000000.png,#630024,1,67.941125,2.485651,0.099426,0.040000
z_0041_311.000000.png,#86bdb0,8,371.847763,13.604186,0.544167,0.040000
z_0041_311.000000.png,#a1e06e,2,252.107648,9.223451,0.368938,0.040000
z_0041_311.000000.png,#afeda4,3,157.296465,5.754749,0.230190,0.040000
z_0041_311.000000.png,#b1d415,3,136.124892,4.980179,0.199207,0.040000
z_0041_311.000000.png,#bf0d75,6,765.511760,28.006528,1.120261,0.040000
z_0041_311.000000.png,#ce24d4,1,40.970563,1.498923,0.059957,0.040000
z_0042_312.000000.png,#15d445,1,36.142136,1.322273,0.052891,0.040000
z_0042_312.000000.png,#4cd4bb,4,566.558441,20.727748,0.829110,0.040000
z_0042_312.000000.png,#61d1be,5,297.220346,10.873915,0.434957,0.040000
z_0042_312.000000.png,#630024,2,94.669048,3.463502,0.138540,0.040000
z_0042_312.000000.png,#86bdb0,5,447.847763,16.384674,0.655387,0.040000
z_0042_312.000000.png,#a1e06e,3,260.936075,9.546442,0.381858,0.040000
z_0042_312.000000.png,#afeda4,2,140.710678,5.147952,0.205918,0.040000
z_0042_312.000000.png,#b1d415,3,141.296465,5.169383,0.206775,0.040000
z_0042_312.000000.png,#bf0d75,6,758.825469,27.761907,1.110476,0.040000
z_0042_312.000000.png,#ce24d4,1,42.041631,1.538108,0.061524,0.040000
z_0043_313.000000.png,#15d445,1,38.384776,1.404321,0.056173,0.040000
z_0043_313.000000.png,#4cd4bb,5,629.913780,23.045626,0.921825,0.040000
z_0043_313.000000.png,#61d1be,5,297.220346,10.873915,0.434957,0.040000
z_0043_313.000000.png,#630024,1,117.982756,4.316442,0.172658,0.040000
z_0043_313.000000.png,#86bdb0,5,444.291414,16.254564,0.650183,0.040000
z_0043_313.000000.png,#a1e06e,3,269.178716,9.848002,0.393920,0.040000
z_0043_313.000000.png,#afeda4,2,146.710678,5.367464,0.214699,0.040000
z_0043_313.000000.png,#b1d415,3,149.882251,5.483497,0.219340,0.040000
z_0043_313.000000.png,#bf0d75,7,706.984848,25.865299,1.034612,0.040000
z_0043_313.000000.png,#ce24d4,1,40.041631,1.464938,0.058598,0.040000
z_0044_314.000000.png,#15d445,1,41.213203,1.507800,0.060312,0.040000
z_0044_314.000000.png,#4cd4bb,6,712.055916,26.050826,1.042033,0.040000
z_0044_314.000000.png,#61d1be,5,295.663997,10.816975,0.432679,0.040000
z_0044_314.000000.png,#630024,1,135.982756,4.974979,0.198999,0.040000
z_0044_314.000000.png,#86bdb0,5,443.906638,16.240487,0.649619,0.040000
z_0044_314.000000.png,#a1e06e,3,279.421356,10.222733,0.408909,0.040000
z_0044_314.000000.png,#afeda4,2,145.195959,5.312047,0.212482,0.040000
z_0044_314.000000.png,#b1d415,3,153.539105,5.617284,0.224691,0.040000
z_0044_314.000000.png,#bf0d75,7,618.801082,22.639064,0.905563,0.040000
z_0044_314.000000.png,#ce24d4,1,40.041631,1.464938,0.058598,0.040000
z_0045_315.000000.png,#15d445,1,34.627417,1.266857,0.050674,0.040000
z_0045_315.000000.png,#4cd4bb,6,749.168614,27.408608,1.096344,0.040000
z_0045_315.000000.png,#61d1be,5,301.462987,11.029134,0.441165,0.040000
z_0045_315.000000.png,#630024,1,144.225397,5.276539,0.211062,0.040000
z_0045_315.000000.png,#86bdb0,6,477.019336,17.451927,0.698077,0.040000
z_0045_315.000000.png,#a1e06e,3,291.320851,10.658080,0.426323,0.040000
z_0045_315.000000.png,#afeda4,2,144.367532,5.281739,0.211270,0.040000
z_0045_315.000000.png,#b1d415,4,182.267027,6.668306,0.266732,0.040000
z_0045_315.000000.png,#bf0d75,7,601.345238,22.000436,0.880017,0.040000
z_0045_315.000000.png,#ce24d4,1,39.213203,1.434629,0.057385,0.040000
z_0046_316.000000.png,#15d445,2,48.284271,1.766498,0.070660,0.040000
z_0046_316.000000.png,#4cd4bb,7,825.737157,30.209896,1.208396,0.040000
z_0046_316.000000.png,#61d1be,5,301.421356,11.027611,0.441104,0.040000
z_0046_316.000000.png,#630024,1,153.396970,5.612084,0.224483,0.040000
z_0046_316.000000.png,#86bdb0,6,509.060967,18.624182,0.744967,0.040000
z_0046_316.000000.png,#a1e06e,3,305.220346,11.166598,0.446664,0.040000
z_0046_316.000000.png,#afeda4,2,138.953319,5.083658,0.203346,0.040000
z_0046_316.000000.png,#b1d415,4,194.994949,7.133962,0.285358,0.040000
z_0046_316.000000.png,#bf0d75,6,602.901587,22.057375,0.882295,0.040000
z_0046_316.000000.png,#ce24d4,1,41.798990,1.529231,0.061169,0.040000
z_0047_317.000000.png,#15d445,4,156.710678,5.733317,0.229333,0.040000
z_0047_317.000000.png,#4cd4bb,8,848.222438,31.032528,1.241301,0.040000
z_0047_317.000000.png,#61d1be,5,307.220346,11.239769,0.449591,0.040000
z_0047_317.000000.png,#630024,1,161.396970,5.904767,0.236191,0.040000
z_0047_317.000000.png,#86bdb0,6,481.019336,17.598268,0.703931,0.040000
z_0047_317.000000.png,#a1e06e,3,314.048773,11.489589,0.459584,0.040000
z_0047_317.000000.png,#afeda4,2,137.296465,5.023041,0.200922,0.040000
z_0047_317.000000.png,#b1d415,4,200.509668,7.335720,0.293429,0.040000
z_0047_317.000000.png,#bf0d75,7,617.629509,22.596202,0.903848,0.040000
z_0047_317.000000.png,#ce24d4,1,42.627417,1.559540,0.062382,0.040000
z_0048_318.000000.png,#15d445,4,231.480231,8.468789,0.338752,0.040000
z_0048_318.000000.png,#4cd4bb,9,879.193001,32.165598,1.286624,0.040000
z_0048_318.000000.png,#61d1be,5,297.563492,10.886469,0.435459,0.040000
z_0048_318.000000.png,#630024,1,169.053824,6.184896,0.247396,0.040000
z_0048_318.000000.png,#86bdb0,6,481.747258,17.624900,0.704996,0.040000
z_0048_318.000000.png,#a1e06e,4,340.877200,12.471117,0.498845,0.040000
z_0048_318.000000.png,#afeda4,2,133.296465,4.876700,0.195068,0.040000
z_0048_318.000000.png,#b1d415,4,196.752309,7.198255,0.287930,0.040000
z_0048_318.000000.png,#bf0d75,7,634.457936,23.211876,0.928475,0.040000
z_0048_318.000000.png,#ce24d4,1,46.041631,1.684450,0.067378,0.040000
z_0049_319.000000.png,#15d445,3,287.036580,10.501338,0.420054,0.040000
z_0049_319.000000.png,#4cd4bb,9,882.465079,32.285308,1.291412,0.040000
z_0049_319.000000.png,#61d1be,5,292.835570,10.713496,0.428540,0.040000
z_0049_319.000000.png,#630024,1,173.296465,6.340115,0.253605,0.040000
z_0049_319.000000.png,#86bdb0,8,465.989899,17.048411,0.681936,0.040000
z_0049_319.000000.png,#a1e06e,5,359.019336,13.134854,0.525394,0.040000
z_0049_319.000000.png,#afeda4,2,127.396970,4.660865,0.186435,0.040000
z_0049_319.000000.png,#b1d415,4,165.438600,6.052632,0.242105,0.040000
z_0049_319.000000.png,#bf0d75,7,662.156421,24.225235,0.969009,0.040000
z_0049_319.000000.png,#ce24d4,1,47.455844,1.736189,0.069448,0.040000
z_0050_320.000000.png,#15d445,4,330.735065,12.100063,0.484003,0.040000
z_0050_320.000000.png,#4cd4bb,9,904.607214,33.095386,1.323815,0.040000
z_0050_320.000000.png,#61d1be,5,292.835570,10.713496,0.428540,0.040000
z_0050_320.000000.png,#630024,1,177.053824,6.477579,0.259103,0.040000
z_0050_320.000000.png,#86bdb0,7,405.504617,14.835535,0.593421,0.040000
z_0050_320.000000.png,#a1e06e,5,369.019336,13.500707,0.540028,0.040000
z_0050_320.000000.png,#afeda4,2,117.740115,4.307565,0.172303,0.040000
z_0050_320.000000.png,#b1d415,5,159.781746,5.845674,0.233827,0.040000
z_0050_320.000000.png,#bf0d75,6,677.570635,24.789170,0.991567,0.040000
z_0050_320.000000.png,#ce24d4,1,50.284271,1.839668,0.073587,0.040000
z_0051_321.000000.png,#15d445,3,389.161472,14.237615,0.569505,0.040000
z_0051_321.000000.png,#4cd4bb,10,960.104689,35.125781,1.405031,0.040000
z_0051_321.000000.png,#61d1be,5,296.149278,10.834730,0.433389,0.040000
z_0051_321.000000.png,#630024,1,182.468037,6.675660,0.267026,0.040000
z_0051_321.000000.png,#86bdb0,6,360.634560,13.193947,0.527758,0.040000
z_0051_321.000000.png,#a1e06e,5,394.676190,14.439373,0.577575,0.040000
z_0051_321.000000.png,#afeda4,2,109.254834,3.997128,0.159885,0.040000
z_0051_321.000000.png,#b1d415,5,171.923882,6.289898,0.251596,0.040000
z_0051_321.000000.png,#bf0d75,5,674.340187,24.670982,0.986839,0.040000
z_0051_321.000000.png,#ce24d4,1,53.698485,1.964579,0.078583,0.040000
z_0052_322.000000.png,#15d445,3,417.060967,15.258328,0.610333,0.040000
z_0052_322.000000.png,#4cd4bb,11,930.163564,34.030374,1.361215,0.040000
z_0052_322.000000.png,#61d1be,5,306.149278,11.200583,0.448023,0.040000
z_0052_322.000000.png,#630024,1,190.468037,6.968343,0.278734,0.040000
z_0052_322.000000.png,#86bdb0,6,356.634560,13.047606,0.521904,0.040000
z_0052_322.000000.png,#a1e06e,5,402.676190,14.732056,0.589282,0.040000
z_0052_322.000000.png,#afeda4,3,93.840620,3.433193,0.137328,0.040000
z_0052_322.000000.png,#b1d415,6,225.036580,8.233046,0.329322,0.040000
z_0052_322.000000.png,#bf0d75,5,703.352380,25.732404,1.029296,0.040000
z_0052_322.000000.png,#ce24d4,1,57.941125,2.119797,0.084792,0.040000
z_0053_323.000000.png,#15d445,5,490.416306,17.942060,0.717682,0.040000
z_0053_323.000000.png,#4cd4bb,11,957.820418,35.042210,1.401688,0.040000
z_0053_323.000000.png,#61d1be,5,310.634560,11.364679,0.454587,0.040000
z_0053_323.000000.png,#630024,1,196.124892,7.175301,0.287012,0.040000
z_0053_323.000000.png,#86bdb0,6,343.906638,12.581950,0.503278,0.040000
z_0053_323.000000.png,#a1e06e,5,395.747258,14.478558,0.579142,0.040000
z_0053_323.000000.png,#afeda4,3,87.597980,3.204804,0.128192,0.040000
z_0053_323.000000.png,#b1d415,5,258.350288,9.451840,0.378074,0.040000
z_0053_323.000000.png,#bf0d75,6,727.293506,26.608299,1.064332,0.040000
z_0053_323.000000.png,#ce24d4,1,58.041631,2.123474,0.084939,0.040000
z_0054_324.000000.png,#15d445,5,536.073160,19.612433,0.784497,0.040000
z_0054_324.000000.png,#4cd4bb,11,969.518903,35.470204,1.418808,0.040000
z_0054_324.000000.png,#61d1be,5,312.735065,11.441527,0.457661,0.040000
z_0054_324.000000.png,#630024,1,231.681241,8.476143,0.339046,0.040000
z_0054_324.000000.png,#86bdb0,6,331.178716,12.116294,0.484652,0.040000
z_0054_324.000000.png,#a1e06e,5,383.161472,14.018103,0.560724,0.040000
z_0054_324.000000.png,#afeda4,3,92.183766,3.372577,0.134903,0.040000
z_0054_324.000000.png,#b1d415,5,264.007143,9.658798,0.386352,0.040000
z_0054_324.000000.png,#bf0d75,7,755.092496,27.625335,1.105013,0.040000
z_0054_324.000000.png,#ce24d4,1,59.455844,2.175214,0.087009,0.040000
z_0055_325.000000.png,#15d445,6,616.984848,22.572616,0.902905,0.040000
z_0055_325.000000.png,#4cd4bb,8,963.033621,35.232937,1.409317,0.040000
z_0055_325.000000.png,#61d1be,5,316.877200,11.593068,0.463723,0.040000
z_0055_325.000000.png,#630024,1,232.024387,8.488697,0.339548,0.040000
z_0055_325.000000.png,#86bdb0,6,320.249783,11.716455,0.468658,0.040000
z_0055_325.000000.png,#a1e06e,5,370.676190,13.561324,0.542453,0.040000
z_0055_325.000000.png,#afeda4,3,92.183766,3.372577,0.134903,0.040000
z_0055_325.000000.png,#b1d415,5,274.735065,10.051283,0.402051,0.040000
z_0055_325.000000.png,#bf0d75,7,692.523953,25.336242,1.013450,0.040000
z_0055_325.000000.png,#ce24d4,1,65.698485,2.403603,0.096144,0.040000
z_0056_326.000000.png,#15d445,7,702.097546,25.686496,1.027460,0.040000
z_0056_326.000000.png,#4cd4bb,9,973.962554,35.632776,1.425311,0.040000
z_0056_326.000000.png,#61d1be,5,318.534055,11.653685,0.466147,0.040000
z_0056_326.000000.png,#630024,2,285.722871,10.453276,0.418131,0.040000
z_0056_326.000000.png,#86bdb0,5,279.764502,10.235287,0.409411,0.040000
z_0056_326.000000.png,#a1e06e,4,351.119841,12.845848,0.513834,0.040000
z_0056_326.000000.png,#afeda4,3,92.526912,3.385131,0.135405,0.040000
z_0056_326.000000.png,#b1d415,5,279.906638,10.240487,0.409619,0.040000
z_0056_326.000000.png,#bf0d75,8,653.310750,23.901613,0.956065,0.040000
z_0056_326.000000.png,#ce24d4,1,69.355339,2.537390,0.101496,0.040000
z_0057_327.000000.png,#15d445,5,731.126984,26.748548,1.069942,0.040000
z_0057_327.000000.png,#4cd4bb,9,974.690476,35.659408,1.426376,0.040000
z_0057_327.000000.png,#61d1be,5,312.634560,11.437850,0.457514,0.040000
z_0057_327.000000.png,#630024,3,321.764502,11.771872,0.470875,0.040000
z_0057_327.000000.png,#86bdb0,5,286.007143,10.463676,0.418547,0.040000
z_0057_327.000000.png,#a1e06e,3,335.563492,12.276713,0.491069,0.040000
z_0057_327.000000.png,#afeda4,3,91.597980,3.351146,0.134046,0.040000
z_0057_327.000000.png,#b1d415,5,267.521861,9.787385,0.391495,0.040000
z_0057_327.000000.png,#bf0d75,9,619.854906,22.677619,0.907105,0.040000
z_0057_327.000000.png,#ce24d4,1,72.870058,2.665978,0.106639,0.040000
z_0058_328.000000.png,#15d445,5,784.925974,28.716804,1.148672,0.040000
z_0058_328.000000.png,#4cd4bb,8,959.661038,35.109550,1.404382,0.040000
z_0058_328.000000.png,#61d1be,5,314.877200,11.519898,0.460796,0.040000
z_0058_328.000000.png,#630024,3,339.421356,12.417854,0.496714,0.040000
z_0058_328.000000.png,#86bdb0,6,286.592929,10.485107,0.419404,0.040000
z_0058_328.000000.png,#a1e06e,4,339.764502,12.430409,0.497216,0.040000
z_0058_328.000000.png,#afeda4,3,87.012193,3.183373,0.127335,0.040000
z_0058_328.000000.png,#b1d415,5,267.279221,9.778508,0.391140,0.040000
z_0058_328.000000.png,#bf0d75,8,466.315801,17.060334,0.682413,0.040000
z_0058_328.000000.png,#ce24d4,1,105.112698,3.845587,0.153823,0.040000
z_0059_329.000000.png,#15d445,6,835.896536,30.581581,1.223263,0.040000
z_0059_329.000000.png,#4cd4bb,10,991.317893,36.267728,1.450709,0.040000
z_0059_329.000000.png,#61d1be,5,315.462987,11.541329,0.461653,0.040000
z_0059_329.000000.png,#630024,3,350.877200,12.836971,0.513479,0.040000
z_0059_329.000000.png,#86bdb0,4,263.521861,9.641044,0.385642,0.040000
z_0059_329.000000.png,#a1e06e,5,331.178716,12.116294,0.484652,0.040000
z_0059_329.000000.png,#afeda4,3,85.012193,3.110202,0.124408,0.040000
z_0059_329.000000.png,#b1d415,5,273.865007,10.019451,0.400778,0.040000
z_0059_329.000000.png,#bf0d75,6,406.859956,14.885120,0.595405,0.040000
z_0059_329.000000.png,#ce24d4,1,111.012193,4.061422,0.162457,0.040000
z_0060_330.000000.png,#15d445,7,847.595021,31.009574,1.240383,0.040000
z_0060_330.000000.png,#4cd4bb,9,1021.702669,37.379366,1.495175,0.040000
z_0060_330.000000.png,#61d1be,5,315.806133,11.553883,0.462155,0.040000
z_0060_330.000000.png,#630024,3,352.634560,12.901264,0.516051,0.040000
z_0060_330.000000.png,#86bdb0,4,266.936075,9.765954,0.390638,0.040000
z_0060_330.000000.png,#a1e06e,4,318.350288,11.646962,0.465878,0.040000
z_0060_330.000000.png,#afeda4,3,80.183766,2.933552,0.117342,0.040000
z_0060_330.000000.png,#b1d415,5,281.421356,10.295903,0.411836,0.040000
z_0060_330.000000.png,#bf0d75,5,385.445743,14.101674,0.564067,0.040000
z_0060_330.000000.png,#ce24d4,1,111.597980,4.082853,0.163314,0.040000
z_0061_331.000000.png,#15d445,7,865.009235,31.646679,1.265867,0.040000
z_0061_331.000000.png,#4cd4bb,9,1060.330086,38.792564,1.551703,0.040000
z_0061_331.000000.png,#61d1be,5,322.877200,11.812581,0.472503,0.040000
z_0061_331.000000.png,#630024,3,342.634560,12.535411,0.501416,0.040000
z_0061_331.000000.png,#86bdb0,4,270.249783,9.887187,0.395487,0.040000
z_0061_331.000000.png,#a1e06e,5,295.379726,10.806575,0.432263,0.040000
z_0061_331.000000.png,#afeda4,3,86.426407,3.161942,0.126478,0.040000
z_0061_331.000000.png,#b1d415,5,283.320851,10.365397,0.414616,0.040000
z_0061_331.000000.png,#bf0d75,5,362.374675,13.257610,0.530304,0.040000
z_0061_331.000000.png,#ce24d4,1,115.597980,4.229194,0.169168,0.040000
z_0062_332.000000.png,#15d445,7,884.322943,32.353278,1.294131,0.040000
z_0062_332.000000.png,#4cd4bb,9,1111.685425,40.671418,1.626857,0.040000
z_0062_332.000000.png,#61d1be,5,323.948268,11.851766,0.474071,0.040000
z_0062_332.000000.png,#630024,4,326.391919,11.941168,0.477647,0.040000
z_0062_332.000000.png,#86bdb0,5,267.764502,9.796262,0.391850,0.040000
z_0062_332.000000.png,#a1e06e,4,211.338095,7.731882,0.309275,0.040000
z_0062_332.000000.png,#afeda4,3,87.355339,3.195927,0.127837,0.040000
z_0062_332.000000.png,#b1d415,6,309.563492,11.325494,0.453020,0.040000
z_0062_332.000000.png,#bf0d75,5,334.232539,12.228020,0.489121,0.040000
z_0062_332.000000.png,#ce24d4,1,119.497475,4.371859,0.174874,0.040000
z_0063_333.000000.png,#15d445,7,912.080303,33.368792,1.334752,0.040000
z_0063_333.000000.png,#4cd4bb,10,1188.597113,43.485260,1.739410,0.040000
z_0063_333.000000.png,#61d1be,5,327.705627,11.989230,0.479569,0.040000
z_0063_333.000000.png,#630024,2,277.178716,10.140685,0.405627,0.040000
z_0063_333.000000.png,#86bdb0,5,262.936075,9.619612,0.384784,0.040000
z_0063_333.000000.png,#a1e06e,4,153.053824,5.599530,0.223981,0.040000
z_0063_333.000000.png,#afeda4,3,83.941125,3.071017,0.122841,0.040000
z_0063_333.000000.png,#b1d415,7,336.190909,12.299667,0.491987,0.040000
z_0063_333.000000.png,#bf0d75,5,309.504617,11.323340,0.452934,0.040000
z_0063_333.000000.png,#ce24d4,1,121.740115,4.453907,0.178156,0.040000
z_0064_334.000000.png,#15d445,7,913.837662,33.433085,1.337323,0.040000
z_0064_334.000000.png,#4cd4bb,10,1183.768686,43.308610,1.732344,0.040000
z_0064_334.000000.png,#61d1be,5,328.291414,12.010661,0.480426,0.040000
z_0064_334.000000.png,#630024,2,277.178716,10.140685,0.405627,0.040000
z_0064_334.000000.png,#86bdb0,5,264.350288,9.671352,0.386854,0.040000
z_0064_334.000000.png,#a1e06e,4,153.053824,5.599530,0.223981,0.040000
z_0064_334.000000.png,#afeda4,3,83.355339,3.049586,0.121983,0.040000
z_0064_334.000000.png,#b1d415,7,334.776695,12.247928,0.489917,0.040000
z_0064_334.000000.png,#bf0d75,5,310.090404,11.344771,0.453791,0.040000
z_0064_334.000000.png,#ce24d4,1,120.911688,4.423598,0.176944,0.040000
z_0065_335.000000.png,#15d445,10,1010.891486,36.983835,1.479353,0.040000
z_0065_335.000000.png,#4cd4bb,11,1250.111832,45.735799,1.829432,0.040000
z_0065_335.000000.png,#61d1be,6,298.835570,10.933009,0.437320,0.040000
z_0065_335.000000.png,#630024,2,261.279221,9.558996,0.382360,0.040000
z_0065_335.000000.png,#86bdb0,6,293.663997,10.743805,0.429752,0.040000
z_0065_335.000000.png,#a1e06e,3,149.982756,5.487174,0.219487,0.040000
z_0065_335.000000.png,#afeda4,4,99.840620,3.652706,0.146108,0.040000
z_0065_335.000000.png,#b1d415,7,363.404112,13.295272,0.531811,0.040000
z_0065_335.000000.png,#bf0d75,4,195.237590,7.142839,0.285714,0.040000
z_0065_335.000000.png,#ce24d4,1,122.325902,4.475338,0.179014,0.040000
z_0066_336.000000.png,#15d445,11,1125.359523,41.171690,1.646868,0.040000
z_0066_336.000000.png,#4cd4bb,12,1258.739249,46.051436,1.842057,0.040000
z_0066_336.000000.png,#61d1be,6,286.350288,10.476230,0.419049,0.040000
z_0066_336.000000.png,#630024,2,263.764502,9.649921,0.385997,0.040000
z_0066_336.000000.png,#86bdb0,6,315.320851,11.536129,0.461445,0.040000
z_0066_336.000000.png,#a1e06e,4,182.710678,6.684537,0.267381,0.040000
z_0066_336.000000.png,#afeda4,3,107.740115,3.941712,0.157668,0.040000
z_0066_336.000000.png,#b1d415,8,452.031529,16.537739,0.661510,0.040000
z_0066_336.000000.png,#bf0d75,5,176.509668,6.457671,0.258307,0.040000
z_0066_336.000000.png,#ce24d4,2,138.225397,5.057027,0.202281,0.040000
z_0067_337.000000.png,#15d445,12,1275.685425,46.671418,1.866857,0.040000
z_0067_337.000000.png,#4cd4bb,11,1268.780879,46.418813,1.856753,0.040000
z_0067_337.000000.png,#61d1be,6,276.592929,10.119254,0.404770,0.040000
z_0067_337.000000.png,#630024,2,258.350288,9.451840,0.378074,0.040000
z_0067_337.000000.png,#86bdb0,7,335.220346,12.264159,0.490566,0.040000
z_0067_337.000000.png,#a1e06e,3,209.195959,7.653511,0.306140,0.040000
z_0067_337.000000.png,#afeda4,3,98.083261,3.588412,0.143536,0.040000
z_0067_337.000000.png,#b1d415,6,421.989899,15.438655,0.617546,0.040000
z_0067_337.000000.png,#bf0d75,3,127.396970,4.660865,0.186435,0.040000
z_0067_337.000000.png,#ce24d4,2,167.195959,6.116925,0.244677,0.040000
z_0068_338.000000.png,#15d445,15,1327.910822,48.582103,1.943284,0.040000
z_0068_338.000000.png,#4cd4bb,11,1306.680374,47.805380,1.912215,0.040000
z_0068_338.000000.png,#61d1be,6,283.764502,10.381628,0.415265,0.040000
z_0068_338.000000.png,#630024,2,255.421356,9.344684,0.373787,0.040000
z_0068_338.000000.png,#86bdb0,7,349.605122,12.790431,0.511617,0.040000
z_0068_338.000000.png,#a1e06e,4,197.438600,7.223363,0.288935,0.040000
z_0068_338.000000.png,#afeda4,3,92.426407,3.381454,0.135258,0.040000
z_0068_338.000000.png,#b1d415,5,423.060967,15.477840,0.619114,0.040000
z_0068_338.000000.png,#bf0d75,3,122.811183,4.493092,0.179724,0.040000
z_0068_338.000000.png,#ce24d4,2,196.024387,7.171624,0.286865,0.040000
z_0069_339.000000.png,#15d445,12,978.104689,35.784318,1.431373,0.040000
z_0069_339.000000.png,#4cd4bb,11,1263.668181,46.231763,1.849271,0.040000
z_0069_339.000000.png,#61d1be,7,308.249783,11.277431,0.451097,0.040000
z_0069_339.000000.png,#630024,3,239.036580,8.745241,0.349810,0.040000
z_0069_339.000000.png,#86bdb0,7,371.019336,13.573878,0.542955,0.040000
z_0069_339.000000.png,#a1e06e,3,176.367532,6.452471,0.258099,0.040000
z_0069_339.000000.png,#afeda4,3,74.769553,2.735471,0.109419,0.040000
z_0069_339.000000.png,#b1d415,6,468.475180,17.139336,0.685573,0.040000
z_0069_339.000000.png,#bf0d75,3,118.811183,4.346751,0.173870,0.040000
z_0069_339.000000.png,#ce24d4,1,224.409163,8.210091,0.328404,0.040000
z_0070_340.000000.png,#15d445,12,980.933116,35.887797,1.435512,0.040000
z_0070_340.000000.png,#4cd4bb,11,1262.253967,46.180023,1.847201,0.040000
z_0070_340.000000.png,#61d1be,7,307.663997,11.256000,0.450240,0.040000
z_0070_340.000000.png,#630024,4,238.450793,8.723810,0.348952,0.040000
z_0070_340.000000.png,#86bdb0,7,370.190909,13.543570,0.541743,0.040000
z_0070_340.000000.png,#a1e06e,3,178.610173,6.534519,0.261381,0.040000
z_0070_340.000000.png,#afeda4,3,74.769553,2.735471,0.109419,0.040000
z_0070_340.000000.png,#b1d415,6,472.475180,17.285677,0.691427,0.040000
z_0070_340.000000.png,#bf0d75,3,118.811183,4.346751,0.173870,0.040000
z_0070_340.000000.png,#ce24d4,1,226.894444,8.301016,0.332041,0.040000
z_0071_341.000000.png,#15d445,12,1080.229581,39.520594,1.580824,0.040000
z_0071_341.000000.png,#4cd4bb,11,1214.028571,44.415679,1.776627,0.040000
z_0071_341.000000.png,#61d1be,5,323.320851,11.828812,0.473152,0.040000
z_0071_341.000000.png,#630024,3,88.426407,3.235112,0.129404,0.040000
z_0071_341.000000.png,#86bdb0,6,296.249783,10.838407,0.433536,0.040000
z_0071_341.000000.png,#a1e06e,3,181.781746,6.650552,0.266022,0.040000
z_0071_341.000000.png,#afeda4,3,80.426407,2.942430,0.117697,0.040000
z_0071_341.000000.png,#b1d415,4,440.818326,16.127500,0.645100,0.040000
z_0071_341.000000.png,#bf0d75,3,115.639610,4.230717,0.169229,0.040000
z_0071_341.000000.png,#ce24d4,1,235.681241,8.622484,0.344899,0.040000
z_0072_342.000000.png,#15d445,12,1081.058008,39.550903,1.582036,0.040000
z_0072_342.000000.png,#4cd4bb,11,1212.614357,44.363940,1.774558,0.040000
z_0072_342.000000.png,#61d1be,5,324.149278,11.859120,0.474365,0.040000
z_0072_342.000000.png,#630024,3,89.254834,3.265421,0.130617,0.040000
z_0072_342.000000.png,#86bdb0,6,296.249783,10.838407,0.433536,0.040000
z_0072_342.000000.png,#a1e06e,3,181.195959,6.629120,0.265165,0.040000
z_0072_342.000000.png,#afeda4,3,79.012193,2.890690,0.115628,0.040000
z_0072_342.000000.png,#b1d415,4,450.475180,16.480799,0.659232,0.040000
z_0072_342.000000.png,#bf0d75,3,116.225397,4.252149,0.170086,0.040000
z_0072_342.000000.png,#ce24d4,1,235.923882,8.631362,0.345254,0.040000
z_0073_343.000000.png,#15d445,11,1069.643794,39.133310,1.565332,0.040000
z_0073_343.000000.png,#4cd4bb,13,1161.744299,42.502840,1.700114,0.040000
z_0073_343.000000.png,#61d1be,5,335.320851,12.267836,0.490713,0.040000
z_0073_343.000000.png,#630024,3,88.426407,3.235112,0.129404,0.040000
z_0073_343.000000.png,#86bdb0,6,284.735065,10.417137,0.416685,0.040000
z_0073_343.000000.png,#a1e06e,3,182.953319,6.693414,0.267737,0.040000
z_0073_343.000000.png,#afeda4,3,81.597980,2.985292,0.119412,0.040000
z_0073_343.000000.png,#b1d415,5,486.960461,17.815627,0.712625,0.040000
z_0073_343.000000.png,#bf0d75,3,112.568542,4.118361,0.164734,0.040000
z_0073_343.000000.png,#ce24d4,1,233.438600,8.540437,0.341617,0.040000
z_0074_344.000000.png,#15d445,11,1073.886435,39.288528,1.571541,0.040000
z_0074_344.000000.png,#4cd4bb,12,1154.572727,42.240466,1.689619,0.040000
z_0074_344.000000.png,#61d1be,5,335.906638,12.289267,0.491571,0.040000
z_0074_344.000000.png,#630024,3,89.840620,3.286852,0.131474,0.040000
z_0074_344.000000.png,#86bdb0,6,285.320851,10.438568,0.417543,0.040000
z_0074_344.000000.png,#a1e06e,3,183.539105,6.714845,0.268594,0.040000
z_0074_344.000000.png,#afeda4,3,80.769553,2.954984,0.118199,0.040000
z_0074_344.000000.png,#b1d415,5,487.546248,17.837058,0.713482,0.040000
z_0074_344.000000.png,#bf0d75,3,112.568542,4.118361,0.164734,0.040000
z_0074_344.000000.png,#ce24d4,1,233.438600,8.540437,0.341617,0.040000
z_0075_345.000000.png,#15d445,11,1142.271211,41.790410,1.671616,0.040000
z_0075_345.000000.png,#4cd4bb,13,1061.418398,38.832380,1.553295,0.040000
z_0075_345.000000.png,#61d1be,5,337.906638,12.362438,0.494498,0.040000
z_0075_345.000000.png,#630024,2,45.698485,1.671896,0.066876,0.040000
z_0075_345.000000.png,#86bdb0,8,308.249783,11.277431,0.451097,0.040000
z_0075_345.000000.png,#a1e06e,3,182.124892,6.663106,0.266524,0.040000
z_0075_345.000000.png,#afeda4,3,90.769553,3.320837,0.132833,0.040000
z_0075_345.000000.png,#b1d415,5,787.210245,28.800375,1.152015,0.040000
z_0075_345.000000.png,#bf0d75,3,102.325902,3.743631,0.149745,0.040000
z_0075_345.000000.png,#ce24d4,1,241.095454,8.820565,0.352823,0.040000
z_0076_346.000000.png,#15d445,10,1210.697618,44.293815,1.771753,0.040000
z_0076_346.000000.png,#4cd4bb,12,894.565584,32.728009,1.309120,0.040000
z_0076_346.000000.png,#61d1be,5,339.847763,12.433455,0.497338,0.040000
z_0076_346.000000.png,#630024,2,71.012193,2.598007,0.103920,0.040000
z_0076_346.000000.png,#86bdb0,7,307.462987,11.248646,0.449946,0.040000
z_0076_346.000000.png,#a1e06e,2,187.053824,6.843433,0.273737,0.040000
z_0076_346.000000.png,#afeda4,3,96.911688,3.545550,0.141822,0.040000
z_0076_346.000000.png,#b1d415,9,859.778787,31.455321,1.258213,0.040000
z_0076_346.000000.png,#bf0d75,3,96.083261,3.515241,0.140610,0.040000
z_0076_346.000000.png,#ce24d4,1,246.267027,9.009769,0.360391,0.040000
z_0077_347.000000.png,#15d445,10,1214.212337,44.422403,1.776896,0.040000
z_0077_347.000000.png,#4cd4bb,12,899.394011,32.904659,1.316186,0.040000
z_0077_347.000000.png,#61d1be,5,338.190909,12.372838,0.494914,0.040000
z_0077_347.000000.png,#630024,2,70.769553,2.589130,0.103565,0.040000
z_0077_347.000000.png,#86bdb0,7,307.462987,11.248646,0.449946,0.040000
z_0077_347.000000.png,#a1e06e,2,187.882251,6.873741,0.274950,0.040000
z_0077_347.000000.png,#afeda4,3,96.911688,3.545550,0.141822,0.040000
z_0077_347.000000.png,#b1d415,9,861.678282,31.524815,1.260993,0.040000
z_0077_347.000000.png,#bf0d75,3,95.840620,3.506364,0.140255,0.040000
z_0077_347.000000.png,#ce24d4,1,246.852814,9.031201,0.361248,0.040000
z_0078_348.000000.png,#15d445,10,1230.253967,45.009291,1.800372,0.040000
z_0078_348.000000.png,#4cd4bb,10,863.452886,31.589740,1.263590,0.040000
z_0078_348.000000.png,#61d1be,5,334.977705,12.255282,0.490211,0.040000
z_0078_348.000000.png,#630024,2,78.669048,2.878136,0.115125,0.040000
z_0078_348.000000.png,#86bdb0,6,319.362482,11.683993,0.467360,0.040000
z_0078_348.000000.png,#a1e06e,2,144.568542,5.289093,0.211564,0.040000
z_0078_348.000000.png,#afeda4,3,105.053824,3.843433,0.153737,0.040000
z_0078_348.000000.png,#b1d415,11,817.737157,29.917213,1.196689,0.040000
z_0078_348.000000.png,#bf0d75,3,88.426407,3.235112,0.129404,0.040000
z_0078_348.000000.png,#ce24d4,1,248.024387,9.074063,0.362963,0.040000
z_0079_349.000000.png,#15d445,12,1240.981890,45.401776,1.816071,0.040000
z_0079_349.000000.png,#4cd4bb,11,818.967604,29.962229,1.198489,0.040000
z_0079_349.000000.png,#61d1be,5,341.119841,12.479994,0.499200,0.040000
z_0079_349.000000.png,#630024,2,81.254834,2.972738,0.118910,0.040000
z_0079_349.000000.png,#86bdb0,6,345.605122,12.644090,0.505764,0.040000
z_0079_349.000000.png,#a1e06e,2,135.982756,4.974979,0.198999,0.040000
z_0079_349.000000.png,#afeda4,3,105.396970,3.855987,0.154239,0.040000
z_0079_349.000000.png,#b1d415,8,812.808225,29.736886,1.189475,0.040000
z_0079_349.000000.png,#bf0d75,3,84.426407,3.088771,0.123551,0.040000
z_0079_349.000000.png,#ce24d4,1,252.610173,9.241836,0.369673,0.040000
z_0080_350.000000.png,#15d445,11,842.648845,30.828616,1.233145,0.040000
z_0080_350.000000.png,#4cd4bb,10,756.340187,27.670982,1.106839,0.040000
z_0080_350.000000.png,#61d1be,5,344.190909,12.592350,0.503694,0.040000
z_0080_350.000000.png,#630024,1,31.798990,1.163378,0.046535,0.040000
z_0080_350.000000.png,#86bdb0,9,712.582828,26.070103,1.042804,0.040000
z_0080_350.000000.png,#a1e06e,2,132.568542,4.850069,0.194003,0.040000
z_0080_350.000000.png,#afeda4,3,106.811183,3.907726,0.156309,0.040000
z_0080_350.000000.png,#b1d415,9,817.636652,29.913536,1.196541,0.040000
z_0080_350.000000.png,#bf0d75,3,84.426407,3.088771,0.123551,0.040000
z_0080_350.000000.png,#ce24d4,1,252.267027,9.229281,0.369171,0.040000
z_0081_351.000000.png,#15d445,11,858.063059,31.392551,1.255702,0.040000
z_0081_351.000000.png,#4cd4bb,10,684.884343,25.056744,1.002270,0.040000
z_0081_351.000000.png,#61d1be,5,335.119841,12.260482,0.490419,0.040000
z_0081_351.000000.png,#630024,1,35.213203,1.288288,0.051532,0.040000
z_0081_351.000000.png,#86bdb0,10,684.825469,25.054590,1.002184,0.040000
z_0081_351.000000.png,#a1e06e,2,138.325902,5.060704,0.202428,0.040000
z_0081_351.000000.png,#afeda4,3,104.568542,3.825678,0.153027,0.040000
z_0081_351.000000.png,#b1d415,7,724.967604,26.523205,1.060928,0.040000
z_0081_351.000000.png,#bf0d75,3,81.840620,2.994169,0.119767,0.040000
z_0081_351.000000.png,#ce24d4,2,280.409163,10.258872,0.410355,0.040000
z_0082_352.000000.png,#15d445,12,865.134126,31.651249,1.266050,0.040000
z_0082_352.000000.png,#4cd4bb,9,654.156421,23.932552,0.957302,0.040000
z_0082_352.000000.png,#61d1be,5,327.220346,11.971476,0.478859,0.040000
z_0082_352.000000.png,#630024,1,34.627417,1.266857,0.050674,0.040000
z_0082_352.000000.png,#86bdb0,11,674.440692,24.674659,0.986986,0.040000
z_0082_352.000000.png,#a1e06e,2,136.083261,4.978656,0.199146,0.040000
z_0082_352.000000.png,#afeda4,3,108.568542,3.972020,0.158881,0.040000
z_0082_352.000000.png,#b1d415,8,674.582828,24.679860,0.987194,0.040000
z_0082_352.000000.png,#bf0d75,3,80.669048,2.951307,0.118052,0.040000
z_0082_352.000000.png,#ce24d4,2,309.036580,11.306216,0.452249,0.040000
z_0083_353.000000.png,#15d445,12,865.862048,31.677880,1.267115,0.040000
z_0083_353.000000.png,#4cd4bb,6,593.487373,21.712953,0.868518,0.040000
z_0083_353.000000.png,#61d1be,6,332.291414,12.157003,0.486280,0.040000
z_0083_353.000000.png,#630024,1,36.384776,1.331150,0.053246,0.040000
z_0083_353.000000.png,#86bdb0,8,667.712770,24.428516,0.977141,0.040000
z_0083_353.000000.png,#a1e06e,2,112.426407,4.113161,0.164526,0.040000
z_0083_353.000000.png,#afeda4,3,110.225397,4.032636,0.161305,0.040000
z_0083_353.000000.png,#b1d415,7,610.842712,22.347904,0.893916,0.040000
z_0083_353.000000.png,#bf0d75,3,81.597980,2.985292,0.119412,0.040000
z_0083_353.000000.png,#ce24d4,2,326.551299,11.946999,0.477880,0.040000
z_0084_354.000000.png,#15d445,12,873.761543,31.966886,1.278675,0.040000
z_0084_354.000000.png,#4cd4bb,6,596.457936,21.821632,0.872865,0.040000
z_0084_354.000000.png,#61d1be,6,320.977705,11.743087,0.469723,0.040000
z_0084_354.000000.png,#630024,1,34.384776,1.257980,0.050319,0.040000
z_0084_354.000000.png,#86bdb0,7,662.399062,24.234112,0.969364,0.040000
z_0084_354.000000.png,#a1e06e,2,107.597980,3.936511,0.157460,0.040000
z_0084_354.000000.png,#afeda4,3,117.053824,4.282457,0.171298,0.040000
z_0084_354.000000.png,#b1d415,6,603.428499,22.076652,0.883066,0.040000
z_0084_354.000000.png,#bf0d75,3,82.526912,3.019277,0.120771,0.040000
z_0084_354.000000.png,#ce24d4,2,338.107648,12.369792,0.494792,0.040000
z_0085_355.000000.png,#15d445,12,888.388960,32.502035,1.300081,0.040000
z_0085_355.000000.png,#4cd4bb,6,604.801082,22.126869,0.885075,0.040000
z_0085_355.000000.png,#61d1be,6,310.007143,11.341725,0.453669,0.040000
z_0085_355.000000.png,#630024,1,32.727922,1.197363,0.047895,0.040000
z_0085_355.000000.png,#86bdb0,7,655.913780,23.996846,0.959874,0.040000
z_0085_355.000000.png,#a1e06e,2,105.840620,3.872218,0.154889,0.040000
z_0085_355.000000.png,#afeda4,3,115.882251,4.239595,0.169584,0.040000
z_0085_355.000000.png,#b1d415,7,579.771645,21.211158,0.848446,0.040000
z_0085_355.000000.png,#bf0d75,3,81.355339,2.976415,0.119057,0.040000
z_0085_355.000000.png,#ce24d4,3,353.563492,12.935250,0.517410,0.040000
z_0086_356.000000.png,#15d445,12,883.661038,32.329062,1.293162,0.040000
z_0086_356.000000.png,#4cd4bb,7,591.144228,21.627228,0.865089,0.040000
z_0086_356.000000.png,#61d1be,6,300.735065,11.002502,0.440100,0.040000
z_0086_356.000000.png,#630024,1,30.970563,1.133069,0.045323,0.040000
z_0086_356.000000.png,#86bdb0,7,651.185858,23.823873,0.952955,0.040000
z_0086_356.000000.png,#a1e06e,2,102.911688,3.765062,0.150602,0.040000
z_0086_356.000000.png,#afeda4,3,119.296465,4.364505,0.174580,0.040000
z_0086_356.000000.png,#b1d415,6,551.185858,20.165336,0.806613,0.040000
z_0086_356.000000.png,#bf0d75,3,77.355339,2.830073,0.113203,0.040000
z_0086_356.000000.png,#ce24d4,3,353.421356,12.930050,0.517202,0.040000
z_0087_357.000000.png,#15d445,11,903.761543,33.064447,1.322578,0.040000
z_0087_357.000000.png,#4cd4bb,7,532.031529,19.464568,0.778583,0.040000
z_0087_357.000000.png,#61d1be,6,284.350288,10.403059,0.416122,0.040000
z_0087_357.000000.png,#630024,1,28.727922,1.051022,0.042041,0.040000
z_0087_357.000000.png,#86bdb0,8,601.286363,21.998282,0.879931,0.040000
z_0087_357.000000.png,#a1e06e,2,93.012193,3.402885,0.136115,0.040000
z_0087_357.000000.png,#afeda4,3,121.053824,4.428798,0.177152,0.040000
z_0087_357.000000.png,#b1d415,6,566.499567,20.725594,0.829024,0.040000
z_0087_357.000000.png,#bf0d75,3,72.526912,2.653424,0.106137,0.040000
z_0087_357.000000.png,#ce24d4,3,352.007143,12.878310,0.515132,0.040000
z_0088_358.000000.png,#15d445,11,905.518903,33.128740,1.325150,0.040000
z_0088_358.000000.png,#4cd4bb,6,469.404112,17.173321,0.686933,0.040000
z_0088_358.000000.png,#61d1be,5,248.308658,9.084463,0.363379,0.040000
z_0088_358.000000.png,#630024,1,28.142136,1.029590,0.041184,0.040000
z_0088_358.000000.png,#86bdb0,10,555.002092,20.304955,0.812198,0.040000
z_0088_358.000000.png,#a1e06e,2,87.012193,3.183373,0.127335,0.040000
z_0088_358.000000.png,#afeda4,4,114.225397,4.178978,0.167159,0.040000
z_0088_358.000000.png,#b1d415,6,565.671140,20.695286,0.827811,0.040000
z_0088_358.000000.png,#bf0d75,3,63.941125,2.339309,0.093572,0.040000
z_0088_358.000000.png,#ce24d4,3,360.391919,13.185070,0.527403,0.040000
z_0089_359.000000.png,#15d445,10,796.465079,29.138966,1.165559,0.040000
z_0089_359.000000.png,#4cd4bb,8,396.877200,14.519898,0.580796,0.040000
z_0089_359.000000.png,#61d1be,5,243.965512,8.925568,0.357023,0.040000
z_0089_359.000000.png,#630024,1,26.970563,0.986728,0.039469,0.040000
z_0089_359.000000.png,#86bdb0,6,470.391919,17.209460,0.688378,0.040000
z_0089_359.000000.png,#a1e06e,3,97.497475,3.566981,0.142679,0.040000
z_0089_359.000000.png,#afeda4,4,110.568542,4.045191,0.161808,0.040000
z_0089_359.000000.png,#b1d415,7,536.700577,19.635387,0.785415,0.040000
z_0089_359.000000.png,#bf0d75,3,61.941125,2.266139,0.090646,0.040000
z_0089_359.000000.png,#ce24d4,3,363.906638,13.313657,0.532546,0.040000
z_0090_360.000000.png,#15d445,10,753.151370,27.554318,1.102173,0.040000
z_0090_360.000000.png,#4cd4bb,6,316.350288,11.573791,0.462952,0.040000
z_0090_360.000000.png,#61d1be,5,235.722871,8.624007,0.344960,0.040000
z_0090_360.000000.png,#630024,1,28.142136,1.029590,0.041184,0.040000
z_0090_360.000000.png,#86bdb0,6,442.149278,16.176193,0.647048,0.040000
z_0090_360.000000.png,#a1e06e,3,157.296465,5.754749,0.230190,0.040000
z_0090_360.000000.png,#afeda4,4,105.154329,3.847110,0.153884,0.040000
z_0090_360.000000.png,#b1d415,7,477.730014,17.477927,0.699117,0.040000
z_0090_360.000000.png,#bf0d75,3,59.941125,2.192968,0.087719,0.040000
z_0090_360.000000.png,#ce24d4,3,369.906638,13.533170,0.541327,0.040000
z_0091_361.000000.png,#15d445,12,808.121933,29.565437,1.182617,0.040000
z_0091_361.000000.png,#4cd4bb,4,239.137085,8.748918,0.349957,0.040000
z_0091_361.000000.png,#61d1be,5,230.409163,8.429604,0.337184,0.040000
z_0091_361.000000.png,#630024,1,25.313708,0.926111,0.037044,0.040000
z_0091_361.000000.png,#86bdb0,6,425.563492,15.569396,0.622776,0.040000
z_0091_361.000000.png,#a1e06e,2,167.781746,6.138357,0.245534,0.040000
z_0091_361.000000.png,#afeda4,4,108.568542,3.972020,0.158881,0.040000
z_0091_361.000000.png,#b1d415,6,486.901587,17.813473,0.712539,0.040000
z_0091_361.000000.png,#bf0d75,3,59.355339,2.171537,0.086861,0.040000
z_0091_361.000000.png,#ce24d4,4,401.948268,14.705424,0.588217,0.040000
z_0092_362.000000.png,#15d445,11,826.364574,30.232850,1.209314,0.040000
z_0092_362.000000.png,#4cd4bb,3,240.066017,8.782903,0.351316,0.040000
z_0092_362.000000.png,#61d1be,5,228.994949,8.377864,0.335115,0.040000
z_0092_362.000000.png,#630024,1,26.142136,0.956420,0.038257,0.040000
z_0092_362.000000.png,#86bdb0,7,432.249783,15.814016,0.632561,0.040000
z_0092_362.000000.png,#a1e06e,2,174.953319,6.400731,0.256029,0.040000
z_0092_362.000000.png,#afeda4,4,105.740115,3.868541,0.154742,0.040000
z_0092_362.000000.png,#b1d415,6,484.073160,17.709994,0.708400,0.040000
z_0092_362.000000.png,#bf0d75,3,55.455844,2.028872,0.081155,0.040000
z_0092_362.000000.png,#ce24d4,5,454.232539,16.618264,0.664731,0.040000
z_0093_363.000000.png,#15d445,12,872.991991,31.938731,1.277549,0.040000
z_0093_363.000000.png,#4cd4bb,3,260.793939,9.541242,0.381650,0.040000
z_0093_363.000000.png,#61d1be,5,227.480231,8.322447,0.332898,0.040000
z_0093_363.000000.png,#630024,1,26.142136,0.956420,0.038257,0.040000
z_0093_363.000000.png,#86bdb0,7,460.776695,16.857684,0.674307,0.040000
z_0093_363.000000.png,#a1e06e,2,174.710678,6.391854,0.255674,0.040000
z_0093_363.000000.png,#afeda4,3,128.953319,4.717804,0.188712,0.040000
z_0093_363.000000.png,#b1d415,7,494.801082,18.102479,0.724099,0.040000
z_0093_363.000000.png,#bf0d75,3,55.455844,2.028872,0.081155,0.040000
z_0093_363.000000.png,#ce24d4,4,453.161472,16.579078,0.663163,0.040000
z_0094_364.000000.png,#15d445,14,1541.633693,56.401233,2.256049,0.040000
z_0094_364.000000.png,#4cd4bb,3,280.007143,10.244164,0.409767,0.040000
z_0094_364.000000.png,#61d1be,6,227.237590,8.313570,0.332543,0.040000
z_0094_364.000000.png,#630024,1,25.313708,0.926111,0.037044,0.040000
z_0094_364.000000.png,#86bdb0,9,431.847763,15.799308,0.631972,0.040000
z_0094_364.000000.png,#a1e06e,2,182.710678,6.684537,0.267381,0.040000
z_0094_364.000000.png,#afeda4,3,128.367532,4.696373,0.187855,0.040000
z_0094_364.000000.png,#b1d415,7,499.972655,18.291682,0.731667,0.040000
z_0094_364.000000.png,#bf0d75,3,53.455844,1.955702,0.078228,0.040000
z_0094_364.000000.png,#ce24d4,4,459.303607,16.803791,0.672152,0.040000
z_0095_365.000000.png,#15d445,15,1594.604256,58.339180,2.333567,0.040000
z_0095_365.000000.png,#4cd4bb,4,297.663997,10.890146,0.435606,0.040000
z_0095_365.000000.png,#61d1be,6,194.610173,7.119884,0.284795,0.040000
z_0095_365.000000.png,#630024,1,24.485281,0.895803,0.035832,0.040000
z_0095_365.000000.png,#86bdb0,8,328.735065,12.026893,0.481076,0.040000
z_0095_365.000000.png,#a1e06e,2,193.539105,7.080699,0.283228,0.040000
z_0095_365.000000.png,#afeda4,2,124.710678,4.562586,0.182503,0.040000
z_0095_365.000000.png,#b1d415,6,463.345238,16.951655,0.678066,0.040000
z_0095_365.000000.png,#bf0d75,3,51.112698,1.869977,0.074799,0.040000
z_0095_365.000000.png,#ce24d4,4,469.788889,17.187398,0.687496,0.040000
z_0096_366.000000.png,#15d445,14,1599.775829,58.528384,2.341135,0.040000
z_0096_366.000000.png,#4cd4bb,4,298.492424,10.920455,0.436818,0.040000
z_0096_366.000000.png,#61d1be,6,194.610173,7.119884,0.284795,0.040000
z_0096_366.000000.png,#630024,1,24.485281,0.895803,0.035832,0.040000
z_0096_366.000000.png,#86bdb0,8,333.320851,12.194665,0.487787,0.040000
z_0096_366.000000.png,#a1e06e,2,195.195959,7.141316,0.285653,0.040000
z_0096_366.000000.png,#afeda4,2,124.710678,4.562586,0.182503,0.040000
z_0096_366.000000.png,#b1d415,6,463.587878,16.960532,0.678421,0.040000
z_0096_366.000000.png,#bf0d75,3,51.698485,1.891408,0.075656,0.040000
z_0096_366.000000.png,#ce24d4,4,471.203102,17.239138,0.689566,0.040000
z_0097_367.000000.png,#15d445,14,1557.775829,56.991799,2.279672,0.040000
z_0097_367.000000.png,#4cd4bb,4,253.379726,9.269990,0.370800,0.040000
z_0097_367.000000.png,#61d1be,5,192.267027,7.034160,0.281366,0.040000
z_0097_367.000000.png,#630024,1,24.727922,0.904680,0.036187,0.040000
z_0097_367.000000.png,#86bdb0,7,332.492424,12.164357,0.486574,0.040000
z_0097_367.000000.png,#a1e06e,2,217.781746,7.967625,0.318705,0.040000
z_0097_367.000000.png,#afeda4,2,102.325902,3.743631,0.149745,0.040000
z_0097_367.000000.png,#b1d415,7,480.759451,17.588760,0.703550,0.040000
z_0097_367.000000.png,#bf0d75,3,47.455844,1.736189,0.069448,0.040000
z_0097_367.000000.png,#ce24d4,6,431.788889,15.797154,0.631886,0.040000
z_0098_368.000000.png,#15d445,13,1559.148412,57.042015,2.281681,0.040000
z_0098_368.000000.png,#4cd4bb,3,247.237590,9.045278,0.361811,0.040000
z_0098_368.000000.png,#61d1be,5,189.438600,6.930680,0.277227,0.040000
z_0098_368.000000.png,#630024,1,24.727922,0.904680,0.036187,0.040000
z_0098_368.000000.png,#86bdb0,7,338.048773,12.367638,0.494706,0.040000
z_0098_368.000000.png,#a1e06e,1,150.568542,5.508605,0.220344,0.040000
z_0098_368.000000.png,#afeda4,2,92.325902,3.377777,0.135111,0.040000
z_0098_368.000000.png,#b1d415,6,450.132034,16.468245,0.658730,0.040000
z_0098_368.000000.png,#bf0d75,3,40.970563,1.498923,0.059957,0.040000
z_0098_368.000000.png,#ce24d4,6,449.102597,16.430583,0.657223,0.040000
z_0099_369.000000.png,#15d445,16,1566.763635,57.320621,2.292825,0.040000
z_0099_369.000000.png,#4cd4bb,3,266.793939,9.760754,0.390430,0.040000
z_0099_369.000000.png,#61d1be,5,179.095454,6.552273,0.262091,0.040000
z_0099_369.000000.png,#630024,1,24.485281,0.895803,0.035832,0.040000
z_0099_369.000000.png,#86bdb0,7,318.149278,11.639608,0.465584,0.040000
z_0099_369.000000.png,#a1e06e,2,147.296465,5.388895,0.215556,0.040000
z_0099_369.000000.png,#afeda4,3,86.083261,3.149388,0.125976,0.040000
z_0099_369.000000.png,#b1d415,7,442.717821,16.196993,0.647880,0.040000
z_0099_369.000000.png,#bf0d75,3,39.213203,1.434629,0.057385,0.040000
z_0099_369.000000.png,#ce24d4,6,428.031529,15.659690,0.626388,0.040000
z_0100_370.000000.png,#15d445,13,1541.106781,56.381955,2.255278,0.040000
z_0100_370.000000.png,#4cd4bb,2,313.521861,11.470312,0.458812,0.040000
z_0100_370.000000.png,#61d1be,4,164.852814,6.031201,0.241248,0.040000
z_0100_370.000000.png,#630024,1,23.071068,0.844063,0.033763,0.040000
z_0100_370.000000.png,#86bdb0,7,278.007143,10.170993,0.406840,0.040000
z_0100_370.000000.png,#a1e06e,2,136.468037,4.992733,0.199709,0.040000
z_0100_370.000000.png,#afeda4,3,114.083261,4.173778,0.166951,0.040000
z_0100_370.000000.png,#b1d415,7,422.617316,15.461609,0.618464,0.040000
z_0100_370.000000.png,#bf0d75,3,37.556349,1.374013,0.054961,0.040000
z_0100_370.000000.png,#ce24d4,7,392.433550,14.357325,0.574293,0.040000
z_0101_371.000000.png,#15d445,13,1632.947402,59.741978,2.389679,0.040000
z_0101_371.000000.png,#4cd4bb,2,300.350288,10.988425,0.439537,0.040000
z_0101_371.000000.png,#61d1be,4,165.438600,6.052632,0.242105,0.040000
z_0101_371.000000.png,#630024,1,24.727922,0.904680,0.036187,0.040000
z_0101_371.000000.png,#86bdb0,7,258.350288,9.451840,0.378074,0.040000
z_0101_371.000000.png,#a1e06e,2,121.497475,4.445030,0.177801,0.040000
z_0101_371.000000.png,#afeda4,3,141.639610,5.181937,0.207277,0.040000
z_0101_371.000000.png,#b1d415,7,410.818326,15.029939,0.601198,0.040000
z_0101_371.000000.png,#bf0d75,3,38.727922,1.416875,0.056675,0.040000
z_0101_371.000000.png,#ce24d4,6,362.433550,13.259764,0.530391,0.040000
z_0102_372.000000.png,#15d445,9,1656.060100,60.587565,2.423503,0.040000
z_0102_372.000000.png,#4cd4bb,2,296.793939,10.858315,0.434333,0.040000
z_0102_372.000000.png,#61d1be,4,161.438600,5.906290,0.236252,0.040000
z_0102_372.000000.png,#630024,1,30.970563,1.133069,0.045323,0.040000
z_0102_372.000000.png,#86bdb0,7,224.551299,8.215291,0.328612,0.040000
z_0102_372.000000.png,#a1e06e,2,87.597980,3.204804,0.128192,0.040000
z_0102_372.000000.png,#afeda4,4,160.710678,5.879659,0.235186,0.040000
z_0102_372.000000.png,#b1d415,9,421.989899,15.438655,0.617546,0.040000
z_0102_372.000000.png,#bf0d75,3,42.041631,1.538108,0.061524,0.040000
z_0102_372.000000.png,#ce24d4,8,315.948268,11.559083,0.462363,0.040000
z_0103_373.000000.png,#15d445,9,1652.344371,60.451623,2.418065,0.040000
z_0103_373.000000.png,#4cd4bb,2,293.036580,10.720850,0.428834,0.040000
z_0103_373.000000.png,#61d1be,4,160.610173,5.875982,0.235039,0.040000
z_0103_373.000000.png,#630024,1,27.556349,1.008159,0.040326,0.040000
z_0103_373.000000.png,#86bdb0,6,204.409163,7.478384,0.299135,0.040000
z_0103_373.000000.png,#a1e06e,2,71.112698,2.601684,0.104067,0.040000
z_0103_373.000000.png,#afeda4,4,197.539105,7.227040,0.289082,0.040000
z_0103_373.000000.png,#b1d415,9,435.889394,15.947173,0.637887,0.040000
z_0103_373.000000.png,#bf0d75,3,42.627417,1.559540,0.062382,0.040000
z_0103_373.000000.png,#ce24d4,7,256.592929,9.387546,0.375502,0.040000
z_0104_374.000000.png,#15d445,11,1540.704761,56.367247,2.254690,0.040000
z_0104_374.000000.png,#4cd4bb,2,229.237590,8.386741,0.335470,0.040000
z_0104_374.000000.png,#61d1be,4,161.923882,5.924044,0.236962,0.040000
z_0104_374.000000.png,#630024,1,27.556349,1.008159,0.040326,0.040000
z_0104_374.000000.png,#86bdb0,6,214.894444,7.861992,0.314480,0.040000
z_0104_374.000000.png,#a1e06e,1,40.384776,1.477492,0.059100,0.040000
z_0104_374.000000.png,#afeda4,6,226.166522,8.274385,0.330975,0.040000
z_0104_374.000000.png,#b1d415,8,492.173665,18.006354,0.720254,0.040000
z_0104_374.000000.png,#bf0d75,3,42.627417,1.559540,0.062382,0.040000
z_0104_374.000000.png,#ce24d4,5,178.166522,6.518287,0.260731,0.040000
z_0105_375.000000.png,#15d445,9,1397.248917,51.118863,2.044755,0.040000
z_0105_375.000000.png,#4cd4bb,2,237.580736,8.691978,0.347679,0.040000
z_0105_375.000000.png,#61d1be,4,157.095454,5.747395,0.229896,0.040000
z_0105_375.000000.png,#630024,1,27.556349,1.008159,0.040326,0.040000
z_0105_375.000000.png,#86bdb0,6,210.066017,7.685342,0.307414,0.040000
z_0105_375.000000.png,#a1e06e,1,41.213203,1.507800,0.060312,0.040000
z_0105_375.000000.png,#afeda4,6,293.237590,10.728205,0.429128,0.040000
z_0105_375.000000.png,#b1d415,8,474.516811,17.360371,0.694415,0.040000
z_0105_375.000000.png,#bf0d75,3,44.627417,1.632710,0.065308,0.040000
z_0105_375.000000.png,#ce24d4,4,139.539105,5.105089,0.204204,0.040000
z_0106_376.000000.png,#15d445,15,1329.207286,48.629535,1.945181,0.040000
z_0106_376.000000.png,#4cd4bb,2,236.166522,8.640239,0.345610,0.040000
z_0106_376.000000.png,#61d1be,4,152.267027,5.570745,0.222830,0.040000
z_0106_376.000000.png,#630024,1,25.899495,0.947542,0.037902,0.040000
z_0106_376.000000.png,#86bdb0,6,205.480231,7.517569,0.300703,0.040000
z_0106_376.000000.png,#a1e06e,1,40.627417,1.486369,0.059455,0.040000
z_0106_376.000000.png,#afeda4,6,316.450793,11.577468,0.463099,0.040000
z_0106_376.000000.png,#b1d415,8,501.144228,18.334545,0.733382,0.040000
z_0106_376.000000.png,#bf0d75,3,42.041631,1.538108,0.061524,0.040000
z_0106_376.000000.png,#ce24d4,4,101.982756,3.731076,0.149243,0.040000
z_0107_377.000000.png,#15d445,15,1230.094588,45.003461,1.800138,0.040000
z_0107_377.000000.png,#4cd4bb,3,230.752309,8.442158,0.337686,0.040000
z_0107_377.000000.png,#61d1be,4,150.367532,5.501251,0.220050,0.040000
z_0107_377.000000.png,#630024,1,24.727922,0.904680,0.036187,0.040000
z_0107_377.000000.png,#86bdb0,6,196.308658,7.182024,0.287281,0.040000
z_0107_377.000000.png,#a1e06e,1,38.627417,1.413198,0.056528,0.040000
z_0107_377.000000.png,#afeda4,5,285.823376,10.456953,0.418278,0.040000
z_0107_377.000000.png,#b1d415,7,533.529004,19.519354,0.780774,0.040000
z_0107_377.000000.png,#bf0d75,3,44.041631,1.611279,0.064451,0.040000
z_0107_377.000000.png,#ce24d4,3,70.526912,2.580253,0.103210,0.040000
z_0108_378.000000.png,#15d445,19,1201.325035,43.950916,1.758037,0.040000
z_0108_378.000000.png,#4cd4bb,2,172.124892,6.297252,0.251890,0.040000
z_0108_378.000000.png,#61d1be,3,140.953319,5.156829,0.206273,0.040000
z_0108_378.000000.png,#630024,1,26.727922,0.977851,0.039114,0.040000
z_0108_378.000000.png,#86bdb0,5,175.338095,6.414808,0.256592,0.040000
z_0108_378.000000.png,#a1e06e,1,38.627417,1.413198,0.056528,0.040000
z_0108_378.000000.png,#afeda4,5,277.237590,10.142839,0.405714,0.040000
z_0108_378.000000.png,#b1d415,6,591.227489,21.630274,0.865211,0.040000
z_0108_378.000000.png,#bf0d75,3,45.455844,1.663019,0.066521,0.040000
z_0108_378.000000.png,#ce24d4,2,46.627417,1.705881,0.068235,0.040000
z_0109_379.000000.png,#15d445,17,1021.744299,37.380889,1.495236,0.040000
z_0109_379.000000.png,#4cd4bb,2,192.610173,7.046714,0.281869,0.040000
z_0109_379.000000.png,#61d1be,3,138.953319,5.083658,0.203346,0.040000
z_0109_379.000000.png,#630024,1,24.727922,0.904680,0.036187,0.040000
z_0109_379.000000.png,#86bdb0,5,226.450793,8.284785,0.331391,0.040000
z_0109_379.000000.png,#a1e06e,1,40.284271,1.473815,0.058953,0.040000
z_0109_379.000000.png,#afeda4,4,276.793939,10.126608,0.405064,0.040000
z_0109_379.000000.png,#b1d415,8,594.984848,21.767738,0.870710,0.040000
z_0109_379.000000.png,#bf0d75,3,49.112698,1.796806,0.071872,0.040000
z_0109_379.000000.png,#ce24d4,2,49.213203,1.800483,0.072019,0.040000
z_0110_380.000000.png,#15d445,14,901.719913,32.989753,1.319590,0.040000
z_0110_380.000000.png,#4cd4bb,2,186.267027,6.814647,0.272586,0.040000
z_0110_380.000000.png,#61d1be,3,134.367532,4.915885,0.196635,0.040000
z_0110_380.000000.png,#630024,1,28.384776,1.038467,0.041539,0.040000
z_0110_380.000000.png,#86bdb0,5,248.936075,9.107417,0.364297,0.040000
z_0110_380.000000.png,#a1e06e,1,41.112698,1.504123,0.060165,0.040000
z_0110_380.000000.png,#afeda4,4,285.279221,10.437045,0.417482,0.040000
z_0110_380.000000.png,#b1d415,8,608.156421,22.249625,0.889985,0.040000
z_0110_380.000000.png,#bf0d75,3,54.870058,2.007441,0.080298,0.040000
z_0110_380.000000.png,#ce24d4,2,52.627417,1.925393,0.077016,0.040000
z_0111_381.000000.png,#15d445,13,859.879292,31.458999,1.258360,0.040000
z_0111_381.000000.png,#4cd4bb,2,182.752309,6.686060,0.267442,0.040000
z_0111_381.000000.png,#61d1be,3,131.296465,4.803529,0.192141,0.040000
z_0111_381.000000.png,#630024,1,31.798990,1.163378,0.046535,0.040000
z_0111_381.000000.png,#86bdb0,5,252.208153,9.227128,0.369085,0.040000
z_0111_381.000000.png,#a1e06e,1,43.698485,1.598725,0.063949,0.040000
z_0111_381.000000.png,#afeda4,5,270.793939,9.907095,0.396284,0.040000
z_0111_381.000000.png,#b1d415,9,591.913780,21.655382,0.866215,0.040000
z_0111_381.000000.png,#bf0d75,3,54.870058,2.007441,0.080298,0.040000
z_0111_381.000000.png,#ce24d4,3,77.112698,2.821196,0.112848,0.040000
z_0112_382.000000.png,#15d445,12,803.293506,29.388787,1.175551,0.040000
z_0112_382.000000.png,#4cd4bb,3,210.166522,7.689019,0.307561,0.040000
z_0112_382.000000.png,#61d1be,3,132.953319,4.864146,0.194566,0.040000
z_0112_382.000000.png,#630024,1,31.556349,1.154501,0.046180,0.040000
z_0112_382.000000.png,#86bdb0,5,258.693434,9.464394,0.378576,0.040000
z_0112_382.000000.png,#a1e06e,1,46.870058,1.714758,0.068590,0.040000
z_0112_382.000000.png,#afeda4,5,269.622366,9.864233,0.394569,0.040000
z_0112_382.000000.png,#b1d415,8,558.114790,20.418834,0.816753,0.040000
z_0112_382.000000.png,#bf0d75,2,47.213203,1.727312,0.069092,0.040000
z_0112_382.000000.png,#ce24d4,3,109.396970,4.002328,0.160093,0.040000
z_0113_383.000000.png,#15d445,12,773.595021,28.302257,1.132090,0.040000
z_0113_383.000000.png,#4cd4bb,3,211.823376,7.749636,0.309985,0.040000
z_0113_383.000000.png,#61d1be,3,133.539105,4.885577,0.195423,0.040000
z_0113_383.000000.png,#630024,1,30.142136,1.102761,0.044110,0.040000
z_0113_383.000000.png,#86bdb0,5,284.492424,10.408259,0.416330,0.040000
z_0113_383.000000.png,#a1e06e,1,50.041631,1.830791,0.073232,0.040000
z_0113_383.000000.png,#afeda4,5,275.865007,10.092622,0.403705,0.040000
z_0113_383.000000.png,#b1d415,10,489.102597,17.893997,0.715760,0.040000
z_0113_383.000000.png,#bf0d75,2,48.970563,1.791606,0.071664,0.040000
z_0113_383.000000.png,#ce24d4,4,147.438600,5.394095,0.215764,0.040000
z_0114_384.000000.png,#15d445,11,715.695526,26.183983,1.047359,0.040000
z_0114_384.000000.png,#4cd4bb,3,202.409163,7.405213,0.296209,0.040000
z_0114_384.000000.png,#61d1be,3,131.539105,4.812406,0.192496,0.040000
z_0114_384.000000.png,#630024,1,28.727922,1.051022,0.042041,0.040000
z_0114_384.000000.png,#86bdb0,5,301.906638,11.045365,0.441815,0.040000
z_0114_384.000000.png,#a1e06e,1,50.526912,1.848546,0.073942,0.040000
z_0114_384.000000.png,#afeda4,5,288.208153,10.544201,0.421768,0.040000
z_0114_384.000000.png,#b1d415,9,464.274170,16.985640,0.679426,0.040000
z_0114_384.000000.png,#bf0d75,2,50.970563,1.864777,0.074591,0.040000
z_0114_384.000000.png,#ce24d4,5,184.994949,6.768108,0.270724,0.040000
z_0115_385.000000.png,#15d445,10,691.452886,25.297057,1.011882,0.040000
z_0115_385.000000.png,#4cd4bb,3,210.409163,7.697896,0.307916,0.040000
z_0115_385.000000.png,#61d1be,3,129.639610,4.742913,0.189717,0.040000
z_0115_385.000000.png,#630024,1,26.142136,0.956420,0.038257,0.040000
z_0115_385.000000.png,#86bdb0,6,314.835570,11.518375,0.460735,0.040000
z_0115_385.000000.png,#a1e06e,1,52.526912,1.921716,0.076869,0.040000
z_0115_385.000000.png,#afeda4,7,432.190909,15.811863,0.632475,0.040000
z_0115_385.000000.png,#b1d415,10,424.132034,15.517026,0.620681,0.040000
z_0115_385.000000.png,#bf0d75,2,53.798990,1.968256,0.078730,0.040000
z_0115_385.000000.png,#ce24d4,5,212.551299,7.776267,0.311051,0.040000
z_0116_386.000000.png,#15d445,9,630.624458,23.071627,0.922865,0.040000
z_0116_386.000000.png,#4cd4bb,3,211.095454,7.723004,0.308920,0.040000
z_0116_386.000000.png,#61d1be,3,123.396970,4.514523,0.180581,0.040000
z_0116_386.000000.png,#630024,1,24.485281,0.895803,0.035832,0.040000
z_0116_386.000000.png,#86bdb0,6,324.291414,11.864320,0.474573,0.040000
z_0116_386.000000.png,#a1e06e,1,56.526912,2.068058,0.082722,0.040000
z_0116_386.000000.png,#afeda4,7,443.504617,16.225779,0.649031,0.040000
z_0116_386.000000.png,#b1d415,9,356.676190,13.049129,0.521965,0.040000
z_0116_386.000000.png,#bf0d75,2,55.798990,2.041426,0.081657,0.040000
z_0116_386.000000.png,#ce24d4,5,234.693434,8.586345,0.343454,0.040000
z_0116_386.000000.png,#d41515,1,24.142136,0.883249,0.035330,0.040000
z_0117_387.000000.png,#15d445,9,633.109740,23.162551,0.926502,0.040000
z_0117_387.000000.png,#4cd4bb,3,211.095454,7.723004,0.308920,0.040000
z_0117_387.000000.png,#61d1be,3,122.811183,4.493092,0.179724,0.040000
z_0117_387.000000.png,#630024,1,24.485281,0.895803,0.035832,0.040000
z_0117_387.000000.png,#86bdb0,6,322.634560,11.803703,0.472148,0.040000
z_0117_387.000000.png,#a1e06e,1,57.112698,2.089489,0.083580,0.040000
z_0117_387.000000.png,#afeda4,7,441.847763,16.165162,0.646606,0.040000
z_0117_387.000000.png,#b1d415,9,355.847763,13.018821,0.520753,0.040000
z_0117_387.000000.png,#bf0d75,2,55.798990,2.041426,0.081657,0.040000
z_0117_387.000000.png,#ce24d4,5,234.693434,8.586345,0.343454,0.040000
z_0117_387.000000.png,#d41515,1,21.899495,0.801201,0.032048,0.040000
z_0118_388.000000.png,#15d445,8,435.144228,15.919911,0.636796,0.040000
z_0118_388.000000.png,#4cd4bb,3,259.480231,9.493179,0.379727,0.040000
z_0118_388.000000.png,#61d1be,2,98.911688,3.618720,0.144749,0.040000
z_0118_388.000000.png,#630024,1,24.142136,0.883249,0.035330,0.040000
z_0118_388.000000.png,#86bdb0,8,372.190909,13.616741,0.544670,0.040000
z_0118_388.000000.png,#a1e06e,3,108.568542,3.972020,0.158881,0.040000
z_0118_388.000000.png,#afeda4,6,459.646753,16.816345,0.672654,0.040000
z_0118_388.000000.png,#b1d415,7,334.534055,12.239051,0.489562,0.040000
z_0118_388.000000.png,#bf0d75,2,67.455844,2.467897,0.098716,0.040000
z_0118_388.000000.png,#ce24d4,4,245.421356,8.978830,0.359153,0.040000
z_0118_388.000000.png,#d41515,1,69.112698,2.528513,0.101141,0.040000
z_0119_389.000000.png,#15d445,10,421.931024,15.436501,0.617460,0.040000
z_0119_389.000000.png,#4cd4bb,3,260.066017,9.514610,0.380584,0.040000
z_0119_389.000000.png,#61d1be,2,99.154329,3.627597,0.145104,0.040000
z_0119_389.000000.png,#630024,1,24.142136,0.883249,0.035330,0.040000
z_0119_389.000000.png,#86bdb0,7,373.261977,13.655926,0.546237,0.040000
z_0119_389.000000.png,#a1e06e,3,144.124892,5.272862,0.210914,0.040000
z_0119_389.000000.png,#afeda4,6,474.918831,17.375079,0.695003,0.040000
z_0119_389.000000.png,#b1d415,7,343.806133,12.578273,0.503131,0.040000
z_0119_389.000000.png,#bf0d75,2,72.284271,2.644547,0.105782,0.040000
z_0119_389.000000.png,#ce24d4,4,225.279221,8.241923,0.329677,0.040000
z_0119_389.000000.png,#d41515,1,78.669048,2.878136,0.115125,0.040000
z_0120_390.000000.png,#15d445,10,441.788889,16.163008,0.646520,0.040000
z_0120_390.000000.png,#4cd4bb,4,284.208153,10.397859,0.415914,0.040000
z_0120_390.000000.png,#61d1be,2,96.568542,3.532995,0.141320,0.040000
z_0120_390.000000.png,#630024,1,22.485281,0.822632,0.032905,0.040000
z_0120_390.000000.png,#86bdb0,7,356.048773,13.026175,0.521047,0.040000
z_0120_390.000000.png,#a1e06e,1,160.225397,5.861905,0.234476,0.040000
z_0120_390.000000.png,#afeda4,6,485.404112,17.758687,0.710347,0.040000
z_0120_390.000000.png,#b1d415,6,365.119841,13.358043,0.534322,0.040000
z_0120_390.000000.png,#bf0d75,2,72.870058,2.665978,0.106639,0.040000
z_0120_390.000000.png,#ce24d4,5,203.237590,7.435522,0.297421,0.040000
z_0120_390.000000.png,#d41515,2,99.154329,3.627597,0.145104,0.040000
z_0121_391.000000.png,#15d445,11,399.504617,14.616023,0.584641,0.040000
z_0121_391.000000.png,#4cd4bb,5,283.622366,10.376428,0.415057,0.040000
z_0121_391.000000.png,#61d1be,2,101.740115,3.722199,0.148888,0.040000
z_0121_391.000000.png,#630024,1,22.485281,0.822632,0.032905,0.040000
z_0121_391.000000.png,#86bdb0,8,345.948268,12.656644,0.506266,0.040000
z_0121_391.000000.png,#a1e06e,3,163.195959,5.970584,0.238823,0.040000
z_0121_391.000000.png,#afeda4,6,502.960461,18.400992,0.736040,0.040000
z_0121_391.000000.png,#b1d415,6,369.462987,13.516939,0.540678,0.040000
z_0121_391.000000.png,#bf0d75,2,73.455844,2.687409,0.107496,0.040000
z_0121_391.000000.png,#ce24d4,5,185.195959,6.775462,0.271018,0.040000
z_0121_391.000000.png,#d41515,2,125.053824,4.575140,0.183006,0.040000
z_0122_392.000000.png,#15d445,11,410.333044,15.012185,0.600487,0.040000
z_0122_392.000000.png,#4cd4bb,4,292.107648,10.686865,0.427475,0.040000
z_0122_392.000000.png,#61d1be,2,101.396970,3.709645,0.148386,0.040000
z_0122_392.000000.png,#630024,1,24.727922,0.904680,0.036187,0.040000
z_0122_392.000000.png,#86bdb0,9,327.806133,11.992907,0.479716,0.040000
z_0122_392.000000.png,#a1e06e,2,103.012193,3.768739,0.150750,0.040000
z_0122_392.000000.png,#afeda4,6,515.931024,18.875525,0.755021,0.040000
z_0122_392.000000.png,#b1d415,7,391.605122,14.327017,0.573081,0.040000
z_0122_392.000000.png,#bf0d75,2,74.627417,2.730271,0.109211,0.040000
z_0122_392.000000.png,#ce24d4,2,168.367532,6.159788,0.246392,0.040000
z_0122_392.000000.png,#d41515,2,153.195959,5.604730,0.224189,0.040000
z_0123_393.000000.png,#15d445,11,406.918831,14.887274,0.595491,0.040000
z_0123_393.000000.png,#4cd4bb,4,292.107648,10.686865,0.427475,0.040000
z_0123_393.000000.png,#61d1be,2,101.396970,3.709645,0.148386,0.040000
z_0123_393.000000.png,#630024,1,24.727922,0.904680,0.036187,0.040000
z_0123_393.000000.png,#86bdb0,9,330.048773,12.074955,0.482998,0.040000
z_0123_393.000000.png,#a1e06e,2,101.597980,3.716999,0.148680,0.040000
z_0123_393.000000.png,#afeda4,6,512.759451,18.759492,0.750380,0.040000
z_0123_393.000000.png,#b1d415,7,391.605122,14.327017,0.573081,0.040000
z_0123_393.000000.png,#bf0d75,2,74.041631,2.708840,0.108354,0.040000
z_0123_393.000000.png,#ce24d4,2,170.024387,6.220404,0.248816,0.040000
z_0123_393.000000.png,#d41515,2,154.610173,5.656470,0.226259,0.040000
z_0124_394.000000.png,#15d445,10,446.717821,16.343335,0.653733,0.040000
z_0124_394.000000.png,#4cd4bb,4,255.865007,9.360915,0.374437,0.040000
z_0124_394.000000.png,#61d1be,2,112.568542,4.118361,0.164734,0.040000
z_0124_394.000000.png,#630024,1,24.727922,0.904680,0.036187,0.040000
z_0124_394.000000.png,#86bdb0,7,256.492424,9.383869,0.375355,0.040000
z_0124_394.000000.png,#a1e06e,1,9.656854,0.353300,0.014132,0.040000
z_0124_394.000000.png,#afeda4,6,523.830519,19.164531,0.766581,0.040000
z_0124_394.000000.png,#b1d415,8,455.303607,16.657449,0.666298,0.040000
z_0124_394.000000.png,#bf0d75,1,67.112698,2.455343,0.098214,0.040000
z_0124_394.000000.png,#ce24d4,2,144.710678,5.294293,0.211772,0.040000
z_0124_394.000000.png,#d41515,4,250.450793,9.162834,0.366513,0.040000
z_0125_395.000000.png,#15d445,9,483.102597,17.674485,0.706979,0.040000
z_0125_395.000000.png,#4cd4bb,5,275.521861,10.080068,0.403203,0.040000
z_0125_395.000000.png,#61d1be,3,130.124892,4.760667,0.190427,0.040000
z_0125_395.000000.png,#630024,1,23.313708,0.852941,0.034118,0.040000
z_0125_395.000000.png,#86bdb0,7,253.865007,9.287744,0.371510,0.040000
z_0125_395.000000.png,#afeda4,6,552.943218,20.229630,0.809185,0.040000
z_0125_395.000000.png,#b1d415,10,489.889394,17.922783,0.716911,0.040000
z_0125_395.000000.png,#bf0d75,1,67.941125,2.485651,0.099426,0.040000
z_0125_395.000000.png,#ce24d4,1,123.154329,4.505646,0.180226,0.040000
z_0125_395.000000.png,#d41515,4,301.906638,11.045365,0.441815,0.040000
z_0125_395.000000.png,#f2ec07,1,16.485281,0.603120,0.024125,0.040000
z_0126_396.000000.png,#15d445,11,531.345238,19.439460,0.777578,0.040000
z_0126_396.000000.png,#4cd4bb,5,305.279221,11.168752,0.446750,0.040000
z_0126_396.000000.png,#61d1be,3,154.024387,5.635039,0.225402,0.040000
z_0126_396.000000.png,#630024,2,34.142136,1.249103,0.049964,0.040000
z_0126_396.000000.png,#86bdb0,6,228.651804,8.365310,0.334612,0.040000
z_0126_396.000000.png,#afeda4,7,621.085353,22.722635,0.908905,0.040000
z_0126_396.000000.png,#b1d415,8,517.830519,18.945019,0.757801,0.040000
z_0126_396.000000.png,#bf0d75,1,67.355339,2.464220,0.098569,0.040000
z_0126_396.000000.png,#ce24d4,1,123.497475,4.518200,0.180728,0.040000
z_0126_396.000000.png,#d41515,5,394.676190,14.439373,0.577575,0.040000
z_0126_396.000000.png,#f2ec07,1,53.213203,1.946825,0.077873,0.040000
z_0127_397.000000.png,#15d445,11,577.830519,21.140141,0.845606,0.040000
z_0127_397.000000.png,#4cd4bb,4,317.421356,11.612976,0.464519,0.040000
z_0127_397.000000.png,#61d1be,3,162.024387,5.927721,0.237109,0.040000
z_0127_397.000000.png,#630024,2,53.698485,1.964579,0.078583,0.040000
z_0127_397.000000.png,#86bdb0,6,225.338095,8.244077,0.329763,0.040000
z_0127_397.000000.png,#afeda4,7,665.955411,24.364222,0.974569,0.040000
z_0127_397.000000.png,#b1d415,9,540.901587,19.789082,0.791563,0.040000
z_0127_397.000000.png,#bf0d75,1,70.769553,2.589130,0.103565,0.040000
z_0127_397.000000.png,#ce24d4,1,124.669048,4.561063,0.182443,0.040000
z_0127_397.000000.png,#d41515,3,489.931024,17.924306,0.716972,0.040000
z_0127_397.000000.png,#f2ec07,1,60.284271,2.205522,0.088221,0.040000
z_0128_398.000000.png,#15d445,11,611.972655,22.389243,0.895570,0.040000
z_0128_398.000000.png,#4cd4bb,3,222.409163,8.136921,0.325477,0.040000
z_0128_398.000000.png,#61d1be,2,157.195959,5.751072,0.230043,0.040000
z_0128_398.000000.png,#630024,2,71.941125,2.631992,0.105280,0.040000
z_0128_398.000000.png,#86bdb0,5,236.651804,8.657993,0.346320,0.040000
z_0128_398.000000.png,#afeda4,5,677.896536,24.801093,0.992044,0.040000
z_0128_398.000000.png,#b1d415,8,541.244733,19.801637,0.792065,0.040000
z_0128_398.000000.png,#bf0d75,1,71.012193,2.598007,0.103920,0.040000
z_0128_398.000000.png,#ce24d4,1,126.083261,4.612802,0.184512,0.040000
z_0128_398.000000.png,#d41515,4,537.730014,19.673049,0.786922,0.040000
z_0128_398.000000.png,#f2ec07,1,68.526912,2.507082,0.100283,0.040000
z_0129_399.000000.png,#15d445,10,688.055916,25.172777,1.006911,0.040000
z_0129_399.000000.png,#4cd4bb,3,205.923882,7.533801,0.301352,0.040000
z_0129_399.000000.png,#61d1be,2,151.781746,5.552991,0.222120,0.040000
z_0129_399.000000.png,#630024,2,86.426407,3.161942,0.126478,0.040000
z_0129_399.000000.png,#86bdb0,5,225.379726,8.245600,0.329824,0.040000
z_0129_399.000000.png,#afeda4,5,693.653896,25.377582,1.015103,0.040000
z_0129_399.000000.png,#b1d415,12,583.529004,21.348622,0.853945,0.040000
z_0129_399.000000.png,#bf0d75,1,73.355339,2.683732,0.107349,0.040000
z_0129_399.000000.png,#ce24d4,1,133.154329,4.871500,0.194860,0.040000
z_0129_399.000000.png,#d41515,4,565.771645,20.698963,0.827959,0.040000
z_0129_399.000000.png,#f2ec07,1,67.698485,2.476774,0.099071,0.040000
z_0130_400.000000.png,#15d445,11,702.783838,25.711604,1.028464,0.040000
z_0130_400.000000.png,#4cd4bb,3,190.509668,6.969866,0.278795,0.040000
z_0130_400.000000.png,#61d1be,2,142.953319,5.229999,0.209200,0.040000
z_0130_400.000000.png,#630024,2,96.325902,3.524118,0.140965,0.040000
z_0130_400.000000.png,#86bdb0,5,216.994949,7.938840,0.317554,0.040000
z_0130_400.000000.png,#afeda4,5,732.281313,26.790780,1.071631,0.040000
z_0130_400.000000.png,#b1d415,13,573.671140,20.987969,0.839519,0.040000
z_0130_400.000000.png,#bf0d75,1,74.769553,2.735471,0.109419,0.040000
z_0130_400.000000.png,#ce24d4,1,135.497475,4.957225,0.198289,0.040000
z_0130_400.000000.png,#d41515,4,565.428499,20.686408,0.827456,0.040000
z_0130_400.000000.png,#f2ec07,1,66.284271,2.425034,0.097001,0.040000
z_0131_401.000000.png,#15d445,11,738.440692,27.016123,1.080645,0.040000
z_0131_401.000000.png,#4cd4bb,4,199.681241,7.305411,0.292216,0.040000
z_0131_401.000000.png,#61d1be,2,136.468037,4.992733,0.199709,0.040000
z_0131_401.000000.png,#630024,2,105.154329,3.847110,0.153884,0.040000
z_0131_401.000000.png,#86bdb0,5,220.651804,8.072627,0.322905,0.040000
z_0131_401.000000.png,#afeda4,4,757.879292,27.727291,1.109092,0.040000
z_0131_401.000000.png,#b1d415,14,568.357431,20.793565,0.831743,0.040000
z_0131_401.000000.png,#bf0d75,1,81.012193,2.963861,0.118554,0.040000
z_0131_401.000000.png,#ce24d4,1,134.083261,4.905485,0.196219,0.040000
z_0131_401.000000.png,#d41515,5,566.842712,20.738148,0.829526,0.040000
z_0131_401.000000.png,#f2ec07,1,65.698485,2.403603,0.096144,0.040000
z_0132_402.000000.png,#15d445,10,774.340187,28.329519,1.133181,0.040000
z_0132_402.000000.png,#4cd4bb,1,34.727922,1.270534,0.050821,0.040000
z_0132_402.000000.png,#61d1be,2,134.225397,4.910685,0.196427,0.040000
z_0132_402.000000.png,#630024,2,109.740115,4.014882,0.160595,0.040000
z_0132_402.000000.png,#86bdb0,5,219.237590,8.020887,0.320835,0.040000
z_0132_402.000000.png,#afeda4,4,747.394011,27.343683,1.093747,0.040000
z_0132_402.000000.png,#b1d415,12,553.872150,20.263615,0.810545,0.040000
z_0132_402.000000.png,#bf0d75,1,39.213203,1.434629,0.057385,0.040000
z_0132_402.000000.png,#ce24d4,1,133.840620,4.896608,0.195864,0.040000
z_0132_402.000000.png,#d41515,5,556.842712,20.372294,0.814892,0.040000
z_0132_402.000000.png,#f2ec07,1,63.798990,2.334109,0.093364,0.040000
z_0133_403.000000.png,#15d445,10,792.867099,29.007333,1.160293,0.040000
z_0133_403.000000.png,#4cd4bb,1,13.656854,0.499641,0.019986,0.040000
z_0133_403.000000.png,#61d1be,2,130.468037,4.773221,0.190929,0.040000
z_0133_403.000000.png,#630024,2,115.154329,4.212963,0.168519,0.040000
z_0133_403.000000.png,#86bdb0,5,227.237590,8.313570,0.332543,0.040000
z_0133_403.000000.png,#afeda4,4,749.636652,27.425731,1.097029,0.040000
z_0133_403.000000.png,#b1d415,12,579.529004,21.202281,0.848091,0.040000
z_0133_403.000000.png,#bf0d75,1,18.485281,0.676291,0.027052,0.040000
z_0133_403.000000.png,#ce24d4,1,133.254834,4.875177,0.195007,0.040000
z_0133_403.000000.png,#d41515,4,556.014285,20.341986,0.813679,0.040000
z_0133_403.000000.png,#f2ec07,1,62.627417,2.291247,0.091650,0.040000
z_0134_404.000000.png,#15d445,11,798.867099,29.226845,1.169074,0.040000
z_0134_404.000000.png,#61d1be,2,119.982756,4.389613,0.175585,0.040000
z_0134_404.000000.png,#630024,2,122.811183,4.493092,0.179724,0.040000
z_0134_404.000000.png,#86bdb0,5,234.551299,8.581145,0.343246,0.040000
z_0134_404.000000.png,#afeda4,4,793.577777,29.033333,1.161333,0.040000
z_0134_404.000000.png,#b1d415,11,596.943218,21.839386,0.873575,0.040000
z_0134_404.000000.png,#ce24d4,1,131.254834,4.802006,0.192080,0.040000
z_0134_404.000000.png,#d41515,4,550.357431,20.135028,0.805401,0.040000
z_0134_404.000000.png,#f2ec07,1,61.698485,2.257262,0.090290,0.040000
z_0135_405.000000.png,#15d445,10,833.695526,30.501056,1.220042,0.040000
z_0135_405.000000.png,#61d1be,3,131.053824,4.794652,0.191786,0.040000
z_0135_405.000000.png,#630024,2,126.568542,4.630556,0.185222,0.040000
z_0135_405.000000.png,#86bdb0,5,235.237590,8.606253,0.344250,0.040000
z_0135_405.000000.png,#afeda4,4,810.749350,29.661562,1.186462,0.040000
z_0135_405.000000.png,#b1d415,11,582.842712,21.323514,0.852941,0.040000
z_0135_405.000000.png,#ce24d4,1,131.840620,4.823437,0.192937,0.040000
z_0135_405.000000.png,#d41515,4,530.416306,19.405475,0.776219,0.040000
z_0135_405.000000.png,#f2ec07,1,60.284271,2.205522,0.088221,0.040000
z_0136_406.000000.png,#15d445,13,864.121933,31.614217,1.264569,0.040000
z_0136_406.000000.png,#61d1be,3,143.296465,5.242554,0.209702,0.040000
z_0136_406.000000.png,#630024,2,130.225397,4.764344,0.190574,0.040000
z_0136_406.000000.png,#86bdb0,7,260.693434,9.537565,0.381503,0.040000
z_0136_406.000000.png,#afeda4,4,803.920923,29.411741,1.176470,0.040000
z_0136_406.000000.png,#b1d415,11,548.700577,20.074411,0.802976,0.040000
z_0136_406.000000.png,#ce24d4,1,133.497475,4.884054,0.195362,0.040000
z_0136_406.000000.png,#d41515,4,528.658946,19.341181,0.773647,0.040000
z_0136_406.000000.png,#f2ec07,1,61.455844,2.248385,0.089935,0.040000
z_0137_407.000000.png,#15d445,15,897.193001,32.824134,1.312965,0.040000
z_0137_407.000000.png,#61d1be,3,151.882251,5.556668,0.222267,0.040000
z_0137_407.000000.png,#630024,2,139.053824,5.087335,0.203493,0.040000
z_0137_407.000000.png,#86bdb0,7,269.622366,9.864233,0.394569,0.040000
z_0137_407.000000.png,#afeda4,4,803.435642,29.393987,1.175759,0.040000
z_0137_407.000000.png,#b1d415,9,492.031529,18.001154,0.720046,0.040000
z_0137_407.000000.png,#ce24d4,1,133.497475,4.884054,0.195362,0.040000
z_0137_407.000000.png,#d41515,4,513.587878,18.789800,0.751592,0.040000
z_0137_407.000000.png,#f2ec07,1,71.941125,2.631992,0.105280,0.040000
z_0138_408.000000.png,#15d445,12,921.778787,33.723614,1.348945,0.040000
z_0138_408.000000.png,#61d1be,3,167.781746,6.138357,0.245534,0.040000
z_0138_408.000000.png,#630024,2,143.882251,5.263985,0.210559,0.040000
z_0138_408.000000.png,#86bdb0,7,265.865007,9.726769,0.389071,0.040000
z_0138_408.000000.png,#afeda4,3,796.991991,29.158244,1.166330,0.040000
z_0138_408.000000.png,#b1d415,10,443.161472,16.213225,0.648529,0.040000
z_0138_408.000000.png,#ce24d4,1,131.497475,4.810883,0.192435,0.040000
z_0138_408.000000.png,#d41515,4,493.688384,18.061770,0.722471,0.040000
z_0138_408.000000.png,#f2ec07,1,69.941125,2.558822,0.102353,0.040000
z_0139_409.000000.png,#15d445,11,916.121933,33.516656,1.340666,0.040000
z_0139_409.000000.png,#61d1be,3,171.438600,6.272144,0.250886,0.040000
z_0139_409.000000.png,#630024,2,149.195959,5.458389,0.218336,0.040000
z_0139_409.000000.png,#86bdb0,6,257.965512,9.437763,0.377511,0.040000
z_0139_409.000000.png,#afeda4,3,762.364574,27.891387,1.115655,0.040000
z_0139_409.000000.png,#b1d415,8,426.333044,15.597550,0.623902,0.040000
z_0139_409.000000.png,#ce24d4,1,132.325902,4.841192,0.193648,0.040000
z_0139_409.000000.png,#d41515,4,480.274170,17.571006,0.702840,0.040000
z_0139_409.000000.png,#f2ec07,1,67.112698,2.455343,0.098214,0.040000
z_0140_410.000000.png,#15d445,11,938.506709,34.335611,1.373424,0.040000
z_0140_410.000000.png,#61d1be,3,179.681241,6.573704,0.262948,0.040000
z_0140_410.000000.png,#630024,3,195.580736,7.155393,0.286216,0.040000
z_0140_410.000000.png,#86bdb0,6,263.279221,9.632167,0.385287,0.040000
z_0140_410.000000.png,#afeda4,4,759.778787,27.796785,1.111871,0.040000
z_0140_410.000000.png,#b1d415,10,533.730014,19.526708,0.781068,0.040000
z_0140_410.000000.png,#ce24d4,1,128.669048,4.707404,0.188296,0.040000
z_0140_410.000000.png,#d41515,4,429.989899,15.731338,0.629254,0.040000
z_0140_410.000000.png,#f2ec07,1,61.798990,2.260939,0.090438,0.040000
z_0141_411.000000.png,#15d445,12,935.920923,34.241009,1.369640,0.040000
z_0141_411.000000.png,#61d1be,3,190.752309,6.978743,0.279150,0.040000
z_0141_411.000000.png,#630024,2,206.894444,7.569309,0.302772,0.040000
z_0141_411.000000.png,#86bdb0,6,260.107648,9.516133,0.380645,0.040000
z_0141_411.000000.png,#afeda4,5,683.837662,25.018451,1.000738,0.040000
z_0141_411.000000.png,#b1d415,9,575.286363,21.047062,0.841882,0.040000
z_0141_411.000000.png,#ce24d4,1,130.083261,4.759144,0.190366,0.040000
z_0141_411.000000.png,#d41515,4,410.090404,15.003307,0.600132,0.040000
z_0141_411.000000.png,#f2ec07,1,61.455844,2.248385,0.089935,0.040000
z_0142_412.000000.png,#15d445,12,925.536147,33.861079,1.354443,0.040000
z_0142_412.000000.png,#61d1be,4,231.137085,8.456235,0.338249,0.040000
z_0142_412.000000.png,#630024,1,226.107648,8.272231,0.330889,0.040000
z_0142_412.000000.png,#86bdb0,7,270.350288,9.890864,0.395635,0.040000
z_0142_412.000000.png,#afeda4,4,672.523953,24.604535,0.984181,0.040000
z_0142_412.000000.png,#b1d415,12,616.600072,22.558539,0.902342,0.040000
z_0142_412.000000.png,#ce24d4,1,129.154329,4.725158,0.189006,0.040000
z_0142_412.000000.png,#d41515,4,373.220346,13.654403,0.546176,0.040000
z_0142_412.000000.png,#f2ec07,1,58.041631,2.123474,0.084939,0.040000
z_0143_413.000000.png,#15d445,11,929.920923,34.021497,1.360860,0.040000
z_0143_413.000000.png,#61d1be,2,254.936075,9.326930,0.373077,0.040000
z_0143_413.000000.png,#630024,1,232.492424,8.505820,0.340233,0.040000
z_0143_413.000000.png,#86bdb0,7,291.078210,10.649203,0.425968,0.040000
z_0143_413.000000.png,#afeda4,5,681.938167,24.948957,0.997958,0.040000
z_0143_413.000000.png,#b1d415,11,672.884343,24.617720,0.984709,0.040000
z_0143_413.000000.png,#ce24d4,1,132.568542,4.850069,0.194003,0.040000
z_0143_413.000000.png,#d41515,4,350.149278,12.810339,0.512414,0.040000
z_0143_413.000000.png,#f2ec07,2,48.041631,1.757621,0.070305,0.040000
z_0144_414.000000.png,#15d445,11,929.719913,34.014143,1.360566,0.040000
z_0144_414.000000.png,#61d1be,2,255.036580,9.330607,0.373224,0.040000
z_0144_414.000000.png,#630024,1,242.492424,8.871674,0.354867,0.040000
z_0144_414.000000.png,#86bdb0,7,291.906638,10.679511,0.427180,0.040000
z_0144_414.000000.png,#afeda4,5,705.251875,25.801898,1.032076,0.040000
z_0144_414.000000.png,#b1d415,11,731.754401,26.771502,1.070860,0.040000
z_0144_414.000000.png,#ce24d4,1,129.154329,4.725158,0.189006,0.040000
z_0144_414.000000.png,#d41515,3,307.421356,11.247123,0.449885,0.040000
z_0144_414.000000.png,#f2ec07,1,19.071068,0.697722,0.027909,0.040000
z_0145_415.000000.png,#15d445,9,903.962554,33.071801,1.322872,0.040000
z_0145_415.000000.png,#61d1be,2,256.350288,9.378669,0.375147,0.040000
z_0145_415.000000.png,#630024,1,253.806133,9.285590,0.371424,0.040000
z_0145_415.000000.png,#86bdb0,6,286.350288,10.476230,0.419049,0.040000
z_0145_415.000000.png,#afeda4,6,725.009235,26.524728,1.060989,0.040000
z_0145_415.000000.png,#b1d415,9,731.511760,26.762625,1.070505,0.040000
z_0145_415.000000.png,#ce24d4,1,127.497475,4.664542,0.186582,0.040000
z_0145_415.000000.png,#d41515,3,306.007143,11.195383,0.447815,0.040000
z_0145_415.000000.png,#f2ec07,1,17.899495,0.654860,0.026194,0.040000
z_0146_416.000000.png,#15d445,9,881.577777,32.252846,1.290114,0.040000
z_0146_416.000000.png,#61d1be,2,271.421356,9.930050,0.397202,0.040000
z_0146_416.000000.png,#630024,1,255.806133,9.358761,0.374350,0.040000
z_0146_416.000000.png,#86bdb0,6,298.835570,10.933009,0.437320,0.040000
z_0146_416.000000.png,#afeda4,5,723.394011,26.465635,1.058625,0.040000
z_0146_416.000000.png,#b1d415,10,719.612265,26.327278,1.053091,0.040000
z_0146_416.000000.png,#ce24d4,1,126.911688,4.643111,0.185724,0.040000
z_0146_416.000000.png,#d41515,3,297.521861,10.884946,0.435398,0.040000
z_0146_416.000000.png,#f2ec07,1,15.313708,0.560258,0.022410,0.040000
z_0147_417.000000.png,#15d445,9,864.506709,31.628294,1.265132,0.040000
z_0147_417.000000.png,#61d1be,3,267.521861,9.787385,0.391495,0.040000
z_0147_417.000000.png,#630024,1,268.877200,9.836971,0.393479,0.040000
z_0147_417.000000.png,#86bdb0,5,306.007143,11.195383,0.447815,0.040000
z_0147_417.000000.png,#afeda4,5,696.222438,25.471553,1.018862,0.040000
z_0147_417.000000.png,#b1d415,8,687.470129,25.151346,1.006054,0.040000
z_0147_417.000000.png,#ce24d4,1,124.325902,4.548509,0.181940,0.040000
z_0147_417.000000.png,#d41515,3,292.693434,10.708296,0.428332,0.040000
z_0147_417.000000.png,#f2ec07,1,9.656854,0.353300,0.014132,0.040000
z_0148_418.000000.png,#15d445,7,817.335137,29.902505,1.196100,0.040000
z_0148_418.000000.png,#61d1be,3,259.279221,9.485825,0.379433,0.040000
z_0148_418.000000.png,#630024,1,273.362482,10.001066,0.400043,0.040000
z_0148_418.000000.png,#86bdb0,5,300.693434,11.000979,0.440039,0.040000
z_0148_418.000000.png,#afeda4,6,646.624458,23.656992,0.946280,0.040000
z_0148_418.000000.png,#b1d415,8,693.126984,25.358304,1.014332,0.040000
z_0148_418.000000.png,#ce24d4,1,122.325902,4.475338,0.179014,0.040000
z_0148_418.000000.png,#d41515,3,297.764502,10.893823,0.435753,0.040000
z_0148_418.000000.png,#f2ec07,1,18.485281,0.676291,0.027052,0.040000
z_0149_419.000000.png,#15d445,10,770.038672,28.172147,1.126886,0.040000
z_0149_419.000000.png,#61d1be,3,246.208153,9.007615,0.360305,0.040000
z_0149_419.000000.png,#630024,1,282.433550,10.332935,0.413317,0.040000
z_0149_419.000000.png,#86bdb0,5,300.107648,10.979548,0.439182,0.040000
z_0149_419.000000.png,#afeda4,5,618.340187,22.622202,0.904888,0.040000
z_0149_419.000000.png,#b1d415,8,701.126984,25.650987,1.026039,0.040000
z_0149_419.000000.png,#ce24d4,1,120.568542,4.411044,0.176442,0.040000
z_0149_419.000000.png,#d41515,3,301.078210,11.015056,0.440602,0.040000
z_0149_419.000000.png,#f2ec07,1,24.727922,0.904680,0.036187,0.040000
z_0150_420.000000.png,#15d445,8,725.411255,26.539436,1.061577,0.040000
z_0150_420.000000.png,#61d1be,3,253.137085,9.261113,0.370445,0.040000
z_0150_420.000000.png,#630024,2,265.320851,9.706860,0.388274,0.040000
z_0150_420.000000.png,#86bdb0,5,297.663997,10.890146,0.435606,0.040000
z_0150_420.000000.png,#afeda4,5,595.913780,21.801724,0.872069,0.040000
z_0150_420.000000.png,#b1d415,8,709.269119,25.948870,1.037955,0.040000
z_0150_420.000000.png,#ce24d4,1,119.053824,4.355628,0.174225,0.040000
z_0150_420.000000.png,#d41515,3,298.249783,10.911577,0.436463,0.040000
z_0150_420.000000.png,#f2ec07,1,31.213203,1.141946,0.045678,0.040000
z_0151_421.000000.png,#15d445,9,715.754401,26.186137,1.047445,0.040000
z_0151_421.000000.png,#61d1be,3,221.923882,8.119166,0.324767,0.040000
z_0151_421.000000.png,#630024,3,221.036580,8.086704,0.323468,0.040000
z_0151_421.000000.png,#86bdb0,5,298.350288,10.915254,0.436610,0.040000
z_0151_421.000000.png,#afeda4,5,584.357431,21.378930,0.855157,0.040000
z_0151_421.000000.png,#b1d415,8,705.269119,25.802529,1.032101,0.040000
z_0151_421.000000.png,#ce24d4,1,115.053824,4.209286,0.168371,0.040000
z_0151_421.000000.png,#d41515,3,300.149278,10.981071,0.439243,0.040000
z_0151_421.000000.png,#f2ec07,1,39.698485,1.452384,0.058095,0.040000
z_0152_422.000000.png,#15d445,9,704.239682,25.764866,1.030595,0.040000
z_0152_422.000000.png,#61d1be,2,204.752309,7.490938,0.299638,0.040000
z_0152_422.000000.png,#630024,2,164.024387,6.000892,0.240036,0.040000
z_0152_422.000000.png,#86bdb0,6,351.806133,12.870956,0.514838,0.040000
z_0152_422.000000.png,#afeda4,5,561.529004,20.543744,0.821750,0.040000
z_0152_422.000000.png,#b1d415,8,704.925974,25.789975,1.031599,0.040000
z_0152_422.000000.png,#ce24d4,1,109.982756,4.023759,0.160950,0.040000
z_0152_422.000000.png,#d41515,3,300.835570,11.006179,0.440247,0.040000
z_0152_422.000000.png,#f2ec07,1,42.870058,1.568417,0.062737,0.040000
z_0153_423.000000.png,#15d445,7,670.097546,24.515764,0.980631,0.040000
z_0153_423.000000.png,#61d1be,2,206.509668,7.555232,0.302209,0.040000
z_0153_423.000000.png,#630024,2,147.053824,5.380018,0.215201,0.040000
z_0153_423.000000.png,#86bdb0,4,346.291414,12.669198,0.506768,0.040000
z_0153_423.000000.png,#afeda4,5,551.529004,20.177890,0.807116,0.040000
z_0153_423.000000.png,#b1d415,8,725.168614,26.530559,1.061222,0.040000
z_0153_423.000000.png,#ce24d4,1,106.325902,3.889972,0.155599,0.040000
z_0153_423.000000.png,#d41515,3,310.007143,11.341725,0.453669,0.040000
z_0153_423.000000.png,#f2ec07,1,47.941125,1.753944,0.070158,0.040000
z_0154_424.000000.png,#15d445,8,683.026479,24.988774,0.999551,0.040000
z_0154_424.000000.png,#61d1be,2,211.580736,7.740759,0.309630,0.040000
z_0154_424.000000.png,#630024,2,141.882251,5.190814,0.207633,0.040000
z_0154_424.000000.png,#86bdb0,4,304.835570,11.152521,0.446101,0.040000
z_0154_424.000000.png,#afeda4,6,515.872150,18.873371,0.754935,0.040000
z_0154_424.000000.png,#b1d415,9,731.653896,26.767825,1.070713,0.040000
z_0154_424.000000.png,#ce24d4,1,100.911688,3.691891,0.147676,0.040000
z_0154_424.000000.png,#d41515,3,320.835570,11.737887,0.469515,0.040000
z_0154_424.000000.png,#f2ec07,1,54.183766,1.982333,0.079293,0.040000
z_0155_425.000000.png,#15d445,9,691.997041,25.316965,1.012679,0.040000
z_0155_425.000000.png,#61d1be,2,210.166522,7.689019,0.307561,0.040000
z_0155_425.000000.png,#630024,2,139.053824,5.087335,0.203493,0.040000
z_0155_425.000000.png,#86bdb0,4,289.865007,10.604817,0.424193,0.040000
z_0155_425.000000.png,#afeda4,4,475.002092,17.378125,0.695125,0.040000
z_0155_425.000000.png,#b1d415,9,735.997041,26.926721,1.077069,0.040000
z_0155_425.000000.png,#ce24d4,1,94.426407,3.454625,0.138185,0.040000
z_0155_425.000000.png,#d41515,4,323.078210,11.819935,0.472797,0.040000
z_0155_425.000000.png,#f2ec07,1,60.769553,2.223276,0.088931,0.040000
z_0156_426.000000.png,#15d445,7,693.411255,25.368704,1.014748,0.040000
z_0156_426.000000.png,#61d1be,2,210.651804,7.706773,0.308271,0.040000
z_0156_426.000000.png,#630024,4,148.124892,5.419203,0.216768,0.040000
z_0156_426.000000.png,#86bdb0,4,280.208153,10.251518,0.410061,0.040000
z_0156_426.000000.png,#afeda4,4,438.859956,16.055852,0.642234,0.040000
z_0156_426.000000.png,#b1d415,8,753.310750,27.560149,1.102406,0.040000
z_0156_426.000000.png,#ce24d4,1,84.769553,3.101325,0.124053,0.040000
z_0156_426.000000.png,#d41515,4,322.492424,11.798503,0.471940,0.040000
z_0156_426.000000.png,#f2ec07,1,70.426407,2.576576,0.103063,0.040000
z_0157_427.000000.png,#15d445,6,647.511760,23.689455,0.947578,0.040000
z_0157_427.000000.png,#61d1be,2,210.551299,7.703096,0.308124,0.040000
z_0157_427.000000.png,#630024,4,165.539105,6.056309,0.242252,0.040000
z_0157_427.000000.png,#86bdb0,4,246.551299,9.020169,0.360807,0.040000
z_0157_427.000000.png,#afeda4,4,432.617316,15.827463,0.633099,0.040000
z_0157_427.000000.png,#b1d415,9,843.737157,30.868433,1.234737,0.040000
z_0157_427.000000.png,#ce24d4,1,48.970563,1.791606,0.071664,0.040000
z_0157_427.000000.png,#d41515,4,324.735065,11.880551,0.475222,0.040000
z_0157_427.000000.png,#f2ec07,1,77.497475,2.835273,0.113411,0.040000
z_0158_428.000000.png,#15d445,6,635.126984,23.236353,0.929454,0.040000
z_0158_428.000000.png,#61d1be,2,204.994949,7.499815,0.299993,0.040000
z_0158_428.000000.png,#630024,5,202.166522,7.396336,0.295853,0.040000
z_0158_428.000000.png,#86bdb0,4,226.651804,8.292139,0.331686,0.040000
z_0158_428.000000.png,#afeda4,4,419.688384,15.354453,0.614178,0.040000
z_0158_428.000000.png,#b1d415,8,847.595021,31.009574,1.240383,0.040000
z_0158_428.000000.png,#ce24d4,1,40.627417,1.486369,0.059455,0.040000
z_0158_428.000000.png,#d41515,3,319.421356,11.686147,0.467446,0.040000
z_0158_428.000000.png,#f2ec07,2,62.083261,2.271339,0.090854,0.040000
z_0159_429.000000.png,#15d445,7,632.298557,23.132874,0.925315,0.040000
z_0159_429.000000.png,#61d1be,2,206.752309,7.564109,0.302564,0.040000
z_0159_429.000000.png,#630024,6,237.965512,8.706055,0.348242,0.040000
z_0159_429.000000.png,#86bdb0,3,191.823376,7.017928,0.280717,0.040000
z_0159_429.000000.png,#afeda4,5,391.404112,14.319663,0.572787,0.040000
z_0159_429.000000.png,#b1d415,9,890.222438,32.569114,1.302765,0.040000
z_0159_429.000000.png,#ce24d4,1,34.970563,1.279411,0.051176,0.040000
z_0159_429.000000.png,#d41515,3,319.078210,11.673593,0.466944,0.040000
z_0159_429.000000.png,#f2ec07,1,59.840620,2.189291,0.087572,0.040000
z_0160_430.000000.png,#15d445,8,551.972655,20.194122,0.807765,0.040000
z_0160_430.000000.png,#61d1be,2,200.752309,7.344597,0.293784,0.040000
z_0160_430.000000.png,#630024,6,273.764502,10.015774,0.400631,0.040000
z_0160_430.000000.png,#86bdb0,3,169.681241,6.207850,0.248314,0.040000
z_0160_430.000000.png,#afeda4,3,377.889394,13.825222,0.553009,0.040000
z_0160_430.000000.png,#b1d415,8,973.619408,35.620222,1.424809,0.040000
z_0160_430.000000.png,#ce24d4,1,27.313708,0.999282,0.039971,0.040000
z_0160_430.000000.png,#d41515,3,326.735065,11.953722,0.478149,0.040000
z_0160_430.000000.png,#f2ec07,1,60.426407,2.210722,0.088429,0.040000
z_0161_431.000000.png,#15d445,6,498.274170,18.229543,0.729182,0.040000
z_0161_431.000000.png,#61d1be,2,199.681241,7.305411,0.292216,0.040000
z_0161_431.000000.png,#630024,6,307.764502,11.259677,0.450387,0.040000
z_0161_431.000000.png,#86bdb0,2,144.610173,5.290616,0.211625,0.040000
z_0161_431.000000.png,#afeda4,4,354.918831,12.984835,0.519393,0.040000
z_0161_431.000000.png,#b1d415,10,1060.246825,38.789518,1.551581,0.040000
z_0161_431.000000.png,#d41515,3,326.391919,11.941168,0.477647,0.040000
z_0161_431.000000.png,#f2ec07,1,60.769553,2.223276,0.088931,0.040000
z_0162_432.000000.png,#15d445,5,467.646753,17.109028,0.684361,0.040000
z_0162_432.000000.png,#61d1be,2,202.610173,7.412567,0.296503,0.040000
z_0162_432.000000.png,#630024,6,348.634560,12.754923,0.510197,0.040000
z_0162_432.000000.png,#86bdb0,3,173.923882,6.363069,0.254523,0.040000
z_0162_432.000000.png,#afeda4,3,340.333044,12.451209,0.498048,0.040000
z_0162_432.000000.png,#b1d415,11,1147.643794,41.986968,1.679479,0.040000
z_0162_432.000000.png,#d41515,3,362.977705,13.279672,0.531187,0.040000
z_0162_432.000000.png,#f2ec07,1,50.041631,1.830791,0.073232,0.040000
z_0163_433.000000.png,#15d445,5,472.232539,17.276800,0.691072,0.040000
z_0163_433.000000.png,#61d1be,2,199.781746,7.309088,0.292364,0.040000
z_0163_433.000000.png,#630024,5,377.320851,13.804421,0.552177,0.040000
z_0163_433.000000.png,#86bdb0,3,194.166522,7.103653,0.284146,0.040000
z_0163_433.000000.png,#afeda4,3,336.918831,12.326299,0.493052,0.040000
z_0163_433.000000.png,#b1d415,10,1201.643794,43.962578,1.758503,0.040000
z_0163_433.000000.png,#d41515,3,356.634560,13.047606,0.521904,0.040000
z_0163_433.000000.png,#f2ec07,1,50.284271,1.839668,0.073587,0.040000
z_0164_434.000000.png,#15d445,6,504.859956,18.470486,0.738819,0.040000
z_0164_434.000000.png,#4cd4bb,1,180.953319,6.620243,0.264810,0.040000
z_0164_434.000000.png,#61d1be,2,195.539105,7.153870,0.286155,0.040000
z_0164_434.000000.png,#630024,4,404.977705,14.816258,0.592650,0.040000
z_0164_434.000000.png,#86bdb0,3,213.237590,7.801375,0.312055,0.040000
z_0164_434.000000.png,#afeda4,4,327.705627,11.989230,0.479569,0.040000
z_0164_434.000000.png,#b1d415,10,1234.430591,45.162095,1.806484,0.040000
z_0164_434.000000.png,#d41515,3,335.906638,12.289267,0.491571,0.040000
z_0164_434.000000.png,#f2ec07,1,50.041631,1.830791,0.073232,0.040000
z_0165_435.000000.png,#15d445,8,539.144228,19.724789,0.788992,0.040000
z_0165_435.000000.png,#4cd4bb,1,170.024387,6.220404,0.248816,0.040000
z_0165_435.000000.png,#61d1be,2,189.539105,6.934358,0.277374,0.040000
z_0165_435.000000.png,#630024,4,415.320851,15.194665,0.607787,0.040000
z_0165_435.000000.png,#86bdb0,3,237.137085,8.675747,0.347030,0.040000
z_0165_435.000000.png,#afeda4,5,284.249783,10.399382,0.415975,0.040000
z_0165_435.000000.png,#b1d415,10,1249.200144,45.702444,1.828098,0.040000
z_0165_435.000000.png,#d41515,3,315.663997,11.548683,0.461947,0.040000
z_0165_435.000000.png,#f2ec07,1,49.213203,1.800483,0.072019,0.040000
z_0166_436.000000.png,#15d445,6,547.629509,20.035226,0.801409,0.040000
z_0166_436.000000.png,#4cd4bb,1,111.740115,4.088053,0.163522,0.040000
z_0166_436.000000.png,#61d1be,2,192.953319,7.059268,0.282371,0.040000
z_0166_436.000000.png,#630024,4,430.149278,15.737169,0.629487,0.040000
z_0166_436.000000.png,#86bdb0,3,315.421356,11.539806,0.461592,0.040000
z_0166_436.000000.png,#afeda4,4,231.279221,8.461435,0.338457,0.040000
z_0166_436.000000.png,#b1d415,8,942.305699,34.474599,1.378984,0.040000
z_0166_436.000000.png,#d41515,2,302.936075,11.083027,0.443321,0.040000
z_0166_436.000000.png,#f2ec07,1,48.284271,1.766498,0.070660,0.040000
z_0167_437.000000.png,#15d445,9,543.972655,19.901439,0.796058,0.040000
z_0167_437.000000.png,#4cd4bb,1,103.497475,3.786493,0.151460,0.040000
z_0167_437.000000.png,#61d1be,2,189.781746,6.943235,0.277729,0.040000
z_0167_437.000000.png,#630024,4,449.220346,16.434891,0.657396,0.040000
z_0167_437.000000.png,#86bdb0,6,400.149278,14.639608,0.585584,0.040000
z_0167_437.000000.png,#afeda4,3,198.308658,7.255195,0.290208,0.040000
z_0167_437.000000.png,#b1d415,9,1017.460028,37.224147,1.488966,0.040000
z_0167_437.000000.png,#d41515,3,311.036580,11.379387,0.455175,0.040000
z_0167_437.000000.png,#f2ec07,1,46.627417,1.705881,0.068235,0.040000
z_0168_438.000000.png,#15d445,7,484.031529,17.708471,0.708339,0.040000
z_0168_438.000000.png,#4cd4bb,2,100.669048,3.683014,0.147321,0.040000
z_0168_438.000000.png,#61d1be,2,197.539105,7.227040,0.289082,0.040000
z_0168_438.000000.png,#630024,4,475.161472,17.383956,0.695358,0.040000
z_0168_438.000000.png,#86bdb0,4,451.019336,16.500707,0.660028,0.040000
z_0168_438.000000.png,#afeda4,3,157.095454,5.747395,0.229896,0.040000
z_0168_438.000000.png,#b1d415,10,1035.259018,37.875330,1.515013,0.040000
z_0168_438.000000.png,#d41515,3,307.279221,11.241923,0.449677,0.040000
z_0168_438.000000.png,#f2ec07,1,46.041631,1.684450,0.067378,0.040000
z_0169_439.000000.png,#15d445,7,464.475180,16.992994,0.679720,0.040000
z_0169_439.000000.png,#4cd4bb,1,79.355339,2.903244,0.116130,0.040000
z_0169_439.000000.png,#61d1be,2,205.095454,7.503492,0.300140,0.040000
z_0169_439.000000.png,#630024,5,520.173665,19.030744,0.761230,0.040000
z_0169_439.000000.png,#86bdb0,5,486.818326,17.810427,0.712417,0.040000
z_0169_439.000000.png,#afeda4,3,141.781746,5.187137,0.207485,0.040000
z_0169_439.000000.png,#b1d415,11,1001.844805,36.652859,1.466114,0.040000
z_0169_439.000000.png,#d41515,3,302.107648,11.052719,0.442109,0.040000
z_0169_439.000000.png,#f2ec07,1,45.798990,1.675573,0.067023,0.040000
z_0170_440.000000.png,#15d445,6,465.788889,17.041057,0.681642,0.040000
z_0170_440.000000.png,#4cd4bb,1,77.112698,2.821196,0.112848,0.040000
z_0170_440.000000.png,#61d1be,2,204.267027,7.473184,0.298927,0.040000
z_0170_440.000000.png,#630024,6,524.274170,19.180762,0.767230,0.040000
z_0170_440.000000.png,#86bdb0,4,512.859956,18.763169,0.750527,0.040000
z_0170_440.000000.png,#afeda4,2,99.740115,3.649029,0.145961,0.040000
z_0170_440.000000.png,#b1d415,12,1041.359523,38.098519,1.523941,0.040000
z_0170_440.000000.png,#d41515,5,335.906638,12.289267,0.491571,0.040000
z_0170_440.000000.png,#f2ec07,1,44.384776,1.623833,0.064953,0.040000
z_0171_441.000000.png,#15d445,6,478.960461,17.522944,0.700918,0.040000
z_0171_441.000000.png,#4cd4bb,1,75.112698,2.748026,0.109921,0.040000
z_0171_441.000000.png,#61d1be,2,190.267027,6.960989,0.278440,0.040000
z_0171_441.000000.png,#630024,5,528.658946,19.341181,0.773647,0.040000
z_0171_441.000000.png,#86bdb0,6,561.587878,20.545898,0.821836,0.040000
z_0171_441.000000.png,#afeda4,2,92.325902,3.377777,0.135111,0.040000
z_0171_441.000000.png,#b1d415,11,1016.187950,37.177608,1.487104,0.040000
z_0171_441.000000.png,#d41515,6,369.705627,13.525816,0.541033,0.040000
z_0171_441.000000.png,#f2ec07,1,44.041631,1.611279,0.064451,0.040000
z_0172_442.000000.png,#15d445,6,471.203102,17.239138,0.689566,0.040000
z_0172_442.000000.png,#4cd4bb,1,72.526912,2.653424,0.106137,0.040000
z_0172_442.000000.png,#61d1be,2,190.166522,6.957312,0.278292,0.040000
z_0172_442.000000.png,#630024,5,546.457936,19.992364,0.799695,0.040000
z_0172_442.000000.png,#86bdb0,4,552.073160,20.197799,0.807912,0.040000
z_0172_442.000000.png,#afeda4,2,84.426407,3.088771,0.123551,0.040000
z_0172_442.000000.png,#b1d415,10,1201.141269,43.944193,1.757768,0.040000
z_0172_442.000000.png,#d41515,5,376.977705,13.791867,0.551675,0.040000
z_0172_442.000000.png,#f2ec07,1,43.213203,1.580971,0.063239,0.040000
z_0173_443.000000.png,#15d445,7,494.416306,18.088401,0.723536,0.040000
z_0173_443.000000.png,#4cd4bb,1,69.455844,2.541067,0.101643,0.040000
z_0173_443.000000.png,#61d1be,2,187.095454,6.844956,0.273798,0.040000
z_0173_443.000000.png,#630024,5,562.256926,20.570375,0.822815,0.040000
z_0173_443.000000.png,#86bdb0,4,518.031529,18.952373,0.758095,0.040000
z_0173_443.000000.png,#afeda4,2,78.769553,2.881813,0.115273,0.040000
z_0173_443.000000.png,#b1d415,10,1238.454978,45.309328,1.812373,0.040000
z_0173_443.000000.png,#d41515,5,381.847763,13.970040,0.558802,0.040000
z_0173_443.000000.png,#f2ec07,1,41.213203,1.507800,0.060312,0.040000
z_0174_444.000000.png,#15d445,8,511.629509,18.718153,0.748726,0.040000
z_0174_444.000000.png,#4cd4bb,1,65.455844,2.394726,0.095789,0.040000
z_0174_444.000000.png,#61d1be,2,186.267027,6.814647,0.272586,0.040000
z_0174_444.000000.png,#630024,5,631.269119,23.095212,0.923808,0.040000
z_0174_444.000000.png,#86bdb0,4,486.031529,17.781641,0.711266,0.040000
z_0174_444.000000.png,#afeda4,2,73.941125,2.705163,0.108207,0.040000
z_0174_444.000000.png,#b1d415,7,1227.869191,44.922044,1.796882,0.040000
z_0174_444.000000.png,#d41515,5,366.433550,13.406105,0.536244,0.040000
z_0174_444.000000.png,#f2ec07,1,44.284271,1.620156,0.064806,0.040000
z_0175_445.000000.png,#15d445,9,521.872150,19.092884,0.763715,0.040000
z_0175_445.000000.png,#4cd4bb,1,64.870058,2.373295,0.094932,0.040000
z_0175_445.000000.png,#61d1be,2,186.267027,6.814647,0.272586,0.040000
z_0175_445.000000.png,#630024,5,631.026479,23.086335,0.923453,0.040000
z_0175_445.000000.png,#86bdb0,4,486.031529,17.781641,0.711266,0.040000
z_0175_445.000000.png,#afeda4,2,73.355339,2.683732,0.107349,0.040000
z_0175_445.000000.png,#b1d415,7,1221.869191,44.702531,1.788101,0.040000
z_0175_445.000000.png,#d41515,5,367.019336,13.427537,0.537101,0.040000
z_0175_445.000000.png,#f2ec07,1,44.284271,1.620156,0.064806,0.040000
z_0176_446.000000.png,#15d445,7,593.955411,21.730076,0.869203,0.040000
z_0176_446.000000.png,#4cd4bb,1,63.698485,2.330432,0.093217,0.040000
z_0176_446.000000.png,#61d1be,2,181.338095,6.634321,0.265373,0.040000
z_0176_446.000000.png,#630024,7,705.452886,25.809252,1.032370,0.040000
z_0176_446.000000.png,#86bdb0,2,432.818326,15.834817,0.633393,0.040000
z_0176_446.000000.png,#afeda4,2,52.041631,1.903962,0.076158,0.040000
z_0176_446.000000.png,#b1d415,7,1276.981890,46.718850,1.868754,0.040000
z_0176_446.000000.png,#d41515,7,399.161472,14.603468,0.584139,0.040000
z_0176_446.000000.png,#f2ec07,1,53.698485,1.964579,0.078583,0.040000
z_0177_447.000000.png,#15d445,9,621.269119,22.729358,0.909174,0.040000
z_0177_447.000000.png,#4cd4bb,1,66.769553,2.442789,0.097712,0.040000
z_0177_447.000000.png,#61d1be,2,180.166522,6.591458,0.263658,0.040000
z_0177_447.000000.png,#630024,7,734.180808,26.860273,1.074411,0.040000
z_0177_447.000000.png,#86bdb0,2,422.575685,15.460086,0.618403,0.040000
z_0177_447.000000.png,#afeda4,2,48.627417,1.779052,0.071162,0.040000
z_0177_447.000000.png,#b1d415,6,1222.496608,44.725486,1.789019,0.040000
z_0177_447.000000.png,#d41515,6,396.190909,14.494789,0.579792,0.040000
z_0177_447.000000.png,#f2ec07,1,56.284271,2.059181,0.082367,0.040000
z_0178_448.000000.png,#15d445,6,774.139177,28.322165,1.132887,0.040000
z_0178_448.000000.png,#4cd4bb,1,65.355339,2.391049,0.095642,0.040000
z_0178_448.000000.png,#61d1be,2,174.267027,6.375623,0.255025,0.040000
z_0178_448.000000.png,#630024,6,626.984848,22.938470,0.917539,0.040000
z_0178_448.000000.png,#86bdb0,2,392.676190,14.366202,0.574648,0.040000
z_0178_448.000000.png,#afeda4,2,38.970563,1.425752,0.057030,0.040000
z_0178_448.000000.png,#b1d415,6,1170.898628,42.837755,1.713510,0.040000
z_0178_448.000000.png,#d41515,5,418.333044,15.304867,0.612195,0.040000
z_0178_448.000000.png,#f2ec07,1,59.112698,2.162660,0.086506,0.040000
z_0179_449.000000.png,#15d445,7,778.967604,28.498815,1.139953,0.040000
z_0179_449.000000.png,#4cd4bb,1,65.355339,2.391049,0.095642,0.040000
z_0179_449.000000.png,#61d1be,2,173.438600,6.345315,0.253813,0.040000
z_0179_449.000000.png,#630024,6,630.641702,23.072257,0.922890,0.040000
z_0179_449.000000.png,#86bdb0,2,392.090404,14.344771,0.573791,0.040000
z_0179_449.000000.png,#afeda4,2,41.556349,1.520354,0.060814,0.040000
z_0179_449.000000.png,#b1d415,6,1168.798123,42.760907,1.710436,0.040000
z_0179_449.000000.png,#d41515,5,419.989899,15.365484,0.614619,0.040000
z_0179_449.000000.png,#f2ec07,1,59.112698,2.162660,0.086506,0.040000
z_0180_450.000000.png,#15d445,6,840.666089,30.756076,1.230243,0.040000
z_0180_450.000000.png,#4cd4bb,1,61.941125,2.266139,0.090646,0.040000
z_0180_450.000000.png,#61d1be,2,176.024387,6.439917,0.257597,0.040000
z_0180_450.000000.png,#630024,4,598.943218,21.912557,0.876502,0.040000
z_0180_450.000000.png,#86bdb0,2,373.119841,13.650726,0.546029,0.040000
z_0180_450.000000.png,#afeda4,2,36.384776,1.331150,0.053246,0.040000
z_0180_450.000000.png,#b1d415,6,1041.158513,38.091165,1.523647,0.040000
z_0180_450.000000.png,#d41515,5,441.889394,16.166685,0.646667,0.040000
z_0180_450.000000.png,#f2ec07,1,57.698485,2.110920,0.084437,0.040000
z_0181_451.000000.png,#15d445,6,828.423448,30.308175,1.212327,0.040000
z_0181_451.000000.png,#4cd4bb,1,60.284271,2.205522,0.088221,0.040000
z_0181_451.000000.png,#61d1be,2,170.367532,6.232959,0.249318,0.040000
z_0181_451.000000.png,#630024,4,574.114790,21.004200,0.840168,0.040000
z_0181_451.000000.png,#86bdb0,2,356.149278,13.029852,0.521194,0.040000
z_0181_451.000000.png,#afeda4,2,34.384776,1.257980,0.050319,0.040000
z_0181_451.000000.png,#b1d415,6,1000.773737,36.613673,1.464547,0.040000
z_0181_451.000000.png,#d41515,5,478.617316,17.510390,0.700416,0.040000
z_0181_451.000000.png,#f2ec07,1,57.941125,2.119797,0.084792,0.040000
z_0182_452.000000.png,#15d445,7,816.565584,29.874351,1.194974,0.040000
z_0182_452.000000.png,#4cd4bb,1,61.698485,2.257262,0.090290,0.040000
z_0182_452.000000.png,#61d1be,2,164.710678,6.026000,0.241040,0.040000
z_0182_452.000000.png,#630024,4,579.428499,21.198604,0.847944,0.040000
z_0182_452.000000.png,#86bdb0,3,346.149278,12.663998,0.506560,0.040000
z_0182_452.000000.png,#afeda4,2,28.142136,1.029590,0.041184,0.040000
z_0182_452.000000.png,#b1d415,5,1010.045815,36.952896,1.478116,0.040000
z_0182_452.000000.png,#d41515,4,490.333044,17.939014,0.717561,0.040000
z_0182_452.000000.png,#f2ec07,1,58.526912,2.141228,0.085649,0.040000
z_0183_453.000000.png,#15d445,9,787.151370,28.798221,1.151929,0.040000
z_0183_453.000000.png,#4cd4bb,1,62.870058,2.300124,0.092005,0.040000
z_0183_453.000000.png,#61d1be,3,191.681241,7.012728,0.280509,0.040000
z_0183_453.000000.png,#630024,4,589.570635,21.569657,0.862786,0.040000
z_0183_453.000000.png,#86bdb0,3,297.178716,10.872392,0.434896,0.040000
z_0183_453.000000.png,#afeda4,2,26.727922,0.977851,0.039114,0.040000
z_0183_453.000000.png,#b1d415,5,1004.874242,36.763692,1.470548,0.040000
z_0183_453.000000.png,#d41515,4,487.504617,17.835535,0.713421,0.040000
z_0183_453.000000.png,#f2ec07,1,57.698485,2.110920,0.084437,0.040000
z_0184_454.000000.png,#15d445,9,736.239682,26.935598,1.077424,0.040000
z_0184_454.000000.png,#4cd4bb,1,63.112698,2.309001,0.092360,0.040000
z_0184_454.000000.png,#61d1be,3,219.580736,8.033442,0.321338,0.040000
z_0184_454.000000.png,#630024,4,535.587878,19.594678,0.783787,0.040000
z_0184_454.000000.png,#86bdb0,2,233.865007,8.556037,0.342241,0.040000
z_0184_454.000000.png,#afeda4,2,24.142136,0.883249,0.035330,0.040000
z_0184_454.000000.png,#b1d415,5,873.862048,31.970563,1.278823,0.040000
z_0184_454.000000.png,#d41515,4,482.333044,17.646331,0.705853,0.040000
z_0184_454.000000.png,#f2ec07,1,56.870058,2.080612,0.083224,0.040000
z_0185_455.000000.png,#15d445,8,709.411255,25.954070,1.038163,0.040000
z_0185_455.000000.png,#4cd4bb,1,63.355339,2.317878,0.092715,0.040000
z_0185_455.000000.png,#61d1be,3,220.509668,8.067427,0.322697,0.040000
z_0185_455.000000.png,#630024,4,542.901587,19.862253,0.794490,0.040000
z_0185_455.000000.png,#86bdb0,2,218.894444,8.008333,0.320333,0.040000
z_0185_455.000000.png,#afeda4,2,24.727922,0.904680,0.036187,0.040000
z_0185_455.000000.png,#b1d415,4,834.991991,30.548487,1.221939,0.040000
z_0185_455.000000.png,#d41515,4,490.818326,17.956768,0.718271,0.040000
z_0185_455.000000.png,#f2ec07,1,57.112698,2.089489,0.083580,0.040000
z_0186_456.000000.png,#15d445,8,697.754401,25.527600,1.021104,0.040000
z_0186_456.000000.png,#4cd4bb,1,62.769553,2.296447,0.091858,0.040000
z_0186_456.000000.png,#61d1be,3,221.923882,8.119166,0.324767,0.040000
z_0186_456.000000.png,#630024,5,573.629509,20.986445,0.839458,0.040000
z_0186_456.000000.png,#86bdb0,2,203.580736,7.448076,0.297923,0.040000
z_0186_456.000000.png,#afeda4,1,13.656854,0.499641,0.019986,0.040000
z_0186_456.000000.png,#b1d415,5,831.335137,30.414700,1.216588,0.040000
z_0186_456.000000.png,#d41515,5,520.274170,19.034421,0.761377,0.040000
z_0186_456.000000.png,#f2ec07,1,58.284271,2.132351,0.085294,0.040000
z_0187_457.000000.png,#15d445,8,700.239682,25.618525,1.024741,0.040000
z_0187_457.000000.png,#4cd4bb,1,62.769553,2.296447,0.091858,0.040000
z_0187_457.000000.png,#61d1be,3,221.338095,8.097735,0.323909,0.040000
z_0187_457.000000.png,#630024,5,574.457936,21.016754,0.840670,0.040000
z_0187_457.000000.png,#86bdb0,2,203.580736,7.448076,0.297923,0.040000
z_0187_457.000000.png,#afeda4,1,15.071068,0.551381,0.022055,0.040000
z_0187_457.000000.png,#b1d415,5,841.719913,30.794631,1.231785,0.040000
z_0187_457.000000.png,#d41515,5,521.931024,19.095037,0.763801,0.040000
z_0187_457.000000.png,#f2ec07,1,57.698485,2.110920,0.084437,0.040000
z_0188_458.000000.png,#15d445,8,819.678282,29.988230,1.199529,0.040000
z_0188_458.000000.png,#4cd4bb,1,67.355339,2.464220,0.098569,0.040000
z_0188_458.000000.png,#61d1be,2,272.350288,9.964035,0.398561,0.040000
z_0188_458.000000.png,#630024,5,594.742207,21.758861,0.870354,0.040000
z_0188_458.000000.png,#86bdb0,2,179.095454,6.552273,0.262091,0.040000
z_0188_458.000000.png,#afeda4,1,15.071068,0.551381,0.022055,0.040000
z_0188_458.000000.png,#b1d415,9,817.394011,29.904659,1.196186,0.040000
z_0188_458.000000.png,#d41515,5,528.759451,19.344858,0.773794,0.040000
z_0188_458.000000.png,#f2ec07,1,64.769553,2.369618,0.094785,0.040000
z_0189_459.000000.png,#15d445,8,827.435642,30.272036,1.210881,0.040000
z_0189_459.000000.png,#4cd4bb,1,71.254834,2.606884,0.104275,0.040000
z_0189_459.000000.png,#61d1be,2,269.078210,9.844325,0.393773,0.040000
z_0189_459.000000.png,#630024,6,583.612265,21.351668,0.854067,0.040000
z_0189_459.000000.png,#86bdb0,2,169.781746,6.211527,0.248461,0.040000
z_0189_459.000000.png,#afeda4,1,15.071068,0.551381,0.022055,0.040000
z_0189_459.000000.png,#b1d415,8,775.695526,28.379105,1.135164,0.040000
z_0189_459.000000.png,#d41515,5,525.931024,19.241379,0.769655,0.040000
z_0189_459.000000.png,#f2ec07,1,68.183766,2.494528,0.099781,0.040000
z_0190_460.000000.png,#15d445,7,862.749350,31.564001,1.262560,0.040000
z_0190_460.000000.png,#4cd4bb,1,75.254834,2.753226,0.110129,0.040000
z_0190_460.000000.png,#61d1be,4,301.906638,11.045365,0.441815,0.040000
z_0190_460.000000.png,#630024,8,594.683333,21.756707,0.870268,0.040000
z_0190_460.000000.png,#86bdb0,2,164.124892,6.004569,0.240183,0.040000
z_0190_460.000000.png,#afeda4,1,17.071068,0.624551,0.024982,0.040000
z_0190_460.000000.png,#b1d415,8,751.938167,27.509933,1.100397,0.040000
z_0190_460.000000.png,#d41515,5,529.445743,19.369966,0.774799,0.040000
z_0190_460.000000.png,#f2ec07,1,70.426407,2.576576,0.103063,0.040000
z_0191_461.000000.png,#15d445,7,879.335137,32.170798,1.286832,0.040000
z_0191_461.000000.png,#4cd4bb,1,80.426407,2.942430,0.117697,0.040000
z_0191_461.000000.png,#61d1be,4,317.320851,11.609299,0.464372,0.040000
z_0191_461.000000.png,#630024,5,479.629509,17.547421,0.701897,0.040000
z_0191_461.000000.png,#86bdb0,2,161.195959,5.897413,0.235897,0.040000
z_0191_461.000000.png,#afeda4,1,17.071068,0.624551,0.024982,0.040000
z_0191_461.000000.png,#b1d415,7,702.582828,25.704250,1.028170,0.040000
z_0191_461.000000.png,#d41515,5,489.646753,17.913906,0.716556,0.040000
z_0191_461.000000.png,#f2ec07,1,63.597980,2.326755,0.093070,0.040000
z_0192_462.000000.png,#15d445,8,881.335137,32.243968,1.289759,0.040000
z_0192_462.000000.png,#4cd4bb,1,82.769553,3.028154,0.121126,0.040000
z_0192_462.000000.png,#61d1be,3,319.220346,11.678793,0.467152,0.040000
z_0192_462.000000.png,#630024,5,470.558441,17.215553,0.688622,0.040000
z_0192_462.000000.png,#86bdb0,2,156.953319,5.742195,0.229688,0.040000
z_0192_462.000000.png,#afeda4,1,17.899495,0.654860,0.026194,0.040000
z_0192_462.000000.png,#b1d415,6,659.854906,24.141033,0.965641,0.040000
z_0192_462.000000.png,#d41515,5,441.646753,16.157808,0.646312,0.040000
z_0192_462.000000.png,#f2ec07,1,62.183766,2.275016,0.091001,0.040000
z_0193_463.000000.png,#15d445,8,625.269119,22.875699,0.915028,0.040000
z_0193_463.000000.png,#4cd4bb,1,86.426407,3.161942,0.126478,0.040000
z_0193_463.000000.png,#61d1be,4,319.806133,11.700224,0.468009,0.040000
z_0193_463.000000.png,#630024,5,456.558441,16.703358,0.668134,0.040000
z_0193_463.000000.png,#86bdb0,2,148.124892,5.419203,0.216768,0.040000
z_0193_463.000000.png,#afeda4,1,19.071068,0.697722,0.027909,0.040000
z_0193_463.000000.png,#b1d415,7,671.955411,24.583735,0.983349,0.040000
z_0193_463.000000.png,#d41515,5,395.605122,14.473358,0.578934,0.040000
z_0193_463.000000.png,#f2ec07,1,59.941125,2.192968,0.087719,0.040000
z_0194_464.000000.png,#15d445,8,669.411255,24.490656,0.979626,0.040000
z_0194_464.000000.png,#4cd4bb,1,88.083261,3.222558,0.128902,0.040000
z_0194_464.000000.png,#61d1be,4,296.835570,10.859838,0.434394,0.040000
z_0194_464.000000.png,#630024,6,467.972655,17.120951,0.684838,0.040000
z_0194_464.000000.png,#86bdb0,2,140.953319,5.156829,0.206273,0.040000
z_0194_464.000000.png,#afeda4,1,20.485281,0.749462,0.029978,0.040000
z_0194_464.000000.png,#b1d415,7,691.854906,25.311765,1.012471,0.040000
z_0194_464.000000.png,#d41515,7,309.764502,11.332848,0.453314,0.040000
z_0194_464.000000.png,#f2ec07,1,58.870058,2.153783,0.086151,0.040000
z_0195_465.000000.png,#15d445,10,737.352380,26.976307,1.079052,0.040000
z_0195_465.000000.png,#4cd4bb,1,89.740115,3.283175,0.131327,0.040000
z_0195_465.000000.png,#61d1be,3,258.693434,9.464394,0.378576,0.040000
z_0195_465.000000.png,#630024,6,491.872150,17.995323,0.719813,0.040000
z_0195_465.000000.png,#86bdb0,2,131.882251,4.824960,0.192998,0.040000
z_0195_465.000000.png,#afeda4,1,25.556349,0.934988,0.037400,0.040000
z_0195_465.000000.png,#b1d415,7,707.168614,25.872022,1.034881,0.040000
z_0195_465.000000.png,#d41515,4,232.651804,8.511651,0.340466,0.040000
z_0195_465.000000.png,#f2ec07,1,58.870058,2.153783,0.086151,0.040000
z_0196_466.000000.png,#15d445,8,772.080303,28.246840,1.129874,0.040000
z_0196_466.000000.png,#4cd4bb,1,92.083261,3.368900,0.134756,0.040000
z_0196_466.000000.png,#61d1be,3,259.521861,9.494702,0.379788,0.040000
z_0196_466.000000.png,#630024,6,514.014285,18.805401,0.752216,0.040000
z_0196_466.000000.png,#86bdb0,2,127.296465,4.657188,0.186288,0.040000
z_0196_466.000000.png,#afeda4,1,25.556349,0.934988,0.037400,0.040000
z_0196_466.000000.png,#b1d415,9,790.808225,28.932008,1.157280,0.040000
z_0196_466.000000.png,#d41515,4,213.338095,7.805052,0.312202,0.040000
z_0196_466.000000.png,#f2ec07,1,54.041631,1.977133,0.079085,0.040000
z_0197_467.000000.png,#15d445,7,789.796031,28.894977,1.155799,0.040000
z_0197_467.000000.png,#4cd4bb,1,92.669048,3.390331,0.135613,0.040000
z_0197_467.000000.png,#61d1be,3,256.592929,9.387546,0.375502,0.040000
z_0197_467.000000.png,#630024,6,537.913780,19.679772,0.787191,0.040000
z_0197_467.000000.png,#86bdb0,2,119.296465,4.364505,0.174580,0.040000
z_0197_467.000000.png,#afeda4,1,24.485281,0.895803,0.035832,0.040000
z_0197_467.000000.png,#b1d415,7,818.565584,29.947521,1.197901,0.040000
z_0197_467.000000.png,#d41515,4,188.024387,6.878941,0.275158,0.040000
z_0197_467.000000.png,#f2ec07,1,51.798990,1.895085,0.075803,0.040000
z_0198_468.000000.png,#15d445,8,800.281313,29.278585,1.171143,0.040000
z_0198_468.000000.png,#4cd4bb,1,94.426407,3.454625,0.138185,0.040000
z_0198_468.000000.png,#61d1be,3,258.592929,9.460717,0.378429,0.040000
z_0198_468.000000.png,#630024,6,554.156421,20.274015,0.810961,0.040000
z_0198_468.000000.png,#86bdb0,2,114.468037,4.187855,0.167514,0.040000
z_0198_468.000000.png,#afeda4,1,24.727922,0.904680,0.036187,0.040000
z_0198_468.000000.png,#b1d415,7,796.465079,29.138966,1.165559,0.040000
z_0198_468.000000.png,#d41515,4,154.124892,5.638716,0.225549,0.040000
z_0198_468.000000.png,#f2ec07,1,52.970563,1.937947,0.077518,0.040000
z_0199_469.000000.png,#15d445,8,817.151370,29.895782,1.195831,0.040000
z_0199_469.000000.png,#4cd4bb,1,95.840620,3.506364,0.140255,0.040000
z_0199_469.000000.png,#61d1be,3,241.865007,8.848720,0.353949,0.040000
z_0199_469.000000.png,#630024,6,582.641702,21.316160,0.852646,0.040000
z_0199_469.000000.png,#86bdb0,2,111.882251,4.093253,0.163730,0.040000
z_0199_469.000000.png,#afeda4,1,24.727922,0.904680,0.036187,0.040000
z_0199_469.000000.png,#b1d415,7,788.565584,28.849960,1.153998,0.040000
z_0199_469.000000.png,#d41515,3,135.882251,4.971302,0.198852,0.040000
z_0199_469.000000.png,#f2ec07,1,51.798990,1.895085,0.075803,0.040000
z_0200_470.000000.png,#15d445,10,812.950360,29.742086,1.189683,0.040000
z_0200_470.000000.png,#61d1be,3,233.137085,8.529406,0.341176,0.040000
z_0200_470.000000.png,#630024,6,591.369624,21.635474,0.865419,0.040000
z_0200_470.000000.png,#86bdb0,2,111.639610,4.084376,0.163375,0.040000
z_0200_470.000000.png,#afeda4,1,26.727922,0.977851,0.039114,0.040000
z_0200_470.000000.png,#b1d415,8,809.435642,29.613499,1.184540,0.040000
z_0200_470.000000.png,#d41515,3,91.254834,3.338591,0.133544,0.040000
z_0200_470.000000.png,#f2ec07,6,532.357431,19.476491,0.779060,0.040000
z_0201_471.000000.png,#15d445,11,858.264069,31.399905,1.255996,0.040000
z_0201_471.000000.png,#61d1be,3,228.551299,8.361633,0.334465,0.040000
z_0201_471.000000.png,#630024,5,564.541197,20.653946,0.826158,0.040000
z_0201_471.000000.png,#86bdb0,2,110.811183,4.054068,0.162163,0.040000
z_0201_471.000000.png,#afeda4,1,28.142136,1.029590,0.041184,0.040000
z_0201_471.000000.png,#b1d415,8,789.979797,28.901700,1.156068,0.040000
z_0201_471.000000.png,#d41515,2,73.355339,2.683732,0.107349,0.040000
z_0201_471.000000.png,#f2ec07,6,520.600072,19.046344,0.761854,0.040000
