slice_file,color_hex,area_px,cross_section_area_um2,slice_volume_um3,slice_thickness_um
z_0001_480.000000.png,#03fc5a,2114,1.586789,0.071406,0.045000
z_0001_480.000000.png,#374a29,502,0.376806,0.016956,0.045000
z_0001_480.000000.png,#47964c,1757,1.318822,0.059347,0.045000
z_0001_480.000000.png,#6c1273,513,0.385063,0.017328,0.045000
z_0001_480.000000.png,#75a832,218,0.163633,0.007363,0.045000
z_0001_480.000000.png,#8a4334,856,0.642522,0.028913,0.045000
z_0001_480.000000.png,#a178ad,5632,4.227435,0.190235,0.045000
z_0001_480.000000.png,#a85e32,215,0.161381,0.007262,0.045000
z_0001_480.000000.png,#b1d415,3795,2.848564,0.128185,0.045000
z_0001_480.000000.png,#c9fa5f,278,0.208670,0.009390,0.045000
z_0001_480.000000.png,#ed755c,85,0.063802,0.002871,0.045000
z_0002_481.000000.png,#03fc5a,2297,1.724151,0.077587,0.045000
z_0002_481.000000.png,#374a29,463,0.347532,0.015639,0.045000
z_0002_481.000000.png,#47964c,1909,1.432914,0.064481,0.045000
z_0002_481.000000.png,#6c1273,658,0.493901,0.022226,0.045000
z_0002_481.000000.png,#75a832,297,0.222931,0.010032,0.045000
z_0002_481.000000.png,#8a4334,1135,0.851942,0.038337,0.045000
z_0002_481.000000.png,#a178ad,6205,4.657534,0.209589,0.045000
z_0002_481.000000.png,#a85e32,418,0.313755,0.014119,0.045000
z_0002_481.000000.png,#b1d415,3326,2.496528,0.112344,0.045000
z_0002_481.000000.png,#c9fa5f,274,0.205667,0.009255,0.045000
z_0002_481.000000.png,#ed755c,236,0.177144,0.007971,0.045000
z_0003_482.000000.png,#03fc5a,2442,1.832989,0.082485,0.045000
z_0003_482.000000.png,#374a29,465,0.349034,0.015707,0.045000
z_0003_482.000000.png,#47964c,2067,1.551511,0.069818,0.045000
z_0003_482.000000.png,#6c1273,801,0.601239,0.027056,0.045000
z_0003_482.000000.png,#75a832,277,0.207919,0.009356,0.045000
z_0003_482.000000.png,#8a4334,1639,1.230250,0.055361,0.045000
z_0003_482.000000.png,#a178ad,6614,4.964534,0.223404,0.045000
z_0003_482.000000.png,#a85e32,891,0.668793,0.030096,0.045000
z_0003_482.000000.png,#b1d415,3049,2.288609,0.102987,0.045000
z_0003_482.000000.png,#c9fa5f,338,0.253706,0.011417,0.045000
z_0003_482.000000.png,#ed755c,378,0.283731,0.012768,0.045000
z_0004_483.000000.png,#03fc5a,2493,1.871270,0.084207,0.045000
z_0004_483.000000.png,#374a29,442,0.331770,0.014930,0.045000
z_0004_483.000000.png,#47964c,2262,1.697880,0.076405,0.045000
z_0004_483.000000.png,#6c1273,871,0.653781,0.029420,0.045000
z_0004_483.000000.png,#75a832,270,0.202665,0.009120,0.045000
z_0004_483.000000.png,#8a4334,2181,1.637080,0.073669,0.045000
z_0004_483.000000.png,#a178ad,6852,5.143179,0.231443,0.045000
z_0004_483.000000.png,#a85e32,1179,0.884969,0.039824,0.045000
z_0004_483.000000.png,#b1d415,2619,1.965847,0.088463,0.045000
z_0004_483.000000.png,#b452ff,38,0.028523,0.001284,0.045000
z_0004_483.000000.png,#c9fa5f,609,0.457121,0.020570,0.045000
z_0004_483.000000.png,#ed755c,605,0.454119,0.020435,0.045000
z_0005_484.000000.png,#03fc5a,2464,1.849503,0.083228,0.045000
z_0005_484.000000.png,#374a29,405,0.303997,0.013680,0.045000
z_0005_484.000000.png,#47964c,2313,1.736161,0.078127,0.045000
z_0005_484.000000.png,#6c1273,963,0.722837,0.032528,0.045000
z_0005_484.000000.png,#75a832,267,0.200413,0.009019,0.045000
z_0005_484.000000.png,#8a4334,2735,2.052918,0.092381,0.045000
z_0005_484.000000.png,#a178ad,6979,5.238506,0.235733,0.045000
z_0005_484.000000.png,#a85e32,1584,1.188966,0.053503,0.045000
z_0005_484.000000.png,#b1d415,2295,1.722650,0.077519,0.045000
z_0005_484.000000.png,#b452ff,133,0.099831,0.004492,0.045000
z_0005_484.000000.png,#c9fa5f,775,0.581723,0.026178,0.045000
z_0005_484.000000.png,#ed755c,821,0.616251,0.027731,0.045000
z_0006_485.000000.png,#03fc5a,2481,1.862263,0.083802,0.045000
z_0006_485.000000.png,#374a29,355,0.266467,0.011991,0.045000
z_0006_485.000000.png,#47964c,2529,1.898292,0.085423,0.045000
z_0006_485.000000.png,#6c1273,1039,0.779884,0.035095,0.045000
z_0006_485.000000.png,#75a832,235,0.176393,0.007938,0.045000
z_0006_485.000000.png,#8a4334,3697,2.775005,0.124875,0.045000
z_0006_485.000000.png,#a178ad,6982,5.240758,0.235834,0.045000
z_0006_485.000000.png,#a85e32,1992,1.495215,0.067285,0.045000
z_0006_485.000000.png,#b1d415,2225,1.670107,0.075155,0.045000
z_0006_485.000000.png,#b452ff,266,0.199662,0.008985,0.045000
z_0006_485.000000.png,#c9fa5f,1201,0.901482,0.040567,0.045000
z_0006_485.000000.png,#ed755c,1103,0.827923,0.037257,0.045000
z_0007_486.000000.png,#03fc5a,2410,1.808970,0.081404,0.045000
z_0007_486.000000.png,#374a29,361,0.270970,0.012194,0.045000
z_0007_486.000000.png,#47964c,2707,2.031901,0.091436,0.045000
z_0007_486.000000.png,#6c1273,1187,0.890974,0.040094,0.045000
z_0007_486.000000.png,#75a832,230,0.172640,0.007769,0.045000
z_0007_486.000000.png,#8a4334,3988,2.993432,0.134704,0.045000
z_0007_486.000000.png,#a178ad,6958,5.222743,0.235023,0.045000
z_0007_486.000000.png,#a85e32,2204,1.654344,0.074445,0.045000
z_0007_486.000000.png,#b1d415,2329,1.748170,0.078668,0.045000
z_0007_486.000000.png,#b452ff,373,0.279977,0.012599,0.045000
z_0007_486.000000.png,#c9fa5f,1392,1.044849,0.047018,0.045000
z_0007_486.000000.png,#ed755c,1369,1.027585,0.046241,0.045000
z_0008_487.000000.png,#03fc5a,2398,1.799962,0.080998,0.045000
z_0008_487.000000.png,#374a29,360,0.270220,0.012160,0.045000
z_0008_487.000000.png,#47964c,2983,2.239069,0.100758,0.045000
z_0008_487.000000.png,#6c1273,1526,1.145431,0.051544,0.045000
z_0008_487.000000.png,#75a832,3354,2.517546,0.113290,0.045000
z_0008_487.000000.png,#8a4334,4304,3.230625,0.145378,0.045000
z_0008_487.000000.png,#a178ad,6815,5.115406,0.230193,0.045000
z_0008_487.000000.png,#a85e32,3122,2.343404,0.105453,0.045000
z_0008_487.000000.png,#b1d415,2285,1.715144,0.077181,0.045000
z_0008_487.000000.png,#b452ff,479,0.359542,0.016179,0.045000
z_0008_487.000000.png,#c9fa5f,1680,1.261025,0.056746,0.045000
z_0008_487.000000.png,#ed755c,1688,1.267029,0.057016,0.045000
z_0009_488.000000.png,#03fc5a,2353,1.766185,0.079478,0.045000
z_0009_488.000000.png,#374a29,325,0.243948,0.010978,0.045000
z_0009_488.000000.png,#47964c,3176,2.383937,0.107277,0.045000
z_0009_488.000000.png,#6c1273,1646,1.235504,0.055598,0.045000
z_0009_488.000000.png,#75a832,3393,2.546819,0.114607,0.045000
z_0009_488.000000.png,#8a4334,4480,3.362732,0.151323,0.045000
z_0009_488.000000.png,#a178ad,6673,5.008820,0.225397,0.045000
z_0009_488.000000.png,#a85e32,3082,2.313380,0.104102,0.045000
z_0009_488.000000.png,#b1d415,2140,1.606305,0.072284,0.045000
z_0009_488.000000.png,#b452ff,853,0.640270,0.028812,0.045000
z_0009_488.000000.png,#c9fa5f,1809,1.357853,0.061103,0.045000
z_0009_488.000000.png,#ed755c,1827,1.371364,0.061711,0.045000
z_0010_489.000000.png,#03fc5a,2248,1.687371,0.075932,0.045000
z_0010_489.000000.png,#374a29,289,0.216926,0.009762,0.045000
z_0010_489.000000.png,#47964c,3534,2.652655,0.119369,0.045000
z_0010_489.000000.png,#6c1273,1734,1.301558,0.058570,0.045000
z_0010_489.000000.png,#75a832,3448,2.588103,0.116465,0.045000
z_0010_489.000000.png,#8a4334,4622,3.469319,0.156119,0.045000
z_0010_489.000000.png,#a178ad,6510,4.886470,0.219891,0.045000
z_0010_489.000000.png,#a85e32,3196,2.398949,0.107953,0.045000
z_0010_489.000000.png,#b1d415,2008,1.507225,0.067825,0.045000
z_0010_489.000000.png,#b452ff,1201,0.901482,0.040567,0.045000
z_0010_489.000000.png,#c9fa5f,1851,1.389379,0.062522,0.045000
z_0010_489.000000.png,#ed755c,1983,1.488459,0.066981,0.045000
z_0011_490.000000.png,#03fc5a,2150,1.613811,0.072622,0.045000
z_0011_490.000000.png,#374a29,271,0.203415,0.009154,0.045000
z_0011_490.000000.png,#47964c,4044,3.035466,0.136596,0.045000
z_0011_490.000000.png,#6c1273,1806,1.355601,0.061002,0.045000
z_0011_490.000000.png,#75a832,3724,2.795271,0.125787,0.045000
z_0011_490.000000.png,#8a4334,4741,3.558641,0.160139,0.045000
z_0011_490.000000.png,#a178ad,6412,4.812910,0.216581,0.045000
z_0011_490.000000.png,#a85e32,3357,2.519797,0.113391,0.045000
z_0011_490.000000.png,#b1d415,2038,1.529743,0.068838,0.045000
z_0011_490.000000.png,#b452ff,1492,1.119910,0.050396,0.045000
z_0011_490.000000.png,#c9fa5f,1807,1.356352,0.061036,0.045000
z_0011_490.000000.png,#ed755c,2103,1.578533,0.071034,0.045000
z_0012_491.000000.png,#03fc5a,1923,1.443423,0.064954,0.045000
z_0012_491.000000.png,#374a29,290,0.217677,0.009795,0.045000
z_0012_491.000000.png,#47964c,4557,3.420529,0.153924,0.045000
z_0012_491.000000.png,#6c1273,1738,1.304560,0.058705,0.045000
z_0012_491.000000.png,#75a832,3882,2.913868,0.131124,0.045000
z_0012_491.000000.png,#8a4334,4995,3.749296,0.168718,0.045000
z_0012_491.000000.png,#a178ad,6381,4.789642,0.215534,0.045000
z_0012_491.000000.png,#a85e32,3528,2.648152,0.119167,0.045000
z_0012_491.000000.png,#b1d415,2099,1.575530,0.070899,0.045000
z_0012_491.000000.png,#b452ff,1677,1.258773,0.056645,0.045000
z_0012_491.000000.png,#c9fa5f,1750,1.313567,0.059111,0.045000
z_0012_491.000000.png,#ed755c,2271,1.704635,0.076709,0.045000
z_0013_492.000000.png,#03fc5a,1926,1.445675,0.065055,0.045000
z_0013_492.000000.png,#374a29,297,0.222931,0.010032,0.045000
z_0013_492.000000.png,#47964c,4567,3.428035,0.154262,0.045000
z_0013_492.000000.png,#6c1273,1745,1.309814,0.058942,0.045000
z_0013_492.000000.png,#75a832,3887,2.917621,0.131293,0.045000
z_0013_492.000000.png,#8a4334,5003,3.755301,0.168989,0.045000
z_0013_492.000000.png,#a178ad,6384,4.791893,0.215635,0.045000
z_0013_492.000000.png,#a85e32,3528,2.648152,0.119167,0.045000
z_0013_492.000000.png,#b1d415,2102,1.577782,0.071000,0.045000
z_0013_492.000000.png,#b452ff,1658,1.244511,0.056003,0.045000
z_0013_492.000000.png,#c9fa5f,1745,1.309814,0.058942,0.045000
z_0013_492.000000.png,#ed755c,2269,1.703134,0.076641,0.045000
z_0014_493.000000.png,#03fc5a,1436,1.077876,0.048504,0.045000
z_0014_493.000000.png,#374a29,333,0.249953,0.011248,0.045000
z_0014_493.000000.png,#47964c,6338,4.757365,0.214081,0.045000
z_0014_493.000000.png,#6c1273,1567,1.176206,0.052929,0.045000
z_0014_493.000000.png,#75a832,4132,3.101520,0.139568,0.045000
z_0014_493.000000.png,#8a4334,4746,3.562394,0.160308,0.045000
z_0014_493.000000.png,#a178ad,6334,4.754363,0.213946,0.045000
z_0014_493.000000.png,#a85e32,4165,3.126290,0.140683,0.045000
z_0014_493.000000.png,#b1d415,1846,1.385626,0.062353,0.045000
z_0014_493.000000.png,#b452ff,1805,1.354851,0.060968,0.045000
z_0014_493.000000.png,#c9fa5f,1628,1.221993,0.054990,0.045000
z_0014_493.000000.png,#ed755c,2665,2.000375,0.090017,0.045000
z_0015_494.000000.png,#03fc5a,1376,1.032839,0.046478,0.045000
z_0015_494.000000.png,#374a29,361,0.270970,0.012194,0.045000
z_0015_494.000000.png,#47964c,6676,5.011071,0.225498,0.045000
z_0015_494.000000.png,#6c1273,1315,0.987052,0.044417,0.045000
z_0015_494.000000.png,#75a832,4461,3.348471,0.150681,0.045000
z_0015_494.000000.png,#8a4334,4279,3.211860,0.144534,0.045000
z_0015_494.000000.png,#a178ad,6286,4.718334,0.212325,0.045000
z_0015_494.000000.png,#a85e32,4380,3.287671,0.147945,0.045000
z_0015_494.000000.png,#b1d415,1529,1.147682,0.051646,0.045000
z_0015_494.000000.png,#b452ff,1752,1.315068,0.059178,0.045000
z_0015_494.000000.png,#c9fa5f,1658,1.244511,0.056003,0.045000
z_0015_494.000000.png,#ed755c,2885,2.165509,0.097448,0.045000
z_0016_495.000000.png,#03fc5a,1374,1.031338,0.046410,0.045000
z_0016_495.000000.png,#374a29,362,0.271721,0.012227,0.045000
z_0016_495.000000.png,#47964c,6675,5.010321,0.225464,0.045000
z_0016_495.000000.png,#6c1273,1312,0.984800,0.044316,0.045000
z_0016_495.000000.png,#75a832,4445,3.336461,0.150141,0.045000
z_0016_495.000000.png,#8a4334,4272,3.206605,0.144297,0.045000
z_0016_495.000000.png,#a178ad,6277,4.711578,0.212021,0.045000
z_0016_495.000000.png,#a85e32,4386,3.292175,0.148148,0.045000
z_0016_495.000000.png,#b1d415,1533,1.150685,0.051781,0.045000
z_0016_495.000000.png,#b452ff,1740,1.306061,0.058773,0.045000
z_0016_495.000000.png,#c9fa5f,1663,1.248264,0.056172,0.045000
z_0016_495.000000.png,#ed755c,2881,2.162507,0.097313,0.045000
z_0017_496.000000.png,#03fc5a,1314,0.986301,0.044384,0.045000
z_0017_496.000000.png,#374a29,415,0.311503,0.014018,0.045000
z_0017_496.000000.png,#47964c,6795,5.100394,0.229518,0.045000
z_0017_496.000000.png,#6c1273,579,0.434603,0.019557,0.045000
z_0017_496.000000.png,#75a832,5019,3.767311,0.169529,0.045000
z_0017_496.000000.png,#85150b,288,0.216176,0.009728,0.045000
z_0017_496.000000.png,#8a4334,2582,1.938075,0.087213,0.045000
z_0017_496.000000.png,#a178ad,6527,4.899231,0.220465,0.045000
z_0017_496.000000.png,#a85e32,5161,3.873898,0.174325,0.045000
z_0017_496.000000.png,#b1d415,707,0.530681,0.023881,0.045000
z_0017_496.000000.png,#b452ff,1394,1.046350,0.047086,0.045000
z_0017_496.000000.png,#c9fa5f,1529,1.147682,0.051646,0.045000
z_0017_496.000000.png,#ed755c,3159,2.371177,0.106703,0.045000
z_0018_497.000000.png,#03fc5a,1313,0.985551,0.044350,0.045000
z_0018_497.000000.png,#374a29,410,0.307750,0.013849,0.045000
z_0018_497.000000.png,#47964c,6807,5.109401,0.229923,0.045000
z_0018_497.000000.png,#6c1273,579,0.434603,0.019557,0.045000
z_0018_497.000000.png,#75a832,5018,3.766560,0.169495,0.045000
z_0018_497.000000.png,#85150b,290,0.217677,0.009795,0.045000
z_0018_497.000000.png,#8a4334,2581,1.937324,0.087180,0.045000
z_0018_497.000000.png,#a178ad,6524,4.896979,0.220364,0.045000
z_0018_497.000000.png,#a85e32,5161,3.873898,0.174325,0.045000
z_0018_497.000000.png,#b1d415,702,0.526928,0.023712,0.045000
z_0018_497.000000.png,#b452ff,1373,1.030587,0.046376,0.045000
z_0018_497.000000.png,#c9fa5f,1522,1.142428,0.051409,0.045000
z_0018_497.000000.png,#ed755c,3162,2.373428,0.106804,0.045000
z_0019_498.000000.png,#03fc5a,1284,0.963783,0.043370,0.045000
z_0019_498.000000.png,#374a29,438,0.328767,0.014795,0.045000
z_0019_498.000000.png,#47964c,6407,4.809157,0.216412,0.045000
z_0019_498.000000.png,#6c1273,508,0.381310,0.017159,0.045000
z_0019_498.000000.png,#75a832,2524,1.894539,0.085254,0.045000
z_0019_498.000000.png,#85150b,418,0.313755,0.014119,0.045000
z_0019_498.000000.png,#8a4334,2388,1.792456,0.080661,0.045000
z_0019_498.000000.png,#a178ad,6526,4.898480,0.220432,0.045000
z_0019_498.000000.png,#a85e32,5261,3.948959,0.177703,0.045000
z_0019_498.000000.png,#b1d415,571,0.428598,0.019287,0.045000
z_0019_498.000000.png,#b452ff,1228,0.921749,0.041479,0.045000
z_0019_498.000000.png,#c9fa5f,1418,1.064365,0.047896,0.045000
z_0019_498.000000.png,#ed755c,3344,2.510039,0.112952,0.045000
z_0020_499.000000.png,#03fc5a,1284,0.963783,0.043370,0.045000
z_0020_499.000000.png,#374a29,438,0.328767,0.014795,0.045000
z_0020_499.000000.png,#47964c,6407,4.809157,0.216412,0.045000
z_0020_499.000000.png,#6c1273,508,0.381310,0.017159,0.045000
z_0020_499.000000.png,#75a832,2524,1.894539,0.085254,0.045000
z_0020_499.000000.png,#85150b,418,0.313755,0.014119,0.045000
z_0020_499.000000.png,#8a4334,2388,1.792456,0.080661,0.045000
z_0020_499.000000.png,#a178ad,6526,4.898480,0.220432,0.045000
z_0020_499.000000.png,#a85e32,5261,3.948959,0.177703,0.045000
z_0020_499.000000.png,#b1d415,571,0.428598,0.019287,0.045000
z_0020_499.000000.png,#b452ff,1228,0.921749,0.041479,0.045000
z_0020_499.000000.png,#c9fa5f,1418,1.064365,0.047896,0.045000
z_0020_499.000000.png,#ed755c,3344,2.510039,0.112952,0.045000
z_0021_500.000000.png,#03fc5a,1224,0.918746,0.041344,0.045000
z_0021_500.000000.png,#374a29,450,0.337774,0.015200,0.045000
z_0021_500.000000.png,#47964c,5992,4.497654,0.202394,0.045000
z_0021_500.000000.png,#6c1273,408,0.306249,0.013781,0.045000
z_0021_500.000000.png,#75a832,2647,1.986864,0.089409,0.045000
z_0021_500.000000.png,#85150b,531,0.398574,0.017936,0.045000
z_0021_500.000000.png,#8a4334,2125,1.595046,0.071777,0.045000
z_0021_500.000000.png,#a178ad,6480,4.863952,0.218878,0.045000
z_0021_500.000000.png,#a85e32,5378,4.036780,0.181655,0.045000
z_0021_500.000000.png,#b1d415,500,0.375305,0.016889,0.045000
z_0021_500.000000.png,#b452ff,1259,0.945018,0.042526,0.045000
z_0021_500.000000.png,#c9fa5f,1392,1.044849,0.047018,0.045000
z_0021_500.000000.png,#ed755c,3465,2.600863,0.117039,0.045000
z_0022_501.000000.png,#03fc5a,1214,0.911240,0.041006,0.045000
z_0022_501.000000.png,#374a29,476,0.357290,0.016078,0.045000
z_0022_501.000000.png,#47964c,5639,4.232689,0.190471,0.045000
z_0022_501.000000.png,#6c1273,317,0.237943,0.010707,0.045000
z_0022_501.000000.png,#75a832,2769,2.078439,0.093530,0.045000
z_0022_501.000000.png,#85150b,671,0.503659,0.022665,0.045000
z_0022_501.000000.png,#8a4334,1847,1.386376,0.062387,0.045000
z_0022_501.000000.png,#a178ad,6525,4.897729,0.220398,0.045000
z_0022_501.000000.png,#a85e32,5365,4.027022,0.181216,0.045000
z_0022_501.000000.png,#b1d415,449,0.337024,0.015166,0.045000
z_0022_501.000000.png,#b452ff,1239,0.930006,0.041850,0.045000
z_0022_501.000000.png,#c9fa5f,1297,0.973541,0.043809,0.045000
z_0022_501.000000.png,#ce24d4,33,0.024770,0.001115,0.045000
z_0022_501.000000.png,#ed755c,3531,2.650403,0.119268,0.045000
z_0023_502.000000.png,#03fc5a,1199,0.899981,0.040499,0.045000
z_0023_502.000000.png,#374a29,519,0.389567,0.017530,0.045000
z_0023_502.000000.png,#47964c,5329,4.000000,0.180000,0.045000
z_0023_502.000000.png,#6c1273,280,0.210171,0.009458,0.045000
z_0023_502.000000.png,#75a832,2854,2.142241,0.096401,0.045000
z_0023_502.000000.png,#85150b,793,0.595234,0.026786,0.045000
z_0023_502.000000.png,#8a4334,1609,1.207731,0.054348,0.045000
z_0023_502.000000.png,#a178ad,6528,4.899981,0.220499,0.045000
z_0023_502.000000.png,#a85e32,5539,4.157628,0.187093,0.045000
z_0023_502.000000.png,#b1d415,369,0.276975,0.012464,0.045000
z_0023_502.000000.png,#b452ff,1225,0.919497,0.041377,0.045000
z_0023_502.000000.png,#c9fa5f,1194,0.896228,0.040330,0.045000
z_0023_502.000000.png,#ce24d4,50,0.037530,0.001689,0.045000
z_0023_502.000000.png,#ed755c,3683,2.764496,0.124402,0.045000
z_0024_503.000000.png,#03fc5a,1350,1.013323,0.045600,0.045000
z_0024_503.000000.png,#374a29,534,0.400826,0.018037,0.045000
z_0024_503.000000.png,#47964c,5076,3.810096,0.171454,0.045000
z_0024_503.000000.png,#6c1273,245,0.183899,0.008275,0.045000
z_0024_503.000000.png,#75a832,3065,2.300619,0.103528,0.045000
z_0024_503.000000.png,#85150b,828,0.621505,0.027968,0.045000
z_0024_503.000000.png,#8a4334,1400,1.050854,0.047288,0.045000
z_0024_503.000000.png,#a178ad,6232,4.677801,0.210501,0.045000
z_0024_503.000000.png,#a85e32,5911,4.436855,0.199658,0.045000
z_0024_503.000000.png,#b1d415,294,0.220679,0.009931,0.045000
z_0024_503.000000.png,#b452ff,1197,0.898480,0.040432,0.045000
z_0024_503.000000.png,#c9fa5f,1101,0.826421,0.037189,0.045000
z_0024_503.000000.png,#ce24d4,170,0.127604,0.005742,0.045000
z_0024_503.000000.png,#ed755c,3844,2.885344,0.129840,0.045000
z_0025_504.000000.png,#03fc5a,1443,1.083130,0.048741,0.045000
z_0025_504.000000.png,#374a29,592,0.444361,0.019996,0.045000
z_0025_504.000000.png,#47964c,4715,3.539126,0.159261,0.045000
z_0025_504.000000.png,#6c1273,235,0.176393,0.007938,0.045000
z_0025_504.000000.png,#75a832,3251,2.440233,0.109810,0.045000
z_0025_504.000000.png,#85150b,836,0.627510,0.028238,0.045000
z_0025_504.000000.png,#8a4334,1216,0.912742,0.041073,0.045000
z_0025_504.000000.png,#a178ad,5846,4.388065,0.197463,0.045000
z_0025_504.000000.png,#a85e32,6600,4.954025,0.222931,0.045000
z_0025_504.000000.png,#b1d415,278,0.208670,0.009390,0.045000
z_0025_504.000000.png,#b452ff,1139,0.854945,0.038473,0.045000
z_0025_504.000000.png,#c9fa5f,981,0.736348,0.033136,0.045000
z_0025_504.000000.png,#ce24d4,424,0.318259,0.014322,0.045000
z_0025_504.000000.png,#ed755c,3720,2.792269,0.125652,0.045000
z_0026_505.000000.png,#03fc5a,1593,1.195722,0.053807,0.045000
z_0026_505.000000.png,#374a29,655,0.491649,0.022124,0.045000
z_0026_505.000000.png,#47964c,4415,3.313943,0.149127,0.045000
z_0026_505.000000.png,#6c1273,233,0.174892,0.007870,0.045000
z_0026_505.000000.png,#75a832,3340,2.507037,0.112817,0.045000
z_0026_505.000000.png,#85150b,857,0.643273,0.028947,0.045000
z_0026_505.000000.png,#8a4334,1079,0.809908,0.036446,0.045000
z_0026_505.000000.png,#a178ad,5692,4.272471,0.192261,0.045000
z_0026_505.000000.png,#a85e32,6966,5.228748,0.235294,0.045000
z_0026_505.000000.png,#b1d415,304,0.228185,0.010268,0.045000
z_0026_505.000000.png,#b452ff,1066,0.800150,0.036007,0.045000
z_0026_505.000000.png,#c9fa5f,914,0.686057,0.030873,0.045000
z_0026_505.000000.png,#ce24d4,904,0.678551,0.030535,0.045000
z_0026_505.000000.png,#ed755c,4234,3.178082,0.143014,0.045000
z_0027_506.000000.png,#03fc5a,1745,1.309814,0.058942,0.045000
z_0027_506.000000.png,#374a29,821,0.616251,0.027731,0.045000
z_0027_506.000000.png,#47964c,3838,2.880841,0.129638,0.045000
z_0027_506.000000.png,#6c1273,251,0.188403,0.008478,0.045000
z_0027_506.000000.png,#75a832,2999,2.251079,0.101299,0.045000
z_0027_506.000000.png,#85150b,824,0.618503,0.027833,0.045000
z_0027_506.000000.png,#8a4334,935,0.701820,0.031582,0.045000
z_0027_506.000000.png,#a178ad,5094,3.823607,0.172062,0.045000
z_0027_506.000000.png,#a85e32,7439,5.583787,0.251270,0.045000
z_0027_506.000000.png,#b1d415,336,0.252205,0.011349,0.045000
z_0027_506.000000.png,#b452ff,980,0.735598,0.033102,0.045000
z_0027_506.000000.png,#c9fa5f,782,0.586977,0.026414,0.045000
z_0027_506.000000.png,#ce24d4,1461,1.096641,0.049349,0.045000
z_0027_506.000000.png,#ed755c,4028,3.023457,0.136056,0.045000
z_0028_507.000000.png,#03fc5a,1754,1.316570,0.059246,0.045000
z_0028_507.000000.png,#374a29,817,0.613248,0.027596,0.045000
z_0028_507.000000.png,#47964c,3834,2.877838,0.129503,0.045000
z_0028_507.000000.png,#6c1273,249,0.186902,0.008411,0.045000
z_0028_507.000000.png,#75a832,2988,2.242822,0.100927,0.045000
z_0028_507.000000.png,#85150b,825,0.619253,0.027866,0.045000
z_0028_507.000000.png,#8a4334,942,0.707074,0.031818,0.045000
z_0028_507.000000.png,#a178ad,5088,3.819103,0.171860,0.045000
z_0028_507.000000.png,#a85e32,7443,5.586789,0.251406,0.045000
z_0028_507.000000.png,#b1d415,334,0.250704,0.011282,0.045000
z_0028_507.000000.png,#b452ff,964,0.723588,0.032561,0.045000
z_0028_507.000000.png,#c9fa5f,781,0.586226,0.026380,0.045000
z_0028_507.000000.png,#ce24d4,1467,1.101145,0.049552,0.045000
z_0028_507.000000.png,#ed755c,4061,3.048227,0.137170,0.045000
z_0029_508.000000.png,#03fc5a,2233,1.676112,0.075425,0.045000
z_0029_508.000000.png,#374a29,1134,0.851192,0.038304,0.045000
z_0029_508.000000.png,#47964c,3001,2.252580,0.101366,0.045000
z_0029_508.000000.png,#6c1273,301,0.225934,0.010167,0.045000
z_0029_508.000000.png,#75a832,3600,2.702196,0.121599,0.045000
z_0029_508.000000.png,#85150b,863,0.647776,0.029150,0.045000
z_0029_508.000000.png,#8a4334,681,0.511165,0.023002,0.045000
z_0029_508.000000.png,#a178ad,4745,3.561644,0.160274,0.045000
z_0029_508.000000.png,#a85e32,7917,5.942578,0.267416,0.045000
z_0029_508.000000.png,#b1d415,386,0.289735,0.013038,0.045000
z_0029_508.000000.png,#b452ff,757,0.568212,0.025570,0.045000
z_0029_508.000000.png,#c9fa5f,509,0.382060,0.017193,0.045000
z_0029_508.000000.png,#ce24d4,2297,1.724151,0.077587,0.045000
z_0029_508.000000.png,#ed755c,3756,2.819291,0.126868,0.045000
z_0030_509.000000.png,#03fc5a,2240,1.681366,0.075661,0.045000
z_0030_509.000000.png,#374a29,1134,0.851192,0.038304,0.045000
z_0030_509.000000.png,#47964c,3005,2.255583,0.101501,0.045000
z_0030_509.000000.png,#6c1273,307,0.230437,0.010370,0.045000
z_0030_509.000000.png,#75a832,3585,2.690936,0.121092,0.045000
z_0030_509.000000.png,#85150b,862,0.647026,0.029116,0.045000
z_0030_509.000000.png,#8a4334,678,0.508913,0.022901,0.045000
z_0030_509.000000.png,#a178ad,4737,3.555639,0.160004,0.045000
z_0030_509.000000.png,#a85e32,7918,5.943329,0.267450,0.045000
z_0030_509.000000.png,#b1d415,391,0.293488,0.013207,0.045000
z_0030_509.000000.png,#b452ff,759,0.569713,0.025637,0.045000
z_0030_509.000000.png,#c9fa5f,501,0.376056,0.016922,0.045000
z_0030_509.000000.png,#ce24d4,2278,1.709889,0.076945,0.045000
z_0030_509.000000.png,#ed755c,3726,2.796772,0.125855,0.045000
z_0031_510.000000.png,#03fc5a,2265,1.700131,0.076506,0.045000
z_0031_510.000000.png,#374a29,1353,1.015575,0.045701,0.045000
z_0031_510.000000.png,#47964c,2496,1.873522,0.084309,0.045000
z_0031_510.000000.png,#6c1273,301,0.225934,0.010167,0.045000
z_0031_510.000000.png,#75a832,3026,2.271345,0.102211,0.045000
z_0031_510.000000.png,#85150b,932,0.699568,0.031481,0.045000
z_0031_510.000000.png,#8a4334,657,0.493151,0.022192,0.045000
z_0031_510.000000.png,#a178ad,4596,3.449803,0.155241,0.045000
z_0031_510.000000.png,#a85e32,1048,0.786639,0.035399,0.045000
z_0031_510.000000.png,#b1d415,466,0.349784,0.015740,0.045000
z_0031_510.000000.png,#b452ff,727,0.545693,0.024556,0.045000
z_0031_510.000000.png,#c9fa5f,475,0.356540,0.016044,0.045000
z_0031_510.000000.png,#ce24d4,3289,2.468756,0.111094,0.045000
z_0031_510.000000.png,#ed755c,4083,3.064740,0.137913,0.045000
z_0032_511.000000.png,#03fc5a,2262,1.697880,0.076405,0.045000
z_0032_511.000000.png,#374a29,1360,1.020829,0.045937,0.045000
z_0032_511.000000.png,#47964c,2485,1.865266,0.083937,0.045000
z_0032_511.000000.png,#6c1273,311,0.233440,0.010505,0.045000
z_0032_511.000000.png,#75a832,3016,2.263839,0.101873,0.045000
z_0032_511.000000.png,#85150b,930,0.698067,0.031413,0.045000
z_0032_511.000000.png,#8a4334,648,0.486395,0.021888,0.045000
z_0032_511.000000.png,#a178ad,4589,3.444549,0.155005,0.045000
z_0032_511.000000.png,#a85e32,1042,0.782135,0.035196,0.045000
z_0032_511.000000.png,#b1d415,466,0.349784,0.015740,0.045000
z_0032_511.000000.png,#b452ff,731,0.548696,0.024691,0.045000
z_0032_511.000000.png,#c9fa5f,476,0.357290,0.016078,0.045000
z_0032_511.000000.png,#ce24d4,3276,2.458998,0.110655,0.045000
z_0032_511.000000.png,#ed755c,4053,3.042222,0.136900,0.045000
z_0033_512.000000.png,#03fc5a,2237,1.679114,0.075560,0.045000
z_0033_512.000000.png,#374a29,1834,1.376619,0.061948,0.045000
z_0033_512.000000.png,#47964c,3398,2.550572,0.114776,0.045000
z_0033_512.000000.png,#6c1273,431,0.323513,0.014558,0.045000
z_0033_512.000000.png,#75a832,1374,1.031338,0.046410,0.045000
z_0033_512.000000.png,#85150b,1004,0.753612,0.033913,0.045000
z_0033_512.000000.png,#8a4334,502,0.376806,0.016956,0.045000
z_0033_512.000000.png,#a178ad,5332,4.002252,0.180101,0.045000
z_0033_512.000000.png,#a85e32,824,0.618503,0.027833,0.045000
z_0033_512.000000.png,#b1d415,676,0.507412,0.022834,0.045000
z_0033_512.000000.png,#b452ff,830,0.623006,0.028035,0.045000
z_0033_512.000000.png,#c9fa5f,355,0.266467,0.011991,0.045000
z_0033_512.000000.png,#ce24d4,3913,2.937136,0.132171,0.045000
z_0033_512.000000.png,#ed755c,3755,2.818540,0.126834,0.045000
z_0034_513.000000.png,#03fc5a,2252,1.690373,0.076067,0.045000
z_0034_513.000000.png,#374a29,1855,1.392381,0.062657,0.045000
z_0034_513.000000.png,#47964c,3425,2.570839,0.115688,0.045000
z_0034_513.000000.png,#6c1273,432,0.324263,0.014592,0.045000
z_0034_513.000000.png,#75a832,1390,1.043348,0.046951,0.045000
z_0034_513.000000.png,#85150b,1007,0.755864,0.034014,0.045000
z_0034_513.000000.png,#8a4334,516,0.387315,0.017429,0.045000
z_0034_513.000000.png,#a178ad,5340,4.008257,0.180372,0.045000
z_0034_513.000000.png,#a85e32,824,0.618503,0.027833,0.045000
z_0034_513.000000.png,#b1d415,676,0.507412,0.022834,0.045000
z_0034_513.000000.png,#b452ff,835,0.626759,0.028204,0.045000
z_0034_513.000000.png,#c9fa5f,353,0.264965,0.011923,0.045000
z_0034_513.000000.png,#ce24d4,3914,2.937887,0.132205,0.045000
z_0034_513.000000.png,#ed755c,3741,2.808032,0.126361,0.045000
z_0035_514.000000.png,#03fc5a,1139,0.854945,0.038473,0.045000
z_0035_514.000000.png,#374a29,2173,1.631075,0.073398,0.045000
z_0035_514.000000.png,#47964c,4041,3.033214,0.136495,0.045000
z_0035_514.000000.png,#6c1273,438,0.328767,0.014795,0.045000
z_0035_514.000000.png,#75a832,1308,0.981798,0.044181,0.045000
z_0035_514.000000.png,#85150b,1088,0.816664,0.036750,0.045000
z_0035_514.000000.png,#8a4334,490,0.367799,0.016551,0.045000
z_0035_514.000000.png,#a178ad,5433,4.078063,0.183513,0.045000
z_0035_514.000000.png,#a85e32,851,0.638769,0.028745,0.045000
z_0035_514.000000.png,#b1d415,673,0.505160,0.022732,0.045000
z_0035_514.000000.png,#b452ff,869,0.652280,0.029353,0.045000
z_0035_514.000000.png,#c9fa5f,350,0.262713,0.011822,0.045000
z_0035_514.000000.png,#ce24d4,3859,2.896603,0.130347,0.045000
z_0035_514.000000.png,#ed755c,3477,2.609871,0.117444,0.045000
z_0036_515.000000.png,#03fc5a,1214,0.911240,0.041006,0.045000
z_0036_515.000000.png,#374a29,2473,1.856258,0.083532,0.045000
z_0036_515.000000.png,#47964c,4657,3.495590,0.157302,0.045000
z_0036_515.000000.png,#6c1273,446,0.334772,0.015065,0.045000
z_0036_515.000000.png,#75a832,1260,0.945768,0.042560,0.045000
z_0036_515.000000.png,#85150b,1149,0.862451,0.038810,0.045000
z_0036_515.000000.png,#8a4334,486,0.364796,0.016416,0.045000
z_0036_515.000000.png,#a178ad,5402,4.054795,0.182466,0.045000
z_0036_515.000000.png,#a85e32,854,0.641021,0.028846,0.045000
z_0036_515.000000.png,#b1d415,716,0.537437,0.024185,0.045000
z_0036_515.000000.png,#b452ff,902,0.677050,0.030467,0.045000
z_0036_515.000000.png,#c9fa5f,391,0.293488,0.013207,0.045000
z_0036_515.000000.png,#ce24d4,3639,2.731469,0.122916,0.045000
z_0036_515.000000.png,#ed755c,3207,2.407206,0.108324,0.045000
z_0037_516.000000.png,#03fc5a,1631,1.224245,0.055091,0.045000
z_0037_516.000000.png,#374a29,2855,2.142991,0.096435,0.045000
z_0037_516.000000.png,#47964c,5368,4.029274,0.181317,0.045000
z_0037_516.000000.png,#6c1273,425,0.319009,0.014355,0.045000
z_0037_516.000000.png,#75a832,1279,0.960030,0.043201,0.045000
z_0037_516.000000.png,#85150b,1309,0.982548,0.044215,0.045000
z_0037_516.000000.png,#8a4334,454,0.340777,0.015335,0.045000
z_0037_516.000000.png,#a178ad,5184,3.891162,0.175102,0.045000
z_0037_516.000000.png,#a85e32,928,0.696566,0.031345,0.045000
z_0037_516.000000.png,#b1d415,757,0.568212,0.025570,0.045000
z_0037_516.000000.png,#b452ff,900,0.675549,0.030400,0.045000
z_0037_516.000000.png,#c9fa5f,391,0.293488,0.013207,0.045000
z_0037_516.000000.png,#ce24d4,3236,2.428974,0.109304,0.045000
z_0037_516.000000.png,#ed755c,3093,2.321636,0.104474,0.045000
z_0037_516.000000.png,#f0ed97,100,0.075061,0.003378,0.045000
z_0038_517.000000.png,#03fc5a,1644,1.234003,0.055530,0.045000
z_0038_517.000000.png,#374a29,3324,2.495027,0.112276,0.045000
z_0038_517.000000.png,#47964c,5781,4.339276,0.195267,0.045000
z_0038_517.000000.png,#6c1273,379,0.284481,0.012802,0.045000
z_0038_517.000000.png,#75a832,1055,0.791893,0.035635,0.045000
z_0038_517.000000.png,#85150b,1264,0.948771,0.042695,0.045000
z_0038_517.000000.png,#8a4334,441,0.331019,0.014896,0.045000
z_0038_517.000000.png,#a178ad,4967,3.728279,0.167773,0.045000
z_0038_517.000000.png,#a85e32,2259,1.695628,0.076303,0.045000
z_0038_517.000000.png,#b1d415,762,0.571965,0.025738,0.045000
z_0038_517.000000.png,#b452ff,1034,0.776131,0.034926,0.045000
z_0038_517.000000.png,#c9fa5f,399,0.299493,0.013477,0.045000
z_0038_517.000000.png,#ce24d4,2976,2.233815,0.100522,0.045000
z_0038_517.000000.png,#ed755c,3196,2.398949,0.107953,0.045000
z_0038_517.000000.png,#f0ed97,360,0.270220,0.012160,0.045000
z_0039_518.000000.png,#03fc5a,1754,1.316570,0.059246,0.045000
z_0039_518.000000.png,#374a29,3754,2.817789,0.126801,0.045000
z_0039_518.000000.png,#47964c,6012,4.512667,0.203070,0.045000
z_0039_518.000000.png,#6c1273,289,0.216926,0.009762,0.045000
z_0039_518.000000.png,#75a832,1136,0.852693,0.038371,0.045000
z_0039_518.000000.png,#85150b,1454,1.091387,0.049112,0.045000
z_0039_518.000000.png,#8a4334,392,0.294239,0.013241,0.045000
z_0039_518.000000.png,#a178ad,4801,3.603678,0.162166,0.045000
z_0039_518.000000.png,#a85e32,2728,2.047664,0.092145,0.045000
z_0039_518.000000.png,#b1d415,814,0.610996,0.027495,0.045000
z_0039_518.000000.png,#b452ff,1165,0.874460,0.039351,0.045000
z_0039_518.000000.png,#c9fa5f,426,0.319760,0.014389,0.045000
z_0039_518.000000.png,#ce24d4,2820,2.116720,0.095252,0.045000
z_0039_518.000000.png,#ed755c,3215,2.413211,0.108594,0.045000
z_0039_518.000000.png,#f0ed97,611,0.458623,0.020638,0.045000
z_0040_519.000000.png,#03fc5a,1843,1.383374,0.062252,0.045000
z_0040_519.000000.png,#374a29,4012,3.011447,0.135515,0.045000
z_0040_519.000000.png,#47964c,6142,4.610246,0.207461,0.045000
z_0040_519.000000.png,#6c1273,266,0.199662,0.008985,0.045000
z_0040_519.000000.png,#75a832,1116,0.837681,0.037696,0.045000
z_0040_519.000000.png,#85150b,1853,1.390880,0.062590,0.045000
z_0040_519.000000.png,#8a4334,387,0.290486,0.013072,0.045000
z_0040_519.000000.png,#a178ad,4758,3.571402,0.160713,0.045000
z_0040_519.000000.png,#a85e32,3213,2.411710,0.108527,0.045000
z_0040_519.000000.png,#b1d415,794,0.595984,0.026819,0.045000
z_0040_519.000000.png,#b452ff,1204,0.903734,0.040668,0.045000
z_0040_519.000000.png,#c9fa5f,582,0.436855,0.019658,0.045000
z_0040_519.000000.png,#ce24d4,2574,1.932070,0.086943,0.045000
z_0040_519.000000.png,#ed755c,3269,2.453744,0.110418,0.045000
z_0040_519.000000.png,#f0ed97,824,0.618503,0.027833,0.045000
z_0041_520.000000.png,#03fc5a,1952,1.465190,0.065934,0.045000
z_0041_520.000000.png,#374a29,4206,3.157065,0.142068,0.045000
z_0041_520.000000.png,#47964c,6254,4.694314,0.211244,0.045000
z_0041_520.000000.png,#6c1273,268,0.201163,0.009052,0.045000
z_0041_520.000000.png,#75a832,1157,0.868456,0.039081,0.045000
z_0041_520.000000.png,#85150b,2185,1.640083,0.073804,0.045000
z_0041_520.000000.png,#8a4334,379,0.284481,0.012802,0.045000
z_0041_520.000000.png,#a178ad,4708,3.533871,0.159024,0.045000
z_0041_520.000000.png,#a85e32,3021,2.267592,0.102042,0.045000
z_0041_520.000000.png,#b1d415,844,0.633515,0.028508,0.045000
z_0041_520.000000.png,#b452ff,1198,0.899231,0.040465,0.045000
z_0041_520.000000.png,#c9fa5f,750,0.562957,0.025333,0.045000
z_0041_520.000000.png,#ce24d4,2389,1.793207,0.080694,0.045000
z_0041_520.000000.png,#ed755c,3310,2.484519,0.111803,0.045000
z_0041_520.000000.png,#f0ed97,1035,0.776881,0.034960,0.045000
z_0042_521.000000.png,#03fc5a,1950,1.463689,0.065866,0.045000
z_0042_521.000000.png,#374a29,4190,3.145055,0.141527,0.045000
z_0042_521.000000.png,#47964c,6243,4.686057,0.210873,0.045000
z_0042_521.000000.png,#6c1273,268,0.201163,0.009052,0.045000
z_0042_521.000000.png,#75a832,1167,0.875962,0.039418,0.045000
z_0042_521.000000.png,#85150b,2209,1.658097,0.074614,0.045000
z_0042_521.000000.png,#8a4334,376,0.282229,0.012700,0.045000
z_0042_521.000000.png,#a178ad,4709,3.534622,0.159058,0.045000
z_0042_521.000000.png,#a85e32,3027,2.272096,0.102244,0.045000
z_0042_521.000000.png,#b1d415,846,0.635016,0.028576,0.045000
z_0042_521.000000.png,#b452ff,1203,0.902984,0.040634,0.045000
z_0042_521.000000.png,#c9fa5f,752,0.564459,0.025401,0.045000
z_0042_521.000000.png,#ce24d4,2402,1.802965,0.081133,0.045000
z_0042_521.000000.png,#ed755c,3314,2.487521,0.111938,0.045000
z_0042_521.000000.png,#f0ed97,1040,0.780634,0.035129,0.045000
z_0043_522.000000.png,#03fc5a,2230,1.673860,0.075324,0.045000
z_0043_522.000000.png,#374a29,3971,2.980672,0.134130,0.045000
z_0043_522.000000.png,#47964c,7311,5.487709,0.246947,0.045000
z_0043_522.000000.png,#6c1273,249,0.186902,0.008411,0.045000
z_0043_522.000000.png,#75a832,1231,0.924001,0.041580,0.045000
z_0043_522.000000.png,#85150b,1709,1.282792,0.057726,0.045000
z_0043_522.000000.png,#8a4334,283,0.212423,0.009559,0.045000
z_0043_522.000000.png,#a178ad,4538,3.406268,0.153282,0.045000
z_0043_522.000000.png,#a85e32,2677,2.009383,0.090422,0.045000
z_0043_522.000000.png,#b1d415,969,0.727341,0.032730,0.045000
z_0043_522.000000.png,#b452ff,1066,0.800150,0.036007,0.045000
z_0043_522.000000.png,#c9fa5f,1093,0.820417,0.036919,0.045000
z_0043_522.000000.png,#ce24d4,2071,1.554513,0.069953,0.045000
z_0043_522.000000.png,#ed755c,3206,2.406455,0.108290,0.045000
z_0043_522.000000.png,#f0ed97,1519,1.140176,0.051308,0.045000
z_0044_523.000000.png,#03fc5a,2414,1.811972,0.081539,0.045000
z_0044_523.000000.png,#374a29,3676,2.759242,0.124166,0.045000
z_0044_523.000000.png,#47964c,7382,5.541002,0.249345,0.045000
z_0044_523.000000.png,#6c1273,253,0.189904,0.008546,0.045000
z_0044_523.000000.png,#75a832,1133,0.850441,0.038270,0.045000
z_0044_523.000000.png,#85150b,1863,1.398386,0.062927,0.045000
z_0044_523.000000.png,#8a4334,350,0.262713,0.011822,0.045000
z_0044_523.000000.png,#a178ad,4396,3.299681,0.148486,0.045000
z_0044_523.000000.png,#a85e32,2432,1.825483,0.082147,0.045000
z_0044_523.000000.png,#b1d415,1004,0.753612,0.033913,0.045000
z_0044_523.000000.png,#b452ff,1014,0.761118,0.034250,0.045000
z_0044_523.000000.png,#c9fa5f,1250,0.938262,0.042222,0.045000
z_0044_523.000000.png,#ce24d4,1858,1.394633,0.062758,0.045000
z_0044_523.000000.png,#ed755c,3062,2.298367,0.103427,0.045000
z_0044_523.000000.png,#f0ed97,1685,1.264778,0.056915,0.045000
z_0045_524.000000.png,#03fc5a,2766,2.076187,0.093428,0.045000
z_0045_524.000000.png,#374a29,3586,2.691687,0.121126,0.045000
z_0045_524.000000.png,#47964c,7676,5.761681,0.259276,0.045000
z_0045_524.000000.png,#6c1273,257,0.192907,0.008681,0.045000
z_0045_524.000000.png,#75a832,1346,1.010321,0.045464,0.045000
z_0045_524.000000.png,#85150b,2010,1.508726,0.067893,0.045000
z_0045_524.000000.png,#8a4334,420,0.315256,0.014187,0.045000
z_0045_524.000000.png,#a178ad,4135,3.103772,0.139670,0.045000
z_0045_524.000000.png,#a85e32,2360,1.771439,0.079715,0.045000
z_0045_524.000000.png,#b1d415,983,0.737850,0.033203,0.045000
z_0045_524.000000.png,#b452ff,931,0.698818,0.031447,0.045000
z_0045_524.000000.png,#c9fa5f,1408,1.056859,0.047559,0.045000
z_0045_524.000000.png,#ce24d4,1650,1.238506,0.055733,0.045000
z_0045_524.000000.png,#ed755c,2863,2.148996,0.096705,0.045000
z_0045_524.000000.png,#f0ed97,1862,1.397636,0.062894,0.045000
z_0046_525.000000.png,#03fc5a,2948,2.212798,0.099576,0.045000
z_0046_525.000000.png,#374a29,3654,2.742728,0.123423,0.045000
z_0046_525.000000.png,#47964c,7673,5.759430,0.259174,0.045000
z_0046_525.000000.png,#6c1273,253,0.189904,0.008546,0.045000
z_0046_525.000000.png,#75a832,1499,1.125164,0.050632,0.045000
z_0046_525.000000.png,#85150b,2028,1.522237,0.068501,0.045000
z_0046_525.000000.png,#8a4334,506,0.379809,0.017091,0.045000
z_0046_525.000000.png,#a178ad,3950,2.964909,0.133421,0.045000
z_0046_525.000000.png,#a85e32,2087,1.566523,0.070494,0.045000
z_0046_525.000000.png,#b1d415,919,0.689810,0.031041,0.045000
z_0046_525.000000.png,#b452ff,802,0.601989,0.027090,0.045000
z_0046_525.000000.png,#c9fa5f,1494,1.121411,0.050464,0.045000
z_0046_525.000000.png,#ce24d4,1417,1.063614,0.047863,0.045000
z_0046_525.000000.png,#ed755c,2709,2.033402,0.091503,0.045000
z_0046_525.000000.png,#f0ed97,1992,1.495215,0.067285,0.045000
z_0047_526.000000.png,#03fc5a,3210,2.409458,0.108426,0.045000
z_0047_526.000000.png,#374a29,3683,2.764496,0.124402,0.045000
z_0047_526.000000.png,#47964c,7659,5.748921,0.258701,0.045000
z_0047_526.000000.png,#6c1273,272,0.204166,0.009187,0.045000
z_0047_526.000000.png,#75a832,1520,1.140927,0.051342,0.045000
z_0047_526.000000.png,#85150b,2162,1.622819,0.073027,0.045000
z_0047_526.000000.png,#8a4334,542,0.406831,0.018307,0.045000
z_0047_526.000000.png,#a178ad,3662,2.748733,0.123693,0.045000
z_0047_526.000000.png,#a85e32,3441,2.582849,0.116228,0.045000
z_0047_526.000000.png,#b1d415,744,0.558454,0.025130,0.045000
z_0047_526.000000.png,#b452ff,732,0.549446,0.024725,0.045000
z_0047_526.000000.png,#c9fa5f,1551,1.164196,0.052389,0.045000
z_0047_526.000000.png,#ce24d4,1231,0.924001,0.041580,0.045000
z_0047_526.000000.png,#ed755c,2669,2.003378,0.090152,0.045000
z_0047_526.000000.png,#f0ed97,2121,1.592044,0.071642,0.045000
z_0048_527.000000.png,#03fc5a,3475,2.608369,0.117377,0.045000
z_0048_527.000000.png,#374a29,3559,2.671421,0.120214,0.045000
z_0048_527.000000.png,#47964c,7720,5.794708,0.260762,0.045000
z_0048_527.000000.png,#6c1273,280,0.210171,0.009458,0.045000
z_0048_527.000000.png,#75a832,1575,1.182211,0.053199,0.045000
z_0048_527.000000.png,#85150b,1915,1.437418,0.064684,0.045000
z_0048_527.000000.png,#8a4334,599,0.449615,0.020233,0.045000
z_0048_527.000000.png,#a178ad,3351,2.515294,0.113188,0.045000
z_0048_527.000000.png,#a85e32,3177,2.384688,0.107311,0.045000
z_0048_527.000000.png,#b1d415,673,0.505160,0.022732,0.045000
z_0048_527.000000.png,#b452ff,639,0.479640,0.021584,0.045000
z_0048_527.000000.png,#c9fa5f,1621,1.216739,0.054753,0.045000
z_0048_527.000000.png,#ce24d4,1057,0.793395,0.035703,0.045000
z_0048_527.000000.png,#ed755c,2664,1.999625,0.089983,0.045000
z_0048_527.000000.png,#f0ed97,2229,1.673109,0.075290,0.045000
z_0049_528.000000.png,#03fc5a,3669,2.753988,0.123929,0.045000
z_0049_528.000000.png,#374a29,3197,2.399700,0.107986,0.045000
z_0049_528.000000.png,#47964c,7521,5.645337,0.254040,0.045000
z_0049_528.000000.png,#6c1273,304,0.228185,0.010268,0.045000
z_0049_528.000000.png,#75a832,1696,1.273034,0.057287,0.045000
z_0049_528.000000.png,#85150b,1918,1.439670,0.064785,0.045000
z_0049_528.000000.png,#8a4334,608,0.456371,0.020537,0.045000
z_0049_528.000000.png,#a178ad,2980,2.236817,0.100657,0.045000
z_0049_528.000000.png,#a85e32,2907,2.182023,0.098191,0.045000
z_0049_528.000000.png,#b1d415,647,0.485645,0.021854,0.045000
z_0049_528.000000.png,#b452ff,628,0.471383,0.021212,0.045000
z_0049_528.000000.png,#c9fa5f,1691,1.269281,0.057118,0.045000
z_0049_528.000000.png,#ce24d4,898,0.674048,0.030332,0.045000
z_0049_528.000000.png,#ed755c,2591,1.944830,0.087517,0.045000
z_0049_528.000000.png,#f0ed97,2297,1.724151,0.077587,0.045000
z_0050_529.000000.png,#03fc5a,3885,2.916119,0.131225,0.045000
z_0050_529.000000.png,#374a29,3206,2.406455,0.108290,0.045000
z_0050_529.000000.png,#47964c,7504,5.632576,0.253466,0.045000
z_0050_529.000000.png,#6c1273,264,0.198161,0.008917,0.045000
z_0050_529.000000.png,#75a832,1841,1.381873,0.062184,0.045000
z_0050_529.000000.png,#85150b,1884,1.414149,0.063637,0.045000
z_0050_529.000000.png,#8a4334,624,0.468381,0.021077,0.045000
z_0050_529.000000.png,#a178ad,2828,2.122725,0.095523,0.045000
z_0050_529.000000.png,#a85e32,2578,1.935072,0.087078,0.045000
z_0050_529.000000.png,#b1d415,625,0.469131,0.021111,0.045000
z_0050_529.000000.png,#b452ff,589,0.442109,0.019895,0.045000
z_0050_529.000000.png,#c9fa5f,1704,1.279039,0.057557,0.045000
z_0050_529.000000.png,#ce24d4,1101,0.826421,0.037189,0.045000
z_0050_529.000000.png,#ed755c,2464,1.849503,0.083228,0.045000
z_0050_529.000000.png,#f0ed97,2360,1.771439,0.079715,0.045000
z_0051_530.000000.png,#03fc5a,4096,3.074498,0.138352,0.045000
z_0051_530.000000.png,#374a29,3542,2.658660,0.119640,0.045000
z_0051_530.000000.png,#47964c,7342,5.510978,0.247994,0.045000
z_0051_530.000000.png,#6c1273,245,0.183899,0.008275,0.045000
z_0051_530.000000.png,#75a832,1987,1.491462,0.067116,0.045000
z_0051_530.000000.png,#85150b,5347,4.013511,0.180608,0.045000
z_0051_530.000000.png,#8a4334,631,0.473635,0.021314,0.045000
z_0051_530.000000.png,#a178ad,2693,2.021392,0.090963,0.045000
z_0051_530.000000.png,#a85e32,2440,1.831488,0.082417,0.045000
z_0051_530.000000.png,#b1d415,599,0.449615,0.020233,0.045000
z_0051_530.000000.png,#b452ff,568,0.426346,0.019186,0.045000
z_0051_530.000000.png,#c9fa5f,1621,1.216739,0.054753,0.045000
z_0051_530.000000.png,#ce24d4,1259,0.945018,0.042526,0.045000
z_0051_530.000000.png,#ed755c,2206,1.655845,0.074513,0.045000
z_0051_530.000000.png,#f0ed97,2514,1.887033,0.084916,0.045000
z_0052_531.000000.png,#03fc5a,4147,3.112779,0.140075,0.045000
z_0052_531.000000.png,#374a29,3931,2.950647,0.132779,0.045000
z_0052_531.000000.png,#47964c,7112,5.338337,0.240225,0.045000
z_0052_531.000000.png,#6c1273,217,0.162882,0.007330,0.045000
z_0052_531.000000.png,#75a832,2165,1.625070,0.073128,0.045000
z_0052_531.000000.png,#85150b,5184,3.891162,0.175102,0.045000
z_0052_531.000000.png,#8a4334,582,0.436855,0.019658,0.045000
z_0052_531.000000.png,#a178ad,2573,1.931319,0.086909,0.045000
z_0052_531.000000.png,#a85e32,2360,1.771439,0.079715,0.045000
z_0052_531.000000.png,#b1d415,599,0.449615,0.020233,0.045000
z_0052_531.000000.png,#b452ff,565,0.424095,0.019084,0.045000
z_0052_531.000000.png,#c9fa5f,1564,1.173954,0.052828,0.045000
z_0052_531.000000.png,#ce24d4,1451,1.089135,0.049011,0.045000
z_0052_531.000000.png,#ed755c,2044,1.534247,0.069041,0.045000
z_0052_531.000000.png,#f0ed97,2566,1.926065,0.086673,0.045000
z_0053_532.000000.png,#03fc5a,4185,3.141302,0.141359,0.045000
z_0053_532.000000.png,#374a29,3776,2.834303,0.127544,0.045000
z_0053_532.000000.png,#47964c,6724,5.047101,0.227120,0.045000
z_0053_532.000000.png,#6c1273,214,0.160631,0.007228,0.045000
z_0053_532.000000.png,#75a832,2196,1.648339,0.074175,0.045000
z_0053_532.000000.png,#85150b,4754,3.568399,0.160578,0.045000
z_0053_532.000000.png,#8a4334,576,0.432351,0.019456,0.045000
z_0053_532.000000.png,#a178ad,2503,1.878777,0.084545,0.045000
z_0053_532.000000.png,#a85e32,2233,1.676112,0.075425,0.045000
z_0053_532.000000.png,#b1d415,589,0.442109,0.019895,0.045000
z_0053_532.000000.png,#b452ff,547,0.410584,0.018476,0.045000
z_0053_532.000000.png,#c9fa5f,1530,1.148433,0.051679,0.045000
z_0053_532.000000.png,#ce24d4,1631,1.224245,0.055091,0.045000
z_0053_532.000000.png,#ed755c,1832,1.375117,0.061880,0.045000
z_0053_532.000000.png,#f0ed97,2642,1.983111,0.089240,0.045000
z_0054_533.000000.png,#03fc5a,4178,3.136048,0.141122,0.045000
z_0054_533.000000.png,#374a29,3784,2.840308,0.127814,0.045000
z_0054_533.000000.png,#47964c,6794,5.099643,0.229484,0.045000
z_0054_533.000000.png,#6c1273,219,0.164384,0.007397,0.045000
z_0054_533.000000.png,#75a832,2190,1.643836,0.073973,0.045000
z_0054_533.000000.png,#85150b,4751,3.566147,0.160477,0.045000
z_0054_533.000000.png,#8a4334,576,0.432351,0.019456,0.045000
z_0054_533.000000.png,#a178ad,2511,1.884781,0.084815,0.045000
z_0054_533.000000.png,#a85e32,2230,1.673860,0.075324,0.045000
z_0054_533.000000.png,#b1d415,593,0.445112,0.020030,0.045000
z_0054_533.000000.png,#b452ff,545,0.409082,0.018409,0.045000
z_0054_533.000000.png,#c9fa5f,1534,1.151436,0.051815,0.045000
z_0054_533.000000.png,#ce24d4,1635,1.227247,0.055226,0.045000
z_0054_533.000000.png,#ed755c,1822,1.367611,0.061543,0.045000
z_0054_533.000000.png,#f0ed97,2646,1.986114,0.089375,0.045000
z_0055_534.000000.png,#03fc5a,4296,3.224620,0.145108,0.045000
z_0055_534.000000.png,#374a29,3596,2.699193,0.121464,0.045000
z_0055_534.000000.png,#47964c,6645,4.987803,0.224451,0.045000
z_0055_534.000000.png,#6c1273,205,0.153875,0.006924,0.045000
z_0055_534.000000.png,#75a832,2347,1.761681,0.079276,0.045000
z_0055_534.000000.png,#85150b,4036,3.029461,0.136326,0.045000
z_0055_534.000000.png,#8a4334,530,0.397823,0.017902,0.045000
z_0055_534.000000.png,#a178ad,2500,1.876525,0.084444,0.045000
z_0055_534.000000.png,#a85e32,2010,1.508726,0.067893,0.045000
z_0055_534.000000.png,#b1d415,647,0.485645,0.021854,0.045000
z_0055_534.000000.png,#b452ff,566,0.424845,0.019118,0.045000
z_0055_534.000000.png,#c9fa5f,1474,1.106399,0.049788,0.045000
z_0055_534.000000.png,#ce24d4,1839,1.380372,0.062117,0.045000
z_0055_534.000000.png,#ed755c,2153,1.616063,0.072723,0.045000
z_0055_534.000000.png,#f0ed97,2796,2.098705,0.094442,0.045000
z_0056_535.000000.png,#03fc5a,4185,3.141302,0.141359,0.045000
z_0056_535.000000.png,#374a29,3646,2.736724,0.123153,0.045000
z_0056_535.000000.png,#47964c,6279,4.713079,0.212089,0.045000
z_0056_535.000000.png,#6c1273,211,0.158379,0.007127,0.045000
z_0056_535.000000.png,#75a832,2405,1.805217,0.081235,0.045000
z_0056_535.000000.png,#85150b,3873,2.907112,0.130820,0.045000
z_0056_535.000000.png,#8a4334,540,0.405329,0.018240,0.045000
z_0056_535.000000.png,#a178ad,2495,1.872772,0.084275,0.045000
z_0056_535.000000.png,#a85e32,1996,1.498217,0.067420,0.045000
z_0056_535.000000.png,#b1d415,662,0.496904,0.022361,0.045000
z_0056_535.000000.png,#b452ff,522,0.391818,0.017632,0.045000
z_0056_535.000000.png,#c9fa5f,1416,1.062864,0.047829,0.045000
z_0056_535.000000.png,#ce24d4,1875,1.407394,0.063333,0.045000
z_0056_535.000000.png,#ed755c,2286,1.715894,0.077215,0.045000
z_0056_535.000000.png,#f0ed97,3072,2.305874,0.103764,0.045000
z_0057_536.000000.png,#03fc5a,4087,3.067743,0.138048,0.045000
z_0057_536.000000.png,#374a29,3502,2.628636,0.118289,0.045000
z_0057_536.000000.png,#47964c,5661,4.249202,0.191214,0.045000
z_0057_536.000000.png,#6c1273,213,0.159880,0.007195,0.045000
z_0057_536.000000.png,#75a832,2277,1.709139,0.076911,0.045000
z_0057_536.000000.png,#85150b,3698,2.775755,0.124909,0.045000
z_0057_536.000000.png,#8a4334,552,0.414337,0.018645,0.045000
z_0057_536.000000.png,#a178ad,2404,1.804466,0.081201,0.045000
z_0057_536.000000.png,#a85e32,1919,1.440420,0.064819,0.045000
z_0057_536.000000.png,#b1d415,724,0.543442,0.024455,0.045000
z_0057_536.000000.png,#b452ff,487,0.365547,0.016450,0.045000
z_0057_536.000000.png,#c9fa5f,1396,1.047851,0.047153,0.045000
z_0057_536.000000.png,#ce24d4,1803,1.353350,0.060901,0.045000
z_0057_536.000000.png,#ed755c,2329,1.748170,0.078668,0.045000
z_0057_536.000000.png,#f0ed97,3185,2.390692,0.107581,0.045000
z_0058_537.000000.png,#03fc5a,4205,3.156315,0.142034,0.045000
z_0058_537.000000.png,#374a29,3298,2.475511,0.111398,0.045000
z_0058_537.000000.png,#47964c,4353,3.267405,0.147033,0.045000
z_0058_537.000000.png,#6c1273,226,0.169638,0.007634,0.045000
z_0058_537.000000.png,#75a832,2177,1.634078,0.073533,0.045000
z_0058_537.000000.png,#85150b,3304,2.480015,0.111601,0.045000
z_0058_537.000000.png,#8a4334,608,0.456371,0.020537,0.045000
z_0058_537.000000.png,#a178ad,2302,1.727904,0.077756,0.045000
z_0058_537.000000.png,#a85e32,1819,1.365359,0.061441,0.045000
z_0058_537.000000.png,#b1d415,717,0.538187,0.024218,0.045000
z_0058_537.000000.png,#b452ff,462,0.346782,0.015605,0.045000
z_0058_537.000000.png,#c9fa5f,1390,1.043348,0.046951,0.045000
z_0058_537.000000.png,#ce24d4,2245,1.685119,0.075830,0.045000
z_0058_537.000000.png,#ed755c,2363,1.773691,0.079816,0.045000
z_0058_537.000000.png,#f0ed97,3282,2.463502,0.110858,0.045000
z_0059_538.000000.png,#03fc5a,4244,3.185588,0.143351,0.045000
z_0059_538.000000.png,#374a29,3295,2.473260,0.111297,0.045000
z_0059_538.000000.png,#47964c,4326,3.247138,0.146121,0.045000
z_0059_538.000000.png,#6c1273,226,0.169638,0.007634,0.045000
z_0059_538.000000.png,#75a832,2168,1.627322,0.073229,0.045000
z_0059_538.000000.png,#85150b,3311,2.485269,0.111837,0.045000
z_0059_538.000000.png,#8a4334,612,0.459373,0.020672,0.045000
z_0059_538.000000.png,#a178ad,2287,1.716645,0.077249,0.045000
z_0059_538.000000.png,#a85e32,1816,1.363108,0.061340,0.045000
z_0059_538.000000.png,#b1d415,719,0.539688,0.024286,0.045000
z_0059_538.000000.png,#b452ff,464,0.348283,0.015673,0.045000
z_0059_538.000000.png,#c9fa5f,1390,1.043348,0.046951,0.045000
z_0059_538.000000.png,#ce24d4,2237,1.679114,0.075560,0.045000
z_0059_538.000000.png,#ed755c,2357,1.769187,0.079613,0.045000
z_0059_538.000000.png,#f0ed97,3281,2.462751,0.110824,0.045000
z_0060_539.000000.png,#03fc5a,4130,3.100019,0.139501,0.045000
z_0060_539.000000.png,#374a29,3263,2.449240,0.110216,0.045000
z_0060_539.000000.png,#47964c,3621,2.717958,0.122308,0.045000
z_0060_539.000000.png,#6c1273,263,0.197410,0.008883,0.045000
z_0060_539.000000.png,#75a832,1707,1.281291,0.057658,0.045000
z_0060_539.000000.png,#85150b,2757,2.069431,0.093124,0.045000
z_0060_539.000000.png,#8a4334,635,0.476637,0.021449,0.045000
z_0060_539.000000.png,#a178ad,2114,1.586789,0.071406,0.045000
z_0060_539.000000.png,#a85e32,1771,1.329330,0.059820,0.045000
z_0060_539.000000.png,#b1d415,751,0.563708,0.025367,0.045000
z_0060_539.000000.png,#b452ff,483,0.362545,0.016315,0.045000
z_0060_539.000000.png,#c9fa5f,1321,0.991556,0.044620,0.045000
z_0060_539.000000.png,#ce24d4,2432,1.825483,0.082147,0.045000
z_0060_539.000000.png,#ed755c,1520,1.140927,0.051342,0.045000
z_0060_539.000000.png,#f0ed97,3207,2.407206,0.108324,0.045000
z_0061_540.000000.png,#03fc5a,4644,3.485832,0.156862,0.045000
z_0061_540.000000.png,#374a29,3272,2.455995,0.110520,0.045000
z_0061_540.000000.png,#47964c,3903,2.929630,0.131833,0.045000
z_0061_540.000000.png,#6c1273,235,0.176393,0.007938,0.045000
z_0061_540.000000.png,#75a832,1433,1.075624,0.048403,0.045000
z_0061_540.000000.png,#85150b,2412,1.810471,0.081471,0.045000
z_0061_540.000000.png,#8a4334,744,0.558454,0.025130,0.045000
z_0061_540.000000.png,#a178ad,1418,1.064365,0.047896,0.045000
z_0061_540.000000.png,#a85e32,1796,1.348095,0.060664,0.045000
z_0061_540.000000.png,#b1d415,863,0.647776,0.029150,0.045000
z_0061_540.000000.png,#b452ff,705,0.529180,0.023813,0.045000
z_0061_540.000000.png,#c9fa5f,1243,0.933008,0.041985,0.045000
z_0061_540.000000.png,#ce24d4,3067,2.302120,0.103595,0.045000
z_0061_540.000000.png,#ed755c,1425,1.069619,0.048133,0.045000
z_0061_540.000000.png,#f0ed97,3093,2.321636,0.104474,0.045000
z_0062_541.000000.png,#03fc5a,4641,3.483580,0.156761,0.045000
z_0062_541.000000.png,#374a29,3280,2.462000,0.110790,0.045000
z_0062_541.000000.png,#47964c,3823,2.869582,0.129131,0.045000
z_0062_541.000000.png,#6c1273,234,0.175643,0.007904,0.045000
z_0062_541.000000.png,#75a832,1430,1.073372,0.048302,0.045000
z_0062_541.000000.png,#85150b,2410,1.808970,0.081404,0.045000
z_0062_541.000000.png,#8a4334,752,0.564459,0.025401,0.045000
z_0062_541.000000.png,#a178ad,1409,1.057609,0.047592,0.045000
z_0062_541.000000.png,#a85e32,1780,1.336086,0.060124,0.045000
z_0062_541.000000.png,#b1d415,863,0.647776,0.029150,0.045000
z_0062_541.000000.png,#b452ff,710,0.532933,0.023982,0.045000
z_0062_541.000000.png,#c9fa5f,1237,0.928504,0.041783,0.045000
z_0062_541.000000.png,#ce24d4,3059,2.296116,0.103325,0.045000
z_0062_541.000000.png,#ed755c,1414,1.061362,0.047761,0.045000
z_0062_541.000000.png,#f0ed97,3100,2.326891,0.104710,0.045000
z_0062_541.000000.png,#fcbf79,8,0.006005,0.000270,0.045000
z_0063_542.000000.png,#03fc5a,4995,3.749296,0.168718,0.045000
z_0063_542.000000.png,#374a29,3354,2.517546,0.113290,0.045000
z_0063_542.000000.png,#47964c,3741,2.808032,0.126361,0.045000
z_0063_542.000000.png,#6c1273,215,0.161381,0.007262,0.045000
z_0063_542.000000.png,#75a832,1054,0.791143,0.035601,0.045000
z_0063_542.000000.png,#85150b,2378,1.784950,0.080323,0.045000
z_0063_542.000000.png,#8a4334,872,0.654532,0.029454,0.045000
z_0063_542.000000.png,#a178ad,1257,0.943517,0.042458,0.045000
z_0063_542.000000.png,#a85e32,2004,1.504222,0.067690,0.045000
z_0063_542.000000.png,#b1d415,978,0.734096,0.033034,0.045000
z_0063_542.000000.png,#b452ff,810,0.607994,0.027360,0.045000
z_0063_542.000000.png,#c9fa5f,1174,0.881216,0.039655,0.045000
z_0063_542.000000.png,#ce24d4,3411,2.560330,0.115215,0.045000
z_0063_542.000000.png,#ed755c,2263,1.698630,0.076438,0.045000
z_0063_542.000000.png,#f0ed97,3125,2.345656,0.105555,0.045000
z_0063_542.000000.png,#fcbf79,75,0.056296,0.002533,0.045000
z_0064_543.000000.png,#03fc5a,5825,4.372302,0.196754,0.045000
z_0064_543.000000.png,#374a29,3079,2.311128,0.104001,0.045000
z_0064_543.000000.png,#47964c,3660,2.747232,0.123625,0.045000
z_0064_543.000000.png,#6c1273,191,0.143366,0.006451,0.045000
z_0064_543.000000.png,#75a832,858,0.644023,0.028981,0.045000
z_0064_543.000000.png,#85150b,3127,2.347157,0.105622,0.045000
z_0064_543.000000.png,#8a4334,1121,0.841434,0.037865,0.045000
z_0064_543.000000.png,#a178ad,1214,0.911240,0.041006,0.045000
z_0064_543.000000.png,#a85e32,2257,1.694126,0.076236,0.045000
z_0064_543.000000.png,#b1d415,1252,0.939764,0.042289,0.045000
z_0064_543.000000.png,#b452ff,939,0.704823,0.031717,0.045000
z_0064_543.000000.png,#c9fa5f,1142,0.857196,0.038574,0.045000
z_0064_543.000000.png,#ce24d4,3829,2.874085,0.129334,0.045000
z_0064_543.000000.png,#d41515,39,0.029274,0.001317,0.045000
z_0064_543.000000.png,#ed755c,1944,1.459186,0.065663,0.045000
z_0064_543.000000.png,#f0ed97,3232,2.425971,0.109169,0.045000
z_0064_543.000000.png,#fcbf79,455,0.341527,0.015369,0.045000
z_0065_544.000000.png,#03fc5a,5847,4.388816,0.197497,0.045000
z_0065_544.000000.png,#374a29,3073,2.306624,0.103798,0.045000
z_0065_544.000000.png,#47964c,3679,2.761494,0.124267,0.045000
z_0065_544.000000.png,#6c1273,190,0.142616,0.006418,0.045000
z_0065_544.000000.png,#75a832,862,0.647026,0.029116,0.045000
z_0065_544.000000.png,#85150b,3128,2.347908,0.105656,0.045000
z_0065_544.000000.png,#8a4334,1119,0.839932,0.037797,0.045000
z_0065_544.000000.png,#a178ad,1231,0.924001,0.041580,0.045000
z_0065_544.000000.png,#a85e32,2261,1.697129,0.076371,0.045000
z_0065_544.000000.png,#b1d415,1247,0.936011,0.042120,0.045000
z_0065_544.000000.png,#b452ff,938,0.704072,0.031683,0.045000
z_0065_544.000000.png,#c9fa5f,1137,0.853443,0.038405,0.045000
z_0065_544.000000.png,#ce24d4,3832,2.876337,0.129435,0.045000
z_0065_544.000000.png,#d41515,41,0.030775,0.001385,0.045000
z_0065_544.000000.png,#ed755c,1947,1.461437,0.065765,0.045000
z_0065_544.000000.png,#f0ed97,3208,2.407956,0.108358,0.045000
z_0065_544.000000.png,#fcbf79,486,0.364796,0.016416,0.045000
z_0066_545.000000.png,#03fc5a,5860,4.398574,0.197936,0.045000
z_0066_545.000000.png,#374a29,3195,2.398199,0.107919,0.045000
z_0066_545.000000.png,#47964c,2594,1.947082,0.087619,0.045000
z_0066_545.000000.png,#6c1273,178,0.133609,0.006012,0.045000
z_0066_545.000000.png,#75a832,733,0.550197,0.024759,0.045000
z_0066_545.000000.png,#85150b,3388,2.543066,0.114438,0.045000
z_0066_545.000000.png,#8a4334,1076,0.807656,0.036345,0.045000
z_0066_545.000000.png,#a178ad,1191,0.893976,0.040229,0.045000
z_0066_545.000000.png,#a85e32,2391,1.794708,0.080762,0.045000
z_0066_545.000000.png,#b1d415,1260,0.945768,0.042560,0.045000
z_0066_545.000000.png,#b452ff,976,0.732595,0.032967,0.045000
z_0066_545.000000.png,#c9fa5f,1146,0.860199,0.038709,0.045000
z_0066_545.000000.png,#ce24d4,4093,3.072246,0.138251,0.045000
z_0066_545.000000.png,#d41515,90,0.067555,0.003040,0.045000
z_0066_545.000000.png,#ed755c,1818,1.364609,0.061407,0.045000
z_0066_545.000000.png,#f0ed97,3193,2.396697,0.107851,0.045000
z_0066_545.000000.png,#fcbf79,555,0.416588,0.018746,0.045000
z_0067_546.000000.png,#03fc5a,5983,4.490899,0.202090,0.045000
z_0067_546.000000.png,#374a29,3211,2.410208,0.108459,0.045000
z_0067_546.000000.png,#47964c,2697,2.024395,0.091098,0.045000
z_0067_546.000000.png,#6c1273,175,0.131357,0.005911,0.045000
z_0067_546.000000.png,#75a832,604,0.453368,0.020402,0.045000
z_0067_546.000000.png,#85150b,3727,2.797523,0.125889,0.045000
z_0067_546.000000.png,#8a4334,985,0.739351,0.033271,0.045000
z_0067_546.000000.png,#a178ad,1213,0.910490,0.040972,0.045000
z_0067_546.000000.png,#a85e32,2639,1.980859,0.089139,0.045000
z_0067_546.000000.png,#b1d415,1296,0.972790,0.043776,0.045000
z_0067_546.000000.png,#b452ff,937,0.703321,0.031649,0.045000
z_0067_546.000000.png,#c9fa5f,1135,0.851942,0.038337,0.045000
z_0067_546.000000.png,#ce24d4,4275,3.208857,0.144399,0.045000
z_0067_546.000000.png,#d41515,164,0.123100,0.005540,0.045000
z_0067_546.000000.png,#ed755c,1530,1.148433,0.051679,0.045000
z_0067_546.000000.png,#f0ed97,3354,2.517546,0.113290,0.045000
z_0067_546.000000.png,#fcbf79,579,0.434603,0.019557,0.045000
z_0068_547.000000.png,#03fc5a,6314,4.739351,0.213271,0.045000
z_0068_547.000000.png,#374a29,3373,2.531807,0.113931,0.045000
z_0068_547.000000.png,#47964c,2705,2.030400,0.091368,0.045000
z_0068_547.000000.png,#6c1273,166,0.124601,0.005607,0.045000
z_0068_547.000000.png,#75a832,562,0.421843,0.018983,0.045000
z_0068_547.000000.png,#85150b,3980,2.987427,0.134434,0.045000
z_0068_547.000000.png,#8a4334,1078,0.809157,0.036412,0.045000
z_0068_547.000000.png,#a178ad,1190,0.893226,0.040195,0.045000
z_0068_547.000000.png,#a85e32,2770,2.079189,0.093564,0.045000
z_0068_547.000000.png,#b1d415,1281,0.961531,0.043269,0.045000
z_0068_547.000000.png,#b452ff,918,0.689060,0.031008,0.045000
z_0068_547.000000.png,#c9fa5f,1125,0.844436,0.038000,0.045000
z_0068_547.000000.png,#ce24d4,4402,3.304185,0.148688,0.045000
z_0068_547.000000.png,#d41515,203,0.152374,0.006857,0.045000
z_0068_547.000000.png,#ed755c,885,0.664290,0.029893,0.045000
z_0068_547.000000.png,#f0ed97,3510,2.634641,0.118559,0.045000
z_0068_547.000000.png,#fcbf79,560,0.420342,0.018915,0.045000
z_0069_548.000000.png,#03fc5a,6338,4.757365,0.214081,0.045000
z_0069_548.000000.png,#374a29,3366,2.526553,0.113695,0.045000
z_0069_548.000000.png,#47964c,2713,2.036405,0.091638,0.045000
z_0069_548.000000.png,#6c1273,167,0.125352,0.005641,0.045000
z_0069_548.000000.png,#75a832,565,0.424095,0.019084,0.045000
z_0069_548.000000.png,#85150b,3994,2.997936,0.134907,0.045000
z_0069_548.000000.png,#8a4334,1083,0.812910,0.036581,0.045000
z_0069_548.000000.png,#a178ad,1198,0.899231,0.040465,0.045000
z_0069_548.000000.png,#a85e32,2777,2.084444,0.093800,0.045000
z_0069_548.000000.png,#b1d415,1285,0.964534,0.043404,0.045000
z_0069_548.000000.png,#b452ff,916,0.687559,0.030940,0.045000
z_0069_548.000000.png,#c9fa5f,1130,0.848189,0.038169,0.045000
z_0069_548.000000.png,#ce24d4,4409,3.309439,0.148925,0.045000
z_0069_548.000000.png,#d41515,216,0.162132,0.007296,0.045000
z_0069_548.000000.png,#ed755c,890,0.668043,0.030062,0.045000
z_0069_548.000000.png,#f0ed97,3517,2.639895,0.118795,0.045000
z_0069_548.000000.png,#fcbf79,563,0.422593,0.019017,0.045000
z_0070_549.000000.png,#03fc5a,7050,5.291800,0.238131,0.045000
z_0070_549.000000.png,#374a29,3513,2.636892,0.118660,0.045000
z_0070_549.000000.png,#47964c,2391,1.794708,0.080762,0.045000
z_0070_549.000000.png,#6c1273,150,0.112591,0.005067,0.045000
z_0070_549.000000.png,#75a832,482,0.361794,0.016281,0.045000
z_0070_549.000000.png,#85150b,4474,3.358229,0.151120,0.045000
z_0070_549.000000.png,#8a4334,1405,1.054607,0.047457,0.045000
z_0070_549.000000.png,#a178ad,1540,1.155939,0.052017,0.045000
z_0070_549.000000.png,#a85e32,3088,2.317883,0.104305,0.045000
z_0070_549.000000.png,#b1d415,1209,0.907487,0.040837,0.045000
z_0070_549.000000.png,#b452ff,779,0.584725,0.026313,0.045000
z_0070_549.000000.png,#c9fa5f,1134,0.851192,0.038304,0.045000
z_0070_549.000000.png,#ce24d4,4738,3.556390,0.160038,0.045000
z_0070_549.000000.png,#d41515,376,0.282229,0.012700,0.045000
z_0070_549.000000.png,#ed755c,472,0.354288,0.015943,0.045000
z_0070_549.000000.png,#f0ed97,4056,3.044474,0.137001,0.045000
z_0070_549.000000.png,#fcbf79,1980,1.486208,0.066879,0.045000
z_0071_550.000000.png,#03fc5a,7507,5.634828,0.253567,0.045000
z_0071_550.000000.png,#374a29,3661,2.747983,0.123659,0.045000
z_0071_550.000000.png,#47964c,2067,1.551511,0.069818,0.045000
z_0071_550.000000.png,#6c1273,159,0.119347,0.005371,0.045000
z_0071_550.000000.png,#75a832,424,0.318259,0.014322,0.045000
z_0071_550.000000.png,#85150b,4755,3.569150,0.160612,0.045000
z_0071_550.000000.png,#8a4334,1448,1.086883,0.048910,0.045000
z_0071_550.000000.png,#a178ad,1734,1.301558,0.058570,0.045000
z_0071_550.000000.png,#a85e32,3216,2.413961,0.108628,0.045000
z_0071_550.000000.png,#b1d415,1111,0.833928,0.037527,0.045000
z_0071_550.000000.png,#b452ff,811,0.608745,0.027394,0.045000
z_0071_550.000000.png,#c9fa5f,1094,0.821167,0.036953,0.045000
z_0071_550.000000.png,#ce24d4,4899,3.677238,0.165476,0.045000
z_0071_550.000000.png,#d41515,463,0.347532,0.015639,0.045000
z_0071_550.000000.png,#ed755c,464,0.348283,0.015673,0.045000
z_0071_550.000000.png,#f0ed97,4346,3.262150,0.146797,0.045000
z_0071_550.000000.png,#fcbf79,1967,1.476450,0.066440,0.045000
z_0072_551.000000.png,#03fc5a,7406,5.559017,0.250156,0.045000
z_0072_551.000000.png,#374a29,3847,2.887596,0.129942,0.045000
z_0072_551.000000.png,#47964c,2034,1.526740,0.068703,0.045000
z_0072_551.000000.png,#6c1273,160,0.120098,0.005404,0.045000
z_0072_551.000000.png,#75a832,335,0.251454,0.011315,0.045000
z_0072_551.000000.png,#85150b,4913,3.687746,0.165949,0.045000
z_0072_551.000000.png,#8a4334,1528,1.146932,0.051612,0.045000
z_0072_551.000000.png,#a178ad,1805,1.354851,0.060968,0.045000
z_0072_551.000000.png,#a85e32,3601,2.702946,0.121633,0.045000
z_0072_551.000000.png,#b1d415,1046,0.785138,0.035331,0.045000
z_0072_551.000000.png,#b452ff,743,0.557703,0.025097,0.045000
z_0072_551.000000.png,#c9fa5f,1015,0.761869,0.034284,0.045000
z_0072_551.000000.png,#ce24d4,5040,3.783074,0.170238,0.045000
z_0072_551.000000.png,#d41515,537,0.403078,0.018138,0.045000
z_0072_551.000000.png,#ed755c,434,0.325765,0.014659,0.045000
z_0072_551.000000.png,#f0ed97,4664,3.500844,0.157538,0.045000
z_0072_551.000000.png,#fcbf79,1927,1.446425,0.065089,0.045000
z_0073_552.000000.png,#03fc5a,7145,5.363108,0.241340,0.045000
z_0073_552.000000.png,#15d445,31,0.023269,0.001047,0.045000
z_0073_552.000000.png,#374a29,3831,2.875586,0.129401,0.045000
z_0073_552.000000.png,#47964c,1650,1.238506,0.055733,0.045000
z_0073_552.000000.png,#6c1273,164,0.123100,0.005540,0.045000
z_0073_552.000000.png,#75a832,298,0.223682,0.010066,0.045000
z_0073_552.000000.png,#85150b,4984,3.741040,0.168347,0.045000
z_0073_552.000000.png,#8a4334,1556,1.167949,0.052558,0.045000
z_0073_552.000000.png,#a178ad,1677,1.258773,0.056645,0.045000
z_0073_552.000000.png,#a85e32,3759,2.821543,0.126969,0.045000
z_0073_552.000000.png,#b1d415,994,0.746106,0.033575,0.045000
z_0073_552.000000.png,#b452ff,628,0.471383,0.021212,0.045000
z_0073_552.000000.png,#c9fa5f,998,0.749109,0.033710,0.045000
z_0073_552.000000.png,#ce24d4,5015,3.764309,0.169394,0.045000
z_0073_552.000000.png,#d41515,596,0.447363,0.020131,0.045000
z_0073_552.000000.png,#ed755c,429,0.322012,0.014491,0.045000
z_0073_552.000000.png,#f0ed97,4733,3.552637,0.159869,0.045000
z_0073_552.000000.png,#fcbf79,1818,1.364609,0.061407,0.045000
z_0074_553.000000.png,#03fc5a,6566,4.928504,0.221783,0.045000
z_0074_553.000000.png,#15d445,207,0.155376,0.006992,0.045000
z_0074_553.000000.png,#374a29,3717,2.790017,0.125551,0.045000
z_0074_553.000000.png,#47964c,1544,1.158942,0.052152,0.045000
z_0074_553.000000.png,#6c1273,170,0.127604,0.005742,0.045000
z_0074_553.000000.png,#75a832,292,0.219178,0.009863,0.045000
z_0074_553.000000.png,#85150b,4778,3.586414,0.161389,0.045000
z_0074_553.000000.png,#8a4334,1576,1.182961,0.053233,0.045000
z_0074_553.000000.png,#a178ad,1579,1.185213,0.053335,0.045000
z_0074_553.000000.png,#a85e32,3721,2.793019,0.125686,0.045000
z_0074_553.000000.png,#b1d415,914,0.686057,0.030873,0.045000
z_0074_553.000000.png,#b452ff,571,0.428598,0.019287,0.045000
z_0074_553.000000.png,#c9fa5f,995,0.746857,0.033609,0.045000
z_0074_553.000000.png,#ce24d4,5031,3.776318,0.169934,0.045000
z_0074_553.000000.png,#d41515,664,0.498405,0.022428,0.045000
z_0074_553.000000.png,#ed755c,416,0.312254,0.014051,0.045000
z_0074_553.000000.png,#f0ed97,4678,3.511353,0.158011,0.045000
z_0074_553.000000.png,#fcbf79,1744,1.309064,0.058908,0.045000
z_0075_554.000000.png,#03fc5a,5803,4.355789,0.196011,0.045000
z_0075_554.000000.png,#15d445,374,0.280728,0.012633,0.045000
z_0075_554.000000.png,#374a29,3513,2.636892,0.118660,0.045000
z_0075_554.000000.png,#47964c,1409,1.057609,0.047592,0.045000
z_0075_554.000000.png,#6c1273,175,0.131357,0.005911,0.045000
z_0075_554.000000.png,#75a832,259,0.194408,0.008748,0.045000
z_0075_554.000000.png,#85150b,4579,3.437043,0.154667,0.045000
z_0075_554.000000.png,#8a4334,1678,1.259523,0.056679,0.045000
z_0075_554.000000.png,#a178ad,1465,1.099643,0.049484,0.045000
z_0075_554.000000.png,#a85e32,3483,2.614374,0.117647,0.045000
z_0075_554.000000.png,#b1d415,819,0.614749,0.027664,0.045000
z_0075_554.000000.png,#b452ff,485,0.364046,0.016382,0.045000
z_0075_554.000000.png,#c9fa5f,956,0.717583,0.032291,0.045000
z_0075_554.000000.png,#ce24d4,4841,3.633702,0.163517,0.045000
z_0075_554.000000.png,#d41515,679,0.509664,0.022935,0.045000
z_0075_554.000000.png,#ed755c,1181,0.886470,0.039891,0.045000
z_0075_554.000000.png,#f0ed97,4715,3.539126,0.159261,0.045000
z_0075_554.000000.png,#fcbf79,1750,1.313567,0.059111,0.045000
z_0076_555.000000.png,#03fc5a,5126,3.847626,0.173143,0.045000
z_0076_555.000000.png,#15d445,502,0.376806,0.016956,0.045000
z_0076_555.000000.png,#374a29,2889,2.168512,0.097583,0.045000
z_0076_555.000000.png,#47964c,1464,1.098893,0.049450,0.045000
z_0076_555.000000.png,#75a832,269,0.201914,0.009086,0.045000
z_0076_555.000000.png,#85150b,4349,3.264402,0.146898,0.045000
z_0076_555.000000.png,#8a4334,1741,1.306812,0.058807,0.045000
z_0076_555.000000.png,#a178ad,1423,1.068118,0.048065,0.045000
z_0076_555.000000.png,#a85e32,3430,2.574592,0.115857,0.045000
z_0076_555.000000.png,#b1d415,812,0.609495,0.027427,0.045000
z_0076_555.000000.png,#b452ff,476,0.357290,0.016078,0.045000
z_0076_555.000000.png,#c9fa5f,932,0.699568,0.031481,0.045000
z_0076_555.000000.png,#ce24d4,4761,3.573654,0.160814,0.045000
z_0076_555.000000.png,#d41515,692,0.519422,0.023374,0.045000
z_0076_555.000000.png,#ed755c,416,0.312254,0.014051,0.045000
z_0076_555.000000.png,#f0ed97,4868,3.653969,0.164429,0.045000
z_0076_555.000000.png,#fcbf79,2043,1.533496,0.069007,0.045000
z_0077_556.000000.png,#03fc5a,4109,3.084256,0.138792,0.045000
z_0077_556.000000.png,#15d445,638,0.478889,0.021550,0.045000
z_0077_556.000000.png,#374a29,2965,2.225558,0.100150,0.045000
z_0077_556.000000.png,#47964c,1469,1.102646,0.049619,0.045000
z_0077_556.000000.png,#75a832,301,0.225934,0.010167,0.045000
z_0077_556.000000.png,#85150b,3801,2.853068,0.128388,0.045000
z_0077_556.000000.png,#8a4334,1960,1.471195,0.066204,0.045000
z_0077_556.000000.png,#a178ad,1400,1.050854,0.047288,0.045000
z_0077_556.000000.png,#a85e32,2640,1.981610,0.089172,0.045000
z_0077_556.000000.png,#b1d415,821,0.616251,0.027731,0.045000
z_0077_556.000000.png,#b452ff,510,0.382811,0.017226,0.045000
z_0077_556.000000.png,#c9fa5f,907,0.680803,0.030636,0.045000
z_0077_556.000000.png,#ce24d4,4829,3.624695,0.163111,0.045000
z_0077_556.000000.png,#d41515,714,0.535935,0.024117,0.045000
z_0077_556.000000.png,#ed755c,1028,0.771627,0.034723,0.045000
z_0077_556.000000.png,#f0ed97,4984,3.741040,0.168347,0.045000
z_0077_556.000000.png,#fcbf79,2295,1.722650,0.077519,0.045000
z_0078_557.000000.png,#03fc5a,2828,2.122725,0.095523,0.045000
z_0078_557.000000.png,#15d445,816,0.612498,0.027562,0.045000
z_0078_557.000000.png,#374a29,2970,2.229311,0.100319,0.045000
z_0078_557.000000.png,#47964c,1431,1.074123,0.048336,0.045000
z_0078_557.000000.png,#75a832,287,0.215425,0.009694,0.045000
z_0078_557.000000.png,#85150b,3098,2.325389,0.104643,0.045000
z_0078_557.000000.png,#8a4334,2009,1.507975,0.067859,0.045000
z_0078_557.000000.png,#a178ad,1546,1.160443,0.052220,0.045000
z_0078_557.000000.png,#a85e32,2576,1.933571,0.087011,0.045000
z_0078_557.000000.png,#b1d415,904,0.678551,0.030535,0.045000
z_0078_557.000000.png,#b452ff,539,0.404579,0.018206,0.045000
z_0078_557.000000.png,#c9fa5f,904,0.678551,0.030535,0.045000
z_0078_557.000000.png,#ce24d4,4909,3.684744,0.165813,0.045000
z_0078_557.000000.png,#d41515,734,0.550948,0.024793,0.045000
z_0078_557.000000.png,#ed755c,928,0.696566,0.031345,0.045000
z_0078_557.000000.png,#f0ed97,4972,3.732032,0.167941,0.045000
z_0078_557.000000.png,#fcbf79,2517,1.889285,0.085018,0.045000
z_0079_558.000000.png,#03fc5a,2824,2.119722,0.095388,0.045000
z_0079_558.000000.png,#15d445,818,0.613999,0.027630,0.045000
z_0079_558.000000.png,#374a29,2980,2.236817,0.100657,0.045000
z_0079_558.000000.png,#47964c,1444,1.083881,0.048775,0.045000
z_0079_558.000000.png,#75a832,287,0.215425,0.009694,0.045000
z_0079_558.000000.png,#85150b,3092,2.320886,0.104440,0.045000
z_0079_558.000000.png,#8a4334,2009,1.507975,0.067859,0.045000
z_0079_558.000000.png,#a178ad,1542,1.157440,0.052085,0.045000
z_0079_558.000000.png,#a85e32,2582,1.938075,0.087213,0.045000
z_0079_558.000000.png,#b1d415,904,0.678551,0.030535,0.045000
z_0079_558.000000.png,#b452ff,537,0.403078,0.018138,0.045000
z_0079_558.000000.png,#c9fa5f,911,0.683806,0.030771,0.045000
z_0079_558.000000.png,#ce24d4,4904,3.680991,0.165645,0.045000
z_0079_558.000000.png,#d41515,733,0.550197,0.024759,0.045000
z_0079_558.000000.png,#ed755c,934,0.701070,0.031548,0.045000
z_0079_558.000000.png,#f0ed97,4961,3.723776,0.167570,0.045000
z_0079_558.000000.png,#fcbf79,2530,1.899043,0.085457,0.045000
z_0080_559.000000.png,#03fc5a,1747,1.311315,0.059009,0.045000
z_0080_559.000000.png,#15d445,1228,0.921749,0.041479,0.045000
z_0080_559.000000.png,#374a29,4521,3.393507,0.152708,0.045000
z_0080_559.000000.png,#47964c,1380,1.035842,0.046613,0.045000
z_0080_559.000000.png,#75a832,202,0.151623,0.006823,0.045000
z_0080_559.000000.png,#85150b,2231,1.674611,0.075357,0.045000
z_0080_559.000000.png,#8a4334,1664,1.249015,0.056206,0.045000
z_0080_559.000000.png,#a178ad,2196,1.648339,0.074175,0.045000
z_0080_559.000000.png,#a85e32,2793,2.096453,0.094340,0.045000
z_0080_559.000000.png,#b1d415,989,0.742353,0.033406,0.045000
z_0080_559.000000.png,#b452ff,583,0.437606,0.019692,0.045000
z_0080_559.000000.png,#c9fa5f,981,0.736348,0.033136,0.045000
z_0080_559.000000.png,#ce24d4,5036,3.780071,0.170103,0.045000
z_0080_559.000000.png,#d41515,745,0.559204,0.025164,0.045000
z_0080_559.000000.png,#ed755c,701,0.526178,0.023678,0.045000
z_0080_559.000000.png,#f0ed97,4724,3.545881,0.159565,0.045000
z_0080_559.000000.png,#fcbf79,2797,2.099456,0.094476,0.045000
z_0081_560.000000.png,#03fc5a,1360,1.020829,0.045937,0.045000
z_0081_560.000000.png,#15d445,1578,1.184462,0.053301,0.045000
z_0081_560.000000.png,#374a29,4574,3.433290,0.154498,0.045000
z_0081_560.000000.png,#47964c,1343,1.008069,0.045363,0.045000
z_0081_560.000000.png,#75a832,197,0.147870,0.006654,0.045000
z_0081_560.000000.png,#85150b,1956,1.468193,0.066069,0.045000
z_0081_560.000000.png,#8a4334,1168,0.876712,0.039452,0.045000
z_0081_560.000000.png,#a178ad,2268,1.702383,0.076607,0.045000
z_0081_560.000000.png,#a85e32,2975,2.233064,0.100488,0.045000
z_0081_560.000000.png,#b1d415,1098,0.824170,0.037088,0.045000
z_0081_560.000000.png,#b452ff,731,0.548696,0.024691,0.045000
z_0081_560.000000.png,#c9fa5f,1018,0.764121,0.034385,0.045000
z_0081_560.000000.png,#ce24d4,5087,3.818352,0.171826,0.045000
z_0081_560.000000.png,#d41515,759,0.569713,0.025637,0.045000
z_0081_560.000000.png,#ed755c,635,0.476637,0.021449,0.045000
z_0081_560.000000.png,#f0ed97,4294,3.223119,0.145040,0.045000
z_0081_560.000000.png,#fcbf79,2892,2.170764,0.097684,0.045000
z_0082_561.000000.png,#03fc5a,1347,1.011071,0.045498,0.045000
z_0082_561.000000.png,#15d445,1580,1.185964,0.053368,0.045000
z_0082_561.000000.png,#374a29,4565,3.426534,0.154194,0.045000
z_0082_561.000000.png,#47964c,1347,1.011071,0.045498,0.045000
z_0082_561.000000.png,#75a832,198,0.148621,0.006688,0.045000
z_0082_561.000000.png,#85150b,1964,1.474198,0.066339,0.045000
z_0082_561.000000.png,#8a4334,1177,0.883468,0.039756,0.045000
z_0082_561.000000.png,#a178ad,2260,1.696378,0.076337,0.045000
z_0082_561.000000.png,#a85e32,2982,2.238319,0.100724,0.045000
z_0082_561.000000.png,#b1d415,1095,0.821918,0.036986,0.045000
z_0082_561.000000.png,#b452ff,738,0.553950,0.024928,0.045000
z_0082_561.000000.png,#c9fa5f,1028,0.771627,0.034723,0.045000
z_0082_561.000000.png,#ce24d4,5088,3.819103,0.171860,0.045000
z_0082_561.000000.png,#d41515,759,0.569713,0.025637,0.045000
z_0082_561.000000.png,#ed755c,631,0.473635,0.021314,0.045000
z_0082_561.000000.png,#f0ed97,4290,3.220116,0.144905,0.045000
z_0082_561.000000.png,#fcbf79,2879,2.161006,0.097245,0.045000
z_0083_562.000000.png,#03fc5a,478,0.358792,0.016146,0.045000
z_0083_562.000000.png,#15d445,3493,2.621880,0.117985,0.045000
z_0083_562.000000.png,#374a29,2120,1.591293,0.071608,0.045000
z_0083_562.000000.png,#47964c,973,0.730343,0.032865,0.045000
z_0083_562.000000.png,#6c1273,19,0.014262,0.000642,0.045000
z_0083_562.000000.png,#75a832,178,0.133609,0.006012,0.045000
z_0083_562.000000.png,#85150b,789,0.592231,0.026650,0.045000
z_0083_562.000000.png,#8a4334,177,0.132858,0.005979,0.045000
z_0083_562.000000.png,#a178ad,2311,1.734659,0.078060,0.045000
z_0083_562.000000.png,#a85e32,4306,3.232126,0.145446,0.045000
z_0083_562.000000.png,#b1d415,1269,0.952524,0.042864,0.045000
z_0083_562.000000.png,#b452ff,1307,0.981047,0.044147,0.045000
z_0083_562.000000.png,#c9fa5f,1074,0.806155,0.036277,0.045000
z_0083_562.000000.png,#ce24d4,5383,4.040533,0.181824,0.045000
z_0083_562.000000.png,#d41515,706,0.529931,0.023847,0.045000
z_0083_562.000000.png,#ed755c,353,0.264965,0.011923,0.045000
z_0083_562.000000.png,#f0ed97,4802,3.604429,0.162199,0.045000
z_0083_562.000000.png,#fcbf79,3231,2.425220,0.109135,0.045000
z_0084_563.000000.png,#03fc5a,473,0.355038,0.015977,0.045000
z_0084_563.000000.png,#15d445,3468,2.603115,0.117140,0.045000
z_0084_563.000000.png,#374a29,2112,1.585288,0.071338,0.045000
z_0084_563.000000.png,#47964c,971,0.728842,0.032798,0.045000
z_0084_563.000000.png,#6c1273,19,0.014262,0.000642,0.045000
z_0084_563.000000.png,#75a832,178,0.133609,0.006012,0.045000
z_0084_563.000000.png,#85150b,788,0.591481,0.026617,0.045000
z_0084_563.000000.png,#8a4334,177,0.132858,0.005979,0.045000
z_0084_563.000000.png,#a178ad,2318,1.739914,0.078296,0.045000
z_0084_563.000000.png,#a85e32,4290,3.220116,0.144905,0.045000
z_0084_563.000000.png,#b1d415,1275,0.957028,0.043066,0.045000
z_0084_563.000000.png,#b452ff,1311,0.984050,0.044282,0.045000
z_0084_563.000000.png,#c9fa5f,1080,0.810659,0.036480,0.045000
z_0084_563.000000.png,#ce24d4,5390,4.045787,0.182060,0.045000
z_0084_563.000000.png,#d41515,705,0.529180,0.023813,0.045000
z_0084_563.000000.png,#ed755c,354,0.265716,0.011957,0.045000
z_0084_563.000000.png,#f0ed97,4799,3.602177,0.162098,0.045000
z_0084_563.000000.png,#fcbf79,3226,2.421467,0.108966,0.045000
z_0085_564.000000.png,#03fc5a,494,0.370801,0.016686,0.045000
z_0085_564.000000.png,#15d445,4131,3.100769,0.139535,0.045000
z_0085_564.000000.png,#374a29,1898,1.424658,0.064110,0.045000
z_0085_564.000000.png,#47964c,867,0.650779,0.029285,0.045000
z_0085_564.000000.png,#6c1273,20,0.015012,0.000676,0.045000
z_0085_564.000000.png,#75a832,188,0.141115,0.006350,0.045000
z_0085_564.000000.png,#85150b,716,0.537437,0.024185,0.045000
z_0085_564.000000.png,#8a4334,88,0.066054,0.002972,0.045000
z_0085_564.000000.png,#a178ad,2292,1.720398,0.077418,0.045000
z_0085_564.000000.png,#a85e32,4001,3.003190,0.135144,0.045000
z_0085_564.000000.png,#b1d415,1298,0.974292,0.043843,0.045000
z_0085_564.000000.png,#b452ff,1405,1.054607,0.047457,0.045000
z_0085_564.000000.png,#c9fa5f,1083,0.812910,0.036581,0.045000
z_0085_564.000000.png,#ce24d4,5450,4.090824,0.184087,0.045000
z_0085_564.000000.png,#d41515,649,0.487146,0.021922,0.045000
z_0085_564.000000.png,#ed755c,350,0.262713,0.011822,0.045000
z_0085_564.000000.png,#f0ed97,5224,3.921186,0.176453,0.045000
z_0085_564.000000.png,#fcbf79,3189,2.393695,0.107716,0.045000
z_0086_565.000000.png,#03fc5a,491,0.368549,0.016585,0.045000
z_0086_565.000000.png,#15d445,4122,3.094014,0.139231,0.045000
z_0086_565.000000.png,#374a29,1898,1.424658,0.064110,0.045000
z_0086_565.000000.png,#47964c,873,0.655282,0.029488,0.045000
z_0086_565.000000.png,#6c1273,19,0.014262,0.000642,0.045000
z_0086_565.000000.png,#75a832,192,0.144117,0.006485,0.045000
z_0086_565.000000.png,#85150b,717,0.538187,0.024218,0.045000
z_0086_565.000000.png,#8a4334,87,0.065303,0.002939,0.045000
z_0086_565.000000.png,#a178ad,2286,1.715894,0.077215,0.045000
z_0086_565.000000.png,#a85e32,4018,3.015950,0.135718,0.045000
z_0086_565.000000.png,#b1d415,1296,0.972790,0.043776,0.045000
z_0086_565.000000.png,#b452ff,1415,1.062113,0.047795,0.045000
z_0086_565.000000.png,#c9fa5f,1089,0.817414,0.036784,0.045000
z_0086_565.000000.png,#ce24d4,5453,4.093076,0.184188,0.045000
z_0086_565.000000.png,#d41515,648,0.486395,0.021888,0.045000
z_0086_565.000000.png,#ed755c,350,0.262713,0.011822,0.045000
z_0086_565.000000.png,#f0ed97,5248,3.939201,0.177264,0.045000
z_0086_565.000000.png,#fcbf79,3197,2.399700,0.107986,0.045000
z_0087_566.000000.png,#03fc5a,486,0.364796,0.016416,0.045000
z_0087_566.000000.png,#15d445,4111,3.085757,0.138859,0.045000
z_0087_566.000000.png,#374a29,1894,1.421655,0.063974,0.045000
z_0087_566.000000.png,#47964c,872,0.654532,0.029454,0.045000
z_0087_566.000000.png,#6c1273,20,0.015012,0.000676,0.045000
z_0087_566.000000.png,#75a832,190,0.142616,0.006418,0.045000
z_0087_566.000000.png,#85150b,721,0.541190,0.024354,0.045000
z_0087_566.000000.png,#8a4334,87,0.065303,0.002939,0.045000
z_0087_566.000000.png,#a178ad,2297,1.724151,0.077587,0.045000
z_0087_566.000000.png,#a85e32,4020,3.017452,0.135785,0.045000
z_0087_566.000000.png,#b1d415,1291,0.969037,0.043607,0.045000
z_0087_566.000000.png,#b452ff,1404,1.053856,0.047424,0.045000
z_0087_566.000000.png,#c9fa5f,1105,0.829424,0.037324,0.045000
z_0087_566.000000.png,#ce24d4,5458,4.096829,0.184357,0.045000
z_0087_566.000000.png,#d41515,649,0.487146,0.021922,0.045000
z_0087_566.000000.png,#ed755c,349,0.261963,0.011788,0.045000
z_0087_566.000000.png,#f0ed97,5237,3.930944,0.176892,0.045000
z_0087_566.000000.png,#fcbf79,3181,2.387690,0.107446,0.045000
z_0088_567.000000.png,#15d445,5355,4.019516,0.180878,0.045000
z_0088_567.000000.png,#374a29,1641,1.231751,0.055429,0.045000
z_0088_567.000000.png,#47964c,882,0.662038,0.029792,0.045000
z_0088_567.000000.png,#6c1273,58,0.043535,0.001959,0.045000
z_0088_567.000000.png,#75a832,531,0.398574,0.017936,0.045000
z_0088_567.000000.png,#8a4334,1521,1.141678,0.051375,0.045000
z_0088_567.000000.png,#a178ad,1372,1.029837,0.046343,0.045000
z_0088_567.000000.png,#a85e32,5726,4.297992,0.193410,0.045000
z_0088_567.000000.png,#b452ff,1258,0.944267,0.042492,0.045000
z_0088_567.000000.png,#c9fa5f,1039,0.779884,0.035095,0.045000
z_0088_567.000000.png,#ce24d4,5915,4.439857,0.199794,0.045000
z_0088_567.000000.png,#d41515,713,0.535185,0.024083,0.045000
z_0088_567.000000.png,#f0ed97,5864,4.401576,0.198071,0.045000
z_0088_567.000000.png,#fcbf79,3290,2.469506,0.111128,0.045000
z_0089_568.000000.png,#15d445,5346,4.012760,0.180574,0.045000
z_0089_568.000000.png,#374a29,1650,1.238506,0.055733,0.045000
z_0089_568.000000.png,#47964c,876,0.657534,0.029589,0.045000
z_0089_568.000000.png,#6c1273,63,0.047288,0.002128,0.045000
z_0089_568.000000.png,#75a832,540,0.405329,0.018240,0.045000
z_0089_568.000000.png,#8a4334,1515,1.137174,0.051173,0.045000
z_0089_568.000000.png,#a178ad,1367,1.026084,0.046174,0.045000
z_0089_568.000000.png,#a85e32,5722,4.294990,0.193275,0.045000
z_0089_568.000000.png,#b452ff,1257,0.943517,0.042458,0.045000
z_0089_568.000000.png,#c9fa5f,1036,0.777632,0.034993,0.045000
z_0089_568.000000.png,#ce24d4,5911,4.436855,0.199658,0.045000
z_0089_568.000000.png,#d41515,721,0.541190,0.024354,0.045000
z_0089_568.000000.png,#f0ed97,5865,4.402327,0.198105,0.045000
z_0089_568.000000.png,#fcbf79,3292,2.471008,0.111195,0.045000
z_0090_569.000000.png,#15d445,5340,4.008257,0.180372,0.045000
z_0090_569.000000.png,#374a29,1649,1.237756,0.055699,0.045000
z_0090_569.000000.png,#47964c,879,0.659786,0.029690,0.045000
z_0090_569.000000.png,#6c1273,61,0.045787,0.002060,0.045000
z_0090_569.000000.png,#75a832,542,0.406831,0.018307,0.045000
z_0090_569.000000.png,#8a4334,1510,1.133421,0.051004,0.045000
z_0090_569.000000.png,#a178ad,1369,1.027585,0.046241,0.045000
z_0090_569.000000.png,#a85e32,5722,4.294990,0.193275,0.045000
z_0090_569.000000.png,#b452ff,1259,0.945018,0.042526,0.045000
z_0090_569.000000.png,#c9fa5f,1040,0.780634,0.035129,0.045000
z_0090_569.000000.png,#ce24d4,5910,4.436104,0.199625,0.045000
z_0090_569.000000.png,#d41515,721,0.541190,0.024354,0.045000
z_0090_569.000000.png,#f0ed97,5873,4.408332,0.198375,0.045000
z_0090_569.000000.png,#fcbf79,3285,2.465753,0.110959,0.045000
z_0091_570.000000.png,#15d445,5336,4.005254,0.180236,0.045000
z_0091_570.000000.png,#374a29,1640,1.231000,0.055395,0.045000
z_0091_570.000000.png,#47964c,876,0.657534,0.029589,0.045000
z_0091_570.000000.png,#6c1273,61,0.045787,0.002060,0.045000
z_0091_570.000000.png,#75a832,541,0.406080,0.018274,0.045000
z_0091_570.000000.png,#8a4334,1518,1.139426,0.051274,0.045000
z_0091_570.000000.png,#a178ad,1384,1.038844,0.046748,0.045000
z_0091_570.000000.png,#a85e32,7070,5.306812,0.238807,0.045000
z_0091_570.000000.png,#b452ff,1262,0.947270,0.042627,0.045000
z_0091_570.000000.png,#c9fa5f,1043,0.782886,0.035230,0.045000
z_0091_570.000000.png,#ce24d4,5899,4.427848,0.199253,0.045000
z_0091_570.000000.png,#d41515,720,0.540439,0.024320,0.045000
z_0091_570.000000.png,#f0ed97,5867,4.403828,0.198172,0.045000
z_0091_570.000000.png,#fcbf79,3295,2.473260,0.111297,0.045000
z_0092_571.000000.png,#15d445,4971,3.731282,0.167908,0.045000
z_0092_571.000000.png,#374a29,1668,1.252017,0.056341,0.045000
z_0092_571.000000.png,#47964c,1306,0.980296,0.044113,0.045000
z_0092_571.000000.png,#6c1273,68,0.051041,0.002297,0.045000
z_0092_571.000000.png,#75a832,582,0.436855,0.019658,0.045000
z_0092_571.000000.png,#8a4334,1388,1.041847,0.046883,0.045000
z_0092_571.000000.png,#a178ad,1409,1.057609,0.047592,0.045000
z_0092_571.000000.png,#a85e32,7455,5.595797,0.251811,0.045000
z_0092_571.000000.png,#b452ff,1244,0.933759,0.042019,0.045000
z_0092_571.000000.png,#c9fa5f,999,0.749859,0.033744,0.045000
z_0092_571.000000.png,#ce24d4,6028,4.524676,0.203610,0.045000
z_0092_571.000000.png,#d41515,672,0.504410,0.022698,0.045000
z_0092_571.000000.png,#f0ed97,5918,4.442109,0.199895,0.045000
z_0092_571.000000.png,#fcbf79,2767,2.076938,0.093462,0.045000
z_0093_572.000000.png,#15d445,5055,3.794333,0.170745,0.045000
z_0093_572.000000.png,#374a29,1531,1.149184,0.051713,0.045000
z_0093_572.000000.png,#47964c,1687,1.266279,0.056983,0.045000
z_0093_572.000000.png,#6c1273,57,0.042785,0.001925,0.045000
z_0093_572.000000.png,#75a832,1245,0.934509,0.042053,0.045000
z_0093_572.000000.png,#8a4334,1591,1.194220,0.053740,0.045000
z_0093_572.000000.png,#a178ad,1219,0.914993,0.041175,0.045000
z_0093_572.000000.png,#a85e32,8260,6.200038,0.279002,0.045000
z_0093_572.000000.png,#b452ff,1138,0.854194,0.038439,0.045000
z_0093_572.000000.png,#c9fa5f,898,0.674048,0.030332,0.045000
z_0093_572.000000.png,#ce24d4,6219,4.668043,0.210062,0.045000
z_0093_572.000000.png,#d41515,536,0.402327,0.018105,0.045000
z_0093_572.000000.png,#f0ed97,5800,4.353537,0.195909,0.045000
z_0093_572.000000.png,#fcbf79,2098,1.574780,0.070865,0.045000
z_0094_573.000000.png,#15d445,5065,3.801839,0.171083,0.045000
z_0094_573.000000.png,#374a29,1529,1.147682,0.051646,0.045000
z_0094_573.000000.png,#47964c,1702,1.277538,0.057489,0.045000
z_0094_573.000000.png,#6c1273,51,0.038281,0.001723,0.045000
z_0094_573.000000.png,#75a832,1269,0.952524,0.042864,0.045000
z_0094_573.000000.png,#8a4334,1582,1.187465,0.053436,0.045000
z_0094_573.000000.png,#a178ad,1211,0.908989,0.040904,0.045000
z_0094_573.000000.png,#a85e32,8265,6.203791,0.279171,0.045000
z_0094_573.000000.png,#b452ff,1127,0.845937,0.038067,0.045000
z_0094_573.000000.png,#c9fa5f,908,0.681554,0.030670,0.045000
z_0094_573.000000.png,#ce24d4,6223,4.671045,0.210197,0.045000
z_0094_573.000000.png,#d41515,541,0.406080,0.018274,0.045000
z_0094_573.000000.png,#f0ed97,5786,4.343029,0.195436,0.045000
z_0094_573.000000.png,#fcbf79,2089,1.568024,0.070561,0.045000
z_0095_574.000000.png,#15d445,4709,3.534622,0.159058,0.045000
z_0095_574.000000.png,#374a29,1445,1.084631,0.048808,0.045000
z_0095_574.000000.png,#47964c,1909,1.432914,0.064481,0.045000
z_0095_574.000000.png,#6c1273,39,0.029274,0.001317,0.045000
z_0095_574.000000.png,#75a832,1398,1.049353,0.047221,0.045000
z_0095_574.000000.png,#8a4334,1632,1.224995,0.055125,0.045000
z_0095_574.000000.png,#a178ad,1157,0.868456,0.039081,0.045000
z_0095_574.000000.png,#a85e32,7855,5.896041,0.265322,0.045000
z_0095_574.000000.png,#b452ff,1067,0.800901,0.036041,0.045000
z_0095_574.000000.png,#c9fa5f,855,0.641771,0.028880,0.045000
z_0095_574.000000.png,#ce24d4,6102,4.580221,0.206110,0.045000
z_0095_574.000000.png,#d41515,488,0.366298,0.016483,0.045000
z_0095_574.000000.png,#ed755c,38,0.028523,0.001284,0.045000
z_0095_574.000000.png,#f0ed97,5382,4.039782,0.181790,0.045000
z_0095_574.000000.png,#fcbf79,2222,1.667855,0.075053,0.045000
z_0096_575.000000.png,#15d445,4466,3.352224,0.150850,0.045000
z_0096_575.000000.png,#374a29,1332,0.999812,0.044992,0.045000
z_0096_575.000000.png,#47964c,2128,1.597298,0.071878,0.045000
z_0096_575.000000.png,#6c1273,25,0.018765,0.000844,0.045000
z_0096_575.000000.png,#75a832,1976,1.483205,0.066744,0.045000
z_0096_575.000000.png,#8a4334,1805,1.354851,0.060968,0.045000
z_0096_575.000000.png,#a178ad,1037,0.778382,0.035027,0.045000
z_0096_575.000000.png,#a85e32,7803,5.857009,0.263565,0.045000
z_0096_575.000000.png,#b452ff,875,0.656784,0.029555,0.045000
z_0096_575.000000.png,#c9fa5f,797,0.598236,0.026921,0.045000
z_0096_575.000000.png,#ce24d4,5681,4.264215,0.191890,0.045000
z_0096_575.000000.png,#d41515,424,0.318259,0.014322,0.045000
z_0096_575.000000.png,#f0ed97,4806,3.607431,0.162334,0.045000
z_0096_575.000000.png,#fcbf79,2324,1.744417,0.078499,0.045000
z_0097_576.000000.png,#15d445,4356,3.269657,0.147135,0.045000
z_0097_576.000000.png,#374a29,1253,0.940514,0.042323,0.045000
z_0097_576.000000.png,#47964c,2666,2.001126,0.090051,0.045000
z_0097_576.000000.png,#75a832,2797,2.099456,0.094476,0.045000
z_0097_576.000000.png,#8a4334,2031,1.524489,0.068602,0.045000
z_0097_576.000000.png,#a178ad,677,0.508163,0.022867,0.045000
z_0097_576.000000.png,#a85e32,7729,5.801464,0.261066,0.045000
z_0097_576.000000.png,#b452ff,941,0.706324,0.031785,0.045000
z_0097_576.000000.png,#c9fa5f,731,0.548696,0.024691,0.045000
z_0097_576.000000.png,#ce24d4,5444,4.086320,0.183884,0.045000
z_0097_576.000000.png,#d41515,335,0.251454,0.011315,0.045000
z_0097_576.000000.png,#f0ed97,3917,2.940139,0.132306,0.045000
z_0097_576.000000.png,#fcbf79,2368,1.777444,0.079985,0.045000
z_0098_577.000000.png,#15d445,4177,3.135297,0.141088,0.045000
z_0098_577.000000.png,#374a29,1191,0.893976,0.040229,0.045000
z_0098_577.000000.png,#47964c,2832,2.125727,0.095658,0.045000
z_0098_577.000000.png,#75a832,3717,2.790017,0.125551,0.045000
z_0098_577.000000.png,#8a4334,2332,1.750422,0.078769,0.045000
z_0098_577.000000.png,#a178ad,614,0.460874,0.020739,0.045000
z_0098_577.000000.png,#a85e32,7598,5.703134,0.256641,0.045000
z_0098_577.000000.png,#b452ff,1004,0.753612,0.033913,0.045000
z_0098_577.000000.png,#c9fa5f,788,0.591481,0.026617,0.045000
z_0098_577.000000.png,#ce24d4,5102,3.829612,0.172333,0.045000
z_0098_577.000000.png,#d41515,301,0.225934,0.010167,0.045000
z_0098_577.000000.png,#f0ed97,3519,2.641396,0.118863,0.045000
z_0098_577.000000.png,#fcbf79,2471,1.854757,0.083464,0.045000
z_0099_578.000000.png,#15d445,1231,0.924001,0.041580,0.045000
z_0099_578.000000.png,#374a29,1074,0.806155,0.036277,0.045000
z_0099_578.000000.png,#47964c,2968,2.227810,0.100251,0.045000
z_0099_578.000000.png,#75a832,4855,3.644211,0.163989,0.045000
z_0099_578.000000.png,#8a4334,2382,1.787953,0.080458,0.045000
z_0099_578.000000.png,#a178ad,529,0.397073,0.017868,0.045000
z_0099_578.000000.png,#a85e32,7575,5.685870,0.255864,0.045000
z_0099_578.000000.png,#b452ff,1263,0.948020,0.042661,0.045000
z_0099_578.000000.png,#c9fa5f,712,0.534434,0.024050,0.045000
z_0099_578.000000.png,#ce24d4,4990,3.745543,0.168549,0.045000
z_0099_578.000000.png,#d41515,265,0.198912,0.008951,0.045000
z_0099_578.000000.png,#f0ed97,3438,2.580597,0.116127,0.045000
z_0099_578.000000.png,#fcbf79,2800,2.101708,0.094577,0.045000
z_0100_579.000000.png,#15d445,1233,0.925502,0.041648,0.045000
z_0100_579.000000.png,#374a29,1080,0.810659,0.036480,0.045000
z_0100_579.000000.png,#47964c,2979,2.236067,0.100623,0.045000
z_0100_579.000000.png,#75a832,4843,3.635204,0.163584,0.045000
z_0100_579.000000.png,#8a4334,2391,1.794708,0.080762,0.045000
z_0100_579.000000.png,#a178ad,532,0.399324,0.017970,0.045000
z_0100_579.000000.png,#a85e32,7566,5.679114,0.255560,0.045000
z_0100_579.000000.png,#b452ff,1264,0.948771,0.042695,0.045000
z_0100_579.000000.png,#c9fa5f,724,0.543442,0.024455,0.045000
z_0100_579.000000.png,#ce24d4,4983,3.740289,0.168313,0.045000
z_0100_579.000000.png,#d41515,259,0.194408,0.008748,0.045000
z_0100_579.000000.png,#f0ed97,3438,2.580597,0.116127,0.045000
z_0100_579.000000.png,#fcbf79,2801,2.102458,0.094611,0.045000
z_0101_580.000000.png,#03fc5a,151,0.113342,0.005100,0.045000
z_0101_580.000000.png,#15d445,1320,0.990805,0.044586,0.045000
z_0101_580.000000.png,#374a29,957,0.718334,0.032325,0.045000
z_0101_580.000000.png,#47964c,4659,3.497091,0.157369,0.045000
z_0101_580.000000.png,#75a832,5952,4.467630,0.201043,0.045000
z_0101_580.000000.png,#8a4334,3161,2.372678,0.106771,0.045000
z_0101_580.000000.png,#a178ad,117,0.087821,0.003952,0.045000
z_0101_580.000000.png,#a85e32,7999,6.004128,0.270186,0.045000
z_0101_580.000000.png,#b452ff,1721,1.291800,0.058131,0.045000
z_0101_580.000000.png,#c9fa5f,643,0.482642,0.021719,0.045000
z_0101_580.000000.png,#ce24d4,3870,2.904860,0.130719,0.045000
z_0101_580.000000.png,#d41515,215,0.161381,0.007262,0.045000
z_0101_580.000000.png,#f0ed97,3013,2.261588,0.101771,0.045000
z_0101_580.000000.png,#fcbf79,4001,3.003190,0.135144,0.045000
z_0102_581.000000.png,#03fc5a,154,0.115594,0.005202,0.045000
z_0102_581.000000.png,#15d445,1366,1.025333,0.046140,0.045000
z_0102_581.000000.png,#374a29,957,0.718334,0.032325,0.045000
z_0102_581.000000.png,#47964c,4694,3.523363,0.158551,0.045000
z_0102_581.000000.png,#75a832,5962,4.475136,0.201381,0.045000
z_0102_581.000000.png,#8a4334,3166,2.376431,0.106939,0.045000
z_0102_581.000000.png,#a178ad,115,0.086320,0.003884,0.045000
z_0102_581.000000.png,#a85e32,8015,6.016138,0.270726,0.045000
z_0102_581.000000.png,#b452ff,1724,1.294051,0.058232,0.045000
z_0102_581.000000.png,#c9fa5f,641,0.481141,0.021651,0.045000
z_0102_581.000000.png,#ce24d4,3858,2.895853,0.130313,0.045000
z_0102_581.000000.png,#d41515,211,0.158379,0.007127,0.045000
z_0102_581.000000.png,#f0ed97,3024,2.269844,0.102143,0.045000
z_0102_581.000000.png,#fcbf79,4004,3.005442,0.135245,0.045000
z_0103_582.000000.png,#03fc5a,200,0.150122,0.006755,0.045000
z_0103_582.000000.png,#15d445,1669,1.252768,0.056375,0.045000
z_0103_582.000000.png,#374a29,993,0.745356,0.033541,0.045000
z_0103_582.000000.png,#47964c,5609,4.210171,0.189458,0.045000
z_0103_582.000000.png,#75a832,5995,4.499906,0.202496,0.045000
z_0103_582.000000.png,#8a4334,3459,2.596360,0.116836,0.045000
z_0103_582.000000.png,#a85e32,8029,6.026647,0.271199,0.045000
z_0103_582.000000.png,#b452ff,1827,1.371364,0.061711,0.045000
z_0103_582.000000.png,#c9fa5f,708,0.531432,0.023914,0.045000
z_0103_582.000000.png,#ce24d4,2952,2.215800,0.099711,0.045000
z_0103_582.000000.png,#d41515,199,0.149371,0.006722,0.045000
z_0103_582.000000.png,#f0ed97,2809,2.108463,0.094881,0.045000
z_0103_582.000000.png,#fcbf79,4228,3.173579,0.142811,0.045000
z_0104_583.000000.png,#03fc5a,185,0.138863,0.006249,0.045000
z_0104_583.000000.png,#15d445,1815,1.362357,0.061306,0.045000
z_0104_583.000000.png,#374a29,1008,0.756615,0.034048,0.045000
z_0104_583.000000.png,#47964c,4225,3.171327,0.142710,0.045000
z_0104_583.000000.png,#75a832,6135,4.604992,0.207225,0.045000
z_0104_583.000000.png,#8a4334,3664,2.750235,0.123761,0.045000
z_0104_583.000000.png,#a85e32,7922,5.946331,0.267585,0.045000
z_0104_583.000000.png,#b452ff,1901,1.426909,0.064211,0.045000
z_0104_583.000000.png,#c9fa5f,764,0.573466,0.025806,0.045000
z_0104_583.000000.png,#ce24d4,2127,1.596547,0.071845,0.045000
z_0104_583.000000.png,#d41515,195,0.146369,0.006587,0.045000
z_0104_583.000000.png,#f0ed97,2809,2.108463,0.094881,0.045000
z_0104_583.000000.png,#fcbf79,4621,3.468568,0.156086,0.045000
z_0105_584.000000.png,#03fc5a,103,0.077313,0.003479,0.045000
z_0105_584.000000.png,#15d445,1993,1.495965,0.067318,0.045000
z_0105_584.000000.png,#374a29,945,0.709326,0.031920,0.045000
z_0105_584.000000.png,#47964c,4409,3.309439,0.148925,0.045000
z_0105_584.000000.png,#75a832,5991,4.496904,0.202361,0.045000
z_0105_584.000000.png,#8a4334,3910,2.934885,0.132070,0.045000
z_0105_584.000000.png,#a85e32,7578,5.688122,0.255965,0.045000
z_0105_584.000000.png,#b452ff,1930,1.448677,0.065190,0.045000
z_0105_584.000000.png,#c9fa5f,971,0.728842,0.032798,0.045000
z_0105_584.000000.png,#ce24d4,1935,1.452430,0.065359,0.045000
z_0105_584.000000.png,#d41515,162,0.121599,0.005472,0.045000
z_0105_584.000000.png,#f0ed97,2528,1.897542,0.085389,0.045000
z_0105_584.000000.png,#fcbf79,4944,3.711015,0.166996,0.045000
z_0106_585.000000.png,#03fc5a,150,0.112591,0.005067,0.045000
z_0106_585.000000.png,#15d445,3841,2.883093,0.129739,0.045000
z_0106_585.000000.png,#374a29,919,0.689810,0.031041,0.045000
z_0106_585.000000.png,#47964c,4585,3.441546,0.154870,0.045000
z_0106_585.000000.png,#75a832,6748,5.065115,0.227930,0.045000
z_0106_585.000000.png,#8a4334,4239,3.181835,0.143183,0.045000
z_0106_585.000000.png,#a85e32,7280,5.464440,0.245900,0.045000
z_0106_585.000000.png,#b452ff,1814,1.361606,0.061272,0.045000
z_0106_585.000000.png,#c9fa5f,1133,0.850441,0.038270,0.045000
z_0106_585.000000.png,#ce24d4,2052,1.540251,0.069311,0.045000
z_0106_585.000000.png,#d41515,150,0.112591,0.005067,0.045000
z_0106_585.000000.png,#f0ed97,2339,1.755676,0.079005,0.045000
z_0106_585.000000.png,#fcbf79,5146,3.862638,0.173819,0.045000
z_0107_586.000000.png,#03fc5a,150,0.112591,0.005067,0.045000
z_0107_586.000000.png,#15d445,3836,2.879339,0.129570,0.045000
z_0107_586.000000.png,#374a29,911,0.683806,0.030771,0.045000
z_0107_586.000000.png,#47964c,4587,3.443047,0.154937,0.045000
z_0107_586.000000.png,#75a832,6735,5.055357,0.227491,0.045000
z_0107_586.000000.png,#8a4334,4254,3.193094,0.143689,0.045000
z_0107_586.000000.png,#a85e32,7266,5.453931,0.245427,0.045000
z_0107_586.000000.png,#b452ff,1821,1.366861,0.061509,0.045000
z_0107_586.000000.png,#c9fa5f,1139,0.854945,0.038473,0.045000
z_0107_586.000000.png,#ce24d4,2042,1.532745,0.068974,0.045000
z_0107_586.000000.png,#d41515,150,0.112591,0.005067,0.045000
z_0107_586.000000.png,#f0ed97,2320,1.741415,0.078364,0.045000
z_0107_586.000000.png,#fcbf79,5140,3.858135,0.173616,0.045000
z_0108_587.000000.png,#03fc5a,114,0.085570,0.003851,0.045000
z_0108_587.000000.png,#15d445,2911,2.185025,0.098326,0.045000
z_0108_587.000000.png,#374a29,765,0.574217,0.025840,0.045000
z_0108_587.000000.png,#47964c,5071,3.806343,0.171285,0.045000
z_0108_587.000000.png,#75a832,7159,5.373616,0.241813,0.045000
z_0108_587.000000.png,#8a4334,4592,3.446801,0.155106,0.045000
z_0108_587.000000.png,#a85e32,6732,5.053106,0.227390,0.045000
z_0108_587.000000.png,#b1d415,381,0.285982,0.012869,0.045000
z_0108_587.000000.png,#b452ff,1700,1.276037,0.057422,0.045000
z_0108_587.000000.png,#c9fa5f,1458,1.094389,0.049248,0.045000
z_0108_587.000000.png,#ce24d4,2181,1.637080,0.073669,0.045000
z_0108_587.000000.png,#d41515,107,0.080315,0.003614,0.045000
z_0108_587.000000.png,#f0ed97,4601,3.453556,0.155410,0.045000
z_0108_587.000000.png,#fcbf79,5404,4.056296,0.182533,0.045000
z_0109_588.000000.png,#03fc5a,92,0.069056,0.003108,0.045000
z_0109_588.000000.png,#15d445,2456,1.843498,0.082957,0.045000
z_0109_588.000000.png,#374a29,734,0.550948,0.024793,0.045000
z_0109_588.000000.png,#47964c,5276,3.960218,0.178210,0.045000
z_0109_588.000000.png,#75a832,7866,5.904297,0.265693,0.045000
z_0109_588.000000.png,#8a4334,4755,3.569150,0.160612,0.045000
z_0109_588.000000.png,#a85e32,6871,5.157440,0.232085,0.045000
z_0109_588.000000.png,#b452ff,1625,1.219741,0.054888,0.045000
z_0109_588.000000.png,#c9fa5f,1378,1.034340,0.046545,0.045000
z_0109_588.000000.png,#ce24d4,2409,1.808219,0.081370,0.045000
z_0109_588.000000.png,#d41515,89,0.066804,0.003006,0.045000
z_0109_588.000000.png,#f0ed97,4653,3.492588,0.157166,0.045000
z_0109_588.000000.png,#fcbf79,5181,3.888910,0.175001,0.045000
z_0110_589.000000.png,#03fc5a,76,0.057046,0.002567,0.045000
z_0110_589.000000.png,#15d445,2017,1.513980,0.068129,0.045000
z_0110_589.000000.png,#374a29,656,0.492400,0.022158,0.045000
z_0110_589.000000.png,#47964c,5277,3.960968,0.178244,0.045000
z_0110_589.000000.png,#75a832,8181,6.140739,0.276333,0.045000
z_0110_589.000000.png,#8a4334,4766,3.577407,0.160983,0.045000
z_0110_589.000000.png,#a85e32,6951,5.217489,0.234787,0.045000
z_0110_589.000000.png,#b452ff,1615,1.212235,0.054551,0.045000
z_0110_589.000000.png,#c9fa5f,1100,0.825671,0.037155,0.045000
z_0110_589.000000.png,#ce24d4,3122,2.343404,0.105453,0.045000
z_0110_589.000000.png,#d41515,121,0.090824,0.004087,0.045000
z_0110_589.000000.png,#f0ed97,4880,3.662976,0.164834,0.045000
z_0110_589.000000.png,#fcbf79,4923,3.695252,0.166286,0.045000
z_0111_590.000000.png,#03fc5a,72,0.054044,0.002432,0.045000
z_0111_590.000000.png,#15d445,1705,1.279790,0.057591,0.045000
z_0111_590.000000.png,#374a29,617,0.463126,0.020841,0.045000
z_0111_590.000000.png,#47964c,5172,3.882154,0.174697,0.045000
z_0111_590.000000.png,#75a832,8144,6.112967,0.275084,0.045000
z_0111_590.000000.png,#8a4334,4740,3.557891,0.160105,0.045000
z_0111_590.000000.png,#a85e32,7181,5.390129,0.242556,0.045000
z_0111_590.000000.png,#b452ff,1640,1.231000,0.055395,0.045000
z_0111_590.000000.png,#c9fa5f,887,0.665791,0.029961,0.045000
z_0111_590.000000.png,#ce24d4,3882,2.913868,0.131124,0.045000
z_0111_590.000000.png,#d41515,134,0.100582,0.004526,0.045000
z_0111_590.000000.png,#ed755c,67,0.050291,0.002263,0.045000
z_0111_590.000000.png,#f0ed97,5067,3.803340,0.171150,0.045000
z_0111_590.000000.png,#fcbf79,4776,3.584913,0.161321,0.045000
z_0112_591.000000.png,#03fc5a,52,0.039032,0.001756,0.045000
z_0112_591.000000.png,#15d445,1501,1.126665,0.050700,0.045000
z_0112_591.000000.png,#374a29,610,0.457872,0.020604,0.045000
z_0112_591.000000.png,#47964c,7235,5.430662,0.244380,0.045000
z_0112_591.000000.png,#75a832,7785,5.843498,0.262957,0.045000
z_0112_591.000000.png,#8a4334,4703,3.530118,0.158855,0.045000
z_0112_591.000000.png,#a85e32,7510,5.637080,0.253669,0.045000
z_0112_591.000000.png,#b452ff,1655,1.242259,0.055902,0.045000
z_0112_591.000000.png,#c9fa5f,779,0.584725,0.026313,0.045000
z_0112_591.000000.png,#ce24d4,4463,3.349972,0.150749,0.045000
z_0112_591.000000.png,#d41515,138,0.103584,0.004661,0.045000
z_0112_591.000000.png,#ed755c,58,0.043535,0.001959,0.045000
z_0112_591.000000.png,#f0ed97,5306,3.982736,0.179223,0.045000
z_0112_591.000000.png,#fcbf79,4509,3.384500,0.152302,0.045000
z_0113_592.000000.png,#03fc5a,52,0.039032,0.001756,0.045000
z_0113_592.000000.png,#15d445,1183,0.887971,0.039959,0.045000
z_0113_592.000000.png,#374a29,602,0.451867,0.020334,0.045000
z_0113_592.000000.png,#47964c,7134,5.354851,0.240968,0.045000
z_0113_592.000000.png,#75a832,7262,5.450929,0.245292,0.045000
z_0113_592.000000.png,#8a4334,4574,3.433290,0.154498,0.045000
z_0113_592.000000.png,#a85e32,7671,5.757928,0.259107,0.045000
z_0113_592.000000.png,#b452ff,1822,1.367611,0.061543,0.045000
z_0113_592.000000.png,#c9fa5f,698,0.523926,0.023577,0.045000
z_0113_592.000000.png,#ce24d4,5009,3.759805,0.169191,0.045000
z_0113_592.000000.png,#d41515,145,0.108838,0.004898,0.045000
z_0113_592.000000.png,#ed755c,63,0.047288,0.002128,0.045000
z_0113_592.000000.png,#f0ed97,5832,4.377557,0.196990,0.045000
z_0113_592.000000.png,#fcbf79,4498,3.376243,0.151931,0.045000
z_0114_593.000000.png,#03fc5a,49,0.036780,0.001655,0.045000
z_0114_593.000000.png,#15d445,887,0.665791,0.029961,0.045000
z_0114_593.000000.png,#374a29,574,0.430850,0.019388,0.045000
z_0114_593.000000.png,#47964c,8004,6.007881,0.270355,0.045000
z_0114_593.000000.png,#75a832,6454,4.844436,0.218000,0.045000
z_0114_593.000000.png,#8a4334,4420,3.317696,0.149296,0.045000
z_0114_593.000000.png,#a85e32,7835,5.881028,0.264646,0.045000
z_0114_593.000000.png,#b452ff,1879,1.410396,0.063468,0.045000
z_0114_593.000000.png,#c9fa5f,677,0.508163,0.022867,0.045000
z_0114_593.000000.png,#ce24d4,5573,4.183149,0.188242,0.045000
z_0114_593.000000.png,#d41515,169,0.126853,0.005708,0.045000
z_0114_593.000000.png,#ed755c,46,0.034528,0.001554,0.045000
z_0114_593.000000.png,#f0ed97,6130,4.601239,0.207056,0.045000
z_0114_593.000000.png,#fcbf79,4385,3.291424,0.148114,0.045000
z_0115_594.000000.png,#03fc5a,49,0.036780,0.001655,0.045000
z_0115_594.000000.png,#15d445,889,0.667292,0.030028,0.045000
z_0115_594.000000.png,#374a29,575,0.431601,0.019422,0.045000
z_0115_594.000000.png,#47964c,8016,6.016889,0.270760,0.045000
z_0115_594.000000.png,#75a832,6459,4.848189,0.218169,0.045000
z_0115_594.000000.png,#8a4334,4373,3.282417,0.147709,0.045000
z_0115_594.000000.png,#a85e32,7838,5.883280,0.264748,0.045000
z_0115_594.000000.png,#b452ff,1867,1.401389,0.063062,0.045000
z_0115_594.000000.png,#c9fa5f,689,0.517170,0.023273,0.045000
z_0115_594.000000.png,#ce24d4,5601,4.204166,0.189187,0.045000
z_0115_594.000000.png,#d41515,171,0.128354,0.005776,0.045000
z_0115_594.000000.png,#ed755c,46,0.034528,0.001554,0.045000
z_0115_594.000000.png,#f0ed97,6143,4.610996,0.207495,0.045000
z_0115_594.000000.png,#fcbf79,4352,3.266654,0.146999,0.045000
z_0116_595.000000.png,#03fc5a,68,0.051041,0.002297,0.045000
z_0116_595.000000.png,#15d445,563,0.422593,0.019017,0.045000
z_0116_595.000000.png,#374a29,649,0.487146,0.021922,0.045000
z_0116_595.000000.png,#47964c,7723,5.796960,0.260863,0.045000
z_0116_595.000000.png,#75a832,5499,4.127604,0.185742,0.045000
z_0116_595.000000.png,#8a4334,3703,2.779508,0.125078,0.045000
z_0116_595.000000.png,#a85e32,7783,5.841997,0.262890,0.045000
z_0116_595.000000.png,#b452ff,1814,1.361606,0.061272,0.045000
z_0116_595.000000.png,#c9fa5f,721,0.541190,0.024354,0.045000
z_0116_595.000000.png,#ce24d4,6907,5.184462,0.233301,0.045000
z_0116_595.000000.png,#d41515,228,0.171139,0.007701,0.045000
z_0116_595.000000.png,#ed755c,26,0.019516,0.000878,0.045000
z_0116_595.000000.png,#f0ed97,6586,4.943517,0.222458,0.045000
z_0116_595.000000.png,#fcbf79,3645,2.735973,0.123119,0.045000
z_0117_596.000000.png,#03fc5a,213,0.159880,0.007195,0.045000
z_0117_596.000000.png,#15d445,593,0.445112,0.020030,0.045000
z_0117_596.000000.png,#374a29,698,0.523926,0.023577,0.045000
z_0117_596.000000.png,#47964c,7501,5.630325,0.253365,0.045000
z_0117_596.000000.png,#6c1273,122,0.091574,0.004121,0.045000
z_0117_596.000000.png,#75a832,5478,4.111841,0.185033,0.045000
z_0117_596.000000.png,#8a4334,3465,2.600863,0.117039,0.045000
z_0117_596.000000.png,#a85e32,7691,5.772941,0.259782,0.045000
z_0117_596.000000.png,#b452ff,1805,1.354851,0.060968,0.045000
z_0117_596.000000.png,#c9fa5f,775,0.581723,0.026178,0.045000
z_0117_596.000000.png,#ce24d4,7832,5.878777,0.264545,0.045000
z_0117_596.000000.png,#d41515,256,0.192156,0.008647,0.045000
z_0117_596.000000.png,#f0ed97,6528,4.899981,0.220499,0.045000
z_0117_596.000000.png,#fcbf79,3209,2.408707,0.108392,0.045000
z_0118_597.000000.png,#03fc5a,296,0.222181,0.009998,0.045000
z_0118_597.000000.png,#15d445,581,0.436104,0.019625,0.045000
z_0118_597.000000.png,#374a29,760,0.570464,0.025671,0.045000
z_0118_597.000000.png,#47964c,7379,5.538750,0.249244,0.045000
z_0118_597.000000.png,#6c1273,360,0.270220,0.012160,0.045000
z_0118_597.000000.png,#75a832,5408,4.059298,0.182668,0.045000
z_0118_597.000000.png,#8a4334,3611,2.710452,0.121970,0.045000
z_0118_597.000000.png,#a85e32,7566,5.679114,0.255560,0.045000
z_0118_597.000000.png,#b452ff,1817,1.363858,0.061374,0.045000
z_0118_597.000000.png,#c9fa5f,909,0.682304,0.030704,0.045000
z_0118_597.000000.png,#ce24d4,8588,6.446238,0.290081,0.045000
z_0118_597.000000.png,#d41515,292,0.219178,0.009863,0.045000
z_0118_597.000000.png,#f0ed97,6581,4.939764,0.222289,0.045000
z_0118_597.000000.png,#fcbf79,3029,2.273597,0.102312,0.045000
z_0119_598.000000.png,#03fc5a,363,0.272471,0.012261,0.045000
z_0119_598.000000.png,#15d445,515,0.386564,0.017395,0.045000
z_0119_598.000000.png,#374a29,843,0.632764,0.028474,0.045000
z_0119_598.000000.png,#47964c,7343,5.511728,0.248028,0.045000
z_0119_598.000000.png,#6c1273,788,0.591481,0.026617,0.045000
z_0119_598.000000.png,#75a832,5435,4.079565,0.183580,0.045000
z_0119_598.000000.png,#8a4334,3937,2.955151,0.132982,0.045000
z_0119_598.000000.png,#a85e32,7381,5.540251,0.249311,0.045000
z_0119_598.000000.png,#b452ff,1885,1.414900,0.063670,0.045000
z_0119_598.000000.png,#c9fa5f,1065,0.799400,0.035973,0.045000
z_0119_598.000000.png,#ce24d4,9255,6.946894,0.312610,0.045000
z_0119_598.000000.png,#d41515,308,0.231188,0.010403,0.045000
z_0119_598.000000.png,#f0ed97,6543,4.911240,0.221006,0.045000
z_0119_598.000000.png,#fcbf79,2937,2.204541,0.099204,0.045000
z_0120_599.000000.png,#03fc5a,428,0.321261,0.014457,0.045000
z_0120_599.000000.png,#15d445,429,0.322012,0.014491,0.045000
z_0120_599.000000.png,#374a29,1003,0.752862,0.033879,0.045000
z_0120_599.000000.png,#47964c,7151,5.367611,0.241543,0.045000
z_0120_599.000000.png,#6c1273,1210,0.908238,0.040871,0.045000
z_0120_599.000000.png,#75a832,4605,3.456558,0.155545,0.045000
z_0120_599.000000.png,#86a863,176,0.132107,0.005945,0.045000
z_0120_599.000000.png,#8a4334,4343,3.259899,0.146695,0.045000
z_0120_599.000000.png,#a85e32,6976,5.236254,0.235631,0.045000
z_0120_599.000000.png,#b1d415,1794,1.346594,0.060597,0.045000
z_0120_599.000000.png,#b452ff,1879,1.410396,0.063468,0.045000
z_0120_599.000000.png,#c9fa5f,1314,0.986301,0.044384,0.045000
z_0120_599.000000.png,#ce24d4,9487,7.121036,0.320447,0.045000
z_0120_599.000000.png,#d41515,345,0.258960,0.011653,0.045000
z_0120_599.000000.png,#f0ed97,6549,4.915744,0.221208,0.045000
z_0120_599.000000.png,#fcbf79,2721,2.042409,0.091908,0.045000
z_0121_600.000000.png,#03fc5a,506,0.379809,0.017091,0.045000
z_0121_600.000000.png,#15d445,338,0.253706,0.011417,0.045000
z_0121_600.000000.png,#374a29,1195,0.896979,0.040364,0.045000
z_0121_600.000000.png,#47964c,7076,5.311315,0.239009,0.045000
z_0121_600.000000.png,#6c1273,1890,1.418653,0.063839,0.045000
z_0121_600.000000.png,#75a832,4462,3.349221,0.150715,0.045000
z_0121_600.000000.png,#86a863,303,0.227435,0.010235,0.045000
z_0121_600.000000.png,#8a4334,4686,3.517358,0.158281,0.045000
z_0121_600.000000.png,#a85e32,6653,4.993807,0.224721,0.045000
z_0121_600.000000.png,#b1d415,1566,1.175455,0.052895,0.045000
z_0121_600.000000.png,#b452ff,1790,1.343592,0.060462,0.045000
z_0121_600.000000.png,#c9fa5f,1502,1.127416,0.050734,0.045000
z_0121_600.000000.png,#ce24d4,10150,7.618690,0.342841,0.045000
z_0121_600.000000.png,#d41515,405,0.303997,0.013680,0.045000
z_0121_600.000000.png,#f0ed97,6083,4.565960,0.205468,0.045000
z_0121_600.000000.png,#fcbf79,2471,1.854757,0.083464,0.045000
z_0122_601.000000.png,#03fc5a,582,0.436855,0.019658,0.045000
z_0122_601.000000.png,#15d445,87,0.065303,0.002939,0.045000
z_0122_601.000000.png,#374a29,1484,1.113905,0.050126,0.045000
z_0122_601.000000.png,#47964c,822,0.617001,0.027765,0.045000
z_0122_601.000000.png,#6c1273,2666,2.001126,0.090051,0.045000
z_0122_601.000000.png,#75a832,4475,3.358979,0.151154,0.045000
z_0122_601.000000.png,#86a863,485,0.364046,0.016382,0.045000
z_0122_601.000000.png,#8a4334,5113,3.837868,0.172704,0.045000
z_0122_601.000000.png,#a85e32,5900,4.428598,0.199287,0.045000
z_0122_601.000000.png,#b452ff,1652,1.240008,0.055800,0.045000
z_0122_601.000000.png,#c9fa5f,1743,1.308313,0.058874,0.045000
z_0122_601.000000.png,#ce24d4,10491,7.874648,0.354359,0.045000
z_0122_601.000000.png,#d41515,773,0.580221,0.026110,0.045000
z_0122_601.000000.png,#ed755c,110,0.082567,0.003716,0.045000
z_0122_601.000000.png,#f0ed97,5517,4.141115,0.186350,0.045000
z_0122_601.000000.png,#fcbf79,2293,1.721148,0.077452,0.045000
z_0123_602.000000.png,#03fc5a,601,0.451117,0.020300,0.045000
z_0123_602.000000.png,#15d445,78,0.058548,0.002635,0.045000
z_0123_602.000000.png,#374a29,1555,1.167198,0.052524,0.045000
z_0123_602.000000.png,#47964c,921,0.691312,0.031109,0.045000
z_0123_602.000000.png,#6c1273,3018,2.265341,0.101940,0.045000
z_0123_602.000000.png,#75a832,4177,3.135297,0.141088,0.045000
z_0123_602.000000.png,#86a863,532,0.399324,0.017970,0.045000
z_0123_602.000000.png,#8a4334,5051,3.791330,0.170610,0.045000
z_0123_602.000000.png,#a85e32,5679,4.262713,0.191822,0.045000
z_0123_602.000000.png,#b452ff,1636,1.227998,0.055260,0.045000
z_0123_602.000000.png,#c9fa5f,1621,1.216739,0.054753,0.045000
z_0123_602.000000.png,#ce24d4,10605,7.960218,0.358210,0.045000
z_0123_602.000000.png,#d41515,874,0.656033,0.029521,0.045000
z_0123_602.000000.png,#ed755c,297,0.222931,0.010032,0.045000
z_0123_602.000000.png,#f0ed97,5201,3.903922,0.175676,0.045000
z_0123_602.000000.png,#fcbf79,2300,1.726403,0.077688,0.045000
z_0124_603.000000.png,#03fc5a,611,0.458623,0.020638,0.045000
z_0124_603.000000.png,#15d445,78,0.058548,0.002635,0.045000
z_0124_603.000000.png,#374a29,1544,1.158942,0.052152,0.045000
z_0124_603.000000.png,#47964c,918,0.689060,0.031008,0.045000
z_0124_603.000000.png,#6c1273,3009,2.258585,0.101636,0.045000
z_0124_603.000000.png,#75a832,4185,3.141302,0.141359,0.045000
z_0124_603.000000.png,#86a863,532,0.399324,0.017970,0.045000
z_0124_603.000000.png,#8a4334,5064,3.801088,0.171049,0.045000
z_0124_603.000000.png,#a85e32,5672,4.257459,0.191586,0.045000
z_0124_603.000000.png,#b452ff,1640,1.231000,0.055395,0.045000
z_0124_603.000000.png,#c9fa5f,1631,1.224245,0.055091,0.045000
z_0124_603.000000.png,#ce24d4,10607,7.961719,0.358277,0.045000
z_0124_603.000000.png,#d41515,875,0.656784,0.029555,0.045000
z_0124_603.000000.png,#ed755c,295,0.221430,0.009964,0.045000
z_0124_603.000000.png,#f0ed97,5216,3.915181,0.176183,0.045000
z_0124_603.000000.png,#fcbf79,2302,1.727904,0.077756,0.045000
z_0125_604.000000.png,#03fc5a,694,0.520923,0.023442,0.045000
z_0125_604.000000.png,#374a29,1268,0.951773,0.042830,0.045000
z_0125_604.000000.png,#47964c,1438,1.079377,0.048572,0.045000
z_0125_604.000000.png,#6c1273,3090,2.319384,0.104372,0.045000
z_0125_604.000000.png,#75a832,4436,3.329705,0.149837,0.045000
z_0125_604.000000.png,#86a863,850,0.638018,0.028711,0.045000
z_0125_604.000000.png,#8a4334,4833,3.627698,0.163246,0.045000
z_0125_604.000000.png,#a85e32,4497,3.375493,0.151897,0.045000
z_0125_604.000000.png,#b452ff,1279,0.960030,0.043201,0.045000
z_0125_604.000000.png,#c9fa5f,1864,1.399137,0.062961,0.045000
z_0125_604.000000.png,#ce24d4,10214,7.666729,0.345003,0.045000
z_0125_604.000000.png,#d41515,1045,0.784387,0.035297,0.045000
z_0125_604.000000.png,#ed755c,892,0.669544,0.030129,0.045000
z_0125_604.000000.png,#f0ed97,4836,3.629949,0.163348,0.045000
z_0125_604.000000.png,#fcbf79,2438,1.829987,0.082349,0.045000
z_0126_605.000000.png,#03fc5a,695,0.521674,0.023475,0.045000
z_0126_605.000000.png,#374a29,1271,0.954025,0.042931,0.045000
z_0126_605.000000.png,#47964c,1432,1.074873,0.048369,0.045000
z_0126_605.000000.png,#6c1273,3134,2.352411,0.105859,0.045000
z_0126_605.000000.png,#75a832,4445,3.336461,0.150141,0.045000
z_0126_605.000000.png,#86a863,861,0.646275,0.029082,0.045000
z_0126_605.000000.png,#8a4334,4873,3.657722,0.164597,0.045000
z_0126_605.000000.png,#a85e32,4502,3.379246,0.152066,0.045000
z_0126_605.000000.png,#b452ff,1266,0.950272,0.042762,0.045000
z_0126_605.000000.png,#c9fa5f,1899,1.425408,0.064143,0.045000
z_0126_605.000000.png,#ce24d4,10213,7.665979,0.344969,0.045000
z_0126_605.000000.png,#d41515,1042,0.782135,0.035196,0.045000
z_0126_605.000000.png,#ed755c,892,0.669544,0.030129,0.045000
z_0126_605.000000.png,#f0ed97,4864,3.650966,0.164293,0.045000
z_0126_605.000000.png,#fcbf79,2439,1.830737,0.082383,0.045000
z_0127_606.000000.png,#03fc5a,717,0.538187,0.024218,0.045000
z_0127_606.000000.png,#374a29,1339,1.005067,0.045228,0.045000
z_0127_606.000000.png,#47964c,1399,1.050103,0.047255,0.045000
z_0127_606.000000.png,#6c1273,3137,2.354663,0.105960,0.045000
z_0127_606.000000.png,#75a832,4558,3.421280,0.153958,0.045000
z_0127_606.000000.png,#86a863,891,0.668793,0.030096,0.045000
z_0127_606.000000.png,#8a4334,4533,3.402515,0.153113,0.045000
z_0127_606.000000.png,#a85e32,3934,2.952899,0.132880,0.045000
z_0127_606.000000.png,#b452ff,1309,0.982548,0.044215,0.045000
z_0127_606.000000.png,#c9fa5f,2076,1.558266,0.070122,0.045000
z_0127_606.000000.png,#ce24d4,9676,7.262901,0.326831,0.045000
z_0127_606.000000.png,#d41515,985,0.739351,0.033271,0.045000
z_0127_606.000000.png,#ed755c,1049,0.787390,0.035433,0.045000
z_0127_606.000000.png,#f0ed97,5040,3.783074,0.170238,0.045000
z_0127_606.000000.png,#fcbf79,2497,1.874273,0.084342,0.045000
z_0128_607.000000.png,#03fc5a,718,0.538938,0.024252,0.045000
z_0128_607.000000.png,#374a29,1434,1.076375,0.048437,0.045000
z_0128_607.000000.png,#47964c,1478,1.109401,0.049923,0.045000
z_0128_607.000000.png,#6c1273,3341,2.507788,0.112850,0.045000
z_0128_607.000000.png,#75a832,4851,3.641208,0.163854,0.045000
z_0128_607.000000.png,#86a863,889,0.667292,0.030028,0.045000
z_0128_607.000000.png,#8a4334,4288,3.218615,0.144838,0.045000
z_0128_607.000000.png,#a85e32,3460,2.597110,0.116870,0.045000
z_0128_607.000000.png,#b452ff,1309,0.982548,0.044215,0.045000
z_0128_607.000000.png,#c9fa5f,2072,1.555264,0.069987,0.045000
z_0128_607.000000.png,#ce24d4,9127,6.850816,0.308287,0.045000
z_0128_607.000000.png,#d41515,857,0.643273,0.028947,0.045000
z_0128_607.000000.png,#ed755c,1134,0.851192,0.038304,0.045000
z_0128_607.000000.png,#f0ed97,5386,4.042785,0.181925,0.045000
z_0128_607.000000.png,#fcbf79,2450,1.838994,0.082755,0.045000
z_0129_608.000000.png,#03fc5a,762,0.571965,0.025738,0.045000
z_0129_608.000000.png,#374a29,1538,1.154438,0.051950,0.045000
z_0129_608.000000.png,#47964c,1646,1.235504,0.055598,0.045000
z_0129_608.000000.png,#6c1273,3554,2.667667,0.120045,0.045000
z_0129_608.000000.png,#75a832,4610,3.460312,0.155714,0.045000
z_0129_608.000000.png,#86a863,833,0.625258,0.028137,0.045000
z_0129_608.000000.png,#8a4334,4420,3.317696,0.149296,0.045000
z_0129_608.000000.png,#a85e32,3077,2.309627,0.103933,0.045000
z_0129_608.000000.png,#b452ff,1296,0.972790,0.043776,0.045000
z_0129_608.000000.png,#c9fa5f,1538,1.154438,0.051950,0.045000
z_0129_608.000000.png,#ce24d4,8228,6.176018,0.277921,0.045000
z_0129_608.000000.png,#d41515,849,0.637268,0.028677,0.045000
z_0129_608.000000.png,#ed755c,1218,0.914243,0.041141,0.045000
z_0129_608.000000.png,#f0ed97,6005,4.507412,0.202834,0.045000
z_0129_608.000000.png,#f5b942,61,0.045787,0.002060,0.045000
z_0129_608.000000.png,#fcbf79,2414,1.811972,0.081539,0.045000
z_0130_609.000000.png,#03fc5a,916,0.687559,0.030940,0.045000
z_0130_609.000000.png,#374a29,1419,1.065115,0.047930,0.045000
z_0130_609.000000.png,#47964c,1737,1.303809,0.058671,0.045000
z_0130_609.000000.png,#6c1273,3694,2.772753,0.124774,0.045000
z_0130_609.000000.png,#75a832,5568,4.179396,0.188073,0.045000
z_0130_609.000000.png,#86a863,821,0.616251,0.027731,0.045000
z_0130_609.000000.png,#8a4334,4802,3.604429,0.162199,0.045000
z_0130_609.000000.png,#a178ad,128,0.096078,0.004324,0.045000
z_0130_609.000000.png,#a85e32,2632,1.975605,0.088902,0.045000
z_0130_609.000000.png,#b452ff,1234,0.926253,0.041681,0.045000
z_0130_609.000000.png,#c9fa5f,1228,0.921749,0.041479,0.045000
z_0130_609.000000.png,#ce24d4,6243,4.686057,0.210873,0.045000
z_0130_609.000000.png,#d41515,849,0.637268,0.028677,0.045000
z_0130_609.000000.png,#ed755c,842,0.632014,0.028441,0.045000
z_0130_609.000000.png,#f0ed97,6774,5.084631,0.228808,0.045000
z_0130_609.000000.png,#f5b942,124,0.093076,0.004188,0.045000
z_0130_609.000000.png,#fcbf79,2197,1.649090,0.074209,0.045000
z_0131_610.000000.png,#03fc5a,920,0.690561,0.031075,0.045000
z_0131_610.000000.png,#374a29,1413,1.060612,0.047728,0.045000
z_0131_610.000000.png,#47964c,1731,1.299306,0.058469,0.045000
z_0131_610.000000.png,#6c1273,3686,2.766748,0.124504,0.045000
z_0131_610.000000.png,#75a832,5572,4.182398,0.188208,0.045000
z_0131_610.000000.png,#86a863,825,0.619253,0.027866,0.045000
z_0131_610.000000.png,#8a4334,4797,3.600676,0.162030,0.045000
z_0131_610.000000.png,#a178ad,132,0.099081,0.004459,0.045000
z_0131_610.000000.png,#a85e32,2632,1.975605,0.088902,0.045000
z_0131_610.000000.png,#b452ff,1240,0.930756,0.041884,0.045000
z_0131_610.000000.png,#c9fa5f,1225,0.919497,0.041377,0.045000
z_0131_610.000000.png,#ce24d4,6180,4.638769,0.208745,0.045000
z_0131_610.000000.png,#d41515,847,0.635767,0.028609,0.045000
z_0131_610.000000.png,#ed755c,847,0.635767,0.028609,0.045000
z_0131_610.000000.png,#f0ed97,6795,5.100394,0.229518,0.045000
z_0131_610.000000.png,#f5b942,125,0.093826,0.004222,0.045000
z_0131_610.000000.png,#fcbf79,2187,1.641584,0.073871,0.045000
z_0132_611.000000.png,#03fc5a,1043,0.782886,0.035230,0.045000
z_0132_611.000000.png,#374a29,1436,1.077876,0.048504,0.045000
z_0132_611.000000.png,#47964c,1752,1.315068,0.059178,0.045000
z_0132_611.000000.png,#6c1273,3956,2.969413,0.133624,0.045000
z_0132_611.000000.png,#75a832,6297,4.726590,0.212697,0.045000
z_0132_611.000000.png,#86a863,946,0.710077,0.031953,0.045000
z_0132_611.000000.png,#8a4334,5144,3.861137,0.173751,0.045000
z_0132_611.000000.png,#a178ad,152,0.114093,0.005134,0.045000
z_0132_611.000000.png,#a85e32,2468,1.852505,0.083363,0.045000
z_0132_611.000000.png,#b452ff,1113,0.835429,0.037594,0.045000
z_0132_611.000000.png,#c9fa5f,1222,0.917245,0.041276,0.045000
z_0132_611.000000.png,#ce24d4,5126,3.847626,0.173143,0.045000
z_0132_611.000000.png,#d41515,828,0.621505,0.027968,0.045000
z_0132_611.000000.png,#ed755c,709,0.532182,0.023948,0.045000
z_0132_611.000000.png,#f0ed97,7173,5.384125,0.242286,0.045000
z_0132_611.000000.png,#fcbf79,2144,1.609308,0.072419,0.045000
z_0133_612.000000.png,#03fc5a,1072,0.804654,0.036209,0.045000
z_0133_612.000000.png,#374a29,1480,1.110903,0.049991,0.045000
z_0133_612.000000.png,#47964c,1732,1.300056,0.058503,0.045000
z_0133_612.000000.png,#6c1273,3997,3.000188,0.135008,0.045000
z_0133_612.000000.png,#75a832,6675,5.010321,0.225464,0.045000
z_0133_612.000000.png,#86a863,994,0.746106,0.033575,0.045000
z_0133_612.000000.png,#8a4334,5997,4.501407,0.202563,0.045000
z_0133_612.000000.png,#a178ad,290,0.217677,0.009795,0.045000
z_0133_612.000000.png,#a85e32,2310,1.733909,0.078026,0.045000
z_0133_612.000000.png,#b452ff,949,0.712329,0.032055,0.045000
z_0133_612.000000.png,#c9fa5f,1347,1.011071,0.045498,0.045000
z_0133_612.000000.png,#ce24d4,3934,2.952899,0.132880,0.045000
z_0133_612.000000.png,#d41515,784,0.588478,0.026482,0.045000
z_0133_612.000000.png,#ed755c,607,0.455620,0.020503,0.045000
z_0133_612.000000.png,#f0ed97,7331,5.502721,0.247622,0.045000
z_0133_612.000000.png,#fcbf79,2121,1.592044,0.071642,0.045000
z_0134_613.000000.png,#03fc5a,1132,0.849690,0.038236,0.045000
z_0134_613.000000.png,#374a29,1594,1.196472,0.053841,0.045000
z_0134_613.000000.png,#47964c,1937,1.453931,0.065427,0.045000
z_0134_613.000000.png,#6c1273,4065,3.051229,0.137305,0.045000
z_0134_613.000000.png,#75a832,6718,5.042597,0.226917,0.045000
z_0134_613.000000.png,#86a863,911,0.683806,0.030771,0.045000
z_0134_613.000000.png,#8a4334,6670,5.006568,0.225296,0.045000
z_0134_613.000000.png,#a178ad,110,0.082567,0.003716,0.045000
z_0134_613.000000.png,#a85e32,2186,1.640833,0.073837,0.045000
z_0134_613.000000.png,#b452ff,794,0.595984,0.026819,0.045000
z_0134_613.000000.png,#c9fa5f,1306,0.980296,0.044113,0.045000
z_0134_613.000000.png,#ce24d4,3038,2.280353,0.102616,0.045000
z_0134_613.000000.png,#d41515,718,0.538938,0.024252,0.045000
z_0134_613.000000.png,#ed755c,538,0.403828,0.018172,0.045000
z_0134_613.000000.png,#f0ed97,7412,5.563520,0.250358,0.045000
z_0134_613.000000.png,#fcbf79,2169,1.628073,0.073263,0.045000
z_0135_614.000000.png,#03fc5a,1287,0.966035,0.043472,0.045000
z_0135_614.000000.png,#374a29,1725,1.294802,0.058266,0.045000
z_0135_614.000000.png,#47964c,2086,1.565772,0.070460,0.045000
z_0135_614.000000.png,#6c1273,3991,2.995684,0.134806,0.045000
z_0135_614.000000.png,#75a832,6633,4.978795,0.224046,0.045000
z_0135_614.000000.png,#86a863,801,0.601239,0.027056,0.045000
z_0135_614.000000.png,#8a4334,7123,5.346594,0.240597,0.045000
z_0135_614.000000.png,#a178ad,141,0.105836,0.004763,0.045000
z_0135_614.000000.png,#a85e32,2126,1.595797,0.071811,0.045000
z_0135_614.000000.png,#b452ff,697,0.523175,0.023543,0.045000
z_0135_614.000000.png,#c9fa5f,1350,1.013323,0.045600,0.045000
z_0135_614.000000.png,#ce24d4,2692,2.020642,0.090929,0.045000
z_0135_614.000000.png,#d41515,540,0.405329,0.018240,0.045000
z_0135_614.000000.png,#ed755c,508,0.381310,0.017159,0.045000
z_0135_614.000000.png,#f0ed97,7262,5.450929,0.245292,0.045000
z_0135_614.000000.png,#fcbf79,2324,1.744417,0.078499,0.045000
z_0136_615.000000.png,#03fc5a,1574,1.181460,0.053166,0.045000
z_0136_615.000000.png,#374a29,1810,1.358604,0.061137,0.045000
z_0136_615.000000.png,#47964c,2238,1.679865,0.075594,0.045000
z_0136_615.000000.png,#6c1273,3700,2.777257,0.124977,0.045000
z_0136_615.000000.png,#75a832,6547,4.914243,0.221141,0.045000
z_0136_615.000000.png,#86a863,718,0.538938,0.024252,0.045000
z_0136_615.000000.png,#8a4334,7292,5.473447,0.246305,0.045000
z_0136_615.000000.png,#a178ad,233,0.174892,0.007870,0.045000
z_0136_615.000000.png,#a85e32,2373,1.781197,0.080154,0.045000
z_0136_615.000000.png,#b452ff,793,0.595234,0.026786,0.045000
z_0136_615.000000.png,#c9fa5f,1442,1.082379,0.048707,0.045000
z_0136_615.000000.png,#ce24d4,2585,1.940327,0.087315,0.045000
z_0136_615.000000.png,#d41515,318,0.238694,0.010741,0.045000
z_0136_615.000000.png,#ed755c,494,0.370801,0.016686,0.045000
z_0136_615.000000.png,#f0ed97,7376,5.536498,0.249142,0.045000
z_0136_615.000000.png,#fcbf79,2468,1.852505,0.083363,0.045000
z_0137_616.000000.png,#03fc5a,1743,1.308313,0.058874,0.045000
z_0137_616.000000.png,#374a29,1930,1.448677,0.065190,0.045000
z_0137_616.000000.png,#47964c,2304,1.729405,0.077823,0.045000
z_0137_616.000000.png,#6c1273,3338,2.505536,0.112749,0.045000
z_0137_616.000000.png,#75a832,6384,4.791893,0.215635,0.045000
z_0137_616.000000.png,#86a863,553,0.415087,0.018679,0.045000
z_0137_616.000000.png,#8a4334,7375,5.535748,0.249109,0.045000
z_0137_616.000000.png,#a178ad,380,0.285232,0.012835,0.045000
z_0137_616.000000.png,#a85e32,2706,2.031150,0.091402,0.045000
z_0137_616.000000.png,#b452ff,926,0.695065,0.031278,0.045000
z_0137_616.000000.png,#c9fa5f,2139,1.605555,0.072250,0.045000
z_0137_616.000000.png,#ce24d4,2363,1.773691,0.079816,0.045000
z_0137_616.000000.png,#d41515,314,0.235691,0.010606,0.045000
z_0137_616.000000.png,#ed755c,357,0.267968,0.012059,0.045000
z_0137_616.000000.png,#f0ed97,7139,5.358604,0.241137,0.045000
z_0137_616.000000.png,#fcbf79,2482,1.863014,0.083836,0.045000
z_0138_617.000000.png,#03fc5a,1986,1.490711,0.067082,0.045000
z_0138_617.000000.png,#374a29,2133,1.601051,0.072047,0.045000
z_0138_617.000000.png,#47964c,2364,1.774442,0.079850,0.045000
z_0138_617.000000.png,#6c1273,2863,2.148996,0.096705,0.045000
z_0138_617.000000.png,#75a832,6234,4.679302,0.210569,0.045000
z_0138_617.000000.png,#86a863,428,0.321261,0.014457,0.045000
z_0138_617.000000.png,#8a4334,7368,5.530494,0.248872,0.045000
z_0138_617.000000.png,#a85e32,2838,2.130231,0.095860,0.045000
z_0138_617.000000.png,#b452ff,1202,0.902233,0.040600,0.045000
z_0138_617.000000.png,#c9fa5f,2169,1.628073,0.073263,0.045000
z_0138_617.000000.png,#ce24d4,2248,1.687371,0.075932,0.045000
z_0138_617.000000.png,#d41515,298,0.223682,0.010066,0.045000
z_0138_617.000000.png,#ed755c,274,0.205667,0.009255,0.045000
z_0138_617.000000.png,#f0ed97,6871,5.157440,0.232085,0.045000
z_0138_617.000000.png,#fcbf79,2465,1.850253,0.083261,0.045000
z_0139_618.000000.png,#03fc5a,1966,1.475699,0.066406,0.045000
z_0139_618.000000.png,#374a29,2112,1.585288,0.071338,0.045000
z_0139_618.000000.png,#47964c,2357,1.769187,0.079613,0.045000
z_0139_618.000000.png,#6c1273,2858,2.145243,0.096536,0.045000
z_0139_618.000000.png,#75a832,6215,4.665040,0.209927,0.045000
z_0139_618.000000.png,#86a863,427,0.320510,0.014423,0.045000
z_0139_618.000000.png,#8a4334,7393,5.549259,0.249717,0.045000
z_0139_618.000000.png,#a85e32,2851,2.139989,0.096299,0.045000
z_0139_618.000000.png,#b452ff,1189,0.892475,0.040161,0.045000
z_0139_618.000000.png,#c9fa5f,2164,1.624320,0.073094,0.045000
z_0139_618.000000.png,#ce24d4,2252,1.690373,0.076067,0.045000
z_0139_618.000000.png,#d41515,301,0.225934,0.010167,0.045000
z_0139_618.000000.png,#ed755c,275,0.206418,0.009289,0.045000
z_0139_618.000000.png,#f0ed97,6876,5.161193,0.232254,0.045000
z_0139_618.000000.png,#fcbf79,2458,1.844999,0.083025,0.045000
z_0140_619.000000.png,#03fc5a,2549,1.913305,0.086099,0.045000
z_0140_619.000000.png,#374a29,2434,1.826984,0.082214,0.045000
z_0140_619.000000.png,#47964c,2432,1.825483,0.082147,0.045000
z_0140_619.000000.png,#6c1273,2000,1.501220,0.067555,0.045000
z_0140_619.000000.png,#75a832,5360,4.023269,0.181047,0.045000
z_0140_619.000000.png,#86a863,379,0.284481,0.012802,0.045000
z_0140_619.000000.png,#8a4334,7489,5.621317,0.252959,0.045000
z_0140_619.000000.png,#a85e32,2216,1.663351,0.074851,0.045000
z_0140_619.000000.png,#b452ff,1470,1.103397,0.049653,0.045000
z_0140_619.000000.png,#c9fa5f,2348,1.762432,0.079309,0.045000
z_0140_619.000000.png,#ce24d4,1915,1.437418,0.064684,0.045000
z_0140_619.000000.png,#d41515,286,0.214674,0.009660,0.045000
z_0140_619.000000.png,#ed755c,391,0.293488,0.013207,0.045000
z_0140_619.000000.png,#f0ed97,6670,5.006568,0.225296,0.045000
z_0140_619.000000.png,#fcbf79,2579,1.935823,0.087112,0.045000
z_0141_620.000000.png,#03fc5a,2544,1.909552,0.085930,0.045000
z_0141_620.000000.png,#374a29,2434,1.826984,0.082214,0.045000
z_0141_620.000000.png,#47964c,2428,1.822481,0.082012,0.045000
z_0141_620.000000.png,#6c1273,2000,1.501220,0.067555,0.045000
z_0141_620.000000.png,#75a832,5363,4.025521,0.181148,0.045000
z_0141_620.000000.png,#86a863,374,0.280728,0.012633,0.045000
z_0141_620.000000.png,#8a4334,7499,5.628823,0.253297,0.045000
z_0141_620.000000.png,#a85e32,2223,1.668606,0.075087,0.045000
z_0141_620.000000.png,#b452ff,1468,1.101895,0.049585,0.045000
z_0141_620.000000.png,#c9fa5f,2347,1.761681,0.079276,0.045000
z_0141_620.000000.png,#ce24d4,1912,1.435166,0.064582,0.045000
z_0141_620.000000.png,#d41515,287,0.215425,0.009694,0.045000
z_0141_620.000000.png,#ed755c,383,0.287484,0.012937,0.045000
z_0141_620.000000.png,#f0ed97,6677,5.011822,0.225532,0.045000
z_0141_620.000000.png,#fcbf79,2580,1.936573,0.087146,0.045000
z_0142_621.000000.png,#03fc5a,3120,2.341903,0.105386,0.045000
z_0142_621.000000.png,#374a29,3765,2.826046,0.127172,0.045000
z_0142_621.000000.png,#47964c,3099,2.326140,0.104676,0.045000
z_0142_621.000000.png,#6c1273,582,0.436855,0.019658,0.045000
z_0142_621.000000.png,#75a832,3462,2.598611,0.116938,0.045000
z_0142_621.000000.png,#86a863,423,0.317508,0.014288,0.045000
z_0142_621.000000.png,#8a4334,7860,5.899794,0.265491,0.045000
z_0142_621.000000.png,#a178ad,1409,1.057609,0.047592,0.045000
z_0142_621.000000.png,#a85e32,2125,1.595046,0.071777,0.045000
z_0142_621.000000.png,#b452ff,1782,1.337587,0.060191,0.045000
z_0142_621.000000.png,#c9fa5f,2614,1.962094,0.088294,0.045000
z_0142_621.000000.png,#ce24d4,2053,1.541002,0.069345,0.045000
z_0142_621.000000.png,#d41515,526,0.394821,0.017767,0.045000
z_0142_621.000000.png,#f0ed97,7019,5.268531,0.237084,0.045000
z_0142_621.000000.png,#fcbf79,3622,2.718709,0.122342,0.045000
z_0143_622.000000.png,#03fc5a,3124,2.344905,0.105521,0.045000
z_0143_622.000000.png,#374a29,3766,2.826797,0.127206,0.045000
z_0143_622.000000.png,#47964c,3091,2.320135,0.104406,0.045000
z_0143_622.000000.png,#6c1273,589,0.442109,0.019895,0.045000
z_0143_622.000000.png,#75a832,3431,2.575342,0.115890,0.045000
z_0143_622.000000.png,#86a863,420,0.315256,0.014187,0.045000
z_0143_622.000000.png,#8a4334,7889,5.921561,0.266470,0.045000
z_0143_622.000000.png,#a178ad,1403,1.053106,0.047390,0.045000
z_0143_622.000000.png,#a85e32,2130,1.598799,0.071946,0.045000
z_0143_622.000000.png,#b452ff,1775,1.332333,0.059955,0.045000
z_0143_622.000000.png,#c9fa5f,2606,1.956089,0.088024,0.045000
z_0143_622.000000.png,#ce24d4,2058,1.544755,0.069514,0.045000
z_0143_622.000000.png,#d41515,528,0.396322,0.017834,0.045000
z_0143_622.000000.png,#f0ed97,7014,5.264778,0.236915,0.045000
z_0143_622.000000.png,#fcbf79,3653,2.741978,0.123389,0.045000
z_0144_623.000000.png,#03fc5a,3117,2.339651,0.105284,0.045000
z_0144_623.000000.png,#374a29,3772,2.831300,0.127409,0.045000
z_0144_623.000000.png,#47964c,3099,2.326140,0.104676,0.045000
z_0144_623.000000.png,#6c1273,583,0.437606,0.019692,0.045000
z_0144_623.000000.png,#75a832,3438,2.580597,0.116127,0.045000
z_0144_623.000000.png,#86a863,421,0.316007,0.014220,0.045000
z_0144_623.000000.png,#8a4334,7901,5.930569,0.266876,0.045000
z_0144_623.000000.png,#a178ad,1397,1.048602,0.047187,0.045000
z_0144_623.000000.png,#a85e32,2125,1.595046,0.071777,0.045000
z_0144_623.000000.png,#b452ff,1775,1.332333,0.059955,0.045000
z_0144_623.000000.png,#c9fa5f,2612,1.960593,0.088227,0.045000
z_0144_623.000000.png,#ce24d4,2060,1.546256,0.069582,0.045000
z_0144_623.000000.png,#d41515,523,0.392569,0.017666,0.045000
z_0144_623.000000.png,#f0ed97,7024,5.272284,0.237253,0.045000
z_0144_623.000000.png,#fcbf79,3653,2.741978,0.123389,0.045000
z_0145_624.000000.png,#03fc5a,3320,2.492025,0.112141,0.045000
z_0145_624.000000.png,#374a29,3956,2.969413,0.133624,0.045000
z_0145_624.000000.png,#47964c,3134,2.352411,0.105859,0.045000
z_0145_624.000000.png,#6c1273,629,0.472134,0.021246,0.045000
z_0145_624.000000.png,#75a832,3063,2.299118,0.103460,0.045000
z_0145_624.000000.png,#86a863,386,0.289735,0.013038,0.045000
z_0145_624.000000.png,#8a4334,7618,5.718146,0.257317,0.045000
z_0145_624.000000.png,#a178ad,1156,0.867705,0.039047,0.045000
z_0145_624.000000.png,#a85e32,2233,1.676112,0.075425,0.045000
z_0145_624.000000.png,#b1d415,315,0.236442,0.010640,0.045000
z_0145_624.000000.png,#b452ff,1817,1.363858,0.061374,0.045000
z_0145_624.000000.png,#c9fa5f,2962,2.223306,0.100049,0.045000
z_0145_624.000000.png,#ce24d4,2727,2.046913,0.092111,0.045000
z_0145_624.000000.png,#d41515,612,0.459373,0.020672,0.045000
z_0145_624.000000.png,#f0ed97,6915,5.190467,0.233571,0.045000
z_0145_624.000000.png,#fcbf79,4394,3.298180,0.148418,0.045000
z_0146_625.000000.png,#03fc5a,3465,2.600863,0.117039,0.045000
z_0146_625.000000.png,#374a29,4019,3.016701,0.135752,0.045000
z_0146_625.000000.png,#47964c,3334,2.502533,0.112614,0.045000
z_0146_625.000000.png,#6c1273,682,0.511916,0.023036,0.045000
z_0146_625.000000.png,#75a832,2896,2.173766,0.097819,0.045000
z_0146_625.000000.png,#86a863,365,0.273973,0.012329,0.045000
z_0146_625.000000.png,#8a4334,7154,5.369863,0.241644,0.045000
z_0146_625.000000.png,#a178ad,962,0.722087,0.032494,0.045000
z_0146_625.000000.png,#a85e32,2544,1.909552,0.085930,0.045000
z_0146_625.000000.png,#b1d415,99,0.074310,0.003344,0.045000
z_0146_625.000000.png,#b452ff,1827,1.371364,0.061711,0.045000
z_0146_625.000000.png,#c9fa5f,3359,2.521299,0.113458,0.045000
z_0146_625.000000.png,#ce24d4,3232,2.425971,0.109169,0.045000
z_0146_625.000000.png,#d41515,666,0.499906,0.022496,0.045000
z_0146_625.000000.png,#f0ed97,6836,5.131169,0.230903,0.045000
z_0146_625.000000.png,#fcbf79,4760,3.572903,0.160781,0.045000
z_0147_626.000000.png,#03fc5a,3389,2.543817,0.114472,0.045000
z_0147_626.000000.png,#374a29,3866,2.901858,0.130584,0.045000
z_0147_626.000000.png,#47964c,3556,2.669169,0.120113,0.045000
z_0147_626.000000.png,#6c1273,643,0.482642,0.021719,0.045000
z_0147_626.000000.png,#75a832,2922,2.193282,0.098698,0.045000
z_0147_626.000000.png,#86a863,343,0.257459,0.011586,0.045000
z_0147_626.000000.png,#8a4334,6557,4.921749,0.221479,0.045000
z_0147_626.000000.png,#a178ad,575,0.431601,0.019422,0.045000
z_0147_626.000000.png,#a85e32,3232,2.425971,0.109169,0.045000
z_0147_626.000000.png,#b452ff,1910,1.433665,0.064515,0.045000
z_0147_626.000000.png,#c9fa5f,3284,2.465003,0.110925,0.045000
z_0147_626.000000.png,#ce24d4,3909,2.934134,0.132036,0.045000
z_0147_626.000000.png,#d41515,816,0.612498,0.027562,0.045000
z_0147_626.000000.png,#f0ed97,6981,5.240008,0.235800,0.045000
z_0147_626.000000.png,#fcbf79,5248,3.939201,0.177264,0.045000
z_0148_627.000000.png,#03fc5a,3401,2.552824,0.114877,0.045000
z_0148_627.000000.png,#374a29,3852,2.891349,0.130111,0.045000
z_0148_627.000000.png,#47964c,3569,2.678927,0.120552,0.045000
z_0148_627.000000.png,#6c1273,641,0.481141,0.021651,0.045000
z_0148_627.000000.png,#75a832,2918,2.190280,0.098563,0.045000
z_0148_627.000000.png,#86a863,347,0.260462,0.011721,0.045000
z_0148_627.000000.png,#8a4334,6552,4.917996,0.221310,0.045000
z_0148_627.000000.png,#a178ad,574,0.430850,0.019388,0.045000
z_0148_627.000000.png,#a85e32,3230,2.424470,0.109101,0.045000
z_0148_627.000000.png,#b452ff,1912,1.435166,0.064582,0.045000
z_0148_627.000000.png,#c9fa5f,3295,2.473260,0.111297,0.045000
z_0148_627.000000.png,#ce24d4,3930,2.949897,0.132745,0.045000
z_0148_627.000000.png,#d41515,817,0.613248,0.027596,0.045000
z_0148_627.000000.png,#f0ed97,6954,5.219741,0.234888,0.045000
z_0148_627.000000.png,#fcbf79,5254,3.943704,0.177467,0.045000
z_0149_628.000000.png,#03fc5a,3270,2.454494,0.110452,0.045000
z_0149_628.000000.png,#374a29,3944,2.960405,0.133218,0.045000
z_0149_628.000000.png,#47964c,3624,2.720210,0.122409,0.045000
z_0149_628.000000.png,#6c1273,638,0.478889,0.021550,0.045000
z_0149_628.000000.png,#75a832,3310,2.484519,0.111803,0.045000
z_0149_628.000000.png,#86a863,294,0.220679,0.009931,0.045000
z_0149_628.000000.png,#8a4334,6169,4.630512,0.208373,0.045000
z_0149_628.000000.png,#a178ad,190,0.142616,0.006418,0.045000
z_0149_628.000000.png,#a85e32,3865,2.901107,0.130550,0.045000
z_0149_628.000000.png,#b452ff,1956,1.468193,0.066069,0.045000
z_0149_628.000000.png,#c9fa5f,1800,1.351098,0.060799,0.045000
z_0149_628.000000.png,#ce24d4,3884,2.915369,0.131192,0.045000
z_0149_628.000000.png,#d41515,796,0.597485,0.026887,0.045000
z_0149_628.000000.png,#f0ed97,7249,5.441171,0.244853,0.045000
z_0149_628.000000.png,#fcbf79,5425,4.072059,0.183243,0.045000
z_0150_629.000000.png,#03fc5a,3144,2.359917,0.106196,0.045000
z_0150_629.000000.png,#374a29,3967,2.977669,0.133995,0.045000
z_0150_629.000000.png,#47964c,3824,2.870332,0.129165,0.045000
z_0150_629.000000.png,#6c1273,678,0.508913,0.022901,0.045000
z_0150_629.000000.png,#75a832,3687,2.767499,0.124537,0.045000
z_0150_629.000000.png,#86a863,247,0.185401,0.008343,0.045000
z_0150_629.000000.png,#8a4334,5690,4.270970,0.192194,0.045000
z_0150_629.000000.png,#a178ad,146,0.109589,0.004932,0.045000
z_0150_629.000000.png,#a85e32,4374,3.283168,0.147743,0.045000
z_0150_629.000000.png,#b452ff,1901,1.426909,0.064211,0.045000
z_0150_629.000000.png,#c9fa5f,1358,1.019328,0.045870,0.045000
z_0150_629.000000.png,#ce24d4,3884,2.915369,0.131192,0.045000
z_0150_629.000000.png,#d41515,763,0.572715,0.025772,0.045000
z_0150_629.000000.png,#f0ed97,7364,5.527491,0.248737,0.045000
z_0150_629.000000.png,#fcbf79,5621,4.219178,0.189863,0.045000
z_0151_630.000000.png,#03fc5a,3064,2.299869,0.103494,0.045000
z_0151_630.000000.png,#374a29,3949,2.964158,0.133387,0.045000
z_0151_630.000000.png,#47964c,4116,3.089510,0.139028,0.045000
z_0151_630.000000.png,#6c1273,675,0.506662,0.022800,0.045000
z_0151_630.000000.png,#75a832,3921,2.943141,0.132441,0.045000
z_0151_630.000000.png,#86a863,214,0.160631,0.007228,0.045000
z_0151_630.000000.png,#8a4334,5157,3.870895,0.174190,0.045000
z_0151_630.000000.png,#a178ad,193,0.144868,0.006519,0.045000
z_0151_630.000000.png,#a85e32,4550,3.415275,0.153687,0.045000
z_0151_630.000000.png,#b452ff,1944,1.459186,0.065663,0.045000
z_0151_630.000000.png,#c9fa5f,1875,1.407394,0.063333,0.045000
z_0151_630.000000.png,#ce24d4,3878,2.910865,0.130989,0.045000
z_0151_630.000000.png,#d41515,760,0.570464,0.025671,0.045000
z_0151_630.000000.png,#f0ed97,7307,5.484706,0.246812,0.045000
z_0151_630.000000.png,#fcbf79,5684,4.266467,0.191991,0.045000
z_0152_631.000000.png,#03fc5a,3112,2.335898,0.105115,0.045000
z_0152_631.000000.png,#374a29,4243,3.184838,0.143318,0.045000
z_0152_631.000000.png,#47964c,4578,3.436292,0.154633,0.045000
z_0152_631.000000.png,#6c1273,731,0.548696,0.024691,0.045000
z_0152_631.000000.png,#75a832,4128,3.098518,0.139433,0.045000
z_0152_631.000000.png,#86a863,203,0.152374,0.006857,0.045000
z_0152_631.000000.png,#8a4334,4852,3.641959,0.163888,0.045000
z_0152_631.000000.png,#a178ad,183,0.137362,0.006181,0.045000
z_0152_631.000000.png,#a85e32,4499,3.376994,0.151965,0.045000
z_0152_631.000000.png,#b452ff,2183,1.638581,0.073736,0.045000
z_0152_631.000000.png,#c9fa5f,1676,1.258022,0.056611,0.045000
z_0152_631.000000.png,#ce24d4,4046,3.036968,0.136664,0.045000
z_0152_631.000000.png,#d41515,698,0.523926,0.023577,0.045000
z_0152_631.000000.png,#f0ed97,6871,5.157440,0.232085,0.045000
z_0152_631.000000.png,#fcbf79,5862,4.400075,0.198003,0.045000
z_0153_632.000000.png,#03fc5a,2982,2.238319,0.100724,0.045000
z_0153_632.000000.png,#374a29,4437,3.330456,0.149871,0.045000
z_0153_632.000000.png,#47964c,5016,3.765059,0.169428,0.045000
z_0153_632.000000.png,#6c1273,792,0.594483,0.026752,0.045000
z_0153_632.000000.png,#75a832,4147,3.112779,0.140075,0.045000
z_0153_632.000000.png,#86a863,209,0.156877,0.007059,0.045000
z_0153_632.000000.png,#8a4334,4503,3.379996,0.152100,0.045000
z_0153_632.000000.png,#a178ad,140,0.105085,0.004729,0.045000
z_0153_632.000000.png,#a85e32,4412,3.311691,0.149026,0.045000
z_0153_632.000000.png,#b452ff,2663,1.998874,0.089949,0.045000
z_0153_632.000000.png,#c9fa5f,1583,1.188215,0.053470,0.045000
z_0153_632.000000.png,#ce24d4,4107,3.082755,0.138724,0.045000
z_0153_632.000000.png,#d41515,576,0.432351,0.019456,0.045000
z_0153_632.000000.png,#f0ed97,6687,5.019328,0.225870,0.045000
z_0153_632.000000.png,#fcbf79,6166,4.628260,0.208272,0.045000
z_0154_633.000000.png,#03fc5a,3683,2.764496,0.124402,0.045000
z_0154_633.000000.png,#374a29,4670,3.505348,0.157741,0.045000
z_0154_633.000000.png,#47964c,5379,4.037530,0.181689,0.045000
z_0154_633.000000.png,#6c1273,833,0.625258,0.028137,0.045000
z_0154_633.000000.png,#75a832,3980,2.987427,0.134434,0.045000
z_0154_633.000000.png,#86a863,379,0.284481,0.012802,0.045000
z_0154_633.000000.png,#8a4334,4283,3.214862,0.144669,0.045000
z_0154_633.000000.png,#a178ad,32,0.024020,0.001081,0.045000
z_0154_633.000000.png,#a85e32,4078,3.060987,0.137744,0.045000
z_0154_633.000000.png,#b452ff,2910,2.184275,0.098292,0.045000
z_0154_633.000000.png,#c9fa5f,1547,1.161193,0.052254,0.045000
z_0154_633.000000.png,#ce24d4,4341,3.258397,0.146628,0.045000
z_0154_633.000000.png,#d41515,557,0.418090,0.018814,0.045000
z_0154_633.000000.png,#f0ed97,5855,4.394821,0.197767,0.045000
z_0154_633.000000.png,#fcbf79,6597,4.951773,0.222830,0.045000
z_0155_634.000000.png,#03fc5a,3580,2.687183,0.120923,0.045000
z_0155_634.000000.png,#374a29,4973,3.732783,0.167975,0.045000
z_0155_634.000000.png,#47964c,5671,4.256709,0.191552,0.045000
z_0155_634.000000.png,#6c1273,806,0.604992,0.027225,0.045000
z_0155_634.000000.png,#75a832,3897,2.925127,0.131631,0.045000
z_0155_634.000000.png,#86a863,438,0.328767,0.014795,0.045000
z_0155_634.000000.png,#8a4334,4159,3.121786,0.140480,0.045000
z_0155_634.000000.png,#a85e32,3700,2.777257,0.124977,0.045000
z_0155_634.000000.png,#b452ff,2865,2.150497,0.096772,0.045000
z_0155_634.000000.png,#c9fa5f,1410,1.058360,0.047626,0.045000
z_0155_634.000000.png,#ce24d4,4424,3.320698,0.149431,0.045000
z_0155_634.000000.png,#d41515,326,0.244699,0.011011,0.045000
z_0155_634.000000.png,#f0ed97,5147,3.863389,0.173853,0.045000
z_0155_634.000000.png,#fcbf79,6821,5.119910,0.230396,0.045000
z_0156_635.000000.png,#03fc5a,3525,2.645900,0.119065,0.045000
z_0156_635.000000.png,#374a29,5339,4.007506,0.180338,0.045000
z_0156_635.000000.png,#47964c,6105,4.582473,0.206211,0.045000
z_0156_635.000000.png,#6c1273,765,0.574217,0.025840,0.045000
z_0156_635.000000.png,#75a832,3955,2.968662,0.133590,0.045000
z_0156_635.000000.png,#86a863,518,0.388816,0.017497,0.045000
z_0156_635.000000.png,#8a4334,3697,2.775005,0.124875,0.045000
z_0156_635.000000.png,#a85e32,3343,2.509289,0.112918,0.045000
z_0156_635.000000.png,#b452ff,2074,1.556765,0.070054,0.045000
z_0156_635.000000.png,#c9fa5f,1182,0.887221,0.039925,0.045000
z_0156_635.000000.png,#ce24d4,4463,3.349972,0.150749,0.045000
z_0156_635.000000.png,#d41515,343,0.257459,0.011586,0.045000
z_0156_635.000000.png,#f0ed97,4670,3.505348,0.157741,0.045000
z_0156_635.000000.png,#fcbf79,6966,5.228748,0.235294,0.045000
z_0157_636.000000.png,#03fc5a,3435,2.578345,0.116026,0.045000
z_0157_636.000000.png,#374a29,5952,4.467630,0.201043,0.045000
z_0157_636.000000.png,#47964c,6859,5.148433,0.231679,0.045000
z_0157_636.000000.png,#6c1273,819,0.614749,0.027664,0.045000
z_0157_636.000000.png,#75a832,4054,3.042972,0.136934,0.045000
z_0157_636.000000.png,#86a863,711,0.533684,0.024016,0.045000
z_0157_636.000000.png,#8a4334,3295,2.473260,0.111297,0.045000
z_0157_636.000000.png,#a85e32,3013,2.261588,0.101771,0.045000
z_0157_636.000000.png,#b452ff,3043,2.284106,0.102785,0.045000
z_0157_636.000000.png,#c9fa5f,1733,1.300807,0.058536,0.045000
z_0157_636.000000.png,#ce24d4,10654,7.996998,0.359865,0.045000
z_0157_636.000000.png,#d41515,1425,1.069619,0.048133,0.045000
z_0157_636.000000.png,#f0ed97,4277,3.210358,0.144466,0.045000
z_0157_636.000000.png,#f5b942,46,0.034528,0.001554,0.045000
z_0157_636.000000.png,#fcbf79,7185,5.393132,0.242691,0.045000
z_0158_637.000000.png,#03fc5a,3326,2.496528,0.112344,0.045000
z_0158_637.000000.png,#374a29,6108,4.584725,0.206313,0.045000
z_0158_637.000000.png,#47964c,7072,5.308313,0.238874,0.045000
z_0158_637.000000.png,#6c1273,768,0.576468,0.025941,0.045000
z_0158_637.000000.png,#75a832,4184,3.140552,0.141325,0.045000
z_0158_637.000000.png,#86a863,691,0.518671,0.023340,0.045000
z_0158_637.000000.png,#8a4334,2855,2.142991,0.096435,0.045000
z_0158_637.000000.png,#a85e32,2515,1.887784,0.084950,0.045000
z_0158_637.000000.png,#b452ff,2906,2.181272,0.098157,0.045000
z_0158_637.000000.png,#c9fa5f,1356,1.017827,0.045802,0.045000
z_0158_637.000000.png,#ce24d4,10657,7.999249,0.359966,0.045000
z_0158_637.000000.png,#d41515,1279,0.960030,0.043201,0.045000
z_0158_637.000000.png,#f0ed97,4061,3.048227,0.137170,0.045000
z_0158_637.000000.png,#f5b942,59,0.044286,0.001993,0.045000
z_0158_637.000000.png,#fcbf79,7092,5.323325,0.239550,0.045000
z_0159_638.000000.png,#03fc5a,3173,2.381685,0.107176,0.045000
z_0159_638.000000.png,#374a29,5958,4.472134,0.201246,0.045000
z_0159_638.000000.png,#47964c,7328,5.500469,0.247521,0.045000
z_0159_638.000000.png,#6c1273,821,0.616251,0.027731,0.045000
z_0159_638.000000.png,#75a832,4163,3.124789,0.140616,0.045000
z_0159_638.000000.png,#86a863,955,0.716832,0.032257,0.045000
z_0159_638.000000.png,#8a4334,2646,1.986114,0.089375,0.045000
z_0159_638.000000.png,#a85e32,2250,1.688872,0.075999,0.045000
z_0159_638.000000.png,#b452ff,2625,1.970351,0.088666,0.045000
z_0159_638.000000.png,#c9fa5f,1200,0.900732,0.040533,0.045000
z_0159_638.000000.png,#ce24d4,10725,8.050291,0.362263,0.045000
z_0159_638.000000.png,#d41515,1258,0.944267,0.042492,0.045000
z_0159_638.000000.png,#f0ed97,3657,2.744980,0.123524,0.045000
z_0159_638.000000.png,#f5b942,68,0.051041,0.002297,0.045000
z_0159_638.000000.png,#fcbf79,6773,5.083881,0.228775,0.045000
z_0160_639.000000.png,#03fc5a,3101,2.327641,0.104744,0.045000
z_0160_639.000000.png,#374a29,6106,4.583224,0.206245,0.045000
z_0160_639.000000.png,#47964c,7428,5.575530,0.250899,0.045000
z_0160_639.000000.png,#6c1273,818,0.613999,0.027630,0.045000
z_0160_639.000000.png,#75a832,4098,3.075999,0.138420,0.045000
z_0160_639.000000.png,#86a863,1431,1.074123,0.048336,0.045000
z_0160_639.000000.png,#8a4334,2658,1.995121,0.089780,0.045000
z_0160_639.000000.png,#a85e32,2018,1.514731,0.068163,0.045000
z_0160_639.000000.png,#b452ff,2578,1.935072,0.087078,0.045000
z_0160_639.000000.png,#c9fa5f,1331,0.999062,0.044958,0.045000
z_0160_639.000000.png,#ce24d4,10815,8.117846,0.365303,0.045000
z_0160_639.000000.png,#d41515,1243,0.933008,0.041985,0.045000
z_0160_639.000000.png,#f0ed97,3090,2.319384,0.104372,0.045000
z_0160_639.000000.png,#f5b942,95,0.071308,0.003209,0.045000
z_0160_639.000000.png,#fcbf79,6319,4.743104,0.213440,0.045000
z_0161_640.000000.png,#03fc5a,3338,2.505536,0.112749,0.045000
z_0161_640.000000.png,#374a29,6238,4.682304,0.210704,0.045000
z_0161_640.000000.png,#47964c,7345,5.513229,0.248095,0.045000
z_0161_640.000000.png,#6c1273,894,0.671045,0.030197,0.045000
z_0161_640.000000.png,#75a832,3810,2.859824,0.128692,0.045000
z_0161_640.000000.png,#86a863,1808,1.357103,0.061070,0.045000
z_0161_640.000000.png,#8a4334,2664,1.999625,0.089983,0.045000
z_0161_640.000000.png,#a85e32,1733,1.300807,0.058536,0.045000
z_0161_640.000000.png,#b452ff,2478,1.860011,0.083701,0.045000
z_0161_640.000000.png,#c9fa5f,1519,1.140176,0.051308,0.045000
z_0161_640.000000.png,#ce24d4,10638,7.984988,0.359324,0.045000
z_0161_640.000000.png,#d41515,1279,0.960030,0.043201,0.045000
z_0161_640.000000.png,#f0ed97,2539,1.905798,0.085761,0.045000
z_0161_640.000000.png,#f5b942,152,0.114093,0.005134,0.045000
z_0161_640.000000.png,#fcbf79,5789,4.345281,0.195538,0.045000
z_0162_641.000000.png,#03fc5a,3066,2.301370,0.103562,0.045000
z_0162_641.000000.png,#374a29,6406,4.808407,0.216378,0.045000
z_0162_641.000000.png,#47964c,6934,5.204729,0.234213,0.045000
z_0162_641.000000.png,#6c1273,1005,0.754363,0.033946,0.045000
z_0162_641.000000.png,#75a832,3708,2.783261,0.125247,0.045000
z_0162_641.000000.png,#86a863,1895,1.422406,0.064008,0.045000
z_0162_641.000000.png,#8a4334,2673,2.006380,0.090287,0.045000
z_0162_641.000000.png,#a85e32,1257,0.943517,0.042458,0.045000
z_0162_641.000000.png,#b452ff,2163,1.623569,0.073061,0.045000
z_0162_641.000000.png,#c9fa5f,1655,1.242259,0.055902,0.045000
z_0162_641.000000.png,#ce24d4,10700,8.031526,0.361419,0.045000
z_0162_641.000000.png,#d41515,1221,0.916495,0.041242,0.045000
z_0162_641.000000.png,#f0ed97,1896,1.423156,0.064042,0.045000
z_0162_641.000000.png,#f5b942,194,0.145618,0.006553,0.045000
z_0162_641.000000.png,#fcbf79,5133,3.852880,0.173380,0.045000
z_0163_642.000000.png,#03fc5a,2765,2.075436,0.093395,0.045000
z_0163_642.000000.png,#374a29,6749,5.065866,0.227964,0.045000
z_0163_642.000000.png,#47964c,6376,4.785889,0.215365,0.045000
z_0163_642.000000.png,#6c1273,1263,0.948020,0.042661,0.045000
z_0163_642.000000.png,#75a832,3543,2.659411,0.119673,0.045000
z_0163_642.000000.png,#86a863,1873,1.405892,0.063265,0.045000
z_0163_642.000000.png,#8a4334,2702,2.028148,0.091267,0.045000
z_0163_642.000000.png,#a85e32,1203,0.902984,0.040634,0.045000
z_0163_642.000000.png,#b452ff,1803,1.353350,0.060901,0.045000
z_0163_642.000000.png,#c9fa5f,1638,1.229499,0.055327,0.045000
z_0163_642.000000.png,#ce24d4,10606,7.960968,0.358244,0.045000
z_0163_642.000000.png,#d41515,1244,0.933759,0.042019,0.045000
z_0163_642.000000.png,#f0ed97,1625,1.219741,0.054888,0.045000
z_0163_642.000000.png,#f5b942,242,0.181648,0.008174,0.045000
z_0163_642.000000.png,#fcbf79,4855,3.644211,0.163989,0.045000
z_0164_643.000000.png,#03fc5a,2535,1.902796,0.085626,0.045000
z_0164_643.000000.png,#374a29,6872,5.158191,0.232119,0.045000
z_0164_643.000000.png,#47964c,6091,4.571965,0.205738,0.045000
z_0164_643.000000.png,#6c1273,1432,1.074873,0.048369,0.045000
z_0164_643.000000.png,#75a832,3445,2.585851,0.116363,0.045000
z_0164_643.000000.png,#86a863,2028,1.522237,0.068501,0.045000
z_0164_643.000000.png,#8a4334,2977,2.234566,0.100555,0.045000
z_0164_643.000000.png,#a85e32,1279,0.960030,0.043201,0.045000
z_0164_643.000000.png,#b452ff,1473,1.105648,0.049754,0.045000
z_0164_643.000000.png,#c9fa5f,1566,1.175455,0.052895,0.045000
z_0164_643.000000.png,#ce24d4,10674,8.012010,0.360540,0.045000
z_0164_643.000000.png,#d41515,1178,0.884218,0.039790,0.045000
z_0164_643.000000.png,#f0ed97,1387,1.041096,0.046849,0.045000
z_0164_643.000000.png,#f5b942,290,0.217677,0.009795,0.045000
z_0164_643.000000.png,#fcbf79,4683,3.515106,0.158180,0.045000
z_0165_644.000000.png,#03fc5a,2391,1.794708,0.080762,0.045000
z_0165_644.000000.png,#374a29,7003,5.256521,0.236543,0.045000
z_0165_644.000000.png,#47964c,5888,4.419591,0.198882,0.045000
z_0165_644.000000.png,#6c1273,1562,1.172453,0.052760,0.045000
z_0165_644.000000.png,#75a832,3139,2.356164,0.106027,0.045000
z_0165_644.000000.png,#86a863,2148,1.612310,0.072554,0.045000
z_0165_644.000000.png,#8a4334,2823,2.118972,0.095354,0.045000
z_0165_644.000000.png,#a85e32,1277,0.958529,0.043134,0.045000
z_0165_644.000000.png,#b452ff,1360,1.020829,0.045937,0.045000
z_0165_644.000000.png,#c9fa5f,1536,1.152937,0.051882,0.045000
z_0165_644.000000.png,#ce24d4,10727,8.051792,0.362331,0.045000
z_0165_644.000000.png,#d41515,1160,0.870707,0.039182,0.045000
z_0165_644.000000.png,#f0ed97,1156,0.867705,0.039047,0.045000
z_0165_644.000000.png,#f5b942,361,0.270970,0.012194,0.045000
z_0165_644.000000.png,#fcbf79,4458,3.346219,0.150580,0.045000
z_0166_645.000000.png,#03fc5a,2307,1.731657,0.077925,0.045000
z_0166_645.000000.png,#374a29,7121,5.345093,0.240529,0.045000
z_0166_645.000000.png,#47964c,5672,4.257459,0.191586,0.045000
z_0166_645.000000.png,#6c1273,1736,1.303059,0.058638,0.045000
z_0166_645.000000.png,#75a832,2556,1.918559,0.086335,0.045000
z_0166_645.000000.png,#86a863,2209,1.658097,0.074614,0.045000
z_0166_645.000000.png,#8a4334,2562,1.923062,0.086538,0.045000
z_0166_645.000000.png,#a85e32,1361,1.021580,0.045971,0.045000
z_0166_645.000000.png,#b452ff,1216,0.912742,0.041073,0.045000
z_0166_645.000000.png,#c9fa5f,1479,1.110152,0.049957,0.045000
z_0166_645.000000.png,#ce24d4,10910,8.189154,0.368512,0.045000
z_0166_645.000000.png,#d41515,1126,0.845187,0.038033,0.045000
z_0166_645.000000.png,#f0ed97,751,0.563708,0.025367,0.045000
z_0166_645.000000.png,#f5b942,429,0.322012,0.014491,0.045000
z_0166_645.000000.png,#fcbf79,4191,3.145806,0.141561,0.045000
z_0167_646.000000.png,#03fc5a,2272,1.705386,0.076742,0.045000
z_0167_646.000000.png,#374a29,8158,6.123475,0.275556,0.045000
z_0167_646.000000.png,#47964c,5676,4.260462,0.191721,0.045000
z_0167_646.000000.png,#6c1273,1736,1.303059,0.058638,0.045000
z_0167_646.000000.png,#75a832,2531,1.899794,0.085491,0.045000
z_0167_646.000000.png,#86a863,2217,1.664102,0.074885,0.045000
z_0167_646.000000.png,#8a4334,2615,1.962845,0.088328,0.045000
z_0167_646.000000.png,#a85e32,1381,1.036592,0.046647,0.045000
z_0167_646.000000.png,#b452ff,1214,0.911240,0.041006,0.045000
z_0167_646.000000.png,#c9fa5f,1946,1.460687,0.065731,0.045000
z_0167_646.000000.png,#ce24d4,10946,8.216176,0.369728,0.045000
z_0167_646.000000.png,#d41515,1149,0.862451,0.038810,0.045000
z_0167_646.000000.png,#f0ed97,750,0.562957,0.025333,0.045000
z_0167_646.000000.png,#f5b942,1037,0.778382,0.035027,0.045000
z_0167_646.000000.png,#fcbf79,3065,2.300619,0.103528,0.045000
z_0168_647.000000.png,#03fc5a,2127,1.596547,0.071845,0.045000
z_0168_647.000000.png,#374a29,8130,6.102458,0.274611,0.045000
z_0168_647.000000.png,#47964c,5613,4.213173,0.189593,0.045000
z_0168_647.000000.png,#6c1273,2024,1.519234,0.068366,0.045000
z_0168_647.000000.png,#75a832,2555,1.917808,0.086301,0.045000
z_0168_647.000000.png,#86a863,2382,1.787953,0.080458,0.045000
z_0168_647.000000.png,#8a4334,2662,1.998123,0.089916,0.045000
z_0168_647.000000.png,#a85e32,1411,1.059111,0.047660,0.045000
z_0168_647.000000.png,#b452ff,1139,0.854945,0.038473,0.045000
z_0168_647.000000.png,#c9fa5f,1899,1.425408,0.064143,0.045000
z_0168_647.000000.png,#ce24d4,10838,8.135110,0.366080,0.045000
z_0168_647.000000.png,#d41515,1081,0.811409,0.036513,0.045000
z_0168_647.000000.png,#f0ed97,472,0.354288,0.015943,0.045000
z_0168_647.000000.png,#f5b942,1075,0.806906,0.036311,0.045000
z_0168_647.000000.png,#fcbf79,2785,2.090448,0.094070,0.045000
z_0169_648.000000.png,#03fc5a,1815,1.362357,0.061306,0.045000
z_0169_648.000000.png,#374a29,7490,5.622068,0.252993,0.045000
z_0169_648.000000.png,#47964c,5427,4.073560,0.183310,0.045000
z_0169_648.000000.png,#6c1273,2417,1.814224,0.081640,0.045000
z_0169_648.000000.png,#75a832,2594,1.947082,0.087619,0.045000
z_0169_648.000000.png,#86a863,2499,1.875774,0.084410,0.045000
z_0169_648.000000.png,#8a4334,2709,2.033402,0.091503,0.045000
z_0169_648.000000.png,#a85e32,1482,1.112404,0.050058,0.045000
z_0169_648.000000.png,#b452ff,981,0.736348,0.033136,0.045000
z_0169_648.000000.png,#c9fa5f,1874,1.406643,0.063299,0.045000
z_0169_648.000000.png,#ce24d4,10942,8.213173,0.369593,0.045000
z_0169_648.000000.png,#d41515,1004,0.753612,0.033913,0.045000
z_0169_648.000000.png,#f0ed97,370,0.277726,0.012498,0.045000
z_0169_648.000000.png,#f5b942,1195,0.896979,0.040364,0.045000
z_0169_648.000000.png,#fcbf79,2263,1.698630,0.076438,0.045000
z_0170_649.000000.png,#03fc5a,1579,1.185213,0.053335,0.045000
z_0170_649.000000.png,#374a29,7176,5.386376,0.242387,0.045000
z_0170_649.000000.png,#47964c,5273,3.957966,0.178108,0.045000
z_0170_649.000000.png,#6c1273,2797,2.099456,0.094476,0.045000
z_0170_649.000000.png,#75a832,2702,2.028148,0.091267,0.045000
z_0170_649.000000.png,#86a863,2688,2.017639,0.090794,0.045000
z_0170_649.000000.png,#8a4334,2837,2.129480,0.095827,0.045000
z_0170_649.000000.png,#a85e32,1543,1.158191,0.052119,0.045000
z_0170_649.000000.png,#b452ff,966,0.725089,0.032629,0.045000
z_0170_649.000000.png,#c9fa5f,1222,0.917245,0.041276,0.045000
z_0170_649.000000.png,#ce24d4,10904,8.184650,0.368309,0.045000
z_0170_649.000000.png,#d41515,997,0.748358,0.033676,0.045000
z_0170_649.000000.png,#f0ed97,310,0.232689,0.010471,0.045000
z_0170_649.000000.png,#f5b942,1237,0.928504,0.041783,0.045000
z_0170_649.000000.png,#fcbf79,1816,1.363108,0.061340,0.045000
z_0171_650.000000.png,#03fc5a,1425,1.069619,0.048133,0.045000
z_0171_650.000000.png,#374a29,7287,5.469694,0.246136,0.045000
z_0171_650.000000.png,#47964c,4815,3.614187,0.162638,0.045000
z_0171_650.000000.png,#6c1273,3155,2.368174,0.106568,0.045000
z_0171_650.000000.png,#75a832,2770,2.079189,0.093564,0.045000
z_0171_650.000000.png,#86a863,2820,2.116720,0.095252,0.045000
z_0171_650.000000.png,#8a4334,2852,2.140739,0.096333,0.045000
z_0171_650.000000.png,#a85e32,1647,1.236254,0.055631,0.045000
z_0171_650.000000.png,#b452ff,967,0.725840,0.032663,0.045000
z_0171_650.000000.png,#c9fa5f,1099,0.824920,0.037121,0.045000
z_0171_650.000000.png,#ce24d4,10622,7.972978,0.358784,0.045000
z_0171_650.000000.png,#d41515,970,0.728092,0.032764,0.045000
z_0171_650.000000.png,#f0ed97,331,0.248452,0.011180,0.045000
z_0171_650.000000.png,#f5b942,1330,0.998311,0.044924,0.045000
z_0171_650.000000.png,#fcbf79,1438,1.079377,0.048572,0.045000
z_0172_651.000000.png,#03fc5a,1201,0.901482,0.040567,0.045000
z_0172_651.000000.png,#374a29,7250,5.441922,0.244886,0.045000
z_0172_651.000000.png,#47964c,4303,3.229874,0.145344,0.045000
z_0172_651.000000.png,#6c1273,3668,2.753237,0.123896,0.045000
z_0172_651.000000.png,#75a832,2605,1.955339,0.087990,0.045000
z_0172_651.000000.png,#86a863,2910,2.184275,0.098292,0.045000
z_0172_651.000000.png,#8a4334,2885,2.165509,0.097448,0.045000
z_0172_651.000000.png,#a85e32,1677,1.258773,0.056645,0.045000
z_0172_651.000000.png,#b452ff,1020,0.765622,0.034453,0.045000
z_0172_651.000000.png,#c9fa5f,1046,0.785138,0.035331,0.045000
z_0172_651.000000.png,#ce24d4,10117,7.593920,0.341726,0.045000
z_0172_651.000000.png,#d41515,965,0.724339,0.032595,0.045000
z_0172_651.000000.png,#f0ed97,306,0.229687,0.010336,0.045000
z_0172_651.000000.png,#f5b942,1404,1.053856,0.047424,0.045000
z_0172_651.000000.png,#fcbf79,1167,0.875962,0.039418,0.045000
z_0173_652.000000.png,#03fc5a,1023,0.767874,0.034554,0.045000
z_0173_652.000000.png,#374a29,7516,5.641584,0.253871,0.045000
z_0173_652.000000.png,#47964c,3903,2.929630,0.131833,0.045000
z_0173_652.000000.png,#6c1273,3973,2.982173,0.134198,0.045000
z_0173_652.000000.png,#75a832,2449,1.838244,0.082721,0.045000
z_0173_652.000000.png,#86a863,2893,2.171514,0.097718,0.045000
z_0173_652.000000.png,#8a4334,2844,2.134734,0.096063,0.045000
z_0173_652.000000.png,#a85e32,1739,1.305311,0.058739,0.045000
z_0173_652.000000.png,#b452ff,1195,0.896979,0.040364,0.045000
z_0173_652.000000.png,#c9fa5f,932,0.699568,0.031481,0.045000
z_0173_652.000000.png,#ce24d4,9639,7.235129,0.325581,0.045000
z_0173_652.000000.png,#d41515,947,0.710828,0.031987,0.045000
z_0173_652.000000.png,#f0ed97,252,0.189154,0.008512,0.045000
z_0173_652.000000.png,#f5b942,1519,1.140176,0.051308,0.045000
z_0173_652.000000.png,#fcbf79,831,0.623757,0.028069,0.045000
z_0174_653.000000.png,#03fc5a,892,0.669544,0.030129,0.045000
z_0174_653.000000.png,#374a29,6961,5.224995,0.235125,0.045000
z_0174_653.000000.png,#47964c,3676,2.759242,0.124166,0.045000
z_0174_653.000000.png,#6c1273,3918,2.940889,0.132340,0.045000
z_0174_653.000000.png,#75a832,2230,1.673860,0.075324,0.045000
z_0174_653.000000.png,#86a863,2988,2.242822,0.100927,0.045000
z_0174_653.000000.png,#8a4334,2736,2.053669,0.092415,0.045000
z_0174_653.000000.png,#a85e32,1860,1.396134,0.062826,0.045000
z_0174_653.000000.png,#b452ff,1357,1.018578,0.045836,0.045000
z_0174_653.000000.png,#c9fa5f,810,0.607994,0.027360,0.045000
z_0174_653.000000.png,#ce24d4,9130,6.853068,0.308388,0.045000
z_0174_653.000000.png,#d41515,867,0.650779,0.029285,0.045000
z_0174_653.000000.png,#f0ed97,160,0.120098,0.005404,0.045000
z_0174_653.000000.png,#f5b942,1602,1.202477,0.054111,0.045000
z_0174_653.000000.png,#fcbf79,726,0.544943,0.024522,0.045000
z_0175_654.000000.png,#03fc5a,753,0.565209,0.025434,0.045000
z_0175_654.000000.png,#374a29,7390,5.547007,0.249615,0.045000
z_0175_654.000000.png,#47964c,3545,2.660912,0.119741,0.045000
z_0175_654.000000.png,#6c1273,3930,2.949897,0.132745,0.045000
z_0175_654.000000.png,#75a832,2115,1.587540,0.071439,0.045000
z_0175_654.000000.png,#86a863,2869,2.153500,0.096907,0.045000
z_0175_654.000000.png,#8a4334,2616,1.963595,0.088362,0.045000
z_0175_654.000000.png,#a85e32,1893,1.420904,0.063941,0.045000
z_0175_654.000000.png,#b452ff,1445,1.084631,0.048808,0.045000
z_0175_654.000000.png,#c9fa5f,679,0.509664,0.022935,0.045000
z_0175_654.000000.png,#ce24d4,8510,6.387690,0.287446,0.045000
z_0175_654.000000.png,#d41515,782,0.586977,0.026414,0.045000
z_0175_654.000000.png,#f0ed97,48,0.036029,0.001621,0.045000
z_0175_654.000000.png,#f5b942,1571,1.179208,0.053064,0.045000
z_0175_654.000000.png,#fcbf79,2169,1.628073,0.073263,0.045000
z_0176_655.000000.png,#03fc5a,654,0.490899,0.022090,0.045000
z_0176_655.000000.png,#374a29,7680,5.764684,0.259411,0.045000
z_0176_655.000000.png,#47964c,3649,2.738975,0.123254,0.045000
z_0176_655.000000.png,#6c1273,3862,2.898855,0.130448,0.045000
z_0176_655.000000.png,#75a832,2011,1.509476,0.067926,0.045000
z_0176_655.000000.png,#86a863,2841,2.132483,0.095962,0.045000
z_0176_655.000000.png,#8a4334,2456,1.843498,0.082957,0.045000
z_0176_655.000000.png,#a85e32,1928,1.447176,0.065123,0.045000
z_0176_655.000000.png,#b452ff,1591,1.194220,0.053740,0.045000
z_0176_655.000000.png,#c9fa5f,474,0.355789,0.016011,0.045000
z_0176_655.000000.png,#ce24d4,8058,6.048414,0.272179,0.045000
z_0176_655.000000.png,#d41515,747,0.560706,0.025232,0.045000
z_0176_655.000000.png,#f5b942,1563,1.173203,0.052794,0.045000
z_0176_655.000000.png,#fcbf79,2262,1.697880,0.076405,0.045000
z_0177_656.000000.png,#03fc5a,641,0.481141,0.021651,0.045000
z_0177_656.000000.png,#374a29,7876,5.911803,0.266031,0.045000
z_0177_656.000000.png,#47964c,4075,3.058735,0.137643,0.045000
z_0177_656.000000.png,#6c1273,3896,2.924376,0.131597,0.045000
z_0177_656.000000.png,#75a832,1843,1.383374,0.062252,0.045000
z_0177_656.000000.png,#86a863,2927,2.197035,0.098867,0.045000
z_0177_656.000000.png,#8a4334,2066,1.550760,0.069784,0.045000
z_0177_656.000000.png,#a85e32,2032,1.525239,0.068636,0.045000
z_0177_656.000000.png,#b452ff,1777,1.333834,0.060023,0.045000
z_0177_656.000000.png,#c9fa5f,334,0.250704,0.011282,0.045000
z_0177_656.000000.png,#ce24d4,7713,5.789454,0.260525,0.045000
z_0177_656.000000.png,#d41515,743,0.557703,0.025097,0.045000
z_0177_656.000000.png,#f5b942,1552,1.164947,0.052423,0.045000
z_0177_656.000000.png,#fcbf79,2384,1.789454,0.080525,0.045000
z_0178_657.000000.png,#03fc5a,644,0.483393,0.021753,0.045000
z_0178_657.000000.png,#374a29,7463,5.601801,0.252081,0.045000
z_0178_657.000000.png,#47964c,3979,2.986677,0.134400,0.045000
z_0178_657.000000.png,#6c1273,3747,2.812535,0.126564,0.045000
z_0178_657.000000.png,#75a832,1915,1.437418,0.064684,0.045000
z_0178_657.000000.png,#86a863,2939,2.206042,0.099272,0.045000
z_0178_657.000000.png,#8a4334,1816,1.363108,0.061340,0.045000
z_0178_657.000000.png,#a85e32,2042,1.532745,0.068974,0.045000
z_0178_657.000000.png,#b452ff,1904,1.429161,0.064312,0.045000
z_0178_657.000000.png,#c9fa5f,305,0.228936,0.010302,0.045000
z_0178_657.000000.png,#ce24d4,7390,5.547007,0.249615,0.045000
z_0178_657.000000.png,#d41515,731,0.548696,0.024691,0.045000
z_0178_657.000000.png,#f5b942,1497,1.123663,0.050565,0.045000
z_0178_657.000000.png,#fcbf79,2466,1.851004,0.083295,0.045000
z_0179_658.000000.png,#03fc5a,653,0.490148,0.022057,0.045000
z_0179_658.000000.png,#374a29,7014,5.264778,0.236915,0.045000
z_0179_658.000000.png,#47964c,3664,2.750235,0.123761,0.045000
z_0179_658.000000.png,#6c1273,3669,2.753988,0.123929,0.045000
z_0179_658.000000.png,#75a832,1839,1.380372,0.062117,0.045000
z_0179_658.000000.png,#86a863,2768,2.077688,0.093496,0.045000
z_0179_658.000000.png,#8a4334,1517,1.138675,0.051240,0.045000
z_0179_658.000000.png,#a85e32,2042,1.532745,0.068974,0.045000
z_0179_658.000000.png,#b452ff,2071,1.554513,0.069953,0.045000
z_0179_658.000000.png,#c9fa5f,280,0.210171,0.009458,0.045000
z_0179_658.000000.png,#ce24d4,7126,5.348846,0.240698,0.045000
z_0179_658.000000.png,#d41515,709,0.532182,0.023948,0.045000
z_0179_658.000000.png,#f5b942,1397,1.048602,0.047187,0.045000
z_0179_658.000000.png,#fcbf79,2410,1.808970,0.081404,0.045000
z_0180_659.000000.png,#03fc5a,613,0.460124,0.020706,0.045000
z_0180_659.000000.png,#374a29,6409,4.810659,0.216480,0.045000
z_0180_659.000000.png,#47964c,3975,2.983674,0.134265,0.045000
z_0180_659.000000.png,#6c1273,3850,2.889848,0.130043,0.045000
z_0180_659.000000.png,#75a832,1758,1.319572,0.059381,0.045000
z_0180_659.000000.png,#86a863,2570,1.929067,0.086808,0.045000
z_0180_659.000000.png,#8a4334,1233,0.925502,0.041648,0.045000
z_0180_659.000000.png,#a85e32,2057,1.544005,0.069480,0.045000
z_0180_659.000000.png,#b452ff,2298,1.724901,0.077621,0.045000
z_0180_659.000000.png,#c9fa5f,266,0.199662,0.008985,0.045000
z_0180_659.000000.png,#ce24d4,6754,5.069619,0.228133,0.045000
z_0180_659.000000.png,#d41515,661,0.496153,0.022327,0.045000
z_0180_659.000000.png,#f5b942,1207,0.905986,0.040769,0.045000
z_0180_659.000000.png,#fcbf79,2438,1.829987,0.082349,0.045000
z_0181_660.000000.png,#03fc5a,627,0.470632,0.021178,0.045000
z_0181_660.000000.png,#374a29,6176,4.635767,0.208609,0.045000
z_0181_660.000000.png,#47964c,3946,2.961907,0.133286,0.045000
z_0181_660.000000.png,#6c1273,4211,3.160818,0.142237,0.045000
z_0181_660.000000.png,#75a832,1655,1.242259,0.055902,0.045000
z_0181_660.000000.png,#86a863,2598,1.950084,0.087754,0.045000
z_0181_660.000000.png,#8a4334,949,0.712329,0.032055,0.045000
z_0181_660.000000.png,#a85e32,2036,1.528242,0.068771,0.045000
z_0181_660.000000.png,#b452ff,2458,1.844999,0.083025,0.045000
z_0181_660.000000.png,#c9fa5f,262,0.196660,0.008850,0.045000
z_0181_660.000000.png,#ce24d4,6631,4.977294,0.223978,0.045000
z_0181_660.000000.png,#d41515,671,0.503659,0.022665,0.045000
z_0181_660.000000.png,#f5b942,996,0.747607,0.033642,0.045000
z_0181_660.000000.png,#fcbf79,2384,1.789454,0.080525,0.045000
z_0182_661.000000.png,#03fc5a,698,0.523926,0.023577,0.045000
z_0182_661.000000.png,#374a29,5670,4.255958,0.191518,0.045000
z_0182_661.000000.png,#47964c,3816,2.864327,0.128895,0.045000
z_0182_661.000000.png,#6c1273,4562,3.424282,0.154093,0.045000
z_0182_661.000000.png,#75a832,1468,1.101895,0.049585,0.045000
z_0182_661.000000.png,#86a863,2545,1.910302,0.085964,0.045000
z_0182_661.000000.png,#8a4334,753,0.565209,0.025434,0.045000
z_0182_661.000000.png,#a85e32,2002,1.502721,0.067622,0.045000
z_0182_661.000000.png,#b452ff,2557,1.919309,0.086369,0.045000
z_0182_661.000000.png,#c9fa5f,315,0.236442,0.010640,0.045000
z_0182_661.000000.png,#ce24d4,6476,4.860950,0.218743,0.045000
z_0182_661.000000.png,#d41515,693,0.520173,0.023408,0.045000
z_0182_661.000000.png,#f5b942,839,0.629762,0.028339,0.045000
z_0182_661.000000.png,#fcbf79,2271,1.704635,0.076709,0.045000
z_0183_662.000000.png,#03fc5a,745,0.559204,0.025164,0.045000
z_0183_662.000000.png,#374a29,5391,4.046538,0.182094,0.045000
z_0183_662.000000.png,#47964c,3869,2.904110,0.130685,0.045000
z_0183_662.000000.png,#6c1273,4750,3.565397,0.160443,0.045000
z_0183_662.000000.png,#75a832,1406,1.055357,0.047491,0.045000
z_0183_662.000000.png,#86a863,2685,2.015388,0.090692,0.045000
z_0183_662.000000.png,#8a4334,729,0.547195,0.024624,0.045000
z_0183_662.000000.png,#a85e32,1973,1.480953,0.066643,0.045000
z_0183_662.000000.png,#b452ff,2612,1.960593,0.088227,0.045000
z_0183_662.000000.png,#c9fa5f,339,0.254457,0.011451,0.045000
z_0183_662.000000.png,#ce24d4,6109,4.585476,0.206346,0.045000
z_0183_662.000000.png,#d41515,717,0.538187,0.024218,0.045000
z_0183_662.000000.png,#f5b942,780,0.585476,0.026346,0.045000
z_0183_662.000000.png,#fcbf79,2176,1.633327,0.073500,0.045000
z_0184_663.000000.png,#03fc5a,868,0.651529,0.029319,0.045000
z_0184_663.000000.png,#374a29,5060,3.798086,0.170914,0.045000
z_0184_663.000000.png,#47964c,3695,2.773503,0.124808,0.045000
z_0184_663.000000.png,#6c1273,5068,3.804091,0.171184,0.045000
z_0184_663.000000.png,#75a832,1303,0.978045,0.044012,0.045000
z_0184_663.000000.png,#86a863,2726,2.046163,0.092077,0.045000
z_0184_663.000000.png,#8a4334,646,0.484894,0.021820,0.045000
z_0184_663.000000.png,#a85e32,1995,1.497467,0.067386,0.045000
z_0184_663.000000.png,#b452ff,497,0.373053,0.016787,0.045000
z_0184_663.000000.png,#c9fa5f,395,0.296491,0.013342,0.045000
z_0184_663.000000.png,#ce24d4,5936,4.455620,0.200503,0.045000
z_0184_663.000000.png,#d41515,756,0.567461,0.025536,0.045000
z_0184_663.000000.png,#f5b942,733,0.550197,0.024759,0.045000
z_0184_663.000000.png,#fcbf79,2064,1.549259,0.069717,0.045000
z_0185_664.000000.png,#03fc5a,1099,0.824920,0.037121,0.045000
z_0185_664.000000.png,#374a29,4838,3.631451,0.163415,0.045000
z_0185_664.000000.png,#47964c,3378,2.535560,0.114100,0.045000
z_0185_664.000000.png,#6c1273,5229,3.924939,0.176622,0.045000
z_0185_664.000000.png,#75a832,1219,0.914993,0.041175,0.045000
z_0185_664.000000.png,#86a863,2880,2.161756,0.097279,0.045000
z_0185_664.000000.png,#8a4334,683,0.512667,0.023070,0.045000
z_0185_664.000000.png,#a85e32,1917,1.438919,0.064751,0.045000
z_0185_664.000000.png,#b452ff,479,0.359542,0.016179,0.045000
z_0185_664.000000.png,#c9fa5f,444,0.333271,0.014997,0.045000
z_0185_664.000000.png,#ce24d4,5641,4.234190,0.190539,0.045000
z_0185_664.000000.png,#d41515,727,0.545693,0.024556,0.045000
z_0185_664.000000.png,#f5b942,642,0.481892,0.021685,0.045000
z_0185_664.000000.png,#fcbf79,1935,1.452430,0.065359,0.045000
z_0186_665.000000.png,#03fc5a,1332,0.999812,0.044992,0.045000
z_0186_665.000000.png,#374a29,4955,3.719272,0.167367,0.045000
z_0186_665.000000.png,#47964c,3095,2.323138,0.104541,0.045000
z_0186_665.000000.png,#6c1273,5209,3.909927,0.175947,0.045000
z_0186_665.000000.png,#75a832,1060,0.795646,0.035804,0.045000
z_0186_665.000000.png,#86a863,3206,2.406455,0.108290,0.045000
z_0186_665.000000.png,#8a4334,701,0.526178,0.023678,0.045000
z_0186_665.000000.png,#a85e32,1877,1.408895,0.063400,0.045000
z_0186_665.000000.png,#b452ff,233,0.174892,0.007870,0.045000
z_0186_665.000000.png,#c9fa5f,525,0.394070,0.017733,0.045000
z_0186_665.000000.png,#ce24d4,5292,3.972227,0.178750,0.045000
z_0186_665.000000.png,#d41515,716,0.537437,0.024185,0.045000
z_0186_665.000000.png,#f5b942,518,0.388816,0.017497,0.045000
z_0186_665.000000.png,#fcbf79,1815,1.362357,0.061306,0.045000
z_0187_666.000000.png,#03fc5a,1501,1.126665,0.050700,0.045000
z_0187_666.000000.png,#374a29,4865,3.651717,0.164327,0.045000
z_0187_666.000000.png,#47964c,2907,2.182023,0.098191,0.045000
z_0187_666.000000.png,#6c1273,5197,3.900919,0.175541,0.045000
z_0187_666.000000.png,#75a832,951,0.713830,0.032122,0.045000
z_0187_666.000000.png,#86a863,3278,2.460499,0.110722,0.045000
z_0187_666.000000.png,#8a4334,674,0.505911,0.022766,0.045000
z_0187_666.000000.png,#a85e32,1789,1.342841,0.060428,0.045000
z_0187_666.000000.png,#b452ff,195,0.146369,0.006587,0.045000
z_0187_666.000000.png,#c9fa5f,587,0.440608,0.019827,0.045000
z_0187_666.000000.png,#ce24d4,4852,3.641959,0.163888,0.045000
z_0187_666.000000.png,#d41515,696,0.522424,0.023509,0.045000
z_0187_666.000000.png,#f5b942,497,0.373053,0.016787,0.045000
z_0187_666.000000.png,#fcbf79,1671,1.254269,0.056442,0.045000
z_0188_667.000000.png,#03fc5a,1630,1.223494,0.055057,0.045000
z_0188_667.000000.png,#374a29,5064,3.801088,0.171049,0.045000
z_0188_667.000000.png,#47964c,2691,2.019891,0.090895,0.045000
z_0188_667.000000.png,#6c1273,5290,3.970726,0.178683,0.045000
z_0188_667.000000.png,#75a832,702,0.526928,0.023712,0.045000
z_0188_667.000000.png,#86a863,2565,1.925314,0.086639,0.045000
z_0188_667.000000.png,#8a4334,689,0.517170,0.023273,0.045000
z_0188_667.000000.png,#a85e32,1660,1.246012,0.056071,0.045000
z_0188_667.000000.png,#b452ff,180,0.135110,0.006080,0.045000
z_0188_667.000000.png,#c9fa5f,668,0.501407,0.022563,0.045000
z_0188_667.000000.png,#ce24d4,4632,3.476825,0.156457,0.045000
z_0188_667.000000.png,#d41515,646,0.484894,0.021820,0.045000
z_0188_667.000000.png,#f5b942,454,0.340777,0.015335,0.045000
z_0188_667.000000.png,#fcbf79,1528,1.146932,0.051612,0.045000
z_0189_668.000000.png,#03fc5a,1748,1.312066,0.059043,0.045000
z_0189_668.000000.png,#374a29,5350,4.015763,0.180709,0.045000
z_0189_668.000000.png,#47964c,2716,2.038656,0.091740,0.045000
z_0189_668.000000.png,#6c1273,5268,3.954213,0.177940,0.045000
z_0189_668.000000.png,#75a832,624,0.468381,0.021077,0.045000
z_0189_668.000000.png,#86a863,2373,1.781197,0.080154,0.045000
z_0189_668.000000.png,#8a4334,705,0.529180,0.023813,0.045000
z_0189_668.000000.png,#a85e32,1463,1.098142,0.049416,0.045000
z_0189_668.000000.png,#b452ff,173,0.129856,0.005843,0.045000
z_0189_668.000000.png,#c9fa5f,745,0.559204,0.025164,0.045000
z_0189_668.000000.png,#ce24d4,4349,3.264402,0.146898,0.045000
z_0189_668.000000.png,#d41515,633,0.475136,0.021381,0.045000
z_0189_668.000000.png,#f5b942,426,0.319760,0.014389,0.045000
z_0189_668.000000.png,#fcbf79,1446,1.085382,0.048842,0.045000
z_0190_669.000000.png,#03fc5a,1916,1.438169,0.064718,0.045000
z_0190_669.000000.png,#374a29,5402,4.054795,0.182466,0.045000
z_0190_669.000000.png,#47964c,2597,1.949334,0.087720,0.045000
z_0190_669.000000.png,#6c1273,5305,3.981985,0.179189,0.045000
z_0190_669.000000.png,#75a832,580,0.435354,0.019591,0.045000
z_0190_669.000000.png,#86a863,2201,1.652092,0.074344,0.045000
z_0190_669.000000.png,#8a4334,675,0.506662,0.022800,0.045000
z_0190_669.000000.png,#a85e32,1239,0.930006,0.041850,0.045000
z_0190_669.000000.png,#b452ff,153,0.114843,0.005168,0.045000
z_0190_669.000000.png,#c9fa5f,848,0.636517,0.028643,0.045000
z_0190_669.000000.png,#ce24d4,4166,3.127041,0.140717,0.045000
z_0190_669.000000.png,#d41515,678,0.508913,0.022901,0.045000
z_0190_669.000000.png,#f5b942,458,0.343779,0.015470,0.045000
z_0190_669.000000.png,#fcbf79,1389,1.042597,0.046917,0.045000
z_0191_670.000000.png,#03fc5a,2158,1.619816,0.072892,0.045000
z_0191_670.000000.png,#374a29,5450,4.090824,0.184087,0.045000
z_0191_670.000000.png,#47964c,1688,1.267029,0.057016,0.045000
z_0191_670.000000.png,#6c1273,5296,3.975230,0.178885,0.045000
z_0191_670.000000.png,#75a832,587,0.440608,0.019827,0.045000
z_0191_670.000000.png,#86a863,2275,1.707637,0.076844,0.045000
z_0191_670.000000.png,#8a4334,660,0.495403,0.022293,0.045000
z_0191_670.000000.png,#a85e32,1038,0.779133,0.035061,0.045000
z_0191_670.000000.png,#b452ff,124,0.093076,0.004188,0.045000
z_0191_670.000000.png,#c9fa5f,889,0.667292,0.030028,0.045000
z_0191_670.000000.png,#ce24d4,3733,2.802027,0.126091,0.045000
z_0191_670.000000.png,#d41515,696,0.522424,0.023509,0.045000
z_0191_670.000000.png,#f5b942,466,0.349784,0.015740,0.045000
z_0191_670.000000.png,#fcbf79,1339,1.005067,0.045228,0.045000
z_0192_671.000000.png,#03fc5a,2231,1.674611,0.075357,0.045000
z_0192_671.000000.png,#374a29,5352,4.017264,0.180777,0.045000
z_0192_671.000000.png,#47964c,1336,1.002815,0.045127,0.045000
z_0192_671.000000.png,#6c1273,5312,3.987240,0.179426,0.045000
z_0192_671.000000.png,#75a832,535,0.401576,0.018071,0.045000
z_0192_671.000000.png,#86a863,2407,1.806718,0.081302,0.045000
z_0192_671.000000.png,#8a4334,629,0.472134,0.021246,0.045000
z_0192_671.000000.png,#a85e32,813,0.610246,0.027461,0.045000
z_0192_671.000000.png,#b452ff,113,0.084819,0.003817,0.045000
z_0192_671.000000.png,#c9fa5f,932,0.699568,0.031481,0.045000
z_0192_671.000000.png,#ce24d4,3458,2.595609,0.116802,0.045000
z_0192_671.000000.png,#d41515,750,0.562957,0.025333,0.045000
z_0192_671.000000.png,#f5b942,499,0.374554,0.016855,0.045000
z_0192_671.000000.png,#fcbf79,1301,0.976543,0.043944,0.045000
z_0193_672.000000.png,#03fc5a,2231,1.674611,0.075357,0.045000
z_0193_672.000000.png,#374a29,5351,4.016513,0.180743,0.045000
z_0193_672.000000.png,#47964c,1329,0.997561,0.044890,0.045000
z_0193_672.000000.png,#6c1273,5301,3.978983,0.179054,0.045000
z_0193_672.000000.png,#75a832,526,0.394821,0.017767,0.045000
z_0193_672.000000.png,#86a863,2421,1.817226,0.081775,0.045000
z_0193_672.000000.png,#8a4334,626,0.469882,0.021145,0.045000
z_0193_672.000000.png,#a85e32,811,0.608745,0.027394,0.045000
z_0193_672.000000.png,#b452ff,114,0.085570,0.003851,0.045000
z_0193_672.000000.png,#c9fa5f,934,0.701070,0.031548,0.045000
z_0193_672.000000.png,#ce24d4,3449,2.588853,0.116498,0.045000
z_0193_672.000000.png,#d41515,753,0.565209,0.025434,0.045000
z_0193_672.000000.png,#f5b942,493,0.370051,0.016652,0.045000
z_0193_672.000000.png,#fcbf79,1301,0.976543,0.043944,0.045000
z_0194_673.000000.png,#03fc5a,2741,2.057422,0.092584,0.045000
z_0194_673.000000.png,#374a29,5871,4.406831,0.198307,0.045000
z_0194_673.000000.png,#47964c,1167,0.875962,0.039418,0.045000
z_0194_673.000000.png,#6c1273,5315,3.989491,0.179527,0.045000
z_0194_673.000000.png,#75a832,435,0.326515,0.014693,0.045000
z_0194_673.000000.png,#86a863,2309,1.733158,0.077992,0.045000
z_0194_673.000000.png,#8a4334,547,0.410584,0.018476,0.045000
z_0194_673.000000.png,#a85e32,898,0.674048,0.030332,0.045000
z_0194_673.000000.png,#b452ff,930,0.698067,0.031413,0.045000
z_0194_673.000000.png,#c9fa5f,840,0.630512,0.028373,0.045000
z_0194_673.000000.png,#ce24d4,2687,2.016889,0.090760,0.045000
z_0194_673.000000.png,#d41515,1015,0.761869,0.034284,0.045000
z_0194_673.000000.png,#f5b942,494,0.370801,0.016686,0.045000
z_0194_673.000000.png,#fcbf79,1220,0.915744,0.041208,0.045000
z_0195_674.000000.png,#03fc5a,3592,2.696191,0.121329,0.045000
z_0195_674.000000.png,#374a29,6392,4.797898,0.215905,0.045000
z_0195_674.000000.png,#47964c,835,0.626759,0.028204,0.045000
z_0195_674.000000.png,#6c1273,5112,3.837118,0.172670,0.045000
z_0195_674.000000.png,#75a832,345,0.258960,0.011653,0.045000
z_0195_674.000000.png,#86a863,1907,1.431413,0.064414,0.045000
z_0195_674.000000.png,#8a4334,395,0.296491,0.013342,0.045000
z_0195_674.000000.png,#a85e32,952,0.714581,0.032156,0.045000
z_0195_674.000000.png,#b452ff,1246,0.935260,0.042087,0.045000
z_0195_674.000000.png,#c9fa5f,759,0.569713,0.025637,0.045000
z_0195_674.000000.png,#ce24d4,1972,1.480203,0.066609,0.045000
z_0195_674.000000.png,#d41515,1211,0.908989,0.040904,0.045000
z_0195_674.000000.png,#f5b942,432,0.324263,0.014592,0.045000
z_0195_674.000000.png,#fcbf79,1115,0.836930,0.037662,0.045000
z_0196_675.000000.png,#03fc5a,3605,2.705949,0.121768,0.045000
z_0196_675.000000.png,#374a29,6405,4.807656,0.216345,0.045000
z_0196_675.000000.png,#47964c,834,0.626009,0.028170,0.045000
z_0196_675.000000.png,#6c1273,5114,3.838619,0.172738,0.045000
z_0196_675.000000.png,#75a832,344,0.258210,0.011619,0.045000
z_0196_675.000000.png,#86a863,1908,1.432164,0.064447,0.045000
z_0196_675.000000.png,#8a4334,402,0.301745,0.013579,0.045000
z_0196_675.000000.png,#a85e32,956,0.717583,0.032291,0.045000
z_0196_675.000000.png,#b452ff,1254,0.941265,0.042357,0.045000
z_0196_675.000000.png,#c9fa5f,761,0.571214,0.025705,0.045000
z_0196_675.000000.png,#ce24d4,1967,1.476450,0.066440,0.045000
z_0196_675.000000.png,#d41515,1212,0.909739,0.040938,0.045000
z_0196_675.000000.png,#f5b942,421,0.316007,0.014220,0.045000
z_0196_675.000000.png,#fcbf79,1117,0.838431,0.037729,0.045000
z_0197_676.000000.png,#03fc5a,3707,2.782511,0.125213,0.045000
z_0197_676.000000.png,#374a29,6601,4.954776,0.222965,0.045000
z_0197_676.000000.png,#47964c,2710,2.034153,0.091537,0.045000
z_0197_676.000000.png,#6c1273,5238,3.931695,0.176926,0.045000
z_0197_676.000000.png,#75a832,334,0.250704,0.011282,0.045000
z_0197_676.000000.png,#86a863,1814,1.361606,0.061272,0.045000
z_0197_676.000000.png,#8a4334,399,0.299493,0.013477,0.045000
z_0197_676.000000.png,#a85e32,956,0.717583,0.032291,0.045000
z_0197_676.000000.png,#b452ff,949,0.712329,0.032055,0.045000
z_0197_676.000000.png,#c9fa5f,875,0.656784,0.029555,0.045000
z_0197_676.000000.png,#ce24d4,1670,1.253518,0.056408,0.045000
z_0197_676.000000.png,#d41515,1346,1.010321,0.045464,0.045000
z_0197_676.000000.png,#f5b942,364,0.273222,0.012295,0.045000
z_0197_676.000000.png,#fcbf79,1024,0.768625,0.034588,0.045000
z_0198_677.000000.png,#03fc5a,3582,2.688685,0.120991,0.045000
z_0198_677.000000.png,#374a29,6741,5.059861,0.227694,0.045000
z_0198_677.000000.png,#47964c,2504,1.879527,0.084579,0.045000
z_0198_677.000000.png,#6c1273,5267,3.953462,0.177906,0.045000
z_0198_677.000000.png,#75a832,331,0.248452,0.011180,0.045000
z_0198_677.000000.png,#86a863,1709,1.282792,0.057726,0.045000
z_0198_677.000000.png,#8a4334,414,0.310752,0.013984,0.045000
z_0198_677.000000.png,#a85e32,982,0.737099,0.033169,0.045000
z_0198_677.000000.png,#b452ff,601,0.451117,0.020300,0.045000
z_0198_677.000000.png,#c9fa5f,1044,0.783637,0.035264,0.045000
z_0198_677.000000.png,#ce24d4,1330,0.998311,0.044924,0.045000
z_0198_677.000000.png,#d41515,1535,1.152186,0.051848,0.045000
z_0198_677.000000.png,#f5b942,311,0.233440,0.010505,0.045000
z_0198_677.000000.png,#fcbf79,975,0.731845,0.032933,0.045000
z_0199_678.000000.png,#03fc5a,3098,2.325389,0.104643,0.045000
z_0199_678.000000.png,#374a29,6626,4.973541,0.223809,0.045000
z_0199_678.000000.png,#47964c,1881,1.411897,0.063535,0.045000
z_0199_678.000000.png,#6c1273,5120,3.843123,0.172941,0.045000
z_0199_678.000000.png,#75a832,306,0.229687,0.010336,0.045000
z_0199_678.000000.png,#86a863,1617,1.213736,0.054618,0.045000
z_0199_678.000000.png,#8a4334,509,0.382060,0.017193,0.045000
z_0199_678.000000.png,#a85e32,1068,0.801651,0.036074,0.045000
z_0199_678.000000.png,#b452ff,404,0.303246,0.013646,0.045000
z_0199_678.000000.png,#c9fa5f,1222,0.917245,0.041276,0.045000
z_0199_678.000000.png,#ce24d4,912,0.684556,0.030805,0.045000
z_0199_678.000000.png,#d41515,2019,1.515481,0.068197,0.045000
z_0199_678.000000.png,#f5b942,223,0.167386,0.007532,0.045000
z_0199_678.000000.png,#fcbf79,832,0.624507,0.028103,0.045000
z_0200_679.000000.png,#03fc5a,3103,2.329142,0.104811,0.045000
z_0200_679.000000.png,#374a29,6622,4.970539,0.223674,0.045000
z_0200_679.000000.png,#47964c,1884,1.414149,0.063637,0.045000
z_0200_679.000000.png,#6c1273,5123,3.845374,0.173042,0.045000
z_0200_679.000000.png,#75a832,308,0.231188,0.010403,0.045000
z_0200_679.000000.png,#86a863,1635,1.227247,0.055226,0.045000
z_0200_679.000000.png,#8a4334,521,0.391068,0.017598,0.045000
z_0200_679.000000.png,#a85e32,1071,0.803903,0.036176,0.045000
z_0200_679.000000.png,#b452ff,409,0.306999,0.013815,0.045000
z_0200_679.000000.png,#c9fa5f,1215,0.911991,0.041040,0.045000
z_0200_679.000000.png,#ce24d4,919,0.689810,0.031041,0.045000
z_0200_679.000000.png,#d41515,2009,1.507975,0.067859,0.045000
z_0200_679.000000.png,#f5b942,221,0.165885,0.007465,0.045000
z_0200_679.000000.png,#fcbf79,832,0.624507,0.028103,0.045000
z_0201_680.000000.png,#03fc5a,2911,2.185025,0.098326,0.045000
z_0201_680.000000.png,#374a29,6657,4.996810,0.224856,0.045000
z_0201_680.000000.png,#47964c,1766,1.325577,0.059651,0.045000
z_0201_680.000000.png,#6c1273,5162,3.874648,0.174359,0.045000
z_0201_680.000000.png,#75a832,278,0.208670,0.009390,0.045000
z_0201_680.000000.png,#86a863,1521,1.141678,0.051375,0.045000
z_0201_680.000000.png,#8a4334,546,0.409833,0.018442,0.045000
z_0201_680.000000.png,#a85e32,1085,0.814412,0.036649,0.045000
z_0201_680.000000.png,#b452ff,400,0.300244,0.013511,0.045000
z_0201_680.000000.png,#c9fa5f,1290,0.968287,0.043573,0.045000
z_0201_680.000000.png,#ce24d4,746,0.559955,0.025198,0.045000
z_0201_680.000000.png,#d41515,2591,1.944830,0.087517,0.045000
z_0201_680.000000.png,#f5b942,236,0.177144,0.007971,0.045000
z_0201_680.000000.png,#fcbf79,771,0.578720,0.026042,0.045000
z_0202_681.000000.png,#03fc5a,2752,2.065678,0.092956,0.045000
z_0202_681.000000.png,#374a29,6610,4.961531,0.223269,0.045000
z_0202_681.000000.png,#47964c,1827,1.371364,0.061711,0.045000
z_0202_681.000000.png,#6c1273,5249,3.939951,0.177298,0.045000
z_0202_681.000000.png,#75a832,276,0.207168,0.009323,0.045000
z_0202_681.000000.png,#86a863,1552,1.164947,0.052423,0.045000
z_0202_681.000000.png,#8a4334,550,0.412835,0.018578,0.045000
z_0202_681.000000.png,#a85e32,1095,0.821918,0.036986,0.045000
z_0202_681.000000.png,#b452ff,381,0.285982,0.012869,0.045000
z_0202_681.000000.png,#c9fa5f,1325,0.994558,0.044755,0.045000
z_0202_681.000000.png,#ce24d4,765,0.574217,0.025840,0.045000
z_0202_681.000000.png,#d41515,3398,2.550572,0.114776,0.045000
z_0202_681.000000.png,#f5b942,246,0.184650,0.008309,0.045000
z_0202_681.000000.png,#fcbf79,735,0.551698,0.024826,0.045000
z_0203_682.000000.png,#03fc5a,2515,1.887784,0.084950,0.045000
z_0203_682.000000.png,#374a29,6429,4.825671,0.217155,0.045000
z_0203_682.000000.png,#47964c,1973,1.480953,0.066643,0.045000
z_0203_682.000000.png,#6c1273,5012,3.762057,0.169293,0.045000
z_0203_682.000000.png,#75a832,266,0.199662,0.008985,0.045000
z_0203_682.000000.png,#86a863,1464,1.098893,0.049450,0.045000
z_0203_682.000000.png,#8a4334,512,0.384312,0.017294,0.045000
z_0203_682.000000.png,#a85e32,1076,0.807656,0.036345,0.045000
z_0203_682.000000.png,#b452ff,363,0.272471,0.012261,0.045000
z_0203_682.000000.png,#c9fa5f,1433,1.075624,0.048403,0.045000
z_0203_682.000000.png,#ce24d4,809,0.607243,0.027326,0.045000
z_0203_682.000000.png,#d41515,4083,3.064740,0.137913,0.045000
z_0203_682.000000.png,#f5b942,268,0.201163,0.009052,0.045000
z_0203_682.000000.png,#fcbf79,673,0.505160,0.022732,0.045000
z_0204_683.000000.png,#03fc5a,2518,1.890036,0.085052,0.045000
z_0204_683.000000.png,#374a29,6396,4.800901,0.216041,0.045000
z_0204_683.000000.png,#47964c,1956,1.468193,0.066069,0.045000
z_0204_683.000000.png,#6c1273,4988,3.744042,0.168482,0.045000
z_0204_683.000000.png,#75a832,268,0.201163,0.009052,0.045000
z_0204_683.000000.png,#86a863,1473,1.105648,0.049754,0.045000
z_0204_683.000000.png,#8a4334,510,0.382811,0.017226,0.045000
z_0204_683.000000.png,#a85e32,1084,0.813661,0.036615,0.045000
z_0204_683.000000.png,#b452ff,365,0.273973,0.012329,0.045000
z_0204_683.000000.png,#c9fa5f,1415,1.062113,0.047795,0.045000
z_0204_683.000000.png,#ce24d4,823,0.617752,0.027799,0.045000
z_0204_683.000000.png,#d41515,4080,3.062488,0.137812,0.045000
z_0204_683.000000.png,#f5b942,271,0.203415,0.009154,0.045000
z_0204_683.000000.png,#fcbf79,681,0.511165,0.023002,0.045000
z_0205_684.000000.png,#03fc5a,1990,1.493714,0.067217,0.045000
z_0205_684.000000.png,#374a29,6343,4.761118,0.214250,0.045000
z_0205_684.000000.png,#47964c,1836,1.378120,0.062015,0.045000
z_0205_684.000000.png,#6c1273,4320,3.242635,0.145919,0.045000
z_0205_684.000000.png,#75a832,286,0.214674,0.009660,0.045000
z_0205_684.000000.png,#86a863,1445,1.084631,0.048808,0.045000
z_0205_684.000000.png,#8a4334,495,0.371552,0.016720,0.045000
z_0205_684.000000.png,#a85e32,1054,0.791143,0.035601,0.045000
z_0205_684.000000.png,#b452ff,338,0.253706,0.011417,0.045000
z_0205_684.000000.png,#c9fa5f,1644,1.234003,0.055530,0.045000
z_0205_684.000000.png,#ce24d4,953,0.715331,0.032190,0.045000
z_0205_684.000000.png,#d41515,4808,3.608932,0.162402,0.045000
z_0205_684.000000.png,#f5b942,330,0.247701,0.011147,0.045000
z_0205_684.000000.png,#fcbf79,680,0.510415,0.022969,0.045000
z_0206_685.000000.png,#03fc5a,1796,1.348095,0.060664,0.045000
z_0206_685.000000.png,#374a29,5863,4.400826,0.198037,0.045000
z_0206_685.000000.png,#47964c,1837,1.378870,0.062049,0.045000
z_0206_685.000000.png,#6c1273,4097,3.075249,0.138386,0.045000
z_0206_685.000000.png,#75a832,306,0.229687,0.010336,0.045000
z_0206_685.000000.png,#86a863,1178,0.884218,0.039790,0.045000
z_0206_685.000000.png,#8a4334,493,0.370051,0.016652,0.045000
z_0206_685.000000.png,#a85e32,1057,0.793395,0.035703,0.045000
z_0206_685.000000.png,#b452ff,343,0.257459,0.011586,0.045000
z_0206_685.000000.png,#c9fa5f,1724,1.294051,0.058232,0.045000
z_0206_685.000000.png,#ce24d4,939,0.704823,0.031717,0.045000
z_0206_685.000000.png,#d41515,5170,3.880653,0.174629,0.045000
z_0206_685.000000.png,#f5b942,354,0.265716,0.011957,0.045000
z_0206_685.000000.png,#fcbf79,646,0.484894,0.021820,0.045000
z_0207_686.000000.png,#03fc5a,1797,1.348846,0.060698,0.045000
z_0207_686.000000.png,#374a29,5873,4.408332,0.198375,0.045000
z_0207_686.000000.png,#47964c,1847,1.386376,0.062387,0.045000
z_0207_686.000000.png,#6c1273,4089,3.069244,0.138116,0.045000
z_0207_686.000000.png,#75a832,304,0.228185,0.010268,0.045000
z_0207_686.000000.png,#86a863,1166,0.875211,0.039384,0.045000
z_0207_686.000000.png,#8a4334,493,0.370051,0.016652,0.045000
z_0207_686.000000.png,#a85e32,1068,0.801651,0.036074,0.045000
z_0207_686.000000.png,#b452ff,346,0.259711,0.011687,0.045000
z_0207_686.000000.png,#c9fa5f,1730,1.298555,0.058435,0.045000
z_0207_686.000000.png,#ce24d4,941,0.706324,0.031785,0.045000
z_0207_686.000000.png,#d41515,5168,3.879152,0.174562,0.045000
z_0207_686.000000.png,#f5b942,349,0.261963,0.011788,0.045000
z_0207_686.000000.png,#fcbf79,645,0.484143,0.021786,0.045000
z_0208_687.000000.png,#03fc5a,1739,1.305311,0.058739,0.045000
z_0208_687.000000.png,#374a29,5292,3.972227,0.178750,0.045000
z_0208_687.000000.png,#47964c,2055,1.542503,0.069413,0.045000
z_0208_687.000000.png,#6c1273,4108,3.083505,0.138758,0.045000
z_0208_687.000000.png,#75a832,297,0.222931,0.010032,0.045000
z_0208_687.000000.png,#86a863,1015,0.761869,0.034284,0.045000
z_0208_687.000000.png,#8a4334,488,0.366298,0.016483,0.045000
z_0208_687.000000.png,#a85e32,1077,0.808407,0.036378,0.045000
z_0208_687.000000.png,#b452ff,361,0.270970,0.012194,0.045000
z_0208_687.000000.png,#c9fa5f,1696,1.273034,0.057287,0.045000
z_0208_687.000000.png,#ce24d4,990,0.743104,0.033440,0.045000
z_0208_687.000000.png,#d41515,5333,4.003002,0.180135,0.045000
z_0208_687.000000.png,#f5b942,392,0.294239,0.013241,0.045000
z_0208_687.000000.png,#fcbf79,621,0.466129,0.020976,0.045000
z_0209_688.000000.png,#03fc5a,1734,1.301558,0.058570,0.045000
z_0209_688.000000.png,#374a29,5277,3.960968,0.178244,0.045000
z_0209_688.000000.png,#47964c,2113,1.586039,0.071372,0.045000
z_0209_688.000000.png,#6c1273,4099,3.076750,0.138454,0.045000
z_0209_688.000000.png,#75a832,297,0.222931,0.010032,0.045000
z_0209_688.000000.png,#86a863,1012,0.759617,0.034183,0.045000
z_0209_688.000000.png,#8a4334,488,0.366298,0.016483,0.045000
z_0209_688.000000.png,#a85e32,1078,0.809157,0.036412,0.045000
z_0209_688.000000.png,#b452ff,360,0.270220,0.012160,0.045000
z_0209_688.000000.png,#c9fa5f,1693,1.270783,0.057185,0.045000
z_0209_688.000000.png,#ce24d4,987,0.740852,0.033338,0.045000
z_0209_688.000000.png,#d41515,5335,4.004504,0.180203,0.045000
z_0209_688.000000.png,#f5b942,389,0.291987,0.013139,0.045000
z_0209_688.000000.png,#fcbf79,622,0.466879,0.021010,0.045000
z_0210_689.000000.png,#03fc5a,1367,1.026084,0.046174,0.045000
z_0210_689.000000.png,#374a29,4160,3.122537,0.140514,0.045000
z_0210_689.000000.png,#47964c,2171,1.629574,0.073331,0.045000
z_0210_689.000000.png,#6c1273,4197,3.150310,0.141764,0.045000
z_0210_689.000000.png,#75a832,288,0.216176,0.009728,0.045000
z_0210_689.000000.png,#86a863,605,0.454119,0.020435,0.045000
z_0210_689.000000.png,#8a4334,490,0.367799,0.016551,0.045000
z_0210_689.000000.png,#a85e32,1089,0.817414,0.036784,0.045000
z_0210_689.000000.png,#b452ff,399,0.299493,0.013477,0.045000
z_0210_689.000000.png,#c9fa5f,1298,0.974292,0.043843,0.045000
z_0210_689.000000.png,#ce24d4,1060,0.795646,0.035804,0.045000
z_0210_689.000000.png,#d41515,5041,3.783824,0.170272,0.045000
z_0210_689.000000.png,#f5b942,413,0.310002,0.013950,0.045000
z_0210_689.000000.png,#fcbf79,485,0.364046,0.016382,0.045000
z_0211_690.000000.png,#03fc5a,1361,1.021580,0.045971,0.045000
z_0211_690.000000.png,#374a29,4175,3.133796,0.141021,0.045000
z_0211_690.000000.png,#47964c,2173,1.631075,0.073398,0.045000
z_0211_690.000000.png,#6c1273,4213,3.162319,0.142304,0.045000
z_0211_690.000000.png,#75a832,288,0.216176,0.009728,0.045000
z_0211_690.000000.png,#86a863,614,0.460874,0.020739,0.045000
z_0211_690.000000.png,#8a4334,494,0.370801,0.016686,0.045000
z_0211_690.000000.png,#a85e32,1088,0.816664,0.036750,0.045000
z_0211_690.000000.png,#b452ff,401,0.300995,0.013545,0.045000
z_0211_690.000000.png,#c9fa5f,1306,0.980296,0.044113,0.045000
z_0211_690.000000.png,#ce24d4,1055,0.791893,0.035635,0.045000
z_0211_690.000000.png,#d41515,5036,3.780071,0.170103,0.045000
z_0211_690.000000.png,#f5b942,407,0.305498,0.013747,0.045000
z_0211_690.000000.png,#fcbf79,487,0.365547,0.016450,0.045000
